target_day;spot_key;model_key;valid_at;wind_speed_10m_kn;wind_gusts_10m_kn;wind_direction_10m_deg;temperature_2m_c;precipitation_mm;cloud_cover_pct;cloud_cover_low_pct;cloud_cover_mid_pct;cloud_cover_high_pct;cloud_cover_max_pct;grid_latitude;grid_longitude;grid_elevation_m;collecte_run_id;collecte_fetched_at;collecte_commit
2026-09-28;cap_des_seselets;AROMEHD;2026-09-28T01:00;2.1;4.3;131.0;19.5;0.0;;0.0;0.0;99.0;99.0;45.66;5.879999;0.0;2026-09-27T19:15:00+02:00;2026-09-27T22:18:35+02:00;273fa5b1365f
2026-09-28;cap_des_seselets;AROMEHD;2026-09-28T02:00;1.7;2.1;90.0;19.0;0.0;;0.0;0.0;3.0;3.0;45.66;5.879999;0.0;2026-09-27T19:15:00+02:00;2026-09-27T22:18:35+02:00;273fa5b1365f
2026-09-28;cap_des_seselets;AROMEHD;2026-09-28T03:00;1.4;2.5;82.0;19.4;0.0;;0.0;0.0;100.0;100.0;45.66;5.879999;0.0;2026-09-27T19:15:00+02:00;2026-09-27T22:18:35+02:00;273fa5b1365f
2026-09-28;cap_des_seselets;AROMEHD;2026-09-28T04:00;1.6;2.1;97.0;19.3;0.0;;0.0;0.0;42.0;42.0;45.66;5.879999;0.0;2026-09-27T19:15:00+02:00;2026-09-27T22:18:35+02:00;273fa5b1365f
2026-09-28;cap_des_seselets;AROMEHD;2026-09-28T05:00;2.3;2.5;138.0;17.8;0.0;;0.0;0.0;23.0;23.0;45.66;5.879999;0.0;2026-09-27T19:15:00+02:00;2026-09-27T22:18:35+02:00;273fa5b1365f
2026-09-28;cap_des_seselets;AROMEHD;2026-09-28T06:00;2.6;2.9;144.0;16.9;0.0;;0.0;1.0;79.0;79.0;45.66;5.879999;0.0;2026-09-27T19:15:00+02:00;2026-09-27T22:18:35+02:00;273fa5b1365f
2026-09-28;cap_des_seselets;AROMEHD;2026-09-28T07:00;2.1;2.7;139.0;16.3;0.0;;0.0;0.0;27.0;27.0;45.66;5.879999;0.0;2026-09-27T19:15:00+02:00;2026-09-27T22:18:35+02:00;273fa5b1365f
2026-09-28;cap_des_seselets;AROMEHD;2026-09-28T08:00;1.9;2.5;156.0;16.1;0.0;;0.0;0.0;31.0;31.0;45.66;5.879999;0.0;2026-09-27T19:15:00+02:00;2026-09-27T22:18:35+02:00;273fa5b1365f
2026-09-28;cap_des_seselets;AROMEHD;2026-09-28T09:00;1.3;2.3;153.0;16.2;0.0;;0.0;0.0;93.0;93.0;45.66;5.879999;0.0;2026-09-27T19:15:00+02:00;2026-09-27T22:18:35+02:00;273fa5b1365f
2026-09-28;cap_des_seselets;AROMEHD;2026-09-28T10:00;0.3;1.7;45.0;16.7;0.0;;0.0;0.0;100.0;100.0;45.66;5.879999;0.0;2026-09-27T19:15:00+02:00;2026-09-27T22:18:35+02:00;273fa5b1365f
2026-09-28;cap_des_seselets;AROMEHD;2026-09-28T11:00;1.6;1.9;346.0;17.5;0.0;;0.0;0.0;100.0;100.0;45.66;5.879999;0.0;2026-09-27T19:15:00+02:00;2026-09-27T22:18:35+02:00;273fa5b1365f
2026-09-28;cap_des_seselets;AROMEHD;2026-09-28T12:00;2.7;3.3;8.0;18.3;0.0;;0.0;0.0;100.0;100.0;45.66;5.879999;0.0;2026-09-27T19:15:00+02:00;2026-09-27T22:18:35+02:00;273fa5b1365f
2026-09-28;cap_des_seselets;AROMEHD;2026-09-28T13:00;2.6;3.3;9.0;19.1;0.0;;0.0;0.0;100.0;100.0;45.66;5.879999;0.0;2026-09-27T19:15:00+02:00;2026-09-27T22:18:35+02:00;273fa5b1365f
2026-09-28;cap_des_seselets;AROMEHD;2026-09-28T14:00;2.9;3.5;360.0;20.2;0.0;;0.0;0.0;100.0;100.0;45.66;5.879999;0.0;2026-09-27T19:15:00+02:00;2026-09-27T22:18:35+02:00;273fa5b1365f
2026-09-28;cap_des_seselets;AROMEHD;2026-09-28T15:00;3.2;4.1;14.0;21.1;0.0;;0.0;0.0;100.0;100.0;45.66;5.879999;0.0;2026-09-27T19:15:00+02:00;2026-09-27T22:18:35+02:00;273fa5b1365f
2026-09-28;cap_des_seselets;AROMEHD;2026-09-28T16:00;2.9;4.1;20.0;21.5;0.0;;0.0;0.0;100.0;100.0;45.66;5.879999;0.0;2026-09-27T19:15:00+02:00;2026-09-27T22:18:35+02:00;273fa5b1365f
2026-09-28;cap_des_seselets;AROMEHD;2026-09-28T17:00;2.7;3.7;30.0;21.9;0.0;;0.0;27.0;100.0;100.0;45.66;5.879999;0.0;2026-09-27T19:15:00+02:00;2026-09-27T22:18:35+02:00;273fa5b1365f
2026-09-28;cap_des_seselets;AROMEHD;2026-09-28T18:00;2.4;3.3;29.0;22.0;0.0;;0.0;2.0;100.0;100.0;45.66;5.879999;0.0;2026-09-27T19:15:00+02:00;2026-09-27T22:18:35+02:00;273fa5b1365f
2026-09-28;cap_des_seselets;AROMEHD;2026-09-28T19:00;1.9;2.7;37.0;22.0;0.0;;0.0;3.0;100.0;100.0;45.66;5.879999;0.0;2026-09-27T19:15:00+02:00;2026-09-27T22:18:35+02:00;273fa5b1365f
2026-09-28;cap_des_seselets;AROMEHD;2026-09-28T20:00;1.4;2.3;344.0;21.9;0.0;;0.0;97.0;100.0;100.0;45.66;5.879999;0.0;2026-09-27T19:15:00+02:00;2026-09-27T22:18:35+02:00;273fa5b1365f
2026-09-28;cap_des_seselets;AROMEHD;2026-09-28T21:00;0.7;1.4;326.0;21.3;0.0;;0.0;0.0;100.0;100.0;45.66;5.879999;0.0;2026-09-27T19:15:00+02:00;2026-09-27T22:18:35+02:00;273fa5b1365f
2026-09-28;cap_des_seselets;AROMEHD;2026-09-28T22:00;1.9;1.6;135.0;20.7;0.0;;0.0;0.0;97.0;97.0;45.66;5.879999;0.0;2026-09-27T19:15:00+02:00;2026-09-27T22:18:35+02:00;273fa5b1365f
2026-09-28;cap_des_seselets;AROMEHD;2026-09-28T23:00;2.1;2.9;124.0;20.3;0.0;;0.0;0.0;100.0;100.0;45.66;5.879999;0.0;2026-09-27T19:15:00+02:00;2026-09-27T22:18:35+02:00;273fa5b1365f
2026-09-28;cap_des_seselets;AROMEHD;2026-09-29T00:00;2.2;2.9;117.0;19.5;0.0;;0.0;0.0;100.0;100.0;45.66;5.879999;0.0;2026-09-27T19:15:00+02:00;2026-09-27T22:18:35+02:00;273fa5b1365f
2026-09-28;cap_des_seselets;ICONCH1;2026-09-28T01:00;3.0;5.1;157.0;18.7;0.0;37.0;0.0;37.0;0.0;37.0;45.66424;5.878174;0.0;2026-09-27T19:15:00+02:00;2026-09-27T22:18:35+02:00;273fa5b1365f
2026-09-28;cap_des_seselets;ICONCH1;2026-09-28T02:00;3.2;5.1;155.0;18.3;0.0;12.0;0.0;12.0;0.0;12.0;45.66424;5.878174;0.0;2026-09-27T19:15:00+02:00;2026-09-27T22:18:35+02:00;273fa5b1365f
2026-09-28;cap_des_seselets;ICONCH1;2026-09-28T03:00;3.3;4.5;163.0;17.8;0.0;78.0;0.0;8.0;72.0;78.0;45.66424;5.878174;0.0;2026-09-27T19:15:00+02:00;2026-09-27T22:18:35+02:00;273fa5b1365f
2026-09-28;cap_des_seselets;ICONCH1;2026-09-28T04:00;2.8;4.5;168.0;17.5;0.0;92.0;0.0;7.0;87.0;92.0;45.66424;5.878174;0.0;2026-09-27T19:15:00+02:00;2026-09-27T22:18:35+02:00;273fa5b1365f
2026-09-28;cap_des_seselets;ICONCH1;2026-09-28T05:00;3.3;4.3;163.0;17.1;0.0;30.0;0.0;30.0;0.0;30.0;45.66424;5.878174;0.0;2026-09-27T19:15:00+02:00;2026-09-27T22:18:35+02:00;273fa5b1365f
2026-09-28;cap_des_seselets;ICONCH1;2026-09-28T06:00;2.7;4.3;159.0;16.9;0.0;75.0;0.0;16.0;63.0;75.0;45.66424;5.878174;0.0;2026-09-27T19:15:00+02:00;2026-09-27T22:18:35+02:00;273fa5b1365f
2026-09-28;cap_des_seselets;ICONCH1;2026-09-28T07:00;2.6;3.9;153.0;16.6;0.0;74.0;0.0;5.0;70.0;74.0;45.66424;5.878174;0.0;2026-09-27T19:15:00+02:00;2026-09-27T22:18:35+02:00;273fa5b1365f
2026-09-28;cap_des_seselets;ICONCH1;2026-09-28T08:00;2.0;3.5;169.0;16.7;0.0;31.0;0.0;6.0;26.0;31.0;45.66424;5.878174;0.0;2026-09-27T19:15:00+02:00;2026-09-27T22:18:35+02:00;273fa5b1365f
2026-09-28;cap_des_seselets;ICONCH1;2026-09-28T09:00;2.0;3.1;169.0;16.8;0.0;92.0;0.0;88.0;91.0;92.0;45.66424;5.878174;0.0;2026-09-27T19:15:00+02:00;2026-09-27T22:18:35+02:00;273fa5b1365f
2026-09-28;cap_des_seselets;ICONCH1;2026-09-28T10:00;0.0;2.9;270.0;18.0;0.0;18.0;0.0;16.0;4.0;18.0;45.66424;5.878174;0.0;2026-09-27T19:15:00+02:00;2026-09-27T22:18:35+02:00;273fa5b1365f
2026-09-28;cap_des_seselets;ICONCH1;2026-09-28T11:00;2.3;3.1;340.0;19.2;0.0;95.0;0.0;11.0;89.0;95.0;45.66424;5.878174;0.0;2026-09-27T19:15:00+02:00;2026-09-27T22:18:35+02:00;273fa5b1365f
2026-09-28;cap_des_seselets;ICONCH1;2026-09-28T12:00;2.9;3.7;332.0;20.6;0.0;71.0;0.0;66.0;16.0;71.0;45.66424;5.878174;0.0;2026-09-27T19:15:00+02:00;2026-09-27T22:18:35+02:00;273fa5b1365f
2026-09-28;cap_des_seselets;ICONCH1;2026-09-28T13:00;2.8;3.9;348.0;22.0;0.0;89.0;0.0;7.0;84.0;89.0;45.66424;5.878174;0.0;2026-09-27T19:15:00+02:00;2026-09-27T22:18:35+02:00;273fa5b1365f
2026-09-28;cap_des_seselets;ICONCH1;2026-09-28T14:00;2.2;3.7;322.0;22.9;0.0;100.0;0.0;72.0;100.0;100.0;45.66424;5.878174;0.0;2026-09-27T19:15:00+02:00;2026-09-27T22:18:35+02:00;273fa5b1365f
2026-09-28;cap_des_seselets;ICONCH1;2026-09-28T15:00;1.4;3.1;326.0;23.5;0.0;98.0;0.0;73.0;91.0;98.0;45.66424;5.878174;0.0;2026-09-27T19:15:00+02:00;2026-09-27T22:18:35+02:00;273fa5b1365f
2026-09-28;cap_des_seselets;ICONCH1;2026-09-28T16:00;1.5;2.1;337.0;24.3;0.0;99.0;0.0;69.0;97.0;99.0;45.66424;5.878174;0.0;2026-09-27T19:15:00+02:00;2026-09-27T22:18:35+02:00;273fa5b1365f
2026-09-28;cap_des_seselets;ICONCH1;2026-09-28T17:00;1.4;2.7;352.0;24.8;0.0;100.0;0.0;9.0;100.0;100.0;45.66424;5.878174;0.0;2026-09-27T19:15:00+02:00;2026-09-27T22:18:35+02:00;273fa5b1365f
2026-09-28;cap_des_seselets;ICONCH1;2026-09-28T18:00;0.6;2.7;18.0;24.9;0.0;100.0;0.0;8.0;100.0;100.0;45.66424;5.878174;0.0;2026-09-27T19:15:00+02:00;2026-09-27T22:18:35+02:00;273fa5b1365f
2026-09-28;cap_des_seselets;ICONCH1;2026-09-28T19:00;0.8;1.6;166.0;24.6;0.0;100.0;0.0;55.0;100.0;100.0;45.66424;5.878174;0.0;2026-09-27T19:15:00+02:00;2026-09-27T22:18:35+02:00;273fa5b1365f
2026-09-28;cap_des_seselets;ICONCH1;2026-09-28T20:00;2.7;5.4;111.0;22.2;0.0;100.0;0.0;74.0;100.0;100.0;45.66424;5.878174;0.0;2026-09-27T19:15:00+02:00;2026-09-27T22:18:35+02:00;273fa5b1365f
2026-09-28;cap_des_seselets;ICONCH1;2026-09-28T21:00;3.2;4.5;142.0;21.4;0.0;100.0;0.0;41.0;100.0;100.0;45.66424;5.878174;0.0;2026-09-27T19:15:00+02:00;2026-09-27T22:18:35+02:00;273fa5b1365f
2026-09-28;cap_des_seselets;ICONCH1;2026-09-28T22:00;3.0;4.7;122.0;20.8;0.0;100.0;0.0;70.0;100.0;100.0;45.66424;5.878174;0.0;2026-09-27T19:15:00+02:00;2026-09-27T22:18:35+02:00;273fa5b1365f
2026-09-28;cap_des_seselets;ICONCH1;2026-09-28T23:00;3.6;5.1;119.0;20.1;0.0;100.0;0.0;0.0;100.0;100.0;45.66424;5.878174;0.0;2026-09-27T19:15:00+02:00;2026-09-27T22:18:35+02:00;273fa5b1365f
2026-09-28;excenevex;AROMEHD;2026-09-28T01:00;2.0;2.9;186.0;16.2;0.0;;0.0;0.0;1.0;1.0;46.35;6.369999;0.0;2026-09-27T19:15:00+02:00;2026-09-27T22:18:35+02:00;273fa5b1365f
2026-09-28;excenevex;AROMEHD;2026-09-28T02:00;2.0;2.7;163.0;16.2;0.0;;0.0;0.0;88.0;88.0;46.35;6.369999;0.0;2026-09-27T19:15:00+02:00;2026-09-27T22:18:35+02:00;273fa5b1365f
2026-09-28;excenevex;AROMEHD;2026-09-28T03:00;2.9;2.9;176.0;15.2;0.0;;0.0;4.0;26.0;26.0;46.35;6.369999;0.0;2026-09-27T19:15:00+02:00;2026-09-27T22:18:35+02:00;273fa5b1365f
2026-09-28;excenevex;AROMEHD;2026-09-28T04:00;2.9;3.1;208.0;15.2;0.0;;0.0;5.0;100.0;100.0;46.35;6.369999;0.0;2026-09-27T19:15:00+02:00;2026-09-27T22:18:35+02:00;273fa5b1365f
2026-09-28;excenevex;AROMEHD;2026-09-28T05:00;2.5;2.9;198.0;15.0;0.0;;0.0;3.0;100.0;100.0;46.35;6.369999;0.0;2026-09-27T19:15:00+02:00;2026-09-27T22:18:35+02:00;273fa5b1365f
2026-09-28;excenevex;AROMEHD;2026-09-28T06:00;2.3;2.5;175.0;14.7;0.0;;0.0;9.0;100.0;100.0;46.35;6.369999;0.0;2026-09-27T19:15:00+02:00;2026-09-27T22:18:35+02:00;273fa5b1365f
2026-09-28;excenevex;AROMEHD;2026-09-28T07:00;2.4;2.5;166.0;14.6;0.0;;0.0;3.0;87.0;87.0;46.35;6.369999;0.0;2026-09-27T19:15:00+02:00;2026-09-27T22:18:35+02:00;273fa5b1365f
2026-09-28;excenevex;AROMEHD;2026-09-28T08:00;2.0;2.3;174.0;14.3;0.0;;0.0;0.0;42.0;42.0;46.35;6.369999;0.0;2026-09-27T19:15:00+02:00;2026-09-27T22:18:35+02:00;273fa5b1365f
2026-09-28;excenevex;AROMEHD;2026-09-28T09:00;1.6;2.1;210.0;14.6;0.0;;0.0;0.0;33.0;33.0;46.35;6.369999;0.0;2026-09-27T19:15:00+02:00;2026-09-27T22:18:35+02:00;273fa5b1365f
2026-09-28;excenevex;AROMEHD;2026-09-28T10:00;1.1;1.9;211.0;16.8;0.0;;0.0;0.0;82.0;82.0;46.35;6.369999;0.0;2026-09-27T19:15:00+02:00;2026-09-27T22:18:35+02:00;273fa5b1365f
2026-09-28;excenevex;AROMEHD;2026-09-28T11:00;0.9;1.2;63.0;18.2;0.0;;0.0;0.0;100.0;100.0;46.35;6.369999;0.0;2026-09-27T19:15:00+02:00;2026-09-27T22:18:35+02:00;273fa5b1365f
2026-09-28;excenevex;AROMEHD;2026-09-28T12:00;3.4;3.5;16.0;18.7;0.0;;0.0;0.0;100.0;100.0;46.35;6.369999;0.0;2026-09-27T19:15:00+02:00;2026-09-27T22:18:35+02:00;273fa5b1365f
2026-09-28;excenevex;AROMEHD;2026-09-28T13:00;5.4;6.0;46.0;19.1;0.0;;0.0;3.0;100.0;100.0;46.35;6.369999;0.0;2026-09-27T19:15:00+02:00;2026-09-27T22:18:35+02:00;273fa5b1365f
2026-09-28;excenevex;AROMEHD;2026-09-28T14:00;5.8;6.8;40.0;19.2;0.0;;0.0;74.0;100.0;100.0;46.35;6.369999;0.0;2026-09-27T19:15:00+02:00;2026-09-27T22:18:35+02:00;273fa5b1365f
2026-09-28;excenevex;AROMEHD;2026-09-28T15:00;6.6;7.4;45.0;20.0;0.0;;0.0;0.0;100.0;100.0;46.35;6.369999;0.0;2026-09-27T19:15:00+02:00;2026-09-27T22:18:35+02:00;273fa5b1365f
2026-09-28;excenevex;AROMEHD;2026-09-28T16:00;6.5;7.6;39.0;20.9;0.0;;0.0;0.0;95.0;95.0;46.35;6.369999;0.0;2026-09-27T19:15:00+02:00;2026-09-27T22:18:35+02:00;273fa5b1365f
2026-09-28;excenevex;AROMEHD;2026-09-28T17:00;6.2;7.0;20.0;20.7;0.0;;0.0;0.0;100.0;100.0;46.35;6.369999;0.0;2026-09-27T19:15:00+02:00;2026-09-27T22:18:35+02:00;273fa5b1365f
2026-09-28;excenevex;AROMEHD;2026-09-28T18:00;3.8;7.2;45.0;20.6;0.0;;0.0;0.0;100.0;100.0;46.35;6.369999;0.0;2026-09-27T19:15:00+02:00;2026-09-27T22:18:35+02:00;273fa5b1365f
2026-09-28;excenevex;AROMEHD;2026-09-28T19:00;2.5;4.3;18.0;20.7;0.0;;0.0;0.0;100.0;100.0;46.35;6.369999;0.0;2026-09-27T19:15:00+02:00;2026-09-27T22:18:35+02:00;273fa5b1365f
2026-09-28;excenevex;AROMEHD;2026-09-28T20:00;2.1;2.7;326.0;20.7;0.0;;0.0;86.0;100.0;100.0;46.35;6.369999;0.0;2026-09-27T19:15:00+02:00;2026-09-27T22:18:35+02:00;273fa5b1365f
2026-09-28;excenevex;AROMEHD;2026-09-28T21:00;1.7;3.7;234.0;20.3;0.0;;0.0;11.0;100.0;100.0;46.35;6.369999;0.0;2026-09-27T19:15:00+02:00;2026-09-27T22:18:35+02:00;273fa5b1365f
2026-09-28;excenevex;AROMEHD;2026-09-28T22:00;1.0;3.9;217.0;18.8;0.0;;0.0;100.0;100.0;100.0;46.35;6.369999;0.0;2026-09-27T19:15:00+02:00;2026-09-27T22:18:35+02:00;273fa5b1365f
2026-09-28;excenevex;AROMEHD;2026-09-28T23:00;1.7;1.9;153.0;18.2;0.0;;0.0;0.0;100.0;100.0;46.35;6.369999;0.0;2026-09-27T19:15:00+02:00;2026-09-27T22:18:35+02:00;273fa5b1365f
2026-09-28;excenevex;AROMEHD;2026-09-29T00:00;2.3;2.5;160.0;18.8;0.0;;0.0;0.0;100.0;100.0;46.35;6.369999;0.0;2026-09-27T19:15:00+02:00;2026-09-27T22:18:35+02:00;273fa5b1365f
2026-09-28;excenevex;ICONCH1;2026-09-28T01:00;2.4;3.9;235.0;17.3;0.0;71.0;0.0;70.0;53.0;71.0;46.351723;6.3624268;0.0;2026-09-27T19:15:00+02:00;2026-09-27T22:18:35+02:00;273fa5b1365f
2026-09-28;excenevex;ICONCH1;2026-09-28T02:00;2.9;4.5;228.0;16.5;0.0;94.0;0.0;91.0;83.0;94.0;46.351723;6.3624268;0.0;2026-09-27T19:15:00+02:00;2026-09-27T22:18:35+02:00;273fa5b1365f
2026-09-28;excenevex;ICONCH1;2026-09-28T03:00;2.9;4.3;208.0;15.8;0.0;24.0;0.0;24.0;0.0;24.0;46.351723;6.3624268;0.0;2026-09-27T19:15:00+02:00;2026-09-27T22:18:35+02:00;273fa5b1365f
2026-09-28;excenevex;ICONCH1;2026-09-28T04:00;2.9;4.7;233.0;15.9;0.0;97.0;0.0;69.0;92.0;97.0;46.351723;6.3624268;0.0;2026-09-27T19:15:00+02:00;2026-09-27T22:18:35+02:00;273fa5b1365f
2026-09-28;excenevex;ICONCH1;2026-09-28T05:00;3.4;4.7;204.0;15.1;0.0;81.0;0.0;71.0;36.0;81.0;46.351723;6.3624268;0.0;2026-09-27T19:15:00+02:00;2026-09-27T22:18:35+02:00;273fa5b1365f
2026-09-28;excenevex;ICONCH1;2026-09-28T06:00;3.0;5.1;207.0;15.1;0.0;65.0;0.0;65.0;0.0;65.0;46.351723;6.3624268;0.0;2026-09-27T19:15:00+02:00;2026-09-27T22:18:35+02:00;273fa5b1365f
2026-09-28;excenevex;ICONCH1;2026-09-28T07:00;2.8;4.5;214.0;15.3;0.0;55.0;0.0;55.0;34.0;55.0;46.351723;6.3624268;0.0;2026-09-27T19:15:00+02:00;2026-09-27T22:18:35+02:00;273fa5b1365f
2026-09-28;excenevex;ICONCH1;2026-09-28T08:00;2.7;4.1;210.0;15.2;0.0;56.0;0.0;56.0;0.0;56.0;46.351723;6.3624268;0.0;2026-09-27T19:15:00+02:00;2026-09-27T22:18:35+02:00;273fa5b1365f
2026-09-28;excenevex;ICONCH1;2026-09-28T09:00;2.2;4.3;190.0;16.4;0.0;7.0;0.0;7.0;0.0;7.0;46.351723;6.3624268;0.0;2026-09-27T19:15:00+02:00;2026-09-27T22:18:35+02:00;273fa5b1365f
2026-09-28;excenevex;ICONCH1;2026-09-28T10:00;1.0;3.1;68.0;17.9;0.0;8.0;0.0;8.0;0.0;8.0;46.351723;6.3624268;0.0;2026-09-27T19:15:00+02:00;2026-09-27T22:18:35+02:00;273fa5b1365f
2026-09-28;excenevex;ICONCH1;2026-09-28T11:00;2.4;3.9;35.0;18.7;0.0;8.0;0.0;7.0;2.0;8.0;46.351723;6.3624268;0.0;2026-09-27T19:15:00+02:00;2026-09-27T22:18:35+02:00;273fa5b1365f
2026-09-28;excenevex;ICONCH1;2026-09-28T12:00;3.3;5.2;54.0;19.3;0.0;67.0;0.0;61.0;13.0;67.0;46.351723;6.3624268;0.0;2026-09-27T19:15:00+02:00;2026-09-27T22:18:35+02:00;273fa5b1365f
2026-09-28;excenevex;ICONCH1;2026-09-28T13:00;4.2;6.0;37.0;20.4;0.0;100.0;0.0;80.0;96.0;100.0;46.351723;6.3624268;0.0;2026-09-27T19:15:00+02:00;2026-09-27T22:18:35+02:00;273fa5b1365f
2026-09-28;excenevex;ICONCH1;2026-09-28T14:00;4.3;6.4;36.0;21.2;0.0;96.0;0.0;78.0;80.0;96.0;46.351723;6.3624268;0.0;2026-09-27T19:15:00+02:00;2026-09-27T22:18:35+02:00;273fa5b1365f
2026-09-28;excenevex;ICONCH1;2026-09-28T15:00;4.3;6.8;54.0;21.8;0.0;100.0;0.0;29.0;100.0;100.0;46.351723;6.3624268;0.0;2026-09-27T19:15:00+02:00;2026-09-27T22:18:35+02:00;273fa5b1365f
2026-09-28;excenevex;ICONCH1;2026-09-28T16:00;4.2;6.8;56.0;22.1;0.0;100.0;0.0;6.0;100.0;100.0;46.351723;6.3624268;0.0;2026-09-27T19:15:00+02:00;2026-09-27T22:18:35+02:00;273fa5b1365f
2026-09-28;excenevex;ICONCH1;2026-09-28T17:00;3.3;6.2;54.0;22.6;0.0;74.0;0.0;63.0;26.0;74.0;46.351723;6.3624268;0.0;2026-09-27T19:15:00+02:00;2026-09-27T22:18:35+02:00;273fa5b1365f
2026-09-28;excenevex;ICONCH1;2026-09-28T18:00;1.8;4.9;58.0;23.0;0.0;100.0;0.0;100.0;100.0;100.0;46.351723;6.3624268;0.0;2026-09-27T19:15:00+02:00;2026-09-27T22:18:35+02:00;273fa5b1365f
2026-09-28;excenevex;ICONCH1;2026-09-28T19:00;1.4;2.9;360.0;23.2;0.0;100.0;0.0;33.0;100.0;100.0;46.351723;6.3624268;0.0;2026-09-27T19:15:00+02:00;2026-09-27T22:18:35+02:00;273fa5b1365f
2026-09-28;excenevex;ICONCH1;2026-09-28T20:00;2.7;3.9;172.0;21.7;0.0;100.0;0.0;86.0;100.0;100.0;46.351723;6.3624268;0.0;2026-09-27T19:15:00+02:00;2026-09-27T22:18:35+02:00;273fa5b1365f
2026-09-28;excenevex;ICONCH1;2026-09-28T21:00;2.3;4.3;239.0;20.6;0.0;100.0;0.0;90.0;100.0;100.0;46.351723;6.3624268;0.0;2026-09-27T19:15:00+02:00;2026-09-27T22:18:35+02:00;273fa5b1365f
2026-09-28;excenevex;ICONCH1;2026-09-28T22:00;2.9;4.3;228.0;19.6;0.0;100.0;0.0;89.0;100.0;100.0;46.351723;6.3624268;0.0;2026-09-27T19:15:00+02:00;2026-09-27T22:18:35+02:00;273fa5b1365f
2026-09-28;excenevex;ICONCH1;2026-09-28T23:00;3.2;4.7;191.0;18.2;0.0;100.0;0.0;80.0;100.0;100.0;46.351723;6.3624268;0.0;2026-09-27T19:15:00+02:00;2026-09-27T22:18:35+02:00;273fa5b1365f
2026-09-28;hermance;AROMEHD;2026-09-28T01:00;4.2;5.2;202.0;19.1;0.0;;0.0;0.0;89.0;89.0;46.309998;6.24;0.0;2026-09-27T19:15:00+02:00;2026-09-27T22:18:35+02:00;273fa5b1365f
2026-09-28;hermance;AROMEHD;2026-09-28T02:00;3.7;5.1;252.0;19.5;0.0;;0.0;0.0;1.0;1.0;46.309998;6.24;0.0;2026-09-27T19:15:00+02:00;2026-09-27T22:18:35+02:00;273fa5b1365f
2026-09-28;hermance;AROMEHD;2026-09-28T03:00;5.3;6.4;262.0;19.6;0.0;;0.0;1.0;99.0;99.0;46.309998;6.24;0.0;2026-09-27T19:15:00+02:00;2026-09-27T22:18:35+02:00;273fa5b1365f
2026-09-28;hermance;AROMEHD;2026-09-28T04:00;5.4;7.0;257.0;19.4;0.0;;0.0;0.0;100.0;100.0;46.309998;6.24;0.0;2026-09-27T19:15:00+02:00;2026-09-27T22:18:35+02:00;273fa5b1365f
2026-09-28;hermance;AROMEHD;2026-09-28T05:00;3.3;6.2;220.0;18.4;0.0;;0.0;0.0;100.0;100.0;46.309998;6.24;0.0;2026-09-27T19:15:00+02:00;2026-09-27T22:18:35+02:00;273fa5b1365f
2026-09-28;hermance;AROMEHD;2026-09-28T06:00;3.1;3.9;162.0;16.3;0.0;;0.0;24.0;100.0;100.0;46.309998;6.24;0.0;2026-09-27T19:15:00+02:00;2026-09-27T22:18:35+02:00;273fa5b1365f
2026-09-28;hermance;AROMEHD;2026-09-28T07:00;4.3;4.9;162.0;16.4;0.0;;0.0;0.0;87.0;87.0;46.309998;6.24;0.0;2026-09-27T19:15:00+02:00;2026-09-27T22:18:35+02:00;273fa5b1365f
2026-09-28;hermance;AROMEHD;2026-09-28T08:00;4.8;5.4;166.0;16.1;0.0;;0.0;0.0;68.0;68.0;46.309998;6.24;0.0;2026-09-27T19:15:00+02:00;2026-09-27T22:18:35+02:00;273fa5b1365f
2026-09-28;hermance;AROMEHD;2026-09-28T09:00;4.3;5.6;162.0;16.1;0.0;;0.0;0.0;99.0;99.0;46.309998;6.24;0.0;2026-09-27T19:15:00+02:00;2026-09-27T22:18:35+02:00;273fa5b1365f
2026-09-28;hermance;AROMEHD;2026-09-28T10:00;3.0;5.1;191.0;17.6;0.0;;0.0;0.0;99.0;99.0;46.309998;6.24;0.0;2026-09-27T19:15:00+02:00;2026-09-27T22:18:35+02:00;273fa5b1365f
2026-09-28;hermance;AROMEHD;2026-09-28T11:00;2.2;3.9;225.0;18.4;0.0;;0.0;0.0;100.0;100.0;46.309998;6.24;0.0;2026-09-27T19:15:00+02:00;2026-09-27T22:18:35+02:00;273fa5b1365f
2026-09-28;hermance;AROMEHD;2026-09-28T12:00;1.6;2.3;277.0;19.4;0.0;;0.0;0.0;100.0;100.0;46.309998;6.24;0.0;2026-09-27T19:15:00+02:00;2026-09-27T22:18:35+02:00;273fa5b1365f
2026-09-28;hermance;AROMEHD;2026-09-28T13:00;2.1;2.1;41.0;21.0;0.0;;0.0;27.0;100.0;100.0;46.309998;6.24;0.0;2026-09-27T19:15:00+02:00;2026-09-27T22:18:35+02:00;273fa5b1365f
2026-09-28;hermance;AROMEHD;2026-09-28T14:00;5.0;5.8;13.0;21.3;0.0;;0.0;19.0;100.0;100.0;46.309998;6.24;0.0;2026-09-27T19:15:00+02:00;2026-09-27T22:18:35+02:00;273fa5b1365f
2026-09-28;hermance;AROMEHD;2026-09-28T15:00;8.0;9.1;18.0;21.6;0.0;;0.0;0.0;100.0;100.0;46.309998;6.24;0.0;2026-09-27T19:15:00+02:00;2026-09-27T22:18:35+02:00;273fa5b1365f
2026-09-28;hermance;AROMEHD;2026-09-28T16:00;9.3;10.9;20.0;21.9;0.0;;0.0;0.0;100.0;100.0;46.309998;6.24;0.0;2026-09-27T19:15:00+02:00;2026-09-27T22:18:35+02:00;273fa5b1365f
2026-09-28;hermance;AROMEHD;2026-09-28T17:00;8.0;10.7;18.0;22.1;0.0;;0.0;0.0;100.0;100.0;46.309998;6.24;0.0;2026-09-27T19:15:00+02:00;2026-09-27T22:18:35+02:00;273fa5b1365f
2026-09-28;hermance;AROMEHD;2026-09-28T18:00;6.6;9.5;32.0;22.1;0.0;;0.0;0.0;100.0;100.0;46.309998;6.24;0.0;2026-09-27T19:15:00+02:00;2026-09-27T22:18:35+02:00;273fa5b1365f
2026-09-28;hermance;AROMEHD;2026-09-28T19:00;5.6;8.0;14.0;21.4;0.0;;0.0;54.0;100.0;100.0;46.309998;6.24;0.0;2026-09-27T19:15:00+02:00;2026-09-27T22:18:35+02:00;273fa5b1365f
2026-09-28;hermance;AROMEHD;2026-09-28T20:00;5.7;6.8;354.0;20.9;0.0;;0.0;100.0;100.0;100.0;46.309998;6.24;0.0;2026-09-27T19:15:00+02:00;2026-09-27T22:18:35+02:00;273fa5b1365f
2026-09-28;hermance;AROMEHD;2026-09-28T21:00;1.4;6.2;16.0;20.7;0.0;;0.0;19.0;100.0;100.0;46.309998;6.24;0.0;2026-09-27T19:15:00+02:00;2026-09-27T22:18:35+02:00;273fa5b1365f
2026-09-28;hermance;AROMEHD;2026-09-28T22:00;4.3;4.7;141.0;19.4;0.0;;0.0;4.0;100.0;100.0;46.309998;6.24;0.0;2026-09-27T19:15:00+02:00;2026-09-27T22:18:35+02:00;273fa5b1365f
2026-09-28;hermance;AROMEHD;2026-09-28T23:00;2.6;5.1;222.0;20.5;0.0;;0.0;0.0;100.0;100.0;46.309998;6.24;0.0;2026-09-27T19:15:00+02:00;2026-09-27T22:18:35+02:00;273fa5b1365f
2026-09-28;hermance;AROMEHD;2026-09-29T00:00;0.7;2.9;236.0;20.5;0.0;;0.0;0.0;19.0;19.0;46.309998;6.24;0.0;2026-09-27T19:15:00+02:00;2026-09-27T22:18:35+02:00;273fa5b1365f
2026-09-28;hermance;ICONCH1;2026-09-28T01:00;2.6;4.9;153.0;17.9;0.0;70.0;0.0;12.0;61.0;70.0;46.30753;6.2349854;0.0;2026-09-27T19:15:00+02:00;2026-09-27T22:18:35+02:00;273fa5b1365f
2026-09-28;hermance;ICONCH1;2026-09-28T02:00;2.6;3.9;171.0;17.6;0.0;96.0;0.0;62.0;82.0;96.0;46.30753;6.2349854;0.0;2026-09-27T19:15:00+02:00;2026-09-27T22:18:35+02:00;273fa5b1365f
2026-09-28;hermance;ICONCH1;2026-09-28T03:00;2.8;3.9;164.0;17.1;0.0;46.0;0.0;34.0;21.0;46.0;46.30753;6.2349854;0.0;2026-09-27T19:15:00+02:00;2026-09-27T22:18:35+02:00;273fa5b1365f
2026-09-28;hermance;ICONCH1;2026-09-28T04:00;3.1;4.5;173.0;16.7;0.0;70.0;0.0;70.0;0.0;70.0;46.30753;6.2349854;0.0;2026-09-27T19:15:00+02:00;2026-09-27T22:18:35+02:00;273fa5b1365f
2026-09-28;hermance;ICONCH1;2026-09-28T05:00;3.4;4.7;164.0;16.4;0.0;75.0;0.0;75.0;0.0;75.0;46.30753;6.2349854;0.0;2026-09-27T19:15:00+02:00;2026-09-27T22:18:35+02:00;273fa5b1365f
2026-09-28;hermance;ICONCH1;2026-09-28T06:00;3.7;5.6;162.0;16.0;0.0;84.0;0.0;74.0;76.0;84.0;46.30753;6.2349854;0.0;2026-09-27T19:15:00+02:00;2026-09-27T22:18:35+02:00;273fa5b1365f
2026-09-28;hermance;ICONCH1;2026-09-28T07:00;2.5;4.9;176.0;16.1;0.0;93.0;0.0;39.0;83.0;93.0;46.30753;6.2349854;0.0;2026-09-27T19:15:00+02:00;2026-09-27T22:18:35+02:00;273fa5b1365f
2026-09-28;hermance;ICONCH1;2026-09-28T08:00;2.1;3.5;185.0;16.3;0.0;32.0;0.0;27.0;6.0;32.0;46.30753;6.2349854;0.0;2026-09-27T19:15:00+02:00;2026-09-27T22:18:35+02:00;273fa5b1365f
2026-09-28;hermance;ICONCH1;2026-09-28T09:00;2.1;3.1;180.0;16.4;0.0;29.0;0.0;27.0;3.0;29.0;46.30753;6.2349854;0.0;2026-09-27T19:15:00+02:00;2026-09-27T22:18:35+02:00;273fa5b1365f
2026-09-28;hermance;ICONCH1;2026-09-28T10:00;1.1;2.9;211.0;17.6;0.0;0.0;0.0;0.0;0.0;0.0;46.30753;6.2349854;0.0;2026-09-27T19:15:00+02:00;2026-09-27T22:18:35+02:00;273fa5b1365f
2026-09-28;hermance;ICONCH1;2026-09-28T11:00;0.8;1.6;270.0;18.5;0.0;70.0;0.0;70.0;0.0;70.0;46.30753;6.2349854;0.0;2026-09-27T19:15:00+02:00;2026-09-27T22:18:35+02:00;273fa5b1365f
2026-09-28;hermance;ICONCH1;2026-09-28T12:00;0.6;1.2;270.0;19.8;0.0;77.0;0.0;70.0;32.0;77.0;46.30753;6.2349854;0.0;2026-09-27T19:15:00+02:00;2026-09-27T22:18:35+02:00;273fa5b1365f
2026-09-28;hermance;ICONCH1;2026-09-28T13:00;1.1;1.9;301.0;20.6;0.0;96.0;0.0;74.0;81.0;96.0;46.30753;6.2349854;0.0;2026-09-27T19:15:00+02:00;2026-09-27T22:18:35+02:00;273fa5b1365f
2026-09-28;hermance;ICONCH1;2026-09-28T14:00;1.7;2.3;360.0;21.5;0.0;100.0;0.0;75.0;100.0;100.0;46.30753;6.2349854;0.0;2026-09-27T19:15:00+02:00;2026-09-27T22:18:35+02:00;273fa5b1365f
2026-09-28;hermance;ICONCH1;2026-09-28T15:00;0.6;2.3;18.0;23.2;0.0;100.0;0.0;13.0;100.0;100.0;46.30753;6.2349854;0.0;2026-09-27T19:15:00+02:00;2026-09-27T22:18:35+02:00;273fa5b1365f
2026-09-28;hermance;ICONCH1;2026-09-28T16:00;3.2;4.5;11.0;23.4;0.0;92.0;0.0;75.0;77.0;92.0;46.30753;6.2349854;0.0;2026-09-27T19:15:00+02:00;2026-09-27T22:18:35+02:00;273fa5b1365f
2026-09-28;hermance;ICONCH1;2026-09-28T17:00;3.4;5.1;10.0;23.7;0.0;93.0;0.0;9.0;87.0;93.0;46.30753;6.2349854;0.0;2026-09-27T19:15:00+02:00;2026-09-27T22:18:35+02:00;273fa5b1365f
2026-09-28;hermance;ICONCH1;2026-09-28T18:00;4.5;6.6;353.0;23.5;0.0;100.0;0.0;88.0;100.0;100.0;46.30753;6.2349854;0.0;2026-09-27T19:15:00+02:00;2026-09-27T22:18:35+02:00;273fa5b1365f
2026-09-28;hermance;ICONCH1;2026-09-28T19:00;3.5;6.6;3.0;23.4;0.0;100.0;0.0;87.0;100.0;100.0;46.30753;6.2349854;0.0;2026-09-27T19:15:00+02:00;2026-09-27T22:18:35+02:00;273fa5b1365f
2026-09-28;hermance;ICONCH1;2026-09-28T20:00;0.7;4.9;304.0;22.6;0.0;100.0;0.0;78.0;100.0;100.0;46.30753;6.2349854;0.0;2026-09-27T19:15:00+02:00;2026-09-27T22:18:35+02:00;273fa5b1365f
2026-09-28;hermance;ICONCH1;2026-09-28T21:00;1.4;3.5;135.0;21.1;0.0;100.0;0.0;100.0;100.0;100.0;46.30753;6.2349854;0.0;2026-09-27T19:15:00+02:00;2026-09-27T22:18:35+02:00;273fa5b1365f
2026-09-28;hermance;ICONCH1;2026-09-28T22:00;2.3;3.1;185.0;20.4;0.0;100.0;0.0;93.0;100.0;100.0;46.30753;6.2349854;0.0;2026-09-27T19:15:00+02:00;2026-09-27T22:18:35+02:00;273fa5b1365f
2026-09-28;hermance;ICONCH1;2026-09-28T23:00;2.8;4.1;205.0;20.3;0.0;100.0;0.0;97.0;100.0;100.0;46.30753;6.2349854;0.0;2026-09-27T19:15:00+02:00;2026-09-27T22:18:35+02:00;273fa5b1365f
2026-09-28;loire_sur_rhone;AROMEHD;2026-09-28T01:00;8.0;19.0;157.0;21.4;0.0;;0.0;9.0;100.0;100.0;45.559998;4.8199997;170.0;2026-09-27T19:15:00+02:00;2026-09-27T22:18:35+02:00;273fa5b1365f
2026-09-28;loire_sur_rhone;AROMEHD;2026-09-28T02:00;9.1;22.2;160.0;20.9;0.0;;0.0;0.0;100.0;100.0;45.559998;4.8199997;170.0;2026-09-27T19:15:00+02:00;2026-09-27T22:18:35+02:00;273fa5b1365f
2026-09-28;loire_sur_rhone;AROMEHD;2026-09-28T03:00;11.2;26.8;162.0;20.5;0.0;;0.0;74.0;100.0;100.0;45.559998;4.8199997;170.0;2026-09-27T19:15:00+02:00;2026-09-27T22:18:35+02:00;273fa5b1365f
2026-09-28;loire_sur_rhone;AROMEHD;2026-09-28T04:00;10.5;26.6;164.0;20.2;0.0;;0.0;100.0;100.0;100.0;45.559998;4.8199997;170.0;2026-09-27T19:15:00+02:00;2026-09-27T22:18:35+02:00;273fa5b1365f
2026-09-28;loire_sur_rhone;AROMEHD;2026-09-28T05:00;8.1;24.9;163.0;19.8;0.0;;0.0;100.0;100.0;100.0;45.559998;4.8199997;170.0;2026-09-27T19:15:00+02:00;2026-09-27T22:18:35+02:00;273fa5b1365f
2026-09-28;loire_sur_rhone;AROMEHD;2026-09-28T06:00;6.4;19.6;166.0;19.5;0.0;;0.0;100.0;100.0;100.0;45.559998;4.8199997;170.0;2026-09-27T19:15:00+02:00;2026-09-27T22:18:35+02:00;273fa5b1365f
2026-09-28;loire_sur_rhone;AROMEHD;2026-09-28T07:00;6.6;15.9;159.0;19.2;0.0;;0.0;89.0;100.0;100.0;45.559998;4.8199997;170.0;2026-09-27T19:15:00+02:00;2026-09-27T22:18:35+02:00;273fa5b1365f
2026-09-28;loire_sur_rhone;AROMEHD;2026-09-28T08:00;3.4;15.6;156.0;18.8;0.0;;0.0;5.0;100.0;100.0;45.559998;4.8199997;170.0;2026-09-27T19:15:00+02:00;2026-09-27T22:18:35+02:00;273fa5b1365f
2026-09-28;loire_sur_rhone;AROMEHD;2026-09-28T09:00;3.3;9.7;152.0;19.3;0.0;;0.0;0.0;100.0;100.0;45.559998;4.8199997;170.0;2026-09-27T19:15:00+02:00;2026-09-27T22:18:35+02:00;273fa5b1365f
2026-09-28;loire_sur_rhone;AROMEHD;2026-09-28T10:00;3.4;9.3;156.0;21.1;0.0;;0.0;0.0;100.0;100.0;45.559998;4.8199997;170.0;2026-09-27T19:15:00+02:00;2026-09-27T22:18:35+02:00;273fa5b1365f
2026-09-28;loire_sur_rhone;AROMEHD;2026-09-28T11:00;5.3;13.6;170.0;23.8;0.0;;0.0;1.0;100.0;100.0;45.559998;4.8199997;170.0;2026-09-27T19:15:00+02:00;2026-09-27T22:18:35+02:00;273fa5b1365f
2026-09-28;loire_sur_rhone;AROMEHD;2026-09-28T12:00;8.0;18.9;166.0;25.4;0.0;;0.0;0.0;100.0;100.0;45.559998;4.8199997;170.0;2026-09-27T19:15:00+02:00;2026-09-27T22:18:35+02:00;273fa5b1365f
2026-09-28;loire_sur_rhone;AROMEHD;2026-09-28T13:00;8.5;19.6;168.0;26.6;0.0;;0.0;0.0;100.0;100.0;45.559998;4.8199997;170.0;2026-09-27T19:15:00+02:00;2026-09-27T22:18:35+02:00;273fa5b1365f
2026-09-28;loire_sur_rhone;AROMEHD;2026-09-28T14:00;8.4;19.6;167.0;27.4;0.0;;0.0;3.0;100.0;100.0;45.559998;4.8199997;170.0;2026-09-27T19:15:00+02:00;2026-09-27T22:18:35+02:00;273fa5b1365f
2026-09-28;loire_sur_rhone;AROMEHD;2026-09-28T15:00;8.1;19.0;160.0;27.6;0.0;;0.0;2.0;100.0;100.0;45.559998;4.8199997;170.0;2026-09-27T19:15:00+02:00;2026-09-27T22:18:35+02:00;273fa5b1365f
2026-09-28;loire_sur_rhone;AROMEHD;2026-09-28T16:00;9.5;21.0;163.0;28.0;0.0;;0.0;91.0;100.0;100.0;45.559998;4.8199997;170.0;2026-09-27T19:15:00+02:00;2026-09-27T22:18:35+02:00;273fa5b1365f
2026-09-28;loire_sur_rhone;AROMEHD;2026-09-28T17:00;7.3;21.0;171.0;27.5;0.0;;0.0;53.0;100.0;100.0;45.559998;4.8199997;170.0;2026-09-27T19:15:00+02:00;2026-09-27T22:18:35+02:00;273fa5b1365f
2026-09-28;loire_sur_rhone;AROMEHD;2026-09-28T18:00;7.0;16.1;177.0;26.7;0.0;;0.0;5.0;100.0;100.0;45.559998;4.8199997;170.0;2026-09-27T19:15:00+02:00;2026-09-27T22:18:35+02:00;273fa5b1365f
2026-09-28;loire_sur_rhone;AROMEHD;2026-09-28T19:00;5.1;15.9;180.0;25.7;0.0;;0.0;0.0;100.0;100.0;45.559998;4.8199997;170.0;2026-09-27T19:15:00+02:00;2026-09-27T22:18:35+02:00;273fa5b1365f
2026-09-28;loire_sur_rhone;AROMEHD;2026-09-28T20:00;2.5;11.3;157.0;24.3;0.0;;0.0;0.0;100.0;100.0;45.559998;4.8199997;170.0;2026-09-27T19:15:00+02:00;2026-09-27T22:18:35+02:00;273fa5b1365f
2026-09-28;loire_sur_rhone;AROMEHD;2026-09-28T21:00;2.8;5.2;146.0;22.9;0.0;;0.0;0.0;100.0;100.0;45.559998;4.8199997;170.0;2026-09-27T19:15:00+02:00;2026-09-27T22:18:35+02:00;273fa5b1365f
2026-09-28;loire_sur_rhone;AROMEHD;2026-09-28T22:00;3.3;6.4;144.0;21.9;0.0;;0.0;0.0;100.0;100.0;45.559998;4.8199997;170.0;2026-09-27T19:15:00+02:00;2026-09-27T22:18:35+02:00;273fa5b1365f
2026-09-28;loire_sur_rhone;AROMEHD;2026-09-28T23:00;4.6;10.1;160.0;21.7;0.0;;0.0;0.0;100.0;100.0;45.559998;4.8199997;170.0;2026-09-27T19:15:00+02:00;2026-09-27T22:18:35+02:00;273fa5b1365f
2026-09-28;loire_sur_rhone;AROMEHD;2026-09-29T00:00;6.3;13.8;158.0;21.5;0.0;;0.0;1.0;100.0;100.0;45.559998;4.8199997;170.0;2026-09-27T19:15:00+02:00;2026-09-27T22:18:35+02:00;273fa5b1365f
2026-09-28;loire_sur_rhone;ICONCH1;2026-09-28T01:00;22.7;40.0;187.0;19.3;0.0;68.0;0.0;8.0;62.0;68.0;45.550514;4.828491;200.0;2026-09-27T19:15:00+02:00;2026-09-27T22:18:35+02:00;273fa5b1365f
2026-09-28;loire_sur_rhone;ICONCH1;2026-09-28T02:00;24.7;42.8;187.0;18.7;0.0;73.0;0.0;61.0;28.0;73.0;45.550514;4.828491;200.0;2026-09-27T19:15:00+02:00;2026-09-27T22:18:35+02:00;273fa5b1365f
2026-09-28;loire_sur_rhone;ICONCH1;2026-09-28T03:00;23.8;42.8;184.0;18.3;0.0;85.0;0.0;46.0;69.0;85.0;45.550514;4.828491;200.0;2026-09-27T19:15:00+02:00;2026-09-27T22:18:35+02:00;273fa5b1365f
2026-09-28;loire_sur_rhone;ICONCH1;2026-09-28T04:00;23.0;39.7;185.0;18.0;0.0;90.0;0.0;39.0;77.0;90.0;45.550514;4.828491;200.0;2026-09-27T19:15:00+02:00;2026-09-27T22:18:35+02:00;273fa5b1365f
2026-09-28;loire_sur_rhone;ICONCH1;2026-09-28T05:00;18.1;37.7;183.0;17.7;0.0;100.0;0.0;100.0;100.0;100.0;45.550514;4.828491;200.0;2026-09-27T19:15:00+02:00;2026-09-27T22:18:35+02:00;273fa5b1365f
2026-09-28;loire_sur_rhone;ICONCH1;2026-09-28T06:00;10.0;31.5;172.0;17.4;0.0;100.0;0.0;90.0;99.0;100.0;45.550514;4.828491;200.0;2026-09-27T19:15:00+02:00;2026-09-27T22:18:35+02:00;273fa5b1365f
2026-09-28;loire_sur_rhone;ICONCH1;2026-09-28T07:00;8.2;18.3;162.0;17.1;0.0;92.0;0.0;86.0;89.0;92.0;45.550514;4.828491;200.0;2026-09-27T19:15:00+02:00;2026-09-27T22:18:35+02:00;273fa5b1365f
2026-09-28;loire_sur_rhone;ICONCH1;2026-09-28T08:00;10.4;18.5;170.0;17.3;0.0;66.0;0.0;66.0;7.0;66.0;45.550514;4.828491;200.0;2026-09-27T19:15:00+02:00;2026-09-27T22:18:35+02:00;273fa5b1365f
2026-09-28;loire_sur_rhone;ICONCH1;2026-09-28T09:00;12.2;21.2;170.0;18.5;0.0;60.0;0.0;32.0;35.0;60.0;45.550514;4.828491;200.0;2026-09-27T19:15:00+02:00;2026-09-27T22:18:35+02:00;273fa5b1365f
2026-09-28;loire_sur_rhone;ICONCH1;2026-09-28T10:00;11.0;21.6;167.0;20.5;0.0;96.0;0.0;43.0;90.0;96.0;45.550514;4.828491;200.0;2026-09-27T19:15:00+02:00;2026-09-27T22:18:35+02:00;273fa5b1365f
2026-09-28;loire_sur_rhone;ICONCH1;2026-09-28T11:00;10.3;17.9;165.0;23.0;0.0;100.0;0.0;73.0;100.0;100.0;45.550514;4.828491;200.0;2026-09-27T19:15:00+02:00;2026-09-27T22:18:35+02:00;273fa5b1365f
2026-09-28;loire_sur_rhone;ICONCH1;2026-09-28T12:00;12.5;20.4;175.0;24.7;0.0;100.0;0.0;100.0;100.0;100.0;45.550514;4.828491;200.0;2026-09-27T19:15:00+02:00;2026-09-27T22:18:35+02:00;273fa5b1365f
2026-09-28;loire_sur_rhone;ICONCH1;2026-09-28T13:00;13.5;21.8;169.0;25.7;0.0;100.0;0.0;100.0;100.0;100.0;45.550514;4.828491;200.0;2026-09-27T19:15:00+02:00;2026-09-27T22:18:35+02:00;273fa5b1365f
2026-09-28;loire_sur_rhone;ICONCH1;2026-09-28T14:00;13.9;24.9;174.0;27.0;0.0;100.0;0.0;23.0;100.0;100.0;45.550514;4.828491;200.0;2026-09-27T19:15:00+02:00;2026-09-27T22:18:35+02:00;273fa5b1365f
2026-09-28;loire_sur_rhone;ICONCH1;2026-09-28T15:00;14.2;23.1;185.0;27.7;0.0;96.0;0.0;39.0;91.0;96.0;45.550514;4.828491;200.0;2026-09-27T19:15:00+02:00;2026-09-27T22:18:35+02:00;273fa5b1365f
2026-09-28;loire_sur_rhone;ICONCH1;2026-09-28T16:00;17.0;27.4;174.0;27.8;0.0;96.0;0.0;90.0;91.0;96.0;45.550514;4.828491;200.0;2026-09-27T19:15:00+02:00;2026-09-27T22:18:35+02:00;273fa5b1365f
2026-09-28;loire_sur_rhone;ICONCH1;2026-09-28T17:00;12.1;27.4;182.0;27.3;0.0;100.0;0.0;85.0;100.0;100.0;45.550514;4.828491;200.0;2026-09-27T19:15:00+02:00;2026-09-27T22:18:35+02:00;273fa5b1365f
2026-09-28;loire_sur_rhone;ICONCH1;2026-09-28T18:00;14.0;25.9;182.0;26.0;0.0;100.0;0.0;93.0;100.0;100.0;45.550514;4.828491;200.0;2026-09-27T19:15:00+02:00;2026-09-27T22:18:35+02:00;273fa5b1365f
2026-09-28;loire_sur_rhone;ICONCH1;2026-09-28T19:00;13.2;22.4;171.0;25.2;0.0;100.0;0.0;75.0;100.0;100.0;45.550514;4.828491;200.0;2026-09-27T19:15:00+02:00;2026-09-27T22:18:35+02:00;273fa5b1365f
2026-09-28;loire_sur_rhone;ICONCH1;2026-09-28T20:00;8.4;21.0;162.0;23.3;0.0;100.0;0.0;0.0;100.0;100.0;45.550514;4.828491;200.0;2026-09-27T19:15:00+02:00;2026-09-27T22:18:35+02:00;273fa5b1365f
2026-09-28;loire_sur_rhone;ICONCH1;2026-09-28T21:00;9.0;15.9;178.0;21.9;0.0;74.0;0.0;0.0;74.0;74.0;45.550514;4.828491;200.0;2026-09-27T19:15:00+02:00;2026-09-27T22:18:35+02:00;273fa5b1365f
2026-09-28;loire_sur_rhone;ICONCH1;2026-09-28T22:00;7.6;16.9;184.0;21.2;0.0;95.0;0.0;68.0;91.0;95.0;45.550514;4.828491;200.0;2026-09-27T19:15:00+02:00;2026-09-27T22:18:35+02:00;273fa5b1365f
2026-09-28;loire_sur_rhone;ICONCH1;2026-09-28T23:00;9.0;16.3;182.0;20.6;0.0;100.0;0.0;7.0;100.0;100.0;45.550514;4.828491;200.0;2026-09-27T19:15:00+02:00;2026-09-27T22:18:35+02:00;273fa5b1365f
2026-09-28;messery;AROMEHD;2026-09-28T01:00;4.6;6.0;213.0;19.1;0.0;;0.0;0.0;33.0;33.0;46.35;6.2700005;0.0;2026-09-27T19:15:00+02:00;2026-09-27T22:18:35+02:00;273fa5b1365f
2026-09-28;messery;AROMEHD;2026-09-28T02:00;1.8;5.8;264.0;18.7;0.0;;0.0;0.0;1.0;1.0;46.35;6.2700005;0.0;2026-09-27T19:15:00+02:00;2026-09-27T22:18:35+02:00;273fa5b1365f
2026-09-28;messery;AROMEHD;2026-09-28T03:00;1.7;3.3;306.0;18.4;0.0;;0.0;2.0;67.0;67.0;46.35;6.2700005;0.0;2026-09-27T19:15:00+02:00;2026-09-27T22:18:35+02:00;273fa5b1365f
2026-09-28;messery;AROMEHD;2026-09-28T04:00;1.2;2.1;198.0;18.0;0.0;;0.0;0.0;100.0;100.0;46.35;6.2700005;0.0;2026-09-27T19:15:00+02:00;2026-09-27T22:18:35+02:00;273fa5b1365f
2026-09-28;messery;AROMEHD;2026-09-28T05:00;2.1;2.5;175.0;16.7;0.0;;0.0;14.0;100.0;100.0;46.35;6.2700005;0.0;2026-09-27T19:15:00+02:00;2026-09-27T22:18:35+02:00;273fa5b1365f
2026-09-28;messery;AROMEHD;2026-09-28T06:00;2.3;4.3;200.0;17.8;0.0;;0.0;41.0;100.0;100.0;46.35;6.2700005;0.0;2026-09-27T19:15:00+02:00;2026-09-27T22:18:35+02:00;273fa5b1365f
2026-09-28;messery;AROMEHD;2026-09-28T07:00;2.7;3.9;210.0;17.7;0.0;;0.0;7.0;100.0;100.0;46.35;6.2700005;0.0;2026-09-27T19:15:00+02:00;2026-09-27T22:18:35+02:00;273fa5b1365f
2026-09-28;messery;AROMEHD;2026-09-28T08:00;3.3;4.7;220.0;17.6;0.0;;0.0;0.0;48.0;48.0;46.35;6.2700005;0.0;2026-09-27T19:15:00+02:00;2026-09-27T22:18:35+02:00;273fa5b1365f
2026-09-28;messery;AROMEHD;2026-09-28T09:00;2.2;5.1;225.0;17.9;0.0;;0.0;0.0;91.0;91.0;46.35;6.2700005;0.0;2026-09-27T19:15:00+02:00;2026-09-27T22:18:35+02:00;273fa5b1365f
2026-09-28;messery;AROMEHD;2026-09-28T10:00;2.5;4.1;247.0;17.5;0.0;;0.0;0.0;100.0;100.0;46.35;6.2700005;0.0;2026-09-27T19:15:00+02:00;2026-09-27T22:18:35+02:00;273fa5b1365f
2026-09-28;messery;AROMEHD;2026-09-28T11:00;2.1;3.5;214.0;18.4;0.0;;0.0;0.0;100.0;100.0;46.35;6.2700005;0.0;2026-09-27T19:15:00+02:00;2026-09-27T22:18:35+02:00;273fa5b1365f
2026-09-28;messery;AROMEHD;2026-09-28T12:00;1.7;2.7;297.0;19.0;0.0;;0.0;0.0;100.0;100.0;46.35;6.2700005;0.0;2026-09-27T19:15:00+02:00;2026-09-27T22:18:35+02:00;273fa5b1365f
2026-09-28;messery;AROMEHD;2026-09-28T13:00;4.3;5.2;47.0;20.6;0.0;;0.0;57.0;100.0;100.0;46.35;6.2700005;0.0;2026-09-27T19:15:00+02:00;2026-09-27T22:18:35+02:00;273fa5b1365f
2026-09-28;messery;AROMEHD;2026-09-28T14:00;6.6;8.4;47.0;21.4;0.0;;0.0;71.0;100.0;100.0;46.35;6.2700005;0.0;2026-09-27T19:15:00+02:00;2026-09-27T22:18:35+02:00;273fa5b1365f
2026-09-28;messery;AROMEHD;2026-09-28T15:00;8.0;10.1;49.0;21.1;0.0;;0.0;7.0;100.0;100.0;46.35;6.2700005;0.0;2026-09-27T19:15:00+02:00;2026-09-27T22:18:35+02:00;273fa5b1365f
2026-09-28;messery;AROMEHD;2026-09-28T16:00;7.9;10.5;54.0;21.9;0.0;;0.0;0.0;100.0;100.0;46.35;6.2700005;0.0;2026-09-27T19:15:00+02:00;2026-09-27T22:18:35+02:00;273fa5b1365f
2026-09-28;messery;AROMEHD;2026-09-28T17:00;6.7;10.3;46.0;21.9;0.0;;0.0;0.0;100.0;100.0;46.35;6.2700005;0.0;2026-09-27T19:15:00+02:00;2026-09-27T22:18:35+02:00;273fa5b1365f
2026-09-28;messery;AROMEHD;2026-09-28T18:00;6.1;8.6;63.0;21.9;0.0;;0.0;0.0;100.0;100.0;46.35;6.2700005;0.0;2026-09-27T19:15:00+02:00;2026-09-27T22:18:35+02:00;273fa5b1365f
2026-09-28;messery;AROMEHD;2026-09-28T19:00;4.7;7.8;60.0;21.5;0.0;;0.0;0.0;100.0;100.0;46.35;6.2700005;0.0;2026-09-27T19:15:00+02:00;2026-09-27T22:18:35+02:00;273fa5b1365f
2026-09-28;messery;AROMEHD;2026-09-28T20:00;3.3;6.0;17.0;20.6;0.0;;0.0;100.0;100.0;100.0;46.35;6.2700005;0.0;2026-09-27T19:15:00+02:00;2026-09-27T22:18:35+02:00;273fa5b1365f
2026-09-28;messery;AROMEHD;2026-09-28T21:00;1.0;3.5;112.0;20.5;0.0;;0.0;21.0;100.0;100.0;46.35;6.2700005;0.0;2026-09-27T19:15:00+02:00;2026-09-27T22:18:35+02:00;273fa5b1365f
2026-09-28;messery;AROMEHD;2026-09-28T22:00;4.5;4.9;149.0;19.3;0.0;;0.0;88.0;100.0;100.0;46.35;6.2700005;0.0;2026-09-27T19:15:00+02:00;2026-09-27T22:18:35+02:00;273fa5b1365f
2026-09-28;messery;AROMEHD;2026-09-28T23:00;2.5;5.6;231.0;20.4;0.0;;0.0;0.0;100.0;100.0;46.35;6.2700005;0.0;2026-09-27T19:15:00+02:00;2026-09-27T22:18:35+02:00;273fa5b1365f
2026-09-28;messery;AROMEHD;2026-09-29T00:00;1.0;3.1;127.0;19.8;0.0;;0.0;0.0;57.0;57.0;46.35;6.2700005;0.0;2026-09-27T19:15:00+02:00;2026-09-27T22:18:35+02:00;273fa5b1365f
2026-09-28;messery;ICONCH1;2026-09-28T01:00;1.8;3.5;229.0;19.0;0.0;93.0;0.0;40.0;86.0;93.0;46.3589;6.2749023;0.0;2026-09-27T19:15:00+02:00;2026-09-27T22:18:35+02:00;273fa5b1365f
2026-09-28;messery;ICONCH1;2026-09-28T02:00;1.7;2.9;216.0;18.6;0.0;84.0;0.0;79.0;27.0;84.0;46.3589;6.2749023;0.0;2026-09-27T19:15:00+02:00;2026-09-27T22:18:35+02:00;273fa5b1365f
2026-09-28;messery;ICONCH1;2026-09-28T03:00;2.5;3.7;219.0;18.3;0.0;70.0;0.0;20.0;55.0;70.0;46.3589;6.2749023;0.0;2026-09-27T19:15:00+02:00;2026-09-27T22:18:35+02:00;273fa5b1365f
2026-09-28;messery;ICONCH1;2026-09-28T04:00;2.8;3.7;231.0;18.0;0.0;76.0;0.0;69.0;33.0;76.0;46.3589;6.2749023;0.0;2026-09-27T19:15:00+02:00;2026-09-27T22:18:35+02:00;273fa5b1365f
2026-09-28;messery;ICONCH1;2026-09-28T05:00;3.3;4.5;208.0;17.7;0.0;86.0;0.0;84.0;37.0;86.0;46.3589;6.2749023;0.0;2026-09-27T19:15:00+02:00;2026-09-27T22:18:35+02:00;273fa5b1365f
2026-09-28;messery;ICONCH1;2026-09-28T06:00;2.9;5.1;200.0;17.2;0.0;58.0;0.0;58.0;0.0;58.0;46.3589;6.2749023;0.0;2026-09-27T19:15:00+02:00;2026-09-27T22:18:35+02:00;273fa5b1365f
2026-09-28;messery;ICONCH1;2026-09-28T07:00;2.6;3.9;216.0;17.4;0.0;90.0;0.0;87.0;57.0;90.0;46.3589;6.2749023;0.0;2026-09-27T19:15:00+02:00;2026-09-27T22:18:35+02:00;273fa5b1365f
2026-09-28;messery;ICONCH1;2026-09-28T08:00;2.1;3.7;221.0;17.4;0.0;35.0;0.0;35.0;1.0;35.0;46.3589;6.2749023;0.0;2026-09-27T19:15:00+02:00;2026-09-27T22:18:35+02:00;273fa5b1365f
2026-09-28;messery;ICONCH1;2026-09-28T09:00;2.9;4.1;217.0;17.1;0.0;21.0;0.0;11.0;10.0;21.0;46.3589;6.2749023;0.0;2026-09-27T19:15:00+02:00;2026-09-27T22:18:35+02:00;273fa5b1365f
2026-09-28;messery;ICONCH1;2026-09-28T10:00;2.2;4.1;218.0;17.6;0.0;34.0;0.0;14.0;21.0;34.0;46.3589;6.2749023;0.0;2026-09-27T19:15:00+02:00;2026-09-27T22:18:35+02:00;273fa5b1365f
2026-09-28;messery;ICONCH1;2026-09-28T11:00;0.3;2.9;225.0;18.5;0.0;60.0;0.0;60.0;0.0;60.0;46.3589;6.2749023;0.0;2026-09-27T19:15:00+02:00;2026-09-27T22:18:35+02:00;273fa5b1365f
2026-09-28;messery;ICONCH1;2026-09-28T12:00;1.7;2.3;54.0;19.4;0.0;80.0;0.0;74.0;24.0;80.0;46.3589;6.2749023;0.0;2026-09-27T19:15:00+02:00;2026-09-27T22:18:35+02:00;273fa5b1365f
2026-09-28;messery;ICONCH1;2026-09-28T13:00;2.9;4.1;42.0;20.7;0.0;98.0;0.0;72.0;90.0;98.0;46.3589;6.2749023;0.0;2026-09-27T19:15:00+02:00;2026-09-27T22:18:35+02:00;273fa5b1365f
2026-09-28;messery;ICONCH1;2026-09-28T14:00;3.7;4.9;58.0;21.7;0.0;91.0;0.0;73.0;72.0;91.0;46.3589;6.2749023;0.0;2026-09-27T19:15:00+02:00;2026-09-27T22:18:35+02:00;273fa5b1365f
2026-09-28;messery;ICONCH1;2026-09-28T15:00;5.3;7.0;57.0;22.6;0.0;100.0;0.0;25.0;100.0;100.0;46.3589;6.2749023;0.0;2026-09-27T19:15:00+02:00;2026-09-27T22:18:35+02:00;273fa5b1365f
2026-09-28;messery;ICONCH1;2026-09-28T16:00;6.9;8.7;52.0;23.1;0.0;90.0;0.0;17.0;81.0;90.0;46.3589;6.2749023;0.0;2026-09-27T19:15:00+02:00;2026-09-27T22:18:35+02:00;273fa5b1365f
2026-09-28;messery;ICONCH1;2026-09-28T17:00;6.9;8.7;45.0;23.3;0.0;66.0;0.0;17.0;53.0;66.0;46.3589;6.2749023;0.0;2026-09-27T19:15:00+02:00;2026-09-27T22:18:35+02:00;273fa5b1365f
2026-09-28;messery;ICONCH1;2026-09-28T18:00;5.6;8.6;44.0;23.5;0.0;100.0;0.0;95.0;100.0;100.0;46.3589;6.2749023;0.0;2026-09-27T19:15:00+02:00;2026-09-27T22:18:35+02:00;273fa5b1365f
2026-09-28;messery;ICONCH1;2026-09-28T19:00;2.9;7.2;37.0;23.2;0.0;100.0;0.0;74.0;100.0;100.0;46.3589;6.2749023;0.0;2026-09-27T19:15:00+02:00;2026-09-27T22:18:35+02:00;273fa5b1365f
2026-09-28;messery;ICONCH1;2026-09-28T20:00;2.5;3.9;328.0;22.5;0.0;100.0;0.0;50.0;100.0;100.0;46.3589;6.2749023;0.0;2026-09-27T19:15:00+02:00;2026-09-27T22:18:35+02:00;273fa5b1365f
2026-09-28;messery;ICONCH1;2026-09-28T21:00;2.8;3.9;286.0;20.9;0.0;100.0;0.0;97.0;100.0;100.0;46.3589;6.2749023;0.0;2026-09-27T19:15:00+02:00;2026-09-27T22:18:35+02:00;273fa5b1365f
2026-09-28;messery;ICONCH1;2026-09-28T22:00;2.1;3.9;265.0;20.8;0.0;100.0;0.0;95.0;100.0;100.0;46.3589;6.2749023;0.0;2026-09-27T19:15:00+02:00;2026-09-27T22:18:35+02:00;273fa5b1365f
2026-09-28;messery;ICONCH1;2026-09-28T23:00;2.9;4.7;222.0;20.5;0.0;100.0;0.0;89.0;100.0;100.0;46.3589;6.2749023;0.0;2026-09-27T19:15:00+02:00;2026-09-27T22:18:35+02:00;273fa5b1365f
2026-09-28;parking_pre_rencontre;AROMEHD;2026-09-28T01:00;2.6;6.8;144.0;15.1;0.0;;0.0;0.0;59.0;59.0;45.01;5.779999;0.0;2026-09-27T19:15:00+02:00;2026-09-27T22:18:35+02:00;273fa5b1365f
2026-09-28;parking_pre_rencontre;AROMEHD;2026-09-28T02:00;0.4;4.9;153.0;14.3;0.0;;0.0;0.0;99.0;99.0;45.01;5.779999;0.0;2026-09-27T19:15:00+02:00;2026-09-27T22:18:35+02:00;273fa5b1365f
2026-09-28;parking_pre_rencontre;AROMEHD;2026-09-28T03:00;1.0;1.9;158.0;13.9;0.0;;0.0;0.0;99.0;99.0;45.01;5.779999;0.0;2026-09-27T19:15:00+02:00;2026-09-27T22:18:35+02:00;273fa5b1365f
2026-09-28;parking_pre_rencontre;AROMEHD;2026-09-28T04:00;1.8;3.7;148.0;13.7;0.0;;0.0;1.0;49.0;49.0;45.01;5.779999;0.0;2026-09-27T19:15:00+02:00;2026-09-27T22:18:35+02:00;273fa5b1365f
2026-09-28;parking_pre_rencontre;AROMEHD;2026-09-28T05:00;3.4;7.0;156.0;14.1;0.0;;0.0;18.0;59.0;59.0;45.01;5.779999;0.0;2026-09-27T19:15:00+02:00;2026-09-27T22:18:35+02:00;273fa5b1365f
2026-09-28;parking_pre_rencontre;AROMEHD;2026-09-28T06:00;3.6;7.8;167.0;14.3;0.0;;0.0;17.0;75.0;75.0;45.01;5.779999;0.0;2026-09-27T19:15:00+02:00;2026-09-27T22:18:35+02:00;273fa5b1365f
2026-09-28;parking_pre_rencontre;AROMEHD;2026-09-28T07:00;3.6;8.0;164.0;14.7;0.0;;0.0;55.0;92.0;92.0;45.01;5.779999;0.0;2026-09-27T19:15:00+02:00;2026-09-27T22:18:35+02:00;273fa5b1365f
2026-09-28;parking_pre_rencontre;AROMEHD;2026-09-28T08:00;3.0;7.8;148.0;14.7;0.0;;0.0;1.0;66.0;66.0;45.01;5.779999;0.0;2026-09-27T19:15:00+02:00;2026-09-27T22:18:35+02:00;273fa5b1365f
2026-09-28;parking_pre_rencontre;AROMEHD;2026-09-28T09:00;2.8;7.2;146.0;15.4;0.0;;0.0;30.0;99.0;99.0;45.01;5.779999;0.0;2026-09-27T19:15:00+02:00;2026-09-27T22:18:35+02:00;273fa5b1365f
2026-09-28;parking_pre_rencontre;AROMEHD;2026-09-28T10:00;3.6;8.0;135.0;17.6;0.0;;0.0;6.0;100.0;100.0;45.01;5.779999;0.0;2026-09-27T19:15:00+02:00;2026-09-27T22:18:35+02:00;273fa5b1365f
2026-09-28;parking_pre_rencontre;AROMEHD;2026-09-28T11:00;4.7;11.1;171.0;19.6;0.0;;0.0;0.0;100.0;100.0;45.01;5.779999;0.0;2026-09-27T19:15:00+02:00;2026-09-27T22:18:35+02:00;273fa5b1365f
2026-09-28;parking_pre_rencontre;AROMEHD;2026-09-28T12:00;5.9;14.0;188.0;21.3;0.0;;0.0;0.0;43.0;43.0;45.01;5.779999;0.0;2026-09-27T19:15:00+02:00;2026-09-27T22:18:35+02:00;273fa5b1365f
2026-09-28;parking_pre_rencontre;AROMEHD;2026-09-28T13:00;4.3;14.8;204.0;22.4;0.0;;0.0;0.0;100.0;100.0;45.01;5.779999;0.0;2026-09-27T19:15:00+02:00;2026-09-27T22:18:35+02:00;273fa5b1365f
2026-09-28;parking_pre_rencontre;AROMEHD;2026-09-28T14:00;3.4;10.3;246.0;22.7;0.0;;0.0;0.0;100.0;100.0;45.01;5.779999;0.0;2026-09-27T19:15:00+02:00;2026-09-27T22:18:35+02:00;273fa5b1365f
2026-09-28;parking_pre_rencontre;AROMEHD;2026-09-28T15:00;4.8;12.6;230.0;23.0;0.0;;0.0;0.0;100.0;100.0;45.01;5.779999;0.0;2026-09-27T19:15:00+02:00;2026-09-27T22:18:35+02:00;273fa5b1365f
2026-09-28;parking_pre_rencontre;AROMEHD;2026-09-28T16:00;3.6;12.2;234.0;22.9;0.0;;0.0;19.0;100.0;100.0;45.01;5.779999;0.0;2026-09-27T19:15:00+02:00;2026-09-27T22:18:35+02:00;273fa5b1365f
2026-09-28;parking_pre_rencontre;AROMEHD;2026-09-28T17:00;2.4;10.1;256.0;22.2;0.0;;0.0;0.0;100.0;100.0;45.01;5.779999;0.0;2026-09-27T19:15:00+02:00;2026-09-27T22:18:35+02:00;273fa5b1365f
2026-09-28;parking_pre_rencontre;AROMEHD;2026-09-28T18:00;3.9;5.2;6.0;19.0;0.0;;0.0;42.0;100.0;100.0;45.01;5.779999;0.0;2026-09-27T19:15:00+02:00;2026-09-27T22:18:35+02:00;273fa5b1365f
2026-09-28;parking_pre_rencontre;AROMEHD;2026-09-28T19:00;1.2;8.2;18.0;17.9;0.0;;0.0;100.0;100.0;100.0;45.01;5.779999;0.0;2026-09-27T19:15:00+02:00;2026-09-27T22:18:35+02:00;273fa5b1365f
2026-09-28;parking_pre_rencontre;AROMEHD;2026-09-28T20:00;4.2;9.1;196.0;18.5;0.0;;0.0;60.0;100.0;100.0;45.01;5.779999;0.0;2026-09-27T19:15:00+02:00;2026-09-27T22:18:35+02:00;273fa5b1365f
2026-09-28;parking_pre_rencontre;AROMEHD;2026-09-28T21:00;3.5;10.3;177.0;17.9;0.0;;0.0;0.0;100.0;100.0;45.01;5.779999;0.0;2026-09-27T19:15:00+02:00;2026-09-27T22:18:35+02:00;273fa5b1365f
2026-09-28;parking_pre_rencontre;AROMEHD;2026-09-28T22:00;3.7;8.6;174.0;17.1;0.0;;0.0;0.0;100.0;100.0;45.01;5.779999;0.0;2026-09-27T19:15:00+02:00;2026-09-27T22:18:35+02:00;273fa5b1365f
2026-09-28;parking_pre_rencontre;AROMEHD;2026-09-28T23:00;3.4;8.0;167.0;16.6;0.0;;0.0;0.0;100.0;100.0;45.01;5.779999;0.0;2026-09-27T19:15:00+02:00;2026-09-27T22:18:35+02:00;273fa5b1365f
2026-09-28;parking_pre_rencontre;AROMEHD;2026-09-29T00:00;3.3;7.6;163.0;16.3;0.0;;0.0;0.0;100.0;100.0;45.01;5.779999;0.0;2026-09-27T19:15:00+02:00;2026-09-27T22:18:35+02:00;273fa5b1365f
2026-09-28;parking_pre_rencontre;ICONCH1;2026-09-28T01:00;5.4;9.7;210.0;14.7;0.0;12.0;0.0;12.0;0.0;12.0;45.0093;5.77124;1002.0;2026-09-27T19:15:00+02:00;2026-09-27T22:18:35+02:00;273fa5b1365f
2026-09-28;parking_pre_rencontre;ICONCH1;2026-09-28T02:00;5.2;10.1;202.0;14.3;0.0;0.0;0.0;0.0;0.0;0.0;45.0093;5.77124;1002.0;2026-09-27T19:15:00+02:00;2026-09-27T22:18:35+02:00;273fa5b1365f
2026-09-28;parking_pre_rencontre;ICONCH1;2026-09-28T03:00;5.7;10.5;208.0;14.2;0.0;100.0;0.0;0.0;100.0;100.0;45.0093;5.77124;1002.0;2026-09-27T19:15:00+02:00;2026-09-27T22:18:35+02:00;273fa5b1365f
2026-09-28;parking_pre_rencontre;ICONCH1;2026-09-28T04:00;5.7;10.5;207.0;14.2;0.0;37.0;0.0;0.0;37.0;37.0;45.0093;5.77124;1002.0;2026-09-27T19:15:00+02:00;2026-09-27T22:18:35+02:00;273fa5b1365f
2026-09-28;parking_pre_rencontre;ICONCH1;2026-09-28T05:00;5.8;10.7;206.0;14.0;0.0;62.0;0.0;62.0;0.0;62.0;45.0093;5.77124;1002.0;2026-09-27T19:15:00+02:00;2026-09-27T22:18:35+02:00;273fa5b1365f
2026-09-28;parking_pre_rencontre;ICONCH1;2026-09-28T06:00;5.5;10.3;198.0;13.6;0.0;96.0;0.0;77.0;78.0;96.0;45.0093;5.77124;1002.0;2026-09-27T19:15:00+02:00;2026-09-27T22:18:35+02:00;273fa5b1365f
2026-09-28;parking_pre_rencontre;ICONCH1;2026-09-28T07:00;5.5;10.3;203.0;13.5;0.0;100.0;0.0;90.0;100.0;100.0;45.0093;5.77124;1002.0;2026-09-27T19:15:00+02:00;2026-09-27T22:18:35+02:00;273fa5b1365f
2026-09-28;parking_pre_rencontre;ICONCH1;2026-09-28T08:00;5.0;10.1;196.0;13.8;0.0;91.0;0.0;89.0;71.0;91.0;45.0093;5.77124;1002.0;2026-09-27T19:15:00+02:00;2026-09-27T22:18:35+02:00;273fa5b1365f
2026-09-28;parking_pre_rencontre;ICONCH1;2026-09-28T09:00;5.5;10.3;188.0;15.3;0.0;70.0;0.0;68.0;6.0;70.0;45.0093;5.77124;1002.0;2026-09-27T19:15:00+02:00;2026-09-27T22:18:35+02:00;273fa5b1365f
2026-09-28;parking_pre_rencontre;ICONCH1;2026-09-28T10:00;6.6;12.6;183.0;18.0;0.0;66.0;0.0;63.0;9.0;66.0;45.0093;5.77124;1002.0;2026-09-27T19:15:00+02:00;2026-09-27T22:18:35+02:00;273fa5b1365f
2026-09-28;parking_pre_rencontre;ICONCH1;2026-09-28T11:00;8.7;16.7;190.0;20.5;0.0;99.0;0.0;62.0;94.0;99.0;45.0093;5.77124;1002.0;2026-09-27T19:15:00+02:00;2026-09-27T22:18:35+02:00;273fa5b1365f
2026-09-28;parking_pre_rencontre;ICONCH1;2026-09-28T12:00;8.7;17.7;197.0;22.1;0.0;86.0;0.0;74.0;46.0;86.0;45.0093;5.77124;1002.0;2026-09-27T19:15:00+02:00;2026-09-27T22:18:35+02:00;273fa5b1365f
2026-09-28;parking_pre_rencontre;ICONCH1;2026-09-28T13:00;7.9;16.9;218.0;23.3;0.0;77.0;0.0;0.0;77.0;77.0;45.0093;5.77124;1002.0;2026-09-27T19:15:00+02:00;2026-09-27T22:18:35+02:00;273fa5b1365f
2026-09-28;parking_pre_rencontre;ICONCH1;2026-09-28T14:00;6.7;15.6;213.0;24.7;0.0;84.0;0.0;64.0;52.0;84.0;45.0093;5.77124;1002.0;2026-09-27T19:15:00+02:00;2026-09-27T22:18:35+02:00;273fa5b1365f
2026-09-28;parking_pre_rencontre;ICONCH1;2026-09-28T15:00;8.0;17.3;221.0;24.2;0.0;100.0;0.0;39.0;100.0;100.0;45.0093;5.77124;1002.0;2026-09-27T19:15:00+02:00;2026-09-27T22:18:35+02:00;273fa5b1365f
2026-09-28;parking_pre_rencontre;ICONCH1;2026-09-28T16:00;6.1;15.6;215.0;24.1;0.0;99.0;0.0;79.0;98.0;99.0;45.0093;5.77124;1002.0;2026-09-27T19:15:00+02:00;2026-09-27T22:18:35+02:00;273fa5b1365f
2026-09-28;parking_pre_rencontre;ICONCH1;2026-09-28T17:00;7.8;14.6;212.0;23.2;0.0;100.0;0.0;79.0;100.0;100.0;45.0093;5.77124;1002.0;2026-09-27T19:15:00+02:00;2026-09-27T22:18:35+02:00;273fa5b1365f
2026-09-28;parking_pre_rencontre;ICONCH1;2026-09-28T18:00;7.1;14.4;212.0;22.2;0.0;98.0;0.0;68.0;93.0;98.0;45.0093;5.77124;1002.0;2026-09-27T19:15:00+02:00;2026-09-27T22:18:35+02:00;273fa5b1365f
2026-09-28;parking_pre_rencontre;ICONCH1;2026-09-28T19:00;4.5;13.0;187.0;19.5;0.0;100.0;0.0;100.0;100.0;100.0;45.0093;5.77124;1002.0;2026-09-27T19:15:00+02:00;2026-09-27T22:18:35+02:00;273fa5b1365f
2026-09-28;parking_pre_rencontre;ICONCH1;2026-09-28T20:00;5.1;9.3;220.0;17.7;0.0;100.0;0.0;75.0;100.0;100.0;45.0093;5.77124;1002.0;2026-09-27T19:15:00+02:00;2026-09-27T22:18:35+02:00;273fa5b1365f
2026-09-28;parking_pre_rencontre;ICONCH1;2026-09-28T21:00;4.5;9.1;223.0;17.0;0.0;100.0;0.0;67.0;100.0;100.0;45.0093;5.77124;1002.0;2026-09-27T19:15:00+02:00;2026-09-27T22:18:35+02:00;273fa5b1365f
2026-09-28;parking_pre_rencontre;ICONCH1;2026-09-28T22:00;4.7;8.7;215.0;16.4;0.0;100.0;0.0;8.0;100.0;100.0;45.0093;5.77124;1002.0;2026-09-27T19:15:00+02:00;2026-09-27T22:18:35+02:00;273fa5b1365f
2026-09-28;parking_pre_rencontre;ICONCH1;2026-09-28T23:00;4.6;8.6;213.0;16.0;0.0;100.0;0.0;0.0;100.0;100.0;45.0093;5.77124;1002.0;2026-09-27T19:15:00+02:00;2026-09-27T22:18:35+02:00;273fa5b1365f
2026-09-28;plage_de_sevrier;AROMEHD;2026-09-28T01:00;3.6;2.9;126.0;18.1;0.0;;0.0;27.0;88.0;88.0;45.86;6.16;0.0;2026-09-27T19:15:00+02:00;2026-09-27T22:18:35+02:00;273fa5b1365f
2026-09-28;plage_de_sevrier;AROMEHD;2026-09-28T02:00;4.5;5.4;137.0;18.5;0.0;;0.0;17.0;19.0;19.0;45.86;6.16;0.0;2026-09-27T19:15:00+02:00;2026-09-27T22:18:35+02:00;273fa5b1365f
2026-09-28;plage_de_sevrier;AROMEHD;2026-09-28T03:00;2.9;5.4;143.0;18.4;0.0;;0.0;0.0;79.0;79.0;45.86;6.16;0.0;2026-09-27T19:15:00+02:00;2026-09-27T22:18:35+02:00;273fa5b1365f
2026-09-28;plage_de_sevrier;AROMEHD;2026-09-28T04:00;2.7;3.7;135.0;17.6;0.0;;0.0;1.0;89.0;89.0;45.86;6.16;0.0;2026-09-27T19:15:00+02:00;2026-09-27T22:18:35+02:00;273fa5b1365f
2026-09-28;plage_de_sevrier;AROMEHD;2026-09-28T05:00;2.4;3.3;151.0;17.2;0.0;;0.0;2.0;34.0;34.0;45.86;6.16;0.0;2026-09-27T19:15:00+02:00;2026-09-27T22:18:35+02:00;273fa5b1365f
2026-09-28;plage_de_sevrier;AROMEHD;2026-09-28T06:00;1.6;3.1;120.0;16.8;0.0;;0.0;7.0;27.0;27.0;45.86;6.16;0.0;2026-09-27T19:15:00+02:00;2026-09-27T22:18:35+02:00;273fa5b1365f
2026-09-28;plage_de_sevrier;AROMEHD;2026-09-28T07:00;2.6;3.3;117.0;16.9;0.0;;0.0;0.0;45.0;45.0;45.86;6.16;0.0;2026-09-27T19:15:00+02:00;2026-09-27T22:18:35+02:00;273fa5b1365f
2026-09-28;plage_de_sevrier;AROMEHD;2026-09-28T08:00;1.5;3.3;130.0;16.8;0.0;;0.0;3.0;33.0;33.0;45.86;6.16;0.0;2026-09-27T19:15:00+02:00;2026-09-27T22:18:35+02:00;273fa5b1365f
2026-09-28;plage_de_sevrier;AROMEHD;2026-09-28T09:00;0.8;1.7;135.0;17.0;0.0;;0.0;1.0;98.0;98.0;45.86;6.16;0.0;2026-09-27T19:15:00+02:00;2026-09-27T22:18:35+02:00;273fa5b1365f
2026-09-28;plage_de_sevrier;AROMEHD;2026-09-28T10:00;0.8;1.9;346.0;17.1;0.0;;0.0;1.0;59.0;59.0;45.86;6.16;0.0;2026-09-27T19:15:00+02:00;2026-09-27T22:18:35+02:00;273fa5b1365f
2026-09-28;plage_de_sevrier;AROMEHD;2026-09-28T11:00;1.4;2.1;278.0;16.9;0.0;;0.0;7.0;100.0;100.0;45.86;6.16;0.0;2026-09-27T19:15:00+02:00;2026-09-27T22:18:35+02:00;273fa5b1365f
2026-09-28;plage_de_sevrier;AROMEHD;2026-09-28T12:00;1.4;1.6;270.0;17.1;0.0;;0.0;6.0;100.0;100.0;45.86;6.16;0.0;2026-09-27T19:15:00+02:00;2026-09-27T22:18:35+02:00;273fa5b1365f
2026-09-28;plage_de_sevrier;AROMEHD;2026-09-28T13:00;1.2;1.4;288.0;17.9;0.0;;0.0;0.0;100.0;100.0;45.86;6.16;0.0;2026-09-27T19:15:00+02:00;2026-09-27T22:18:35+02:00;273fa5b1365f
2026-09-28;plage_de_sevrier;AROMEHD;2026-09-28T14:00;0.8;1.6;256.0;18.8;0.0;;0.0;0.0;100.0;100.0;45.86;6.16;0.0;2026-09-27T19:15:00+02:00;2026-09-27T22:18:35+02:00;273fa5b1365f
2026-09-28;plage_de_sevrier;AROMEHD;2026-09-28T15:00;0.4;1.0;270.0;19.3;0.0;;0.0;0.0;100.0;100.0;45.86;6.16;0.0;2026-09-27T19:15:00+02:00;2026-09-27T22:18:35+02:00;273fa5b1365f
2026-09-28;plage_de_sevrier;AROMEHD;2026-09-28T16:00;0.4;0.4;117.0;20.1;0.0;;0.0;0.0;100.0;100.0;45.86;6.16;0.0;2026-09-27T19:15:00+02:00;2026-09-27T22:18:35+02:00;273fa5b1365f
2026-09-28;plage_de_sevrier;AROMEHD;2026-09-28T17:00;1.0;1.2;79.0;20.7;0.0;;0.0;0.0;100.0;100.0;45.86;6.16;0.0;2026-09-27T19:15:00+02:00;2026-09-27T22:18:35+02:00;273fa5b1365f
2026-09-28;plage_de_sevrier;AROMEHD;2026-09-28T18:00;1.0;1.2;143.0;20.9;0.0;;0.0;28.0;100.0;100.0;45.86;6.16;0.0;2026-09-27T19:15:00+02:00;2026-09-27T22:18:35+02:00;273fa5b1365f
2026-09-28;plage_de_sevrier;AROMEHD;2026-09-28T19:00;1.4;2.1;172.0;21.2;0.0;;0.0;29.0;100.0;100.0;45.86;6.16;0.0;2026-09-27T19:15:00+02:00;2026-09-27T22:18:35+02:00;273fa5b1365f
2026-09-28;plage_de_sevrier;AROMEHD;2026-09-28T20:00;2.4;2.3;125.0;20.9;0.0;;0.0;5.0;100.0;100.0;45.86;6.16;0.0;2026-09-27T19:15:00+02:00;2026-09-27T22:18:35+02:00;273fa5b1365f
2026-09-28;plage_de_sevrier;AROMEHD;2026-09-28T21:00;2.6;3.1;126.0;20.4;0.0;;0.0;98.0;100.0;100.0;45.86;6.16;0.0;2026-09-27T19:15:00+02:00;2026-09-27T22:18:35+02:00;273fa5b1365f
2026-09-28;plage_de_sevrier;AROMEHD;2026-09-28T22:00;2.6;2.9;167.0;19.9;0.0;;0.0;29.0;100.0;100.0;45.86;6.16;0.0;2026-09-27T19:15:00+02:00;2026-09-27T22:18:35+02:00;273fa5b1365f
2026-09-28;plage_de_sevrier;AROMEHD;2026-09-28T23:00;4.5;4.5;137.0;19.8;0.0;;0.0;0.0;55.0;55.0;45.86;6.16;0.0;2026-09-27T19:15:00+02:00;2026-09-27T22:18:35+02:00;273fa5b1365f
2026-09-28;plage_de_sevrier;AROMEHD;2026-09-29T00:00;3.2;5.1;155.0;19.3;0.0;;0.0;0.0;100.0;100.0;45.86;6.16;0.0;2026-09-27T19:15:00+02:00;2026-09-27T22:18:35+02:00;273fa5b1365f
2026-09-28;plage_de_sevrier;ICONCH1;2026-09-28T01:00;1.4;3.7;225.0;19.8;0.0;31.0;0.0;31.0;0.0;31.0;45.86465;6.164917;0.0;2026-09-27T19:15:00+02:00;2026-09-27T22:18:35+02:00;273fa5b1365f
2026-09-28;plage_de_sevrier;ICONCH1;2026-09-28T02:00;2.5;3.3;360.0;19.3;0.0;63.0;0.0;63.0;0.0;63.0;45.86465;6.164917;0.0;2026-09-27T19:15:00+02:00;2026-09-27T22:18:35+02:00;273fa5b1365f
2026-09-28;plage_de_sevrier;ICONCH1;2026-09-28T03:00;1.9;3.9;233.0;19.3;0.0;89.0;0.0;60.0;65.0;89.0;45.86465;6.164917;0.0;2026-09-27T19:15:00+02:00;2026-09-27T22:18:35+02:00;273fa5b1365f
2026-09-28;plage_de_sevrier;ICONCH1;2026-09-28T04:00;0.8;2.7;180.0;19.4;0.0;98.0;0.0;27.0;95.0;98.0;45.86465;6.164917;0.0;2026-09-27T19:15:00+02:00;2026-09-27T22:18:35+02:00;273fa5b1365f
2026-09-28;plage_de_sevrier;ICONCH1;2026-09-28T05:00;0.9;1.2;333.0;18.9;0.0;75.0;0.0;72.0;17.0;75.0;45.86465;6.164917;0.0;2026-09-27T19:15:00+02:00;2026-09-27T22:18:35+02:00;273fa5b1365f
2026-09-28;plage_de_sevrier;ICONCH1;2026-09-28T06:00;0.6;2.5;342.0;18.2;0.0;86.0;0.0;29.0;72.0;86.0;45.86465;6.164917;0.0;2026-09-27T19:15:00+02:00;2026-09-27T22:18:35+02:00;273fa5b1365f
2026-09-28;plage_de_sevrier;ICONCH1;2026-09-28T07:00;1.0;1.7;233.0;18.7;0.0;98.0;0.0;92.0;97.0;98.0;45.86465;6.164917;0.0;2026-09-27T19:15:00+02:00;2026-09-27T22:18:35+02:00;273fa5b1365f
2026-09-28;plage_de_sevrier;ICONCH1;2026-09-28T08:00;2.1;3.1;360.0;17.5;0.0;88.0;0.0;87.0;66.0;88.0;45.86465;6.164917;0.0;2026-09-27T19:15:00+02:00;2026-09-27T22:18:35+02:00;273fa5b1365f
2026-09-28;plage_de_sevrier;ICONCH1;2026-09-28T09:00;1.4;3.3;344.0;17.4;0.0;0.0;0.0;0.0;0.0;0.0;45.86465;6.164917;0.0;2026-09-27T19:15:00+02:00;2026-09-27T22:18:35+02:00;273fa5b1365f
2026-09-28;plage_de_sevrier;ICONCH1;2026-09-28T10:00;1.8;2.9;6.0;18.0;0.0;74.0;0.0;32.0;58.0;74.0;45.86465;6.164917;0.0;2026-09-27T19:15:00+02:00;2026-09-27T22:18:35+02:00;273fa5b1365f
2026-09-28;plage_de_sevrier;ICONCH1;2026-09-28T11:00;5.2;6.8;13.0;19.3;0.0;67.0;0.0;67.0;1.0;67.0;45.86465;6.164917;0.0;2026-09-27T19:15:00+02:00;2026-09-27T22:18:35+02:00;273fa5b1365f
2026-09-28;plage_de_sevrier;ICONCH1;2026-09-28T12:00;8.9;11.3;10.0;21.4;0.0;66.0;0.0;12.0;57.0;66.0;45.86465;6.164917;0.0;2026-09-27T19:15:00+02:00;2026-09-27T22:18:35+02:00;273fa5b1365f
2026-09-28;plage_de_sevrier;ICONCH1;2026-09-28T13:00;9.0;11.7;13.0;22.8;0.0;80.0;0.0;79.0;5.0;80.0;45.86465;6.164917;0.0;2026-09-27T19:15:00+02:00;2026-09-27T22:18:35+02:00;273fa5b1365f
2026-09-28;plage_de_sevrier;ICONCH1;2026-09-28T14:00;7.6;11.5;359.0;24.3;0.0;100.0;0.0;16.0;100.0;100.0;45.86465;6.164917;0.0;2026-09-27T19:15:00+02:00;2026-09-27T22:18:35+02:00;273fa5b1365f
2026-09-28;plage_de_sevrier;ICONCH1;2026-09-28T15:00;6.4;9.5;348.0;25.0;0.0;81.0;0.0;68.0;45.0;81.0;45.86465;6.164917;0.0;2026-09-27T19:15:00+02:00;2026-09-27T22:18:35+02:00;273fa5b1365f
2026-09-28;plage_de_sevrier;ICONCH1;2026-09-28T16:00;5.4;8.0;314.0;25.6;0.0;100.0;0.0;100.0;100.0;100.0;45.86465;6.164917;0.0;2026-09-27T19:15:00+02:00;2026-09-27T22:18:35+02:00;273fa5b1365f
2026-09-28;plage_de_sevrier;ICONCH1;2026-09-28T17:00;5.2;7.4;285.0;25.6;0.0;100.0;0.0;78.0;100.0;100.0;45.86465;6.164917;0.0;2026-09-27T19:15:00+02:00;2026-09-27T22:18:35+02:00;273fa5b1365f
2026-09-28;plage_de_sevrier;ICONCH1;2026-09-28T18:00;3.9;7.0;307.0;25.3;0.0;95.0;0.0;34.0;91.0;95.0;45.86465;6.164917;0.0;2026-09-27T19:15:00+02:00;2026-09-27T22:18:35+02:00;273fa5b1365f
2026-09-28;plage_de_sevrier;ICONCH1;2026-09-28T19:00;3.2;6.2;295.0;24.8;0.0;100.0;0.0;6.0;100.0;100.0;45.86465;6.164917;0.0;2026-09-27T19:15:00+02:00;2026-09-27T22:18:35+02:00;273fa5b1365f
2026-09-28;plage_de_sevrier;ICONCH1;2026-09-28T20:00;2.2;4.5;15.0;23.8;0.0;100.0;0.0;84.0;100.0;100.0;45.86465;6.164917;0.0;2026-09-27T19:15:00+02:00;2026-09-27T22:18:35+02:00;273fa5b1365f
2026-09-28;plage_de_sevrier;ICONCH1;2026-09-28T21:00;2.1;4.3;202.0;22.2;0.0;100.0;0.0;91.0;100.0;100.0;45.86465;6.164917;0.0;2026-09-27T19:15:00+02:00;2026-09-27T22:18:35+02:00;273fa5b1365f
2026-09-28;plage_de_sevrier;ICONCH1;2026-09-28T22:00;2.2;3.3;315.0;22.5;0.0;100.0;0.0;76.0;100.0;100.0;45.86465;6.164917;0.0;2026-09-27T19:15:00+02:00;2026-09-27T22:18:35+02:00;273fa5b1365f
2026-09-28;plage_de_sevrier;ICONCH1;2026-09-28T23:00;2.1;3.9;202.0;20.7;0.0;100.0;0.0;96.0;100.0;100.0;45.86465;6.164917;0.0;2026-09-27T19:15:00+02:00;2026-09-27T22:18:35+02:00;273fa5b1365f
2026-09-28;pont_darciat;AROMEHD;2026-09-28T01:00;5.9;8.0;191.0;18.2;0.0;;0.0;0.0;100.0;100.0;46.25;4.8099995;169.0;2026-09-27T19:15:00+02:00;2026-09-27T22:18:35+02:00;273fa5b1365f
2026-09-28;pont_darciat;AROMEHD;2026-09-28T02:00;6.1;8.6;198.0;17.9;0.0;;0.0;0.0;100.0;100.0;46.25;4.8099995;169.0;2026-09-27T19:15:00+02:00;2026-09-27T22:18:35+02:00;273fa5b1365f
2026-09-28;pont_darciat;AROMEHD;2026-09-28T03:00;5.2;8.6;193.0;17.6;0.0;;0.0;12.0;100.0;100.0;46.25;4.8099995;169.0;2026-09-27T19:15:00+02:00;2026-09-27T22:18:35+02:00;273fa5b1365f
2026-09-28;pont_darciat;AROMEHD;2026-09-28T04:00;4.9;7.0;187.0;17.3;0.0;;0.0;98.0;100.0;100.0;46.25;4.8099995;169.0;2026-09-27T19:15:00+02:00;2026-09-27T22:18:35+02:00;273fa5b1365f
2026-09-28;pont_darciat;AROMEHD;2026-09-28T05:00;4.1;6.2;172.0;16.5;0.0;;0.0;97.0;100.0;100.0;46.25;4.8099995;169.0;2026-09-27T19:15:00+02:00;2026-09-27T22:18:35+02:00;273fa5b1365f
2026-09-28;pont_darciat;AROMEHD;2026-09-28T06:00;4.9;6.0;180.0;16.6;0.0;;0.0;63.0;100.0;100.0;46.25;4.8099995;169.0;2026-09-27T19:15:00+02:00;2026-09-27T22:18:35+02:00;273fa5b1365f
2026-09-28;pont_darciat;AROMEHD;2026-09-28T07:00;4.1;6.0;175.0;15.8;0.0;;0.0;75.0;100.0;100.0;46.25;4.8099995;169.0;2026-09-27T19:15:00+02:00;2026-09-27T22:18:35+02:00;273fa5b1365f
2026-09-28;pont_darciat;AROMEHD;2026-09-28T08:00;3.7;5.1;174.0;15.3;0.0;;0.0;99.0;100.0;100.0;46.25;4.8099995;169.0;2026-09-27T19:15:00+02:00;2026-09-27T22:18:35+02:00;273fa5b1365f
2026-09-28;pont_darciat;AROMEHD;2026-09-28T09:00;3.0;4.7;165.0;16.3;0.0;;0.0;100.0;100.0;100.0;46.25;4.8099995;169.0;2026-09-27T19:15:00+02:00;2026-09-27T22:18:35+02:00;273fa5b1365f
2026-09-28;pont_darciat;AROMEHD;2026-09-28T10:00;5.8;9.7;194.0;19.3;0.0;;0.0;99.0;100.0;100.0;46.25;4.8099995;169.0;2026-09-27T19:15:00+02:00;2026-09-27T22:18:35+02:00;273fa5b1365f
2026-09-28;pont_darciat;AROMEHD;2026-09-28T11:00;7.4;12.2;198.0;21.3;0.0;;0.0;0.0;100.0;100.0;46.25;4.8099995;169.0;2026-09-27T19:15:00+02:00;2026-09-27T22:18:35+02:00;273fa5b1365f
2026-09-28;pont_darciat;AROMEHD;2026-09-28T12:00;7.6;12.6;203.0;23.4;0.0;;0.0;50.0;100.0;100.0;46.25;4.8099995;169.0;2026-09-27T19:15:00+02:00;2026-09-27T22:18:35+02:00;273fa5b1365f
2026-09-28;pont_darciat;AROMEHD;2026-09-28T13:00;7.2;12.4;207.0;24.8;0.0;;0.0;89.0;100.0;100.0;46.25;4.8099995;169.0;2026-09-27T19:15:00+02:00;2026-09-27T22:18:35+02:00;273fa5b1365f
2026-09-28;pont_darciat;AROMEHD;2026-09-28T14:00;8.6;14.4;194.0;26.0;0.0;;0.0;100.0;100.0;100.0;46.25;4.8099995;169.0;2026-09-27T19:15:00+02:00;2026-09-27T22:18:35+02:00;273fa5b1365f
2026-09-28;pont_darciat;AROMEHD;2026-09-28T15:00;9.2;15.0;184.0;26.5;0.0;;0.0;100.0;100.0;100.0;46.25;4.8099995;169.0;2026-09-27T19:15:00+02:00;2026-09-27T22:18:35+02:00;273fa5b1365f
2026-09-28;pont_darciat;AROMEHD;2026-09-28T16:00;9.0;15.2;186.0;26.9;0.0;;0.0;100.0;100.0;100.0;46.25;4.8099995;169.0;2026-09-27T19:15:00+02:00;2026-09-27T22:18:35+02:00;273fa5b1365f
2026-09-28;pont_darciat;AROMEHD;2026-09-28T17:00;10.5;17.1;177.0;27.0;0.0;;0.0;100.0;100.0;100.0;46.25;4.8099995;169.0;2026-09-27T19:15:00+02:00;2026-09-27T22:18:35+02:00;273fa5b1365f
2026-09-28;pont_darciat;AROMEHD;2026-09-28T18:00;10.2;16.1;159.0;26.3;0.0;;0.0;45.0;100.0;100.0;46.25;4.8099995;169.0;2026-09-27T19:15:00+02:00;2026-09-27T22:18:35+02:00;273fa5b1365f
2026-09-28;pont_darciat;AROMEHD;2026-09-28T19:00;9.6;15.2;151.0;25.4;0.0;;0.0;84.0;100.0;100.0;46.25;4.8099995;169.0;2026-09-27T19:15:00+02:00;2026-09-27T22:18:35+02:00;273fa5b1365f
2026-09-28;pont_darciat;AROMEHD;2026-09-28T20:00;7.7;14.4;150.0;24.0;0.0;;0.0;0.0;100.0;100.0;46.25;4.8099995;169.0;2026-09-27T19:15:00+02:00;2026-09-27T22:18:35+02:00;273fa5b1365f
2026-09-28;pont_darciat;AROMEHD;2026-09-28T21:00;7.0;10.9;157.0;22.6;0.0;;0.0;0.0;100.0;100.0;46.25;4.8099995;169.0;2026-09-27T19:15:00+02:00;2026-09-27T22:18:35+02:00;273fa5b1365f
2026-09-28;pont_darciat;AROMEHD;2026-09-28T22:00;6.0;10.7;178.0;21.5;0.0;;0.0;0.0;100.0;100.0;46.25;4.8099995;169.0;2026-09-27T19:15:00+02:00;2026-09-27T22:18:35+02:00;273fa5b1365f
2026-09-28;pont_darciat;AROMEHD;2026-09-28T23:00;5.9;9.1;212.0;20.3;0.0;;0.0;0.0;100.0;100.0;46.25;4.8099995;169.0;2026-09-27T19:15:00+02:00;2026-09-27T22:18:35+02:00;273fa5b1365f
2026-09-28;pont_darciat;AROMEHD;2026-09-29T00:00;5.3;8.6;197.0;19.5;0.0;;0.0;0.0;100.0;100.0;46.25;4.8099995;169.0;2026-09-27T19:15:00+02:00;2026-09-27T22:18:35+02:00;273fa5b1365f
2026-09-28;pont_darciat;ICONCH1;2026-09-28T01:00;3.9;6.0;198.0;18.9;0.0;81.0;0.0;81.0;1.0;81.0;46.25097;4.8050537;172.0;2026-09-27T19:15:00+02:00;2026-09-27T22:18:35+02:00;273fa5b1365f
2026-09-28;pont_darciat;ICONCH1;2026-09-28T02:00;4.4;6.6;203.0;18.2;0.0;69.0;0.0;69.0;3.0;69.0;46.25097;4.8050537;172.0;2026-09-27T19:15:00+02:00;2026-09-27T22:18:35+02:00;273fa5b1365f
2026-09-28;pont_darciat;ICONCH1;2026-09-28T03:00;4.9;7.4;203.0;17.1;0.0;86.0;0.0;75.0;44.0;86.0;46.25097;4.8050537;172.0;2026-09-27T19:15:00+02:00;2026-09-27T22:18:35+02:00;273fa5b1365f
2026-09-28;pont_darciat;ICONCH1;2026-09-28T04:00;4.8;7.8;201.0;16.5;0.0;100.0;0.0;100.0;91.0;100.0;46.25097;4.8050537;172.0;2026-09-27T19:15:00+02:00;2026-09-27T22:18:35+02:00;273fa5b1365f
2026-09-28;pont_darciat;ICONCH1;2026-09-28T05:00;4.8;7.4;194.0;16.3;0.0;90.0;0.0;84.0;68.0;90.0;46.25097;4.8050537;172.0;2026-09-27T19:15:00+02:00;2026-09-27T22:18:35+02:00;273fa5b1365f
2026-09-28;pont_darciat;ICONCH1;2026-09-28T06:00;3.8;7.4;195.0;16.1;0.0;97.0;0.0;95.0;90.0;97.0;46.25097;4.8050537;172.0;2026-09-27T19:15:00+02:00;2026-09-27T22:18:35+02:00;273fa5b1365f
2026-09-28;pont_darciat;ICONCH1;2026-09-28T07:00;3.7;5.8;186.0;15.9;0.0;96.0;0.0;91.0;89.0;96.0;46.25097;4.8050537;172.0;2026-09-27T19:15:00+02:00;2026-09-27T22:18:35+02:00;273fa5b1365f
2026-09-28;pont_darciat;ICONCH1;2026-09-28T08:00;3.7;5.6;183.0;15.8;0.0;100.0;0.0;100.0;100.0;100.0;46.25097;4.8050537;172.0;2026-09-27T19:15:00+02:00;2026-09-27T22:18:35+02:00;273fa5b1365f
2026-09-28;pont_darciat;ICONCH1;2026-09-28T09:00;4.7;7.4;185.0;16.8;0.0;80.0;0.0;69.0;49.0;80.0;46.25097;4.8050537;172.0;2026-09-27T19:15:00+02:00;2026-09-27T22:18:35+02:00;273fa5b1365f
2026-09-28;pont_darciat;ICONCH1;2026-09-28T10:00;6.7;10.7;190.0;18.9;0.0;100.0;0.0;75.0;100.0;100.0;46.25097;4.8050537;172.0;2026-09-27T19:15:00+02:00;2026-09-27T22:18:35+02:00;273fa5b1365f
2026-09-28;pont_darciat;ICONCH1;2026-09-28T11:00;7.5;12.1;195.0;20.8;0.0;100.0;0.0;92.0;100.0;100.0;46.25097;4.8050537;172.0;2026-09-27T19:15:00+02:00;2026-09-27T22:18:35+02:00;273fa5b1365f
2026-09-28;pont_darciat;ICONCH1;2026-09-28T12:00;8.3;13.4;195.0;23.4;0.0;100.0;0.0;88.0;100.0;100.0;46.25097;4.8050537;172.0;2026-09-27T19:15:00+02:00;2026-09-27T22:18:35+02:00;273fa5b1365f
2026-09-28;pont_darciat;ICONCH1;2026-09-28T13:00;10.1;16.3;183.0;25.3;0.0;100.0;0.0;96.0;100.0;100.0;46.25097;4.8050537;172.0;2026-09-27T19:15:00+02:00;2026-09-27T22:18:35+02:00;273fa5b1365f
2026-09-28;pont_darciat;ICONCH1;2026-09-28T14:00;11.3;18.1;183.0;27.1;0.0;100.0;0.0;35.0;100.0;100.0;46.25097;4.8050537;172.0;2026-09-27T19:15:00+02:00;2026-09-27T22:18:35+02:00;273fa5b1365f
2026-09-28;pont_darciat;ICONCH1;2026-09-28T15:00;14.2;22.2;180.0;28.1;0.0;100.0;0.0;69.0;100.0;100.0;46.25097;4.8050537;172.0;2026-09-27T19:15:00+02:00;2026-09-27T22:18:35+02:00;273fa5b1365f
2026-09-28;pont_darciat;ICONCH1;2026-09-28T16:00;13.0;22.5;178.0;28.7;0.0;87.0;0.0;86.0;40.0;87.0;46.25097;4.8050537;172.0;2026-09-27T19:15:00+02:00;2026-09-27T22:18:35+02:00;273fa5b1365f
2026-09-28;pont_darciat;ICONCH1;2026-09-28T17:00;13.0;20.8;179.0;28.6;0.0;100.0;0.0;77.0;100.0;100.0;46.25097;4.8050537;172.0;2026-09-27T19:15:00+02:00;2026-09-27T22:18:35+02:00;273fa5b1365f
2026-09-28;pont_darciat;ICONCH1;2026-09-28T18:00;13.3;20.4;169.0;27.8;0.0;100.0;0.0;90.0;100.0;100.0;46.25097;4.8050537;172.0;2026-09-27T19:15:00+02:00;2026-09-27T22:18:35+02:00;273fa5b1365f
2026-09-28;pont_darciat;ICONCH1;2026-09-28T19:00;11.3;20.6;159.0;26.3;0.0;100.0;0.0;74.0;100.0;100.0;46.25097;4.8050537;172.0;2026-09-27T19:15:00+02:00;2026-09-27T22:18:35+02:00;273fa5b1365f
2026-09-28;pont_darciat;ICONCH1;2026-09-28T20:00;9.1;17.1;165.0;24.1;0.0;100.0;0.0;46.0;100.0;100.0;46.25097;4.8050537;172.0;2026-09-27T19:15:00+02:00;2026-09-27T22:18:35+02:00;273fa5b1365f
2026-09-28;pont_darciat;ICONCH1;2026-09-28T21:00;6.2;13.8;185.0;21.9;0.0;100.0;0.0;0.0;100.0;100.0;46.25097;4.8050537;172.0;2026-09-27T19:15:00+02:00;2026-09-27T22:18:35+02:00;273fa5b1365f
2026-09-28;pont_darciat;ICONCH1;2026-09-28T22:00;4.7;9.3;173.0;19.9;0.0;74.0;0.0;5.0;71.0;74.0;46.25097;4.8050537;172.0;2026-09-27T19:15:00+02:00;2026-09-27T22:18:35+02:00;273fa5b1365f
2026-09-28;pont_darciat;ICONCH1;2026-09-28T23:00;5.2;7.8;207.0;18.1;0.0;100.0;0.0;43.0;100.0;100.0;46.25097;4.8050537;172.0;2026-09-27T19:15:00+02:00;2026-09-27T22:18:35+02:00;273fa5b1365f
2026-09-28;pont_de_chavanay;AROMEHD;2026-09-28T01:00;4.7;8.0;175.0;19.1;0.0;;0.0;0.0;100.0;100.0;45.42;4.75;141.0;2026-09-27T19:15:00+02:00;2026-09-27T22:18:35+02:00;273fa5b1365f
2026-09-28;pont_de_chavanay;AROMEHD;2026-09-28T02:00;5.5;9.9;186.0;18.8;0.0;;0.0;0.0;100.0;100.0;45.42;4.75;141.0;2026-09-27T19:15:00+02:00;2026-09-27T22:18:35+02:00;273fa5b1365f
2026-09-28;pont_de_chavanay;AROMEHD;2026-09-28T03:00;5.7;10.5;184.0;18.5;0.0;;0.0;4.0;99.0;99.0;45.42;4.75;141.0;2026-09-27T19:15:00+02:00;2026-09-27T22:18:35+02:00;273fa5b1365f
2026-09-28;pont_de_chavanay;AROMEHD;2026-09-28T04:00;5.8;10.1;180.0;18.2;0.0;;0.0;85.0;100.0;100.0;45.42;4.75;141.0;2026-09-27T19:15:00+02:00;2026-09-27T22:18:35+02:00;273fa5b1365f
2026-09-28;pont_de_chavanay;AROMEHD;2026-09-28T05:00;6.4;11.5;175.0;18.2;0.0;;0.0;100.0;100.0;100.0;45.42;4.75;141.0;2026-09-27T19:15:00+02:00;2026-09-27T22:18:35+02:00;273fa5b1365f
2026-09-28;pont_de_chavanay;AROMEHD;2026-09-28T06:00;6.5;11.7;171.0;18.2;0.0;;0.0;100.0;100.0;100.0;45.42;4.75;141.0;2026-09-27T19:15:00+02:00;2026-09-27T22:18:35+02:00;273fa5b1365f
2026-09-28;pont_de_chavanay;AROMEHD;2026-09-28T07:00;5.7;11.7;174.0;17.9;0.0;;0.0;100.0;100.0;100.0;45.42;4.75;141.0;2026-09-27T19:15:00+02:00;2026-09-27T22:18:35+02:00;273fa5b1365f
2026-09-28;pont_de_chavanay;AROMEHD;2026-09-28T08:00;5.1;10.1;169.0;17.6;0.0;;0.0;0.0;100.0;100.0;45.42;4.75;141.0;2026-09-27T19:15:00+02:00;2026-09-27T22:18:35+02:00;273fa5b1365f
2026-09-28;pont_de_chavanay;AROMEHD;2026-09-28T09:00;3.9;9.3;180.0;18.3;0.0;;0.0;0.0;100.0;100.0;45.42;4.75;141.0;2026-09-27T19:15:00+02:00;2026-09-27T22:18:35+02:00;273fa5b1365f
2026-09-28;pont_de_chavanay;AROMEHD;2026-09-28T10:00;5.0;9.7;169.0;20.5;0.0;;0.0;0.0;100.0;100.0;45.42;4.75;141.0;2026-09-27T19:15:00+02:00;2026-09-27T22:18:35+02:00;273fa5b1365f
2026-09-28;pont_de_chavanay;AROMEHD;2026-09-28T11:00;9.7;17.5;158.0;24.1;0.0;;0.0;0.0;100.0;100.0;45.42;4.75;141.0;2026-09-27T19:15:00+02:00;2026-09-27T22:18:35+02:00;273fa5b1365f
2026-09-28;pont_de_chavanay;AROMEHD;2026-09-28T12:00;11.8;21.0;167.0;25.5;0.0;;0.0;0.0;100.0;100.0;45.42;4.75;141.0;2026-09-27T19:15:00+02:00;2026-09-27T22:18:35+02:00;273fa5b1365f
2026-09-28;pont_de_chavanay;AROMEHD;2026-09-28T13:00;12.2;22.5;171.0;26.5;0.0;;0.0;0.0;100.0;100.0;45.42;4.75;141.0;2026-09-27T19:15:00+02:00;2026-09-27T22:18:35+02:00;273fa5b1365f
2026-09-28;pont_de_chavanay;AROMEHD;2026-09-28T14:00;11.8;22.0;171.0;27.2;0.0;;0.0;22.0;100.0;100.0;45.42;4.75;141.0;2026-09-27T19:15:00+02:00;2026-09-27T22:18:35+02:00;273fa5b1365f
2026-09-28;pont_de_chavanay;AROMEHD;2026-09-28T15:00;11.4;21.6;173.0;27.6;0.0;;0.0;9.0;100.0;100.0;45.42;4.75;141.0;2026-09-27T19:15:00+02:00;2026-09-27T22:18:35+02:00;273fa5b1365f
2026-09-28;pont_de_chavanay;AROMEHD;2026-09-28T16:00;10.9;20.6;182.0;27.7;0.0;;0.0;45.0;100.0;100.0;45.42;4.75;141.0;2026-09-27T19:15:00+02:00;2026-09-27T22:18:35+02:00;273fa5b1365f
2026-09-28;pont_de_chavanay;AROMEHD;2026-09-28T17:00;10.7;21.0;184.0;27.0;0.0;;0.0;99.0;100.0;100.0;45.42;4.75;141.0;2026-09-27T19:15:00+02:00;2026-09-27T22:18:35+02:00;273fa5b1365f
2026-09-28;pont_de_chavanay;AROMEHD;2026-09-28T18:00;10.1;19.6;176.0;26.3;0.0;;0.0;27.0;100.0;100.0;45.42;4.75;141.0;2026-09-27T19:15:00+02:00;2026-09-27T22:18:35+02:00;273fa5b1365f
2026-09-28;pont_de_chavanay;AROMEHD;2026-09-28T19:00;5.9;17.5;191.0;25.3;0.0;;0.0;0.0;100.0;100.0;45.42;4.75;141.0;2026-09-27T19:15:00+02:00;2026-09-27T22:18:35+02:00;273fa5b1365f
2026-09-28;pont_de_chavanay;AROMEHD;2026-09-28T20:00;4.9;10.1;178.0;23.9;0.0;;0.0;0.0;100.0;100.0;45.42;4.75;141.0;2026-09-27T19:15:00+02:00;2026-09-27T22:18:35+02:00;273fa5b1365f
2026-09-28;pont_de_chavanay;AROMEHD;2026-09-28T21:00;3.2;7.6;166.0;22.3;0.0;;0.0;0.0;100.0;100.0;45.42;4.75;141.0;2026-09-27T19:15:00+02:00;2026-09-27T22:18:35+02:00;273fa5b1365f
2026-09-28;pont_de_chavanay;AROMEHD;2026-09-28T22:00;4.4;7.4;159.0;21.4;0.0;;0.0;0.0;100.0;100.0;45.42;4.75;141.0;2026-09-27T19:15:00+02:00;2026-09-27T22:18:35+02:00;273fa5b1365f
2026-09-28;pont_de_chavanay;AROMEHD;2026-09-28T23:00;7.3;12.2;171.0;21.1;0.0;;0.0;0.0;100.0;100.0;45.42;4.75;141.0;2026-09-27T19:15:00+02:00;2026-09-27T22:18:35+02:00;273fa5b1365f
2026-09-28;pont_de_chavanay;AROMEHD;2026-09-29T00:00;7.9;13.4;169.0;20.7;0.0;;0.0;66.0;100.0;100.0;45.42;4.75;141.0;2026-09-27T19:15:00+02:00;2026-09-27T22:18:35+02:00;273fa5b1365f
2026-09-28;pont_de_chavanay;ICONCH1;2026-09-28T01:00;1.3;3.1;297.0;18.0;0.0;26.0;0.0;26.0;0.0;26.0;45.416153;4.741211;147.0;2026-09-27T19:15:00+02:00;2026-09-27T22:18:35+02:00;273fa5b1365f
2026-09-28;pont_de_chavanay;ICONCH1;2026-09-28T02:00;2.0;2.9;299.0;17.0;0.0;87.0;0.0;49.0;64.0;87.0;45.416153;4.741211;147.0;2026-09-27T19:15:00+02:00;2026-09-27T22:18:35+02:00;273fa5b1365f
2026-09-28;pont_de_chavanay;ICONCH1;2026-09-28T03:00;1.8;2.7;288.0;16.8;0.0;90.0;0.0;81.0;72.0;90.0;45.416153;4.741211;147.0;2026-09-27T19:15:00+02:00;2026-09-27T22:18:35+02:00;273fa5b1365f
2026-09-28;pont_de_chavanay;ICONCH1;2026-09-28T04:00;2.1;3.3;270.0;16.1;0.0;96.0;0.0;16.0;93.0;96.0;45.416153;4.741211;147.0;2026-09-27T19:15:00+02:00;2026-09-27T22:18:35+02:00;273fa5b1365f
2026-09-28;pont_de_chavanay;ICONCH1;2026-09-28T05:00;1.8;3.1;252.0;15.7;0.0;94.0;0.0;70.0;89.0;94.0;45.416153;4.741211;147.0;2026-09-27T19:15:00+02:00;2026-09-27T22:18:35+02:00;273fa5b1365f
2026-09-28;pont_de_chavanay;ICONCH1;2026-09-28T06:00;1.7;2.7;243.0;15.6;0.0;94.0;0.0;90.0;83.0;94.0;45.416153;4.741211;147.0;2026-09-27T19:15:00+02:00;2026-09-27T22:18:35+02:00;273fa5b1365f
2026-09-28;pont_de_chavanay;ICONCH1;2026-09-28T07:00;1.4;2.5;225.0;15.7;0.0;100.0;0.0;100.0;93.0;100.0;45.416153;4.741211;147.0;2026-09-27T19:15:00+02:00;2026-09-27T22:18:35+02:00;273fa5b1365f
2026-09-28;pont_de_chavanay;ICONCH1;2026-09-28T08:00;0.4;1.9;297.0;16.1;0.0;88.0;0.0;82.0;47.0;88.0;45.416153;4.741211;147.0;2026-09-27T19:15:00+02:00;2026-09-27T22:18:35+02:00;273fa5b1365f
2026-09-28;pont_de_chavanay;ICONCH1;2026-09-28T09:00;0.5;0.8;45.0;16.9;0.0;89.0;10.0;84.0;18.0;89.0;45.416153;4.741211;147.0;2026-09-27T19:15:00+02:00;2026-09-27T22:18:35+02:00;273fa5b1365f
2026-09-28;pont_de_chavanay;ICONCH1;2026-09-28T10:00;8.4;12.8;146.0;20.2;0.0;100.0;0.0;61.0;100.0;100.0;45.416153;4.741211;147.0;2026-09-27T19:15:00+02:00;2026-09-27T22:18:35+02:00;273fa5b1365f
2026-09-28;pont_de_chavanay;ICONCH1;2026-09-28T11:00;10.6;16.3;148.0;23.5;0.0;100.0;0.0;42.0;100.0;100.0;45.416153;4.741211;147.0;2026-09-27T19:15:00+02:00;2026-09-27T22:18:35+02:00;273fa5b1365f
2026-09-28;pont_de_chavanay;ICONCH1;2026-09-28T12:00;13.6;20.8;170.0;25.7;0.0;100.0;0.0;54.0;100.0;100.0;45.416153;4.741211;147.0;2026-09-27T19:15:00+02:00;2026-09-27T22:18:35+02:00;273fa5b1365f
2026-09-28;pont_de_chavanay;ICONCH1;2026-09-28T13:00;14.5;22.2;173.0;26.8;0.0;100.0;0.0;75.0;100.0;100.0;45.416153;4.741211;147.0;2026-09-27T19:15:00+02:00;2026-09-27T22:18:35+02:00;273fa5b1365f
2026-09-28;pont_de_chavanay;ICONCH1;2026-09-28T14:00;15.8;24.3;176.0;27.7;0.0;100.0;0.0;100.0;100.0;100.0;45.416153;4.741211;147.0;2026-09-27T19:15:00+02:00;2026-09-27T22:18:35+02:00;273fa5b1365f
2026-09-28;pont_de_chavanay;ICONCH1;2026-09-28T15:00;15.4;24.3;179.0;27.8;0.0;100.0;0.0;100.0;100.0;100.0;45.416153;4.741211;147.0;2026-09-27T19:15:00+02:00;2026-09-27T22:18:35+02:00;273fa5b1365f
2026-09-28;pont_de_chavanay;ICONCH1;2026-09-28T16:00;13.5;23.9;195.0;27.8;0.0;100.0;0.0;77.0;100.0;100.0;45.416153;4.741211;147.0;2026-09-27T19:15:00+02:00;2026-09-27T22:18:35+02:00;273fa5b1365f
2026-09-28;pont_de_chavanay;ICONCH1;2026-09-28T17:00;17.0;26.2;187.0;27.6;0.0;92.0;0.0;82.0;87.0;92.0;45.416153;4.741211;147.0;2026-09-27T19:15:00+02:00;2026-09-27T22:18:35+02:00;273fa5b1365f
2026-09-28;pont_de_chavanay;ICONCH1;2026-09-28T18:00;14.4;26.2;189.0;26.7;0.0;100.0;0.0;88.0;100.0;100.0;45.416153;4.741211;147.0;2026-09-27T19:15:00+02:00;2026-09-27T22:18:35+02:00;273fa5b1365f
2026-09-28;pont_de_chavanay;ICONCH1;2026-09-28T19:00;9.8;21.8;197.0;25.6;0.0;100.0;0.0;87.0;100.0;100.0;45.416153;4.741211;147.0;2026-09-27T19:15:00+02:00;2026-09-27T22:18:35+02:00;273fa5b1365f
2026-09-28;pont_de_chavanay;ICONCH1;2026-09-28T20:00;9.8;15.7;207.0;24.4;0.0;94.0;0.0;34.0;89.0;94.0;45.416153;4.741211;147.0;2026-09-27T19:15:00+02:00;2026-09-27T22:18:35+02:00;273fa5b1365f
2026-09-28;pont_de_chavanay;ICONCH1;2026-09-28T21:00;2.5;14.8;94.0;21.2;0.0;88.0;0.0;0.0;88.0;88.0;45.416153;4.741211;147.0;2026-09-27T19:15:00+02:00;2026-09-27T22:18:35+02:00;273fa5b1365f
2026-09-28;pont_de_chavanay;ICONCH1;2026-09-28T22:00;1.8;3.9;131.0;19.6;0.0;100.0;0.0;65.0;100.0;100.0;45.416153;4.741211;147.0;2026-09-27T19:15:00+02:00;2026-09-27T22:18:35+02:00;273fa5b1365f
2026-09-28;pont_de_chavanay;ICONCH1;2026-09-28T23:00;2.2;3.1;135.0;18.7;0.0;100.0;0.0;53.0;100.0;100.0;45.416153;4.741211;147.0;2026-09-27T19:15:00+02:00;2026-09-27T22:18:35+02:00;273fa5b1365f
2026-09-28;portes_les_valence;AROMEHD;2026-09-28T01:00;8.8;18.1;193.0;20.6;0.0;;0.0;0.0;100.0;100.0;44.87;4.8599987;101.0;2026-09-27T19:15:00+02:00;2026-09-27T22:18:35+02:00;273fa5b1365f
2026-09-28;portes_les_valence;AROMEHD;2026-09-28T02:00;7.3;14.2;197.0;19.9;0.0;;4.0;0.0;100.0;100.0;44.87;4.8599987;101.0;2026-09-27T19:15:00+02:00;2026-09-27T22:18:35+02:00;273fa5b1365f
2026-09-28;portes_les_valence;AROMEHD;2026-09-28T03:00;7.1;11.7;201.0;19.3;0.0;;0.0;6.0;34.0;34.0;44.87;4.8599987;101.0;2026-09-27T19:15:00+02:00;2026-09-27T22:18:35+02:00;273fa5b1365f
2026-09-28;portes_les_valence;AROMEHD;2026-09-28T04:00;6.6;11.3;201.0;18.9;0.0;;0.0;87.0;100.0;100.0;44.87;4.8599987;101.0;2026-09-27T19:15:00+02:00;2026-09-27T22:18:35+02:00;273fa5b1365f
2026-09-28;portes_les_valence;AROMEHD;2026-09-28T05:00;6.1;10.9;198.0;18.6;0.0;;1.0;87.0;100.0;100.0;44.87;4.8599987;101.0;2026-09-27T19:15:00+02:00;2026-09-27T22:18:35+02:00;273fa5b1365f
2026-09-28;portes_les_valence;AROMEHD;2026-09-28T06:00;6.0;9.7;195.0;18.2;0.0;;3.0;93.0;100.0;100.0;44.87;4.8599987;101.0;2026-09-27T19:15:00+02:00;2026-09-27T22:18:35+02:00;273fa5b1365f
2026-09-28;portes_les_valence;AROMEHD;2026-09-28T07:00;6.6;10.7;201.0;18.1;0.0;;0.0;4.0;100.0;100.0;44.87;4.8599987;101.0;2026-09-27T19:15:00+02:00;2026-09-27T22:18:35+02:00;273fa5b1365f
2026-09-28;portes_les_valence;AROMEHD;2026-09-28T08:00;6.7;11.1;202.0;17.7;0.0;;0.0;0.0;100.0;100.0;44.87;4.8599987;101.0;2026-09-27T19:15:00+02:00;2026-09-27T22:18:35+02:00;273fa5b1365f
2026-09-28;portes_les_valence;AROMEHD;2026-09-28T09:00;6.2;10.7;200.0;18.5;0.0;;0.0;4.0;100.0;100.0;44.87;4.8599987;101.0;2026-09-27T19:15:00+02:00;2026-09-27T22:18:35+02:00;273fa5b1365f
2026-09-28;portes_les_valence;AROMEHD;2026-09-28T10:00;7.2;12.6;204.0;20.8;0.0;;0.0;0.0;100.0;100.0;44.87;4.8599987;101.0;2026-09-27T19:15:00+02:00;2026-09-27T22:18:35+02:00;273fa5b1365f
2026-09-28;portes_les_valence;AROMEHD;2026-09-28T11:00;10.0;17.1;201.0;22.9;0.0;;0.0;0.0;100.0;100.0;44.87;4.8599987;101.0;2026-09-27T19:15:00+02:00;2026-09-27T22:18:35+02:00;273fa5b1365f
2026-09-28;portes_les_valence;AROMEHD;2026-09-28T12:00;13.0;22.2;194.0;24.5;0.0;;0.0;0.0;100.0;100.0;44.87;4.8599987;101.0;2026-09-27T19:15:00+02:00;2026-09-27T22:18:35+02:00;273fa5b1365f
2026-09-28;portes_les_valence;AROMEHD;2026-09-28T13:00;12.7;22.2;199.0;25.8;0.0;;0.0;0.0;100.0;100.0;44.87;4.8599987;101.0;2026-09-27T19:15:00+02:00;2026-09-27T22:18:35+02:00;273fa5b1365f
2026-09-28;portes_les_valence;AROMEHD;2026-09-28T14:00;14.3;24.3;204.0;26.6;0.0;;0.0;0.0;100.0;100.0;44.87;4.8599987;101.0;2026-09-27T19:15:00+02:00;2026-09-27T22:18:35+02:00;273fa5b1365f
2026-09-28;portes_les_valence;AROMEHD;2026-09-28T15:00;14.4;24.5;206.0;27.3;0.0;;0.0;0.0;100.0;100.0;44.87;4.8599987;101.0;2026-09-27T19:15:00+02:00;2026-09-27T22:18:35+02:00;273fa5b1365f
2026-09-28;portes_les_valence;AROMEHD;2026-09-28T16:00;14.1;24.9;204.0;27.5;0.0;;0.0;0.0;100.0;100.0;44.87;4.8599987;101.0;2026-09-27T19:15:00+02:00;2026-09-27T22:18:35+02:00;273fa5b1365f
2026-09-28;portes_les_valence;AROMEHD;2026-09-28T17:00;12.3;23.7;209.0;27.5;0.0;;0.0;100.0;100.0;100.0;44.87;4.8599987;101.0;2026-09-27T19:15:00+02:00;2026-09-27T22:18:35+02:00;273fa5b1365f
2026-09-28;portes_les_valence;AROMEHD;2026-09-28T18:00;12.4;21.2;204.0;27.1;0.0;;0.0;0.0;100.0;100.0;44.87;4.8599987;101.0;2026-09-27T19:15:00+02:00;2026-09-27T22:18:35+02:00;273fa5b1365f
2026-09-28;portes_les_valence;AROMEHD;2026-09-28T19:00;10.0;20.8;202.0;26.3;0.0;;0.0;0.0;100.0;100.0;44.87;4.8599987;101.0;2026-09-27T19:15:00+02:00;2026-09-27T22:18:35+02:00;273fa5b1365f
2026-09-28;portes_les_valence;AROMEHD;2026-09-28T20:00;7.7;16.7;198.0;24.6;0.0;;0.0;0.0;100.0;100.0;44.87;4.8599987;101.0;2026-09-27T19:15:00+02:00;2026-09-27T22:18:35+02:00;273fa5b1365f
2026-09-28;portes_les_valence;AROMEHD;2026-09-28T21:00;6.6;12.2;192.0;23.1;0.0;;0.0;0.0;100.0;100.0;44.87;4.8599987;101.0;2026-09-27T19:15:00+02:00;2026-09-27T22:18:35+02:00;273fa5b1365f
2026-09-28;portes_les_valence;AROMEHD;2026-09-28T22:00;7.7;12.4;196.0;22.3;0.0;;0.0;0.0;100.0;100.0;44.87;4.8599987;101.0;2026-09-27T19:15:00+02:00;2026-09-27T22:18:35+02:00;273fa5b1365f
2026-09-28;portes_les_valence;AROMEHD;2026-09-28T23:00;9.2;15.2;195.0;22.0;0.0;;0.0;0.0;100.0;100.0;44.87;4.8599987;101.0;2026-09-27T19:15:00+02:00;2026-09-27T22:18:35+02:00;273fa5b1365f
2026-09-28;portes_les_valence;AROMEHD;2026-09-29T00:00;9.4;15.9;194.0;21.6;0.0;;0.0;0.0;95.0;95.0;44.87;4.8599987;101.0;2026-09-27T19:15:00+02:00;2026-09-27T22:18:35+02:00;273fa5b1365f
2026-09-28;portes_les_valence;ICONCH1;2026-09-28T01:00;8.5;14.2;207.0;18.4;0.0;90.0;21.0;25.0;77.0;90.0;44.870667;4.8635864;103.0;2026-09-27T19:15:00+02:00;2026-09-27T22:18:35+02:00;273fa5b1365f
2026-09-28;portes_les_valence;ICONCH1;2026-09-28T02:00;7.9;13.2;202.0;18.1;0.0;97.0;38.0;29.0;93.0;97.0;44.870667;4.8635864;103.0;2026-09-27T19:15:00+02:00;2026-09-27T22:18:35+02:00;273fa5b1365f
2026-09-28;portes_les_valence;ICONCH1;2026-09-28T03:00;8.0;12.6;203.0;18.2;0.0;94.0;46.0;0.0;85.0;94.0;44.870667;4.8635864;103.0;2026-09-27T19:15:00+02:00;2026-09-27T22:18:35+02:00;273fa5b1365f
2026-09-28;portes_les_valence;ICONCH1;2026-09-28T04:00;8.6;13.4;205.0;18.0;0.0;100.0;43.0;0.0;100.0;100.0;44.870667;4.8635864;103.0;2026-09-27T19:15:00+02:00;2026-09-27T22:18:35+02:00;273fa5b1365f
2026-09-28;portes_les_valence;ICONCH1;2026-09-28T05:00;7.7;13.4;201.0;17.8;0.0;93.0;22.0;84.0;31.0;93.0;44.870667;4.8635864;103.0;2026-09-27T19:15:00+02:00;2026-09-27T22:18:35+02:00;273fa5b1365f
2026-09-28;portes_les_valence;ICONCH1;2026-09-28T06:00;7.0;14.6;199.0;17.3;0.0;96.0;27.0;67.0;83.0;96.0;44.870667;4.8635864;103.0;2026-09-27T19:15:00+02:00;2026-09-27T22:18:35+02:00;273fa5b1365f
2026-09-28;portes_les_valence;ICONCH1;2026-09-28T07:00;7.0;12.1;193.0;17.1;0.0;90.0;36.0;67.0;74.0;90.0;44.870667;4.8635864;103.0;2026-09-27T19:15:00+02:00;2026-09-27T22:18:35+02:00;273fa5b1365f
2026-09-28;portes_les_valence;ICONCH1;2026-09-28T08:00;6.6;10.7;192.0;16.8;0.0;88.0;22.0;13.0;73.0;88.0;44.870667;4.8635864;103.0;2026-09-27T19:15:00+02:00;2026-09-27T22:18:35+02:00;273fa5b1365f
2026-09-28;portes_les_valence;ICONCH1;2026-09-28T09:00;9.4;14.8;202.0;18.6;0.0;35.0;15.0;0.0;23.0;35.0;44.870667;4.8635864;103.0;2026-09-27T19:15:00+02:00;2026-09-27T22:18:35+02:00;273fa5b1365f
2026-09-28;portes_les_valence;ICONCH1;2026-09-28T10:00;10.9;17.5;199.0;20.9;0.0;100.0;0.0;64.0;100.0;100.0;44.870667;4.8635864;103.0;2026-09-27T19:15:00+02:00;2026-09-27T22:18:35+02:00;273fa5b1365f
2026-09-28;portes_les_valence;ICONCH1;2026-09-28T11:00;12.8;20.6;194.0;23.0;0.0;100.0;0.0;46.0;100.0;100.0;44.870667;4.8635864;103.0;2026-09-27T19:15:00+02:00;2026-09-27T22:18:35+02:00;273fa5b1365f
2026-09-28;portes_les_valence;ICONCH1;2026-09-28T12:00;15.1;24.5;198.0;24.4;0.0;100.0;0.0;67.0;100.0;100.0;44.870667;4.8635864;103.0;2026-09-27T19:15:00+02:00;2026-09-27T22:18:35+02:00;273fa5b1365f
2026-09-28;portes_les_valence;ICONCH1;2026-09-28T13:00;16.5;26.4;199.0;25.9;0.0;100.0;0.0;100.0;100.0;100.0;44.870667;4.8635864;103.0;2026-09-27T19:15:00+02:00;2026-09-27T22:18:35+02:00;273fa5b1365f
2026-09-28;portes_les_valence;ICONCH1;2026-09-28T14:00;16.8;26.8;202.0;27.0;0.0;100.0;0.0;100.0;92.0;100.0;44.870667;4.8635864;103.0;2026-09-27T19:15:00+02:00;2026-09-27T22:18:35+02:00;273fa5b1365f
2026-09-28;portes_les_valence;ICONCH1;2026-09-28T15:00;16.9;27.4;206.0;27.6;0.0;100.0;0.0;29.0;100.0;100.0;44.870667;4.8635864;103.0;2026-09-27T19:15:00+02:00;2026-09-27T22:18:35+02:00;273fa5b1365f
2026-09-28;portes_les_valence;ICONCH1;2026-09-28T16:00;17.0;29.5;200.0;28.1;0.0;99.0;0.0;76.0;97.0;99.0;44.870667;4.8635864;103.0;2026-09-27T19:15:00+02:00;2026-09-27T22:18:35+02:00;273fa5b1365f
2026-09-28;portes_les_valence;ICONCH1;2026-09-28T17:00;15.7;29.7;200.0;27.6;0.0;100.0;0.0;85.0;100.0;100.0;44.870667;4.8635864;103.0;2026-09-27T19:15:00+02:00;2026-09-27T22:18:35+02:00;273fa5b1365f
2026-09-28;portes_les_valence;ICONCH1;2026-09-28T18:00;13.7;24.7;198.0;27.2;0.0;100.0;0.0;45.0;100.0;100.0;44.870667;4.8635864;103.0;2026-09-27T19:15:00+02:00;2026-09-27T22:18:35+02:00;273fa5b1365f
2026-09-28;portes_les_valence;ICONCH1;2026-09-28T19:00;11.3;21.6;196.0;25.9;0.0;100.0;0.0;16.0;100.0;100.0;44.870667;4.8635864;103.0;2026-09-27T19:15:00+02:00;2026-09-27T22:18:35+02:00;273fa5b1365f
2026-09-28;portes_les_valence;ICONCH1;2026-09-28T20:00;6.1;17.7;215.0;22.9;0.0;100.0;0.0;0.0;100.0;100.0;44.870667;4.8635864;103.0;2026-09-27T19:15:00+02:00;2026-09-27T22:18:35+02:00;273fa5b1365f
2026-09-28;portes_les_valence;ICONCH1;2026-09-28T21:00;6.9;10.7;202.0;21.2;0.0;79.0;0.0;0.0;79.0;79.0;44.870667;4.8635864;103.0;2026-09-27T19:15:00+02:00;2026-09-27T22:18:35+02:00;273fa5b1365f
2026-09-28;portes_les_valence;ICONCH1;2026-09-28T22:00;10.6;16.3;200.0;20.2;0.0;67.0;0.0;0.0;67.0;67.0;44.870667;4.8635864;103.0;2026-09-27T19:15:00+02:00;2026-09-27T22:18:35+02:00;273fa5b1365f
2026-09-28;portes_les_valence;ICONCH1;2026-09-28T23:00;10.1;16.9;212.0;19.2;0.0;96.0;0.0;20.0;93.0;96.0;44.870667;4.8635864;103.0;2026-09-27T19:15:00+02:00;2026-09-27T22:18:35+02:00;273fa5b1365f
2026-09-28;roche_de_glun;AROMEHD;2026-09-28T01:00;5.1;10.1;148.0;20.4;0.0;;0.0;0.0;100.0;100.0;45.03;4.84;116.0;2026-09-27T19:15:00+02:00;2026-09-27T22:18:35+02:00;273fa5b1365f
2026-09-28;roche_de_glun;AROMEHD;2026-09-28T02:00;4.5;9.5;149.0;19.7;0.0;;0.0;0.0;99.0;99.0;45.03;4.84;116.0;2026-09-27T19:15:00+02:00;2026-09-27T22:18:35+02:00;273fa5b1365f
2026-09-28;roche_de_glun;AROMEHD;2026-09-28T03:00;4.3;8.6;150.0;19.1;0.0;;0.0;94.0;77.0;94.0;45.03;4.84;116.0;2026-09-27T19:15:00+02:00;2026-09-27T22:18:35+02:00;273fa5b1365f
2026-09-28;roche_de_glun;AROMEHD;2026-09-28T04:00;4.2;8.2;146.0;18.7;0.0;;0.0;100.0;100.0;100.0;45.03;4.84;116.0;2026-09-27T19:15:00+02:00;2026-09-27T22:18:35+02:00;273fa5b1365f
2026-09-28;roche_de_glun;AROMEHD;2026-09-28T05:00;4.2;8.0;146.0;18.6;0.0;;0.0;100.0;100.0;100.0;45.03;4.84;116.0;2026-09-27T19:15:00+02:00;2026-09-27T22:18:35+02:00;273fa5b1365f
2026-09-28;roche_de_glun;AROMEHD;2026-09-28T06:00;4.3;8.4;144.0;18.3;0.0;;0.0;91.0;100.0;100.0;45.03;4.84;116.0;2026-09-27T19:15:00+02:00;2026-09-27T22:18:35+02:00;273fa5b1365f
2026-09-28;roche_de_glun;AROMEHD;2026-09-28T07:00;3.8;8.4;145.0;17.9;0.0;;0.0;52.0;100.0;100.0;45.03;4.84;116.0;2026-09-27T19:15:00+02:00;2026-09-27T22:18:35+02:00;273fa5b1365f
2026-09-28;roche_de_glun;AROMEHD;2026-09-28T08:00;2.5;7.6;162.0;17.1;0.0;;0.0;0.0;100.0;100.0;45.03;4.84;116.0;2026-09-27T19:15:00+02:00;2026-09-27T22:18:35+02:00;273fa5b1365f
2026-09-28;roche_de_glun;AROMEHD;2026-09-28T09:00;1.8;4.7;174.0;18.0;0.0;;0.0;0.0;100.0;100.0;45.03;4.84;116.0;2026-09-27T19:15:00+02:00;2026-09-27T22:18:35+02:00;273fa5b1365f
2026-09-28;roche_de_glun;AROMEHD;2026-09-28T10:00;3.6;8.6;139.0;21.3;0.0;;0.0;0.0;100.0;100.0;45.03;4.84;116.0;2026-09-27T19:15:00+02:00;2026-09-27T22:18:35+02:00;273fa5b1365f
2026-09-28;roche_de_glun;AROMEHD;2026-09-28T11:00;7.5;16.9;173.0;24.3;0.0;;0.0;0.0;100.0;100.0;45.03;4.84;116.0;2026-09-27T19:15:00+02:00;2026-09-27T22:18:35+02:00;273fa5b1365f
2026-09-28;roche_de_glun;AROMEHD;2026-09-28T12:00;8.0;18.3;173.0;25.5;0.0;;0.0;0.0;100.0;100.0;45.03;4.84;116.0;2026-09-27T19:15:00+02:00;2026-09-27T22:18:35+02:00;273fa5b1365f
2026-09-28;roche_de_glun;AROMEHD;2026-09-28T13:00;9.1;19.8;170.0;26.5;0.0;;0.0;0.0;100.0;100.0;45.03;4.84;116.0;2026-09-27T19:15:00+02:00;2026-09-27T22:18:35+02:00;273fa5b1365f
2026-09-28;roche_de_glun;AROMEHD;2026-09-28T14:00;9.8;21.2;174.0;27.1;0.0;;0.0;11.0;100.0;100.0;45.03;4.84;116.0;2026-09-27T19:15:00+02:00;2026-09-27T22:18:35+02:00;273fa5b1365f
2026-09-28;roche_de_glun;AROMEHD;2026-09-28T15:00;8.7;21.2;179.0;27.7;0.0;;0.0;0.0;100.0;100.0;45.03;4.84;116.0;2026-09-27T19:15:00+02:00;2026-09-27T22:18:35+02:00;273fa5b1365f
2026-09-28;roche_de_glun;AROMEHD;2026-09-28T16:00;9.1;20.4;179.0;27.9;0.0;;0.0;0.0;100.0;100.0;45.03;4.84;116.0;2026-09-27T19:15:00+02:00;2026-09-27T22:18:35+02:00;273fa5b1365f
2026-09-28;roche_de_glun;AROMEHD;2026-09-28T17:00;7.2;20.2;186.0;27.3;0.0;;0.0;17.0;100.0;100.0;45.03;4.84;116.0;2026-09-27T19:15:00+02:00;2026-09-27T22:18:35+02:00;273fa5b1365f
2026-09-28;roche_de_glun;AROMEHD;2026-09-28T18:00;6.3;16.3;187.0;27.1;0.0;;0.0;0.0;100.0;100.0;45.03;4.84;116.0;2026-09-27T19:15:00+02:00;2026-09-27T22:18:35+02:00;273fa5b1365f
2026-09-28;roche_de_glun;AROMEHD;2026-09-28T19:00;5.4;14.4;195.0;26.3;0.0;;0.0;0.0;100.0;100.0;45.03;4.84;116.0;2026-09-27T19:15:00+02:00;2026-09-27T22:18:35+02:00;273fa5b1365f
2026-09-28;roche_de_glun;AROMEHD;2026-09-28T20:00;3.5;12.2;180.0;24.5;0.0;;0.0;0.0;100.0;100.0;45.03;4.84;116.0;2026-09-27T19:15:00+02:00;2026-09-27T22:18:35+02:00;273fa5b1365f
2026-09-28;roche_de_glun;AROMEHD;2026-09-28T21:00;3.7;7.4;174.0;22.9;0.0;;0.0;0.0;100.0;100.0;45.03;4.84;116.0;2026-09-27T19:15:00+02:00;2026-09-27T22:18:35+02:00;273fa5b1365f
2026-09-28;roche_de_glun;AROMEHD;2026-09-28T22:00;3.1;7.0;158.0;21.6;0.0;;0.0;0.0;100.0;100.0;45.03;4.84;116.0;2026-09-27T19:15:00+02:00;2026-09-27T22:18:35+02:00;273fa5b1365f
2026-09-28;roche_de_glun;AROMEHD;2026-09-28T23:00;3.8;7.2;156.0;21.0;0.0;;0.0;0.0;100.0;100.0;45.03;4.84;116.0;2026-09-27T19:15:00+02:00;2026-09-27T22:18:35+02:00;273fa5b1365f
2026-09-28;roche_de_glun;AROMEHD;2026-09-29T00:00;4.7;9.3;156.0;20.6;0.0;;0.0;4.0;98.0;98.0;45.03;4.84;116.0;2026-09-27T19:15:00+02:00;2026-09-27T22:18:35+02:00;273fa5b1365f
2026-09-28;roche_de_glun;ICONCH1;2026-09-28T01:00;7.5;11.5;145.0;18.7;0.0;24.0;0.0;11.0;14.0;24.0;45.020344;4.8496704;118.0;2026-09-27T19:15:00+02:00;2026-09-27T22:18:35+02:00;273fa5b1365f
2026-09-28;roche_de_glun;ICONCH1;2026-09-28T02:00;6.3;11.5;137.0;18.1;0.0;71.0;0.0;0.0;71.0;71.0;45.020344;4.8496704;118.0;2026-09-27T19:15:00+02:00;2026-09-27T22:18:35+02:00;273fa5b1365f
2026-09-28;roche_de_glun;ICONCH1;2026-09-28T03:00;7.2;11.3;137.0;17.6;0.0;94.0;4.0;34.0;89.0;94.0;45.020344;4.8496704;118.0;2026-09-27T19:15:00+02:00;2026-09-27T22:18:35+02:00;273fa5b1365f
2026-09-28;roche_de_glun;ICONCH1;2026-09-28T04:00;6.6;11.3;137.0;17.5;0.0;100.0;34.0;24.0;100.0;100.0;45.020344;4.8496704;118.0;2026-09-27T19:15:00+02:00;2026-09-27T22:18:35+02:00;273fa5b1365f
2026-09-28;roche_de_glun;ICONCH1;2026-09-28T05:00;6.6;10.5;137.0;17.5;0.0;100.0;0.0;100.0;100.0;100.0;45.020344;4.8496704;118.0;2026-09-27T19:15:00+02:00;2026-09-27T22:18:35+02:00;273fa5b1365f
2026-09-28;roche_de_glun;ICONCH1;2026-09-28T06:00;7.5;11.9;143.0;17.4;0.0;100.0;0.0;100.0;80.0;100.0;45.020344;4.8496704;118.0;2026-09-27T19:15:00+02:00;2026-09-27T22:18:35+02:00;273fa5b1365f
2026-09-28;roche_de_glun;ICONCH1;2026-09-28T07:00;7.6;11.9;142.0;16.8;0.0;94.0;0.0;89.0;80.0;94.0;45.020344;4.8496704;118.0;2026-09-27T19:15:00+02:00;2026-09-27T22:18:35+02:00;273fa5b1365f
2026-09-28;roche_de_glun;ICONCH1;2026-09-28T08:00;7.1;11.9;148.0;16.8;0.0;100.0;0.0;83.0;97.0;100.0;45.020344;4.8496704;118.0;2026-09-27T19:15:00+02:00;2026-09-27T22:18:35+02:00;273fa5b1365f
2026-09-28;roche_de_glun;ICONCH1;2026-09-28T09:00;6.1;11.1;145.0;18.0;0.0;75.0;0.0;63.0;32.0;75.0;45.020344;4.8496704;118.0;2026-09-27T19:15:00+02:00;2026-09-27T22:18:35+02:00;273fa5b1365f
2026-09-28;roche_de_glun;ICONCH1;2026-09-28T10:00;9.4;15.4;150.0;21.1;0.0;100.0;0.0;5.0;100.0;100.0;45.020344;4.8496704;118.0;2026-09-27T19:15:00+02:00;2026-09-27T22:18:35+02:00;273fa5b1365f
2026-09-28;roche_de_glun;ICONCH1;2026-09-28T11:00;11.2;18.5;160.0;23.2;0.0;100.0;3.0;0.0;100.0;100.0;45.020344;4.8496704;118.0;2026-09-27T19:15:00+02:00;2026-09-27T22:18:35+02:00;273fa5b1365f
2026-09-28;roche_de_glun;ICONCH1;2026-09-28T12:00;13.4;21.8;178.0;25.3;0.0;100.0;0.0;27.0;100.0;100.0;45.020344;4.8496704;118.0;2026-09-27T19:15:00+02:00;2026-09-27T22:18:35+02:00;273fa5b1365f
2026-09-28;roche_de_glun;ICONCH1;2026-09-28T13:00;13.3;22.0;184.0;26.5;0.0;100.0;0.0;72.0;100.0;100.0;45.020344;4.8496704;118.0;2026-09-27T19:15:00+02:00;2026-09-27T22:18:35+02:00;273fa5b1365f
2026-09-28;roche_de_glun;ICONCH1;2026-09-28T14:00;14.1;22.7;186.0;27.6;0.0;100.0;0.0;33.0;100.0;100.0;45.020344;4.8496704;118.0;2026-09-27T19:15:00+02:00;2026-09-27T22:18:35+02:00;273fa5b1365f
2026-09-28;roche_de_glun;ICONCH1;2026-09-28T15:00;16.1;26.2;188.0;28.0;0.0;100.0;0.0;75.0;100.0;100.0;45.020344;4.8496704;118.0;2026-09-27T19:15:00+02:00;2026-09-27T22:18:35+02:00;273fa5b1365f
2026-09-28;roche_de_glun;ICONCH1;2026-09-28T16:00;16.7;27.4;189.0;28.1;0.0;100.0;0.0;63.0;100.0;100.0;45.020344;4.8496704;118.0;2026-09-27T19:15:00+02:00;2026-09-27T22:18:35+02:00;273fa5b1365f
2026-09-28;roche_de_glun;ICONCH1;2026-09-28T17:00;14.4;26.8;189.0;27.7;0.0;100.0;0.0;64.0;100.0;100.0;45.020344;4.8496704;118.0;2026-09-27T19:15:00+02:00;2026-09-27T22:18:35+02:00;273fa5b1365f
2026-09-28;roche_de_glun;ICONCH1;2026-09-28T18:00;10.7;22.9;196.0;27.1;0.0;100.0;0.0;0.0;100.0;100.0;45.020344;4.8496704;118.0;2026-09-27T19:15:00+02:00;2026-09-27T22:18:35+02:00;273fa5b1365f
2026-09-28;roche_de_glun;ICONCH1;2026-09-28T19:00;6.2;17.1;194.0;25.6;0.0;100.0;0.0;63.0;100.0;100.0;45.020344;4.8496704;118.0;2026-09-27T19:15:00+02:00;2026-09-27T22:18:35+02:00;273fa5b1365f
2026-09-28;roche_de_glun;ICONCH1;2026-09-28T20:00;1.9;9.7;66.0;22.8;0.0;100.0;0.0;5.0;100.0;100.0;45.020344;4.8496704;118.0;2026-09-27T19:15:00+02:00;2026-09-27T22:18:35+02:00;273fa5b1365f
2026-09-28;roche_de_glun;ICONCH1;2026-09-28T21:00;3.8;6.2;55.0;21.7;0.0;99.0;0.0;0.0;99.0;99.0;45.020344;4.8496704;118.0;2026-09-27T19:15:00+02:00;2026-09-27T22:18:35+02:00;273fa5b1365f
2026-09-28;roche_de_glun;ICONCH1;2026-09-28T22:00;2.2;5.6;105.0;19.3;0.0;100.0;0.0;0.0;100.0;100.0;45.020344;4.8496704;118.0;2026-09-27T19:15:00+02:00;2026-09-27T22:18:35+02:00;273fa5b1365f
2026-09-28;roche_de_glun;ICONCH1;2026-09-28T23:00;2.6;4.3;99.0;18.7;0.0;95.0;0.0;33.0;90.0;95.0;45.020344;4.8496704;118.0;2026-09-27T19:15:00+02:00;2026-09-27T22:18:35+02:00;273fa5b1365f
2026-09-28;st_alban_du_rhone;AROMEHD;2026-09-28T01:00;6.5;9.5;171.0;18.4;0.0;;0.0;0.0;100.0;100.0;45.39;4.76;140.0;2026-09-27T19:15:00+02:00;2026-09-27T22:18:35+02:00;273fa5b1365f
2026-09-28;st_alban_du_rhone;AROMEHD;2026-09-28T02:00;7.7;11.9;168.0;18.5;0.0;;0.0;0.0;99.0;99.0;45.39;4.76;140.0;2026-09-27T19:15:00+02:00;2026-09-27T22:18:35+02:00;273fa5b1365f
2026-09-28;st_alban_du_rhone;AROMEHD;2026-09-28T03:00;7.2;11.7;174.0;18.3;0.0;;0.0;1.0;98.0;98.0;45.39;4.76;140.0;2026-09-27T19:15:00+02:00;2026-09-27T22:18:35+02:00;273fa5b1365f
2026-09-28;st_alban_du_rhone;AROMEHD;2026-09-28T04:00;7.1;11.1;169.0;18.0;0.0;;0.0;100.0;100.0;100.0;45.39;4.76;140.0;2026-09-27T19:15:00+02:00;2026-09-27T22:18:35+02:00;273fa5b1365f
2026-09-28;st_alban_du_rhone;AROMEHD;2026-09-28T05:00;7.5;11.7;168.0;17.9;0.0;;0.0;100.0;100.0;100.0;45.39;4.76;140.0;2026-09-27T19:15:00+02:00;2026-09-27T22:18:35+02:00;273fa5b1365f
2026-09-28;st_alban_du_rhone;AROMEHD;2026-09-28T06:00;7.6;11.9;165.0;17.9;0.0;;0.0;100.0;100.0;100.0;45.39;4.76;140.0;2026-09-27T19:15:00+02:00;2026-09-27T22:18:35+02:00;273fa5b1365f
2026-09-28;st_alban_du_rhone;AROMEHD;2026-09-28T07:00;6.7;12.1;170.0;17.6;0.0;;0.0;99.0;100.0;100.0;45.39;4.76;140.0;2026-09-27T19:15:00+02:00;2026-09-27T22:18:35+02:00;273fa5b1365f
2026-09-28;st_alban_du_rhone;AROMEHD;2026-09-28T08:00;6.1;10.3;169.0;16.9;0.0;;0.0;0.0;100.0;100.0;45.39;4.76;140.0;2026-09-27T19:15:00+02:00;2026-09-27T22:18:35+02:00;273fa5b1365f
2026-09-28;st_alban_du_rhone;AROMEHD;2026-09-28T09:00;6.1;9.7;169.0;17.9;0.0;;0.0;0.0;100.0;100.0;45.39;4.76;140.0;2026-09-27T19:15:00+02:00;2026-09-27T22:18:35+02:00;273fa5b1365f
2026-09-28;st_alban_du_rhone;AROMEHD;2026-09-28T10:00;7.5;12.1;163.0;20.5;0.0;;0.0;0.0;100.0;100.0;45.39;4.76;140.0;2026-09-27T19:15:00+02:00;2026-09-27T22:18:35+02:00;273fa5b1365f
2026-09-28;st_alban_du_rhone;AROMEHD;2026-09-28T11:00;11.4;19.2;163.0;24.2;0.0;;0.0;1.0;100.0;100.0;45.39;4.76;140.0;2026-09-27T19:15:00+02:00;2026-09-27T22:18:35+02:00;273fa5b1365f
2026-09-28;st_alban_du_rhone;AROMEHD;2026-09-28T12:00;12.9;21.8;169.0;25.4;0.0;;0.0;3.0;100.0;100.0;45.39;4.76;140.0;2026-09-27T19:15:00+02:00;2026-09-27T22:18:35+02:00;273fa5b1365f
2026-09-28;st_alban_du_rhone;AROMEHD;2026-09-28T13:00;12.8;22.5;172.0;26.5;0.0;;0.0;0.0;100.0;100.0;45.39;4.76;140.0;2026-09-27T19:15:00+02:00;2026-09-27T22:18:35+02:00;273fa5b1365f
2026-09-28;st_alban_du_rhone;AROMEHD;2026-09-28T14:00;12.7;22.2;173.0;27.1;0.0;;0.0;34.0;100.0;100.0;45.39;4.76;140.0;2026-09-27T19:15:00+02:00;2026-09-27T22:18:35+02:00;273fa5b1365f
2026-09-28;st_alban_du_rhone;AROMEHD;2026-09-28T15:00;11.7;21.6;177.0;27.6;0.0;;0.0;6.0;100.0;100.0;45.39;4.76;140.0;2026-09-27T19:15:00+02:00;2026-09-27T22:18:35+02:00;273fa5b1365f
2026-09-28;st_alban_du_rhone;AROMEHD;2026-09-28T16:00;11.4;19.8;187.0;27.5;0.0;;0.0;59.0;100.0;100.0;45.39;4.76;140.0;2026-09-27T19:15:00+02:00;2026-09-27T22:18:35+02:00;273fa5b1365f
2026-09-28;st_alban_du_rhone;AROMEHD;2026-09-28T17:00;10.9;20.4;185.0;26.9;0.0;;0.0;95.0;100.0;100.0;45.39;4.76;140.0;2026-09-27T19:15:00+02:00;2026-09-27T22:18:35+02:00;273fa5b1365f
2026-09-28;st_alban_du_rhone;AROMEHD;2026-09-28T18:00;9.9;18.9;176.0;26.0;0.0;;0.0;9.0;100.0;100.0;45.39;4.76;140.0;2026-09-27T19:15:00+02:00;2026-09-27T22:18:35+02:00;273fa5b1365f
2026-09-28;st_alban_du_rhone;AROMEHD;2026-09-28T19:00;5.6;16.3;180.0;25.0;0.0;;0.0;0.0;100.0;100.0;45.39;4.76;140.0;2026-09-27T19:15:00+02:00;2026-09-27T22:18:35+02:00;273fa5b1365f
2026-09-28;st_alban_du_rhone;AROMEHD;2026-09-28T20:00;5.0;8.7;167.0;23.3;0.0;;0.0;0.0;100.0;100.0;45.39;4.76;140.0;2026-09-27T19:15:00+02:00;2026-09-27T22:18:35+02:00;273fa5b1365f
2026-09-28;st_alban_du_rhone;AROMEHD;2026-09-28T21:00;4.2;6.8;158.0;21.6;0.0;;0.0;0.0;100.0;100.0;45.39;4.76;140.0;2026-09-27T19:15:00+02:00;2026-09-27T22:18:35+02:00;273fa5b1365f
2026-09-28;st_alban_du_rhone;AROMEHD;2026-09-28T22:00;5.5;7.4;162.0;20.7;0.0;;0.0;0.0;100.0;100.0;45.39;4.76;140.0;2026-09-27T19:15:00+02:00;2026-09-27T22:18:35+02:00;273fa5b1365f
2026-09-28;st_alban_du_rhone;AROMEHD;2026-09-28T23:00;6.9;9.5;172.0;20.4;0.0;;0.0;0.0;100.0;100.0;45.39;4.76;140.0;2026-09-27T19:15:00+02:00;2026-09-27T22:18:35+02:00;273fa5b1365f
2026-09-28;st_alban_du_rhone;AROMEHD;2026-09-29T00:00;7.3;10.3;172.0;19.9;0.0;;0.0;30.0;100.0;100.0;45.39;4.76;140.0;2026-09-27T19:15:00+02:00;2026-09-27T22:18:35+02:00;273fa5b1365f
2026-09-28;st_alban_du_rhone;ICONCH1;2026-09-28T01:00;2.8;4.5;245.0;16.8;0.0;25.0;0.0;25.0;0.0;25.0;45.386887;4.758301;141.0;2026-09-27T19:15:00+02:00;2026-09-27T22:18:35+02:00;273fa5b1365f
2026-09-28;st_alban_du_rhone;ICONCH1;2026-09-28T02:00;3.0;4.7;255.0;16.1;0.0;90.0;0.0;67.0;68.0;90.0;45.386887;4.758301;141.0;2026-09-27T19:15:00+02:00;2026-09-27T22:18:35+02:00;273fa5b1365f
2026-09-28;st_alban_du_rhone;ICONCH1;2026-09-28T03:00;2.6;4.7;234.0;16.7;0.0;88.0;0.0;81.0;72.0;88.0;45.386887;4.758301;141.0;2026-09-27T19:15:00+02:00;2026-09-27T22:18:35+02:00;273fa5b1365f
2026-09-28;st_alban_du_rhone;ICONCH1;2026-09-28T04:00;3.5;5.4;174.0;16.7;0.0;95.0;0.0;15.0;90.0;95.0;45.386887;4.758301;141.0;2026-09-27T19:15:00+02:00;2026-09-27T22:18:35+02:00;273fa5b1365f
2026-09-28;st_alban_du_rhone;ICONCH1;2026-09-28T05:00;5.3;8.2;170.0;16.6;0.0;97.0;0.0;72.0;93.0;97.0;45.386887;4.758301;141.0;2026-09-27T19:15:00+02:00;2026-09-27T22:18:35+02:00;273fa5b1365f
2026-09-28;st_alban_du_rhone;ICONCH1;2026-09-28T06:00;5.0;8.6;169.0;16.5;0.0;83.0;0.0;82.0;75.0;83.0;45.386887;4.758301;141.0;2026-09-27T19:15:00+02:00;2026-09-27T22:18:35+02:00;273fa5b1365f
2026-09-28;st_alban_du_rhone;ICONCH1;2026-09-28T07:00;5.7;8.7;162.0;16.3;0.0;94.0;0.0;90.0;85.0;94.0;45.386887;4.758301;141.0;2026-09-27T19:15:00+02:00;2026-09-27T22:18:35+02:00;273fa5b1365f
2026-09-28;st_alban_du_rhone;ICONCH1;2026-09-28T08:00;2.7;8.7;180.0;16.1;0.0;65.0;0.0;66.0;5.0;66.0;45.386887;4.758301;141.0;2026-09-27T19:15:00+02:00;2026-09-27T22:18:35+02:00;273fa5b1365f
2026-09-28;st_alban_du_rhone;ICONCH1;2026-09-28T09:00;6.3;10.1;164.0;17.6;0.0;93.0;0.0;87.0;61.0;93.0;45.386887;4.758301;141.0;2026-09-27T19:15:00+02:00;2026-09-27T22:18:35+02:00;273fa5b1365f
2026-09-28;st_alban_du_rhone;ICONCH1;2026-09-28T10:00;7.9;15.0;158.0;20.2;0.0;100.0;0.0;34.0;100.0;100.0;45.386887;4.758301;141.0;2026-09-27T19:15:00+02:00;2026-09-27T22:18:35+02:00;273fa5b1365f
2026-09-28;st_alban_du_rhone;ICONCH1;2026-09-28T11:00;11.5;18.9;150.0;23.2;0.0;100.0;0.0;68.0;100.0;100.0;45.386887;4.758301;141.0;2026-09-27T19:15:00+02:00;2026-09-27T22:18:35+02:00;273fa5b1365f
2026-09-28;st_alban_du_rhone;ICONCH1;2026-09-28T12:00;13.7;22.4;172.0;25.8;0.0;100.0;0.0;75.0;100.0;100.0;45.386887;4.758301;141.0;2026-09-27T19:15:00+02:00;2026-09-27T22:18:35+02:00;273fa5b1365f
2026-09-28;st_alban_du_rhone;ICONCH1;2026-09-28T13:00;14.3;23.3;173.0;26.8;0.0;100.0;0.0;93.0;100.0;100.0;45.386887;4.758301;141.0;2026-09-27T19:15:00+02:00;2026-09-27T22:18:35+02:00;273fa5b1365f
2026-09-28;st_alban_du_rhone;ICONCH1;2026-09-28T14:00;15.1;24.5;173.0;27.5;0.0;100.0;0.0;100.0;100.0;100.0;45.386887;4.758301;141.0;2026-09-27T19:15:00+02:00;2026-09-27T22:18:35+02:00;273fa5b1365f
2026-09-28;st_alban_du_rhone;ICONCH1;2026-09-28T15:00;14.1;24.5;186.0;27.6;0.0;100.0;0.0;95.0;100.0;100.0;45.386887;4.758301;141.0;2026-09-27T19:15:00+02:00;2026-09-27T22:18:35+02:00;273fa5b1365f
2026-09-28;st_alban_du_rhone;ICONCH1;2026-09-28T16:00;12.3;22.9;183.0;28.4;0.0;100.0;0.0;74.0;100.0;100.0;45.386887;4.758301;141.0;2026-09-27T19:15:00+02:00;2026-09-27T22:18:35+02:00;273fa5b1365f
2026-09-28;st_alban_du_rhone;ICONCH1;2026-09-28T17:00;15.7;25.3;197.0;27.6;0.0;98.0;0.0;82.0;96.0;98.0;45.386887;4.758301;141.0;2026-09-27T19:15:00+02:00;2026-09-27T22:18:35+02:00;273fa5b1365f
2026-09-28;st_alban_du_rhone;ICONCH1;2026-09-28T18:00;13.1;26.6;192.0;26.8;0.0;100.0;0.0;86.0;100.0;100.0;45.386887;4.758301;141.0;2026-09-27T19:15:00+02:00;2026-09-27T22:18:35+02:00;273fa5b1365f
2026-09-28;st_alban_du_rhone;ICONCH1;2026-09-28T19:00;8.0;22.4;193.0;25.5;0.0;100.0;0.0;86.0;100.0;100.0;45.386887;4.758301;141.0;2026-09-27T19:15:00+02:00;2026-09-27T22:18:35+02:00;273fa5b1365f
2026-09-28;st_alban_du_rhone;ICONCH1;2026-09-28T20:00;9.0;14.0;194.0;23.4;0.0;94.0;0.0;0.0;94.0;94.0;45.386887;4.758301;141.0;2026-09-27T19:15:00+02:00;2026-09-27T22:18:35+02:00;273fa5b1365f
2026-09-28;st_alban_du_rhone;ICONCH1;2026-09-28T21:00;7.1;14.0;158.0;21.7;0.0;93.0;0.0;0.0;93.0;93.0;45.386887;4.758301;141.0;2026-09-27T19:15:00+02:00;2026-09-27T22:18:35+02:00;273fa5b1365f
2026-09-28;st_alban_du_rhone;ICONCH1;2026-09-28T22:00;7.5;11.7;170.0;20.1;0.0;100.0;0.0;48.0;100.0;100.0;45.386887;4.758301;141.0;2026-09-27T19:15:00+02:00;2026-09-27T22:18:35+02:00;273fa5b1365f
2026-09-28;st_alban_du_rhone;ICONCH1;2026-09-28T23:00;8.2;12.6;168.0;19.0;0.0;100.0;0.0;43.0;100.0;100.0;45.386887;4.758301;141.0;2026-09-27T19:15:00+02:00;2026-09-27T22:18:35+02:00;273fa5b1365f
2026-09-28;st_cyr_sur_le_rhone;AROMEHD;2026-09-28T01:00;8.6;19.4;205.0;21.4;0.0;;0.0;8.0;100.0;100.0;45.510002;4.8500004;190.0;2026-09-27T19:15:00+02:00;2026-09-27T22:18:35+02:00;273fa5b1365f
2026-09-28;st_cyr_sur_le_rhone;AROMEHD;2026-09-28T02:00;10.3;23.3;195.0;21.1;0.0;;0.0;0.0;100.0;100.0;45.510002;4.8500004;190.0;2026-09-27T19:15:00+02:00;2026-09-27T22:18:35+02:00;273fa5b1365f
2026-09-28;st_cyr_sur_le_rhone;AROMEHD;2026-09-28T03:00;10.6;24.1;194.0;20.6;0.0;;0.0;75.0;99.0;99.0;45.510002;4.8500004;190.0;2026-09-27T19:15:00+02:00;2026-09-27T22:18:35+02:00;273fa5b1365f
2026-09-28;st_cyr_sur_le_rhone;AROMEHD;2026-09-28T04:00;10.0;23.9;192.0;20.1;0.0;;0.0;82.0;98.0;98.0;45.510002;4.8500004;190.0;2026-09-27T19:15:00+02:00;2026-09-27T22:18:35+02:00;273fa5b1365f
2026-09-28;st_cyr_sur_le_rhone;AROMEHD;2026-09-28T05:00;9.7;22.2;189.0;19.9;0.0;;0.0;96.0;100.0;100.0;45.510002;4.8500004;190.0;2026-09-27T19:15:00+02:00;2026-09-27T22:18:35+02:00;273fa5b1365f
2026-09-28;st_cyr_sur_le_rhone;AROMEHD;2026-09-28T06:00;9.4;21.8;187.0;19.8;0.0;;0.0;100.0;100.0;100.0;45.510002;4.8500004;190.0;2026-09-27T19:15:00+02:00;2026-09-27T22:18:35+02:00;273fa5b1365f
2026-09-28;st_cyr_sur_le_rhone;AROMEHD;2026-09-28T07:00;8.3;20.8;191.0;19.5;0.0;;0.0;83.0;100.0;100.0;45.510002;4.8500004;190.0;2026-09-27T19:15:00+02:00;2026-09-27T22:18:35+02:00;273fa5b1365f
2026-09-28;st_cyr_sur_le_rhone;AROMEHD;2026-09-28T08:00;8.6;18.9;188.0;19.3;0.0;;0.0;1.0;100.0;100.0;45.510002;4.8500004;190.0;2026-09-27T19:15:00+02:00;2026-09-27T22:18:35+02:00;273fa5b1365f
2026-09-28;st_cyr_sur_le_rhone;AROMEHD;2026-09-28T09:00;7.8;19.0;193.0;20.0;0.0;;0.0;0.0;100.0;100.0;45.510002;4.8500004;190.0;2026-09-27T19:15:00+02:00;2026-09-27T22:18:35+02:00;273fa5b1365f
2026-09-28;st_cyr_sur_le_rhone;AROMEHD;2026-09-28T10:00;7.5;18.1;197.0;21.5;0.0;;0.0;0.0;95.0;95.0;45.510002;4.8500004;190.0;2026-09-27T19:15:00+02:00;2026-09-27T22:18:35+02:00;273fa5b1365f
2026-09-28;st_cyr_sur_le_rhone;AROMEHD;2026-09-28T11:00;9.0;20.4;189.0;23.4;0.0;;0.0;0.0;100.0;100.0;45.510002;4.8500004;190.0;2026-09-27T19:15:00+02:00;2026-09-27T22:18:35+02:00;273fa5b1365f
2026-09-28;st_cyr_sur_le_rhone;AROMEHD;2026-09-28T12:00;10.0;22.2;188.0;25.1;0.0;;0.0;0.0;100.0;100.0;45.510002;4.8500004;190.0;2026-09-27T19:15:00+02:00;2026-09-27T22:18:35+02:00;273fa5b1365f
2026-09-28;st_cyr_sur_le_rhone;AROMEHD;2026-09-28T13:00;10.5;23.3;185.0;26.4;0.0;;0.0;0.0;100.0;100.0;45.510002;4.8500004;190.0;2026-09-27T19:15:00+02:00;2026-09-27T22:18:35+02:00;273fa5b1365f
2026-09-28;st_cyr_sur_le_rhone;AROMEHD;2026-09-28T14:00;10.3;23.3;184.0;27.3;0.0;;0.0;0.0;100.0;100.0;45.510002;4.8500004;190.0;2026-09-27T19:15:00+02:00;2026-09-27T22:18:35+02:00;273fa5b1365f
2026-09-28;st_cyr_sur_le_rhone;AROMEHD;2026-09-28T15:00;9.7;22.7;181.0;27.6;0.0;;0.0;0.0;100.0;100.0;45.510002;4.8500004;190.0;2026-09-27T19:15:00+02:00;2026-09-27T22:18:35+02:00;273fa5b1365f
2026-09-28;st_cyr_sur_le_rhone;AROMEHD;2026-09-28T16:00;10.5;23.3;183.0;28.0;0.0;;0.0;58.0;100.0;100.0;45.510002;4.8500004;190.0;2026-09-27T19:15:00+02:00;2026-09-27T22:18:35+02:00;273fa5b1365f
2026-09-28;st_cyr_sur_le_rhone;AROMEHD;2026-09-28T17:00;9.3;23.3;182.0;27.3;0.0;;0.0;96.0;100.0;100.0;45.510002;4.8500004;190.0;2026-09-27T19:15:00+02:00;2026-09-27T22:18:35+02:00;273fa5b1365f
2026-09-28;st_cyr_sur_le_rhone;AROMEHD;2026-09-28T18:00;7.6;20.8;198.0;26.7;0.0;;0.0;17.0;100.0;100.0;45.510002;4.8500004;190.0;2026-09-27T19:15:00+02:00;2026-09-27T22:18:35+02:00;273fa5b1365f
2026-09-28;st_cyr_sur_le_rhone;AROMEHD;2026-09-28T19:00;5.7;17.1;196.0;25.7;0.0;;0.0;0.0;100.0;100.0;45.510002;4.8500004;190.0;2026-09-27T19:15:00+02:00;2026-09-27T22:18:35+02:00;273fa5b1365f
2026-09-28;st_cyr_sur_le_rhone;AROMEHD;2026-09-28T20:00;3.8;12.8;192.0;24.2;0.0;;0.0;0.0;100.0;100.0;45.510002;4.8500004;190.0;2026-09-27T19:15:00+02:00;2026-09-27T22:18:35+02:00;273fa5b1365f
2026-09-28;st_cyr_sur_le_rhone;AROMEHD;2026-09-28T21:00;4.5;9.7;187.0;23.1;0.0;;0.0;0.0;100.0;100.0;45.510002;4.8500004;190.0;2026-09-27T19:15:00+02:00;2026-09-27T22:18:35+02:00;273fa5b1365f
2026-09-28;st_cyr_sur_le_rhone;AROMEHD;2026-09-28T22:00;6.0;13.0;176.0;22.7;0.0;;0.0;0.0;100.0;100.0;45.510002;4.8500004;190.0;2026-09-27T19:15:00+02:00;2026-09-27T22:18:35+02:00;273fa5b1365f
2026-09-28;st_cyr_sur_le_rhone;AROMEHD;2026-09-28T23:00;7.6;16.7;177.0;22.7;0.0;;0.0;0.0;100.0;100.0;45.510002;4.8500004;190.0;2026-09-27T19:15:00+02:00;2026-09-27T22:18:35+02:00;273fa5b1365f
2026-09-28;st_cyr_sur_le_rhone;AROMEHD;2026-09-29T00:00;8.6;18.9;181.0;22.2;0.0;;0.0;2.0;100.0;100.0;45.510002;4.8500004;190.0;2026-09-27T19:15:00+02:00;2026-09-27T22:18:35+02:00;273fa5b1365f
2026-09-28;st_cyr_sur_le_rhone;ICONCH1;2026-09-28T01:00;13.6;21.8;206.0;19.6;0.0;100.0;0.0;15.0;100.0;100.0;45.511913;4.860718;186.0;2026-09-27T19:15:00+02:00;2026-09-27T22:18:35+02:00;273fa5b1365f
2026-09-28;st_cyr_sur_le_rhone;ICONCH1;2026-09-28T02:00;13.8;22.2;212.0;18.9;0.0;46.0;0.0;33.0;19.0;46.0;45.511913;4.860718;186.0;2026-09-27T19:15:00+02:00;2026-09-27T22:18:35+02:00;273fa5b1365f
2026-09-28;st_cyr_sur_le_rhone;ICONCH1;2026-09-28T03:00;12.8;22.0;216.0;18.3;0.0;50.0;0.0;35.0;26.0;50.0;45.511913;4.860718;186.0;2026-09-27T19:15:00+02:00;2026-09-27T22:18:35+02:00;273fa5b1365f
2026-09-28;st_cyr_sur_le_rhone;ICONCH1;2026-09-28T04:00;14.2;22.7;203.0;18.6;0.0;64.0;0.0;19.0;49.0;64.0;45.511913;4.860718;186.0;2026-09-27T19:15:00+02:00;2026-09-27T22:18:35+02:00;273fa5b1365f
2026-09-28;st_cyr_sur_le_rhone;ICONCH1;2026-09-28T05:00;15.1;24.5;196.0;18.8;0.0;100.0;0.0;100.0;100.0;100.0;45.511913;4.860718;186.0;2026-09-27T19:15:00+02:00;2026-09-27T22:18:35+02:00;273fa5b1365f
2026-09-28;st_cyr_sur_le_rhone;ICONCH1;2026-09-28T06:00;9.7;24.1;200.0;18.4;0.0;98.0;0.0;89.0;96.0;98.0;45.511913;4.860718;186.0;2026-09-27T19:15:00+02:00;2026-09-27T22:18:35+02:00;273fa5b1365f
2026-09-28;st_cyr_sur_le_rhone;ICONCH1;2026-09-28T07:00;8.4;15.7;193.0;18.2;0.0;93.0;0.0;67.0;86.0;93.0;45.511913;4.860718;186.0;2026-09-27T19:15:00+02:00;2026-09-27T22:18:35+02:00;273fa5b1365f
2026-09-28;st_cyr_sur_le_rhone;ICONCH1;2026-09-28T08:00;9.5;15.9;192.0;18.2;0.0;94.0;0.0;66.0;75.0;94.0;45.511913;4.860718;186.0;2026-09-27T19:15:00+02:00;2026-09-27T22:18:35+02:00;273fa5b1365f
2026-09-28;st_cyr_sur_le_rhone;ICONCH1;2026-09-28T09:00;11.1;17.9;185.0;19.3;0.0;79.0;0.0;68.0;31.0;79.0;45.511913;4.860718;186.0;2026-09-27T19:15:00+02:00;2026-09-27T22:18:35+02:00;273fa5b1365f
2026-09-28;st_cyr_sur_le_rhone;ICONCH1;2026-09-28T10:00;12.5;20.2;184.0;21.2;0.0;100.0;0.0;9.0;100.0;100.0;45.511913;4.860718;186.0;2026-09-27T19:15:00+02:00;2026-09-27T22:18:35+02:00;273fa5b1365f
2026-09-28;st_cyr_sur_le_rhone;ICONCH1;2026-09-28T11:00;12.9;21.2;187.0;23.4;0.0;100.0;0.0;71.0;100.0;100.0;45.511913;4.860718;186.0;2026-09-27T19:15:00+02:00;2026-09-27T22:18:35+02:00;273fa5b1365f
2026-09-28;st_cyr_sur_le_rhone;ICONCH1;2026-09-28T12:00;13.5;22.0;196.0;25.0;0.0;100.0;0.0;96.0;100.0;100.0;45.511913;4.860718;186.0;2026-09-27T19:15:00+02:00;2026-09-27T22:18:35+02:00;273fa5b1365f
2026-09-28;st_cyr_sur_le_rhone;ICONCH1;2026-09-28T13:00;16.0;26.2;190.0;26.1;0.0;100.0;0.0;100.0;100.0;100.0;45.511913;4.860718;186.0;2026-09-27T19:15:00+02:00;2026-09-27T22:18:35+02:00;273fa5b1365f
2026-09-28;st_cyr_sur_le_rhone;ICONCH1;2026-09-28T14:00;16.7;27.2;179.0;27.2;0.0;100.0;0.0;77.0;100.0;100.0;45.511913;4.860718;186.0;2026-09-27T19:15:00+02:00;2026-09-27T22:18:35+02:00;273fa5b1365f
2026-09-28;st_cyr_sur_le_rhone;ICONCH1;2026-09-28T15:00;16.1;29.7;188.0;28.3;0.0;100.0;0.0;82.0;100.0;100.0;45.511913;4.860718;186.0;2026-09-27T19:15:00+02:00;2026-09-27T22:18:35+02:00;273fa5b1365f
2026-09-28;st_cyr_sur_le_rhone;ICONCH1;2026-09-28T16:00;17.0;31.7;197.0;28.4;0.0;100.0;0.0;45.0;100.0;100.0;45.511913;4.860718;186.0;2026-09-27T19:15:00+02:00;2026-09-27T22:18:35+02:00;273fa5b1365f
2026-09-28;st_cyr_sur_le_rhone;ICONCH1;2026-09-28T17:00;16.0;28.2;190.0;27.7;0.0;100.0;0.0;83.0;100.0;100.0;45.511913;4.860718;186.0;2026-09-27T19:15:00+02:00;2026-09-27T22:18:35+02:00;273fa5b1365f
2026-09-28;st_cyr_sur_le_rhone;ICONCH1;2026-09-28T18:00;11.5;26.0;204.0;26.5;0.0;100.0;0.0;89.0;100.0;100.0;45.511913;4.860718;186.0;2026-09-27T19:15:00+02:00;2026-09-27T22:18:35+02:00;273fa5b1365f
2026-09-28;st_cyr_sur_le_rhone;ICONCH1;2026-09-28T19:00;8.4;18.3;199.0;25.3;0.0;100.0;0.0;72.0;100.0;100.0;45.511913;4.860718;186.0;2026-09-27T19:15:00+02:00;2026-09-27T22:18:35+02:00;273fa5b1365f
2026-09-28;st_cyr_sur_le_rhone;ICONCH1;2026-09-28T20:00;7.2;13.2;180.0;23.7;0.0;100.0;0.0;23.0;100.0;100.0;45.511913;4.860718;186.0;2026-09-27T19:15:00+02:00;2026-09-27T22:18:35+02:00;273fa5b1365f
2026-09-28;st_cyr_sur_le_rhone;ICONCH1;2026-09-28T21:00;8.4;14.0;185.0;22.4;0.0;70.0;0.0;0.0;70.0;70.0;45.511913;4.860718;186.0;2026-09-27T19:15:00+02:00;2026-09-27T22:18:35+02:00;273fa5b1365f
2026-09-28;st_cyr_sur_le_rhone;ICONCH1;2026-09-28T22:00;10.7;17.7;182.0;22.2;0.0;100.0;0.0;66.0;100.0;100.0;45.511913;4.860718;186.0;2026-09-27T19:15:00+02:00;2026-09-27T22:18:35+02:00;273fa5b1365f
2026-09-28;st_cyr_sur_le_rhone;ICONCH1;2026-09-28T23:00;9.2;18.3;185.0;21.4;0.0;100.0;0.0;5.0;100.0;100.0;45.511913;4.860718;186.0;2026-09-27T19:15:00+02:00;2026-09-27T22:18:35+02:00;273fa5b1365f
2026-09-28;st_romain_des_iles;AROMEHD;2026-09-28T01:00;4.6;6.2;195.0;17.0;0.0;;0.0;0.0;100.0;100.0;46.18;4.779999;169.0;2026-09-27T19:15:00+02:00;2026-09-27T22:18:35+02:00;273fa5b1365f
2026-09-28;st_romain_des_iles;AROMEHD;2026-09-28T02:00;4.6;6.6;208.0;16.6;0.0;;0.0;0.0;100.0;100.0;46.18;4.779999;169.0;2026-09-27T19:15:00+02:00;2026-09-27T22:18:35+02:00;273fa5b1365f
2026-09-28;st_romain_des_iles;AROMEHD;2026-09-28T03:00;3.8;6.0;204.0;16.3;0.0;;0.0;68.0;100.0;100.0;46.18;4.779999;169.0;2026-09-27T19:15:00+02:00;2026-09-27T22:18:35+02:00;273fa5b1365f
2026-09-28;st_romain_des_iles;AROMEHD;2026-09-28T04:00;3.1;5.1;210.0;15.9;0.0;;0.0;100.0;100.0;100.0;46.18;4.779999;169.0;2026-09-27T19:15:00+02:00;2026-09-27T22:18:35+02:00;273fa5b1365f
2026-09-28;st_romain_des_iles;AROMEHD;2026-09-28T05:00;2.9;3.9;217.0;15.8;0.0;;0.0;100.0;100.0;100.0;46.18;4.779999;169.0;2026-09-27T19:15:00+02:00;2026-09-27T22:18:35+02:00;273fa5b1365f
2026-09-28;st_romain_des_iles;AROMEHD;2026-09-28T06:00;3.2;4.5;205.0;16.0;0.0;;0.0;99.0;100.0;100.0;46.18;4.779999;169.0;2026-09-27T19:15:00+02:00;2026-09-27T22:18:35+02:00;273fa5b1365f
2026-09-28;st_romain_des_iles;AROMEHD;2026-09-28T07:00;3.1;3.9;187.0;14.8;0.0;;0.0;75.0;100.0;100.0;46.18;4.779999;169.0;2026-09-27T19:15:00+02:00;2026-09-27T22:18:35+02:00;273fa5b1365f
2026-09-28;st_romain_des_iles;AROMEHD;2026-09-28T08:00;2.9;3.9;180.0;14.4;0.0;;0.0;99.0;100.0;100.0;46.18;4.779999;169.0;2026-09-27T19:15:00+02:00;2026-09-27T22:18:35+02:00;273fa5b1365f
2026-09-28;st_romain_des_iles;AROMEHD;2026-09-28T09:00;3.9;4.9;186.0;15.9;0.0;;0.0;77.0;100.0;100.0;46.18;4.779999;169.0;2026-09-27T19:15:00+02:00;2026-09-27T22:18:35+02:00;273fa5b1365f
2026-09-28;st_romain_des_iles;AROMEHD;2026-09-28T10:00;4.7;8.4;204.0;19.5;0.0;;0.0;32.0;100.0;100.0;46.18;4.779999;169.0;2026-09-27T19:15:00+02:00;2026-09-27T22:18:35+02:00;273fa5b1365f
2026-09-28;st_romain_des_iles;AROMEHD;2026-09-28T11:00;5.7;10.9;198.0;22.0;0.0;;0.0;0.0;100.0;100.0;46.18;4.779999;169.0;2026-09-27T19:15:00+02:00;2026-09-27T22:18:35+02:00;273fa5b1365f
2026-09-28;st_romain_des_iles;AROMEHD;2026-09-28T12:00;5.7;11.5;204.0;24.5;0.0;;0.0;100.0;100.0;100.0;46.18;4.779999;169.0;2026-09-27T19:15:00+02:00;2026-09-27T22:18:35+02:00;273fa5b1365f
2026-09-28;st_romain_des_iles;AROMEHD;2026-09-28T13:00;6.1;11.5;207.0;26.0;0.0;;0.0;100.0;100.0;100.0;46.18;4.779999;169.0;2026-09-27T19:15:00+02:00;2026-09-27T22:18:35+02:00;273fa5b1365f
2026-09-28;st_romain_des_iles;AROMEHD;2026-09-28T14:00;7.6;14.2;195.0;27.3;0.0;;0.0;100.0;100.0;100.0;46.18;4.779999;169.0;2026-09-27T19:15:00+02:00;2026-09-27T22:18:35+02:00;273fa5b1365f
2026-09-28;st_romain_des_iles;AROMEHD;2026-09-28T15:00;9.0;15.7;173.0;27.8;0.0;;0.0;100.0;100.0;100.0;46.18;4.779999;169.0;2026-09-27T19:15:00+02:00;2026-09-27T22:18:35+02:00;273fa5b1365f
2026-09-28;st_romain_des_iles;AROMEHD;2026-09-28T16:00;9.5;16.3;176.0;28.3;0.0;;0.0;100.0;100.0;100.0;46.18;4.779999;169.0;2026-09-27T19:15:00+02:00;2026-09-27T22:18:35+02:00;273fa5b1365f
2026-09-28;st_romain_des_iles;AROMEHD;2026-09-28T17:00;10.6;17.7;172.0;28.0;0.0;;0.0;97.0;100.0;100.0;46.18;4.779999;169.0;2026-09-27T19:15:00+02:00;2026-09-27T22:18:35+02:00;273fa5b1365f
2026-09-28;st_romain_des_iles;AROMEHD;2026-09-28T18:00;9.4;17.5;156.0;27.3;0.0;;0.0;86.0;100.0;100.0;46.18;4.779999;169.0;2026-09-27T19:15:00+02:00;2026-09-27T22:18:35+02:00;273fa5b1365f
2026-09-28;st_romain_des_iles;AROMEHD;2026-09-28T19:00;8.7;15.7;153.0;26.3;0.0;;0.0;14.0;100.0;100.0;46.18;4.779999;169.0;2026-09-27T19:15:00+02:00;2026-09-27T22:18:35+02:00;273fa5b1365f
2026-09-28;st_romain_des_iles;AROMEHD;2026-09-28T20:00;6.2;13.8;152.0;24.5;0.0;;0.0;0.0;100.0;100.0;46.18;4.779999;169.0;2026-09-27T19:15:00+02:00;2026-09-27T22:18:35+02:00;273fa5b1365f
2026-09-28;st_romain_des_iles;AROMEHD;2026-09-28T21:00;6.2;9.5;152.0;22.3;0.0;;0.0;0.0;100.0;100.0;46.18;4.779999;169.0;2026-09-27T19:15:00+02:00;2026-09-27T22:18:35+02:00;273fa5b1365f
2026-09-28;st_romain_des_iles;AROMEHD;2026-09-28T22:00;5.5;9.9;170.0;20.8;0.0;;0.0;0.0;100.0;100.0;46.18;4.779999;169.0;2026-09-27T19:15:00+02:00;2026-09-27T22:18:35+02:00;273fa5b1365f
2026-09-28;st_romain_des_iles;AROMEHD;2026-09-28T23:00;4.1;8.2;221.0;19.4;0.0;;0.0;2.0;100.0;100.0;46.18;4.779999;169.0;2026-09-27T19:15:00+02:00;2026-09-27T22:18:35+02:00;273fa5b1365f
2026-09-28;st_romain_des_iles;AROMEHD;2026-09-29T00:00;2.5;5.8;212.0;17.8;0.0;;0.0;0.0;100.0;100.0;46.18;4.779999;169.0;2026-09-27T19:15:00+02:00;2026-09-27T22:18:35+02:00;273fa5b1365f
2026-09-28;st_romain_des_iles;ICONCH1;2026-09-28T01:00;3.3;6.6;216.0;18.7;0.0;92.0;0.0;91.0;25.0;92.0;46.179794;4.782837;176.0;2026-09-27T19:15:00+02:00;2026-09-27T22:18:35+02:00;273fa5b1365f
2026-09-28;st_romain_des_iles;ICONCH1;2026-09-28T02:00;3.0;5.2;225.0;17.9;0.0;80.0;0.0;66.0;41.0;80.0;46.179794;4.782837;176.0;2026-09-27T19:15:00+02:00;2026-09-27T22:18:35+02:00;273fa5b1365f
2026-09-28;st_romain_des_iles;ICONCH1;2026-09-28T03:00;3.4;5.2;223.0;16.7;0.0;94.0;0.0;71.0;76.0;94.0;46.179794;4.782837;176.0;2026-09-27T19:15:00+02:00;2026-09-27T22:18:35+02:00;273fa5b1365f
2026-09-28;st_romain_des_iles;ICONCH1;2026-09-28T04:00;3.6;6.0;225.0;16.1;0.0;100.0;0.0;100.0;100.0;100.0;46.179794;4.782837;176.0;2026-09-27T19:15:00+02:00;2026-09-27T22:18:35+02:00;273fa5b1365f
2026-09-28;st_romain_des_iles;ICONCH1;2026-09-28T05:00;3.9;6.0;221.0;15.9;0.0;96.0;0.0;87.0;85.0;96.0;46.179794;4.782837;176.0;2026-09-27T19:15:00+02:00;2026-09-27T22:18:35+02:00;273fa5b1365f
2026-09-28;st_romain_des_iles;ICONCH1;2026-09-28T06:00;3.1;6.0;215.0;15.6;0.0;98.0;0.0;95.0;93.0;98.0;46.179794;4.782837;176.0;2026-09-27T19:15:00+02:00;2026-09-27T22:18:35+02:00;273fa5b1365f
2026-09-28;st_romain_des_iles;ICONCH1;2026-09-28T07:00;2.8;4.9;214.0;15.4;0.0;100.0;0.0;100.0;100.0;100.0;46.179794;4.782837;176.0;2026-09-27T19:15:00+02:00;2026-09-27T22:18:35+02:00;273fa5b1365f
2026-09-28;st_romain_des_iles;ICONCH1;2026-09-28T08:00;3.0;5.2;203.0;15.3;0.0;99.0;0.0;81.0;95.0;99.0;46.179794;4.782837;176.0;2026-09-27T19:15:00+02:00;2026-09-27T22:18:35+02:00;273fa5b1365f
2026-09-28;st_romain_des_iles;ICONCH1;2026-09-28T09:00;2.7;4.7;188.0;16.5;0.0;43.0;0.0;41.0;11.0;43.0;46.179794;4.782837;176.0;2026-09-27T19:15:00+02:00;2026-09-27T22:18:35+02:00;273fa5b1365f
2026-09-28;st_romain_des_iles;ICONCH1;2026-09-28T10:00;5.4;9.1;201.0;18.6;0.0;100.0;0.0;68.0;100.0;100.0;46.179794;4.782837;176.0;2026-09-27T19:15:00+02:00;2026-09-27T22:18:35+02:00;273fa5b1365f
2026-09-28;st_romain_des_iles;ICONCH1;2026-09-28T11:00;5.8;10.3;201.0;20.7;0.0;96.0;0.0;82.0;93.0;96.0;46.179794;4.782837;176.0;2026-09-27T19:15:00+02:00;2026-09-27T22:18:35+02:00;273fa5b1365f
2026-09-28;st_romain_des_iles;ICONCH1;2026-09-28T12:00;7.7;13.0;196.0;23.0;0.0;100.0;0.0;88.0;100.0;100.0;46.179794;4.782837;176.0;2026-09-27T19:15:00+02:00;2026-09-27T22:18:35+02:00;273fa5b1365f
2026-09-28;st_romain_des_iles;ICONCH1;2026-09-28T13:00;10.1;16.9;183.0;25.6;0.0;100.0;0.0;73.0;100.0;100.0;46.179794;4.782837;176.0;2026-09-27T19:15:00+02:00;2026-09-27T22:18:35+02:00;273fa5b1365f
2026-09-28;st_romain_des_iles;ICONCH1;2026-09-28T14:00;12.0;19.8;173.0;27.1;0.0;96.0;0.0;56.0;87.0;96.0;46.179794;4.782837;176.0;2026-09-27T19:15:00+02:00;2026-09-27T22:18:35+02:00;273fa5b1365f
2026-09-28;st_romain_des_iles;ICONCH1;2026-09-28T15:00;13.6;22.4;172.0;27.9;0.0;100.0;0.0;74.0;100.0;100.0;46.179794;4.782837;176.0;2026-09-27T19:15:00+02:00;2026-09-27T22:18:35+02:00;273fa5b1365f
2026-09-28;st_romain_des_iles;ICONCH1;2026-09-28T16:00;14.1;23.3;174.0;28.7;0.0;100.0;0.0;99.0;100.0;100.0;46.179794;4.782837;176.0;2026-09-27T19:15:00+02:00;2026-09-27T22:18:35+02:00;273fa5b1365f
2026-09-28;st_romain_des_iles;ICONCH1;2026-09-28T17:00;13.9;22.9;174.0;28.3;0.0;100.0;0.0;82.0;100.0;100.0;46.179794;4.782837;176.0;2026-09-27T19:15:00+02:00;2026-09-27T22:18:35+02:00;273fa5b1365f
2026-09-28;st_romain_des_iles;ICONCH1;2026-09-28T18:00;13.2;22.4;170.0;27.6;0.0;100.0;0.0;83.0;100.0;100.0;46.179794;4.782837;176.0;2026-09-27T19:15:00+02:00;2026-09-27T22:18:35+02:00;273fa5b1365f
2026-09-28;st_romain_des_iles;ICONCH1;2026-09-28T19:00;10.5;21.0;161.0;26.2;0.0;100.0;0.0;68.0;100.0;100.0;46.179794;4.782837;176.0;2026-09-27T19:15:00+02:00;2026-09-27T22:18:35+02:00;273fa5b1365f
2026-09-28;st_romain_des_iles;ICONCH1;2026-09-28T20:00;8.4;17.5;161.0;24.3;0.0;100.0;0.0;18.0;100.0;100.0;46.179794;4.782837;176.0;2026-09-27T19:15:00+02:00;2026-09-27T22:18:35+02:00;273fa5b1365f
2026-09-28;st_romain_des_iles;ICONCH1;2026-09-28T21:00;5.7;13.2;186.0;21.9;0.0;100.0;0.0;0.0;100.0;100.0;46.179794;4.782837;176.0;2026-09-27T19:15:00+02:00;2026-09-27T22:18:35+02:00;273fa5b1365f
2026-09-28;st_romain_des_iles;ICONCH1;2026-09-28T22:00;5.7;8.9;184.0;20.3;0.0;95.0;0.0;36.0;90.0;95.0;46.179794;4.782837;176.0;2026-09-27T19:15:00+02:00;2026-09-27T22:18:35+02:00;273fa5b1365f
2026-09-28;st_romain_des_iles;ICONCH1;2026-09-28T23:00;3.9;8.9;207.0;18.8;0.0;100.0;0.0;71.0;100.0;100.0;46.179794;4.782837;176.0;2026-09-27T19:15:00+02:00;2026-09-27T22:18:35+02:00;273fa5b1365f
2026-09-28;treffort;AROMEHD;2026-09-28T01:00;1.9;5.8;156.0;16.5;0.0;;0.0;0.0;1.0;1.0;44.91;5.6800003;0.0;2026-09-27T19:15:00+02:00;2026-09-27T22:18:35+02:00;273fa5b1365f
2026-09-28;treffort;AROMEHD;2026-09-28T02:00;1.4;6.0;180.0;16.3;0.0;;0.0;0.0;99.0;99.0;44.91;5.6800003;0.0;2026-09-27T19:15:00+02:00;2026-09-27T22:18:35+02:00;273fa5b1365f
2026-09-28;treffort;AROMEHD;2026-09-28T03:00;0.7;4.9;56.0;15.8;0.0;;0.0;0.0;97.0;97.0;44.91;5.6800003;0.0;2026-09-27T19:15:00+02:00;2026-09-27T22:18:35+02:00;273fa5b1365f
2026-09-28;treffort;AROMEHD;2026-09-28T04:00;1.3;3.5;63.0;15.4;0.0;;0.0;10.0;29.0;29.0;44.91;5.6800003;0.0;2026-09-27T19:15:00+02:00;2026-09-27T22:18:35+02:00;273fa5b1365f
2026-09-28;treffort;AROMEHD;2026-09-28T05:00;2.0;5.4;169.0;15.5;0.0;;0.0;74.0;53.0;74.0;44.91;5.6800003;0.0;2026-09-27T19:15:00+02:00;2026-09-27T22:18:35+02:00;273fa5b1365f
2026-09-28;treffort;AROMEHD;2026-09-28T06:00;2.4;6.2;166.0;15.5;0.0;;0.0;3.0;99.0;99.0;44.91;5.6800003;0.0;2026-09-27T19:15:00+02:00;2026-09-27T22:18:35+02:00;273fa5b1365f
2026-09-28;treffort;AROMEHD;2026-09-28T07:00;1.2;6.0;162.0;15.6;0.0;;0.0;0.0;9.0;9.0;44.91;5.6800003;0.0;2026-09-27T19:15:00+02:00;2026-09-27T22:18:35+02:00;273fa5b1365f
2026-09-28;treffort;AROMEHD;2026-09-28T08:00;0.3;4.3;45.0;15.3;0.0;;0.0;1.0;2.0;2.0;44.91;5.6800003;0.0;2026-09-27T19:15:00+02:00;2026-09-27T22:18:35+02:00;273fa5b1365f
2026-09-28;treffort;AROMEHD;2026-09-28T09:00;1.2;3.1;99.0;15.3;0.0;;0.0;13.0;97.0;97.0;44.91;5.6800003;0.0;2026-09-27T19:15:00+02:00;2026-09-27T22:18:35+02:00;273fa5b1365f
2026-09-28;treffort;AROMEHD;2026-09-28T10:00;1.2;2.7;72.0;16.4;0.0;;0.0;28.0;100.0;100.0;44.91;5.6800003;0.0;2026-09-27T19:15:00+02:00;2026-09-27T22:18:35+02:00;273fa5b1365f
2026-09-28;treffort;AROMEHD;2026-09-28T11:00;0.6;1.7;360.0;18.0;0.0;;0.0;0.0;100.0;100.0;44.91;5.6800003;0.0;2026-09-27T19:15:00+02:00;2026-09-27T22:18:35+02:00;273fa5b1365f
2026-09-28;treffort;AROMEHD;2026-09-28T12:00;1.8;3.7;342.0;19.0;0.0;;0.0;0.0;100.0;100.0;44.91;5.6800003;0.0;2026-09-27T19:15:00+02:00;2026-09-27T22:18:35+02:00;273fa5b1365f
2026-09-28;treffort;AROMEHD;2026-09-28T13:00;5.1;9.9;342.0;19.5;0.0;;0.0;0.0;57.0;57.0;44.91;5.6800003;0.0;2026-09-27T19:15:00+02:00;2026-09-27T22:18:35+02:00;273fa5b1365f
2026-09-28;treffort;AROMEHD;2026-09-28T14:00;4.9;10.5;342.0;19.7;0.0;;0.0;0.0;59.0;59.0;44.91;5.6800003;0.0;2026-09-27T19:15:00+02:00;2026-09-27T22:18:35+02:00;273fa5b1365f
2026-09-28;treffort;AROMEHD;2026-09-28T15:00;5.3;10.1;343.0;20.2;0.0;;0.0;0.0;100.0;100.0;44.91;5.6800003;0.0;2026-09-27T19:15:00+02:00;2026-09-27T22:18:35+02:00;273fa5b1365f
2026-09-28;treffort;AROMEHD;2026-09-28T16:00;5.3;10.3;336.0;20.0;0.0;;0.0;0.0;100.0;100.0;44.91;5.6800003;0.0;2026-09-27T19:15:00+02:00;2026-09-27T22:18:35+02:00;273fa5b1365f
2026-09-28;treffort;AROMEHD;2026-09-28T17:00;5.1;10.5;331.0;19.6;0.0;;0.0;0.0;100.0;100.0;44.91;5.6800003;0.0;2026-09-27T19:15:00+02:00;2026-09-27T22:18:35+02:00;273fa5b1365f
2026-09-28;treffort;AROMEHD;2026-09-28T18:00;3.9;10.1;327.0;19.0;0.0;;0.0;0.0;100.0;100.0;44.91;5.6800003;0.0;2026-09-27T19:15:00+02:00;2026-09-27T22:18:35+02:00;273fa5b1365f
2026-09-28;treffort;AROMEHD;2026-09-28T19:00;2.6;7.4;318.0;18.3;0.0;;0.0;99.0;100.0;100.0;44.91;5.6800003;0.0;2026-09-27T19:15:00+02:00;2026-09-27T22:18:35+02:00;273fa5b1365f
2026-09-28;treffort;AROMEHD;2026-09-28T20:00;0.5;4.3;225.0;17.7;0.0;;0.0;0.0;100.0;100.0;44.91;5.6800003;0.0;2026-09-27T19:15:00+02:00;2026-09-27T22:18:35+02:00;273fa5b1365f
2026-09-28;treffort;AROMEHD;2026-09-28T21:00;0.6;1.4;180.0;17.2;0.0;;0.0;0.0;100.0;100.0;44.91;5.6800003;0.0;2026-09-27T19:15:00+02:00;2026-09-27T22:18:35+02:00;273fa5b1365f
2026-09-28;treffort;AROMEHD;2026-09-28T22:00;1.8;1.6;174.0;16.7;0.0;;0.0;0.0;100.0;100.0;44.91;5.6800003;0.0;2026-09-27T19:15:00+02:00;2026-09-27T22:18:35+02:00;273fa5b1365f
2026-09-28;treffort;AROMEHD;2026-09-28T23:00;0.7;1.6;56.0;16.7;0.0;;0.0;0.0;100.0;100.0;44.91;5.6800003;0.0;2026-09-27T19:15:00+02:00;2026-09-27T22:18:35+02:00;273fa5b1365f
2026-09-28;treffort;AROMEHD;2026-09-29T00:00;0.9;1.9;117.0;16.9;0.0;;0.0;0.0;100.0;100.0;44.91;5.6800003;0.0;2026-09-27T19:15:00+02:00;2026-09-27T22:18:35+02:00;273fa5b1365f
2026-09-28;treffort;ICONCH1;2026-09-28T01:00;4.5;8.2;182.0;17.1;0.0;0.0;0.0;0.0;0.0;0.0;44.905636;5.680298;502.0;2026-09-27T19:15:00+02:00;2026-09-27T22:18:35+02:00;273fa5b1365f
2026-09-28;treffort;ICONCH1;2026-09-28T02:00;4.3;7.4;198.0;16.5;0.0;31.0;0.0;0.0;31.0;31.0;44.905636;5.680298;502.0;2026-09-27T19:15:00+02:00;2026-09-27T22:18:35+02:00;273fa5b1365f
2026-09-28;treffort;ICONCH1;2026-09-28T03:00;4.3;7.2;190.0;16.5;0.0;89.0;0.0;0.0;89.0;89.0;44.905636;5.680298;502.0;2026-09-27T19:15:00+02:00;2026-09-27T22:18:35+02:00;273fa5b1365f
2026-09-28;treffort;ICONCH1;2026-09-28T04:00;4.1;7.2;188.0;16.1;0.0;20.0;0.0;0.0;20.0;20.0;44.905636;5.680298;502.0;2026-09-27T19:15:00+02:00;2026-09-27T22:18:35+02:00;273fa5b1365f
2026-09-28;treffort;ICONCH1;2026-09-28T05:00;4.0;6.6;194.0;16.0;0.0;96.0;0.0;60.0;83.0;96.0;44.905636;5.680298;502.0;2026-09-27T19:15:00+02:00;2026-09-27T22:18:35+02:00;273fa5b1365f
2026-09-28;treffort;ICONCH1;2026-09-28T06:00;3.9;6.8;189.0;15.7;0.0;79.0;0.0;78.0;3.0;79.0;44.905636;5.680298;502.0;2026-09-27T19:15:00+02:00;2026-09-27T22:18:35+02:00;273fa5b1365f
2026-09-28;treffort;ICONCH1;2026-09-28T07:00;3.5;6.4;186.0;15.8;0.0;93.0;0.0;93.0;7.0;93.0;44.905636;5.680298;502.0;2026-09-27T19:15:00+02:00;2026-09-27T22:18:35+02:00;273fa5b1365f
2026-09-28;treffort;ICONCH1;2026-09-28T08:00;3.4;5.8;190.0;15.5;0.0;76.0;0.0;73.0;46.0;76.0;44.905636;5.680298;502.0;2026-09-27T19:15:00+02:00;2026-09-27T22:18:35+02:00;273fa5b1365f
2026-09-28;treffort;ICONCH1;2026-09-28T09:00;3.0;5.8;148.0;18.0;0.0;97.0;0.0;97.0;13.0;97.0;44.905636;5.680298;502.0;2026-09-27T19:15:00+02:00;2026-09-27T22:18:35+02:00;273fa5b1365f
2026-09-28;treffort;ICONCH1;2026-09-28T10:00;3.7;7.2;152.0;20.8;0.0;71.0;0.0;72.0;5.0;72.0;44.905636;5.680298;502.0;2026-09-27T19:15:00+02:00;2026-09-27T22:18:35+02:00;273fa5b1365f
2026-09-28;treffort;ICONCH1;2026-09-28T11:00;4.2;8.2;164.0;24.0;0.0;99.0;0.0;73.0;92.0;99.0;44.905636;5.680298;502.0;2026-09-27T19:15:00+02:00;2026-09-27T22:18:35+02:00;273fa5b1365f
2026-09-28;treffort;ICONCH1;2026-09-28T12:00;4.9;9.1;146.0;25.9;0.0;100.0;0.0;28.0;100.0;100.0;44.905636;5.680298;502.0;2026-09-27T19:15:00+02:00;2026-09-27T22:18:35+02:00;273fa5b1365f
2026-09-28;treffort;ICONCH1;2026-09-28T13:00;9.6;17.7;166.0;28.0;0.0;88.0;0.0;12.0;79.0;88.0;44.905636;5.680298;502.0;2026-09-27T19:15:00+02:00;2026-09-27T22:18:35+02:00;273fa5b1365f
2026-09-28;treffort;ICONCH1;2026-09-28T14:00;8.9;16.9;190.0;28.3;0.0;79.0;0.0;42.0;56.0;79.0;44.905636;5.680298;502.0;2026-09-27T19:15:00+02:00;2026-09-27T22:18:35+02:00;273fa5b1365f
2026-09-28;treffort;ICONCH1;2026-09-28T15:00;8.3;16.1;191.0;28.3;0.0;100.0;0.0;55.0;100.0;100.0;44.905636;5.680298;502.0;2026-09-27T19:15:00+02:00;2026-09-27T22:18:35+02:00;273fa5b1365f
2026-09-28;treffort;ICONCH1;2026-09-28T16:00;8.4;14.8;176.0;28.3;0.0;100.0;0.0;65.0;100.0;100.0;44.905636;5.680298;502.0;2026-09-27T19:15:00+02:00;2026-09-27T22:18:35+02:00;273fa5b1365f
2026-09-28;treffort;ICONCH1;2026-09-28T17:00;7.8;15.0;167.0;27.5;0.0;100.0;0.0;74.0;100.0;100.0;44.905636;5.680298;502.0;2026-09-27T19:15:00+02:00;2026-09-27T22:18:35+02:00;273fa5b1365f
2026-09-28;treffort;ICONCH1;2026-09-28T18:00;4.3;13.2;185.0;26.0;0.0;100.0;0.0;77.0;100.0;100.0;44.905636;5.680298;502.0;2026-09-27T19:15:00+02:00;2026-09-27T22:18:35+02:00;273fa5b1365f
2026-09-28;treffort;ICONCH1;2026-09-28T19:00;1.0;7.4;143.0;23.7;0.0;100.0;0.0;77.0;100.0;100.0;44.905636;5.680298;502.0;2026-09-27T19:15:00+02:00;2026-09-27T22:18:35+02:00;273fa5b1365f
2026-09-28;treffort;ICONCH1;2026-09-28T20:00;2.7;3.5;201.0;20.2;0.0;100.0;0.0;92.0;100.0;100.0;44.905636;5.680298;502.0;2026-09-27T19:15:00+02:00;2026-09-27T22:18:35+02:00;273fa5b1365f
2026-09-28;treffort;ICONCH1;2026-09-28T21:00;3.6;5.6;193.0;19.4;0.0;100.0;0.0;85.0;100.0;100.0;44.905636;5.680298;502.0;2026-09-27T19:15:00+02:00;2026-09-27T22:18:35+02:00;273fa5b1365f
2026-09-28;treffort;ICONCH1;2026-09-28T22:00;3.7;6.4;208.0;19.0;0.0;100.0;0.0;56.0;100.0;100.0;44.905636;5.680298;502.0;2026-09-27T19:15:00+02:00;2026-09-27T22:18:35+02:00;273fa5b1365f
2026-09-28;treffort;ICONCH1;2026-09-28T23:00;3.8;6.2;215.0;17.6;0.0;100.0;0.0;14.0;100.0;100.0;44.905636;5.680298;502.0;2026-09-27T19:15:00+02:00;2026-09-27T22:18:35+02:00;273fa5b1365f
2026-09-28;vengeron;AROMEHD;2026-09-28T01:00;1.4;2.3;254.0;17.8;0.0;;0.0;0.0;100.0;100.0;46.25;6.17;0.0;2026-09-27T19:15:00+02:00;2026-09-27T22:18:35+02:00;273fa5b1365f
2026-09-28;vengeron;AROMEHD;2026-09-28T02:00;3.3;4.3;277.0;16.5;0.0;;0.0;0.0;0.0;0.0;46.25;6.17;0.0;2026-09-27T19:15:00+02:00;2026-09-27T22:18:35+02:00;273fa5b1365f
2026-09-28;vengeron;AROMEHD;2026-09-28T03:00;2.1;4.3;270.0;16.7;0.0;;0.0;0.0;100.0;100.0;46.25;6.17;0.0;2026-09-27T19:15:00+02:00;2026-09-27T22:18:35+02:00;273fa5b1365f
2026-09-28;vengeron;AROMEHD;2026-09-28T04:00;2.5;2.5;293.0;16.9;0.0;;0.0;0.0;100.0;100.0;46.25;6.17;0.0;2026-09-27T19:15:00+02:00;2026-09-27T22:18:35+02:00;273fa5b1365f
2026-09-28;vengeron;AROMEHD;2026-09-28T05:00;1.0;2.7;281.0;17.2;0.0;;0.0;0.0;100.0;100.0;46.25;6.17;0.0;2026-09-27T19:15:00+02:00;2026-09-27T22:18:35+02:00;273fa5b1365f
2026-09-28;vengeron;AROMEHD;2026-09-28T06:00;2.0;1.9;287.0;16.6;0.0;;0.0;6.0;100.0;100.0;46.25;6.17;0.0;2026-09-27T19:15:00+02:00;2026-09-27T22:18:35+02:00;273fa5b1365f
2026-09-28;vengeron;AROMEHD;2026-09-28T07:00;1.6;2.3;270.0;16.0;0.0;;0.0;1.0;93.0;93.0;46.25;6.17;0.0;2026-09-27T19:15:00+02:00;2026-09-27T22:18:35+02:00;273fa5b1365f
2026-09-28;vengeron;AROMEHD;2026-09-28T08:00;2.1;2.3;248.0;15.9;0.0;;0.0;0.0;48.0;48.0;46.25;6.17;0.0;2026-09-27T19:15:00+02:00;2026-09-27T22:18:35+02:00;273fa5b1365f
2026-09-28;vengeron;AROMEHD;2026-09-28T09:00;1.0;2.5;281.0;16.3;0.0;;0.0;0.0;100.0;100.0;46.25;6.17;0.0;2026-09-27T19:15:00+02:00;2026-09-27T22:18:35+02:00;273fa5b1365f
2026-09-28;vengeron;AROMEHD;2026-09-28T10:00;0.4;1.4;90.0;17.0;0.0;;0.0;0.0;95.0;95.0;46.25;6.17;0.0;2026-09-27T19:15:00+02:00;2026-09-27T22:18:35+02:00;273fa5b1365f
2026-09-28;vengeron;AROMEHD;2026-09-28T11:00;1.8;1.9;108.0;17.8;0.0;;0.0;0.0;100.0;100.0;46.25;6.17;0.0;2026-09-27T19:15:00+02:00;2026-09-27T22:18:35+02:00;273fa5b1365f
2026-09-28;vengeron;AROMEHD;2026-09-28T12:00;1.7;1.9;117.0;19.2;0.0;;0.0;0.0;100.0;100.0;46.25;6.17;0.0;2026-09-27T19:15:00+02:00;2026-09-27T22:18:35+02:00;273fa5b1365f
2026-09-28;vengeron;AROMEHD;2026-09-28T13:00;2.5;2.5;108.0;20.8;0.0;;0.0;29.0;100.0;100.0;46.25;6.17;0.0;2026-09-27T19:15:00+02:00;2026-09-27T22:18:35+02:00;273fa5b1365f
2026-09-28;vengeron;AROMEHD;2026-09-28T14:00;2.6;2.9;99.0;22.0;0.0;;0.0;0.0;100.0;100.0;46.25;6.17;0.0;2026-09-27T19:15:00+02:00;2026-09-27T22:18:35+02:00;273fa5b1365f
2026-09-28;vengeron;AROMEHD;2026-09-28T15:00;8.6;9.5;31.0;21.1;0.0;;0.0;0.0;97.0;97.0;46.25;6.17;0.0;2026-09-27T19:15:00+02:00;2026-09-27T22:18:35+02:00;273fa5b1365f
2026-09-28;vengeron;AROMEHD;2026-09-28T16:00;11.3;13.0;16.0;21.4;0.0;;0.0;0.0;100.0;100.0;46.25;6.17;0.0;2026-09-27T19:15:00+02:00;2026-09-27T22:18:35+02:00;273fa5b1365f
2026-09-28;vengeron;AROMEHD;2026-09-28T17:00;11.6;14.0;13.0;22.0;0.0;;0.0;0.0;100.0;100.0;46.25;6.17;0.0;2026-09-27T19:15:00+02:00;2026-09-27T22:18:35+02:00;273fa5b1365f
2026-09-28;vengeron;AROMEHD;2026-09-28T18:00;9.9;13.6;15.0;21.6;0.0;;0.0;0.0;100.0;100.0;46.25;6.17;0.0;2026-09-27T19:15:00+02:00;2026-09-27T22:18:35+02:00;273fa5b1365f
2026-09-28;vengeron;AROMEHD;2026-09-28T19:00;8.8;10.9;18.0;21.8;0.0;;0.0;100.0;100.0;100.0;46.25;6.17;0.0;2026-09-27T19:15:00+02:00;2026-09-27T22:18:35+02:00;273fa5b1365f
2026-09-28;vengeron;AROMEHD;2026-09-28T20:00;5.1;10.1;2.0;22.0;0.0;;0.0;90.0;100.0;100.0;46.25;6.17;0.0;2026-09-27T19:15:00+02:00;2026-09-27T22:18:35+02:00;273fa5b1365f
2026-09-28;vengeron;AROMEHD;2026-09-28T21:00;1.5;6.4;293.0;21.3;0.0;;0.0;86.0;100.0;100.0;46.25;6.17;0.0;2026-09-27T19:15:00+02:00;2026-09-27T22:18:35+02:00;273fa5b1365f
2026-09-28;vengeron;AROMEHD;2026-09-28T22:00;2.4;2.7;194.0;21.3;0.0;;0.0;16.0;100.0;100.0;46.25;6.17;0.0;2026-09-27T19:15:00+02:00;2026-09-27T22:18:35+02:00;273fa5b1365f
2026-09-28;vengeron;AROMEHD;2026-09-28T23:00;1.4;2.5;278.0;20.5;0.0;;0.0;0.0;100.0;100.0;46.25;6.17;0.0;2026-09-27T19:15:00+02:00;2026-09-27T22:18:35+02:00;273fa5b1365f
2026-09-28;vengeron;AROMEHD;2026-09-29T00:00;1.7;2.7;297.0;18.9;0.0;;0.0;0.0;100.0;100.0;46.25;6.17;0.0;2026-09-27T19:15:00+02:00;2026-09-27T22:18:35+02:00;273fa5b1365f
2026-09-28;vengeron;ICONCH1;2026-09-28T01:00;2.9;4.3;307.0;17.9;0.0;0.0;0.0;0.0;0.0;0.0;46.24517;6.166931;0.0;2026-09-27T19:15:00+02:00;2026-09-27T22:18:35+02:00;273fa5b1365f
2026-09-28;vengeron;ICONCH1;2026-09-28T02:00;2.3;4.1;294.0;17.8;0.0;86.0;0.0;61.0;58.0;86.0;46.24517;6.166931;0.0;2026-09-27T19:15:00+02:00;2026-09-27T22:18:35+02:00;273fa5b1365f
2026-09-28;vengeron;ICONCH1;2026-09-28T03:00;2.6;3.9;287.0;16.9;0.0;82.0;0.0;45.0;59.0;82.0;46.24517;6.166931;0.0;2026-09-27T19:15:00+02:00;2026-09-27T22:18:35+02:00;273fa5b1365f
2026-09-28;vengeron;ICONCH1;2026-09-28T04:00;2.6;3.5;279.0;17.1;0.0;76.0;0.0;41.0;53.0;76.0;46.24517;6.166931;0.0;2026-09-27T19:15:00+02:00;2026-09-27T22:18:35+02:00;273fa5b1365f
2026-09-28;vengeron;ICONCH1;2026-09-28T05:00;3.1;4.5;252.0;16.7;0.0;70.0;0.0;70.0;0.0;70.0;46.24517;6.166931;0.0;2026-09-27T19:15:00+02:00;2026-09-27T22:18:35+02:00;273fa5b1365f
2026-09-28;vengeron;ICONCH1;2026-09-28T06:00;2.7;4.1;274.0;16.2;0.0;85.0;0.0;66.0;77.0;85.0;46.24517;6.166931;0.0;2026-09-27T19:15:00+02:00;2026-09-27T22:18:35+02:00;273fa5b1365f
2026-09-28;vengeron;ICONCH1;2026-09-28T07:00;2.3;4.1;290.0;16.0;0.0;93.0;0.0;42.0;82.0;93.0;46.24517;6.166931;0.0;2026-09-27T19:15:00+02:00;2026-09-27T22:18:35+02:00;273fa5b1365f
2026-09-28;vengeron;ICONCH1;2026-09-28T08:00;2.0;3.5;287.0;16.0;0.0;37.0;0.0;37.0;0.0;37.0;46.24517;6.166931;0.0;2026-09-27T19:15:00+02:00;2026-09-27T22:18:35+02:00;273fa5b1365f
2026-09-28;vengeron;ICONCH1;2026-09-28T09:00;1.4;3.1;236.0;16.7;0.0;18.0;0.0;17.0;0.0;18.0;46.24517;6.166931;0.0;2026-09-27T19:15:00+02:00;2026-09-27T22:18:35+02:00;273fa5b1365f
2026-09-28;vengeron;ICONCH1;2026-09-28T10:00;1.0;1.9;158.0;17.4;0.0;11.0;0.0;4.0;8.0;11.0;46.24517;6.166931;0.0;2026-09-27T19:15:00+02:00;2026-09-27T22:18:35+02:00;273fa5b1365f
2026-09-28;vengeron;ICONCH1;2026-09-28T11:00;1.6;2.3;150.0;18.4;0.0;71.0;0.0;71.0;0.0;71.0;46.24517;6.166931;0.0;2026-09-27T19:15:00+02:00;2026-09-27T22:18:35+02:00;273fa5b1365f
2026-09-28;vengeron;ICONCH1;2026-09-28T12:00;2.8;3.9;141.0;20.3;0.0;90.0;0.0;74.0;65.0;90.0;46.24517;6.166931;0.0;2026-09-27T19:15:00+02:00;2026-09-27T22:18:35+02:00;273fa5b1365f
2026-09-28;vengeron;ICONCH1;2026-09-28T13:00;2.6;3.7;117.0;21.8;0.0;91.0;0.0;84.0;84.0;91.0;46.24517;6.166931;0.0;2026-09-27T19:15:00+02:00;2026-09-27T22:18:35+02:00;273fa5b1365f
2026-09-28;vengeron;ICONCH1;2026-09-28T14:00;2.6;3.9;117.0;23.4;0.0;100.0;0.0;63.0;100.0;100.0;46.24517;6.166931;0.0;2026-09-27T19:15:00+02:00;2026-09-27T22:18:35+02:00;273fa5b1365f
2026-09-28;vengeron;ICONCH1;2026-09-28T15:00;3.1;4.3;108.0;24.5;0.0;100.0;0.0;8.0;100.0;100.0;46.24517;6.166931;0.0;2026-09-27T19:15:00+02:00;2026-09-27T22:18:35+02:00;273fa5b1365f
2026-09-28;vengeron;ICONCH1;2026-09-28T16:00;3.2;4.5;101.0;25.5;0.0;13.0;0.0;13.0;0.0;13.0;46.24517;6.166931;0.0;2026-09-27T19:15:00+02:00;2026-09-27T22:18:35+02:00;273fa5b1365f
2026-09-28;vengeron;ICONCH1;2026-09-28T17:00;1.9;4.3;90.0;25.7;0.0;100.0;0.0;95.0;100.0;100.0;46.24517;6.166931;0.0;2026-09-27T19:15:00+02:00;2026-09-27T22:18:35+02:00;273fa5b1365f
2026-09-28;vengeron;ICONCH1;2026-09-28T18:00;4.9;6.8;225.0;27.7;0.0;94.0;0.0;68.0;90.0;94.0;46.24517;6.166931;0.0;2026-09-27T19:15:00+02:00;2026-09-27T22:18:35+02:00;273fa5b1365f
2026-09-28;vengeron;ICONCH1;2026-09-28T19:00;3.8;7.2;225.0;26.5;0.0;100.0;0.0;100.0;100.0;100.0;46.24517;6.166931;0.0;2026-09-27T19:15:00+02:00;2026-09-27T22:18:35+02:00;273fa5b1365f
2026-09-28;vengeron;ICONCH1;2026-09-28T20:00;2.1;5.4;360.0;23.4;0.0;100.0;0.0;97.0;100.0;100.0;46.24517;6.166931;0.0;2026-09-27T19:15:00+02:00;2026-09-27T22:18:35+02:00;273fa5b1365f
2026-09-28;vengeron;ICONCH1;2026-09-28T21:00;3.0;4.9;293.0;21.6;0.0;100.0;0.0;100.0;100.0;100.0;46.24517;6.166931;0.0;2026-09-27T19:15:00+02:00;2026-09-27T22:18:35+02:00;273fa5b1365f
2026-09-28;vengeron;ICONCH1;2026-09-28T22:00;3.0;4.1;281.0;20.9;0.0;100.0;0.0;99.0;100.0;100.0;46.24517;6.166931;0.0;2026-09-27T19:15:00+02:00;2026-09-27T22:18:35+02:00;273fa5b1365f
2026-09-28;vengeron;ICONCH1;2026-09-28T23:00;2.7;3.9;278.0;20.6;0.0;100.0;0.0;99.0;100.0;100.0;46.24517;6.166931;0.0;2026-09-27T19:15:00+02:00;2026-09-27T22:18:35+02:00;273fa5b1365f
2026-09-28;wwmeyzieu;AROMEHD;2026-09-28T01:00;6.5;10.7;170.0;21.4;0.0;;0.0;0.0;100.0;100.0;45.78;4.9799995;0.0;2026-09-27T19:15:00+02:00;2026-09-27T22:18:35+02:00;273fa5b1365f
2026-09-28;wwmeyzieu;AROMEHD;2026-09-28T02:00;7.5;12.2;173.0;21.3;0.0;;0.0;3.0;100.0;100.0;45.78;4.9799995;0.0;2026-09-27T19:15:00+02:00;2026-09-27T22:18:35+02:00;273fa5b1365f
2026-09-28;wwmeyzieu;AROMEHD;2026-09-28T03:00;8.0;13.2;173.0;21.1;0.0;;0.0;8.0;100.0;100.0;45.78;4.9799995;0.0;2026-09-27T19:15:00+02:00;2026-09-27T22:18:35+02:00;273fa5b1365f
2026-09-28;wwmeyzieu;AROMEHD;2026-09-28T04:00;8.8;14.2;174.0;20.7;0.0;;0.0;87.0;100.0;100.0;45.78;4.9799995;0.0;2026-09-27T19:15:00+02:00;2026-09-27T22:18:35+02:00;273fa5b1365f
2026-09-28;wwmeyzieu;AROMEHD;2026-09-28T05:00;7.9;14.2;169.0;20.4;0.0;;0.0;91.0;100.0;100.0;45.78;4.9799995;0.0;2026-09-27T19:15:00+02:00;2026-09-27T22:18:35+02:00;273fa5b1365f
2026-09-28;wwmeyzieu;AROMEHD;2026-09-28T06:00;7.4;12.4;168.0;20.3;0.0;;0.0;99.0;100.0;100.0;45.78;4.9799995;0.0;2026-09-27T19:15:00+02:00;2026-09-27T22:18:35+02:00;273fa5b1365f
2026-09-28;wwmeyzieu;AROMEHD;2026-09-28T07:00;6.6;12.1;148.0;20.0;0.0;;0.0;100.0;100.0;100.0;45.78;4.9799995;0.0;2026-09-27T19:15:00+02:00;2026-09-27T22:18:35+02:00;273fa5b1365f
2026-09-28;wwmeyzieu;AROMEHD;2026-09-28T08:00;6.4;11.1;149.0;19.9;0.0;;0.0;100.0;100.0;100.0;45.78;4.9799995;0.0;2026-09-27T19:15:00+02:00;2026-09-27T22:18:35+02:00;273fa5b1365f
2026-09-28;wwmeyzieu;AROMEHD;2026-09-28T09:00;6.7;11.3;150.0;20.3;0.0;;0.0;28.0;100.0;100.0;45.78;4.9799995;0.0;2026-09-27T19:15:00+02:00;2026-09-27T22:18:35+02:00;273fa5b1365f
2026-09-28;wwmeyzieu;AROMEHD;2026-09-28T10:00;8.5;14.0;164.0;21.3;0.0;;0.0;0.0;100.0;100.0;45.78;4.9799995;0.0;2026-09-27T19:15:00+02:00;2026-09-27T22:18:35+02:00;273fa5b1365f
2026-09-28;wwmeyzieu;AROMEHD;2026-09-28T11:00;10.7;17.5;176.0;22.9;0.0;;0.0;6.0;100.0;100.0;45.78;4.9799995;0.0;2026-09-27T19:15:00+02:00;2026-09-27T22:18:35+02:00;273fa5b1365f
2026-09-28;wwmeyzieu;AROMEHD;2026-09-28T12:00;11.7;19.2;175.0;24.0;0.0;;0.0;100.0;100.0;100.0;45.78;4.9799995;0.0;2026-09-27T19:15:00+02:00;2026-09-27T22:18:35+02:00;273fa5b1365f
2026-09-28;wwmeyzieu;AROMEHD;2026-09-28T13:00;11.3;19.0;177.0;24.9;0.0;;0.0;85.0;100.0;100.0;45.78;4.9799995;0.0;2026-09-27T19:15:00+02:00;2026-09-27T22:18:35+02:00;273fa5b1365f
2026-09-28;wwmeyzieu;AROMEHD;2026-09-28T14:00;10.7;18.9;180.0;25.6;0.0;;0.0;99.0;100.0;100.0;45.78;4.9799995;0.0;2026-09-27T19:15:00+02:00;2026-09-27T22:18:35+02:00;273fa5b1365f
2026-09-28;wwmeyzieu;AROMEHD;2026-09-28T15:00;11.5;18.9;176.0;26.2;0.0;;0.0;72.0;100.0;100.0;45.78;4.9799995;0.0;2026-09-27T19:15:00+02:00;2026-09-27T22:18:35+02:00;273fa5b1365f
2026-09-28;wwmeyzieu;AROMEHD;2026-09-28T16:00;10.8;18.9;171.0;26.2;0.0;;0.0;100.0;100.0;100.0;45.78;4.9799995;0.0;2026-09-27T19:15:00+02:00;2026-09-27T22:18:35+02:00;273fa5b1365f
2026-09-28;wwmeyzieu;AROMEHD;2026-09-28T17:00;9.9;17.7;164.0;26.1;0.0;;0.0;87.0;100.0;100.0;45.78;4.9799995;0.0;2026-09-27T19:15:00+02:00;2026-09-27T22:18:35+02:00;273fa5b1365f
2026-09-28;wwmeyzieu;AROMEHD;2026-09-28T18:00;9.3;16.1;168.0;25.8;0.0;;0.0;20.0;100.0;100.0;45.78;4.9799995;0.0;2026-09-27T19:15:00+02:00;2026-09-27T22:18:35+02:00;273fa5b1365f
2026-09-28;wwmeyzieu;AROMEHD;2026-09-28T19:00;6.7;15.0;163.0;24.8;0.0;;0.0;5.0;100.0;100.0;45.78;4.9799995;0.0;2026-09-27T19:15:00+02:00;2026-09-27T22:18:35+02:00;273fa5b1365f
2026-09-28;wwmeyzieu;AROMEHD;2026-09-28T20:00;4.7;10.5;150.0;23.4;0.0;;0.0;0.0;100.0;100.0;45.78;4.9799995;0.0;2026-09-27T19:15:00+02:00;2026-09-27T22:18:35+02:00;273fa5b1365f
2026-09-28;wwmeyzieu;AROMEHD;2026-09-28T21:00;5.7;8.6;139.0;22.8;0.0;;0.0;0.0;100.0;100.0;45.78;4.9799995;0.0;2026-09-27T19:15:00+02:00;2026-09-27T22:18:35+02:00;273fa5b1365f
2026-09-28;wwmeyzieu;AROMEHD;2026-09-28T22:00;7.2;11.1;142.0;22.4;0.0;;0.0;0.0;100.0;100.0;45.78;4.9799995;0.0;2026-09-27T19:15:00+02:00;2026-09-27T22:18:35+02:00;273fa5b1365f
2026-09-28;wwmeyzieu;AROMEHD;2026-09-28T23:00;7.8;12.1;143.0;21.9;0.0;;0.0;0.0;100.0;100.0;45.78;4.9799995;0.0;2026-09-27T19:15:00+02:00;2026-09-27T22:18:35+02:00;273fa5b1365f
2026-09-28;wwmeyzieu;AROMEHD;2026-09-29T00:00;7.1;12.1;135.0;21.1;0.0;;0.0;0.0;100.0;100.0;45.78;4.9799995;0.0;2026-09-27T19:15:00+02:00;2026-09-27T22:18:35+02:00;273fa5b1365f
2026-09-28;wwmeyzieu;ICONCH1;2026-09-28T01:00;2.9;6.4;110.0;19.9;0.0;99.0;0.0;32.0;97.0;99.0;45.787823;4.9783936;0.0;2026-09-27T19:15:00+02:00;2026-09-27T22:18:35+02:00;273fa5b1365f
2026-09-28;wwmeyzieu;ICONCH1;2026-09-28T02:00;3.6;5.6;126.0;19.4;0.0;92.0;0.0;36.0;81.0;92.0;45.787823;4.9783936;0.0;2026-09-27T19:15:00+02:00;2026-09-27T22:18:35+02:00;273fa5b1365f
2026-09-28;wwmeyzieu;ICONCH1;2026-09-28T03:00;3.7;6.0;129.0;18.9;0.0;44.0;0.0;15.0;31.0;44.0;45.787823;4.9783936;0.0;2026-09-27T19:15:00+02:00;2026-09-27T22:18:35+02:00;273fa5b1365f
2026-09-28;wwmeyzieu;ICONCH1;2026-09-28T04:00;4.2;6.6;124.0;18.7;0.0;91.0;0.0;67.0;82.0;91.0;45.787823;4.9783936;0.0;2026-09-27T19:15:00+02:00;2026-09-27T22:18:35+02:00;273fa5b1365f
2026-09-28;wwmeyzieu;ICONCH1;2026-09-28T05:00;4.3;6.8;129.0;18.7;0.0;100.0;0.0;90.0;100.0;100.0;45.787823;4.9783936;0.0;2026-09-27T19:15:00+02:00;2026-09-27T22:18:35+02:00;273fa5b1365f
2026-09-28;wwmeyzieu;ICONCH1;2026-09-28T06:00;4.7;7.4;128.0;18.5;0.0;99.0;0.0;78.0;96.0;99.0;45.787823;4.9783936;0.0;2026-09-27T19:15:00+02:00;2026-09-27T22:18:35+02:00;273fa5b1365f
2026-09-28;wwmeyzieu;ICONCH1;2026-09-28T07:00;4.7;7.8;135.0;18.3;0.0;100.0;0.0;76.0;98.0;100.0;45.787823;4.9783936;0.0;2026-09-27T19:15:00+02:00;2026-09-27T22:18:35+02:00;273fa5b1365f
2026-09-28;wwmeyzieu;ICONCH1;2026-09-28T08:00;3.9;7.4;131.0;17.9;0.0;90.0;0.0;73.0;84.0;90.0;45.787823;4.9783936;0.0;2026-09-27T19:15:00+02:00;2026-09-27T22:18:35+02:00;273fa5b1365f
2026-09-28;wwmeyzieu;ICONCH1;2026-09-28T09:00;3.6;6.2;139.0;18.8;0.0;90.0;0.0;65.0;72.0;90.0;45.787823;4.9783936;0.0;2026-09-27T19:15:00+02:00;2026-09-27T22:18:35+02:00;273fa5b1365f
2026-09-28;wwmeyzieu;ICONCH1;2026-09-28T10:00;8.0;12.6;166.0;21.2;0.0;51.0;0.0;34.0;22.0;51.0;45.787823;4.9783936;0.0;2026-09-27T19:15:00+02:00;2026-09-27T22:18:35+02:00;273fa5b1365f
2026-09-28;wwmeyzieu;ICONCH1;2026-09-28T11:00;10.5;16.5;183.0;22.8;0.0;100.0;0.0;31.0;100.0;100.0;45.787823;4.9783936;0.0;2026-09-27T19:15:00+02:00;2026-09-27T22:18:35+02:00;273fa5b1365f
2026-09-28;wwmeyzieu;ICONCH1;2026-09-28T12:00;11.3;18.7;183.0;24.1;0.0;100.0;0.0;100.0;100.0;100.0;45.787823;4.9783936;0.0;2026-09-27T19:15:00+02:00;2026-09-27T22:18:35+02:00;273fa5b1365f
2026-09-28;wwmeyzieu;ICONCH1;2026-09-28T13:00;11.3;17.9;179.0;25.3;0.0;100.0;0.0;100.0;100.0;100.0;45.787823;4.9783936;0.0;2026-09-27T19:15:00+02:00;2026-09-27T22:18:35+02:00;273fa5b1365f
2026-09-28;wwmeyzieu;ICONCH1;2026-09-28T14:00;12.1;19.4;183.0;26.5;0.0;100.0;0.0;100.0;100.0;100.0;45.787823;4.9783936;0.0;2026-09-27T19:15:00+02:00;2026-09-27T22:18:35+02:00;273fa5b1365f
2026-09-28;wwmeyzieu;ICONCH1;2026-09-28T15:00;11.3;19.6;184.0;27.3;0.0;100.0;0.0;89.0;100.0;100.0;45.787823;4.9783936;0.0;2026-09-27T19:15:00+02:00;2026-09-27T22:18:35+02:00;273fa5b1365f
2026-09-28;wwmeyzieu;ICONCH1;2026-09-28T16:00;14.7;23.5;186.0;27.5;0.0;100.0;0.0;83.0;100.0;100.0;45.787823;4.9783936;0.0;2026-09-27T19:15:00+02:00;2026-09-27T22:18:35+02:00;273fa5b1365f
2026-09-28;wwmeyzieu;ICONCH1;2026-09-28T17:00;11.9;23.1;180.0;27.6;0.0;100.0;0.0;72.0;100.0;100.0;45.787823;4.9783936;0.0;2026-09-27T19:15:00+02:00;2026-09-27T22:18:35+02:00;273fa5b1365f
2026-09-28;wwmeyzieu;ICONCH1;2026-09-28T18:00;10.9;19.6;186.0;26.9;0.0;100.0;0.0;76.0;100.0;100.0;45.787823;4.9783936;0.0;2026-09-27T19:15:00+02:00;2026-09-27T22:18:35+02:00;273fa5b1365f
2026-09-28;wwmeyzieu;ICONCH1;2026-09-28T19:00;4.3;16.9;172.0;25.6;0.0;100.0;0.0;86.0;100.0;100.0;45.787823;4.9783936;0.0;2026-09-27T19:15:00+02:00;2026-09-27T22:18:35+02:00;273fa5b1365f
2026-09-28;wwmeyzieu;ICONCH1;2026-09-28T20:00;4.9;7.6;143.0;24.1;0.0;100.0;0.0;35.0;100.0;100.0;45.787823;4.9783936;0.0;2026-09-27T19:15:00+02:00;2026-09-27T22:18:35+02:00;273fa5b1365f
2026-09-28;wwmeyzieu;ICONCH1;2026-09-28T21:00;5.4;8.4;139.0;22.5;0.0;100.0;0.0;0.0;100.0;100.0;45.787823;4.9783936;0.0;2026-09-27T19:15:00+02:00;2026-09-27T22:18:35+02:00;273fa5b1365f
2026-09-28;wwmeyzieu;ICONCH1;2026-09-28T22:00;5.4;8.9;125.0;21.0;0.0;100.0;0.0;7.0;100.0;100.0;45.787823;4.9783936;0.0;2026-09-27T19:15:00+02:00;2026-09-27T22:18:35+02:00;273fa5b1365f
2026-09-28;wwmeyzieu;ICONCH1;2026-09-28T23:00;5.8;8.7;147.0;20.7;0.0;100.0;0.0;0.0;100.0;100.0;45.787823;4.9783936;0.0;2026-09-27T19:15:00+02:00;2026-09-27T22:18:35+02:00;273fa5b1365f
