target_day;spot_key;model_key;valid_at;wind_speed_10m_kn;wind_gusts_10m_kn;wind_direction_10m_deg;temperature_2m_c;precipitation_mm;cloud_cover_pct;cloud_cover_low_pct;cloud_cover_mid_pct;cloud_cover_high_pct;cloud_cover_max_pct;grid_latitude;grid_longitude;grid_elevation_m;collecte_run_id;collecte_fetched_at;collecte_commit
2026-09-29;cap_des_seselets;AROMEHD;2026-09-29T01:00;1.8;2.3;96.0;19.2;0.0;;0.0;0.0;100.0;100.0;45.66;5.879999;0.0;2026-09-28T13:15:00+02:00;2026-09-28T13:53:32+02:00;6511a985d526
2026-09-29;cap_des_seselets;AROMEHD;2026-09-29T02:00;2.8;2.9;155.0;18.7;0.0;;0.0;0.0;100.0;100.0;45.66;5.879999;0.0;2026-09-28T13:15:00+02:00;2026-09-28T13:53:32+02:00;6511a985d526
2026-09-29;cap_des_seselets;AROMEHD;2026-09-29T03:00;1.8;2.9;108.0;18.1;0.0;;0.0;0.0;100.0;100.0;45.66;5.879999;0.0;2026-09-28T13:15:00+02:00;2026-09-28T13:53:32+02:00;6511a985d526
2026-09-29;cap_des_seselets;AROMEHD;2026-09-29T04:00;1.8;2.3;139.0;17.5;0.0;;0.0;0.0;100.0;100.0;45.66;5.879999;0.0;2026-09-28T13:15:00+02:00;2026-09-28T13:53:32+02:00;6511a985d526
2026-09-29;cap_des_seselets;AROMEHD;2026-09-29T05:00;2.1;2.5;139.0;17.0;0.0;;0.0;0.0;100.0;100.0;45.66;5.879999;0.0;2026-09-28T13:15:00+02:00;2026-09-28T13:53:32+02:00;6511a985d526
2026-09-29;cap_des_seselets;AROMEHD;2026-09-29T06:00;2.3;2.5;149.0;16.9;0.0;;0.0;0.0;100.0;100.0;45.66;5.879999;0.0;2026-09-28T13:15:00+02:00;2026-09-28T13:53:32+02:00;6511a985d526
2026-09-29;cap_des_seselets;AROMEHD;2026-09-29T07:00;1.8;2.3;139.0;16.7;0.0;;0.0;0.0;100.0;100.0;45.66;5.879999;0.0;2026-09-28T13:15:00+02:00;2026-09-28T13:53:32+02:00;6511a985d526
2026-09-29;cap_des_seselets;AROMEHD;2026-09-29T08:00;2.3;2.7;132.0;16.4;0.0;;0.0;0.0;100.0;100.0;45.66;5.879999;0.0;2026-09-28T13:15:00+02:00;2026-09-28T13:53:32+02:00;6511a985d526
2026-09-29;cap_des_seselets;AROMEHD;2026-09-29T09:00;2.1;3.1;131.0;16.7;0.0;;0.0;0.0;100.0;100.0;45.66;5.879999;0.0;2026-09-28T13:15:00+02:00;2026-09-28T13:53:32+02:00;6511a985d526
2026-09-29;cap_des_seselets;AROMEHD;2026-09-29T10:00;0.6;2.5;360.0;17.4;0.0;;0.0;0.0;100.0;100.0;45.66;5.879999;0.0;2026-09-28T13:15:00+02:00;2026-09-28T13:53:32+02:00;6511a985d526
2026-09-29;cap_des_seselets;AROMEHD;2026-09-29T11:00;0.9;1.4;333.0;18.0;0.0;;0.0;0.0;100.0;100.0;45.66;5.879999;0.0;2026-09-28T13:15:00+02:00;2026-09-28T13:53:32+02:00;6511a985d526
2026-09-29;cap_des_seselets;AROMEHD;2026-09-29T12:00;1.2;1.7;351.0;18.6;0.0;;0.0;0.0;100.0;100.0;45.66;5.879999;0.0;2026-09-28T13:15:00+02:00;2026-09-28T13:53:32+02:00;6511a985d526
2026-09-29;cap_des_seselets;AROMEHD;2026-09-29T13:00;2.8;3.7;12.0;19.1;0.0;;0.0;0.0;100.0;100.0;45.66;5.879999;0.0;2026-09-28T13:15:00+02:00;2026-09-28T13:53:32+02:00;6511a985d526
2026-09-29;cap_des_seselets;AROMEHD;2026-09-29T14:00;3.3;4.3;3.0;19.9;0.0;;0.0;0.0;100.0;100.0;45.66;5.879999;0.0;2026-09-28T13:15:00+02:00;2026-09-28T13:53:32+02:00;6511a985d526
2026-09-29;cap_des_seselets;AROMEHD;2026-09-29T15:00;3.4;4.3;16.0;20.7;0.0;;0.0;0.0;100.0;100.0;45.66;5.879999;0.0;2026-09-28T13:15:00+02:00;2026-09-28T13:53:32+02:00;6511a985d526
2026-09-29;cap_des_seselets;AROMEHD;2026-09-29T16:00;2.8;4.3;16.0;21.3;0.0;;0.0;0.0;100.0;100.0;45.66;5.879999;0.0;2026-09-28T13:15:00+02:00;2026-09-28T13:53:32+02:00;6511a985d526
2026-09-29;cap_des_seselets;AROMEHD;2026-09-29T17:00;2.6;3.3;36.0;21.5;0.0;;0.0;0.0;100.0;100.0;45.66;5.879999;0.0;2026-09-28T13:15:00+02:00;2026-09-28T13:53:32+02:00;6511a985d526
2026-09-29;cap_des_seselets;AROMEHD;2026-09-29T18:00;1.3;3.3;27.0;21.9;0.0;;0.0;10.0;100.0;100.0;45.66;5.879999;0.0;2026-09-28T13:15:00+02:00;2026-09-28T13:53:32+02:00;6511a985d526
2026-09-29;cap_des_seselets;AROMEHD;2026-09-29T19:00;3.6;3.9;22.0;21.6;0.0;;0.0;17.0;52.0;52.0;45.66;5.879999;0.0;2026-09-28T13:15:00+02:00;2026-09-28T13:53:32+02:00;6511a985d526
2026-09-29;cap_des_seselets;AROMEHD;2026-09-29T20:00;1.0;3.9;68.0;21.4;0.0;;0.0;5.0;98.0;98.0;45.66;5.879999;0.0;2026-09-28T13:15:00+02:00;2026-09-28T13:53:32+02:00;6511a985d526
2026-09-29;cap_des_seselets;AROMEHD;2026-09-29T21:00;2.1;2.1;146.0;21.0;0.0;;0.0;5.0;77.0;77.0;45.66;5.879999;0.0;2026-09-28T13:15:00+02:00;2026-09-28T13:53:32+02:00;6511a985d526
2026-09-29;cap_des_seselets;AROMEHD;2026-09-29T22:00;2.7;3.5;150.0;20.7;0.0;;0.0;0.0;0.0;0.0;45.66;5.879999;0.0;2026-09-28T13:15:00+02:00;2026-09-28T13:53:32+02:00;6511a985d526
2026-09-29;cap_des_seselets;AROMEHD;2026-09-29T23:00;2.3;2.9;156.0;20.3;0.0;;0.0;84.0;1.0;84.0;45.66;5.879999;0.0;2026-09-28T13:15:00+02:00;2026-09-28T13:53:32+02:00;6511a985d526
2026-09-29;cap_des_seselets;AROMEHD;2026-09-30T00:00;3.1;3.3;145.0;20.3;0.0;;0.0;23.0;2.0;23.0;45.66;5.879999;0.0;2026-09-28T13:15:00+02:00;2026-09-28T13:53:32+02:00;6511a985d526
2026-09-29;cap_des_seselets;ICONCH1;2026-09-29T01:00;1.4;3.3;106.0;21.0;0.0;100.0;0.0;0.0;100.0;100.0;45.66424;5.878174;0.0;2026-09-28T13:15:00+02:00;2026-09-28T13:53:32+02:00;6511a985d526
2026-09-29;cap_des_seselets;ICONCH1;2026-09-29T02:00;1.6;2.7;120.0;20.1;0.0;78.0;0.0;0.0;78.0;78.0;45.66424;5.878174;0.0;2026-09-28T13:15:00+02:00;2026-09-28T13:53:32+02:00;6511a985d526
2026-09-29;cap_des_seselets;ICONCH1;2026-09-29T03:00;1.8;3.7;96.0;20.1;0.0;100.0;0.0;72.0;100.0;100.0;45.66424;5.878174;0.0;2026-09-28T13:15:00+02:00;2026-09-28T13:53:32+02:00;6511a985d526
2026-09-29;cap_des_seselets;ICONCH1;2026-09-29T04:00;1.9;2.7;143.0;18.8;0.0;100.0;0.0;81.0;100.0;100.0;45.66424;5.878174;0.0;2026-09-28T13:15:00+02:00;2026-09-28T13:53:32+02:00;6511a985d526
2026-09-29;cap_des_seselets;ICONCH1;2026-09-29T05:00;2.7;3.7;150.0;18.2;0.0;100.0;0.0;80.0;100.0;100.0;45.66424;5.878174;0.0;2026-09-28T13:15:00+02:00;2026-09-28T13:53:32+02:00;6511a985d526
2026-09-29;cap_des_seselets;ICONCH1;2026-09-29T06:00;2.4;3.7;171.0;17.6;0.0;100.0;0.0;89.0;100.0;100.0;45.66424;5.878174;0.0;2026-09-28T13:15:00+02:00;2026-09-28T13:53:32+02:00;6511a985d526
2026-09-29;cap_des_seselets;ICONCH1;2026-09-29T07:00;2.5;3.5;176.0;17.2;0.0;84.0;0.0;63.0;54.0;84.0;45.66424;5.878174;0.0;2026-09-28T13:15:00+02:00;2026-09-28T13:53:32+02:00;6511a985d526
2026-09-29;cap_des_seselets;ICONCH1;2026-09-29T08:00;2.1;3.3;175.0;17.1;0.0;95.0;0.0;59.0;82.0;95.0;45.66424;5.878174;0.0;2026-09-28T13:15:00+02:00;2026-09-28T13:53:32+02:00;6511a985d526
2026-09-29;cap_des_seselets;ICONCH1;2026-09-29T09:00;2.0;3.3;163.0;17.3;0.0;100.0;0.0;8.0;100.0;100.0;45.66424;5.878174;0.0;2026-09-28T13:15:00+02:00;2026-09-28T13:53:32+02:00;6511a985d526
2026-09-29;cap_des_seselets;ICONCH1;2026-09-29T10:00;0.4;2.9;297.0;18.4;0.0;100.0;0.0;0.0;100.0;100.0;45.66424;5.878174;0.0;2026-09-28T13:15:00+02:00;2026-09-28T13:53:32+02:00;6511a985d526
2026-09-29;cap_des_seselets;ICONCH1;2026-09-29T11:00;2.4;3.5;325.0;19.5;0.0;100.0;0.0;0.0;100.0;100.0;45.66424;5.878174;0.0;2026-09-28T13:15:00+02:00;2026-09-28T13:53:32+02:00;6511a985d526
2026-09-29;cap_des_seselets;ICONCH1;2026-09-29T12:00;2.2;3.5;350.0;20.6;0.0;100.0;0.0;50.0;100.0;100.0;45.66424;5.878174;0.0;2026-09-28T13:15:00+02:00;2026-09-28T13:53:32+02:00;6511a985d526
2026-09-29;cap_des_seselets;ICONCH1;2026-09-29T13:00;2.3;3.3;355.0;21.8;0.0;100.0;0.0;85.0;100.0;100.0;45.66424;5.878174;0.0;2026-09-28T13:15:00+02:00;2026-09-28T13:53:32+02:00;6511a985d526
2026-09-29;cap_des_seselets;ICONCH1;2026-09-29T14:00;3.0;4.1;337.0;22.6;0.0;100.0;0.0;76.0;100.0;100.0;45.66424;5.878174;0.0;2026-09-28T13:15:00+02:00;2026-09-28T13:53:32+02:00;6511a985d526
2026-09-29;cap_des_seselets;ICONCH1;2026-09-29T15:00;2.1;4.1;326.0;23.0;0.0;100.0;0.0;65.0;100.0;100.0;45.66424;5.878174;0.0;2026-09-28T13:15:00+02:00;2026-09-28T13:53:32+02:00;6511a985d526
2026-09-29;cap_des_seselets;ICONCH1;2026-09-29T16:00;1.7;3.1;297.0;23.3;0.0;100.0;0.0;7.0;100.0;100.0;45.66424;5.878174;0.0;2026-09-28T13:15:00+02:00;2026-09-28T13:53:32+02:00;6511a985d526
2026-09-29;cap_des_seselets;ICONCH1;2026-09-29T17:00;1.9;2.9;323.0;24.5;0.0;100.0;0.0;0.0;100.0;100.0;45.66424;5.878174;0.0;2026-09-28T13:15:00+02:00;2026-09-28T13:53:32+02:00;6511a985d526
2026-09-29;cap_des_seselets;ICONCH1;2026-09-29T18:00;2.0;3.7;343.0;24.2;0.0;100.0;0.0;16.0;100.0;100.0;45.66424;5.878174;0.0;2026-09-28T13:15:00+02:00;2026-09-28T13:53:32+02:00;6511a985d526
2026-09-29;cap_des_seselets;ICONCH1;2026-09-29T19:00;1.6;3.3;360.0;24.2;0.0;100.0;0.0;5.0;100.0;100.0;45.66424;5.878174;0.0;2026-09-28T13:15:00+02:00;2026-09-28T13:53:32+02:00;6511a985d526
2026-09-29;cap_des_seselets;ICONCH1;2026-09-29T20:00;2.4;3.3;145.0;22.4;0.0;100.0;0.0;16.0;100.0;100.0;45.66424;5.878174;0.0;2026-09-28T13:15:00+02:00;2026-09-28T13:53:32+02:00;6511a985d526
2026-09-29;excenevex;AROMEHD;2026-09-29T01:00;2.5;3.1;176.0;17.8;0.0;;0.0;0.0;100.0;100.0;46.35;6.369999;0.0;2026-09-28T13:15:00+02:00;2026-09-28T13:53:32+02:00;6511a985d526
2026-09-29;excenevex;AROMEHD;2026-09-29T02:00;2.2;2.5;190.0;17.3;0.0;;0.0;0.0;100.0;100.0;46.35;6.369999;0.0;2026-09-28T13:15:00+02:00;2026-09-28T13:53:32+02:00;6511a985d526
2026-09-29;excenevex;AROMEHD;2026-09-29T03:00;2.5;2.5;180.0;16.8;0.0;;0.0;0.0;100.0;100.0;46.35;6.369999;0.0;2026-09-28T13:15:00+02:00;2026-09-28T13:53:32+02:00;6511a985d526
2026-09-29;excenevex;AROMEHD;2026-09-29T04:00;1.9;2.7;180.0;16.7;0.0;;0.0;0.0;100.0;100.0;46.35;6.369999;0.0;2026-09-28T13:15:00+02:00;2026-09-28T13:53:32+02:00;6511a985d526
2026-09-29;excenevex;AROMEHD;2026-09-29T05:00;2.0;2.3;191.0;16.2;0.0;;0.0;0.0;100.0;100.0;46.35;6.369999;0.0;2026-09-28T13:15:00+02:00;2026-09-28T13:53:32+02:00;6511a985d526
2026-09-29;excenevex;AROMEHD;2026-09-29T06:00;2.5;2.7;184.0;15.6;0.0;;0.0;0.0;100.0;100.0;46.35;6.369999;0.0;2026-09-28T13:15:00+02:00;2026-09-28T13:53:32+02:00;6511a985d526
2026-09-29;excenevex;AROMEHD;2026-09-29T07:00;1.6;2.7;225.0;15.9;0.0;;0.0;0.0;100.0;100.0;46.35;6.369999;0.0;2026-09-28T13:15:00+02:00;2026-09-28T13:53:32+02:00;6511a985d526
2026-09-29;excenevex;AROMEHD;2026-09-29T08:00;1.6;2.7;180.0;15.6;0.0;;0.0;1.0;100.0;100.0;46.35;6.369999;0.0;2026-09-28T13:15:00+02:00;2026-09-28T13:53:32+02:00;6511a985d526
2026-09-29;excenevex;AROMEHD;2026-09-29T09:00;1.8;2.1;198.0;15.5;0.0;;0.0;0.0;100.0;100.0;46.35;6.369999;0.0;2026-09-28T13:15:00+02:00;2026-09-28T13:53:32+02:00;6511a985d526
2026-09-29;excenevex;AROMEHD;2026-09-29T10:00;1.5;1.9;230.0;17.1;0.0;;0.0;0.0;100.0;100.0;46.35;6.369999;0.0;2026-09-28T13:15:00+02:00;2026-09-28T13:53:32+02:00;6511a985d526
2026-09-29;excenevex;AROMEHD;2026-09-29T11:00;0.2;1.9;90.0;18.9;0.0;;0.0;0.0;100.0;100.0;46.35;6.369999;0.0;2026-09-28T13:15:00+02:00;2026-09-28T13:53:32+02:00;6511a985d526
2026-09-29;excenevex;AROMEHD;2026-09-29T12:00;3.7;4.1;28.0;18.7;0.0;;0.0;0.0;95.0;95.0;46.35;6.369999;0.0;2026-09-28T13:15:00+02:00;2026-09-28T13:53:32+02:00;6511a985d526
2026-09-29;excenevex;AROMEHD;2026-09-29T13:00;5.7;6.4;41.0;19.5;0.0;;0.0;0.0;100.0;100.0;46.35;6.369999;0.0;2026-09-28T13:15:00+02:00;2026-09-28T13:53:32+02:00;6511a985d526
2026-09-29;excenevex;AROMEHD;2026-09-29T14:00;6.3;7.6;43.0;19.7;0.0;;0.0;0.0;100.0;100.0;46.35;6.369999;0.0;2026-09-28T13:15:00+02:00;2026-09-28T13:53:32+02:00;6511a985d526
2026-09-29;excenevex;AROMEHD;2026-09-29T15:00;6.1;7.6;50.0;20.3;0.0;;0.0;0.0;100.0;100.0;46.35;6.369999;0.0;2026-09-28T13:15:00+02:00;2026-09-28T13:53:32+02:00;6511a985d526
2026-09-29;excenevex;AROMEHD;2026-09-29T16:00;7.2;7.8;27.0;20.8;0.0;;0.0;0.0;100.0;100.0;46.35;6.369999;0.0;2026-09-28T13:15:00+02:00;2026-09-28T13:53:32+02:00;6511a985d526
2026-09-29;excenevex;AROMEHD;2026-09-29T17:00;8.6;9.5;1.0;20.6;0.0;;0.0;0.0;100.0;100.0;46.35;6.369999;0.0;2026-09-28T13:15:00+02:00;2026-09-28T13:53:32+02:00;6511a985d526
2026-09-29;excenevex;AROMEHD;2026-09-29T18:00;6.0;10.3;36.0;21.0;0.0;;0.0;0.0;100.0;100.0;46.35;6.369999;0.0;2026-09-28T13:15:00+02:00;2026-09-28T13:53:32+02:00;6511a985d526
2026-09-29;excenevex;AROMEHD;2026-09-29T19:00;1.4;6.8;278.0;20.9;0.0;;0.0;1.0;100.0;100.0;46.35;6.369999;0.0;2026-09-28T13:15:00+02:00;2026-09-28T13:53:32+02:00;6511a985d526
2026-09-29;excenevex;AROMEHD;2026-09-29T20:00;1.6;2.3;194.0;20.6;0.0;;0.0;68.0;100.0;100.0;46.35;6.369999;0.0;2026-09-28T13:15:00+02:00;2026-09-28T13:53:32+02:00;6511a985d526
2026-09-29;excenevex;AROMEHD;2026-09-29T21:00;1.9;1.9;225.0;20.5;0.0;;0.0;85.0;82.0;85.0;46.35;6.369999;0.0;2026-09-28T13:15:00+02:00;2026-09-28T13:53:32+02:00;6511a985d526
2026-09-29;excenevex;AROMEHD;2026-09-29T22:00;2.5;2.5;203.0;19.8;0.0;;0.0;99.0;66.0;99.0;46.35;6.369999;0.0;2026-09-28T13:15:00+02:00;2026-09-28T13:53:32+02:00;6511a985d526
2026-09-29;excenevex;AROMEHD;2026-09-29T23:00;1.2;2.5;189.0;19.5;0.0;;0.0;49.0;0.0;49.0;46.35;6.369999;0.0;2026-09-28T13:15:00+02:00;2026-09-28T13:53:32+02:00;6511a985d526
2026-09-29;excenevex;AROMEHD;2026-09-30T00:00;2.7;2.9;201.0;18.2;0.0;;0.0;63.0;0.0;63.0;46.35;6.369999;0.0;2026-09-28T13:15:00+02:00;2026-09-28T13:53:32+02:00;6511a985d526
2026-09-29;excenevex;ICONCH1;2026-09-29T01:00;3.2;4.7;227.0;17.6;0.0;100.0;0.0;71.0;100.0;100.0;46.351723;6.3624268;0.0;2026-09-28T13:15:00+02:00;2026-09-28T13:53:32+02:00;6511a985d526
2026-09-29;excenevex;ICONCH1;2026-09-29T02:00;3.7;5.4;208.0;17.0;0.0;100.0;0.0;0.0;100.0;100.0;46.351723;6.3624268;0.0;2026-09-28T13:15:00+02:00;2026-09-28T13:53:32+02:00;6511a985d526
2026-09-29;excenevex;ICONCH1;2026-09-29T03:00;3.0;5.4;220.0;17.3;0.0;100.0;0.0;73.0;100.0;100.0;46.351723;6.3624268;0.0;2026-09-28T13:15:00+02:00;2026-09-28T13:53:32+02:00;6511a985d526
2026-09-29;excenevex;ICONCH1;2026-09-29T04:00;2.8;4.5;205.0;16.5;0.0;100.0;0.0;84.0;100.0;100.0;46.351723;6.3624268;0.0;2026-09-28T13:15:00+02:00;2026-09-28T13:53:32+02:00;6511a985d526
2026-09-29;excenevex;ICONCH1;2026-09-29T05:00;3.2;5.2;205.0;16.1;0.0;100.0;0.0;76.0;100.0;100.0;46.351723;6.3624268;0.0;2026-09-28T13:15:00+02:00;2026-09-28T13:53:32+02:00;6511a985d526
2026-09-29;excenevex;ICONCH1;2026-09-29T06:00;3.3;5.1;220.0;16.2;0.0;100.0;0.0;77.0;100.0;100.0;46.351723;6.3624268;0.0;2026-09-28T13:15:00+02:00;2026-09-28T13:53:32+02:00;6511a985d526
2026-09-29;excenevex;ICONCH1;2026-09-29T07:00;2.9;4.5;228.0;16.4;0.0;83.0;0.0;71.0;45.0;83.0;46.351723;6.3624268;0.0;2026-09-28T13:15:00+02:00;2026-09-28T13:53:32+02:00;6511a985d526
2026-09-29;excenevex;ICONCH1;2026-09-29T08:00;3.2;5.2;218.0;15.7;0.0;72.0;0.0;70.0;8.0;72.0;46.351723;6.3624268;0.0;2026-09-28T13:15:00+02:00;2026-09-28T13:53:32+02:00;6511a985d526
2026-09-29;excenevex;ICONCH1;2026-09-29T09:00;2.6;4.7;197.0;16.9;0.0;88.0;0.0;71.0;60.0;88.0;46.351723;6.3624268;0.0;2026-09-28T13:15:00+02:00;2026-09-28T13:53:32+02:00;6511a985d526
2026-09-29;excenevex;ICONCH1;2026-09-29T10:00;1.2;3.9;198.0;19.1;0.0;100.0;0.0;77.0;100.0;100.0;46.351723;6.3624268;0.0;2026-09-28T13:15:00+02:00;2026-09-28T13:53:32+02:00;6511a985d526
2026-09-29;excenevex;ICONCH1;2026-09-29T11:00;2.6;4.1;48.0;19.4;0.0;100.0;0.0;62.0;100.0;100.0;46.351723;6.3624268;0.0;2026-09-28T13:15:00+02:00;2026-09-28T13:53:32+02:00;6511a985d526
2026-09-29;excenevex;ICONCH1;2026-09-29T12:00;3.7;5.6;25.0;19.9;0.0;100.0;0.0;65.0;100.0;100.0;46.351723;6.3624268;0.0;2026-09-28T13:15:00+02:00;2026-09-28T13:53:32+02:00;6511a985d526
2026-09-29;excenevex;ICONCH1;2026-09-29T13:00;4.9;7.0;53.0;20.3;0.0;100.0;0.0;60.0;100.0;100.0;46.351723;6.3624268;0.0;2026-09-28T13:15:00+02:00;2026-09-28T13:53:32+02:00;6511a985d526
2026-09-29;excenevex;ICONCH1;2026-09-29T14:00;4.6;7.2;40.0;21.0;0.0;100.0;0.0;81.0;100.0;100.0;46.351723;6.3624268;0.0;2026-09-28T13:15:00+02:00;2026-09-28T13:53:32+02:00;6511a985d526
2026-09-29;excenevex;ICONCH1;2026-09-29T15:00;3.9;7.0;57.0;21.3;0.0;100.0;0.0;100.0;100.0;100.0;46.351723;6.3624268;0.0;2026-09-28T13:15:00+02:00;2026-09-28T13:53:32+02:00;6511a985d526
2026-09-29;excenevex;ICONCH1;2026-09-29T16:00;3.4;5.6;66.0;21.8;0.0;100.0;0.0;65.0;100.0;100.0;46.351723;6.3624268;0.0;2026-09-28T13:15:00+02:00;2026-09-28T13:53:32+02:00;6511a985d526
2026-09-29;excenevex;ICONCH1;2026-09-29T17:00;3.9;5.8;41.0;22.4;0.0;100.0;0.0;91.0;100.0;100.0;46.351723;6.3624268;0.0;2026-09-28T13:15:00+02:00;2026-09-28T13:53:32+02:00;6511a985d526
2026-09-29;excenevex;ICONCH1;2026-09-29T18:00;3.5;5.6;27.0;22.6;0.0;100.0;0.0;100.0;100.0;100.0;46.351723;6.3624268;0.0;2026-09-28T13:15:00+02:00;2026-09-28T13:53:32+02:00;6511a985d526
2026-09-29;excenevex;ICONCH1;2026-09-29T19:00;1.4;5.1;45.0;22.6;0.0;100.0;0.0;66.0;100.0;100.0;46.351723;6.3624268;0.0;2026-09-28T13:15:00+02:00;2026-09-28T13:53:32+02:00;6511a985d526
2026-09-29;excenevex;ICONCH1;2026-09-29T20:00;1.7;5.1;306.0;21.8;0.0;100.0;0.0;84.0;100.0;100.0;46.351723;6.3624268;0.0;2026-09-28T13:15:00+02:00;2026-09-28T13:53:32+02:00;6511a985d526
2026-09-29;hermance;AROMEHD;2026-09-29T01:00;2.4;3.7;215.0;19.8;0.0;;0.0;0.0;100.0;100.0;46.309998;6.24;0.0;2026-09-28T13:15:00+02:00;2026-09-28T13:53:32+02:00;6511a985d526
2026-09-29;hermance;AROMEHD;2026-09-29T02:00;0.6;2.9;288.0;19.3;0.0;;0.0;0.0;100.0;100.0;46.309998;6.24;0.0;2026-09-28T13:15:00+02:00;2026-09-28T13:53:32+02:00;6511a985d526
2026-09-29;hermance;AROMEHD;2026-09-29T03:00;1.4;1.7;304.0;18.9;0.0;;0.0;0.0;100.0;100.0;46.309998;6.24;0.0;2026-09-28T13:15:00+02:00;2026-09-28T13:53:32+02:00;6511a985d526
2026-09-29;hermance;AROMEHD;2026-09-29T04:00;1.2;1.9;99.0;18.2;0.0;;0.0;0.0;100.0;100.0;46.309998;6.24;0.0;2026-09-28T13:15:00+02:00;2026-09-28T13:53:32+02:00;6511a985d526
2026-09-29;hermance;AROMEHD;2026-09-29T05:00;3.1;3.5;145.0;17.5;0.0;;0.0;0.0;100.0;100.0;46.309998;6.24;0.0;2026-09-28T13:15:00+02:00;2026-09-28T13:53:32+02:00;6511a985d526
2026-09-29;hermance;AROMEHD;2026-09-29T06:00;3.6;4.1;167.0;17.2;0.0;;0.0;0.0;100.0;100.0;46.309998;6.24;0.0;2026-09-28T13:15:00+02:00;2026-09-28T13:53:32+02:00;6511a985d526
2026-09-29;hermance;AROMEHD;2026-09-29T07:00;2.9;4.5;188.0;16.7;0.0;;0.0;0.0;100.0;100.0;46.309998;6.24;0.0;2026-09-28T13:15:00+02:00;2026-09-28T13:53:32+02:00;6511a985d526
2026-09-29;hermance;AROMEHD;2026-09-29T08:00;2.7;3.9;176.0;17.0;0.0;;0.0;0.0;100.0;100.0;46.309998;6.24;0.0;2026-09-28T13:15:00+02:00;2026-09-28T13:53:32+02:00;6511a985d526
2026-09-29;hermance;AROMEHD;2026-09-29T09:00;2.9;3.9;172.0;17.1;0.0;;0.0;0.0;100.0;100.0;46.309998;6.24;0.0;2026-09-28T13:15:00+02:00;2026-09-28T13:53:32+02:00;6511a985d526
2026-09-29;hermance;AROMEHD;2026-09-29T10:00;2.9;4.1;200.0;17.9;0.0;;0.0;0.0;100.0;100.0;46.309998;6.24;0.0;2026-09-28T13:15:00+02:00;2026-09-28T13:53:32+02:00;6511a985d526
2026-09-29;hermance;AROMEHD;2026-09-29T11:00;2.7;3.7;240.0;18.5;0.0;;0.0;0.0;100.0;100.0;46.309998;6.24;0.0;2026-09-28T13:15:00+02:00;2026-09-28T13:53:32+02:00;6511a985d526
2026-09-29;hermance;AROMEHD;2026-09-29T12:00;2.3;2.7;200.0;20.0;0.0;;0.0;0.0;100.0;100.0;46.309998;6.24;0.0;2026-09-28T13:15:00+02:00;2026-09-28T13:53:32+02:00;6511a985d526
2026-09-29;hermance;AROMEHD;2026-09-29T13:00;1.6;2.9;210.0;21.2;0.0;;0.0;0.0;100.0;100.0;46.309998;6.24;0.0;2026-09-28T13:15:00+02:00;2026-09-28T13:53:32+02:00;6511a985d526
2026-09-29;hermance;AROMEHD;2026-09-29T14:00;0.9;0.8;27.0;21.9;0.0;;0.0;0.0;100.0;100.0;46.309998;6.24;0.0;2026-09-28T13:15:00+02:00;2026-09-28T13:53:32+02:00;6511a985d526
2026-09-29;hermance;AROMEHD;2026-09-29T15:00;6.3;7.4;16.0;22.1;0.0;;0.0;0.0;100.0;100.0;46.309998;6.24;0.0;2026-09-28T13:15:00+02:00;2026-09-28T13:53:32+02:00;6511a985d526
2026-09-29;hermance;AROMEHD;2026-09-29T16:00;9.6;10.9;24.0;21.9;0.0;;0.0;0.0;100.0;100.0;46.309998;6.24;0.0;2026-09-28T13:15:00+02:00;2026-09-28T13:53:32+02:00;6511a985d526
2026-09-29;hermance;AROMEHD;2026-09-29T17:00;9.0;13.0;22.0;21.0;0.0;;0.0;0.0;100.0;100.0;46.309998;6.24;0.0;2026-09-28T13:15:00+02:00;2026-09-28T13:53:32+02:00;6511a985d526
2026-09-29;hermance;AROMEHD;2026-09-29T18:00;6.6;10.1;358.0;21.0;0.0;;0.0;0.0;100.0;100.0;46.309998;6.24;0.0;2026-09-28T13:15:00+02:00;2026-09-28T13:53:32+02:00;6511a985d526
2026-09-29;hermance;AROMEHD;2026-09-29T19:00;3.7;7.2;357.0;21.1;0.0;;0.0;96.0;100.0;100.0;46.309998;6.24;0.0;2026-09-28T13:15:00+02:00;2026-09-28T13:53:32+02:00;6511a985d526
2026-09-29;hermance;AROMEHD;2026-09-29T20:00;1.2;3.9;39.0;21.0;0.0;;0.0;100.0;100.0;100.0;46.309998;6.24;0.0;2026-09-28T13:15:00+02:00;2026-09-28T13:53:32+02:00;6511a985d526
2026-09-29;hermance;AROMEHD;2026-09-29T21:00;0.0;1.2;270.0;20.8;0.0;;0.0;100.0;100.0;100.0;46.309998;6.24;0.0;2026-09-28T13:15:00+02:00;2026-09-28T13:53:32+02:00;6511a985d526
2026-09-29;hermance;AROMEHD;2026-09-29T22:00;1.7;1.2;144.0;20.5;0.0;;0.0;84.0;37.0;84.0;46.309998;6.24;0.0;2026-09-28T13:15:00+02:00;2026-09-28T13:53:32+02:00;6511a985d526
2026-09-29;hermance;AROMEHD;2026-09-29T23:00;2.9;3.5;160.0;19.5;0.0;;0.0;54.0;0.0;54.0;46.309998;6.24;0.0;2026-09-28T13:15:00+02:00;2026-09-28T13:53:32+02:00;6511a985d526
2026-09-29;hermance;AROMEHD;2026-09-30T00:00;1.8;3.1;221.0;19.9;0.0;;0.0;0.0;0.0;0.0;46.309998;6.24;0.0;2026-09-28T13:15:00+02:00;2026-09-28T13:53:32+02:00;6511a985d526
2026-09-29;hermance;ICONCH1;2026-09-29T01:00;2.6;4.5;207.0;19.8;0.0;100.0;0.0;0.0;100.0;100.0;46.30753;6.2349854;0.0;2026-09-28T13:15:00+02:00;2026-09-28T13:53:32+02:00;6511a985d526
2026-09-29;hermance;ICONCH1;2026-09-29T02:00;3.5;4.9;199.0;19.5;0.0;100.0;0.0;31.0;100.0;100.0;46.30753;6.2349854;0.0;2026-09-28T13:15:00+02:00;2026-09-28T13:53:32+02:00;6511a985d526
2026-09-29;hermance;ICONCH1;2026-09-29T03:00;3.6;4.9;202.0;19.1;0.0;100.0;0.0;74.0;100.0;100.0;46.30753;6.2349854;0.0;2026-09-28T13:15:00+02:00;2026-09-28T13:53:32+02:00;6511a985d526
2026-09-29;hermance;ICONCH1;2026-09-29T04:00;3.2;5.2;223.0;18.7;0.0;100.0;0.0;84.0;100.0;100.0;46.30753;6.2349854;0.0;2026-09-28T13:15:00+02:00;2026-09-28T13:53:32+02:00;6511a985d526
2026-09-29;hermance;ICONCH1;2026-09-29T05:00;2.9;5.1;200.0;18.4;0.0;100.0;0.0;78.0;100.0;100.0;46.30753;6.2349854;0.0;2026-09-28T13:15:00+02:00;2026-09-28T13:53:32+02:00;6511a985d526
2026-09-29;hermance;ICONCH1;2026-09-29T06:00;3.4;4.5;170.0;17.2;0.0;100.0;0.0;77.0;100.0;100.0;46.30753;6.2349854;0.0;2026-09-28T13:15:00+02:00;2026-09-28T13:53:32+02:00;6511a985d526
2026-09-29;hermance;ICONCH1;2026-09-29T07:00;3.4;4.5;190.0;17.1;0.0;84.0;0.0;20.0;70.0;84.0;46.30753;6.2349854;0.0;2026-09-28T13:15:00+02:00;2026-09-28T13:53:32+02:00;6511a985d526
2026-09-29;hermance;ICONCH1;2026-09-29T08:00;3.1;4.7;180.0;16.5;0.0;69.0;0.0;69.0;13.0;69.0;46.30753;6.2349854;0.0;2026-09-28T13:15:00+02:00;2026-09-28T13:53:32+02:00;6511a985d526
2026-09-29;hermance;ICONCH1;2026-09-29T09:00;3.2;4.5;194.0;17.1;0.0;89.0;0.0;68.0;74.0;89.0;46.30753;6.2349854;0.0;2026-09-28T13:15:00+02:00;2026-09-28T13:53:32+02:00;6511a985d526
2026-09-29;hermance;ICONCH1;2026-09-29T10:00;3.2;4.7;218.0;18.0;0.0;100.0;0.0;61.0;100.0;100.0;46.30753;6.2349854;0.0;2026-09-28T13:15:00+02:00;2026-09-28T13:53:32+02:00;6511a985d526
2026-09-29;hermance;ICONCH1;2026-09-29T11:00;2.6;4.3;228.0;19.2;0.0;100.0;0.0;68.0;100.0;100.0;46.30753;6.2349854;0.0;2026-09-28T13:15:00+02:00;2026-09-28T13:53:32+02:00;6511a985d526
2026-09-29;hermance;ICONCH1;2026-09-29T12:00;2.3;3.5;228.0;20.7;0.0;100.0;0.0;24.0;100.0;100.0;46.30753;6.2349854;0.0;2026-09-28T13:15:00+02:00;2026-09-28T13:53:32+02:00;6511a985d526
2026-09-29;hermance;ICONCH1;2026-09-29T13:00;0.8;3.1;256.0;21.8;0.0;100.0;0.0;0.0;100.0;100.0;46.30753;6.2349854;0.0;2026-09-28T13:15:00+02:00;2026-09-28T13:53:32+02:00;6511a985d526
2026-09-29;hermance;ICONCH1;2026-09-29T14:00;2.7;3.5;30.0;21.6;0.0;100.0;0.0;90.0;100.0;100.0;46.30753;6.2349854;0.0;2026-09-28T13:15:00+02:00;2026-09-28T13:53:32+02:00;6511a985d526
2026-09-29;hermance;ICONCH1;2026-09-29T15:00;4.2;5.4;28.0;22.5;0.0;100.0;0.0;100.0;100.0;100.0;46.30753;6.2349854;0.0;2026-09-28T13:15:00+02:00;2026-09-28T13:53:32+02:00;6511a985d526
2026-09-29;hermance;ICONCH1;2026-09-29T16:00;3.4;5.4;16.0;22.8;0.0;87.0;0.0;67.0;57.0;87.0;46.30753;6.2349854;0.0;2026-09-28T13:15:00+02:00;2026-09-28T13:53:32+02:00;6511a985d526
2026-09-29;hermance;ICONCH1;2026-09-29T17:00;6.3;8.0;16.0;22.9;0.0;100.0;0.0;37.0;100.0;100.0;46.30753;6.2349854;0.0;2026-09-28T13:15:00+02:00;2026-09-28T13:53:32+02:00;6511a985d526
2026-09-29;hermance;ICONCH1;2026-09-29T18:00;7.3;9.3;25.0;23.1;0.0;100.0;0.0;100.0;100.0;100.0;46.30753;6.2349854;0.0;2026-09-28T13:15:00+02:00;2026-09-28T13:53:32+02:00;6511a985d526
2026-09-29;hermance;ICONCH1;2026-09-29T19:00;3.9;9.1;9.0;22.8;0.0;100.0;0.0;31.0;100.0;100.0;46.30753;6.2349854;0.0;2026-09-28T13:15:00+02:00;2026-09-28T13:53:32+02:00;6511a985d526
2026-09-29;hermance;ICONCH1;2026-09-29T20:00;2.6;5.2;36.0;22.1;0.0;100.0;0.0;88.0;100.0;100.0;46.30753;6.2349854;0.0;2026-09-28T13:15:00+02:00;2026-09-28T13:53:32+02:00;6511a985d526
2026-09-29;loire_sur_rhone;AROMEHD;2026-09-29T01:00;4.1;9.5;172.0;20.3;0.0;;0.0;0.0;100.0;100.0;45.559998;4.8199997;170.0;2026-09-28T13:15:00+02:00;2026-09-28T13:53:32+02:00;6511a985d526
2026-09-29;loire_sur_rhone;AROMEHD;2026-09-29T02:00;3.6;9.9;164.0;19.6;0.0;;0.0;0.0;100.0;100.0;45.559998;4.8199997;170.0;2026-09-28T13:15:00+02:00;2026-09-28T13:53:32+02:00;6511a985d526
2026-09-29;loire_sur_rhone;AROMEHD;2026-09-29T03:00;4.8;11.3;153.0;19.2;0.0;;0.0;0.0;100.0;100.0;45.559998;4.8199997;170.0;2026-09-28T13:15:00+02:00;2026-09-28T13:53:32+02:00;6511a985d526
2026-09-29;loire_sur_rhone;AROMEHD;2026-09-29T04:00;5.1;12.2;151.0;19.0;0.0;;0.0;0.0;100.0;100.0;45.559998;4.8199997;170.0;2026-09-28T13:15:00+02:00;2026-09-28T13:53:32+02:00;6511a985d526
2026-09-29;loire_sur_rhone;AROMEHD;2026-09-29T05:00;5.0;11.7;154.0;18.7;0.0;;0.0;0.0;100.0;100.0;45.559998;4.8199997;170.0;2026-09-28T13:15:00+02:00;2026-09-28T13:53:32+02:00;6511a985d526
2026-09-29;loire_sur_rhone;AROMEHD;2026-09-29T06:00;4.2;11.5;158.0;18.3;0.0;;0.0;1.0;100.0;100.0;45.559998;4.8199997;170.0;2026-09-28T13:15:00+02:00;2026-09-28T13:53:32+02:00;6511a985d526
2026-09-29;loire_sur_rhone;AROMEHD;2026-09-29T07:00;3.1;9.7;162.0;17.9;0.0;;0.0;0.0;100.0;100.0;45.559998;4.8199997;170.0;2026-09-28T13:15:00+02:00;2026-09-28T13:53:32+02:00;6511a985d526
2026-09-29;loire_sur_rhone;AROMEHD;2026-09-29T08:00;2.7;7.6;159.0;17.5;0.0;;0.0;1.0;100.0;100.0;45.559998;4.8199997;170.0;2026-09-28T13:15:00+02:00;2026-09-28T13:53:32+02:00;6511a985d526
2026-09-29;loire_sur_rhone;AROMEHD;2026-09-29T09:00;2.3;6.4;175.0;18.3;0.0;;0.0;0.0;100.0;100.0;45.559998;4.8199997;170.0;2026-09-28T13:15:00+02:00;2026-09-28T13:53:32+02:00;6511a985d526
2026-09-29;loire_sur_rhone;AROMEHD;2026-09-29T10:00;3.7;9.7;171.0;21.0;0.0;;0.0;0.0;100.0;100.0;45.559998;4.8199997;170.0;2026-09-28T13:15:00+02:00;2026-09-28T13:53:32+02:00;6511a985d526
2026-09-29;loire_sur_rhone;AROMEHD;2026-09-29T11:00;9.2;21.2;174.0;24.2;0.0;;0.0;0.0;100.0;100.0;45.559998;4.8199997;170.0;2026-09-28T13:15:00+02:00;2026-09-28T13:53:32+02:00;6511a985d526
2026-09-29;loire_sur_rhone;AROMEHD;2026-09-29T12:00;11.9;27.2;180.0;25.7;0.0;;0.0;0.0;100.0;100.0;45.559998;4.8199997;170.0;2026-09-28T13:15:00+02:00;2026-09-28T13:53:32+02:00;6511a985d526
2026-09-29;loire_sur_rhone;AROMEHD;2026-09-29T13:00;11.5;26.6;181.0;26.1;0.0;;0.0;0.0;100.0;100.0;45.559998;4.8199997;170.0;2026-09-28T13:15:00+02:00;2026-09-28T13:53:32+02:00;6511a985d526
2026-09-29;loire_sur_rhone;AROMEHD;2026-09-29T14:00;11.9;26.4;183.0;26.4;0.0;;0.0;35.0;100.0;100.0;45.559998;4.8199997;170.0;2026-09-28T13:15:00+02:00;2026-09-28T13:53:32+02:00;6511a985d526
2026-09-29;loire_sur_rhone;AROMEHD;2026-09-29T15:00;13.6;29.9;181.0;26.5;0.0;;0.0;0.0;100.0;100.0;45.559998;4.8199997;170.0;2026-09-28T13:15:00+02:00;2026-09-28T13:53:32+02:00;6511a985d526
2026-09-29;loire_sur_rhone;AROMEHD;2026-09-29T16:00;13.6;29.5;180.0;26.9;0.0;;0.0;19.0;100.0;100.0;45.559998;4.8199997;170.0;2026-09-28T13:15:00+02:00;2026-09-28T13:53:32+02:00;6511a985d526
2026-09-29;loire_sur_rhone;AROMEHD;2026-09-29T17:00;11.3;29.5;186.0;26.7;0.0;;0.0;100.0;100.0;100.0;45.559998;4.8199997;170.0;2026-09-28T13:15:00+02:00;2026-09-28T13:53:32+02:00;6511a985d526
2026-09-29;loire_sur_rhone;AROMEHD;2026-09-29T18:00;9.7;25.3;178.0;26.8;0.0;;0.0;100.0;99.0;100.0;45.559998;4.8199997;170.0;2026-09-28T13:15:00+02:00;2026-09-28T13:53:32+02:00;6511a985d526
2026-09-29;loire_sur_rhone;AROMEHD;2026-09-29T19:00;11.7;26.2;175.0;26.3;0.0;;0.0;100.0;100.0;100.0;45.559998;4.8199997;170.0;2026-09-28T13:15:00+02:00;2026-09-28T13:53:32+02:00;6511a985d526
2026-09-29;loire_sur_rhone;AROMEHD;2026-09-29T20:00;10.6;26.2;174.0;25.8;0.0;;0.0;100.0;2.0;100.0;45.559998;4.8199997;170.0;2026-09-28T13:15:00+02:00;2026-09-28T13:53:32+02:00;6511a985d526
2026-09-29;loire_sur_rhone;AROMEHD;2026-09-29T21:00;8.6;24.1;177.0;25.4;0.0;;0.0;100.0;100.0;100.0;45.559998;4.8199997;170.0;2026-09-28T13:15:00+02:00;2026-09-28T13:53:32+02:00;6511a985d526
2026-09-29;loire_sur_rhone;AROMEHD;2026-09-29T22:00;11.4;25.9;173.0;25.1;0.0;;0.0;100.0;100.0;100.0;45.559998;4.8199997;170.0;2026-09-28T13:15:00+02:00;2026-09-28T13:53:32+02:00;6511a985d526
2026-09-29;loire_sur_rhone;AROMEHD;2026-09-29T23:00;13.0;29.0;171.0;24.1;0.0;;0.0;100.0;0.0;100.0;45.559998;4.8199997;170.0;2026-09-28T13:15:00+02:00;2026-09-28T13:53:32+02:00;6511a985d526
2026-09-29;loire_sur_rhone;AROMEHD;2026-09-30T00:00;13.4;29.5;171.0;23.2;0.0;;0.0;41.0;0.0;41.0;45.559998;4.8199997;170.0;2026-09-28T13:15:00+02:00;2026-09-28T13:53:32+02:00;6511a985d526
2026-09-29;loire_sur_rhone;ICONCH1;2026-09-29T01:00;6.8;19.2;173.0;19.3;0.0;100.0;0.0;73.0;100.0;100.0;45.550514;4.828491;200.0;2026-09-28T13:15:00+02:00;2026-09-28T13:53:32+02:00;6511a985d526
2026-09-29;loire_sur_rhone;ICONCH1;2026-09-29T02:00;6.5;14.2;171.0;18.9;0.0;100.0;0.0;73.0;100.0;100.0;45.550514;4.828491;200.0;2026-09-28T13:15:00+02:00;2026-09-28T13:53:32+02:00;6511a985d526
2026-09-29;loire_sur_rhone;ICONCH1;2026-09-29T03:00;7.6;13.8;162.0;18.5;0.0;87.0;0.0;74.0;64.0;87.0;45.550514;4.828491;200.0;2026-09-28T13:15:00+02:00;2026-09-28T13:53:32+02:00;6511a985d526
2026-09-29;loire_sur_rhone;ICONCH1;2026-09-29T04:00;6.6;14.0;161.0;18.2;0.0;100.0;0.0;68.0;99.0;100.0;45.550514;4.828491;200.0;2026-09-28T13:15:00+02:00;2026-09-28T13:53:32+02:00;6511a985d526
2026-09-29;loire_sur_rhone;ICONCH1;2026-09-29T05:00;6.4;12.4;157.0;18.0;0.0;100.0;0.0;68.0;100.0;100.0;45.550514;4.828491;200.0;2026-09-28T13:15:00+02:00;2026-09-28T13:53:32+02:00;6511a985d526
2026-09-29;loire_sur_rhone;ICONCH1;2026-09-29T06:00;5.0;12.6;154.0;17.5;0.0;100.0;0.0;66.0;100.0;100.0;45.550514;4.828491;200.0;2026-09-28T13:15:00+02:00;2026-09-28T13:53:32+02:00;6511a985d526
2026-09-29;loire_sur_rhone;ICONCH1;2026-09-29T07:00;3.4;9.9;156.0;16.8;0.0;100.0;0.0;58.0;100.0;100.0;45.550514;4.828491;200.0;2026-09-28T13:15:00+02:00;2026-09-28T13:53:32+02:00;6511a985d526
2026-09-29;loire_sur_rhone;ICONCH1;2026-09-29T08:00;1.6;7.4;120.0;16.8;0.0;100.0;0.0;26.0;100.0;100.0;45.550514;4.828491;200.0;2026-09-28T13:15:00+02:00;2026-09-28T13:53:32+02:00;6511a985d526
2026-09-29;loire_sur_rhone;ICONCH1;2026-09-29T09:00;1.9;5.2;135.0;17.9;0.0;100.0;20.0;43.0;100.0;100.0;45.550514;4.828491;200.0;2026-09-28T13:15:00+02:00;2026-09-28T13:53:32+02:00;6511a985d526
2026-09-29;loire_sur_rhone;ICONCH1;2026-09-29T10:00;4.6;7.8;152.0;20.6;0.0;100.0;0.0;72.0;100.0;100.0;45.550514;4.828491;200.0;2026-09-28T13:15:00+02:00;2026-09-28T13:53:32+02:00;6511a985d526
2026-09-29;loire_sur_rhone;ICONCH1;2026-09-29T11:00;11.0;18.1;154.0;22.6;0.0;100.0;0.0;71.0;100.0;100.0;45.550514;4.828491;200.0;2026-09-28T13:15:00+02:00;2026-09-28T13:53:32+02:00;6511a985d526
2026-09-29;loire_sur_rhone;ICONCH1;2026-09-29T12:00;12.6;20.8;157.0;24.6;0.0;83.0;0.0;30.0;65.0;83.0;45.550514;4.828491;200.0;2026-09-28T13:15:00+02:00;2026-09-28T13:53:32+02:00;6511a985d526
2026-09-29;loire_sur_rhone;ICONCH1;2026-09-29T13:00;16.2;26.4;164.0;27.4;0.0;52.0;0.0;12.0;42.0;52.0;45.550514;4.828491;200.0;2026-09-28T13:15:00+02:00;2026-09-28T13:53:32+02:00;6511a985d526
2026-09-29;loire_sur_rhone;ICONCH1;2026-09-29T14:00;20.1;33.0;174.0;27.3;0.0;100.0;0.0;35.0;100.0;100.0;45.550514;4.828491;200.0;2026-09-28T13:15:00+02:00;2026-09-28T13:53:32+02:00;6511a985d526
2026-09-29;loire_sur_rhone;ICONCH1;2026-09-29T15:00;19.4;34.8;173.0;27.5;0.0;100.0;0.0;61.0;100.0;100.0;45.550514;4.828491;200.0;2026-09-28T13:15:00+02:00;2026-09-28T13:53:32+02:00;6511a985d526
2026-09-29;loire_sur_rhone;ICONCH1;2026-09-29T16:00;18.3;32.9;178.0;27.7;0.0;100.0;0.0;39.0;100.0;100.0;45.550514;4.828491;200.0;2026-09-28T13:15:00+02:00;2026-09-28T13:53:32+02:00;6511a985d526
2026-09-29;loire_sur_rhone;ICONCH1;2026-09-29T17:00;16.8;31.1;174.0;27.2;0.0;100.0;0.0;83.0;100.0;100.0;45.550514;4.828491;200.0;2026-09-28T13:15:00+02:00;2026-09-28T13:53:32+02:00;6511a985d526
2026-09-29;loire_sur_rhone;ICONCH1;2026-09-29T18:00;16.0;27.2;182.0;26.7;0.0;96.0;0.0;80.0;93.0;96.0;45.550514;4.828491;200.0;2026-09-28T13:15:00+02:00;2026-09-28T13:53:32+02:00;6511a985d526
2026-09-29;loire_sur_rhone;ICONCH1;2026-09-29T19:00;11.9;27.8;180.0;25.7;0.0;91.0;0.0;88.0;26.0;91.0;45.550514;4.828491;200.0;2026-09-28T13:15:00+02:00;2026-09-28T13:53:32+02:00;6511a985d526
2026-09-29;loire_sur_rhone;ICONCH1;2026-09-29T20:00;16.3;26.8;172.0;24.7;0.0;95.0;0.0;92.0;60.0;95.0;45.550514;4.828491;200.0;2026-09-28T13:15:00+02:00;2026-09-28T13:53:32+02:00;6511a985d526
2026-09-29;messery;AROMEHD;2026-09-29T01:00;1.6;5.6;263.0;19.5;0.0;;0.0;0.0;100.0;100.0;46.35;6.2700005;0.0;2026-09-28T13:15:00+02:00;2026-09-28T13:53:32+02:00;6511a985d526
2026-09-29;messery;AROMEHD;2026-09-29T02:00;1.2;2.5;189.0;19.0;0.0;;0.0;0.0;100.0;100.0;46.35;6.2700005;0.0;2026-09-28T13:15:00+02:00;2026-09-28T13:53:32+02:00;6511a985d526
2026-09-29;messery;AROMEHD;2026-09-29T03:00;1.6;2.5;256.0;18.6;0.0;;0.0;0.0;100.0;100.0;46.35;6.2700005;0.0;2026-09-28T13:15:00+02:00;2026-09-28T13:53:32+02:00;6511a985d526
2026-09-29;messery;AROMEHD;2026-09-29T04:00;0.6;2.3;270.0;18.1;0.0;;0.0;0.0;100.0;100.0;46.35;6.2700005;0.0;2026-09-28T13:15:00+02:00;2026-09-28T13:53:32+02:00;6511a985d526
2026-09-29;messery;AROMEHD;2026-09-29T05:00;0.7;1.4;146.0;17.3;0.0;;0.0;0.0;100.0;100.0;46.35;6.2700005;0.0;2026-09-28T13:15:00+02:00;2026-09-28T13:53:32+02:00;6511a985d526
2026-09-29;messery;AROMEHD;2026-09-29T06:00;1.2;2.1;198.0;17.2;0.0;;0.0;0.0;100.0;100.0;46.35;6.2700005;0.0;2026-09-28T13:15:00+02:00;2026-09-28T13:53:32+02:00;6511a985d526
2026-09-29;messery;AROMEHD;2026-09-29T07:00;1.6;2.3;256.0;17.4;0.0;;0.0;0.0;100.0;100.0;46.35;6.2700005;0.0;2026-09-28T13:15:00+02:00;2026-09-28T13:53:32+02:00;6511a985d526
2026-09-29;messery;AROMEHD;2026-09-29T08:00;3.2;4.7;227.0;17.6;0.0;;0.0;0.0;100.0;100.0;46.35;6.2700005;0.0;2026-09-28T13:15:00+02:00;2026-09-28T13:53:32+02:00;6511a985d526
2026-09-29;messery;AROMEHD;2026-09-29T09:00;2.6;4.5;234.0;17.4;0.0;;0.0;7.0;100.0;100.0;46.35;6.2700005;0.0;2026-09-28T13:15:00+02:00;2026-09-28T13:53:32+02:00;6511a985d526
2026-09-29;messery;AROMEHD;2026-09-29T10:00;3.0;4.1;203.0;18.0;0.0;;0.0;0.0;100.0;100.0;46.35;6.2700005;0.0;2026-09-28T13:15:00+02:00;2026-09-28T13:53:32+02:00;6511a985d526
2026-09-29;messery;AROMEHD;2026-09-29T11:00;3.3;4.3;208.0;18.8;0.0;;0.0;0.0;100.0;100.0;46.35;6.2700005;0.0;2026-09-28T13:15:00+02:00;2026-09-28T13:53:32+02:00;6511a985d526
2026-09-29;messery;AROMEHD;2026-09-29T12:00;2.9;3.9;208.0;20.0;0.0;;0.0;0.0;94.0;94.0;46.35;6.2700005;0.0;2026-09-28T13:15:00+02:00;2026-09-28T13:53:32+02:00;6511a985d526
2026-09-29;messery;AROMEHD;2026-09-29T13:00;2.2;3.3;207.0;21.2;0.0;;0.0;0.0;100.0;100.0;46.35;6.2700005;0.0;2026-09-28T13:15:00+02:00;2026-09-28T13:53:32+02:00;6511a985d526
2026-09-29;messery;AROMEHD;2026-09-29T14:00;6.2;6.6;46.0;21.3;0.0;;0.0;0.0;100.0;100.0;46.35;6.2700005;0.0;2026-09-28T13:15:00+02:00;2026-09-28T13:53:32+02:00;6511a985d526
2026-09-29;messery;AROMEHD;2026-09-29T15:00;8.7;10.5;48.0;21.5;0.0;;0.0;0.0;100.0;100.0;46.35;6.2700005;0.0;2026-09-28T13:15:00+02:00;2026-09-28T13:53:32+02:00;6511a985d526
2026-09-29;messery;AROMEHD;2026-09-29T16:00;8.8;11.5;43.0;21.1;0.0;;0.0;0.0;100.0;100.0;46.35;6.2700005;0.0;2026-09-28T13:15:00+02:00;2026-09-28T13:53:32+02:00;6511a985d526
2026-09-29;messery;AROMEHD;2026-09-29T17:00;7.3;11.5;42.0;21.0;0.0;;0.0;0.0;100.0;100.0;46.35;6.2700005;0.0;2026-09-28T13:15:00+02:00;2026-09-28T13:53:32+02:00;6511a985d526
2026-09-29;messery;AROMEHD;2026-09-29T18:00;5.3;9.7;33.0;21.3;0.0;;0.0;0.0;100.0;100.0;46.35;6.2700005;0.0;2026-09-28T13:15:00+02:00;2026-09-28T13:53:32+02:00;6511a985d526
2026-09-29;messery;AROMEHD;2026-09-29T19:00;1.5;6.4;50.0;21.1;0.0;;0.0;9.0;100.0;100.0;46.35;6.2700005;0.0;2026-09-28T13:15:00+02:00;2026-09-28T13:53:32+02:00;6511a985d526
2026-09-29;messery;AROMEHD;2026-09-29T20:00;1.9;2.1;143.0;21.0;0.0;;0.0;100.0;100.0;100.0;46.35;6.2700005;0.0;2026-09-28T13:15:00+02:00;2026-09-28T13:53:32+02:00;6511a985d526
2026-09-29;messery;AROMEHD;2026-09-29T21:00;1.8;3.5;139.0;20.5;0.0;;0.0;100.0;100.0;100.0;46.35;6.2700005;0.0;2026-09-28T13:15:00+02:00;2026-09-28T13:53:32+02:00;6511a985d526
2026-09-29;messery;AROMEHD;2026-09-29T22:00;1.8;1.9;174.0;20.5;0.0;;0.0;95.0;2.0;95.0;46.35;6.2700005;0.0;2026-09-28T13:15:00+02:00;2026-09-28T13:53:32+02:00;6511a985d526
2026-09-29;messery;AROMEHD;2026-09-29T23:00;1.2;2.1;189.0;20.1;0.0;;0.0;71.0;0.0;71.0;46.35;6.2700005;0.0;2026-09-28T13:15:00+02:00;2026-09-28T13:53:32+02:00;6511a985d526
2026-09-29;messery;AROMEHD;2026-09-30T00:00;2.1;3.3;185.0;19.6;0.0;;0.0;3.0;0.0;3.0;46.35;6.2700005;0.0;2026-09-28T13:15:00+02:00;2026-09-28T13:53:32+02:00;6511a985d526
2026-09-29;messery;ICONCH1;2026-09-29T01:00;1.9;4.1;233.0;20.2;0.0;100.0;0.0;0.0;100.0;100.0;46.3589;6.2749023;0.0;2026-09-28T13:15:00+02:00;2026-09-28T13:53:32+02:00;6511a985d526
2026-09-29;messery;ICONCH1;2026-09-29T02:00;3.4;4.5;223.0;19.8;0.0;100.0;0.0;3.0;100.0;100.0;46.3589;6.2749023;0.0;2026-09-28T13:15:00+02:00;2026-09-28T13:53:32+02:00;6511a985d526
2026-09-29;messery;ICONCH1;2026-09-29T03:00;3.4;5.1;227.0;19.6;0.0;100.0;0.0;71.0;100.0;100.0;46.3589;6.2749023;0.0;2026-09-28T13:15:00+02:00;2026-09-28T13:53:32+02:00;6511a985d526
2026-09-29;messery;ICONCH1;2026-09-29T04:00;3.7;5.6;231.0;19.1;0.0;100.0;0.0;93.0;100.0;100.0;46.3589;6.2749023;0.0;2026-09-28T13:15:00+02:00;2026-09-28T13:53:32+02:00;6511a985d526
2026-09-29;messery;ICONCH1;2026-09-29T05:00;2.9;5.2;233.0;18.6;0.0;100.0;0.0;79.0;100.0;100.0;46.3589;6.2749023;0.0;2026-09-28T13:15:00+02:00;2026-09-28T13:53:32+02:00;6511a985d526
2026-09-29;messery;ICONCH1;2026-09-29T06:00;2.2;4.3;218.0;18.2;0.0;100.0;0.0;79.0;100.0;100.0;46.3589;6.2749023;0.0;2026-09-28T13:15:00+02:00;2026-09-28T13:53:32+02:00;6511a985d526
2026-09-29;messery;ICONCH1;2026-09-29T07:00;2.9;4.1;233.0;18.0;0.0;90.0;0.0;16.0;80.0;90.0;46.3589;6.2749023;0.0;2026-09-28T13:15:00+02:00;2026-09-28T13:53:32+02:00;6511a985d526
2026-09-29;messery;ICONCH1;2026-09-29T08:00;2.9;4.1;217.0;17.7;0.0;100.0;0.0;69.0;100.0;100.0;46.3589;6.2749023;0.0;2026-09-28T13:15:00+02:00;2026-09-28T13:53:32+02:00;6511a985d526
2026-09-29;messery;ICONCH1;2026-09-29T09:00;4.2;5.4;217.0;17.6;0.0;100.0;0.0;66.0;100.0;100.0;46.3589;6.2749023;0.0;2026-09-28T13:15:00+02:00;2026-09-28T13:53:32+02:00;6511a985d526
2026-09-29;messery;ICONCH1;2026-09-29T10:00;4.4;6.2;221.0;18.2;0.0;100.0;0.0;65.0;100.0;100.0;46.3589;6.2749023;0.0;2026-09-28T13:15:00+02:00;2026-09-28T13:53:32+02:00;6511a985d526
2026-09-29;messery;ICONCH1;2026-09-29T11:00;2.8;5.6;231.0;19.1;0.0;100.0;0.0;67.0;100.0;100.0;46.3589;6.2749023;0.0;2026-09-28T13:15:00+02:00;2026-09-28T13:53:32+02:00;6511a985d526
2026-09-29;messery;ICONCH1;2026-09-29T12:00;1.9;3.7;233.0;20.2;0.0;100.0;0.0;64.0;100.0;100.0;46.3589;6.2749023;0.0;2026-09-28T13:15:00+02:00;2026-09-28T13:53:32+02:00;6511a985d526
2026-09-29;messery;ICONCH1;2026-09-29T13:00;1.2;2.9;51.0;21.1;0.0;100.0;0.0;0.0;100.0;100.0;46.3589;6.2749023;0.0;2026-09-28T13:15:00+02:00;2026-09-28T13:53:32+02:00;6511a985d526
2026-09-29;messery;ICONCH1;2026-09-29T14:00;5.2;6.8;59.0;21.5;0.0;100.0;0.0;75.0;100.0;100.0;46.3589;6.2749023;0.0;2026-09-28T13:15:00+02:00;2026-09-28T13:53:32+02:00;6511a985d526
2026-09-29;messery;ICONCH1;2026-09-29T15:00;5.9;8.9;58.0;22.0;0.0;100.0;0.0;100.0;100.0;100.0;46.3589;6.2749023;0.0;2026-09-28T13:15:00+02:00;2026-09-28T13:53:32+02:00;6511a985d526
2026-09-29;messery;ICONCH1;2026-09-29T16:00;6.3;8.2;45.0;22.4;0.0;100.0;0.0;80.0;100.0;100.0;46.3589;6.2749023;0.0;2026-09-28T13:15:00+02:00;2026-09-28T13:53:32+02:00;6511a985d526
2026-09-29;messery;ICONCH1;2026-09-29T17:00;7.4;9.5;43.0;22.6;0.0;100.0;0.0;84.0;100.0;100.0;46.3589;6.2749023;0.0;2026-09-28T13:15:00+02:00;2026-09-28T13:53:32+02:00;6511a985d526
2026-09-29;messery;ICONCH1;2026-09-29T18:00;5.8;9.3;50.0;22.6;0.0;100.0;0.0;100.0;100.0;100.0;46.3589;6.2749023;0.0;2026-09-28T13:15:00+02:00;2026-09-28T13:53:32+02:00;6511a985d526
2026-09-29;messery;ICONCH1;2026-09-29T19:00;3.9;7.6;41.0;22.4;0.0;100.0;0.0;69.0;100.0;100.0;46.3589;6.2749023;0.0;2026-09-28T13:15:00+02:00;2026-09-28T13:53:32+02:00;6511a985d526
2026-09-29;messery;ICONCH1;2026-09-29T20:00;3.1;5.1;342.0;21.0;0.0;100.0;0.0;86.0;100.0;100.0;46.3589;6.2749023;0.0;2026-09-28T13:15:00+02:00;2026-09-28T13:53:32+02:00;6511a985d526
2026-09-29;parking_pre_rencontre;AROMEHD;2026-09-29T01:00;4.2;8.7;164.0;16.2;0.0;;0.0;0.0;100.0;100.0;45.01;5.779999;0.0;2026-09-28T13:15:00+02:00;2026-09-28T13:53:32+02:00;6511a985d526
2026-09-29;parking_pre_rencontre;AROMEHD;2026-09-29T02:00;3.4;8.9;164.0;16.1;0.0;;0.0;0.0;100.0;100.0;45.01;5.779999;0.0;2026-09-28T13:15:00+02:00;2026-09-28T13:53:32+02:00;6511a985d526
2026-09-29;parking_pre_rencontre;AROMEHD;2026-09-29T03:00;3.8;8.4;165.0;15.7;0.0;;0.0;0.0;100.0;100.0;45.01;5.779999;0.0;2026-09-28T13:15:00+02:00;2026-09-28T13:53:32+02:00;6511a985d526
2026-09-29;parking_pre_rencontre;AROMEHD;2026-09-29T04:00;3.6;8.6;164.0;15.5;0.0;;0.0;0.0;100.0;100.0;45.01;5.779999;0.0;2026-09-28T13:15:00+02:00;2026-09-28T13:53:32+02:00;6511a985d526
2026-09-29;parking_pre_rencontre;AROMEHD;2026-09-29T05:00;4.3;9.5;170.0;15.4;0.0;;0.0;0.0;100.0;100.0;45.01;5.779999;0.0;2026-09-28T13:15:00+02:00;2026-09-28T13:53:32+02:00;6511a985d526
2026-09-29;parking_pre_rencontre;AROMEHD;2026-09-29T06:00;5.3;11.5;184.0;15.6;0.0;;0.0;0.0;100.0;100.0;45.01;5.779999;0.0;2026-09-28T13:15:00+02:00;2026-09-28T13:53:32+02:00;6511a985d526
2026-09-29;parking_pre_rencontre;AROMEHD;2026-09-29T07:00;6.0;13.2;193.0;15.9;0.0;;0.0;0.0;100.0;100.0;45.01;5.779999;0.0;2026-09-28T13:15:00+02:00;2026-09-28T13:53:32+02:00;6511a985d526
2026-09-29;parking_pre_rencontre;AROMEHD;2026-09-29T08:00;6.2;14.0;200.0;16.1;0.0;;0.0;0.0;100.0;100.0;45.01;5.779999;0.0;2026-09-28T13:15:00+02:00;2026-09-28T13:53:32+02:00;6511a985d526
2026-09-29;parking_pre_rencontre;AROMEHD;2026-09-29T09:00;6.1;15.2;189.0;17.2;0.0;;0.0;0.0;100.0;100.0;45.01;5.779999;0.0;2026-09-28T13:15:00+02:00;2026-09-28T13:53:32+02:00;6511a985d526
2026-09-29;parking_pre_rencontre;AROMEHD;2026-09-29T10:00;7.0;16.5;199.0;18.8;0.0;;0.0;0.0;100.0;100.0;45.01;5.779999;0.0;2026-09-28T13:15:00+02:00;2026-09-28T13:53:32+02:00;6511a985d526
2026-09-29;parking_pre_rencontre;AROMEHD;2026-09-29T11:00;8.6;19.4;198.0;20.3;0.0;;0.0;0.0;100.0;100.0;45.01;5.779999;0.0;2026-09-28T13:15:00+02:00;2026-09-28T13:53:32+02:00;6511a985d526
2026-09-29;parking_pre_rencontre;AROMEHD;2026-09-29T12:00;9.5;21.6;195.0;21.7;0.0;;0.0;0.0;100.0;100.0;45.01;5.779999;0.0;2026-09-28T13:15:00+02:00;2026-09-28T13:53:32+02:00;6511a985d526
2026-09-29;parking_pre_rencontre;AROMEHD;2026-09-29T13:00;10.0;23.3;188.0;22.7;0.0;;0.0;0.0;100.0;100.0;45.01;5.779999;0.0;2026-09-28T13:15:00+02:00;2026-09-28T13:53:32+02:00;6511a985d526
2026-09-29;parking_pre_rencontre;AROMEHD;2026-09-29T14:00;9.7;22.7;195.0;23.2;0.0;;0.0;0.0;100.0;100.0;45.01;5.779999;0.0;2026-09-28T13:15:00+02:00;2026-09-28T13:53:32+02:00;6511a985d526
2026-09-29;parking_pre_rencontre;AROMEHD;2026-09-29T15:00;9.8;22.4;194.0;22.9;0.0;;0.0;0.0;100.0;100.0;45.01;5.779999;0.0;2026-09-28T13:15:00+02:00;2026-09-28T13:53:32+02:00;6511a985d526
2026-09-29;parking_pre_rencontre;AROMEHD;2026-09-29T16:00;10.3;22.9;190.0;22.6;0.0;;0.0;13.0;100.0;100.0;45.01;5.779999;0.0;2026-09-28T13:15:00+02:00;2026-09-28T13:53:32+02:00;6511a985d526
2026-09-29;parking_pre_rencontre;AROMEHD;2026-09-29T17:00;8.3;22.9;191.0;21.9;0.0;;0.0;100.0;100.0;100.0;45.01;5.779999;0.0;2026-09-28T13:15:00+02:00;2026-09-28T13:53:32+02:00;6511a985d526
2026-09-29;parking_pre_rencontre;AROMEHD;2026-09-29T18:00;8.1;19.4;188.0;21.2;0.0;;0.0;100.0;100.0;100.0;45.01;5.779999;0.0;2026-09-28T13:15:00+02:00;2026-09-28T13:53:32+02:00;6511a985d526
2026-09-29;parking_pre_rencontre;AROMEHD;2026-09-29T19:00;6.6;18.9;182.0;20.4;0.0;;0.0;100.0;100.0;100.0;45.01;5.779999;0.0;2026-09-28T13:15:00+02:00;2026-09-28T13:53:32+02:00;6511a985d526
2026-09-29;parking_pre_rencontre;AROMEHD;2026-09-29T20:00;7.3;16.9;188.0;19.4;0.0;;0.0;100.0;51.0;100.0;45.01;5.779999;0.0;2026-09-28T13:15:00+02:00;2026-09-28T13:53:32+02:00;6511a985d526
2026-09-29;parking_pre_rencontre;AROMEHD;2026-09-29T21:00;8.2;18.1;198.0;18.9;0.0;;0.0;100.0;93.0;100.0;45.01;5.779999;0.0;2026-09-28T13:15:00+02:00;2026-09-28T13:53:32+02:00;6511a985d526
2026-09-29;parking_pre_rencontre;AROMEHD;2026-09-29T22:00;8.6;19.8;194.0;18.8;0.0;;0.0;99.0;2.0;99.0;45.01;5.779999;0.0;2026-09-28T13:15:00+02:00;2026-09-28T13:53:32+02:00;6511a985d526
2026-09-29;parking_pre_rencontre;AROMEHD;2026-09-29T23:00;8.8;20.2;198.0;18.5;0.0;;0.0;100.0;4.0;100.0;45.01;5.779999;0.0;2026-09-28T13:15:00+02:00;2026-09-28T13:53:32+02:00;6511a985d526
2026-09-29;parking_pre_rencontre;AROMEHD;2026-09-30T00:00;8.5;19.8;197.0;18.4;0.0;;0.0;85.0;19.0;85.0;45.01;5.779999;0.0;2026-09-28T13:15:00+02:00;2026-09-28T13:53:32+02:00;6511a985d526
2026-09-29;parking_pre_rencontre;ICONCH1;2026-09-29T01:00;5.7;10.3;207.0;15.3;0.0;100.0;0.0;0.0;100.0;100.0;45.0093;5.77124;1002.0;2026-09-28T13:15:00+02:00;2026-09-28T13:53:32+02:00;6511a985d526
2026-09-29;parking_pre_rencontre;ICONCH1;2026-09-29T02:00;6.2;11.5;194.0;15.1;0.0;100.0;0.0;8.0;100.0;100.0;45.0093;5.77124;1002.0;2026-09-28T13:15:00+02:00;2026-09-28T13:53:32+02:00;6511a985d526
2026-09-29;parking_pre_rencontre;ICONCH1;2026-09-29T03:00;6.4;11.9;205.0;15.3;0.0;100.0;0.0;3.0;100.0;100.0;45.0093;5.77124;1002.0;2026-09-28T13:15:00+02:00;2026-09-28T13:53:32+02:00;6511a985d526
2026-09-29;parking_pre_rencontre;ICONCH1;2026-09-29T04:00;6.8;12.2;207.0;14.8;0.0;90.0;0.0;20.0;80.0;90.0;45.0093;5.77124;1002.0;2026-09-28T13:15:00+02:00;2026-09-28T13:53:32+02:00;6511a985d526
2026-09-29;parking_pre_rencontre;ICONCH1;2026-09-29T05:00;6.6;12.8;208.0;15.6;0.0;100.0;0.0;0.0;100.0;100.0;45.0093;5.77124;1002.0;2026-09-28T13:15:00+02:00;2026-09-28T13:53:32+02:00;6511a985d526
2026-09-29;parking_pre_rencontre;ICONCH1;2026-09-29T06:00;5.6;12.1;209.0;15.3;0.0;100.0;0.0;21.0;100.0;100.0;45.0093;5.77124;1002.0;2026-09-28T13:15:00+02:00;2026-09-28T13:53:32+02:00;6511a985d526
2026-09-29;parking_pre_rencontre;ICONCH1;2026-09-29T07:00;5.8;10.3;210.0;14.7;0.0;87.0;0.0;29.0;75.0;87.0;45.0093;5.77124;1002.0;2026-09-28T13:15:00+02:00;2026-09-28T13:53:32+02:00;6511a985d526
2026-09-29;parking_pre_rencontre;ICONCH1;2026-09-29T08:00;6.1;11.1;215.0;14.9;0.0;100.0;0.0;33.0;100.0;100.0;45.0093;5.77124;1002.0;2026-09-28T13:15:00+02:00;2026-09-28T13:53:32+02:00;6511a985d526
2026-09-29;parking_pre_rencontre;ICONCH1;2026-09-29T09:00;6.7;12.2;206.0;17.1;0.0;100.0;0.0;6.0;100.0;100.0;45.0093;5.77124;1002.0;2026-09-28T13:15:00+02:00;2026-09-28T13:53:32+02:00;6511a985d526
2026-09-29;parking_pre_rencontre;ICONCH1;2026-09-29T10:00;11.2;20.8;203.0;19.4;0.0;100.0;0.0;7.0;100.0;100.0;45.0093;5.77124;1002.0;2026-09-28T13:15:00+02:00;2026-09-28T13:53:32+02:00;6511a985d526
2026-09-29;parking_pre_rencontre;ICONCH1;2026-09-29T11:00;12.4;23.9;204.0;21.0;0.0;100.0;0.0;0.0;100.0;100.0;45.0093;5.77124;1002.0;2026-09-28T13:15:00+02:00;2026-09-28T13:53:32+02:00;6511a985d526
2026-09-29;parking_pre_rencontre;ICONCH1;2026-09-29T12:00;11.9;23.1;190.0;22.5;0.0;100.0;0.0;64.0;100.0;100.0;45.0093;5.77124;1002.0;2026-09-28T13:15:00+02:00;2026-09-28T13:53:32+02:00;6511a985d526
2026-09-29;parking_pre_rencontre;ICONCH1;2026-09-29T13:00;9.7;22.5;199.0;22.6;0.0;100.0;0.0;66.0;100.0;100.0;45.0093;5.77124;1002.0;2026-09-28T13:15:00+02:00;2026-09-28T13:53:32+02:00;6511a985d526
2026-09-29;parking_pre_rencontre;ICONCH1;2026-09-29T14:00;11.0;21.2;217.0;22.5;0.0;100.0;0.0;76.0;100.0;100.0;45.0093;5.77124;1002.0;2026-09-28T13:15:00+02:00;2026-09-28T13:53:32+02:00;6511a985d526
2026-09-29;parking_pre_rencontre;ICONCH1;2026-09-29T15:00;13.4;25.1;210.0;22.8;0.0;100.0;0.0;84.0;100.0;100.0;45.0093;5.77124;1002.0;2026-09-28T13:15:00+02:00;2026-09-28T13:53:32+02:00;6511a985d526
2026-09-29;parking_pre_rencontre;ICONCH1;2026-09-29T16:00;11.8;25.1;202.0;23.1;0.0;100.0;0.0;0.0;100.0;100.0;45.0093;5.77124;1002.0;2026-09-28T13:15:00+02:00;2026-09-28T13:53:32+02:00;6511a985d526
2026-09-29;parking_pre_rencontre;ICONCH1;2026-09-29T17:00;10.8;22.2;203.0;22.1;0.0;100.0;0.0;0.0;100.0;100.0;45.0093;5.77124;1002.0;2026-09-28T13:15:00+02:00;2026-09-28T13:53:32+02:00;6511a985d526
2026-09-29;parking_pre_rencontre;ICONCH1;2026-09-29T18:00;10.3;20.2;209.0;21.2;0.0;100.0;0.0;71.0;100.0;100.0;45.0093;5.77124;1002.0;2026-09-28T13:15:00+02:00;2026-09-28T13:53:32+02:00;6511a985d526
2026-09-29;parking_pre_rencontre;ICONCH1;2026-09-29T19:00;8.2;19.2;198.0;19.4;0.0;69.0;0.0;68.0;3.0;69.0;45.0093;5.77124;1002.0;2026-09-28T13:15:00+02:00;2026-09-28T13:53:32+02:00;6511a985d526
2026-09-29;parking_pre_rencontre;ICONCH1;2026-09-29T20:00;9.9;18.1;206.0;17.9;0.0;70.0;0.0;69.0;6.0;70.0;45.0093;5.77124;1002.0;2026-09-28T13:15:00+02:00;2026-09-28T13:53:32+02:00;6511a985d526
2026-09-29;plage_de_sevrier;AROMEHD;2026-09-29T01:00;1.7;3.7;153.0;18.9;0.0;;0.0;0.0;100.0;100.0;45.86;6.16;0.0;2026-09-28T13:15:00+02:00;2026-09-28T13:53:32+02:00;6511a985d526
2026-09-29;plage_de_sevrier;AROMEHD;2026-09-29T02:00;1.9;2.3;127.0;18.5;0.0;;0.0;0.0;100.0;100.0;45.86;6.16;0.0;2026-09-28T13:15:00+02:00;2026-09-28T13:53:32+02:00;6511a985d526
2026-09-29;plage_de_sevrier;AROMEHD;2026-09-29T03:00;3.9;4.1;139.0;18.3;0.0;;0.0;0.0;100.0;100.0;45.86;6.16;0.0;2026-09-28T13:15:00+02:00;2026-09-28T13:53:32+02:00;6511a985d526
2026-09-29;plage_de_sevrier;AROMEHD;2026-09-29T04:00;3.0;4.3;122.0;17.8;0.0;;0.0;0.0;100.0;100.0;45.86;6.16;0.0;2026-09-28T13:15:00+02:00;2026-09-28T13:53:32+02:00;6511a985d526
2026-09-29;plage_de_sevrier;AROMEHD;2026-09-29T05:00;1.7;3.5;153.0;17.6;0.0;;0.0;0.0;100.0;100.0;45.86;6.16;0.0;2026-09-28T13:15:00+02:00;2026-09-28T13:53:32+02:00;6511a985d526
2026-09-29;plage_de_sevrier;AROMEHD;2026-09-29T06:00;1.0;2.3;143.0;17.4;0.0;;0.0;0.0;100.0;100.0;45.86;6.16;0.0;2026-09-28T13:15:00+02:00;2026-09-28T13:53:32+02:00;6511a985d526
2026-09-29;plage_de_sevrier;AROMEHD;2026-09-29T07:00;2.0;2.7;119.0;17.0;0.0;;0.0;0.0;100.0;100.0;45.86;6.16;0.0;2026-09-28T13:15:00+02:00;2026-09-28T13:53:32+02:00;6511a985d526
2026-09-29;plage_de_sevrier;AROMEHD;2026-09-29T08:00;2.9;3.9;138.0;16.8;0.0;;0.0;0.0;100.0;100.0;45.86;6.16;0.0;2026-09-28T13:15:00+02:00;2026-09-28T13:53:32+02:00;6511a985d526
2026-09-29;plage_de_sevrier;AROMEHD;2026-09-29T09:00;2.9;4.1;132.0;17.1;0.0;;0.0;0.0;100.0;100.0;45.86;6.16;0.0;2026-09-28T13:15:00+02:00;2026-09-28T13:53:32+02:00;6511a985d526
2026-09-29;plage_de_sevrier;AROMEHD;2026-09-29T10:00;1.4;3.9;172.0;17.5;0.0;;0.0;0.0;100.0;100.0;45.86;6.16;0.0;2026-09-28T13:15:00+02:00;2026-09-28T13:53:32+02:00;6511a985d526
2026-09-29;plage_de_sevrier;AROMEHD;2026-09-29T11:00;1.5;0.6;310.0;17.1;0.0;;0.0;0.0;100.0;100.0;45.86;6.16;0.0;2026-09-28T13:15:00+02:00;2026-09-28T13:53:32+02:00;6511a985d526
2026-09-29;plage_de_sevrier;AROMEHD;2026-09-29T12:00;0.8;1.6;284.0;16.9;0.0;;0.0;0.0;100.0;100.0;45.86;6.16;0.0;2026-09-28T13:15:00+02:00;2026-09-28T13:53:32+02:00;6511a985d526
2026-09-29;plage_de_sevrier;AROMEHD;2026-09-29T13:00;0.5;1.9;45.0;17.8;0.0;;0.0;0.0;100.0;100.0;45.86;6.16;0.0;2026-09-28T13:15:00+02:00;2026-09-28T13:53:32+02:00;6511a985d526
2026-09-29;plage_de_sevrier;AROMEHD;2026-09-29T14:00;1.4;1.9;82.0;19.6;0.0;;0.0;0.0;100.0;100.0;45.86;6.16;0.0;2026-09-28T13:15:00+02:00;2026-09-28T13:53:32+02:00;6511a985d526
2026-09-29;plage_de_sevrier;AROMEHD;2026-09-29T15:00;1.1;1.4;121.0;20.4;0.0;;0.0;0.0;100.0;100.0;45.86;6.16;0.0;2026-09-28T13:15:00+02:00;2026-09-28T13:53:32+02:00;6511a985d526
2026-09-29;plage_de_sevrier;AROMEHD;2026-09-29T16:00;1.0;1.4;90.0;20.7;0.0;;0.0;0.0;100.0;100.0;45.86;6.16;0.0;2026-09-28T13:15:00+02:00;2026-09-28T13:53:32+02:00;6511a985d526
2026-09-29;plage_de_sevrier;AROMEHD;2026-09-29T17:00;0.2;1.2;180.0;21.0;0.0;;0.0;0.0;100.0;100.0;45.86;6.16;0.0;2026-09-28T13:15:00+02:00;2026-09-28T13:53:32+02:00;6511a985d526
2026-09-29;plage_de_sevrier;AROMEHD;2026-09-29T18:00;1.0;1.6;202.0;21.1;0.0;;0.0;0.0;100.0;100.0;45.86;6.16;0.0;2026-09-28T13:15:00+02:00;2026-09-28T13:53:32+02:00;6511a985d526
2026-09-29;plage_de_sevrier;AROMEHD;2026-09-29T19:00;0.4;0.2;360.0;20.9;0.0;;0.0;100.0;100.0;100.0;45.86;6.16;0.0;2026-09-28T13:15:00+02:00;2026-09-28T13:53:32+02:00;6511a985d526
2026-09-29;plage_de_sevrier;AROMEHD;2026-09-29T20:00;2.5;2.9;122.0;20.6;0.0;;0.0;100.0;100.0;100.0;45.86;6.16;0.0;2026-09-28T13:15:00+02:00;2026-09-28T13:53:32+02:00;6511a985d526
2026-09-29;plage_de_sevrier;AROMEHD;2026-09-29T21:00;3.4;3.9;149.0;20.4;0.0;;0.0;100.0;100.0;100.0;45.86;6.16;0.0;2026-09-28T13:15:00+02:00;2026-09-28T13:53:32+02:00;6511a985d526
2026-09-29;plage_de_sevrier;AROMEHD;2026-09-29T22:00;2.9;3.9;172.0;20.1;0.0;;0.0;99.0;100.0;100.0;45.86;6.16;0.0;2026-09-28T13:15:00+02:00;2026-09-28T13:53:32+02:00;6511a985d526
2026-09-29;plage_de_sevrier;AROMEHD;2026-09-29T23:00;3.6;5.6;225.0;19.9;0.0;;0.0;23.0;9.0;23.0;45.86;6.16;0.0;2026-09-28T13:15:00+02:00;2026-09-28T13:53:32+02:00;6511a985d526
2026-09-29;plage_de_sevrier;AROMEHD;2026-09-30T00:00;3.8;3.9;135.0;18.9;0.0;;0.0;30.0;47.0;47.0;45.86;6.16;0.0;2026-09-28T13:15:00+02:00;2026-09-28T13:53:32+02:00;6511a985d526
2026-09-29;plage_de_sevrier;ICONCH1;2026-09-29T01:00;1.4;2.3;236.0;20.3;0.0;100.0;0.0;0.0;100.0;100.0;45.86465;6.164917;0.0;2026-09-28T13:15:00+02:00;2026-09-28T13:53:32+02:00;6511a985d526
2026-09-29;plage_de_sevrier;ICONCH1;2026-09-29T02:00;1.5;2.1;310.0;20.5;0.0;100.0;0.0;41.0;100.0;100.0;45.86465;6.164917;0.0;2026-09-28T13:15:00+02:00;2026-09-28T13:53:32+02:00;6511a985d526
2026-09-29;plage_de_sevrier;ICONCH1;2026-09-29T03:00;1.7;2.3;333.0;20.1;0.0;100.0;0.0;68.0;100.0;100.0;45.86465;6.164917;0.0;2026-09-28T13:15:00+02:00;2026-09-28T13:53:32+02:00;6511a985d526
2026-09-29;plage_de_sevrier;ICONCH1;2026-09-29T04:00;1.1;2.9;329.0;20.1;0.0;100.0;0.0;76.0;100.0;100.0;45.86465;6.164917;0.0;2026-09-28T13:15:00+02:00;2026-09-28T13:53:32+02:00;6511a985d526
2026-09-29;plage_de_sevrier;ICONCH1;2026-09-29T05:00;2.7;4.1;352.0;19.1;0.0;100.0;0.0;96.0;100.0;100.0;45.86465;6.164917;0.0;2026-09-28T13:15:00+02:00;2026-09-28T13:53:32+02:00;6511a985d526
2026-09-29;plage_de_sevrier;ICONCH1;2026-09-29T06:00;2.9;4.7;340.0;18.5;0.0;76.0;0.0;75.0;65.0;76.0;45.86465;6.164917;0.0;2026-09-28T13:15:00+02:00;2026-09-28T13:53:32+02:00;6511a985d526
2026-09-29;plage_de_sevrier;ICONCH1;2026-09-29T07:00;3.2;4.7;349.0;18.0;0.0;100.0;0.0;74.0;100.0;100.0;45.86465;6.164917;0.0;2026-09-28T13:15:00+02:00;2026-09-28T13:53:32+02:00;6511a985d526
2026-09-29;plage_de_sevrier;ICONCH1;2026-09-29T08:00;2.5;5.4;360.0;17.6;0.0;98.0;0.0;89.0;94.0;98.0;45.86465;6.164917;0.0;2026-09-28T13:15:00+02:00;2026-09-28T13:53:32+02:00;6511a985d526
2026-09-29;plage_de_sevrier;ICONCH1;2026-09-29T09:00;3.7;4.9;357.0;17.4;0.0;92.0;0.0;61.0;74.0;92.0;45.86465;6.164917;0.0;2026-09-28T13:15:00+02:00;2026-09-28T13:53:32+02:00;6511a985d526
2026-09-29;plage_de_sevrier;ICONCH1;2026-09-29T10:00;2.7;5.1;360.0;17.9;0.0;100.0;0.0;8.0;100.0;100.0;45.86465;6.164917;0.0;2026-09-28T13:15:00+02:00;2026-09-28T13:53:32+02:00;6511a985d526
2026-09-29;plage_de_sevrier;ICONCH1;2026-09-29T11:00;2.7;4.3;356.0;19.3;0.0;100.0;0.0;0.0;100.0;100.0;45.86465;6.164917;0.0;2026-09-28T13:15:00+02:00;2026-09-28T13:53:32+02:00;6511a985d526
2026-09-29;plage_de_sevrier;ICONCH1;2026-09-29T12:00;5.3;6.8;358.0;21.1;0.0;100.0;0.0;6.0;100.0;100.0;45.86465;6.164917;0.0;2026-09-28T13:15:00+02:00;2026-09-28T13:53:32+02:00;6511a985d526
2026-09-29;plage_de_sevrier;ICONCH1;2026-09-29T13:00;8.7;11.1;9.0;22.6;0.0;100.0;0.0;9.0;100.0;100.0;45.86465;6.164917;0.0;2026-09-28T13:15:00+02:00;2026-09-28T13:53:32+02:00;6511a985d526
2026-09-29;plage_de_sevrier;ICONCH1;2026-09-29T14:00;6.2;11.5;356.0;23.7;0.0;100.0;0.0;100.0;100.0;100.0;45.86465;6.164917;0.0;2026-09-28T13:15:00+02:00;2026-09-28T13:53:32+02:00;6511a985d526
2026-09-29;plage_de_sevrier;ICONCH1;2026-09-29T15:00;6.0;8.0;13.0;24.1;0.0;100.0;0.0;62.0;100.0;100.0;45.86465;6.164917;0.0;2026-09-28T13:15:00+02:00;2026-09-28T13:53:32+02:00;6511a985d526
2026-09-29;plage_de_sevrier;ICONCH1;2026-09-29T16:00;3.4;7.8;10.0;24.6;0.0;100.0;0.0;70.0;100.0;100.0;45.86465;6.164917;0.0;2026-09-28T13:15:00+02:00;2026-09-28T13:53:32+02:00;6511a985d526
2026-09-29;plage_de_sevrier;ICONCH1;2026-09-29T17:00;1.2;4.5;351.0;24.9;0.0;100.0;0.0;65.0;100.0;100.0;45.86465;6.164917;0.0;2026-09-28T13:15:00+02:00;2026-09-28T13:53:32+02:00;6511a985d526
2026-09-29;plage_de_sevrier;ICONCH1;2026-09-29T18:00;3.2;4.1;308.0;24.7;0.0;100.0;0.0;100.0;100.0;100.0;45.86465;6.164917;0.0;2026-09-28T13:15:00+02:00;2026-09-28T13:53:32+02:00;6511a985d526
2026-09-29;plage_de_sevrier;ICONCH1;2026-09-29T19:00;2.1;5.8;360.0;24.5;0.0;100.0;0.0;82.0;100.0;100.0;45.86465;6.164917;0.0;2026-09-28T13:15:00+02:00;2026-09-28T13:53:32+02:00;6511a985d526
2026-09-29;plage_de_sevrier;ICONCH1;2026-09-29T20:00;1.9;3.1;217.0;23.3;0.0;100.0;0.0;76.0;100.0;100.0;45.86465;6.164917;0.0;2026-09-28T13:15:00+02:00;2026-09-28T13:53:32+02:00;6511a985d526
2026-09-29;pont_darciat;AROMEHD;2026-09-29T01:00;4.9;6.2;198.0;18.2;0.0;;0.0;90.0;100.0;100.0;46.25;4.8099995;169.0;2026-09-28T13:15:00+02:00;2026-09-28T13:53:32+02:00;6511a985d526
2026-09-29;pont_darciat;AROMEHD;2026-09-29T02:00;4.9;6.4;187.0;17.9;0.0;;0.0;94.0;100.0;100.0;46.25;4.8099995;169.0;2026-09-28T13:15:00+02:00;2026-09-28T13:53:32+02:00;6511a985d526
2026-09-29;pont_darciat;AROMEHD;2026-09-29T03:00;4.7;6.4;189.0;17.1;0.0;;0.0;99.0;100.0;100.0;46.25;4.8099995;169.0;2026-09-28T13:15:00+02:00;2026-09-28T13:53:32+02:00;6511a985d526
2026-09-29;pont_darciat;AROMEHD;2026-09-29T04:00;5.5;7.6;188.0;17.0;0.0;;0.0;72.0;100.0;100.0;46.25;4.8099995;169.0;2026-09-28T13:15:00+02:00;2026-09-28T13:53:32+02:00;6511a985d526
2026-09-29;pont_darciat;AROMEHD;2026-09-29T05:00;5.7;8.6;186.0;16.9;0.0;;0.0;37.0;100.0;100.0;46.25;4.8099995;169.0;2026-09-28T13:15:00+02:00;2026-09-28T13:53:32+02:00;6511a985d526
2026-09-29;pont_darciat;AROMEHD;2026-09-29T06:00;4.9;8.0;189.0;16.6;0.0;;0.0;10.0;100.0;100.0;46.25;4.8099995;169.0;2026-09-28T13:15:00+02:00;2026-09-28T13:53:32+02:00;6511a985d526
2026-09-29;pont_darciat;AROMEHD;2026-09-29T07:00;4.1;7.2;172.0;16.1;0.0;;0.0;100.0;100.0;100.0;46.25;4.8099995;169.0;2026-09-28T13:15:00+02:00;2026-09-28T13:53:32+02:00;6511a985d526
2026-09-29;pont_darciat;AROMEHD;2026-09-29T08:00;3.9;5.8;174.0;16.3;0.0;;0.0;100.0;100.0;100.0;46.25;4.8099995;169.0;2026-09-28T13:15:00+02:00;2026-09-28T13:53:32+02:00;6511a985d526
2026-09-29;pont_darciat;AROMEHD;2026-09-29T09:00;3.9;5.8;180.0;16.4;0.0;;0.0;100.0;100.0;100.0;46.25;4.8099995;169.0;2026-09-28T13:15:00+02:00;2026-09-28T13:53:32+02:00;6511a985d526
2026-09-29;pont_darciat;AROMEHD;2026-09-29T10:00;6.3;9.7;196.0;18.2;0.0;;0.0;100.0;100.0;100.0;46.25;4.8099995;169.0;2026-09-28T13:15:00+02:00;2026-09-28T13:53:32+02:00;6511a985d526
2026-09-29;pont_darciat;AROMEHD;2026-09-29T11:00;6.4;10.5;194.0;19.6;0.0;;0.0;100.0;100.0;100.0;46.25;4.8099995;169.0;2026-09-28T13:15:00+02:00;2026-09-28T13:53:32+02:00;6511a985d526
2026-09-29;pont_darciat;AROMEHD;2026-09-29T12:00;8.3;13.2;207.0;21.8;0.0;;0.0;100.0;100.0;100.0;46.25;4.8099995;169.0;2026-09-28T13:15:00+02:00;2026-09-28T13:53:32+02:00;6511a985d526
2026-09-29;pont_darciat;AROMEHD;2026-09-29T13:00;9.2;14.4;202.0;23.7;0.0;;0.0;100.0;100.0;100.0;46.25;4.8099995;169.0;2026-09-28T13:15:00+02:00;2026-09-28T13:53:32+02:00;6511a985d526
2026-09-29;pont_darciat;AROMEHD;2026-09-29T14:00;14.3;21.8;174.0;25.6;0.0;;0.0;100.0;100.0;100.0;46.25;4.8099995;169.0;2026-09-28T13:15:00+02:00;2026-09-28T13:53:32+02:00;6511a985d526
2026-09-29;pont_darciat;AROMEHD;2026-09-29T15:00;16.8;25.7;175.0;26.5;0.0;;0.0;99.0;100.0;100.0;46.25;4.8099995;169.0;2026-09-28T13:15:00+02:00;2026-09-28T13:53:32+02:00;6511a985d526
2026-09-29;pont_darciat;AROMEHD;2026-09-29T16:00;18.5;28.0;176.0;26.9;0.0;;0.0;0.0;100.0;100.0;46.25;4.8099995;169.0;2026-09-28T13:15:00+02:00;2026-09-28T13:53:32+02:00;6511a985d526
2026-09-29;pont_darciat;AROMEHD;2026-09-29T17:00;16.6;28.4;177.0;26.5;0.0;;0.0;100.0;100.0;100.0;46.25;4.8099995;169.0;2026-09-28T13:15:00+02:00;2026-09-28T13:53:32+02:00;6511a985d526
2026-09-29;pont_darciat;AROMEHD;2026-09-29T18:00;13.3;25.1;174.0;26.2;0.0;;0.0;100.0;52.0;100.0;46.25;4.8099995;169.0;2026-09-28T13:15:00+02:00;2026-09-28T13:53:32+02:00;6511a985d526
2026-09-29;pont_darciat;AROMEHD;2026-09-29T19:00;14.0;21.2;170.0;25.7;0.0;;0.0;100.0;61.0;100.0;46.25;4.8099995;169.0;2026-09-28T13:15:00+02:00;2026-09-28T13:53:32+02:00;6511a985d526
2026-09-29;pont_darciat;AROMEHD;2026-09-29T20:00;10.7;21.2;176.0;24.7;0.0;;0.0;29.0;13.0;29.0;46.25;4.8099995;169.0;2026-09-28T13:15:00+02:00;2026-09-28T13:53:32+02:00;6511a985d526
2026-09-29;pont_darciat;AROMEHD;2026-09-29T21:00;9.6;16.1;174.0;23.7;0.0;;0.0;59.0;1.0;59.0;46.25;4.8099995;169.0;2026-09-28T13:15:00+02:00;2026-09-28T13:53:32+02:00;6511a985d526
2026-09-29;pont_darciat;AROMEHD;2026-09-29T22:00;6.8;14.0;175.0;22.4;0.0;;0.0;79.0;0.0;79.0;46.25;4.8099995;169.0;2026-09-28T13:15:00+02:00;2026-09-28T13:53:32+02:00;6511a985d526
2026-09-29;pont_darciat;AROMEHD;2026-09-29T23:00;4.9;9.3;178.0;20.7;0.0;;0.0;6.0;0.0;6.0;46.25;4.8099995;169.0;2026-09-28T13:15:00+02:00;2026-09-28T13:53:32+02:00;6511a985d526
2026-09-29;pont_darciat;AROMEHD;2026-09-30T00:00;7.6;10.9;184.0;20.8;0.0;;0.0;9.0;0.0;9.0;46.25;4.8099995;169.0;2026-09-28T13:15:00+02:00;2026-09-28T13:53:32+02:00;6511a985d526
2026-09-29;pont_darciat;ICONCH1;2026-09-29T01:00;4.3;7.6;198.0;17.7;0.0;100.0;0.0;68.0;100.0;100.0;46.25097;4.8050537;172.0;2026-09-28T13:15:00+02:00;2026-09-28T13:53:32+02:00;6511a985d526
2026-09-29;pont_darciat;ICONCH1;2026-09-29T02:00;4.8;7.4;192.0;17.3;0.0;100.0;0.0;80.0;100.0;100.0;46.25097;4.8050537;172.0;2026-09-28T13:15:00+02:00;2026-09-28T13:53:32+02:00;6511a985d526
2026-09-29;pont_darciat;ICONCH1;2026-09-29T03:00;5.0;8.4;193.0;16.9;0.0;100.0;0.0;100.0;100.0;100.0;46.25097;4.8050537;172.0;2026-09-28T13:15:00+02:00;2026-09-28T13:53:32+02:00;6511a985d526
2026-09-29;pont_darciat;ICONCH1;2026-09-29T04:00;4.8;7.6;192.0;16.2;0.0;100.0;0.0;100.0;100.0;100.0;46.25097;4.8050537;172.0;2026-09-28T13:15:00+02:00;2026-09-28T13:53:32+02:00;6511a985d526
2026-09-29;pont_darciat;ICONCH1;2026-09-29T05:00;3.8;7.2;192.0;15.7;0.0;100.0;0.0;79.0;100.0;100.0;46.25097;4.8050537;172.0;2026-09-28T13:15:00+02:00;2026-09-28T13:53:32+02:00;6511a985d526
2026-09-29;pont_darciat;ICONCH1;2026-09-29T06:00;3.2;5.8;169.0;15.2;0.0;100.0;0.0;64.0;99.0;100.0;46.25097;4.8050537;172.0;2026-09-28T13:15:00+02:00;2026-09-28T13:53:32+02:00;6511a985d526
2026-09-29;pont_darciat;ICONCH1;2026-09-29T07:00;3.5;5.2;180.0;14.9;0.0;100.0;24.0;30.0;100.0;100.0;46.25097;4.8050537;172.0;2026-09-28T13:15:00+02:00;2026-09-28T13:53:32+02:00;6511a985d526
2026-09-29;pont_darciat;ICONCH1;2026-09-29T08:00;2.9;5.2;184.0;15.1;0.0;100.0;46.0;78.0;100.0;100.0;46.25097;4.8050537;172.0;2026-09-28T13:15:00+02:00;2026-09-28T13:53:32+02:00;6511a985d526
2026-09-29;pont_darciat;ICONCH1;2026-09-29T09:00;3.9;6.2;200.0;16.2;0.0;100.0;40.0;80.0;100.0;100.0;46.25097;4.8050537;172.0;2026-09-28T13:15:00+02:00;2026-09-28T13:53:32+02:00;6511a985d526
2026-09-29;pont_darciat;ICONCH1;2026-09-29T10:00;4.7;7.6;197.0;18.0;0.0;100.0;18.0;90.0;100.0;100.0;46.25097;4.8050537;172.0;2026-09-28T13:15:00+02:00;2026-09-28T13:53:32+02:00;6511a985d526
2026-09-29;pont_darciat;ICONCH1;2026-09-29T11:00;4.1;8.0;211.0;19.7;0.0;100.0;19.0;94.0;100.0;100.0;46.25097;4.8050537;172.0;2026-09-28T13:15:00+02:00;2026-09-28T13:53:32+02:00;6511a985d526
2026-09-29;pont_darciat;ICONCH1;2026-09-29T12:00;9.3;15.0;178.0;23.4;0.0;86.0;2.0;71.0;51.0;86.0;46.25097;4.8050537;172.0;2026-09-28T13:15:00+02:00;2026-09-28T13:53:32+02:00;6511a985d526
2026-09-29;pont_darciat;ICONCH1;2026-09-29T13:00;13.8;21.8;178.0;26.2;0.0;100.0;0.0;66.0;100.0;100.0;46.25097;4.8050537;172.0;2026-09-28T13:15:00+02:00;2026-09-28T13:53:32+02:00;6511a985d526
2026-09-29;pont_darciat;ICONCH1;2026-09-29T14:00;14.4;26.2;175.0;27.6;0.0;100.0;0.0;100.0;100.0;100.0;46.25097;4.8050537;172.0;2026-09-28T13:15:00+02:00;2026-09-28T13:53:32+02:00;6511a985d526
2026-09-29;pont_darciat;ICONCH1;2026-09-29T15:00;16.8;26.6;176.0;28.0;0.0;100.0;0.0;100.0;47.0;100.0;46.25097;4.8050537;172.0;2026-09-28T13:15:00+02:00;2026-09-28T13:53:32+02:00;6511a985d526
2026-09-29;pont_darciat;ICONCH1;2026-09-29T16:00;19.4;31.7;182.0;28.9;0.0;94.0;0.0;68.0;74.0;94.0;46.25097;4.8050537;172.0;2026-09-28T13:15:00+02:00;2026-09-28T13:53:32+02:00;6511a985d526
2026-09-29;pont_darciat;ICONCH1;2026-09-29T17:00;16.3;30.3;178.0;28.8;0.0;75.0;0.0;75.0;0.0;75.0;46.25097;4.8050537;172.0;2026-09-28T13:15:00+02:00;2026-09-28T13:53:32+02:00;6511a985d526
2026-09-29;pont_darciat;ICONCH1;2026-09-29T18:00;16.3;28.6;180.0;28.1;0.0;72.0;0.0;72.0;0.0;72.0;46.25097;4.8050537;172.0;2026-09-28T13:15:00+02:00;2026-09-28T13:53:32+02:00;6511a985d526
2026-09-29;pont_darciat;ICONCH1;2026-09-29T19:00;13.4;25.3;179.0;26.6;0.0;81.0;0.0;77.0;33.0;81.0;46.25097;4.8050537;172.0;2026-09-28T13:15:00+02:00;2026-09-28T13:53:32+02:00;6511a985d526
2026-09-29;pont_darciat;ICONCH1;2026-09-29T20:00;8.8;21.2;186.0;25.0;0.0;100.0;0.0;87.0;98.0;100.0;46.25097;4.8050537;172.0;2026-09-28T13:15:00+02:00;2026-09-28T13:53:32+02:00;6511a985d526
2026-09-29;pont_de_chavanay;AROMEHD;2026-09-29T01:00;7.7;13.2;168.0;19.8;0.0;;0.0;2.0;100.0;100.0;45.42;4.75;141.0;2026-09-28T13:15:00+02:00;2026-09-28T13:53:32+02:00;6511a985d526
2026-09-29;pont_de_chavanay;AROMEHD;2026-09-29T02:00;7.9;13.8;164.0;19.4;0.0;;0.0;3.0;100.0;100.0;45.42;4.75;141.0;2026-09-28T13:15:00+02:00;2026-09-28T13:53:32+02:00;6511a985d526
2026-09-29;pont_de_chavanay;AROMEHD;2026-09-29T03:00;8.3;14.6;164.0;19.0;0.0;;0.0;0.0;100.0;100.0;45.42;4.75;141.0;2026-09-28T13:15:00+02:00;2026-09-28T13:53:32+02:00;6511a985d526
2026-09-29;pont_de_chavanay;AROMEHD;2026-09-29T04:00;7.5;14.6;163.0;18.5;0.0;;0.0;0.0;100.0;100.0;45.42;4.75;141.0;2026-09-28T13:15:00+02:00;2026-09-28T13:53:32+02:00;6511a985d526
2026-09-29;pont_de_chavanay;AROMEHD;2026-09-29T05:00;7.4;13.2;168.0;18.2;0.0;;0.0;95.0;100.0;100.0;45.42;4.75;141.0;2026-09-28T13:15:00+02:00;2026-09-28T13:53:32+02:00;6511a985d526
2026-09-29;pont_de_chavanay;AROMEHD;2026-09-29T06:00;6.9;13.2;164.0;17.8;0.0;;1.0;17.0;100.0;100.0;45.42;4.75;141.0;2026-09-28T13:15:00+02:00;2026-09-28T13:53:32+02:00;6511a985d526
2026-09-29;pont_de_chavanay;AROMEHD;2026-09-29T07:00;5.9;12.4;169.0;17.4;0.0;;5.0;27.0;100.0;100.0;45.42;4.75;141.0;2026-09-28T13:15:00+02:00;2026-09-28T13:53:32+02:00;6511a985d526
2026-09-29;pont_de_chavanay;AROMEHD;2026-09-29T08:00;5.4;11.1;178.0;17.0;0.0;;6.0;13.0;100.0;100.0;45.42;4.75;141.0;2026-09-28T13:15:00+02:00;2026-09-28T13:53:32+02:00;6511a985d526
2026-09-29;pont_de_chavanay;AROMEHD;2026-09-29T09:00;6.5;12.1;171.0;17.6;0.0;;0.0;5.0;100.0;100.0;45.42;4.75;141.0;2026-09-28T13:15:00+02:00;2026-09-28T13:53:32+02:00;6511a985d526
2026-09-29;pont_de_chavanay;AROMEHD;2026-09-29T10:00;8.5;15.0;160.0;19.7;0.0;;0.0;6.0;100.0;100.0;45.42;4.75;141.0;2026-09-28T13:15:00+02:00;2026-09-28T13:53:32+02:00;6511a985d526
2026-09-29;pont_de_chavanay;AROMEHD;2026-09-29T11:00;14.2;25.3;179.0;24.5;0.0;;0.0;0.0;100.0;100.0;45.42;4.75;141.0;2026-09-28T13:15:00+02:00;2026-09-28T13:53:32+02:00;6511a985d526
2026-09-29;pont_de_chavanay;AROMEHD;2026-09-29T12:00;15.0;26.6;181.0;25.2;0.0;;0.0;0.0;100.0;100.0;45.42;4.75;141.0;2026-09-28T13:15:00+02:00;2026-09-28T13:53:32+02:00;6511a985d526
2026-09-29;pont_de_chavanay;AROMEHD;2026-09-29T13:00;14.5;26.0;188.0;25.3;0.0;;0.0;37.0;100.0;100.0;45.42;4.75;141.0;2026-09-28T13:15:00+02:00;2026-09-28T13:53:32+02:00;6511a985d526
2026-09-29;pont_de_chavanay;AROMEHD;2026-09-29T14:00;15.6;27.2;186.0;25.7;0.0;;0.0;95.0;100.0;100.0;45.42;4.75;141.0;2026-09-28T13:15:00+02:00;2026-09-28T13:53:32+02:00;6511a985d526
2026-09-29;pont_de_chavanay;AROMEHD;2026-09-29T15:00;13.5;27.2;185.0;26.3;0.0;;0.0;0.0;100.0;100.0;45.42;4.75;141.0;2026-09-28T13:15:00+02:00;2026-09-28T13:53:32+02:00;6511a985d526
2026-09-29;pont_de_chavanay;AROMEHD;2026-09-29T16:00;13.2;24.3;183.0;26.5;0.0;;0.0;100.0;100.0;100.0;45.42;4.75;141.0;2026-09-28T13:15:00+02:00;2026-09-28T13:53:32+02:00;6511a985d526
2026-09-29;pont_de_chavanay;AROMEHD;2026-09-29T17:00;10.8;23.3;187.0;26.3;0.0;;0.0;100.0;100.0;100.0;45.42;4.75;141.0;2026-09-28T13:15:00+02:00;2026-09-28T13:53:32+02:00;6511a985d526
2026-09-29;pont_de_chavanay;AROMEHD;2026-09-29T18:00;11.0;21.0;193.0;26.5;0.0;;0.0;100.0;100.0;100.0;45.42;4.75;141.0;2026-09-28T13:15:00+02:00;2026-09-28T13:53:32+02:00;6511a985d526
2026-09-29;pont_de_chavanay;AROMEHD;2026-09-29T19:00;10.0;20.0;195.0;25.9;0.0;;0.0;95.0;97.0;97.0;45.42;4.75;141.0;2026-09-28T13:15:00+02:00;2026-09-28T13:53:32+02:00;6511a985d526
2026-09-29;pont_de_chavanay;AROMEHD;2026-09-29T20:00;9.0;17.9;187.0;25.4;0.0;;0.0;100.0;97.0;100.0;45.42;4.75;141.0;2026-09-28T13:15:00+02:00;2026-09-28T13:53:32+02:00;6511a985d526
2026-09-29;pont_de_chavanay;AROMEHD;2026-09-29T21:00;9.5;16.7;184.0;25.0;0.0;;0.0;100.0;99.0;100.0;45.42;4.75;141.0;2026-09-28T13:15:00+02:00;2026-09-28T13:53:32+02:00;6511a985d526
2026-09-29;pont_de_chavanay;AROMEHD;2026-09-29T22:00;10.3;17.7;179.0;24.5;0.0;;0.0;100.0;100.0;100.0;45.42;4.75;141.0;2026-09-28T13:15:00+02:00;2026-09-28T13:53:32+02:00;6511a985d526
2026-09-29;pont_de_chavanay;AROMEHD;2026-09-29T23:00;9.9;17.9;181.0;23.6;0.0;;0.0;63.0;0.0;63.0;45.42;4.75;141.0;2026-09-28T13:15:00+02:00;2026-09-28T13:53:32+02:00;6511a985d526
2026-09-29;pont_de_chavanay;AROMEHD;2026-09-30T00:00;9.9;17.5;179.0;22.9;0.0;;0.0;66.0;0.0;66.0;45.42;4.75;141.0;2026-09-28T13:15:00+02:00;2026-09-28T13:53:32+02:00;6511a985d526
2026-09-29;pont_de_chavanay;ICONCH1;2026-09-29T01:00;4.4;6.6;139.0;18.4;0.0;100.0;0.0;89.0;100.0;100.0;45.416153;4.741211;147.0;2026-09-28T13:15:00+02:00;2026-09-28T13:53:32+02:00;6511a985d526
2026-09-29;pont_de_chavanay;ICONCH1;2026-09-29T02:00;5.0;7.6;144.0;18.2;0.0;100.0;0.0;84.0;100.0;100.0;45.416153;4.741211;147.0;2026-09-28T13:15:00+02:00;2026-09-28T13:53:32+02:00;6511a985d526
2026-09-29;pont_de_chavanay;ICONCH1;2026-09-29T03:00;8.5;12.6;153.0;17.9;0.0;100.0;0.0;79.0;100.0;100.0;45.416153;4.741211;147.0;2026-09-28T13:15:00+02:00;2026-09-28T13:53:32+02:00;6511a985d526
2026-09-29;pont_de_chavanay;ICONCH1;2026-09-29T04:00;8.8;13.2;155.0;17.7;0.0;100.0;0.0;85.0;100.0;100.0;45.416153;4.741211;147.0;2026-09-28T13:15:00+02:00;2026-09-28T13:53:32+02:00;6511a985d526
2026-09-29;pont_de_chavanay;ICONCH1;2026-09-29T05:00;7.3;13.0;148.0;17.5;0.0;86.0;0.0;68.0;58.0;86.0;45.416153;4.741211;147.0;2026-09-28T13:15:00+02:00;2026-09-28T13:53:32+02:00;6511a985d526
2026-09-29;pont_de_chavanay;ICONCH1;2026-09-29T06:00;5.6;10.9;146.0;17.0;0.0;100.0;0.0;63.0;100.0;100.0;45.416153;4.741211;147.0;2026-09-28T13:15:00+02:00;2026-09-28T13:53:32+02:00;6511a985d526
2026-09-29;pont_de_chavanay;ICONCH1;2026-09-29T07:00;4.6;8.4;144.0;16.8;0.0;100.0;0.0;70.0;100.0;100.0;45.416153;4.741211;147.0;2026-09-28T13:15:00+02:00;2026-09-28T13:53:32+02:00;6511a985d526
2026-09-29;pont_de_chavanay;ICONCH1;2026-09-29T08:00;4.8;7.2;148.0;16.6;0.0;100.0;0.0;61.0;100.0;100.0;45.416153;4.741211;147.0;2026-09-28T13:15:00+02:00;2026-09-28T13:53:32+02:00;6511a985d526
2026-09-29;pont_de_chavanay;ICONCH1;2026-09-29T09:00;5.4;8.6;145.0;17.6;0.0;100.0;25.0;80.0;100.0;100.0;45.416153;4.741211;147.0;2026-09-28T13:15:00+02:00;2026-09-28T13:53:32+02:00;6511a985d526
2026-09-29;pont_de_chavanay;ICONCH1;2026-09-29T10:00;8.5;12.8;145.0;19.5;0.0;100.0;0.0;93.0;100.0;100.0;45.416153;4.741211;147.0;2026-09-28T13:15:00+02:00;2026-09-28T13:53:32+02:00;6511a985d526
2026-09-29;pont_de_chavanay;ICONCH1;2026-09-29T11:00;12.3;18.9;153.0;21.6;0.0;100.0;0.0;77.0;100.0;100.0;45.416153;4.741211;147.0;2026-09-28T13:15:00+02:00;2026-09-28T13:53:32+02:00;6511a985d526
2026-09-29;pont_de_chavanay;ICONCH1;2026-09-29T12:00;17.3;26.6;183.0;26.1;0.0;100.0;0.0;80.0;100.0;100.0;45.416153;4.741211;147.0;2026-09-28T13:15:00+02:00;2026-09-28T13:53:32+02:00;6511a985d526
2026-09-29;pont_de_chavanay;ICONCH1;2026-09-29T13:00;16.8;27.2;185.0;27.1;0.0;100.0;0.0;85.0;100.0;100.0;45.416153;4.741211;147.0;2026-09-28T13:15:00+02:00;2026-09-28T13:53:32+02:00;6511a985d526
2026-09-29;pont_de_chavanay;ICONCH1;2026-09-29T14:00;16.9;25.9;181.0;27.3;0.0;100.0;0.0;100.0;100.0;100.0;45.416153;4.741211;147.0;2026-09-28T13:15:00+02:00;2026-09-28T13:53:32+02:00;6511a985d526
2026-09-29;pont_de_chavanay;ICONCH1;2026-09-29T15:00;14.9;26.8;188.0;28.2;0.0;100.0;0.0;88.0;100.0;100.0;45.416153;4.741211;147.0;2026-09-28T13:15:00+02:00;2026-09-28T13:53:32+02:00;6511a985d526
2026-09-29;pont_de_chavanay;ICONCH1;2026-09-29T16:00;14.7;27.6;186.0;28.3;0.0;100.0;0.0;55.0;100.0;100.0;45.416153;4.741211;147.0;2026-09-28T13:15:00+02:00;2026-09-28T13:53:32+02:00;6511a985d526
2026-09-29;pont_de_chavanay;ICONCH1;2026-09-29T17:00;15.7;24.7;191.0;27.8;0.0;97.0;0.0;9.0;93.0;97.0;45.416153;4.741211;147.0;2026-09-28T13:15:00+02:00;2026-09-28T13:53:32+02:00;6511a985d526
2026-09-29;pont_de_chavanay;ICONCH1;2026-09-29T18:00;13.1;24.1;188.0;27.1;0.0;79.0;0.0;79.0;0.0;79.0;45.416153;4.741211;147.0;2026-09-28T13:15:00+02:00;2026-09-28T13:53:32+02:00;6511a985d526
2026-09-29;pont_de_chavanay;ICONCH1;2026-09-29T19:00;9.6;19.8;212.0;26.2;0.0;100.0;0.0;100.0;1.0;100.0;45.416153;4.741211;147.0;2026-09-28T13:15:00+02:00;2026-09-28T13:53:32+02:00;6511a985d526
2026-09-29;pont_de_chavanay;ICONCH1;2026-09-29T20:00;10.0;15.0;219.0;24.7;0.0;87.0;0.0;84.0;19.0;87.0;45.416153;4.741211;147.0;2026-09-28T13:15:00+02:00;2026-09-28T13:53:32+02:00;6511a985d526
2026-09-29;portes_les_valence;AROMEHD;2026-09-29T01:00;9.0;14.4;194.0;20.4;0.0;;0.0;0.0;100.0;100.0;44.87;4.8599987;101.0;2026-09-28T13:15:00+02:00;2026-09-28T13:53:32+02:00;6511a985d526
2026-09-29;portes_les_valence;AROMEHD;2026-09-29T02:00;8.6;14.8;193.0;19.9;0.0;;16.0;0.0;100.0;100.0;44.87;4.8599987;101.0;2026-09-28T13:15:00+02:00;2026-09-28T13:53:32+02:00;6511a985d526
2026-09-29;portes_les_valence;AROMEHD;2026-09-29T03:00;7.4;13.6;198.0;19.3;0.0;;12.0;0.0;100.0;100.0;44.87;4.8599987;101.0;2026-09-28T13:15:00+02:00;2026-09-28T13:53:32+02:00;6511a985d526
2026-09-29;portes_les_valence;AROMEHD;2026-09-29T04:00;6.5;11.7;207.0;18.5;0.0;;1.0;0.0;99.0;99.0;44.87;4.8599987;101.0;2026-09-28T13:15:00+02:00;2026-09-28T13:53:32+02:00;6511a985d526
2026-09-29;portes_les_valence;AROMEHD;2026-09-29T05:00;7.0;11.1;199.0;17.9;0.0;;0.0;0.0;92.0;92.0;44.87;4.8599987;101.0;2026-09-28T13:15:00+02:00;2026-09-28T13:53:32+02:00;6511a985d526
2026-09-29;portes_les_valence;AROMEHD;2026-09-29T06:00;6.4;10.9;200.0;17.3;0.0;;7.0;0.0;98.0;98.0;44.87;4.8599987;101.0;2026-09-28T13:15:00+02:00;2026-09-28T13:53:32+02:00;6511a985d526
2026-09-29;portes_les_valence;AROMEHD;2026-09-29T07:00;5.9;9.9;197.0;16.7;0.0;;0.0;0.0;100.0;100.0;44.87;4.8599987;101.0;2026-09-28T13:15:00+02:00;2026-09-28T13:53:32+02:00;6511a985d526
2026-09-29;portes_les_valence;AROMEHD;2026-09-29T08:00;5.9;9.1;188.0;16.3;0.0;;0.0;0.0;100.0;100.0;44.87;4.8599987;101.0;2026-09-28T13:15:00+02:00;2026-09-28T13:53:32+02:00;6511a985d526
2026-09-29;portes_les_valence;AROMEHD;2026-09-29T09:00;5.6;9.1;194.0;17.5;0.0;;1.0;98.0;100.0;100.0;44.87;4.8599987;101.0;2026-09-28T13:15:00+02:00;2026-09-28T13:53:32+02:00;6511a985d526
2026-09-29;portes_les_valence;AROMEHD;2026-09-29T10:00;9.1;15.2;196.0;20.7;0.0;;0.0;0.0;100.0;100.0;44.87;4.8599987;101.0;2026-09-28T13:15:00+02:00;2026-09-28T13:53:32+02:00;6511a985d526
2026-09-29;portes_les_valence;AROMEHD;2026-09-29T11:00;13.0;22.0;197.0;23.3;0.0;;0.0;0.0;100.0;100.0;44.87;4.8599987;101.0;2026-09-28T13:15:00+02:00;2026-09-28T13:53:32+02:00;6511a985d526
2026-09-29;portes_les_valence;AROMEHD;2026-09-29T12:00;15.8;26.6;199.0;24.7;0.0;;0.0;2.0;100.0;100.0;44.87;4.8599987;101.0;2026-09-28T13:15:00+02:00;2026-09-28T13:53:32+02:00;6511a985d526
2026-09-29;portes_les_valence;AROMEHD;2026-09-29T13:00;16.0;27.6;203.0;24.9;0.0;;0.0;0.0;100.0;100.0;44.87;4.8599987;101.0;2026-09-28T13:15:00+02:00;2026-09-28T13:53:32+02:00;6511a985d526
2026-09-29;portes_les_valence;AROMEHD;2026-09-29T14:00;15.0;26.8;205.0;25.7;0.0;;0.0;0.0;100.0;100.0;44.87;4.8599987;101.0;2026-09-28T13:15:00+02:00;2026-09-28T13:53:32+02:00;6511a985d526
2026-09-29;portes_les_valence;AROMEHD;2026-09-29T15:00;13.9;25.3;208.0;26.3;0.0;;0.0;100.0;100.0;100.0;44.87;4.8599987;101.0;2026-09-28T13:15:00+02:00;2026-09-28T13:53:32+02:00;6511a985d526
2026-09-29;portes_les_valence;AROMEHD;2026-09-29T16:00;15.2;25.7;207.0;27.2;0.0;;0.0;100.0;100.0;100.0;44.87;4.8599987;101.0;2026-09-28T13:15:00+02:00;2026-09-28T13:53:32+02:00;6511a985d526
2026-09-29;portes_les_valence;AROMEHD;2026-09-29T17:00;14.0;25.7;205.0;27.7;0.0;;0.0;100.0;100.0;100.0;44.87;4.8599987;101.0;2026-09-28T13:15:00+02:00;2026-09-28T13:53:32+02:00;6511a985d526
2026-09-29;portes_les_valence;AROMEHD;2026-09-29T18:00;12.8;23.3;208.0;27.4;0.0;;0.0;81.0;100.0;100.0;44.87;4.8599987;101.0;2026-09-28T13:15:00+02:00;2026-09-28T13:53:32+02:00;6511a985d526
2026-09-29;portes_les_valence;AROMEHD;2026-09-29T19:00;12.0;21.8;203.0;26.9;0.0;;0.0;99.0;100.0;100.0;44.87;4.8599987;101.0;2026-09-28T13:15:00+02:00;2026-09-28T13:53:32+02:00;6511a985d526
2026-09-29;portes_les_valence;AROMEHD;2026-09-29T20:00;11.2;21.8;200.0;26.0;0.0;;0.0;100.0;100.0;100.0;44.87;4.8599987;101.0;2026-09-28T13:15:00+02:00;2026-09-28T13:53:32+02:00;6511a985d526
2026-09-29;portes_les_valence;AROMEHD;2026-09-29T21:00;11.7;19.8;192.0;24.7;0.0;;0.0;16.0;62.0;62.0;44.87;4.8599987;101.0;2026-09-28T13:15:00+02:00;2026-09-28T13:53:32+02:00;6511a985d526
2026-09-29;portes_les_valence;AROMEHD;2026-09-29T22:00;9.2;19.8;197.0;23.5;0.0;;0.0;0.0;98.0;98.0;44.87;4.8599987;101.0;2026-09-28T13:15:00+02:00;2026-09-28T13:53:32+02:00;6511a985d526
2026-09-29;portes_les_valence;AROMEHD;2026-09-29T23:00;8.2;14.8;192.0;22.4;0.0;;0.0;0.0;31.0;31.0;44.87;4.8599987;101.0;2026-09-28T13:15:00+02:00;2026-09-28T13:53:32+02:00;6511a985d526
2026-09-29;portes_les_valence;AROMEHD;2026-09-30T00:00;7.6;13.0;184.0;21.7;0.0;;0.0;0.0;0.0;0.0;44.87;4.8599987;101.0;2026-09-28T13:15:00+02:00;2026-09-28T13:53:32+02:00;6511a985d526
2026-09-29;portes_les_valence;ICONCH1;2026-09-29T01:00;11.4;17.7;207.0;18.7;0.0;100.0;0.0;54.0;100.0;100.0;44.870667;4.8635864;103.0;2026-09-28T13:15:00+02:00;2026-09-28T13:53:32+02:00;6511a985d526
2026-09-29;portes_les_valence;ICONCH1;2026-09-29T02:00;11.2;18.5;208.0;18.3;0.0;99.0;38.0;91.0;70.0;99.0;44.870667;4.8635864;103.0;2026-09-28T13:15:00+02:00;2026-09-28T13:53:32+02:00;6511a985d526
2026-09-29;portes_les_valence;ICONCH1;2026-09-29T03:00;10.8;17.7;203.0;18.2;0.0;100.0;13.0;68.0;99.0;100.0;44.870667;4.8635864;103.0;2026-09-28T13:15:00+02:00;2026-09-28T13:53:32+02:00;6511a985d526
2026-09-29;portes_les_valence;ICONCH1;2026-09-29T04:00;10.6;17.1;201.0;17.9;0.0;100.0;0.0;89.0;100.0;100.0;44.870667;4.8635864;103.0;2026-09-28T13:15:00+02:00;2026-09-28T13:53:32+02:00;6511a985d526
2026-09-29;portes_les_valence;ICONCH1;2026-09-29T05:00;10.2;16.7;198.0;17.7;0.0;100.0;29.0;86.0;100.0;100.0;44.870667;4.8635864;103.0;2026-09-28T13:15:00+02:00;2026-09-28T13:53:32+02:00;6511a985d526
2026-09-29;portes_les_valence;ICONCH1;2026-09-29T06:00;9.2;15.7;193.0;17.6;0.0;91.0;28.0;82.0;24.0;91.0;44.870667;4.8635864;103.0;2026-09-28T13:15:00+02:00;2026-09-28T13:53:32+02:00;6511a985d526
2026-09-29;portes_les_valence;ICONCH1;2026-09-29T07:00;8.0;14.2;186.0;17.3;0.0;100.0;42.0;74.0;100.0;100.0;44.870667;4.8635864;103.0;2026-09-28T13:15:00+02:00;2026-09-28T13:53:32+02:00;6511a985d526
2026-09-29;portes_les_valence;ICONCH1;2026-09-29T08:00;6.8;12.2;175.0;16.9;0.0;100.0;8.0;72.0;100.0;100.0;44.870667;4.8635864;103.0;2026-09-28T13:15:00+02:00;2026-09-28T13:53:32+02:00;6511a985d526
2026-09-29;portes_les_valence;ICONCH1;2026-09-29T09:00;8.6;13.4;185.0;18.2;0.0;100.0;0.0;69.0;100.0;100.0;44.870667;4.8635864;103.0;2026-09-28T13:15:00+02:00;2026-09-28T13:53:32+02:00;6511a985d526
2026-09-29;portes_les_valence;ICONCH1;2026-09-29T10:00;10.9;17.5;191.0;20.7;0.0;100.0;0.0;0.0;100.0;100.0;44.870667;4.8635864;103.0;2026-09-28T13:15:00+02:00;2026-09-28T13:53:32+02:00;6511a985d526
2026-09-29;portes_les_valence;ICONCH1;2026-09-29T11:00;13.5;21.6;195.0;22.9;0.0;100.0;0.0;28.0;99.0;100.0;44.870667;4.8635864;103.0;2026-09-28T13:15:00+02:00;2026-09-28T13:53:32+02:00;6511a985d526
2026-09-29;portes_les_valence;ICONCH1;2026-09-29T12:00;16.3;26.0;202.0;24.5;0.0;100.0;0.0;63.0;100.0;100.0;44.870667;4.8635864;103.0;2026-09-28T13:15:00+02:00;2026-09-28T13:53:32+02:00;6511a985d526
2026-09-29;portes_les_valence;ICONCH1;2026-09-29T13:00;18.8;29.9;207.0;26.1;0.0;100.0;0.0;26.0;100.0;100.0;44.870667;4.8635864;103.0;2026-09-28T13:15:00+02:00;2026-09-28T13:53:32+02:00;6511a985d526
2026-09-29;portes_les_valence;ICONCH1;2026-09-29T14:00;18.4;30.3;206.0;26.4;0.0;100.0;0.0;64.0;100.0;100.0;44.870667;4.8635864;103.0;2026-09-28T13:15:00+02:00;2026-09-28T13:53:32+02:00;6511a985d526
2026-09-29;portes_les_valence;ICONCH1;2026-09-29T15:00;19.6;32.5;207.0;27.6;0.0;100.0;0.0;32.0;100.0;100.0;44.870667;4.8635864;103.0;2026-09-28T13:15:00+02:00;2026-09-28T13:53:32+02:00;6511a985d526
2026-09-29;portes_les_valence;ICONCH1;2026-09-29T16:00;17.0;31.1;204.0;27.9;0.0;100.0;0.0;36.0;100.0;100.0;44.870667;4.8635864;103.0;2026-09-28T13:15:00+02:00;2026-09-28T13:53:32+02:00;6511a985d526
2026-09-29;portes_les_valence;ICONCH1;2026-09-29T17:00;16.0;29.7;203.0;28.3;0.0;100.0;0.0;71.0;100.0;100.0;44.870667;4.8635864;103.0;2026-09-28T13:15:00+02:00;2026-09-28T13:53:32+02:00;6511a985d526
2026-09-29;portes_les_valence;ICONCH1;2026-09-29T18:00;16.1;28.2;207.0;27.2;0.0;82.0;0.0;79.0;35.0;82.0;44.870667;4.8635864;103.0;2026-09-28T13:15:00+02:00;2026-09-28T13:53:32+02:00;6511a985d526
2026-09-29;portes_les_valence;ICONCH1;2026-09-29T19:00;14.2;26.2;201.0;25.8;0.0;85.0;0.0;84.0;6.0;85.0;44.870667;4.8635864;103.0;2026-09-28T13:15:00+02:00;2026-09-28T13:53:32+02:00;6511a985d526
2026-09-29;portes_les_valence;ICONCH1;2026-09-29T20:00;9.3;22.5;211.0;23.6;0.0;88.0;0.0;82.0;33.0;88.0;44.870667;4.8635864;103.0;2026-09-28T13:15:00+02:00;2026-09-28T13:53:32+02:00;6511a985d526
2026-09-29;roche_de_glun;AROMEHD;2026-09-29T01:00;5.1;10.5;155.0;20.6;0.0;;0.0;0.0;100.0;100.0;45.03;4.84;116.0;2026-09-28T13:15:00+02:00;2026-09-28T13:53:32+02:00;6511a985d526
2026-09-29;roche_de_glun;AROMEHD;2026-09-29T02:00;5.0;10.7;149.0;19.9;0.0;;0.0;0.0;100.0;100.0;45.03;4.84;116.0;2026-09-28T13:15:00+02:00;2026-09-28T13:53:32+02:00;6511a985d526
2026-09-29;roche_de_glun;AROMEHD;2026-09-29T03:00;4.4;9.9;142.0;19.3;0.0;;0.0;0.0;100.0;100.0;45.03;4.84;116.0;2026-09-28T13:15:00+02:00;2026-09-28T13:53:32+02:00;6511a985d526
2026-09-29;roche_de_glun;AROMEHD;2026-09-29T04:00;3.9;8.7;143.0;18.8;0.0;;0.0;0.0;100.0;100.0;45.03;4.84;116.0;2026-09-28T13:15:00+02:00;2026-09-28T13:53:32+02:00;6511a985d526
2026-09-29;roche_de_glun;AROMEHD;2026-09-29T05:00;3.8;8.2;135.0;18.3;0.0;;0.0;0.0;92.0;92.0;45.03;4.84;116.0;2026-09-28T13:15:00+02:00;2026-09-28T13:53:32+02:00;6511a985d526
2026-09-29;roche_de_glun;AROMEHD;2026-09-29T06:00;3.0;7.8;140.0;17.5;0.0;;4.0;0.0;100.0;100.0;45.03;4.84;116.0;2026-09-28T13:15:00+02:00;2026-09-28T13:53:32+02:00;6511a985d526
2026-09-29;roche_de_glun;AROMEHD;2026-09-29T07:00;4.9;9.9;151.0;17.4;0.0;;1.0;0.0;100.0;100.0;45.03;4.84;116.0;2026-09-28T13:15:00+02:00;2026-09-28T13:53:32+02:00;6511a985d526
2026-09-29;roche_de_glun;AROMEHD;2026-09-29T08:00;5.3;10.7;147.0;17.2;0.0;;0.0;0.0;100.0;100.0;45.03;4.84;116.0;2026-09-28T13:15:00+02:00;2026-09-28T13:53:32+02:00;6511a985d526
2026-09-29;roche_de_glun;AROMEHD;2026-09-29T09:00;4.2;10.5;143.0;17.9;0.0;;0.0;0.0;100.0;100.0;45.03;4.84;116.0;2026-09-28T13:15:00+02:00;2026-09-28T13:53:32+02:00;6511a985d526
2026-09-29;roche_de_glun;AROMEHD;2026-09-29T10:00;5.0;11.1;149.0;20.4;0.0;;0.0;0.0;100.0;100.0;45.03;4.84;116.0;2026-09-28T13:15:00+02:00;2026-09-28T13:53:32+02:00;6511a985d526
2026-09-29;roche_de_glun;AROMEHD;2026-09-29T11:00;10.5;23.7;185.0;25.2;0.0;;0.0;0.0;100.0;100.0;45.03;4.84;116.0;2026-09-28T13:15:00+02:00;2026-09-28T13:53:32+02:00;6511a985d526
2026-09-29;roche_de_glun;AROMEHD;2026-09-29T12:00;10.3;24.5;184.0;25.8;0.0;;0.0;65.0;100.0;100.0;45.03;4.84;116.0;2026-09-28T13:15:00+02:00;2026-09-28T13:53:32+02:00;6511a985d526
2026-09-29;roche_de_glun;AROMEHD;2026-09-29T13:00;10.5;23.7;184.0;25.9;0.0;;0.0;0.0;100.0;100.0;45.03;4.84;116.0;2026-09-28T13:15:00+02:00;2026-09-28T13:53:32+02:00;6511a985d526
2026-09-29;roche_de_glun;AROMEHD;2026-09-29T14:00;9.5;23.7;184.0;26.4;0.0;;0.0;0.0;100.0;100.0;45.03;4.84;116.0;2026-09-28T13:15:00+02:00;2026-09-28T13:53:32+02:00;6511a985d526
2026-09-29;roche_de_glun;AROMEHD;2026-09-29T15:00;9.2;22.7;185.0;26.5;0.0;;0.0;3.0;100.0;100.0;45.03;4.84;116.0;2026-09-28T13:15:00+02:00;2026-09-28T13:53:32+02:00;6511a985d526
2026-09-29;roche_de_glun;AROMEHD;2026-09-29T16:00;9.5;21.8;191.0;27.4;0.0;;0.0;97.0;100.0;100.0;45.03;4.84;116.0;2026-09-28T13:15:00+02:00;2026-09-28T13:53:32+02:00;6511a985d526
2026-09-29;roche_de_glun;AROMEHD;2026-09-29T17:00;9.2;21.6;188.0;27.7;0.0;;0.0;100.0;60.0;100.0;45.03;4.84;116.0;2026-09-28T13:15:00+02:00;2026-09-28T13:53:32+02:00;6511a985d526
2026-09-29;roche_de_glun;AROMEHD;2026-09-29T18:00;8.2;21.0;198.0;27.3;0.0;;0.0;100.0;100.0;100.0;45.03;4.84;116.0;2026-09-28T13:15:00+02:00;2026-09-28T13:53:32+02:00;6511a985d526
2026-09-29;roche_de_glun;AROMEHD;2026-09-29T19:00;7.6;18.7;193.0;26.9;0.0;;0.0;100.0;100.0;100.0;45.03;4.84;116.0;2026-09-28T13:15:00+02:00;2026-09-28T13:53:32+02:00;6511a985d526
2026-09-29;roche_de_glun;AROMEHD;2026-09-29T20:00;7.3;18.1;197.0;26.3;0.0;;0.0;100.0;23.0;100.0;45.03;4.84;116.0;2026-09-28T13:15:00+02:00;2026-09-28T13:53:32+02:00;6511a985d526
2026-09-29;roche_de_glun;AROMEHD;2026-09-29T21:00;7.8;18.3;187.0;25.5;0.0;;0.0;100.0;67.0;100.0;45.03;4.84;116.0;2026-09-28T13:15:00+02:00;2026-09-28T13:53:32+02:00;6511a985d526
2026-09-29;roche_de_glun;AROMEHD;2026-09-29T22:00;7.4;18.9;185.0;24.5;0.0;;0.0;73.0;92.0;92.0;45.03;4.84;116.0;2026-09-28T13:15:00+02:00;2026-09-28T13:53:32+02:00;6511a985d526
2026-09-29;roche_de_glun;AROMEHD;2026-09-29T23:00;6.9;16.9;188.0;23.5;0.0;;0.0;97.0;91.0;97.0;45.03;4.84;116.0;2026-09-28T13:15:00+02:00;2026-09-28T13:53:32+02:00;6511a985d526
2026-09-29;roche_de_glun;AROMEHD;2026-09-30T00:00;6.2;15.9;180.0;23.2;0.0;;0.0;100.0;0.0;100.0;45.03;4.84;116.0;2026-09-28T13:15:00+02:00;2026-09-28T13:53:32+02:00;6511a985d526
2026-09-29;roche_de_glun;ICONCH1;2026-09-29T01:00;5.0;9.3;132.0;18.9;0.0;100.0;0.0;89.0;100.0;100.0;45.020344;4.8496704;118.0;2026-09-28T13:15:00+02:00;2026-09-28T13:53:32+02:00;6511a985d526
2026-09-29;roche_de_glun;ICONCH1;2026-09-29T02:00;5.7;9.7;139.0;18.6;0.0;100.0;0.0;43.0;100.0;100.0;45.020344;4.8496704;118.0;2026-09-28T13:15:00+02:00;2026-09-28T13:53:32+02:00;6511a985d526
2026-09-29;roche_de_glun;ICONCH1;2026-09-29T03:00;5.7;8.7;149.0;18.4;0.0;100.0;0.0;27.0;100.0;100.0;45.020344;4.8496704;118.0;2026-09-28T13:15:00+02:00;2026-09-28T13:53:32+02:00;6511a985d526
2026-09-29;roche_de_glun;ICONCH1;2026-09-29T04:00;5.6;9.3;146.0;17.9;0.0;100.0;0.0;18.0;100.0;100.0;45.020344;4.8496704;118.0;2026-09-28T13:15:00+02:00;2026-09-28T13:53:32+02:00;6511a985d526
2026-09-29;roche_de_glun;ICONCH1;2026-09-29T05:00;6.0;9.5;151.0;17.6;0.0;100.0;0.0;7.0;100.0;100.0;45.020344;4.8496704;118.0;2026-09-28T13:15:00+02:00;2026-09-28T13:53:32+02:00;6511a985d526
2026-09-29;roche_de_glun;ICONCH1;2026-09-29T06:00;6.0;10.3;142.0;17.5;0.0;100.0;0.0;9.0;100.0;100.0;45.020344;4.8496704;118.0;2026-09-28T13:15:00+02:00;2026-09-28T13:53:32+02:00;6511a985d526
2026-09-29;roche_de_glun;ICONCH1;2026-09-29T07:00;6.6;10.5;128.0;17.0;0.0;100.0;30.0;17.0;99.0;100.0;45.020344;4.8496704;118.0;2026-09-28T13:15:00+02:00;2026-09-28T13:53:32+02:00;6511a985d526
2026-09-29;roche_de_glun;ICONCH1;2026-09-29T08:00;7.2;11.1;133.0;17.0;0.0;100.0;23.0;71.0;100.0;100.0;45.020344;4.8496704;118.0;2026-09-28T13:15:00+02:00;2026-09-28T13:53:32+02:00;6511a985d526
2026-09-29;roche_de_glun;ICONCH1;2026-09-29T09:00;8.0;12.4;137.0;18.3;0.0;100.0;0.0;0.0;100.0;100.0;45.020344;4.8496704;118.0;2026-09-28T13:15:00+02:00;2026-09-28T13:53:32+02:00;6511a985d526
2026-09-29;roche_de_glun;ICONCH1;2026-09-29T10:00;10.0;16.9;167.0;20.3;0.0;100.0;0.0;0.0;100.0;100.0;45.020344;4.8496704;118.0;2026-09-28T13:15:00+02:00;2026-09-28T13:53:32+02:00;6511a985d526
2026-09-29;roche_de_glun;ICONCH1;2026-09-29T11:00;12.8;21.6;158.0;22.7;0.0;100.0;0.0;0.0;100.0;100.0;45.020344;4.8496704;118.0;2026-09-28T13:15:00+02:00;2026-09-28T13:53:32+02:00;6511a985d526
2026-09-29;roche_de_glun;ICONCH1;2026-09-29T12:00;14.7;23.7;188.0;25.3;0.0;100.0;0.0;0.0;100.0;100.0;45.020344;4.8496704;118.0;2026-09-28T13:15:00+02:00;2026-09-28T13:53:32+02:00;6511a985d526
2026-09-29;roche_de_glun;ICONCH1;2026-09-29T13:00;19.0;30.7;191.0;27.0;0.0;100.0;0.0;17.0;100.0;100.0;45.020344;4.8496704;118.0;2026-09-28T13:15:00+02:00;2026-09-28T13:53:32+02:00;6511a985d526
2026-09-29;roche_de_glun;ICONCH1;2026-09-29T14:00;18.1;31.7;195.0;27.7;0.0;100.0;0.0;8.0;100.0;100.0;45.020344;4.8496704;118.0;2026-09-28T13:15:00+02:00;2026-09-28T13:53:32+02:00;6511a985d526
2026-09-29;roche_de_glun;ICONCH1;2026-09-29T15:00;16.7;29.9;191.0;28.2;0.0;100.0;0.0;0.0;100.0;100.0;45.020344;4.8496704;118.0;2026-09-28T13:15:00+02:00;2026-09-28T13:53:32+02:00;6511a985d526
2026-09-29;roche_de_glun;ICONCH1;2026-09-29T16:00;16.7;29.4;199.0;28.2;0.0;100.0;0.0;0.0;100.0;100.0;45.020344;4.8496704;118.0;2026-09-28T13:15:00+02:00;2026-09-28T13:53:32+02:00;6511a985d526
2026-09-29;roche_de_glun;ICONCH1;2026-09-29T17:00;16.7;27.4;193.0;28.2;0.0;100.0;0.0;15.0;100.0;100.0;45.020344;4.8496704;118.0;2026-09-28T13:15:00+02:00;2026-09-28T13:53:32+02:00;6511a985d526
2026-09-29;roche_de_glun;ICONCH1;2026-09-29T18:00;11.6;26.6;200.0;27.6;0.0;100.0;0.0;78.0;100.0;100.0;45.020344;4.8496704;118.0;2026-09-28T13:15:00+02:00;2026-09-28T13:53:32+02:00;6511a985d526
2026-09-29;roche_de_glun;ICONCH1;2026-09-29T19:00;12.9;21.0;198.0;26.1;0.0;98.0;0.0;98.0;0.0;98.0;45.020344;4.8496704;118.0;2026-09-28T13:15:00+02:00;2026-09-28T13:53:32+02:00;6511a985d526
2026-09-29;roche_de_glun;ICONCH1;2026-09-29T20:00;11.9;21.2;204.0;24.8;0.0;89.0;0.0;89.0;6.0;89.0;45.020344;4.8496704;118.0;2026-09-28T13:15:00+02:00;2026-09-28T13:53:32+02:00;6511a985d526
2026-09-29;st_alban_du_rhone;AROMEHD;2026-09-29T01:00;7.6;10.9;176.0;19.3;0.0;;0.0;0.0;100.0;100.0;45.39;4.76;140.0;2026-09-28T13:15:00+02:00;2026-09-28T13:53:32+02:00;6511a985d526
2026-09-29;st_alban_du_rhone;AROMEHD;2026-09-29T02:00;8.3;12.4;171.0;19.0;0.0;;0.0;0.0;100.0;100.0;45.39;4.76;140.0;2026-09-28T13:15:00+02:00;2026-09-28T13:53:32+02:00;6511a985d526
2026-09-29;st_alban_du_rhone;AROMEHD;2026-09-29T03:00;8.8;13.6;166.0;18.7;0.0;;0.0;0.0;100.0;100.0;45.39;4.76;140.0;2026-09-28T13:15:00+02:00;2026-09-28T13:53:32+02:00;6511a985d526
2026-09-29;st_alban_du_rhone;AROMEHD;2026-09-29T04:00;7.5;13.4;168.0;18.1;0.0;;0.0;0.0;100.0;100.0;45.39;4.76;140.0;2026-09-28T13:15:00+02:00;2026-09-28T13:53:32+02:00;6511a985d526
2026-09-29;st_alban_du_rhone;AROMEHD;2026-09-29T05:00;7.9;12.1;171.0;17.8;0.0;;0.0;10.0;100.0;100.0;45.39;4.76;140.0;2026-09-28T13:15:00+02:00;2026-09-28T13:53:32+02:00;6511a985d526
2026-09-29;st_alban_du_rhone;AROMEHD;2026-09-29T06:00;7.7;12.2;168.0;17.3;0.0;;1.0;0.0;100.0;100.0;45.39;4.76;140.0;2026-09-28T13:15:00+02:00;2026-09-28T13:53:32+02:00;6511a985d526
2026-09-29;st_alban_du_rhone;AROMEHD;2026-09-29T07:00;7.5;11.9;168.0;17.1;0.0;;4.0;0.0;100.0;100.0;45.39;4.76;140.0;2026-09-28T13:15:00+02:00;2026-09-28T13:53:32+02:00;6511a985d526
2026-09-29;st_alban_du_rhone;AROMEHD;2026-09-29T08:00;7.2;11.5;175.0;16.6;0.0;;9.0;1.0;100.0;100.0;45.39;4.76;140.0;2026-09-28T13:15:00+02:00;2026-09-28T13:53:32+02:00;6511a985d526
2026-09-29;st_alban_du_rhone;AROMEHD;2026-09-29T09:00;8.0;12.2;180.0;17.1;0.0;;0.0;0.0;100.0;100.0;45.39;4.76;140.0;2026-09-28T13:15:00+02:00;2026-09-28T13:53:32+02:00;6511a985d526
2026-09-29;st_alban_du_rhone;AROMEHD;2026-09-29T10:00;8.1;13.0;169.0;19.5;0.0;;0.0;0.0;100.0;100.0;45.39;4.76;140.0;2026-09-28T13:15:00+02:00;2026-09-28T13:53:32+02:00;6511a985d526
2026-09-29;st_alban_du_rhone;AROMEHD;2026-09-29T11:00;15.0;25.3;176.0;24.4;0.0;;0.0;0.0;100.0;100.0;45.39;4.76;140.0;2026-09-28T13:15:00+02:00;2026-09-28T13:53:32+02:00;6511a985d526
2026-09-29;st_alban_du_rhone;AROMEHD;2026-09-29T12:00;14.8;26.2;182.0;25.2;0.0;;0.0;0.0;100.0;100.0;45.39;4.76;140.0;2026-09-28T13:15:00+02:00;2026-09-28T13:53:32+02:00;6511a985d526
2026-09-29;st_alban_du_rhone;AROMEHD;2026-09-29T13:00;14.1;24.7;188.0;25.4;0.0;;0.0;0.0;100.0;100.0;45.39;4.76;140.0;2026-09-28T13:15:00+02:00;2026-09-28T13:53:32+02:00;6511a985d526
2026-09-29;st_alban_du_rhone;AROMEHD;2026-09-29T14:00;15.1;25.5;187.0;25.8;0.0;;0.0;0.0;100.0;100.0;45.39;4.76;140.0;2026-09-28T13:15:00+02:00;2026-09-28T13:53:32+02:00;6511a985d526
2026-09-29;st_alban_du_rhone;AROMEHD;2026-09-29T15:00;14.2;25.5;182.0;26.4;0.0;;0.0;0.0;100.0;100.0;45.39;4.76;140.0;2026-09-28T13:15:00+02:00;2026-09-28T13:53:32+02:00;6511a985d526
2026-09-29;st_alban_du_rhone;AROMEHD;2026-09-29T16:00;14.2;24.9;181.0;26.5;0.0;;0.0;40.0;100.0;100.0;45.39;4.76;140.0;2026-09-28T13:15:00+02:00;2026-09-28T13:53:32+02:00;6511a985d526
2026-09-29;st_alban_du_rhone;AROMEHD;2026-09-29T17:00;12.1;23.9;181.0;26.6;0.0;;0.0;65.0;100.0;100.0;45.39;4.76;140.0;2026-09-28T13:15:00+02:00;2026-09-28T13:53:32+02:00;6511a985d526
2026-09-29;st_alban_du_rhone;AROMEHD;2026-09-29T18:00;11.4;21.6;188.0;26.6;0.0;;0.0;100.0;100.0;100.0;45.39;4.76;140.0;2026-09-28T13:15:00+02:00;2026-09-28T13:53:32+02:00;6511a985d526
2026-09-29;st_alban_du_rhone;AROMEHD;2026-09-29T19:00;10.0;19.6;188.0;25.9;0.0;;0.0;100.0;36.0;100.0;45.39;4.76;140.0;2026-09-28T13:15:00+02:00;2026-09-28T13:53:32+02:00;6511a985d526
2026-09-29;st_alban_du_rhone;AROMEHD;2026-09-29T20:00;9.3;17.1;179.0;25.3;0.0;;0.0;100.0;100.0;100.0;45.39;4.76;140.0;2026-09-28T13:15:00+02:00;2026-09-28T13:53:32+02:00;6511a985d526
2026-09-29;st_alban_du_rhone;AROMEHD;2026-09-29T21:00;9.3;16.1;176.0;24.9;0.0;;0.0;100.0;94.0;100.0;45.39;4.76;140.0;2026-09-28T13:15:00+02:00;2026-09-28T13:53:32+02:00;6511a985d526
2026-09-29;st_alban_du_rhone;AROMEHD;2026-09-29T22:00;10.8;17.7;174.0;24.3;0.0;;0.0;100.0;100.0;100.0;45.39;4.76;140.0;2026-09-28T13:15:00+02:00;2026-09-28T13:53:32+02:00;6511a985d526
2026-09-29;st_alban_du_rhone;AROMEHD;2026-09-29T23:00;10.0;18.1;174.0;23.3;0.0;;0.0;99.0;0.0;99.0;45.39;4.76;140.0;2026-09-28T13:15:00+02:00;2026-09-28T13:53:32+02:00;6511a985d526
2026-09-29;st_alban_du_rhone;AROMEHD;2026-09-30T00:00;9.3;16.7;168.0;22.7;0.0;;0.0;7.0;0.0;7.0;45.39;4.76;140.0;2026-09-28T13:15:00+02:00;2026-09-28T13:53:32+02:00;6511a985d526
2026-09-29;st_alban_du_rhone;ICONCH1;2026-09-29T01:00;9.1;14.4;165.0;18.3;0.0;100.0;0.0;95.0;100.0;100.0;45.386887;4.758301;141.0;2026-09-28T13:15:00+02:00;2026-09-28T13:53:32+02:00;6511a985d526
2026-09-29;st_alban_du_rhone;ICONCH1;2026-09-29T02:00;10.0;15.6;168.0;17.9;0.0;100.0;0.0;92.0;100.0;100.0;45.386887;4.758301;141.0;2026-09-28T13:15:00+02:00;2026-09-28T13:53:32+02:00;6511a985d526
2026-09-29;st_alban_du_rhone;ICONCH1;2026-09-29T03:00;9.8;15.6;171.0;17.4;0.0;100.0;0.0;80.0;100.0;100.0;45.386887;4.758301;141.0;2026-09-28T13:15:00+02:00;2026-09-28T13:53:32+02:00;6511a985d526
2026-09-29;st_alban_du_rhone;ICONCH1;2026-09-29T04:00;9.5;15.4;171.0;17.1;0.0;100.0;0.0;76.0;100.0;100.0;45.386887;4.758301;141.0;2026-09-28T13:15:00+02:00;2026-09-28T13:53:32+02:00;6511a985d526
2026-09-29;st_alban_du_rhone;ICONCH1;2026-09-29T05:00;9.3;15.7;170.0;16.9;0.0;88.0;0.0;87.0;57.0;88.0;45.386887;4.758301;141.0;2026-09-28T13:15:00+02:00;2026-09-28T13:53:32+02:00;6511a985d526
2026-09-29;st_alban_du_rhone;ICONCH1;2026-09-29T06:00;8.5;14.6;171.0;16.6;0.0;100.0;0.0;79.0;100.0;100.0;45.386887;4.758301;141.0;2026-09-28T13:15:00+02:00;2026-09-28T13:53:32+02:00;6511a985d526
2026-09-29;st_alban_du_rhone;ICONCH1;2026-09-29T07:00;8.3;13.2;171.0;16.5;0.0;100.0;0.0;66.0;100.0;100.0;45.386887;4.758301;141.0;2026-09-28T13:15:00+02:00;2026-09-28T13:53:32+02:00;6511a985d526
2026-09-29;st_alban_du_rhone;ICONCH1;2026-09-29T08:00;8.7;13.6;170.0;16.2;0.0;100.0;0.0;60.0;100.0;100.0;45.386887;4.758301;141.0;2026-09-28T13:15:00+02:00;2026-09-28T13:53:32+02:00;6511a985d526
2026-09-29;st_alban_du_rhone;ICONCH1;2026-09-29T09:00;7.8;13.8;167.0;17.5;0.0;100.0;30.0;64.0;100.0;100.0;45.386887;4.758301;141.0;2026-09-28T13:15:00+02:00;2026-09-28T13:53:32+02:00;6511a985d526
2026-09-29;st_alban_du_rhone;ICONCH1;2026-09-29T10:00;10.6;17.1;160.0;19.5;0.0;100.0;0.0;70.0;100.0;100.0;45.386887;4.758301;141.0;2026-09-28T13:15:00+02:00;2026-09-28T13:53:32+02:00;6511a985d526
2026-09-29;st_alban_du_rhone;ICONCH1;2026-09-29T11:00;11.1;18.3;158.0;21.7;0.0;98.0;0.0;75.0;90.0;98.0;45.386887;4.758301;141.0;2026-09-28T13:15:00+02:00;2026-09-28T13:53:32+02:00;6511a985d526
2026-09-29;st_alban_du_rhone;ICONCH1;2026-09-29T12:00;16.5;26.6;180.0;26.2;0.0;100.0;0.0;70.0;100.0;100.0;45.386887;4.758301;141.0;2026-09-28T13:15:00+02:00;2026-09-28T13:53:32+02:00;6511a985d526
2026-09-29;st_alban_du_rhone;ICONCH1;2026-09-29T13:00;16.3;28.4;187.0;27.1;0.0;100.0;0.0;74.0;100.0;100.0;45.386887;4.758301;141.0;2026-09-28T13:15:00+02:00;2026-09-28T13:53:32+02:00;6511a985d526
2026-09-29;st_alban_du_rhone;ICONCH1;2026-09-29T14:00;17.7;29.5;193.0;27.2;0.0;100.0;0.0;94.0;100.0;100.0;45.386887;4.758301;141.0;2026-09-28T13:15:00+02:00;2026-09-28T13:53:32+02:00;6511a985d526
2026-09-29;st_alban_du_rhone;ICONCH1;2026-09-29T15:00;15.8;28.8;182.0;28.4;0.0;100.0;0.0;78.0;100.0;100.0;45.386887;4.758301;141.0;2026-09-28T13:15:00+02:00;2026-09-28T13:53:32+02:00;6511a985d526
2026-09-29;st_alban_du_rhone;ICONCH1;2026-09-29T16:00;15.9;29.9;179.0;28.7;0.0;100.0;0.0;79.0;100.0;100.0;45.386887;4.758301;141.0;2026-09-28T13:15:00+02:00;2026-09-28T13:53:32+02:00;6511a985d526
2026-09-29;st_alban_du_rhone;ICONCH1;2026-09-29T17:00;16.4;30.1;194.0;27.7;0.0;100.0;0.0;94.0;100.0;100.0;45.386887;4.758301;141.0;2026-09-28T13:15:00+02:00;2026-09-28T13:53:32+02:00;6511a985d526
2026-09-29;st_alban_du_rhone;ICONCH1;2026-09-29T18:00;13.0;26.2;190.0;27.2;0.0;86.0;0.0;86.0;0.0;86.0;45.386887;4.758301;141.0;2026-09-28T13:15:00+02:00;2026-09-28T13:53:32+02:00;6511a985d526
2026-09-29;st_alban_du_rhone;ICONCH1;2026-09-29T19:00;6.8;20.8;211.0;26.1;0.0;90.0;0.0;84.0;42.0;90.0;45.386887;4.758301;141.0;2026-09-28T13:15:00+02:00;2026-09-28T13:53:32+02:00;6511a985d526
2026-09-29;st_alban_du_rhone;ICONCH1;2026-09-29T20:00;9.1;14.4;218.0;24.7;0.0;90.0;0.0;82.0;54.0;90.0;45.386887;4.758301;141.0;2026-09-28T13:15:00+02:00;2026-09-28T13:53:32+02:00;6511a985d526
2026-09-29;st_cyr_sur_le_rhone;AROMEHD;2026-09-29T01:00;8.2;18.3;179.0;21.6;0.0;;0.0;0.0;100.0;100.0;45.510002;4.8500004;190.0;2026-09-28T13:15:00+02:00;2026-09-28T13:53:32+02:00;6511a985d526
2026-09-29;st_cyr_sur_le_rhone;AROMEHD;2026-09-29T02:00;8.4;18.9;177.0;20.8;0.0;;0.0;0.0;100.0;100.0;45.510002;4.8500004;190.0;2026-09-28T13:15:00+02:00;2026-09-28T13:53:32+02:00;6511a985d526
2026-09-29;st_cyr_sur_le_rhone;AROMEHD;2026-09-29T03:00;8.4;18.9;175.0;20.2;0.0;;0.0;0.0;100.0;100.0;45.510002;4.8500004;190.0;2026-09-28T13:15:00+02:00;2026-09-28T13:53:32+02:00;6511a985d526
2026-09-29;st_cyr_sur_le_rhone;AROMEHD;2026-09-29T04:00;8.2;18.9;175.0;19.7;0.0;;0.0;0.0;100.0;100.0;45.510002;4.8500004;190.0;2026-09-28T13:15:00+02:00;2026-09-28T13:53:32+02:00;6511a985d526
2026-09-29;st_cyr_sur_le_rhone;AROMEHD;2026-09-29T05:00;8.2;19.0;176.0;19.4;0.0;;0.0;13.0;100.0;100.0;45.510002;4.8500004;190.0;2026-09-28T13:15:00+02:00;2026-09-28T13:53:32+02:00;6511a985d526
2026-09-29;st_cyr_sur_le_rhone;AROMEHD;2026-09-29T06:00;8.0;18.1;179.0;19.3;0.0;;0.0;6.0;100.0;100.0;45.510002;4.8500004;190.0;2026-09-28T13:15:00+02:00;2026-09-28T13:53:32+02:00;6511a985d526
2026-09-29;st_cyr_sur_le_rhone;AROMEHD;2026-09-29T07:00;7.4;17.9;182.0;18.9;0.0;;0.0;0.0;100.0;100.0;45.510002;4.8500004;190.0;2026-09-28T13:15:00+02:00;2026-09-28T13:53:32+02:00;6511a985d526
2026-09-29;st_cyr_sur_le_rhone;AROMEHD;2026-09-29T08:00;7.2;16.5;180.0;18.8;0.0;;0.0;0.0;100.0;100.0;45.510002;4.8500004;190.0;2026-09-28T13:15:00+02:00;2026-09-28T13:53:32+02:00;6511a985d526
2026-09-29;st_cyr_sur_le_rhone;AROMEHD;2026-09-29T09:00;7.6;17.5;181.0;19.8;0.0;;0.0;0.0;100.0;100.0;45.510002;4.8500004;190.0;2026-09-28T13:15:00+02:00;2026-09-28T13:53:32+02:00;6511a985d526
2026-09-29;st_cyr_sur_le_rhone;AROMEHD;2026-09-29T10:00;8.8;20.0;186.0;21.5;0.0;;0.0;0.0;100.0;100.0;45.510002;4.8500004;190.0;2026-09-28T13:15:00+02:00;2026-09-28T13:53:32+02:00;6511a985d526
2026-09-29;st_cyr_sur_le_rhone;AROMEHD;2026-09-29T11:00;11.1;24.3;190.0;23.6;0.0;;0.0;0.0;100.0;100.0;45.510002;4.8500004;190.0;2026-09-28T13:15:00+02:00;2026-09-28T13:53:32+02:00;6511a985d526
2026-09-29;st_cyr_sur_le_rhone;AROMEHD;2026-09-29T12:00;13.5;29.7;192.0;25.7;0.0;;0.0;0.0;100.0;100.0;45.510002;4.8500004;190.0;2026-09-28T13:15:00+02:00;2026-09-28T13:53:32+02:00;6511a985d526
2026-09-29;st_cyr_sur_le_rhone;AROMEHD;2026-09-29T13:00;12.7;29.5;191.0;26.3;0.0;;0.0;0.0;100.0;100.0;45.510002;4.8500004;190.0;2026-09-28T13:15:00+02:00;2026-09-28T13:53:32+02:00;6511a985d526
2026-09-29;st_cyr_sur_le_rhone;AROMEHD;2026-09-29T14:00;13.1;28.6;191.0;26.8;0.0;;0.0;99.0;100.0;100.0;45.510002;4.8500004;190.0;2026-09-28T13:15:00+02:00;2026-09-28T13:53:32+02:00;6511a985d526
2026-09-29;st_cyr_sur_le_rhone;AROMEHD;2026-09-29T15:00;11.7;28.4;199.0;27.0;0.0;;0.0;0.0;100.0;100.0;45.510002;4.8500004;190.0;2026-09-28T13:15:00+02:00;2026-09-28T13:53:32+02:00;6511a985d526
2026-09-29;st_cyr_sur_le_rhone;AROMEHD;2026-09-29T16:00;12.5;26.8;193.0;27.2;0.0;;0.0;100.0;100.0;100.0;45.510002;4.8500004;190.0;2026-09-28T13:15:00+02:00;2026-09-28T13:53:32+02:00;6511a985d526
2026-09-29;st_cyr_sur_le_rhone;AROMEHD;2026-09-29T17:00;12.3;28.2;192.0;26.9;0.0;;0.0;100.0;100.0;100.0;45.510002;4.8500004;190.0;2026-09-28T13:15:00+02:00;2026-09-28T13:53:32+02:00;6511a985d526
2026-09-29;st_cyr_sur_le_rhone;AROMEHD;2026-09-29T18:00;12.6;27.8;188.0;26.9;0.0;;0.0;100.0;100.0;100.0;45.510002;4.8500004;190.0;2026-09-28T13:15:00+02:00;2026-09-28T13:53:32+02:00;6511a985d526
2026-09-29;st_cyr_sur_le_rhone;AROMEHD;2026-09-29T19:00;10.1;27.0;197.0;26.4;0.0;;0.0;100.0;100.0;100.0;45.510002;4.8500004;190.0;2026-09-28T13:15:00+02:00;2026-09-28T13:53:32+02:00;6511a985d526
2026-09-29;st_cyr_sur_le_rhone;AROMEHD;2026-09-29T20:00;9.5;22.4;195.0;25.6;0.0;;0.0;100.0;0.0;100.0;45.510002;4.8500004;190.0;2026-09-28T13:15:00+02:00;2026-09-28T13:53:32+02:00;6511a985d526
2026-09-29;st_cyr_sur_le_rhone;AROMEHD;2026-09-29T21:00;10.0;22.2;189.0;25.4;0.0;;0.0;100.0;99.0;100.0;45.510002;4.8500004;190.0;2026-09-28T13:15:00+02:00;2026-09-28T13:53:32+02:00;6511a985d526
2026-09-29;st_cyr_sur_le_rhone;AROMEHD;2026-09-29T22:00;11.6;25.3;189.0;24.8;0.0;;0.0;100.0;100.0;100.0;45.510002;4.8500004;190.0;2026-09-28T13:15:00+02:00;2026-09-28T13:53:32+02:00;6511a985d526
2026-09-29;st_cyr_sur_le_rhone;AROMEHD;2026-09-29T23:00;12.3;27.0;191.0;23.8;0.0;;0.0;98.0;0.0;98.0;45.510002;4.8500004;190.0;2026-09-28T13:15:00+02:00;2026-09-28T13:53:32+02:00;6511a985d526
2026-09-29;st_cyr_sur_le_rhone;AROMEHD;2026-09-30T00:00;12.0;27.2;190.0;22.9;0.0;;0.0;4.0;0.0;4.0;45.510002;4.8500004;190.0;2026-09-28T13:15:00+02:00;2026-09-28T13:53:32+02:00;6511a985d526
2026-09-29;st_cyr_sur_le_rhone;ICONCH1;2026-09-29T01:00;15.3;24.3;173.0;20.4;0.0;98.0;0.0;66.0;96.0;98.0;45.511913;4.860718;186.0;2026-09-28T13:15:00+02:00;2026-09-28T13:53:32+02:00;6511a985d526
2026-09-29;st_cyr_sur_le_rhone;ICONCH1;2026-09-29T02:00;13.9;24.5;175.0;20.0;0.0;100.0;0.0;78.0;100.0;100.0;45.511913;4.860718;186.0;2026-09-28T13:15:00+02:00;2026-09-28T13:53:32+02:00;6511a985d526
2026-09-29;st_cyr_sur_le_rhone;ICONCH1;2026-09-29T03:00;13.7;22.2;175.0;19.5;0.0;100.0;0.0;77.0;100.0;100.0;45.511913;4.860718;186.0;2026-09-28T13:15:00+02:00;2026-09-28T13:53:32+02:00;6511a985d526
2026-09-29;st_cyr_sur_le_rhone;ICONCH1;2026-09-29T04:00;12.6;21.8;180.0;19.1;0.0;100.0;0.0;65.0;100.0;100.0;45.511913;4.860718;186.0;2026-09-28T13:15:00+02:00;2026-09-28T13:53:32+02:00;6511a985d526
2026-09-29;st_cyr_sur_le_rhone;ICONCH1;2026-09-29T05:00;10.3;20.2;180.0;18.8;0.0;100.0;0.0;72.0;100.0;100.0;45.511913;4.860718;186.0;2026-09-28T13:15:00+02:00;2026-09-28T13:53:32+02:00;6511a985d526
2026-09-29;st_cyr_sur_le_rhone;ICONCH1;2026-09-29T06:00;9.1;16.3;180.0;18.4;0.0;100.0;0.0;7.0;100.0;100.0;45.511913;4.860718;186.0;2026-09-28T13:15:00+02:00;2026-09-28T13:53:32+02:00;6511a985d526
2026-09-29;st_cyr_sur_le_rhone;ICONCH1;2026-09-29T07:00;7.0;15.0;185.0;18.2;0.0;100.0;0.0;61.0;100.0;100.0;45.511913;4.860718;186.0;2026-09-28T13:15:00+02:00;2026-09-28T13:53:32+02:00;6511a985d526
2026-09-29;st_cyr_sur_le_rhone;ICONCH1;2026-09-29T08:00;8.4;14.4;188.0;18.4;0.0;100.0;0.0;0.0;100.0;100.0;45.511913;4.860718;186.0;2026-09-28T13:15:00+02:00;2026-09-28T13:53:32+02:00;6511a985d526
2026-09-29;st_cyr_sur_le_rhone;ICONCH1;2026-09-29T09:00;7.8;14.0;186.0;19.4;0.0;100.0;0.0;14.0;100.0;100.0;45.511913;4.860718;186.0;2026-09-28T13:15:00+02:00;2026-09-28T13:53:32+02:00;6511a985d526
2026-09-29;st_cyr_sur_le_rhone;ICONCH1;2026-09-29T10:00;11.7;18.9;181.0;21.2;0.0;100.0;0.0;5.0;100.0;100.0;45.511913;4.860718;186.0;2026-09-28T13:15:00+02:00;2026-09-28T13:53:32+02:00;6511a985d526
2026-09-29;st_cyr_sur_le_rhone;ICONCH1;2026-09-29T11:00;12.3;20.0;183.0;23.0;0.0;100.0;0.0;72.0;100.0;100.0;45.511913;4.860718;186.0;2026-09-28T13:15:00+02:00;2026-09-28T13:53:32+02:00;6511a985d526
2026-09-29;st_cyr_sur_le_rhone;ICONCH1;2026-09-29T12:00;15.6;25.3;183.0;25.3;0.0;21.0;0.0;23.0;9.0;23.0;45.511913;4.860718;186.0;2026-09-28T13:15:00+02:00;2026-09-28T13:53:32+02:00;6511a985d526
2026-09-29;st_cyr_sur_le_rhone;ICONCH1;2026-09-29T13:00;22.4;36.7;187.0;27.1;0.0;100.0;0.0;0.0;100.0;100.0;45.511913;4.860718;186.0;2026-09-28T13:15:00+02:00;2026-09-28T13:53:32+02:00;6511a985d526
2026-09-29;st_cyr_sur_le_rhone;ICONCH1;2026-09-29T14:00;22.3;37.7;193.0;27.5;0.0;100.0;0.0;8.0;100.0;100.0;45.511913;4.860718;186.0;2026-09-28T13:15:00+02:00;2026-09-28T13:53:32+02:00;6511a985d526
2026-09-29;st_cyr_sur_le_rhone;ICONCH1;2026-09-29T15:00;21.3;36.9;194.0;27.9;0.0;100.0;0.0;16.0;100.0;100.0;45.511913;4.860718;186.0;2026-09-28T13:15:00+02:00;2026-09-28T13:53:32+02:00;6511a985d526
2026-09-29;st_cyr_sur_le_rhone;ICONCH1;2026-09-29T16:00;20.5;35.2;197.0;28.1;0.0;100.0;0.0;19.0;100.0;100.0;45.511913;4.860718;186.0;2026-09-28T13:15:00+02:00;2026-09-28T13:53:32+02:00;6511a985d526
2026-09-29;st_cyr_sur_le_rhone;ICONCH1;2026-09-29T17:00;16.7;33.6;192.0;27.6;0.0;100.0;0.0;66.0;100.0;100.0;45.511913;4.860718;186.0;2026-09-28T13:15:00+02:00;2026-09-28T13:53:32+02:00;6511a985d526
2026-09-29;st_cyr_sur_le_rhone;ICONCH1;2026-09-29T18:00;15.7;27.2;200.0;27.3;0.0;99.0;0.0;67.0;98.0;99.0;45.511913;4.860718;186.0;2026-09-28T13:15:00+02:00;2026-09-28T13:53:32+02:00;6511a985d526
2026-09-29;st_cyr_sur_le_rhone;ICONCH1;2026-09-29T19:00;12.6;25.7;194.0;26.0;0.0;99.0;0.0;87.0;94.0;99.0;45.511913;4.860718;186.0;2026-09-28T13:15:00+02:00;2026-09-28T13:53:32+02:00;6511a985d526
2026-09-29;st_cyr_sur_le_rhone;ICONCH1;2026-09-29T20:00;14.8;24.7;185.0;24.8;0.0;100.0;0.0;91.0;100.0;100.0;45.511913;4.860718;186.0;2026-09-28T13:15:00+02:00;2026-09-28T13:53:32+02:00;6511a985d526
2026-09-29;st_romain_des_iles;AROMEHD;2026-09-29T01:00;2.5;3.1;219.0;17.1;0.0;;0.0;75.0;100.0;100.0;46.18;4.779999;169.0;2026-09-28T13:15:00+02:00;2026-09-28T13:53:32+02:00;6511a985d526
2026-09-29;st_romain_des_iles;AROMEHD;2026-09-29T02:00;3.1;3.7;198.0;16.8;0.0;;0.0;99.0;100.0;100.0;46.18;4.779999;169.0;2026-09-28T13:15:00+02:00;2026-09-28T13:53:32+02:00;6511a985d526
2026-09-29;st_romain_des_iles;AROMEHD;2026-09-29T03:00;3.3;3.9;201.0;16.5;0.0;;0.0;95.0;100.0;100.0;46.18;4.779999;169.0;2026-09-28T13:15:00+02:00;2026-09-28T13:53:32+02:00;6511a985d526
2026-09-29;st_romain_des_iles;AROMEHD;2026-09-29T04:00;4.2;5.2;208.0;16.2;0.0;;0.0;40.0;100.0;100.0;46.18;4.779999;169.0;2026-09-28T13:15:00+02:00;2026-09-28T13:53:32+02:00;6511a985d526
2026-09-29;st_romain_des_iles;AROMEHD;2026-09-29T05:00;4.9;6.4;214.0;16.1;0.0;;0.0;74.0;100.0;100.0;46.18;4.779999;169.0;2026-09-28T13:15:00+02:00;2026-09-28T13:53:32+02:00;6511a985d526
2026-09-29;st_romain_des_iles;AROMEHD;2026-09-29T06:00;4.1;6.4;221.0;15.8;0.0;;0.0;43.0;100.0;100.0;46.18;4.779999;169.0;2026-09-28T13:15:00+02:00;2026-09-28T13:53:32+02:00;6511a985d526
2026-09-29;st_romain_des_iles;AROMEHD;2026-09-29T07:00;4.3;6.2;219.0;15.9;0.0;;0.0;91.0;100.0;100.0;46.18;4.779999;169.0;2026-09-28T13:15:00+02:00;2026-09-28T13:53:32+02:00;6511a985d526
2026-09-29;st_romain_des_iles;AROMEHD;2026-09-29T08:00;3.4;6.0;211.0;15.7;0.0;;0.0;100.0;100.0;100.0;46.18;4.779999;169.0;2026-09-28T13:15:00+02:00;2026-09-28T13:53:32+02:00;6511a985d526
2026-09-29;st_romain_des_iles;AROMEHD;2026-09-29T09:00;3.1;4.5;180.0;15.7;0.0;;0.0;71.0;100.0;100.0;46.18;4.779999;169.0;2026-09-28T13:15:00+02:00;2026-09-28T13:53:32+02:00;6511a985d526
2026-09-29;st_romain_des_iles;AROMEHD;2026-09-29T10:00;4.1;6.8;199.0;17.8;0.0;;0.0;99.0;100.0;100.0;46.18;4.779999;169.0;2026-09-28T13:15:00+02:00;2026-09-28T13:53:32+02:00;6511a985d526
2026-09-29;st_romain_des_iles;AROMEHD;2026-09-29T11:00;6.1;10.7;197.0;20.5;0.0;;0.0;10.0;100.0;100.0;46.18;4.779999;169.0;2026-09-28T13:15:00+02:00;2026-09-28T13:53:32+02:00;6511a985d526
2026-09-29;st_romain_des_iles;AROMEHD;2026-09-29T12:00;7.4;13.0;198.0;23.0;0.0;;0.0;77.0;100.0;100.0;46.18;4.779999;169.0;2026-09-28T13:15:00+02:00;2026-09-28T13:53:32+02:00;6511a985d526
2026-09-29;st_romain_des_iles;AROMEHD;2026-09-29T13:00;8.7;15.9;197.0;25.1;0.0;;0.0;74.0;100.0;100.0;46.18;4.779999;169.0;2026-09-28T13:15:00+02:00;2026-09-28T13:53:32+02:00;6511a985d526
2026-09-29;st_romain_des_iles;AROMEHD;2026-09-29T14:00;13.6;22.2;177.0;26.7;0.0;;0.0;75.0;100.0;100.0;46.18;4.779999;169.0;2026-09-28T13:15:00+02:00;2026-09-28T13:53:32+02:00;6511a985d526
2026-09-29;st_romain_des_iles;AROMEHD;2026-09-29T15:00;16.5;26.8;181.0;27.6;0.0;;0.0;9.0;100.0;100.0;46.18;4.779999;169.0;2026-09-28T13:15:00+02:00;2026-09-28T13:53:32+02:00;6511a985d526
2026-09-29;st_romain_des_iles;AROMEHD;2026-09-29T16:00;16.6;27.4;177.0;28.0;0.0;;0.0;1.0;100.0;100.0;46.18;4.779999;169.0;2026-09-28T13:15:00+02:00;2026-09-28T13:53:32+02:00;6511a985d526
2026-09-29;st_romain_des_iles;AROMEHD;2026-09-29T17:00;14.8;26.6;178.0;27.5;0.0;;0.0;100.0;100.0;100.0;46.18;4.779999;169.0;2026-09-28T13:15:00+02:00;2026-09-28T13:53:32+02:00;6511a985d526
2026-09-29;st_romain_des_iles;AROMEHD;2026-09-29T18:00;11.7;23.9;173.0;27.4;0.0;;0.0;100.0;79.0;100.0;46.18;4.779999;169.0;2026-09-28T13:15:00+02:00;2026-09-28T13:53:32+02:00;6511a985d526
2026-09-29;st_romain_des_iles;AROMEHD;2026-09-29T19:00;12.5;22.4;169.0;26.6;0.0;;0.0;100.0;97.0;100.0;46.18;4.779999;169.0;2026-09-28T13:15:00+02:00;2026-09-28T13:53:32+02:00;6511a985d526
2026-09-29;st_romain_des_iles;AROMEHD;2026-09-29T20:00;10.9;20.4;179.0;25.7;0.0;;0.0;100.0;3.0;100.0;46.18;4.779999;169.0;2026-09-28T13:15:00+02:00;2026-09-28T13:53:32+02:00;6511a985d526
2026-09-29;st_romain_des_iles;AROMEHD;2026-09-29T21:00;9.1;18.1;169.0;24.7;0.0;;0.0;29.0;50.0;50.0;46.18;4.779999;169.0;2026-09-28T13:15:00+02:00;2026-09-28T13:53:32+02:00;6511a985d526
2026-09-29;st_romain_des_iles;AROMEHD;2026-09-29T22:00;6.1;14.0;173.0;22.8;0.0;;0.0;9.0;0.0;9.0;46.18;4.779999;169.0;2026-09-28T13:15:00+02:00;2026-09-28T13:53:32+02:00;6511a985d526
2026-09-29;st_romain_des_iles;AROMEHD;2026-09-29T23:00;4.7;8.7;187.0;21.4;0.0;;0.0;22.0;0.0;22.0;46.18;4.779999;169.0;2026-09-28T13:15:00+02:00;2026-09-28T13:53:32+02:00;6511a985d526
2026-09-29;st_romain_des_iles;AROMEHD;2026-09-30T00:00;7.0;10.7;185.0;21.2;0.0;;0.0;81.0;0.0;81.0;46.18;4.779999;169.0;2026-09-28T13:15:00+02:00;2026-09-28T13:53:32+02:00;6511a985d526
2026-09-29;st_romain_des_iles;ICONCH1;2026-09-29T01:00;3.7;6.4;219.0;18.0;0.0;100.0;0.0;67.0;100.0;100.0;46.179794;4.782837;176.0;2026-09-28T13:15:00+02:00;2026-09-28T13:53:32+02:00;6511a985d526
2026-09-29;st_romain_des_iles;ICONCH1;2026-09-29T02:00;3.8;6.4;204.0;17.5;0.0;100.0;0.0;86.0;100.0;100.0;46.179794;4.782837;176.0;2026-09-28T13:15:00+02:00;2026-09-28T13:53:32+02:00;6511a985d526
2026-09-29;st_romain_des_iles;ICONCH1;2026-09-29T03:00;3.7;6.2;198.0;16.9;0.0;100.0;0.0;72.0;100.0;100.0;46.179794;4.782837;176.0;2026-09-28T13:15:00+02:00;2026-09-28T13:53:32+02:00;6511a985d526
2026-09-29;st_romain_des_iles;ICONCH1;2026-09-29T04:00;3.3;5.8;197.0;16.2;0.0;100.0;0.0;70.0;100.0;100.0;46.179794;4.782837;176.0;2026-09-28T13:15:00+02:00;2026-09-28T13:53:32+02:00;6511a985d526
2026-09-29;st_romain_des_iles;ICONCH1;2026-09-29T05:00;2.9;5.1;233.0;15.5;0.0;100.0;0.0;75.0;100.0;100.0;46.179794;4.782837;176.0;2026-09-28T13:15:00+02:00;2026-09-28T13:53:32+02:00;6511a985d526
2026-09-29;st_romain_des_iles;ICONCH1;2026-09-29T06:00;2.4;4.7;209.0;15.1;0.0;97.0;0.0;67.0;88.0;97.0;46.179794;4.782837;176.0;2026-09-28T13:15:00+02:00;2026-09-28T13:53:32+02:00;6511a985d526
2026-09-29;st_romain_des_iles;ICONCH1;2026-09-29T07:00;2.6;4.1;193.0;14.7;0.0;100.0;7.0;74.0;100.0;100.0;46.179794;4.782837;176.0;2026-09-28T13:15:00+02:00;2026-09-28T13:53:32+02:00;6511a985d526
2026-09-29;st_romain_des_iles;ICONCH1;2026-09-29T08:00;2.5;4.1;203.0;14.8;0.0;100.0;25.0;80.0;100.0;100.0;46.179794;4.782837;176.0;2026-09-28T13:15:00+02:00;2026-09-28T13:53:32+02:00;6511a985d526
2026-09-29;st_romain_des_iles;ICONCH1;2026-09-29T09:00;3.3;5.4;208.0;15.9;0.0;100.0;32.0;73.0;100.0;100.0;46.179794;4.782837;176.0;2026-09-28T13:15:00+02:00;2026-09-28T13:53:32+02:00;6511a985d526
2026-09-29;st_romain_des_iles;ICONCH1;2026-09-29T10:00;3.9;7.2;207.0;17.8;0.0;100.0;4.0;38.0;100.0;100.0;46.179794;4.782837;176.0;2026-09-28T13:15:00+02:00;2026-09-28T13:53:32+02:00;6511a985d526
2026-09-29;st_romain_des_iles;ICONCH1;2026-09-29T11:00;6.6;11.1;185.0;20.6;0.0;100.0;8.0;88.0;100.0;100.0;46.179794;4.782837;176.0;2026-09-28T13:15:00+02:00;2026-09-28T13:53:32+02:00;6511a985d526
2026-09-29;st_romain_des_iles;ICONCH1;2026-09-29T12:00;10.6;17.3;174.0;23.5;0.0;100.0;0.0;77.0;100.0;100.0;46.179794;4.782837;176.0;2026-09-28T13:15:00+02:00;2026-09-28T13:53:32+02:00;6511a985d526
2026-09-29;st_romain_des_iles;ICONCH1;2026-09-29T13:00;11.9;19.6;175.0;25.8;0.0;100.0;0.0;66.0;100.0;100.0;46.179794;4.782837;176.0;2026-09-28T13:15:00+02:00;2026-09-28T13:53:32+02:00;6511a985d526
2026-09-29;st_romain_des_iles;ICONCH1;2026-09-29T14:00;16.5;26.8;183.0;27.9;0.0;100.0;0.0;65.0;100.0;100.0;46.179794;4.782837;176.0;2026-09-28T13:15:00+02:00;2026-09-28T13:53:32+02:00;6511a985d526
2026-09-29;st_romain_des_iles;ICONCH1;2026-09-29T15:00;19.6;31.9;180.0;28.1;0.0;71.0;0.0;66.0;58.0;71.0;46.179794;4.782837;176.0;2026-09-28T13:15:00+02:00;2026-09-28T13:53:32+02:00;6511a985d526
2026-09-29;st_romain_des_iles;ICONCH1;2026-09-29T16:00;20.4;33.2;182.0;28.9;0.0;73.0;0.0;68.0;17.0;73.0;46.179794;4.782837;176.0;2026-09-28T13:15:00+02:00;2026-09-28T13:53:32+02:00;6511a985d526
2026-09-29;st_romain_des_iles;ICONCH1;2026-09-29T17:00;17.7;33.8;179.0;28.7;0.0;80.0;0.0;80.0;2.0;80.0;46.179794;4.782837;176.0;2026-09-28T13:15:00+02:00;2026-09-28T13:53:32+02:00;6511a985d526
2026-09-29;st_romain_des_iles;ICONCH1;2026-09-29T18:00;16.3;30.5;182.0;28.1;0.0;71.0;0.0;71.0;0.0;71.0;46.179794;4.782837;176.0;2026-09-28T13:15:00+02:00;2026-09-28T13:53:32+02:00;6511a985d526
2026-09-29;st_romain_des_iles;ICONCH1;2026-09-29T19:00;14.6;26.2;185.0;26.7;0.0;98.0;0.0;84.0;86.0;98.0;46.179794;4.782837;176.0;2026-09-28T13:15:00+02:00;2026-09-28T13:53:32+02:00;6511a985d526
2026-09-29;st_romain_des_iles;ICONCH1;2026-09-29T20:00;9.2;23.5;187.0;25.1;0.0;100.0;0.0;88.0;100.0;100.0;46.179794;4.782837;176.0;2026-09-28T13:15:00+02:00;2026-09-28T13:53:32+02:00;6511a985d526
2026-09-29;treffort;AROMEHD;2026-09-29T01:00;2.3;4.9;160.0;16.6;0.0;;0.0;0.0;100.0;100.0;44.91;5.6800003;0.0;2026-09-28T13:15:00+02:00;2026-09-28T13:53:32+02:00;6511a985d526
2026-09-29;treffort;AROMEHD;2026-09-29T02:00;2.6;5.4;163.0;16.4;0.0;;0.0;0.0;100.0;100.0;44.91;5.6800003;0.0;2026-09-28T13:15:00+02:00;2026-09-28T13:53:32+02:00;6511a985d526
2026-09-29;treffort;AROMEHD;2026-09-29T03:00;2.7;5.4;150.0;16.3;0.0;;0.0;0.0;100.0;100.0;44.91;5.6800003;0.0;2026-09-28T13:15:00+02:00;2026-09-28T13:53:32+02:00;6511a985d526
2026-09-29;treffort;AROMEHD;2026-09-29T04:00;2.0;5.4;163.0;16.1;0.0;;0.0;0.0;100.0;100.0;44.91;5.6800003;0.0;2026-09-28T13:15:00+02:00;2026-09-28T13:53:32+02:00;6511a985d526
2026-09-29;treffort;AROMEHD;2026-09-29T05:00;2.4;5.2;166.0;16.0;0.0;;0.0;0.0;100.0;100.0;44.91;5.6800003;0.0;2026-09-28T13:15:00+02:00;2026-09-28T13:53:32+02:00;6511a985d526
2026-09-29;treffort;AROMEHD;2026-09-29T06:00;4.3;8.0;162.0;15.9;0.0;;0.0;0.0;100.0;100.0;44.91;5.6800003;0.0;2026-09-28T13:15:00+02:00;2026-09-28T13:53:32+02:00;6511a985d526
2026-09-29;treffort;AROMEHD;2026-09-29T07:00;4.4;8.7;165.0;16.1;0.0;;0.0;0.0;100.0;100.0;44.91;5.6800003;0.0;2026-09-28T13:15:00+02:00;2026-09-28T13:53:32+02:00;6511a985d526
2026-09-29;treffort;AROMEHD;2026-09-29T08:00;3.2;8.2;169.0;15.9;0.0;;0.0;0.0;100.0;100.0;44.91;5.6800003;0.0;2026-09-28T13:15:00+02:00;2026-09-28T13:53:32+02:00;6511a985d526
2026-09-29;treffort;AROMEHD;2026-09-29T09:00;1.5;6.4;140.0;16.5;0.0;;0.0;1.0;100.0;100.0;44.91;5.6800003;0.0;2026-09-28T13:15:00+02:00;2026-09-28T13:53:32+02:00;6511a985d526
2026-09-29;treffort;AROMEHD;2026-09-29T10:00;2.6;5.2;144.0;17.7;0.0;;0.0;0.0;100.0;100.0;44.91;5.6800003;0.0;2026-09-28T13:15:00+02:00;2026-09-28T13:53:32+02:00;6511a985d526
2026-09-29;treffort;AROMEHD;2026-09-29T11:00;4.4;8.6;157.0;19.0;0.0;;0.0;0.0;100.0;100.0;44.91;5.6800003;0.0;2026-09-28T13:15:00+02:00;2026-09-28T13:53:32+02:00;6511a985d526
2026-09-29;treffort;AROMEHD;2026-09-29T12:00;4.1;8.9;155.0;20.6;0.0;;0.0;0.0;100.0;100.0;44.91;5.6800003;0.0;2026-09-28T13:15:00+02:00;2026-09-28T13:53:32+02:00;6511a985d526
2026-09-29;treffort;AROMEHD;2026-09-29T13:00;8.0;18.5;177.0;22.4;0.0;;0.0;0.0;100.0;100.0;44.91;5.6800003;0.0;2026-09-28T13:15:00+02:00;2026-09-28T13:53:32+02:00;6511a985d526
2026-09-29;treffort;AROMEHD;2026-09-29T14:00;8.6;19.4;175.0;22.5;0.0;;0.0;0.0;100.0;100.0;44.91;5.6800003;0.0;2026-09-28T13:15:00+02:00;2026-09-28T13:53:32+02:00;6511a985d526
2026-09-29;treffort;AROMEHD;2026-09-29T15:00;8.8;19.6;175.0;22.8;0.0;;0.0;0.0;100.0;100.0;44.91;5.6800003;0.0;2026-09-28T13:15:00+02:00;2026-09-28T13:53:32+02:00;6511a985d526
2026-09-29;treffort;AROMEHD;2026-09-29T16:00;7.4;19.8;174.0;21.9;0.0;;0.0;7.0;100.0;100.0;44.91;5.6800003;0.0;2026-09-28T13:15:00+02:00;2026-09-28T13:53:32+02:00;6511a985d526
2026-09-29;treffort;AROMEHD;2026-09-29T17:00;7.3;16.1;169.0;21.6;0.0;;0.0;7.0;100.0;100.0;44.91;5.6800003;0.0;2026-09-28T13:15:00+02:00;2026-09-28T13:53:32+02:00;6511a985d526
2026-09-29;treffort;AROMEHD;2026-09-29T18:00;7.3;16.3;172.0;21.3;0.0;;0.0;98.0;62.0;98.0;44.91;5.6800003;0.0;2026-09-28T13:15:00+02:00;2026-09-28T13:53:32+02:00;6511a985d526
2026-09-29;treffort;AROMEHD;2026-09-29T19:00;6.6;15.7;165.0;20.6;0.0;;0.0;17.0;100.0;100.0;44.91;5.6800003;0.0;2026-09-28T13:15:00+02:00;2026-09-28T13:53:32+02:00;6511a985d526
2026-09-29;treffort;AROMEHD;2026-09-29T20:00;5.8;14.6;160.0;20.1;0.0;;0.0;100.0;100.0;100.0;44.91;5.6800003;0.0;2026-09-28T13:15:00+02:00;2026-09-28T13:53:32+02:00;6511a985d526
2026-09-29;treffort;AROMEHD;2026-09-29T21:00;5.4;11.9;159.0;19.8;0.0;;0.0;100.0;100.0;100.0;44.91;5.6800003;0.0;2026-09-28T13:15:00+02:00;2026-09-28T13:53:32+02:00;6511a985d526
2026-09-29;treffort;AROMEHD;2026-09-29T22:00;5.6;12.4;155.0;19.5;0.0;;0.0;100.0;100.0;100.0;44.91;5.6800003;0.0;2026-09-28T13:15:00+02:00;2026-09-28T13:53:32+02:00;6511a985d526
2026-09-29;treffort;AROMEHD;2026-09-29T23:00;3.9;11.1;174.0;19.0;0.0;;0.0;100.0;77.0;100.0;44.91;5.6800003;0.0;2026-09-28T13:15:00+02:00;2026-09-28T13:53:32+02:00;6511a985d526
2026-09-29;treffort;AROMEHD;2026-09-30T00:00;3.2;7.6;166.0;18.5;0.0;;0.0;99.0;3.0;99.0;44.91;5.6800003;0.0;2026-09-28T13:15:00+02:00;2026-09-28T13:53:32+02:00;6511a985d526
2026-09-29;treffort;ICONCH1;2026-09-29T01:00;3.1;5.6;215.0;16.9;0.0;100.0;0.0;17.0;100.0;100.0;44.905636;5.680298;502.0;2026-09-28T13:15:00+02:00;2026-09-28T13:53:32+02:00;6511a985d526
2026-09-29;treffort;ICONCH1;2026-09-29T02:00;4.0;6.6;209.0;16.7;0.0;100.0;0.0;26.0;100.0;100.0;44.905636;5.680298;502.0;2026-09-28T13:15:00+02:00;2026-09-28T13:53:32+02:00;6511a985d526
2026-09-29;treffort;ICONCH1;2026-09-29T03:00;3.8;6.6;195.0;17.3;0.0;100.0;0.0;30.0;100.0;100.0;44.905636;5.680298;502.0;2026-09-28T13:15:00+02:00;2026-09-28T13:53:32+02:00;6511a985d526
2026-09-29;treffort;ICONCH1;2026-09-29T04:00;4.7;8.6;182.0;17.8;0.0;100.0;0.0;35.0;100.0;100.0;44.905636;5.680298;502.0;2026-09-28T13:15:00+02:00;2026-09-28T13:53:32+02:00;6511a985d526
2026-09-29;treffort;ICONCH1;2026-09-29T05:00;4.9;8.4;189.0;17.8;0.0;100.0;0.0;28.0;100.0;100.0;44.905636;5.680298;502.0;2026-09-28T13:15:00+02:00;2026-09-28T13:53:32+02:00;6511a985d526
2026-09-29;treffort;ICONCH1;2026-09-29T06:00;4.5;8.4;187.0;17.4;0.0;100.0;0.0;5.0;100.0;100.0;44.905636;5.680298;502.0;2026-09-28T13:15:00+02:00;2026-09-28T13:53:32+02:00;6511a985d526
2026-09-29;treffort;ICONCH1;2026-09-29T07:00;4.3;7.6;190.0;17.1;0.0;100.0;0.0;5.0;100.0;100.0;44.905636;5.680298;502.0;2026-09-28T13:15:00+02:00;2026-09-28T13:53:32+02:00;6511a985d526
2026-09-29;treffort;ICONCH1;2026-09-29T08:00;4.0;7.2;191.0;16.9;0.0;100.0;0.0;13.0;100.0;100.0;44.905636;5.680298;502.0;2026-09-28T13:15:00+02:00;2026-09-28T13:53:32+02:00;6511a985d526
2026-09-29;treffort;ICONCH1;2026-09-29T09:00;3.5;6.6;171.0;18.8;0.0;100.0;0.0;16.0;100.0;100.0;44.905636;5.680298;502.0;2026-09-28T13:15:00+02:00;2026-09-28T13:53:32+02:00;6511a985d526
2026-09-29;treffort;ICONCH1;2026-09-29T10:00;5.5;9.7;174.0;22.0;0.0;100.0;0.0;36.0;100.0;100.0;44.905636;5.680298;502.0;2026-09-28T13:15:00+02:00;2026-09-28T13:53:32+02:00;6511a985d526
2026-09-29;treffort;ICONCH1;2026-09-29T11:00;6.6;11.7;161.0;23.6;0.0;100.0;0.0;20.0;100.0;100.0;44.905636;5.680298;502.0;2026-09-28T13:15:00+02:00;2026-09-28T13:53:32+02:00;6511a985d526
2026-09-29;treffort;ICONCH1;2026-09-29T12:00;11.5;20.0;180.0;26.0;0.0;100.0;0.0;15.0;100.0;100.0;44.905636;5.680298;502.0;2026-09-28T13:15:00+02:00;2026-09-28T13:53:32+02:00;6511a985d526
2026-09-29;treffort;ICONCH1;2026-09-29T13:00;12.8;22.2;189.0;26.6;0.0;100.0;0.0;0.0;100.0;100.0;44.905636;5.680298;502.0;2026-09-28T13:15:00+02:00;2026-09-28T13:53:32+02:00;6511a985d526
2026-09-29;treffort;ICONCH1;2026-09-29T14:00;14.4;25.1;185.0;26.9;0.0;100.0;0.0;64.0;100.0;100.0;44.905636;5.680298;502.0;2026-09-28T13:15:00+02:00;2026-09-28T13:53:32+02:00;6511a985d526
2026-09-29;treffort;ICONCH1;2026-09-29T15:00;13.7;24.9;185.0;26.9;0.0;100.0;0.0;10.0;100.0;100.0;44.905636;5.680298;502.0;2026-09-28T13:15:00+02:00;2026-09-28T13:53:32+02:00;6511a985d526
2026-09-29;treffort;ICONCH1;2026-09-29T16:00;13.4;23.9;181.0;26.9;0.0;100.0;0.0;0.0;100.0;100.0;44.905636;5.680298;502.0;2026-09-28T13:15:00+02:00;2026-09-28T13:53:32+02:00;6511a985d526
2026-09-29;treffort;ICONCH1;2026-09-29T17:00;13.2;23.3;181.0;25.9;0.0;100.0;0.0;5.0;100.0;100.0;44.905636;5.680298;502.0;2026-09-28T13:15:00+02:00;2026-09-28T13:53:32+02:00;6511a985d526
2026-09-29;treffort;ICONCH1;2026-09-29T18:00;10.8;22.7;186.0;25.4;0.0;100.0;0.0;74.0;100.0;100.0;44.905636;5.680298;502.0;2026-09-28T13:15:00+02:00;2026-09-28T13:53:32+02:00;6511a985d526
2026-09-29;treffort;ICONCH1;2026-09-29T19:00;8.2;18.5;183.0;24.1;0.0;100.0;0.0;81.0;100.0;100.0;44.905636;5.680298;502.0;2026-09-28T13:15:00+02:00;2026-09-28T13:53:32+02:00;6511a985d526
2026-09-29;treffort;ICONCH1;2026-09-29T20:00;6.2;13.8;141.0;21.7;0.0;96.0;0.0;96.0;77.0;96.0;44.905636;5.680298;502.0;2026-09-28T13:15:00+02:00;2026-09-28T13:53:32+02:00;6511a985d526
2026-09-29;vengeron;AROMEHD;2026-09-29T01:00;1.6;2.1;284.0;18.3;0.0;;0.0;0.0;100.0;100.0;46.25;6.17;0.0;2026-09-28T13:15:00+02:00;2026-09-28T13:53:32+02:00;6511a985d526
2026-09-29;vengeron;AROMEHD;2026-09-29T02:00;1.9;1.9;294.0;18.0;0.0;;0.0;0.0;100.0;100.0;46.25;6.17;0.0;2026-09-28T13:15:00+02:00;2026-09-28T13:53:32+02:00;6511a985d526
2026-09-29;vengeron;AROMEHD;2026-09-29T03:00;1.5;2.9;293.0;17.7;0.0;;0.0;0.0;100.0;100.0;46.25;6.17;0.0;2026-09-28T13:15:00+02:00;2026-09-28T13:53:32+02:00;6511a985d526
2026-09-29;vengeron;AROMEHD;2026-09-29T04:00;1.9;2.5;294.0;17.1;0.0;;0.0;0.0;100.0;100.0;46.25;6.17;0.0;2026-09-28T13:15:00+02:00;2026-09-28T13:53:32+02:00;6511a985d526
2026-09-29;vengeron;AROMEHD;2026-09-29T05:00;0.3;2.3;315.0;17.2;0.0;;0.0;0.0;100.0;100.0;46.25;6.17;0.0;2026-09-28T13:15:00+02:00;2026-09-28T13:53:32+02:00;6511a985d526
2026-09-29;vengeron;AROMEHD;2026-09-29T06:00;1.4;1.7;262.0;16.3;0.0;;0.0;0.0;100.0;100.0;46.25;6.17;0.0;2026-09-28T13:15:00+02:00;2026-09-28T13:53:32+02:00;6511a985d526
2026-09-29;vengeron;AROMEHD;2026-09-29T07:00;2.6;3.1;297.0;16.0;0.0;;0.0;0.0;100.0;100.0;46.25;6.17;0.0;2026-09-28T13:15:00+02:00;2026-09-28T13:53:32+02:00;6511a985d526
2026-09-29;vengeron;AROMEHD;2026-09-29T08:00;1.7;2.7;297.0;16.0;0.0;;0.0;0.0;100.0;100.0;46.25;6.17;0.0;2026-09-28T13:15:00+02:00;2026-09-28T13:53:32+02:00;6511a985d526
2026-09-29;vengeron;AROMEHD;2026-09-29T09:00;0.7;1.7;304.0;17.0;0.0;;0.0;0.0;99.0;99.0;46.25;6.17;0.0;2026-09-28T13:15:00+02:00;2026-09-28T13:53:32+02:00;6511a985d526
2026-09-29;vengeron;AROMEHD;2026-09-29T10:00;0.5;1.4;45.0;17.6;0.0;;0.0;0.0;100.0;100.0;46.25;6.17;0.0;2026-09-28T13:15:00+02:00;2026-09-28T13:53:32+02:00;6511a985d526
2026-09-29;vengeron;AROMEHD;2026-09-29T11:00;1.2;1.4;129.0;18.1;0.0;;0.0;0.0;100.0;100.0;46.25;6.17;0.0;2026-09-28T13:15:00+02:00;2026-09-28T13:53:32+02:00;6511a985d526
2026-09-29;vengeron;AROMEHD;2026-09-29T12:00;2.2;2.3;128.0;19.6;0.0;;0.0;0.0;100.0;100.0;46.25;6.17;0.0;2026-09-28T13:15:00+02:00;2026-09-28T13:53:32+02:00;6511a985d526
2026-09-29;vengeron;AROMEHD;2026-09-29T13:00;2.4;3.1;99.0;21.4;0.0;;0.0;0.0;100.0;100.0;46.25;6.17;0.0;2026-09-28T13:15:00+02:00;2026-09-28T13:53:32+02:00;6511a985d526
2026-09-29;vengeron;AROMEHD;2026-09-29T14:00;3.7;3.7;62.0;22.3;0.0;;0.0;0.0;100.0;100.0;46.25;6.17;0.0;2026-09-28T13:15:00+02:00;2026-09-28T13:53:32+02:00;6511a985d526
2026-09-29;vengeron;AROMEHD;2026-09-29T15:00;8.0;8.6;18.0;21.9;0.0;;0.0;0.0;100.0;100.0;46.25;6.17;0.0;2026-09-28T13:15:00+02:00;2026-09-28T13:53:32+02:00;6511a985d526
2026-09-29;vengeron;AROMEHD;2026-09-29T16:00;10.8;13.0;6.0;22.3;0.0;;0.0;0.0;100.0;100.0;46.25;6.17;0.0;2026-09-28T13:15:00+02:00;2026-09-28T13:53:32+02:00;6511a985d526
2026-09-29;vengeron;AROMEHD;2026-09-29T17:00;10.7;14.4;25.0;21.3;0.0;;0.0;0.0;100.0;100.0;46.25;6.17;0.0;2026-09-28T13:15:00+02:00;2026-09-28T13:53:32+02:00;6511a985d526
2026-09-29;vengeron;AROMEHD;2026-09-29T18:00;7.5;12.2;10.0;22.0;0.0;;0.0;0.0;100.0;100.0;46.25;6.17;0.0;2026-09-28T13:15:00+02:00;2026-09-28T13:53:32+02:00;6511a985d526
2026-09-29;vengeron;AROMEHD;2026-09-29T19:00;4.4;8.9;29.0;21.8;0.0;;0.0;100.0;100.0;100.0;46.25;6.17;0.0;2026-09-28T13:15:00+02:00;2026-09-28T13:53:32+02:00;6511a985d526
2026-09-29;vengeron;AROMEHD;2026-09-29T20:00;2.6;4.9;54.0;21.3;0.0;;0.0;100.0;100.0;100.0;46.25;6.17;0.0;2026-09-28T13:15:00+02:00;2026-09-28T13:53:32+02:00;6511a985d526
2026-09-29;vengeron;AROMEHD;2026-09-29T21:00;0.4;2.7;333.0;21.0;0.0;;0.0;100.0;100.0;100.0;46.25;6.17;0.0;2026-09-28T13:15:00+02:00;2026-09-28T13:53:32+02:00;6511a985d526
2026-09-29;vengeron;AROMEHD;2026-09-29T22:00;1.4;1.6;315.0;20.8;0.0;;0.0;81.0;100.0;100.0;46.25;6.17;0.0;2026-09-28T13:15:00+02:00;2026-09-28T13:53:32+02:00;6511a985d526
2026-09-29;vengeron;AROMEHD;2026-09-29T23:00;1.8;1.7;264.0;19.8;0.0;;0.0;100.0;38.0;100.0;46.25;6.17;0.0;2026-09-28T13:15:00+02:00;2026-09-28T13:53:32+02:00;6511a985d526
2026-09-29;vengeron;AROMEHD;2026-09-30T00:00;1.8;3.1;198.0;20.3;0.0;;0.0;11.0;1.0;11.0;46.25;6.17;0.0;2026-09-28T13:15:00+02:00;2026-09-28T13:53:32+02:00;6511a985d526
2026-09-29;vengeron;ICONCH1;2026-09-29T01:00;2.7;3.9;274.0;19.4;0.0;100.0;0.0;0.0;100.0;100.0;46.24517;6.166931;0.0;2026-09-28T13:15:00+02:00;2026-09-28T13:53:32+02:00;6511a985d526
2026-09-29;vengeron;ICONCH1;2026-09-29T02:00;2.6;4.5;261.0;19.1;0.0;100.0;0.0;3.0;100.0;100.0;46.24517;6.166931;0.0;2026-09-28T13:15:00+02:00;2026-09-28T13:53:32+02:00;6511a985d526
2026-09-29;vengeron;ICONCH1;2026-09-29T03:00;2.9;4.9;266.0;18.5;0.0;100.0;0.0;84.0;100.0;100.0;46.24517;6.166931;0.0;2026-09-28T13:15:00+02:00;2026-09-28T13:53:32+02:00;6511a985d526
2026-09-29;vengeron;ICONCH1;2026-09-29T04:00;3.1;4.5;277.0;18.0;0.0;100.0;0.0;92.0;100.0;100.0;46.24517;6.166931;0.0;2026-09-28T13:15:00+02:00;2026-09-28T13:53:32+02:00;6511a985d526
2026-09-29;vengeron;ICONCH1;2026-09-29T05:00;3.3;4.7;298.0;17.2;0.0;100.0;0.0;88.0;100.0;100.0;46.24517;6.166931;0.0;2026-09-28T13:15:00+02:00;2026-09-28T13:53:32+02:00;6511a985d526
2026-09-29;vengeron;ICONCH1;2026-09-29T06:00;3.0;4.5;285.0;17.1;0.0;91.0;0.0;76.0;87.0;91.0;46.24517;6.166931;0.0;2026-09-28T13:15:00+02:00;2026-09-28T13:53:32+02:00;6511a985d526
2026-09-29;vengeron;ICONCH1;2026-09-29T07:00;3.9;5.6;276.0;16.4;0.0;78.0;0.0;67.0;49.0;78.0;46.24517;6.166931;0.0;2026-09-28T13:15:00+02:00;2026-09-28T13:53:32+02:00;6511a985d526
2026-09-29;vengeron;ICONCH1;2026-09-29T08:00;3.9;5.2;276.0;16.1;0.0;70.0;0.0;68.0;9.0;70.0;46.24517;6.166931;0.0;2026-09-28T13:15:00+02:00;2026-09-28T13:53:32+02:00;6511a985d526
2026-09-29;vengeron;ICONCH1;2026-09-29T09:00;1.8;5.1;252.0;17.1;0.0;84.0;0.0;70.0;59.0;84.0;46.24517;6.166931;0.0;2026-09-28T13:15:00+02:00;2026-09-28T13:53:32+02:00;6511a985d526
2026-09-29;vengeron;ICONCH1;2026-09-29T10:00;1.0;2.5;180.0;18.0;0.0;100.0;0.0;66.0;100.0;100.0;46.24517;6.166931;0.0;2026-09-28T13:15:00+02:00;2026-09-28T13:53:32+02:00;6511a985d526
2026-09-29;vengeron;ICONCH1;2026-09-29T11:00;1.8;2.5;167.0;18.9;0.0;100.0;0.0;67.0;100.0;100.0;46.24517;6.166931;0.0;2026-09-28T13:15:00+02:00;2026-09-28T13:53:32+02:00;6511a985d526
2026-09-29;vengeron;ICONCH1;2026-09-29T12:00;2.1;2.9;124.0;20.6;0.0;100.0;0.0;5.0;100.0;100.0;46.24517;6.166931;0.0;2026-09-28T13:15:00+02:00;2026-09-28T13:53:32+02:00;6511a985d526
2026-09-29;vengeron;ICONCH1;2026-09-29T13:00;2.5;3.7;108.0;22.2;0.0;100.0;0.0;0.0;100.0;100.0;46.24517;6.166931;0.0;2026-09-28T13:15:00+02:00;2026-09-28T13:53:32+02:00;6511a985d526
2026-09-29;vengeron;ICONCH1;2026-09-29T14:00;3.1;4.1;86.0;23.2;0.0;100.0;0.0;100.0;100.0;100.0;46.24517;6.166931;0.0;2026-09-28T13:15:00+02:00;2026-09-28T13:53:32+02:00;6511a985d526
2026-09-29;vengeron;ICONCH1;2026-09-29T15:00;2.9;5.1;62.0;23.9;0.0;100.0;0.0;75.0;100.0;100.0;46.24517;6.166931;0.0;2026-09-28T13:15:00+02:00;2026-09-28T13:53:32+02:00;6511a985d526
2026-09-29;vengeron;ICONCH1;2026-09-29T16:00;3.6;4.9;61.0;23.6;0.0;100.0;0.0;78.0;100.0;100.0;46.24517;6.166931;0.0;2026-09-28T13:15:00+02:00;2026-09-28T13:53:32+02:00;6511a985d526
2026-09-29;vengeron;ICONCH1;2026-09-29T17:00;3.4;4.7;47.0;24.4;0.0;100.0;0.0;34.0;100.0;100.0;46.24517;6.166931;0.0;2026-09-28T13:15:00+02:00;2026-09-28T13:53:32+02:00;6511a985d526
2026-09-29;vengeron;ICONCH1;2026-09-29T18:00;6.5;8.6;27.0;23.7;0.0;100.0;0.0;100.0;100.0;100.0;46.24517;6.166931;0.0;2026-09-28T13:15:00+02:00;2026-09-28T13:53:32+02:00;6511a985d526
2026-09-29;vengeron;ICONCH1;2026-09-29T19:00;3.5;8.4;9.0;23.5;0.0;100.0;0.0;78.0;100.0;100.0;46.24517;6.166931;0.0;2026-09-28T13:15:00+02:00;2026-09-28T13:53:32+02:00;6511a985d526
2026-09-29;vengeron;ICONCH1;2026-09-29T20:00;2.4;5.2;351.0;22.5;0.0;100.0;0.0;100.0;100.0;100.0;46.24517;6.166931;0.0;2026-09-28T13:15:00+02:00;2026-09-28T13:53:32+02:00;6511a985d526
2026-09-29;wwmeyzieu;AROMEHD;2026-09-29T01:00;6.3;10.3;140.0;20.4;0.0;;0.0;19.0;100.0;100.0;45.78;4.9799995;0.0;2026-09-28T13:15:00+02:00;2026-09-28T13:53:32+02:00;6511a985d526
2026-09-29;wwmeyzieu;AROMEHD;2026-09-29T02:00;6.5;9.7;139.0;20.0;0.0;;0.0;19.0;100.0;100.0;45.78;4.9799995;0.0;2026-09-28T13:15:00+02:00;2026-09-28T13:53:32+02:00;6511a985d526
2026-09-29;wwmeyzieu;AROMEHD;2026-09-29T03:00;6.5;9.7;143.0;19.7;0.0;;0.0;0.0;100.0;100.0;45.78;4.9799995;0.0;2026-09-28T13:15:00+02:00;2026-09-28T13:53:32+02:00;6511a985d526
2026-09-29;wwmeyzieu;AROMEHD;2026-09-29T04:00;6.1;10.1;143.0;19.4;0.0;;0.0;0.0;100.0;100.0;45.78;4.9799995;0.0;2026-09-28T13:15:00+02:00;2026-09-28T13:53:32+02:00;6511a985d526
2026-09-29;wwmeyzieu;AROMEHD;2026-09-29T05:00;6.0;9.5;142.0;19.2;0.0;;0.0;0.0;100.0;100.0;45.78;4.9799995;0.0;2026-09-28T13:15:00+02:00;2026-09-28T13:53:32+02:00;6511a985d526
2026-09-29;wwmeyzieu;AROMEHD;2026-09-29T06:00;5.7;9.5;131.0;18.8;0.0;;0.0;0.0;100.0;100.0;45.78;4.9799995;0.0;2026-09-28T13:15:00+02:00;2026-09-28T13:53:32+02:00;6511a985d526
2026-09-29;wwmeyzieu;AROMEHD;2026-09-29T07:00;6.1;9.1;127.0;18.6;0.0;;0.0;4.0;100.0;100.0;45.78;4.9799995;0.0;2026-09-28T13:15:00+02:00;2026-09-28T13:53:32+02:00;6511a985d526
2026-09-29;wwmeyzieu;AROMEHD;2026-09-29T08:00;6.8;10.5;125.0;18.3;0.0;;0.0;0.0;100.0;100.0;45.78;4.9799995;0.0;2026-09-28T13:15:00+02:00;2026-09-28T13:53:32+02:00;6511a985d526
2026-09-29;wwmeyzieu;AROMEHD;2026-09-29T09:00;7.3;11.5;132.0;18.8;0.0;;0.0;2.0;100.0;100.0;45.78;4.9799995;0.0;2026-09-28T13:15:00+02:00;2026-09-28T13:53:32+02:00;6511a985d526
2026-09-29;wwmeyzieu;AROMEHD;2026-09-29T10:00;7.8;13.2;167.0;20.9;0.0;;0.0;7.0;100.0;100.0;45.78;4.9799995;0.0;2026-09-28T13:15:00+02:00;2026-09-28T13:53:32+02:00;6511a985d526
2026-09-29;wwmeyzieu;AROMEHD;2026-09-29T11:00;11.1;18.7;185.0;22.6;0.0;;0.0;3.0;100.0;100.0;45.78;4.9799995;0.0;2026-09-28T13:15:00+02:00;2026-09-28T13:53:32+02:00;6511a985d526
2026-09-29;wwmeyzieu;AROMEHD;2026-09-29T12:00;13.0;21.8;183.0;24.3;0.0;;0.0;0.0;100.0;100.0;45.78;4.9799995;0.0;2026-09-28T13:15:00+02:00;2026-09-28T13:53:32+02:00;6511a985d526
2026-09-29;wwmeyzieu;AROMEHD;2026-09-29T13:00;14.0;22.9;189.0;25.4;0.0;;0.0;0.0;100.0;100.0;45.78;4.9799995;0.0;2026-09-28T13:15:00+02:00;2026-09-28T13:53:32+02:00;6511a985d526
2026-09-29;wwmeyzieu;AROMEHD;2026-09-29T14:00;14.4;23.3;189.0;25.4;0.0;;0.0;0.0;100.0;100.0;45.78;4.9799995;0.0;2026-09-28T13:15:00+02:00;2026-09-28T13:53:32+02:00;6511a985d526
2026-09-29;wwmeyzieu;AROMEHD;2026-09-29T15:00;14.4;23.7;184.0;25.8;0.0;;0.0;0.0;100.0;100.0;45.78;4.9799995;0.0;2026-09-28T13:15:00+02:00;2026-09-28T13:53:32+02:00;6511a985d526
2026-09-29;wwmeyzieu;AROMEHD;2026-09-29T16:00;14.0;23.3;183.0;26.0;0.0;;0.0;0.0;100.0;100.0;45.78;4.9799995;0.0;2026-09-28T13:15:00+02:00;2026-09-28T13:53:32+02:00;6511a985d526
2026-09-29;wwmeyzieu;AROMEHD;2026-09-29T17:00;13.6;22.7;182.0;25.9;0.0;;0.0;81.0;91.0;91.0;45.78;4.9799995;0.0;2026-09-28T13:15:00+02:00;2026-09-28T13:53:32+02:00;6511a985d526
2026-09-29;wwmeyzieu;AROMEHD;2026-09-29T18:00;11.5;22.2;181.0;25.6;0.0;;0.0;99.0;11.0;99.0;45.78;4.9799995;0.0;2026-09-28T13:15:00+02:00;2026-09-28T13:53:32+02:00;6511a985d526
2026-09-29;wwmeyzieu;AROMEHD;2026-09-29T19:00;10.4;18.7;188.0;25.3;0.0;;0.0;100.0;0.0;100.0;45.78;4.9799995;0.0;2026-09-28T13:15:00+02:00;2026-09-28T13:53:32+02:00;6511a985d526
2026-09-29;wwmeyzieu;AROMEHD;2026-09-29T20:00;8.6;17.3;179.0;24.5;0.0;;0.0;100.0;100.0;100.0;45.78;4.9799995;0.0;2026-09-28T13:15:00+02:00;2026-09-28T13:53:32+02:00;6511a985d526
2026-09-29;wwmeyzieu;AROMEHD;2026-09-29T21:00;6.8;13.8;175.0;23.8;0.0;;0.0;100.0;15.0;100.0;45.78;4.9799995;0.0;2026-09-28T13:15:00+02:00;2026-09-28T13:53:32+02:00;6511a985d526
2026-09-29;wwmeyzieu;AROMEHD;2026-09-29T22:00;8.6;14.0;176.0;23.9;0.0;;0.0;100.0;100.0;100.0;45.78;4.9799995;0.0;2026-09-28T13:15:00+02:00;2026-09-28T13:53:32+02:00;6511a985d526
2026-09-29;wwmeyzieu;AROMEHD;2026-09-29T23:00;9.9;15.9;179.0;23.8;0.0;;0.0;100.0;0.0;100.0;45.78;4.9799995;0.0;2026-09-28T13:15:00+02:00;2026-09-28T13:53:32+02:00;6511a985d526
2026-09-29;wwmeyzieu;AROMEHD;2026-09-30T00:00;11.7;20.4;182.0;23.2;0.0;;0.0;100.0;0.0;100.0;45.78;4.9799995;0.0;2026-09-28T13:15:00+02:00;2026-09-28T13:53:32+02:00;6511a985d526
2026-09-29;wwmeyzieu;ICONCH1;2026-09-29T01:00;5.3;9.5;161.0;19.6;0.0;100.0;0.0;68.0;100.0;100.0;45.787823;4.9783936;0.0;2026-09-28T13:15:00+02:00;2026-09-28T13:53:32+02:00;6511a985d526
2026-09-29;wwmeyzieu;ICONCH1;2026-09-29T02:00;3.1;8.4;158.0;19.3;0.0;100.0;0.0;67.0;100.0;100.0;45.787823;4.9783936;0.0;2026-09-28T13:15:00+02:00;2026-09-28T13:53:32+02:00;6511a985d526
2026-09-29;wwmeyzieu;ICONCH1;2026-09-29T03:00;3.7;6.0;152.0;19.3;0.0;100.0;0.0;68.0;100.0;100.0;45.787823;4.9783936;0.0;2026-09-28T13:15:00+02:00;2026-09-28T13:53:32+02:00;6511a985d526
2026-09-29;wwmeyzieu;ICONCH1;2026-09-29T04:00;8.9;13.8;151.0;18.9;0.0;100.0;0.0;63.0;100.0;100.0;45.787823;4.9783936;0.0;2026-09-28T13:15:00+02:00;2026-09-28T13:53:32+02:00;6511a985d526
2026-09-29;wwmeyzieu;ICONCH1;2026-09-29T05:00;9.0;14.4;153.0;18.7;0.0;100.0;0.0;66.0;100.0;100.0;45.787823;4.9783936;0.0;2026-09-28T13:15:00+02:00;2026-09-28T13:53:32+02:00;6511a985d526
2026-09-29;wwmeyzieu;ICONCH1;2026-09-29T06:00;8.5;14.0;150.0;18.6;0.0;100.0;0.0;76.0;100.0;100.0;45.787823;4.9783936;0.0;2026-09-28T13:15:00+02:00;2026-09-28T13:53:32+02:00;6511a985d526
2026-09-29;wwmeyzieu;ICONCH1;2026-09-29T07:00;7.4;13.0;139.0;18.4;0.0;100.0;0.0;63.0;100.0;100.0;45.787823;4.9783936;0.0;2026-09-28T13:15:00+02:00;2026-09-28T13:53:32+02:00;6511a985d526
2026-09-29;wwmeyzieu;ICONCH1;2026-09-29T08:00;7.2;11.5;147.0;18.1;0.0;100.0;0.0;68.0;100.0;100.0;45.787823;4.9783936;0.0;2026-09-28T13:15:00+02:00;2026-09-28T13:53:32+02:00;6511a985d526
2026-09-29;wwmeyzieu;ICONCH1;2026-09-29T09:00;7.0;11.5;146.0;18.7;0.0;100.0;0.0;76.0;100.0;100.0;45.787823;4.9783936;0.0;2026-09-28T13:15:00+02:00;2026-09-28T13:53:32+02:00;6511a985d526
2026-09-29;wwmeyzieu;ICONCH1;2026-09-29T10:00;8.1;12.6;156.0;20.2;0.0;100.0;0.0;85.0;100.0;100.0;45.787823;4.9783936;0.0;2026-09-28T13:15:00+02:00;2026-09-28T13:53:32+02:00;6511a985d526
2026-09-29;wwmeyzieu;ICONCH1;2026-09-29T11:00;8.4;13.4;172.0;22.5;0.0;100.0;0.0;29.0;100.0;100.0;45.787823;4.9783936;0.0;2026-09-28T13:15:00+02:00;2026-09-28T13:53:32+02:00;6511a985d526
2026-09-29;wwmeyzieu;ICONCH1;2026-09-29T12:00;10.7;16.7;181.0;23.7;0.0;100.0;0.0;81.0;100.0;100.0;45.787823;4.9783936;0.0;2026-09-28T13:15:00+02:00;2026-09-28T13:53:32+02:00;6511a985d526
2026-09-29;wwmeyzieu;ICONCH1;2026-09-29T13:00;15.3;24.3;192.0;26.4;0.0;100.0;0.0;37.0;100.0;100.0;45.787823;4.9783936;0.0;2026-09-28T13:15:00+02:00;2026-09-28T13:53:32+02:00;6511a985d526
2026-09-29;wwmeyzieu;ICONCH1;2026-09-29T14:00;13.6;25.7;189.0;27.3;0.0;100.0;0.0;19.0;100.0;100.0;45.787823;4.9783936;0.0;2026-09-28T13:15:00+02:00;2026-09-28T13:53:32+02:00;6511a985d526
2026-09-29;wwmeyzieu;ICONCH1;2026-09-29T15:00;13.7;22.0;203.0;27.0;0.0;100.0;0.0;41.0;100.0;100.0;45.787823;4.9783936;0.0;2026-09-28T13:15:00+02:00;2026-09-28T13:53:32+02:00;6511a985d526
2026-09-29;wwmeyzieu;ICONCH1;2026-09-29T16:00;13.9;21.8;202.0;27.6;0.0;100.0;0.0;37.0;100.0;100.0;45.787823;4.9783936;0.0;2026-09-28T13:15:00+02:00;2026-09-28T13:53:32+02:00;6511a985d526
2026-09-29;wwmeyzieu;ICONCH1;2026-09-29T17:00;14.1;23.1;195.0;27.3;0.0;100.0;0.0;35.0;100.0;100.0;45.787823;4.9783936;0.0;2026-09-28T13:15:00+02:00;2026-09-28T13:53:32+02:00;6511a985d526
2026-09-29;wwmeyzieu;ICONCH1;2026-09-29T18:00;10.9;22.0;191.0;27.1;0.0;100.0;0.0;68.0;100.0;100.0;45.787823;4.9783936;0.0;2026-09-28T13:15:00+02:00;2026-09-28T13:53:32+02:00;6511a985d526
2026-09-29;wwmeyzieu;ICONCH1;2026-09-29T19:00;7.7;19.4;207.0;26.1;0.0;81.0;0.0;30.0;61.0;81.0;45.787823;4.9783936;0.0;2026-09-28T13:15:00+02:00;2026-09-28T13:53:32+02:00;6511a985d526
2026-09-29;wwmeyzieu;ICONCH1;2026-09-29T20:00;9.0;14.0;186.0;25.0;0.0;95.0;0.0;88.0;68.0;95.0;45.787823;4.9783936;0.0;2026-09-28T13:15:00+02:00;2026-09-28T13:53:32+02:00;6511a985d526
