target_day;spot_key;model_key;valid_at;wind_speed_10m_kn;wind_gusts_10m_kn;wind_direction_10m_deg;temperature_2m_c;precipitation_mm;cloud_cover_pct;cloud_cover_low_pct;cloud_cover_mid_pct;cloud_cover_high_pct;cloud_cover_max_pct;grid_latitude;grid_longitude;grid_elevation_m;collecte_run_id;collecte_fetched_at;collecte_commit
2026-09-30;cap_des_seselets;AROMEHD;2026-09-30T01:00;6.1;9.3;189.0;21.0;0.0;;0.0;100.0;100.0;100.0;45.66;5.879999;0.0;2026-09-29T13:15:00+02:00;2026-09-29T13:29:12+02:00;877870e97ed7
2026-09-30;cap_des_seselets;AROMEHD;2026-09-30T02:00;2.7;9.3;21.0;20.0;0.0;;0.0;100.0;100.0;100.0;45.66;5.879999;0.0;2026-09-29T13:15:00+02:00;2026-09-29T13:29:12+02:00;877870e97ed7
2026-09-30;cap_des_seselets;AROMEHD;2026-09-30T03:00;1.8;2.9;354.0;18.8;0.0;;0.0;100.0;100.0;100.0;45.66;5.879999;0.0;2026-09-29T13:15:00+02:00;2026-09-29T13:29:12+02:00;877870e97ed7
2026-09-30;cap_des_seselets;AROMEHD;2026-09-30T04:00;2.1;2.5;355.0;19.0;0.0;;0.0;100.0;100.0;100.0;45.66;5.879999;0.0;2026-09-29T13:15:00+02:00;2026-09-29T13:29:12+02:00;877870e97ed7
2026-09-30;cap_des_seselets;AROMEHD;2026-09-30T05:00;0.3;2.7;135.0;18.7;0.0;;0.0;100.0;100.0;100.0;45.66;5.879999;0.0;2026-09-29T13:15:00+02:00;2026-09-29T13:29:12+02:00;877870e97ed7
2026-09-30;cap_des_seselets;AROMEHD;2026-09-30T06:00;0.6;1.4;162.0;18.4;0.0;;0.0;100.0;100.0;100.0;45.66;5.879999;0.0;2026-09-29T13:15:00+02:00;2026-09-29T13:29:12+02:00;877870e97ed7
2026-09-30;cap_des_seselets;AROMEHD;2026-09-30T07:00;0.6;0.4;108.0;18.4;0.0;;0.0;100.0;100.0;100.0;45.66;5.879999;0.0;2026-09-29T13:15:00+02:00;2026-09-29T13:29:12+02:00;877870e97ed7
2026-09-30;cap_des_seselets;AROMEHD;2026-09-30T08:00;1.6;1.6;187.0;18.2;0.0;;0.0;100.0;100.0;100.0;45.66;5.879999;0.0;2026-09-29T13:15:00+02:00;2026-09-29T13:29:12+02:00;877870e97ed7
2026-09-30;cap_des_seselets;AROMEHD;2026-09-30T09:00;0.8;1.9;180.0;18.4;0.0;;0.0;100.0;94.0;100.0;45.66;5.879999;0.0;2026-09-29T13:15:00+02:00;2026-09-29T13:29:12+02:00;877870e97ed7
2026-09-30;cap_des_seselets;AROMEHD;2026-09-30T10:00;0.4;1.4;297.0;18.6;0.0;;0.0;100.0;100.0;100.0;45.66;5.879999;0.0;2026-09-29T13:15:00+02:00;2026-09-29T13:29:12+02:00;877870e97ed7
2026-09-30;cap_des_seselets;AROMEHD;2026-09-30T11:00;0.6;0.8;360.0;19.2;0.0;;0.0;58.0;100.0;100.0;45.66;5.879999;0.0;2026-09-29T13:15:00+02:00;2026-09-29T13:29:12+02:00;877870e97ed7
2026-09-30;cap_des_seselets;AROMEHD;2026-09-30T12:00;2.7;3.3;21.0;20.3;0.0;;0.0;97.0;100.0;100.0;45.66;5.879999;0.0;2026-09-29T13:15:00+02:00;2026-09-29T13:29:12+02:00;877870e97ed7
2026-09-30;cap_des_seselets;AROMEHD;2026-09-30T13:00;5.7;6.6;8.0;21.5;0.0;;0.0;100.0;100.0;100.0;45.66;5.879999;0.0;2026-09-29T13:15:00+02:00;2026-09-29T13:29:12+02:00;877870e97ed7
2026-09-30;cap_des_seselets;AROMEHD;2026-09-30T14:00;5.6;7.2;12.0;21.6;0.0;;0.0;33.0;100.0;100.0;45.66;5.879999;0.0;2026-09-29T13:15:00+02:00;2026-09-29T13:29:12+02:00;877870e97ed7
2026-09-30;cap_des_seselets;AROMEHD;2026-09-30T15:00;1.5;6.4;23.0;21.5;0.0;;0.0;66.0;100.0;100.0;45.66;5.879999;0.0;2026-09-29T13:15:00+02:00;2026-09-29T13:29:12+02:00;877870e97ed7
2026-09-30;cap_des_seselets;AROMEHD;2026-09-30T16:00;2.5;1.9;45.0;22.2;0.0;;0.0;24.0;100.0;100.0;45.66;5.879999;0.0;2026-09-29T13:15:00+02:00;2026-09-29T13:29:12+02:00;877870e97ed7
2026-09-30;cap_des_seselets;AROMEHD;2026-09-30T17:00;3.5;4.1;6.0;21.9;0.0;;0.0;25.0;100.0;100.0;45.66;5.879999;0.0;2026-09-29T13:15:00+02:00;2026-09-29T13:29:12+02:00;877870e97ed7
2026-09-30;cap_des_seselets;AROMEHD;2026-09-30T18:00;2.3;5.8;85.0;21.7;0.0;;0.0;12.0;100.0;100.0;45.66;5.879999;0.0;2026-09-29T13:15:00+02:00;2026-09-29T13:29:12+02:00;877870e97ed7
2026-09-30;cap_des_seselets;AROMEHD;2026-09-30T19:00;4.5;5.1;115.0;22.3;0.0;;0.0;100.0;100.0;100.0;45.66;5.879999;0.0;2026-09-29T13:15:00+02:00;2026-09-29T13:29:12+02:00;877870e97ed7
2026-09-30;cap_des_seselets;AROMEHD;2026-09-30T20:00;1.2;5.8;81.0;21.3;0.0;;0.0;100.0;100.0;100.0;45.66;5.879999;0.0;2026-09-29T13:15:00+02:00;2026-09-29T13:29:12+02:00;877870e97ed7
2026-09-30;cap_des_seselets;AROMEHD;2026-09-30T21:00;3.0;4.7;40.0;21.1;0.0;;0.0;0.0;100.0;100.0;45.66;5.879999;0.0;2026-09-29T13:15:00+02:00;2026-09-29T13:29:12+02:00;877870e97ed7
2026-09-30;cap_des_seselets;AROMEHD;2026-09-30T22:00;2.9;1.9;62.0;20.6;0.0;;0.0;22.0;100.0;100.0;45.66;5.879999;0.0;2026-09-29T13:15:00+02:00;2026-09-29T13:29:12+02:00;877870e97ed7
2026-09-30;cap_des_seselets;AROMEHD;2026-09-30T23:00;1.4;2.5;124.0;20.2;0.0;;0.0;100.0;100.0;100.0;45.66;5.879999;0.0;2026-09-29T13:15:00+02:00;2026-09-29T13:29:12+02:00;877870e97ed7
2026-09-30;cap_des_seselets;AROMEHD;2026-10-01T00:00;1.8;1.9;41.0;20.1;0.0;;0.0;100.0;100.0;100.0;45.66;5.879999;0.0;2026-09-29T13:15:00+02:00;2026-09-29T13:29:12+02:00;877870e97ed7
2026-09-30;cap_des_seselets;ICONCH1;2026-09-30T01:00;2.8;3.9;164.0;19.7;0.0;100.0;0.0;100.0;15.0;100.0;45.66424;5.878174;0.0;2026-09-29T13:15:00+02:00;2026-09-29T13:29:12+02:00;877870e97ed7
2026-09-30;cap_des_seselets;ICONCH1;2026-09-30T02:00;2.9;4.5;138.0;19.8;0.0;96.0;0.0;96.0;0.0;96.0;45.66424;5.878174;0.0;2026-09-29T13:15:00+02:00;2026-09-29T13:29:12+02:00;877870e97ed7
2026-09-30;cap_des_seselets;ICONCH1;2026-09-30T03:00;2.6;3.9;138.0;19.5;0.0;91.0;0.0;92.0;11.0;92.0;45.66424;5.878174;0.0;2026-09-29T13:15:00+02:00;2026-09-29T13:29:12+02:00;877870e97ed7
2026-09-30;cap_des_seselets;ICONCH1;2026-09-30T04:00;2.3;3.5;156.0;19.4;0.0;98.0;0.0;98.0;62.0;98.0;45.66424;5.878174;0.0;2026-09-29T13:15:00+02:00;2026-09-29T13:29:12+02:00;877870e97ed7
2026-09-30;cap_des_seselets;ICONCH1;2026-09-30T05:00;2.5;3.7;113.0;19.6;0.0;100.0;0.0;100.0;0.0;100.0;45.66424;5.878174;0.0;2026-09-29T13:15:00+02:00;2026-09-29T13:29:12+02:00;877870e97ed7
2026-09-30;cap_des_seselets;ICONCH1;2026-09-30T06:00;2.5;3.3;135.0;19.6;0.0;93.0;0.0;93.0;0.0;93.0;45.66424;5.878174;0.0;2026-09-29T13:15:00+02:00;2026-09-29T13:29:12+02:00;877870e97ed7
2026-09-30;cap_des_seselets;ICONCH1;2026-09-30T07:00;2.7;4.3;111.0;19.3;0.0;100.0;0.0;100.0;0.0;100.0;45.66424;5.878174;0.0;2026-09-29T13:15:00+02:00;2026-09-29T13:29:12+02:00;877870e97ed7
2026-09-30;cap_des_seselets;ICONCH1;2026-09-30T08:00;1.4;3.7;106.0;19.6;0.1;93.0;0.0;93.0;0.0;93.0;45.66424;5.878174;0.0;2026-09-29T13:15:00+02:00;2026-09-29T13:29:12+02:00;877870e97ed7
2026-09-30;cap_des_seselets;ICONCH1;2026-09-30T09:00;1.2;2.9;81.0;19.4;0.1;100.0;0.0;90.0;100.0;100.0;45.66424;5.878174;0.0;2026-09-29T13:15:00+02:00;2026-09-29T13:29:12+02:00;877870e97ed7
2026-09-30;cap_des_seselets;ICONCH1;2026-09-30T10:00;4.1;5.6;5.0;20.5;0.0;99.0;0.0;99.0;3.0;99.0;45.66424;5.878174;0.0;2026-09-29T13:15:00+02:00;2026-09-29T13:29:12+02:00;877870e97ed7
2026-09-30;cap_des_seselets;ICONCH1;2026-09-30T11:00;5.3;6.8;8.0;20.6;0.1;100.0;0.0;100.0;87.0;100.0;45.66424;5.878174;0.0;2026-09-29T13:15:00+02:00;2026-09-29T13:29:12+02:00;877870e97ed7
2026-09-30;cap_des_seselets;ICONCH1;2026-09-30T12:00;6.9;8.7;8.0;20.7;0.2;100.0;0.0;100.0;100.0;100.0;45.66424;5.878174;0.0;2026-09-29T13:15:00+02:00;2026-09-29T13:29:12+02:00;877870e97ed7
2026-09-30;cap_des_seselets;ICONCH1;2026-09-30T13:00;8.0;10.3;359.0;20.5;0.3;100.0;0.0;98.0;100.0;100.0;45.66424;5.878174;0.0;2026-09-29T13:15:00+02:00;2026-09-29T13:29:12+02:00;877870e97ed7
2026-09-30;cap_des_seselets;ICONCH1;2026-09-30T14:00;9.0;11.7;9.0;20.5;0.0;100.0;0.0;99.0;100.0;100.0;45.66424;5.878174;0.0;2026-09-29T13:15:00+02:00;2026-09-29T13:29:12+02:00;877870e97ed7
2026-09-30;cap_des_seselets;ICONCH1;2026-09-30T15:00;8.4;12.2;360.0;20.2;0.4;100.0;0.0;100.0;72.0;100.0;45.66424;5.878174;0.0;2026-09-29T13:15:00+02:00;2026-09-29T13:29:12+02:00;877870e97ed7
2026-09-30;cap_des_seselets;ICONCH1;2026-09-30T16:00;3.8;10.7;330.0;20.6;0.4;100.0;0.0;100.0;51.0;100.0;45.66424;5.878174;0.0;2026-09-29T13:15:00+02:00;2026-09-29T13:29:12+02:00;877870e97ed7
2026-09-30;cap_des_seselets;ICONCH1;2026-09-30T17:00;2.8;5.1;192.0;20.9;0.0;100.0;0.0;94.0;100.0;100.0;45.66424;5.878174;0.0;2026-09-29T13:15:00+02:00;2026-09-29T13:29:12+02:00;877870e97ed7
2026-09-30;cap_des_seselets;ICONCH1;2026-09-30T18:00;2.7;4.9;172.0;20.5;0.0;100.0;0.0;98.0;100.0;100.0;45.66424;5.878174;0.0;2026-09-29T13:15:00+02:00;2026-09-29T13:29:12+02:00;877870e97ed7
2026-09-30;cap_des_seselets;ICONCH1;2026-09-30T19:00;1.9;3.7;143.0;20.1;0.1;100.0;0.0;98.0;100.0;100.0;45.66424;5.878174;0.0;2026-09-29T13:15:00+02:00;2026-09-29T13:29:12+02:00;877870e97ed7
2026-09-30;cap_des_seselets;ICONCH1;2026-09-30T20:00;2.2;3.1;142.0;19.5;0.0;100.0;0.0;100.0;100.0;100.0;45.66424;5.878174;0.0;2026-09-29T13:15:00+02:00;2026-09-29T13:29:12+02:00;877870e97ed7
2026-09-30;excenevex;AROMEHD;2026-09-30T01:00;2.5;2.9;184.0;16.7;0.0;;0.0;1.0;2.0;2.0;46.35;6.369999;0.0;2026-09-29T13:15:00+02:00;2026-09-29T13:29:12+02:00;877870e97ed7
2026-09-30;excenevex;AROMEHD;2026-09-30T02:00;1.8;2.7;198.0;16.3;0.0;;0.0;0.0;100.0;100.0;46.35;6.369999;0.0;2026-09-29T13:15:00+02:00;2026-09-29T13:29:12+02:00;877870e97ed7
2026-09-30;excenevex;AROMEHD;2026-09-30T03:00;2.5;2.9;203.0;16.0;0.0;;0.0;100.0;100.0;100.0;46.35;6.369999;0.0;2026-09-29T13:15:00+02:00;2026-09-29T13:29:12+02:00;877870e97ed7
2026-09-30;excenevex;AROMEHD;2026-09-30T04:00;1.7;2.5;180.0;15.8;0.0;;0.0;100.0;100.0;100.0;46.35;6.369999;0.0;2026-09-29T13:15:00+02:00;2026-09-29T13:29:12+02:00;877870e97ed7
2026-09-30;excenevex;AROMEHD;2026-09-30T05:00;1.9;2.1;204.0;17.0;0.0;;0.0;100.0;100.0;100.0;46.35;6.369999;0.0;2026-09-29T13:15:00+02:00;2026-09-29T13:29:12+02:00;877870e97ed7
2026-09-30;excenevex;AROMEHD;2026-09-30T06:00;1.8;1.9;122.0;17.4;0.0;;0.0;100.0;1.0;100.0;46.35;6.369999;0.0;2026-09-29T13:15:00+02:00;2026-09-29T13:29:12+02:00;877870e97ed7
2026-09-30;excenevex;AROMEHD;2026-09-30T07:00;1.7;3.7;126.0;17.2;0.0;;0.0;100.0;3.0;100.0;46.35;6.369999;0.0;2026-09-29T13:15:00+02:00;2026-09-29T13:29:12+02:00;877870e97ed7
2026-09-30;excenevex;AROMEHD;2026-09-30T08:00;0.8;2.1;225.0;17.1;0.0;;0.0;100.0;100.0;100.0;46.35;6.369999;0.0;2026-09-29T13:15:00+02:00;2026-09-29T13:29:12+02:00;877870e97ed7
2026-09-30;excenevex;AROMEHD;2026-09-30T09:00;2.4;2.5;235.0;17.0;0.0;;0.0;100.0;100.0;100.0;46.35;6.369999;0.0;2026-09-29T13:15:00+02:00;2026-09-29T13:29:12+02:00;877870e97ed7
2026-09-30;excenevex;AROMEHD;2026-09-30T10:00;2.5;4.9;225.0;17.6;0.0;;0.0;100.0;100.0;100.0;46.35;6.369999;0.0;2026-09-29T13:15:00+02:00;2026-09-29T13:29:12+02:00;877870e97ed7
2026-09-30;excenevex;AROMEHD;2026-09-30T11:00;0.9;3.1;333.0;19.1;0.0;;0.0;100.0;100.0;100.0;46.35;6.369999;0.0;2026-09-29T13:15:00+02:00;2026-09-29T13:29:12+02:00;877870e97ed7
2026-09-30;excenevex;AROMEHD;2026-09-30T12:00;2.9;3.5;20.0;19.0;0.0;;0.0;100.0;100.0;100.0;46.35;6.369999;0.0;2026-09-29T13:15:00+02:00;2026-09-29T13:29:12+02:00;877870e97ed7
2026-09-30;excenevex;AROMEHD;2026-09-30T13:00;1.5;3.5;50.0;19.1;0.0;;0.0;100.0;100.0;100.0;46.35;6.369999;0.0;2026-09-29T13:15:00+02:00;2026-09-29T13:29:12+02:00;877870e97ed7
2026-09-30;excenevex;AROMEHD;2026-09-30T14:00;1.4;1.6;8.0;19.8;0.0;;0.0;100.0;100.0;100.0;46.35;6.369999;0.0;2026-09-29T13:15:00+02:00;2026-09-29T13:29:12+02:00;877870e97ed7
2026-09-30;excenevex;AROMEHD;2026-09-30T15:00;3.0;2.9;23.0;20.0;0.0;;0.0;100.0;100.0;100.0;46.35;6.369999;0.0;2026-09-29T13:15:00+02:00;2026-09-29T13:29:12+02:00;877870e97ed7
2026-09-30;excenevex;AROMEHD;2026-09-30T16:00;4.3;4.7;39.0;20.3;0.0;;0.0;100.0;100.0;100.0;46.35;6.369999;0.0;2026-09-29T13:15:00+02:00;2026-09-29T13:29:12+02:00;877870e97ed7
2026-09-30;excenevex;AROMEHD;2026-09-30T17:00;3.9;4.7;3.0;20.1;0.0;;0.0;100.0;100.0;100.0;46.35;6.369999;0.0;2026-09-29T13:15:00+02:00;2026-09-29T13:29:12+02:00;877870e97ed7
2026-09-30;excenevex;AROMEHD;2026-09-30T18:00;2.9;4.5;8.0;20.4;0.0;;0.0;100.0;100.0;100.0;46.35;6.369999;0.0;2026-09-29T13:15:00+02:00;2026-09-29T13:29:12+02:00;877870e97ed7
2026-09-30;excenevex;AROMEHD;2026-09-30T19:00;0.2;3.3;270.0;20.3;0.0;;0.0;100.0;100.0;100.0;46.35;6.369999;0.0;2026-09-29T13:15:00+02:00;2026-09-29T13:29:12+02:00;877870e97ed7
2026-09-30;excenevex;AROMEHD;2026-09-30T20:00;3.0;2.9;281.0;20.1;0.0;;0.0;100.0;100.0;100.0;46.35;6.369999;0.0;2026-09-29T13:15:00+02:00;2026-09-29T13:29:12+02:00;877870e97ed7
2026-09-30;excenevex;AROMEHD;2026-09-30T21:00;5.3;6.2;242.0;19.7;0.0;;0.0;100.0;100.0;100.0;46.35;6.369999;0.0;2026-09-29T13:15:00+02:00;2026-09-29T13:29:12+02:00;877870e97ed7
2026-09-30;excenevex;AROMEHD;2026-09-30T22:00;4.2;7.0;242.0;20.4;0.0;;0.0;100.0;100.0;100.0;46.35;6.369999;0.0;2026-09-29T13:15:00+02:00;2026-09-29T13:29:12+02:00;877870e97ed7
2026-09-30;excenevex;AROMEHD;2026-09-30T23:00;3.2;4.7;232.0;20.2;0.0;;0.0;4.0;100.0;100.0;46.35;6.369999;0.0;2026-09-29T13:15:00+02:00;2026-09-29T13:29:12+02:00;877870e97ed7
2026-09-30;excenevex;AROMEHD;2026-10-01T00:00;3.0;5.1;238.0;19.5;0.0;;0.0;100.0;100.0;100.0;46.35;6.369999;0.0;2026-09-29T13:15:00+02:00;2026-09-29T13:29:12+02:00;877870e97ed7
2026-09-30;excenevex;ICONCH1;2026-09-30T01:00;2.4;5.4;241.0;18.4;0.0;84.0;0.0;84.0;0.0;84.0;46.351723;6.3624268;0.0;2026-09-29T13:15:00+02:00;2026-09-29T13:29:12+02:00;877870e97ed7
2026-09-30;excenevex;ICONCH1;2026-09-30T02:00;2.1;5.1;214.0;17.8;0.0;100.0;0.0;100.0;0.0;100.0;46.351723;6.3624268;0.0;2026-09-29T13:15:00+02:00;2026-09-29T13:29:12+02:00;877870e97ed7
2026-09-30;excenevex;ICONCH1;2026-09-30T03:00;2.4;4.1;215.0;17.9;0.1;100.0;0.0;100.0;0.0;100.0;46.351723;6.3624268;0.0;2026-09-29T13:15:00+02:00;2026-09-29T13:29:12+02:00;877870e97ed7
2026-09-30;excenevex;ICONCH1;2026-09-30T04:00;1.6;3.7;210.0;18.2;0.0;100.0;0.0;100.0;2.0;100.0;46.351723;6.3624268;0.0;2026-09-29T13:15:00+02:00;2026-09-29T13:29:12+02:00;877870e97ed7
2026-09-30;excenevex;ICONCH1;2026-09-30T05:00;1.5;2.5;203.0;18.8;0.0;96.0;0.0;96.0;0.0;96.0;46.351723;6.3624268;0.0;2026-09-29T13:15:00+02:00;2026-09-29T13:29:12+02:00;877870e97ed7
2026-09-30;excenevex;ICONCH1;2026-09-30T06:00;1.7;3.3;201.0;18.5;0.1;100.0;0.0;100.0;0.0;100.0;46.351723;6.3624268;0.0;2026-09-29T13:15:00+02:00;2026-09-29T13:29:12+02:00;877870e97ed7
2026-09-30;excenevex;ICONCH1;2026-09-30T07:00;2.3;3.5;156.0;18.2;0.3;100.0;0.0;100.0;6.0;100.0;46.351723;6.3624268;0.0;2026-09-29T13:15:00+02:00;2026-09-29T13:29:12+02:00;877870e97ed7
2026-09-30;excenevex;ICONCH1;2026-09-30T08:00;1.2;3.5;90.0;18.9;0.0;100.0;0.0;100.0;89.0;100.0;46.351723;6.3624268;0.0;2026-09-29T13:15:00+02:00;2026-09-29T13:29:12+02:00;877870e97ed7
2026-09-30;excenevex;ICONCH1;2026-09-30T09:00;0.8;2.1;166.0;19.1;0.0;100.0;6.0;100.0;14.0;100.0;46.351723;6.3624268;0.0;2026-09-29T13:15:00+02:00;2026-09-29T13:29:12+02:00;877870e97ed7
2026-09-30;excenevex;ICONCH1;2026-09-30T10:00;3.0;4.5;220.0;18.9;0.0;100.0;0.0;97.0;100.0;100.0;46.351723;6.3624268;0.0;2026-09-29T13:15:00+02:00;2026-09-29T13:29:12+02:00;877870e97ed7
2026-09-30;excenevex;ICONCH1;2026-09-30T11:00;4.5;7.2;236.0;18.5;0.9;100.0;0.0;100.0;100.0;100.0;46.351723;6.3624268;0.0;2026-09-29T13:15:00+02:00;2026-09-29T13:29:12+02:00;877870e97ed7
2026-09-30;excenevex;ICONCH1;2026-09-30T12:00;1.4;6.6;214.0;18.5;1.5;100.0;0.0;100.0;100.0;100.0;46.351723;6.3624268;0.0;2026-09-29T13:15:00+02:00;2026-09-29T13:29:12+02:00;877870e97ed7
2026-09-30;excenevex;ICONCH1;2026-09-30T13:00;1.4;2.3;214.0;19.2;0.0;100.0;0.0;99.0;91.0;100.0;46.351723;6.3624268;0.0;2026-09-29T13:15:00+02:00;2026-09-29T13:29:12+02:00;877870e97ed7
2026-09-30;excenevex;ICONCH1;2026-09-30T14:00;1.8;3.9;238.0;19.5;0.1;100.0;0.0;100.0;100.0;100.0;46.351723;6.3624268;0.0;2026-09-29T13:15:00+02:00;2026-09-29T13:29:12+02:00;877870e97ed7
2026-09-30;excenevex;ICONCH1;2026-09-30T15:00;3.3;4.9;253.0;19.7;0.1;100.0;0.0;100.0;100.0;100.0;46.351723;6.3624268;0.0;2026-09-29T13:15:00+02:00;2026-09-29T13:29:12+02:00;877870e97ed7
2026-09-30;excenevex;ICONCH1;2026-09-30T16:00;3.1;5.8;274.0;19.6;0.1;100.0;0.0;100.0;100.0;100.0;46.351723;6.3624268;0.0;2026-09-29T13:15:00+02:00;2026-09-29T13:29:12+02:00;877870e97ed7
2026-09-30;excenevex;ICONCH1;2026-09-30T17:00;1.5;4.7;310.0;19.5;0.0;99.0;0.0;99.0;77.0;99.0;46.351723;6.3624268;0.0;2026-09-29T13:15:00+02:00;2026-09-29T13:29:12+02:00;877870e97ed7
2026-09-30;excenevex;ICONCH1;2026-09-30T18:00;1.1;2.5;59.0;19.6;0.0;99.0;12.0;94.0;60.0;99.0;46.351723;6.3624268;0.0;2026-09-29T13:15:00+02:00;2026-09-29T13:29:12+02:00;877870e97ed7
2026-09-30;excenevex;ICONCH1;2026-09-30T19:00;1.8;2.9;108.0;19.7;0.0;100.0;29.0;100.0;100.0;100.0;46.351723;6.3624268;0.0;2026-09-29T13:15:00+02:00;2026-09-29T13:29:12+02:00;877870e97ed7
2026-09-30;excenevex;ICONCH1;2026-09-30T20:00;2.1;3.1;214.0;18.9;0.0;100.0;30.0;99.0;100.0;100.0;46.351723;6.3624268;0.0;2026-09-29T13:15:00+02:00;2026-09-29T13:29:12+02:00;877870e97ed7
2026-09-30;hermance;AROMEHD;2026-09-30T01:00;1.2;3.3;141.0;17.5;0.0;;0.0;0.0;93.0;93.0;46.309998;6.24;0.0;2026-09-29T13:15:00+02:00;2026-09-29T13:29:12+02:00;877870e97ed7
2026-09-30;hermance;AROMEHD;2026-09-30T02:00;0.6;1.6;90.0;17.4;0.0;;0.0;0.0;100.0;100.0;46.309998;6.24;0.0;2026-09-29T13:15:00+02:00;2026-09-29T13:29:12+02:00;877870e97ed7
2026-09-30;hermance;AROMEHD;2026-09-30T03:00;3.6;4.3;139.0;16.4;0.0;;0.0;100.0;100.0;100.0;46.309998;6.24;0.0;2026-09-29T13:15:00+02:00;2026-09-29T13:29:12+02:00;877870e97ed7
2026-09-30;hermance;AROMEHD;2026-09-30T04:00;1.2;4.3;90.0;16.5;0.0;;0.0;100.0;100.0;100.0;46.309998;6.24;0.0;2026-09-29T13:15:00+02:00;2026-09-29T13:29:12+02:00;877870e97ed7
2026-09-30;hermance;AROMEHD;2026-09-30T05:00;0.4;2.1;90.0;17.3;0.0;;0.0;100.0;100.0;100.0;46.309998;6.24;0.0;2026-09-29T13:15:00+02:00;2026-09-29T13:29:12+02:00;877870e97ed7
2026-09-30;hermance;AROMEHD;2026-09-30T06:00;2.7;3.5;30.0;17.6;0.0;;0.0;100.0;65.0;100.0;46.309998;6.24;0.0;2026-09-29T13:15:00+02:00;2026-09-29T13:29:12+02:00;877870e97ed7
2026-09-30;hermance;AROMEHD;2026-09-30T07:00;4.0;4.9;51.0;17.8;0.0;;0.0;100.0;89.0;100.0;46.309998;6.24;0.0;2026-09-29T13:15:00+02:00;2026-09-29T13:29:12+02:00;877870e97ed7
2026-09-30;hermance;AROMEHD;2026-09-30T08:00;3.2;5.2;346.0;18.4;0.0;;0.0;100.0;100.0;100.0;46.309998;6.24;0.0;2026-09-29T13:15:00+02:00;2026-09-29T13:29:12+02:00;877870e97ed7
2026-09-30;hermance;AROMEHD;2026-09-30T09:00;3.5;2.9;142.0;17.6;0.0;;0.0;100.0;100.0;100.0;46.309998;6.24;0.0;2026-09-29T13:15:00+02:00;2026-09-29T13:29:12+02:00;877870e97ed7
2026-09-30;hermance;AROMEHD;2026-09-30T10:00;3.0;5.4;157.0;18.2;0.0;;0.0;100.0;100.0;100.0;46.309998;6.24;0.0;2026-09-29T13:15:00+02:00;2026-09-29T13:29:12+02:00;877870e97ed7
2026-09-30;hermance;AROMEHD;2026-09-30T11:00;0.5;3.9;225.0;18.9;0.0;;0.0;100.0;100.0;100.0;46.309998;6.24;0.0;2026-09-29T13:15:00+02:00;2026-09-29T13:29:12+02:00;877870e97ed7
2026-09-30;hermance;AROMEHD;2026-09-30T12:00;2.2;2.5;350.0;18.9;0.0;;0.0;100.0;100.0;100.0;46.309998;6.24;0.0;2026-09-29T13:15:00+02:00;2026-09-29T13:29:12+02:00;877870e97ed7
2026-09-30;hermance;AROMEHD;2026-09-30T13:00;3.8;4.3;348.0;19.3;0.0;;0.0;100.0;100.0;100.0;46.309998;6.24;0.0;2026-09-29T13:15:00+02:00;2026-09-29T13:29:12+02:00;877870e97ed7
2026-09-30;hermance;AROMEHD;2026-09-30T14:00;4.9;5.4;353.0;19.8;0.0;;0.0;100.0;100.0;100.0;46.309998;6.24;0.0;2026-09-29T13:15:00+02:00;2026-09-29T13:29:12+02:00;877870e97ed7
2026-09-30;hermance;AROMEHD;2026-09-30T15:00;4.2;5.4;28.0;21.5;0.0;;0.0;100.0;100.0;100.0;46.309998;6.24;0.0;2026-09-29T13:15:00+02:00;2026-09-29T13:29:12+02:00;877870e97ed7
2026-09-30;hermance;AROMEHD;2026-09-30T16:00;6.9;7.6;8.0;21.2;0.0;;0.0;100.0;100.0;100.0;46.309998;6.24;0.0;2026-09-29T13:15:00+02:00;2026-09-29T13:29:12+02:00;877870e97ed7
2026-09-30;hermance;AROMEHD;2026-09-30T17:00;7.5;10.3;31.0;20.9;0.0;;0.0;100.0;100.0;100.0;46.309998;6.24;0.0;2026-09-29T13:15:00+02:00;2026-09-29T13:29:12+02:00;877870e97ed7
2026-09-30;hermance;AROMEHD;2026-09-30T18:00;5.1;8.9;32.0;21.1;0.0;;0.0;100.0;100.0;100.0;46.309998;6.24;0.0;2026-09-29T13:15:00+02:00;2026-09-29T13:29:12+02:00;877870e97ed7
2026-09-30;hermance;AROMEHD;2026-09-30T19:00;2.8;6.4;12.0;20.7;0.0;;0.0;100.0;100.0;100.0;46.309998;6.24;0.0;2026-09-29T13:15:00+02:00;2026-09-29T13:29:12+02:00;877870e97ed7
2026-09-30;hermance;AROMEHD;2026-09-30T20:00;3.3;4.9;315.0;20.9;0.0;;0.0;100.0;100.0;100.0;46.309998;6.24;0.0;2026-09-29T13:15:00+02:00;2026-09-29T13:29:12+02:00;877870e97ed7
2026-09-30;hermance;AROMEHD;2026-09-30T21:00;4.4;4.9;128.0;19.6;0.0;;0.0;100.0;100.0;100.0;46.309998;6.24;0.0;2026-09-29T13:15:00+02:00;2026-09-29T13:29:12+02:00;877870e97ed7
2026-09-30;hermance;AROMEHD;2026-09-30T22:00;4.8;6.4;166.0;20.7;0.0;;0.0;45.0;100.0;100.0;46.309998;6.24;0.0;2026-09-29T13:15:00+02:00;2026-09-29T13:29:12+02:00;877870e97ed7
2026-09-30;hermance;AROMEHD;2026-09-30T23:00;3.0;5.8;203.0;20.5;0.0;;0.0;7.0;100.0;100.0;46.309998;6.24;0.0;2026-09-29T13:15:00+02:00;2026-09-29T13:29:12+02:00;877870e97ed7
2026-09-30;hermance;AROMEHD;2026-10-01T00:00;3.8;4.1;255.0;20.1;0.0;;0.0;100.0;100.0;100.0;46.309998;6.24;0.0;2026-09-29T13:15:00+02:00;2026-09-29T13:29:12+02:00;877870e97ed7
2026-09-30;hermance;ICONCH1;2026-09-30T01:00;3.3;5.4;163.0;19.0;0.0;81.0;0.0;81.0;0.0;81.0;46.30753;6.2349854;0.0;2026-09-29T13:15:00+02:00;2026-09-29T13:29:12+02:00;877870e97ed7
2026-09-30;hermance;ICONCH1;2026-09-30T02:00;3.0;5.2;169.0;19.2;0.0;100.0;0.0;100.0;0.0;100.0;46.30753;6.2349854;0.0;2026-09-29T13:15:00+02:00;2026-09-29T13:29:12+02:00;877870e97ed7
2026-09-30;hermance;ICONCH1;2026-09-30T03:00;1.2;4.1;171.0;19.1;0.1;100.0;0.0;100.0;1.0;100.0;46.30753;6.2349854;0.0;2026-09-29T13:15:00+02:00;2026-09-29T13:29:12+02:00;877870e97ed7
2026-09-30;hermance;ICONCH1;2026-09-30T04:00;1.4;2.7;180.0;19.1;0.0;93.0;0.0;93.0;0.0;93.0;46.30753;6.2349854;0.0;2026-09-29T13:15:00+02:00;2026-09-29T13:29:12+02:00;877870e97ed7
2026-09-30;hermance;ICONCH1;2026-09-30T05:00;0.8;2.3;166.0;19.1;0.0;86.0;0.0;86.0;4.0;86.0;46.30753;6.2349854;0.0;2026-09-29T13:15:00+02:00;2026-09-29T13:29:12+02:00;877870e97ed7
2026-09-30;hermance;ICONCH1;2026-09-30T06:00;1.0;1.4;233.0;19.0;0.0;91.0;0.0;91.0;0.0;91.0;46.30753;6.2349854;0.0;2026-09-29T13:15:00+02:00;2026-09-29T13:29:12+02:00;877870e97ed7
2026-09-30;hermance;ICONCH1;2026-09-30T07:00;2.2;3.1;105.0;18.7;0.2;100.0;0.0;100.0;100.0;100.0;46.30753;6.2349854;0.0;2026-09-29T13:15:00+02:00;2026-09-29T13:29:12+02:00;877870e97ed7
2026-09-30;hermance;ICONCH1;2026-09-30T08:00;1.5;3.3;67.0;18.8;0.0;100.0;0.0;100.0;100.0;100.0;46.30753;6.2349854;0.0;2026-09-29T13:15:00+02:00;2026-09-29T13:29:12+02:00;877870e97ed7
2026-09-30;hermance;ICONCH1;2026-09-30T09:00;1.8;4.3;139.0;18.3;0.0;99.0;0.0;77.0;95.0;99.0;46.30753;6.2349854;0.0;2026-09-29T13:15:00+02:00;2026-09-29T13:29:12+02:00;877870e97ed7
2026-09-30;hermance;ICONCH1;2026-09-30T10:00;4.0;5.4;223.0;19.1;0.1;100.0;0.0;100.0;100.0;100.0;46.30753;6.2349854;0.0;2026-09-29T13:15:00+02:00;2026-09-29T13:29:12+02:00;877870e97ed7
2026-09-30;hermance;ICONCH1;2026-09-30T11:00;2.6;6.2;222.0;18.5;2.1;100.0;0.0;100.0;100.0;100.0;46.30753;6.2349854;0.0;2026-09-29T13:15:00+02:00;2026-09-29T13:29:12+02:00;877870e97ed7
2026-09-30;hermance;ICONCH1;2026-09-30T12:00;1.3;3.7;153.0;18.7;0.9;100.0;0.0;100.0;89.0;100.0;46.30753;6.2349854;0.0;2026-09-29T13:15:00+02:00;2026-09-29T13:29:12+02:00;877870e97ed7
2026-09-30;hermance;ICONCH1;2026-09-30T13:00;2.4;3.1;189.0;19.1;0.0;100.0;0.0;95.0;100.0;100.0;46.30753;6.2349854;0.0;2026-09-29T13:15:00+02:00;2026-09-29T13:29:12+02:00;877870e97ed7
2026-09-30;hermance;ICONCH1;2026-09-30T14:00;3.0;4.3;225.0;19.2;0.3;100.0;0.0;100.0;100.0;100.0;46.30753;6.2349854;0.0;2026-09-29T13:15:00+02:00;2026-09-29T13:29:12+02:00;877870e97ed7
2026-09-30;hermance;ICONCH1;2026-09-30T15:00;2.5;4.5;238.0;19.3;0.3;100.0;0.0;100.0;100.0;100.0;46.30753;6.2349854;0.0;2026-09-29T13:15:00+02:00;2026-09-29T13:29:12+02:00;877870e97ed7
2026-09-30;hermance;ICONCH1;2026-09-30T16:00;0.7;3.3;304.0;19.3;0.2;100.0;7.0;100.0;100.0;100.0;46.30753;6.2349854;0.0;2026-09-29T13:15:00+02:00;2026-09-29T13:29:12+02:00;877870e97ed7
2026-09-30;hermance;ICONCH1;2026-09-30T17:00;1.6;2.5;353.0;19.5;0.1;100.0;40.0;100.0;81.0;100.0;46.30753;6.2349854;0.0;2026-09-29T13:15:00+02:00;2026-09-29T13:29:12+02:00;877870e97ed7
2026-09-30;hermance;ICONCH1;2026-09-30T18:00;1.8;2.7;58.0;19.7;0.0;100.0;0.0;82.0;98.0;100.0;46.30753;6.2349854;0.0;2026-09-29T13:15:00+02:00;2026-09-29T13:29:12+02:00;877870e97ed7
2026-09-30;hermance;ICONCH1;2026-09-30T19:00;3.5;4.7;87.0;19.5;0.0;100.0;52.0;100.0;100.0;100.0;46.30753;6.2349854;0.0;2026-09-29T13:15:00+02:00;2026-09-29T13:29:12+02:00;877870e97ed7
2026-09-30;hermance;ICONCH1;2026-09-30T20:00;2.1;4.7;112.0;19.2;0.0;100.0;12.0;96.0;100.0;100.0;46.30753;6.2349854;0.0;2026-09-29T13:15:00+02:00;2026-09-29T13:29:12+02:00;877870e97ed7
2026-09-30;loire_sur_rhone;AROMEHD;2026-09-30T01:00;13.9;32.3;172.0;23.7;0.0;;0.0;100.0;100.0;100.0;45.559998;4.8199997;170.0;2026-09-29T13:15:00+02:00;2026-09-29T13:29:12+02:00;877870e97ed7
2026-09-30;loire_sur_rhone;AROMEHD;2026-09-30T02:00;15.0;32.3;171.0;23.7;0.0;;0.0;96.0;97.0;97.0;45.559998;4.8199997;170.0;2026-09-29T13:15:00+02:00;2026-09-29T13:29:12+02:00;877870e97ed7
2026-09-30;loire_sur_rhone;AROMEHD;2026-09-30T03:00;14.8;32.1;170.0;23.7;0.0;;0.0;100.0;100.0;100.0;45.559998;4.8199997;170.0;2026-09-29T13:15:00+02:00;2026-09-29T13:29:12+02:00;877870e97ed7
2026-09-30;loire_sur_rhone;AROMEHD;2026-09-30T04:00;13.4;32.1;167.0;23.4;0.0;;0.0;100.0;98.0;100.0;45.559998;4.8199997;170.0;2026-09-29T13:15:00+02:00;2026-09-29T13:29:12+02:00;877870e97ed7
2026-09-30;loire_sur_rhone;AROMEHD;2026-09-30T05:00;13.2;30.1;183.0;23.6;0.0;;0.0;100.0;88.0;100.0;45.559998;4.8199997;170.0;2026-09-29T13:15:00+02:00;2026-09-29T13:29:12+02:00;877870e97ed7
2026-09-30;loire_sur_rhone;AROMEHD;2026-09-30T06:00;10.9;29.9;170.0;23.2;0.0;;0.0;100.0;99.0;100.0;45.559998;4.8199997;170.0;2026-09-29T13:15:00+02:00;2026-09-29T13:29:12+02:00;877870e97ed7
2026-09-30;loire_sur_rhone;AROMEHD;2026-09-30T07:00;13.6;30.1;180.0;22.7;0.0;;0.0;100.0;83.0;100.0;45.559998;4.8199997;170.0;2026-09-29T13:15:00+02:00;2026-09-29T13:29:12+02:00;877870e97ed7
2026-09-30;loire_sur_rhone;AROMEHD;2026-09-30T08:00;13.6;30.5;179.0;21.1;0.1;;0.0;100.0;99.0;100.0;45.559998;4.8199997;170.0;2026-09-29T13:15:00+02:00;2026-09-29T13:29:12+02:00;877870e97ed7
2026-09-30;loire_sur_rhone;AROMEHD;2026-09-30T09:00;13.8;32.5;182.0;22.0;0.0;;0.0;100.0;100.0;100.0;45.559998;4.8199997;170.0;2026-09-29T13:15:00+02:00;2026-09-29T13:29:12+02:00;877870e97ed7
2026-09-30;loire_sur_rhone;AROMEHD;2026-09-30T10:00;13.6;30.5;178.0;22.3;0.0;;0.0;100.0;100.0;100.0;45.559998;4.8199997;170.0;2026-09-29T13:15:00+02:00;2026-09-29T13:29:12+02:00;877870e97ed7
2026-09-30;loire_sur_rhone;AROMEHD;2026-09-30T11:00;15.4;32.9;179.0;21.5;0.1;;0.0;100.0;100.0;100.0;45.559998;4.8199997;170.0;2026-09-29T13:15:00+02:00;2026-09-29T13:29:12+02:00;877870e97ed7
2026-09-30;loire_sur_rhone;AROMEHD;2026-09-30T12:00;17.0;36.3;173.0;20.7;0.2;;0.0;100.0;100.0;100.0;45.559998;4.8199997;170.0;2026-09-29T13:15:00+02:00;2026-09-29T13:29:12+02:00;877870e97ed7
2026-09-30;loire_sur_rhone;AROMEHD;2026-09-30T13:00;14.3;35.8;175.0;21.3;0.2;;0.0;100.0;100.0;100.0;45.559998;4.8199997;170.0;2026-09-29T13:15:00+02:00;2026-09-29T13:29:12+02:00;877870e97ed7
2026-09-30;loire_sur_rhone;AROMEHD;2026-09-30T14:00;14.4;31.1;176.0;22.6;0.0;;0.0;100.0;100.0;100.0;45.559998;4.8199997;170.0;2026-09-29T13:15:00+02:00;2026-09-29T13:29:12+02:00;877870e97ed7
2026-09-30;loire_sur_rhone;AROMEHD;2026-09-30T15:00;13.4;31.5;172.0;23.3;0.0;;0.0;100.0;100.0;100.0;45.559998;4.8199997;170.0;2026-09-29T13:15:00+02:00;2026-09-29T13:29:12+02:00;877870e97ed7
2026-09-30;loire_sur_rhone;AROMEHD;2026-09-30T16:00;12.8;31.9;163.0;21.8;0.0;;0.0;100.0;100.0;100.0;45.559998;4.8199997;170.0;2026-09-29T13:15:00+02:00;2026-09-29T13:29:12+02:00;877870e97ed7
2026-09-30;loire_sur_rhone;AROMEHD;2026-09-30T17:00;11.6;27.6;172.0;21.9;0.3;;0.0;15.0;100.0;100.0;45.559998;4.8199997;170.0;2026-09-29T13:15:00+02:00;2026-09-29T13:29:12+02:00;877870e97ed7
2026-09-30;loire_sur_rhone;AROMEHD;2026-09-30T18:00;13.0;28.8;171.0;22.0;0.0;;0.0;3.0;100.0;100.0;45.559998;4.8199997;170.0;2026-09-29T13:15:00+02:00;2026-09-29T13:29:12+02:00;877870e97ed7
2026-09-30;loire_sur_rhone;AROMEHD;2026-09-30T19:00;11.3;29.2;177.0;21.7;0.0;;0.0;100.0;100.0;100.0;45.559998;4.8199997;170.0;2026-09-29T13:15:00+02:00;2026-09-29T13:29:12+02:00;877870e97ed7
2026-09-30;loire_sur_rhone;AROMEHD;2026-09-30T20:00;11.5;27.0;176.0;22.2;0.0;;0.0;100.0;100.0;100.0;45.559998;4.8199997;170.0;2026-09-29T13:15:00+02:00;2026-09-29T13:29:12+02:00;877870e97ed7
2026-09-30;loire_sur_rhone;AROMEHD;2026-09-30T21:00;9.0;25.5;175.0;22.5;0.0;;0.0;100.0;100.0;100.0;45.559998;4.8199997;170.0;2026-09-29T13:15:00+02:00;2026-09-29T13:29:12+02:00;877870e97ed7
2026-09-30;loire_sur_rhone;AROMEHD;2026-09-30T22:00;10.3;22.5;169.0;22.0;0.0;;0.0;100.0;100.0;100.0;45.559998;4.8199997;170.0;2026-09-29T13:15:00+02:00;2026-09-29T13:29:12+02:00;877870e97ed7
2026-09-30;loire_sur_rhone;AROMEHD;2026-09-30T23:00;10.6;22.5;172.0;21.2;0.2;;14.0;100.0;100.0;100.0;45.559998;4.8199997;170.0;2026-09-29T13:15:00+02:00;2026-09-29T13:29:12+02:00;877870e97ed7
2026-09-30;loire_sur_rhone;AROMEHD;2026-10-01T00:00;10.5;25.1;176.0;19.9;4.3;;0.0;100.0;100.0;100.0;45.559998;4.8199997;170.0;2026-09-29T13:15:00+02:00;2026-09-29T13:29:12+02:00;877870e97ed7
2026-09-30;loire_sur_rhone;ICONCH1;2026-09-30T01:00;17.5;30.3;167.0;21.1;0.0;76.0;0.0;76.0;0.0;76.0;45.550514;4.828491;200.0;2026-09-29T13:15:00+02:00;2026-09-29T13:29:12+02:00;877870e97ed7
2026-09-30;loire_sur_rhone;ICONCH1;2026-09-30T02:00;15.7;28.8;168.0;21.0;0.0;96.0;3.0;91.0;72.0;96.0;45.550514;4.828491;200.0;2026-09-29T13:15:00+02:00;2026-09-29T13:29:12+02:00;877870e97ed7
2026-09-30;loire_sur_rhone;ICONCH1;2026-09-30T03:00;14.9;26.0;166.0;21.1;0.0;100.0;6.0;89.0;100.0;100.0;45.550514;4.828491;200.0;2026-09-29T13:15:00+02:00;2026-09-29T13:29:12+02:00;877870e97ed7
2026-09-30;loire_sur_rhone;ICONCH1;2026-09-30T04:00;16.3;29.4;172.0;21.3;0.0;97.0;27.0;82.0;83.0;97.0;45.550514;4.828491;200.0;2026-09-29T13:15:00+02:00;2026-09-29T13:29:12+02:00;877870e97ed7
2026-09-30;loire_sur_rhone;ICONCH1;2026-09-30T05:00;16.9;29.2;177.0;21.1;0.0;100.0;12.0;96.0;100.0;100.0;45.550514;4.828491;200.0;2026-09-29T13:15:00+02:00;2026-09-29T13:29:12+02:00;877870e97ed7
2026-09-30;loire_sur_rhone;ICONCH1;2026-09-30T06:00;16.0;27.6;170.0;20.2;0.3;100.0;11.0;97.0;100.0;100.0;45.550514;4.828491;200.0;2026-09-29T13:15:00+02:00;2026-09-29T13:29:12+02:00;877870e97ed7
2026-09-30;loire_sur_rhone;ICONCH1;2026-09-30T07:00;15.8;26.2;175.0;20.2;0.0;100.0;24.0;79.0;100.0;100.0;45.550514;4.828491;200.0;2026-09-29T13:15:00+02:00;2026-09-29T13:29:12+02:00;877870e97ed7
2026-09-30;loire_sur_rhone;ICONCH1;2026-09-30T08:00;16.4;26.2;175.0;20.2;0.0;100.0;13.0;80.0;100.0;100.0;45.550514;4.828491;200.0;2026-09-29T13:15:00+02:00;2026-09-29T13:29:12+02:00;877870e97ed7
2026-09-30;loire_sur_rhone;ICONCH1;2026-09-30T09:00;18.0;34.6;169.0;20.5;0.0;99.0;7.0;90.0;88.0;99.0;45.550514;4.828491;200.0;2026-09-29T13:15:00+02:00;2026-09-29T13:29:12+02:00;877870e97ed7
2026-09-30;loire_sur_rhone;ICONCH1;2026-09-30T10:00;19.0;30.7;167.0;20.1;0.0;100.0;10.0;100.0;100.0;100.0;45.550514;4.828491;200.0;2026-09-29T13:15:00+02:00;2026-09-29T13:29:12+02:00;877870e97ed7
2026-09-30;loire_sur_rhone;ICONCH1;2026-09-30T11:00;16.9;30.1;172.0;18.7;0.8;100.0;22.0;100.0;100.0;100.0;45.550514;4.828491;200.0;2026-09-29T13:15:00+02:00;2026-09-29T13:29:12+02:00;877870e97ed7
2026-09-30;loire_sur_rhone;ICONCH1;2026-09-30T12:00;20.4;35.4;177.0;18.8;1.0;100.0;21.0;100.0;100.0;100.0;45.550514;4.828491;200.0;2026-09-29T13:15:00+02:00;2026-09-29T13:29:12+02:00;877870e97ed7
2026-09-30;loire_sur_rhone;ICONCH1;2026-09-30T13:00;17.3;33.2;168.0;19.3;0.1;100.0;50.0;100.0;95.0;100.0;45.550514;4.828491;200.0;2026-09-29T13:15:00+02:00;2026-09-29T13:29:12+02:00;877870e97ed7
2026-09-30;loire_sur_rhone;ICONCH1;2026-09-30T14:00;18.0;28.8;164.0;20.1;0.9;99.0;29.0;93.0;93.0;99.0;45.550514;4.828491;200.0;2026-09-29T13:15:00+02:00;2026-09-29T13:29:12+02:00;877870e97ed7
2026-09-30;loire_sur_rhone;ICONCH1;2026-09-30T15:00;18.7;31.3;165.0;21.2;0.0;95.0;6.0;89.0;74.0;95.0;45.550514;4.828491;200.0;2026-09-29T13:15:00+02:00;2026-09-29T13:29:12+02:00;877870e97ed7
2026-09-30;loire_sur_rhone;ICONCH1;2026-09-30T16:00;18.0;30.5;170.0;21.9;0.0;99.0;3.0;91.0;96.0;99.0;45.550514;4.828491;200.0;2026-09-29T13:15:00+02:00;2026-09-29T13:29:12+02:00;877870e97ed7
2026-09-30;loire_sur_rhone;ICONCH1;2026-09-30T17:00;16.7;29.4;173.0;21.8;0.0;100.0;5.0;97.0;100.0;100.0;45.550514;4.828491;200.0;2026-09-29T13:15:00+02:00;2026-09-29T13:29:12+02:00;877870e97ed7
2026-09-30;loire_sur_rhone;ICONCH1;2026-09-30T18:00;17.5;28.6;176.0;21.7;0.0;100.0;5.0;100.0;100.0;100.0;45.550514;4.828491;200.0;2026-09-29T13:15:00+02:00;2026-09-29T13:29:12+02:00;877870e97ed7
2026-09-30;loire_sur_rhone;ICONCH1;2026-09-30T19:00;16.9;28.0;177.0;21.4;0.0;100.0;0.0;98.0;100.0;100.0;45.550514;4.828491;200.0;2026-09-29T13:15:00+02:00;2026-09-29T13:29:12+02:00;877870e97ed7
2026-09-30;loire_sur_rhone;ICONCH1;2026-09-30T20:00;17.0;28.8;175.0;20.9;0.0;100.0;0.0;100.0;100.0;100.0;45.550514;4.828491;200.0;2026-09-29T13:15:00+02:00;2026-09-29T13:29:12+02:00;877870e97ed7
2026-09-30;messery;AROMEHD;2026-09-30T01:00;1.2;2.7;309.0;18.0;0.0;;0.0;1.0;31.0;31.0;46.35;6.2700005;0.0;2026-09-29T13:15:00+02:00;2026-09-29T13:29:12+02:00;877870e97ed7
2026-09-30;messery;AROMEHD;2026-09-30T02:00;1.2;2.1;261.0;18.1;0.0;;0.0;0.0;100.0;100.0;46.35;6.2700005;0.0;2026-09-29T13:15:00+02:00;2026-09-29T13:29:12+02:00;877870e97ed7
2026-09-30;messery;AROMEHD;2026-09-30T03:00;1.6;2.9;150.0;16.7;0.0;;0.0;100.0;100.0;100.0;46.35;6.2700005;0.0;2026-09-29T13:15:00+02:00;2026-09-29T13:29:12+02:00;877870e97ed7
2026-09-30;messery;AROMEHD;2026-09-30T04:00;1.8;2.5;108.0;16.0;0.0;;0.0;100.0;100.0;100.0;46.35;6.2700005;0.0;2026-09-29T13:15:00+02:00;2026-09-29T13:29:12+02:00;877870e97ed7
2026-09-30;messery;AROMEHD;2026-09-30T05:00;1.4;2.5;315.0;17.3;0.0;;0.0;100.0;100.0;100.0;46.35;6.2700005;0.0;2026-09-29T13:15:00+02:00;2026-09-29T13:29:12+02:00;877870e97ed7
2026-09-30;messery;AROMEHD;2026-09-30T06:00;1.1;2.3;59.0;17.6;0.0;;0.0;100.0;0.0;100.0;46.35;6.2700005;0.0;2026-09-29T13:15:00+02:00;2026-09-29T13:29:12+02:00;877870e97ed7
2026-09-30;messery;AROMEHD;2026-09-30T07:00;3.3;3.9;54.0;17.3;0.0;;0.0;100.0;92.0;100.0;46.35;6.2700005;0.0;2026-09-29T13:15:00+02:00;2026-09-29T13:29:12+02:00;877870e97ed7
2026-09-30;messery;AROMEHD;2026-09-30T08:00;2.7;3.7;330.0;18.1;0.0;;0.0;100.0;100.0;100.0;46.35;6.2700005;0.0;2026-09-29T13:15:00+02:00;2026-09-29T13:29:12+02:00;877870e97ed7
2026-09-30;messery;AROMEHD;2026-09-30T09:00;0.6;4.1;288.0;18.6;0.0;;0.0;100.0;100.0;100.0;46.35;6.2700005;0.0;2026-09-29T13:15:00+02:00;2026-09-29T13:29:12+02:00;877870e97ed7
2026-09-30;messery;AROMEHD;2026-09-30T10:00;3.4;5.6;164.0;18.1;0.0;;0.0;100.0;80.0;100.0;46.35;6.2700005;0.0;2026-09-29T13:15:00+02:00;2026-09-29T13:29:12+02:00;877870e97ed7
2026-09-30;messery;AROMEHD;2026-09-30T11:00;1.7;4.3;180.0;18.8;0.0;;0.0;100.0;100.0;100.0;46.35;6.2700005;0.0;2026-09-29T13:15:00+02:00;2026-09-29T13:29:12+02:00;877870e97ed7
2026-09-30;messery;AROMEHD;2026-09-30T12:00;2.5;2.9;342.0;18.9;0.0;;0.0;100.0;100.0;100.0;46.35;6.2700005;0.0;2026-09-29T13:15:00+02:00;2026-09-29T13:29:12+02:00;877870e97ed7
2026-09-30;messery;AROMEHD;2026-09-30T13:00;1.6;2.9;7.0;20.0;0.0;;0.0;100.0;100.0;100.0;46.35;6.2700005;0.0;2026-09-29T13:15:00+02:00;2026-09-29T13:29:12+02:00;877870e97ed7
2026-09-30;messery;AROMEHD;2026-09-30T14:00;3.3;4.9;54.0;21.3;0.0;;0.0;100.0;100.0;100.0;46.35;6.2700005;0.0;2026-09-29T13:15:00+02:00;2026-09-29T13:29:12+02:00;877870e97ed7
2026-09-30;messery;AROMEHD;2026-09-30T15:00;4.8;6.0;58.0;21.5;0.0;;0.0;100.0;100.0;100.0;46.35;6.2700005;0.0;2026-09-29T13:15:00+02:00;2026-09-29T13:29:12+02:00;877870e97ed7
2026-09-30;messery;AROMEHD;2026-09-30T16:00;6.4;7.8;31.0;20.8;0.0;;0.0;100.0;100.0;100.0;46.35;6.2700005;0.0;2026-09-29T13:15:00+02:00;2026-09-29T13:29:12+02:00;877870e97ed7
2026-09-30;messery;AROMEHD;2026-09-30T17:00;5.9;8.0;56.0;20.5;0.0;;0.0;100.0;100.0;100.0;46.35;6.2700005;0.0;2026-09-29T13:15:00+02:00;2026-09-29T13:29:12+02:00;877870e97ed7
2026-09-30;messery;AROMEHD;2026-09-30T18:00;5.0;7.8;74.0;21.0;0.0;;0.0;100.0;100.0;100.0;46.35;6.2700005;0.0;2026-09-29T13:15:00+02:00;2026-09-29T13:29:12+02:00;877870e97ed7
2026-09-30;messery;AROMEHD;2026-09-30T19:00;1.5;6.6;40.0;20.7;0.0;;0.0;100.0;100.0;100.0;46.35;6.2700005;0.0;2026-09-29T13:15:00+02:00;2026-09-29T13:29:12+02:00;877870e97ed7
2026-09-30;messery;AROMEHD;2026-09-30T20:00;3.5;4.9;297.0;20.7;0.0;;0.0;100.0;100.0;100.0;46.35;6.2700005;0.0;2026-09-29T13:15:00+02:00;2026-09-29T13:29:12+02:00;877870e97ed7
2026-09-30;messery;AROMEHD;2026-09-30T21:00;3.8;4.1;156.0;19.8;0.0;;0.0;100.0;100.0;100.0;46.35;6.2700005;0.0;2026-09-29T13:15:00+02:00;2026-09-29T13:29:12+02:00;877870e97ed7
2026-09-30;messery;AROMEHD;2026-09-30T22:00;5.1;6.4;178.0;20.7;0.0;;0.0;99.0;100.0;100.0;46.35;6.2700005;0.0;2026-09-29T13:15:00+02:00;2026-09-29T13:29:12+02:00;877870e97ed7
2026-09-30;messery;AROMEHD;2026-09-30T23:00;3.4;6.0;211.0;20.3;0.0;;0.0;0.0;100.0;100.0;46.35;6.2700005;0.0;2026-09-29T13:15:00+02:00;2026-09-29T13:29:12+02:00;877870e97ed7
2026-09-30;messery;AROMEHD;2026-10-01T00:00;3.3;4.1;234.0;20.0;0.0;;0.0;100.0;100.0;100.0;46.35;6.2700005;0.0;2026-09-29T13:15:00+02:00;2026-09-29T13:29:12+02:00;877870e97ed7
2026-09-30;messery;ICONCH1;2026-09-30T01:00;2.9;5.8;217.0;19.8;0.0;78.0;0.0;78.0;0.0;78.0;46.3589;6.2749023;0.0;2026-09-29T13:15:00+02:00;2026-09-29T13:29:12+02:00;877870e97ed7
2026-09-30;messery;ICONCH1;2026-09-30T02:00;2.5;4.1;238.0;19.9;0.0;100.0;0.0;100.0;0.0;100.0;46.3589;6.2749023;0.0;2026-09-29T13:15:00+02:00;2026-09-29T13:29:12+02:00;877870e97ed7
2026-09-30;messery;ICONCH1;2026-09-30T03:00;1.2;4.3;261.0;19.5;0.1;96.0;0.0;96.0;3.0;96.0;46.3589;6.2749023;0.0;2026-09-29T13:15:00+02:00;2026-09-29T13:29:12+02:00;877870e97ed7
2026-09-30;messery;ICONCH1;2026-09-30T04:00;1.0;2.7;180.0;19.6;0.0;91.0;0.0;91.0;0.0;91.0;46.3589;6.2749023;0.0;2026-09-29T13:15:00+02:00;2026-09-29T13:29:12+02:00;877870e97ed7
2026-09-30;messery;ICONCH1;2026-09-30T05:00;0.6;1.6;360.0;19.7;0.0;92.0;0.0;87.0;51.0;92.0;46.3589;6.2749023;0.0;2026-09-29T13:15:00+02:00;2026-09-29T13:29:12+02:00;877870e97ed7
2026-09-30;messery;ICONCH1;2026-09-30T06:00;1.0;2.1;281.0;19.4;0.0;91.0;0.0;91.0;0.0;91.0;46.3589;6.2749023;0.0;2026-09-29T13:15:00+02:00;2026-09-29T13:29:12+02:00;877870e97ed7
2026-09-30;messery;ICONCH1;2026-09-30T07:00;1.6;2.3;60.0;19.3;0.2;100.0;0.0;100.0;100.0;100.0;46.3589;6.2749023;0.0;2026-09-29T13:15:00+02:00;2026-09-29T13:29:12+02:00;877870e97ed7
2026-09-30;messery;ICONCH1;2026-09-30T08:00;2.4;3.3;55.0;19.0;0.0;100.0;0.0;100.0;100.0;100.0;46.3589;6.2749023;0.0;2026-09-29T13:15:00+02:00;2026-09-29T13:29:12+02:00;877870e97ed7
2026-09-30;messery;ICONCH1;2026-09-30T09:00;0.0;3.3;270.0;19.1;0.0;100.0;0.0;100.0;100.0;100.0;46.3589;6.2749023;0.0;2026-09-29T13:15:00+02:00;2026-09-29T13:29:12+02:00;877870e97ed7
2026-09-30;messery;ICONCH1;2026-09-30T10:00;4.7;6.2;218.0;19.4;0.0;100.0;0.0;100.0;100.0;100.0;46.3589;6.2749023;0.0;2026-09-29T13:15:00+02:00;2026-09-29T13:29:12+02:00;877870e97ed7
2026-09-30;messery;ICONCH1;2026-09-30T11:00;3.6;7.4;229.0;18.8;2.3;100.0;0.0;100.0;83.0;100.0;46.3589;6.2749023;0.0;2026-09-29T13:15:00+02:00;2026-09-29T13:29:12+02:00;877870e97ed7
2026-09-30;messery;ICONCH1;2026-09-30T12:00;1.4;5.1;188.0;18.7;1.6;100.0;0.0;100.0;92.0;100.0;46.3589;6.2749023;0.0;2026-09-29T13:15:00+02:00;2026-09-29T13:29:12+02:00;877870e97ed7
2026-09-30;messery;ICONCH1;2026-09-30T13:00;2.6;3.7;193.0;19.1;0.1;100.0;0.0;100.0;100.0;100.0;46.3589;6.2749023;0.0;2026-09-29T13:15:00+02:00;2026-09-29T13:29:12+02:00;877870e97ed7
2026-09-30;messery;ICONCH1;2026-09-30T14:00;4.2;5.8;214.0;19.3;0.1;100.0;0.0;100.0;100.0;100.0;46.3589;6.2749023;0.0;2026-09-29T13:15:00+02:00;2026-09-29T13:29:12+02:00;877870e97ed7
2026-09-30;messery;ICONCH1;2026-09-30T15:00;3.7;5.8;223.0;19.4;0.3;100.0;0.0;100.0;100.0;100.0;46.3589;6.2749023;0.0;2026-09-29T13:15:00+02:00;2026-09-29T13:29:12+02:00;877870e97ed7
2026-09-30;messery;ICONCH1;2026-09-30T16:00;1.3;5.2;243.0;19.4;0.2;100.0;21.0;100.0;100.0;100.0;46.3589;6.2749023;0.0;2026-09-29T13:15:00+02:00;2026-09-29T13:29:12+02:00;877870e97ed7
2026-09-30;messery;ICONCH1;2026-09-30T17:00;0.8;1.9;315.0;19.6;0.1;99.0;13.0;96.0;83.0;99.0;46.3589;6.2749023;0.0;2026-09-29T13:15:00+02:00;2026-09-29T13:29:12+02:00;877870e97ed7
2026-09-30;messery;ICONCH1;2026-09-30T18:00;1.4;1.9;82.0;19.7;0.0;100.0;10.0;100.0;70.0;100.0;46.3589;6.2749023;0.0;2026-09-29T13:15:00+02:00;2026-09-29T13:29:12+02:00;877870e97ed7
2026-09-30;messery;ICONCH1;2026-09-30T19:00;2.8;4.1;106.0;19.6;0.0;100.0;21.0;95.0;100.0;100.0;46.3589;6.2749023;0.0;2026-09-29T13:15:00+02:00;2026-09-29T13:29:12+02:00;877870e97ed7
2026-09-30;messery;ICONCH1;2026-09-30T20:00;1.6;3.9;135.0;19.5;0.0;100.0;5.0;98.0;100.0;100.0;46.3589;6.2749023;0.0;2026-09-29T13:15:00+02:00;2026-09-29T13:29:12+02:00;877870e97ed7
2026-09-30;parking_pre_rencontre;AROMEHD;2026-09-30T01:00;8.9;25.3;195.0;18.9;0.0;;0.0;100.0;100.0;100.0;45.01;5.779999;0.0;2026-09-29T13:15:00+02:00;2026-09-29T13:29:12+02:00;877870e97ed7
2026-09-30;parking_pre_rencontre;AROMEHD;2026-09-30T02:00;9.1;21.0;196.0;18.9;0.0;;0.0;100.0;100.0;100.0;45.01;5.779999;0.0;2026-09-29T13:15:00+02:00;2026-09-29T13:29:12+02:00;877870e97ed7
2026-09-30;parking_pre_rencontre;AROMEHD;2026-09-30T03:00;9.0;21.2;193.0;19.2;0.0;;0.0;100.0;100.0;100.0;45.01;5.779999;0.0;2026-09-29T13:15:00+02:00;2026-09-29T13:29:12+02:00;877870e97ed7
2026-09-30;parking_pre_rencontre;AROMEHD;2026-09-30T04:00;8.1;20.8;197.0;19.1;0.0;;0.0;98.0;100.0;100.0;45.01;5.779999;0.0;2026-09-29T13:15:00+02:00;2026-09-29T13:29:12+02:00;877870e97ed7
2026-09-30;parking_pre_rencontre;AROMEHD;2026-09-30T05:00;8.2;19.2;194.0;18.8;0.0;;0.0;13.0;100.0;100.0;45.01;5.779999;0.0;2026-09-29T13:15:00+02:00;2026-09-29T13:29:12+02:00;877870e97ed7
2026-09-30;parking_pre_rencontre;AROMEHD;2026-09-30T06:00;7.9;18.7;196.0;18.8;0.0;;0.0;100.0;100.0;100.0;45.01;5.779999;0.0;2026-09-29T13:15:00+02:00;2026-09-29T13:29:12+02:00;877870e97ed7
2026-09-30;parking_pre_rencontre;AROMEHD;2026-09-30T07:00;8.0;18.7;194.0;18.8;0.0;;0.0;100.0;100.0;100.0;45.01;5.779999;0.0;2026-09-29T13:15:00+02:00;2026-09-29T13:29:12+02:00;877870e97ed7
2026-09-30;parking_pre_rencontre;AROMEHD;2026-09-30T08:00;8.0;19.4;193.0;18.7;0.0;;1.0;99.0;88.0;99.0;45.01;5.779999;0.0;2026-09-29T13:15:00+02:00;2026-09-29T13:29:12+02:00;877870e97ed7
2026-09-30;parking_pre_rencontre;AROMEHD;2026-09-30T09:00;6.8;18.3;198.0;19.0;0.0;;0.0;100.0;100.0;100.0;45.01;5.779999;0.0;2026-09-29T13:15:00+02:00;2026-09-29T13:29:12+02:00;877870e97ed7
2026-09-30;parking_pre_rencontre;AROMEHD;2026-09-30T10:00;8.9;20.4;190.0;20.1;0.0;;0.0;99.0;85.0;99.0;45.01;5.779999;0.0;2026-09-29T13:15:00+02:00;2026-09-29T13:29:12+02:00;877870e97ed7
2026-09-30;parking_pre_rencontre;AROMEHD;2026-09-30T11:00;10.7;24.3;184.0;20.7;0.0;;0.0;100.0;100.0;100.0;45.01;5.779999;0.0;2026-09-29T13:15:00+02:00;2026-09-29T13:29:12+02:00;877870e97ed7
2026-09-30;parking_pre_rencontre;AROMEHD;2026-09-30T12:00;12.6;28.2;181.0;21.1;0.0;;0.0;100.0;100.0;100.0;45.01;5.779999;0.0;2026-09-29T13:15:00+02:00;2026-09-29T13:29:12+02:00;877870e97ed7
2026-09-30;parking_pre_rencontre;AROMEHD;2026-09-30T13:00;12.4;28.6;181.0;21.1;0.0;;1.0;100.0;100.0;100.0;45.01;5.779999;0.0;2026-09-29T13:15:00+02:00;2026-09-29T13:29:12+02:00;877870e97ed7
2026-09-30;parking_pre_rencontre;AROMEHD;2026-09-30T14:00;12.3;28.6;185.0;20.1;0.0;;1.0;100.0;100.0;100.0;45.01;5.779999;0.0;2026-09-29T13:15:00+02:00;2026-09-29T13:29:12+02:00;877870e97ed7
2026-09-30;parking_pre_rencontre;AROMEHD;2026-09-30T15:00;10.3;27.4;180.0;20.1;0.0;;0.0;71.0;100.0;100.0;45.01;5.779999;0.0;2026-09-29T13:15:00+02:00;2026-09-29T13:29:12+02:00;877870e97ed7
2026-09-30;parking_pre_rencontre;AROMEHD;2026-09-30T16:00;10.7;23.7;177.0;20.3;0.0;;1.0;0.0;100.0;100.0;45.01;5.779999;0.0;2026-09-29T13:15:00+02:00;2026-09-29T13:29:12+02:00;877870e97ed7
2026-09-30;parking_pre_rencontre;AROMEHD;2026-09-30T17:00;8.8;23.5;188.0;19.9;0.0;;0.0;100.0;100.0;100.0;45.01;5.779999;0.0;2026-09-29T13:15:00+02:00;2026-09-29T13:29:12+02:00;877870e97ed7
2026-09-30;parking_pre_rencontre;AROMEHD;2026-09-30T18:00;8.8;20.2;177.0;19.3;0.0;;0.0;100.0;100.0;100.0;45.01;5.779999;0.0;2026-09-29T13:15:00+02:00;2026-09-29T13:29:12+02:00;877870e97ed7
2026-09-30;parking_pre_rencontre;AROMEHD;2026-09-30T19:00;7.6;20.0;206.0;18.2;0.0;;0.0;100.0;100.0;100.0;45.01;5.779999;0.0;2026-09-29T13:15:00+02:00;2026-09-29T13:29:12+02:00;877870e97ed7
2026-09-30;parking_pre_rencontre;AROMEHD;2026-09-30T20:00;6.4;17.1;192.0;18.1;0.0;;0.0;100.0;100.0;100.0;45.01;5.779999;0.0;2026-09-29T13:15:00+02:00;2026-09-29T13:29:12+02:00;877870e97ed7
2026-09-30;parking_pre_rencontre;AROMEHD;2026-09-30T21:00;7.8;17.9;194.0;18.0;0.0;;0.0;100.0;100.0;100.0;45.01;5.779999;0.0;2026-09-29T13:15:00+02:00;2026-09-29T13:29:12+02:00;877870e97ed7
2026-09-30;parking_pre_rencontre;AROMEHD;2026-09-30T22:00;7.6;19.0;187.0;17.2;0.0;;0.0;100.0;100.0;100.0;45.01;5.779999;0.0;2026-09-29T13:15:00+02:00;2026-09-29T13:29:12+02:00;877870e97ed7
2026-09-30;parking_pre_rencontre;AROMEHD;2026-09-30T23:00;6.8;17.1;185.0;16.6;0.0;;0.0;100.0;100.0;100.0;45.01;5.779999;0.0;2026-09-29T13:15:00+02:00;2026-09-29T13:29:12+02:00;877870e97ed7
2026-09-30;parking_pre_rencontre;AROMEHD;2026-10-01T00:00;6.4;16.3;183.0;16.1;0.0;;1.0;100.0;100.0;100.0;45.01;5.779999;0.0;2026-09-29T13:15:00+02:00;2026-09-29T13:29:12+02:00;877870e97ed7
2026-09-30;parking_pre_rencontre;ICONCH1;2026-09-30T01:00;12.5;24.3;198.0;17.8;0.0;84.0;0.0;78.0;49.0;84.0;45.0093;5.77124;1002.0;2026-09-29T13:15:00+02:00;2026-09-29T13:29:12+02:00;877870e97ed7
2026-09-30;parking_pre_rencontre;ICONCH1;2026-09-30T02:00;12.5;23.3;198.0;17.4;0.0;73.0;0.0;73.0;0.0;73.0;45.0093;5.77124;1002.0;2026-09-29T13:15:00+02:00;2026-09-29T13:29:12+02:00;877870e97ed7
2026-09-30;parking_pre_rencontre;ICONCH1;2026-09-30T03:00;12.5;23.9;198.0;17.4;0.0;85.0;0.0;85.0;25.0;85.0;45.0093;5.77124;1002.0;2026-09-29T13:15:00+02:00;2026-09-29T13:29:12+02:00;877870e97ed7
2026-09-30;parking_pre_rencontre;ICONCH1;2026-09-30T04:00;12.0;23.1;200.0;17.6;0.0;84.0;0.0;80.0;22.0;84.0;45.0093;5.77124;1002.0;2026-09-29T13:15:00+02:00;2026-09-29T13:29:12+02:00;877870e97ed7
2026-09-30;parking_pre_rencontre;ICONCH1;2026-09-30T05:00;11.7;22.4;198.0;17.6;0.0;76.0;0.0;71.0;18.0;76.0;45.0093;5.77124;1002.0;2026-09-29T13:15:00+02:00;2026-09-29T13:29:12+02:00;877870e97ed7
2026-09-30;parking_pre_rencontre;ICONCH1;2026-09-30T06:00;11.1;21.2;199.0;17.5;0.0;95.0;0.0;95.0;0.0;95.0;45.0093;5.77124;1002.0;2026-09-29T13:15:00+02:00;2026-09-29T13:29:12+02:00;877870e97ed7
2026-09-30;parking_pre_rencontre;ICONCH1;2026-09-30T07:00;12.1;22.2;204.0;17.4;0.0;78.0;0.0;78.0;0.0;78.0;45.0093;5.77124;1002.0;2026-09-29T13:15:00+02:00;2026-09-29T13:29:12+02:00;877870e97ed7
2026-09-30;parking_pre_rencontre;ICONCH1;2026-09-30T08:00;11.7;23.5;201.0;17.0;0.0;100.0;0.0;100.0;26.0;100.0;45.0093;5.77124;1002.0;2026-09-29T13:15:00+02:00;2026-09-29T13:29:12+02:00;877870e97ed7
2026-09-30;parking_pre_rencontre;ICONCH1;2026-09-30T09:00;9.7;21.2;199.0;17.5;0.0;100.0;0.0;100.0;11.0;100.0;45.0093;5.77124;1002.0;2026-09-29T13:15:00+02:00;2026-09-29T13:29:12+02:00;877870e97ed7
2026-09-30;parking_pre_rencontre;ICONCH1;2026-09-30T10:00;11.3;20.6;201.0;18.0;0.0;100.0;0.0;90.0;100.0;100.0;45.0093;5.77124;1002.0;2026-09-29T13:15:00+02:00;2026-09-29T13:29:12+02:00;877870e97ed7
2026-09-30;parking_pre_rencontre;ICONCH1;2026-09-30T11:00;11.6;21.6;203.0;18.8;0.0;100.0;0.0;95.0;100.0;100.0;45.0093;5.77124;1002.0;2026-09-29T13:15:00+02:00;2026-09-29T13:29:12+02:00;877870e97ed7
2026-09-30;parking_pre_rencontre;ICONCH1;2026-09-30T12:00;9.8;21.6;198.0;19.9;0.0;100.0;46.0;100.0;76.0;100.0;45.0093;5.77124;1002.0;2026-09-29T13:15:00+02:00;2026-09-29T13:29:12+02:00;877870e97ed7
2026-09-30;parking_pre_rencontre;ICONCH1;2026-09-30T13:00;8.7;17.9;217.0;19.2;0.0;100.0;65.0;100.0;83.0;100.0;45.0093;5.77124;1002.0;2026-09-29T13:15:00+02:00;2026-09-29T13:29:12+02:00;877870e97ed7
2026-09-30;parking_pre_rencontre;ICONCH1;2026-09-30T14:00;8.8;18.5;215.0;17.9;0.4;100.0;48.0;99.0;9.0;100.0;45.0093;5.77124;1002.0;2026-09-29T13:15:00+02:00;2026-09-29T13:29:12+02:00;877870e97ed7
2026-09-30;parking_pre_rencontre;ICONCH1;2026-09-30T15:00;6.6;15.9;195.0;17.6;0.0;100.0;30.0;100.0;72.0;100.0;45.0093;5.77124;1002.0;2026-09-29T13:15:00+02:00;2026-09-29T13:29:12+02:00;877870e97ed7
2026-09-30;parking_pre_rencontre;ICONCH1;2026-09-30T16:00;6.8;13.0;198.0;18.2;0.0;100.0;50.0;100.0;100.0;100.0;45.0093;5.77124;1002.0;2026-09-29T13:15:00+02:00;2026-09-29T13:29:12+02:00;877870e97ed7
2026-09-30;parking_pre_rencontre;ICONCH1;2026-09-30T17:00;7.3;13.6;202.0;18.4;0.0;100.0;40.0;100.0;99.0;100.0;45.0093;5.77124;1002.0;2026-09-29T13:15:00+02:00;2026-09-29T13:29:12+02:00;877870e97ed7
2026-09-30;parking_pre_rencontre;ICONCH1;2026-09-30T18:00;10.0;18.3;202.0;18.0;0.0;100.0;29.0;99.0;99.0;100.0;45.0093;5.77124;1002.0;2026-09-29T13:15:00+02:00;2026-09-29T13:29:12+02:00;877870e97ed7
2026-09-30;parking_pre_rencontre;ICONCH1;2026-09-30T19:00;9.7;19.0;202.0;17.3;0.0;100.0;24.0;98.0;99.0;100.0;45.0093;5.77124;1002.0;2026-09-29T13:15:00+02:00;2026-09-29T13:29:12+02:00;877870e97ed7
2026-09-30;parking_pre_rencontre;ICONCH1;2026-09-30T20:00;7.0;17.9;204.0;16.8;0.0;100.0;37.0;100.0;98.0;100.0;45.0093;5.77124;1002.0;2026-09-29T13:15:00+02:00;2026-09-29T13:29:12+02:00;877870e97ed7
2026-09-30;plage_de_sevrier;AROMEHD;2026-09-30T01:00;3.5;5.4;153.0;19.2;0.0;;0.0;2.0;81.0;81.0;45.86;6.16;0.0;2026-09-29T13:15:00+02:00;2026-09-29T13:29:12+02:00;877870e97ed7
2026-09-30;plage_de_sevrier;AROMEHD;2026-09-30T02:00;2.8;4.7;164.0;19.4;0.0;;0.0;100.0;100.0;100.0;45.86;6.16;0.0;2026-09-29T13:15:00+02:00;2026-09-29T13:29:12+02:00;877870e97ed7
2026-09-30;plage_de_sevrier;AROMEHD;2026-09-30T03:00;4.2;5.4;127.0;20.1;0.0;;0.0;100.0;100.0;100.0;45.86;6.16;0.0;2026-09-29T13:15:00+02:00;2026-09-29T13:29:12+02:00;877870e97ed7
2026-09-30;plage_de_sevrier;AROMEHD;2026-09-30T04:00;4.6;6.4;130.0;20.4;0.0;;0.0;100.0;100.0;100.0;45.86;6.16;0.0;2026-09-29T13:15:00+02:00;2026-09-29T13:29:12+02:00;877870e97ed7
2026-09-30;plage_de_sevrier;AROMEHD;2026-09-30T05:00;2.0;6.0;84.0;20.1;0.0;;0.0;100.0;54.0;100.0;45.86;6.16;0.0;2026-09-29T13:15:00+02:00;2026-09-29T13:29:12+02:00;877870e97ed7
2026-09-30;plage_de_sevrier;AROMEHD;2026-09-30T06:00;5.8;7.2;334.0;19.4;0.0;;0.0;100.0;66.0;100.0;45.86;6.16;0.0;2026-09-29T13:15:00+02:00;2026-09-29T13:29:12+02:00;877870e97ed7
2026-09-30;plage_de_sevrier;AROMEHD;2026-09-30T07:00;1.9;6.6;127.0;18.9;0.0;;0.0;100.0;100.0;100.0;45.86;6.16;0.0;2026-09-29T13:15:00+02:00;2026-09-29T13:29:12+02:00;877870e97ed7
2026-09-30;plage_de_sevrier;AROMEHD;2026-09-30T08:00;1.9;2.5;114.0;18.9;0.0;;0.0;100.0;100.0;100.0;45.86;6.16;0.0;2026-09-29T13:15:00+02:00;2026-09-29T13:29:12+02:00;877870e97ed7
2026-09-30;plage_de_sevrier;AROMEHD;2026-09-30T09:00;2.0;2.5;169.0;19.1;0.0;;0.0;100.0;100.0;100.0;45.86;6.16;0.0;2026-09-29T13:15:00+02:00;2026-09-29T13:29:12+02:00;877870e97ed7
2026-09-30;plage_de_sevrier;AROMEHD;2026-09-30T10:00;2.3;3.5;185.0;19.4;0.0;;0.0;100.0;99.0;100.0;45.86;6.16;0.0;2026-09-29T13:15:00+02:00;2026-09-29T13:29:12+02:00;877870e97ed7
2026-09-30;plage_de_sevrier;AROMEHD;2026-09-30T11:00;1.1;2.5;225.0;19.5;0.0;;0.0;99.0;99.0;99.0;45.86;6.16;0.0;2026-09-29T13:15:00+02:00;2026-09-29T13:29:12+02:00;877870e97ed7
2026-09-30;plage_de_sevrier;AROMEHD;2026-09-30T12:00;3.7;3.9;360.0;19.9;0.0;;0.0;100.0;100.0;100.0;45.86;6.16;0.0;2026-09-29T13:15:00+02:00;2026-09-29T13:29:12+02:00;877870e97ed7
2026-09-30;plage_de_sevrier;AROMEHD;2026-09-30T13:00;4.3;4.7;5.0;20.6;0.0;;0.0;100.0;100.0;100.0;45.86;6.16;0.0;2026-09-29T13:15:00+02:00;2026-09-29T13:29:12+02:00;877870e97ed7
2026-09-30;plage_de_sevrier;AROMEHD;2026-09-30T14:00;5.3;7.8;4.0;21.3;0.0;;0.0;100.0;100.0;100.0;45.86;6.16;0.0;2026-09-29T13:15:00+02:00;2026-09-29T13:29:12+02:00;877870e97ed7
2026-09-30;plage_de_sevrier;AROMEHD;2026-09-30T15:00;3.0;6.6;333.0;20.7;0.0;;0.0;100.0;100.0;100.0;45.86;6.16;0.0;2026-09-29T13:15:00+02:00;2026-09-29T13:29:12+02:00;877870e97ed7
2026-09-30;plage_de_sevrier;AROMEHD;2026-09-30T16:00;2.2;1.7;153.0;20.7;0.0;;0.0;100.0;100.0;100.0;45.86;6.16;0.0;2026-09-29T13:15:00+02:00;2026-09-29T13:29:12+02:00;877870e97ed7
2026-09-30;plage_de_sevrier;AROMEHD;2026-09-30T17:00;7.0;9.1;193.0;22.1;0.0;;0.0;100.0;100.0;100.0;45.86;6.16;0.0;2026-09-29T13:15:00+02:00;2026-09-29T13:29:12+02:00;877870e97ed7
2026-09-30;plage_de_sevrier;AROMEHD;2026-09-30T18:00;7.5;11.1;197.0;22.1;0.0;;0.0;95.0;100.0;100.0;45.86;6.16;0.0;2026-09-29T13:15:00+02:00;2026-09-29T13:29:12+02:00;877870e97ed7
2026-09-30;plage_de_sevrier;AROMEHD;2026-09-30T19:00;4.2;9.5;248.0;20.9;0.0;;0.0;31.0;100.0;100.0;45.86;6.16;0.0;2026-09-29T13:15:00+02:00;2026-09-29T13:29:12+02:00;877870e97ed7
2026-09-30;plage_de_sevrier;AROMEHD;2026-09-30T20:00;2.9;4.7;132.0;20.5;0.0;;0.0;100.0;100.0;100.0;45.86;6.16;0.0;2026-09-29T13:15:00+02:00;2026-09-29T13:29:12+02:00;877870e97ed7
2026-09-30;plage_de_sevrier;AROMEHD;2026-09-30T21:00;2.6;4.7;138.0;20.3;0.0;;0.0;100.0;100.0;100.0;45.86;6.16;0.0;2026-09-29T13:15:00+02:00;2026-09-29T13:29:12+02:00;877870e97ed7
2026-09-30;plage_de_sevrier;AROMEHD;2026-09-30T22:00;1.9;2.9;217.0;20.0;0.0;;0.0;30.0;100.0;100.0;45.86;6.16;0.0;2026-09-29T13:15:00+02:00;2026-09-29T13:29:12+02:00;877870e97ed7
2026-09-30;plage_de_sevrier;AROMEHD;2026-09-30T23:00;0.4;1.7;90.0;19.6;0.0;;0.0;98.0;100.0;100.0;45.86;6.16;0.0;2026-09-29T13:15:00+02:00;2026-09-29T13:29:12+02:00;877870e97ed7
2026-09-30;plage_de_sevrier;AROMEHD;2026-10-01T00:00;0.7;1.0;326.0;19.3;0.0;;3.0;100.0;100.0;100.0;45.86;6.16;0.0;2026-09-29T13:15:00+02:00;2026-09-29T13:29:12+02:00;877870e97ed7
2026-09-30;plage_de_sevrier;ICONCH1;2026-09-30T01:00;0.4;2.7;243.0;20.3;0.0;100.0;0.0;100.0;74.0;100.0;45.86465;6.164917;0.0;2026-09-29T13:15:00+02:00;2026-09-29T13:29:12+02:00;877870e97ed7
2026-09-30;plage_de_sevrier;ICONCH1;2026-09-30T02:00;2.3;4.3;211.0;19.8;0.0;100.0;0.0;100.0;0.0;100.0;45.86465;6.164917;0.0;2026-09-29T13:15:00+02:00;2026-09-29T13:29:12+02:00;877870e97ed7
2026-09-30;plage_de_sevrier;ICONCH1;2026-09-30T03:00;2.3;4.9;200.0;20.1;0.0;95.0;0.0;95.0;2.0;95.0;45.86465;6.164917;0.0;2026-09-29T13:15:00+02:00;2026-09-29T13:29:12+02:00;877870e97ed7
2026-09-30;plage_de_sevrier;ICONCH1;2026-09-30T04:00;1.5;3.1;337.0;20.6;0.0;94.0;0.0;94.0;36.0;94.0;45.86465;6.164917;0.0;2026-09-29T13:15:00+02:00;2026-09-29T13:29:12+02:00;877870e97ed7
2026-09-30;plage_de_sevrier;ICONCH1;2026-09-30T05:00;2.0;4.3;343.0;20.0;0.0;92.0;0.0;90.0;36.0;92.0;45.86465;6.164917;0.0;2026-09-29T13:15:00+02:00;2026-09-29T13:29:12+02:00;877870e97ed7
2026-09-30;plage_de_sevrier;ICONCH1;2026-09-30T06:00;1.0;3.3;323.0;19.8;0.1;100.0;0.0;100.0;0.0;100.0;45.86465;6.164917;0.0;2026-09-29T13:15:00+02:00;2026-09-29T13:29:12+02:00;877870e97ed7
2026-09-30;plage_de_sevrier;ICONCH1;2026-09-30T07:00;2.5;3.7;231.0;19.8;0.0;100.0;0.0;100.0;100.0;100.0;45.86465;6.164917;0.0;2026-09-29T13:15:00+02:00;2026-09-29T13:29:12+02:00;877870e97ed7
2026-09-30;plage_de_sevrier;ICONCH1;2026-09-30T08:00;3.6;5.4;347.0;19.6;0.0;84.0;0.0;84.0;0.0;84.0;45.86465;6.164917;0.0;2026-09-29T13:15:00+02:00;2026-09-29T13:29:12+02:00;877870e97ed7
2026-09-30;plage_de_sevrier;ICONCH1;2026-09-30T09:00;6.7;9.3;338.0;19.1;0.2;100.0;0.0;100.0;87.0;100.0;45.86465;6.164917;0.0;2026-09-29T13:15:00+02:00;2026-09-29T13:29:12+02:00;877870e97ed7
2026-09-30;plage_de_sevrier;ICONCH1;2026-09-30T10:00;1.6;9.7;330.0;19.5;0.2;100.0;0.0;100.0;100.0;100.0;45.86465;6.164917;0.0;2026-09-29T13:15:00+02:00;2026-09-29T13:29:12+02:00;877870e97ed7
2026-09-30;plage_de_sevrier;ICONCH1;2026-09-30T11:00;3.2;4.5;335.0;19.4;0.0;98.0;0.0;92.0;79.0;98.0;45.86465;6.164917;0.0;2026-09-29T13:15:00+02:00;2026-09-29T13:29:12+02:00;877870e97ed7
2026-09-30;plage_de_sevrier;ICONCH1;2026-09-30T12:00;6.6;8.6;341.0;19.9;0.0;100.0;0.0;100.0;100.0;100.0;45.86465;6.164917;0.0;2026-09-29T13:15:00+02:00;2026-09-29T13:29:12+02:00;877870e97ed7
2026-09-30;plage_de_sevrier;ICONCH1;2026-09-30T13:00;7.0;8.7;333.0;19.8;0.1;100.0;0.0;100.0;100.0;100.0;45.86465;6.164917;0.0;2026-09-29T13:15:00+02:00;2026-09-29T13:29:12+02:00;877870e97ed7
2026-09-30;plage_de_sevrier;ICONCH1;2026-09-30T14:00;6.6;8.9;322.0;19.9;0.1;100.0;0.0;100.0;100.0;100.0;45.86465;6.164917;0.0;2026-09-29T13:15:00+02:00;2026-09-29T13:29:12+02:00;877870e97ed7
2026-09-30;plage_de_sevrier;ICONCH1;2026-09-30T15:00;4.5;8.9;326.0;20.0;0.1;100.0;0.0;100.0;100.0;100.0;45.86465;6.164917;0.0;2026-09-29T13:15:00+02:00;2026-09-29T13:29:12+02:00;877870e97ed7
2026-09-30;plage_de_sevrier;ICONCH1;2026-09-30T16:00;2.9;6.0;307.0;20.1;0.0;98.0;0.0;98.0;59.0;98.0;45.86465;6.164917;0.0;2026-09-29T13:15:00+02:00;2026-09-29T13:29:12+02:00;877870e97ed7
2026-09-30;plage_de_sevrier;ICONCH1;2026-09-30T17:00;0.4;4.1;207.0;20.5;0.0;100.0;0.0;100.0;60.0;100.0;45.86465;6.164917;0.0;2026-09-29T13:15:00+02:00;2026-09-29T13:29:12+02:00;877870e97ed7
2026-09-30;plage_de_sevrier;ICONCH1;2026-09-30T18:00;1.6;2.1;180.0;20.7;0.0;99.0;0.0;97.0;86.0;99.0;45.86465;6.164917;0.0;2026-09-29T13:15:00+02:00;2026-09-29T13:29:12+02:00;877870e97ed7
2026-09-30;plage_de_sevrier;ICONCH1;2026-09-30T19:00;2.2;3.5;170.0;20.5;0.1;100.0;21.0;97.0;100.0;100.0;45.86465;6.164917;0.0;2026-09-29T13:15:00+02:00;2026-09-29T13:29:12+02:00;877870e97ed7
2026-09-30;plage_de_sevrier;ICONCH1;2026-09-30T20:00;3.5;4.7;183.0;19.9;0.3;100.0;17.0;100.0;100.0;100.0;45.86465;6.164917;0.0;2026-09-29T13:15:00+02:00;2026-09-29T13:29:12+02:00;877870e97ed7
2026-09-30;pont_darciat;AROMEHD;2026-09-30T01:00;14.6;22.2;170.0;22.8;0.0;;0.0;0.0;100.0;100.0;46.25;4.8099995;169.0;2026-09-29T13:15:00+02:00;2026-09-29T13:29:12+02:00;877870e97ed7
2026-09-30;pont_darciat;AROMEHD;2026-09-30T02:00;12.3;22.2;175.0;22.6;0.0;;0.0;11.0;100.0;100.0;46.25;4.8099995;169.0;2026-09-29T13:15:00+02:00;2026-09-29T13:29:12+02:00;877870e97ed7
2026-09-30;pont_darciat;AROMEHD;2026-09-30T03:00;12.8;19.6;170.0;22.5;0.0;;0.0;73.0;100.0;100.0;46.25;4.8099995;169.0;2026-09-29T13:15:00+02:00;2026-09-29T13:29:12+02:00;877870e97ed7
2026-09-30;pont_darciat;AROMEHD;2026-09-30T04:00;12.7;19.2;175.0;22.3;0.0;;0.0;47.0;97.0;97.0;46.25;4.8099995;169.0;2026-09-29T13:15:00+02:00;2026-09-29T13:29:12+02:00;877870e97ed7
2026-09-30;pont_darciat;AROMEHD;2026-09-30T05:00;12.6;19.6;177.0;22.4;0.0;;0.0;100.0;46.0;100.0;46.25;4.8099995;169.0;2026-09-29T13:15:00+02:00;2026-09-29T13:29:12+02:00;877870e97ed7
2026-09-30;pont_darciat;AROMEHD;2026-09-30T06:00;14.4;22.5;177.0;22.7;0.0;;0.0;100.0;11.0;100.0;46.25;4.8099995;169.0;2026-09-29T13:15:00+02:00;2026-09-29T13:29:12+02:00;877870e97ed7
2026-09-30;pont_darciat;AROMEHD;2026-09-30T07:00;12.8;24.7;180.0;22.2;0.0;;0.0;100.0;99.0;100.0;46.25;4.8099995;169.0;2026-09-29T13:15:00+02:00;2026-09-29T13:29:12+02:00;877870e97ed7
2026-09-30;pont_darciat;AROMEHD;2026-09-30T08:00;10.7;19.4;184.0;22.1;0.0;;0.0;100.0;37.0;100.0;46.25;4.8099995;169.0;2026-09-29T13:15:00+02:00;2026-09-29T13:29:12+02:00;877870e97ed7
2026-09-30;pont_darciat;AROMEHD;2026-09-30T09:00;9.2;15.9;175.0;21.5;0.0;;0.0;11.0;100.0;100.0;46.25;4.8099995;169.0;2026-09-29T13:15:00+02:00;2026-09-29T13:29:12+02:00;877870e97ed7
2026-09-30;pont_darciat;AROMEHD;2026-09-30T10:00;15.2;23.7;184.0;23.3;0.0;;0.0;14.0;100.0;100.0;46.25;4.8099995;169.0;2026-09-29T13:15:00+02:00;2026-09-29T13:29:12+02:00;877870e97ed7
2026-09-30;pont_darciat;AROMEHD;2026-09-30T11:00;16.4;28.0;187.0;24.4;0.0;;0.0;14.0;100.0;100.0;46.25;4.8099995;169.0;2026-09-29T13:15:00+02:00;2026-09-29T13:29:12+02:00;877870e97ed7
2026-09-30;pont_darciat;AROMEHD;2026-09-30T12:00;18.8;28.6;190.0;23.8;0.0;;0.0;100.0;100.0;100.0;46.25;4.8099995;169.0;2026-09-29T13:15:00+02:00;2026-09-29T13:29:12+02:00;877870e97ed7
2026-09-30;pont_darciat;AROMEHD;2026-09-30T13:00;19.7;29.7;183.0;23.0;0.0;;0.0;100.0;100.0;100.0;46.25;4.8099995;169.0;2026-09-29T13:15:00+02:00;2026-09-29T13:29:12+02:00;877870e97ed7
2026-09-30;pont_darciat;AROMEHD;2026-09-30T14:00;18.7;31.5;181.0;22.8;0.0;;0.0;100.0;100.0;100.0;46.25;4.8099995;169.0;2026-09-29T13:15:00+02:00;2026-09-29T13:29:12+02:00;877870e97ed7
2026-09-30;pont_darciat;AROMEHD;2026-09-30T15:00;15.2;28.2;184.0;22.8;0.0;;0.0;100.0;100.0;100.0;46.25;4.8099995;169.0;2026-09-29T13:15:00+02:00;2026-09-29T13:29:12+02:00;877870e97ed7
2026-09-30;pont_darciat;AROMEHD;2026-09-30T16:00;13.1;22.9;184.0;23.7;0.0;;0.0;100.0;100.0;100.0;46.25;4.8099995;169.0;2026-09-29T13:15:00+02:00;2026-09-29T13:29:12+02:00;877870e97ed7
2026-09-30;pont_darciat;AROMEHD;2026-09-30T17:00;16.1;25.5;182.0;23.5;0.0;;0.0;100.0;100.0;100.0;46.25;4.8099995;169.0;2026-09-29T13:15:00+02:00;2026-09-29T13:29:12+02:00;877870e97ed7
2026-09-30;pont_darciat;AROMEHD;2026-09-30T18:00;11.1;24.3;184.0;22.5;0.0;;0.0;91.0;100.0;100.0;46.25;4.8099995;169.0;2026-09-29T13:15:00+02:00;2026-09-29T13:29:12+02:00;877870e97ed7
2026-09-30;pont_darciat;AROMEHD;2026-09-30T19:00;10.6;16.9;189.0;21.9;0.0;;0.0;31.0;100.0;100.0;46.25;4.8099995;169.0;2026-09-29T13:15:00+02:00;2026-09-29T13:29:12+02:00;877870e97ed7
2026-09-30;pont_darciat;AROMEHD;2026-09-30T20:00;8.2;15.9;185.0;21.3;0.1;;0.0;100.0;100.0;100.0;46.25;4.8099995;169.0;2026-09-29T13:15:00+02:00;2026-09-29T13:29:12+02:00;877870e97ed7
2026-09-30;pont_darciat;AROMEHD;2026-09-30T21:00;5.4;13.4;193.0;19.5;0.3;;4.0;100.0;100.0;100.0;46.25;4.8099995;169.0;2026-09-29T13:15:00+02:00;2026-09-29T13:29:12+02:00;877870e97ed7
2026-09-30;pont_darciat;AROMEHD;2026-09-30T22:00;1.8;7.4;122.0;18.7;0.3;;1.0;100.0;100.0;100.0;46.25;4.8099995;169.0;2026-09-29T13:15:00+02:00;2026-09-29T13:29:12+02:00;877870e97ed7
2026-09-30;pont_darciat;AROMEHD;2026-09-30T23:00;2.2;2.5;75.0;18.4;0.0;;0.0;100.0;100.0;100.0;46.25;4.8099995;169.0;2026-09-29T13:15:00+02:00;2026-09-29T13:29:12+02:00;877870e97ed7
2026-09-30;pont_darciat;AROMEHD;2026-10-01T00:00;1.4;1.9;254.0;18.4;0.0;;0.0;100.0;100.0;100.0;46.25;4.8099995;169.0;2026-09-29T13:15:00+02:00;2026-09-29T13:29:12+02:00;877870e97ed7
2026-09-30;pont_darciat;ICONCH1;2026-09-30T01:00;10.7;16.3;161.0;21.6;0.0;94.0;0.0;86.0;80.0;94.0;46.25097;4.8050537;172.0;2026-09-29T13:15:00+02:00;2026-09-29T13:29:12+02:00;877870e97ed7
2026-09-30;pont_darciat;ICONCH1;2026-09-30T02:00;11.8;18.9;163.0;21.6;0.0;100.0;0.0;81.0;100.0;100.0;46.25097;4.8050537;172.0;2026-09-29T13:15:00+02:00;2026-09-29T13:29:12+02:00;877870e97ed7
2026-09-30;pont_darciat;ICONCH1;2026-09-30T03:00;9.5;18.1;171.0;21.5;0.0;100.0;0.0;65.0;100.0;100.0;46.25097;4.8050537;172.0;2026-09-29T13:15:00+02:00;2026-09-29T13:29:12+02:00;877870e97ed7
2026-09-30;pont_darciat;ICONCH1;2026-09-30T04:00;5.1;14.4;187.0;20.3;0.0;100.0;0.0;41.0;100.0;100.0;46.25097;4.8050537;172.0;2026-09-29T13:15:00+02:00;2026-09-29T13:29:12+02:00;877870e97ed7
2026-09-30;pont_darciat;ICONCH1;2026-09-30T05:00;4.3;8.0;185.0;19.6;0.0;100.0;0.0;46.0;100.0;100.0;46.25097;4.8050537;172.0;2026-09-29T13:15:00+02:00;2026-09-29T13:29:12+02:00;877870e97ed7
2026-09-30;pont_darciat;ICONCH1;2026-09-30T06:00;4.6;7.0;200.0;19.2;0.0;88.0;9.0;84.0;0.0;88.0;46.25097;4.8050537;172.0;2026-09-29T13:15:00+02:00;2026-09-29T13:29:12+02:00;877870e97ed7
2026-09-30;pont_darciat;ICONCH1;2026-09-30T07:00;7.5;11.5;187.0;19.5;0.0;77.0;35.0;64.0;0.0;77.0;46.25097;4.8050537;172.0;2026-09-29T13:15:00+02:00;2026-09-29T13:29:12+02:00;877870e97ed7
2026-09-30;pont_darciat;ICONCH1;2026-09-30T08:00;11.1;16.9;175.0;20.4;0.0;100.0;3.0;71.0;100.0;100.0;46.25097;4.8050537;172.0;2026-09-29T13:15:00+02:00;2026-09-29T13:29:12+02:00;877870e97ed7
2026-09-30;pont_darciat;ICONCH1;2026-09-30T09:00;13.7;21.2;169.0;20.8;0.0;99.0;0.0;76.0;92.0;99.0;46.25097;4.8050537;172.0;2026-09-29T13:15:00+02:00;2026-09-29T13:29:12+02:00;877870e97ed7
2026-09-30;pont_darciat;ICONCH1;2026-09-30T10:00;13.7;21.4;175.0;21.7;0.0;100.0;16.0;87.0;96.0;100.0;46.25097;4.8050537;172.0;2026-09-29T13:15:00+02:00;2026-09-29T13:29:12+02:00;877870e97ed7
2026-09-30;pont_darciat;ICONCH1;2026-09-30T11:00;16.3;25.3;172.0;22.4;0.0;99.0;12.0;95.0;88.0;99.0;46.25097;4.8050537;172.0;2026-09-29T13:15:00+02:00;2026-09-29T13:29:12+02:00;877870e97ed7
2026-09-30;pont_darciat;ICONCH1;2026-09-30T12:00;17.6;27.4;174.0;22.2;0.0;100.0;22.0;68.0;100.0;100.0;46.25097;4.8050537;172.0;2026-09-29T13:15:00+02:00;2026-09-29T13:29:12+02:00;877870e97ed7
2026-09-30;pont_darciat;ICONCH1;2026-09-30T13:00;16.5;29.9;171.0;21.6;0.0;100.0;12.0;100.0;100.0;100.0;46.25097;4.8050537;172.0;2026-09-29T13:15:00+02:00;2026-09-29T13:29:12+02:00;877870e97ed7
2026-09-30;pont_darciat;ICONCH1;2026-09-30T14:00;12.7;28.0;184.0;20.6;0.1;99.0;37.0;94.0;55.0;99.0;46.25097;4.8050537;172.0;2026-09-29T13:15:00+02:00;2026-09-29T13:29:12+02:00;877870e97ed7
2026-09-30;pont_darciat;ICONCH1;2026-09-30T15:00;9.9;19.6;179.0;21.4;0.0;99.0;40.0;75.0;92.0;99.0;46.25097;4.8050537;172.0;2026-09-29T13:15:00+02:00;2026-09-29T13:29:12+02:00;877870e97ed7
2026-09-30;pont_darciat;ICONCH1;2026-09-30T16:00;12.5;20.0;183.0;22.7;0.0;100.0;4.0;73.0;100.0;100.0;46.25097;4.8050537;172.0;2026-09-29T13:15:00+02:00;2026-09-29T13:29:12+02:00;877870e97ed7
2026-09-30;pont_darciat;ICONCH1;2026-09-30T17:00;11.3;19.6;184.0;22.7;0.0;100.0;0.0;100.0;100.0;100.0;46.25097;4.8050537;172.0;2026-09-29T13:15:00+02:00;2026-09-29T13:29:12+02:00;877870e97ed7
2026-09-30;pont_darciat;ICONCH1;2026-09-30T18:00;10.8;17.5;186.0;23.0;0.0;100.0;23.0;100.0;100.0;100.0;46.25097;4.8050537;172.0;2026-09-29T13:15:00+02:00;2026-09-29T13:29:12+02:00;877870e97ed7
2026-09-30;pont_darciat;ICONCH1;2026-09-30T19:00;5.6;18.5;214.0;20.6;2.4;100.0;0.0;100.0;100.0;100.0;46.25097;4.8050537;172.0;2026-09-29T13:15:00+02:00;2026-09-29T13:29:12+02:00;877870e97ed7
2026-09-30;pont_darciat;ICONCH1;2026-09-30T20:00;5.8;8.9;192.0;21.1;0.2;100.0;0.0;100.0;100.0;100.0;46.25097;4.8050537;172.0;2026-09-29T13:15:00+02:00;2026-09-29T13:29:12+02:00;877870e97ed7
2026-09-30;pont_de_chavanay;AROMEHD;2026-09-30T01:00;10.6;19.4;193.0;23.7;0.0;;0.0;100.0;100.0;100.0;45.42;4.75;141.0;2026-09-29T13:15:00+02:00;2026-09-29T13:29:12+02:00;877870e97ed7
2026-09-30;pont_de_chavanay;AROMEHD;2026-09-30T02:00;9.2;19.4;188.0;23.6;0.0;;0.0;100.0;100.0;100.0;45.42;4.75;141.0;2026-09-29T13:15:00+02:00;2026-09-29T13:29:12+02:00;877870e97ed7
2026-09-30;pont_de_chavanay;AROMEHD;2026-09-30T03:00;11.7;22.0;196.0;23.6;0.0;;0.0;100.0;25.0;100.0;45.42;4.75;141.0;2026-09-29T13:15:00+02:00;2026-09-29T13:29:12+02:00;877870e97ed7
2026-09-30;pont_de_chavanay;AROMEHD;2026-09-30T04:00;10.7;24.3;190.0;23.5;0.0;;0.0;100.0;100.0;100.0;45.42;4.75;141.0;2026-09-29T13:15:00+02:00;2026-09-29T13:29:12+02:00;877870e97ed7
2026-09-30;pont_de_chavanay;AROMEHD;2026-09-30T05:00;11.6;20.6;195.0;23.4;0.0;;0.0;100.0;100.0;100.0;45.42;4.75;141.0;2026-09-29T13:15:00+02:00;2026-09-29T13:29:12+02:00;877870e97ed7
2026-09-30;pont_de_chavanay;AROMEHD;2026-09-30T06:00;8.6;20.8;201.0;23.0;0.0;;0.0;100.0;5.0;100.0;45.42;4.75;141.0;2026-09-29T13:15:00+02:00;2026-09-29T13:29:12+02:00;877870e97ed7
2026-09-30;pont_de_chavanay;AROMEHD;2026-09-30T07:00;12.1;22.5;201.0;22.3;0.0;;0.0;100.0;100.0;100.0;45.42;4.75;141.0;2026-09-29T13:15:00+02:00;2026-09-29T13:29:12+02:00;877870e97ed7
2026-09-30;pont_de_chavanay;AROMEHD;2026-09-30T08:00;12.5;27.6;195.0;20.9;0.1;;0.0;100.0;100.0;100.0;45.42;4.75;141.0;2026-09-29T13:15:00+02:00;2026-09-29T13:29:12+02:00;877870e97ed7
2026-09-30;pont_de_chavanay;AROMEHD;2026-09-30T09:00;13.0;24.1;220.0;21.9;0.0;;0.0;100.0;100.0;100.0;45.42;4.75;141.0;2026-09-29T13:15:00+02:00;2026-09-29T13:29:12+02:00;877870e97ed7
2026-09-30;pont_de_chavanay;AROMEHD;2026-09-30T10:00;12.2;27.8;205.0;21.8;0.0;;0.0;100.0;100.0;100.0;45.42;4.75;141.0;2026-09-29T13:15:00+02:00;2026-09-29T13:29:12+02:00;877870e97ed7
2026-09-30;pont_de_chavanay;AROMEHD;2026-09-30T11:00;12.2;23.9;189.0;21.3;0.1;;0.0;100.0;100.0;100.0;45.42;4.75;141.0;2026-09-29T13:15:00+02:00;2026-09-29T13:29:12+02:00;877870e97ed7
2026-09-30;pont_de_chavanay;AROMEHD;2026-09-30T12:00;8.6;24.7;166.0;20.9;0.2;;33.0;100.0;100.0;100.0;45.42;4.75;141.0;2026-09-29T13:15:00+02:00;2026-09-29T13:29:12+02:00;877870e97ed7
2026-09-30;pont_de_chavanay;AROMEHD;2026-09-30T13:00;11.9;22.9;178.0;22.2;0.0;;0.0;100.0;100.0;100.0;45.42;4.75;141.0;2026-09-29T13:15:00+02:00;2026-09-29T13:29:12+02:00;877870e97ed7
2026-09-30;pont_de_chavanay;AROMEHD;2026-09-30T14:00;11.7;21.8;182.0;22.9;0.0;;0.0;100.0;100.0;100.0;45.42;4.75;141.0;2026-09-29T13:15:00+02:00;2026-09-29T13:29:12+02:00;877870e97ed7
2026-09-30;pont_de_chavanay;AROMEHD;2026-09-30T15:00;11.3;20.6;180.0;23.1;0.0;;0.0;100.0;100.0;100.0;45.42;4.75;141.0;2026-09-29T13:15:00+02:00;2026-09-29T13:29:12+02:00;877870e97ed7
2026-09-30;pont_de_chavanay;AROMEHD;2026-09-30T16:00;9.2;20.8;159.0;21.8;0.0;;3.0;100.0;100.0;100.0;45.42;4.75;141.0;2026-09-29T13:15:00+02:00;2026-09-29T13:29:12+02:00;877870e97ed7
2026-09-30;pont_de_chavanay;AROMEHD;2026-09-30T17:00;10.8;18.9;165.0;23.1;0.0;;0.0;0.0;100.0;100.0;45.42;4.75;141.0;2026-09-29T13:15:00+02:00;2026-09-29T13:29:12+02:00;877870e97ed7
2026-09-30;pont_de_chavanay;AROMEHD;2026-09-30T18:00;10.4;20.0;162.0;22.1;0.0;;0.0;100.0;100.0;100.0;45.42;4.75;141.0;2026-09-29T13:15:00+02:00;2026-09-29T13:29:12+02:00;877870e97ed7
2026-09-30;pont_de_chavanay;AROMEHD;2026-09-30T19:00;8.3;18.1;192.0;22.2;0.0;;0.0;100.0;100.0;100.0;45.42;4.75;141.0;2026-09-29T13:15:00+02:00;2026-09-29T13:29:12+02:00;877870e97ed7
2026-09-30;pont_de_chavanay;AROMEHD;2026-09-30T20:00;8.9;16.1;196.0;22.5;0.0;;0.0;100.0;100.0;100.0;45.42;4.75;141.0;2026-09-29T13:15:00+02:00;2026-09-29T13:29:12+02:00;877870e97ed7
2026-09-30;pont_de_chavanay;AROMEHD;2026-09-30T21:00;6.4;16.3;183.0;22.5;0.0;;0.0;100.0;99.0;100.0;45.42;4.75;141.0;2026-09-29T13:15:00+02:00;2026-09-29T13:29:12+02:00;877870e97ed7
2026-09-30;pont_de_chavanay;AROMEHD;2026-09-30T22:00;6.6;13.8;165.0;22.0;0.0;;10.0;100.0;100.0;100.0;45.42;4.75;141.0;2026-09-29T13:15:00+02:00;2026-09-29T13:29:12+02:00;877870e97ed7
2026-09-30;pont_de_chavanay;AROMEHD;2026-09-30T23:00;9.5;16.9;171.0;21.5;0.3;;0.0;100.0;100.0;100.0;45.42;4.75;141.0;2026-09-29T13:15:00+02:00;2026-09-29T13:29:12+02:00;877870e97ed7
2026-09-30;pont_de_chavanay;AROMEHD;2026-10-01T00:00;7.1;17.3;163.0;20.0;0.9;;0.0;100.0;100.0;100.0;45.42;4.75;141.0;2026-09-29T13:15:00+02:00;2026-09-29T13:29:12+02:00;877870e97ed7
2026-09-30;pont_de_chavanay;ICONCH1;2026-09-30T01:00;4.7;10.9;215.0;21.2;0.0;61.0;0.0;59.0;10.0;61.0;45.416153;4.741211;147.0;2026-09-29T13:15:00+02:00;2026-09-29T13:29:12+02:00;877870e97ed7
2026-09-30;pont_de_chavanay;ICONCH1;2026-09-30T02:00;7.0;10.5;175.0;21.9;0.0;100.0;41.0;86.0;100.0;100.0;45.416153;4.741211;147.0;2026-09-29T13:15:00+02:00;2026-09-29T13:29:12+02:00;877870e97ed7
2026-09-30;pont_de_chavanay;ICONCH1;2026-09-30T03:00;9.6;14.2;185.0;22.2;0.0;100.0;86.0;81.0;100.0;100.0;45.416153;4.741211;147.0;2026-09-29T13:15:00+02:00;2026-09-29T13:29:12+02:00;877870e97ed7
2026-09-30;pont_de_chavanay;ICONCH1;2026-09-30T04:00;11.8;18.9;194.0;22.1;0.0;100.0;38.0;89.0;100.0;100.0;45.416153;4.741211;147.0;2026-09-29T13:15:00+02:00;2026-09-29T13:29:12+02:00;877870e97ed7
2026-09-30;pont_de_chavanay;ICONCH1;2026-09-30T05:00;13.2;22.9;197.0;21.3;0.2;100.0;41.0;100.0;100.0;100.0;45.416153;4.741211;147.0;2026-09-29T13:15:00+02:00;2026-09-29T13:29:12+02:00;877870e97ed7
2026-09-30;pont_de_chavanay;ICONCH1;2026-09-30T06:00;14.8;22.9;196.0;21.4;0.1;94.0;0.0;90.0;46.0;94.0;45.416153;4.741211;147.0;2026-09-29T13:15:00+02:00;2026-09-29T13:29:12+02:00;877870e97ed7
2026-09-30;pont_de_chavanay;ICONCH1;2026-09-30T07:00;9.7;22.4;209.0;21.2;0.0;100.0;62.0;90.0;100.0;100.0;45.416153;4.741211;147.0;2026-09-29T13:15:00+02:00;2026-09-29T13:29:12+02:00;877870e97ed7
2026-09-30;pont_de_chavanay;ICONCH1;2026-09-30T08:00;12.6;21.8;197.0;21.1;0.0;100.0;21.0;100.0;100.0;100.0;45.416153;4.741211;147.0;2026-09-29T13:15:00+02:00;2026-09-29T13:29:12+02:00;877870e97ed7
2026-09-30;pont_de_chavanay;ICONCH1;2026-09-30T09:00;8.2;19.2;180.0;21.9;0.0;100.0;42.0;86.0;100.0;100.0;45.416153;4.741211;147.0;2026-09-29T13:15:00+02:00;2026-09-29T13:29:12+02:00;877870e97ed7
2026-09-30;pont_de_chavanay;ICONCH1;2026-09-30T10:00;9.2;16.5;148.0;20.3;0.2;100.0;77.0;100.0;100.0;100.0;45.416153;4.741211;147.0;2026-09-29T13:15:00+02:00;2026-09-29T13:29:12+02:00;877870e97ed7
2026-09-30;pont_de_chavanay;ICONCH1;2026-09-30T11:00;13.9;21.0;185.0;20.5;1.5;100.0;48.0;100.0;100.0;100.0;45.416153;4.741211;147.0;2026-09-29T13:15:00+02:00;2026-09-29T13:29:12+02:00;877870e97ed7
2026-09-30;pont_de_chavanay;ICONCH1;2026-09-30T12:00;9.7;21.4;150.0;20.0;0.7;100.0;50.0;97.0;89.0;100.0;45.416153;4.741211;147.0;2026-09-29T13:15:00+02:00;2026-09-29T13:29:12+02:00;877870e97ed7
2026-09-30;pont_de_chavanay;ICONCH1;2026-09-30T13:00;8.8;15.4;158.0;20.2;0.7;100.0;32.0;100.0;66.0;100.0;45.416153;4.741211;147.0;2026-09-29T13:15:00+02:00;2026-09-29T13:29:12+02:00;877870e97ed7
2026-09-30;pont_de_chavanay;ICONCH1;2026-09-30T14:00;8.2;13.2;142.0;20.8;0.1;99.0;42.0;97.0;67.0;99.0;45.416153;4.741211;147.0;2026-09-29T13:15:00+02:00;2026-09-29T13:29:12+02:00;877870e97ed7
2026-09-30;pont_de_chavanay;ICONCH1;2026-09-30T15:00;9.1;15.6;142.0;21.9;0.0;100.0;45.0;100.0;47.0;100.0;45.416153;4.741211;147.0;2026-09-29T13:15:00+02:00;2026-09-29T13:29:12+02:00;877870e97ed7
2026-09-30;pont_de_chavanay;ICONCH1;2026-09-30T16:00;8.6;14.0;142.0;22.0;0.0;100.0;47.0;100.0;99.0;100.0;45.416153;4.741211;147.0;2026-09-29T13:15:00+02:00;2026-09-29T13:29:12+02:00;877870e97ed7
2026-09-30;pont_de_chavanay;ICONCH1;2026-09-30T17:00;8.1;13.0;147.0;22.4;0.0;100.0;10.0;95.0;100.0;100.0;45.416153;4.741211;147.0;2026-09-29T13:15:00+02:00;2026-09-29T13:29:12+02:00;877870e97ed7
2026-09-30;pont_de_chavanay;ICONCH1;2026-09-30T18:00;7.6;12.8;157.0;22.6;0.0;100.0;33.0;79.0;100.0;100.0;45.416153;4.741211;147.0;2026-09-29T13:15:00+02:00;2026-09-29T13:29:12+02:00;877870e97ed7
2026-09-30;pont_de_chavanay;ICONCH1;2026-09-30T19:00;6.0;11.5;147.0;22.1;0.0;100.0;0.0;100.0;100.0;100.0;45.416153;4.741211;147.0;2026-09-29T13:15:00+02:00;2026-09-29T13:29:12+02:00;877870e97ed7
2026-09-30;pont_de_chavanay;ICONCH1;2026-09-30T20:00;5.7;10.1;164.0;21.8;0.0;100.0;0.0;100.0;100.0;100.0;45.416153;4.741211;147.0;2026-09-29T13:15:00+02:00;2026-09-29T13:29:12+02:00;877870e97ed7
2026-09-30;portes_les_valence;AROMEHD;2026-09-30T01:00;9.9;17.5;206.0;22.4;0.0;;0.0;16.0;100.0;100.0;44.87;4.8599987;101.0;2026-09-29T13:15:00+02:00;2026-09-29T13:29:12+02:00;877870e97ed7
2026-09-30;portes_les_valence;AROMEHD;2026-09-30T02:00;10.2;16.9;209.0;22.1;0.0;;0.0;100.0;100.0;100.0;44.87;4.8599987;101.0;2026-09-29T13:15:00+02:00;2026-09-29T13:29:12+02:00;877870e97ed7
2026-09-30;portes_les_valence;AROMEHD;2026-09-30T03:00;9.4;16.9;207.0;22.3;0.0;;0.0;100.0;100.0;100.0;44.87;4.8599987;101.0;2026-09-29T13:15:00+02:00;2026-09-29T13:29:12+02:00;877870e97ed7
2026-09-30;portes_les_valence;AROMEHD;2026-09-30T04:00;8.7;16.1;201.0;22.3;0.0;;0.0;59.0;100.0;100.0;44.87;4.8599987;101.0;2026-09-29T13:15:00+02:00;2026-09-29T13:29:12+02:00;877870e97ed7
2026-09-30;portes_les_valence;AROMEHD;2026-09-30T05:00;7.5;14.4;211.0;21.7;0.0;;0.0;100.0;100.0;100.0;44.87;4.8599987;101.0;2026-09-29T13:15:00+02:00;2026-09-29T13:29:12+02:00;877870e97ed7
2026-09-30;portes_les_valence;AROMEHD;2026-09-30T06:00;6.9;13.8;209.0;22.6;0.0;;67.0;100.0;100.0;100.0;44.87;4.8599987;101.0;2026-09-29T13:15:00+02:00;2026-09-29T13:29:12+02:00;877870e97ed7
2026-09-30;portes_les_valence;AROMEHD;2026-09-30T07:00;9.1;23.9;228.0;20.6;0.3;;0.0;100.0;76.0;100.0;44.87;4.8599987;101.0;2026-09-29T13:15:00+02:00;2026-09-29T13:29:12+02:00;877870e97ed7
2026-09-30;portes_les_valence;AROMEHD;2026-09-30T08:00;4.2;15.2;217.0;19.9;0.0;;13.0;94.0;100.0;100.0;44.87;4.8599987;101.0;2026-09-29T13:15:00+02:00;2026-09-29T13:29:12+02:00;877870e97ed7
2026-09-30;portes_les_valence;AROMEHD;2026-09-30T09:00;8.3;15.0;217.0;20.6;0.0;;62.0;100.0;100.0;100.0;44.87;4.8599987;101.0;2026-09-29T13:15:00+02:00;2026-09-29T13:29:12+02:00;877870e97ed7
2026-09-30;portes_les_valence;AROMEHD;2026-09-30T10:00;11.3;20.4;241.0;19.9;0.3;;3.0;100.0;100.0;100.0;44.87;4.8599987;101.0;2026-09-29T13:15:00+02:00;2026-09-29T13:29:12+02:00;877870e97ed7
2026-09-30;portes_les_valence;AROMEHD;2026-09-30T11:00;6.0;22.5;201.0;18.7;0.9;;2.0;100.0;100.0;100.0;44.87;4.8599987;101.0;2026-09-29T13:15:00+02:00;2026-09-29T13:29:12+02:00;877870e97ed7
2026-09-30;portes_les_valence;AROMEHD;2026-09-30T12:00;6.8;14.6;217.0;19.0;2.8;;49.0;100.0;100.0;100.0;44.87;4.8599987;101.0;2026-09-29T13:15:00+02:00;2026-09-29T13:29:12+02:00;877870e97ed7
2026-09-30;portes_les_valence;AROMEHD;2026-09-30T13:00;3.0;12.8;207.0;20.2;0.5;;100.0;41.0;100.0;100.0;44.87;4.8599987;101.0;2026-09-29T13:15:00+02:00;2026-09-29T13:29:12+02:00;877870e97ed7
2026-09-30;portes_les_valence;AROMEHD;2026-09-30T14:00;6.5;12.6;201.0;19.5;2.2;;0.0;100.0;100.0;100.0;44.87;4.8599987;101.0;2026-09-29T13:15:00+02:00;2026-09-29T13:29:12+02:00;877870e97ed7
2026-09-30;portes_les_valence;AROMEHD;2026-09-30T15:00;9.2;15.4;201.0;19.8;0.6;;1.0;100.0;100.0;100.0;44.87;4.8599987;101.0;2026-09-29T13:15:00+02:00;2026-09-29T13:29:12+02:00;877870e97ed7
2026-09-30;portes_les_valence;AROMEHD;2026-09-30T16:00;10.1;16.9;216.0;19.6;0.5;;1.0;100.0;100.0;100.0;44.87;4.8599987;101.0;2026-09-29T13:15:00+02:00;2026-09-29T13:29:12+02:00;877870e97ed7
2026-09-30;portes_les_valence;AROMEHD;2026-09-30T17:00;8.5;16.7;210.0;20.1;0.0;;4.0;100.0;100.0;100.0;44.87;4.8599987;101.0;2026-09-29T13:15:00+02:00;2026-09-29T13:29:12+02:00;877870e97ed7
2026-09-30;portes_les_valence;AROMEHD;2026-09-30T18:00;7.7;15.4;208.0;19.9;0.0;;0.0;100.0;100.0;100.0;44.87;4.8599987;101.0;2026-09-29T13:15:00+02:00;2026-09-29T13:29:12+02:00;877870e97ed7
2026-09-30;portes_les_valence;AROMEHD;2026-09-30T19:00;6.6;12.8;201.0;20.0;0.0;;0.0;0.0;100.0;100.0;44.87;4.8599987;101.0;2026-09-29T13:15:00+02:00;2026-09-29T13:29:12+02:00;877870e97ed7
2026-09-30;portes_les_valence;AROMEHD;2026-09-30T20:00;7.4;12.1;192.0;19.1;0.0;;0.0;100.0;100.0;100.0;44.87;4.8599987;101.0;2026-09-29T13:15:00+02:00;2026-09-29T13:29:12+02:00;877870e97ed7
2026-09-30;portes_les_valence;AROMEHD;2026-09-30T21:00;6.8;14.0;207.0;19.2;0.5;;40.0;100.0;100.0;100.0;44.87;4.8599987;101.0;2026-09-29T13:15:00+02:00;2026-09-29T13:29:12+02:00;877870e97ed7
2026-09-30;portes_les_valence;AROMEHD;2026-09-30T22:00;5.3;10.9;213.0;18.9;1.0;;14.0;100.0;100.0;100.0;44.87;4.8599987;101.0;2026-09-29T13:15:00+02:00;2026-09-29T13:29:12+02:00;877870e97ed7
2026-09-30;portes_les_valence;AROMEHD;2026-09-30T23:00;7.2;11.9;221.0;19.2;0.8;;1.0;100.0;100.0;100.0;44.87;4.8599987;101.0;2026-09-29T13:15:00+02:00;2026-09-29T13:29:12+02:00;877870e97ed7
2026-09-30;portes_les_valence;AROMEHD;2026-10-01T00:00;5.3;13.6;219.0;18.9;0.5;;0.0;100.0;100.0;100.0;44.87;4.8599987;101.0;2026-09-29T13:15:00+02:00;2026-09-29T13:29:12+02:00;877870e97ed7
2026-09-30;portes_les_valence;ICONCH1;2026-09-30T01:00;13.6;21.8;204.0;21.4;0.0;84.0;0.0;84.0;0.0;84.0;44.870667;4.8635864;103.0;2026-09-29T13:15:00+02:00;2026-09-29T13:29:12+02:00;877870e97ed7
2026-09-30;portes_les_valence;ICONCH1;2026-09-30T02:00;13.1;21.4;205.0;21.5;0.0;95.0;0.0;95.0;0.0;95.0;44.870667;4.8635864;103.0;2026-09-29T13:15:00+02:00;2026-09-29T13:29:12+02:00;877870e97ed7
2026-09-30;portes_les_valence;ICONCH1;2026-09-30T03:00;13.0;21.8;205.0;21.6;0.0;98.0;16.0;89.0;68.0;98.0;44.870667;4.8635864;103.0;2026-09-29T13:15:00+02:00;2026-09-29T13:29:12+02:00;877870e97ed7
2026-09-30;portes_les_valence;ICONCH1;2026-09-30T04:00;12.5;21.8;206.0;21.6;0.0;100.0;57.0;98.0;86.0;100.0;44.870667;4.8635864;103.0;2026-09-29T13:15:00+02:00;2026-09-29T13:29:12+02:00;877870e97ed7
2026-09-30;portes_les_valence;ICONCH1;2026-09-30T05:00;12.0;19.6;203.0;21.2;0.0;100.0;52.0;100.0;94.0;100.0;44.870667;4.8635864;103.0;2026-09-29T13:15:00+02:00;2026-09-29T13:29:12+02:00;877870e97ed7
2026-09-30;portes_les_valence;ICONCH1;2026-09-30T06:00;11.7;20.6;216.0;21.2;0.0;100.0;50.0;100.0;100.0;100.0;44.870667;4.8635864;103.0;2026-09-29T13:15:00+02:00;2026-09-29T13:29:12+02:00;877870e97ed7
2026-09-30;portes_les_valence;ICONCH1;2026-09-30T07:00;11.5;18.1;216.0;20.8;0.1;100.0;58.0;100.0;98.0;100.0;44.870667;4.8635864;103.0;2026-09-29T13:15:00+02:00;2026-09-29T13:29:12+02:00;877870e97ed7
2026-09-30;portes_les_valence;ICONCH1;2026-09-30T08:00;8.8;18.1;230.0;20.5;1.4;100.0;50.0;100.0;100.0;100.0;44.870667;4.8635864;103.0;2026-09-29T13:15:00+02:00;2026-09-29T13:29:12+02:00;877870e97ed7
2026-09-30;portes_les_valence;ICONCH1;2026-09-30T09:00;8.6;14.4;234.0;20.8;1.1;100.0;37.0;100.0;100.0;100.0;44.870667;4.8635864;103.0;2026-09-29T13:15:00+02:00;2026-09-29T13:29:12+02:00;877870e97ed7
2026-09-30;portes_les_valence;ICONCH1;2026-09-30T10:00;11.2;17.7;236.0;19.9;3.1;100.0;65.0;100.0;100.0;100.0;44.870667;4.8635864;103.0;2026-09-29T13:15:00+02:00;2026-09-29T13:29:12+02:00;877870e97ed7
2026-09-30;portes_les_valence;ICONCH1;2026-09-30T11:00;7.7;19.2;234.0;19.2;8.3;100.0;77.0;100.0;100.0;100.0;44.870667;4.8635864;103.0;2026-09-29T13:15:00+02:00;2026-09-29T13:29:12+02:00;877870e97ed7
2026-09-30;portes_les_valence;ICONCH1;2026-09-30T12:00;7.3;13.0;224.0;19.3;4.2;100.0;63.0;100.0;100.0;100.0;44.870667;4.8635864;103.0;2026-09-29T13:15:00+02:00;2026-09-29T13:29:12+02:00;877870e97ed7
2026-09-30;portes_les_valence;ICONCH1;2026-09-30T13:00;5.6;12.2;200.0;19.5;4.8;100.0;73.0;100.0;89.0;100.0;44.870667;4.8635864;103.0;2026-09-29T13:15:00+02:00;2026-09-29T13:29:12+02:00;877870e97ed7
2026-09-30;portes_les_valence;ICONCH1;2026-09-30T14:00;4.6;10.7;195.0;19.5;2.7;100.0;55.0;100.0;95.0;100.0;44.870667;4.8635864;103.0;2026-09-29T13:15:00+02:00;2026-09-29T13:29:12+02:00;877870e97ed7
2026-09-30;portes_les_valence;ICONCH1;2026-09-30T15:00;7.2;11.5;178.0;20.2;0.3;100.0;55.0;100.0;100.0;100.0;44.870667;4.8635864;103.0;2026-09-29T13:15:00+02:00;2026-09-29T13:29:12+02:00;877870e97ed7
2026-09-30;portes_les_valence;ICONCH1;2026-09-30T16:00;6.4;11.5;183.0;20.9;0.1;100.0;56.0;100.0;100.0;100.0;44.870667;4.8635864;103.0;2026-09-29T13:15:00+02:00;2026-09-29T13:29:12+02:00;877870e97ed7
2026-09-30;portes_les_valence;ICONCH1;2026-09-30T17:00;5.5;11.3;188.0;20.8;0.2;100.0;52.0;100.0;100.0;100.0;44.870667;4.8635864;103.0;2026-09-29T13:15:00+02:00;2026-09-29T13:29:12+02:00;877870e97ed7
2026-09-30;portes_les_valence;ICONCH1;2026-09-30T18:00;5.8;10.1;217.0;21.8;0.1;100.0;44.0;100.0;100.0;100.0;44.870667;4.8635864;103.0;2026-09-29T13:15:00+02:00;2026-09-29T13:29:12+02:00;877870e97ed7
2026-09-30;portes_les_valence;ICONCH1;2026-09-30T19:00;6.0;10.9;225.0;21.8;0.4;100.0;55.0;100.0;100.0;100.0;44.870667;4.8635864;103.0;2026-09-29T13:15:00+02:00;2026-09-29T13:29:12+02:00;877870e97ed7
2026-09-30;portes_les_valence;ICONCH1;2026-09-30T20:00;5.4;12.4;229.0;20.9;0.4;100.0;52.0;100.0;100.0;100.0;44.870667;4.8635864;103.0;2026-09-29T13:15:00+02:00;2026-09-29T13:29:12+02:00;877870e97ed7
2026-09-30;roche_de_glun;AROMEHD;2026-09-30T01:00;7.1;18.5;202.0;24.0;0.0;;0.0;100.0;100.0;100.0;45.03;4.84;116.0;2026-09-29T13:15:00+02:00;2026-09-29T13:29:12+02:00;877870e97ed7
2026-09-30;roche_de_glun;AROMEHD;2026-09-30T02:00;7.0;16.9;194.0;24.1;0.0;;0.0;100.0;100.0;100.0;45.03;4.84;116.0;2026-09-29T13:15:00+02:00;2026-09-29T13:29:12+02:00;877870e97ed7
2026-09-30;roche_de_glun;AROMEHD;2026-09-30T03:00;7.9;18.3;211.0;24.3;0.0;;0.0;100.0;100.0;100.0;45.03;4.84;116.0;2026-09-29T13:15:00+02:00;2026-09-29T13:29:12+02:00;877870e97ed7
2026-09-30;roche_de_glun;AROMEHD;2026-09-30T04:00;7.7;18.7;198.0;24.3;0.0;;0.0;33.0;100.0;100.0;45.03;4.84;116.0;2026-09-29T13:15:00+02:00;2026-09-29T13:29:12+02:00;877870e97ed7
2026-09-30;roche_de_glun;AROMEHD;2026-09-30T05:00;6.8;19.4;177.0;24.2;0.0;;0.0;100.0;100.0;100.0;45.03;4.84;116.0;2026-09-29T13:15:00+02:00;2026-09-29T13:29:12+02:00;877870e97ed7
2026-09-30;roche_de_glun;AROMEHD;2026-09-30T06:00;7.2;17.7;199.0;24.2;0.0;;0.0;100.0;100.0;100.0;45.03;4.84;116.0;2026-09-29T13:15:00+02:00;2026-09-29T13:29:12+02:00;877870e97ed7
2026-09-30;roche_de_glun;AROMEHD;2026-09-30T07:00;9.3;22.4;219.0;23.6;0.0;;5.0;100.0;100.0;100.0;45.03;4.84;116.0;2026-09-29T13:15:00+02:00;2026-09-29T13:29:12+02:00;877870e97ed7
2026-09-30;roche_de_glun;AROMEHD;2026-09-30T08:00;5.8;24.9;250.0;21.0;0.1;;1.0;100.0;100.0;100.0;45.03;4.84;116.0;2026-09-29T13:15:00+02:00;2026-09-29T13:29:12+02:00;877870e97ed7
2026-09-30;roche_de_glun;AROMEHD;2026-09-30T09:00;5.3;19.2;186.0;22.0;0.0;;8.0;100.0;100.0;100.0;45.03;4.84;116.0;2026-09-29T13:15:00+02:00;2026-09-29T13:29:12+02:00;877870e97ed7
2026-09-30;roche_de_glun;AROMEHD;2026-09-30T10:00;7.3;18.9;222.0;20.1;0.6;;0.0;100.0;100.0;100.0;45.03;4.84;116.0;2026-09-29T13:15:00+02:00;2026-09-29T13:29:12+02:00;877870e97ed7
2026-09-30;roche_de_glun;AROMEHD;2026-09-30T11:00;6.1;26.8;189.0;18.9;2.0;;6.0;100.0;100.0;100.0;45.03;4.84;116.0;2026-09-29T13:15:00+02:00;2026-09-29T13:29:12+02:00;877870e97ed7
2026-09-30;roche_de_glun;AROMEHD;2026-09-30T12:00;6.1;15.0;186.0;19.7;0.4;;7.0;100.0;100.0;100.0;45.03;4.84;116.0;2026-09-29T13:15:00+02:00;2026-09-29T13:29:12+02:00;877870e97ed7
2026-09-30;roche_de_glun;AROMEHD;2026-09-30T13:00;5.4;16.7;167.0;20.1;0.6;;0.0;100.0;100.0;100.0;45.03;4.84;116.0;2026-09-29T13:15:00+02:00;2026-09-29T13:29:12+02:00;877870e97ed7
2026-09-30;roche_de_glun;AROMEHD;2026-09-30T14:00;5.3;15.4;188.0;20.9;0.3;;0.0;100.0;100.0;100.0;45.03;4.84;116.0;2026-09-29T13:15:00+02:00;2026-09-29T13:29:12+02:00;877870e97ed7
2026-09-30;roche_de_glun;AROMEHD;2026-09-30T15:00;6.7;15.0;163.0;20.4;0.2;;0.0;100.0;100.0;100.0;45.03;4.84;116.0;2026-09-29T13:15:00+02:00;2026-09-29T13:29:12+02:00;877870e97ed7
2026-09-30;roche_de_glun;AROMEHD;2026-09-30T16:00;7.5;17.5;173.0;20.9;0.0;;0.0;100.0;100.0;100.0;45.03;4.84;116.0;2026-09-29T13:15:00+02:00;2026-09-29T13:29:12+02:00;877870e97ed7
2026-09-30;roche_de_glun;AROMEHD;2026-09-30T17:00;6.2;20.0;180.0;21.2;0.0;;0.0;84.0;100.0;100.0;45.03;4.84;116.0;2026-09-29T13:15:00+02:00;2026-09-29T13:29:12+02:00;877870e97ed7
2026-09-30;roche_de_glun;AROMEHD;2026-09-30T18:00;3.6;16.5;158.0;21.3;0.0;;0.0;0.0;100.0;100.0;45.03;4.84;116.0;2026-09-29T13:15:00+02:00;2026-09-29T13:29:12+02:00;877870e97ed7
2026-09-30;roche_de_glun;AROMEHD;2026-09-30T19:00;5.0;12.8;216.0;22.1;0.0;;0.0;0.0;100.0;100.0;45.03;4.84;116.0;2026-09-29T13:15:00+02:00;2026-09-29T13:29:12+02:00;877870e97ed7
2026-09-30;roche_de_glun;AROMEHD;2026-09-30T20:00;3.9;12.4;213.0;21.6;0.0;;0.0;11.0;100.0;100.0;45.03;4.84;116.0;2026-09-29T13:15:00+02:00;2026-09-29T13:29:12+02:00;877870e97ed7
2026-09-30;roche_de_glun;AROMEHD;2026-09-30T21:00;5.2;13.2;193.0;21.4;0.0;;9.0;100.0;100.0;100.0;45.03;4.84;116.0;2026-09-29T13:15:00+02:00;2026-09-29T13:29:12+02:00;877870e97ed7
2026-09-30;roche_de_glun;AROMEHD;2026-09-30T22:00;4.7;13.6;182.0;20.2;0.5;;1.0;100.0;100.0;100.0;45.03;4.84;116.0;2026-09-29T13:15:00+02:00;2026-09-29T13:29:12+02:00;877870e97ed7
2026-09-30;roche_de_glun;AROMEHD;2026-09-30T23:00;6.0;14.0;201.0;19.8;0.1;;0.0;100.0;100.0;100.0;45.03;4.84;116.0;2026-09-29T13:15:00+02:00;2026-09-29T13:29:12+02:00;877870e97ed7
2026-09-30;roche_de_glun;AROMEHD;2026-10-01T00:00;4.9;14.0;175.0;19.2;0.4;;0.0;100.0;100.0;100.0;45.03;4.84;116.0;2026-09-29T13:15:00+02:00;2026-09-29T13:29:12+02:00;877870e97ed7
2026-09-30;roche_de_glun;ICONCH1;2026-09-30T01:00;8.4;15.2;173.0;22.4;0.0;100.0;5.0;100.0;0.0;100.0;45.020344;4.8496704;118.0;2026-09-29T13:15:00+02:00;2026-09-29T13:29:12+02:00;877870e97ed7
2026-09-30;roche_de_glun;ICONCH1;2026-09-30T02:00;10.9;17.3;184.0;22.8;0.0;100.0;41.0;100.0;59.0;100.0;45.020344;4.8496704;118.0;2026-09-29T13:15:00+02:00;2026-09-29T13:29:12+02:00;877870e97ed7
2026-09-30;roche_de_glun;ICONCH1;2026-09-30T03:00;10.9;19.2;190.0;22.9;0.0;99.0;64.0;98.0;1.0;99.0;45.020344;4.8496704;118.0;2026-09-29T13:15:00+02:00;2026-09-29T13:29:12+02:00;877870e97ed7
2026-09-30;roche_de_glun;ICONCH1;2026-09-30T04:00;17.7;28.8;191.0;22.7;0.0;100.0;47.0;99.0;100.0;100.0;45.020344;4.8496704;118.0;2026-09-29T13:15:00+02:00;2026-09-29T13:29:12+02:00;877870e97ed7
2026-09-30;roche_de_glun;ICONCH1;2026-09-30T05:00;13.7;28.0;195.0;22.5;0.0;100.0;64.0;96.0;100.0;100.0;45.020344;4.8496704;118.0;2026-09-29T13:15:00+02:00;2026-09-29T13:29:12+02:00;877870e97ed7
2026-09-30;roche_de_glun;ICONCH1;2026-09-30T06:00;15.8;25.7;202.0;22.4;0.0;100.0;45.0;91.0;100.0;100.0;45.020344;4.8496704;118.0;2026-09-29T13:15:00+02:00;2026-09-29T13:29:12+02:00;877870e97ed7
2026-09-30;roche_de_glun;ICONCH1;2026-09-30T07:00;12.8;26.4;204.0;22.1;0.0;100.0;59.0;100.0;97.0;100.0;45.020344;4.8496704;118.0;2026-09-29T13:15:00+02:00;2026-09-29T13:29:12+02:00;877870e97ed7
2026-09-30;roche_de_glun;ICONCH1;2026-09-30T08:00;5.2;22.2;202.0;21.1;1.0;100.0;45.0;100.0;100.0;100.0;45.020344;4.8496704;118.0;2026-09-29T13:15:00+02:00;2026-09-29T13:29:12+02:00;877870e97ed7
2026-09-30;roche_de_glun;ICONCH1;2026-09-30T09:00;6.8;11.1;193.0;21.4;1.6;100.0;0.0;100.0;100.0;100.0;45.020344;4.8496704;118.0;2026-09-29T13:15:00+02:00;2026-09-29T13:29:12+02:00;877870e97ed7
2026-09-30;roche_de_glun;ICONCH1;2026-09-30T10:00;14.5;22.9;202.0;20.9;2.2;100.0;65.0;100.0;100.0;100.0;45.020344;4.8496704;118.0;2026-09-29T13:15:00+02:00;2026-09-29T13:29:12+02:00;877870e97ed7
2026-09-30;roche_de_glun;ICONCH1;2026-09-30T11:00;14.2;24.5;189.0;19.7;7.0;100.0;74.0;100.0;100.0;100.0;45.020344;4.8496704;118.0;2026-09-29T13:15:00+02:00;2026-09-29T13:29:12+02:00;877870e97ed7
2026-09-30;roche_de_glun;ICONCH1;2026-09-30T12:00;7.8;22.7;180.0;20.1;2.9;100.0;48.0;100.0;100.0;100.0;45.020344;4.8496704;118.0;2026-09-29T13:15:00+02:00;2026-09-29T13:29:12+02:00;877870e97ed7
2026-09-30;roche_de_glun;ICONCH1;2026-09-30T13:00;7.0;13.6;180.0;19.9;3.4;100.0;49.0;100.0;92.0;100.0;45.020344;4.8496704;118.0;2026-09-29T13:15:00+02:00;2026-09-29T13:29:12+02:00;877870e97ed7
2026-09-30;roche_de_glun;ICONCH1;2026-09-30T14:00;5.7;11.5;139.0;20.0;0.8;100.0;38.0;100.0;93.0;100.0;45.020344;4.8496704;118.0;2026-09-29T13:15:00+02:00;2026-09-29T13:29:12+02:00;877870e97ed7
2026-09-30;roche_de_glun;ICONCH1;2026-09-30T15:00;4.4;12.2;139.0;20.6;0.2;100.0;45.0;100.0;100.0;100.0;45.020344;4.8496704;118.0;2026-09-29T13:15:00+02:00;2026-09-29T13:29:12+02:00;877870e97ed7
2026-09-30;roche_de_glun;ICONCH1;2026-09-30T16:00;4.4;8.4;131.0;20.8;0.3;100.0;57.0;90.0;100.0;100.0;45.020344;4.8496704;118.0;2026-09-29T13:15:00+02:00;2026-09-29T13:29:12+02:00;877870e97ed7
2026-09-30;roche_de_glun;ICONCH1;2026-09-30T17:00;1.2;7.2;90.0;21.0;0.2;100.0;50.0;100.0;100.0;100.0;45.020344;4.8496704;118.0;2026-09-29T13:15:00+02:00;2026-09-29T13:29:12+02:00;877870e97ed7
2026-09-30;roche_de_glun;ICONCH1;2026-09-30T18:00;2.1;5.6;131.0;21.3;0.1;100.0;30.0;100.0;100.0;100.0;45.020344;4.8496704;118.0;2026-09-29T13:15:00+02:00;2026-09-29T13:29:12+02:00;877870e97ed7
2026-09-30;roche_de_glun;ICONCH1;2026-09-30T19:00;4.1;7.0;131.0;21.5;0.6;100.0;29.0;100.0;100.0;100.0;45.020344;4.8496704;118.0;2026-09-29T13:15:00+02:00;2026-09-29T13:29:12+02:00;877870e97ed7
2026-09-30;roche_de_glun;ICONCH1;2026-09-30T20:00;9.7;17.9;209.0;22.1;0.5;100.0;55.0;96.0;100.0;100.0;45.020344;4.8496704;118.0;2026-09-29T13:15:00+02:00;2026-09-29T13:29:12+02:00;877870e97ed7
2026-09-30;st_alban_du_rhone;AROMEHD;2026-09-30T01:00;10.1;19.0;184.0;23.5;0.0;;0.0;100.0;100.0;100.0;45.39;4.76;140.0;2026-09-29T13:15:00+02:00;2026-09-29T13:29:12+02:00;877870e97ed7
2026-09-30;st_alban_du_rhone;AROMEHD;2026-09-30T02:00;9.4;17.7;175.0;23.3;0.0;;0.0;11.0;100.0;100.0;45.39;4.76;140.0;2026-09-29T13:15:00+02:00;2026-09-29T13:29:12+02:00;877870e97ed7
2026-09-30;st_alban_du_rhone;AROMEHD;2026-09-30T03:00;12.4;22.2;190.0;23.5;0.0;;0.0;100.0;58.0;100.0;45.39;4.76;140.0;2026-09-29T13:15:00+02:00;2026-09-29T13:29:12+02:00;877870e97ed7
2026-09-30;st_alban_du_rhone;AROMEHD;2026-09-30T04:00;12.1;23.1;181.0;23.4;0.0;;0.0;100.0;100.0;100.0;45.39;4.76;140.0;2026-09-29T13:15:00+02:00;2026-09-29T13:29:12+02:00;877870e97ed7
2026-09-30;st_alban_du_rhone;AROMEHD;2026-09-30T05:00;10.3;21.2;202.0;23.2;0.0;;0.0;100.0;100.0;100.0;45.39;4.76;140.0;2026-09-29T13:15:00+02:00;2026-09-29T13:29:12+02:00;877870e97ed7
2026-09-30;st_alban_du_rhone;AROMEHD;2026-09-30T06:00;10.1;18.7;190.0;23.1;0.0;;0.0;100.0;57.0;100.0;45.39;4.76;140.0;2026-09-29T13:15:00+02:00;2026-09-29T13:29:12+02:00;877870e97ed7
2026-09-30;st_alban_du_rhone;AROMEHD;2026-09-30T07:00;12.4;24.1;196.0;22.2;0.0;;0.0;100.0;100.0;100.0;45.39;4.76;140.0;2026-09-29T13:15:00+02:00;2026-09-29T13:29:12+02:00;877870e97ed7
2026-09-30;st_alban_du_rhone;AROMEHD;2026-09-30T08:00;10.8;29.7;201.0;20.6;0.2;;0.0;100.0;100.0;100.0;45.39;4.76;140.0;2026-09-29T13:15:00+02:00;2026-09-29T13:29:12+02:00;877870e97ed7
2026-09-30;st_alban_du_rhone;AROMEHD;2026-09-30T09:00;12.2;22.4;213.0;21.6;0.0;;0.0;100.0;100.0;100.0;45.39;4.76;140.0;2026-09-29T13:15:00+02:00;2026-09-29T13:29:12+02:00;877870e97ed7
2026-09-30;st_alban_du_rhone;AROMEHD;2026-09-30T10:00;11.4;25.7;193.0;21.4;0.0;;0.0;100.0;100.0;100.0;45.39;4.76;140.0;2026-09-29T13:15:00+02:00;2026-09-29T13:29:12+02:00;877870e97ed7
2026-09-30;st_alban_du_rhone;AROMEHD;2026-09-30T11:00;11.0;21.8;188.0;20.8;0.1;;1.0;100.0;100.0;100.0;45.39;4.76;140.0;2026-09-29T13:15:00+02:00;2026-09-29T13:29:12+02:00;877870e97ed7
2026-09-30;st_alban_du_rhone;AROMEHD;2026-09-30T12:00;8.6;22.2;162.0;20.6;0.2;;14.0;100.0;100.0;100.0;45.39;4.76;140.0;2026-09-29T13:15:00+02:00;2026-09-29T13:29:12+02:00;877870e97ed7
2026-09-30;st_alban_du_rhone;AROMEHD;2026-09-30T13:00;12.2;20.8;179.0;21.9;0.0;;0.0;100.0;100.0;100.0;45.39;4.76;140.0;2026-09-29T13:15:00+02:00;2026-09-29T13:29:12+02:00;877870e97ed7
2026-09-30;st_alban_du_rhone;AROMEHD;2026-09-30T14:00;10.3;20.6;183.0;22.7;0.0;;0.0;100.0;100.0;100.0;45.39;4.76;140.0;2026-09-29T13:15:00+02:00;2026-09-29T13:29:12+02:00;877870e97ed7
2026-09-30;st_alban_du_rhone;AROMEHD;2026-09-30T15:00;11.4;19.6;172.0;22.9;0.0;;0.0;100.0;100.0;100.0;45.39;4.76;140.0;2026-09-29T13:15:00+02:00;2026-09-29T13:29:12+02:00;877870e97ed7
2026-09-30;st_alban_du_rhone;AROMEHD;2026-09-30T16:00;10.0;20.8;159.0;21.8;0.0;;2.0;89.0;100.0;100.0;45.39;4.76;140.0;2026-09-29T13:15:00+02:00;2026-09-29T13:29:12+02:00;877870e97ed7
2026-09-30;st_alban_du_rhone;AROMEHD;2026-09-30T17:00;12.2;20.2;166.0;23.0;0.0;;0.0;0.0;100.0;100.0;45.39;4.76;140.0;2026-09-29T13:15:00+02:00;2026-09-29T13:29:12+02:00;877870e97ed7
2026-09-30;st_alban_du_rhone;AROMEHD;2026-09-30T18:00;11.6;21.0;163.0;22.0;0.0;;0.0;28.0;100.0;100.0;45.39;4.76;140.0;2026-09-29T13:15:00+02:00;2026-09-29T13:29:12+02:00;877870e97ed7
2026-09-30;st_alban_du_rhone;AROMEHD;2026-09-30T19:00;9.7;18.9;181.0;22.1;0.0;;0.0;100.0;100.0;100.0;45.39;4.76;140.0;2026-09-29T13:15:00+02:00;2026-09-29T13:29:12+02:00;877870e97ed7
2026-09-30;st_alban_du_rhone;AROMEHD;2026-09-30T20:00;9.4;17.1;198.0;22.4;0.0;;0.0;100.0;100.0;100.0;45.39;4.76;140.0;2026-09-29T13:15:00+02:00;2026-09-29T13:29:12+02:00;877870e97ed7
2026-09-30;st_alban_du_rhone;AROMEHD;2026-09-30T21:00;8.1;16.9;169.0;22.4;0.0;;1.0;100.0;100.0;100.0;45.39;4.76;140.0;2026-09-29T13:15:00+02:00;2026-09-29T13:29:12+02:00;877870e97ed7
2026-09-30;st_alban_du_rhone;AROMEHD;2026-09-30T22:00;7.8;14.6;157.0;21.9;0.0;;80.0;100.0;100.0;100.0;45.39;4.76;140.0;2026-09-29T13:15:00+02:00;2026-09-29T13:29:12+02:00;877870e97ed7
2026-09-30;st_alban_du_rhone;AROMEHD;2026-09-30T23:00;9.6;15.4;167.0;21.7;0.0;;0.0;100.0;100.0;100.0;45.39;4.76;140.0;2026-09-29T13:15:00+02:00;2026-09-29T13:29:12+02:00;877870e97ed7
2026-09-30;st_alban_du_rhone;AROMEHD;2026-10-01T00:00;7.7;17.3;162.0;19.6;0.9;;0.0;100.0;100.0;100.0;45.39;4.76;140.0;2026-09-29T13:15:00+02:00;2026-09-29T13:29:12+02:00;877870e97ed7
2026-09-30;st_alban_du_rhone;ICONCH1;2026-09-30T01:00;2.9;12.2;188.0;21.8;0.0;83.0;9.0;80.0;30.0;83.0;45.386887;4.758301;141.0;2026-09-29T13:15:00+02:00;2026-09-29T13:29:12+02:00;877870e97ed7
2026-09-30;st_alban_du_rhone;ICONCH1;2026-09-30T02:00;3.0;5.2;148.0;21.4;0.0;100.0;69.0;87.0;100.0;100.0;45.386887;4.758301;141.0;2026-09-29T13:15:00+02:00;2026-09-29T13:29:12+02:00;877870e97ed7
2026-09-30;st_alban_du_rhone;ICONCH1;2026-09-30T03:00;7.6;12.1;181.0;22.2;0.0;100.0;85.0;87.0;100.0;100.0;45.386887;4.758301;141.0;2026-09-29T13:15:00+02:00;2026-09-29T13:29:12+02:00;877870e97ed7
2026-09-30;st_alban_du_rhone;ICONCH1;2026-09-30T04:00;12.3;19.8;191.0;22.0;0.0;100.0;41.0;89.0;100.0;100.0;45.386887;4.758301;141.0;2026-09-29T13:15:00+02:00;2026-09-29T13:29:12+02:00;877870e97ed7
2026-09-30;st_alban_du_rhone;ICONCH1;2026-09-30T05:00;13.5;23.7;198.0;21.2;0.3;100.0;50.0;100.0;100.0;100.0;45.386887;4.758301;141.0;2026-09-29T13:15:00+02:00;2026-09-29T13:29:12+02:00;877870e97ed7
2026-09-30;st_alban_du_rhone;ICONCH1;2026-09-30T06:00;14.4;22.9;194.0;21.2;0.2;94.0;41.0;75.0;67.0;94.0;45.386887;4.758301;141.0;2026-09-29T13:15:00+02:00;2026-09-29T13:29:12+02:00;877870e97ed7
2026-09-30;st_alban_du_rhone;ICONCH1;2026-09-30T07:00;10.1;22.9;200.0;21.1;0.0;100.0;68.0;95.0;100.0;100.0;45.386887;4.758301;141.0;2026-09-29T13:15:00+02:00;2026-09-29T13:29:12+02:00;877870e97ed7
2026-09-30;st_alban_du_rhone;ICONCH1;2026-09-30T08:00;13.0;22.9;193.0;20.9;0.0;100.0;23.0;80.0;100.0;100.0;45.386887;4.758301;141.0;2026-09-29T13:15:00+02:00;2026-09-29T13:29:12+02:00;877870e97ed7
2026-09-30;st_alban_du_rhone;ICONCH1;2026-09-30T09:00;9.6;20.4;188.0;21.4;0.0;100.0;42.0;94.0;100.0;100.0;45.386887;4.758301;141.0;2026-09-29T13:15:00+02:00;2026-09-29T13:29:12+02:00;877870e97ed7
2026-09-30;st_alban_du_rhone;ICONCH1;2026-09-30T10:00;10.0;16.9;159.0;19.9;0.3;100.0;59.0;100.0;100.0;100.0;45.386887;4.758301;141.0;2026-09-29T13:15:00+02:00;2026-09-29T13:29:12+02:00;877870e97ed7
2026-09-30;st_alban_du_rhone;ICONCH1;2026-09-30T11:00;11.3;17.9;184.0;20.3;1.1;100.0;65.0;100.0;100.0;100.0;45.386887;4.758301;141.0;2026-09-29T13:15:00+02:00;2026-09-29T13:29:12+02:00;877870e97ed7
2026-09-30;st_alban_du_rhone;ICONCH1;2026-09-30T12:00;10.6;19.2;156.0;19.9;0.8;100.0;52.0;100.0;81.0;100.0;45.386887;4.758301;141.0;2026-09-29T13:15:00+02:00;2026-09-29T13:29:12+02:00;877870e97ed7
2026-09-30;st_alban_du_rhone;ICONCH1;2026-09-30T13:00;8.8;17.5;155.0;20.2;0.4;100.0;47.0;100.0;63.0;100.0;45.386887;4.758301;141.0;2026-09-29T13:15:00+02:00;2026-09-29T13:29:12+02:00;877870e97ed7
2026-09-30;st_alban_du_rhone;ICONCH1;2026-09-30T14:00;8.5;14.6;156.0;20.9;0.5;96.0;44.0;74.0;70.0;96.0;45.386887;4.758301;141.0;2026-09-29T13:15:00+02:00;2026-09-29T13:29:12+02:00;877870e97ed7
2026-09-30;st_alban_du_rhone;ICONCH1;2026-09-30T15:00;12.3;20.2;151.0;21.6;0.0;99.0;26.0;97.0;73.0;99.0;45.386887;4.758301;141.0;2026-09-29T13:15:00+02:00;2026-09-29T13:29:12+02:00;877870e97ed7
2026-09-30;st_alban_du_rhone;ICONCH1;2026-09-30T16:00;10.9;19.8;151.0;21.9;0.0;100.0;43.0;100.0;98.0;100.0;45.386887;4.758301;141.0;2026-09-29T13:15:00+02:00;2026-09-29T13:29:12+02:00;877870e97ed7
2026-09-30;st_alban_du_rhone;ICONCH1;2026-09-30T17:00;9.2;17.3;150.0;22.1;0.0;100.0;11.0;93.0;100.0;100.0;45.386887;4.758301;141.0;2026-09-29T13:15:00+02:00;2026-09-29T13:29:12+02:00;877870e97ed7
2026-09-30;st_alban_du_rhone;ICONCH1;2026-09-30T18:00;9.3;16.1;157.0;22.2;0.0;100.0;34.0;89.0;100.0;100.0;45.386887;4.758301;141.0;2026-09-29T13:15:00+02:00;2026-09-29T13:29:12+02:00;877870e97ed7
2026-09-30;st_alban_du_rhone;ICONCH1;2026-09-30T19:00;7.0;15.0;161.0;22.1;0.0;100.0;7.0;100.0;100.0;100.0;45.386887;4.758301;141.0;2026-09-29T13:15:00+02:00;2026-09-29T13:29:12+02:00;877870e97ed7
2026-09-30;st_alban_du_rhone;ICONCH1;2026-09-30T20:00;8.7;15.7;170.0;21.8;0.0;100.0;0.0;100.0;100.0;100.0;45.386887;4.758301;141.0;2026-09-29T13:15:00+02:00;2026-09-29T13:29:12+02:00;877870e97ed7
2026-09-30;st_cyr_sur_le_rhone;AROMEHD;2026-09-30T01:00;11.5;25.9;196.0;23.4;0.0;;0.0;45.0;100.0;100.0;45.510002;4.8500004;190.0;2026-09-29T13:15:00+02:00;2026-09-29T13:29:12+02:00;877870e97ed7
2026-09-30;st_cyr_sur_le_rhone;AROMEHD;2026-09-30T02:00;11.1;26.4;196.0;23.3;0.0;;0.0;100.0;100.0;100.0;45.510002;4.8500004;190.0;2026-09-29T13:15:00+02:00;2026-09-29T13:29:12+02:00;877870e97ed7
2026-09-30;st_cyr_sur_le_rhone;AROMEHD;2026-09-30T03:00;10.8;24.9;198.0;23.2;0.0;;0.0;100.0;100.0;100.0;45.510002;4.8500004;190.0;2026-09-29T13:15:00+02:00;2026-09-29T13:29:12+02:00;877870e97ed7
2026-09-30;st_cyr_sur_le_rhone;AROMEHD;2026-09-30T04:00;9.8;25.1;198.0;23.3;0.0;;0.0;100.0;17.0;100.0;45.510002;4.8500004;190.0;2026-09-29T13:15:00+02:00;2026-09-29T13:29:12+02:00;877870e97ed7
2026-09-30;st_cyr_sur_le_rhone;AROMEHD;2026-09-30T05:00;10.5;23.1;205.0;23.4;0.0;;0.0;100.0;98.0;100.0;45.510002;4.8500004;190.0;2026-09-29T13:15:00+02:00;2026-09-29T13:29:12+02:00;877870e97ed7
2026-09-30;st_cyr_sur_le_rhone;AROMEHD;2026-09-30T06:00;8.7;22.9;201.0;23.0;0.0;;0.0;100.0;70.0;100.0;45.510002;4.8500004;190.0;2026-09-29T13:15:00+02:00;2026-09-29T13:29:12+02:00;877870e97ed7
2026-09-30;st_cyr_sur_le_rhone;AROMEHD;2026-09-30T07:00;11.4;28.0;205.0;22.7;0.0;;0.0;100.0;99.0;100.0;45.510002;4.8500004;190.0;2026-09-29T13:15:00+02:00;2026-09-29T13:29:12+02:00;877870e97ed7
2026-09-30;st_cyr_sur_le_rhone;AROMEHD;2026-09-30T08:00;13.5;30.1;192.0;20.6;0.1;;0.0;100.0;100.0;100.0;45.510002;4.8500004;190.0;2026-09-29T13:15:00+02:00;2026-09-29T13:29:12+02:00;877870e97ed7
2026-09-30;st_cyr_sur_le_rhone;AROMEHD;2026-09-30T09:00;9.2;29.5;195.0;20.9;0.0;;0.0;100.0;94.0;100.0;45.510002;4.8500004;190.0;2026-09-29T13:15:00+02:00;2026-09-29T13:29:12+02:00;877870e97ed7
2026-09-30;st_cyr_sur_le_rhone;AROMEHD;2026-09-30T10:00;10.8;26.0;198.0;21.8;0.0;;0.0;100.0;100.0;100.0;45.510002;4.8500004;190.0;2026-09-29T13:15:00+02:00;2026-09-29T13:29:12+02:00;877870e97ed7
2026-09-30;st_cyr_sur_le_rhone;AROMEHD;2026-09-30T11:00;12.4;26.6;200.0;20.8;0.1;;0.0;100.0;100.0;100.0;45.510002;4.8500004;190.0;2026-09-29T13:15:00+02:00;2026-09-29T13:29:12+02:00;877870e97ed7
2026-09-30;st_cyr_sur_le_rhone;AROMEHD;2026-09-30T12:00;12.2;28.2;197.0;20.4;0.1;;0.0;100.0;100.0;100.0;45.510002;4.8500004;190.0;2026-09-29T13:15:00+02:00;2026-09-29T13:29:12+02:00;877870e97ed7
2026-09-30;st_cyr_sur_le_rhone;AROMEHD;2026-09-30T13:00;11.7;26.0;199.0;21.4;0.1;;0.0;100.0;100.0;100.0;45.510002;4.8500004;190.0;2026-09-29T13:15:00+02:00;2026-09-29T13:29:12+02:00;877870e97ed7
2026-09-30;st_cyr_sur_le_rhone;AROMEHD;2026-09-30T14:00;11.3;26.4;201.0;22.4;0.0;;0.0;100.0;100.0;100.0;45.510002;4.8500004;190.0;2026-09-29T13:15:00+02:00;2026-09-29T13:29:12+02:00;877870e97ed7
2026-09-30;st_cyr_sur_le_rhone;AROMEHD;2026-09-30T15:00;10.4;24.3;197.0;23.2;0.0;;0.0;100.0;100.0;100.0;45.510002;4.8500004;190.0;2026-09-29T13:15:00+02:00;2026-09-29T13:29:12+02:00;877870e97ed7
2026-09-30;st_cyr_sur_le_rhone;AROMEHD;2026-09-30T16:00;10.1;24.9;191.0;21.5;0.0;;0.0;100.0;100.0;100.0;45.510002;4.8500004;190.0;2026-09-29T13:15:00+02:00;2026-09-29T13:29:12+02:00;877870e97ed7
2026-09-30;st_cyr_sur_le_rhone;AROMEHD;2026-09-30T17:00;10.9;23.9;196.0;22.7;0.0;;0.0;1.0;100.0;100.0;45.510002;4.8500004;190.0;2026-09-29T13:15:00+02:00;2026-09-29T13:29:12+02:00;877870e97ed7
2026-09-30;st_cyr_sur_le_rhone;AROMEHD;2026-09-30T18:00;11.7;26.4;192.0;21.9;0.0;;0.0;0.0;100.0;100.0;45.510002;4.8500004;190.0;2026-09-29T13:15:00+02:00;2026-09-29T13:29:12+02:00;877870e97ed7
2026-09-30;st_cyr_sur_le_rhone;AROMEHD;2026-09-30T19:00;10.1;25.9;199.0;21.6;0.0;;0.0;64.0;100.0;100.0;45.510002;4.8500004;190.0;2026-09-29T13:15:00+02:00;2026-09-29T13:29:12+02:00;877870e97ed7
2026-09-30;st_cyr_sur_le_rhone;AROMEHD;2026-09-30T20:00;10.0;22.4;202.0;21.7;0.0;;0.0;100.0;100.0;100.0;45.510002;4.8500004;190.0;2026-09-29T13:15:00+02:00;2026-09-29T13:29:12+02:00;877870e97ed7
2026-09-30;st_cyr_sur_le_rhone;AROMEHD;2026-09-30T21:00;9.1;21.8;200.0;22.0;0.0;;0.0;100.0;100.0;100.0;45.510002;4.8500004;190.0;2026-09-29T13:15:00+02:00;2026-09-29T13:29:12+02:00;877870e97ed7
2026-09-30;st_cyr_sur_le_rhone;AROMEHD;2026-09-30T22:00;9.5;21.6;192.0;21.5;0.0;;0.0;100.0;100.0;100.0;45.510002;4.8500004;190.0;2026-09-29T13:15:00+02:00;2026-09-29T13:29:12+02:00;877870e97ed7
2026-09-30;st_cyr_sur_le_rhone;AROMEHD;2026-09-30T23:00;8.2;21.2;198.0;20.9;0.0;;3.0;100.0;100.0;100.0;45.510002;4.8500004;190.0;2026-09-29T13:15:00+02:00;2026-09-29T13:29:12+02:00;877870e97ed7
2026-09-30;st_cyr_sur_le_rhone;AROMEHD;2026-10-01T00:00;9.4;21.6;201.0;19.8;0.3;;0.0;100.0;100.0;100.0;45.510002;4.8500004;190.0;2026-09-29T13:15:00+02:00;2026-09-29T13:29:12+02:00;877870e97ed7
2026-09-30;st_cyr_sur_le_rhone;ICONCH1;2026-09-30T01:00;15.5;25.3;186.0;20.9;0.0;89.0;0.0;89.0;0.0;89.0;45.511913;4.860718;186.0;2026-09-29T13:15:00+02:00;2026-09-29T13:29:12+02:00;877870e97ed7
2026-09-30;st_cyr_sur_le_rhone;ICONCH1;2026-09-30T02:00;15.0;26.0;184.0;21.2;0.0;96.0;0.0;96.0;33.0;96.0;45.511913;4.860718;186.0;2026-09-29T13:15:00+02:00;2026-09-29T13:29:12+02:00;877870e97ed7
2026-09-30;st_cyr_sur_le_rhone;ICONCH1;2026-09-30T03:00;11.8;24.1;197.0;21.4;0.0;100.0;0.0;99.0;100.0;100.0;45.511913;4.860718;186.0;2026-09-29T13:15:00+02:00;2026-09-29T13:29:12+02:00;877870e97ed7
2026-09-30;st_cyr_sur_le_rhone;ICONCH1;2026-09-30T04:00;15.0;24.1;194.0;21.5;0.0;100.0;0.0;100.0;37.0;100.0;45.511913;4.860718;186.0;2026-09-29T13:15:00+02:00;2026-09-29T13:29:12+02:00;877870e97ed7
2026-09-30;st_cyr_sur_le_rhone;ICONCH1;2026-09-30T05:00;14.7;24.5;198.0;21.2;0.0;100.0;3.0;100.0;83.0;100.0;45.511913;4.860718;186.0;2026-09-29T13:15:00+02:00;2026-09-29T13:29:12+02:00;877870e97ed7
2026-09-30;st_cyr_sur_le_rhone;ICONCH1;2026-09-30T06:00;13.5;23.5;195.0;20.1;0.3;97.0;0.0;97.0;0.0;97.0;45.511913;4.860718;186.0;2026-09-29T13:15:00+02:00;2026-09-29T13:29:12+02:00;877870e97ed7
2026-09-30;st_cyr_sur_le_rhone;ICONCH1;2026-09-30T07:00;9.3;21.4;200.0;19.7;0.0;95.0;28.0;57.0;80.0;95.0;45.511913;4.860718;186.0;2026-09-29T13:15:00+02:00;2026-09-29T13:29:12+02:00;877870e97ed7
2026-09-30;st_cyr_sur_le_rhone;ICONCH1;2026-09-30T08:00;10.2;15.9;198.0;19.5;0.0;98.0;9.0;79.0;91.0;98.0;45.511913;4.860718;186.0;2026-09-29T13:15:00+02:00;2026-09-29T13:29:12+02:00;877870e97ed7
2026-09-30;st_cyr_sur_le_rhone;ICONCH1;2026-09-30T09:00;12.9;20.4;195.0;20.3;0.0;100.0;0.0;91.0;95.0;100.0;45.511913;4.860718;186.0;2026-09-29T13:15:00+02:00;2026-09-29T13:29:12+02:00;877870e97ed7
2026-09-30;st_cyr_sur_le_rhone;ICONCH1;2026-09-30T10:00;12.8;22.4;190.0;20.1;0.0;100.0;5.0;98.0;100.0;100.0;45.511913;4.860718;186.0;2026-09-29T13:15:00+02:00;2026-09-29T13:29:12+02:00;877870e97ed7
2026-09-30;st_cyr_sur_le_rhone;ICONCH1;2026-09-30T11:00;12.0;21.4;200.0;18.8;1.1;100.0;10.0;100.0;100.0;100.0;45.511913;4.860718;186.0;2026-09-29T13:15:00+02:00;2026-09-29T13:29:12+02:00;877870e97ed7
2026-09-30;st_cyr_sur_le_rhone;ICONCH1;2026-09-30T12:00;15.9;28.4;197.0;18.6;1.7;100.0;11.0;100.0;100.0;100.0;45.511913;4.860718;186.0;2026-09-29T13:15:00+02:00;2026-09-29T13:29:12+02:00;877870e97ed7
2026-09-30;st_cyr_sur_le_rhone;ICONCH1;2026-09-30T13:00;11.7;25.5;199.0;19.4;0.4;100.0;47.0;98.0;89.0;100.0;45.511913;4.860718;186.0;2026-09-29T13:15:00+02:00;2026-09-29T13:29:12+02:00;877870e97ed7
2026-09-30;st_cyr_sur_le_rhone;ICONCH1;2026-09-30T14:00;11.0;18.9;189.0;20.2;0.3;100.0;9.0;100.0;100.0;100.0;45.511913;4.860718;186.0;2026-09-29T13:15:00+02:00;2026-09-29T13:29:12+02:00;877870e97ed7
2026-09-30;st_cyr_sur_le_rhone;ICONCH1;2026-09-30T15:00;13.5;22.0;187.0;21.4;0.0;97.0;14.0;91.0;75.0;97.0;45.511913;4.860718;186.0;2026-09-29T13:15:00+02:00;2026-09-29T13:29:12+02:00;877870e97ed7
2026-09-30;st_cyr_sur_le_rhone;ICONCH1;2026-09-30T16:00;15.3;24.7;189.0;22.1;0.0;100.0;0.0;93.0;100.0;100.0;45.511913;4.860718;186.0;2026-09-29T13:15:00+02:00;2026-09-29T13:29:12+02:00;877870e97ed7
2026-09-30;st_cyr_sur_le_rhone;ICONCH1;2026-09-30T17:00;14.7;25.1;191.0;21.9;0.0;100.0;0.0;98.0;100.0;100.0;45.511913;4.860718;186.0;2026-09-29T13:15:00+02:00;2026-09-29T13:29:12+02:00;877870e97ed7
2026-09-30;st_cyr_sur_le_rhone;ICONCH1;2026-09-30T18:00;12.9;23.3;198.0;21.9;0.0;100.0;0.0;95.0;100.0;100.0;45.511913;4.860718;186.0;2026-09-29T13:15:00+02:00;2026-09-29T13:29:12+02:00;877870e97ed7
2026-09-30;st_cyr_sur_le_rhone;ICONCH1;2026-09-30T19:00;11.4;21.0;198.0;21.5;0.0;100.0;0.0;97.0;100.0;100.0;45.511913;4.860718;186.0;2026-09-29T13:15:00+02:00;2026-09-29T13:29:12+02:00;877870e97ed7
2026-09-30;st_cyr_sur_le_rhone;ICONCH1;2026-09-30T20:00;12.7;20.2;192.0;20.9;0.0;100.0;0.0;100.0;100.0;100.0;45.511913;4.860718;186.0;2026-09-29T13:15:00+02:00;2026-09-29T13:29:12+02:00;877870e97ed7
2026-09-30;st_romain_des_iles;AROMEHD;2026-09-30T01:00;13.6;22.2;171.0;23.4;0.0;;0.0;0.0;100.0;100.0;46.18;4.779999;169.0;2026-09-29T13:15:00+02:00;2026-09-29T13:29:12+02:00;877870e97ed7
2026-09-30;st_romain_des_iles;AROMEHD;2026-09-30T02:00;11.3;22.0;176.0;23.0;0.0;;0.0;8.0;100.0;100.0;46.18;4.779999;169.0;2026-09-29T13:15:00+02:00;2026-09-29T13:29:12+02:00;877870e97ed7
2026-09-30;st_romain_des_iles;AROMEHD;2026-09-30T03:00;11.3;18.5;169.0;22.8;0.0;;0.0;2.0;29.0;29.0;46.18;4.779999;169.0;2026-09-29T13:15:00+02:00;2026-09-29T13:29:12+02:00;877870e97ed7
2026-09-30;st_romain_des_iles;AROMEHD;2026-09-30T04:00;11.8;19.0;172.0;22.6;0.0;;0.0;35.0;96.0;96.0;46.18;4.779999;169.0;2026-09-29T13:15:00+02:00;2026-09-29T13:29:12+02:00;877870e97ed7
2026-09-30;st_romain_des_iles;AROMEHD;2026-09-30T05:00;9.9;18.9;177.0;22.8;0.0;;0.0;100.0;89.0;100.0;46.18;4.779999;169.0;2026-09-29T13:15:00+02:00;2026-09-29T13:29:12+02:00;877870e97ed7
2026-09-30;st_romain_des_iles;AROMEHD;2026-09-30T06:00;12.3;20.0;186.0;23.1;0.0;;0.0;100.0;52.0;100.0;46.18;4.779999;169.0;2026-09-29T13:15:00+02:00;2026-09-29T13:29:12+02:00;877870e97ed7
2026-09-30;st_romain_des_iles;AROMEHD;2026-09-30T07:00;9.4;23.7;185.0;22.3;0.0;;0.0;100.0;99.0;100.0;46.18;4.779999;169.0;2026-09-29T13:15:00+02:00;2026-09-29T13:29:12+02:00;877870e97ed7
2026-09-30;st_romain_des_iles;AROMEHD;2026-09-30T08:00;10.5;20.6;182.0;22.4;0.0;;0.0;19.0;10.0;19.0;46.18;4.779999;169.0;2026-09-29T13:15:00+02:00;2026-09-29T13:29:12+02:00;877870e97ed7
2026-09-30;st_romain_des_iles;AROMEHD;2026-09-30T09:00;11.1;18.9;180.0;22.6;0.0;;0.0;74.0;100.0;100.0;46.18;4.779999;169.0;2026-09-29T13:15:00+02:00;2026-09-29T13:29:12+02:00;877870e97ed7
2026-09-30;st_romain_des_iles;AROMEHD;2026-09-30T10:00;12.6;21.2;194.0;24.0;0.0;;0.0;8.0;100.0;100.0;46.18;4.779999;169.0;2026-09-29T13:15:00+02:00;2026-09-29T13:29:12+02:00;877870e97ed7
2026-09-30;st_romain_des_iles;AROMEHD;2026-09-30T11:00;16.3;27.6;188.0;25.0;0.0;;0.0;79.0;100.0;100.0;46.18;4.779999;169.0;2026-09-29T13:15:00+02:00;2026-09-29T13:29:12+02:00;877870e97ed7
2026-09-30;st_romain_des_iles;AROMEHD;2026-09-30T12:00;16.6;28.0;190.0;23.8;0.0;;5.0;100.0;100.0;100.0;46.18;4.779999;169.0;2026-09-29T13:15:00+02:00;2026-09-29T13:29:12+02:00;877870e97ed7
2026-09-30;st_romain_des_iles;AROMEHD;2026-09-30T13:00;18.5;29.9;180.0;23.0;0.0;;1.0;100.0;100.0;100.0;46.18;4.779999;169.0;2026-09-29T13:15:00+02:00;2026-09-29T13:29:12+02:00;877870e97ed7
2026-09-30;st_romain_des_iles;AROMEHD;2026-09-30T14:00;16.7;31.1;178.0;23.5;0.0;;0.0;100.0;100.0;100.0;46.18;4.779999;169.0;2026-09-29T13:15:00+02:00;2026-09-29T13:29:12+02:00;877870e97ed7
2026-09-30;st_romain_des_iles;AROMEHD;2026-09-30T15:00;12.6;27.6;179.0;23.3;0.0;;0.0;100.0;100.0;100.0;46.18;4.779999;169.0;2026-09-29T13:15:00+02:00;2026-09-29T13:29:12+02:00;877870e97ed7
2026-09-30;st_romain_des_iles;AROMEHD;2026-09-30T16:00;12.9;21.2;177.0;24.5;0.0;;0.0;100.0;100.0;100.0;46.18;4.779999;169.0;2026-09-29T13:15:00+02:00;2026-09-29T13:29:12+02:00;877870e97ed7
2026-09-30;st_romain_des_iles;AROMEHD;2026-09-30T17:00;14.2;24.9;177.0;24.0;0.0;;0.0;100.0;100.0;100.0;46.18;4.779999;169.0;2026-09-29T13:15:00+02:00;2026-09-29T13:29:12+02:00;877870e97ed7
2026-09-30;st_romain_des_iles;AROMEHD;2026-09-30T18:00;9.7;23.3;182.0;22.9;0.0;;0.0;65.0;100.0;100.0;46.18;4.779999;169.0;2026-09-29T13:15:00+02:00;2026-09-29T13:29:12+02:00;877870e97ed7
2026-09-30;st_romain_des_iles;AROMEHD;2026-09-30T19:00;8.0;16.1;194.0;22.3;0.0;;0.0;98.0;100.0;100.0;46.18;4.779999;169.0;2026-09-29T13:15:00+02:00;2026-09-29T13:29:12+02:00;877870e97ed7
2026-09-30;st_romain_des_iles;AROMEHD;2026-09-30T20:00;6.6;13.0;182.0;21.5;0.1;;0.0;100.0;100.0;100.0;46.18;4.779999;169.0;2026-09-29T13:15:00+02:00;2026-09-29T13:29:12+02:00;877870e97ed7
2026-09-30;st_romain_des_iles;AROMEHD;2026-09-30T21:00;4.1;10.7;188.0;19.7;0.2;;0.0;100.0;100.0;100.0;46.18;4.779999;169.0;2026-09-29T13:15:00+02:00;2026-09-29T13:29:12+02:00;877870e97ed7
2026-09-30;st_romain_des_iles;AROMEHD;2026-09-30T22:00;1.4;5.4;16.0;18.9;0.6;;0.0;100.0;100.0;100.0;46.18;4.779999;169.0;2026-09-29T13:15:00+02:00;2026-09-29T13:29:12+02:00;877870e97ed7
2026-09-30;st_romain_des_iles;AROMEHD;2026-09-30T23:00;1.4;2.1;56.0;18.5;0.0;;0.0;100.0;100.0;100.0;46.18;4.779999;169.0;2026-09-29T13:15:00+02:00;2026-09-29T13:29:12+02:00;877870e97ed7
2026-09-30;st_romain_des_iles;AROMEHD;2026-10-01T00:00;1.3;1.6;243.0;18.5;0.1;;0.0;100.0;100.0;100.0;46.18;4.779999;169.0;2026-09-29T13:15:00+02:00;2026-09-29T13:29:12+02:00;877870e97ed7
2026-09-30;st_romain_des_iles;ICONCH1;2026-09-30T01:00;8.7;13.6;164.0;21.9;0.0;100.0;0.0;88.0;100.0;100.0;46.179794;4.782837;176.0;2026-09-29T13:15:00+02:00;2026-09-29T13:29:12+02:00;877870e97ed7
2026-09-30;st_romain_des_iles;ICONCH1;2026-09-30T02:00;9.6;16.7;162.0;21.9;0.0;100.0;0.0;91.0;100.0;100.0;46.179794;4.782837;176.0;2026-09-29T13:15:00+02:00;2026-09-29T13:29:12+02:00;877870e97ed7
2026-09-30;st_romain_des_iles;ICONCH1;2026-09-30T03:00;9.4;15.9;173.0;21.7;0.0;100.0;0.0;82.0;100.0;100.0;46.179794;4.782837;176.0;2026-09-29T13:15:00+02:00;2026-09-29T13:29:12+02:00;877870e97ed7
2026-09-30;st_romain_des_iles;ICONCH1;2026-09-30T04:00;6.1;14.8;197.0;21.2;0.0;100.0;0.0;70.0;100.0;100.0;46.179794;4.782837;176.0;2026-09-29T13:15:00+02:00;2026-09-29T13:29:12+02:00;877870e97ed7
2026-09-30;st_romain_des_iles;ICONCH1;2026-09-30T05:00;3.8;9.5;215.0;20.1;0.0;100.0;4.0;55.0;100.0;100.0;46.179794;4.782837;176.0;2026-09-29T13:15:00+02:00;2026-09-29T13:29:12+02:00;877870e97ed7
2026-09-30;st_romain_des_iles;ICONCH1;2026-09-30T06:00;3.6;5.8;209.0;19.7;0.0;67.0;2.0;65.0;0.0;67.0;46.179794;4.782837;176.0;2026-09-29T13:15:00+02:00;2026-09-29T13:29:12+02:00;877870e97ed7
2026-09-30;st_romain_des_iles;ICONCH1;2026-09-30T07:00;4.4;7.0;209.0;20.0;0.0;95.0;21.0;90.0;16.0;95.0;46.179794;4.782837;176.0;2026-09-29T13:15:00+02:00;2026-09-29T13:29:12+02:00;877870e97ed7
2026-09-30;st_romain_des_iles;ICONCH1;2026-09-30T08:00;8.4;13.6;180.0;20.7;0.0;100.0;14.0;69.0;99.0;100.0;46.179794;4.782837;176.0;2026-09-29T13:15:00+02:00;2026-09-29T13:29:12+02:00;877870e97ed7
2026-09-30;st_romain_des_iles;ICONCH1;2026-09-30T09:00;9.8;16.1;162.0;21.0;0.0;100.0;20.0;90.0;100.0;100.0;46.179794;4.782837;176.0;2026-09-29T13:15:00+02:00;2026-09-29T13:29:12+02:00;877870e97ed7
2026-09-30;st_romain_des_iles;ICONCH1;2026-09-30T10:00;12.2;19.6;172.0;21.8;0.0;99.0;39.0;92.0;92.0;99.0;46.179794;4.782837;176.0;2026-09-29T13:15:00+02:00;2026-09-29T13:29:12+02:00;877870e97ed7
2026-09-30;st_romain_des_iles;ICONCH1;2026-09-30T11:00;15.5;25.3;172.0;22.5;0.0;99.0;17.0;96.0;93.0;99.0;46.179794;4.782837;176.0;2026-09-29T13:15:00+02:00;2026-09-29T13:29:12+02:00;877870e97ed7
2026-09-30;st_romain_des_iles;ICONCH1;2026-09-30T12:00;18.0;29.2;169.0;22.4;0.0;100.0;29.0;95.0;90.0;100.0;46.179794;4.782837;176.0;2026-09-29T13:15:00+02:00;2026-09-29T13:29:12+02:00;877870e97ed7
2026-09-30;st_romain_des_iles;ICONCH1;2026-09-30T13:00;17.0;29.9;167.0;21.1;0.0;100.0;4.0;100.0;100.0;100.0;46.179794;4.782837;176.0;2026-09-29T13:15:00+02:00;2026-09-29T13:29:12+02:00;877870e97ed7
2026-09-30;st_romain_des_iles;ICONCH1;2026-09-30T14:00;12.1;27.8;174.0;20.4;0.4;100.0;25.0;94.0;89.0;100.0;46.179794;4.782837;176.0;2026-09-29T13:15:00+02:00;2026-09-29T13:29:12+02:00;877870e97ed7
2026-09-30;st_romain_des_iles;ICONCH1;2026-09-30T15:00;9.8;19.6;173.0;21.4;0.0;99.0;20.0;69.0;94.0;99.0;46.179794;4.782837;176.0;2026-09-29T13:15:00+02:00;2026-09-29T13:29:12+02:00;877870e97ed7
2026-09-30;st_romain_des_iles;ICONCH1;2026-09-30T16:00;10.9;19.6;180.0;22.4;0.0;100.0;0.0;95.0;100.0;100.0;46.179794;4.782837;176.0;2026-09-29T13:15:00+02:00;2026-09-29T13:29:12+02:00;877870e97ed7
2026-09-30;st_romain_des_iles;ICONCH1;2026-09-30T17:00;9.9;18.7;182.0;22.9;0.0;100.0;0.0;100.0;100.0;100.0;46.179794;4.782837;176.0;2026-09-29T13:15:00+02:00;2026-09-29T13:29:12+02:00;877870e97ed7
2026-09-30;st_romain_des_iles;ICONCH1;2026-09-30T18:00;10.3;17.1;190.0;23.1;0.0;100.0;52.0;100.0;100.0;100.0;46.179794;4.782837;176.0;2026-09-29T13:15:00+02:00;2026-09-29T13:29:12+02:00;877870e97ed7
2026-09-30;st_romain_des_iles;ICONCH1;2026-09-30T19:00;6.2;17.7;176.0;22.4;2.1;100.0;7.0;92.0;100.0;100.0;46.179794;4.782837;176.0;2026-09-29T13:15:00+02:00;2026-09-29T13:29:12+02:00;877870e97ed7
2026-09-30;st_romain_des_iles;ICONCH1;2026-09-30T20:00;5.2;11.1;200.0;21.3;0.1;100.0;0.0;96.0;100.0;100.0;46.179794;4.782837;176.0;2026-09-29T13:15:00+02:00;2026-09-29T13:29:12+02:00;877870e97ed7
2026-09-30;treffort;AROMEHD;2026-09-30T01:00;2.6;10.9;207.0;18.6;0.0;;0.0;100.0;100.0;100.0;44.91;5.6800003;0.0;2026-09-29T13:15:00+02:00;2026-09-29T13:29:12+02:00;877870e97ed7
2026-09-30;treffort;AROMEHD;2026-09-30T02:00;1.4;5.2;254.0;18.0;0.0;;0.0;100.0;100.0;100.0;44.91;5.6800003;0.0;2026-09-29T13:15:00+02:00;2026-09-29T13:29:12+02:00;877870e97ed7
2026-09-30;treffort;AROMEHD;2026-09-30T03:00;3.1;7.8;210.0;18.2;0.0;;0.0;100.0;100.0;100.0;44.91;5.6800003;0.0;2026-09-29T13:15:00+02:00;2026-09-29T13:29:12+02:00;877870e97ed7
2026-09-30;treffort;AROMEHD;2026-09-30T04:00;2.9;7.2;217.0;18.4;0.0;;0.0;100.0;100.0;100.0;44.91;5.6800003;0.0;2026-09-29T13:15:00+02:00;2026-09-29T13:29:12+02:00;877870e97ed7
2026-09-30;treffort;AROMEHD;2026-09-30T05:00;3.9;8.6;180.0;18.2;0.0;;0.0;2.0;100.0;100.0;44.91;5.6800003;0.0;2026-09-29T13:15:00+02:00;2026-09-29T13:29:12+02:00;877870e97ed7
2026-09-30;treffort;AROMEHD;2026-09-30T06:00;3.3;8.6;197.0;18.3;0.0;;0.0;15.0;100.0;100.0;44.91;5.6800003;0.0;2026-09-29T13:15:00+02:00;2026-09-29T13:29:12+02:00;877870e97ed7
2026-09-30;treffort;AROMEHD;2026-09-30T07:00;2.6;6.8;207.0;18.2;0.0;;0.0;97.0;100.0;100.0;44.91;5.6800003;0.0;2026-09-29T13:15:00+02:00;2026-09-29T13:29:12+02:00;877870e97ed7
2026-09-30;treffort;AROMEHD;2026-09-30T08:00;1.4;6.6;225.0;18.1;0.0;;0.0;88.0;91.0;91.0;44.91;5.6800003;0.0;2026-09-29T13:15:00+02:00;2026-09-29T13:29:12+02:00;877870e97ed7
2026-09-30;treffort;AROMEHD;2026-09-30T09:00;1.7;4.3;159.0;18.3;0.0;;0.0;44.0;100.0;100.0;44.91;5.6800003;0.0;2026-09-29T13:15:00+02:00;2026-09-29T13:29:12+02:00;877870e97ed7
2026-09-30;treffort;AROMEHD;2026-09-30T10:00;2.6;6.2;163.0;19.2;0.0;;0.0;100.0;100.0;100.0;44.91;5.6800003;0.0;2026-09-29T13:15:00+02:00;2026-09-29T13:29:12+02:00;877870e97ed7
2026-09-30;treffort;AROMEHD;2026-09-30T11:00;4.7;9.1;150.0;19.8;0.0;;0.0;58.0;100.0;100.0;44.91;5.6800003;0.0;2026-09-29T13:15:00+02:00;2026-09-29T13:29:12+02:00;877870e97ed7
2026-09-30;treffort;AROMEHD;2026-09-30T12:00;4.1;12.2;188.0;19.7;0.2;;0.0;100.0;100.0;100.0;44.91;5.6800003;0.0;2026-09-29T13:15:00+02:00;2026-09-29T13:29:12+02:00;877870e97ed7
2026-09-30;treffort;AROMEHD;2026-09-30T13:00;6.1;13.2;173.0;20.4;0.0;;38.0;100.0;100.0;100.0;44.91;5.6800003;0.0;2026-09-29T13:15:00+02:00;2026-09-29T13:29:12+02:00;877870e97ed7
2026-09-30;treffort;AROMEHD;2026-09-30T14:00;4.1;18.3;161.0;19.6;0.4;;15.0;100.0;100.0;100.0;44.91;5.6800003;0.0;2026-09-29T13:15:00+02:00;2026-09-29T13:29:12+02:00;877870e97ed7
2026-09-30;treffort;AROMEHD;2026-09-30T15:00;5.9;12.2;203.0;20.0;0.0;;100.0;100.0;100.0;100.0;44.91;5.6800003;0.0;2026-09-29T13:15:00+02:00;2026-09-29T13:29:12+02:00;877870e97ed7
2026-09-30;treffort;AROMEHD;2026-09-30T16:00;6.6;14.0;168.0;20.1;0.0;;13.0;100.0;100.0;100.0;44.91;5.6800003;0.0;2026-09-29T13:15:00+02:00;2026-09-29T13:29:12+02:00;877870e97ed7
2026-09-30;treffort;AROMEHD;2026-09-30T17:00;5.6;14.4;151.0;19.6;0.0;;5.0;100.0;100.0;100.0;44.91;5.6800003;0.0;2026-09-29T13:15:00+02:00;2026-09-29T13:29:12+02:00;877870e97ed7
2026-09-30;treffort;AROMEHD;2026-09-30T18:00;6.1;14.2;191.0;19.0;0.1;;0.0;100.0;100.0;100.0;44.91;5.6800003;0.0;2026-09-29T13:15:00+02:00;2026-09-29T13:29:12+02:00;877870e97ed7
2026-09-30;treffort;AROMEHD;2026-09-30T19:00;3.0;12.4;169.0;18.5;0.0;;0.0;100.0;100.0;100.0;44.91;5.6800003;0.0;2026-09-29T13:15:00+02:00;2026-09-29T13:29:12+02:00;877870e97ed7
2026-09-30;treffort;AROMEHD;2026-09-30T20:00;3.5;7.4;153.0;18.1;0.0;;0.0;93.0;100.0;100.0;44.91;5.6800003;0.0;2026-09-29T13:15:00+02:00;2026-09-29T13:29:12+02:00;877870e97ed7
2026-09-30;treffort;AROMEHD;2026-09-30T21:00;4.2;7.8;169.0;17.8;0.0;;0.0;100.0;100.0;100.0;44.91;5.6800003;0.0;2026-09-29T13:15:00+02:00;2026-09-29T13:29:12+02:00;877870e97ed7
2026-09-30;treffort;AROMEHD;2026-09-30T22:00;5.7;11.3;198.0;17.5;0.0;;0.0;100.0;100.0;100.0;44.91;5.6800003;0.0;2026-09-29T13:15:00+02:00;2026-09-29T13:29:12+02:00;877870e97ed7
2026-09-30;treffort;AROMEHD;2026-09-30T23:00;5.9;12.1;203.0;17.3;0.1;;0.0;100.0;100.0;100.0;44.91;5.6800003;0.0;2026-09-29T13:15:00+02:00;2026-09-29T13:29:12+02:00;877870e97ed7
2026-09-30;treffort;AROMEHD;2026-10-01T00:00;5.3;12.1;204.0;16.7;0.2;;0.0;100.0;100.0;100.0;44.91;5.6800003;0.0;2026-09-29T13:15:00+02:00;2026-09-29T13:29:12+02:00;877870e97ed7
2026-09-30;treffort;ICONCH1;2026-09-30T01:00;3.9;7.8;189.0;19.3;0.0;86.0;0.0;81.0;47.0;86.0;44.905636;5.680298;502.0;2026-09-29T13:15:00+02:00;2026-09-29T13:29:12+02:00;877870e97ed7
2026-09-30;treffort;ICONCH1;2026-09-30T02:00;4.5;7.4;175.0;20.1;0.0;94.0;0.0;94.0;58.0;94.0;44.905636;5.680298;502.0;2026-09-29T13:15:00+02:00;2026-09-29T13:29:12+02:00;877870e97ed7
2026-09-30;treffort;ICONCH1;2026-09-30T03:00;5.1;8.6;189.0;20.0;0.0;90.0;0.0;90.0;0.0;90.0;44.905636;5.680298;502.0;2026-09-29T13:15:00+02:00;2026-09-29T13:29:12+02:00;877870e97ed7
2026-09-30;treffort;ICONCH1;2026-09-30T04:00;6.2;10.7;185.0;20.3;0.0;95.0;0.0;95.0;0.0;95.0;44.905636;5.680298;502.0;2026-09-29T13:15:00+02:00;2026-09-29T13:29:12+02:00;877870e97ed7
2026-09-30;treffort;ICONCH1;2026-09-30T05:00;4.9;10.3;171.0;20.0;0.0;94.0;0.0;92.0;52.0;94.0;44.905636;5.680298;502.0;2026-09-29T13:15:00+02:00;2026-09-29T13:29:12+02:00;877870e97ed7
2026-09-30;treffort;ICONCH1;2026-09-30T06:00;6.2;10.7;180.0;19.5;0.0;86.0;0.0;75.0;46.0;86.0;44.905636;5.680298;502.0;2026-09-29T13:15:00+02:00;2026-09-29T13:29:12+02:00;877870e97ed7
2026-09-30;treffort;ICONCH1;2026-09-30T07:00;5.5;10.9;163.0;18.1;0.3;100.0;0.0;91.0;100.0;100.0;44.905636;5.680298;502.0;2026-09-29T13:15:00+02:00;2026-09-29T13:29:12+02:00;877870e97ed7
2026-09-30;treffort;ICONCH1;2026-09-30T08:00;4.6;9.7;202.0;17.6;0.0;91.0;0.0;91.0;0.0;91.0;44.905636;5.680298;502.0;2026-09-29T13:15:00+02:00;2026-09-29T13:29:12+02:00;877870e97ed7
2026-09-30;treffort;ICONCH1;2026-09-30T09:00;4.5;7.8;185.0;18.5;0.0;100.0;0.0;89.0;100.0;100.0;44.905636;5.680298;502.0;2026-09-29T13:15:00+02:00;2026-09-29T13:29:12+02:00;877870e97ed7
2026-09-30;treffort;ICONCH1;2026-09-30T10:00;4.8;8.2;159.0;20.1;0.0;100.0;0.0;93.0;100.0;100.0;44.905636;5.680298;502.0;2026-09-29T13:15:00+02:00;2026-09-29T13:29:12+02:00;877870e97ed7
2026-09-30;treffort;ICONCH1;2026-09-30T11:00;5.7;10.3;158.0;21.6;0.0;100.0;0.0;100.0;100.0;100.0;44.905636;5.680298;502.0;2026-09-29T13:15:00+02:00;2026-09-29T13:29:12+02:00;877870e97ed7
2026-09-30;treffort;ICONCH1;2026-09-30T12:00;6.9;12.1;190.0;23.4;0.0;100.0;4.0;100.0;77.0;100.0;44.905636;5.680298;502.0;2026-09-29T13:15:00+02:00;2026-09-29T13:29:12+02:00;877870e97ed7
2026-09-30;treffort;ICONCH1;2026-09-30T13:00;7.0;15.4;207.0;21.8;0.1;100.0;46.0;100.0;2.0;100.0;44.905636;5.680298;502.0;2026-09-29T13:15:00+02:00;2026-09-29T13:29:12+02:00;877870e97ed7
2026-09-30;treffort;ICONCH1;2026-09-30T14:00;4.8;12.2;148.0;21.3;0.2;96.0;56.0;92.0;5.0;96.0;44.905636;5.680298;502.0;2026-09-29T13:15:00+02:00;2026-09-29T13:29:12+02:00;877870e97ed7
2026-09-30;treffort;ICONCH1;2026-09-30T15:00;4.9;9.3;151.0;22.1;0.0;100.0;64.0;97.0;91.0;100.0;44.905636;5.680298;502.0;2026-09-29T13:15:00+02:00;2026-09-29T13:29:12+02:00;877870e97ed7
2026-09-30;treffort;ICONCH1;2026-09-30T16:00;3.6;8.7;151.0;22.5;0.0;100.0;46.0;100.0;93.0;100.0;44.905636;5.680298;502.0;2026-09-29T13:15:00+02:00;2026-09-29T13:29:12+02:00;877870e97ed7
2026-09-30;treffort;ICONCH1;2026-09-30T17:00;7.4;12.4;153.0;22.1;0.0;100.0;39.0;100.0;97.0;100.0;44.905636;5.680298;502.0;2026-09-29T13:15:00+02:00;2026-09-29T13:29:12+02:00;877870e97ed7
2026-09-30;treffort;ICONCH1;2026-09-30T18:00;5.8;12.6;176.0;21.5;0.0;100.0;23.0;100.0;98.0;100.0;44.905636;5.680298;502.0;2026-09-29T13:15:00+02:00;2026-09-29T13:29:12+02:00;877870e97ed7
2026-09-30;treffort;ICONCH1;2026-09-30T19:00;6.0;11.3;199.0;20.5;0.0;100.0;10.0;100.0;100.0;100.0;44.905636;5.680298;502.0;2026-09-29T13:15:00+02:00;2026-09-29T13:29:12+02:00;877870e97ed7
2026-09-30;treffort;ICONCH1;2026-09-30T20:00;5.4;10.7;201.0;20.0;0.0;100.0;40.0;100.0;100.0;100.0;44.905636;5.680298;502.0;2026-09-29T13:15:00+02:00;2026-09-29T13:29:12+02:00;877870e97ed7
2026-09-30;vengeron;AROMEHD;2026-09-30T01:00;2.2;2.9;308.0;16.9;0.0;;0.0;0.0;97.0;97.0;46.25;6.17;0.0;2026-09-29T13:15:00+02:00;2026-09-29T13:29:12+02:00;877870e97ed7
2026-09-30;vengeron;AROMEHD;2026-09-30T02:00;1.6;2.3;270.0;16.6;0.0;;0.0;1.0;100.0;100.0;46.25;6.17;0.0;2026-09-29T13:15:00+02:00;2026-09-29T13:29:12+02:00;877870e97ed7
2026-09-30;vengeron;AROMEHD;2026-09-30T03:00;1.4;3.1;304.0;16.4;0.0;;0.0;100.0;100.0;100.0;46.25;6.17;0.0;2026-09-29T13:15:00+02:00;2026-09-29T13:29:12+02:00;877870e97ed7
2026-09-30;vengeron;AROMEHD;2026-09-30T04:00;3.3;4.5;3.0;17.8;0.0;;0.0;100.0;100.0;100.0;46.25;6.17;0.0;2026-09-29T13:15:00+02:00;2026-09-29T13:29:12+02:00;877870e97ed7
2026-09-30;vengeron;AROMEHD;2026-09-30T05:00;2.3;4.9;340.0;17.6;0.0;;0.0;100.0;56.0;100.0;46.25;6.17;0.0;2026-09-29T13:15:00+02:00;2026-09-29T13:29:12+02:00;877870e97ed7
2026-09-30;vengeron;AROMEHD;2026-09-30T06:00;3.7;4.9;18.0;18.0;0.0;;0.0;100.0;98.0;100.0;46.25;6.17;0.0;2026-09-29T13:15:00+02:00;2026-09-29T13:29:12+02:00;877870e97ed7
2026-09-30;vengeron;AROMEHD;2026-09-30T07:00;4.1;6.2;31.0;18.4;0.0;;0.0;100.0;79.0;100.0;46.25;6.17;0.0;2026-09-29T13:15:00+02:00;2026-09-29T13:29:12+02:00;877870e97ed7
2026-09-30;vengeron;AROMEHD;2026-09-30T08:00;2.1;5.4;270.0;17.8;0.0;;0.0;100.0;100.0;100.0;46.25;6.17;0.0;2026-09-29T13:15:00+02:00;2026-09-29T13:29:12+02:00;877870e97ed7
2026-09-30;vengeron;AROMEHD;2026-09-30T09:00;2.6;4.7;197.0;18.4;0.0;;0.0;100.0;100.0;100.0;46.25;6.17;0.0;2026-09-29T13:15:00+02:00;2026-09-29T13:29:12+02:00;877870e97ed7
2026-09-30;vengeron;AROMEHD;2026-09-30T10:00;2.0;4.1;191.0;18.4;0.0;;0.0;100.0;100.0;100.0;46.25;6.17;0.0;2026-09-29T13:15:00+02:00;2026-09-29T13:29:12+02:00;877870e97ed7
2026-09-30;vengeron;AROMEHD;2026-09-30T11:00;0.8;2.7;104.0;18.7;0.0;;0.0;100.0;100.0;100.0;46.25;6.17;0.0;2026-09-29T13:15:00+02:00;2026-09-29T13:29:12+02:00;877870e97ed7
2026-09-30;vengeron;AROMEHD;2026-09-30T12:00;1.7;1.7;69.0;18.9;0.0;;0.0;100.0;100.0;100.0;46.25;6.17;0.0;2026-09-29T13:15:00+02:00;2026-09-29T13:29:12+02:00;877870e97ed7
2026-09-30;vengeron;AROMEHD;2026-09-30T13:00;2.4;2.7;29.0;19.2;0.0;;0.0;100.0;100.0;100.0;46.25;6.17;0.0;2026-09-29T13:15:00+02:00;2026-09-29T13:29:12+02:00;877870e97ed7
2026-09-30;vengeron;AROMEHD;2026-09-30T14:00;3.3;3.7;50.0;19.7;0.0;;0.0;100.0;100.0;100.0;46.25;6.17;0.0;2026-09-29T13:15:00+02:00;2026-09-29T13:29:12+02:00;877870e97ed7
2026-09-30;vengeron;AROMEHD;2026-09-30T15:00;6.1;6.2;31.0;21.0;0.0;;0.0;100.0;100.0;100.0;46.25;6.17;0.0;2026-09-29T13:15:00+02:00;2026-09-29T13:29:12+02:00;877870e97ed7
2026-09-30;vengeron;AROMEHD;2026-09-30T16:00;7.5;8.2;17.0;21.2;0.0;;0.0;100.0;100.0;100.0;46.25;6.17;0.0;2026-09-29T13:15:00+02:00;2026-09-29T13:29:12+02:00;877870e97ed7
2026-09-30;vengeron;AROMEHD;2026-09-30T17:00;10.3;12.1;27.0;20.7;0.0;;0.0;100.0;100.0;100.0;46.25;6.17;0.0;2026-09-29T13:15:00+02:00;2026-09-29T13:29:12+02:00;877870e97ed7
2026-09-30;vengeron;AROMEHD;2026-09-30T18:00;7.5;11.9;10.0;21.2;0.0;;0.0;97.0;100.0;100.0;46.25;6.17;0.0;2026-09-29T13:15:00+02:00;2026-09-29T13:29:12+02:00;877870e97ed7
2026-09-30;vengeron;AROMEHD;2026-09-30T19:00;4.4;8.7;23.0;20.9;0.0;;0.0;100.0;100.0;100.0;46.25;6.17;0.0;2026-09-29T13:15:00+02:00;2026-09-29T13:29:12+02:00;877870e97ed7
2026-09-30;vengeron;AROMEHD;2026-09-30T20:00;0.9;5.1;27.0;21.3;0.0;;0.0;100.0;100.0;100.0;46.25;6.17;0.0;2026-09-29T13:15:00+02:00;2026-09-29T13:29:12+02:00;877870e97ed7
2026-09-30;vengeron;AROMEHD;2026-09-30T21:00;1.5;1.9;130.0;21.2;0.0;;0.0;100.0;100.0;100.0;46.25;6.17;0.0;2026-09-29T13:15:00+02:00;2026-09-29T13:29:12+02:00;877870e97ed7
2026-09-30;vengeron;AROMEHD;2026-09-30T22:00;1.4;1.6;180.0;20.9;0.0;;0.0;0.0;100.0;100.0;46.25;6.17;0.0;2026-09-29T13:15:00+02:00;2026-09-29T13:29:12+02:00;877870e97ed7
2026-09-30;vengeron;AROMEHD;2026-09-30T23:00;2.2;2.3;207.0;20.7;0.0;;0.0;11.0;100.0;100.0;46.25;6.17;0.0;2026-09-29T13:15:00+02:00;2026-09-29T13:29:12+02:00;877870e97ed7
2026-09-30;vengeron;AROMEHD;2026-10-01T00:00;4.8;6.0;212.0;20.8;0.0;;0.0;100.0;100.0;100.0;46.25;6.17;0.0;2026-09-29T13:15:00+02:00;2026-09-29T13:29:12+02:00;877870e97ed7
2026-09-30;vengeron;ICONCH1;2026-09-30T01:00;2.3;3.7;265.0;19.6;0.0;100.0;0.0;100.0;0.0;100.0;46.24517;6.166931;0.0;2026-09-29T13:15:00+02:00;2026-09-29T13:29:12+02:00;877870e97ed7
2026-09-30;vengeron;ICONCH1;2026-09-30T02:00;1.4;3.1;304.0;19.3;0.0;97.0;0.0;97.0;0.0;97.0;46.24517;6.166931;0.0;2026-09-29T13:15:00+02:00;2026-09-29T13:29:12+02:00;877870e97ed7
2026-09-30;vengeron;ICONCH1;2026-09-30T03:00;1.0;2.5;323.0;19.6;0.0;88.0;0.0;88.0;0.0;88.0;46.24517;6.166931;0.0;2026-09-29T13:15:00+02:00;2026-09-29T13:29:12+02:00;877870e97ed7
2026-09-30;vengeron;ICONCH1;2026-09-30T04:00;0.6;1.6;252.0;19.8;0.0;100.0;0.0;100.0;17.0;100.0;46.24517;6.166931;0.0;2026-09-29T13:15:00+02:00;2026-09-29T13:29:12+02:00;877870e97ed7
2026-09-30;vengeron;ICONCH1;2026-09-30T05:00;1.7;3.1;297.0;19.0;0.0;99.0;0.0;98.0;89.0;99.0;46.24517;6.166931;0.0;2026-09-29T13:15:00+02:00;2026-09-29T13:29:12+02:00;877870e97ed7
2026-09-30;vengeron;ICONCH1;2026-09-30T06:00;2.9;4.1;318.0;18.8;0.1;100.0;0.0;100.0;0.0;100.0;46.24517;6.166931;0.0;2026-09-29T13:15:00+02:00;2026-09-29T13:29:12+02:00;877870e97ed7
2026-09-30;vengeron;ICONCH1;2026-09-30T07:00;2.4;3.7;61.0;19.0;0.1;93.0;0.0;90.0;62.0;93.0;46.24517;6.166931;0.0;2026-09-29T13:15:00+02:00;2026-09-29T13:29:12+02:00;877870e97ed7
2026-09-30;vengeron;ICONCH1;2026-09-30T08:00;2.2;3.7;27.0;19.0;0.0;100.0;0.0;90.0;100.0;100.0;46.24517;6.166931;0.0;2026-09-29T13:15:00+02:00;2026-09-29T13:29:12+02:00;877870e97ed7
2026-09-30;vengeron;ICONCH1;2026-09-30T09:00;1.7;3.7;291.0;18.7;0.0;100.0;0.0;97.0;100.0;100.0;46.24517;6.166931;0.0;2026-09-29T13:15:00+02:00;2026-09-29T13:29:12+02:00;877870e97ed7
2026-09-30;vengeron;ICONCH1;2026-09-30T10:00;4.1;5.8;265.0;18.5;0.4;100.0;0.0;100.0;93.0;100.0;46.24517;6.166931;0.0;2026-09-29T13:15:00+02:00;2026-09-29T13:29:12+02:00;877870e97ed7
2026-09-30;vengeron;ICONCH1;2026-09-30T11:00;0.8;5.4;45.0;18.3;2.0;100.0;2.0;100.0;47.0;100.0;46.24517;6.166931;0.0;2026-09-29T13:15:00+02:00;2026-09-29T13:29:12+02:00;877870e97ed7
2026-09-30;vengeron;ICONCH1;2026-09-30T12:00;1.1;2.5;121.0;18.8;0.2;100.0;0.0;100.0;85.0;100.0;46.24517;6.166931;0.0;2026-09-29T13:15:00+02:00;2026-09-29T13:29:12+02:00;877870e97ed7
2026-09-30;vengeron;ICONCH1;2026-09-30T13:00;2.7;3.7;225.0;19.3;0.0;100.0;0.0;100.0;100.0;100.0;46.24517;6.166931;0.0;2026-09-29T13:15:00+02:00;2026-09-29T13:29:12+02:00;877870e97ed7
2026-09-30;vengeron;ICONCH1;2026-09-30T14:00;1.1;3.7;239.0;19.3;0.4;100.0;0.0;100.0;100.0;100.0;46.24517;6.166931;0.0;2026-09-29T13:15:00+02:00;2026-09-29T13:29:12+02:00;877870e97ed7
2026-09-30;vengeron;ICONCH1;2026-09-30T15:00;0.4;1.7;63.0;19.3;0.4;100.0;0.0;100.0;100.0;100.0;46.24517;6.166931;0.0;2026-09-29T13:15:00+02:00;2026-09-29T13:29:12+02:00;877870e97ed7
2026-09-30;vengeron;ICONCH1;2026-09-30T16:00;1.8;2.7;49.0;19.5;0.1;100.0;0.0;100.0;54.0;100.0;46.24517;6.166931;0.0;2026-09-29T13:15:00+02:00;2026-09-29T13:29:12+02:00;877870e97ed7
2026-09-30;vengeron;ICONCH1;2026-09-30T17:00;1.6;2.5;360.0;19.8;0.1;100.0;4.0;100.0;69.0;100.0;46.24517;6.166931;0.0;2026-09-29T13:15:00+02:00;2026-09-29T13:29:12+02:00;877870e97ed7
2026-09-30;vengeron;ICONCH1;2026-09-30T18:00;2.0;3.1;29.0;20.0;0.0;99.0;19.0;87.0;90.0;99.0;46.24517;6.166931;0.0;2026-09-29T13:15:00+02:00;2026-09-29T13:29:12+02:00;877870e97ed7
2026-09-30;vengeron;ICONCH1;2026-09-30T19:00;2.3;3.1;70.0;20.0;0.0;100.0;20.0;90.0;100.0;100.0;46.24517;6.166931;0.0;2026-09-29T13:15:00+02:00;2026-09-29T13:29:12+02:00;877870e97ed7
2026-09-30;vengeron;ICONCH1;2026-09-30T20:00;1.0;3.3;79.0;20.0;0.0;100.0;6.0;100.0;100.0;100.0;46.24517;6.166931;0.0;2026-09-29T13:15:00+02:00;2026-09-29T13:29:12+02:00;877870e97ed7
2026-09-30;wwmeyzieu;AROMEHD;2026-09-30T01:00;10.0;18.9;174.0;23.2;0.0;;0.0;100.0;100.0;100.0;45.78;4.9799995;0.0;2026-09-29T13:15:00+02:00;2026-09-29T13:29:12+02:00;877870e97ed7
2026-09-30;wwmeyzieu;AROMEHD;2026-09-30T02:00;9.5;16.5;165.0;23.1;0.0;;0.0;100.0;100.0;100.0;45.78;4.9799995;0.0;2026-09-29T13:15:00+02:00;2026-09-29T13:29:12+02:00;877870e97ed7
2026-09-30;wwmeyzieu;AROMEHD;2026-09-30T03:00;7.8;15.7;173.0;23.1;0.0;;0.0;100.0;100.0;100.0;45.78;4.9799995;0.0;2026-09-29T13:15:00+02:00;2026-09-29T13:29:12+02:00;877870e97ed7
2026-09-30;wwmeyzieu;AROMEHD;2026-09-30T04:00;10.1;17.3;177.0;23.1;0.0;;0.0;100.0;86.0;100.0;45.78;4.9799995;0.0;2026-09-29T13:15:00+02:00;2026-09-29T13:29:12+02:00;877870e97ed7
2026-09-30;wwmeyzieu;AROMEHD;2026-09-30T05:00;9.8;16.5;175.0;23.0;0.0;;0.0;100.0;87.0;100.0;45.78;4.9799995;0.0;2026-09-29T13:15:00+02:00;2026-09-29T13:29:12+02:00;877870e97ed7
2026-09-30;wwmeyzieu;AROMEHD;2026-09-30T06:00;6.6;16.7;182.0;22.9;0.0;;0.0;100.0;0.0;100.0;45.78;4.9799995;0.0;2026-09-29T13:15:00+02:00;2026-09-29T13:29:12+02:00;877870e97ed7
2026-09-30;wwmeyzieu;AROMEHD;2026-09-30T07:00;4.4;10.5;128.0;21.8;0.0;;0.0;100.0;100.0;100.0;45.78;4.9799995;0.0;2026-09-29T13:15:00+02:00;2026-09-29T13:29:12+02:00;877870e97ed7
2026-09-30;wwmeyzieu;AROMEHD;2026-09-30T08:00;3.9;8.9;162.0;21.6;0.0;;0.0;100.0;6.0;100.0;45.78;4.9799995;0.0;2026-09-29T13:15:00+02:00;2026-09-29T13:29:12+02:00;877870e97ed7
2026-09-30;wwmeyzieu;AROMEHD;2026-09-30T09:00;8.4;17.9;183.0;21.2;0.0;;0.0;100.0;100.0;100.0;45.78;4.9799995;0.0;2026-09-29T13:15:00+02:00;2026-09-29T13:29:12+02:00;877870e97ed7
2026-09-30;wwmeyzieu;AROMEHD;2026-09-30T10:00;8.6;14.8;184.0;22.1;0.0;;0.0;100.0;100.0;100.0;45.78;4.9799995;0.0;2026-09-29T13:15:00+02:00;2026-09-29T13:29:12+02:00;877870e97ed7
2026-09-30;wwmeyzieu;AROMEHD;2026-09-30T11:00;12.7;20.8;184.0;22.7;0.0;;0.0;100.0;100.0;100.0;45.78;4.9799995;0.0;2026-09-29T13:15:00+02:00;2026-09-29T13:29:12+02:00;877870e97ed7
2026-09-30;wwmeyzieu;AROMEHD;2026-09-30T12:00;14.6;23.7;191.0;21.5;0.1;;0.0;100.0;100.0;100.0;45.78;4.9799995;0.0;2026-09-29T13:15:00+02:00;2026-09-29T13:29:12+02:00;877870e97ed7
2026-09-30;wwmeyzieu;AROMEHD;2026-09-30T13:00;12.4;23.9;182.0;22.2;0.0;;0.0;100.0;100.0;100.0;45.78;4.9799995;0.0;2026-09-29T13:15:00+02:00;2026-09-29T13:29:12+02:00;877870e97ed7
2026-09-30;wwmeyzieu;AROMEHD;2026-09-30T14:00;11.3;20.8;184.0;22.7;0.0;;0.0;100.0;100.0;100.0;45.78;4.9799995;0.0;2026-09-29T13:15:00+02:00;2026-09-29T13:29:12+02:00;877870e97ed7
2026-09-30;wwmeyzieu;AROMEHD;2026-09-30T15:00;11.1;19.4;180.0;23.4;0.0;;0.0;100.0;100.0;100.0;45.78;4.9799995;0.0;2026-09-29T13:15:00+02:00;2026-09-29T13:29:12+02:00;877870e97ed7
2026-09-30;wwmeyzieu;AROMEHD;2026-09-30T16:00;12.0;22.5;187.0;23.0;0.0;;0.0;100.0;100.0;100.0;45.78;4.9799995;0.0;2026-09-29T13:15:00+02:00;2026-09-29T13:29:12+02:00;877870e97ed7
2026-09-30;wwmeyzieu;AROMEHD;2026-09-30T17:00;14.4;23.9;184.0;22.4;0.0;;0.0;100.0;100.0;100.0;45.78;4.9799995;0.0;2026-09-29T13:15:00+02:00;2026-09-29T13:29:12+02:00;877870e97ed7
2026-09-30;wwmeyzieu;AROMEHD;2026-09-30T18:00;12.8;23.9;183.0;22.3;0.0;;0.0;73.0;100.0;100.0;45.78;4.9799995;0.0;2026-09-29T13:15:00+02:00;2026-09-29T13:29:12+02:00;877870e97ed7
2026-09-30;wwmeyzieu;AROMEHD;2026-09-30T19:00;10.8;22.2;198.0;22.2;0.0;;0.0;7.0;100.0;100.0;45.78;4.9799995;0.0;2026-09-29T13:15:00+02:00;2026-09-29T13:29:12+02:00;877870e97ed7
2026-09-30;wwmeyzieu;AROMEHD;2026-09-30T20:00;11.3;19.2;201.0;22.1;0.0;;0.0;100.0;100.0;100.0;45.78;4.9799995;0.0;2026-09-29T13:15:00+02:00;2026-09-29T13:29:12+02:00;877870e97ed7
2026-09-30;wwmeyzieu;AROMEHD;2026-09-30T21:00;12.1;20.6;195.0;22.3;0.0;;0.0;100.0;100.0;100.0;45.78;4.9799995;0.0;2026-09-29T13:15:00+02:00;2026-09-29T13:29:12+02:00;877870e97ed7
2026-09-30;wwmeyzieu;AROMEHD;2026-09-30T22:00;11.4;20.4;193.0;22.3;0.0;;9.0;100.0;100.0;100.0;45.78;4.9799995;0.0;2026-09-29T13:15:00+02:00;2026-09-29T13:29:12+02:00;877870e97ed7
2026-09-30;wwmeyzieu;AROMEHD;2026-09-30T23:00;12.9;22.2;196.0;21.9;0.0;;48.0;100.0;100.0;100.0;45.78;4.9799995;0.0;2026-09-29T13:15:00+02:00;2026-09-29T13:29:12+02:00;877870e97ed7
2026-09-30;wwmeyzieu;AROMEHD;2026-10-01T00:00;14.7;24.9;208.0;21.3;0.0;;89.0;100.0;100.0;100.0;45.78;4.9799995;0.0;2026-09-29T13:15:00+02:00;2026-09-29T13:29:12+02:00;877870e97ed7
2026-09-30;wwmeyzieu;ICONCH1;2026-09-30T01:00;10.4;23.5;172.0;22.1;0.0;100.0;0.0;93.0;100.0;100.0;45.787823;4.9783936;0.0;2026-09-29T13:15:00+02:00;2026-09-29T13:29:12+02:00;877870e97ed7
2026-09-30;wwmeyzieu;ICONCH1;2026-09-30T02:00;11.9;18.7;162.0;21.9;0.0;100.0;0.0;96.0;100.0;100.0;45.787823;4.9783936;0.0;2026-09-29T13:15:00+02:00;2026-09-29T13:29:12+02:00;877870e97ed7
2026-09-30;wwmeyzieu;ICONCH1;2026-09-30T03:00;7.1;18.9;163.0;21.8;0.0;96.0;6.0;92.0;69.0;96.0;45.787823;4.9783936;0.0;2026-09-29T13:15:00+02:00;2026-09-29T13:29:12+02:00;877870e97ed7
2026-09-30;wwmeyzieu;ICONCH1;2026-09-30T04:00;5.5;11.1;163.0;21.7;0.0;100.0;4.0;100.0;91.0;100.0;45.787823;4.9783936;0.0;2026-09-29T13:15:00+02:00;2026-09-29T13:29:12+02:00;877870e97ed7
2026-09-30;wwmeyzieu;ICONCH1;2026-09-30T05:00;7.2;11.1;174.0;21.8;0.0;100.0;7.0;86.0;100.0;100.0;45.787823;4.9783936;0.0;2026-09-29T13:15:00+02:00;2026-09-29T13:29:12+02:00;877870e97ed7
2026-09-30;wwmeyzieu;ICONCH1;2026-09-30T06:00;6.7;14.0;190.0;21.5;0.0;100.0;16.0;100.0;100.0;100.0;45.787823;4.9783936;0.0;2026-09-29T13:15:00+02:00;2026-09-29T13:29:12+02:00;877870e97ed7
2026-09-30;wwmeyzieu;ICONCH1;2026-09-30T07:00;6.3;14.6;144.0;19.9;0.4;100.0;5.0;98.0;100.0;100.0;45.787823;4.9783936;0.0;2026-09-29T13:15:00+02:00;2026-09-29T13:29:12+02:00;877870e97ed7
2026-09-30;wwmeyzieu;ICONCH1;2026-09-30T08:00;5.6;9.7;124.0;19.7;0.0;94.0;0.0;77.0;72.0;94.0;45.787823;4.9783936;0.0;2026-09-29T13:15:00+02:00;2026-09-29T13:29:12+02:00;877870e97ed7
2026-09-30;wwmeyzieu;ICONCH1;2026-09-30T09:00;6.5;10.1;153.0;19.9;0.1;100.0;0.0;100.0;100.0;100.0;45.787823;4.9783936;0.0;2026-09-29T13:15:00+02:00;2026-09-29T13:29:12+02:00;877870e97ed7
2026-09-30;wwmeyzieu;ICONCH1;2026-09-30T10:00;8.6;13.6;174.0;20.7;0.0;98.0;6.0;84.0;85.0;98.0;45.787823;4.9783936;0.0;2026-09-29T13:15:00+02:00;2026-09-29T13:29:12+02:00;877870e97ed7
2026-09-30;wwmeyzieu;ICONCH1;2026-09-30T11:00;10.0;15.6;174.0;20.6;0.0;100.0;4.0;91.0;100.0;100.0;45.787823;4.9783936;0.0;2026-09-29T13:15:00+02:00;2026-09-29T13:29:12+02:00;877870e97ed7
2026-09-30;wwmeyzieu;ICONCH1;2026-09-30T12:00;9.8;16.5;175.0;19.5;0.3;100.0;56.0;100.0;100.0;100.0;45.787823;4.9783936;0.0;2026-09-29T13:15:00+02:00;2026-09-29T13:29:12+02:00;877870e97ed7
2026-09-30;wwmeyzieu;ICONCH1;2026-09-30T13:00;8.7;15.4;164.0;19.7;0.6;100.0;45.0;100.0;97.0;100.0;45.787823;4.9783936;0.0;2026-09-29T13:15:00+02:00;2026-09-29T13:29:12+02:00;877870e97ed7
2026-09-30;wwmeyzieu;ICONCH1;2026-09-30T14:00;10.7;17.7;153.0;20.1;0.3;100.0;72.0;98.0;97.0;100.0;45.787823;4.9783936;0.0;2026-09-29T13:15:00+02:00;2026-09-29T13:29:12+02:00;877870e97ed7
2026-09-30;wwmeyzieu;ICONCH1;2026-09-30T15:00;9.4;17.5;148.0;20.5;0.2;100.0;50.0;100.0;100.0;100.0;45.787823;4.9783936;0.0;2026-09-29T13:15:00+02:00;2026-09-29T13:29:12+02:00;877870e97ed7
2026-09-30;wwmeyzieu;ICONCH1;2026-09-30T16:00;9.1;14.8;160.0;22.1;0.0;100.0;33.0;89.0;100.0;100.0;45.787823;4.9783936;0.0;2026-09-29T13:15:00+02:00;2026-09-29T13:29:12+02:00;877870e97ed7
2026-09-30;wwmeyzieu;ICONCH1;2026-09-30T17:00;12.3;19.2;168.0;22.7;0.0;100.0;10.0;85.0;100.0;100.0;45.787823;4.9783936;0.0;2026-09-29T13:15:00+02:00;2026-09-29T13:29:12+02:00;877870e97ed7
2026-09-30;wwmeyzieu;ICONCH1;2026-09-30T18:00;6.9;19.2;162.0;22.6;0.0;100.0;20.0;96.0;100.0;100.0;45.787823;4.9783936;0.0;2026-09-29T13:15:00+02:00;2026-09-29T13:29:12+02:00;877870e97ed7
2026-09-30;wwmeyzieu;ICONCH1;2026-09-30T19:00;7.2;11.3;153.0;22.2;0.0;100.0;10.0;100.0;100.0;100.0;45.787823;4.9783936;0.0;2026-09-29T13:15:00+02:00;2026-09-29T13:29:12+02:00;877870e97ed7
2026-09-30;wwmeyzieu;ICONCH1;2026-09-30T20:00;6.4;12.1;151.0;21.7;0.0;100.0;6.0;100.0;100.0;100.0;45.787823;4.9783936;0.0;2026-09-29T13:15:00+02:00;2026-09-29T13:29:12+02:00;877870e97ed7
