spot_key;curve_set;valid_at;source_model;wind_speed_10m_kn;wind_gusts_10m_kn;wind_direction_10m_deg;temperature_2m_c;precipitation_mm;cloud_cover_display_pct;cloud_cover_source_model
cap_des_seselets;AROMEIFS;2026-10-10T00:00;AROMEHD;2.80;3.30;236.0;14.1;0.00;24.5;AROMEHD
cap_des_seselets;AROMEIFS;2026-10-10T01:00;AROMEHD;2.30;4.10;160.0;13.8;0.00;69.0;AROMEHD
cap_des_seselets;AROMEIFS;2026-10-10T02:00;AROMEHD;0.50;3.70;135.0;13.8;0.00;54.0;AROMEHD
cap_des_seselets;AROMEIFS;2026-10-10T03:00;AROMEHD;1.80;2.90;238.0;13.5;0.00;45.0;AROMEHD
cap_des_seselets;AROMEIFS;2026-10-10T04:00;AROMEHD;2.70;4.10;210.0;13.3;0.00;100.0;AROMEHD
cap_des_seselets;AROMEIFS;2026-10-10T05:00;AROMEHD;3.90;6.60;177.0;13.7;0.00;100.0;AROMEHD
cap_des_seselets;AROMEIFS;2026-10-10T06:00;AROMEHD;1.90;5.20;45.0;13.0;0.70;100.0;AROMEHD
cap_des_seselets;AROMEIFS;2026-10-10T07:00;AROMEHD;1.60;4.30;330.0;13.1;0.20;100.0;AROMEHD
cap_des_seselets;AROMEIFS;2026-10-10T08:00;AROMEHD;0.60;2.10;360.0;12.6;0.00;100.0;AROMEHD
cap_des_seselets;AROMEIFS;2026-10-10T09:00;AROMEHD;1.20;2.10;129.0;12.7;0.10;99.0;AROMEHD
cap_des_seselets;AROMEIFS;2026-10-10T10:00;AROMEHD;2.50;4.30;157.0;13.2;0.00;100.0;AROMEHD
cap_des_seselets;AROMEIFS;2026-10-10T11:00;AROMEHD;4.50;6.40;185.0;13.9;0.00;100.0;AROMEHD
cap_des_seselets;AROMEIFS;2026-10-10T12:00;AROMEHD;1.60;6.40;187.0;14.2;0.00;100.0;AROMEHD
cap_des_seselets;AROMEIFS;2026-10-10T13:00;AROMEHD;2.80;4.50;231.0;14.4;0.10;96.0;AROMEHD
cap_des_seselets;AROMEIFS;2026-10-10T14:00;AROMEHD;2.00;5.60;241.0;15.5;0.00;75.0;AROMEHD
cap_des_seselets;AROMEIFS;2026-10-10T15:00;AROMEHD;2.90;2.10;4.0;15.4;0.00;100.0;AROMEHD
cap_des_seselets;AROMEIFS;2026-10-10T16:00;AROMEHD;1.50;5.40;293.0;15.0;1.00;100.0;AROMEHD
cap_des_seselets;AROMEIFS;2026-10-10T17:00;AROMEHD;1.00;4.10;112.0;15.4;0.00;48.0;AROMEHD
cap_des_seselets;AROMEIFS;2026-10-10T18:00;AROMEHD;0.60;1.40;162.0;15.9;0.00;100.0;AROMEHD
cap_des_seselets;AROMEIFS;2026-10-10T19:00;AROMEHD;5.00;6.40;36.0;15.7;0.10;100.0;AROMEHD
cap_des_seselets;AROMEIFS;2026-10-10T20:00;AROMEHD;1.80;8.20;6.0;15.5;1.70;82.0;AROMEHD
cap_des_seselets;AROMEIFS;2026-10-10T21:00;AROMEHD;2.10;2.90;56.0;15.5;0.10;6.0;AROMEHD
cap_des_seselets;AROMEIFS;2026-10-10T22:00;AROMEHD;3.40;2.70;170.0;14.4;0.00;5.0;AROMEHD
cap_des_seselets;AROMEIFS;2026-10-10T23:00;AROMEHD;2.30;3.90;110.0;14.1;0.00;1.0;AROMEHD
cap_des_seselets;AROMEIFS;2026-10-11T00:00;AROMEHD;1.40;1.60;278.0;14.4;0.00;39.0;AROMEHD
cap_des_seselets;AROMEIFS;2026-10-11T01:00;AROMEHD;3.20;3.70;52.0;14.1;0.00;19.0;AROMEHD
cap_des_seselets;AROMEIFS;2026-10-11T02:00;AROMEHD;5.10;7.00;37.0;13.9;0.00;1.0;AROMEHD
cap_des_seselets;AROMEIFS;2026-10-11T03:00;AROMEHD;3.50;7.20;52.0;13.4;0.00;0.0;AROMEHD
cap_des_seselets;AROMEIFS;2026-10-11T04:00;AROMEHD;4.80;6.40;58.0;13.1;0.00;0.0;AROMEHD
cap_des_seselets;AROMEIFS;2026-10-11T05:00;AROMEHD;6.20;8.40;51.0;12.7;0.00;7.5;AROMEHD
cap_des_seselets;AROMEIFS;2026-10-11T06:00;AROMEHD;7.90;10.50;36.0;12.8;0.00;25.0;AROMEHD
cap_des_seselets;AROMEIFS;2026-10-11T07:00;AROMEHD;8.70;11.70;39.0;12.5;0.00;25.0;AROMEHD
cap_des_seselets;AROMEIFS;2026-10-11T08:00;AROMEHD;5.80;11.70;42.0;12.3;0.00;25.0;AROMEHD
cap_des_seselets;AROMEIFS;2026-10-11T09:00;AROMEHD;5.30;8.40;36.0;11.9;0.00;25.0;AROMEHD
cap_des_seselets;AROMEIFS;2026-10-11T10:00;AROMEHD;5.10;8.20;37.0;11.9;0.00;25.0;AROMEHD
cap_des_seselets;AROMEIFS;2026-10-11T11:00;AROMEHD;4.20;7.80;28.0;12.5;0.00;24.8;AROMEHD
cap_des_seselets;AROMEIFS;2026-10-11T12:00;AROMEHD;7.80;9.90;7.0;13.0;0.00;25.0;AROMEHD
cap_des_seselets;AROMEIFS;2026-10-11T13:00;AROMEHD;8.40;10.90;19.0;13.9;0.00;99.0;AROMEHD
cap_des_seselets;AROMEIFS;2026-10-11T14:00;AROMEHD;8.00;10.50;18.0;14.5;0.00;100.0;AROMEHD
cap_des_seselets;AROMEIFS;2026-10-11T15:00;AROMEHD;5.20;10.10;15.0;15.1;0.00;100.0;AROMEHD
cap_des_seselets;AROMEIFS;2026-10-11T16:00;AROMEHD;6.00;8.20;358.0;15.9;0.00;100.0;AROMEHD
cap_des_seselets;AROMEIFS;2026-10-11T17:00;AROMEHD;7.10;9.30;334.0;16.4;0.00;100.0;AROMEHD
cap_des_seselets;AROMEIFS;2026-10-11T18:00;AROMEHD;2.90;9.30;8.0;16.3;0.00;100.0;AROMEHD
cap_des_seselets;AROMEIFS;2026-10-11T19:00;AROMEHD;2.10;3.90;326.0;15.9;0.00;99.0;AROMEHD
cap_des_seselets;AROMEIFS;2026-10-11T20:00;AROMEHD;0.90;2.10;297.0;15.0;0.00;90.0;AROMEHD
cap_des_seselets;AROMEIFS;2026-10-11T21:00;AROMEHD;1.40;2.30;164.0;13.7;0.00;1.0;AROMEHD
cap_des_seselets;AROMEIFS;2026-10-11T22:00;AROMEHD;4.50;6.00;355.0;14.4;0.00;0.0;AROMEHD
cap_des_seselets;AROMEIFS;2026-10-11T23:00;AROMEHD;8.30;10.50;25.0;13.9;0.00;0.0;AROMEHD
cap_des_seselets;AROMEIFS;2026-10-12T00:00;AROMEHD;9.30;12.60;16.0;13.2;0.00;0.0;AROMEHD
cap_des_seselets;AROMEIFS;2026-10-12T01:00;AROMEHD;9.20;11.90;8.0;13.3;0.00;0.0;AROMEHD
cap_des_seselets;AROMEIFS;2026-10-12T02:00;AROMEHD;8.00;11.70;6.0;13.2;0.00;0.0;AROMEHD
cap_des_seselets;AROMEIFS;2026-10-12T03:00;AROMEHD;8.60;12.10;31.0;12.2;0.00;0.0;AROMEHD
cap_des_seselets;AROMEIFS;2026-10-12T04:00;AROMEHD;10.90;14.80;17.0;12.3;0.00;0.0;AROMEHD
cap_des_seselets;AROMEIFS;2026-10-12T05:00;AROMEHD;10.00;14.60;8.0;12.3;0.00;0.0;AROMEHD
cap_des_seselets;AROMEIFS;2026-10-12T06:00;AROMEHD;10.10;13.60;16.0;12.0;0.00;0.0;AROMEHD
cap_des_seselets;AROMEIFS;2026-10-12T07:00;AROMEHD;10.00;14.00;6.0;11.8;0.00;0.0;AROMEHD
cap_des_seselets;AROMEIFS;2026-10-12T08:00;AROMEHD;9.60;13.60;5.0;11.8;0.00;0.0;AROMEHD
cap_des_seselets;AROMEIFS;2026-10-12T09:00;AROMEHD;9.40;13.40;6.0;11.8;0.00;0.0;AROMEHD
cap_des_seselets;AROMEIFS;2026-10-12T10:00;AROMEHD;9.60;13.20;5.0;12.2;0.00;0.0;AROMEHD
cap_des_seselets;AROMEIFS;2026-10-12T11:00;AROMEHD;9.00;13.60;5.0;13.3;0.00;0.0;AROMEHD
cap_des_seselets;AROMEIFS;2026-10-12T12:00;ARPEGE;2.40;8.20;35.0;14.4;0.00;16.0;ARPEGE
cap_des_seselets;AROMEIFS;2026-10-12T13:00;ARPEGE;2.00;8.40;29.0;15.5;0.00;27.0;ARPEGE
cap_des_seselets;AROMEIFS;2026-10-12T14:00;ARPEGE;1.70;7.40;27.0;16.5;0.00;71.0;ARPEGE
cap_des_seselets;AROMEIFS;2026-10-12T15:00;ARPEGE;1.00;5.40;349.0;17.1;0.00;45.0;ARPEGE
cap_des_seselets;AROMEIFS;2026-10-12T16:00;ARPEGE;1.40;3.50;225.0;17.2;0.00;42.0;ARPEGE
cap_des_seselets;AROMEIFS;2026-10-12T17:00;ARPEGE;1.90;2.10;233.0;16.5;0.00;27.0;ARPEGE
cap_des_seselets;AROMEIFS;2026-10-12T18:00;ARPEGE;2.00;4.50;253.0;15.6;0.00;33.0;ARPEGE
cap_des_seselets;AROMEIFS;2026-10-12T19:00;ARPEGE;0.20;3.70;180.0;13.9;0.00;31.0;ARPEGE
cap_des_seselets;AROMEIFS;2026-10-12T20:00;ARPEGE;1.10;1.40;31.0;12.5;0.00;34.0;ARPEGE
cap_des_seselets;AROMEIFS;2026-10-12T21:00;ARPEGE;1.70;2.30;36.0;11.6;0.00;44.0;ARPEGE
cap_des_seselets;AROMEIFS;2026-10-12T22:00;ARPEGE;2.30;3.70;48.0;11.1;0.00;57.0;ARPEGE
cap_des_seselets;AROMEIFS;2026-10-12T23:00;ARPEGE;2.50;4.50;45.0;11.0;0.00;64.0;ARPEGE
cap_des_seselets;AROMEIFS;2026-10-13T00:00;ARPEGE;2.80;5.60;51.0;10.8;0.00;53.0;ARPEGE
cap_des_seselets;AROMEIFS;2026-10-13T01:00;ARPEGE;2.50;5.80;45.0;10.7;0.00;46.0;ARPEGE
cap_des_seselets;AROMEIFS;2026-10-13T02:00;ARPEGE;1.90;5.20;53.0;10.5;0.00;45.0;ARPEGE
cap_des_seselets;AROMEIFS;2026-10-13T03:00;ARPEGE;2.00;4.30;61.0;10.1;0.00;67.0;ARPEGE
cap_des_seselets;AROMEIFS;2026-10-13T04:00;ARPEGE;2.10;4.10;56.0;10.0;0.00;87.0;ARPEGE
cap_des_seselets;AROMEIFS;2026-10-13T05:00;ARPEGE;1.80;4.10;49.0;9.9;0.00;49.0;ARPEGE
cap_des_seselets;AROMEIFS;2026-10-13T06:00;ARPEGE;2.60;4.30;77.0;9.6;0.00;39.0;ARPEGE
cap_des_seselets;AROMEIFS;2026-10-13T07:00;ARPEGE;2.50;5.20;51.0;9.6;0.00;23.0;ARPEGE
cap_des_seselets;AROMEIFS;2026-10-13T08:00;ARPEGE;2.20;4.90;63.0;9.6;0.00;15.0;ARPEGE
cap_des_seselets;AROMEIFS;2026-10-13T09:00;ARPEGE;2.30;4.70;66.0;9.9;0.00;9.0;ARPEGE
cap_des_seselets;AROMEIFS;2026-10-13T10:00;ARPEGE;1.90;4.70;66.0;11.8;0.00;4.0;ARPEGE
cap_des_seselets;AROMEIFS;2026-10-13T11:00;ARPEGE;1.00;2.10;101.0;13.8;0.00;3.0;ARPEGE
cap_des_seselets;AROMEIFS;2026-10-13T12:00;ARPEGE;1.00;1.90;169.0;15.5;0.00;1.0;ARPEGE
cap_des_seselets;AROMEIFS;2026-10-13T13:00;ARPEGE;1.90;2.70;204.0;16.8;0.00;1.0;ARPEGE
cap_des_seselets;AROMEIFS;2026-10-13T14:00;ARPEGE;3.00;7.00;203.0;17.6;0.00;1.0;ARPEGE
cap_des_seselets;AROMEIFS;2026-10-13T15:00;ARPEGE;3.30;8.20;216.0;18.0;0.00;5.0;ARPEGE
cap_des_seselets;AROMEIFS;2026-10-13T16:00;ARPEGE;3.30;8.20;225.0;18.1;0.00;3.0;ARPEGE
cap_des_seselets;AROMEIFS;2026-10-13T17:00;ARPEGE;2.60;7.80;222.0;17.8;0.00;7.0;ARPEGE
cap_des_seselets;AROMEIFS;2026-10-13T18:00;ARPEGE;1.80;5.80;238.0;17.1;0.00;34.0;ARPEGE
cap_des_seselets;AROMEIFS;2026-10-13T19:00;ARPEGE;1.00;3.10;270.0;15.5;0.00;26.0;ARPEGE
cap_des_seselets;AROMEIFS;2026-10-13T20:00;ARPEGE;1.40;0.80;360.0;14.1;0.00;19.0;ARPEGE
cap_des_seselets;AROMEIFS;2026-10-13T21:00;ARPEGE;1.80;1.70;41.0;13.2;0.00;6.0;ARPEGE
cap_des_seselets;AROMEIFS;2026-10-13T22:00;ARPEGE;1.90;1.90;53.0;12.6;0.00;9.0;ARPEGE
cap_des_seselets;AROMEIFS;2026-10-13T23:00;ARPEGE;2.20;2.10;63.0;12.1;0.00;19.0;ARPEGE
cap_des_seselets;AROMEIFS;2026-10-14T00:00;ARPEGE;1.90;2.30;53.0;11.7;0.00;89.0;ARPEGE
cap_des_seselets;AROMEIFS;2026-10-14T01:00;ARPEGE;2.30;2.50;59.0;11.5;0.00;84.0;ARPEGE
cap_des_seselets;AROMEIFS;2026-10-14T02:00;ARPEGE;3.00;3.30;67.0;11.3;0.00;99.0;ARPEGE
cap_des_seselets;AROMEIFS;2026-10-14T03:00;ARPEGE;2.50;3.70;58.0;11.3;0.00;88.0;ARPEGE
cap_des_seselets;AROMEIFS;2026-10-14T04:00;ARPEGE;2.20;4.30;52.0;11.5;0.00;79.0;ARPEGE
cap_des_seselets;AROMEIFS;2026-10-14T05:00;ARPEGE;2.10;4.50;49.0;11.2;0.00;95.0;ARPEGE
cap_des_seselets;AROMEIFS;2026-10-14T06:00;ARPEGE;1.90;3.90;66.0;11.3;0.00;53.0;ARPEGE
cap_des_seselets;AROMEIFS;2026-10-14T07:00;ARPEGE;1.70;3.50;36.0;10.8;0.00;0.0;ARPEGE
cap_des_seselets;AROMEIFS;2026-10-14T08:00;ARPEGE;1.10;3.30;45.0;10.6;0.00;0.0;ARPEGE
cap_des_seselets;AROMEIFS;2026-10-14T09:00;ARPEGE;1.60;3.50;60.0;10.9;0.00;51.0;ARPEGE
cap_des_seselets;AROMEIFS;2026-10-14T10:00;ARPEGE;1.70;3.90;54.0;12.7;0.00;77.0;ARPEGE
cap_des_seselets;AROMEIFS;2026-10-14T11:00;ARPEGE;0.70;2.70;34.0;15.0;0.00;75.0;ARPEGE
cap_des_seselets;AROMEIFS;2026-10-14T12:00;ARPEGE;0.20;1.90;360.0;16.6;0.00;57.0;ARPEGE
cap_des_seselets;AROMEIFS;2026-10-14T13:00;ARPEGE;0.30;1.90;45.0;18.0;0.00;2.0;ARPEGE
cap_des_seselets;AROMEIFS;2026-10-14T14:00;ARPEGE;0.80;2.90;45.0;19.1;0.00;0.0;ARPEGE
cap_des_seselets;AROMEIFS;2026-10-14T15:00;IFS;0.70;7.00;113.0;20.0;0.00;0.0;IFS
cap_des_seselets;AROMEIFS;2026-10-14T16:00;IFS;1.80;7.40;177.0;19.9;0.00;0.0;IFS
cap_des_seselets;AROMEIFS;2026-10-14T17:00;IFS;2.70;7.40;184.0;19.3;0.00;0.0;IFS
cap_des_seselets;AROMEIFS;2026-10-14T18:00;IFS;2.30;7.20;182.0;18.2;0.00;0.0;IFS
cap_des_seselets;AROMEIFS;2026-10-14T19:00;IFS;1.30;7.00;176.0;16.7;0.00;0.0;IFS
cap_des_seselets;AROMEIFS;2026-10-14T20:00;IFS;0.50;6.40;127.0;15.4;0.00;0.0;IFS
cap_des_seselets;AROMEIFS;2026-10-14T21:00;IFS;0.50;5.60;68.0;14.8;0.00;0.0;IFS
cap_des_seselets;AROMEIFS;2026-10-14T22:00;IFS;0.80;4.50;54.0;14.4;0.00;0.0;IFS
cap_des_seselets;AROMEIFS;2026-10-14T23:00;IFS;1.10;3.90;45.0;13.9;0.00;0.0;IFS
cap_des_seselets;AROMEIFS;2026-10-15T00:00;IFS;1.40;3.90;42.0;13.3;0.00;29.0;IFS
cap_des_seselets;AROMEIFS;2026-10-15T01:00;IFS;1.70;4.10;40.0;12.5;0.00;69.0;IFS
cap_des_seselets;AROMEIFS;2026-10-15T02:00;IFS;1.90;4.70;41.0;11.9;0.00;98.0;IFS
cap_des_seselets;AROMEIFS;2026-10-15T03:00;IFS;2.30;5.60;40.0;11.5;0.00;100.0;IFS
cap_des_seselets;AROMEIFS;2026-10-15T04:00;IFS;2.70;6.80;41.0;11.2;0.00;100.0;IFS
cap_des_seselets;AROMEIFS;2026-10-15T05:00;IFS;3.10;7.80;37.0;11.1;0.00;100.0;IFS
cap_des_seselets;AROMEIFS;2026-10-15T06:00;IFS;3.40;8.40;33.0;10.9;0.00;100.0;IFS
cap_des_seselets;AROMEIFS;2026-10-15T07:00;IFS;3.70;8.70;29.0;10.9;0.00;100.0;IFS
cap_des_seselets;AROMEIFS;2026-10-15T08:00;IFS;3.80;9.10;24.0;11.2;0.00;100.0;IFS
cap_des_seselets;AROMEIFS;2026-10-15T09:00;IFS;3.90;9.50;20.0;11.8;0.00;99.0;IFS
cap_des_seselets;AROMEIFS;2026-10-15T10:00;IFS;3.90;9.70;16.0;12.8;0.00;97.0;IFS
cap_des_seselets;AROMEIFS;2026-10-15T11:00;IFS;3.60;9.90;14.0;14.0;0.00;87.0;IFS
cap_des_seselets;AROMEIFS;2026-10-15T12:00;IFS;2.80;10.10;16.0;15.9;0.00;61.0;IFS
cap_des_seselets;AROMEIFS;2026-10-15T13:00;IFS;1.80;10.10;22.0;18.2;0.00;26.0;IFS
cap_des_seselets;AROMEIFS;2026-10-15T14:00;IFS;0.80;9.70;30.0;19.9;0.00;1.0;IFS
cap_des_seselets;AROMEIFS;2026-10-15T15:00;IFS;0.40;8.60;236.0;20.8;0.00;0.0;IFS
cap_des_seselets;AROMEIFS;2026-10-15T16:00;IFS;1.40;7.00;231.0;21.1;0.00;0.0;IFS
cap_des_seselets;AROMEIFS;2026-10-15T17:00;IFS;1.90;5.80;229.0;20.8;0.00;0.0;IFS
cap_des_seselets;AROMEIFS;2026-10-15T18:00;IFS;1.40;5.60;228.0;19.6;0.00;0.0;IFS
cap_des_seselets;AROMEIFS;2026-10-15T19:00;IFS;0.50;6.00;225.0;17.8;0.00;0.0;IFS
cap_des_seselets;AROMEIFS;2026-10-15T20:00;IFS;0.20;5.80;63.0;16.3;0.00;0.0;IFS
cap_des_seselets;AROMEIFS;2026-10-15T21:00;IFS;0.40;4.70;45.0;15.6;0.00;0.0;IFS
cap_des_seselets;AROMEIFS;2026-10-15T22:00;IFS;0.40;2.90;14.0;15.2;0.00;0.0;IFS
cap_des_seselets;AROMEIFS;2026-10-15T23:00;IFS;0.50;1.70;11.0;14.8;0.00;0.0;IFS
cap_des_seselets;AROMEIFS;2026-10-16T00:00;IFS;0.80;2.90;60.0;13.8;0.00;69.0;IFS
cap_des_seselets;AROMEIFS;2026-10-16T01:00;IFS;1.00;2.50;53.0;13.3;0.00;86.0;IFS
cap_des_seselets;AROMEIFS;2026-10-16T02:00;IFS;1.00;2.30;49.0;12.8;0.00;97.0;IFS
cap_des_seselets;AROMEIFS;2026-10-16T03:00;IFS;1.20;2.50;42.0;12.4;0.00;100.0;IFS
cap_des_seselets;AROMEIFS;2026-10-16T04:00;IFS;1.40;3.10;30.0;12.0;0.00;100.0;IFS
cap_des_seselets;AROMEIFS;2026-10-16T05:00;IFS;1.50;3.90;18.0;11.6;0.00;100.0;IFS
cap_des_seselets;AROMEIFS;2026-10-16T06:00;IFS;1.70;4.70;13.0;11.4;0.00;95.0;IFS
cap_des_seselets;AROMEIFS;2026-10-16T07:00;IFS;1.80;5.40;6.0;11.4;0.00;89.0;IFS
cap_des_seselets;AROMEIFS;2026-10-16T08:00;IFS;1.70;6.00;3.0;11.8;0.00;81.0;IFS
cap_des_seselets;AROMEIFS;2026-10-16T09:00;IFS;1.30;6.40;356.0;12.8;0.00;70.0;IFS
cap_des_seselets;AROMEIFS;2026-10-16T10:00;IFS;0.70;6.80;333.0;14.4;0.00;55.0;IFS
cap_des_seselets;AROMEIFS;2026-10-16T11:00;IFS;0.40;7.20;243.0;16.2;0.00;38.0;IFS
cap_des_seselets;AROMEIFS;2026-10-16T12:00;IFS;1.10;7.60;211.0;17.9;0.00;22.0;IFS
cap_des_seselets;AROMEIFS;2026-10-16T13:00;IFS;1.80;7.80;205.0;19.4;0.00;9.0;IFS
cap_des_seselets;AROMEIFS;2026-10-16T14:00;IFS;2.20;8.00;201.0;20.1;0.00;1.0;IFS
cap_des_seselets;AROMEIFS;2026-10-16T15:00;IFS;2.30;8.20;197.0;20.1;0.00;0.0;IFS
cap_des_seselets;AROMEIFS;2026-10-16T16:00;IFS;2.30;8.40;195.0;19.6;0.00;2.0;IFS
cap_des_seselets;AROMEIFS;2026-10-16T17:00;IFS;2.20;8.60;190.0;18.7;0.00;8.0;IFS
cap_des_seselets;AROMEIFS;2026-10-16T18:00;IFS;1.90;8.60;183.0;17.7;0.00;16.0;IFS
cap_des_seselets;AROMEIFS;2026-10-16T19:00;IFS;1.80;8.60;180.0;16.7;0.00;24.0;IFS
cap_des_seselets;AROMEIFS;2026-10-16T20:00;IFS;1.70;8.40;177.0;16.0;0.00;33.0;IFS
cap_des_seselets;AROMEIFS;2026-10-16T21:00;IFS;1.50;8.00;180.0;15.5;0.10;43.0;IFS
cap_des_seselets;AROMEIFS;2026-10-16T22:00;IFS;1.30;7.20;184.0;15.0;0.10;55.0;IFS
cap_des_seselets;AROMEIFS;2026-10-16T23:00;IFS;1.10;6.40;195.0;14.6;0.10;69.0;IFS
cap_des_seselets;AROMEIFS;2026-10-17T00:00;IFS;1.00;5.60;209.0;14.3;0.10;81.0;IFS
cap_des_seselets;AROMEIFS;2026-10-17T01:00;IFS;1.00;5.10;225.0;13.9;0.10;92.0;IFS
cap_des_seselets;AROMEIFS;2026-10-17T02:00;IFS;1.00;4.90;233.0;13.6;0.10;100.0;IFS
cap_des_seselets;AROMEIFS;2026-10-17T03:00;IFS;1.10;5.10;236.0;13.3;0.20;100.0;IFS
cap_des_seselets;AROMEIFS;2026-10-17T04:00;IFS;1.20;5.40;231.0;13.1;0.20;100.0;IFS
cap_des_seselets;AROMEIFS;2026-10-17T05:00;IFS;1.40;6.20;225.0;12.8;0.20;100.0;IFS
cap_des_seselets;AROMEIFS;2026-10-17T06:00;IFS;1.60;6.80;223.0;12.6;0.20;100.0;IFS
cap_des_seselets;AROMEIFS;2026-10-17T07:00;IFS;1.70;7.60;220.0;12.4;0.20;100.0;IFS
cap_des_seselets;AROMEIFS;2026-10-17T08:00;IFS;1.60;8.20;227.0;12.2;0.20;100.0;IFS
cap_des_seselets;AROMEIFS;2026-10-17T09:00;IFS;1.40;8.60;242.0;12.0;0.10;100.0;IFS
cap_des_seselets;AROMEIFS;2026-10-17T10:00;IFS;1.40;8.90;270.0;11.8;0.10;100.0;IFS
cap_des_seselets;AROMEIFS;2026-10-17T11:00;IFS;1.70;9.10;297.0;11.6;0.10;100.0;IFS
cap_des_seselets;AROMEIFS;2026-10-17T12:00;IFS;2.20;9.50;315.0;11.4;0.10;100.0;IFS
cap_des_seselets;AROMEIFS;2026-10-17T13:00;IFS;2.80;9.90;326.0;11.3;0.10;100.0;IFS
cap_des_seselets;AROMEIFS;2026-10-17T14:00;IFS;3.30;10.30;333.0;11.2;0.10;100.0;IFS
cap_des_seselets;AROMEIFS;2026-10-17T15:00;IFS;3.60;10.90;343.0;11.2;0.00;100.0;IFS
cap_des_seselets;AROMEIFS;2026-10-17T16:00;IFS;3.80;11.50;351.0;11.2;0.00;100.0;IFS
cap_des_seselets;AROMEIFS;2026-10-17T17:00;IFS;4.20;12.20;1.0;11.3;0.00;100.0;IFS
cap_des_seselets;AROMEIFS;2026-10-17T18:00;IFS;4.50;12.80;9.0;11.4;0.00;100.0;IFS
cap_des_seselets;AROMEIFS;2026-10-17T19:00;IFS;4.80;13.40;14.0;11.5;0.00;100.0;IFS
cap_des_seselets;AROMEIFS;2026-10-17T20:00;IFS;4.90;13.80;17.0;11.4;0.00;100.0;IFS
cap_des_seselets;AROMEIFS;2026-10-17T21:00;IFS;4.80;14.00;18.0;11.3;0.00;100.0;IFS
cap_des_seselets;AROMEIFS;2026-10-17T22:00;IFS;4.50;14.40;16.0;11.1;0.00;99.0;IFS
cap_des_seselets;AROMEIFS;2026-10-17T23:00;IFS;3.90;14.40;16.0;10.8;0.00;99.0;IFS
cap_des_seselets;AROMEIFS;2026-10-18T00:00;IFS;3.50;14.40;11.0;10.5;0.00;98.0;IFS
cap_des_seselets;AROMEIFS;2026-10-18T01:00;IFS;2.90;14.40;8.0;10.2;0.00;98.0;IFS
cap_des_seselets;AROMEIFS;2026-10-18T02:00;IFS;2.60;14.00;4.0;10.0;0.00;98.0;IFS
cap_des_seselets;AROMEIFS;2026-10-18T03:00;IFS;2.30;13.40;2.0;9.8;0.20;98.0;IFS
cap_des_seselets;AROMEIFS;2026-10-18T04:00;IFS;2.10;12.40;360.0;9.6;0.20;98.0;IFS
cap_des_seselets;AROMEIFS;2026-10-18T05:00;IFS;1.90;11.30;360.0;9.4;0.20;99.0;IFS
cap_des_seselets;AROMEIFS;2026-10-18T06:00;IFS;1.70;10.10;360.0;9.3;0.20;99.0;IFS
cap_des_seselets;AROMEIFS;2026-10-18T07:00;IFS;1.70;9.30;360.0;9.2;0.20;100.0;IFS
cap_des_seselets;AROMEIFS;2026-10-18T08:00;IFS;1.50;8.70;360.0;9.2;0.20;100.0;IFS
cap_des_seselets;AROMEIFS;2026-10-18T09:00;IFS;1.40;8.70;4.0;9.4;0.30;100.0;IFS
cap_des_seselets;AROMEIFS;2026-10-18T10:00;IFS;1.20;8.90;9.0;9.7;0.30;100.0;IFS
cap_des_seselets;AROMEIFS;2026-10-18T11:00;IFS;1.10;9.30;20.0;10.1;0.30;100.0;IFS
cap_des_seselets;AROMEIFS;2026-10-18T12:00;IFS;1.10;9.90;31.0;10.6;0.30;100.0;IFS
cap_des_seselets;AROMEIFS;2026-10-18T13:00;IFS;1.10;10.30;38.0;10.9;0.30;100.0;IFS
cap_des_seselets;AROMEIFS;2026-10-18T14:00;IFS;1.10;10.30;45.0;11.1;0.30;100.0;IFS
cap_des_seselets;AROMEIFS;2026-10-18T15:00;IFS;1.00;9.90;49.0;11.1;0.00;92.0;IFS
cap_des_seselets;AROMEIFS;2026-10-18T16:00;IFS;0.90;9.50;58.0;11.0;0.00;80.0;IFS
cap_des_seselets;AROMEIFS;2026-10-18T17:00;IFS;0.80;8.70;60.0;10.9;0.00;66.0;IFS
cap_des_seselets;AROMEIFS;2026-10-18T18:00;IFS;0.60;8.20;72.0;10.7;0.00;53.0;IFS
cap_des_seselets;AROMEIFS;2026-10-18T19:00;IFS;0.50;7.60;68.0;10.5;0.00;41.0;IFS
cap_des_seselets;AROMEIFS;2026-10-18T20:00;IFS;0.60;7.40;59.0;10.3;0.00;34.0;IFS
cap_des_seselets;AROMEIFS;2026-10-18T21:00;IFS;0.80;7.60;40.0;10.1;0.00;31.0;IFS
cap_des_seselets;AROMEIFS;2026-10-18T22:00;IFS;1.00;7.80;29.0;9.8;0.00;30.0;IFS
cap_des_seselets;AROMEIFS;2026-10-18T23:00;IFS;1.40;8.40;20.0;9.5;0.00;32.0;IFS
cap_des_seselets;AROMEIFS;2026-10-19T00:00;IFS;1.90;8.90;18.0;9.3;0.00;35.0;IFS
cap_des_seselets;AROMEIFS;2026-10-19T01:00;IFS;2.40;9.50;16.0;9.0;0.00;40.0;IFS
cap_des_seselets;AROMEIFS;2026-10-19T02:00;IFS;2.70;10.10;17.0;8.9;0.00;45.0;IFS
cap_des_seselets;AROMEIFS;2026-10-19T03:00;IFS;3.10;10.70;18.0;8.7;0.00;52.0;IFS
cap_des_seselets;AROMEIFS;2026-10-19T04:00;IFS;3.40;11.10;22.0;8.6;0.00;63.0;IFS
cap_des_seselets;AROMEIFS;2026-10-19T05:00;IFS;3.60;11.70;26.0;8.5;0.00;74.0;IFS
cap_des_seselets;AROMEIFS;2026-10-19T06:00;IFS;3.90;12.20;30.0;8.5;0.00;85.0;IFS
cap_des_seselets;AROMEIFS;2026-10-19T07:00;IFS;4.00;12.60;32.0;8.7;0.00;94.0;IFS
cap_des_seselets;AROMEIFS;2026-10-19T08:00;IFS;4.10;13.00;34.0;9.0;0.00;99.0;IFS
cap_des_seselets;AROMEIFS;2026-10-19T09:00;IFS;4.10;13.20;36.0;9.8;0.00;100.0;IFS
cap_des_seselets;AROMEIFS;2026-10-19T10:00;IFS;3.80;13.40;38.0;10.9;0.00;97.0;IFS
cap_des_seselets;AROMEIFS;2026-10-19T11:00;IFS;3.50;13.60;39.0;12.2;0.00;93.0;IFS
cap_des_seselets;AROMEIFS;2026-10-19T12:00;IFS;3.20;13.60;41.0;13.5;0.00;87.0;IFS
cap_des_seselets;AROMEIFS;2026-10-19T13:00;IFS;3.00;13.80;44.0;14.4;0.00;79.0;IFS
cap_des_seselets;AROMEIFS;2026-10-19T14:00;IFS;2.80;13.80;46.0;14.9;0.00;71.0;IFS
cap_des_seselets;AROMEIFS;2026-10-19T15:00;IFS;2.70;13.80;49.0;14.7;0.00;61.0;IFS
cap_des_seselets;AROMEIFS;2026-10-19T16:00;IFS;2.60;13.80;51.0;14.2;0.00;47.0;IFS
cap_des_seselets;AROMEIFS;2026-10-19T17:00;IFS;2.60;13.80;56.0;13.3;0.00;33.0;IFS
cap_des_seselets;AROMEIFS;2026-10-19T18:00;IFS;2.50;13.60;58.0;12.3;0.00;19.0;IFS
cap_des_seselets;AROMEIFS;2026-10-19T19:00;IFS;2.50;13.60;58.0;11.4;0.00;7.0;IFS
cap_des_seselets;AROMEIFS;2026-10-19T20:00;IFS;2.50;13.60;58.0;10.6;0.00;0.0;IFS
cap_des_seselets;AROMEIFS;2026-10-19T21:00;IFS;2.60;13.60;56.0;10.0;0.00;0.0;IFS
cap_des_seselets;AROMEIFS;2026-10-19T22:00;IFS;2.60;13.60;53.0;9.4;0.00;0.0;IFS
cap_des_seselets;AROMEIFS;2026-10-19T23:00;IFS;2.60;13.60;48.0;8.9;0.00;1.0;IFS
cap_des_seselets;AROMEIFS;2026-10-20T00:00;IFS;2.70;13.60;44.0;8.4;0.00;6.0;IFS
cap_des_seselets;AROMEIFS;2026-10-20T01:00;IFS;2.80;13.60;41.0;8.0;0.00;11.0;IFS
cap_des_seselets;AROMEIFS;2026-10-20T02:00;IFS;2.90;13.60;37.0;7.6;0.00;16.0;IFS
cap_des_seselets;AROMEIFS;2026-10-20T03:00;IFS;3.00;13.60;33.0;7.3;0.00;21.0;IFS
cap_des_seselets;AROMEIFS;2026-10-20T04:00;IFS;3.20;13.80;31.0;7.0;0.00;26.0;IFS
cap_des_seselets;AROMEIFS;2026-10-20T05:00;IFS;3.30;13.80;28.0;6.8;0.00;32.0;IFS
cap_des_seselets;AROMEIFS;2026-10-20T06:00;IFS;3.40;14.00;25.0;6.8;0.00;38.0;IFS
cap_des_seselets;AROMEIFS;2026-10-20T07:00;IFS;3.60;14.20;24.0;6.9;0.00;44.0;IFS
cap_des_seselets;AROMEIFS;2026-10-20T08:00;IFS;3.70;14.20;25.0;7.3;0.00;51.0;IFS
cap_des_seselets;AROMEIFS;2026-10-20T09:00;IFS;3.90;14.20;27.0;8.2;0.00;59.0;IFS
cap_des_seselets;AROMEIFS;2026-10-20T10:00;IFS;4.10;14.20;30.0;9.6;0.00;68.0;IFS
cap_des_seselets;AROMEIFS;2026-10-20T11:00;IFS;4.20;14.40;34.0;11.2;0.00;77.0;IFS
cap_des_seselets;AROMEIFS;2026-10-20T12:00;IFS;4.40;14.40;37.0;12.7;0.00;86.0;IFS
cap_des_seselets;AROMEIFS;2026-10-20T13:00;IFS;4.50;14.40;41.0;14.0;0.00;93.0;IFS
cap_des_seselets;AROMEIFS;2026-10-20T14:00;IFS;4.50;14.40;42.0;14.6;0.00;98.0;IFS
cap_des_seselets;AROMEIFS;2026-10-20T15:00;IFS;4.20;14.40;44.0;14.6;0.00;100.0;IFS
cap_des_seselets;AROMEIFS;2026-10-20T16:00;IFS;3.80;14.40;45.0;14.1;0.00;100.0;IFS
cap_des_seselets;AROMEIFS;2026-10-20T17:00;IFS;3.30;14.40;47.0;13.3;0.00;99.0;IFS
cap_des_seselets;AROMEIFS;2026-10-20T18:00;IFS;2.80;14.40;49.0;12.4;0.00;98.0;IFS
cap_des_seselets;AROMEIFS;2026-10-20T19:00;IFS;2.50;14.60;48.0;11.5;0.00;96.0;IFS
cap_des_seselets;AROMEIFS;2026-10-20T20:00;IFS;2.40;14.80;50.0;10.8;0.00;95.0;IFS
cap_des_seselets;AROMEIFS;2026-10-20T21:00;IFS;2.70;15.20;49.0;10.3;0.00;95.0;IFS
cap_des_seselets;AROMEIFS;2026-10-20T22:00;IFS;3.30;15.70;47.0;9.8;0.00;95.0;IFS
cap_des_seselets;AROMEIFS;2026-10-20T23:00;IFS;4.10;16.30;47.0;9.4;0.00;95.0;IFS
cap_des_seselets;AROMEIFS;2026-10-21T00:00;IFS;4.80;16.90;45.0;9.0;0.00;96.0;IFS
cap_des_seselets;AROMEIFS;2026-10-21T01:00;IFS;5.40;17.50;44.0;8.6;0.00;95.0;IFS
cap_des_seselets;AROMEIFS;2026-10-21T02:00;IFS;5.70;17.90;43.0;8.2;0.00;95.0;IFS
cap_des_seselets;AROMEIFS;2026-10-21T03:00;IFS;5.60;18.10;41.0;7.8;0.00;94.0;IFS
cap_des_seselets;AROMEIFS;2026-10-21T04:00;IFS;5.20;18.10;38.0;7.2;0.00;93.0;IFS
cap_des_seselets;AROMEIFS;2026-10-21T05:00;IFS;4.60;18.10;35.0;6.7;0.00;92.0;IFS
cap_des_seselets;AROMEIFS;2026-10-21T06:00;IFS;4.00;17.90;29.0;6.3;0.00;91.0;IFS
cap_des_seselets;AROMEIFS;2026-10-21T07:00;IFS;3.60;17.70;24.0;6.1;0.00;89.0;IFS
cap_des_seselets;AROMEIFS;2026-10-21T08:00;IFS;3.40;17.70;20.0;6.3;0.00;86.0;IFS
cap_des_seselets;AROMEIFS;2026-10-21T09:00;IFS;3.40;17.70;20.0;7.0;0.00;83.0;IFS
cap_des_seselets;AROMEIFS;2026-10-21T10:00;IFS;3.70;17.70;22.0;8.2;0.00;79.0;IFS
cap_des_seselets;AROMEIFS;2026-10-21T11:00;IFS;3.90;17.70;25.0;9.7;0.00;75.0;IFS
cap_des_seselets;AROMEIFS;2026-10-21T12:00;IFS;4.20;17.50;28.0;11.1;0.00;71.0;IFS
cap_des_seselets;AROMEIFS;2026-10-21T13:00;IFS;4.50;17.30;30.0;12.2;0.00;65.0;IFS
cap_des_seselets;AROMEIFS;2026-10-21T14:00;IFS;4.70;17.10;31.0;12.8;0.00;59.0;IFS
cap_des_seselets;AROMEIFS;2026-10-21T15:00;IFS;4.70;16.70;32.0;12.7;0.00;51.0;IFS
cap_des_seselets;AROMEIFS;2026-10-21T16:00;IFS;4.80;15.90;32.0;12.2;0.00;42.0;IFS
cap_des_seselets;AROMEIFS;2026-10-21T17:00;IFS;4.70;15.20;32.0;11.4;0.00;32.0;IFS
cap_des_seselets;AROMEIFS;2026-10-21T18:00;IFS;4.70;14.40;32.0;10.4;0.00;22.0;IFS
cap_des_seselets;AROMEIFS;2026-10-21T19:00;IFS;4.70;13.80;32.0;9.5;0.00;13.0;IFS
cap_des_seselets;AROMEIFS;2026-10-21T20:00;IFS;4.60;13.40;33.0;8.8;0.00;7.0;IFS
cap_des_seselets;AROMEIFS;2026-10-21T21:00;IFS;4.60;13.20;34.0;8.2;0.00;3.0;IFS
cap_des_seselets;AROMEIFS;2026-10-21T22:00;IFS;4.50;13.20;34.0;7.7;0.00;0.0;IFS
cap_des_seselets;AROMEIFS;2026-10-21T23:00;IFS;4.40;13.40;37.0;7.2;0.00;0.0;IFS
cap_des_seselets;AROMEIFS;2026-10-22T00:00;IFS;4.30;13.60;38.0;6.8;0.00;0.0;IFS
cap_des_seselets;AROMEIFS;2026-10-22T01:00;IFS;4.20;13.80;38.0;6.4;0.00;0.0;IFS
cap_des_seselets;AROMEIFS;2026-10-22T02:00;IFS;4.20;13.80;38.0;6.1;0.00;1.0;IFS
cap_des_seselets;AROMEIFS;2026-10-22T03:00;IFS;4.30;13.60;38.0;5.7;0.00;5.0;IFS
cap_des_seselets;AROMEIFS;2026-10-22T04:00;IFS;4.40;13.40;37.0;5.3;0.00;11.0;IFS
cap_des_seselets;AROMEIFS;2026-10-22T05:00;IFS;4.50;13.00;34.0;4.9;0.00;18.0;IFS
cap_des_seselets;AROMEIFS;2026-10-22T06:00;IFS;4.60;12.80;33.0;4.7;0.00;25.0;IFS
cap_des_seselets;AROMEIFS;2026-10-22T07:00;IFS;4.80;12.40;32.0;4.8;0.00;30.0;IFS
cap_des_seselets;AROMEIFS;2026-10-22T08:00;IFS;4.80;12.40;31.0;5.2;0.00;32.0;IFS
cap_des_seselets;AROMEIFS;2026-10-22T09:00;IFS;4.60;12.60;30.0;6.2;0.00;30.0;IFS
cap_des_seselets;AROMEIFS;2026-10-22T10:00;IFS;4.50;12.80;31.0;7.7;0.00;25.0;IFS
cap_des_seselets;AROMEIFS;2026-10-22T11:00;IFS;4.30;13.40;31.0;9.5;0.00;19.0;IFS
cap_des_seselets;AROMEIFS;2026-10-22T12:00;IFS;4.10;13.80;31.0;11.2;0.00;12.0;IFS
cap_des_seselets;AROMEIFS;2026-10-22T13:00;IFS;3.90;14.00;32.0;12.6;0.00;6.0;IFS
cap_des_seselets;AROMEIFS;2026-10-22T14:00;IFS;3.70;14.00;32.0;13.4;0.00;2.0;IFS
cap_des_seselets;AROMEIFS;2026-10-22T15:00;IFS;3.50;13.80;32.0;13.5;0.00;0.0;IFS
cap_des_seselets;AROMEIFS;2026-10-22T16:00;IFS;3.20;13.20;33.0;13.0;0.00;0.0;IFS
cap_des_seselets;AROMEIFS;2026-10-22T17:00;IFS;3.10;12.60;35.0;12.1;0.00;0.0;IFS
cap_des_seselets;AROMEIFS;2026-10-22T18:00;IFS;2.90;11.90;35.0;11.2;0.00;0.0;IFS
cap_des_seselets;AROMEIFS;2026-10-22T19:00;IFS;2.70;11.30;35.0;10.2;0.00;0.0;IFS
cap_des_seselets;AROMEIFS;2026-10-22T20:00;IFS;2.60;10.90;36.0;9.5;0.00;0.0;IFS
cap_des_seselets;AROMEIFS;2026-10-22T21:00;IFS;2.60;10.50;36.0;9.0;0.00;2.0;IFS
cap_des_seselets;AROMEIFS;2026-10-22T22:00;IFS;2.70;10.30;35.0;8.6;0.00;5.0;IFS
cap_des_seselets;AROMEIFS;2026-10-22T23:00;IFS;2.90;10.10;33.0;8.1;0.00;9.0;IFS
cap_des_seselets;AROMEIFS;2026-10-23T00:00;IFS;3.00;9.90;33.0;7.8;0.00;12.0;IFS
cap_des_seselets;AROMEIFS;2026-10-23T01:00;IFS;3.20;9.70;31.0;7.4;0.00;15.0;IFS
cap_des_seselets;AROMEIFS;2026-10-23T02:00;IFS;3.30;9.70;32.0;7.1;0.00;16.0;IFS
cap_des_seselets;AROMEIFS;2026-10-23T03:00;IFS;3.50;9.70;32.0;6.8;0.00;15.0;IFS
cap_des_seselets;AROMEIFS;2026-10-23T04:00;IFS;3.60;9.90;33.0;6.3;0.00;13.0;IFS
cap_des_seselets;AROMEIFS;2026-10-23T05:00;IFS;3.70;9.90;33.0;6.0;0.00;10.0;IFS
cap_des_seselets;AROMEIFS;2026-10-23T06:00;IFS;3.80;10.10;35.0;5.7;0.00;7.0;IFS
cap_des_seselets;AROMEIFS;2026-10-23T07:00;IFS;3.80;10.50;35.0;5.8;0.00;5.0;IFS
cap_des_seselets;AROMEIFS;2026-10-23T08:00;IFS;3.80;10.70;36.0;6.2;0.00;5.0;IFS
cap_des_seselets;AROMEIFS;2026-10-23T09:00;IFS;3.80;11.10;37.0;7.3;0.00;8.0;IFS
cap_des_seselets;AROMEIFS;2026-10-23T10:00;IFS;3.70;11.70;39.0;9.0;0.00;14.0;IFS
cap_des_seselets;AROMEIFS;2026-10-23T11:00;IFS;3.60;12.10;41.0;10.9;0.00;20.0;IFS
cap_des_seselets;AROMEIFS;2026-10-23T12:00;IFS;3.50;12.60;42.0;12.8;0.00;27.0;IFS
cap_des_seselets;AROMEIFS;2026-10-23T13:00;IFS;3.40;13.00;44.0;14.3;0.00;31.0;IFS
cap_des_seselets;AROMEIFS;2026-10-23T14:00;IFS;3.20;13.00;45.0;15.2;0.00;33.0;IFS
cap_des_seselets;AROMEIFS;2026-10-23T15:00;IFS;3.00;12.80;46.0;15.2;0.00;31.0;IFS
cap_des_seselets;AROMEIFS;2026-10-23T16:00;IFS;2.50;12.20;47.0;14.6;0.00;26.0;IFS
cap_des_seselets;AROMEIFS;2026-10-23T17:00;IFS;2.30;11.70;47.0;13.7;0.00;19.0;IFS
cap_des_seselets;AROMEIFS;2026-10-23T18:00;IFS;1.90;10.90;45.0;12.6;0.00;12.0;IFS
cap_des_seselets;AROMEIFS;2026-10-23T19:00;IFS;1.60;10.30;45.0;11.5;0.00;6.0;IFS
cap_des_seselets;AROMEIFS;2026-10-23T20:00;IFS;1.60;9.70;43.0;10.7;0.00;2.0;IFS
cap_des_seselets;AROMEIFS;2026-10-23T21:00;IFS;1.70;9.30;40.0;10.1;0.00;0.0;IFS
cap_des_seselets;AROMEIFS;2026-10-23T22:00;IFS;1.90;9.10;35.0;9.5;0.00;0.0;IFS
cap_des_seselets;AROMEIFS;2026-10-23T23:00;IFS;2.30;8.90;31.0;8.9;0.00;0.0;IFS
cap_des_seselets;AROMEIFS;2026-10-24T00:00;IFS;2.70;8.70;28.0;8.4;0.00;0.0;IFS
cap_des_seselets;AROMEIFS;2026-10-24T01:00;IFS;3.00;8.60;27.0;8.0;0.00;0.0;IFS
cap_des_seselets;AROMEIFS;2026-10-24T02:00;IFS;3.20;8.60;27.0;7.6;0.00;0.0;IFS
cap_des_seselets;AROMEIFS;2026-10-24T03:00;IFS;3.30;8.60;28.0;7.2;0.00;1.0;IFS
cap_des_seselets;AROMEIFS;2026-10-24T04:00;IFS;3.30;8.40;28.0;6.7;0.00;2.0;IFS
cap_des_seselets;AROMEIFS;2026-10-24T05:00;IFS;3.30;8.40;28.0;6.2;0.00;3.0;IFS
cap_des_seselets;AROMEIFS;2026-10-24T06:00;IFS;3.30;8.40;30.0;6.0;0.00;4.0;IFS
cap_des_seselets;AROMEIFS;2026-10-24T07:00;IFS;3.20;8.60;31.0;6.0;0.00;5.0;IFS
cap_des_seselets;AROMEIFS;2026-10-24T08:00;IFS;3.20;8.70;34.0;6.5;0.00;6.0;IFS
cap_des_seselets;AROMEIFS;2026-10-24T09:00;IFS;3.10;9.10;36.0;7.6;0.00;6.0;IFS
cap_des_seselets;AROMEIFS;2026-10-24T10:00;IFS;3.20;9.70;40.0;9.3;0.00;5.0;IFS
cap_des_seselets;AROMEIFS;2026-10-24T11:00;IFS;3.20;10.50;43.0;11.3;0.00;5.0;IFS
cap_des_seselets;AROMEIFS;2026-10-24T12:00;IFS;3.20;11.10;47.0;13.3;0.00;4.0;IFS
cap_des_seselets;AROMEIFS;2026-10-24T13:00;IFS;3.10;11.70;49.0;14.9;0.00;3.0;IFS
cap_des_seselets;AROMEIFS;2026-10-24T14:00;IFS;3.00;11.90;52.0;15.8;0.00;2.0;IFS
cap_des_seselets;AROMEIFS;2026-10-24T15:00;IFS;2.60;11.70;54.0;16.0;0.00;1.0;IFS
cap_des_seselets;AROMEIFS;2026-10-24T16:00;IFS;2.20;11.50;56.0;15.6;0.00;1.0;IFS
cap_des_seselets;AROMEIFS;2026-10-24T17:00;IFS;1.70;10.90;59.0;14.9;0.00;0.0;IFS
cap_des_seselets;AROMEIFS;2026-10-24T18:00;IFS;1.30;10.30;63.0;14.1;0.00;0.0;IFS
cap_des_seselets;AROMEIFS;2026-10-24T19:00;IFS;1.00;9.70;66.0;13.1;0.00;0.0;IFS
cap_des_seselets;AROMEIFS;2026-10-24T20:00;IFS;0.70;9.30;67.0;12.4;0.00;0.0;IFS
cap_des_seselets;AROMEIFS;2026-10-24T21:00;IFS;0.80;8.90;60.0;11.7;0.00;2.0;IFS
cap_des_seselets;AROMEIFS;2026-10-24T22:00;IFS;1.00;8.60;49.0;10.9;0.00;4.0;IFS
cap_des_seselets;AROMEIFS;2026-10-24T23:00;IFS;1.40;8.20;39.0;10.1;0.00;7.0;IFS
cap_des_seselets;AROMEIFS;2026-10-25T00:00;IFS;1.70;7.80;38.0;9.3;0.00;10.0;IFS
cap_des_seselets;AROMEIFS;2026-10-25T01:00;IFS;2.20;7.60;36.0;8.7;0.00;13.0;IFS
cap_des_seselets;AROMEIFS;2026-10-25T02:00;IFS;2.40;7.40;35.0;8.2;0.00;15.0;IFS
excenevex;AROMEIFS;2026-10-10T00:00;AROMEHD;3.40;6.60;167.0;14.3;0.00;81.0;AROMEHD
excenevex;AROMEIFS;2026-10-10T01:00;AROMEHD;5.10;7.40;238.0;13.4;0.00;44.0;AROMEHD
excenevex;AROMEIFS;2026-10-10T02:00;AROMEHD;2.40;7.00;189.0;12.7;0.00;59.0;AROMEHD
excenevex;AROMEIFS;2026-10-10T03:00;AROMEHD;6.30;9.30;252.0;12.7;0.00;100.0;AROMEHD
excenevex;AROMEIFS;2026-10-10T04:00;AROMEHD;8.00;12.20;241.0;12.5;0.00;100.0;AROMEHD
excenevex;AROMEIFS;2026-10-10T05:00;AROMEHD;8.80;14.60;229.0;12.3;0.80;100.0;AROMEHD
excenevex;AROMEIFS;2026-10-10T06:00;AROMEHD;8.30;12.60;254.0;12.5;0.30;100.0;AROMEHD
excenevex;AROMEIFS;2026-10-10T07:00;AROMEHD;9.60;14.00;227.0;13.0;0.60;100.0;AROMEHD
excenevex;AROMEIFS;2026-10-10T08:00;AROMEHD;7.20;13.80;243.0;12.8;0.50;98.0;AROMEHD
excenevex;AROMEIFS;2026-10-10T09:00;AROMEHD;6.70;11.10;244.0;13.0;0.00;100.0;AROMEHD
excenevex;AROMEIFS;2026-10-10T10:00;AROMEHD;6.70;11.50;226.0;13.7;0.10;100.0;AROMEHD
excenevex;AROMEIFS;2026-10-10T11:00;AROMEHD;6.10;10.70;235.0;14.5;0.00;100.0;AROMEHD
excenevex;AROMEIFS;2026-10-10T12:00;AROMEHD;9.10;14.80;235.0;14.6;0.20;100.0;AROMEHD
excenevex;AROMEIFS;2026-10-10T13:00;AROMEHD;6.40;14.20;235.0;14.5;0.60;100.0;AROMEHD
excenevex;AROMEIFS;2026-10-10T14:00;AROMEHD;8.50;13.40;233.0;16.1;0.00;84.0;AROMEHD
excenevex;AROMEIFS;2026-10-10T15:00;AROMEHD;9.00;14.20;231.0;16.7;0.00;100.0;AROMEHD
excenevex;AROMEIFS;2026-10-10T16:00;AROMEHD;8.20;14.80;236.0;15.6;0.40;100.0;AROMEHD
excenevex;AROMEIFS;2026-10-10T17:00;AROMEHD;7.80;13.20;226.0;16.2;0.00;100.0;AROMEHD
excenevex;AROMEIFS;2026-10-10T18:00;AROMEHD;7.00;11.50;228.0;16.1;0.00;4.0;AROMEHD
excenevex;AROMEIFS;2026-10-10T19:00;AROMEHD;6.20;10.70;229.0;15.5;0.00;100.0;AROMEHD
excenevex;AROMEIFS;2026-10-10T20:00;AROMEHD;8.70;12.20;228.0;14.6;1.50;100.0;AROMEHD
excenevex;AROMEIFS;2026-10-10T21:00;AROMEHD;7.80;11.70;215.0;14.9;0.20;100.0;AROMEHD
excenevex;AROMEIFS;2026-10-10T22:00;AROMEHD;6.80;11.70;235.0;14.2;0.00;4.0;AROMEHD
excenevex;AROMEIFS;2026-10-10T23:00;AROMEHD;7.10;9.90;244.0;13.6;0.00;0.0;AROMEHD
excenevex;AROMEIFS;2026-10-11T00:00;AROMEHD;7.70;11.10;227.0;12.9;0.00;1.0;AROMEHD
excenevex;AROMEIFS;2026-10-11T01:00;AROMEHD;7.00;11.30;231.0;12.5;0.00;30.0;AROMEHD
excenevex;AROMEIFS;2026-10-11T02:00;AROMEHD;6.70;9.50;224.0;12.8;0.00;1.0;AROMEHD
excenevex;AROMEIFS;2026-10-11T03:00;AROMEHD;4.00;8.90;231.0;12.2;0.00;18.0;AROMEHD
excenevex;AROMEIFS;2026-10-11T04:00;AROMEHD;3.60;5.80;229.0;11.1;0.00;7.0;AROMEHD
excenevex;AROMEIFS;2026-10-11T05:00;AROMEHD;2.60;5.10;216.0;10.6;0.00;92.0;AROMEHD
excenevex;AROMEIFS;2026-10-11T06:00;AROMEHD;3.20;3.70;256.0;11.3;0.00;47.0;AROMEHD
excenevex;AROMEIFS;2026-10-11T07:00;AROMEHD;2.70;3.90;210.0;10.5;0.00;72.0;AROMEHD
excenevex;AROMEIFS;2026-10-11T08:00;AROMEHD;2.60;3.50;189.0;10.4;0.00;25.0;AROMEHD
excenevex;AROMEIFS;2026-10-11T09:00;AROMEHD;3.20;3.70;223.0;10.3;0.00;45.0;AROMEHD
excenevex;AROMEIFS;2026-10-11T10:00;AROMEHD;3.30;4.70;225.0;11.5;0.00;25.0;AROMEHD
excenevex;AROMEIFS;2026-10-11T11:00;AROMEHD;3.20;6.00;232.0;12.8;0.00;25.0;AROMEHD
excenevex;AROMEIFS;2026-10-11T12:00;AROMEHD;2.70;5.40;180.0;13.6;0.00;25.0;AROMEHD
excenevex;AROMEIFS;2026-10-11T13:00;AROMEHD;3.60;5.40;54.0;14.2;0.00;25.0;AROMEHD
excenevex;AROMEIFS;2026-10-11T14:00;AROMEHD;6.50;9.10;39.0;14.1;0.00;39.0;AROMEHD
excenevex;AROMEIFS;2026-10-11T15:00;AROMEHD;4.90;8.70;34.0;14.7;0.00;47.0;AROMEHD
excenevex;AROMEIFS;2026-10-11T16:00;AROMEHD;4.00;6.60;55.0;15.2;0.00;100.0;AROMEHD
excenevex;AROMEIFS;2026-10-11T17:00;AROMEHD;5.40;7.80;46.0;15.4;0.00;100.0;AROMEHD
excenevex;AROMEIFS;2026-10-11T18:00;AROMEHD;3.80;7.60;35.0;15.5;0.00;100.0;AROMEHD
excenevex;AROMEIFS;2026-10-11T19:00;AROMEHD;4.70;7.20;42.0;15.6;0.00;48.0;AROMEHD
excenevex;AROMEIFS;2026-10-11T20:00;AROMEHD;6.30;9.30;50.0;15.6;0.00;24.0;AROMEHD
excenevex;AROMEIFS;2026-10-11T21:00;AROMEHD;1.40;9.10;344.0;12.4;0.00;13.0;AROMEHD
excenevex;AROMEIFS;2026-10-11T22:00;AROMEHD;8.50;12.20;47.0;14.2;0.00;86.0;AROMEHD
excenevex;AROMEIFS;2026-10-11T23:00;AROMEHD;11.10;15.00;57.0;14.0;0.00;0.0;AROMEHD
excenevex;AROMEIFS;2026-10-12T00:00;AROMEHD;11.10;17.30;39.0;13.9;0.00;0.0;AROMEHD
excenevex;AROMEIFS;2026-10-12T01:00;AROMEHD;9.40;15.40;43.0;13.6;0.00;0.0;AROMEHD
excenevex;AROMEIFS;2026-10-12T02:00;AROMEHD;12.90;17.50;41.0;13.8;0.00;0.0;AROMEHD
excenevex;AROMEIFS;2026-10-12T03:00;AROMEHD;14.30;20.60;37.0;13.7;0.00;0.0;AROMEHD
excenevex;AROMEIFS;2026-10-12T04:00;AROMEHD;13.30;19.00;31.0;13.5;0.00;0.0;AROMEHD
excenevex;AROMEIFS;2026-10-12T05:00;AROMEHD;14.60;19.40;31.0;13.4;0.00;0.0;AROMEHD
excenevex;AROMEIFS;2026-10-12T06:00;AROMEHD;13.70;20.00;39.0;13.3;0.00;0.0;AROMEHD
excenevex;AROMEIFS;2026-10-12T07:00;AROMEHD;13.10;18.90;41.0;13.1;0.00;0.0;AROMEHD
excenevex;AROMEIFS;2026-10-12T08:00;AROMEHD;12.30;17.90;39.0;12.9;0.00;0.0;AROMEHD
excenevex;AROMEIFS;2026-10-12T09:00;AROMEHD;13.00;17.90;39.0;12.8;0.00;0.0;AROMEHD
excenevex;AROMEIFS;2026-10-12T10:00;AROMEHD;13.50;18.30;37.0;12.7;0.00;0.5;AROMEHD
excenevex;AROMEIFS;2026-10-12T11:00;AROMEHD;11.50;17.90;44.0;12.9;0.00;0.0;AROMEHD
excenevex;AROMEIFS;2026-10-12T12:00;ARPEGE;14.40;20.80;32.0;14.1;0.00;10.0;ARPEGE
excenevex;AROMEIFS;2026-10-12T13:00;ARPEGE;12.50;19.40;36.0;14.7;0.00;26.0;ARPEGE
excenevex;AROMEIFS;2026-10-12T14:00;ARPEGE;11.10;16.90;38.0;15.3;0.00;61.0;ARPEGE
excenevex;AROMEIFS;2026-10-12T15:00;ARPEGE;9.60;15.20;38.0;15.9;0.00;71.0;ARPEGE
excenevex;AROMEIFS;2026-10-12T16:00;ARPEGE;9.50;13.20;41.0;16.5;0.00;59.0;ARPEGE
excenevex;AROMEIFS;2026-10-12T17:00;ARPEGE;9.40;13.20;42.0;16.9;0.00;67.0;ARPEGE
excenevex;AROMEIFS;2026-10-12T18:00;ARPEGE;8.80;12.40;31.0;17.1;0.00;45.0;ARPEGE
excenevex;AROMEIFS;2026-10-12T19:00;ARPEGE;9.60;12.40;24.0;16.8;0.00;22.0;ARPEGE
excenevex;AROMEIFS;2026-10-12T20:00;ARPEGE;9.60;12.40;29.0;16.4;0.00;27.0;ARPEGE
excenevex;AROMEIFS;2026-10-12T21:00;ARPEGE;9.10;12.40;29.0;16.3;0.00;41.0;ARPEGE
excenevex;AROMEIFS;2026-10-12T22:00;ARPEGE;8.20;12.20;36.0;15.8;0.00;19.0;ARPEGE
excenevex;AROMEIFS;2026-10-12T23:00;ARPEGE;8.50;13.00;30.0;15.3;0.00;33.0;ARPEGE
excenevex;AROMEIFS;2026-10-13T00:00;ARPEGE;8.10;13.00;35.0;14.9;0.00;28.0;ARPEGE
excenevex;AROMEIFS;2026-10-13T01:00;ARPEGE;7.70;12.60;34.0;14.7;0.00;35.0;ARPEGE
excenevex;AROMEIFS;2026-10-13T02:00;ARPEGE;6.10;11.90;35.0;14.7;0.00;32.0;ARPEGE
excenevex;AROMEIFS;2026-10-13T03:00;ARPEGE;5.40;9.90;41.0;14.4;0.00;55.0;ARPEGE
excenevex;AROMEIFS;2026-10-13T04:00;ARPEGE;4.10;9.30;17.0;14.2;0.00;46.0;ARPEGE
excenevex;AROMEIFS;2026-10-13T05:00;ARPEGE;2.90;7.80;28.0;14.1;0.00;35.0;ARPEGE
excenevex;AROMEIFS;2026-10-13T06:00;ARPEGE;3.50;7.60;38.0;13.9;0.00;32.0;ARPEGE
excenevex;AROMEIFS;2026-10-13T07:00;ARPEGE;1.80;7.00;32.0;13.7;0.00;15.0;ARPEGE
excenevex;AROMEIFS;2026-10-13T08:00;ARPEGE;1.90;4.10;360.0;13.5;0.00;13.0;ARPEGE
excenevex;AROMEIFS;2026-10-13T09:00;ARPEGE;0.80;1.90;315.0;13.4;0.00;7.0;ARPEGE
excenevex;AROMEIFS;2026-10-13T10:00;ARPEGE;0.30;1.70;45.0;13.4;0.00;3.0;ARPEGE
excenevex;AROMEIFS;2026-10-13T11:00;ARPEGE;1.20;0.80;342.0;13.5;0.00;7.0;ARPEGE
excenevex;AROMEIFS;2026-10-13T12:00;ARPEGE;1.10;3.10;301.0;13.5;0.00;4.0;ARPEGE
excenevex;AROMEIFS;2026-10-13T13:00;ARPEGE;0.80;2.30;284.0;13.6;0.00;1.0;ARPEGE
excenevex;AROMEIFS;2026-10-13T14:00;ARPEGE;0.80;1.40;284.0;13.7;0.00;1.0;ARPEGE
excenevex;AROMEIFS;2026-10-13T15:00;ARPEGE;2.40;2.90;299.0;14.2;0.00;6.0;ARPEGE
excenevex;AROMEIFS;2026-10-13T16:00;ARPEGE;0.50;2.70;315.0;15.0;0.00;9.0;ARPEGE
excenevex;AROMEIFS;2026-10-13T17:00;ARPEGE;0.80;1.00;45.0;15.5;0.00;23.0;ARPEGE
excenevex;AROMEIFS;2026-10-13T18:00;ARPEGE;0.80;1.40;104.0;16.0;0.00;33.0;ARPEGE
excenevex;AROMEIFS;2026-10-13T19:00;ARPEGE;0.30;1.40;225.0;16.4;0.00;27.0;ARPEGE
excenevex;AROMEIFS;2026-10-13T20:00;ARPEGE;0.40;1.20;243.0;16.5;0.00;31.0;ARPEGE
excenevex;AROMEIFS;2026-10-13T21:00;ARPEGE;2.00;3.90;191.0;16.9;0.00;19.0;ARPEGE
excenevex;AROMEIFS;2026-10-13T22:00;ARPEGE;1.80;4.10;238.0;16.7;0.00;22.0;ARPEGE
excenevex;AROMEIFS;2026-10-13T23:00;ARPEGE;2.40;4.50;261.0;16.3;0.00;69.0;ARPEGE
excenevex;AROMEIFS;2026-10-14T00:00;ARPEGE;1.90;4.50;270.0;16.1;0.00;95.0;ARPEGE
excenevex;AROMEIFS;2026-10-14T01:00;ARPEGE;1.40;2.90;188.0;15.9;0.00;95.0;ARPEGE
excenevex;AROMEIFS;2026-10-14T02:00;ARPEGE;0.40;2.90;180.0;15.7;0.00;100.0;ARPEGE
excenevex;AROMEIFS;2026-10-14T03:00;ARPEGE;1.60;1.90;300.0;15.4;0.00;49.0;ARPEGE
excenevex;AROMEIFS;2026-10-14T04:00;ARPEGE;3.00;2.70;191.0;15.1;0.00;86.0;ARPEGE
excenevex;AROMEIFS;2026-10-14T05:00;ARPEGE;1.70;6.40;180.0;15.3;0.00;90.0;ARPEGE
excenevex;AROMEIFS;2026-10-14T06:00;ARPEGE;3.10;6.20;60.0;15.7;0.00;26.0;ARPEGE
excenevex;AROMEIFS;2026-10-14T07:00;ARPEGE;5.60;10.50;360.0;15.0;0.00;0.0;ARPEGE
excenevex;AROMEIFS;2026-10-14T08:00;ARPEGE;3.20;8.60;38.0;15.5;0.00;13.0;ARPEGE
excenevex;AROMEIFS;2026-10-14T09:00;ARPEGE;3.30;6.80;50.0;15.7;0.00;46.0;ARPEGE
excenevex;AROMEIFS;2026-10-14T10:00;ARPEGE;8.40;12.10;31.0;16.0;0.00;48.0;ARPEGE
excenevex;AROMEIFS;2026-10-14T11:00;ARPEGE;9.40;13.40;30.0;16.5;0.00;50.0;ARPEGE
excenevex;AROMEIFS;2026-10-14T12:00;ARPEGE;12.40;17.10;29.0;17.5;0.00;4.0;ARPEGE
excenevex;AROMEIFS;2026-10-14T13:00;ARPEGE;14.60;19.20;37.0;18.1;0.00;0.0;ARPEGE
excenevex;AROMEIFS;2026-10-14T14:00;ARPEGE;13.60;19.00;38.0;18.7;0.00;3.0;ARPEGE
excenevex;AROMEIFS;2026-10-14T15:00;IFS;7.70;11.30;21.0;20.6;0.00;2.0;IFS
excenevex;AROMEIFS;2026-10-14T16:00;IFS;6.90;11.30;25.0;20.9;0.00;1.0;IFS
excenevex;AROMEIFS;2026-10-14T17:00;IFS;6.10;11.10;27.0;20.9;0.00;0.0;IFS
excenevex;AROMEIFS;2026-10-14T18:00;IFS;5.70;10.50;19.0;20.4;0.00;0.0;IFS
excenevex;AROMEIFS;2026-10-14T19:00;IFS;5.40;9.70;6.0;19.6;0.00;0.0;IFS
excenevex;AROMEIFS;2026-10-14T20:00;IFS;5.10;9.10;358.0;18.8;0.00;0.0;IFS
excenevex;AROMEIFS;2026-10-14T21:00;IFS;3.90;8.70;357.0;18.1;0.00;0.0;IFS
excenevex;AROMEIFS;2026-10-14T22:00;IFS;2.40;8.40;7.0;17.5;0.00;2.0;IFS
excenevex;AROMEIFS;2026-10-14T23:00;IFS;1.40;7.80;34.0;17.0;0.00;8.0;IFS
excenevex;AROMEIFS;2026-10-15T00:00;IFS;1.50;6.80;58.0;16.6;0.00;25.0;IFS
excenevex;AROMEIFS;2026-10-15T01:00;IFS;2.00;5.60;63.0;16.3;0.00;48.0;IFS
excenevex;AROMEIFS;2026-10-15T02:00;IFS;2.40;4.90;60.0;16.0;0.00;63.0;IFS
excenevex;AROMEIFS;2026-10-15T03:00;IFS;2.60;5.10;48.0;15.7;0.00;65.0;IFS
excenevex;AROMEIFS;2026-10-15T04:00;IFS;3.00;5.80;32.0;15.4;0.00;59.0;IFS
excenevex;AROMEIFS;2026-10-15T05:00;IFS;3.30;6.60;26.0;15.2;0.00;56.0;IFS
excenevex;AROMEIFS;2026-10-15T06:00;IFS;3.60;7.00;29.0;15.2;0.00;59.0;IFS
excenevex;AROMEIFS;2026-10-15T07:00;IFS;3.70;7.20;37.0;15.3;0.00;63.0;IFS
excenevex;AROMEIFS;2026-10-15T08:00;IFS;3.70;7.40;43.0;15.4;0.00;66.0;IFS
excenevex;AROMEIFS;2026-10-15T09:00;IFS;3.50;7.40;42.0;15.4;0.00;67.0;IFS
excenevex;AROMEIFS;2026-10-15T10:00;IFS;3.20;7.20;35.0;15.5;0.00;68.0;IFS
excenevex;AROMEIFS;2026-10-15T11:00;IFS;2.80;7.00;29.0;15.7;0.00;63.0;IFS
excenevex;AROMEIFS;2026-10-15T12:00;IFS;2.30;6.60;24.0;16.2;0.00;50.0;IFS
excenevex;AROMEIFS;2026-10-15T13:00;IFS;1.70;6.20;16.0;16.9;0.00;33.0;IFS
excenevex;AROMEIFS;2026-10-15T14:00;IFS;1.50;5.80;15.0;17.5;0.00;19.0;IFS
excenevex;AROMEIFS;2026-10-15T15:00;IFS;1.90;5.80;28.0;18.0;0.00;10.0;IFS
excenevex;AROMEIFS;2026-10-15T16:00;IFS;2.60;5.80;39.0;18.5;0.00;5.0;IFS
excenevex;AROMEIFS;2026-10-15T17:00;IFS;3.00;5.80;42.0;18.9;0.00;1.0;IFS
excenevex;AROMEIFS;2026-10-15T18:00;IFS;2.40;5.80;38.0;19.1;0.00;0.0;IFS
excenevex;AROMEIFS;2026-10-15T19:00;IFS;1.30;6.00;17.0;19.2;0.00;0.0;IFS
excenevex;AROMEIFS;2026-10-15T20:00;IFS;1.00;5.80;336.0;19.1;0.00;0.0;IFS
excenevex;AROMEIFS;2026-10-15T21:00;IFS;1.20;5.40;331.0;18.7;0.00;0.0;IFS
excenevex;AROMEIFS;2026-10-15T22:00;IFS;1.70;4.70;339.0;18.3;0.00;0.0;IFS
excenevex;AROMEIFS;2026-10-15T23:00;IFS;1.80;4.30;347.0;17.8;0.00;0.0;IFS
excenevex;AROMEIFS;2026-10-16T00:00;IFS;0.90;4.70;41.0;17.7;0.00;70.0;IFS
excenevex;AROMEIFS;2026-10-16T01:00;IFS;1.10;4.30;52.0;17.3;0.00;88.0;IFS
excenevex;AROMEIFS;2026-10-16T02:00;IFS;1.30;4.30;54.0;16.9;0.00;100.0;IFS
excenevex;AROMEIFS;2026-10-16T03:00;IFS;1.60;4.50;52.0;16.6;0.00;100.0;IFS
excenevex;AROMEIFS;2026-10-16T04:00;IFS;1.90;4.70;51.0;16.3;0.00;100.0;IFS
excenevex;AROMEIFS;2026-10-16T05:00;IFS;2.20;5.10;49.0;16.1;0.00;100.0;IFS
excenevex;AROMEIFS;2026-10-16T06:00;IFS;2.40;5.40;47.0;15.9;0.00;100.0;IFS
excenevex;AROMEIFS;2026-10-16T07:00;IFS;2.60;5.80;45.0;15.7;0.00;100.0;IFS
excenevex;AROMEIFS;2026-10-16T08:00;IFS;2.50;6.00;43.0;15.8;0.00;100.0;IFS
excenevex;AROMEIFS;2026-10-16T09:00;IFS;2.20;6.00;41.0;16.0;0.00;89.0;IFS
excenevex;AROMEIFS;2026-10-16T10:00;IFS;1.70;6.00;36.0;16.4;0.00;73.0;IFS
excenevex;AROMEIFS;2026-10-16T11:00;IFS;1.00;5.80;24.0;16.9;0.00;55.0;IFS
excenevex;AROMEIFS;2026-10-16T12:00;IFS;0.50;5.80;338.0;17.4;0.00;36.0;IFS
excenevex;AROMEIFS;2026-10-16T13:00;IFS;0.60;5.60;279.0;17.8;0.00;20.0;IFS
excenevex;AROMEIFS;2026-10-16T14:00;IFS;0.80;5.60;256.0;18.2;0.00;9.0;IFS
excenevex;AROMEIFS;2026-10-16T15:00;IFS;0.80;5.60;240.0;18.6;0.00;2.0;IFS
excenevex;AROMEIFS;2026-10-16T16:00;IFS;0.50;5.60;225.0;18.9;0.00;0.0;IFS
excenevex;AROMEIFS;2026-10-16T17:00;IFS;0.50;5.40;180.0;19.2;0.00;0.0;IFS
excenevex;AROMEIFS;2026-10-16T18:00;IFS;0.70;5.60;135.0;19.4;0.00;0.0;IFS
excenevex;AROMEIFS;2026-10-16T19:00;IFS;1.10;5.60;117.0;19.5;0.00;0.0;IFS
excenevex;AROMEIFS;2026-10-16T20:00;IFS;1.30;6.00;107.0;19.4;0.00;2.0;IFS
excenevex;AROMEIFS;2026-10-16T21:00;IFS;1.50;6.60;105.0;19.1;0.20;12.0;IFS
excenevex;AROMEIFS;2026-10-16T22:00;IFS;1.60;7.20;104.0;18.4;0.20;26.0;IFS
excenevex;AROMEIFS;2026-10-16T23:00;IFS;1.60;8.20;104.0;17.7;0.20;43.0;IFS
excenevex;AROMEIFS;2026-10-17T00:00;IFS;1.70;8.90;100.0;16.9;0.20;61.0;IFS
excenevex;AROMEIFS;2026-10-17T01:00;IFS;1.90;9.90;90.0;16.1;0.20;76.0;IFS
excenevex;AROMEIFS;2026-10-17T02:00;IFS;2.40;10.70;78.0;15.5;0.20;87.0;IFS
excenevex;AROMEIFS;2026-10-17T03:00;IFS;3.40;11.50;68.0;15.0;0.90;93.0;IFS
excenevex;AROMEIFS;2026-10-17T04:00;IFS;4.80;12.40;60.0;14.6;0.90;97.0;IFS
excenevex;AROMEIFS;2026-10-17T05:00;IFS;6.60;13.40;56.0;14.3;0.90;99.0;IFS
excenevex;AROMEIFS;2026-10-17T06:00;IFS;8.30;14.20;53.0;13.9;0.90;99.0;IFS
excenevex;AROMEIFS;2026-10-17T07:00;IFS;9.60;15.00;50.0;13.6;0.90;99.0;IFS
excenevex;AROMEIFS;2026-10-17T08:00;IFS;10.50;15.60;48.0;13.3;0.90;100.0;IFS
excenevex;AROMEIFS;2026-10-17T09:00;IFS;10.70;15.90;45.0;13.0;0.10;100.0;IFS
excenevex;AROMEIFS;2026-10-17T10:00;IFS;10.40;16.30;40.0;12.8;0.10;100.0;IFS
excenevex;AROMEIFS;2026-10-17T11:00;IFS;9.80;16.50;34.0;12.5;0.10;100.0;IFS
excenevex;AROMEIFS;2026-10-17T12:00;IFS;9.40;16.70;27.0;12.3;0.10;100.0;IFS
excenevex;AROMEIFS;2026-10-17T13:00;IFS;9.00;16.70;21.0;12.2;0.10;100.0;IFS
excenevex;AROMEIFS;2026-10-17T14:00;IFS;9.00;16.70;17.0;12.1;0.10;100.0;IFS
excenevex;AROMEIFS;2026-10-17T15:00;IFS;9.10;16.50;16.0;12.0;0.00;100.0;IFS
excenevex;AROMEIFS;2026-10-17T16:00;IFS;9.30;16.30;17.0;12.1;0.00;99.0;IFS
excenevex;AROMEIFS;2026-10-17T17:00;IFS;9.50;16.10;19.0;12.2;0.00;99.0;IFS
excenevex;AROMEIFS;2026-10-17T18:00;IFS;9.60;15.70;21.0;12.3;0.00;99.0;IFS
excenevex;AROMEIFS;2026-10-17T19:00;IFS;9.80;15.60;23.0;12.3;0.00;98.0;IFS
excenevex;AROMEIFS;2026-10-17T20:00;IFS;10.10;15.60;24.0;12.4;0.00;98.0;IFS
excenevex;AROMEIFS;2026-10-17T21:00;IFS;10.30;15.70;23.0;12.4;0.00;98.0;IFS
excenevex;AROMEIFS;2026-10-17T22:00;IFS;10.70;16.10;21.0;12.3;0.00;98.0;IFS
excenevex;AROMEIFS;2026-10-17T23:00;IFS;11.10;16.50;19.0;12.3;0.00;98.0;IFS
excenevex;AROMEIFS;2026-10-18T00:00;IFS;11.50;16.90;17.0;12.2;0.00;99.0;IFS
excenevex;AROMEIFS;2026-10-18T01:00;IFS;11.80;17.30;15.0;12.1;0.00;99.0;IFS
excenevex;AROMEIFS;2026-10-18T02:00;IFS;12.10;17.70;15.0;12.0;0.00;99.0;IFS
excenevex;AROMEIFS;2026-10-18T03:00;IFS;12.30;17.90;15.0;11.9;0.50;99.0;IFS
excenevex;AROMEIFS;2026-10-18T04:00;IFS;12.40;18.10;16.0;11.7;0.50;99.0;IFS
excenevex;AROMEIFS;2026-10-18T05:00;IFS;12.50;18.10;18.0;11.6;0.50;100.0;IFS
excenevex;AROMEIFS;2026-10-18T06:00;IFS;12.60;18.30;19.0;11.4;0.50;100.0;IFS
excenevex;AROMEIFS;2026-10-18T07:00;IFS;12.60;18.30;21.0;11.3;0.50;100.0;IFS
excenevex;AROMEIFS;2026-10-18T08:00;IFS;12.60;18.50;22.0;11.4;0.50;100.0;IFS
excenevex;AROMEIFS;2026-10-18T09:00;IFS;12.50;18.70;22.0;11.6;0.10;100.0;IFS
excenevex;AROMEIFS;2026-10-18T10:00;IFS;12.20;19.00;23.0;11.9;0.10;100.0;IFS
excenevex;AROMEIFS;2026-10-18T11:00;IFS;12.10;19.40;23.0;12.3;0.10;100.0;IFS
excenevex;AROMEIFS;2026-10-18T12:00;IFS;11.80;19.80;23.0;12.7;0.10;100.0;IFS
excenevex;AROMEIFS;2026-10-18T13:00;IFS;11.50;20.00;23.0;13.1;0.10;100.0;IFS
excenevex;AROMEIFS;2026-10-18T14:00;IFS;11.40;20.00;23.0;13.3;0.10;100.0;IFS
excenevex;AROMEIFS;2026-10-18T15:00;IFS;11.40;19.80;23.0;13.5;0.00;92.0;IFS
excenevex;AROMEIFS;2026-10-18T16:00;IFS;11.30;19.20;22.0;13.6;0.00;79.0;IFS
excenevex;AROMEIFS;2026-10-18T17:00;IFS;11.40;18.70;21.0;13.6;0.00;65.0;IFS
excenevex;AROMEIFS;2026-10-18T18:00;IFS;11.50;17.90;20.0;13.6;0.00;51.0;IFS
excenevex;AROMEIFS;2026-10-18T19:00;IFS;11.50;17.30;19.0;13.5;0.00;38.0;IFS
excenevex;AROMEIFS;2026-10-18T20:00;IFS;11.50;16.90;18.0;13.4;0.00;30.0;IFS
excenevex;AROMEIFS;2026-10-18T21:00;IFS;11.40;16.70;17.0;13.3;0.00;26.0;IFS
excenevex;AROMEIFS;2026-10-18T22:00;IFS;11.30;16.50;17.0;13.1;0.00;24.0;IFS
excenevex;AROMEIFS;2026-10-18T23:00;IFS;11.10;16.50;16.0;12.8;0.00;24.0;IFS
excenevex;AROMEIFS;2026-10-19T00:00;IFS;10.90;16.50;15.0;12.5;0.00;25.0;IFS
excenevex;AROMEIFS;2026-10-19T01:00;IFS;10.70;16.50;15.0;12.3;0.00;28.0;IFS
excenevex;AROMEIFS;2026-10-19T02:00;IFS;10.70;16.50;15.0;12.0;0.00;31.0;IFS
excenevex;AROMEIFS;2026-10-19T03:00;IFS;10.80;16.50;15.0;11.8;0.00;37.0;IFS
excenevex;AROMEIFS;2026-10-19T04:00;IFS;10.90;16.50;16.0;11.4;0.00;45.0;IFS
excenevex;AROMEIFS;2026-10-19T05:00;IFS;11.10;16.70;17.0;11.1;0.00;55.0;IFS
excenevex;AROMEIFS;2026-10-19T06:00;IFS;11.30;16.70;19.0;10.8;0.00;65.0;IFS
excenevex;AROMEIFS;2026-10-19T07:00;IFS;11.50;16.70;20.0;10.7;0.00;71.0;IFS
excenevex;AROMEIFS;2026-10-19T08:00;IFS;11.60;16.90;22.0;10.6;0.00;73.0;IFS
excenevex;AROMEIFS;2026-10-19T09:00;IFS;11.80;17.10;23.0;10.8;0.00;69.0;IFS
excenevex;AROMEIFS;2026-10-19T10:00;IFS;11.90;17.30;26.0;11.1;0.00;61.0;IFS
excenevex;AROMEIFS;2026-10-19T11:00;IFS;12.10;17.50;28.0;11.6;0.00;49.0;IFS
excenevex;AROMEIFS;2026-10-19T12:00;IFS;12.20;17.70;30.0;12.0;0.00;38.0;IFS
excenevex;AROMEIFS;2026-10-19T13:00;IFS;12.30;17.90;31.0;12.4;0.00;27.0;IFS
excenevex;AROMEIFS;2026-10-19T14:00;IFS;12.30;18.10;31.0;12.7;0.00;20.0;IFS
excenevex;AROMEIFS;2026-10-19T15:00;IFS;12.20;18.10;30.0;12.8;0.00;16.0;IFS
excenevex;AROMEIFS;2026-10-19T16:00;IFS;12.10;18.10;27.0;12.9;0.00;15.0;IFS
excenevex;AROMEIFS;2026-10-19T17:00;IFS;11.90;18.10;23.0;13.0;0.00;14.0;IFS
excenevex;AROMEIFS;2026-10-19T18:00;IFS;11.70;18.10;19.0;13.0;0.00;15.0;IFS
excenevex;AROMEIFS;2026-10-19T19:00;IFS;11.50;18.10;16.0;12.9;0.00;15.0;IFS
excenevex;AROMEIFS;2026-10-19T20:00;IFS;11.20;18.10;15.0;12.7;0.00;16.0;IFS
excenevex;AROMEIFS;2026-10-19T21:00;IFS;10.60;18.30;15.0;12.3;0.00;16.0;IFS
excenevex;AROMEIFS;2026-10-19T22:00;IFS;9.60;18.50;16.0;11.9;0.00;16.0;IFS
excenevex;AROMEIFS;2026-10-19T23:00;IFS;8.70;18.70;20.0;11.3;0.00;16.0;IFS
excenevex;AROMEIFS;2026-10-20T00:00;IFS;7.80;18.90;24.0;10.7;0.00;17.0;IFS
excenevex;AROMEIFS;2026-10-20T01:00;IFS;7.10;18.90;30.0;10.2;0.00;19.0;IFS
excenevex;AROMEIFS;2026-10-20T02:00;IFS;6.60;18.70;34.0;9.8;0.00;23.0;IFS
excenevex;AROMEIFS;2026-10-20T03:00;IFS;6.30;18.10;38.0;9.4;0.00;29.0;IFS
excenevex;AROMEIFS;2026-10-20T04:00;IFS;6.30;17.30;42.0;9.0;0.00;36.0;IFS
excenevex;AROMEIFS;2026-10-20T05:00;IFS;6.30;16.50;45.0;8.6;0.00;45.0;IFS
excenevex;AROMEIFS;2026-10-20T06:00;IFS;6.50;15.60;47.0;8.4;0.00;54.0;IFS
excenevex;AROMEIFS;2026-10-20T07:00;IFS;6.70;14.80;48.0;8.3;0.00;63.0;IFS
excenevex;AROMEIFS;2026-10-20T08:00;IFS;6.90;14.40;48.0;8.5;0.00;70.0;IFS
excenevex;AROMEIFS;2026-10-20T09:00;IFS;7.30;14.40;46.0;9.0;0.00;76.0;IFS
excenevex;AROMEIFS;2026-10-20T10:00;IFS;7.80;14.40;42.0;9.8;0.00;82.0;IFS
excenevex;AROMEIFS;2026-10-20T11:00;IFS;8.40;14.80;39.0;10.9;0.00;88.0;IFS
excenevex;AROMEIFS;2026-10-20T12:00;IFS;9.00;15.20;35.0;11.9;0.00;93.0;IFS
excenevex;AROMEIFS;2026-10-20T13:00;IFS;9.60;15.60;32.0;12.8;0.00;96.0;IFS
excenevex;AROMEIFS;2026-10-20T14:00;IFS;10.10;15.70;29.0;13.4;0.00;98.0;IFS
excenevex;AROMEIFS;2026-10-20T15:00;IFS;10.60;15.90;27.0;13.8;0.00;98.0;IFS
excenevex;AROMEIFS;2026-10-20T16:00;IFS;10.90;15.90;25.0;13.9;0.00;95.0;IFS
excenevex;AROMEIFS;2026-10-20T17:00;IFS;11.20;16.10;23.0;14.0;0.00;91.0;IFS
excenevex;AROMEIFS;2026-10-20T18:00;IFS;11.50;16.30;22.0;13.9;0.00;87.0;IFS
excenevex;AROMEIFS;2026-10-20T19:00;IFS;11.80;16.50;20.0;13.7;0.00;84.0;IFS
excenevex;AROMEIFS;2026-10-20T20:00;IFS;12.20;16.90;20.0;13.5;0.00;82.0;IFS
excenevex;AROMEIFS;2026-10-20T21:00;IFS;12.60;17.50;19.0;13.1;0.00;82.0;IFS
excenevex;AROMEIFS;2026-10-20T22:00;IFS;12.90;18.10;20.0;12.6;0.00;82.0;IFS
excenevex;AROMEIFS;2026-10-20T23:00;IFS;13.30;18.90;20.0;11.9;0.00;84.0;IFS
excenevex;AROMEIFS;2026-10-21T00:00;IFS;13.60;19.60;21.0;11.3;0.00;85.0;IFS
excenevex;AROMEIFS;2026-10-21T01:00;IFS;14.00;20.40;22.0;10.7;0.00;87.0;IFS
excenevex;AROMEIFS;2026-10-21T02:00;IFS;14.40;21.20;22.0;10.2;0.00;88.0;IFS
excenevex;AROMEIFS;2026-10-21T03:00;IFS;14.90;21.80;23.0;9.8;0.00;89.0;IFS
excenevex;AROMEIFS;2026-10-21T04:00;IFS;15.40;22.50;24.0;9.4;0.00;91.0;IFS
excenevex;AROMEIFS;2026-10-21T05:00;IFS;15.90;23.10;25.0;9.1;0.00;93.0;IFS
excenevex;AROMEIFS;2026-10-21T06:00;IFS;16.50;23.70;26.0;8.9;0.00;95.0;IFS
excenevex;AROMEIFS;2026-10-21T07:00;IFS;16.90;24.30;27.0;8.8;0.00;94.0;IFS
excenevex;AROMEIFS;2026-10-21T08:00;IFS;17.10;24.70;27.0;8.8;0.00;92.0;IFS
excenevex;AROMEIFS;2026-10-21T09:00;IFS;17.30;25.10;27.0;9.1;0.00;87.0;IFS
excenevex;AROMEIFS;2026-10-21T10:00;IFS;17.50;25.30;26.0;9.7;0.00;80.0;IFS
excenevex;AROMEIFS;2026-10-21T11:00;IFS;17.50;25.50;26.0;10.4;0.00;71.0;IFS
excenevex;AROMEIFS;2026-10-21T12:00;IFS;17.40;25.70;25.0;11.0;0.00;62.0;IFS
excenevex;AROMEIFS;2026-10-21T13:00;IFS;17.10;25.70;23.0;11.6;0.00;52.0;IFS
excenevex;AROMEIFS;2026-10-21T14:00;IFS;16.40;25.50;23.0;11.9;0.00;44.0;IFS
excenevex;AROMEIFS;2026-10-21T15:00;IFS;15.40;25.30;21.0;11.9;0.00;36.0;IFS
excenevex;AROMEIFS;2026-10-21T16:00;IFS;13.80;24.90;18.0;11.7;0.00;27.0;IFS
excenevex;AROMEIFS;2026-10-21T17:00;IFS;12.20;24.70;15.0;11.5;0.00;19.0;IFS
excenevex;AROMEIFS;2026-10-21T18:00;IFS;10.60;24.10;11.0;11.1;0.00;11.0;IFS
excenevex;AROMEIFS;2026-10-21T19:00;IFS;9.20;23.30;7.0;10.7;0.00;5.0;IFS
excenevex;AROMEIFS;2026-10-21T20:00;IFS;8.10;22.40;4.0;10.4;0.00;0.0;IFS
excenevex;AROMEIFS;2026-10-21T21:00;IFS;7.30;21.00;5.0;10.0;0.00;0.0;IFS
excenevex;AROMEIFS;2026-10-21T22:00;IFS;6.70;19.00;9.0;9.7;0.00;0.0;IFS
excenevex;AROMEIFS;2026-10-21T23:00;IFS;6.20;17.10;15.0;9.3;0.00;0.0;IFS
excenevex;AROMEIFS;2026-10-22T00:00;IFS;6.00;15.20;24.0;8.9;0.00;0.0;IFS
excenevex;AROMEIFS;2026-10-22T01:00;IFS;6.10;13.40;30.0;8.5;0.00;0.0;IFS
excenevex;AROMEIFS;2026-10-22T02:00;IFS;6.20;12.20;33.0;8.2;0.00;2.0;IFS
excenevex;AROMEIFS;2026-10-22T03:00;IFS;6.30;11.70;33.0;8.0;0.00;8.0;IFS
excenevex;AROMEIFS;2026-10-22T04:00;IFS;6.50;11.50;30.0;7.7;0.00;16.0;IFS
excenevex;AROMEIFS;2026-10-22T05:00;IFS;7.00;11.70;27.0;7.4;0.00;25.0;IFS
excenevex;AROMEIFS;2026-10-22T06:00;IFS;7.40;12.10;23.0;7.2;0.00;34.0;IFS
excenevex;AROMEIFS;2026-10-22T07:00;IFS;7.70;12.40;19.0;7.2;0.00;41.0;IFS
excenevex;AROMEIFS;2026-10-22T08:00;IFS;8.00;12.60;18.0;7.5;0.00;45.0;IFS
excenevex;AROMEIFS;2026-10-22T09:00;IFS;8.10;12.80;18.0;8.1;0.00;45.0;IFS
excenevex;AROMEIFS;2026-10-22T10:00;IFS;8.00;13.20;18.0;8.9;0.00;42.0;IFS
excenevex;AROMEIFS;2026-10-22T11:00;IFS;7.90;13.60;19.0;10.0;0.00;37.0;IFS
excenevex;AROMEIFS;2026-10-22T12:00;IFS;7.80;14.00;20.0;11.1;0.00;31.0;IFS
excenevex;AROMEIFS;2026-10-22T13:00;IFS;7.60;14.20;21.0;12.0;0.00;26.0;IFS
excenevex;AROMEIFS;2026-10-22T14:00;IFS;7.40;14.20;21.0;12.7;0.00;21.0;IFS
excenevex;AROMEIFS;2026-10-22T15:00;IFS;7.10;14.00;18.0;13.1;0.00;17.0;IFS
excenevex;AROMEIFS;2026-10-22T16:00;IFS;6.60;13.40;14.0;13.3;0.00;13.0;IFS
excenevex;AROMEIFS;2026-10-22T17:00;IFS;6.20;12.80;9.0;13.4;0.00;9.0;IFS
excenevex;AROMEIFS;2026-10-22T18:00;IFS;5.80;12.10;3.0;13.4;0.00;5.0;IFS
excenevex;AROMEIFS;2026-10-22T19:00;IFS;5.50;11.50;358.0;13.3;0.00;3.0;IFS
excenevex;AROMEIFS;2026-10-22T20:00;IFS;5.40;10.90;356.0;13.2;0.00;1.0;IFS
excenevex;AROMEIFS;2026-10-22T21:00;IFS;5.30;10.50;357.0;13.0;0.00;1.0;IFS
excenevex;AROMEIFS;2026-10-22T22:00;IFS;5.10;9.90;1.0;12.6;0.00;2.0;IFS
excenevex;AROMEIFS;2026-10-22T23:00;IFS;5.10;9.50;8.0;12.2;0.00;4.0;IFS
excenevex;AROMEIFS;2026-10-23T00:00;IFS;5.10;9.10;14.0;11.7;0.00;6.0;IFS
excenevex;AROMEIFS;2026-10-23T01:00;IFS;5.30;8.70;19.0;11.3;0.00;8.0;IFS
excenevex;AROMEIFS;2026-10-23T02:00;IFS;5.50;8.70;22.0;11.0;0.00;9.0;IFS
excenevex;AROMEIFS;2026-10-23T03:00;IFS;5.60;8.90;23.0;10.6;0.00;9.0;IFS
excenevex;AROMEIFS;2026-10-23T04:00;IFS;5.80;9.30;21.0;10.3;0.00;8.0;IFS
excenevex;AROMEIFS;2026-10-23T05:00;IFS;6.10;9.70;20.0;9.9;0.00;8.0;IFS
excenevex;AROMEIFS;2026-10-23T06:00;IFS;6.20;10.30;18.0;9.7;0.00;7.0;IFS
excenevex;AROMEIFS;2026-10-23T07:00;IFS;6.50;10.90;17.0;9.6;0.00;7.0;IFS
excenevex;AROMEIFS;2026-10-23T08:00;IFS;6.70;11.30;17.0;9.7;0.00;8.0;IFS
excenevex;AROMEIFS;2026-10-23T09:00;IFS;6.90;11.70;18.0;10.1;0.00;11.0;IFS
excenevex;AROMEIFS;2026-10-23T10:00;IFS;7.10;11.90;20.0;10.8;0.00;16.0;IFS
excenevex;AROMEIFS;2026-10-23T11:00;IFS;7.30;12.20;22.0;11.6;0.00;22.0;IFS
excenevex;AROMEIFS;2026-10-23T12:00;IFS;7.50;12.40;24.0;12.5;0.00;27.0;IFS
excenevex;AROMEIFS;2026-10-23T13:00;IFS;7.60;12.60;25.0;13.2;0.00;31.0;IFS
excenevex;AROMEIFS;2026-10-23T14:00;IFS;7.60;12.60;24.0;13.7;0.00;32.0;IFS
excenevex;AROMEIFS;2026-10-23T15:00;IFS;7.30;12.40;22.0;14.0;0.00;29.0;IFS
excenevex;AROMEIFS;2026-10-23T16:00;IFS;7.00;12.20;16.0;14.1;0.00;24.0;IFS
excenevex;AROMEIFS;2026-10-23T17:00;IFS;6.60;12.10;9.0;14.2;0.00;16.0;IFS
excenevex;AROMEIFS;2026-10-23T18:00;IFS;6.20;11.70;2.0;14.1;0.00;9.0;IFS
excenevex;AROMEIFS;2026-10-23T19:00;IFS;6.00;11.30;355.0;14.0;0.00;3.0;IFS
excenevex;AROMEIFS;2026-10-23T20:00;IFS;5.80;10.90;352.0;13.8;0.00;1.0;IFS
excenevex;AROMEIFS;2026-10-23T21:00;IFS;5.50;10.50;353.0;13.6;0.00;2.0;IFS
excenevex;AROMEIFS;2026-10-23T22:00;IFS;5.10;10.10;357.0;13.2;0.00;5.0;IFS
excenevex;AROMEIFS;2026-10-23T23:00;IFS;4.70;9.70;5.0;12.7;0.00;9.0;IFS
excenevex;AROMEIFS;2026-10-24T00:00;IFS;4.50;9.30;14.0;12.3;0.00;15.0;IFS
excenevex;AROMEIFS;2026-10-24T01:00;IFS;4.40;9.10;22.0;11.8;0.00;22.0;IFS
excenevex;AROMEIFS;2026-10-24T02:00;IFS;4.40;8.90;29.0;11.4;0.00;29.0;IFS
excenevex;AROMEIFS;2026-10-24T03:00;IFS;4.60;8.90;33.0;11.0;0.00;38.0;IFS
excenevex;AROMEIFS;2026-10-24T04:00;IFS;5.00;9.10;35.0;10.6;0.00;51.0;IFS
excenevex;AROMEIFS;2026-10-24T05:00;IFS;5.40;9.50;35.0;10.2;0.00;64.0;IFS
excenevex;AROMEIFS;2026-10-24T06:00;IFS;5.60;9.90;36.0;9.9;0.00;76.0;IFS
excenevex;AROMEIFS;2026-10-24T07:00;IFS;5.90;10.10;36.0;9.7;0.00;85.0;IFS
excenevex;AROMEIFS;2026-10-24T08:00;IFS;5.90;10.30;36.0;9.6;0.00;89.0;IFS
excenevex;AROMEIFS;2026-10-24T09:00;IFS;5.50;10.30;36.0;9.8;0.00;86.0;IFS
excenevex;AROMEIFS;2026-10-24T10:00;IFS;5.00;10.50;35.0;10.1;0.00;78.0;IFS
excenevex;AROMEIFS;2026-10-24T11:00;IFS;4.30;10.50;33.0;10.6;0.00;67.0;IFS
excenevex;AROMEIFS;2026-10-24T12:00;IFS;3.50;10.30;32.0;11.1;0.00;54.0;IFS
excenevex;AROMEIFS;2026-10-24T13:00;IFS;3.00;10.30;29.0;11.6;0.00;42.0;IFS
excenevex;AROMEIFS;2026-10-24T14:00;IFS;2.70;10.10;26.0;11.9;0.00;33.0;IFS
excenevex;AROMEIFS;2026-10-24T15:00;IFS;2.70;9.90;24.0;12.2;0.00;26.0;IFS
excenevex;AROMEIFS;2026-10-24T16:00;IFS;2.90;9.30;21.0;12.4;0.00;18.0;IFS
excenevex;AROMEIFS;2026-10-24T17:00;IFS;3.20;8.90;21.0;12.6;0.00;12.0;IFS
excenevex;AROMEIFS;2026-10-24T18:00;IFS;3.60;8.60;22.0;12.7;0.00;6.0;IFS
excenevex;AROMEIFS;2026-10-24T19:00;IFS;4.00;8.20;23.0;12.7;0.00;3.0;IFS
excenevex;AROMEIFS;2026-10-24T20:00;IFS;4.20;8.00;23.0;12.7;0.00;2.0;IFS
excenevex;AROMEIFS;2026-10-24T21:00;IFS;4.40;8.00;24.0;12.6;0.00;5.0;IFS
excenevex;AROMEIFS;2026-10-24T22:00;IFS;4.50;8.20;25.0;12.4;0.00;11.0;IFS
excenevex;AROMEIFS;2026-10-24T23:00;IFS;4.60;8.40;28.0;12.1;0.00;19.0;IFS
excenevex;AROMEIFS;2026-10-25T00:00;IFS;4.80;8.60;29.0;11.7;0.00;28.0;IFS
excenevex;AROMEIFS;2026-10-25T01:00;IFS;4.90;8.70;31.0;11.5;0.00;35.0;IFS
excenevex;AROMEIFS;2026-10-25T02:00;IFS;4.90;8.90;32.0;11.3;0.00;40.0;IFS
hermance;AROMEIFS;2026-10-10T00:00;AROMEHD;7.40;10.50;177.0;14.1;0.00;42.0;AROMEHD
hermance;AROMEIFS;2026-10-10T01:00;AROMEHD;7.40;10.50;225.0;14.3;0.00;25.0;AROMEHD
hermance;AROMEIFS;2026-10-10T02:00;AROMEHD;7.70;11.10;223.0;14.5;0.00;94.0;AROMEHD
hermance;AROMEIFS;2026-10-10T03:00;AROMEHD;9.10;12.20;239.0;13.7;0.00;100.0;AROMEHD
hermance;AROMEIFS;2026-10-10T04:00;AROMEHD;9.10;12.60;241.0;13.3;0.20;100.0;AROMEHD
hermance;AROMEIFS;2026-10-10T05:00;AROMEHD;9.40;13.00;212.0;13.2;0.70;100.0;AROMEHD
hermance;AROMEIFS;2026-10-10T06:00;AROMEHD;9.10;14.20;235.0;12.8;0.60;100.0;AROMEHD
hermance;AROMEIFS;2026-10-10T07:00;AROMEHD;7.70;12.10;214.0;13.3;0.30;100.0;AROMEHD
hermance;AROMEIFS;2026-10-10T08:00;AROMEHD;8.30;12.20;245.0;13.1;0.00;100.0;AROMEHD
hermance;AROMEIFS;2026-10-10T09:00;AROMEHD;7.80;12.20;243.0;13.4;0.00;100.0;AROMEHD
hermance;AROMEIFS;2026-10-10T10:00;AROMEHD;8.70;11.50;236.0;13.4;0.00;100.0;AROMEHD
hermance;AROMEIFS;2026-10-10T11:00;AROMEHD;8.50;12.10;223.0;14.3;0.00;71.0;AROMEHD
hermance;AROMEIFS;2026-10-10T12:00;AROMEHD;9.80;13.20;219.0;15.0;0.00;100.0;AROMEHD
hermance;AROMEIFS;2026-10-10T13:00;AROMEHD;9.00;15.20;214.0;15.2;0.90;69.0;AROMEHD
hermance;AROMEIFS;2026-10-10T14:00;AROMEHD;9.00;12.20;204.0;16.1;0.00;76.0;AROMEHD
hermance;AROMEIFS;2026-10-10T15:00;AROMEHD;11.80;15.40;224.0;16.6;0.00;100.0;AROMEHD
hermance;AROMEIFS;2026-10-10T16:00;AROMEHD;10.60;15.70;227.0;16.3;0.90;93.0;AROMEHD
hermance;AROMEIFS;2026-10-10T17:00;AROMEHD;9.90;13.80;227.0;16.8;0.00;100.0;AROMEHD
hermance;AROMEIFS;2026-10-10T18:00;AROMEHD;9.20;13.20;221.0;16.7;0.00;35.0;AROMEHD
hermance;AROMEIFS;2026-10-10T19:00;AROMEHD;11.30;14.60;241.0;16.2;0.00;100.0;AROMEHD
hermance;AROMEIFS;2026-10-10T20:00;AROMEHD;4.20;14.60;254.0;15.3;0.70;100.0;AROMEHD
hermance;AROMEIFS;2026-10-10T21:00;AROMEHD;7.90;11.30;218.0;15.7;0.00;9.0;AROMEHD
hermance;AROMEIFS;2026-10-10T22:00;AROMEHD;8.20;11.30;194.0;14.8;0.00;0.0;AROMEHD
hermance;AROMEIFS;2026-10-10T23:00;AROMEHD;5.80;11.30;213.0;14.3;0.00;5.0;AROMEHD
hermance;AROMEIFS;2026-10-11T00:00;AROMEHD;11.00;14.60;208.0;13.9;0.00;83.0;AROMEHD
hermance;AROMEIFS;2026-10-11T01:00;AROMEHD;10.00;14.60;234.0;14.1;0.00;22.0;AROMEHD
hermance;AROMEIFS;2026-10-11T02:00;AROMEHD;8.60;14.00;213.0;14.0;0.00;12.0;AROMEHD
hermance;AROMEIFS;2026-10-11T03:00;AROMEHD;8.30;12.40;210.0;13.1;0.00;22.0;AROMEHD
hermance;AROMEIFS;2026-10-11T04:00;AROMEHD;7.50;10.90;197.0;12.5;0.00;75.0;AROMEHD
hermance;AROMEIFS;2026-10-11T05:00;AROMEHD;7.50;11.30;192.0;12.3;0.00;21.5;AROMEHD
hermance;AROMEIFS;2026-10-11T06:00;AROMEHD;5.50;10.30;222.0;12.1;0.00;59.0;AROMEHD
hermance;AROMEIFS;2026-10-11T07:00;AROMEHD;5.30;7.60;172.0;11.2;0.00;25.0;AROMEHD
hermance;AROMEIFS;2026-10-11T08:00;AROMEHD;6.00;8.00;176.0;11.1;0.00;24.0;AROMEHD
hermance;AROMEIFS;2026-10-11T09:00;AROMEHD;5.70;8.20;202.0;11.1;0.00;25.0;AROMEHD
hermance;AROMEIFS;2026-10-11T10:00;AROMEHD;5.50;8.60;203.0;11.4;0.00;25.0;AROMEHD
hermance;AROMEIFS;2026-10-11T11:00;AROMEHD;4.50;8.20;227.0;12.1;0.00;25.0;AROMEHD
hermance;AROMEIFS;2026-10-11T12:00;AROMEHD;3.20;6.80;223.0;12.7;0.00;25.0;AROMEHD
hermance;AROMEIFS;2026-10-11T13:00;AROMEHD;4.10;6.40;229.0;13.5;0.00;93.0;AROMEHD
hermance;AROMEIFS;2026-10-11T14:00;AROMEHD;2.60;6.80;261.0;14.4;0.00;55.0;AROMEHD
hermance;AROMEIFS;2026-10-11T15:00;AROMEHD;4.30;7.40;43.0;15.1;0.00;85.0;AROMEHD
hermance;AROMEIFS;2026-10-11T16:00;AROMEHD;3.60;7.60;54.0;15.3;0.00;100.0;AROMEHD
hermance;AROMEIFS;2026-10-11T17:00;AROMEHD;4.40;6.80;41.0;15.4;0.00;100.0;AROMEHD
hermance;AROMEIFS;2026-10-11T18:00;AROMEHD;5.40;7.80;46.0;15.5;0.00;100.0;AROMEHD
hermance;AROMEIFS;2026-10-11T19:00;AROMEHD;5.10;7.80;25.0;15.6;0.00;79.0;AROMEHD
hermance;AROMEIFS;2026-10-11T20:00;AROMEHD;12.00;15.20;351.0;14.9;0.00;11.0;AROMEHD
hermance;AROMEIFS;2026-10-11T21:00;AROMEHD;10.20;15.00;346.0;14.0;0.00;0.0;AROMEHD
hermance;AROMEIFS;2026-10-11T22:00;AROMEHD;7.60;13.00;32.0;13.8;0.00;0.0;AROMEHD
hermance;AROMEIFS;2026-10-11T23:00;AROMEHD;5.70;9.90;68.0;12.4;0.00;0.0;AROMEHD
hermance;AROMEIFS;2026-10-12T00:00;AROMEHD;5.50;7.60;72.0;12.1;0.00;0.0;AROMEHD
hermance;AROMEIFS;2026-10-12T01:00;AROMEHD;1.90;7.20;24.0;12.0;0.00;0.0;AROMEHD
hermance;AROMEIFS;2026-10-12T02:00;AROMEHD;2.40;3.10;55.0;11.7;0.00;0.0;AROMEHD
hermance;AROMEIFS;2026-10-12T03:00;AROMEHD;2.60;3.70;343.0;11.7;0.00;0.0;AROMEHD
hermance;AROMEIFS;2026-10-12T04:00;AROMEHD;6.80;10.30;18.0;12.9;0.00;0.0;AROMEHD
hermance;AROMEIFS;2026-10-12T05:00;AROMEHD;4.40;10.30;15.0;12.3;0.00;0.0;AROMEHD
hermance;AROMEIFS;2026-10-12T06:00;AROMEHD;9.30;13.60;36.0;13.0;0.00;0.0;AROMEHD
hermance;AROMEIFS;2026-10-12T07:00;AROMEHD;6.70;13.60;57.0;12.1;0.00;0.0;AROMEHD
hermance;AROMEIFS;2026-10-12T08:00;AROMEHD;7.60;10.90;64.0;11.8;0.00;0.0;AROMEHD
hermance;AROMEIFS;2026-10-12T09:00;AROMEHD;8.30;11.50;75.0;11.4;0.00;0.0;AROMEHD
hermance;AROMEIFS;2026-10-12T10:00;AROMEHD;9.60;13.80;63.0;12.5;0.00;0.0;AROMEHD
hermance;AROMEIFS;2026-10-12T11:00;AROMEHD;10.50;15.60;52.0;13.2;0.00;0.0;AROMEHD
hermance;AROMEIFS;2026-10-12T12:00;ARPEGE;10.00;16.50;54.0;14.0;0.00;11.0;ARPEGE
hermance;AROMEIFS;2026-10-12T13:00;ARPEGE;9.30;16.70;53.0;14.7;0.00;27.0;ARPEGE
hermance;AROMEIFS;2026-10-12T14:00;ARPEGE;8.70;15.70;50.0;15.5;0.00;68.0;ARPEGE
hermance;AROMEIFS;2026-10-12T15:00;ARPEGE;8.00;14.80;49.0;16.2;0.00;59.0;ARPEGE
hermance;AROMEIFS;2026-10-12T16:00;ARPEGE;7.40;13.60;57.0;16.6;0.00;60.0;ARPEGE
hermance;AROMEIFS;2026-10-12T17:00;ARPEGE;6.50;12.80;51.0;16.7;0.00;48.0;ARPEGE
hermance;AROMEIFS;2026-10-12T18:00;ARPEGE;5.60;11.10;44.0;16.4;0.00;50.0;ARPEGE
hermance;AROMEIFS;2026-10-12T19:00;ARPEGE;4.20;8.90;56.0;15.4;0.00;26.0;ARPEGE
hermance;AROMEIFS;2026-10-12T20:00;ARPEGE;3.30;5.80;62.0;14.3;0.00;28.0;ARPEGE
hermance;AROMEIFS;2026-10-12T21:00;ARPEGE;2.30;4.70;70.0;13.3;0.00;41.0;ARPEGE
hermance;AROMEIFS;2026-10-12T22:00;ARPEGE;2.20;2.90;100.0;12.3;0.00;26.0;ARPEGE
hermance;AROMEIFS;2026-10-12T23:00;ARPEGE;2.20;2.50;105.0;11.5;0.00;45.0;ARPEGE
hermance;AROMEIFS;2026-10-13T00:00;ARPEGE;1.60;2.70;104.0;11.1;0.00;40.0;ARPEGE
hermance;AROMEIFS;2026-10-13T01:00;ARPEGE;1.10;2.10;135.0;10.8;0.00;36.0;ARPEGE
hermance;AROMEIFS;2026-10-13T02:00;ARPEGE;2.50;2.50;148.0;10.3;0.00;41.0;ARPEGE
hermance;AROMEIFS;2026-10-13T03:00;ARPEGE;1.30;2.70;153.0;10.1;0.00;55.0;ARPEGE
hermance;AROMEIFS;2026-10-13T04:00;ARPEGE;1.40;1.70;172.0;9.9;0.00;45.0;ARPEGE
hermance;AROMEIFS;2026-10-13T05:00;ARPEGE;2.10;2.70;158.0;9.7;0.00;33.0;ARPEGE
hermance;AROMEIFS;2026-10-13T06:00;ARPEGE;1.00;2.70;180.0;9.5;0.00;28.0;ARPEGE
hermance;AROMEIFS;2026-10-13T07:00;ARPEGE;1.70;1.70;159.0;9.4;0.00;13.0;ARPEGE
hermance;AROMEIFS;2026-10-13T08:00;ARPEGE;1.60;1.70;173.0;9.1;0.00;11.0;ARPEGE
hermance;AROMEIFS;2026-10-13T09:00;ARPEGE;2.10;2.50;175.0;9.4;0.00;8.0;ARPEGE
hermance;AROMEIFS;2026-10-13T10:00;ARPEGE;1.80;2.70;186.0;10.6;0.00;3.0;ARPEGE
hermance;AROMEIFS;2026-10-13T11:00;ARPEGE;0.80;3.10;256.0;12.1;0.00;6.0;ARPEGE
hermance;AROMEIFS;2026-10-13T12:00;ARPEGE;0.90;3.50;27.0;13.7;0.00;3.0;ARPEGE
hermance;AROMEIFS;2026-10-13T13:00;ARPEGE;1.80;5.40;32.0;15.1;0.00;1.0;ARPEGE
hermance;AROMEIFS;2026-10-13T14:00;ARPEGE;2.60;6.60;27.0;16.3;0.00;1.0;ARPEGE
hermance;AROMEIFS;2026-10-13T15:00;ARPEGE;2.90;6.80;20.0;17.2;0.00;4.0;ARPEGE
hermance;AROMEIFS;2026-10-13T16:00;ARPEGE;2.80;6.80;25.0;17.8;0.00;5.0;ARPEGE
hermance;AROMEIFS;2026-10-13T17:00;ARPEGE;3.70;6.80;25.0;18.0;0.00;19.0;ARPEGE
hermance;AROMEIFS;2026-10-13T18:00;ARPEGE;4.00;6.80;29.0;17.6;0.00;29.0;ARPEGE
hermance;AROMEIFS;2026-10-13T19:00;ARPEGE;3.00;6.20;27.0;16.3;0.00;25.0;ARPEGE
hermance;AROMEIFS;2026-10-13T20:00;ARPEGE;1.60;3.70;14.0;15.2;0.00;25.0;ARPEGE
hermance;AROMEIFS;2026-10-13T21:00;ARPEGE;0.20;1.20;270.0;14.5;0.00;11.0;ARPEGE
hermance;AROMEIFS;2026-10-13T22:00;ARPEGE;0.40;1.60;243.0;13.8;0.00;20.0;ARPEGE
hermance;AROMEIFS;2026-10-13T23:00;ARPEGE;1.30;1.00;153.0;13.4;0.00;79.0;ARPEGE
hermance;AROMEIFS;2026-10-14T00:00;ARPEGE;3.30;2.90;126.0;12.7;0.00;90.0;ARPEGE
hermance;AROMEIFS;2026-10-14T01:00;ARPEGE;2.80;3.90;124.0;12.3;0.00;89.0;ARPEGE
hermance;AROMEIFS;2026-10-14T02:00;ARPEGE;1.10;2.70;135.0;12.0;0.00;100.0;ARPEGE
hermance;AROMEIFS;2026-10-14T03:00;ARPEGE;1.00;1.20;143.0;11.9;0.00;49.0;ARPEGE
hermance;AROMEIFS;2026-10-14T04:00;ARPEGE;1.50;1.60;130.0;11.6;0.00;75.0;ARPEGE
hermance;AROMEIFS;2026-10-14T05:00;ARPEGE;1.60;2.30;166.0;11.3;0.00;88.0;ARPEGE
hermance;AROMEIFS;2026-10-14T06:00;ARPEGE;0.40;2.90;207.0;11.2;0.00;29.0;ARPEGE
hermance;AROMEIFS;2026-10-14T07:00;ARPEGE;0.70;3.10;304.0;11.1;0.00;0.0;ARPEGE
hermance;AROMEIFS;2026-10-14T08:00;ARPEGE;1.20;2.30;189.0;10.8;0.00;12.0;ARPEGE
hermance;AROMEIFS;2026-10-14T09:00;ARPEGE;1.60;1.40;180.0;11.1;0.00;49.0;ARPEGE
hermance;AROMEIFS;2026-10-14T10:00;ARPEGE;2.00;1.90;264.0;12.5;0.00;48.0;ARPEGE
hermance;AROMEIFS;2026-10-14T11:00;ARPEGE;1.10;2.90;225.0;14.1;0.00;49.0;ARPEGE
hermance;AROMEIFS;2026-10-14T12:00;ARPEGE;0.80;1.40;194.0;15.7;0.00;4.0;ARPEGE
hermance;AROMEIFS;2026-10-14T13:00;ARPEGE;2.20;6.20;45.0;17.6;0.00;0.0;ARPEGE
hermance;AROMEIFS;2026-10-14T14:00;ARPEGE;7.00;13.60;46.0;19.6;0.00;3.0;ARPEGE
hermance;AROMEIFS;2026-10-14T15:00;IFS;7.60;11.10;44.0;20.5;0.00;0.0;IFS
hermance;AROMEIFS;2026-10-14T16:00;IFS;6.60;11.10;53.0;20.5;0.00;0.0;IFS
hermance;AROMEIFS;2026-10-14T17:00;IFS;6.00;11.10;56.0;20.4;0.00;0.0;IFS
hermance;AROMEIFS;2026-10-14T18:00;IFS;5.80;11.10;42.0;20.0;0.00;0.0;IFS
hermance;AROMEIFS;2026-10-14T19:00;IFS;6.30;10.90;23.0;19.5;0.00;0.0;IFS
hermance;AROMEIFS;2026-10-14T20:00;IFS;6.90;10.70;12.0;19.0;0.00;0.0;IFS
hermance;AROMEIFS;2026-10-14T21:00;IFS;6.10;10.50;15.0;18.6;0.00;0.0;IFS
hermance;AROMEIFS;2026-10-14T22:00;IFS;5.00;10.10;27.0;18.1;0.00;0.0;IFS
hermance;AROMEIFS;2026-10-14T23:00;IFS;4.20;9.50;38.0;17.7;0.00;0.0;IFS
hermance;AROMEIFS;2026-10-15T00:00;IFS;3.70;8.60;41.0;17.2;0.00;2.0;IFS
hermance;AROMEIFS;2026-10-15T01:00;IFS;3.20;7.60;38.0;16.8;0.00;5.0;IFS
hermance;AROMEIFS;2026-10-15T02:00;IFS;3.00;7.00;29.0;16.4;0.00;10.0;IFS
hermance;AROMEIFS;2026-10-15T03:00;IFS;3.40;7.40;18.0;16.1;0.00;18.0;IFS
hermance;AROMEIFS;2026-10-15T04:00;IFS;4.10;8.00;9.0;15.9;0.00;29.0;IFS
hermance;AROMEIFS;2026-10-15T05:00;IFS;4.70;8.60;6.0;15.7;0.00;36.0;IFS
hermance;AROMEIFS;2026-10-15T06:00;IFS;4.60;8.60;7.0;15.6;0.00;39.0;IFS
hermance;AROMEIFS;2026-10-15T07:00;IFS;4.20;8.40;13.0;15.5;0.00;38.0;IFS
hermance;AROMEIFS;2026-10-15T08:00;IFS;3.70;8.00;20.0;15.4;0.00;38.0;IFS
hermance;AROMEIFS;2026-10-15T09:00;IFS;3.10;7.80;30.0;15.4;0.00;38.0;IFS
hermance;AROMEIFS;2026-10-15T10:00;IFS;2.50;7.40;47.0;15.4;0.00;39.0;IFS
hermance;AROMEIFS;2026-10-15T11:00;IFS;2.30;7.00;65.0;15.6;0.00;37.0;IFS
hermance;AROMEIFS;2026-10-15T12:00;IFS;1.90;6.40;78.0;16.1;0.00;32.0;IFS
hermance;AROMEIFS;2026-10-15T13:00;IFS;1.60;5.60;90.0;16.8;0.00;26.0;IFS
hermance;AROMEIFS;2026-10-15T14:00;IFS;1.60;5.20;97.0;17.4;0.00;20.0;IFS
hermance;AROMEIFS;2026-10-15T15:00;IFS;2.20;5.40;92.0;17.9;0.00;14.0;IFS
hermance;AROMEIFS;2026-10-15T16:00;IFS;3.10;6.00;86.0;18.5;0.00;8.0;IFS
hermance;AROMEIFS;2026-10-15T17:00;IFS;3.30;6.40;82.0;18.8;0.00;4.0;IFS
hermance;AROMEIFS;2026-10-15T18:00;IFS;2.40;6.60;71.0;18.9;0.00;2.0;IFS
hermance;AROMEIFS;2026-10-15T19:00;IFS;1.20;6.40;24.0;18.9;0.00;1.0;IFS
hermance;AROMEIFS;2026-10-15T20:00;IFS;1.50;6.20;328.0;18.7;0.00;0.0;IFS
hermance;AROMEIFS;2026-10-15T21:00;IFS;1.80;5.60;315.0;18.5;0.00;0.0;IFS
hermance;AROMEIFS;2026-10-15T22:00;IFS;1.80;4.70;315.0;18.2;0.00;0.0;IFS
hermance;AROMEIFS;2026-10-15T23:00;IFS;1.60;4.10;315.0;17.9;0.00;0.0;IFS
hermance;AROMEIFS;2026-10-16T00:00;IFS;1.40;4.90;330.0;17.7;0.00;16.0;IFS
hermance;AROMEIFS;2026-10-16T01:00;IFS;1.30;4.50;333.0;17.4;0.00;23.0;IFS
hermance;AROMEIFS;2026-10-16T02:00;IFS;1.20;4.30;336.0;17.1;0.00;31.0;IFS
hermance;AROMEIFS;2026-10-16T03:00;IFS;1.10;4.30;340.0;16.9;0.00;42.0;IFS
hermance;AROMEIFS;2026-10-16T04:00;IFS;1.20;4.30;346.0;16.6;0.00;57.0;IFS
hermance;AROMEIFS;2026-10-16T05:00;IFS;1.30;4.50;356.0;16.3;0.00;72.0;IFS
hermance;AROMEIFS;2026-10-16T06:00;IFS;1.30;4.70;4.0;16.1;0.00;86.0;IFS
hermance;AROMEIFS;2026-10-16T07:00;IFS;1.20;4.90;9.0;16.0;0.00;96.0;IFS
hermance;AROMEIFS;2026-10-16T08:00;IFS;1.00;5.10;24.0;16.0;0.00;100.0;IFS
hermance;AROMEIFS;2026-10-16T09:00;IFS;0.70;5.20;63.0;16.3;0.00;95.0;IFS
hermance;AROMEIFS;2026-10-16T10:00;IFS;1.00;5.60;131.0;16.8;0.00;83.0;IFS
hermance;AROMEIFS;2026-10-16T11:00;IFS;2.10;6.00;149.0;17.4;0.00;68.0;IFS
hermance;AROMEIFS;2026-10-16T12:00;IFS;3.00;6.40;155.0;18.0;0.00;50.0;IFS
hermance;AROMEIFS;2026-10-16T13:00;IFS;3.80;6.80;159.0;18.5;0.00;35.0;IFS
hermance;AROMEIFS;2026-10-16T14:00;IFS;4.10;7.00;159.0;18.9;0.00;24.0;IFS
hermance;AROMEIFS;2026-10-16T15:00;IFS;3.80;7.20;159.0;19.1;0.00;16.0;IFS
hermance;AROMEIFS;2026-10-16T16:00;IFS;3.10;7.20;158.0;19.2;0.00;9.0;IFS
hermance;AROMEIFS;2026-10-16T17:00;IFS;2.00;7.20;153.0;19.2;0.00;4.0;IFS
hermance;AROMEIFS;2026-10-16T18:00;IFS;1.00;7.40;139.0;19.2;0.00;1.0;IFS
hermance;AROMEIFS;2026-10-16T19:00;IFS;0.50;7.40;79.0;19.1;0.00;1.0;IFS
hermance;AROMEIFS;2026-10-16T20:00;IFS;0.70;7.60;34.0;18.9;0.00;5.0;IFS
hermance;AROMEIFS;2026-10-16T21:00;IFS;0.70;7.80;34.0;18.6;0.40;15.0;IFS
hermance;AROMEIFS;2026-10-16T22:00;IFS;0.50;8.20;68.0;18.1;0.40;31.0;IFS
hermance;AROMEIFS;2026-10-16T23:00;IFS;0.70;8.40;117.0;17.6;0.40;50.0;IFS
hermance;AROMEIFS;2026-10-17T00:00;IFS;1.10;8.70;135.0;17.0;0.40;70.0;IFS
hermance;AROMEIFS;2026-10-17T01:00;IFS;1.60;9.10;135.0;16.4;0.40;86.0;IFS
hermance;AROMEIFS;2026-10-17T02:00;IFS;2.10;9.50;127.0;15.9;0.40;98.0;IFS
hermance;AROMEIFS;2026-10-17T03:00;IFS;2.70;9.90;111.0;15.5;0.60;100.0;IFS
hermance;AROMEIFS;2026-10-17T04:00;IFS;3.70;10.50;96.0;15.0;0.60;100.0;IFS
hermance;AROMEIFS;2026-10-17T05:00;IFS;5.10;11.10;86.0;14.5;0.60;100.0;IFS
hermance;AROMEIFS;2026-10-17T06:00;IFS;6.40;11.70;80.0;14.1;0.60;100.0;IFS
hermance;AROMEIFS;2026-10-17T07:00;IFS;7.50;12.20;76.0;13.7;0.60;100.0;IFS
hermance;AROMEIFS;2026-10-17T08:00;IFS;8.10;12.60;73.0;13.3;0.60;100.0;IFS
hermance;AROMEIFS;2026-10-17T09:00;IFS;8.10;13.00;71.0;13.0;0.20;100.0;IFS
hermance;AROMEIFS;2026-10-17T10:00;IFS;7.50;13.40;68.0;12.7;0.20;100.0;IFS
hermance;AROMEIFS;2026-10-17T11:00;IFS;6.80;13.80;65.0;12.5;0.20;100.0;IFS
hermance;AROMEIFS;2026-10-17T12:00;IFS;6.00;14.00;60.0;12.3;0.20;100.0;IFS
hermance;AROMEIFS;2026-10-17T13:00;IFS;5.30;14.20;53.0;12.1;0.20;100.0;IFS
hermance;AROMEIFS;2026-10-17T14:00;IFS;5.10;14.20;48.0;11.9;0.20;100.0;IFS
hermance;AROMEIFS;2026-10-17T15:00;IFS;5.30;14.00;44.0;11.8;0.00;100.0;IFS
hermance;AROMEIFS;2026-10-17T16:00;IFS;5.70;13.80;43.0;11.8;0.00;100.0;IFS
hermance;AROMEIFS;2026-10-17T17:00;IFS;6.30;13.40;42.0;11.8;0.00;100.0;IFS
hermance;AROMEIFS;2026-10-17T18:00;IFS;6.70;13.00;41.0;11.8;0.00;100.0;IFS
hermance;AROMEIFS;2026-10-17T19:00;IFS;7.30;12.60;41.0;11.8;0.00;100.0;IFS
hermance;AROMEIFS;2026-10-17T20:00;IFS;7.70;12.60;39.0;11.8;0.00;100.0;IFS
hermance;AROMEIFS;2026-10-17T21:00;IFS;8.00;12.60;37.0;11.8;0.00;100.0;IFS
hermance;AROMEIFS;2026-10-17T22:00;IFS;8.30;13.00;34.0;11.8;0.00;100.0;IFS
hermance;AROMEIFS;2026-10-17T23:00;IFS;8.50;13.20;31.0;11.8;0.00;100.0;IFS
hermance;AROMEIFS;2026-10-18T00:00;IFS;8.80;13.60;28.0;11.7;0.00;100.0;IFS
hermance;AROMEIFS;2026-10-18T01:00;IFS;9.10;14.00;26.0;11.7;0.00;100.0;IFS
hermance;AROMEIFS;2026-10-18T02:00;IFS;9.50;14.60;25.0;11.6;0.00;100.0;IFS
hermance;AROMEIFS;2026-10-18T03:00;IFS;10.10;15.20;24.0;11.4;0.30;100.0;IFS
hermance;AROMEIFS;2026-10-18T04:00;IFS;10.80;15.90;24.0;11.2;0.30;100.0;IFS
hermance;AROMEIFS;2026-10-18T05:00;IFS;11.60;16.70;24.0;10.9;0.30;100.0;IFS
hermance;AROMEIFS;2026-10-18T06:00;IFS;12.20;17.70;24.0;10.7;0.30;100.0;IFS
hermance;AROMEIFS;2026-10-18T07:00;IFS;12.80;18.50;24.0;10.6;0.30;100.0;IFS
hermance;AROMEIFS;2026-10-18T08:00;IFS;13.10;19.00;25.0;10.6;0.30;100.0;IFS
hermance;AROMEIFS;2026-10-18T09:00;IFS;13.00;19.60;27.0;10.8;0.10;100.0;IFS
hermance;AROMEIFS;2026-10-18T10:00;IFS;12.80;20.20;29.0;11.1;0.10;100.0;IFS
hermance;AROMEIFS;2026-10-18T11:00;IFS;12.40;20.80;31.0;11.6;0.10;100.0;IFS
hermance;AROMEIFS;2026-10-18T12:00;IFS;12.00;21.40;34.0;12.0;0.10;100.0;IFS
hermance;AROMEIFS;2026-10-18T13:00;IFS;11.70;21.60;36.0;12.5;0.10;100.0;IFS
hermance;AROMEIFS;2026-10-18T14:00;IFS;11.50;21.60;37.0;12.7;0.10;100.0;IFS
hermance;AROMEIFS;2026-10-18T15:00;IFS;11.50;21.20;36.0;12.9;0.00;93.0;IFS
hermance;AROMEIFS;2026-10-18T16:00;IFS;11.50;20.60;33.0;12.9;0.00;84.0;IFS
hermance;AROMEIFS;2026-10-18T17:00;IFS;11.70;19.60;30.0;13.0;0.00;73.0;IFS
hermance;AROMEIFS;2026-10-18T18:00;IFS;11.80;18.70;27.0;12.9;0.00;62.0;IFS
hermance;AROMEIFS;2026-10-18T19:00;IFS;12.10;18.10;25.0;12.9;0.00;52.0;IFS
hermance;AROMEIFS;2026-10-18T20:00;IFS;12.20;17.50;23.0;12.8;0.00;47.0;IFS
hermance;AROMEIFS;2026-10-18T21:00;IFS;12.40;17.30;22.0;12.6;0.00;46.0;IFS
hermance;AROMEIFS;2026-10-18T22:00;IFS;12.40;17.30;22.0;12.5;0.00;48.0;IFS
hermance;AROMEIFS;2026-10-18T23:00;IFS;12.50;17.50;21.0;12.2;0.00;53.0;IFS
hermance;AROMEIFS;2026-10-19T00:00;IFS;12.60;17.70;22.0;12.0;0.00;57.0;IFS
hermance;AROMEIFS;2026-10-19T01:00;IFS;12.60;17.90;22.0;11.8;0.00;61.0;IFS
hermance;AROMEIFS;2026-10-19T02:00;IFS;12.60;18.10;23.0;11.6;0.00;63.0;IFS
hermance;AROMEIFS;2026-10-19T03:00;IFS;12.70;18.30;23.0;11.4;0.00;63.0;IFS
hermance;AROMEIFS;2026-10-19T04:00;IFS;12.60;18.30;24.0;11.3;0.00;61.0;IFS
hermance;AROMEIFS;2026-10-19T05:00;IFS;12.60;18.50;25.0;11.1;0.00;59.0;IFS
hermance;AROMEIFS;2026-10-19T06:00;IFS;12.60;18.50;26.0;10.9;0.00;56.0;IFS
hermance;AROMEIFS;2026-10-19T07:00;IFS;12.40;18.70;27.0;10.9;0.00;52.0;IFS
hermance;AROMEIFS;2026-10-19T08:00;IFS;12.30;18.70;29.0;10.9;0.00;49.0;IFS
hermance;AROMEIFS;2026-10-19T09:00;IFS;12.00;18.70;33.0;11.1;0.00;45.0;IFS
hermance;AROMEIFS;2026-10-19T10:00;IFS;11.70;18.70;40.0;11.5;0.00;41.0;IFS
hermance;AROMEIFS;2026-10-19T11:00;IFS;11.50;18.70;46.0;12.0;0.00;36.0;IFS
hermance;AROMEIFS;2026-10-19T12:00;IFS;11.60;18.70;53.0;12.4;0.00;31.0;IFS
hermance;AROMEIFS;2026-10-19T13:00;IFS;11.60;18.70;58.0;12.8;0.00;27.0;IFS
hermance;AROMEIFS;2026-10-19T14:00;IFS;11.60;18.70;59.0;13.1;0.00;23.0;IFS
hermance;AROMEIFS;2026-10-19T15:00;IFS;11.50;18.70;55.0;13.2;0.00;20.0;IFS
hermance;AROMEIFS;2026-10-19T16:00;IFS;11.40;18.70;48.0;13.2;0.00;17.0;IFS
hermance;AROMEIFS;2026-10-19T17:00;IFS;11.60;18.70;40.0;13.2;0.00;14.0;IFS
hermance;AROMEIFS;2026-10-19T18:00;IFS;12.00;18.70;31.0;13.1;0.00;12.0;IFS
hermance;AROMEIFS;2026-10-19T19:00;IFS;12.40;18.70;25.0;12.9;0.00;10.0;IFS
hermance;AROMEIFS;2026-10-19T20:00;IFS;12.50;18.70;21.0;12.7;0.00;9.0;IFS
hermance;AROMEIFS;2026-10-19T21:00;IFS;12.10;18.90;21.0;12.5;0.00;9.0;IFS
hermance;AROMEIFS;2026-10-19T22:00;IFS;11.20;19.20;23.0;12.1;0.00;9.0;IFS
hermance;AROMEIFS;2026-10-19T23:00;IFS;10.10;19.40;27.0;11.7;0.00;10.0;IFS
hermance;AROMEIFS;2026-10-20T00:00;IFS;9.10;19.80;32.0;11.3;0.00;11.0;IFS
hermance;AROMEIFS;2026-10-20T01:00;IFS;8.20;19.80;39.0;10.9;0.00;13.0;IFS
hermance;AROMEIFS;2026-10-20T02:00;IFS;7.70;19.60;43.0;10.6;0.00;16.0;IFS
hermance;AROMEIFS;2026-10-20T03:00;IFS;7.40;19.00;45.0;10.3;0.00;19.0;IFS
hermance;AROMEIFS;2026-10-20T04:00;IFS;7.20;17.90;46.0;10.0;0.00;22.0;IFS
hermance;AROMEIFS;2026-10-20T05:00;IFS;7.00;16.70;45.0;9.7;0.00;26.0;IFS
hermance;AROMEIFS;2026-10-20T06:00;IFS;7.00;15.60;44.0;9.4;0.00;31.0;IFS
hermance;AROMEIFS;2026-10-20T07:00;IFS;7.20;14.60;43.0;9.4;0.00;37.0;IFS
hermance;AROMEIFS;2026-10-20T08:00;IFS;7.40;14.00;42.0;9.6;0.00;43.0;IFS
hermance;AROMEIFS;2026-10-20T09:00;IFS;7.80;14.00;42.0;10.1;0.00;52.0;IFS
hermance;AROMEIFS;2026-10-20T10:00;IFS;8.50;14.20;43.0;11.1;0.00;62.0;IFS
hermance;AROMEIFS;2026-10-20T11:00;IFS;9.40;14.80;43.0;12.1;0.00;74.0;IFS
hermance;AROMEIFS;2026-10-20T12:00;IFS;10.20;15.60;43.0;13.2;0.00;85.0;IFS
hermance;AROMEIFS;2026-10-20T13:00;IFS;10.90;16.10;43.0;14.1;0.00;94.0;IFS
hermance;AROMEIFS;2026-10-20T14:00;IFS;11.40;16.50;42.0;14.7;0.00;99.0;IFS
hermance;AROMEIFS;2026-10-20T15:00;IFS;11.70;16.70;39.0;14.9;0.00;100.0;IFS
hermance;AROMEIFS;2026-10-20T16:00;IFS;11.80;16.90;36.0;14.8;0.00;97.0;IFS
hermance;AROMEIFS;2026-10-20T17:00;IFS;12.00;16.90;32.0;14.6;0.00;92.0;IFS
hermance;AROMEIFS;2026-10-20T18:00;IFS;12.10;17.10;28.0;14.3;0.00;87.0;IFS
hermance;AROMEIFS;2026-10-20T19:00;IFS;12.40;17.50;24.0;13.9;0.00;82.0;IFS
hermance;AROMEIFS;2026-10-20T20:00;IFS;12.70;17.90;22.0;13.5;0.00;80.0;IFS
hermance;AROMEIFS;2026-10-20T21:00;IFS;13.10;18.70;21.0;13.1;0.00;80.0;IFS
hermance;AROMEIFS;2026-10-20T22:00;IFS;13.70;19.60;20.0;12.6;0.00;82.0;IFS
hermance;AROMEIFS;2026-10-20T23:00;IFS;14.20;20.80;20.0;12.0;0.00;85.0;IFS
hermance;AROMEIFS;2026-10-21T00:00;IFS;14.70;21.80;20.0;11.5;0.00;88.0;IFS
hermance;AROMEIFS;2026-10-21T01:00;IFS;15.20;22.90;20.0;11.0;0.00;90.0;IFS
hermance;AROMEIFS;2026-10-21T02:00;IFS;15.70;23.70;20.0;10.5;0.00;92.0;IFS
hermance;AROMEIFS;2026-10-21T03:00;IFS;16.30;24.30;20.0;10.1;0.00;93.0;IFS
hermance;AROMEIFS;2026-10-21T04:00;IFS;16.90;24.90;20.0;9.7;0.00;95.0;IFS
hermance;AROMEIFS;2026-10-21T05:00;IFS;17.50;25.30;20.0;9.4;0.00;96.0;IFS
hermance;AROMEIFS;2026-10-21T06:00;IFS;18.10;25.70;21.0;9.1;0.00;96.0;IFS
hermance;AROMEIFS;2026-10-21T07:00;IFS;18.50;26.00;21.0;9.0;0.00;95.0;IFS
hermance;AROMEIFS;2026-10-21T08:00;IFS;18.80;26.40;22.0;9.0;0.00;92.0;IFS
hermance;AROMEIFS;2026-10-21T09:00;IFS;19.00;26.80;22.0;9.3;0.00;87.0;IFS
hermance;AROMEIFS;2026-10-21T10:00;IFS;19.20;27.40;24.0;9.9;0.00;80.0;IFS
hermance;AROMEIFS;2026-10-21T11:00;IFS;19.30;27.80;25.0;10.6;0.00;72.0;IFS
hermance;AROMEIFS;2026-10-21T12:00;IFS;19.20;28.20;26.0;11.3;0.00;63.0;IFS
hermance;AROMEIFS;2026-10-21T13:00;IFS;19.00;28.40;27.0;11.8;0.00;54.0;IFS
hermance;AROMEIFS;2026-10-21T14:00;IFS;18.50;28.40;27.0;12.1;0.00;46.0;IFS
hermance;AROMEIFS;2026-10-21T15:00;IFS;17.60;28.20;27.0;12.1;0.00;38.0;IFS
hermance;AROMEIFS;2026-10-21T16:00;IFS;16.30;28.00;26.0;12.0;0.00;29.0;IFS
hermance;AROMEIFS;2026-10-21T17:00;IFS;14.70;27.60;25.0;11.6;0.00;20.0;IFS
hermance;AROMEIFS;2026-10-21T18:00;IFS;13.10;27.00;24.0;11.3;0.00;12.0;IFS
hermance;AROMEIFS;2026-10-21T19:00;IFS;11.80;26.20;22.0;10.9;0.00;5.0;IFS
hermance;AROMEIFS;2026-10-21T20:00;IFS;10.60;25.30;21.0;10.6;0.00;0.0;IFS
hermance;AROMEIFS;2026-10-21T21:00;IFS;9.80;23.90;22.0;10.3;0.00;0.0;IFS
hermance;AROMEIFS;2026-10-21T22:00;IFS;9.00;22.20;24.0;10.0;0.00;0.0;IFS
hermance;AROMEIFS;2026-10-21T23:00;IFS;8.50;20.20;27.0;9.7;0.00;0.0;IFS
hermance;AROMEIFS;2026-10-22T00:00;IFS;8.10;18.30;30.0;9.4;0.00;0.0;IFS
hermance;AROMEIFS;2026-10-22T01:00;IFS;7.70;16.50;33.0;9.2;0.00;0.0;IFS
hermance;AROMEIFS;2026-10-22T02:00;IFS;7.60;15.40;34.0;9.0;0.00;1.0;IFS
hermance;AROMEIFS;2026-10-22T03:00;IFS;7.80;14.60;34.0;8.8;0.00;4.0;IFS
hermance;AROMEIFS;2026-10-22T04:00;IFS;8.20;14.40;32.0;8.6;0.00;8.0;IFS
hermance;AROMEIFS;2026-10-22T05:00;IFS;8.80;14.20;30.0;8.5;0.00;13.0;IFS
hermance;AROMEIFS;2026-10-22T06:00;IFS;9.30;14.40;29.0;8.4;0.00;18.0;IFS
hermance;AROMEIFS;2026-10-22T07:00;IFS;9.70;14.40;27.0;8.5;0.00;22.0;IFS
hermance;AROMEIFS;2026-10-22T08:00;IFS;9.90;14.60;28.0;8.7;0.00;24.0;IFS
hermance;AROMEIFS;2026-10-22T09:00;IFS;9.70;14.80;29.0;9.2;0.00;24.0;IFS
hermance;AROMEIFS;2026-10-22T10:00;IFS;9.20;15.20;32.0;9.9;0.00;24.0;IFS
hermance;AROMEIFS;2026-10-22T11:00;IFS;8.60;15.70;36.0;10.7;0.00;22.0;IFS
hermance;AROMEIFS;2026-10-22T12:00;IFS;8.10;16.10;41.0;11.6;0.00;19.0;IFS
hermance;AROMEIFS;2026-10-22T13:00;IFS;7.60;16.30;44.0;12.3;0.00;17.0;IFS
hermance;AROMEIFS;2026-10-22T14:00;IFS;7.20;16.30;44.0;12.8;0.00;15.0;IFS
hermance;AROMEIFS;2026-10-22T15:00;IFS;7.00;15.90;41.0;13.1;0.00;13.0;IFS
hermance;AROMEIFS;2026-10-22T16:00;IFS;6.80;15.20;34.0;13.3;0.00;10.0;IFS
hermance;AROMEIFS;2026-10-22T17:00;IFS;6.80;14.20;25.0;13.4;0.00;8.0;IFS
hermance;AROMEIFS;2026-10-22T18:00;IFS;7.00;13.20;17.0;13.3;0.00;5.0;IFS
hermance;AROMEIFS;2026-10-22T19:00;IFS;7.30;12.20;11.0;13.3;0.00;3.0;IFS
hermance;AROMEIFS;2026-10-22T20:00;IFS;7.60;11.70;8.0;13.2;0.00;2.0;IFS
hermance;AROMEIFS;2026-10-22T21:00;IFS;7.60;11.30;9.0;13.0;0.00;2.0;IFS
hermance;AROMEIFS;2026-10-22T22:00;IFS;7.40;11.10;11.0;12.8;0.00;2.0;IFS
hermance;AROMEIFS;2026-10-22T23:00;IFS;7.40;10.90;16.0;12.6;0.00;3.0;IFS
hermance;AROMEIFS;2026-10-23T00:00;IFS;7.30;10.90;21.0;12.3;0.00;4.0;IFS
hermance;AROMEIFS;2026-10-23T01:00;IFS;7.30;10.90;25.0;12.0;0.00;4.0;IFS
hermance;AROMEIFS;2026-10-23T02:00;IFS;7.40;11.10;28.0;11.7;0.00;5.0;IFS
hermance;AROMEIFS;2026-10-23T03:00;IFS;7.60;11.30;29.0;11.4;0.00;5.0;IFS
hermance;AROMEIFS;2026-10-23T04:00;IFS;8.00;11.70;28.0;11.1;0.00;4.0;IFS
hermance;AROMEIFS;2026-10-23T05:00;IFS;8.20;12.10;27.0;10.7;0.00;4.0;IFS
hermance;AROMEIFS;2026-10-23T06:00;IFS;8.60;12.40;27.0;10.4;0.00;3.0;IFS
hermance;AROMEIFS;2026-10-23T07:00;IFS;8.80;12.80;26.0;10.2;0.00;4.0;IFS
hermance;AROMEIFS;2026-10-23T08:00;IFS;8.90;13.20;27.0;10.3;0.00;5.0;IFS
hermance;AROMEIFS;2026-10-23T09:00;IFS;8.80;13.40;30.0;10.6;0.00;8.0;IFS
hermance;AROMEIFS;2026-10-23T10:00;IFS;8.40;13.80;35.0;11.2;0.00;13.0;IFS
hermance;AROMEIFS;2026-10-23T11:00;IFS;8.30;14.00;41.0;12.0;0.00;19.0;IFS
hermance;AROMEIFS;2026-10-23T12:00;IFS;8.10;14.00;47.0;12.8;0.00;25.0;IFS
hermance;AROMEIFS;2026-10-23T13:00;IFS;8.00;14.00;51.0;13.4;0.00;29.0;IFS
hermance;AROMEIFS;2026-10-23T14:00;IFS;7.80;14.00;53.0;13.9;0.00;30.0;IFS
hermance;AROMEIFS;2026-10-23T15:00;IFS;7.70;13.80;50.0;14.1;0.00;28.0;IFS
hermance;AROMEIFS;2026-10-23T16:00;IFS;7.60;13.20;44.0;14.2;0.00;23.0;IFS
hermance;AROMEIFS;2026-10-23T17:00;IFS;7.60;12.60;36.0;14.2;0.00;17.0;IFS
hermance;AROMEIFS;2026-10-23T18:00;IFS;7.70;12.10;28.0;14.1;0.00;10.0;IFS
hermance;AROMEIFS;2026-10-23T19:00;IFS;7.90;11.70;22.0;14.0;0.00;5.0;IFS
hermance;AROMEIFS;2026-10-23T20:00;IFS;8.00;11.30;18.0;13.8;0.00;1.0;IFS
hermance;AROMEIFS;2026-10-23T21:00;IFS;7.80;11.30;17.0;13.6;0.00;0.0;IFS
hermance;AROMEIFS;2026-10-23T22:00;IFS;7.40;11.30;17.0;13.2;0.00;0.0;IFS
hermance;AROMEIFS;2026-10-23T23:00;IFS;6.90;11.50;20.0;12.8;0.00;0.0;IFS
hermance;AROMEIFS;2026-10-24T00:00;IFS;6.40;11.70;22.0;12.3;0.00;0.0;IFS
hermance;AROMEIFS;2026-10-24T01:00;IFS;6.00;11.90;26.0;11.9;0.00;0.0;IFS
hermance;AROMEIFS;2026-10-24T02:00;IFS;5.70;11.90;28.0;11.5;0.00;2.0;IFS
hermance;AROMEIFS;2026-10-24T03:00;IFS;5.70;11.70;30.0;11.1;0.00;6.0;IFS
hermance;AROMEIFS;2026-10-24T04:00;IFS;5.70;11.30;30.0;10.7;0.00;13.0;IFS
hermance;AROMEIFS;2026-10-24T05:00;IFS;5.80;10.90;30.0;10.4;0.00;20.0;IFS
hermance;AROMEIFS;2026-10-24T06:00;IFS;5.80;10.50;30.0;10.1;0.00;27.0;IFS
hermance;AROMEIFS;2026-10-24T07:00;IFS;5.80;9.90;31.0;9.9;0.00;34.0;IFS
hermance;AROMEIFS;2026-10-24T08:00;IFS;5.60;9.70;33.0;9.8;0.00;38.0;IFS
hermance;AROMEIFS;2026-10-24T09:00;IFS;5.10;9.50;37.0;9.9;0.00;41.0;IFS
hermance;AROMEIFS;2026-10-24T10:00;IFS;4.40;9.50;45.0;10.2;0.00;43.0;IFS
hermance;AROMEIFS;2026-10-24T11:00;IFS;3.90;9.50;56.0;10.5;0.00;44.0;IFS
hermance;AROMEIFS;2026-10-24T12:00;IFS;3.40;9.50;70.0;10.9;0.00;44.0;IFS
hermance;AROMEIFS;2026-10-24T13:00;IFS;3.20;9.50;83.0;11.3;0.00;43.0;IFS
hermance;AROMEIFS;2026-10-24T14:00;IFS;3.20;9.30;90.0;11.6;0.00;41.0;IFS
hermance;AROMEIFS;2026-10-24T15:00;IFS;3.10;8.90;88.0;12.0;0.00;36.0;IFS
hermance;AROMEIFS;2026-10-24T16:00;IFS;3.10;8.60;79.0;12.4;0.00;29.0;IFS
hermance;AROMEIFS;2026-10-24T17:00;IFS;3.10;8.00;66.0;12.9;0.00;21.0;IFS
hermance;AROMEIFS;2026-10-24T18:00;IFS;3.30;7.60;52.0;13.3;0.00;12.0;IFS
hermance;AROMEIFS;2026-10-24T19:00;IFS;3.80;7.20;42.0;13.6;0.00;5.0;IFS
hermance;AROMEIFS;2026-10-24T20:00;IFS;4.10;7.20;36.0;13.7;0.00;1.0;IFS
hermance;AROMEIFS;2026-10-24T21:00;IFS;4.30;7.40;34.0;13.6;0.00;0.0;IFS
hermance;AROMEIFS;2026-10-24T22:00;IFS;4.60;8.00;32.0;13.2;0.00;0.0;IFS
hermance;AROMEIFS;2026-10-24T23:00;IFS;4.80;8.60;31.0;12.8;0.00;2.0;IFS
hermance;AROMEIFS;2026-10-25T00:00;IFS;4.90;9.10;30.0;12.3;0.00;4.0;IFS
hermance;AROMEIFS;2026-10-25T01:00;IFS;5.10;9.70;30.0;11.9;0.00;7.0;IFS
hermance;AROMEIFS;2026-10-25T02:00;IFS;5.10;10.10;29.0;11.7;0.00;8.0;IFS
loire_sur_rhone;AROMEIFS;2026-10-10T00:00;AROMEHD;1.40;2.90;34.0;13.0;0.00;99.0;AROMEHD
loire_sur_rhone;AROMEIFS;2026-10-10T01:00;AROMEHD;2.10;1.60;112.0;12.7;0.00;41.0;AROMEHD
loire_sur_rhone;AROMEIFS;2026-10-10T02:00;AROMEHD;2.10;3.50;90.0;13.6;0.00;25.0;AROMEHD
loire_sur_rhone;AROMEIFS;2026-10-10T03:00;AROMEHD;2.60;4.30;138.0;13.2;0.00;100.0;AROMEHD
loire_sur_rhone;AROMEIFS;2026-10-10T04:00;AROMEHD;4.00;7.80;129.0;12.0;0.70;100.0;AROMEHD
loire_sur_rhone;AROMEIFS;2026-10-10T05:00;AROMEHD;3.70;7.40;122.0;11.5;0.20;100.0;AROMEHD
loire_sur_rhone;AROMEIFS;2026-10-10T06:00;AROMEHD;3.00;6.40;113.0;11.6;0.10;100.0;AROMEHD
loire_sur_rhone;AROMEIFS;2026-10-10T07:00;AROMEHD;2.50;5.20;129.0;11.6;0.00;100.0;AROMEHD
loire_sur_rhone;AROMEIFS;2026-10-10T08:00;AROMEHD;2.30;4.90;160.0;11.5;0.00;100.0;AROMEHD
loire_sur_rhone;AROMEIFS;2026-10-10T09:00;AROMEHD;3.50;6.40;124.0;12.1;0.00;13.0;AROMEHD
loire_sur_rhone;AROMEIFS;2026-10-10T10:00;AROMEHD;3.20;6.60;128.0;13.4;0.00;11.0;AROMEHD
loire_sur_rhone;AROMEIFS;2026-10-10T11:00;AROMEHD;2.90;7.00;127.0;15.1;0.00;6.0;AROMEHD
loire_sur_rhone;AROMEIFS;2026-10-10T12:00;AROMEHD;4.60;9.10;130.0;16.2;0.00;100.0;AROMEHD
loire_sur_rhone;AROMEIFS;2026-10-10T13:00;AROMEHD;1.80;9.30;148.0;16.3;0.20;100.0;AROMEHD
loire_sur_rhone;AROMEIFS;2026-10-10T14:00;AROMEHD;2.10;5.80;229.0;17.2;0.10;1.0;AROMEHD
loire_sur_rhone;AROMEIFS;2026-10-10T15:00;AROMEHD;1.20;3.10;351.0;17.9;0.00;100.0;AROMEHD
loire_sur_rhone;AROMEIFS;2026-10-10T16:00;AROMEHD;0.40;4.10;180.0;17.8;0.10;33.0;AROMEHD
loire_sur_rhone;AROMEIFS;2026-10-10T17:00;AROMEHD;0.40;3.90;117.0;17.9;0.00;93.0;AROMEHD
loire_sur_rhone;AROMEIFS;2026-10-10T18:00;AROMEHD;0.80;2.10;270.0;17.9;0.00;78.0;AROMEHD
loire_sur_rhone;AROMEIFS;2026-10-10T19:00;AROMEHD;7.70;19.80;344.0;16.2;0.00;100.0;AROMEHD
loire_sur_rhone;AROMEIFS;2026-10-10T20:00;AROMEHD;4.50;15.40;350.0;15.1;0.00;95.0;AROMEHD
loire_sur_rhone;AROMEIFS;2026-10-10T21:00;AROMEHD;4.90;10.30;331.0;14.1;0.00;0.0;AROMEHD
loire_sur_rhone;AROMEIFS;2026-10-10T22:00;AROMEHD;2.40;8.60;331.0;12.8;0.00;0.0;AROMEHD
loire_sur_rhone;AROMEIFS;2026-10-10T23:00;AROMEHD;2.60;4.50;333.0;11.9;0.00;0.0;AROMEHD
loire_sur_rhone;AROMEIFS;2026-10-11T00:00;AROMEHD;2.00;4.50;354.0;11.0;0.00;0.0;AROMEHD
loire_sur_rhone;AROMEIFS;2026-10-11T01:00;AROMEHD;1.30;2.90;27.0;10.5;0.00;0.0;AROMEHD
loire_sur_rhone;AROMEIFS;2026-10-11T02:00;AROMEHD;0.80;1.90;76.0;10.0;0.00;0.0;AROMEHD
loire_sur_rhone;AROMEIFS;2026-10-11T03:00;AROMEHD;1.90;1.90;114.0;9.4;0.00;0.0;AROMEHD
loire_sur_rhone;AROMEIFS;2026-10-11T04:00;AROMEHD;0.80;1.90;104.0;9.2;0.00;24.8;AROMEHD
loire_sur_rhone;AROMEIFS;2026-10-11T05:00;AROMEHD;1.30;1.40;27.0;8.8;0.00;25.0;AROMEHD
loire_sur_rhone;AROMEIFS;2026-10-11T06:00;AROMEHD;1.30;1.90;27.0;8.7;0.00;25.0;AROMEHD
loire_sur_rhone;AROMEIFS;2026-10-11T07:00;AROMEHD;1.70;2.30;27.0;8.8;0.00;25.0;AROMEHD
loire_sur_rhone;AROMEIFS;2026-10-11T08:00;AROMEHD;1.70;2.50;54.0;8.8;0.00;25.0;AROMEHD
loire_sur_rhone;AROMEIFS;2026-10-11T09:00;AROMEHD;1.40;2.30;56.0;9.3;0.00;25.0;AROMEHD
loire_sur_rhone;AROMEIFS;2026-10-11T10:00;AROMEHD;1.00;2.70;53.0;11.3;0.00;25.0;AROMEHD
loire_sur_rhone;AROMEIFS;2026-10-11T11:00;AROMEHD;3.00;7.00;337.0;13.5;0.00;8.8;AROMEHD
loire_sur_rhone;AROMEIFS;2026-10-11T12:00;AROMEHD;4.00;9.30;337.0;14.6;0.00;39.0;AROMEHD
loire_sur_rhone;AROMEIFS;2026-10-11T13:00;AROMEHD;4.80;11.30;346.0;15.6;0.00;39.0;AROMEHD
loire_sur_rhone;AROMEIFS;2026-10-11T14:00;AROMEHD;5.70;12.40;356.0;16.0;0.00;36.0;AROMEHD
loire_sur_rhone;AROMEIFS;2026-10-11T15:00;AROMEHD;5.90;12.60;354.0;16.6;0.00;25.0;AROMEHD
loire_sur_rhone;AROMEIFS;2026-10-11T16:00;AROMEHD;6.20;12.80;4.0;16.5;0.00;25.0;AROMEHD
loire_sur_rhone;AROMEIFS;2026-10-11T17:00;AROMEHD;6.40;13.00;348.0;16.3;0.00;70.0;AROMEHD
loire_sur_rhone;AROMEIFS;2026-10-11T18:00;AROMEHD;4.50;12.80;360.0;15.9;0.00;95.0;AROMEHD
loire_sur_rhone;AROMEIFS;2026-10-11T19:00;AROMEHD;3.80;8.90;12.0;14.5;0.00;24.0;AROMEHD
loire_sur_rhone;AROMEIFS;2026-10-11T20:00;AROMEHD;2.00;7.00;6.0;12.9;0.00;0.0;AROMEHD
loire_sur_rhone;AROMEIFS;2026-10-11T21:00;AROMEHD;1.40;3.10;344.0;11.5;0.00;0.0;AROMEHD
loire_sur_rhone;AROMEIFS;2026-10-11T22:00;AROMEHD;1.50;2.30;337.0;10.6;0.00;1.0;AROMEHD
loire_sur_rhone;AROMEIFS;2026-10-11T23:00;AROMEHD;1.80;2.50;342.0;9.9;0.00;0.0;AROMEHD
loire_sur_rhone;AROMEIFS;2026-10-12T00:00;AROMEHD;1.40;2.70;16.0;9.5;0.00;0.0;AROMEHD
loire_sur_rhone;AROMEIFS;2026-10-12T01:00;AROMEHD;1.40;1.70;360.0;9.2;0.00;0.0;AROMEHD
loire_sur_rhone;AROMEIFS;2026-10-12T02:00;AROMEHD;1.60;2.10;360.0;8.9;0.00;0.0;AROMEHD
loire_sur_rhone;AROMEIFS;2026-10-12T03:00;AROMEHD;2.10;3.10;5.0;8.7;0.00;0.0;AROMEHD
loire_sur_rhone;AROMEIFS;2026-10-12T04:00;AROMEHD;2.50;3.50;4.0;8.5;0.00;0.0;AROMEHD
loire_sur_rhone;AROMEIFS;2026-10-12T05:00;AROMEHD;2.50;3.90;360.0;8.2;0.00;0.0;AROMEHD
loire_sur_rhone;AROMEIFS;2026-10-12T06:00;AROMEHD;2.50;4.10;4.0;8.0;0.00;0.0;AROMEHD
loire_sur_rhone;AROMEIFS;2026-10-12T07:00;AROMEHD;2.70;3.90;21.0;7.7;0.00;0.0;AROMEHD
loire_sur_rhone;AROMEIFS;2026-10-12T08:00;AROMEHD;2.60;3.90;9.0;7.7;0.00;0.8;AROMEHD
loire_sur_rhone;AROMEIFS;2026-10-12T09:00;AROMEHD;2.40;4.10;14.0;8.4;0.00;0.0;AROMEHD
loire_sur_rhone;AROMEIFS;2026-10-12T10:00;AROMEHD;2.50;5.10;4.0;11.4;0.00;0.0;AROMEHD
loire_sur_rhone;AROMEIFS;2026-10-12T11:00;AROMEHD;3.90;8.60;340.0;13.6;0.00;0.0;AROMEHD
loire_sur_rhone;AROMEIFS;2026-10-12T12:00;ARPEGE;6.80;14.60;358.0;13.8;0.00;9.0;ARPEGE
loire_sur_rhone;AROMEIFS;2026-10-12T13:00;ARPEGE;6.70;15.00;7.0;15.1;0.00;48.0;ARPEGE
loire_sur_rhone;AROMEIFS;2026-10-12T14:00;ARPEGE;6.60;14.40;3.0;16.2;0.00;49.0;ARPEGE
loire_sur_rhone;AROMEIFS;2026-10-12T15:00;ARPEGE;6.30;14.40;9.0;17.0;0.00;37.0;ARPEGE
loire_sur_rhone;AROMEIFS;2026-10-12T16:00;ARPEGE;5.70;13.80;10.0;17.6;0.00;25.0;ARPEGE
loire_sur_rhone;AROMEIFS;2026-10-12T17:00;ARPEGE;5.20;12.60;13.0;17.7;0.00;30.0;ARPEGE
loire_sur_rhone;AROMEIFS;2026-10-12T18:00;ARPEGE;5.30;11.10;8.0;17.3;0.00;33.0;ARPEGE
loire_sur_rhone;AROMEIFS;2026-10-12T19:00;ARPEGE;4.50;10.30;7.0;15.8;0.00;30.0;ARPEGE
loire_sur_rhone;AROMEIFS;2026-10-12T20:00;ARPEGE;2.70;7.40;8.0;13.9;0.00;38.0;ARPEGE
loire_sur_rhone;AROMEIFS;2026-10-12T21:00;ARPEGE;1.20;4.30;360.0;12.5;0.00;23.0;ARPEGE
loire_sur_rhone;AROMEIFS;2026-10-12T22:00;ARPEGE;0.40;1.00;333.0;11.4;0.00;22.0;ARPEGE
loire_sur_rhone;AROMEIFS;2026-10-12T23:00;ARPEGE;0.90;1.60;297.0;10.7;0.00;38.0;ARPEGE
loire_sur_rhone;AROMEIFS;2026-10-13T00:00;ARPEGE;0.70;1.60;326.0;10.3;0.00;43.0;ARPEGE
loire_sur_rhone;AROMEIFS;2026-10-13T01:00;ARPEGE;0.40;1.00;63.0;9.7;0.00;48.0;ARPEGE
loire_sur_rhone;AROMEIFS;2026-10-13T02:00;ARPEGE;0.80;0.80;104.0;9.3;0.00;75.0;ARPEGE
loire_sur_rhone;AROMEIFS;2026-10-13T03:00;ARPEGE;0.80;0.80;135.0;9.0;0.00;93.0;ARPEGE
loire_sur_rhone;AROMEIFS;2026-10-13T04:00;ARPEGE;0.80;0.80;166.0;8.8;0.00;55.0;ARPEGE
loire_sur_rhone;AROMEIFS;2026-10-13T05:00;ARPEGE;0.50;0.60;135.0;8.6;0.00;25.0;ARPEGE
loire_sur_rhone;AROMEIFS;2026-10-13T06:00;ARPEGE;0.20;0.40;90.0;8.3;0.00;20.0;ARPEGE
loire_sur_rhone;AROMEIFS;2026-10-13T07:00;ARPEGE;1.80;1.20;96.0;8.0;0.00;7.0;ARPEGE
loire_sur_rhone;AROMEIFS;2026-10-13T08:00;ARPEGE;0.80;1.40;90.0;7.7;0.00;7.0;ARPEGE
loire_sur_rhone;AROMEIFS;2026-10-13T09:00;ARPEGE;0.20;0.40;360.0;8.1;0.00;6.0;ARPEGE
loire_sur_rhone;AROMEIFS;2026-10-13T10:00;ARPEGE;0.20;0.20;360.0;10.0;0.00;2.0;ARPEGE
loire_sur_rhone;AROMEIFS;2026-10-13T11:00;ARPEGE;2.10;5.40;5.0;12.7;0.00;1.0;ARPEGE
loire_sur_rhone;AROMEIFS;2026-10-13T12:00;ARPEGE;3.40;8.20;24.0;15.0;0.00;0.0;ARPEGE
loire_sur_rhone;AROMEIFS;2026-10-13T13:00;ARPEGE;4.20;9.70;28.0;17.1;0.00;0.0;ARPEGE
loire_sur_rhone;AROMEIFS;2026-10-13T14:00;ARPEGE;4.50;10.70;25.0;18.8;0.00;1.0;ARPEGE
loire_sur_rhone;AROMEIFS;2026-10-13T15:00;ARPEGE;5.20;11.70;27.0;20.0;0.00;4.0;ARPEGE
loire_sur_rhone;AROMEIFS;2026-10-13T16:00;ARPEGE;5.60;11.90;29.0;20.7;0.00;3.0;ARPEGE
loire_sur_rhone;AROMEIFS;2026-10-13T17:00;ARPEGE;5.30;11.90;28.0;20.6;0.00;15.0;ARPEGE
loire_sur_rhone;AROMEIFS;2026-10-13T18:00;ARPEGE;5.10;10.90;25.0;20.0;0.00;29.0;ARPEGE
loire_sur_rhone;AROMEIFS;2026-10-13T19:00;ARPEGE;4.10;9.50;17.0;18.2;0.00;17.0;ARPEGE
loire_sur_rhone;AROMEIFS;2026-10-13T20:00;ARPEGE;3.90;6.20;351.0;16.2;0.00;6.0;ARPEGE
loire_sur_rhone;AROMEIFS;2026-10-13T21:00;ARPEGE;4.30;7.60;360.0;14.9;0.00;0.0;ARPEGE
loire_sur_rhone;AROMEIFS;2026-10-13T22:00;ARPEGE;3.70;7.00;351.0;13.8;0.00;15.0;ARPEGE
loire_sur_rhone;AROMEIFS;2026-10-13T23:00;ARPEGE;2.50;6.20;356.0;13.1;0.00;95.0;ARPEGE
loire_sur_rhone;AROMEIFS;2026-10-14T00:00;ARPEGE;1.60;4.50;14.0;12.4;0.00;91.0;ARPEGE
loire_sur_rhone;AROMEIFS;2026-10-14T01:00;ARPEGE;0.90;2.10;27.0;11.7;0.00;75.0;ARPEGE
loire_sur_rhone;AROMEIFS;2026-10-14T02:00;ARPEGE;0.60;0.80;360.0;11.5;0.00;100.0;ARPEGE
loire_sur_rhone;AROMEIFS;2026-10-14T03:00;ARPEGE;0.60;1.40;18.0;11.6;0.00;81.0;ARPEGE
loire_sur_rhone;AROMEIFS;2026-10-14T04:00;ARPEGE;2.60;2.30;77.0;11.2;0.00;61.0;ARPEGE
loire_sur_rhone;AROMEIFS;2026-10-14T05:00;ARPEGE;2.30;3.30;59.0;10.5;0.00;89.0;ARPEGE
loire_sur_rhone;AROMEIFS;2026-10-14T06:00;ARPEGE;1.90;2.70;53.0;10.3;0.00;74.0;ARPEGE
loire_sur_rhone;AROMEIFS;2026-10-14T07:00;ARPEGE;1.80;3.10;49.0;10.3;0.00;13.0;ARPEGE
loire_sur_rhone;AROMEIFS;2026-10-14T08:00;ARPEGE;0.80;2.90;45.0;10.2;0.00;67.0;ARPEGE
loire_sur_rhone;AROMEIFS;2026-10-14T09:00;ARPEGE;0.40;1.20;180.0;11.0;0.00;54.0;ARPEGE
loire_sur_rhone;AROMEIFS;2026-10-14T10:00;ARPEGE;1.40;2.70;16.0;13.5;0.00;87.0;ARPEGE
loire_sur_rhone;AROMEIFS;2026-10-14T11:00;ARPEGE;2.60;4.90;54.0;15.5;0.00;86.0;ARPEGE
loire_sur_rhone;AROMEIFS;2026-10-14T12:00;ARPEGE;4.70;10.70;24.0;17.7;0.00;21.0;ARPEGE
loire_sur_rhone;AROMEIFS;2026-10-14T13:00;ARPEGE;6.40;14.20;12.0;19.6;0.00;12.0;ARPEGE
loire_sur_rhone;AROMEIFS;2026-10-14T14:00;ARPEGE;5.30;14.20;10.0;20.7;0.00;1.0;ARPEGE
loire_sur_rhone;AROMEIFS;2026-10-14T15:00;IFS;5.30;13.20;353.0;20.8;0.00;0.0;IFS
loire_sur_rhone;AROMEIFS;2026-10-14T16:00;IFS;5.20;13.20;352.0;21.1;0.00;0.0;IFS
loire_sur_rhone;AROMEIFS;2026-10-14T17:00;IFS;4.60;12.80;352.0;20.8;0.00;0.0;IFS
loire_sur_rhone;AROMEIFS;2026-10-14T18:00;IFS;3.30;12.40;346.0;19.7;0.00;0.0;IFS
loire_sur_rhone;AROMEIFS;2026-10-14T19:00;IFS;1.80;11.70;326.0;18.2;0.00;1.0;IFS
loire_sur_rhone;AROMEIFS;2026-10-14T20:00;IFS;1.10;10.50;275.0;16.8;0.00;1.0;IFS
loire_sur_rhone;AROMEIFS;2026-10-14T21:00;IFS;1.20;8.20;256.0;15.8;0.00;1.0;IFS
loire_sur_rhone;AROMEIFS;2026-10-14T22:00;IFS;1.20;5.40;256.0;15.0;0.00;2.0;IFS
loire_sur_rhone;AROMEIFS;2026-10-14T23:00;IFS;1.20;3.30;256.0;14.2;0.00;2.0;IFS
loire_sur_rhone;AROMEIFS;2026-10-15T00:00;IFS;1.30;2.70;247.0;13.4;0.00;1.0;IFS
loire_sur_rhone;AROMEIFS;2026-10-15T01:00;IFS;1.20;2.70;241.0;12.8;0.00;1.0;IFS
loire_sur_rhone;AROMEIFS;2026-10-15T02:00;IFS;1.20;2.90;235.0;12.3;0.00;0.0;IFS
loire_sur_rhone;AROMEIFS;2026-10-15T03:00;IFS;1.00;2.90;229.0;12.3;0.00;0.0;IFS
loire_sur_rhone;AROMEIFS;2026-10-15T04:00;IFS;0.90;2.90;229.0;12.4;0.00;0.0;IFS
loire_sur_rhone;AROMEIFS;2026-10-15T05:00;IFS;0.70;2.90;214.0;12.5;0.00;0.0;IFS
loire_sur_rhone;AROMEIFS;2026-10-15T06:00;IFS;0.70;3.10;180.0;12.3;0.00;30.0;IFS
loire_sur_rhone;AROMEIFS;2026-10-15T07:00;IFS;1.00;3.30;158.0;12.0;0.00;70.0;IFS
loire_sur_rhone;AROMEIFS;2026-10-15T08:00;IFS;1.40;3.90;152.0;11.9;0.00;100.0;IFS
loire_sur_rhone;AROMEIFS;2026-10-15T09:00;IFS;1.80;5.20;162.0;12.0;0.00;100.0;IFS
loire_sur_rhone;AROMEIFS;2026-10-15T10:00;IFS;2.40;6.80;171.0;12.3;0.00;100.0;IFS
loire_sur_rhone;AROMEIFS;2026-10-15T11:00;IFS;2.80;8.40;174.0;13.2;0.00;100.0;IFS
loire_sur_rhone;AROMEIFS;2026-10-15T12:00;IFS;3.00;9.30;171.0;15.2;0.00;71.0;IFS
loire_sur_rhone;AROMEIFS;2026-10-15T13:00;IFS;3.10;9.90;164.0;17.8;0.00;30.0;IFS
loire_sur_rhone;AROMEIFS;2026-10-15T14:00;IFS;3.40;10.70;160.0;19.8;0.00;1.0;IFS
loire_sur_rhone;AROMEIFS;2026-10-15T15:00;IFS;4.10;11.70;163.0;20.8;0.00;0.0;IFS
loire_sur_rhone;AROMEIFS;2026-10-15T16:00;IFS;5.00;12.80;167.0;21.3;0.00;0.0;IFS
loire_sur_rhone;AROMEIFS;2026-10-15T17:00;IFS;5.60;13.40;169.0;21.2;0.00;1.0;IFS
loire_sur_rhone;AROMEIFS;2026-10-15T18:00;IFS;5.80;13.20;169.0;20.1;0.00;1.0;IFS
loire_sur_rhone;AROMEIFS;2026-10-15T19:00;IFS;5.60;12.60;169.0;18.5;0.00;0.0;IFS
loire_sur_rhone;AROMEIFS;2026-10-15T20:00;IFS;5.50;12.10;171.0;17.0;0.00;0.0;IFS
loire_sur_rhone;AROMEIFS;2026-10-15T21:00;IFS;5.50;11.70;176.0;15.9;0.00;0.0;IFS
loire_sur_rhone;AROMEIFS;2026-10-15T22:00;IFS;5.50;11.50;182.0;14.9;0.00;0.0;IFS
loire_sur_rhone;AROMEIFS;2026-10-15T23:00;IFS;5.40;11.30;187.0;14.1;0.00;0.0;IFS
loire_sur_rhone;AROMEIFS;2026-10-16T00:00;IFS;4.40;11.30;186.0;14.1;0.00;0.0;IFS
loire_sur_rhone;AROMEIFS;2026-10-16T01:00;IFS;4.10;10.90;192.0;13.3;0.00;0.0;IFS
loire_sur_rhone;AROMEIFS;2026-10-16T02:00;IFS;3.80;10.50;196.0;12.7;0.00;0.0;IFS
loire_sur_rhone;AROMEIFS;2026-10-16T03:00;IFS;3.60;10.10;200.0;12.1;0.00;3.0;IFS
loire_sur_rhone;AROMEIFS;2026-10-16T04:00;IFS;3.50;9.50;203.0;11.3;0.00;8.0;IFS
loire_sur_rhone;AROMEIFS;2026-10-16T05:00;IFS;3.30;8.90;204.0;10.7;0.00;14.0;IFS
loire_sur_rhone;AROMEIFS;2026-10-16T06:00;IFS;3.10;8.40;206.0;10.2;0.00;19.0;IFS
loire_sur_rhone;AROMEIFS;2026-10-16T07:00;IFS;2.90;7.80;208.0;10.0;0.00;23.0;IFS
loire_sur_rhone;AROMEIFS;2026-10-16T08:00;IFS;2.50;7.60;208.0;10.3;0.00;25.0;IFS
loire_sur_rhone;AROMEIFS;2026-10-16T09:00;IFS;2.00;7.40;205.0;11.3;0.00;23.0;IFS
loire_sur_rhone;AROMEIFS;2026-10-16T10:00;IFS;1.50;7.40;195.0;12.9;0.00;19.0;IFS
loire_sur_rhone;AROMEIFS;2026-10-16T11:00;IFS;1.00;7.60;174.0;14.9;0.00;13.0;IFS
loire_sur_rhone;AROMEIFS;2026-10-16T12:00;IFS;0.80;7.80;126.0;16.9;0.00;7.0;IFS
loire_sur_rhone;AROMEIFS;2026-10-16T13:00;IFS;1.10;8.00;95.0;18.6;0.00;3.0;IFS
loire_sur_rhone;AROMEIFS;2026-10-16T14:00;IFS;1.30;8.40;77.0;19.5;0.00;3.0;IFS
loire_sur_rhone;AROMEIFS;2026-10-16T15:00;IFS;1.50;8.60;67.0;19.7;0.10;7.0;IFS
loire_sur_rhone;AROMEIFS;2026-10-16T16:00;IFS;1.50;8.90;58.0;19.4;0.10;13.0;IFS
loire_sur_rhone;AROMEIFS;2026-10-16T17:00;IFS;1.50;9.10;50.0;18.8;0.10;21.0;IFS
loire_sur_rhone;AROMEIFS;2026-10-16T18:00;IFS;1.50;9.70;37.0;18.0;0.10;30.0;IFS
loire_sur_rhone;AROMEIFS;2026-10-16T19:00;IFS;1.50;10.50;18.0;17.2;0.10;39.0;IFS
loire_sur_rhone;AROMEIFS;2026-10-16T20:00;IFS;1.90;11.50;354.0;16.5;0.10;48.0;IFS
loire_sur_rhone;AROMEIFS;2026-10-16T21:00;IFS;2.70;13.00;334.0;15.9;0.00;57.0;IFS
loire_sur_rhone;AROMEIFS;2026-10-16T22:00;IFS;4.10;15.40;321.0;15.3;0.00;67.0;IFS
loire_sur_rhone;AROMEIFS;2026-10-16T23:00;IFS;5.80;17.70;314.0;14.6;0.00;78.0;IFS
loire_sur_rhone;AROMEIFS;2026-10-17T00:00;IFS;7.50;20.00;310.0;14.0;0.00;87.0;IFS
loire_sur_rhone;AROMEIFS;2026-10-17T01:00;IFS;9.00;22.00;309.0;13.4;0.00;95.0;IFS
loire_sur_rhone;AROMEIFS;2026-10-17T02:00;IFS;9.90;23.30;309.0;12.9;0.00;100.0;IFS
loire_sur_rhone;AROMEIFS;2026-10-17T03:00;IFS;10.40;23.70;312.0;12.4;0.10;100.0;IFS
loire_sur_rhone;AROMEIFS;2026-10-17T04:00;IFS;10.60;23.50;315.0;11.9;0.10;99.0;IFS
loire_sur_rhone;AROMEIFS;2026-10-17T05:00;IFS;10.60;22.90;319.0;11.5;0.10;95.0;IFS
loire_sur_rhone;AROMEIFS;2026-10-17T06:00;IFS;10.40;22.20;323.0;11.1;0.10;91.0;IFS
loire_sur_rhone;AROMEIFS;2026-10-17T07:00;IFS;10.40;21.60;328.0;10.8;0.10;87.0;IFS
loire_sur_rhone;AROMEIFS;2026-10-17T08:00;IFS;10.40;21.40;332.0;10.7;0.10;84.0;IFS
loire_sur_rhone;AROMEIFS;2026-10-17T09:00;IFS;10.50;21.60;336.0;10.7;0.00;83.0;IFS
loire_sur_rhone;AROMEIFS;2026-10-17T10:00;IFS;10.60;22.20;340.0;11.0;0.00;82.0;IFS
loire_sur_rhone;AROMEIFS;2026-10-17T11:00;IFS;10.80;22.70;345.0;11.4;0.00;82.0;IFS
loire_sur_rhone;AROMEIFS;2026-10-17T12:00;IFS;10.90;23.50;348.0;11.7;0.00;83.0;IFS
loire_sur_rhone;AROMEIFS;2026-10-17T13:00;IFS;11.00;24.10;351.0;12.0;0.00;83.0;IFS
loire_sur_rhone;AROMEIFS;2026-10-17T14:00;IFS;11.10;24.50;353.0;12.1;0.00;84.0;IFS
loire_sur_rhone;AROMEIFS;2026-10-17T15:00;IFS;10.90;24.90;354.0;12.1;0.00;86.0;IFS
loire_sur_rhone;AROMEIFS;2026-10-17T16:00;IFS;10.60;25.10;354.0;11.9;0.00;88.0;IFS
loire_sur_rhone;AROMEIFS;2026-10-17T17:00;IFS;10.20;25.30;353.0;11.6;0.00;91.0;IFS
loire_sur_rhone;AROMEIFS;2026-10-17T18:00;IFS;9.80;25.30;352.0;11.3;0.00;93.0;IFS
loire_sur_rhone;AROMEIFS;2026-10-17T19:00;IFS;9.40;25.30;350.0;11.0;0.00;95.0;IFS
loire_sur_rhone;AROMEIFS;2026-10-17T20:00;IFS;9.10;24.90;349.0;10.7;0.00;96.0;IFS
loire_sur_rhone;AROMEIFS;2026-10-17T21:00;IFS;8.90;24.30;347.0;10.4;0.00;95.0;IFS
loire_sur_rhone;AROMEIFS;2026-10-17T22:00;IFS;8.70;23.30;345.0;10.1;0.00;94.0;IFS
loire_sur_rhone;AROMEIFS;2026-10-17T23:00;IFS;8.60;22.20;343.0;9.7;0.00;91.0;IFS
loire_sur_rhone;AROMEIFS;2026-10-18T00:00;IFS;8.50;21.00;341.0;9.4;0.00;89.0;IFS
loire_sur_rhone;AROMEIFS;2026-10-18T01:00;IFS;8.50;19.80;339.0;9.1;0.00;87.0;IFS
loire_sur_rhone;AROMEIFS;2026-10-18T02:00;IFS;8.50;19.00;338.0;9.0;0.00;87.0;IFS
loire_sur_rhone;AROMEIFS;2026-10-18T03:00;IFS;8.50;18.50;338.0;8.9;0.00;88.0;IFS
loire_sur_rhone;AROMEIFS;2026-10-18T04:00;IFS;8.40;18.10;340.0;8.9;0.00;90.0;IFS
loire_sur_rhone;AROMEIFS;2026-10-18T05:00;IFS;8.40;17.70;341.0;8.9;0.00;93.0;IFS
loire_sur_rhone;AROMEIFS;2026-10-18T06:00;IFS;8.40;17.50;342.0;9.0;0.00;96.0;IFS
loire_sur_rhone;AROMEIFS;2026-10-18T07:00;IFS;8.30;17.50;344.0;9.1;0.00;98.0;IFS
loire_sur_rhone;AROMEIFS;2026-10-18T08:00;IFS;8.30;17.30;344.0;9.2;0.00;100.0;IFS
loire_sur_rhone;AROMEIFS;2026-10-18T09:00;IFS;8.20;17.30;345.0;9.4;1.00;100.0;IFS
loire_sur_rhone;AROMEIFS;2026-10-18T10:00;IFS;8.20;17.50;345.0;9.5;1.00;100.0;IFS
loire_sur_rhone;AROMEIFS;2026-10-18T11:00;IFS;8.20;17.90;345.0;9.7;1.00;100.0;IFS
loire_sur_rhone;AROMEIFS;2026-10-18T12:00;IFS;8.00;18.10;344.0;9.9;1.00;100.0;IFS
loire_sur_rhone;AROMEIFS;2026-10-18T13:00;IFS;7.70;18.30;343.0;10.1;1.00;100.0;IFS
loire_sur_rhone;AROMEIFS;2026-10-18T14:00;IFS;7.30;18.10;341.0;10.2;1.00;100.0;IFS
loire_sur_rhone;AROMEIFS;2026-10-18T15:00;IFS;6.60;17.70;338.0;10.2;0.30;99.0;IFS
loire_sur_rhone;AROMEIFS;2026-10-18T16:00;IFS;5.70;17.30;330.0;10.2;0.30;97.0;IFS
loire_sur_rhone;AROMEIFS;2026-10-18T17:00;IFS;4.80;16.70;320.0;10.2;0.30;96.0;IFS
loire_sur_rhone;AROMEIFS;2026-10-18T18:00;IFS;4.20;15.90;306.0;10.2;0.30;94.0;IFS
loire_sur_rhone;AROMEIFS;2026-10-18T19:00;IFS;3.80;15.20;291.0;10.1;0.30;92.0;IFS
loire_sur_rhone;AROMEIFS;2026-10-18T20:00;IFS;3.70;14.20;279.0;10.1;0.30;91.0;IFS
loire_sur_rhone;AROMEIFS;2026-10-18T21:00;IFS;3.60;13.20;273.0;10.0;0.00;90.0;IFS
loire_sur_rhone;AROMEIFS;2026-10-18T22:00;IFS;3.40;11.90;273.0;9.9;0.00;90.0;IFS
loire_sur_rhone;AROMEIFS;2026-10-18T23:00;IFS;3.10;10.50;275.0;9.8;0.00;89.0;IFS
loire_sur_rhone;AROMEIFS;2026-10-19T00:00;IFS;2.80;9.10;280.0;9.7;0.00;89.0;IFS
loire_sur_rhone;AROMEIFS;2026-10-19T01:00;IFS;2.50;8.00;286.0;9.5;0.00;90.0;IFS
loire_sur_rhone;AROMEIFS;2026-10-19T02:00;IFS;2.20;7.00;291.0;9.2;0.00;90.0;IFS
loire_sur_rhone;AROMEIFS;2026-10-19T03:00;IFS;1.80;6.20;295.0;8.8;0.00;92.0;IFS
loire_sur_rhone;AROMEIFS;2026-10-19T04:00;IFS;1.40;5.60;298.0;8.0;0.00;95.0;IFS
loire_sur_rhone;AROMEIFS;2026-10-19T05:00;IFS;1.10;5.10;308.0;7.3;0.00;98.0;IFS
loire_sur_rhone;AROMEIFS;2026-10-19T06:00;IFS;0.80;4.90;320.0;6.7;0.00;100.0;IFS
loire_sur_rhone;AROMEIFS;2026-10-19T07:00;IFS;0.70;4.90;352.0;6.3;0.00;100.0;IFS
loire_sur_rhone;AROMEIFS;2026-10-19T08:00;IFS;0.90;5.10;13.0;6.5;0.00;98.0;IFS
loire_sur_rhone;AROMEIFS;2026-10-19T09:00;IFS;1.40;5.80;25.0;7.3;0.00;90.0;IFS
loire_sur_rhone;AROMEIFS;2026-10-19T10:00;IFS;2.20;7.00;27.0;8.8;0.00;77.0;IFS
loire_sur_rhone;AROMEIFS;2026-10-19T11:00;IFS;2.90;8.60;26.0;10.5;0.00;63.0;IFS
loire_sur_rhone;AROMEIFS;2026-10-19T12:00;IFS;3.70;10.10;25.0;12.2;0.00;48.0;IFS
loire_sur_rhone;AROMEIFS;2026-10-19T13:00;IFS;4.20;11.30;23.0;13.7;0.00;36.0;IFS
loire_sur_rhone;AROMEIFS;2026-10-19T14:00;IFS;4.50;12.20;20.0;14.5;0.00;27.0;IFS
loire_sur_rhone;AROMEIFS;2026-10-19T15:00;IFS;4.30;12.80;14.0;14.7;0.00;23.0;IFS
loire_sur_rhone;AROMEIFS;2026-10-19T16:00;IFS;3.90;13.00;4.0;14.5;0.00;23.0;IFS
loire_sur_rhone;AROMEIFS;2026-10-19T17:00;IFS;3.60;13.20;347.0;14.0;0.00;25.0;IFS
loire_sur_rhone;AROMEIFS;2026-10-19T18:00;IFS;3.50;13.20;330.0;13.3;0.00;28.0;IFS
loire_sur_rhone;AROMEIFS;2026-10-19T19:00;IFS;3.60;13.00;316.0;12.6;0.00;29.0;IFS
loire_sur_rhone;AROMEIFS;2026-10-19T20:00;IFS;3.80;12.60;308.0;12.0;0.00;29.0;IFS
loire_sur_rhone;AROMEIFS;2026-10-19T21:00;IFS;3.80;12.10;306.0;11.5;0.00;25.0;IFS
loire_sur_rhone;AROMEIFS;2026-10-19T22:00;IFS;3.70;11.30;309.0;11.0;0.00;19.0;IFS
loire_sur_rhone;AROMEIFS;2026-10-19T23:00;IFS;3.50;10.30;314.0;10.4;0.00;11.0;IFS
loire_sur_rhone;AROMEIFS;2026-10-20T00:00;IFS;3.30;9.30;320.0;9.9;0.00;5.0;IFS
loire_sur_rhone;AROMEIFS;2026-10-20T01:00;IFS;3.10;8.60;325.0;9.3;0.00;2.0;IFS
loire_sur_rhone;AROMEIFS;2026-10-20T02:00;IFS;2.80;8.00;326.0;8.8;0.00;5.0;IFS
loire_sur_rhone;AROMEIFS;2026-10-20T03:00;IFS;2.40;7.80;320.0;8.1;0.00;15.0;IFS
loire_sur_rhone;AROMEIFS;2026-10-20T04:00;IFS;1.90;7.60;307.0;7.2;0.00;31.0;IFS
loire_sur_rhone;AROMEIFS;2026-10-20T05:00;IFS;1.70;7.80;283.0;6.4;0.00;51.0;IFS
loire_sur_rhone;AROMEIFS;2026-10-20T06:00;IFS;1.90;8.00;258.0;5.7;0.00;71.0;IFS
loire_sur_rhone;AROMEIFS;2026-10-20T07:00;IFS;2.00;8.40;247.0;5.3;0.00;88.0;IFS
loire_sur_rhone;AROMEIFS;2026-10-20T08:00;IFS;2.00;8.90;247.0;5.4;0.00;99.0;IFS
loire_sur_rhone;AROMEIFS;2026-10-20T09:00;IFS;1.70;9.70;267.0;6.2;0.00;100.0;IFS
loire_sur_rhone;AROMEIFS;2026-10-20T10:00;IFS;1.70;10.90;306.0;7.6;0.00;100.0;IFS
loire_sur_rhone;AROMEIFS;2026-10-20T11:00;IFS;2.60;12.20;338.0;9.3;0.00;100.0;IFS
loire_sur_rhone;AROMEIFS;2026-10-20T12:00;IFS;3.90;13.60;351.0;11.1;0.00;100.0;IFS
loire_sur_rhone;AROMEIFS;2026-10-20T13:00;IFS;5.20;14.80;355.0;12.6;0.00;97.0;IFS
loire_sur_rhone;AROMEIFS;2026-10-20T14:00;IFS;6.20;15.70;355.0;13.5;0.00;95.0;IFS
loire_sur_rhone;AROMEIFS;2026-10-20T15:00;IFS;6.80;16.50;351.0;13.9;0.00;95.0;IFS
loire_sur_rhone;AROMEIFS;2026-10-20T16:00;IFS;7.30;16.90;345.0;13.9;0.00;94.0;IFS
loire_sur_rhone;AROMEIFS;2026-10-20T17:00;IFS;7.80;17.30;339.0;13.6;0.00;94.0;IFS
loire_sur_rhone;AROMEIFS;2026-10-20T18:00;IFS;8.30;17.70;333.0;13.1;0.00;94.0;IFS
loire_sur_rhone;AROMEIFS;2026-10-20T19:00;IFS;8.80;17.90;328.0;12.6;0.00;94.0;IFS
loire_sur_rhone;AROMEIFS;2026-10-20T20:00;IFS;9.20;18.30;325.0;12.2;0.00;94.0;IFS
loire_sur_rhone;AROMEIFS;2026-10-20T21:00;IFS;9.50;18.70;324.0;11.8;0.00;94.0;IFS
loire_sur_rhone;AROMEIFS;2026-10-20T22:00;IFS;9.50;18.90;324.0;11.3;0.00;93.0;IFS
loire_sur_rhone;AROMEIFS;2026-10-20T23:00;IFS;9.50;19.20;325.0;10.7;0.00;93.0;IFS
loire_sur_rhone;AROMEIFS;2026-10-21T00:00;IFS;9.40;19.40;325.0;10.2;0.00;93.0;IFS
loire_sur_rhone;AROMEIFS;2026-10-21T01:00;IFS;9.20;19.60;325.0;9.7;0.00;92.0;IFS
loire_sur_rhone;AROMEIFS;2026-10-21T02:00;IFS;9.10;19.60;325.0;9.2;0.00;92.0;IFS
loire_sur_rhone;AROMEIFS;2026-10-21T03:00;IFS;8.90;19.60;325.0;8.8;0.00;93.0;IFS
loire_sur_rhone;AROMEIFS;2026-10-21T04:00;IFS;8.70;19.20;324.0;8.3;0.00;95.0;IFS
loire_sur_rhone;AROMEIFS;2026-10-21T05:00;IFS;8.50;19.00;322.0;7.9;0.00;96.0;IFS
loire_sur_rhone;AROMEIFS;2026-10-21T06:00;IFS;8.20;18.70;321.0;7.6;0.00;97.0;IFS
loire_sur_rhone;AROMEIFS;2026-10-21T07:00;IFS;7.80;18.50;321.0;7.5;0.00;96.0;IFS
loire_sur_rhone;AROMEIFS;2026-10-21T08:00;IFS;7.40;18.30;321.0;7.7;0.00;91.0;IFS
loire_sur_rhone;AROMEIFS;2026-10-21T09:00;IFS;6.80;18.30;323.0;8.4;0.00;81.0;IFS
loire_sur_rhone;AROMEIFS;2026-10-21T10:00;IFS;6.10;18.50;327.0;9.5;0.00;68.0;IFS
loire_sur_rhone;AROMEIFS;2026-10-21T11:00;IFS;5.30;18.50;333.0;10.7;0.00;52.0;IFS
loire_sur_rhone;AROMEIFS;2026-10-21T12:00;IFS;4.70;18.70;341.0;12.0;0.00;35.0;IFS
loire_sur_rhone;AROMEIFS;2026-10-21T13:00;IFS;4.20;18.50;349.0;13.0;0.00;21.0;IFS
loire_sur_rhone;AROMEIFS;2026-10-21T14:00;IFS;3.60;18.10;355.0;13.6;0.00;11.0;IFS
loire_sur_rhone;AROMEIFS;2026-10-21T15:00;IFS;3.00;17.30;358.0;13.6;0.00;5.0;IFS
loire_sur_rhone;AROMEIFS;2026-10-21T16:00;IFS;2.30;16.10;358.0;13.2;0.00;2.0;IFS
loire_sur_rhone;AROMEIFS;2026-10-21T17:00;IFS;1.70;14.80;350.0;12.6;0.00;1.0;IFS
loire_sur_rhone;AROMEIFS;2026-10-21T18:00;IFS;1.10;13.40;333.0;11.9;0.00;0.0;IFS
loire_sur_rhone;AROMEIFS;2026-10-21T19:00;IFS;0.80;12.10;300.0;11.2;0.00;0.0;IFS
loire_sur_rhone;AROMEIFS;2026-10-21T20:00;IFS;0.80;10.70;270.0;10.5;0.00;0.0;IFS
loire_sur_rhone;AROMEIFS;2026-10-21T21:00;IFS;0.80;9.30;256.0;10.0;0.00;0.0;IFS
loire_sur_rhone;AROMEIFS;2026-10-21T22:00;IFS;0.70;8.00;247.0;9.3;0.00;0.0;IFS
loire_sur_rhone;AROMEIFS;2026-10-21T23:00;IFS;0.70;6.60;243.0;8.7;0.00;0.0;IFS
loire_sur_rhone;AROMEIFS;2026-10-22T00:00;IFS;0.50;5.40;248.0;8.1;0.00;0.0;IFS
loire_sur_rhone;AROMEIFS;2026-10-22T01:00;IFS;0.40;4.30;256.0;7.6;0.00;0.0;IFS
loire_sur_rhone;AROMEIFS;2026-10-22T02:00;IFS;0.40;3.50;270.0;7.1;0.00;0.0;IFS
loire_sur_rhone;AROMEIFS;2026-10-22T03:00;IFS;0.40;2.90;270.0;6.6;0.00;0.0;IFS
loire_sur_rhone;AROMEIFS;2026-10-22T04:00;IFS;0.50;2.70;281.0;6.0;0.00;0.0;IFS
loire_sur_rhone;AROMEIFS;2026-10-22T05:00;IFS;0.60;2.50;288.0;5.4;0.00;0.0;IFS
loire_sur_rhone;AROMEIFS;2026-10-22T06:00;IFS;0.70;2.50;293.0;5.1;0.00;0.0;IFS
loire_sur_rhone;AROMEIFS;2026-10-22T07:00;IFS;0.90;2.70;297.0;5.0;0.00;0.0;IFS
loire_sur_rhone;AROMEIFS;2026-10-22T08:00;IFS;0.80;3.10;306.0;5.3;0.00;0.0;IFS
loire_sur_rhone;AROMEIFS;2026-10-22T09:00;IFS;0.80;3.70;324.0;6.2;0.00;0.0;IFS
loire_sur_rhone;AROMEIFS;2026-10-22T10:00;IFS;0.90;4.70;354.0;7.7;0.00;0.0;IFS
loire_sur_rhone;AROMEIFS;2026-10-22T11:00;IFS;1.20;5.80;14.0;9.5;0.00;0.0;IFS
loire_sur_rhone;AROMEIFS;2026-10-22T12:00;IFS;1.50;6.80;23.0;11.2;0.00;0.0;IFS
loire_sur_rhone;AROMEIFS;2026-10-22T13:00;IFS;1.70;7.80;31.0;12.7;0.00;0.0;IFS
loire_sur_rhone;AROMEIFS;2026-10-22T14:00;IFS;1.80;8.60;32.0;13.6;0.00;0.0;IFS
loire_sur_rhone;AROMEIFS;2026-10-22T15:00;IFS;1.70;8.90;31.0;13.8;0.00;0.0;IFS
loire_sur_rhone;AROMEIFS;2026-10-22T16:00;IFS;1.40;9.30;21.0;13.5;0.00;0.0;IFS
loire_sur_rhone;AROMEIFS;2026-10-22T17:00;IFS;1.00;9.50;6.0;13.0;0.00;0.0;IFS
loire_sur_rhone;AROMEIFS;2026-10-22T18:00;IFS;0.70;9.50;337.0;12.2;0.00;0.0;IFS
loire_sur_rhone;AROMEIFS;2026-10-22T19:00;IFS;0.80;9.30;306.0;11.5;0.00;0.0;IFS
loire_sur_rhone;AROMEIFS;2026-10-22T20:00;IFS;0.90;8.90;288.0;10.9;0.00;0.0;IFS
loire_sur_rhone;AROMEIFS;2026-10-22T21:00;IFS;0.90;8.20;283.0;10.3;0.00;0.0;IFS
loire_sur_rhone;AROMEIFS;2026-10-22T22:00;IFS;0.90;7.00;276.0;9.7;0.00;0.0;IFS
loire_sur_rhone;AROMEIFS;2026-10-22T23:00;IFS;0.80;5.60;270.0;9.1;0.00;0.0;IFS
loire_sur_rhone;AROMEIFS;2026-10-23T00:00;IFS;0.60;4.30;270.0;8.5;0.00;0.0;IFS
loire_sur_rhone;AROMEIFS;2026-10-23T01:00;IFS;0.50;2.90;270.0;8.0;0.00;0.0;IFS
loire_sur_rhone;AROMEIFS;2026-10-23T02:00;IFS;0.40;2.10;270.0;7.5;0.00;5.0;IFS
loire_sur_rhone;AROMEIFS;2026-10-23T03:00;IFS;0.40;1.60;270.0;7.0;0.00;17.0;IFS
loire_sur_rhone;AROMEIFS;2026-10-23T04:00;IFS;0.40;1.40;270.0;6.3;0.00;34.0;IFS
loire_sur_rhone;AROMEIFS;2026-10-23T05:00;IFS;0.50;1.20;281.0;5.8;0.00;54.0;IFS
loire_sur_rhone;AROMEIFS;2026-10-23T06:00;IFS;0.50;1.20;292.0;5.4;0.00;72.0;IFS
loire_sur_rhone;AROMEIFS;2026-10-23T07:00;IFS;0.60;1.40;301.0;5.3;0.00;86.0;IFS
loire_sur_rhone;AROMEIFS;2026-10-23T08:00;IFS;0.50;1.70;315.0;5.6;0.00;91.0;IFS
loire_sur_rhone;AROMEIFS;2026-10-23T09:00;IFS;0.60;2.50;342.0;6.6;0.00;85.0;IFS
loire_sur_rhone;AROMEIFS;2026-10-23T10:00;IFS;0.90;3.70;360.0;8.3;0.00;70.0;IFS
loire_sur_rhone;AROMEIFS;2026-10-23T11:00;IFS;1.30;5.10;17.0;10.2;0.00;51.0;IFS
loire_sur_rhone;AROMEIFS;2026-10-23T12:00;IFS;1.70;6.40;21.0;12.2;0.00;30.0;IFS
loire_sur_rhone;AROMEIFS;2026-10-23T13:00;IFS;1.90;7.60;24.0;13.7;0.00;12.0;IFS
loire_sur_rhone;AROMEIFS;2026-10-23T14:00;IFS;2.00;8.40;25.0;14.7;0.00;0.0;IFS
loire_sur_rhone;AROMEIFS;2026-10-23T15:00;IFS;1.90;8.70;24.0;14.9;0.00;0.0;IFS
loire_sur_rhone;AROMEIFS;2026-10-23T16:00;IFS;1.50;9.10;18.0;14.5;0.00;0.0;IFS
loire_sur_rhone;AROMEIFS;2026-10-23T17:00;IFS;1.10;9.10;10.0;13.8;0.00;0.0;IFS
loire_sur_rhone;AROMEIFS;2026-10-23T18:00;IFS;0.60;9.10;342.0;13.0;0.00;0.0;IFS
loire_sur_rhone;AROMEIFS;2026-10-23T19:00;IFS;0.60;8.70;301.0;12.2;0.00;3.0;IFS
loire_sur_rhone;AROMEIFS;2026-10-23T20:00;IFS;0.70;8.40;270.0;11.5;0.00;4.0;IFS
loire_sur_rhone;AROMEIFS;2026-10-23T21:00;IFS;0.80;7.60;256.0;10.9;0.00;4.0;IFS
loire_sur_rhone;AROMEIFS;2026-10-23T22:00;IFS;0.80;6.40;249.0;10.3;0.00;3.0;IFS
loire_sur_rhone;AROMEIFS;2026-10-23T23:00;IFS;0.80;5.10;240.0;9.8;0.00;1.0;IFS
loire_sur_rhone;AROMEIFS;2026-10-24T00:00;IFS;0.70;3.90;236.0;9.2;0.00;0.0;IFS
loire_sur_rhone;AROMEIFS;2026-10-24T01:00;IFS;0.70;2.70;236.0;8.7;0.00;0.0;IFS
loire_sur_rhone;AROMEIFS;2026-10-24T02:00;IFS;0.60;1.90;231.0;8.2;0.00;0.0;IFS
loire_sur_rhone;AROMEIFS;2026-10-24T03:00;IFS;0.60;1.60;239.0;7.7;0.00;1.0;IFS
loire_sur_rhone;AROMEIFS;2026-10-24T04:00;IFS;0.50;1.40;259.0;7.1;0.00;4.0;IFS
loire_sur_rhone;AROMEIFS;2026-10-24T05:00;IFS;0.50;1.20;281.0;6.5;0.00;7.0;IFS
loire_sur_rhone;AROMEIFS;2026-10-24T06:00;IFS;0.50;1.40;307.0;6.1;0.00;10.0;IFS
loire_sur_rhone;AROMEIFS;2026-10-24T07:00;IFS;0.60;1.70;321.0;6.0;0.00;12.0;IFS
loire_sur_rhone;AROMEIFS;2026-10-24T08:00;IFS;0.70;2.10;337.0;6.3;0.00;13.0;IFS
loire_sur_rhone;AROMEIFS;2026-10-24T09:00;IFS;0.90;2.90;354.0;7.3;0.00;12.0;IFS
loire_sur_rhone;AROMEIFS;2026-10-24T10:00;IFS;1.10;3.90;5.0;8.9;0.00;10.0;IFS
loire_sur_rhone;AROMEIFS;2026-10-24T11:00;IFS;1.30;5.20;17.0;10.8;0.00;7.0;IFS
loire_sur_rhone;AROMEIFS;2026-10-24T12:00;IFS;1.60;6.40;25.0;12.8;0.00;4.0;IFS
loire_sur_rhone;AROMEIFS;2026-10-24T13:00;IFS;1.70;7.40;27.0;14.3;0.00;2.0;IFS
loire_sur_rhone;AROMEIFS;2026-10-24T14:00;IFS;1.80;8.20;25.0;15.2;0.00;0.0;IFS
loire_sur_rhone;AROMEIFS;2026-10-24T15:00;IFS;1.70;8.60;16.0;15.4;0.00;0.0;IFS
loire_sur_rhone;AROMEIFS;2026-10-24T16:00;IFS;1.60;8.70;360.0;15.0;0.00;0.0;IFS
loire_sur_rhone;AROMEIFS;2026-10-24T17:00;IFS;1.50;8.70;337.0;14.4;0.00;0.0;IFS
loire_sur_rhone;AROMEIFS;2026-10-24T18:00;IFS;1.60;8.70;315.0;13.5;0.00;0.0;IFS
loire_sur_rhone;AROMEIFS;2026-10-24T19:00;IFS;2.00;8.60;303.0;12.6;0.00;0.0;IFS
loire_sur_rhone;AROMEIFS;2026-10-24T20:00;IFS;2.00;8.20;295.0;11.8;0.00;0.0;IFS
loire_sur_rhone;AROMEIFS;2026-10-24T21:00;IFS;2.00;7.60;290.0;11.1;0.00;1.0;IFS
loire_sur_rhone;AROMEIFS;2026-10-24T22:00;IFS;1.70;7.00;291.0;10.3;0.00;2.0;IFS
loire_sur_rhone;AROMEIFS;2026-10-24T23:00;IFS;1.30;6.00;287.0;9.4;0.00;3.0;IFS
loire_sur_rhone;AROMEIFS;2026-10-25T00:00;IFS;0.90;5.20;283.0;8.6;0.00;4.0;IFS
loire_sur_rhone;AROMEIFS;2026-10-25T01:00;IFS;0.50;4.70;281.0;7.9;0.00;5.0;IFS
loire_sur_rhone;AROMEIFS;2026-10-25T02:00;IFS;0.30;4.10;270.0;7.4;0.00;6.0;IFS
messery;AROMEIFS;2026-10-10T00:00;AROMEHD;7.00;10.30;178.0;13.8;0.00;23.0;AROMEHD
messery;AROMEIFS;2026-10-10T01:00;AROMEHD;8.20;11.70;232.0;14.4;0.00;25.0;AROMEHD
messery;AROMEIFS;2026-10-10T02:00;AROMEHD;9.40;13.80;212.0;14.7;0.00;100.0;AROMEHD
messery;AROMEIFS;2026-10-10T03:00;AROMEHD;10.60;13.80;227.0;14.0;0.00;100.0;AROMEHD
messery;AROMEIFS;2026-10-10T04:00;AROMEHD;11.30;14.80;235.0;13.6;0.20;100.0;AROMEHD
messery;AROMEIFS;2026-10-10T05:00;AROMEHD;12.70;16.10;212.0;13.5;0.80;100.0;AROMEHD
messery;AROMEIFS;2026-10-10T06:00;AROMEHD;11.10;16.30;234.0;13.0;0.50;100.0;AROMEHD
messery;AROMEIFS;2026-10-10T07:00;AROMEHD;11.00;15.70;212.0;13.5;0.30;100.0;AROMEHD
messery;AROMEIFS;2026-10-10T08:00;AROMEHD;9.90;16.10;235.0;13.4;0.00;96.0;AROMEHD
messery;AROMEIFS;2026-10-10T09:00;AROMEHD;10.70;14.00;233.0;13.6;0.00;100.0;AROMEHD
messery;AROMEIFS;2026-10-10T10:00;AROMEHD;9.90;14.20;235.0;13.6;0.00;100.0;AROMEHD
messery;AROMEIFS;2026-10-10T11:00;AROMEHD;10.90;14.40;230.0;14.1;0.00;100.0;AROMEHD
messery;AROMEIFS;2026-10-10T12:00;AROMEHD;10.70;14.40;224.0;14.9;0.10;100.0;AROMEHD
messery;AROMEIFS;2026-10-10T13:00;AROMEHD;10.70;15.90;225.0;15.0;0.70;89.0;AROMEHD
messery;AROMEIFS;2026-10-10T14:00;AROMEHD;10.00;14.00;213.0;15.9;0.00;57.0;AROMEHD
messery;AROMEIFS;2026-10-10T15:00;AROMEHD;12.50;15.90;227.0;16.5;0.10;100.0;AROMEHD
messery;AROMEIFS;2026-10-10T16:00;AROMEHD;11.30;16.30;228.0;16.1;0.50;91.0;AROMEHD
messery;AROMEIFS;2026-10-10T17:00;AROMEHD;11.30;15.20;229.0;16.7;0.00;100.0;AROMEHD
messery;AROMEIFS;2026-10-10T18:00;AROMEHD;9.80;14.60;223.0;16.7;0.00;25.0;AROMEHD
messery;AROMEIFS;2026-10-10T19:00;AROMEHD;11.10;14.20;241.0;16.4;0.00;100.0;AROMEHD
messery;AROMEIFS;2026-10-10T20:00;AROMEHD;8.20;15.20;208.0;15.4;1.30;100.0;AROMEHD
messery;AROMEIFS;2026-10-10T21:00;AROMEHD;10.60;14.40;212.0;15.8;0.00;1.0;AROMEHD
messery;AROMEIFS;2026-10-10T22:00;AROMEHD;9.90;14.40;195.0;14.8;0.00;2.0;AROMEHD
messery;AROMEIFS;2026-10-10T23:00;AROMEHD;8.30;13.00;191.0;14.2;0.00;91.0;AROMEHD
messery;AROMEIFS;2026-10-11T00:00;AROMEHD;10.30;14.20;202.0;14.2;0.00;100.0;AROMEHD
messery;AROMEIFS;2026-10-11T01:00;AROMEHD;4.30;13.80;216.0;14.1;0.00;10.0;AROMEHD
messery;AROMEIFS;2026-10-11T02:00;AROMEHD;6.20;8.90;208.0;13.8;0.00;10.0;AROMEHD
messery;AROMEIFS;2026-10-11T03:00;AROMEHD;8.40;11.90;228.0;13.8;0.00;21.0;AROMEHD
messery;AROMEIFS;2026-10-11T04:00;AROMEHD;8.10;12.40;200.0;12.9;0.00;85.0;AROMEHD
messery;AROMEIFS;2026-10-11T05:00;AROMEHD;6.80;10.90;193.0;12.2;0.00;74.0;AROMEHD
messery;AROMEIFS;2026-10-11T06:00;AROMEHD;5.00;9.30;234.0;12.1;0.00;94.0;AROMEHD
messery;AROMEIFS;2026-10-11T07:00;AROMEHD;3.10;7.60;198.0;11.8;0.00;25.0;AROMEHD
messery;AROMEIFS;2026-10-11T08:00;AROMEHD;4.30;5.80;190.0;11.4;0.00;25.0;AROMEHD
messery;AROMEIFS;2026-10-11T09:00;AROMEHD;5.90;8.60;214.0;11.6;0.00;25.0;AROMEHD
messery;AROMEIFS;2026-10-11T10:00;AROMEHD;6.00;9.10;213.0;11.7;0.00;25.0;AROMEHD
messery;AROMEIFS;2026-10-11T11:00;AROMEHD;5.70;9.10;221.0;12.1;0.00;25.0;AROMEHD
messery;AROMEIFS;2026-10-11T12:00;AROMEHD;5.00;8.20;206.0;12.9;0.00;25.0;AROMEHD
messery;AROMEIFS;2026-10-11T13:00;AROMEHD;4.50;7.80;223.0;13.8;0.00;25.0;AROMEHD
messery;AROMEIFS;2026-10-11T14:00;AROMEHD;4.30;5.60;36.0;14.0;0.00;25.0;AROMEHD
messery;AROMEIFS;2026-10-11T15:00;AROMEHD;5.00;8.60;54.0;14.7;0.00;80.0;AROMEHD
messery;AROMEIFS;2026-10-11T16:00;AROMEHD;3.90;8.60;70.0;15.1;0.00;100.0;AROMEHD
messery;AROMEIFS;2026-10-11T17:00;AROMEHD;4.50;7.20;59.0;15.3;0.00;100.0;AROMEHD
messery;AROMEIFS;2026-10-11T18:00;AROMEHD;4.30;7.40;43.0;15.3;0.00;100.0;AROMEHD
messery;AROMEIFS;2026-10-11T19:00;AROMEHD;4.20;6.60;11.0;15.4;0.00;81.0;AROMEHD
messery;AROMEIFS;2026-10-11T20:00;AROMEHD;12.70;15.90;337.0;14.7;0.00;15.0;AROMEHD
messery;AROMEIFS;2026-10-11T21:00;AROMEHD;12.10;16.50;341.0;13.9;0.00;0.0;AROMEHD
messery;AROMEIFS;2026-10-11T22:00;AROMEHD;5.40;15.20;13.0;13.3;0.00;10.0;AROMEHD
messery;AROMEIFS;2026-10-11T23:00;AROMEHD;1.80;7.60;131.0;11.9;0.00;0.0;AROMEHD
messery;AROMEIFS;2026-10-12T00:00;AROMEHD;1.00;2.50;90.0;11.8;0.00;0.0;AROMEHD
messery;AROMEIFS;2026-10-12T01:00;AROMEHD;3.00;5.10;310.0;12.1;0.00;0.0;AROMEHD
messery;AROMEIFS;2026-10-12T02:00;AROMEHD;4.60;7.20;345.0;12.6;0.00;0.0;AROMEHD
messery;AROMEIFS;2026-10-12T03:00;AROMEHD;8.80;13.20;13.0;13.0;0.00;0.0;AROMEHD
messery;AROMEIFS;2026-10-12T04:00;AROMEHD;10.80;16.10;23.0;13.4;0.00;0.0;AROMEHD
messery;AROMEIFS;2026-10-12T05:00;AROMEHD;10.70;15.70;22.0;13.4;0.00;0.0;AROMEHD
messery;AROMEIFS;2026-10-12T06:00;AROMEHD;13.20;18.10;34.0;13.2;0.00;0.0;AROMEHD
messery;AROMEIFS;2026-10-12T07:00;AROMEHD;13.10;18.30;42.0;13.1;0.00;0.0;AROMEHD
messery;AROMEIFS;2026-10-12T08:00;AROMEHD;12.30;18.10;41.0;12.9;0.00;0.0;AROMEHD
messery;AROMEIFS;2026-10-12T09:00;AROMEHD;13.10;17.90;43.0;13.0;0.00;0.0;AROMEHD
messery;AROMEIFS;2026-10-12T10:00;AROMEHD;13.00;18.30;50.0;13.0;0.00;0.0;AROMEHD
messery;AROMEIFS;2026-10-12T11:00;AROMEHD;12.60;18.10;56.0;13.3;0.00;0.0;AROMEHD
messery;AROMEIFS;2026-10-12T12:00;ARPEGE;13.70;19.40;57.0;14.4;0.00;11.0;ARPEGE
messery;AROMEIFS;2026-10-12T13:00;ARPEGE;13.30;19.40;61.0;14.9;0.00;26.0;ARPEGE
messery;AROMEIFS;2026-10-12T14:00;ARPEGE;12.30;18.50;64.0;15.5;0.00;63.0;ARPEGE
messery;AROMEIFS;2026-10-12T15:00;ARPEGE;11.00;17.30;67.0;16.1;0.00;67.0;ARPEGE
messery;AROMEIFS;2026-10-12T16:00;ARPEGE;10.60;15.40;73.0;16.5;0.00;59.0;ARPEGE
messery;AROMEIFS;2026-10-12T17:00;ARPEGE;9.60;14.80;69.0;16.7;0.00;57.0;ARPEGE
messery;AROMEIFS;2026-10-12T18:00;ARPEGE;8.00;13.00;61.0;16.8;0.00;46.0;ARPEGE
messery;AROMEIFS;2026-10-12T19:00;ARPEGE;6.80;10.90;55.0;16.5;0.00;22.0;ARPEGE
messery;AROMEIFS;2026-10-12T20:00;ARPEGE;5.40;8.90;52.0;16.2;0.00;26.0;ARPEGE
messery;AROMEIFS;2026-10-12T21:00;ARPEGE;3.40;7.40;16.0;15.7;0.00;42.0;ARPEGE
messery;AROMEIFS;2026-10-12T22:00;ARPEGE;3.10;5.80;22.0;15.4;0.00;21.0;ARPEGE
messery;AROMEIFS;2026-10-12T23:00;ARPEGE;3.90;6.60;9.0;14.7;0.00;39.0;ARPEGE
messery;AROMEIFS;2026-10-13T00:00;ARPEGE;2.00;5.40;354.0;14.2;0.00;34.0;ARPEGE
messery;AROMEIFS;2026-10-13T01:00;ARPEGE;0.90;2.30;333.0;14.1;0.00;36.0;ARPEGE
messery;AROMEIFS;2026-10-13T02:00;ARPEGE;1.90;3.30;246.0;13.8;0.00;38.0;ARPEGE
messery;AROMEIFS;2026-10-13T03:00;ARPEGE;2.20;3.50;218.0;13.2;0.00;61.0;ARPEGE
messery;AROMEIFS;2026-10-13T04:00;ARPEGE;3.60;4.30;229.0;12.5;0.00;47.0;ARPEGE
messery;AROMEIFS;2026-10-13T05:00;ARPEGE;3.50;4.30;218.0;12.2;0.00;37.0;ARPEGE
messery;AROMEIFS;2026-10-13T06:00;ARPEGE;2.80;4.10;231.0;12.1;0.00;32.0;ARPEGE
messery;AROMEIFS;2026-10-13T07:00;ARPEGE;3.70;4.70;227.0;12.1;0.00;15.0;ARPEGE
messery;AROMEIFS;2026-10-13T08:00;ARPEGE;3.90;4.70;233.0;12.0;0.00;14.0;ARPEGE
messery;AROMEIFS;2026-10-13T09:00;ARPEGE;4.40;5.10;225.0;11.9;0.00;8.0;ARPEGE
messery;AROMEIFS;2026-10-13T10:00;ARPEGE;4.40;5.60;218.0;12.1;0.00;3.0;ARPEGE
messery;AROMEIFS;2026-10-13T11:00;ARPEGE;3.00;5.60;230.0;12.5;0.00;6.0;ARPEGE
messery;AROMEIFS;2026-10-13T12:00;ARPEGE;1.80;5.20;198.0;13.3;0.00;3.0;ARPEGE
messery;AROMEIFS;2026-10-13T13:00;ARPEGE;1.70;2.90;126.0;13.9;0.00;1.0;ARPEGE
messery;AROMEIFS;2026-10-13T14:00;ARPEGE;1.40;3.50;90.0;14.6;0.00;1.0;ARPEGE
messery;AROMEIFS;2026-10-13T15:00;ARPEGE;1.00;3.10;37.0;15.5;0.00;5.0;ARPEGE
messery;AROMEIFS;2026-10-13T16:00;ARPEGE;2.10;4.10;49.0;16.3;0.00;6.0;ARPEGE
messery;AROMEIFS;2026-10-13T17:00;ARPEGE;2.80;4.50;51.0;16.6;0.00;22.0;ARPEGE
messery;AROMEIFS;2026-10-13T18:00;ARPEGE;2.60;4.50;63.0;16.7;0.00;31.0;ARPEGE
messery;AROMEIFS;2026-10-13T19:00;ARPEGE;1.40;3.90;56.0;16.5;0.00;29.0;ARPEGE
messery;AROMEIFS;2026-10-13T20:00;ARPEGE;0.40;1.70;90.0;16.5;0.00;30.0;ARPEGE
messery;AROMEIFS;2026-10-13T21:00;ARPEGE;2.70;3.30;300.0;16.0;0.00;14.0;ARPEGE
messery;AROMEIFS;2026-10-13T22:00;ARPEGE;2.80;6.40;304.0;15.6;0.00;21.0;ARPEGE
messery;AROMEIFS;2026-10-13T23:00;ARPEGE;2.60;5.20;297.0;15.3;0.00;83.0;ARPEGE
messery;AROMEIFS;2026-10-14T00:00;ARPEGE;1.40;4.50;286.0;15.5;0.00;96.0;ARPEGE
messery;AROMEIFS;2026-10-14T01:00;ARPEGE;0.40;1.90;207.0;14.8;0.00;94.0;ARPEGE
messery;AROMEIFS;2026-10-14T02:00;ARPEGE;1.60;2.30;187.0;14.5;0.00;100.0;ARPEGE
messery;AROMEIFS;2026-10-14T03:00;ARPEGE;1.70;1.90;234.0;14.3;0.00;51.0;ARPEGE
messery;AROMEIFS;2026-10-14T04:00;ARPEGE;3.20;3.70;194.0;14.1;0.00;88.0;ARPEGE
messery;AROMEIFS;2026-10-14T05:00;ARPEGE;2.50;4.30;212.0;13.8;0.00;89.0;ARPEGE
messery;AROMEIFS;2026-10-14T06:00;ARPEGE;1.60;3.30;187.0;13.2;0.00;17.0;ARPEGE
messery;AROMEIFS;2026-10-14T07:00;ARPEGE;2.00;3.50;287.0;14.0;0.00;0.0;ARPEGE
messery;AROMEIFS;2026-10-14T08:00;ARPEGE;3.40;2.90;193.0;13.3;0.00;14.0;ARPEGE
messery;AROMEIFS;2026-10-14T09:00;ARPEGE;4.40;4.50;201.0;13.1;0.00;43.0;ARPEGE
messery;AROMEIFS;2026-10-14T10:00;ARPEGE;3.50;4.70;243.0;13.4;0.00;51.0;ARPEGE
messery;AROMEIFS;2026-10-14T11:00;ARPEGE;2.20;4.30;232.0;14.4;0.00;58.0;ARPEGE
messery;AROMEIFS;2026-10-14T12:00;ARPEGE;1.40;3.10;124.0;16.0;0.00;3.0;ARPEGE
messery;AROMEIFS;2026-10-14T13:00;ARPEGE;9.30;10.50;57.0;18.0;0.00;0.0;ARPEGE
messery;AROMEIFS;2026-10-14T14:00;ARPEGE;13.70;18.70;60.0;18.8;0.00;5.0;ARPEGE
messery;AROMEIFS;2026-10-14T15:00;IFS;7.60;11.10;44.0;20.5;0.00;0.0;IFS
messery;AROMEIFS;2026-10-14T16:00;IFS;6.60;11.10;53.0;20.5;0.00;0.0;IFS
messery;AROMEIFS;2026-10-14T17:00;IFS;6.00;11.10;56.0;20.4;0.00;0.0;IFS
messery;AROMEIFS;2026-10-14T18:00;IFS;5.80;11.10;42.0;20.0;0.00;0.0;IFS
messery;AROMEIFS;2026-10-14T19:00;IFS;6.30;10.90;23.0;19.5;0.00;0.0;IFS
messery;AROMEIFS;2026-10-14T20:00;IFS;6.90;10.70;12.0;19.0;0.00;0.0;IFS
messery;AROMEIFS;2026-10-14T21:00;IFS;6.10;10.50;15.0;18.6;0.00;0.0;IFS
messery;AROMEIFS;2026-10-14T22:00;IFS;5.00;10.10;27.0;18.1;0.00;0.0;IFS
messery;AROMEIFS;2026-10-14T23:00;IFS;4.20;9.50;38.0;17.7;0.00;0.0;IFS
messery;AROMEIFS;2026-10-15T00:00;IFS;3.70;8.60;41.0;17.2;0.00;2.0;IFS
messery;AROMEIFS;2026-10-15T01:00;IFS;3.20;7.60;38.0;16.8;0.00;5.0;IFS
messery;AROMEIFS;2026-10-15T02:00;IFS;3.00;7.00;29.0;16.4;0.00;10.0;IFS
messery;AROMEIFS;2026-10-15T03:00;IFS;3.40;7.40;18.0;16.1;0.00;18.0;IFS
messery;AROMEIFS;2026-10-15T04:00;IFS;4.10;8.00;9.0;15.9;0.00;29.0;IFS
messery;AROMEIFS;2026-10-15T05:00;IFS;4.70;8.60;6.0;15.7;0.00;36.0;IFS
messery;AROMEIFS;2026-10-15T06:00;IFS;4.60;8.60;7.0;15.6;0.00;39.0;IFS
messery;AROMEIFS;2026-10-15T07:00;IFS;4.20;8.40;13.0;15.5;0.00;38.0;IFS
messery;AROMEIFS;2026-10-15T08:00;IFS;3.70;8.00;20.0;15.4;0.00;38.0;IFS
messery;AROMEIFS;2026-10-15T09:00;IFS;3.10;7.80;30.0;15.4;0.00;38.0;IFS
messery;AROMEIFS;2026-10-15T10:00;IFS;2.50;7.40;47.0;15.4;0.00;39.0;IFS
messery;AROMEIFS;2026-10-15T11:00;IFS;2.30;7.00;65.0;15.6;0.00;37.0;IFS
messery;AROMEIFS;2026-10-15T12:00;IFS;1.90;6.40;78.0;16.1;0.00;32.0;IFS
messery;AROMEIFS;2026-10-15T13:00;IFS;1.60;5.60;90.0;16.8;0.00;26.0;IFS
messery;AROMEIFS;2026-10-15T14:00;IFS;1.60;5.20;97.0;17.4;0.00;20.0;IFS
messery;AROMEIFS;2026-10-15T15:00;IFS;2.20;5.40;92.0;17.9;0.00;14.0;IFS
messery;AROMEIFS;2026-10-15T16:00;IFS;3.10;6.00;86.0;18.5;0.00;8.0;IFS
messery;AROMEIFS;2026-10-15T17:00;IFS;3.30;6.40;82.0;18.8;0.00;4.0;IFS
messery;AROMEIFS;2026-10-15T18:00;IFS;2.40;6.60;71.0;18.9;0.00;2.0;IFS
messery;AROMEIFS;2026-10-15T19:00;IFS;1.20;6.40;24.0;18.9;0.00;1.0;IFS
messery;AROMEIFS;2026-10-15T20:00;IFS;1.50;6.20;328.0;18.7;0.00;0.0;IFS
messery;AROMEIFS;2026-10-15T21:00;IFS;1.80;5.60;315.0;18.5;0.00;0.0;IFS
messery;AROMEIFS;2026-10-15T22:00;IFS;1.80;4.70;315.0;18.2;0.00;0.0;IFS
messery;AROMEIFS;2026-10-15T23:00;IFS;1.60;4.10;315.0;17.9;0.00;0.0;IFS
messery;AROMEIFS;2026-10-16T00:00;IFS;1.40;4.90;330.0;17.7;0.00;16.0;IFS
messery;AROMEIFS;2026-10-16T01:00;IFS;1.30;4.50;333.0;17.4;0.00;23.0;IFS
messery;AROMEIFS;2026-10-16T02:00;IFS;1.20;4.30;336.0;17.1;0.00;31.0;IFS
messery;AROMEIFS;2026-10-16T03:00;IFS;1.10;4.30;340.0;16.9;0.00;42.0;IFS
messery;AROMEIFS;2026-10-16T04:00;IFS;1.20;4.30;346.0;16.6;0.00;57.0;IFS
messery;AROMEIFS;2026-10-16T05:00;IFS;1.30;4.50;356.0;16.3;0.00;72.0;IFS
messery;AROMEIFS;2026-10-16T06:00;IFS;1.30;4.70;4.0;16.1;0.00;86.0;IFS
messery;AROMEIFS;2026-10-16T07:00;IFS;1.20;4.90;9.0;16.0;0.00;96.0;IFS
messery;AROMEIFS;2026-10-16T08:00;IFS;1.00;5.10;24.0;16.0;0.00;100.0;IFS
messery;AROMEIFS;2026-10-16T09:00;IFS;0.70;5.20;63.0;16.3;0.00;95.0;IFS
messery;AROMEIFS;2026-10-16T10:00;IFS;1.00;5.60;131.0;16.8;0.00;83.0;IFS
messery;AROMEIFS;2026-10-16T11:00;IFS;2.10;6.00;149.0;17.4;0.00;68.0;IFS
messery;AROMEIFS;2026-10-16T12:00;IFS;3.00;6.40;155.0;18.0;0.00;50.0;IFS
messery;AROMEIFS;2026-10-16T13:00;IFS;3.80;6.80;159.0;18.5;0.00;35.0;IFS
messery;AROMEIFS;2026-10-16T14:00;IFS;4.10;7.00;159.0;18.9;0.00;24.0;IFS
messery;AROMEIFS;2026-10-16T15:00;IFS;3.80;7.20;159.0;19.1;0.00;16.0;IFS
messery;AROMEIFS;2026-10-16T16:00;IFS;3.10;7.20;158.0;19.2;0.00;9.0;IFS
messery;AROMEIFS;2026-10-16T17:00;IFS;2.00;7.20;153.0;19.2;0.00;4.0;IFS
messery;AROMEIFS;2026-10-16T18:00;IFS;1.00;7.40;139.0;19.2;0.00;1.0;IFS
messery;AROMEIFS;2026-10-16T19:00;IFS;0.50;7.40;79.0;19.1;0.00;1.0;IFS
messery;AROMEIFS;2026-10-16T20:00;IFS;0.70;7.60;34.0;18.9;0.00;5.0;IFS
messery;AROMEIFS;2026-10-16T21:00;IFS;0.70;7.80;34.0;18.6;0.40;15.0;IFS
messery;AROMEIFS;2026-10-16T22:00;IFS;0.50;8.20;68.0;18.1;0.40;31.0;IFS
messery;AROMEIFS;2026-10-16T23:00;IFS;0.70;8.40;117.0;17.6;0.40;50.0;IFS
messery;AROMEIFS;2026-10-17T00:00;IFS;1.10;8.70;135.0;17.0;0.40;70.0;IFS
messery;AROMEIFS;2026-10-17T01:00;IFS;1.60;9.10;135.0;16.4;0.40;86.0;IFS
messery;AROMEIFS;2026-10-17T02:00;IFS;2.10;9.50;127.0;15.9;0.40;98.0;IFS
messery;AROMEIFS;2026-10-17T03:00;IFS;2.70;9.90;111.0;15.5;0.60;100.0;IFS
messery;AROMEIFS;2026-10-17T04:00;IFS;3.70;10.50;96.0;15.0;0.60;100.0;IFS
messery;AROMEIFS;2026-10-17T05:00;IFS;5.10;11.10;86.0;14.5;0.60;100.0;IFS
messery;AROMEIFS;2026-10-17T06:00;IFS;6.40;11.70;80.0;14.1;0.60;100.0;IFS
messery;AROMEIFS;2026-10-17T07:00;IFS;7.50;12.20;76.0;13.7;0.60;100.0;IFS
messery;AROMEIFS;2026-10-17T08:00;IFS;8.10;12.60;73.0;13.3;0.60;100.0;IFS
messery;AROMEIFS;2026-10-17T09:00;IFS;8.10;13.00;71.0;13.0;0.20;100.0;IFS
messery;AROMEIFS;2026-10-17T10:00;IFS;7.50;13.40;68.0;12.7;0.20;100.0;IFS
messery;AROMEIFS;2026-10-17T11:00;IFS;6.80;13.80;65.0;12.5;0.20;100.0;IFS
messery;AROMEIFS;2026-10-17T12:00;IFS;6.00;14.00;60.0;12.3;0.20;100.0;IFS
messery;AROMEIFS;2026-10-17T13:00;IFS;5.30;14.20;53.0;12.1;0.20;100.0;IFS
messery;AROMEIFS;2026-10-17T14:00;IFS;5.10;14.20;48.0;11.9;0.20;100.0;IFS
messery;AROMEIFS;2026-10-17T15:00;IFS;5.30;14.00;44.0;11.8;0.00;100.0;IFS
messery;AROMEIFS;2026-10-17T16:00;IFS;5.70;13.80;43.0;11.8;0.00;100.0;IFS
messery;AROMEIFS;2026-10-17T17:00;IFS;6.30;13.40;42.0;11.8;0.00;100.0;IFS
messery;AROMEIFS;2026-10-17T18:00;IFS;6.70;13.00;41.0;11.8;0.00;100.0;IFS
messery;AROMEIFS;2026-10-17T19:00;IFS;7.30;12.60;41.0;11.8;0.00;100.0;IFS
messery;AROMEIFS;2026-10-17T20:00;IFS;7.70;12.60;39.0;11.8;0.00;100.0;IFS
messery;AROMEIFS;2026-10-17T21:00;IFS;8.00;12.60;37.0;11.8;0.00;100.0;IFS
messery;AROMEIFS;2026-10-17T22:00;IFS;8.30;13.00;34.0;11.8;0.00;100.0;IFS
messery;AROMEIFS;2026-10-17T23:00;IFS;8.50;13.20;31.0;11.8;0.00;100.0;IFS
messery;AROMEIFS;2026-10-18T00:00;IFS;8.80;13.60;28.0;11.7;0.00;100.0;IFS
messery;AROMEIFS;2026-10-18T01:00;IFS;9.10;14.00;26.0;11.7;0.00;100.0;IFS
messery;AROMEIFS;2026-10-18T02:00;IFS;9.50;14.60;25.0;11.6;0.00;100.0;IFS
messery;AROMEIFS;2026-10-18T03:00;IFS;10.10;15.20;24.0;11.4;0.30;100.0;IFS
messery;AROMEIFS;2026-10-18T04:00;IFS;10.80;15.90;24.0;11.2;0.30;100.0;IFS
messery;AROMEIFS;2026-10-18T05:00;IFS;11.60;16.70;24.0;10.9;0.30;100.0;IFS
messery;AROMEIFS;2026-10-18T06:00;IFS;12.20;17.70;24.0;10.7;0.30;100.0;IFS
messery;AROMEIFS;2026-10-18T07:00;IFS;12.80;18.50;24.0;10.6;0.30;100.0;IFS
messery;AROMEIFS;2026-10-18T08:00;IFS;13.10;19.00;25.0;10.6;0.30;100.0;IFS
messery;AROMEIFS;2026-10-18T09:00;IFS;13.00;19.60;27.0;10.8;0.10;100.0;IFS
messery;AROMEIFS;2026-10-18T10:00;IFS;12.80;20.20;29.0;11.1;0.10;100.0;IFS
messery;AROMEIFS;2026-10-18T11:00;IFS;12.40;20.80;31.0;11.6;0.10;100.0;IFS
messery;AROMEIFS;2026-10-18T12:00;IFS;12.00;21.40;34.0;12.0;0.10;100.0;IFS
messery;AROMEIFS;2026-10-18T13:00;IFS;11.70;21.60;36.0;12.5;0.10;100.0;IFS
messery;AROMEIFS;2026-10-18T14:00;IFS;11.50;21.60;37.0;12.7;0.10;100.0;IFS
messery;AROMEIFS;2026-10-18T15:00;IFS;11.50;21.20;36.0;12.9;0.00;93.0;IFS
messery;AROMEIFS;2026-10-18T16:00;IFS;11.50;20.60;33.0;12.9;0.00;84.0;IFS
messery;AROMEIFS;2026-10-18T17:00;IFS;11.70;19.60;30.0;13.0;0.00;73.0;IFS
messery;AROMEIFS;2026-10-18T18:00;IFS;11.80;18.70;27.0;12.9;0.00;62.0;IFS
messery;AROMEIFS;2026-10-18T19:00;IFS;12.10;18.10;25.0;12.9;0.00;52.0;IFS
messery;AROMEIFS;2026-10-18T20:00;IFS;12.20;17.50;23.0;12.8;0.00;47.0;IFS
messery;AROMEIFS;2026-10-18T21:00;IFS;12.40;17.30;22.0;12.6;0.00;46.0;IFS
messery;AROMEIFS;2026-10-18T22:00;IFS;12.40;17.30;22.0;12.5;0.00;48.0;IFS
messery;AROMEIFS;2026-10-18T23:00;IFS;12.50;17.50;21.0;12.2;0.00;53.0;IFS
messery;AROMEIFS;2026-10-19T00:00;IFS;12.60;17.70;22.0;12.0;0.00;57.0;IFS
messery;AROMEIFS;2026-10-19T01:00;IFS;12.60;17.90;22.0;11.8;0.00;61.0;IFS
messery;AROMEIFS;2026-10-19T02:00;IFS;12.60;18.10;23.0;11.6;0.00;63.0;IFS
messery;AROMEIFS;2026-10-19T03:00;IFS;12.70;18.30;23.0;11.4;0.00;63.0;IFS
messery;AROMEIFS;2026-10-19T04:00;IFS;12.60;18.30;24.0;11.3;0.00;61.0;IFS
messery;AROMEIFS;2026-10-19T05:00;IFS;12.60;18.50;25.0;11.1;0.00;59.0;IFS
messery;AROMEIFS;2026-10-19T06:00;IFS;12.60;18.50;26.0;10.9;0.00;56.0;IFS
messery;AROMEIFS;2026-10-19T07:00;IFS;12.40;18.70;27.0;10.9;0.00;52.0;IFS
messery;AROMEIFS;2026-10-19T08:00;IFS;12.30;18.70;29.0;10.9;0.00;49.0;IFS
messery;AROMEIFS;2026-10-19T09:00;IFS;12.00;18.70;33.0;11.1;0.00;45.0;IFS
messery;AROMEIFS;2026-10-19T10:00;IFS;11.70;18.70;40.0;11.5;0.00;41.0;IFS
messery;AROMEIFS;2026-10-19T11:00;IFS;11.50;18.70;46.0;12.0;0.00;36.0;IFS
messery;AROMEIFS;2026-10-19T12:00;IFS;11.60;18.70;53.0;12.4;0.00;31.0;IFS
messery;AROMEIFS;2026-10-19T13:00;IFS;11.60;18.70;58.0;12.8;0.00;27.0;IFS
messery;AROMEIFS;2026-10-19T14:00;IFS;11.60;18.70;59.0;13.1;0.00;23.0;IFS
messery;AROMEIFS;2026-10-19T15:00;IFS;11.50;18.70;55.0;13.2;0.00;20.0;IFS
messery;AROMEIFS;2026-10-19T16:00;IFS;11.40;18.70;48.0;13.2;0.00;17.0;IFS
messery;AROMEIFS;2026-10-19T17:00;IFS;11.60;18.70;40.0;13.2;0.00;14.0;IFS
messery;AROMEIFS;2026-10-19T18:00;IFS;12.00;18.70;31.0;13.1;0.00;12.0;IFS
messery;AROMEIFS;2026-10-19T19:00;IFS;12.40;18.70;25.0;12.9;0.00;10.0;IFS
messery;AROMEIFS;2026-10-19T20:00;IFS;12.50;18.70;21.0;12.7;0.00;9.0;IFS
messery;AROMEIFS;2026-10-19T21:00;IFS;12.10;18.90;21.0;12.5;0.00;9.0;IFS
messery;AROMEIFS;2026-10-19T22:00;IFS;11.20;19.20;23.0;12.1;0.00;9.0;IFS
messery;AROMEIFS;2026-10-19T23:00;IFS;10.10;19.40;27.0;11.7;0.00;10.0;IFS
messery;AROMEIFS;2026-10-20T00:00;IFS;9.10;19.80;32.0;11.3;0.00;11.0;IFS
messery;AROMEIFS;2026-10-20T01:00;IFS;8.20;19.80;39.0;10.9;0.00;13.0;IFS
messery;AROMEIFS;2026-10-20T02:00;IFS;7.70;19.60;43.0;10.6;0.00;16.0;IFS
messery;AROMEIFS;2026-10-20T03:00;IFS;7.40;19.00;45.0;10.3;0.00;19.0;IFS
messery;AROMEIFS;2026-10-20T04:00;IFS;7.20;17.90;46.0;10.0;0.00;22.0;IFS
messery;AROMEIFS;2026-10-20T05:00;IFS;7.00;16.70;45.0;9.7;0.00;26.0;IFS
messery;AROMEIFS;2026-10-20T06:00;IFS;7.00;15.60;44.0;9.4;0.00;31.0;IFS
messery;AROMEIFS;2026-10-20T07:00;IFS;7.20;14.60;43.0;9.4;0.00;37.0;IFS
messery;AROMEIFS;2026-10-20T08:00;IFS;7.40;14.00;42.0;9.6;0.00;43.0;IFS
messery;AROMEIFS;2026-10-20T09:00;IFS;7.80;14.00;42.0;10.1;0.00;52.0;IFS
messery;AROMEIFS;2026-10-20T10:00;IFS;8.50;14.20;43.0;11.1;0.00;62.0;IFS
messery;AROMEIFS;2026-10-20T11:00;IFS;9.40;14.80;43.0;12.1;0.00;74.0;IFS
messery;AROMEIFS;2026-10-20T12:00;IFS;10.20;15.60;43.0;13.2;0.00;85.0;IFS
messery;AROMEIFS;2026-10-20T13:00;IFS;10.90;16.10;43.0;14.1;0.00;94.0;IFS
messery;AROMEIFS;2026-10-20T14:00;IFS;11.40;16.50;42.0;14.7;0.00;99.0;IFS
messery;AROMEIFS;2026-10-20T15:00;IFS;11.70;16.70;39.0;14.9;0.00;100.0;IFS
messery;AROMEIFS;2026-10-20T16:00;IFS;11.80;16.90;36.0;14.8;0.00;97.0;IFS
messery;AROMEIFS;2026-10-20T17:00;IFS;12.00;16.90;32.0;14.6;0.00;92.0;IFS
messery;AROMEIFS;2026-10-20T18:00;IFS;12.10;17.10;28.0;14.3;0.00;87.0;IFS
messery;AROMEIFS;2026-10-20T19:00;IFS;12.40;17.50;24.0;13.9;0.00;82.0;IFS
messery;AROMEIFS;2026-10-20T20:00;IFS;12.70;17.90;22.0;13.5;0.00;80.0;IFS
messery;AROMEIFS;2026-10-20T21:00;IFS;13.10;18.70;21.0;13.1;0.00;80.0;IFS
messery;AROMEIFS;2026-10-20T22:00;IFS;13.70;19.60;20.0;12.6;0.00;82.0;IFS
messery;AROMEIFS;2026-10-20T23:00;IFS;14.20;20.80;20.0;12.0;0.00;85.0;IFS
messery;AROMEIFS;2026-10-21T00:00;IFS;14.70;21.80;20.0;11.5;0.00;88.0;IFS
messery;AROMEIFS;2026-10-21T01:00;IFS;15.20;22.90;20.0;11.0;0.00;90.0;IFS
messery;AROMEIFS;2026-10-21T02:00;IFS;15.70;23.70;20.0;10.5;0.00;92.0;IFS
messery;AROMEIFS;2026-10-21T03:00;IFS;16.30;24.30;20.0;10.1;0.00;93.0;IFS
messery;AROMEIFS;2026-10-21T04:00;IFS;16.90;24.90;20.0;9.7;0.00;95.0;IFS
messery;AROMEIFS;2026-10-21T05:00;IFS;17.50;25.30;20.0;9.4;0.00;96.0;IFS
messery;AROMEIFS;2026-10-21T06:00;IFS;18.10;25.70;21.0;9.1;0.00;96.0;IFS
messery;AROMEIFS;2026-10-21T07:00;IFS;18.50;26.00;21.0;9.0;0.00;95.0;IFS
messery;AROMEIFS;2026-10-21T08:00;IFS;18.80;26.40;22.0;9.0;0.00;92.0;IFS
messery;AROMEIFS;2026-10-21T09:00;IFS;19.00;26.80;22.0;9.3;0.00;87.0;IFS
messery;AROMEIFS;2026-10-21T10:00;IFS;19.20;27.40;24.0;9.9;0.00;80.0;IFS
messery;AROMEIFS;2026-10-21T11:00;IFS;19.30;27.80;25.0;10.6;0.00;72.0;IFS
messery;AROMEIFS;2026-10-21T12:00;IFS;19.20;28.20;26.0;11.3;0.00;63.0;IFS
messery;AROMEIFS;2026-10-21T13:00;IFS;19.00;28.40;27.0;11.8;0.00;54.0;IFS
messery;AROMEIFS;2026-10-21T14:00;IFS;18.50;28.40;27.0;12.1;0.00;46.0;IFS
messery;AROMEIFS;2026-10-21T15:00;IFS;17.60;28.20;27.0;12.1;0.00;38.0;IFS
messery;AROMEIFS;2026-10-21T16:00;IFS;16.30;28.00;26.0;12.0;0.00;29.0;IFS
messery;AROMEIFS;2026-10-21T17:00;IFS;14.70;27.60;25.0;11.6;0.00;20.0;IFS
messery;AROMEIFS;2026-10-21T18:00;IFS;13.10;27.00;24.0;11.3;0.00;12.0;IFS
messery;AROMEIFS;2026-10-21T19:00;IFS;11.80;26.20;22.0;10.9;0.00;5.0;IFS
messery;AROMEIFS;2026-10-21T20:00;IFS;10.60;25.30;21.0;10.6;0.00;0.0;IFS
messery;AROMEIFS;2026-10-21T21:00;IFS;9.80;23.90;22.0;10.3;0.00;0.0;IFS
messery;AROMEIFS;2026-10-21T22:00;IFS;9.00;22.20;24.0;10.0;0.00;0.0;IFS
messery;AROMEIFS;2026-10-21T23:00;IFS;8.50;20.20;27.0;9.7;0.00;0.0;IFS
messery;AROMEIFS;2026-10-22T00:00;IFS;8.10;18.30;30.0;9.4;0.00;0.0;IFS
messery;AROMEIFS;2026-10-22T01:00;IFS;7.70;16.50;33.0;9.2;0.00;0.0;IFS
messery;AROMEIFS;2026-10-22T02:00;IFS;7.60;15.40;34.0;9.0;0.00;1.0;IFS
messery;AROMEIFS;2026-10-22T03:00;IFS;7.80;14.60;34.0;8.8;0.00;4.0;IFS
messery;AROMEIFS;2026-10-22T04:00;IFS;8.20;14.40;32.0;8.6;0.00;8.0;IFS
messery;AROMEIFS;2026-10-22T05:00;IFS;8.80;14.20;30.0;8.5;0.00;13.0;IFS
messery;AROMEIFS;2026-10-22T06:00;IFS;9.30;14.40;29.0;8.4;0.00;18.0;IFS
messery;AROMEIFS;2026-10-22T07:00;IFS;9.70;14.40;27.0;8.5;0.00;22.0;IFS
messery;AROMEIFS;2026-10-22T08:00;IFS;9.90;14.60;28.0;8.7;0.00;24.0;IFS
messery;AROMEIFS;2026-10-22T09:00;IFS;9.70;14.80;29.0;9.2;0.00;24.0;IFS
messery;AROMEIFS;2026-10-22T10:00;IFS;9.20;15.20;32.0;9.9;0.00;24.0;IFS
messery;AROMEIFS;2026-10-22T11:00;IFS;8.60;15.70;36.0;10.7;0.00;22.0;IFS
messery;AROMEIFS;2026-10-22T12:00;IFS;8.10;16.10;41.0;11.6;0.00;19.0;IFS
messery;AROMEIFS;2026-10-22T13:00;IFS;7.60;16.30;44.0;12.3;0.00;17.0;IFS
messery;AROMEIFS;2026-10-22T14:00;IFS;7.20;16.30;44.0;12.8;0.00;15.0;IFS
messery;AROMEIFS;2026-10-22T15:00;IFS;7.00;15.90;41.0;13.1;0.00;13.0;IFS
messery;AROMEIFS;2026-10-22T16:00;IFS;6.80;15.20;34.0;13.3;0.00;10.0;IFS
messery;AROMEIFS;2026-10-22T17:00;IFS;6.80;14.20;25.0;13.4;0.00;8.0;IFS
messery;AROMEIFS;2026-10-22T18:00;IFS;7.00;13.20;17.0;13.3;0.00;5.0;IFS
messery;AROMEIFS;2026-10-22T19:00;IFS;7.30;12.20;11.0;13.3;0.00;3.0;IFS
messery;AROMEIFS;2026-10-22T20:00;IFS;7.60;11.70;8.0;13.2;0.00;2.0;IFS
messery;AROMEIFS;2026-10-22T21:00;IFS;7.60;11.30;9.0;13.0;0.00;2.0;IFS
messery;AROMEIFS;2026-10-22T22:00;IFS;7.40;11.10;11.0;12.8;0.00;2.0;IFS
messery;AROMEIFS;2026-10-22T23:00;IFS;7.40;10.90;16.0;12.6;0.00;3.0;IFS
messery;AROMEIFS;2026-10-23T00:00;IFS;7.30;10.90;21.0;12.3;0.00;4.0;IFS
messery;AROMEIFS;2026-10-23T01:00;IFS;7.30;10.90;25.0;12.0;0.00;4.0;IFS
messery;AROMEIFS;2026-10-23T02:00;IFS;7.40;11.10;28.0;11.7;0.00;5.0;IFS
messery;AROMEIFS;2026-10-23T03:00;IFS;7.60;11.30;29.0;11.4;0.00;5.0;IFS
messery;AROMEIFS;2026-10-23T04:00;IFS;8.00;11.70;28.0;11.1;0.00;4.0;IFS
messery;AROMEIFS;2026-10-23T05:00;IFS;8.20;12.10;27.0;10.7;0.00;4.0;IFS
messery;AROMEIFS;2026-10-23T06:00;IFS;8.60;12.40;27.0;10.4;0.00;3.0;IFS
messery;AROMEIFS;2026-10-23T07:00;IFS;8.80;12.80;26.0;10.2;0.00;4.0;IFS
messery;AROMEIFS;2026-10-23T08:00;IFS;8.90;13.20;27.0;10.3;0.00;5.0;IFS
messery;AROMEIFS;2026-10-23T09:00;IFS;8.80;13.40;30.0;10.6;0.00;8.0;IFS
messery;AROMEIFS;2026-10-23T10:00;IFS;8.40;13.80;35.0;11.2;0.00;13.0;IFS
messery;AROMEIFS;2026-10-23T11:00;IFS;8.30;14.00;41.0;12.0;0.00;19.0;IFS
messery;AROMEIFS;2026-10-23T12:00;IFS;8.10;14.00;47.0;12.8;0.00;25.0;IFS
messery;AROMEIFS;2026-10-23T13:00;IFS;8.00;14.00;51.0;13.4;0.00;29.0;IFS
messery;AROMEIFS;2026-10-23T14:00;IFS;7.80;14.00;53.0;13.9;0.00;30.0;IFS
messery;AROMEIFS;2026-10-23T15:00;IFS;7.70;13.80;50.0;14.1;0.00;28.0;IFS
messery;AROMEIFS;2026-10-23T16:00;IFS;7.60;13.20;44.0;14.2;0.00;23.0;IFS
messery;AROMEIFS;2026-10-23T17:00;IFS;7.60;12.60;36.0;14.2;0.00;17.0;IFS
messery;AROMEIFS;2026-10-23T18:00;IFS;7.70;12.10;28.0;14.1;0.00;10.0;IFS
messery;AROMEIFS;2026-10-23T19:00;IFS;7.90;11.70;22.0;14.0;0.00;5.0;IFS
messery;AROMEIFS;2026-10-23T20:00;IFS;8.00;11.30;18.0;13.8;0.00;1.0;IFS
messery;AROMEIFS;2026-10-23T21:00;IFS;7.80;11.30;17.0;13.6;0.00;0.0;IFS
messery;AROMEIFS;2026-10-23T22:00;IFS;7.40;11.30;17.0;13.2;0.00;0.0;IFS
messery;AROMEIFS;2026-10-23T23:00;IFS;6.90;11.50;20.0;12.8;0.00;0.0;IFS
messery;AROMEIFS;2026-10-24T00:00;IFS;6.40;11.70;22.0;12.3;0.00;0.0;IFS
messery;AROMEIFS;2026-10-24T01:00;IFS;6.00;11.90;26.0;11.9;0.00;0.0;IFS
messery;AROMEIFS;2026-10-24T02:00;IFS;5.70;11.90;28.0;11.5;0.00;2.0;IFS
messery;AROMEIFS;2026-10-24T03:00;IFS;5.70;11.70;30.0;11.1;0.00;6.0;IFS
messery;AROMEIFS;2026-10-24T04:00;IFS;5.70;11.30;30.0;10.7;0.00;13.0;IFS
messery;AROMEIFS;2026-10-24T05:00;IFS;5.80;10.90;30.0;10.4;0.00;20.0;IFS
messery;AROMEIFS;2026-10-24T06:00;IFS;5.80;10.50;30.0;10.1;0.00;27.0;IFS
messery;AROMEIFS;2026-10-24T07:00;IFS;5.80;9.90;31.0;9.9;0.00;34.0;IFS
messery;AROMEIFS;2026-10-24T08:00;IFS;5.60;9.70;33.0;9.8;0.00;38.0;IFS
messery;AROMEIFS;2026-10-24T09:00;IFS;5.10;9.50;37.0;9.9;0.00;41.0;IFS
messery;AROMEIFS;2026-10-24T10:00;IFS;4.40;9.50;45.0;10.2;0.00;43.0;IFS
messery;AROMEIFS;2026-10-24T11:00;IFS;3.90;9.50;56.0;10.5;0.00;44.0;IFS
messery;AROMEIFS;2026-10-24T12:00;IFS;3.40;9.50;70.0;10.9;0.00;44.0;IFS
messery;AROMEIFS;2026-10-24T13:00;IFS;3.20;9.50;83.0;11.3;0.00;43.0;IFS
messery;AROMEIFS;2026-10-24T14:00;IFS;3.20;9.30;90.0;11.6;0.00;41.0;IFS
messery;AROMEIFS;2026-10-24T15:00;IFS;3.10;8.90;88.0;12.0;0.00;36.0;IFS
messery;AROMEIFS;2026-10-24T16:00;IFS;3.10;8.60;79.0;12.4;0.00;29.0;IFS
messery;AROMEIFS;2026-10-24T17:00;IFS;3.10;8.00;66.0;12.9;0.00;21.0;IFS
messery;AROMEIFS;2026-10-24T18:00;IFS;3.30;7.60;52.0;13.3;0.00;12.0;IFS
messery;AROMEIFS;2026-10-24T19:00;IFS;3.80;7.20;42.0;13.6;0.00;5.0;IFS
messery;AROMEIFS;2026-10-24T20:00;IFS;4.10;7.20;36.0;13.7;0.00;1.0;IFS
messery;AROMEIFS;2026-10-24T21:00;IFS;4.30;7.40;34.0;13.6;0.00;0.0;IFS
messery;AROMEIFS;2026-10-24T22:00;IFS;4.60;8.00;32.0;13.2;0.00;0.0;IFS
messery;AROMEIFS;2026-10-24T23:00;IFS;4.80;8.60;31.0;12.8;0.00;2.0;IFS
messery;AROMEIFS;2026-10-25T00:00;IFS;4.90;9.10;30.0;12.3;0.00;4.0;IFS
messery;AROMEIFS;2026-10-25T01:00;IFS;5.10;9.70;30.0;11.9;0.00;7.0;IFS
messery;AROMEIFS;2026-10-25T02:00;IFS;5.10;10.10;29.0;11.7;0.00;8.0;IFS
parking_pre_rencontre;AROMEIFS;2026-10-10T00:00;AROMEHD;7.20;16.90;13.0;6.9;0.00;25.0;AROMEHD
parking_pre_rencontre;AROMEIFS;2026-10-10T01:00;AROMEHD;5.90;16.70;6.0;7.0;0.00;14.0;AROMEHD
parking_pre_rencontre;AROMEIFS;2026-10-10T02:00;AROMEHD;7.00;13.80;6.0;8.0;0.00;62.0;AROMEHD
parking_pre_rencontre;AROMEIFS;2026-10-10T03:00;AROMEHD;6.50;15.90;7.0;7.6;0.00;100.0;AROMEHD
parking_pre_rencontre;AROMEIFS;2026-10-10T04:00;AROMEHD;6.60;16.30;5.0;7.8;0.00;89.0;AROMEHD
parking_pre_rencontre;AROMEIFS;2026-10-10T05:00;AROMEHD;6.20;15.70;2.0;7.9;0.00;45.0;AROMEHD
parking_pre_rencontre;AROMEIFS;2026-10-10T06:00;AROMEHD;6.00;15.40;356.0;8.6;0.00;28.0;AROMEHD
parking_pre_rencontre;AROMEIFS;2026-10-10T07:00;AROMEHD;5.60;14.00;2.0;8.3;0.10;80.0;AROMEHD
parking_pre_rencontre;AROMEIFS;2026-10-10T08:00;AROMEHD;4.60;12.80;12.0;8.2;0.10;100.0;AROMEHD
parking_pre_rencontre;AROMEIFS;2026-10-10T09:00;AROMEHD;5.60;14.00;360.0;8.7;0.40;100.0;AROMEHD
parking_pre_rencontre;AROMEIFS;2026-10-10T10:00;AROMEHD;4.90;13.80;358.0;8.7;0.50;100.0;AROMEHD
parking_pre_rencontre;AROMEIFS;2026-10-10T11:00;AROMEHD;5.10;12.60;351.0;9.3;0.00;100.0;AROMEHD
parking_pre_rencontre;AROMEIFS;2026-10-10T12:00;AROMEHD;5.80;14.00;356.0;10.0;0.00;100.0;AROMEHD
parking_pre_rencontre;AROMEIFS;2026-10-10T13:00;AROMEHD;6.80;16.90;355.0;10.4;0.00;100.0;AROMEHD
parking_pre_rencontre;AROMEIFS;2026-10-10T14:00;AROMEHD;5.90;16.90;352.0;10.9;0.00;95.0;AROMEHD
parking_pre_rencontre;AROMEIFS;2026-10-10T15:00;AROMEHD;6.60;16.70;355.0;11.5;0.00;83.0;AROMEHD
parking_pre_rencontre;AROMEIFS;2026-10-10T16:00;AROMEHD;6.00;16.10;356.0;11.8;0.00;61.0;AROMEHD
parking_pre_rencontre;AROMEIFS;2026-10-10T17:00;AROMEHD;5.70;15.20;354.0;11.8;0.00;21.0;AROMEHD
parking_pre_rencontre;AROMEIFS;2026-10-10T18:00;AROMEHD;5.40;14.00;358.0;11.5;0.00;58.0;AROMEHD
parking_pre_rencontre;AROMEIFS;2026-10-10T19:00;AROMEHD;4.50;13.40;7.0;10.7;0.00;0.0;AROMEHD
parking_pre_rencontre;AROMEIFS;2026-10-10T20:00;AROMEHD;5.10;11.90;18.0;9.9;0.00;47.0;AROMEHD
parking_pre_rencontre;AROMEIFS;2026-10-10T21:00;AROMEHD;5.30;13.20;8.0;9.9;0.10;100.0;AROMEHD
parking_pre_rencontre;AROMEIFS;2026-10-10T22:00;AROMEHD;5.30;16.30;358.0;10.1;0.00;99.0;AROMEHD
parking_pre_rencontre;AROMEIFS;2026-10-10T23:00;AROMEHD;6.40;16.50;346.0;9.7;0.00;100.0;AROMEHD
parking_pre_rencontre;AROMEIFS;2026-10-11T00:00;AROMEHD;5.50;16.70;354.0;9.4;0.00;100.0;AROMEHD
parking_pre_rencontre;AROMEIFS;2026-10-11T01:00;AROMEHD;7.10;18.30;349.0;8.8;0.00;94.0;AROMEHD
parking_pre_rencontre;AROMEIFS;2026-10-11T02:00;AROMEHD;6.50;18.30;353.0;8.1;0.00;99.0;AROMEHD
parking_pre_rencontre;AROMEIFS;2026-10-11T03:00;AROMEHD;5.30;15.90;356.0;8.0;0.00;100.0;AROMEHD
parking_pre_rencontre;AROMEIFS;2026-10-11T04:00;AROMEHD;5.10;12.80;358.0;7.8;0.00;100.0;AROMEHD
parking_pre_rencontre;AROMEIFS;2026-10-11T05:00;AROMEHD;4.30;11.90;3.0;7.7;0.00;100.0;AROMEHD
parking_pre_rencontre;AROMEIFS;2026-10-11T06:00;AROMEHD;4.10;10.90;5.0;7.5;0.00;100.0;AROMEHD
parking_pre_rencontre;AROMEIFS;2026-10-11T07:00;AROMEHD;5.10;12.40;11.0;7.1;0.00;100.0;AROMEHD
parking_pre_rencontre;AROMEIFS;2026-10-11T08:00;AROMEHD;5.70;14.00;4.0;6.9;0.00;100.0;AROMEHD
parking_pre_rencontre;AROMEIFS;2026-10-11T09:00;AROMEHD;4.30;13.80;5.0;6.8;0.00;100.0;AROMEHD
parking_pre_rencontre;AROMEIFS;2026-10-11T10:00;AROMEHD;5.50;13.60;10.0;7.0;0.00;100.0;AROMEHD
parking_pre_rencontre;AROMEIFS;2026-10-11T11:00;AROMEHD;4.90;13.80;7.0;7.8;0.00;58.0;AROMEHD
parking_pre_rencontre;AROMEIFS;2026-10-11T12:00;AROMEHD;5.60;13.60;2.0;8.7;0.00;26.0;AROMEHD
parking_pre_rencontre;AROMEIFS;2026-10-11T13:00;AROMEHD;6.70;15.90;7.0;9.3;0.00;25.0;AROMEHD
parking_pre_rencontre;AROMEIFS;2026-10-11T14:00;AROMEHD;7.00;16.50;360.0;9.7;0.00;30.0;AROMEHD
parking_pre_rencontre;AROMEIFS;2026-10-11T15:00;AROMEHD;6.60;17.90;3.0;10.0;0.00;38.0;AROMEHD
parking_pre_rencontre;AROMEIFS;2026-10-11T16:00;AROMEHD;7.00;16.90;5.0;9.9;0.00;25.0;AROMEHD
parking_pre_rencontre;AROMEIFS;2026-10-11T17:00;AROMEHD;7.10;17.50;9.0;9.3;0.00;95.0;AROMEHD
parking_pre_rencontre;AROMEIFS;2026-10-11T18:00;AROMEHD;6.90;17.50;8.0;8.8;0.00;99.0;AROMEHD
parking_pre_rencontre;AROMEIFS;2026-10-11T19:00;AROMEHD;6.10;16.90;7.0;8.1;0.00;79.0;AROMEHD
parking_pre_rencontre;AROMEIFS;2026-10-11T20:00;AROMEHD;6.10;14.60;11.0;7.5;0.00;27.0;AROMEHD
parking_pre_rencontre;AROMEIFS;2026-10-11T21:00;AROMEHD;6.20;14.80;13.0;7.2;0.00;1.0;AROMEHD
parking_pre_rencontre;AROMEIFS;2026-10-11T22:00;AROMEHD;5.80;14.40;15.0;6.9;0.00;0.0;AROMEHD
parking_pre_rencontre;AROMEIFS;2026-10-11T23:00;AROMEHD;6.30;14.40;16.0;6.7;0.00;0.0;AROMEHD
parking_pre_rencontre;AROMEIFS;2026-10-12T00:00;AROMEHD;6.30;14.80;16.0;6.7;0.00;0.0;AROMEHD
parking_pre_rencontre;AROMEIFS;2026-10-12T01:00;AROMEHD;6.20;14.20;14.0;6.8;0.00;0.0;AROMEHD
parking_pre_rencontre;AROMEIFS;2026-10-12T02:00;AROMEHD;6.50;14.40;16.0;6.6;0.00;0.0;AROMEHD
parking_pre_rencontre;AROMEIFS;2026-10-12T03:00;AROMEHD;5.80;14.40;14.0;6.7;0.00;0.0;AROMEHD
parking_pre_rencontre;AROMEIFS;2026-10-12T04:00;AROMEHD;6.70;15.00;8.0;6.6;0.00;0.0;AROMEHD
parking_pre_rencontre;AROMEIFS;2026-10-12T05:00;AROMEHD;7.30;17.50;9.0;6.4;0.00;0.0;AROMEHD
parking_pre_rencontre;AROMEIFS;2026-10-12T06:00;AROMEHD;6.50;16.70;9.0;6.4;0.00;0.0;AROMEHD
parking_pre_rencontre;AROMEIFS;2026-10-12T07:00;AROMEHD;6.60;15.20;12.0;6.3;0.00;0.0;AROMEHD
parking_pre_rencontre;AROMEIFS;2026-10-12T08:00;AROMEHD;5.80;15.00;15.0;6.2;0.00;0.0;AROMEHD
parking_pre_rencontre;AROMEIFS;2026-10-12T09:00;AROMEHD;4.10;13.00;5.0;6.5;0.00;0.0;AROMEHD
parking_pre_rencontre;AROMEIFS;2026-10-12T10:00;AROMEHD;2.80;8.70;25.0;8.4;0.00;0.0;AROMEHD
parking_pre_rencontre;AROMEIFS;2026-10-12T11:00;AROMEHD;1.00;6.80;53.0;9.6;0.00;0.0;AROMEHD
parking_pre_rencontre;AROMEIFS;2026-10-12T12:00;ARPEGE;2.30;6.20;250.0;13.1;0.00;3.0;ARPEGE
parking_pre_rencontre;AROMEIFS;2026-10-12T13:00;ARPEGE;3.50;8.70;251.0;15.1;0.00;5.0;ARPEGE
parking_pre_rencontre;AROMEIFS;2026-10-12T14:00;ARPEGE;3.70;9.30;252.0;16.3;0.00;47.0;ARPEGE
parking_pre_rencontre;AROMEIFS;2026-10-12T15:00;ARPEGE;3.00;9.30;255.0;17.2;0.00;51.0;ARPEGE
parking_pre_rencontre;AROMEIFS;2026-10-12T16:00;ARPEGE;3.50;8.60;273.0;17.8;0.00;30.0;ARPEGE
parking_pre_rencontre;AROMEIFS;2026-10-12T17:00;ARPEGE;2.70;8.70;270.0;17.7;0.00;24.0;ARPEGE
parking_pre_rencontre;AROMEIFS;2026-10-12T18:00;ARPEGE;2.90;6.60;274.0;16.5;0.00;25.0;ARPEGE
parking_pre_rencontre;AROMEIFS;2026-10-12T19:00;ARPEGE;1.60;5.40;284.0;13.9;0.00;29.0;ARPEGE
parking_pre_rencontre;AROMEIFS;2026-10-12T20:00;ARPEGE;1.40;2.10;344.0;11.8;0.00;55.0;ARPEGE
parking_pre_rencontre;AROMEIFS;2026-10-12T21:00;ARPEGE;1.60;2.50;45.0;10.3;0.00;45.0;ARPEGE
parking_pre_rencontre;AROMEIFS;2026-10-12T22:00;ARPEGE;2.50;2.70;67.0;9.1;0.00;57.0;ARPEGE
parking_pre_rencontre;AROMEIFS;2026-10-12T23:00;ARPEGE;2.30;3.70;66.0;8.5;0.00;59.0;ARPEGE
parking_pre_rencontre;AROMEIFS;2026-10-13T00:00;ARPEGE;2.60;3.50;63.0;8.0;0.00;43.0;ARPEGE
parking_pre_rencontre;AROMEIFS;2026-10-13T01:00;ARPEGE;2.30;3.30;59.0;7.7;0.00;23.0;ARPEGE
parking_pre_rencontre;AROMEIFS;2026-10-13T02:00;ARPEGE;2.40;2.90;61.0;7.4;0.00;23.0;ARPEGE
parking_pre_rencontre;AROMEIFS;2026-10-13T03:00;ARPEGE;2.30;2.90;59.0;7.1;0.00;40.0;ARPEGE
parking_pre_rencontre;AROMEIFS;2026-10-13T04:00;ARPEGE;2.30;2.90;59.0;7.0;0.00;41.0;ARPEGE
parking_pre_rencontre;AROMEIFS;2026-10-13T05:00;ARPEGE;2.10;2.50;56.0;6.8;0.00;53.0;ARPEGE
parking_pre_rencontre;AROMEIFS;2026-10-13T06:00;ARPEGE;2.20;2.30;45.0;6.8;0.00;37.0;ARPEGE
parking_pre_rencontre;AROMEIFS;2026-10-13T07:00;ARPEGE;2.30;2.30;59.0;6.7;0.00;30.0;ARPEGE
parking_pre_rencontre;AROMEIFS;2026-10-13T08:00;ARPEGE;1.80;2.30;58.0;6.6;0.00;22.0;ARPEGE
parking_pre_rencontre;AROMEIFS;2026-10-13T09:00;ARPEGE;1.60;1.90;60.0;7.2;0.00;13.0;ARPEGE
parking_pre_rencontre;AROMEIFS;2026-10-13T10:00;ARPEGE;1.40;1.70;74.0;9.6;0.00;7.0;ARPEGE
parking_pre_rencontre;AROMEIFS;2026-10-13T11:00;ARPEGE;0.80;2.50;180.0;12.4;0.00;2.0;ARPEGE
parking_pre_rencontre;AROMEIFS;2026-10-13T12:00;ARPEGE;2.50;6.20;225.0;14.5;0.00;0.0;ARPEGE
parking_pre_rencontre;AROMEIFS;2026-10-13T13:00;ARPEGE;2.90;8.00;233.0;16.2;0.00;0.0;ARPEGE
parking_pre_rencontre;AROMEIFS;2026-10-13T14:00;ARPEGE;3.20;8.90;237.0;17.8;0.00;0.0;ARPEGE
parking_pre_rencontre;AROMEIFS;2026-10-13T15:00;ARPEGE;3.60;9.30;248.0;18.9;0.00;1.0;ARPEGE
parking_pre_rencontre;AROMEIFS;2026-10-13T16:00;ARPEGE;4.30;10.10;273.0;19.2;0.00;6.0;ARPEGE
parking_pre_rencontre;AROMEIFS;2026-10-13T17:00;ARPEGE;4.90;11.10;286.0;18.4;0.00;2.0;ARPEGE
parking_pre_rencontre;AROMEIFS;2026-10-13T18:00;ARPEGE;4.00;11.50;284.0;17.0;0.00;5.0;ARPEGE
parking_pre_rencontre;AROMEIFS;2026-10-13T19:00;ARPEGE;2.40;8.70;279.0;14.9;0.00;27.0;ARPEGE
parking_pre_rencontre;AROMEIFS;2026-10-13T20:00;ARPEGE;1.20;4.90;261.0;13.0;0.00;26.0;ARPEGE
parking_pre_rencontre;AROMEIFS;2026-10-13T21:00;ARPEGE;0.80;2.50;256.0;11.7;0.00;9.0;ARPEGE
parking_pre_rencontre;AROMEIFS;2026-10-13T22:00;ARPEGE;0.40;1.70;297.0;10.8;0.00;1.0;ARPEGE
parking_pre_rencontre;AROMEIFS;2026-10-13T23:00;ARPEGE;0.70;2.50;326.0;10.1;0.00;6.0;ARPEGE
parking_pre_rencontre;AROMEIFS;2026-10-14T00:00;ARPEGE;0.90;3.10;333.0;9.6;0.00;3.0;ARPEGE
parking_pre_rencontre;AROMEIFS;2026-10-14T01:00;ARPEGE;0.20;2.90;270.0;9.3;0.00;68.0;ARPEGE
parking_pre_rencontre;AROMEIFS;2026-10-14T02:00;ARPEGE;0.40;1.90;297.0;8.9;0.00;70.0;ARPEGE
parking_pre_rencontre;AROMEIFS;2026-10-14T03:00;ARPEGE;0.40;1.90;270.0;8.8;0.00;79.0;ARPEGE
parking_pre_rencontre;AROMEIFS;2026-10-14T04:00;ARPEGE;1.50;1.00;130.0;8.4;0.00;70.0;ARPEGE
parking_pre_rencontre;AROMEIFS;2026-10-14T05:00;ARPEGE;2.10;2.30;34.0;7.9;0.00;63.0;ARPEGE
parking_pre_rencontre;AROMEIFS;2026-10-14T06:00;ARPEGE;1.90;2.70;53.0;7.7;0.00;79.0;ARPEGE
parking_pre_rencontre;AROMEIFS;2026-10-14T07:00;ARPEGE;1.40;2.70;45.0;7.5;0.00;61.0;ARPEGE
parking_pre_rencontre;AROMEIFS;2026-10-14T08:00;ARPEGE;1.60;2.30;90.0;7.4;0.00;26.0;ARPEGE
parking_pre_rencontre;AROMEIFS;2026-10-14T09:00;ARPEGE;2.00;2.90;73.0;7.9;0.00;1.0;ARPEGE
parking_pre_rencontre;AROMEIFS;2026-10-14T10:00;ARPEGE;2.10;3.30;68.0;10.4;0.00;1.0;ARPEGE
parking_pre_rencontre;AROMEIFS;2026-10-14T11:00;ARPEGE;1.10;3.70;135.0;13.2;0.00;65.0;ARPEGE
parking_pre_rencontre;AROMEIFS;2026-10-14T12:00;ARPEGE;2.20;6.40;218.0;15.0;0.00;85.0;ARPEGE
parking_pre_rencontre;AROMEIFS;2026-10-14T13:00;ARPEGE;2.60;7.80;243.0;16.7;0.00;35.0;ARPEGE
parking_pre_rencontre;AROMEIFS;2026-10-14T14:00;ARPEGE;3.40;9.10;239.0;18.3;0.00;1.0;ARPEGE
parking_pre_rencontre;AROMEIFS;2026-10-14T15:00;IFS;1.60;8.60;4.0;18.2;0.00;23.0;IFS
parking_pre_rencontre;AROMEIFS;2026-10-14T16:00;IFS;2.70;8.70;19.0;18.4;0.00;10.0;IFS
parking_pre_rencontre;AROMEIFS;2026-10-14T17:00;IFS;3.20;8.90;23.0;18.0;0.00;0.0;IFS
parking_pre_rencontre;AROMEIFS;2026-10-14T18:00;IFS;2.70;9.30;24.0;16.5;0.00;0.0;IFS
parking_pre_rencontre;AROMEIFS;2026-10-14T19:00;IFS;1.50;9.90;18.0;14.3;0.00;0.0;IFS
parking_pre_rencontre;AROMEIFS;2026-10-14T20:00;IFS;0.50;9.70;360.0;12.4;0.00;0.0;IFS
parking_pre_rencontre;AROMEIFS;2026-10-14T21:00;IFS;0.40;8.60;214.0;11.3;0.00;0.0;IFS
parking_pre_rencontre;AROMEIFS;2026-10-14T22:00;IFS;1.10;6.80;190.0;10.6;0.00;0.0;IFS
parking_pre_rencontre;AROMEIFS;2026-10-14T23:00;IFS;1.60;5.60;187.0;9.9;0.00;0.0;IFS
parking_pre_rencontre;AROMEIFS;2026-10-15T00:00;IFS;1.60;5.20;187.0;9.3;0.00;0.0;IFS
parking_pre_rencontre;AROMEIFS;2026-10-15T01:00;IFS;1.20;5.40;189.0;8.8;0.00;0.0;IFS
parking_pre_rencontre;AROMEIFS;2026-10-15T02:00;IFS;0.90;5.60;186.0;8.4;0.00;0.0;IFS
parking_pre_rencontre;AROMEIFS;2026-10-15T03:00;IFS;0.70;5.60;180.0;8.1;0.00;0.0;IFS
parking_pre_rencontre;AROMEIFS;2026-10-15T04:00;IFS;0.60;5.60;171.0;7.9;0.00;0.0;IFS
parking_pre_rencontre;AROMEIFS;2026-10-15T05:00;IFS;0.60;5.60;162.0;7.7;0.00;0.0;IFS
parking_pre_rencontre;AROMEIFS;2026-10-15T06:00;IFS;0.70;5.60;157.0;7.3;0.00;0.0;IFS
parking_pre_rencontre;AROMEIFS;2026-10-15T07:00;IFS;0.90;5.40;162.0;6.9;0.00;0.0;IFS
parking_pre_rencontre;AROMEIFS;2026-10-15T08:00;IFS;1.10;5.60;160.0;7.6;0.00;0.0;IFS
parking_pre_rencontre;AROMEIFS;2026-10-15T09:00;IFS;1.40;6.00;159.0;9.9;0.00;0.0;IFS
parking_pre_rencontre;AROMEIFS;2026-10-15T10:00;IFS;1.60;6.60;158.0;13.3;0.00;0.0;IFS
parking_pre_rencontre;AROMEIFS;2026-10-15T11:00;IFS;1.60;7.00;158.0;16.3;0.00;0.0;IFS
parking_pre_rencontre;AROMEIFS;2026-10-15T12:00;IFS;1.30;7.20;153.0;18.6;0.00;0.0;IFS
parking_pre_rencontre;AROMEIFS;2026-10-15T13:00;IFS;0.90;7.20;139.0;20.6;0.00;0.0;IFS
parking_pre_rencontre;AROMEIFS;2026-10-15T14:00;IFS;0.60;7.20;129.0;21.9;0.00;0.0;IFS
parking_pre_rencontre;AROMEIFS;2026-10-15T15:00;IFS;0.50;7.20;169.0;22.6;0.00;0.0;IFS
parking_pre_rencontre;AROMEIFS;2026-10-15T16:00;IFS;0.90;7.20;198.0;22.7;0.00;0.0;IFS
parking_pre_rencontre;AROMEIFS;2026-10-15T17:00;IFS;1.10;7.00;211.0;22.1;0.00;0.0;IFS
parking_pre_rencontre;AROMEIFS;2026-10-15T18:00;IFS;0.80;6.40;220.0;20.2;0.00;0.0;IFS
parking_pre_rencontre;AROMEIFS;2026-10-15T19:00;IFS;0.20;5.60;270.0;17.5;0.00;0.0;IFS
parking_pre_rencontre;AROMEIFS;2026-10-15T20:00;IFS;0.30;5.10;360.0;15.2;0.00;0.0;IFS
parking_pre_rencontre;AROMEIFS;2026-10-15T21:00;IFS;0.00;4.90;270.0;13.5;0.00;0.0;IFS
parking_pre_rencontre;AROMEIFS;2026-10-15T22:00;IFS;0.60;5.10;180.0;12.2;0.00;1.0;IFS
parking_pre_rencontre;AROMEIFS;2026-10-15T23:00;IFS;1.00;5.20;180.0;11.0;0.00;1.0;IFS
parking_pre_rencontre;AROMEIFS;2026-10-16T00:00;IFS;0.60;5.60;149.0;10.7;0.00;0.0;IFS
parking_pre_rencontre;AROMEIFS;2026-10-16T01:00;IFS;0.80;5.80;159.0;9.7;0.00;0.0;IFS
parking_pre_rencontre;AROMEIFS;2026-10-16T02:00;IFS;1.00;5.80;156.0;8.9;0.00;0.0;IFS
parking_pre_rencontre;AROMEIFS;2026-10-16T03:00;IFS;1.00;5.80;158.0;8.2;0.00;0.0;IFS
parking_pre_rencontre;AROMEIFS;2026-10-16T04:00;IFS;1.10;5.40;153.0;7.4;0.00;0.0;IFS
parking_pre_rencontre;AROMEIFS;2026-10-16T05:00;IFS;1.20;5.20;156.0;6.7;0.00;0.0;IFS
parking_pre_rencontre;AROMEIFS;2026-10-16T06:00;IFS;1.10;5.10;153.0;6.3;0.00;0.0;IFS
parking_pre_rencontre;AROMEIFS;2026-10-16T07:00;IFS;0.90;5.10;148.0;6.3;0.00;0.0;IFS
parking_pre_rencontre;AROMEIFS;2026-10-16T08:00;IFS;0.70;5.40;135.0;6.8;0.00;0.0;IFS
parking_pre_rencontre;AROMEIFS;2026-10-16T09:00;IFS;0.50;6.40;79.0;8.2;0.00;0.0;IFS
parking_pre_rencontre;AROMEIFS;2026-10-16T10:00;IFS;1.10;7.60;27.0;10.4;0.00;0.0;IFS
parking_pre_rencontre;AROMEIFS;2026-10-16T11:00;IFS;2.00;9.10;11.0;13.0;0.00;0.0;IFS
parking_pre_rencontre;AROMEIFS;2026-10-16T12:00;IFS;2.90;10.70;8.0;15.6;0.00;0.0;IFS
parking_pre_rencontre;AROMEIFS;2026-10-16T13:00;IFS;3.70;12.20;6.0;17.6;0.00;0.0;IFS
parking_pre_rencontre;AROMEIFS;2026-10-16T14:00;IFS;4.20;13.20;5.0;18.7;0.00;0.0;IFS
parking_pre_rencontre;AROMEIFS;2026-10-16T15:00;IFS;4.30;14.00;5.0;18.6;0.00;0.0;IFS
parking_pre_rencontre;AROMEIFS;2026-10-16T16:00;IFS;4.10;14.40;5.0;17.6;0.00;0.0;IFS
parking_pre_rencontre;AROMEIFS;2026-10-16T17:00;IFS;3.70;14.80;6.0;16.1;0.00;0.0;IFS
parking_pre_rencontre;AROMEIFS;2026-10-16T18:00;IFS;3.20;15.00;7.0;14.4;0.00;0.0;IFS
parking_pre_rencontre;AROMEIFS;2026-10-16T19:00;IFS;2.90;15.20;10.0;12.9;0.00;0.0;IFS
parking_pre_rencontre;AROMEIFS;2026-10-16T20:00;IFS;2.60;15.20;13.0;11.8;0.00;3.0;IFS
parking_pre_rencontre;AROMEIFS;2026-10-16T21:00;IFS;2.50;15.00;18.0;11.3;0.00;15.0;IFS
parking_pre_rencontre;AROMEIFS;2026-10-16T22:00;IFS;2.30;14.40;24.0;11.0;0.00;32.0;IFS
parking_pre_rencontre;AROMEIFS;2026-10-16T23:00;IFS;2.40;13.80;32.0;10.9;0.00;52.0;IFS
parking_pre_rencontre;AROMEIFS;2026-10-17T00:00;IFS;2.50;13.20;39.0;10.9;0.00;71.0;IFS
parking_pre_rencontre;AROMEIFS;2026-10-17T01:00;IFS;2.60;12.80;42.0;10.8;0.00;88.0;IFS
parking_pre_rencontre;AROMEIFS;2026-10-17T02:00;IFS;2.80;12.80;39.0;10.6;0.00;100.0;IFS
parking_pre_rencontre;AROMEIFS;2026-10-17T03:00;IFS;2.90;13.40;33.0;10.3;0.10;100.0;IFS
parking_pre_rencontre;AROMEIFS;2026-10-17T04:00;IFS;3.20;14.40;23.0;10.0;0.10;100.0;IFS
parking_pre_rencontre;AROMEIFS;2026-10-17T05:00;IFS;3.60;15.60;14.0;9.6;0.10;100.0;IFS
parking_pre_rencontre;AROMEIFS;2026-10-17T06:00;IFS;4.10;16.70;5.0;9.3;0.10;100.0;IFS
parking_pre_rencontre;AROMEIFS;2026-10-17T07:00;IFS;4.70;17.90;360.0;9.0;0.10;100.0;IFS
parking_pre_rencontre;AROMEIFS;2026-10-17T08:00;IFS;5.20;18.70;357.0;8.7;0.10;100.0;IFS
parking_pre_rencontre;AROMEIFS;2026-10-17T09:00;IFS;5.60;19.00;355.0;8.4;0.10;100.0;IFS
parking_pre_rencontre;AROMEIFS;2026-10-17T10:00;IFS;6.00;19.40;353.0;8.3;0.10;100.0;IFS
parking_pre_rencontre;AROMEIFS;2026-10-17T11:00;IFS;6.30;19.60;353.0;8.1;0.10;100.0;IFS
parking_pre_rencontre;AROMEIFS;2026-10-17T12:00;IFS;6.60;19.60;352.0;7.9;0.10;100.0;IFS
parking_pre_rencontre;AROMEIFS;2026-10-17T13:00;IFS;6.70;19.80;352.0;7.7;0.10;100.0;IFS
parking_pre_rencontre;AROMEIFS;2026-10-17T14:00;IFS;6.80;19.80;351.0;7.5;0.10;100.0;IFS
parking_pre_rencontre;AROMEIFS;2026-10-17T15:00;IFS;6.70;19.80;350.0;7.3;0.10;100.0;IFS
parking_pre_rencontre;AROMEIFS;2026-10-17T16:00;IFS;6.60;20.00;348.0;7.0;0.10;100.0;IFS
parking_pre_rencontre;AROMEIFS;2026-10-17T17:00;IFS;6.20;20.00;346.0;6.6;0.10;100.0;IFS
parking_pre_rencontre;AROMEIFS;2026-10-17T18:00;IFS;5.90;20.00;345.0;6.3;0.10;100.0;IFS
parking_pre_rencontre;AROMEIFS;2026-10-17T19:00;IFS;5.60;20.00;344.0;6.1;0.10;100.0;IFS
parking_pre_rencontre;AROMEIFS;2026-10-17T20:00;IFS;5.30;19.80;343.0;5.9;0.10;100.0;IFS
parking_pre_rencontre;AROMEIFS;2026-10-17T21:00;IFS;5.10;19.60;343.0;5.8;0.00;100.0;IFS
parking_pre_rencontre;AROMEIFS;2026-10-17T22:00;IFS;4.70;19.20;345.0;5.7;0.00;100.0;IFS
parking_pre_rencontre;AROMEIFS;2026-10-17T23:00;IFS;4.50;18.90;347.0;5.7;0.00;100.0;IFS
parking_pre_rencontre;AROMEIFS;2026-10-18T00:00;IFS;4.30;18.50;349.0;5.7;0.00;100.0;IFS
parking_pre_rencontre;AROMEIFS;2026-10-18T01:00;IFS;4.10;17.90;353.0;5.7;0.00;100.0;IFS
parking_pre_rencontre;AROMEIFS;2026-10-18T02:00;IFS;3.90;17.30;354.0;5.7;0.00;100.0;IFS
parking_pre_rencontre;AROMEIFS;2026-10-18T03:00;IFS;3.80;16.50;354.0;5.6;0.40;100.0;IFS
parking_pre_rencontre;AROMEIFS;2026-10-18T04:00;IFS;3.70;15.70;354.0;5.4;0.40;100.0;IFS
parking_pre_rencontre;AROMEIFS;2026-10-18T05:00;IFS;3.60;15.00;354.0;5.3;0.40;100.0;IFS
parking_pre_rencontre;AROMEIFS;2026-10-18T06:00;IFS;3.60;14.00;352.0;5.2;0.40;100.0;IFS
parking_pre_rencontre;AROMEIFS;2026-10-18T07:00;IFS;3.50;13.20;351.0;5.1;0.40;100.0;IFS
parking_pre_rencontre;AROMEIFS;2026-10-18T08:00;IFS;3.40;12.40;350.0;5.1;0.40;100.0;IFS
parking_pre_rencontre;AROMEIFS;2026-10-18T09:00;IFS;3.20;11.90;349.0;5.3;0.70;100.0;IFS
parking_pre_rencontre;AROMEIFS;2026-10-18T10:00;IFS;3.00;11.30;351.0;5.5;0.70;100.0;IFS
parking_pre_rencontre;AROMEIFS;2026-10-18T11:00;IFS;2.70;10.90;350.0;5.8;0.70;100.0;IFS
parking_pre_rencontre;AROMEIFS;2026-10-18T12:00;IFS;2.40;10.50;351.0;6.1;0.70;100.0;IFS
parking_pre_rencontre;AROMEIFS;2026-10-18T13:00;IFS;2.10;10.10;349.0;6.4;0.70;100.0;IFS
parking_pre_rencontre;AROMEIFS;2026-10-18T14:00;IFS;1.80;9.70;347.0;6.6;0.70;100.0;IFS
parking_pre_rencontre;AROMEIFS;2026-10-18T15:00;IFS;1.40;9.30;340.0;6.7;0.10;100.0;IFS
parking_pre_rencontre;AROMEIFS;2026-10-18T16:00;IFS;1.10;8.90;333.0;6.7;0.10;100.0;IFS
parking_pre_rencontre;AROMEIFS;2026-10-18T17:00;IFS;0.90;8.60;311.0;6.7;0.10;99.0;IFS
parking_pre_rencontre;AROMEIFS;2026-10-18T18:00;IFS;0.80;8.20;277.0;6.6;0.10;99.0;IFS
parking_pre_rencontre;AROMEIFS;2026-10-18T19:00;IFS;0.90;7.80;252.0;6.6;0.10;99.0;IFS
parking_pre_rencontre;AROMEIFS;2026-10-18T20:00;IFS;1.10;7.40;236.0;6.6;0.10;99.0;IFS
parking_pre_rencontre;AROMEIFS;2026-10-18T21:00;IFS;1.20;7.00;228.0;6.6;0.00;99.0;IFS
parking_pre_rencontre;AROMEIFS;2026-10-18T22:00;IFS;1.20;6.80;219.0;6.6;0.00;99.0;IFS
parking_pre_rencontre;AROMEIFS;2026-10-18T23:00;IFS;1.40;6.40;214.0;6.7;0.00;99.0;IFS
parking_pre_rencontre;AROMEIFS;2026-10-19T00:00;IFS;1.40;6.00;208.0;6.7;0.00;100.0;IFS
parking_pre_rencontre;AROMEIFS;2026-10-19T01:00;IFS;1.50;5.80;203.0;6.7;0.00;100.0;IFS
parking_pre_rencontre;AROMEIFS;2026-10-19T02:00;IFS;1.50;5.80;198.0;6.7;0.00;100.0;IFS
parking_pre_rencontre;AROMEIFS;2026-10-19T03:00;IFS;1.60;5.80;194.0;6.6;0.00;100.0;IFS
parking_pre_rencontre;AROMEIFS;2026-10-19T04:00;IFS;1.70;6.00;193.0;6.3;0.00;100.0;IFS
parking_pre_rencontre;AROMEIFS;2026-10-19T05:00;IFS;1.70;6.20;190.0;6.1;0.00;100.0;IFS
parking_pre_rencontre;AROMEIFS;2026-10-19T06:00;IFS;1.70;6.40;187.0;5.9;0.00;100.0;IFS
parking_pre_rencontre;AROMEIFS;2026-10-19T07:00;IFS;1.60;6.80;187.0;6.0;0.00;100.0;IFS
parking_pre_rencontre;AROMEIFS;2026-10-19T08:00;IFS;1.40;7.00;184.0;6.4;0.00;100.0;IFS
parking_pre_rencontre;AROMEIFS;2026-10-19T09:00;IFS;1.00;7.20;180.0;7.5;0.00;100.0;IFS
parking_pre_rencontre;AROMEIFS;2026-10-19T10:00;IFS;0.30;7.40;162.0;9.1;0.00;100.0;IFS
parking_pre_rencontre;AROMEIFS;2026-10-19T11:00;IFS;0.40;7.80;27.0;10.9;0.00;100.0;IFS
parking_pre_rencontre;AROMEIFS;2026-10-19T12:00;IFS;1.20;8.00;14.0;12.7;0.00;100.0;IFS
parking_pre_rencontre;AROMEIFS;2026-10-19T13:00;IFS;1.80;8.20;13.0;14.1;0.00;98.0;IFS
parking_pre_rencontre;AROMEIFS;2026-10-19T14:00;IFS;2.10;8.40;11.0;14.8;0.00;94.0;IFS
parking_pre_rencontre;AROMEIFS;2026-10-19T15:00;IFS;2.10;8.60;8.0;14.7;0.00;87.0;IFS
parking_pre_rencontre;AROMEIFS;2026-10-19T16:00;IFS;1.80;8.90;3.0;14.0;0.00;78.0;IFS
parking_pre_rencontre;AROMEIFS;2026-10-19T17:00;IFS;1.60;9.30;356.0;12.9;0.00;67.0;IFS
parking_pre_rencontre;AROMEIFS;2026-10-19T18:00;IFS;1.20;9.70;346.0;11.7;0.00;56.0;IFS
parking_pre_rencontre;AROMEIFS;2026-10-19T19:00;IFS;1.00;9.70;331.0;10.5;0.00;45.0;IFS
parking_pre_rencontre;AROMEIFS;2026-10-19T20:00;IFS;0.80;9.50;315.0;9.6;0.00;36.0;IFS
parking_pre_rencontre;AROMEIFS;2026-10-19T21:00;IFS;0.70;8.90;304.0;9.0;0.00;28.0;IFS
parking_pre_rencontre;AROMEIFS;2026-10-19T22:00;IFS;0.50;7.80;292.0;8.4;0.00;20.0;IFS
parking_pre_rencontre;AROMEIFS;2026-10-19T23:00;IFS;0.40;6.40;284.0;7.9;0.00;13.0;IFS
parking_pre_rencontre;AROMEIFS;2026-10-20T00:00;IFS;0.20;5.20;243.0;7.4;0.00;7.0;IFS
parking_pre_rencontre;AROMEIFS;2026-10-20T01:00;IFS;0.10;4.50;225.0;7.0;0.00;3.0;IFS
parking_pre_rencontre;AROMEIFS;2026-10-20T02:00;IFS;0.10;4.10;270.0;6.6;0.00;1.0;IFS
parking_pre_rencontre;AROMEIFS;2026-10-20T03:00;IFS;0.30;4.50;315.0;6.3;0.00;3.0;IFS
parking_pre_rencontre;AROMEIFS;2026-10-20T04:00;IFS;0.70;5.20;333.0;5.8;0.00;8.0;IFS
parking_pre_rencontre;AROMEIFS;2026-10-20T05:00;IFS;1.00;6.40;338.0;5.5;0.00;14.0;IFS
parking_pre_rencontre;AROMEIFS;2026-10-20T06:00;IFS;1.60;7.80;338.0;5.3;0.00;22.0;IFS
parking_pre_rencontre;AROMEIFS;2026-10-20T07:00;IFS;2.10;9.10;341.0;5.4;0.00;30.0;IFS
parking_pre_rencontre;AROMEIFS;2026-10-20T08:00;IFS;2.50;10.30;344.0;5.8;0.00;36.0;IFS
parking_pre_rencontre;AROMEIFS;2026-10-20T09:00;IFS;3.00;11.70;349.0;6.9;0.00;41.0;IFS
parking_pre_rencontre;AROMEIFS;2026-10-20T10:00;IFS;3.60;13.00;352.0;8.7;0.00;47.0;IFS
parking_pre_rencontre;AROMEIFS;2026-10-20T11:00;IFS;4.20;14.40;355.0;10.7;0.00;52.0;IFS
parking_pre_rencontre;AROMEIFS;2026-10-20T12:00;IFS;4.80;15.90;358.0;12.7;0.00;57.0;IFS
parking_pre_rencontre;AROMEIFS;2026-10-20T13:00;IFS;5.20;17.10;359.0;14.1;0.00;62.0;IFS
parking_pre_rencontre;AROMEIFS;2026-10-20T14:00;IFS;5.30;18.10;360.0;14.8;0.00;67.0;IFS
parking_pre_rencontre;AROMEIFS;2026-10-20T15:00;IFS;5.20;18.90;360.0;14.5;0.00;72.0;IFS
parking_pre_rencontre;AROMEIFS;2026-10-20T16:00;IFS;4.80;19.40;359.0;13.5;0.00;76.0;IFS
parking_pre_rencontre;AROMEIFS;2026-10-20T17:00;IFS;4.10;19.80;359.0;12.0;0.00;80.0;IFS
parking_pre_rencontre;AROMEIFS;2026-10-20T18:00;IFS;3.50;20.00;357.0;10.3;0.00;84.0;IFS
parking_pre_rencontre;AROMEIFS;2026-10-20T19:00;IFS;2.90;20.20;354.0;8.8;0.00;88.0;IFS
parking_pre_rencontre;AROMEIFS;2026-10-20T20:00;IFS;2.50;20.00;353.0;7.7;0.00;91.0;IFS
parking_pre_rencontre;AROMEIFS;2026-10-20T21:00;IFS;2.40;19.40;353.0;6.9;0.00;93.0;IFS
parking_pre_rencontre;AROMEIFS;2026-10-20T22:00;IFS;2.30;18.70;355.0;6.4;0.00;95.0;IFS
parking_pre_rencontre;AROMEIFS;2026-10-20T23:00;IFS;2.40;17.70;358.0;5.9;0.00;96.0;IFS
parking_pre_rencontre;AROMEIFS;2026-10-21T00:00;IFS;2.50;16.50;360.0;5.6;0.00;97.0;IFS
parking_pre_rencontre;AROMEIFS;2026-10-21T01:00;IFS;2.50;15.60;2.0;5.2;0.00;98.0;IFS
parking_pre_rencontre;AROMEIFS;2026-10-21T02:00;IFS;2.40;15.00;5.0;4.9;0.00;99.0;IFS
parking_pre_rencontre;AROMEIFS;2026-10-21T03:00;IFS;2.10;14.80;5.0;4.4;0.00;100.0;IFS
parking_pre_rencontre;AROMEIFS;2026-10-21T04:00;IFS;1.80;14.80;6.0;3.7;0.00;100.0;IFS
parking_pre_rencontre;AROMEIFS;2026-10-21T05:00;IFS;1.40;15.00;8.0;3.1;0.00;100.0;IFS
parking_pre_rencontre;AROMEIFS;2026-10-21T06:00;IFS;1.00;15.00;11.0;2.6;0.00;100.0;IFS
parking_pre_rencontre;AROMEIFS;2026-10-21T07:00;IFS;0.60;15.00;18.0;2.6;0.00;100.0;IFS
parking_pre_rencontre;AROMEIFS;2026-10-21T08:00;IFS;0.40;14.80;27.0;3.1;0.00;100.0;IFS
parking_pre_rencontre;AROMEIFS;2026-10-21T09:00;IFS;0.50;14.20;37.0;4.6;0.00;95.0;IFS
parking_pre_rencontre;AROMEIFS;2026-10-21T10:00;IFS;0.60;13.00;39.0;6.9;0.00;88.0;IFS
parking_pre_rencontre;AROMEIFS;2026-10-21T11:00;IFS;0.80;12.10;40.0;9.6;0.00;79.0;IFS
parking_pre_rencontre;AROMEIFS;2026-10-21T12:00;IFS;1.00;10.90;37.0;12.2;0.00;70.0;IFS
parking_pre_rencontre;AROMEIFS;2026-10-21T13:00;IFS;1.20;10.10;35.0;14.2;0.00;61.0;IFS
parking_pre_rencontre;AROMEIFS;2026-10-21T14:00;IFS;1.30;9.70;32.0;15.3;0.00;52.0;IFS
parking_pre_rencontre;AROMEIFS;2026-10-21T15:00;IFS;1.40;10.10;30.0;15.1;0.00;44.0;IFS
parking_pre_rencontre;AROMEIFS;2026-10-21T16:00;IFS;1.30;10.90;27.0;14.1;0.00;35.0;IFS
parking_pre_rencontre;AROMEIFS;2026-10-21T17:00;IFS;1.30;12.10;27.0;12.5;0.00;26.0;IFS
parking_pre_rencontre;AROMEIFS;2026-10-21T18:00;IFS;1.30;13.20;23.0;10.7;0.00;17.0;IFS
parking_pre_rencontre;AROMEIFS;2026-10-21T19:00;IFS;1.20;14.00;18.0;9.0;0.00;10.0;IFS
parking_pre_rencontre;AROMEIFS;2026-10-21T20:00;IFS;1.10;14.00;15.0;7.9;0.00;5.0;IFS
parking_pre_rencontre;AROMEIFS;2026-10-21T21:00;IFS;0.90;13.20;13.0;7.2;0.00;1.0;IFS
parking_pre_rencontre;AROMEIFS;2026-10-21T22:00;IFS;0.60;11.70;18.0;6.7;0.00;0.0;IFS
parking_pre_rencontre;AROMEIFS;2026-10-21T23:00;IFS;0.30;9.90;18.0;6.3;0.00;0.0;IFS
parking_pre_rencontre;AROMEIFS;2026-10-22T00:00;IFS;0.10;8.00;90.0;6.0;0.00;0.0;IFS
parking_pre_rencontre;AROMEIFS;2026-10-22T01:00;IFS;0.30;6.20;180.0;5.7;0.00;0.0;IFS
parking_pre_rencontre;AROMEIFS;2026-10-22T02:00;IFS;0.50;5.10;180.0;5.4;0.00;1.0;IFS
parking_pre_rencontre;AROMEIFS;2026-10-22T03:00;IFS;0.70;4.30;188.0;5.0;0.00;14.0;IFS
parking_pre_rencontre;AROMEIFS;2026-10-22T04:00;IFS;0.80;3.50;187.0;4.4;0.00;34.0;IFS
parking_pre_rencontre;AROMEIFS;2026-10-22T05:00;IFS;1.00;3.10;191.0;3.8;0.00;57.0;IFS
parking_pre_rencontre;AROMEIFS;2026-10-22T06:00;IFS;1.10;2.70;195.0;3.5;0.00;78.0;IFS
parking_pre_rencontre;AROMEIFS;2026-10-22T07:00;IFS;1.10;2.50;195.0;3.5;0.00;94.0;IFS
parking_pre_rencontre;AROMEIFS;2026-10-22T08:00;IFS;1.00;2.70;197.0;4.1;0.00;100.0;IFS
parking_pre_rencontre;AROMEIFS;2026-10-22T09:00;IFS;0.80;3.10;194.0;5.6;0.00;94.0;IFS
parking_pre_rencontre;AROMEIFS;2026-10-22T10:00;IFS;0.50;3.90;191.0;7.9;0.00;78.0;IFS
parking_pre_rencontre;AROMEIFS;2026-10-22T11:00;IFS;0.10;4.70;180.0;10.6;0.00;56.0;IFS
parking_pre_rencontre;AROMEIFS;2026-10-22T12:00;IFS;0.30;5.60;18.0;13.2;0.00;33.0;IFS
parking_pre_rencontre;AROMEIFS;2026-10-22T13:00;IFS;0.70;6.80;23.0;15.2;0.00;13.0;IFS
parking_pre_rencontre;AROMEIFS;2026-10-22T14:00;IFS;0.90;7.80;18.0;16.3;0.00;0.0;IFS
parking_pre_rencontre;AROMEIFS;2026-10-22T15:00;IFS;1.00;8.90;17.0;16.1;0.00;0.0;IFS
parking_pre_rencontre;AROMEIFS;2026-10-22T16:00;IFS;1.00;10.50;11.0;15.0;0.00;0.0;IFS
parking_pre_rencontre;AROMEIFS;2026-10-22T17:00;IFS;1.00;12.10;6.0;13.4;0.00;0.0;IFS
parking_pre_rencontre;AROMEIFS;2026-10-22T18:00;IFS;0.90;13.40;360.0;11.6;0.00;0.0;IFS
parking_pre_rencontre;AROMEIFS;2026-10-22T19:00;IFS;0.70;14.20;352.0;10.0;0.00;0.0;IFS
parking_pre_rencontre;AROMEIFS;2026-10-22T20:00;IFS;0.60;14.40;342.0;8.8;0.00;1.0;IFS
parking_pre_rencontre;AROMEIFS;2026-10-22T21:00;IFS;0.40;13.40;333.0;8.1;0.00;14.0;IFS
parking_pre_rencontre;AROMEIFS;2026-10-22T22:00;IFS;0.30;11.90;315.0;7.6;0.00;33.0;IFS
parking_pre_rencontre;AROMEIFS;2026-10-22T23:00;IFS;0.20;9.50;243.0;7.2;0.00;55.0;IFS
parking_pre_rencontre;AROMEIFS;2026-10-23T00:00;IFS;0.40;7.20;214.0;6.9;0.00;75.0;IFS
parking_pre_rencontre;AROMEIFS;2026-10-23T01:00;IFS;0.60;5.10;198.0;6.7;0.00;91.0;IFS
parking_pre_rencontre;AROMEIFS;2026-10-23T02:00;IFS;0.70;3.70;196.0;6.5;0.00;98.0;IFS
parking_pre_rencontre;AROMEIFS;2026-10-23T03:00;IFS;0.80;2.90;194.0;6.1;0.00;94.0;IFS
parking_pre_rencontre;AROMEIFS;2026-10-23T04:00;IFS;0.80;2.30;201.0;5.6;0.00;82.0;IFS
parking_pre_rencontre;AROMEIFS;2026-10-23T05:00;IFS;0.90;1.90;198.0;5.1;0.00;64.0;IFS
parking_pre_rencontre;AROMEIFS;2026-10-23T06:00;IFS;0.80;1.90;201.0;4.9;0.00;46.0;IFS
parking_pre_rencontre;AROMEIFS;2026-10-23T07:00;IFS;0.90;1.90;207.0;5.0;0.00;29.0;IFS
parking_pre_rencontre;AROMEIFS;2026-10-23T08:00;IFS;0.70;2.10;214.0;5.7;0.00;18.0;IFS
parking_pre_rencontre;AROMEIFS;2026-10-23T09:00;IFS;0.50;2.50;233.0;7.3;0.00;13.0;IFS
parking_pre_rencontre;AROMEIFS;2026-10-23T10:00;IFS;0.40;3.10;284.0;9.7;0.00;11.0;IFS
parking_pre_rencontre;AROMEIFS;2026-10-23T11:00;IFS;0.60;3.90;321.0;12.5;0.00;11.0;IFS
parking_pre_rencontre;AROMEIFS;2026-10-23T12:00;IFS;1.00;4.70;338.0;15.2;0.00;12.0;IFS
parking_pre_rencontre;AROMEIFS;2026-10-23T13:00;IFS;1.40;5.60;344.0;17.4;0.00;13.0;IFS
parking_pre_rencontre;AROMEIFS;2026-10-23T14:00;IFS;1.60;6.60;346.0;18.5;0.00;13.0;IFS
parking_pre_rencontre;AROMEIFS;2026-10-23T15:00;IFS;1.70;7.80;347.0;18.3;0.00;10.0;IFS
parking_pre_rencontre;AROMEIFS;2026-10-23T16:00;IFS;1.70;9.30;344.0;17.2;0.00;5.0;IFS
parking_pre_rencontre;AROMEIFS;2026-10-23T17:00;IFS;1.70;10.90;344.0;15.5;0.00;0.0;IFS
parking_pre_rencontre;AROMEIFS;2026-10-23T18:00;IFS;1.70;12.20;339.0;13.6;0.00;0.0;IFS
parking_pre_rencontre;AROMEIFS;2026-10-23T19:00;IFS;1.60;13.20;338.0;11.8;0.00;0.0;IFS
parking_pre_rencontre;AROMEIFS;2026-10-23T20:00;IFS;1.40;13.60;335.0;10.4;0.00;0.0;IFS
parking_pre_rencontre;AROMEIFS;2026-10-23T21:00;IFS;1.10;13.00;333.0;9.5;0.00;12.0;IFS
parking_pre_rencontre;AROMEIFS;2026-10-23T22:00;IFS;0.80;11.70;330.0;8.8;0.00;31.0;IFS
parking_pre_rencontre;AROMEIFS;2026-10-23T23:00;IFS;0.40;9.90;326.0;8.2;0.00;52.0;IFS
parking_pre_rencontre;AROMEIFS;2026-10-24T00:00;IFS;0.10;8.20;225.0;7.6;0.00;74.0;IFS
parking_pre_rencontre;AROMEIFS;2026-10-24T01:00;IFS;0.50;6.40;180.0;7.2;0.00;90.0;IFS
parking_pre_rencontre;AROMEIFS;2026-10-24T02:00;IFS;0.70;5.20;172.0;6.7;0.00;98.0;IFS
parking_pre_rencontre;AROMEIFS;2026-10-24T03:00;IFS;0.80;4.50;173.0;6.2;0.00;96.0;IFS
parking_pre_rencontre;AROMEIFS;2026-10-24T04:00;IFS;1.00;3.90;180.0;5.6;0.00;86.0;IFS
parking_pre_rencontre;AROMEIFS;2026-10-24T05:00;IFS;1.00;3.30;186.0;5.0;0.00;72.0;IFS
parking_pre_rencontre;AROMEIFS;2026-10-24T06:00;IFS;1.00;3.10;186.0;4.6;0.00;56.0;IFS
parking_pre_rencontre;AROMEIFS;2026-10-24T07:00;IFS;0.90;2.90;193.0;4.7;0.00;41.0;IFS
parking_pre_rencontre;AROMEIFS;2026-10-24T08:00;IFS;0.70;3.10;196.0;5.2;0.00;30.0;IFS
parking_pre_rencontre;AROMEIFS;2026-10-24T09:00;IFS;0.30;3.50;198.0;6.5;0.00;22.0;IFS
parking_pre_rencontre;AROMEIFS;2026-10-24T10:00;IFS;0.20;4.30;360.0;8.7;0.00;16.0;IFS
parking_pre_rencontre;AROMEIFS;2026-10-24T11:00;IFS;0.80;5.20;14.0;11.2;0.00;11.0;IFS
parking_pre_rencontre;AROMEIFS;2026-10-24T12:00;IFS;1.40;6.40;16.0;13.7;0.00;6.0;IFS
parking_pre_rencontre;AROMEIFS;2026-10-24T13:00;IFS;1.80;7.40;16.0;15.6;0.00;3.0;IFS
parking_pre_rencontre;AROMEIFS;2026-10-24T14:00;IFS;2.10;8.40;16.0;16.6;0.00;0.0;IFS
parking_pre_rencontre;AROMEIFS;2026-10-24T15:00;IFS;2.10;9.30;16.0;16.5;0.00;0.0;IFS
parking_pre_rencontre;AROMEIFS;2026-10-24T16:00;IFS;2.00;10.30;14.0;15.7;0.00;0.0;IFS
parking_pre_rencontre;AROMEIFS;2026-10-24T17:00;IFS;1.70;11.50;10.0;14.3;0.00;0.0;IFS
parking_pre_rencontre;AROMEIFS;2026-10-24T18:00;IFS;1.40;12.20;4.0;12.7;0.00;0.0;IFS
parking_pre_rencontre;AROMEIFS;2026-10-24T19:00;IFS;1.10;12.80;360.0;11.2;0.00;0.0;IFS
parking_pre_rencontre;AROMEIFS;2026-10-24T20:00;IFS;0.80;12.80;353.0;10.0;0.00;3.0;IFS
parking_pre_rencontre;AROMEIFS;2026-10-24T21:00;IFS;0.60;12.20;342.0;9.2;0.00;15.0;IFS
parking_pre_rencontre;AROMEIFS;2026-10-24T22:00;IFS;0.40;10.90;326.0;8.4;0.00;31.0;IFS
parking_pre_rencontre;AROMEIFS;2026-10-24T23:00;IFS;0.20;9.30;270.0;7.7;0.00;51.0;IFS
parking_pre_rencontre;AROMEIFS;2026-10-25T00:00;IFS;0.30;7.60;225.0;7.0;0.00;70.0;IFS
parking_pre_rencontre;AROMEIFS;2026-10-25T01:00;IFS;0.40;6.20;207.0;6.5;0.00;87.0;IFS
parking_pre_rencontre;AROMEIFS;2026-10-25T02:00;IFS;0.60;5.20;198.0;6.1;0.00;98.0;IFS
plage_de_sevrier;AROMEIFS;2026-10-10T00:00;AROMEHD;1.20;3.30;18.0;12.8;0.00;51.0;AROMEHD
plage_de_sevrier;AROMEIFS;2026-10-10T01:00;AROMEHD;2.30;7.20;149.0;12.5;0.00;97.0;AROMEHD
plage_de_sevrier;AROMEIFS;2026-10-10T02:00;AROMEHD;1.10;3.50;211.0;13.4;0.00;100.0;AROMEHD
plage_de_sevrier;AROMEIFS;2026-10-10T03:00;AROMEHD;3.40;4.50;190.0;12.5;0.00;62.0;AROMEHD
plage_de_sevrier;AROMEIFS;2026-10-10T04:00;AROMEHD;0.40;5.40;207.0;12.8;0.00;100.0;AROMEHD
plage_de_sevrier;AROMEIFS;2026-10-10T05:00;AROMEHD;2.20;6.00;170.0;13.0;0.00;100.0;AROMEHD
plage_de_sevrier;AROMEIFS;2026-10-10T06:00;AROMEHD;2.10;3.70;124.0;12.8;0.20;100.0;AROMEHD
plage_de_sevrier;AROMEIFS;2026-10-10T07:00;AROMEHD;1.40;3.30;352.0;12.0;2.00;100.0;AROMEHD
plage_de_sevrier;AROMEIFS;2026-10-10T08:00;AROMEHD;2.40;4.30;194.0;11.6;1.30;100.0;AROMEHD
plage_de_sevrier;AROMEIFS;2026-10-10T09:00;AROMEHD;2.80;4.30;219.0;11.6;0.40;100.0;AROMEHD
plage_de_sevrier;AROMEIFS;2026-10-10T10:00;AROMEHD;2.80;3.90;196.0;12.0;0.00;100.0;AROMEHD
plage_de_sevrier;AROMEIFS;2026-10-10T11:00;AROMEHD;1.80;4.30;186.0;12.4;0.00;100.0;AROMEHD
plage_de_sevrier;AROMEIFS;2026-10-10T12:00;AROMEHD;1.90;2.10;360.0;13.3;0.00;100.0;AROMEHD
plage_de_sevrier;AROMEIFS;2026-10-10T13:00;AROMEHD;1.60;1.90;210.0;13.5;0.00;100.0;AROMEHD
plage_de_sevrier;AROMEIFS;2026-10-10T14:00;AROMEHD;1.00;3.10;112.0;13.7;0.00;56.0;AROMEHD
plage_de_sevrier;AROMEIFS;2026-10-10T15:00;AROMEHD;1.00;0.20;338.0;14.3;0.00;100.0;AROMEHD
plage_de_sevrier;AROMEIFS;2026-10-10T16:00;AROMEHD;1.80;3.90;13.0;15.2;0.00;100.0;AROMEHD
plage_de_sevrier;AROMEIFS;2026-10-10T17:00;AROMEHD;1.40;2.70;326.0;15.4;0.00;100.0;AROMEHD
plage_de_sevrier;AROMEIFS;2026-10-10T18:00;AROMEHD;1.20;3.30;321.0;15.6;0.00;100.0;AROMEHD
plage_de_sevrier;AROMEIFS;2026-10-10T19:00;AROMEHD;2.10;5.60;202.0;15.1;0.10;58.0;AROMEHD
plage_de_sevrier;AROMEIFS;2026-10-10T20:00;AROMEHD;3.00;2.90;105.0;14.6;0.30;100.0;AROMEHD
plage_de_sevrier;AROMEIFS;2026-10-10T21:00;AROMEHD;1.60;5.20;346.0;15.2;0.00;97.0;AROMEHD
plage_de_sevrier;AROMEIFS;2026-10-10T22:00;AROMEHD;0.80;3.10;284.0;14.5;0.00;79.0;AROMEHD
plage_de_sevrier;AROMEIFS;2026-10-10T23:00;AROMEHD;1.10;3.10;329.0;14.0;0.00;9.0;AROMEHD
plage_de_sevrier;AROMEIFS;2026-10-11T00:00;AROMEHD;9.30;12.20;348.0;13.6;0.00;4.0;AROMEHD
plage_de_sevrier;AROMEIFS;2026-10-11T01:00;AROMEHD;8.10;13.40;350.0;13.2;0.00;95.0;AROMEHD
plage_de_sevrier;AROMEIFS;2026-10-11T02:00;AROMEHD;5.70;12.10;352.0;13.1;0.00;7.0;AROMEHD
plage_de_sevrier;AROMEIFS;2026-10-11T03:00;AROMEHD;2.40;8.60;14.0;12.8;0.00;10.0;AROMEHD
plage_de_sevrier;AROMEIFS;2026-10-11T04:00;AROMEHD;1.50;2.70;337.0;12.1;0.00;0.0;AROMEHD
plage_de_sevrier;AROMEIFS;2026-10-11T05:00;AROMEHD;3.20;4.70;284.0;11.3;0.00;0.0;AROMEHD
plage_de_sevrier;AROMEIFS;2026-10-11T06:00;AROMEHD;2.00;3.90;264.0;11.1;0.00;25.0;AROMEHD
plage_de_sevrier;AROMEIFS;2026-10-11T07:00;AROMEHD;3.30;4.50;263.0;10.7;0.00;25.0;AROMEHD
plage_de_sevrier;AROMEIFS;2026-10-11T08:00;AROMEHD;2.50;2.70;184.0;10.3;0.00;25.0;AROMEHD
plage_de_sevrier;AROMEIFS;2026-10-11T09:00;AROMEHD;1.00;4.30;127.0;10.6;0.00;24.8;AROMEHD
plage_de_sevrier;AROMEIFS;2026-10-11T10:00;AROMEHD;3.40;5.10;10.0;11.3;0.00;25.0;AROMEHD
plage_de_sevrier;AROMEIFS;2026-10-11T11:00;AROMEHD;5.50;7.60;6.0;11.7;0.00;19.0;AROMEHD
plage_de_sevrier;AROMEIFS;2026-10-11T12:00;AROMEHD;6.30;8.20;9.0;12.1;0.00;25.0;AROMEHD
plage_de_sevrier;AROMEIFS;2026-10-11T13:00;AROMEHD;7.90;10.30;11.0;12.9;0.00;25.0;AROMEHD
plage_de_sevrier;AROMEIFS;2026-10-11T14:00;AROMEHD;5.30;9.50;17.0;13.8;0.00;99.0;AROMEHD
plage_de_sevrier;AROMEIFS;2026-10-11T15:00;AROMEHD;2.70;6.80;21.0;14.2;0.00;60.0;AROMEHD
plage_de_sevrier;AROMEIFS;2026-10-11T16:00;AROMEHD;1.10;4.10;45.0;14.8;0.00;100.0;AROMEHD
plage_de_sevrier;AROMEIFS;2026-10-11T17:00;AROMEHD;1.40;2.70;16.0;15.2;0.00;100.0;AROMEHD
plage_de_sevrier;AROMEIFS;2026-10-11T18:00;AROMEHD;4.70;6.20;358.0;15.5;0.00;97.0;AROMEHD
plage_de_sevrier;AROMEIFS;2026-10-11T19:00;AROMEHD;5.70;9.50;342.0;14.8;0.00;99.0;AROMEHD
plage_de_sevrier;AROMEIFS;2026-10-11T20:00;AROMEHD;4.10;7.40;335.0;14.4;0.00;74.0;AROMEHD
plage_de_sevrier;AROMEIFS;2026-10-11T21:00;AROMEHD;3.50;6.20;333.0;14.0;0.00;0.0;AROMEHD
plage_de_sevrier;AROMEIFS;2026-10-11T22:00;AROMEHD;4.90;8.20;326.0;13.5;0.00;0.0;AROMEHD
plage_de_sevrier;AROMEIFS;2026-10-11T23:00;AROMEHD;6.50;9.70;333.0;12.6;0.00;0.0;AROMEHD
plage_de_sevrier;AROMEIFS;2026-10-12T00:00;AROMEHD;3.60;9.10;347.0;12.2;0.00;0.0;AROMEHD
plage_de_sevrier;AROMEIFS;2026-10-12T01:00;AROMEHD;2.20;5.80;38.0;11.5;0.00;0.0;AROMEHD
plage_de_sevrier;AROMEIFS;2026-10-12T02:00;AROMEHD;1.00;3.50;53.0;11.1;0.00;0.0;AROMEHD
plage_de_sevrier;AROMEIFS;2026-10-12T03:00;AROMEHD;4.10;6.80;315.0;11.1;0.00;0.0;AROMEHD
plage_de_sevrier;AROMEIFS;2026-10-12T04:00;AROMEHD;2.40;4.30;29.0;10.7;0.00;0.0;AROMEHD
plage_de_sevrier;AROMEIFS;2026-10-12T05:00;AROMEHD;3.40;4.50;347.0;10.6;0.00;0.0;AROMEHD
plage_de_sevrier;AROMEIFS;2026-10-12T06:00;AROMEHD;1.40;5.20;344.0;10.3;0.00;0.0;AROMEHD
plage_de_sevrier;AROMEIFS;2026-10-12T07:00;AROMEHD;1.90;2.90;360.0;10.3;0.00;0.0;AROMEHD
plage_de_sevrier;AROMEIFS;2026-10-12T08:00;AROMEHD;1.60;3.30;7.0;10.2;0.00;0.0;AROMEHD
plage_de_sevrier;AROMEIFS;2026-10-12T09:00;AROMEHD;3.40;5.20;350.0;10.3;0.00;0.0;AROMEHD
plage_de_sevrier;AROMEIFS;2026-10-12T10:00;AROMEHD;2.10;5.60;22.0;10.4;0.00;0.0;AROMEHD
plage_de_sevrier;AROMEIFS;2026-10-12T11:00;AROMEHD;0.70;3.10;56.0;10.7;0.00;0.0;AROMEHD
plage_de_sevrier;AROMEIFS;2026-10-12T12:00;ARPEGE;1.20;3.30;171.0;11.5;0.00;7.0;ARPEGE
plage_de_sevrier;AROMEIFS;2026-10-12T13:00;ARPEGE;1.40;3.50;225.0;13.4;0.00;17.0;ARPEGE
plage_de_sevrier;AROMEIFS;2026-10-12T14:00;ARPEGE;1.90;5.60;246.0;14.8;0.00;50.0;ARPEGE
plage_de_sevrier;AROMEIFS;2026-10-12T15:00;ARPEGE;2.00;5.80;259.0;15.7;0.00;35.0;ARPEGE
plage_de_sevrier;AROMEIFS;2026-10-12T16:00;ARPEGE;2.80;7.20;286.0;16.1;0.00;39.0;ARPEGE
plage_de_sevrier;AROMEIFS;2026-10-12T17:00;ARPEGE;1.90;6.40;270.0;15.9;0.00;25.0;ARPEGE
plage_de_sevrier;AROMEIFS;2026-10-12T18:00;ARPEGE;2.20;4.10;280.0;15.0;0.00;36.0;ARPEGE
plage_de_sevrier;AROMEIFS;2026-10-12T19:00;ARPEGE;1.00;3.30;292.0;13.1;0.00;27.0;ARPEGE
plage_de_sevrier;AROMEIFS;2026-10-12T20:00;ARPEGE;0.80;1.20;166.0;11.4;0.00;30.0;ARPEGE
plage_de_sevrier;AROMEIFS;2026-10-12T21:00;ARPEGE;2.60;2.90;138.0;10.0;0.00;32.0;ARPEGE
plage_de_sevrier;AROMEIFS;2026-10-12T22:00;ARPEGE;3.30;3.70;126.0;9.1;0.00;20.0;ARPEGE
plage_de_sevrier;AROMEIFS;2026-10-12T23:00;ARPEGE;4.10;4.50;115.0;8.3;0.00;42.0;ARPEGE
plage_de_sevrier;AROMEIFS;2026-10-13T00:00;ARPEGE;3.50;4.70;124.0;8.0;0.00;37.0;ARPEGE
plage_de_sevrier;AROMEIFS;2026-10-13T01:00;ARPEGE;3.30;3.70;118.0;7.6;0.00;25.0;ARPEGE
plage_de_sevrier;AROMEIFS;2026-10-13T02:00;ARPEGE;3.30;3.90;118.0;7.4;0.00;34.0;ARPEGE
plage_de_sevrier;AROMEIFS;2026-10-13T03:00;ARPEGE;2.70;3.70;120.0;7.2;0.00;47.0;ARPEGE
plage_de_sevrier;AROMEIFS;2026-10-13T04:00;ARPEGE;3.20;3.50;115.0;7.0;0.00;57.0;ARPEGE
plage_de_sevrier;AROMEIFS;2026-10-13T05:00;ARPEGE;2.60;3.50;107.0;6.8;0.00;31.0;ARPEGE
plage_de_sevrier;AROMEIFS;2026-10-13T06:00;ARPEGE;2.20;3.90;128.0;6.8;0.00;23.0;ARPEGE
plage_de_sevrier;AROMEIFS;2026-10-13T07:00;ARPEGE;2.30;2.30;114.0;6.5;0.00;16.0;ARPEGE
plage_de_sevrier;AROMEIFS;2026-10-13T08:00;ARPEGE;2.40;2.50;119.0;6.3;0.00;7.0;ARPEGE
plage_de_sevrier;AROMEIFS;2026-10-13T09:00;ARPEGE;1.90;2.70;114.0;6.9;0.00;7.0;ARPEGE
plage_de_sevrier;AROMEIFS;2026-10-13T10:00;ARPEGE;0.60;1.90;90.0;9.1;0.00;3.0;ARPEGE
plage_de_sevrier;AROMEIFS;2026-10-13T11:00;ARPEGE;1.40;3.30;326.0;11.0;0.00;2.0;ARPEGE
plage_de_sevrier;AROMEIFS;2026-10-13T12:00;ARPEGE;1.70;4.10;297.0;12.7;0.00;1.0;ARPEGE
plage_de_sevrier;AROMEIFS;2026-10-13T13:00;ARPEGE;1.40;4.30;270.0;14.6;0.00;0.0;ARPEGE
plage_de_sevrier;AROMEIFS;2026-10-13T14:00;ARPEGE;1.40;4.70;254.0;16.2;0.00;0.0;ARPEGE
plage_de_sevrier;AROMEIFS;2026-10-13T15:00;ARPEGE;1.90;5.80;270.0;17.4;0.00;3.0;ARPEGE
plage_de_sevrier;AROMEIFS;2026-10-13T16:00;ARPEGE;1.70;6.00;270.0;18.0;0.00;4.0;ARPEGE
plage_de_sevrier;AROMEIFS;2026-10-13T17:00;ARPEGE;1.90;5.40;270.0;18.3;0.00;6.0;ARPEGE
plage_de_sevrier;AROMEIFS;2026-10-13T18:00;ARPEGE;2.20;5.10;280.0;17.6;0.00;31.0;ARPEGE
plage_de_sevrier;AROMEIFS;2026-10-13T19:00;ARPEGE;0.50;3.30;225.0;15.4;0.00;24.0;ARPEGE
plage_de_sevrier;AROMEIFS;2026-10-13T20:00;ARPEGE;2.00;2.10;151.0;13.6;0.00;24.0;ARPEGE
plage_de_sevrier;AROMEIFS;2026-10-13T21:00;ARPEGE;4.10;4.50;135.0;12.1;0.00;9.0;ARPEGE
plage_de_sevrier;AROMEIFS;2026-10-13T22:00;ARPEGE;4.40;4.90;128.0;11.1;0.00;9.0;ARPEGE
plage_de_sevrier;AROMEIFS;2026-10-13T23:00;ARPEGE;4.70;5.10;125.0;10.4;0.00;13.0;ARPEGE
plage_de_sevrier;AROMEIFS;2026-10-14T00:00;ARPEGE;3.90;5.10;123.0;9.9;0.00;82.0;ARPEGE
plage_de_sevrier;AROMEIFS;2026-10-14T01:00;ARPEGE;4.10;4.50;121.0;9.6;0.00;81.0;ARPEGE
plage_de_sevrier;AROMEIFS;2026-10-14T02:00;ARPEGE;3.80;4.30;125.0;9.2;0.00;100.0;ARPEGE
plage_de_sevrier;AROMEIFS;2026-10-14T03:00;ARPEGE;3.50;4.50;124.0;8.9;0.00;85.0;ARPEGE
plage_de_sevrier;AROMEIFS;2026-10-14T04:00;ARPEGE;3.10;3.90;112.0;8.9;0.00;71.0;ARPEGE
plage_de_sevrier;AROMEIFS;2026-10-14T05:00;ARPEGE;3.10;4.10;112.0;8.7;0.00;89.0;ARPEGE
plage_de_sevrier;AROMEIFS;2026-10-14T06:00;ARPEGE;4.20;4.70;127.0;8.4;0.00;39.0;ARPEGE
plage_de_sevrier;AROMEIFS;2026-10-14T07:00;ARPEGE;2.80;4.50;129.0;8.0;0.00;0.0;ARPEGE
plage_de_sevrier;AROMEIFS;2026-10-14T08:00;ARPEGE;3.20;5.10;137.0;8.0;0.00;1.0;ARPEGE
plage_de_sevrier;AROMEIFS;2026-10-14T09:00;ARPEGE;3.40;4.10;121.0;8.3;0.00;48.0;ARPEGE
plage_de_sevrier;AROMEIFS;2026-10-14T10:00;ARPEGE;1.40;3.70;90.0;10.5;0.00;71.0;ARPEGE
plage_de_sevrier;AROMEIFS;2026-10-14T11:00;ARPEGE;1.00;3.30;323.0;12.5;0.00;66.0;ARPEGE
plage_de_sevrier;AROMEIFS;2026-10-14T12:00;ARPEGE;1.80;4.70;276.0;14.3;0.00;29.0;ARPEGE
plage_de_sevrier;AROMEIFS;2026-10-14T13:00;ARPEGE;2.00;5.10;241.0;16.1;0.00;1.0;ARPEGE
plage_de_sevrier;AROMEIFS;2026-10-14T14:00;ARPEGE;1.90;6.00;233.0;17.7;0.00;0.0;ARPEGE
plage_de_sevrier;AROMEIFS;2026-10-14T15:00;IFS;4.10;12.40;306.0;18.4;0.00;1.0;IFS
plage_de_sevrier;AROMEIFS;2026-10-14T16:00;IFS;3.80;12.40;312.0;18.5;0.00;2.0;IFS
plage_de_sevrier;AROMEIFS;2026-10-14T17:00;IFS;3.10;12.10;316.0;18.1;0.00;2.0;IFS
plage_de_sevrier;AROMEIFS;2026-10-14T18:00;IFS;1.70;11.10;322.0;16.5;0.00;2.0;IFS
plage_de_sevrier;AROMEIFS;2026-10-14T19:00;IFS;0.30;9.50;45.0;14.4;0.00;1.0;IFS
plage_de_sevrier;AROMEIFS;2026-10-14T20:00;IFS;1.20;8.00;119.0;12.7;0.00;1.0;IFS
plage_de_sevrier;AROMEIFS;2026-10-14T21:00;IFS;1.50;6.40;113.0;12.2;0.00;1.0;IFS
plage_de_sevrier;AROMEIFS;2026-10-14T22:00;IFS;1.30;4.90;99.0;12.1;0.00;0.0;IFS
plage_de_sevrier;AROMEIFS;2026-10-14T23:00;IFS;1.20;3.70;85.0;12.0;0.00;1.0;IFS
plage_de_sevrier;AROMEIFS;2026-10-15T00:00;IFS;1.20;3.30;81.0;11.7;0.00;4.0;IFS
plage_de_sevrier;AROMEIFS;2026-10-15T01:00;IFS;1.30;3.50;77.0;11.4;0.00;8.0;IFS
plage_de_sevrier;AROMEIFS;2026-10-15T02:00;IFS;1.40;3.90;78.0;11.1;0.00;11.0;IFS
plage_de_sevrier;AROMEIFS;2026-10-15T03:00;IFS;1.60;4.30;79.0;10.8;0.00;14.0;IFS
plage_de_sevrier;AROMEIFS;2026-10-15T04:00;IFS;1.80;5.10;81.0;10.6;0.00;16.0;IFS
plage_de_sevrier;AROMEIFS;2026-10-15T05:00;IFS;2.00;5.40;81.0;10.5;0.00;16.0;IFS
plage_de_sevrier;AROMEIFS;2026-10-15T06:00;IFS;2.20;5.40;80.0;10.3;0.00;12.0;IFS
plage_de_sevrier;AROMEIFS;2026-10-15T07:00;IFS;2.40;5.40;78.0;10.2;0.00;6.0;IFS
plage_de_sevrier;AROMEIFS;2026-10-15T08:00;IFS;2.30;5.20;78.0;10.6;0.00;1.0;IFS
plage_de_sevrier;AROMEIFS;2026-10-15T09:00;IFS;1.60;5.20;76.0;12.0;0.00;0.0;IFS
plage_de_sevrier;AROMEIFS;2026-10-15T10:00;IFS;0.60;5.20;72.0;14.0;0.00;0.0;IFS
plage_de_sevrier;AROMEIFS;2026-10-15T11:00;IFS;0.30;5.40;288.0;15.8;0.00;1.0;IFS
plage_de_sevrier;AROMEIFS;2026-10-15T12:00;IFS;1.10;6.20;275.0;17.2;0.00;1.0;IFS
plage_de_sevrier;AROMEIFS;2026-10-15T13:00;IFS;1.80;7.40;276.0;18.5;0.00;2.0;IFS
plage_de_sevrier;AROMEIFS;2026-10-15T14:00;IFS;2.20;8.20;275.0;19.4;0.00;2.0;IFS
plage_de_sevrier;AROMEIFS;2026-10-15T15:00;IFS;2.40;8.60;275.0;19.9;0.00;2.0;IFS
plage_de_sevrier;AROMEIFS;2026-10-15T16:00;IFS;2.40;8.60;272.0;20.0;0.00;1.0;IFS
plage_de_sevrier;AROMEIFS;2026-10-15T17:00;IFS;2.00;8.40;270.0;19.5;0.00;1.0;IFS
plage_de_sevrier;AROMEIFS;2026-10-15T18:00;IFS;1.20;7.80;270.0;18.1;0.00;1.0;IFS
plage_de_sevrier;AROMEIFS;2026-10-15T19:00;IFS;0.10;6.80;180.0;16.1;0.00;0.0;IFS
plage_de_sevrier;AROMEIFS;2026-10-15T20:00;IFS;0.90;5.80;96.0;14.6;0.00;0.0;IFS
plage_de_sevrier;AROMEIFS;2026-10-15T21:00;IFS;1.10;4.70;95.0;13.9;0.00;0.0;IFS
plage_de_sevrier;AROMEIFS;2026-10-15T22:00;IFS;0.90;3.50;96.0;13.6;0.00;0.0;IFS
plage_de_sevrier;AROMEIFS;2026-10-15T23:00;IFS;0.80;2.70;97.0;13.3;0.00;0.0;IFS
plage_de_sevrier;AROMEIFS;2026-10-16T00:00;IFS;1.30;4.10;99.0;12.8;0.00;0.0;IFS
plage_de_sevrier;AROMEIFS;2026-10-16T01:00;IFS;1.30;3.70;99.0;12.5;0.00;0.0;IFS
plage_de_sevrier;AROMEIFS;2026-10-16T02:00;IFS;1.30;3.50;99.0;12.3;0.00;0.0;IFS
plage_de_sevrier;AROMEIFS;2026-10-16T03:00;IFS;1.30;3.30;99.0;12.0;0.00;0.0;IFS
plage_de_sevrier;AROMEIFS;2026-10-16T04:00;IFS;1.30;3.10;99.0;11.7;0.00;0.0;IFS
plage_de_sevrier;AROMEIFS;2026-10-16T05:00;IFS;1.30;3.10;94.0;11.4;0.00;1.0;IFS
plage_de_sevrier;AROMEIFS;2026-10-16T06:00;IFS;1.20;3.10;95.0;11.2;0.00;1.0;IFS
plage_de_sevrier;AROMEIFS;2026-10-16T07:00;IFS;1.00;3.30;96.0;11.3;0.00;1.0;IFS
plage_de_sevrier;AROMEIFS;2026-10-16T08:00;IFS;0.70;3.70;98.0;11.6;0.00;1.0;IFS
plage_de_sevrier;AROMEIFS;2026-10-16T09:00;IFS;0.20;4.50;117.0;12.4;0.00;1.0;IFS
plage_de_sevrier;AROMEIFS;2026-10-16T10:00;IFS;0.60;5.60;252.0;13.7;0.00;1.0;IFS
plage_de_sevrier;AROMEIFS;2026-10-16T11:00;IFS;1.40;6.80;258.0;15.2;0.00;1.0;IFS
plage_de_sevrier;AROMEIFS;2026-10-16T12:00;IFS;2.20;8.20;262.0;16.6;0.00;1.0;IFS
plage_de_sevrier;AROMEIFS;2026-10-16T13:00;IFS;2.70;9.10;262.0;17.7;0.00;1.0;IFS
plage_de_sevrier;AROMEIFS;2026-10-16T14:00;IFS;3.00;9.90;261.0;18.3;0.00;1.0;IFS
plage_de_sevrier;AROMEIFS;2026-10-16T15:00;IFS;2.80;10.30;258.0;18.1;0.00;1.0;IFS
plage_de_sevrier;AROMEIFS;2026-10-16T16:00;IFS;2.30;10.50;253.0;17.5;0.00;0.0;IFS
plage_de_sevrier;AROMEIFS;2026-10-16T17:00;IFS;1.70;10.50;243.0;16.5;0.00;0.0;IFS
plage_de_sevrier;AROMEIFS;2026-10-16T18:00;IFS;1.20;10.30;222.0;15.4;0.00;0.0;IFS
plage_de_sevrier;AROMEIFS;2026-10-16T19:00;IFS;1.00;9.90;186.0;14.4;0.00;0.0;IFS
plage_de_sevrier;AROMEIFS;2026-10-16T20:00;IFS;1.10;9.50;160.0;13.6;0.00;3.0;IFS
plage_de_sevrier;AROMEIFS;2026-10-16T21:00;IFS;1.30;8.90;148.0;13.1;0.00;9.0;IFS
plage_de_sevrier;AROMEIFS;2026-10-16T22:00;IFS;1.40;7.80;141.0;12.7;0.00;16.0;IFS
plage_de_sevrier;AROMEIFS;2026-10-16T23:00;IFS;1.40;6.80;132.0;12.4;0.00;25.0;IFS
plage_de_sevrier;AROMEIFS;2026-10-17T00:00;IFS;1.40;5.60;132.0;12.1;0.00;35.0;IFS
plage_de_sevrier;AROMEIFS;2026-10-17T01:00;IFS;1.40;5.10;132.0;11.8;0.00;44.0;IFS
plage_de_sevrier;AROMEIFS;2026-10-17T02:00;IFS;1.40;4.90;146.0;11.4;0.00;53.0;IFS
plage_de_sevrier;AROMEIFS;2026-10-17T03:00;IFS;1.60;5.40;173.0;11.0;0.10;62.0;IFS
plage_de_sevrier;AROMEIFS;2026-10-17T04:00;IFS;2.40;6.40;194.0;10.6;0.10;71.0;IFS
plage_de_sevrier;AROMEIFS;2026-10-17T05:00;IFS;3.50;7.60;207.0;10.1;0.10;80.0;IFS
plage_de_sevrier;AROMEIFS;2026-10-17T06:00;IFS;4.50;9.10;214.0;9.7;0.10;88.0;IFS
plage_de_sevrier;AROMEIFS;2026-10-17T07:00;IFS;5.20;10.50;220.0;9.3;0.10;95.0;IFS
plage_de_sevrier;AROMEIFS;2026-10-17T08:00;IFS;5.20;11.70;225.0;9.1;0.10;100.0;IFS
plage_de_sevrier;AROMEIFS;2026-10-17T09:00;IFS;4.50;12.60;235.0;8.9;0.60;100.0;IFS
plage_de_sevrier;AROMEIFS;2026-10-17T10:00;IFS;3.40;13.60;257.0;8.9;0.60;100.0;IFS
plage_de_sevrier;AROMEIFS;2026-10-17T11:00;IFS;3.10;14.60;298.0;8.9;0.60;100.0;IFS
plage_de_sevrier;AROMEIFS;2026-10-17T12:00;IFS;4.20;15.40;329.0;9.0;0.60;100.0;IFS
plage_de_sevrier;AROMEIFS;2026-10-17T13:00;IFS;5.60;16.10;345.0;9.0;0.60;100.0;IFS
plage_de_sevrier;AROMEIFS;2026-10-17T14:00;IFS;6.80;16.50;352.0;8.9;0.60;100.0;IFS
plage_de_sevrier;AROMEIFS;2026-10-17T15:00;IFS;7.20;16.70;355.0;8.8;0.10;100.0;IFS
plage_de_sevrier;AROMEIFS;2026-10-17T16:00;IFS;7.30;16.70;359.0;8.6;0.10;100.0;IFS
plage_de_sevrier;AROMEIFS;2026-10-17T17:00;IFS;7.00;16.70;2.0;8.4;0.10;100.0;IFS
plage_de_sevrier;AROMEIFS;2026-10-17T18:00;IFS;6.50;16.50;6.0;8.2;0.10;100.0;IFS
plage_de_sevrier;AROMEIFS;2026-10-17T19:00;IFS;6.10;16.30;9.0;8.0;0.10;100.0;IFS
plage_de_sevrier;AROMEIFS;2026-10-17T20:00;IFS;5.80;16.10;11.0;7.9;0.10;100.0;IFS
plage_de_sevrier;AROMEIFS;2026-10-17T21:00;IFS;5.60;16.10;11.0;7.9;0.00;100.0;IFS
plage_de_sevrier;AROMEIFS;2026-10-17T22:00;IFS;5.30;16.10;8.0;7.8;0.00;100.0;IFS
plage_de_sevrier;AROMEIFS;2026-10-17T23:00;IFS;5.10;16.10;5.0;7.8;0.00;100.0;IFS
plage_de_sevrier;AROMEIFS;2026-10-18T00:00;IFS;4.80;15.90;2.0;7.9;0.00;100.0;IFS
plage_de_sevrier;AROMEIFS;2026-10-18T01:00;IFS;4.60;15.70;359.0;7.9;0.00;100.0;IFS
plage_de_sevrier;AROMEIFS;2026-10-18T02:00;IFS;4.30;15.40;356.0;7.8;0.00;100.0;IFS
plage_de_sevrier;AROMEIFS;2026-10-18T03:00;IFS;4.00;14.80;354.0;7.7;0.50;100.0;IFS
plage_de_sevrier;AROMEIFS;2026-10-18T04:00;IFS;3.70;13.80;355.0;7.6;0.50;100.0;IFS
plage_de_sevrier;AROMEIFS;2026-10-18T05:00;IFS;3.40;12.80;355.0;7.4;0.50;100.0;IFS
plage_de_sevrier;AROMEIFS;2026-10-18T06:00;IFS;3.20;11.70;357.0;7.3;0.50;100.0;IFS
plage_de_sevrier;AROMEIFS;2026-10-18T07:00;IFS;2.90;10.90;358.0;7.2;0.50;100.0;IFS
plage_de_sevrier;AROMEIFS;2026-10-18T08:00;IFS;2.80;10.30;356.0;7.4;0.50;100.0;IFS
plage_de_sevrier;AROMEIFS;2026-10-18T09:00;IFS;2.80;10.10;352.0;7.7;0.20;100.0;IFS
plage_de_sevrier;AROMEIFS;2026-10-18T10:00;IFS;3.00;10.10;347.0;8.3;0.20;100.0;IFS
plage_de_sevrier;AROMEIFS;2026-10-18T11:00;IFS;3.30;10.10;343.0;9.0;0.20;100.0;IFS
plage_de_sevrier;AROMEIFS;2026-10-18T12:00;IFS;3.50;10.30;339.0;9.7;0.20;100.0;IFS
plage_de_sevrier;AROMEIFS;2026-10-18T13:00;IFS;3.60;10.70;336.0;10.2;0.20;100.0;IFS
plage_de_sevrier;AROMEIFS;2026-10-18T14:00;IFS;3.70;10.90;335.0;10.5;0.20;100.0;IFS
plage_de_sevrier;AROMEIFS;2026-10-18T15:00;IFS;3.40;11.30;335.0;10.4;0.00;91.0;IFS
plage_de_sevrier;AROMEIFS;2026-10-18T16:00;IFS;3.00;11.70;333.0;10.1;0.00;77.0;IFS
plage_de_sevrier;AROMEIFS;2026-10-18T17:00;IFS;2.50;12.10;334.0;9.7;0.00;60.0;IFS
plage_de_sevrier;AROMEIFS;2026-10-18T18:00;IFS;1.90;12.40;336.0;9.2;0.00;45.0;IFS
plage_de_sevrier;AROMEIFS;2026-10-18T19:00;IFS;1.50;12.80;342.0;8.7;0.00;32.0;IFS
plage_de_sevrier;AROMEIFS;2026-10-18T20:00;IFS;1.20;12.60;351.0;8.3;0.00;25.0;IFS
plage_de_sevrier;AROMEIFS;2026-10-18T21:00;IFS;1.10;12.10;10.0;8.0;0.00;25.0;IFS
plage_de_sevrier;AROMEIFS;2026-10-18T22:00;IFS;1.30;11.10;32.0;7.7;0.00;31.0;IFS
plage_de_sevrier;AROMEIFS;2026-10-18T23:00;IFS;1.60;9.90;47.0;7.4;0.00;40.0;IFS
plage_de_sevrier;AROMEIFS;2026-10-19T00:00;IFS;2.00;8.90;55.0;7.2;0.00;49.0;IFS
plage_de_sevrier;AROMEIFS;2026-10-19T01:00;IFS;2.40;8.00;55.0;7.0;0.00;56.0;IFS
plage_de_sevrier;AROMEIFS;2026-10-19T02:00;IFS;2.60;7.40;56.0;6.8;0.00;59.0;IFS
plage_de_sevrier;AROMEIFS;2026-10-19T03:00;IFS;2.70;7.40;52.0;6.7;0.00;57.0;IFS
plage_de_sevrier;AROMEIFS;2026-10-19T04:00;IFS;2.70;7.40;46.0;6.6;0.00;50.0;IFS
plage_de_sevrier;AROMEIFS;2026-10-19T05:00;IFS;2.70;8.00;41.0;6.5;0.00;42.0;IFS
plage_de_sevrier;AROMEIFS;2026-10-19T06:00;IFS;2.70;8.40;30.0;6.5;0.00;34.0;IFS
plage_de_sevrier;AROMEIFS;2026-10-19T07:00;IFS;2.70;8.90;23.0;6.7;0.00;27.0;IFS
plage_de_sevrier;AROMEIFS;2026-10-19T08:00;IFS;2.90;9.50;14.0;7.1;0.00;24.0;IFS
plage_de_sevrier;AROMEIFS;2026-10-19T09:00;IFS;3.10;10.10;5.0;8.0;0.00;25.0;IFS
plage_de_sevrier;AROMEIFS;2026-10-19T10:00;IFS;3.50;10.90;355.0;9.3;0.00;29.0;IFS
plage_de_sevrier;AROMEIFS;2026-10-19T11:00;IFS;4.00;11.70;347.0;10.9;0.00;35.0;IFS
plage_de_sevrier;AROMEIFS;2026-10-19T12:00;IFS;4.40;12.40;341.0;12.3;0.00;41.0;IFS
plage_de_sevrier;AROMEIFS;2026-10-19T13:00;IFS;4.70;13.20;337.0;13.4;0.00;45.0;IFS
plage_de_sevrier;AROMEIFS;2026-10-19T14:00;IFS;4.80;13.60;335.0;13.9;0.00;45.0;IFS
plage_de_sevrier;AROMEIFS;2026-10-19T15:00;IFS;4.70;13.80;334.0;13.7;0.00;41.0;IFS
plage_de_sevrier;AROMEIFS;2026-10-19T16:00;IFS;4.10;14.00;335.0;12.9;0.00;32.0;IFS
plage_de_sevrier;AROMEIFS;2026-10-19T17:00;IFS;3.40;14.00;336.0;11.8;0.00;22.0;IFS
plage_de_sevrier;AROMEIFS;2026-10-19T18:00;IFS;2.70;14.00;339.0;10.6;0.00;12.0;IFS
plage_de_sevrier;AROMEIFS;2026-10-19T19:00;IFS;2.00;13.80;343.0;9.4;0.00;4.0;IFS
plage_de_sevrier;AROMEIFS;2026-10-19T20:00;IFS;1.60;13.40;349.0;8.6;0.00;0.0;IFS
plage_de_sevrier;AROMEIFS;2026-10-19T21:00;IFS;1.30;12.80;356.0;8.0;0.00;0.0;IFS
plage_de_sevrier;AROMEIFS;2026-10-19T22:00;IFS;1.00;11.90;360.0;7.5;0.00;4.0;IFS
plage_de_sevrier;AROMEIFS;2026-10-19T23:00;IFS;0.70;10.90;8.0;7.1;0.00;10.0;IFS
plage_de_sevrier;AROMEIFS;2026-10-20T00:00;IFS;0.50;9.90;22.0;6.8;0.00;16.0;IFS
plage_de_sevrier;AROMEIFS;2026-10-20T01:00;IFS;0.40;9.10;27.0;6.5;0.00;21.0;IFS
plage_de_sevrier;AROMEIFS;2026-10-20T02:00;IFS;0.40;8.60;45.0;6.2;0.00;24.0;IFS
plage_de_sevrier;AROMEIFS;2026-10-20T03:00;IFS;0.50;8.40;53.0;5.9;0.00;23.0;IFS
plage_de_sevrier;AROMEIFS;2026-10-20T04:00;IFS;0.70;8.20;56.0;5.4;0.00;19.0;IFS
plage_de_sevrier;AROMEIFS;2026-10-20T05:00;IFS;0.90;8.20;49.0;5.0;0.00;15.0;IFS
plage_de_sevrier;AROMEIFS;2026-10-20T06:00;IFS;1.10;8.40;45.0;4.7;0.00;11.0;IFS
plage_de_sevrier;AROMEIFS;2026-10-20T07:00;IFS;1.30;8.70;36.0;4.7;0.00;10.0;IFS
plage_de_sevrier;AROMEIFS;2026-10-20T08:00;IFS;1.60;9.10;25.0;5.1;0.00;13.0;IFS
plage_de_sevrier;AROMEIFS;2026-10-20T09:00;IFS;2.10;9.90;11.0;6.1;0.00;23.0;IFS
plage_de_sevrier;AROMEIFS;2026-10-20T10:00;IFS;2.80;10.90;356.0;7.6;0.00;38.0;IFS
plage_de_sevrier;AROMEIFS;2026-10-20T11:00;IFS;3.70;12.10;348.0;9.4;0.00;55.0;IFS
plage_de_sevrier;AROMEIFS;2026-10-20T12:00;IFS;4.60;13.20;344.0;11.2;0.00;73.0;IFS
plage_de_sevrier;AROMEIFS;2026-10-20T13:00;IFS;5.30;14.20;342.0;12.6;0.00;88.0;IFS
plage_de_sevrier;AROMEIFS;2026-10-20T14:00;IFS;5.80;15.20;342.0;13.4;0.00;98.0;IFS
plage_de_sevrier;AROMEIFS;2026-10-20T15:00;IFS;5.80;15.90;345.0;13.5;0.00;100.0;IFS
plage_de_sevrier;AROMEIFS;2026-10-20T16:00;IFS;5.60;16.50;352.0;13.0;0.00;100.0;IFS
plage_de_sevrier;AROMEIFS;2026-10-20T17:00;IFS;5.30;17.10;360.0;12.2;0.00;100.0;IFS
plage_de_sevrier;AROMEIFS;2026-10-20T18:00;IFS;5.20;17.70;9.0;11.2;0.00;97.0;IFS
plage_de_sevrier;AROMEIFS;2026-10-20T19:00;IFS;5.10;18.10;17.0;10.3;0.00;94.0;IFS
plage_de_sevrier;AROMEIFS;2026-10-20T20:00;IFS;5.20;18.30;22.0;9.6;0.00;92.0;IFS
plage_de_sevrier;AROMEIFS;2026-10-20T21:00;IFS;5.50;18.30;23.0;9.0;0.00;91.0;IFS
plage_de_sevrier;AROMEIFS;2026-10-20T22:00;IFS;5.80;18.30;22.0;8.5;0.00;90.0;IFS
plage_de_sevrier;AROMEIFS;2026-10-20T23:00;IFS;6.00;18.10;20.0;8.0;0.00;90.0;IFS
plage_de_sevrier;AROMEIFS;2026-10-21T00:00;IFS;6.30;17.90;17.0;7.6;0.00;89.0;IFS
plage_de_sevrier;AROMEIFS;2026-10-21T01:00;IFS;6.50;17.50;16.0;7.2;0.00;88.0;IFS
plage_de_sevrier;AROMEIFS;2026-10-21T02:00;IFS;6.50;17.50;15.0;6.9;0.00;88.0;IFS
plage_de_sevrier;AROMEIFS;2026-10-21T03:00;IFS;6.40;17.50;15.0;6.5;0.00;88.0;IFS
plage_de_sevrier;AROMEIFS;2026-10-21T04:00;IFS;6.20;17.70;16.0;6.2;0.00;89.0;IFS
plage_de_sevrier;AROMEIFS;2026-10-21T05:00;IFS;5.80;17.90;18.0;5.9;0.00;90.0;IFS
plage_de_sevrier;AROMEIFS;2026-10-21T06:00;IFS;5.50;18.10;20.0;5.7;0.00;90.0;IFS
plage_de_sevrier;AROMEIFS;2026-10-21T07:00;IFS;5.20;18.30;20.0;5.7;0.00;90.0;IFS
plage_de_sevrier;AROMEIFS;2026-10-21T08:00;IFS;4.80;18.10;18.0;5.9;0.00;88.0;IFS
plage_de_sevrier;AROMEIFS;2026-10-21T09:00;IFS;4.60;17.70;11.0;6.5;0.00;85.0;IFS
plage_de_sevrier;AROMEIFS;2026-10-21T10:00;IFS;4.40;17.10;360.0;7.5;0.00;82.0;IFS
plage_de_sevrier;AROMEIFS;2026-10-21T11:00;IFS;4.40;16.50;348.0;8.7;0.00;77.0;IFS
plage_de_sevrier;AROMEIFS;2026-10-21T12:00;IFS;4.70;15.90;337.0;9.8;0.00;72.0;IFS
plage_de_sevrier;AROMEIFS;2026-10-21T13:00;IFS;4.90;15.20;329.0;10.7;0.00;67.0;IFS
plage_de_sevrier;AROMEIFS;2026-10-21T14:00;IFS;5.00;14.80;325.0;11.1;0.00;60.0;IFS
plage_de_sevrier;AROMEIFS;2026-10-21T15:00;IFS;4.70;14.60;326.0;11.0;0.00;52.0;IFS
plage_de_sevrier;AROMEIFS;2026-10-21T16:00;IFS;4.20;14.40;331.0;10.4;0.00;42.0;IFS
plage_de_sevrier;AROMEIFS;2026-10-21T17:00;IFS;3.60;14.40;340.0;9.7;0.00;31.0;IFS
plage_de_sevrier;AROMEIFS;2026-10-21T18:00;IFS;3.10;14.40;351.0;8.8;0.00;21.0;IFS
plage_de_sevrier;AROMEIFS;2026-10-21T19:00;IFS;2.80;14.20;6.0;8.0;0.00;12.0;IFS
plage_de_sevrier;AROMEIFS;2026-10-21T20:00;IFS;2.60;13.80;17.0;7.3;0.00;5.0;IFS
plage_de_sevrier;AROMEIFS;2026-10-21T21:00;IFS;2.40;13.00;23.0;6.7;0.00;1.0;IFS
plage_de_sevrier;AROMEIFS;2026-10-21T22:00;IFS;2.20;12.10;27.0;6.2;0.00;0.0;IFS
plage_de_sevrier;AROMEIFS;2026-10-21T23:00;IFS;1.80;10.90;29.0;5.7;0.00;0.0;IFS
plage_de_sevrier;AROMEIFS;2026-10-22T00:00;IFS;1.50;9.70;32.0;5.2;0.00;0.0;IFS
plage_de_sevrier;AROMEIFS;2026-10-22T01:00;IFS;1.30;8.60;32.0;4.8;0.00;0.0;IFS
plage_de_sevrier;AROMEIFS;2026-10-22T02:00;IFS;1.10;7.80;38.0;4.5;0.00;0.0;IFS
plage_de_sevrier;AROMEIFS;2026-10-22T03:00;IFS;1.10;7.00;45.0;4.1;0.00;0.0;IFS
plage_de_sevrier;AROMEIFS;2026-10-22T04:00;IFS;1.20;6.40;55.0;3.7;0.00;1.0;IFS
plage_de_sevrier;AROMEIFS;2026-10-22T05:00;IFS;1.40;6.00;62.0;3.3;0.00;2.0;IFS
plage_de_sevrier;AROMEIFS;2026-10-22T06:00;IFS;1.50;5.60;63.0;3.1;0.00;3.0;IFS
plage_de_sevrier;AROMEIFS;2026-10-22T07:00;IFS;1.70;5.40;62.0;3.2;0.00;4.0;IFS
plage_de_sevrier;AROMEIFS;2026-10-22T08:00;IFS;1.60;5.40;57.0;3.6;0.00;4.0;IFS
plage_de_sevrier;AROMEIFS;2026-10-22T09:00;IFS;1.40;5.80;42.0;4.6;0.00;4.0;IFS
plage_de_sevrier;AROMEIFS;2026-10-22T10:00;IFS;1.50;6.60;15.0;6.2;0.00;4.0;IFS
plage_de_sevrier;AROMEIFS;2026-10-22T11:00;IFS;2.00;7.60;349.0;8.0;0.00;4.0;IFS
plage_de_sevrier;AROMEIFS;2026-10-22T12:00;IFS;2.60;8.60;335.0;9.8;0.00;4.0;IFS
plage_de_sevrier;AROMEIFS;2026-10-22T13:00;IFS;3.10;9.50;328.0;11.2;0.00;3.0;IFS
plage_de_sevrier;AROMEIFS;2026-10-22T14:00;IFS;3.30;10.10;326.0;12.0;0.00;3.0;IFS
plage_de_sevrier;AROMEIFS;2026-10-22T15:00;IFS;3.10;10.50;328.0;12.1;0.00;2.0;IFS
plage_de_sevrier;AROMEIFS;2026-10-22T16:00;IFS;2.70;10.70;333.0;11.5;0.00;2.0;IFS
plage_de_sevrier;AROMEIFS;2026-10-22T17:00;IFS;2.10;10.70;344.0;10.7;0.00;1.0;IFS
plage_de_sevrier;AROMEIFS;2026-10-22T18:00;IFS;1.80;10.70;3.0;9.7;0.00;0.0;IFS
plage_de_sevrier;AROMEIFS;2026-10-22T19:00;IFS;1.50;10.50;27.0;8.7;0.00;0.0;IFS
plage_de_sevrier;AROMEIFS;2026-10-22T20:00;IFS;1.60;10.10;43.0;8.1;0.00;0.0;IFS
plage_de_sevrier;AROMEIFS;2026-10-22T21:00;IFS;1.70;9.50;50.0;7.7;0.00;1.0;IFS
plage_de_sevrier;AROMEIFS;2026-10-22T22:00;IFS;1.70;8.70;54.0;7.3;0.00;3.0;IFS
plage_de_sevrier;AROMEIFS;2026-10-22T23:00;IFS;1.60;7.80;57.0;7.1;0.00;6.0;IFS
plage_de_sevrier;AROMEIFS;2026-10-23T00:00;IFS;1.50;6.80;58.0;6.9;0.00;8.0;IFS
plage_de_sevrier;AROMEIFS;2026-10-23T01:00;IFS;1.40;5.80;56.0;6.7;0.00;10.0;IFS
plage_de_sevrier;AROMEIFS;2026-10-23T02:00;IFS;1.40;5.20;56.0;6.5;0.00;11.0;IFS
plage_de_sevrier;AROMEIFS;2026-10-23T03:00;IFS;1.40;4.90;56.0;6.2;0.00;10.0;IFS
plage_de_sevrier;AROMEIFS;2026-10-23T04:00;IFS;1.40;4.50;56.0;5.7;0.00;7.0;IFS
plage_de_sevrier;AROMEIFS;2026-10-23T05:00;IFS;1.50;4.30;58.0;5.3;0.00;4.0;IFS
plage_de_sevrier;AROMEIFS;2026-10-23T06:00;IFS;1.40;4.10;56.0;5.0;0.00;1.0;IFS
plage_de_sevrier;AROMEIFS;2026-10-23T07:00;IFS;1.40;4.10;51.0;5.0;0.00;0.0;IFS
plage_de_sevrier;AROMEIFS;2026-10-23T08:00;IFS;1.30;4.50;42.0;5.4;0.00;0.0;IFS
plage_de_sevrier;AROMEIFS;2026-10-23T09:00;IFS;1.30;5.10;23.0;6.3;0.00;4.0;IFS
plage_de_sevrier;AROMEIFS;2026-10-23T10:00;IFS;1.40;6.20;352.0;7.9;0.00;11.0;IFS
plage_de_sevrier;AROMEIFS;2026-10-23T11:00;IFS;1.90;7.40;330.0;9.6;0.00;20.0;IFS
plage_de_sevrier;AROMEIFS;2026-10-23T12:00;IFS;2.60;8.60;320.0;11.4;0.00;28.0;IFS
plage_de_sevrier;AROMEIFS;2026-10-23T13:00;IFS;3.00;9.70;315.0;12.7;0.00;35.0;IFS
plage_de_sevrier;AROMEIFS;2026-10-23T14:00;IFS;3.20;10.30;313.0;13.5;0.00;37.0;IFS
plage_de_sevrier;AROMEIFS;2026-10-23T15:00;IFS;2.90;10.70;312.0;13.4;0.00;35.0;IFS
plage_de_sevrier;AROMEIFS;2026-10-23T16:00;IFS;2.30;10.90;312.0;12.8;0.00;29.0;IFS
plage_de_sevrier;AROMEIFS;2026-10-23T17:00;IFS;1.60;10.70;317.0;11.8;0.00;21.0;IFS
plage_de_sevrier;AROMEIFS;2026-10-23T18:00;IFS;0.80;10.50;324.0;10.7;0.00;13.0;IFS
plage_de_sevrier;AROMEIFS;2026-10-23T19:00;IFS;0.40;10.30;34.0;9.7;0.00;6.0;IFS
plage_de_sevrier;AROMEIFS;2026-10-23T20:00;IFS;0.60;9.70;81.0;9.0;0.00;1.0;IFS
plage_de_sevrier;AROMEIFS;2026-10-23T21:00;IFS;0.80;8.90;90.0;8.5;0.00;0.0;IFS
plage_de_sevrier;AROMEIFS;2026-10-23T22:00;IFS;1.00;7.80;84.0;8.1;0.00;0.0;IFS
plage_de_sevrier;AROMEIFS;2026-10-23T23:00;IFS;1.10;6.40;80.0;7.9;0.00;0.0;IFS
plage_de_sevrier;AROMEIFS;2026-10-24T00:00;IFS;1.10;5.20;70.0;7.6;0.00;0.0;IFS
plage_de_sevrier;AROMEIFS;2026-10-24T01:00;IFS;1.20;4.10;61.0;7.4;0.00;1.0;IFS
plage_de_sevrier;AROMEIFS;2026-10-24T02:00;IFS;1.40;3.50;60.0;7.2;0.00;1.0;IFS
plage_de_sevrier;AROMEIFS;2026-10-24T03:00;IFS;1.50;3.30;58.0;6.8;0.00;1.0;IFS
plage_de_sevrier;AROMEIFS;2026-10-24T04:00;IFS;1.70;3.10;62.0;6.4;0.00;1.0;IFS
plage_de_sevrier;AROMEIFS;2026-10-24T05:00;IFS;1.80;3.30;61.0;6.0;0.00;0.0;IFS
plage_de_sevrier;AROMEIFS;2026-10-24T06:00;IFS;1.90;3.70;62.0;5.7;0.00;0.0;IFS
plage_de_sevrier;AROMEIFS;2026-10-24T07:00;IFS;1.90;4.10;60.0;5.7;0.00;0.0;IFS
plage_de_sevrier;AROMEIFS;2026-10-24T08:00;IFS;1.80;4.70;54.0;6.1;0.00;0.0;IFS
plage_de_sevrier;AROMEIFS;2026-10-24T09:00;IFS;1.70;5.20;40.0;7.1;0.00;0.0;IFS
plage_de_sevrier;AROMEIFS;2026-10-24T10:00;IFS;1.60;6.20;14.0;8.7;0.00;1.0;IFS
plage_de_sevrier;AROMEIFS;2026-10-24T11:00;IFS;1.80;7.20;347.0;10.5;0.00;2.0;IFS
plage_de_sevrier;AROMEIFS;2026-10-24T12:00;IFS;2.40;8.40;330.0;12.3;0.00;2.0;IFS
plage_de_sevrier;AROMEIFS;2026-10-24T13:00;IFS;2.80;9.10;322.0;13.7;0.00;3.0;IFS
plage_de_sevrier;AROMEIFS;2026-10-24T14:00;IFS;3.00;9.70;319.0;14.5;0.00;3.0;IFS
plage_de_sevrier;AROMEIFS;2026-10-24T15:00;IFS;2.80;10.10;321.0;14.4;0.00;3.0;IFS
plage_de_sevrier;AROMEIFS;2026-10-24T16:00;IFS;2.20;10.30;328.0;13.8;0.00;2.0;IFS
plage_de_sevrier;AROMEIFS;2026-10-24T17:00;IFS;1.50;10.30;342.0;12.7;0.00;1.0;IFS
plage_de_sevrier;AROMEIFS;2026-10-24T18:00;IFS;1.10;10.10;15.0;11.6;0.00;0.0;IFS
plage_de_sevrier;AROMEIFS;2026-10-24T19:00;IFS;1.20;9.90;55.0;10.5;0.00;0.0;IFS
plage_de_sevrier;AROMEIFS;2026-10-24T20:00;IFS;1.40;9.50;70.0;9.7;0.00;0.0;IFS
plage_de_sevrier;AROMEIFS;2026-10-24T21:00;IFS;1.50;8.90;75.0;9.1;0.00;2.0;IFS
plage_de_sevrier;AROMEIFS;2026-10-24T22:00;IFS;1.50;8.20;75.0;8.7;0.00;5.0;IFS
plage_de_sevrier;AROMEIFS;2026-10-24T23:00;IFS;1.30;7.20;73.0;8.2;0.00;8.0;IFS
plage_de_sevrier;AROMEIFS;2026-10-25T00:00;IFS;1.10;6.20;70.0;7.9;0.00;11.0;IFS
plage_de_sevrier;AROMEIFS;2026-10-25T01:00;IFS;1.00;5.40;61.0;7.6;0.00;14.0;IFS
plage_de_sevrier;AROMEIFS;2026-10-25T02:00;IFS;0.90;4.90;58.0;7.4;0.00;16.0;IFS
pont_darciat;AROMEIFS;2026-10-10T00:00;AROMEHD;2.20;3.50;218.0;12.4;0.00;100.0;AROMEHD
pont_darciat;AROMEIFS;2026-10-10T01:00;AROMEHD;3.30;4.30;201.0;12.1;0.00;100.0;AROMEHD
pont_darciat;AROMEIFS;2026-10-10T02:00;AROMEHD;3.00;4.70;207.0;11.7;0.50;100.0;AROMEHD
pont_darciat;AROMEIFS;2026-10-10T03:00;AROMEHD;3.40;5.10;190.0;11.0;1.10;100.0;AROMEHD
pont_darciat;AROMEIFS;2026-10-10T04:00;AROMEHD;2.80;4.70;192.0;10.9;0.30;100.0;AROMEHD
pont_darciat;AROMEIFS;2026-10-10T05:00;AROMEHD;2.30;4.30;149.0;10.9;0.00;100.0;AROMEHD
pont_darciat;AROMEIFS;2026-10-10T06:00;AROMEHD;3.10;4.10;184.0;11.0;0.10;100.0;AROMEHD
pont_darciat;AROMEIFS;2026-10-10T07:00;AROMEHD;4.70;6.60;182.0;11.2;0.00;100.0;AROMEHD
pont_darciat;AROMEIFS;2026-10-10T08:00;AROMEHD;5.70;7.20;184.0;11.3;0.00;100.0;AROMEHD
pont_darciat;AROMEIFS;2026-10-10T09:00;AROMEHD;6.20;10.10;200.0;11.9;0.00;100.0;AROMEHD
pont_darciat;AROMEIFS;2026-10-10T10:00;AROMEHD;6.50;10.50;196.0;12.3;0.00;100.0;AROMEHD
pont_darciat;AROMEIFS;2026-10-10T11:00;AROMEHD;5.60;9.70;200.0;13.0;0.10;100.0;AROMEHD
pont_darciat;AROMEIFS;2026-10-10T12:00;AROMEHD;5.50;8.60;197.0;13.9;0.50;100.0;AROMEHD
pont_darciat;AROMEIFS;2026-10-10T13:00;AROMEHD;7.20;10.90;211.0;15.0;0.30;100.0;AROMEHD
pont_darciat;AROMEIFS;2026-10-10T14:00;AROMEHD;5.80;10.90;200.0;15.2;0.00;100.0;AROMEHD
pont_darciat;AROMEIFS;2026-10-10T15:00;AROMEHD;4.70;8.40;204.0;16.0;0.00;87.0;AROMEHD
pont_darciat;AROMEIFS;2026-10-10T16:00;AROMEHD;3.10;9.10;288.0;15.9;0.10;100.0;AROMEHD
pont_darciat;AROMEIFS;2026-10-10T17:00;AROMEHD;6.70;11.70;306.0;15.5;0.20;100.0;AROMEHD
pont_darciat;AROMEIFS;2026-10-10T18:00;AROMEHD;4.90;10.50;304.0;15.2;0.00;0.0;AROMEHD
pont_darciat;AROMEIFS;2026-10-10T19:00;AROMEHD;3.60;8.60;286.0;13.9;0.00;0.0;AROMEHD
pont_darciat;AROMEIFS;2026-10-10T20:00;AROMEHD;1.80;5.20;174.0;12.4;0.00;0.0;AROMEHD
pont_darciat;AROMEIFS;2026-10-10T21:00;AROMEHD;2.60;3.50;228.0;11.0;0.00;0.0;AROMEHD
pont_darciat;AROMEIFS;2026-10-10T22:00;AROMEHD;0.40;2.30;207.0;10.1;0.00;0.0;AROMEHD
pont_darciat;AROMEIFS;2026-10-10T23:00;AROMEHD;3.30;3.70;152.0;8.4;0.00;0.0;AROMEHD
pont_darciat;AROMEIFS;2026-10-11T00:00;AROMEHD;4.40;6.00;203.0;7.8;0.00;1.0;AROMEHD
pont_darciat;AROMEIFS;2026-10-11T01:00;AROMEHD;2.90;5.10;188.0;7.5;0.00;0.0;AROMEHD
pont_darciat;AROMEIFS;2026-10-11T02:00;AROMEHD;2.20;3.10;170.0;6.9;0.00;1.0;AROMEHD
pont_darciat;AROMEIFS;2026-10-11T03:00;AROMEHD;1.20;2.30;198.0;6.0;0.00;1.0;AROMEHD
pont_darciat;AROMEIFS;2026-10-11T04:00;AROMEHD;2.10;2.50;202.0;5.5;0.00;25.0;AROMEHD
pont_darciat;AROMEIFS;2026-10-11T05:00;AROMEHD;2.40;2.30;171.0;4.9;0.00;25.0;AROMEHD
pont_darciat;AROMEIFS;2026-10-11T06:00;AROMEHD;1.10;2.30;211.0;4.8;0.00;25.0;AROMEHD
pont_darciat;AROMEIFS;2026-10-11T07:00;AROMEHD;0.90;1.00;153.0;4.7;0.00;25.0;AROMEHD
pont_darciat;AROMEIFS;2026-10-11T08:00;AROMEHD;0.70;1.20;236.0;4.4;0.00;35.0;AROMEHD
pont_darciat;AROMEIFS;2026-10-11T09:00;AROMEHD;0.50;0.60;135.0;4.8;0.00;30.0;AROMEHD
pont_darciat;AROMEIFS;2026-10-11T10:00;AROMEHD;1.40;2.10;146.0;7.1;0.00;25.0;AROMEHD
pont_darciat;AROMEIFS;2026-10-11T11:00;AROMEHD;1.40;3.70;188.0;9.8;0.00;25.0;AROMEHD
pont_darciat;AROMEIFS;2026-10-11T12:00;AROMEHD;0.30;2.50;135.0;12.0;0.00;93.0;AROMEHD
pont_darciat;AROMEIFS;2026-10-11T13:00;AROMEHD;3.40;7.40;10.0;14.5;0.00;100.0;AROMEHD
pont_darciat;AROMEIFS;2026-10-11T14:00;AROMEHD;3.10;7.60;35.0;15.0;0.00;97.0;AROMEHD
pont_darciat;AROMEIFS;2026-10-11T15:00;AROMEHD;3.40;7.40;347.0;15.5;0.00;100.0;AROMEHD
pont_darciat;AROMEIFS;2026-10-11T16:00;AROMEHD;5.50;9.30;8.0;15.6;0.00;100.0;AROMEHD
pont_darciat;AROMEIFS;2026-10-11T17:00;AROMEHD;4.10;8.90;31.0;15.6;0.00;100.0;AROMEHD
pont_darciat;AROMEIFS;2026-10-11T18:00;AROMEHD;4.10;6.80;82.0;14.9;0.00;100.0;AROMEHD
pont_darciat;AROMEIFS;2026-10-11T19:00;AROMEHD;1.60;6.00;90.0;14.1;0.00;100.0;AROMEHD
pont_darciat;AROMEIFS;2026-10-11T20:00;AROMEHD;1.00;1.90;349.0;12.8;0.00;100.0;AROMEHD
pont_darciat;AROMEIFS;2026-10-11T21:00;AROMEHD;2.50;2.30;309.0;11.6;0.00;74.0;AROMEHD
pont_darciat;AROMEIFS;2026-10-11T22:00;AROMEHD;3.00;3.90;315.0;11.0;0.00;19.0;AROMEHD
pont_darciat;AROMEIFS;2026-10-11T23:00;AROMEHD;3.30;4.10;332.0;10.1;0.00;0.0;AROMEHD
pont_darciat;AROMEIFS;2026-10-12T00:00;AROMEHD;1.20;4.10;72.0;8.6;0.00;0.0;AROMEHD
pont_darciat;AROMEIFS;2026-10-12T01:00;AROMEHD;1.40;1.00;225.0;7.4;0.00;0.0;AROMEHD
pont_darciat;AROMEIFS;2026-10-12T02:00;AROMEHD;0.80;2.70;45.0;7.1;0.00;0.0;AROMEHD
pont_darciat;AROMEIFS;2026-10-12T03:00;AROMEHD;2.00;4.10;84.0;5.7;0.00;0.0;AROMEHD
pont_darciat;AROMEIFS;2026-10-12T04:00;AROMEHD;1.90;2.70;360.0;5.4;0.00;0.0;AROMEHD
pont_darciat;AROMEIFS;2026-10-12T05:00;AROMEHD;1.30;2.30;63.0;5.3;0.00;0.0;AROMEHD
pont_darciat;AROMEIFS;2026-10-12T06:00;AROMEHD;0.80;1.00;166.0;4.2;0.00;5.0;AROMEHD
pont_darciat;AROMEIFS;2026-10-12T07:00;AROMEHD;0.80;0.80;166.0;3.5;0.00;4.0;AROMEHD
pont_darciat;AROMEIFS;2026-10-12T08:00;AROMEHD;0.90;1.20;153.0;3.2;0.00;12.0;AROMEHD
pont_darciat;AROMEIFS;2026-10-12T09:00;AROMEHD;2.30;2.70;185.0;2.9;0.00;51.0;AROMEHD
pont_darciat;AROMEIFS;2026-10-12T10:00;AROMEHD;0.80;0.80;104.0;6.7;0.00;3.0;AROMEHD
pont_darciat;AROMEIFS;2026-10-12T11:00;AROMEHD;3.70;7.20;39.0;13.1;0.00;0.0;AROMEHD
pont_darciat;AROMEIFS;2026-10-12T12:00;ARPEGE;7.80;14.00;14.0;14.8;0.00;22.0;ARPEGE
pont_darciat;AROMEIFS;2026-10-12T13:00;ARPEGE;7.60;14.20;18.0;16.3;0.00;37.0;ARPEGE
pont_darciat;AROMEIFS;2026-10-12T14:00;ARPEGE;7.60;14.60;15.0;17.4;0.00;76.0;ARPEGE
pont_darciat;AROMEIFS;2026-10-12T15:00;ARPEGE;7.60;14.60;18.0;18.1;0.00;38.0;ARPEGE
pont_darciat;AROMEIFS;2026-10-12T16:00;ARPEGE;6.30;14.20;22.0;18.5;0.00;30.0;ARPEGE
pont_darciat;AROMEIFS;2026-10-12T17:00;ARPEGE;5.80;12.20;14.0;18.5;0.00;48.0;ARPEGE
pont_darciat;AROMEIFS;2026-10-12T18:00;ARPEGE;5.50;11.10;17.0;18.0;0.00;41.0;ARPEGE
pont_darciat;AROMEIFS;2026-10-12T19:00;ARPEGE;5.30;9.10;10.0;16.4;0.00;34.0;ARPEGE
pont_darciat;AROMEIFS;2026-10-12T20:00;ARPEGE;4.30;7.20;10.0;14.3;0.00;39.0;ARPEGE
pont_darciat;AROMEIFS;2026-10-12T21:00;ARPEGE;3.20;5.40;349.0;12.8;0.00;35.0;ARPEGE
pont_darciat;AROMEIFS;2026-10-12T22:00;ARPEGE;2.90;3.90;323.0;11.9;0.00;46.0;ARPEGE
pont_darciat;AROMEIFS;2026-10-12T23:00;ARPEGE;2.70;3.70;300.0;11.2;0.00;42.0;ARPEGE
pont_darciat;AROMEIFS;2026-10-13T00:00;ARPEGE;2.30;3.30;301.0;10.5;0.00;45.0;ARPEGE
pont_darciat;AROMEIFS;2026-10-13T01:00;ARPEGE;1.80;2.50;283.0;10.0;0.00;75.0;ARPEGE
pont_darciat;AROMEIFS;2026-10-13T02:00;ARPEGE;1.80;1.90;252.0;9.5;0.00;95.0;ARPEGE
pont_darciat;AROMEIFS;2026-10-13T03:00;ARPEGE;1.60;1.60;225.0;9.1;0.00;41.0;ARPEGE
pont_darciat;AROMEIFS;2026-10-13T04:00;ARPEGE;0.50;1.70;225.0;8.8;0.00;29.0;ARPEGE
pont_darciat;AROMEIFS;2026-10-13T05:00;ARPEGE;0.90;0.40;207.0;8.5;0.00;25.0;ARPEGE
pont_darciat;AROMEIFS;2026-10-13T06:00;ARPEGE;0.90;1.00;207.0;8.2;0.00;13.0;ARPEGE
pont_darciat;AROMEIFS;2026-10-13T07:00;ARPEGE;0.20;0.40;360.0;7.9;0.00;12.0;ARPEGE
pont_darciat;AROMEIFS;2026-10-13T08:00;ARPEGE;0.30;0.40;135.0;7.6;0.00;8.0;ARPEGE
pont_darciat;AROMEIFS;2026-10-13T09:00;ARPEGE;1.20;0.80;189.0;7.8;0.00;5.0;ARPEGE
pont_darciat;AROMEIFS;2026-10-13T10:00;ARPEGE;1.10;1.40;211.0;9.3;0.00;3.0;ARPEGE
pont_darciat;AROMEIFS;2026-10-13T11:00;ARPEGE;1.00;2.90;180.0;11.6;0.00;1.0;ARPEGE
pont_darciat;AROMEIFS;2026-10-13T12:00;ARPEGE;1.40;4.70;106.0;13.6;0.00;1.0;ARPEGE
pont_darciat;AROMEIFS;2026-10-13T13:00;ARPEGE;1.80;5.80;77.0;15.6;0.00;1.0;ARPEGE
pont_darciat;AROMEIFS;2026-10-13T14:00;ARPEGE;3.10;8.20;68.0;17.6;0.00;3.0;ARPEGE
pont_darciat;AROMEIFS;2026-10-13T15:00;ARPEGE;4.50;10.10;65.0;19.1;0.00;1.0;ARPEGE
pont_darciat;AROMEIFS;2026-10-13T16:00;ARPEGE;5.20;10.70;68.0;19.9;0.00;13.0;ARPEGE
pont_darciat;AROMEIFS;2026-10-13T17:00;ARPEGE;4.80;10.70;63.0;20.0;0.00;38.0;ARPEGE
pont_darciat;AROMEIFS;2026-10-13T18:00;ARPEGE;4.70;9.30;66.0;19.5;0.00;28.0;ARPEGE
pont_darciat;AROMEIFS;2026-10-13T19:00;ARPEGE;3.70;8.00;58.0;17.9;0.00;25.0;ARPEGE
pont_darciat;AROMEIFS;2026-10-13T20:00;ARPEGE;1.70;4.90;21.0;15.9;0.00;16.0;ARPEGE
pont_darciat;AROMEIFS;2026-10-13T21:00;ARPEGE;2.70;2.90;315.0;14.6;0.00;47.0;ARPEGE
pont_darciat;AROMEIFS;2026-10-13T22:00;ARPEGE;1.50;2.70;320.0;13.9;0.00;97.0;ARPEGE
pont_darciat;AROMEIFS;2026-10-13T23:00;ARPEGE;1.60;1.00;60.0;13.4;0.00;94.0;ARPEGE
pont_darciat;AROMEIFS;2026-10-14T00:00;ARPEGE;1.60;1.70;45.0;13.0;0.00;92.0;ARPEGE
pont_darciat;AROMEIFS;2026-10-14T01:00;ARPEGE;1.70;1.90;54.0;13.0;0.00;99.0;ARPEGE
pont_darciat;AROMEIFS;2026-10-14T02:00;ARPEGE;1.00;2.30;53.0;13.2;0.00;93.0;ARPEGE
pont_darciat;AROMEIFS;2026-10-14T03:00;ARPEGE;1.60;1.00;270.0;13.5;0.00;81.0;ARPEGE
pont_darciat;AROMEIFS;2026-10-14T04:00;ARPEGE;1.30;1.90;297.0;13.3;0.00;95.0;ARPEGE
pont_darciat;AROMEIFS;2026-10-14T05:00;ARPEGE;3.40;5.60;347.0;13.7;0.00;98.0;ARPEGE
pont_darciat;AROMEIFS;2026-10-14T06:00;ARPEGE;5.30;8.20;350.0;14.7;0.00;90.0;ARPEGE
pont_darciat;AROMEIFS;2026-10-14T07:00;ARPEGE;5.10;8.90;32.0;14.8;0.00;100.0;ARPEGE
pont_darciat;AROMEIFS;2026-10-14T08:00;ARPEGE;3.20;5.80;52.0;14.3;0.00;100.0;ARPEGE
pont_darciat;AROMEIFS;2026-10-14T09:00;ARPEGE;2.70;4.10;30.0;14.5;0.00;100.0;ARPEGE
pont_darciat;AROMEIFS;2026-10-14T10:00;ARPEGE;4.30;7.00;350.0;15.6;0.00;98.0;ARPEGE
pont_darciat;AROMEIFS;2026-10-14T11:00;ARPEGE;7.60;11.70;345.0;17.5;0.00;75.0;ARPEGE
pont_darciat;AROMEIFS;2026-10-14T12:00;ARPEGE;7.60;12.80;359.0;18.9;0.00;44.0;ARPEGE
pont_darciat;AROMEIFS;2026-10-14T13:00;ARPEGE;6.50;12.60;21.0;20.4;0.00;2.0;ARPEGE
pont_darciat;AROMEIFS;2026-10-14T14:00;ARPEGE;6.70;13.60;26.0;21.9;0.00;45.0;ARPEGE
pont_darciat;AROMEIFS;2026-10-14T15:00;IFS;6.20;12.20;4.0;21.6;0.00;4.0;IFS
pont_darciat;AROMEIFS;2026-10-14T16:00;IFS;6.60;12.60;1.0;21.8;0.00;8.0;IFS
pont_darciat;AROMEIFS;2026-10-14T17:00;IFS;6.30;12.60;357.0;21.4;0.00;11.0;IFS
pont_darciat;AROMEIFS;2026-10-14T18:00;IFS;5.00;12.60;352.0;20.1;0.00;9.0;IFS
pont_darciat;AROMEIFS;2026-10-14T19:00;IFS;3.10;12.20;338.0;18.2;0.00;4.0;IFS
pont_darciat;AROMEIFS;2026-10-14T20:00;IFS;2.00;11.10;313.0;16.7;0.00;0.0;IFS
pont_darciat;AROMEIFS;2026-10-14T21:00;IFS;1.80;8.60;299.0;15.9;0.00;0.0;IFS
pont_darciat;AROMEIFS;2026-10-14T22:00;IFS;1.70;5.40;298.0;15.5;0.00;0.0;IFS
pont_darciat;AROMEIFS;2026-10-14T23:00;IFS;1.50;3.10;302.0;15.1;0.00;0.0;IFS
pont_darciat;AROMEIFS;2026-10-15T00:00;IFS;1.10;2.30;308.0;14.6;0.00;0.0;IFS
pont_darciat;AROMEIFS;2026-10-15T01:00;IFS;0.70;2.50;315.0;14.0;0.00;0.0;IFS
pont_darciat;AROMEIFS;2026-10-15T02:00;IFS;0.50;2.50;323.0;13.5;0.00;0.0;IFS
pont_darciat;AROMEIFS;2026-10-15T03:00;IFS;0.60;2.30;288.0;12.9;0.00;30.0;IFS
pont_darciat;AROMEIFS;2026-10-15T04:00;IFS;1.10;2.10;275.0;12.4;0.00;70.0;IFS
pont_darciat;AROMEIFS;2026-10-15T05:00;IFS;1.40;2.10;262.0;12.0;0.00;100.0;IFS
pont_darciat;AROMEIFS;2026-10-15T06:00;IFS;1.30;2.30;243.0;11.7;0.00;100.0;IFS
pont_darciat;AROMEIFS;2026-10-15T07:00;IFS;1.30;2.70;216.0;11.5;0.00;100.0;IFS
pont_darciat;AROMEIFS;2026-10-15T08:00;IFS;1.60;3.50;191.0;11.6;0.00;100.0;IFS
pont_darciat;AROMEIFS;2026-10-15T09:00;IFS;2.00;4.90;177.0;12.1;0.00;100.0;IFS
pont_darciat;AROMEIFS;2026-10-15T10:00;IFS;2.60;6.60;167.0;13.0;0.00;100.0;IFS
pont_darciat;AROMEIFS;2026-10-15T11:00;IFS;3.20;8.40;164.0;14.1;0.00;100.0;IFS
pont_darciat;AROMEIFS;2026-10-15T12:00;IFS;4.00;9.90;166.0;15.6;0.00;74.0;IFS
pont_darciat;AROMEIFS;2026-10-15T13:00;IFS;4.90;11.30;168.0;17.4;0.00;38.0;IFS
pont_darciat;AROMEIFS;2026-10-15T14:00;IFS;5.30;12.20;170.0;18.8;0.00;11.0;IFS
pont_darciat;AROMEIFS;2026-10-15T15:00;IFS;5.20;12.40;166.0;19.6;0.00;1.0;IFS
pont_darciat;AROMEIFS;2026-10-15T16:00;IFS;4.70;12.10;159.0;20.0;0.00;0.0;IFS
pont_darciat;AROMEIFS;2026-10-15T17:00;IFS;4.00;11.50;154.0;20.0;0.00;0.0;IFS
pont_darciat;AROMEIFS;2026-10-15T18:00;IFS;2.80;10.50;153.0;19.2;0.00;0.0;IFS
pont_darciat;AROMEIFS;2026-10-15T19:00;IFS;1.40;9.30;155.0;18.0;0.00;0.0;IFS
pont_darciat;AROMEIFS;2026-10-15T20:00;IFS;0.60;8.00;189.0;16.8;0.00;0.0;IFS
pont_darciat;AROMEIFS;2026-10-15T21:00;IFS;1.00;6.60;209.0;15.7;0.00;0.0;IFS
pont_darciat;AROMEIFS;2026-10-15T22:00;IFS;2.00;5.40;207.0;14.5;0.00;0.0;IFS
pont_darciat;AROMEIFS;2026-10-15T23:00;IFS;2.60;4.50;207.0;13.6;0.00;0.0;IFS
pont_darciat;AROMEIFS;2026-10-16T00:00;IFS;2.00;5.40;219.0;13.5;0.00;0.0;IFS
pont_darciat;AROMEIFS;2026-10-16T01:00;IFS;2.50;5.10;219.0;12.7;0.00;0.0;IFS
pont_darciat;AROMEIFS;2026-10-16T02:00;IFS;2.60;4.70;219.0;12.1;0.00;0.0;IFS
pont_darciat;AROMEIFS;2026-10-16T03:00;IFS;2.50;4.50;222.0;11.6;0.00;7.0;IFS
pont_darciat;AROMEIFS;2026-10-16T04:00;IFS;2.20;4.30;225.0;11.2;0.00;17.0;IFS
pont_darciat;AROMEIFS;2026-10-16T05:00;IFS;1.80;4.10;234.0;10.9;0.00;29.0;IFS
pont_darciat;AROMEIFS;2026-10-16T06:00;IFS;1.40;4.10;240.0;10.7;0.00;41.0;IFS
pont_darciat;AROMEIFS;2026-10-16T07:00;IFS;1.00;4.10;253.0;10.8;0.00;52.0;IFS
pont_darciat;AROMEIFS;2026-10-16T08:00;IFS;0.70;4.30;262.0;11.3;0.00;60.0;IFS
pont_darciat;AROMEIFS;2026-10-16T09:00;IFS;0.30;4.70;252.0;12.4;0.00;66.0;IFS
pont_darciat;AROMEIFS;2026-10-16T10:00;IFS;0.40;5.10;135.0;14.2;0.00;70.0;IFS
pont_darciat;AROMEIFS;2026-10-16T11:00;IFS;1.10;5.60;124.0;16.2;0.00;74.0;IFS
pont_darciat;AROMEIFS;2026-10-16T12:00;IFS;1.60;6.40;123.0;18.1;0.00;76.0;IFS
pont_darciat;AROMEIFS;2026-10-16T13:00;IFS;2.00;7.00;123.0;19.7;0.00;76.0;IFS
pont_darciat;AROMEIFS;2026-10-16T14:00;IFS;1.90;7.40;120.0;20.6;0.00;75.0;IFS
pont_darciat;AROMEIFS;2026-10-16T15:00;IFS;1.50;7.60;122.0;20.7;0.10;71.0;IFS
pont_darciat;AROMEIFS;2026-10-16T16:00;IFS;0.70;7.60;124.0;20.2;0.10;63.0;IFS
pont_darciat;AROMEIFS;2026-10-16T17:00;IFS;0.30;7.40;288.0;19.3;0.10;54.0;IFS
pont_darciat;AROMEIFS;2026-10-16T18:00;IFS;1.40;7.60;298.0;18.3;0.10;45.0;IFS
pont_darciat;AROMEIFS;2026-10-16T19:00;IFS;2.60;8.00;301.0;17.2;0.10;39.0;IFS
pont_darciat;AROMEIFS;2026-10-16T20:00;IFS;3.70;8.90;305.0;16.4;0.10;38.0;IFS
pont_darciat;AROMEIFS;2026-10-16T21:00;IFS;5.00;10.90;310.0;15.7;0.30;44.0;IFS
pont_darciat;AROMEIFS;2026-10-16T22:00;IFS;6.40;13.40;314.0;15.0;0.30;55.0;IFS
pont_darciat;AROMEIFS;2026-10-16T23:00;IFS;7.90;16.50;318.0;14.3;0.30;69.0;IFS
pont_darciat;AROMEIFS;2026-10-17T00:00;IFS;9.50;19.40;321.0;13.6;0.30;82.0;IFS
pont_darciat;AROMEIFS;2026-10-17T01:00;IFS;10.70;21.80;323.0;13.0;0.30;94.0;IFS
pont_darciat;AROMEIFS;2026-10-17T02:00;IFS;11.60;23.30;324.0;12.4;0.30;100.0;IFS
pont_darciat;AROMEIFS;2026-10-17T03:00;IFS;12.10;23.70;325.0;11.7;0.20;100.0;IFS
pont_darciat;AROMEIFS;2026-10-17T04:00;IFS;12.20;23.50;326.0;11.0;0.20;95.0;IFS
pont_darciat;AROMEIFS;2026-10-17T05:00;IFS;12.10;22.70;326.0;10.4;0.20;88.0;IFS
pont_darciat;AROMEIFS;2026-10-17T06:00;IFS;12.00;21.80;328.0;9.8;0.20;80.0;IFS
pont_darciat;AROMEIFS;2026-10-17T07:00;IFS;11.60;20.80;329.0;9.4;0.20;74.0;IFS
pont_darciat;AROMEIFS;2026-10-17T08:00;IFS;11.30;20.20;331.0;9.2;0.20;71.0;IFS
pont_darciat;AROMEIFS;2026-10-17T09:00;IFS;11.00;20.00;335.0;9.4;0.00;73.0;IFS
pont_darciat;AROMEIFS;2026-10-17T10:00;IFS;10.70;20.00;340.0;9.9;0.00;79.0;IFS
pont_darciat;AROMEIFS;2026-10-17T11:00;IFS;10.40;20.00;345.0;10.6;0.00;86.0;IFS
pont_darciat;AROMEIFS;2026-10-17T12:00;IFS;10.20;20.00;351.0;11.3;0.00;94.0;IFS
pont_darciat;AROMEIFS;2026-10-17T13:00;IFS;9.90;20.00;356.0;11.8;0.00;99.0;IFS
pont_darciat;AROMEIFS;2026-10-17T14:00;IFS;9.60;19.80;359.0;12.1;0.00;100.0;IFS
pont_darciat;AROMEIFS;2026-10-17T15:00;IFS;8.90;19.60;359.0;12.0;0.10;96.0;IFS
pont_darciat;AROMEIFS;2026-10-17T16:00;IFS;8.10;19.40;358.0;11.6;0.10;88.0;IFS
pont_darciat;AROMEIFS;2026-10-17T17:00;IFS;7.00;19.20;354.0;11.1;0.10;78.0;IFS
pont_darciat;AROMEIFS;2026-10-17T18:00;IFS;6.00;18.90;349.0;10.5;0.10;68.0;IFS
pont_darciat;AROMEIFS;2026-10-17T19:00;IFS;5.30;18.70;342.0;10.0;0.10;60.0;IFS
pont_darciat;AROMEIFS;2026-10-17T20:00;IFS;5.00;18.30;336.0;9.6;0.10;57.0;IFS
pont_darciat;AROMEIFS;2026-10-17T21:00;IFS;5.10;17.90;331.0;9.4;0.00;60.0;IFS
pont_darciat;AROMEIFS;2026-10-17T22:00;IFS;5.40;17.30;328.0;9.1;0.00;67.0;IFS
pont_darciat;AROMEIFS;2026-10-17T23:00;IFS;5.90;16.70;327.0;8.9;0.00;76.0;IFS
pont_darciat;AROMEIFS;2026-10-18T00:00;IFS;6.40;16.10;327.0;8.8;0.00;86.0;IFS
pont_darciat;AROMEIFS;2026-10-18T01:00;IFS;6.80;15.70;327.0;8.6;0.00;94.0;IFS
pont_darciat;AROMEIFS;2026-10-18T02:00;IFS;7.10;15.20;328.0;8.6;0.00;100.0;IFS
pont_darciat;AROMEIFS;2026-10-18T03:00;IFS;7.20;14.60;329.0;8.6;0.00;100.0;IFS
pont_darciat;AROMEIFS;2026-10-18T04:00;IFS;7.20;14.00;332.0;8.6;0.00;100.0;IFS
pont_darciat;AROMEIFS;2026-10-18T05:00;IFS;7.20;13.40;335.0;8.7;0.00;100.0;IFS
pont_darciat;AROMEIFS;2026-10-18T06:00;IFS;7.10;13.00;339.0;8.8;0.00;100.0;IFS
pont_darciat;AROMEIFS;2026-10-18T07:00;IFS;7.10;12.60;343.0;8.9;0.00;100.0;IFS
pont_darciat;AROMEIFS;2026-10-18T08:00;IFS;7.20;12.60;346.0;9.1;0.00;100.0;IFS
pont_darciat;AROMEIFS;2026-10-18T09:00;IFS;7.40;12.80;349.0;9.3;0.70;100.0;IFS
pont_darciat;AROMEIFS;2026-10-18T10:00;IFS;7.80;13.40;354.0;9.5;0.70;100.0;IFS
pont_darciat;AROMEIFS;2026-10-18T11:00;IFS;8.30;14.20;357.0;9.7;0.70;100.0;IFS
pont_darciat;AROMEIFS;2026-10-18T12:00;IFS;8.70;15.00;360.0;10.0;0.70;100.0;IFS
pont_darciat;AROMEIFS;2026-10-18T13:00;IFS;8.80;15.70;2.0;10.2;0.70;100.0;IFS
pont_darciat;AROMEIFS;2026-10-18T14:00;IFS;8.70;16.10;2.0;10.3;0.70;100.0;IFS
pont_darciat;AROMEIFS;2026-10-18T15:00;IFS;8.10;16.50;360.0;10.5;0.10;90.0;IFS
pont_darciat;AROMEIFS;2026-10-18T16:00;IFS;7.10;16.70;356.0;10.6;0.10;74.0;IFS
pont_darciat;AROMEIFS;2026-10-18T17:00;IFS;6.10;16.90;349.0;10.7;0.10;56.0;IFS
pont_darciat;AROMEIFS;2026-10-18T18:00;IFS;5.10;17.10;339.0;10.8;0.10;39.0;IFS
pont_darciat;AROMEIFS;2026-10-18T19:00;IFS;4.50;16.90;328.0;10.7;0.10;26.0;IFS
pont_darciat;AROMEIFS;2026-10-18T20:00;IFS;4.10;16.30;318.0;10.6;0.10;21.0;IFS
pont_darciat;AROMEIFS;2026-10-18T21:00;IFS;3.90;15.40;313.0;10.4;0.00;27.0;IFS
pont_darciat;AROMEIFS;2026-10-18T22:00;IFS;3.60;13.80;311.0;10.0;0.00;41.0;IFS
pont_darciat;AROMEIFS;2026-10-18T23:00;IFS;3.40;12.10;311.0;9.6;0.00;60.0;IFS
pont_darciat;AROMEIFS;2026-10-19T00:00;IFS;3.20;10.30;314.0;9.1;0.00;79.0;IFS
pont_darciat;AROMEIFS;2026-10-19T01:00;IFS;3.00;8.70;318.0;8.7;0.00;93.0;IFS
pont_darciat;AROMEIFS;2026-10-19T02:00;IFS;3.00;7.60;319.0;8.3;0.00;98.0;IFS
pont_darciat;AROMEIFS;2026-10-19T03:00;IFS;3.00;6.80;319.0;7.8;0.00;91.0;IFS
pont_darciat;AROMEIFS;2026-10-19T04:00;IFS;2.90;6.20;318.0;7.2;0.00;75.0;IFS
pont_darciat;AROMEIFS;2026-10-19T05:00;IFS;3.00;5.60;316.0;6.7;0.00;55.0;IFS
pont_darciat;AROMEIFS;2026-10-19T06:00;IFS;3.10;5.40;316.0;6.3;0.00;34.0;IFS
pont_darciat;AROMEIFS;2026-10-19T07:00;IFS;3.10;5.40;319.0;6.1;0.00;18.0;IFS
pont_darciat;AROMEIFS;2026-10-19T08:00;IFS;3.20;5.60;322.0;6.4;0.00;10.0;IFS
pont_darciat;AROMEIFS;2026-10-19T09:00;IFS;3.30;6.20;332.0;7.3;0.00;13.0;IFS
pont_darciat;AROMEIFS;2026-10-19T10:00;IFS;3.70;7.20;343.0;8.8;0.00;24.0;IFS
pont_darciat;AROMEIFS;2026-10-19T11:00;IFS;4.20;8.40;353.0;10.6;0.00;40.0;IFS
pont_darciat;AROMEIFS;2026-10-19T12:00;IFS;4.80;9.70;1.0;12.4;0.00;55.0;IFS
pont_darciat;AROMEIFS;2026-10-19T13:00;IFS;5.30;10.90;5.0;13.8;0.00;68.0;IFS
pont_darciat;AROMEIFS;2026-10-19T14:00;IFS;5.60;11.70;6.0;14.6;0.00;73.0;IFS
pont_darciat;AROMEIFS;2026-10-19T15:00;IFS;5.50;12.20;3.0;14.8;0.00;70.0;IFS
pont_darciat;AROMEIFS;2026-10-19T16:00;IFS;5.30;12.80;358.0;14.5;0.00;61.0;IFS
pont_darciat;AROMEIFS;2026-10-19T17:00;IFS;5.10;13.20;350.0;13.9;0.00;48.0;IFS
pont_darciat;AROMEIFS;2026-10-19T18:00;IFS;4.90;13.40;340.0;13.1;0.00;35.0;IFS
pont_darciat;AROMEIFS;2026-10-19T19:00;IFS;4.80;13.60;331.0;12.2;0.00;23.0;IFS
pont_darciat;AROMEIFS;2026-10-19T20:00;IFS;4.70;13.40;324.0;11.5;0.00;16.0;IFS
pont_darciat;AROMEIFS;2026-10-19T21:00;IFS;4.50;13.00;319.0;10.7;0.00;13.0;IFS
pont_darciat;AROMEIFS;2026-10-19T22:00;IFS;4.10;12.20;314.0;9.9;0.00;12.0;IFS
pont_darciat;AROMEIFS;2026-10-19T23:00;IFS;3.70;11.50;310.0;9.0;0.00;13.0;IFS
pont_darciat;AROMEIFS;2026-10-20T00:00;IFS;3.30;10.70;304.0;8.1;0.00;15.0;IFS
pont_darciat;AROMEIFS;2026-10-20T01:00;IFS;3.00;9.70;299.0;7.3;0.00;18.0;IFS
pont_darciat;AROMEIFS;2026-10-20T02:00;IFS;2.80;9.10;297.0;6.7;0.00;20.0;IFS
pont_darciat;AROMEIFS;2026-10-20T03:00;IFS;2.80;8.60;297.0;6.0;0.00;22.0;IFS
pont_darciat;AROMEIFS;2026-10-20T04:00;IFS;2.90;8.20;298.0;5.3;0.00;25.0;IFS
pont_darciat;AROMEIFS;2026-10-20T05:00;IFS;3.00;7.80;302.0;4.7;0.00;28.0;IFS
pont_darciat;AROMEIFS;2026-10-20T06:00;IFS;3.10;7.40;307.0;4.3;0.00;32.0;IFS
pont_darciat;AROMEIFS;2026-10-20T07:00;IFS;3.20;7.20;311.0;4.2;0.00;37.0;IFS
pont_darciat;AROMEIFS;2026-10-20T08:00;IFS;3.40;7.40;317.0;4.5;0.00;43.0;IFS
pont_darciat;AROMEIFS;2026-10-20T09:00;IFS;3.70;7.80;325.0;5.4;0.00;51.0;IFS
pont_darciat;AROMEIFS;2026-10-20T10:00;IFS;4.00;8.60;331.0;7.0;0.00;61.0;IFS
pont_darciat;AROMEIFS;2026-10-20T11:00;IFS;4.40;9.50;338.0;8.9;0.00;73.0;IFS
pont_darciat;AROMEIFS;2026-10-20T12:00;IFS;5.00;10.50;343.0;10.8;0.00;84.0;IFS
pont_darciat;AROMEIFS;2026-10-20T13:00;IFS;5.50;11.50;347.0;12.4;0.00;93.0;IFS
pont_darciat;AROMEIFS;2026-10-20T14:00;IFS;6.10;12.40;349.0;13.4;0.00;99.0;IFS
pont_darciat;AROMEIFS;2026-10-20T15:00;IFS;6.80;13.40;349.0;13.7;0.00;100.0;IFS
pont_darciat;AROMEIFS;2026-10-20T16:00;IFS;7.70;14.40;350.0;13.5;0.00;100.0;IFS
pont_darciat;AROMEIFS;2026-10-20T17:00;IFS;8.50;15.60;349.0;13.1;0.00;100.0;IFS
pont_darciat;AROMEIFS;2026-10-20T18:00;IFS;9.30;16.50;349.0;12.4;0.00;99.0;IFS
pont_darciat;AROMEIFS;2026-10-20T19:00;IFS;10.00;17.50;348.0;11.8;0.00;96.0;IFS
pont_darciat;AROMEIFS;2026-10-20T20:00;IFS;10.50;18.30;347.0;11.2;0.00;95.0;IFS
pont_darciat;AROMEIFS;2026-10-20T21:00;IFS;10.60;18.90;346.0;10.7;0.00;94.0;IFS
pont_darciat;AROMEIFS;2026-10-20T22:00;IFS;10.60;19.40;345.0;10.2;0.00;93.0;IFS
pont_darciat;AROMEIFS;2026-10-20T23:00;IFS;10.40;19.80;344.0;9.6;0.00;92.0;IFS
pont_darciat;AROMEIFS;2026-10-21T00:00;IFS;10.20;20.20;342.0;9.0;0.00;91.0;IFS
pont_darciat;AROMEIFS;2026-10-21T01:00;IFS;10.10;20.40;341.0;8.5;0.00;91.0;IFS
pont_darciat;AROMEIFS;2026-10-21T02:00;IFS;10.00;20.60;340.0;8.1;0.00;90.0;IFS
pont_darciat;AROMEIFS;2026-10-21T03:00;IFS;10.20;20.60;340.0;7.7;0.00;91.0;IFS
pont_darciat;AROMEIFS;2026-10-21T04:00;IFS;10.60;20.40;340.0;7.3;0.00;93.0;IFS
pont_darciat;AROMEIFS;2026-10-21T05:00;IFS;11.00;20.00;339.0;7.0;0.00;95.0;IFS
pont_darciat;AROMEIFS;2026-10-21T06:00;IFS;11.30;19.80;340.0;6.7;0.00;96.0;IFS
pont_darciat;AROMEIFS;2026-10-21T07:00;IFS;11.40;19.60;341.0;6.8;0.00;95.0;IFS
pont_darciat;AROMEIFS;2026-10-21T08:00;IFS;11.30;19.40;342.0;7.1;0.00;90.0;IFS
pont_darciat;AROMEIFS;2026-10-21T09:00;IFS;10.80;19.60;346.0;7.9;0.00;80.0;IFS
pont_darciat;AROMEIFS;2026-10-21T10:00;IFS;10.10;19.80;352.0;9.3;0.00;67.0;IFS
pont_darciat;AROMEIFS;2026-10-21T11:00;IFS;9.30;20.20;359.0;10.9;0.00;51.0;IFS
pont_darciat;AROMEIFS;2026-10-21T12:00;IFS;8.70;20.60;8.0;12.4;0.00;34.0;IFS
pont_darciat;AROMEIFS;2026-10-21T13:00;IFS;8.20;20.80;16.0;13.6;0.00;20.0;IFS
pont_darciat;AROMEIFS;2026-10-21T14:00;IFS;7.70;20.60;21.0;14.2;0.00;10.0;IFS
pont_darciat;AROMEIFS;2026-10-21T15:00;IFS;6.90;20.20;22.0;14.2;0.00;4.0;IFS
pont_darciat;AROMEIFS;2026-10-21T16:00;IFS;6.00;19.40;21.0;13.6;0.00;2.0;IFS
pont_darciat;AROMEIFS;2026-10-21T17:00;IFS;5.00;18.70;16.0;12.8;0.00;1.0;IFS
pont_darciat;AROMEIFS;2026-10-21T18:00;IFS;4.00;17.50;7.0;11.8;0.00;2.0;IFS
pont_darciat;AROMEIFS;2026-10-21T19:00;IFS;3.30;16.50;353.0;10.8;0.00;2.0;IFS
pont_darciat;AROMEIFS;2026-10-21T20:00;IFS;2.90;15.20;342.0;9.9;0.00;2.0;IFS
pont_darciat;AROMEIFS;2026-10-21T21:00;IFS;2.60;13.60;333.0;9.2;0.00;1.0;IFS
pont_darciat;AROMEIFS;2026-10-21T22:00;IFS;2.30;11.90;327.0;8.3;0.00;1.0;IFS
pont_darciat;AROMEIFS;2026-10-21T23:00;IFS;2.20;9.70;322.0;7.5;0.00;1.0;IFS
pont_darciat;AROMEIFS;2026-10-22T00:00;IFS;2.10;7.80;319.0;6.7;0.00;0.0;IFS
pont_darciat;AROMEIFS;2026-10-22T01:00;IFS;1.90;6.20;319.0;6.0;0.00;0.0;IFS
pont_darciat;AROMEIFS;2026-10-22T02:00;IFS;1.80;4.90;315.0;5.5;0.00;0.0;IFS
pont_darciat;AROMEIFS;2026-10-22T03:00;IFS;1.70;4.10;313.0;4.9;0.00;0.0;IFS
pont_darciat;AROMEIFS;2026-10-22T04:00;IFS;1.70;3.50;310.0;4.4;0.00;0.0;IFS
pont_darciat;AROMEIFS;2026-10-22T05:00;IFS;1.50;3.10;310.0;3.9;0.00;0.0;IFS
pont_darciat;AROMEIFS;2026-10-22T06:00;IFS;1.40;3.10;312.0;3.6;0.00;0.0;IFS
pont_darciat;AROMEIFS;2026-10-22T07:00;IFS;1.30;3.10;318.0;3.6;0.00;0.0;IFS
pont_darciat;AROMEIFS;2026-10-22T08:00;IFS;1.10;3.30;322.0;4.0;0.00;0.0;IFS
pont_darciat;AROMEIFS;2026-10-22T09:00;IFS;0.80;3.70;339.0;5.0;0.00;0.0;IFS
pont_darciat;AROMEIFS;2026-10-22T10:00;IFS;0.70;4.30;23.0;6.5;0.00;0.0;IFS
pont_darciat;AROMEIFS;2026-10-22T11:00;IFS;1.10;5.20;52.0;8.4;0.00;0.0;IFS
pont_darciat;AROMEIFS;2026-10-22T12:00;IFS;1.60;6.00;68.0;10.2;0.00;0.0;IFS
pont_darciat;AROMEIFS;2026-10-22T13:00;IFS;1.90;6.80;75.0;11.8;0.00;0.0;IFS
pont_darciat;AROMEIFS;2026-10-22T14:00;IFS;2.10;7.40;79.0;12.7;0.00;0.0;IFS
pont_darciat;AROMEIFS;2026-10-22T15:00;IFS;1.90;7.80;81.0;12.9;0.00;0.0;IFS
pont_darciat;AROMEIFS;2026-10-22T16:00;IFS;1.50;8.20;82.0;12.7;0.00;0.0;IFS
pont_darciat;AROMEIFS;2026-10-22T17:00;IFS;0.90;8.60;84.0;12.1;0.00;0.0;IFS
pont_darciat;AROMEIFS;2026-10-22T18:00;IFS;0.30;8.60;72.0;11.4;0.00;0.0;IFS
pont_darciat;AROMEIFS;2026-10-22T19:00;IFS;0.30;8.60;270.0;10.8;0.00;0.0;IFS
pont_darciat;AROMEIFS;2026-10-22T20:00;IFS;0.60;8.20;270.0;10.2;0.00;0.0;IFS
pont_darciat;AROMEIFS;2026-10-22T21:00;IFS;0.70;7.40;270.0;9.8;0.00;1.0;IFS
pont_darciat;AROMEIFS;2026-10-22T22:00;IFS;0.70;6.20;278.0;9.4;0.00;3.0;IFS
pont_darciat;AROMEIFS;2026-10-22T23:00;IFS;0.70;4.70;297.0;9.0;0.00;6.0;IFS
pont_darciat;AROMEIFS;2026-10-23T00:00;IFS;0.60;3.30;309.0;8.6;0.00;8.0;IFS
pont_darciat;AROMEIFS;2026-10-23T01:00;IFS;0.60;2.10;329.0;8.3;0.00;9.0;IFS
pont_darciat;AROMEIFS;2026-10-23T02:00;IFS;0.70;1.40;333.0;7.9;0.00;10.0;IFS
pont_darciat;AROMEIFS;2026-10-23T03:00;IFS;0.70;1.00;326.0;7.4;0.00;10.0;IFS
pont_darciat;AROMEIFS;2026-10-23T04:00;IFS;0.80;1.00;320.0;6.8;0.00;8.0;IFS
pont_darciat;AROMEIFS;2026-10-23T05:00;IFS;0.90;1.00;311.0;6.1;0.00;7.0;IFS
pont_darciat;AROMEIFS;2026-10-23T06:00;IFS;1.00;1.40;307.0;5.6;0.00;5.0;IFS
pont_darciat;AROMEIFS;2026-10-23T07:00;IFS;1.00;1.70;307.0;5.5;0.00;3.0;IFS
pont_darciat;AROMEIFS;2026-10-23T08:00;IFS;0.90;2.10;311.0;5.7;0.00;2.0;IFS
pont_darciat;AROMEIFS;2026-10-23T09:00;IFS;0.70;2.70;337.0;6.7;0.00;1.0;IFS
pont_darciat;AROMEIFS;2026-10-23T10:00;IFS;0.80;3.70;14.0;8.2;0.00;1.0;IFS
pont_darciat;AROMEIFS;2026-10-23T11:00;IFS;1.20;4.70;45.0;10.0;0.00;1.0;IFS
pont_darciat;AROMEIFS;2026-10-23T12:00;IFS;1.80;5.80;56.0;11.8;0.00;0.0;IFS
pont_darciat;AROMEIFS;2026-10-23T13:00;IFS;2.10;6.80;62.0;13.3;0.00;0.0;IFS
pont_darciat;AROMEIFS;2026-10-23T14:00;IFS;2.30;7.40;65.0;14.2;0.00;0.0;IFS
pont_darciat;AROMEIFS;2026-10-23T15:00;IFS;2.00;8.00;65.0;14.3;0.00;0.0;IFS
pont_darciat;AROMEIFS;2026-10-23T16:00;IFS;1.40;8.40;62.0;14.0;0.00;0.0;IFS
pont_darciat;AROMEIFS;2026-10-23T17:00;IFS;0.80;8.60;50.0;13.4;0.00;0.0;IFS
pont_darciat;AROMEIFS;2026-10-23T18:00;IFS;0.30;8.70;342.0;12.6;0.00;0.0;IFS
pont_darciat;AROMEIFS;2026-10-23T19:00;IFS;0.70;8.70;278.0;11.9;0.00;0.0;IFS
pont_darciat;AROMEIFS;2026-10-23T20:00;IFS;1.10;8.40;270.0;11.3;0.00;0.0;IFS
pont_darciat;AROMEIFS;2026-10-23T21:00;IFS;1.20;7.60;270.0;10.9;0.00;0.0;IFS
pont_darciat;AROMEIFS;2026-10-23T22:00;IFS;1.10;6.60;270.0;10.5;0.00;0.0;IFS
pont_darciat;AROMEIFS;2026-10-23T23:00;IFS;0.80;5.40;270.0;10.2;0.00;0.0;IFS
pont_darciat;AROMEIFS;2026-10-24T00:00;IFS;0.60;4.10;279.0;9.8;0.00;0.0;IFS
pont_darciat;AROMEIFS;2026-10-24T01:00;IFS;0.30;2.90;288.0;9.4;0.00;0.0;IFS
pont_darciat;AROMEIFS;2026-10-24T02:00;IFS;0.30;2.10;315.0;9.0;0.00;0.0;IFS
pont_darciat;AROMEIFS;2026-10-24T03:00;IFS;0.40;1.60;326.0;8.3;0.00;1.0;IFS
pont_darciat;AROMEIFS;2026-10-24T04:00;IFS;0.50;1.20;323.0;7.4;0.00;2.0;IFS
pont_darciat;AROMEIFS;2026-10-24T05:00;IFS;0.70;1.00;315.0;6.5;0.00;4.0;IFS
pont_darciat;AROMEIFS;2026-10-24T06:00;IFS;0.90;1.00;319.0;5.7;0.00;5.0;IFS
pont_darciat;AROMEIFS;2026-10-24T07:00;IFS;0.90;1.00;319.0;5.3;0.00;7.0;IFS
pont_darciat;AROMEIFS;2026-10-24T08:00;IFS;0.80;1.40;324.0;5.4;0.00;7.0;IFS
pont_darciat;AROMEIFS;2026-10-24T09:00;IFS;0.50;2.10;349.0;6.2;0.00;7.0;IFS
pont_darciat;AROMEIFS;2026-10-24T10:00;IFS;0.50;3.10;53.0;7.7;0.00;6.0;IFS
pont_darciat;AROMEIFS;2026-10-24T11:00;IFS;1.10;4.50;90.0;9.6;0.00;5.0;IFS
pont_darciat;AROMEIFS;2026-10-24T12:00;IFS;1.70;5.60;100.0;11.4;0.00;3.0;IFS
pont_darciat;AROMEIFS;2026-10-24T13:00;IFS;2.20;6.80;105.0;13.0;0.00;2.0;IFS
pont_darciat;AROMEIFS;2026-10-24T14:00;IFS;2.30;7.60;105.0;13.9;0.00;1.0;IFS
pont_darciat;AROMEIFS;2026-10-24T15:00;IFS;2.00;8.00;101.0;14.0;0.00;1.0;IFS
pont_darciat;AROMEIFS;2026-10-24T16:00;IFS;1.40;8.20;94.0;13.7;0.00;0.0;IFS
pont_darciat;AROMEIFS;2026-10-24T17:00;IFS;0.60;8.20;51.0;13.1;0.00;0.0;IFS
pont_darciat;AROMEIFS;2026-10-24T18:00;IFS;0.80;8.20;339.0;12.3;0.00;0.0;IFS
pont_darciat;AROMEIFS;2026-10-24T19:00;IFS;1.50;8.00;320.0;11.6;0.00;0.0;IFS
pont_darciat;AROMEIFS;2026-10-24T20:00;IFS;2.00;7.60;313.0;11.0;0.00;0.0;IFS
pont_darciat;AROMEIFS;2026-10-24T21:00;IFS;2.10;7.00;309.0;10.5;0.00;0.0;IFS
pont_darciat;AROMEIFS;2026-10-24T22:00;IFS;2.10;6.40;309.0;10.0;0.00;0.0;IFS
pont_darciat;AROMEIFS;2026-10-24T23:00;IFS;1.90;5.60;309.0;9.5;0.00;0.0;IFS
pont_darciat;AROMEIFS;2026-10-25T00:00;IFS;1.70;4.70;308.0;9.1;0.00;0.0;IFS
pont_darciat;AROMEIFS;2026-10-25T01:00;IFS;1.50;4.10;307.0;8.7;0.00;0.0;IFS
pont_darciat;AROMEIFS;2026-10-25T02:00;IFS;1.30;3.50;306.0;8.4;0.00;0.0;IFS
pont_de_chavanay;AROMEIFS;2026-10-10T00:00;AROMEHD;4.70;9.10;30.0;13.3;0.00;85.0;AROMEHD
pont_de_chavanay;AROMEIFS;2026-10-10T01:00;AROMEHD;3.60;8.20;41.0;13.2;0.00;97.0;AROMEHD
pont_de_chavanay;AROMEIFS;2026-10-10T02:00;AROMEHD;2.40;1.60;166.0;13.8;0.00;94.0;AROMEHD
pont_de_chavanay;AROMEIFS;2026-10-10T03:00;AROMEHD;3.10;4.90;158.0;13.3;0.00;100.0;AROMEHD
pont_de_chavanay;AROMEIFS;2026-10-10T04:00;AROMEHD;1.80;5.20;174.0;13.3;0.00;100.0;AROMEHD
pont_de_chavanay;AROMEIFS;2026-10-10T05:00;AROMEHD;0.90;3.70;117.0;12.3;0.00;97.0;AROMEHD
pont_de_chavanay;AROMEIFS;2026-10-10T06:00;AROMEHD;1.20;2.90;261.0;12.4;0.00;100.0;AROMEHD
pont_de_chavanay;AROMEIFS;2026-10-10T07:00;AROMEHD;1.60;1.70;353.0;12.0;0.20;100.0;AROMEHD
pont_de_chavanay;AROMEIFS;2026-10-10T08:00;AROMEHD;0.90;2.30;297.0;11.4;0.00;17.0;AROMEHD
pont_de_chavanay;AROMEIFS;2026-10-10T09:00;AROMEHD;0.70;2.10;34.0;12.1;0.00;1.0;AROMEHD
pont_de_chavanay;AROMEIFS;2026-10-10T10:00;AROMEHD;0.70;2.10;124.0;13.1;0.00;0.0;AROMEHD
pont_de_chavanay;AROMEIFS;2026-10-10T11:00;AROMEHD;1.40;3.50;106.0;14.4;0.00;29.0;AROMEHD
pont_de_chavanay;AROMEIFS;2026-10-10T12:00;AROMEHD;2.00;5.40;151.0;15.6;0.00;100.0;AROMEHD
pont_de_chavanay;AROMEIFS;2026-10-10T13:00;AROMEHD;1.40;5.60;196.0;15.3;0.60;100.0;AROMEHD
pont_de_chavanay;AROMEIFS;2026-10-10T14:00;AROMEHD;0.80;3.50;180.0;15.9;0.00;5.0;AROMEHD
pont_de_chavanay;AROMEIFS;2026-10-10T15:00;AROMEHD;0.40;4.90;297.0;16.7;0.00;100.0;AROMEHD
pont_de_chavanay;AROMEIFS;2026-10-10T16:00;AROMEHD;0.40;3.30;297.0;17.3;0.00;9.0;AROMEHD
pont_de_chavanay;AROMEIFS;2026-10-10T17:00;AROMEHD;2.60;6.80;36.0;18.3;0.00;0.0;AROMEHD
pont_de_chavanay;AROMEIFS;2026-10-10T18:00;AROMEHD;3.50;7.40;27.0;18.1;0.00;48.0;AROMEHD
pont_de_chavanay;AROMEIFS;2026-10-10T19:00;AROMEHD;3.40;4.50;294.0;17.4;0.10;100.0;AROMEHD
pont_de_chavanay;AROMEIFS;2026-10-10T20:00;AROMEHD;5.80;13.40;345.0;16.0;0.10;100.0;AROMEHD
pont_de_chavanay;AROMEIFS;2026-10-10T21:00;AROMEHD;3.70;10.10;28.0;15.2;0.00;62.0;AROMEHD
pont_de_chavanay;AROMEIFS;2026-10-10T22:00;AROMEHD;3.50;6.00;341.0;13.7;0.00;0.0;AROMEHD
pont_de_chavanay;AROMEIFS;2026-10-10T23:00;AROMEHD;2.50;5.10;4.0;12.9;0.00;0.0;AROMEHD
pont_de_chavanay;AROMEIFS;2026-10-11T00:00;AROMEHD;4.70;8.20;318.0;12.8;0.00;0.0;AROMEHD
pont_de_chavanay;AROMEIFS;2026-10-11T01:00;AROMEHD;4.30;9.10;313.0;12.6;0.00;12.0;AROMEHD
pont_de_chavanay;AROMEIFS;2026-10-11T02:00;AROMEHD;1.50;8.40;50.0;11.6;0.00;3.0;AROMEHD
pont_de_chavanay;AROMEIFS;2026-10-11T03:00;AROMEHD;1.80;1.00;131.0;9.9;0.00;6.0;AROMEHD
pont_de_chavanay;AROMEIFS;2026-10-11T04:00;AROMEHD;0.60;2.10;72.0;9.0;0.00;17.5;AROMEHD
pont_de_chavanay;AROMEIFS;2026-10-11T05:00;AROMEHD;1.20;1.40;129.0;8.4;0.00;25.0;AROMEHD
pont_de_chavanay;AROMEIFS;2026-10-11T06:00;AROMEHD;1.20;1.70;72.0;7.8;0.00;25.0;AROMEHD
pont_de_chavanay;AROMEIFS;2026-10-11T07:00;AROMEHD;1.00;1.70;112.0;7.4;0.00;25.0;AROMEHD
pont_de_chavanay;AROMEIFS;2026-10-11T08:00;AROMEHD;1.00;1.40;112.0;7.5;0.00;6.8;AROMEHD
pont_de_chavanay;AROMEIFS;2026-10-11T09:00;AROMEHD;1.10;1.70;121.0;8.1;0.00;24.8;AROMEHD
pont_de_chavanay;AROMEIFS;2026-10-11T10:00;AROMEHD;0.70;2.10;124.0;10.5;0.00;5.8;AROMEHD
pont_de_chavanay;AROMEIFS;2026-10-11T11:00;AROMEHD;0.40;1.60;180.0;12.9;0.00;5.0;AROMEHD
pont_de_chavanay;AROMEIFS;2026-10-11T12:00;AROMEHD;7.40;14.00;360.0;15.7;0.00;28.0;AROMEHD
pont_de_chavanay;AROMEIFS;2026-10-11T13:00;AROMEHD;6.80;14.60;358.0;16.2;0.00;95.0;AROMEHD
pont_de_chavanay;AROMEIFS;2026-10-11T14:00;AROMEHD;7.80;14.80;360.0;16.6;0.00;25.0;AROMEHD
pont_de_chavanay;AROMEIFS;2026-10-11T15:00;AROMEHD;7.60;15.00;4.0;17.0;0.00;48.0;AROMEHD
pont_de_chavanay;AROMEIFS;2026-10-11T16:00;AROMEHD;7.30;15.00;8.0;17.0;0.00;100.0;AROMEHD
pont_de_chavanay;AROMEIFS;2026-10-11T17:00;AROMEHD;7.80;14.20;4.0;16.8;0.00;99.0;AROMEHD
pont_de_chavanay;AROMEIFS;2026-10-11T18:00;AROMEHD;6.60;13.80;3.0;16.3;0.00;74.0;AROMEHD
pont_de_chavanay;AROMEIFS;2026-10-11T19:00;AROMEHD;5.10;11.90;349.0;15.3;0.00;74.0;AROMEHD
pont_de_chavanay;AROMEIFS;2026-10-11T20:00;AROMEHD;5.10;8.60;342.0;13.8;0.00;2.0;AROMEHD
pont_de_chavanay;AROMEIFS;2026-10-11T21:00;AROMEHD;5.40;9.10;339.0;13.1;0.00;0.0;AROMEHD
pont_de_chavanay;AROMEIFS;2026-10-11T22:00;AROMEHD;5.30;9.30;336.0;12.6;0.00;0.0;AROMEHD
pont_de_chavanay;AROMEIFS;2026-10-11T23:00;AROMEHD;6.80;11.70;321.0;12.5;0.00;0.0;AROMEHD
pont_de_chavanay;AROMEIFS;2026-10-12T00:00;AROMEHD;5.40;11.90;322.0;12.3;0.00;0.0;AROMEHD
pont_de_chavanay;AROMEIFS;2026-10-12T01:00;AROMEHD;4.20;9.70;338.0;12.0;0.00;0.0;AROMEHD
pont_de_chavanay;AROMEIFS;2026-10-12T02:00;AROMEHD;5.30;9.50;324.0;12.0;0.00;0.0;AROMEHD
pont_de_chavanay;AROMEIFS;2026-10-12T03:00;AROMEHD;7.10;12.60;315.0;12.5;0.00;0.0;AROMEHD
pont_de_chavanay;AROMEIFS;2026-10-12T04:00;AROMEHD;0.80;12.60;270.0;10.3;0.00;0.0;AROMEHD
pont_de_chavanay;AROMEIFS;2026-10-12T05:00;AROMEHD;1.80;2.90;212.0;8.8;0.00;0.0;AROMEHD
pont_de_chavanay;AROMEIFS;2026-10-12T06:00;AROMEHD;2.10;2.30;175.0;8.3;0.00;0.0;AROMEHD
pont_de_chavanay;AROMEIFS;2026-10-12T07:00;AROMEHD;1.80;1.40;174.0;7.9;0.00;0.0;AROMEHD
pont_de_chavanay;AROMEIFS;2026-10-12T08:00;AROMEHD;1.50;1.90;157.0;6.2;0.00;0.5;AROMEHD
pont_de_chavanay;AROMEIFS;2026-10-12T09:00;AROMEHD;2.10;2.50;146.0;7.6;0.00;0.0;AROMEHD
pont_de_chavanay;AROMEIFS;2026-10-12T10:00;AROMEHD;2.30;4.90;149.0;9.5;0.00;0.0;AROMEHD
pont_de_chavanay;AROMEIFS;2026-10-12T11:00;AROMEHD;8.40;15.40;360.0;15.5;0.00;0.0;AROMEHD
pont_de_chavanay;AROMEIFS;2026-10-12T12:00;ARPEGE;9.50;18.70;356.0;16.1;0.00;7.0;ARPEGE
pont_de_chavanay;AROMEIFS;2026-10-12T13:00;ARPEGE;8.60;18.70;4.0;17.4;0.00;43.0;ARPEGE
pont_de_chavanay;AROMEIFS;2026-10-12T14:00;ARPEGE;8.80;17.90;13.0;18.3;0.00;47.0;ARPEGE
pont_de_chavanay;AROMEIFS;2026-10-12T15:00;ARPEGE;8.60;17.90;18.0;18.7;0.00;32.0;ARPEGE
pont_de_chavanay;AROMEIFS;2026-10-12T16:00;ARPEGE;7.60;17.30;19.0;19.0;0.00;25.0;ARPEGE
pont_de_chavanay;AROMEIFS;2026-10-12T17:00;ARPEGE;6.60;15.60;19.0;18.9;0.00;30.0;ARPEGE
pont_de_chavanay;AROMEIFS;2026-10-12T18:00;ARPEGE;6.60;13.40;14.0;18.4;0.00;27.0;ARPEGE
pont_de_chavanay;AROMEIFS;2026-10-12T19:00;ARPEGE;6.50;12.40;9.0;17.1;0.00;29.0;ARPEGE
pont_de_chavanay;AROMEIFS;2026-10-12T20:00;ARPEGE;4.70;10.30;9.0;15.2;0.00;35.0;ARPEGE
pont_de_chavanay;AROMEIFS;2026-10-12T21:00;ARPEGE;4.30;6.60;350.0;13.8;0.00;22.0;ARPEGE
pont_de_chavanay;AROMEIFS;2026-10-12T22:00;ARPEGE;3.80;6.00;348.0;12.8;0.00;22.0;ARPEGE
pont_de_chavanay;AROMEIFS;2026-10-12T23:00;ARPEGE;3.30;5.20;360.0;12.1;0.00;36.0;ARPEGE
pont_de_chavanay;AROMEIFS;2026-10-13T00:00;ARPEGE;2.90;4.90;8.0;11.6;0.00;47.0;ARPEGE
pont_de_chavanay;AROMEIFS;2026-10-13T01:00;ARPEGE;2.20;3.70;15.0;11.1;0.00;51.0;ARPEGE
pont_de_chavanay;AROMEIFS;2026-10-13T02:00;ARPEGE;1.60;2.50;14.0;10.7;0.00;84.0;ARPEGE
pont_de_chavanay;AROMEIFS;2026-10-13T03:00;ARPEGE;1.20;1.70;39.0;10.4;0.00;92.0;ARPEGE
pont_de_chavanay;AROMEIFS;2026-10-13T04:00;ARPEGE;1.40;1.40;74.0;10.0;0.00;51.0;ARPEGE
pont_de_chavanay;AROMEIFS;2026-10-13T05:00;ARPEGE;1.30;1.60;63.0;9.6;0.00;23.0;ARPEGE
pont_de_chavanay;AROMEIFS;2026-10-13T06:00;ARPEGE;1.70;1.70;54.0;9.4;0.00;18.0;ARPEGE
pont_de_chavanay;AROMEIFS;2026-10-13T07:00;ARPEGE;2.20;2.30;80.0;9.0;0.00;8.0;ARPEGE
pont_de_chavanay;AROMEIFS;2026-10-13T08:00;ARPEGE;1.10;2.10;59.0;8.6;0.00;7.0;ARPEGE
pont_de_chavanay;AROMEIFS;2026-10-13T09:00;ARPEGE;1.70;1.60;36.0;9.0;0.00;4.0;ARPEGE
pont_de_chavanay;AROMEIFS;2026-10-13T10:00;ARPEGE;1.40;2.30;56.0;10.9;0.00;2.0;ARPEGE
pont_de_chavanay;AROMEIFS;2026-10-13T11:00;ARPEGE;2.40;5.40;35.0;13.8;0.00;1.0;ARPEGE
pont_de_chavanay;AROMEIFS;2026-10-13T12:00;ARPEGE;2.60;7.00;54.0;16.5;0.00;0.0;ARPEGE
pont_de_chavanay;AROMEIFS;2026-10-13T13:00;ARPEGE;3.60;9.10;54.0;18.8;0.00;0.0;ARPEGE
pont_de_chavanay;AROMEIFS;2026-10-13T14:00;ARPEGE;4.80;11.10;50.0;20.4;0.00;1.0;ARPEGE
pont_de_chavanay;AROMEIFS;2026-10-13T15:00;ARPEGE;5.80;12.40;45.0;21.5;0.00;3.0;ARPEGE
pont_de_chavanay;AROMEIFS;2026-10-13T16:00;ARPEGE;6.30;13.20;40.0;21.9;0.00;2.0;ARPEGE
pont_de_chavanay;AROMEIFS;2026-10-13T17:00;ARPEGE;6.20;13.20;32.0;21.7;0.00;12.0;ARPEGE
pont_de_chavanay;AROMEIFS;2026-10-13T18:00;ARPEGE;6.20;12.40;20.0;20.9;0.00;27.0;ARPEGE
pont_de_chavanay;AROMEIFS;2026-10-13T19:00;ARPEGE;5.40;11.50;13.0;19.3;0.00;14.0;ARPEGE
pont_de_chavanay;AROMEIFS;2026-10-13T20:00;ARPEGE;5.00;8.60;349.0;17.2;0.00;5.0;ARPEGE
pont_de_chavanay;AROMEIFS;2026-10-13T21:00;ARPEGE;5.40;7.80;358.0;16.0;0.00;0.0;ARPEGE
pont_de_chavanay;AROMEIFS;2026-10-13T22:00;ARPEGE;6.10;8.70;7.0;15.1;0.00;13.0;ARPEGE
pont_de_chavanay;AROMEIFS;2026-10-13T23:00;ARPEGE;6.00;8.90;21.0;14.6;0.00;82.0;ARPEGE
pont_de_chavanay;AROMEIFS;2026-10-14T00:00;ARPEGE;5.20;8.90;27.0;14.2;0.00;82.0;ARPEGE
pont_de_chavanay;AROMEIFS;2026-10-14T01:00;ARPEGE;5.20;8.00;31.0;13.9;0.00;65.0;ARPEGE
pont_de_chavanay;AROMEIFS;2026-10-14T02:00;ARPEGE;5.20;8.00;31.0;14.0;0.00;97.0;ARPEGE
pont_de_chavanay;AROMEIFS;2026-10-14T03:00;ARPEGE;5.10;8.20;23.0;14.2;0.00;87.0;ARPEGE
pont_de_chavanay;AROMEIFS;2026-10-14T04:00;ARPEGE;5.40;8.40;13.0;14.1;0.00;50.0;ARPEGE
pont_de_chavanay;AROMEIFS;2026-10-14T05:00;ARPEGE;6.60;10.30;24.0;13.8;0.00;78.0;ARPEGE
pont_de_chavanay;AROMEIFS;2026-10-14T06:00;ARPEGE;7.50;12.10;25.0;13.9;0.00;75.0;ARPEGE
pont_de_chavanay;AROMEIFS;2026-10-14T07:00;ARPEGE;6.90;12.40;40.0;13.6;0.00;11.0;ARPEGE
pont_de_chavanay;AROMEIFS;2026-10-14T08:00;ARPEGE;4.90;10.50;37.0;12.9;0.00;76.0;ARPEGE
pont_de_chavanay;AROMEIFS;2026-10-14T09:00;ARPEGE;3.60;6.80;45.0;13.6;0.00;43.0;ARPEGE
pont_de_chavanay;AROMEIFS;2026-10-14T10:00;ARPEGE;4.70;9.30;5.0;15.9;0.00;91.0;ARPEGE
pont_de_chavanay;AROMEIFS;2026-10-14T11:00;ARPEGE;8.20;15.60;352.0;18.4;0.00;91.0;ARPEGE
pont_de_chavanay;AROMEIFS;2026-10-14T12:00;ARPEGE;8.90;17.50;1.0;20.0;0.00;25.0;ARPEGE
pont_de_chavanay;AROMEIFS;2026-10-14T13:00;ARPEGE;8.90;18.10;11.0;21.2;0.00;18.0;ARPEGE
pont_de_chavanay;AROMEIFS;2026-10-14T14:00;ARPEGE;7.90;18.10;17.0;21.9;0.00;3.0;ARPEGE
pont_de_chavanay;AROMEIFS;2026-10-14T15:00;IFS;6.20;15.90;6.0;21.4;0.00;9.0;IFS
pont_de_chavanay;AROMEIFS;2026-10-14T16:00;IFS;5.80;15.60;11.0;21.5;0.00;3.0;IFS
pont_de_chavanay;AROMEIFS;2026-10-14T17:00;IFS;5.20;14.80;12.0;21.1;0.00;0.0;IFS
pont_de_chavanay;AROMEIFS;2026-10-14T18:00;IFS;3.90;14.00;4.0;19.8;0.00;0.0;IFS
pont_de_chavanay;AROMEIFS;2026-10-14T19:00;IFS;2.70;13.00;341.0;17.9;0.00;0.0;IFS
pont_de_chavanay;AROMEIFS;2026-10-14T20:00;IFS;2.10;11.70;309.0;16.4;0.00;0.0;IFS
pont_de_chavanay;AROMEIFS;2026-10-14T21:00;IFS;1.70;9.50;297.0;15.5;0.00;0.0;IFS
pont_de_chavanay;AROMEIFS;2026-10-14T22:00;IFS;1.30;7.00;293.0;14.8;0.00;0.0;IFS
pont_de_chavanay;AROMEIFS;2026-10-14T23:00;IFS;0.80;4.90;291.0;14.4;0.00;0.0;IFS
pont_de_chavanay;AROMEIFS;2026-10-15T00:00;IFS;0.70;3.70;286.0;14.1;0.00;1.0;IFS
pont_de_chavanay;AROMEIFS;2026-10-15T01:00;IFS;0.70;2.90;278.0;13.9;0.00;2.0;IFS
pont_de_chavanay;AROMEIFS;2026-10-15T02:00;IFS;0.70;2.30;278.0;13.6;0.00;2.0;IFS
pont_de_chavanay;AROMEIFS;2026-10-15T03:00;IFS;0.70;1.90;278.0;13.2;0.00;2.0;IFS
pont_de_chavanay;AROMEIFS;2026-10-15T04:00;IFS;0.70;1.70;278.0;12.7;0.00;1.0;IFS
pont_de_chavanay;AROMEIFS;2026-10-15T05:00;IFS;0.60;1.90;270.0;12.2;0.00;0.0;IFS
pont_de_chavanay;AROMEIFS;2026-10-15T06:00;IFS;0.60;2.30;239.0;11.8;0.00;0.0;IFS
pont_de_chavanay;AROMEIFS;2026-10-15T07:00;IFS;0.70;2.70;203.0;11.4;0.00;0.0;IFS
pont_de_chavanay;AROMEIFS;2026-10-15T08:00;IFS;1.10;3.70;185.0;11.6;0.00;0.0;IFS
pont_de_chavanay;AROMEIFS;2026-10-15T09:00;IFS;1.60;5.20;173.0;12.7;0.00;9.0;IFS
pont_de_chavanay;AROMEIFS;2026-10-15T10:00;IFS;2.20;7.00;165.0;14.2;0.00;21.0;IFS
pont_de_chavanay;AROMEIFS;2026-10-15T11:00;IFS;2.90;8.70;162.0;15.8;0.00;27.0;IFS
pont_de_chavanay;AROMEIFS;2026-10-15T12:00;IFS;3.40;10.30;162.0;17.2;0.00;22.0;IFS
pont_de_chavanay;AROMEIFS;2026-10-15T13:00;IFS;3.90;11.70;161.0;18.7;0.00;10.0;IFS
pont_de_chavanay;AROMEIFS;2026-10-15T14:00;IFS;4.50;12.80;162.0;19.8;0.00;2.0;IFS
pont_de_chavanay;AROMEIFS;2026-10-15T15:00;IFS;5.20;13.80;163.0;20.7;0.00;0.0;IFS
pont_de_chavanay;AROMEIFS;2026-10-15T16:00;IFS;6.00;14.60;164.0;21.3;0.00;0.0;IFS
pont_de_chavanay;AROMEIFS;2026-10-15T17:00;IFS;6.40;15.00;165.0;21.2;0.00;1.0;IFS
pont_de_chavanay;AROMEIFS;2026-10-15T18:00;IFS;6.30;15.20;168.0;20.0;0.00;1.0;IFS
pont_de_chavanay;AROMEIFS;2026-10-15T19:00;IFS;5.90;15.20;172.0;18.0;0.00;0.0;IFS
pont_de_chavanay;AROMEIFS;2026-10-15T20:00;IFS;5.30;14.80;178.0;16.4;0.00;0.0;IFS
pont_de_chavanay;AROMEIFS;2026-10-15T21:00;IFS;4.80;14.00;184.0;15.4;0.00;0.0;IFS
pont_de_chavanay;AROMEIFS;2026-10-15T22:00;IFS;4.30;13.00;191.0;14.7;0.00;0.0;IFS
pont_de_chavanay;AROMEIFS;2026-10-15T23:00;IFS;3.80;12.10;197.0;14.1;0.00;0.0;IFS
pont_de_chavanay;AROMEIFS;2026-10-16T00:00;IFS;3.50;11.10;186.0;14.0;0.00;0.0;IFS
pont_de_chavanay;AROMEIFS;2026-10-16T01:00;IFS;3.00;9.90;189.0;13.5;0.00;0.0;IFS
pont_de_chavanay;AROMEIFS;2026-10-16T02:00;IFS;2.60;9.10;191.0;13.1;0.00;0.0;IFS
pont_de_chavanay;AROMEIFS;2026-10-16T03:00;IFS;2.30;8.40;190.0;12.7;0.00;7.0;IFS
pont_de_chavanay;AROMEIFS;2026-10-16T04:00;IFS;2.10;7.80;185.0;12.2;0.00;19.0;IFS
pont_de_chavanay;AROMEIFS;2026-10-16T05:00;IFS;2.00;7.20;180.0;11.8;0.00;32.0;IFS
pont_de_chavanay;AROMEIFS;2026-10-16T06:00;IFS;2.00;6.80;174.0;11.6;0.00;44.0;IFS
pont_de_chavanay;AROMEIFS;2026-10-16T07:00;IFS;1.90;6.60;165.0;11.6;0.00;53.0;IFS
pont_de_chavanay;AROMEIFS;2026-10-16T08:00;IFS;1.80;6.40;158.0;12.0;0.00;57.0;IFS
pont_de_chavanay;AROMEIFS;2026-10-16T09:00;IFS;1.60;6.40;147.0;12.9;0.00;53.0;IFS
pont_de_chavanay;AROMEIFS;2026-10-16T10:00;IFS;1.60;6.80;133.0;14.4;0.00;43.0;IFS
pont_de_chavanay;AROMEIFS;2026-10-16T11:00;IFS;1.60;7.00;120.0;16.1;0.00;30.0;IFS
pont_de_chavanay;AROMEIFS;2026-10-16T12:00;IFS;1.60;7.60;104.0;17.8;0.00;16.0;IFS
pont_de_chavanay;AROMEIFS;2026-10-16T13:00;IFS;1.70;8.20;93.0;19.2;0.00;6.0;IFS
pont_de_chavanay;AROMEIFS;2026-10-16T14:00;IFS;1.70;8.70;80.0;19.9;0.00;2.0;IFS
pont_de_chavanay;AROMEIFS;2026-10-16T15:00;IFS;1.60;9.50;68.0;19.9;0.10;5.0;IFS
pont_de_chavanay;AROMEIFS;2026-10-16T16:00;IFS;1.50;10.30;50.0;19.4;0.10;14.0;IFS
pont_de_chavanay;AROMEIFS;2026-10-16T17:00;IFS;1.50;11.30;32.0;18.5;0.10;25.0;IFS
pont_de_chavanay;AROMEIFS;2026-10-16T18:00;IFS;1.70;12.10;10.0;17.5;0.10;38.0;IFS
pont_de_chavanay;AROMEIFS;2026-10-16T19:00;IFS;2.10;13.00;355.0;16.5;0.10;50.0;IFS
pont_de_chavanay;AROMEIFS;2026-10-16T20:00;IFS;2.70;14.00;343.0;15.8;0.10;59.0;IFS
pont_de_chavanay;AROMEIFS;2026-10-16T21:00;IFS;3.70;15.00;337.0;15.4;0.00;66.0;IFS
pont_de_chavanay;AROMEIFS;2026-10-16T22:00;IFS;4.90;15.90;331.0;15.0;0.00;71.0;IFS
pont_de_chavanay;AROMEIFS;2026-10-16T23:00;IFS;6.20;16.90;328.0;14.8;0.00;76.0;IFS
pont_de_chavanay;AROMEIFS;2026-10-17T00:00;IFS;7.50;17.70;326.0;14.5;0.00;80.0;IFS
pont_de_chavanay;AROMEIFS;2026-10-17T01:00;IFS;8.70;18.70;325.0;14.2;0.00;83.0;IFS
pont_de_chavanay;AROMEIFS;2026-10-17T02:00;IFS;9.40;19.40;325.0;13.9;0.00;86.0;IFS
pont_de_chavanay;AROMEIFS;2026-10-17T03:00;IFS;9.90;20.20;327.0;13.4;0.00;88.0;IFS
pont_de_chavanay;AROMEIFS;2026-10-17T04:00;IFS;10.20;20.80;328.0;12.9;0.00;88.0;IFS
pont_de_chavanay;AROMEIFS;2026-10-17T05:00;IFS;10.10;21.40;331.0;12.4;0.00;88.0;IFS
pont_de_chavanay;AROMEIFS;2026-10-17T06:00;IFS;10.10;22.00;333.0;11.9;0.00;87.0;IFS
pont_de_chavanay;AROMEIFS;2026-10-17T07:00;IFS;10.20;22.50;336.0;11.5;0.00;87.0;IFS
pont_de_chavanay;AROMEIFS;2026-10-17T08:00;IFS;10.30;23.10;339.0;11.3;0.00;87.0;IFS
pont_de_chavanay;AROMEIFS;2026-10-17T09:00;IFS;10.60;23.90;342.0;11.4;0.00;88.0;IFS
pont_de_chavanay;AROMEIFS;2026-10-17T10:00;IFS;10.90;24.70;346.0;11.6;0.00;89.0;IFS
pont_de_chavanay;AROMEIFS;2026-10-17T11:00;IFS;11.40;25.50;349.0;12.0;0.00;90.0;IFS
pont_de_chavanay;AROMEIFS;2026-10-17T12:00;IFS;11.80;26.00;352.0;12.4;0.00;92.0;IFS
pont_de_chavanay;AROMEIFS;2026-10-17T13:00;IFS;12.10;26.80;354.0;12.7;0.00;93.0;IFS
pont_de_chavanay;AROMEIFS;2026-10-17T14:00;IFS;12.30;27.20;356.0;12.8;0.00;94.0;IFS
pont_de_chavanay;AROMEIFS;2026-10-17T15:00;IFS;12.20;27.40;356.0;12.7;0.00;95.0;IFS
pont_de_chavanay;AROMEIFS;2026-10-17T16:00;IFS;11.80;27.60;356.0;12.5;0.00;96.0;IFS
pont_de_chavanay;AROMEIFS;2026-10-17T17:00;IFS;11.30;27.80;355.0;12.2;0.00;98.0;IFS
pont_de_chavanay;AROMEIFS;2026-10-17T18:00;IFS;10.80;27.60;354.0;11.8;0.00;98.0;IFS
pont_de_chavanay;AROMEIFS;2026-10-17T19:00;IFS;10.40;27.40;352.0;11.5;0.00;99.0;IFS
pont_de_chavanay;AROMEIFS;2026-10-17T20:00;IFS;10.00;27.20;351.0;11.2;0.00;98.0;IFS
pont_de_chavanay;AROMEIFS;2026-10-17T21:00;IFS;9.90;26.80;349.0;10.9;0.00;96.0;IFS
pont_de_chavanay;AROMEIFS;2026-10-17T22:00;IFS;9.90;26.20;347.0;10.5;0.00;92.0;IFS
pont_de_chavanay;AROMEIFS;2026-10-17T23:00;IFS;9.90;25.50;345.0;10.2;0.00;87.0;IFS
pont_de_chavanay;AROMEIFS;2026-10-18T00:00;IFS;10.00;24.70;342.0;9.8;0.00;83.0;IFS
pont_de_chavanay;AROMEIFS;2026-10-18T01:00;IFS;10.00;24.10;341.0;9.6;0.00;80.0;IFS
pont_de_chavanay;AROMEIFS;2026-10-18T02:00;IFS;9.90;23.50;340.0;9.4;0.00;79.0;IFS
pont_de_chavanay;AROMEIFS;2026-10-18T03:00;IFS;9.80;23.10;340.0;9.3;0.00;80.0;IFS
pont_de_chavanay;AROMEIFS;2026-10-18T04:00;IFS;9.50;22.70;342.0;9.3;0.00;84.0;IFS
pont_de_chavanay;AROMEIFS;2026-10-18T05:00;IFS;9.30;22.50;343.0;9.3;0.00;88.0;IFS
pont_de_chavanay;AROMEIFS;2026-10-18T06:00;IFS;9.10;22.40;345.0;9.4;0.00;93.0;IFS
pont_de_chavanay;AROMEIFS;2026-10-18T07:00;IFS;8.90;22.20;347.0;9.5;0.00;97.0;IFS
pont_de_chavanay;AROMEIFS;2026-10-18T08:00;IFS;8.50;22.00;348.0;9.6;0.00;100.0;IFS
pont_de_chavanay;AROMEIFS;2026-10-18T09:00;IFS;8.20;21.80;348.0;9.7;0.50;100.0;IFS
pont_de_chavanay;AROMEIFS;2026-10-18T10:00;IFS;7.80;21.80;349.0;9.9;0.50;100.0;IFS
pont_de_chavanay;AROMEIFS;2026-10-18T11:00;IFS;7.50;21.60;348.0;10.0;0.50;100.0;IFS
pont_de_chavanay;AROMEIFS;2026-10-18T12:00;IFS;7.10;21.40;347.0;10.1;0.50;100.0;IFS
pont_de_chavanay;AROMEIFS;2026-10-18T13:00;IFS;6.60;21.20;346.0;10.2;0.50;100.0;IFS
pont_de_chavanay;AROMEIFS;2026-10-18T14:00;IFS;6.20;20.60;346.0;10.3;0.50;100.0;IFS
pont_de_chavanay;AROMEIFS;2026-10-18T15:00;IFS;5.80;19.80;345.0;10.4;0.50;100.0;IFS
pont_de_chavanay;AROMEIFS;2026-10-18T16:00;IFS;5.50;18.90;343.0;10.4;0.50;100.0;IFS
pont_de_chavanay;AROMEIFS;2026-10-18T17:00;IFS;5.10;17.70;342.0;10.4;0.50;100.0;IFS
pont_de_chavanay;AROMEIFS;2026-10-18T18:00;IFS;4.70;16.50;342.0;10.4;0.50;99.0;IFS
pont_de_chavanay;AROMEIFS;2026-10-18T19:00;IFS;4.30;15.40;340.0;10.4;0.50;99.0;IFS
pont_de_chavanay;AROMEIFS;2026-10-18T20:00;IFS;4.00;14.20;338.0;10.3;0.50;98.0;IFS
pont_de_chavanay;AROMEIFS;2026-10-18T21:00;IFS;3.60;13.00;336.0;10.2;0.00;97.0;IFS
pont_de_chavanay;AROMEIFS;2026-10-18T22:00;IFS;3.20;12.10;335.0;10.0;0.00;95.0;IFS
pont_de_chavanay;AROMEIFS;2026-10-18T23:00;IFS;2.90;10.90;332.0;9.8;0.00;93.0;IFS
pont_de_chavanay;AROMEIFS;2026-10-19T00:00;IFS;2.60;9.90;329.0;9.6;0.00;91.0;IFS
pont_de_chavanay;AROMEIFS;2026-10-19T01:00;IFS;2.30;8.90;327.0;9.4;0.00;89.0;IFS
pont_de_chavanay;AROMEIFS;2026-10-19T02:00;IFS;2.10;8.20;326.0;9.1;0.00;89.0;IFS
pont_de_chavanay;AROMEIFS;2026-10-19T03:00;IFS;2.00;7.60;327.0;8.6;0.00;91.0;IFS
pont_de_chavanay;AROMEIFS;2026-10-19T04:00;IFS;1.80;6.80;328.0;7.9;0.00;94.0;IFS
pont_de_chavanay;AROMEIFS;2026-10-19T05:00;IFS;1.70;6.40;329.0;7.2;0.00;99.0;IFS
pont_de_chavanay;AROMEIFS;2026-10-19T06:00;IFS;1.70;6.00;336.0;6.6;0.00;100.0;IFS
pont_de_chavanay;AROMEIFS;2026-10-19T07:00;IFS;1.80;6.20;344.0;6.4;0.00;100.0;IFS
pont_de_chavanay;AROMEIFS;2026-10-19T08:00;IFS;2.10;6.60;355.0;6.6;0.00;100.0;IFS
pont_de_chavanay;AROMEIFS;2026-10-19T09:00;IFS;2.60;7.80;6.0;7.5;0.00;91.0;IFS
pont_de_chavanay;AROMEIFS;2026-10-19T10:00;IFS;3.60;9.50;16.0;9.0;0.00;77.0;IFS
pont_de_chavanay;AROMEIFS;2026-10-19T11:00;IFS;4.80;11.70;20.0;10.9;0.00;61.0;IFS
pont_de_chavanay;AROMEIFS;2026-10-19T12:00;IFS;5.80;13.80;24.0;12.7;0.00;45.0;IFS
pont_de_chavanay;AROMEIFS;2026-10-19T13:00;IFS;6.70;15.60;25.0;14.2;0.00;32.0;IFS
pont_de_chavanay;AROMEIFS;2026-10-19T14:00;IFS;7.10;16.90;24.0;15.1;0.00;24.0;IFS
pont_de_chavanay;AROMEIFS;2026-10-19T15:00;IFS;7.00;17.70;22.0;15.3;0.00;23.0;IFS
pont_de_chavanay;AROMEIFS;2026-10-19T16:00;IFS;6.50;18.10;17.0;15.0;0.00;27.0;IFS
pont_de_chavanay;AROMEIFS;2026-10-19T17:00;IFS;5.80;18.30;11.0;14.3;0.00;34.0;IFS
pont_de_chavanay;AROMEIFS;2026-10-19T18:00;IFS;5.20;18.30;2.0;13.5;0.00;41.0;IFS
pont_de_chavanay;AROMEIFS;2026-10-19T19:00;IFS;4.70;17.90;353.0;12.7;0.00;46.0;IFS
pont_de_chavanay;AROMEIFS;2026-10-19T20:00;IFS;4.50;17.50;347.0;12.1;0.00;47.0;IFS
pont_de_chavanay;AROMEIFS;2026-10-19T21:00;IFS;4.40;16.70;347.0;11.7;0.00;43.0;IFS
pont_de_chavanay;AROMEIFS;2026-10-19T22:00;IFS;4.30;15.40;350.0;11.2;0.00;34.0;IFS
pont_de_chavanay;AROMEIFS;2026-10-19T23:00;IFS;4.40;13.80;354.0;10.8;0.00;24.0;IFS
pont_de_chavanay;AROMEIFS;2026-10-20T00:00;IFS;4.50;12.20;359.0;10.4;0.00;14.0;IFS
pont_de_chavanay;AROMEIFS;2026-10-20T01:00;IFS;4.50;11.10;4.0;10.0;0.00;6.0;IFS
pont_de_chavanay;AROMEIFS;2026-10-20T02:00;IFS;4.40;10.50;5.0;9.5;0.00;2.0;IFS
pont_de_chavanay;AROMEIFS;2026-10-20T03:00;IFS;4.10;10.50;4.0;8.9;0.00;3.0;IFS
pont_de_chavanay;AROMEIFS;2026-10-20T04:00;IFS;3.60;10.90;360.0;8.2;0.00;6.0;IFS
pont_de_chavanay;AROMEIFS;2026-10-20T05:00;IFS;3.10;11.50;353.0;7.5;0.00;12.0;IFS
pont_de_chavanay;AROMEIFS;2026-10-20T06:00;IFS;2.70;12.40;343.0;6.9;0.00;19.0;IFS
pont_de_chavanay;AROMEIFS;2026-10-20T07:00;IFS;2.70;13.20;336.0;6.6;0.00;27.0;IFS
pont_de_chavanay;AROMEIFS;2026-10-20T08:00;IFS;2.70;14.20;337.0;6.7;0.00;34.0;IFS
pont_de_chavanay;AROMEIFS;2026-10-20T09:00;IFS;3.20;15.20;346.0;7.6;0.00;42.0;IFS
pont_de_chavanay;AROMEIFS;2026-10-20T10:00;IFS;4.10;16.30;357.0;9.0;0.00;52.0;IFS
pont_de_chavanay;AROMEIFS;2026-10-20T11:00;IFS;5.40;17.70;5.0;10.7;0.00;62.0;IFS
pont_de_chavanay;AROMEIFS;2026-10-20T12:00;IFS;6.70;18.90;10.0;12.4;0.00;72.0;IFS
pont_de_chavanay;AROMEIFS;2026-10-20T13:00;IFS;7.90;19.80;12.0;13.9;0.00;81.0;IFS
pont_de_chavanay;AROMEIFS;2026-10-20T14:00;IFS;8.50;20.60;12.0;14.8;0.00;87.0;IFS
pont_de_chavanay;AROMEIFS;2026-10-20T15:00;IFS;8.80;21.00;9.0;15.1;0.00;91.0;IFS
pont_de_chavanay;AROMEIFS;2026-10-20T16:00;IFS;8.80;21.20;4.0;14.9;0.00;93.0;IFS
pont_de_chavanay;AROMEIFS;2026-10-20T17:00;IFS;8.70;21.00;359.0;14.6;0.00;94.0;IFS
pont_de_chavanay;AROMEIFS;2026-10-20T18:00;IFS;8.50;20.80;352.0;14.0;0.00;94.0;IFS
pont_de_chavanay;AROMEIFS;2026-10-20T19:00;IFS;8.60;20.80;346.0;13.5;0.00;95.0;IFS
pont_de_chavanay;AROMEIFS;2026-10-20T20:00;IFS;8.60;20.80;343.0;13.0;0.00;95.0;IFS
pont_de_chavanay;AROMEIFS;2026-10-20T21:00;IFS;8.80;21.00;342.0;12.5;0.00;96.0;IFS
pont_de_chavanay;AROMEIFS;2026-10-20T22:00;IFS;8.90;21.20;342.0;12.1;0.00;97.0;IFS
pont_de_chavanay;AROMEIFS;2026-10-20T23:00;IFS;9.10;21.60;343.0;11.5;0.00;97.0;IFS
pont_de_chavanay;AROMEIFS;2026-10-21T00:00;IFS;9.10;21.80;343.0;11.0;0.00;98.0;IFS
pont_de_chavanay;AROMEIFS;2026-10-21T01:00;IFS;9.20;22.00;345.0;10.5;0.00;98.0;IFS
pont_de_chavanay;AROMEIFS;2026-10-21T02:00;IFS;9.00;22.00;346.0;10.1;0.00;97.0;IFS
pont_de_chavanay;AROMEIFS;2026-10-21T03:00;IFS;8.80;21.80;347.0;9.6;0.00;96.0;IFS
pont_de_chavanay;AROMEIFS;2026-10-21T04:00;IFS;8.40;21.60;348.0;9.0;0.00;96.0;IFS
pont_de_chavanay;AROMEIFS;2026-10-21T05:00;IFS;8.00;21.20;350.0;8.5;0.00;95.0;IFS
pont_de_chavanay;AROMEIFS;2026-10-21T06:00;IFS;7.60;20.80;351.0;8.1;0.00;94.0;IFS
pont_de_chavanay;AROMEIFS;2026-10-21T07:00;IFS;7.10;20.60;353.0;7.9;0.00;90.0;IFS
pont_de_chavanay;AROMEIFS;2026-10-21T08:00;IFS;6.70;20.40;355.0;8.1;0.00;84.0;IFS
pont_de_chavanay;AROMEIFS;2026-10-21T09:00;IFS;6.40;20.60;357.0;8.8;0.00;74.0;IFS
pont_de_chavanay;AROMEIFS;2026-10-21T10:00;IFS;6.10;21.00;1.0;10.0;0.00;61.0;IFS
pont_de_chavanay;AROMEIFS;2026-10-21T11:00;IFS;5.90;21.60;5.0;11.5;0.00;46.0;IFS
pont_de_chavanay;AROMEIFS;2026-10-21T12:00;IFS;5.60;22.00;8.0;12.9;0.00;31.0;IFS
pont_de_chavanay;AROMEIFS;2026-10-21T13:00;IFS;5.20;22.20;11.0;14.1;0.00;17.0;IFS
pont_de_chavanay;AROMEIFS;2026-10-21T14:00;IFS;4.90;21.80;12.0;14.6;0.00;8.0;IFS
pont_de_chavanay;AROMEIFS;2026-10-21T15:00;IFS;4.30;20.80;11.0;14.5;0.00;3.0;IFS
pont_de_chavanay;AROMEIFS;2026-10-21T16:00;IFS;3.50;19.60;6.0;13.9;0.00;0.0;IFS
pont_de_chavanay;AROMEIFS;2026-10-21T17:00;IFS;2.80;17.90;356.0;13.0;0.00;0.0;IFS
pont_de_chavanay;AROMEIFS;2026-10-21T18:00;IFS;2.20;16.10;342.0;12.0;0.00;0.0;IFS
pont_de_chavanay;AROMEIFS;2026-10-21T19:00;IFS;1.90;14.40;323.0;11.0;0.00;0.0;IFS
pont_de_chavanay;AROMEIFS;2026-10-21T20:00;IFS;1.70;12.80;308.0;10.2;0.00;0.0;IFS
pont_de_chavanay;AROMEIFS;2026-10-21T21:00;IFS;1.60;11.30;300.0;9.6;0.00;0.0;IFS
pont_de_chavanay;AROMEIFS;2026-10-21T22:00;IFS;1.40;9.50;300.0;9.0;0.00;0.0;IFS
pont_de_chavanay;AROMEIFS;2026-10-21T23:00;IFS;1.10;7.80;304.0;8.5;0.00;0.0;IFS
pont_de_chavanay;AROMEIFS;2026-10-22T00:00;IFS;0.80;6.20;320.0;8.1;0.00;0.0;IFS
pont_de_chavanay;AROMEIFS;2026-10-22T01:00;IFS;0.70;5.10;344.0;7.6;0.00;0.0;IFS
pont_de_chavanay;AROMEIFS;2026-10-22T02:00;IFS;0.80;4.10;353.0;7.2;0.00;0.0;IFS
pont_de_chavanay;AROMEIFS;2026-10-22T03:00;IFS;1.00;3.70;354.0;6.8;0.00;0.0;IFS
pont_de_chavanay;AROMEIFS;2026-10-22T04:00;IFS;1.30;3.70;347.0;6.2;0.00;0.0;IFS
pont_de_chavanay;AROMEIFS;2026-10-22T05:00;IFS;1.70;3.90;339.0;5.6;0.00;0.0;IFS
pont_de_chavanay;AROMEIFS;2026-10-22T06:00;IFS;2.00;4.30;337.0;5.3;0.00;0.0;IFS
pont_de_chavanay;AROMEIFS;2026-10-22T07:00;IFS;2.30;4.90;338.0;5.2;0.00;0.0;IFS
pont_de_chavanay;AROMEIFS;2026-10-22T08:00;IFS;2.40;5.20;341.0;5.6;0.00;0.0;IFS
pont_de_chavanay;AROMEIFS;2026-10-22T09:00;IFS;2.20;5.60;350.0;6.6;0.00;0.0;IFS
pont_de_chavanay;AROMEIFS;2026-10-22T10:00;IFS;2.00;6.40;6.0;8.3;0.00;0.0;IFS
pont_de_chavanay;AROMEIFS;2026-10-22T11:00;IFS;1.80;7.00;29.0;10.3;0.00;0.0;IFS
pont_de_chavanay;AROMEIFS;2026-10-22T12:00;IFS;2.00;7.80;51.0;12.2;0.00;0.0;IFS
pont_de_chavanay;AROMEIFS;2026-10-22T13:00;IFS;2.20;8.40;63.0;13.8;0.00;0.0;IFS
pont_de_chavanay;AROMEIFS;2026-10-22T14:00;IFS;2.30;8.70;68.0;14.7;0.00;0.0;IFS
pont_de_chavanay;AROMEIFS;2026-10-22T15:00;IFS;2.00;9.10;65.0;14.7;0.00;0.0;IFS
pont_de_chavanay;AROMEIFS;2026-10-22T16:00;IFS;1.70;9.30;50.0;14.3;0.00;0.0;IFS
pont_de_chavanay;AROMEIFS;2026-10-22T17:00;IFS;1.40;9.50;21.0;13.4;0.00;0.0;IFS
pont_de_chavanay;AROMEIFS;2026-10-22T18:00;IFS;1.60;9.50;346.0;12.4;0.00;0.0;IFS
pont_de_chavanay;AROMEIFS;2026-10-22T19:00;IFS;2.10;9.30;329.0;11.4;0.00;0.0;IFS
pont_de_chavanay;AROMEIFS;2026-10-22T20:00;IFS;2.40;9.10;322.0;10.6;0.00;0.0;IFS
pont_de_chavanay;AROMEIFS;2026-10-22T21:00;IFS;2.50;8.60;321.0;10.0;0.00;0.0;IFS
pont_de_chavanay;AROMEIFS;2026-10-22T22:00;IFS;2.40;7.80;325.0;9.5;0.00;1.0;IFS
pont_de_chavanay;AROMEIFS;2026-10-22T23:00;IFS;2.30;7.00;329.0;9.0;0.00;1.0;IFS
pont_de_chavanay;AROMEIFS;2026-10-23T00:00;IFS;2.10;6.00;336.0;8.5;0.00;2.0;IFS
pont_de_chavanay;AROMEIFS;2026-10-23T01:00;IFS;1.90;5.20;342.0;8.0;0.00;2.0;IFS
pont_de_chavanay;AROMEIFS;2026-10-23T02:00;IFS;1.90;4.70;348.0;7.6;0.00;2.0;IFS
pont_de_chavanay;AROMEIFS;2026-10-23T03:00;IFS;1.90;4.30;348.0;7.2;0.00;2.0;IFS
pont_de_chavanay;AROMEIFS;2026-10-23T04:00;IFS;1.80;4.10;347.0;6.6;0.00;2.0;IFS
pont_de_chavanay;AROMEIFS;2026-10-23T05:00;IFS;1.80;3.90;344.0;6.2;0.00;1.0;IFS
pont_de_chavanay;AROMEIFS;2026-10-23T06:00;IFS;1.80;3.90;342.0;5.8;0.00;1.0;IFS
pont_de_chavanay;AROMEIFS;2026-10-23T07:00;IFS;1.80;4.10;341.0;5.8;0.00;0.0;IFS
pont_de_chavanay;AROMEIFS;2026-10-23T08:00;IFS;1.70;4.30;344.0;6.2;0.00;0.0;IFS
pont_de_chavanay;AROMEIFS;2026-10-23T09:00;IFS;1.70;4.90;353.0;7.3;0.00;0.0;IFS
pont_de_chavanay;AROMEIFS;2026-10-23T10:00;IFS;1.70;5.60;7.0;9.1;0.00;0.0;IFS
pont_de_chavanay;AROMEIFS;2026-10-23T11:00;IFS;1.90;6.40;24.0;11.1;0.00;0.0;IFS
pont_de_chavanay;AROMEIFS;2026-10-23T12:00;IFS;2.10;7.40;34.0;13.1;0.00;0.0;IFS
pont_de_chavanay;AROMEIFS;2026-10-23T13:00;IFS;2.30;8.20;42.0;14.7;0.00;0.0;IFS
pont_de_chavanay;AROMEIFS;2026-10-23T14:00;IFS;2.40;8.70;43.0;15.6;0.00;0.0;IFS
pont_de_chavanay;AROMEIFS;2026-10-23T15:00;IFS;2.30;9.10;40.0;15.7;0.00;1.0;IFS
pont_de_chavanay;AROMEIFS;2026-10-23T16:00;IFS;2.00;9.30;29.0;15.2;0.00;2.0;IFS
pont_de_chavanay;AROMEIFS;2026-10-23T17:00;IFS;1.70;9.50;13.0;14.4;0.00;3.0;IFS
pont_de_chavanay;AROMEIFS;2026-10-23T18:00;IFS;1.70;9.50;353.0;13.3;0.00;4.0;IFS
pont_de_chavanay;AROMEIFS;2026-10-23T19:00;IFS;1.70;9.30;336.0;12.3;0.00;5.0;IFS
pont_de_chavanay;AROMEIFS;2026-10-23T20:00;IFS;1.80;8.90;326.0;11.6;0.00;5.0;IFS
pont_de_chavanay;AROMEIFS;2026-10-23T21:00;IFS;1.60;8.40;322.0;11.0;0.00;5.0;IFS
pont_de_chavanay;AROMEIFS;2026-10-23T22:00;IFS;1.40;7.40;321.0;10.5;0.00;4.0;IFS
pont_de_chavanay;AROMEIFS;2026-10-23T23:00;IFS;1.10;6.40;322.0;10.0;0.00;3.0;IFS
pont_de_chavanay;AROMEIFS;2026-10-24T00:00;IFS;0.80;5.40;330.0;9.5;0.00;2.0;IFS
pont_de_chavanay;AROMEIFS;2026-10-24T01:00;IFS;0.50;4.50;338.0;9.0;0.00;1.0;IFS
pont_de_chavanay;AROMEIFS;2026-10-24T02:00;IFS;0.40;3.70;360.0;8.6;0.00;0.0;IFS
pont_de_chavanay;AROMEIFS;2026-10-24T03:00;IFS;0.40;3.10;14.0;8.0;0.00;0.0;IFS
pont_de_chavanay;AROMEIFS;2026-10-24T04:00;IFS;0.40;2.50;14.0;7.4;0.00;0.0;IFS
pont_de_chavanay;AROMEIFS;2026-10-24T05:00;IFS;0.50;2.10;360.0;6.7;0.00;0.0;IFS
pont_de_chavanay;AROMEIFS;2026-10-24T06:00;IFS;0.60;1.70;360.0;6.3;0.00;0.0;IFS
pont_de_chavanay;AROMEIFS;2026-10-24T07:00;IFS;0.70;1.70;360.0;6.2;0.00;0.0;IFS
pont_de_chavanay;AROMEIFS;2026-10-24T08:00;IFS;0.80;1.90;7.0;6.5;0.00;0.0;IFS
pont_de_chavanay;AROMEIFS;2026-10-24T09:00;IFS;0.90;2.50;18.0;7.6;0.00;0.0;IFS
pont_de_chavanay;AROMEIFS;2026-10-24T10:00;IFS;1.10;3.70;31.0;9.5;0.00;0.0;IFS
pont_de_chavanay;AROMEIFS;2026-10-24T11:00;IFS;1.40;4.90;39.0;11.6;0.00;0.0;IFS
pont_de_chavanay;AROMEIFS;2026-10-24T12:00;IFS;1.60;6.20;45.0;13.7;0.00;0.0;IFS
pont_de_chavanay;AROMEIFS;2026-10-24T13:00;IFS;1.90;7.40;47.0;15.4;0.00;0.0;IFS
pont_de_chavanay;AROMEIFS;2026-10-24T14:00;IFS;1.90;8.20;45.0;16.4;0.00;0.0;IFS
pont_de_chavanay;AROMEIFS;2026-10-24T15:00;IFS;1.80;8.60;36.0;16.4;0.00;0.0;IFS
pont_de_chavanay;AROMEIFS;2026-10-24T16:00;IFS;1.70;8.90;21.0;15.8;0.00;0.0;IFS
pont_de_chavanay;AROMEIFS;2026-10-24T17:00;IFS;1.70;9.10;360.0;14.8;0.00;0.0;IFS
pont_de_chavanay;AROMEIFS;2026-10-24T18:00;IFS;1.80;9.10;342.0;13.6;0.00;0.0;IFS
pont_de_chavanay;AROMEIFS;2026-10-24T19:00;IFS;2.10;8.90;330.0;12.5;0.00;0.0;IFS
pont_de_chavanay;AROMEIFS;2026-10-24T20:00;IFS;2.30;8.70;324.0;11.6;0.00;0.0;IFS
pont_de_chavanay;AROMEIFS;2026-10-24T21:00;IFS;2.30;8.40;320.0;10.9;0.00;0.0;IFS
pont_de_chavanay;AROMEIFS;2026-10-24T22:00;IFS;2.10;7.80;321.0;10.2;0.00;0.0;IFS
pont_de_chavanay;AROMEIFS;2026-10-24T23:00;IFS;1.90;7.20;319.0;9.5;0.00;0.0;IFS
pont_de_chavanay;AROMEIFS;2026-10-25T00:00;IFS;1.70;6.40;320.0;8.9;0.00;0.0;IFS
pont_de_chavanay;AROMEIFS;2026-10-25T01:00;IFS;1.40;5.80;321.0;8.4;0.00;0.0;IFS
pont_de_chavanay;AROMEIFS;2026-10-25T02:00;IFS;1.20;5.40;321.0;8.0;0.00;0.0;IFS
portes_les_valence;AROMEIFS;2026-10-10T00:00;AROMEHD;7.00;13.80;3.0;12.8;0.00;25.0;AROMEHD
portes_les_valence;AROMEIFS;2026-10-10T01:00;AROMEHD;7.00;12.10;360.0;13.1;0.00;100.0;AROMEHD
portes_les_valence;AROMEIFS;2026-10-10T02:00;AROMEHD;6.50;12.80;9.0;13.5;0.00;34.0;AROMEHD
portes_les_valence;AROMEIFS;2026-10-10T03:00;AROMEHD;5.80;10.90;346.0;12.9;0.00;91.0;AROMEHD
portes_les_valence;AROMEIFS;2026-10-10T04:00;AROMEHD;7.00;11.70;354.0;13.4;0.00;69.0;AROMEHD
portes_les_valence;AROMEIFS;2026-10-10T05:00;AROMEHD;6.90;13.40;342.0;13.8;0.00;75.0;AROMEHD
portes_les_valence;AROMEIFS;2026-10-10T06:00;AROMEHD;5.80;11.90;339.0;13.5;0.00;59.0;AROMEHD
portes_les_valence;AROMEIFS;2026-10-10T07:00;AROMEHD;5.70;10.70;356.0;13.6;0.00;35.0;AROMEHD
portes_les_valence;AROMEIFS;2026-10-10T08:00;AROMEHD;6.80;10.50;7.0;13.4;0.00;94.0;AROMEHD
portes_les_valence;AROMEIFS;2026-10-10T09:00;AROMEHD;5.30;11.10;352.0;13.8;0.00;18.0;AROMEHD
portes_les_valence;AROMEIFS;2026-10-10T10:00;AROMEHD;7.00;12.40;358.0;15.4;0.00;0.0;AROMEHD
portes_les_valence;AROMEIFS;2026-10-10T11:00;AROMEHD;7.00;13.20;5.0;16.3;0.00;0.0;AROMEHD
portes_les_valence;AROMEIFS;2026-10-10T12:00;AROMEHD;7.00;13.00;3.0;17.2;0.00;0.0;AROMEHD
portes_les_valence;AROMEIFS;2026-10-10T13:00;AROMEHD;6.90;12.60;10.0;18.5;0.00;35.0;AROMEHD
portes_les_valence;AROMEIFS;2026-10-10T14:00;AROMEHD;7.80;14.00;4.0;18.5;0.00;77.0;AROMEHD
portes_les_valence;AROMEIFS;2026-10-10T15:00;AROMEHD;8.10;15.00;21.0;19.0;0.00;21.0;AROMEHD
portes_les_valence;AROMEIFS;2026-10-10T16:00;AROMEHD;7.40;14.60;20.0;19.4;0.00;34.0;AROMEHD
portes_les_valence;AROMEIFS;2026-10-10T17:00;AROMEHD;6.50;13.60;21.0;19.3;0.00;100.0;AROMEHD
portes_les_valence;AROMEIFS;2026-10-10T18:00;AROMEHD;6.30;12.40;9.0;18.4;0.00;0.0;AROMEHD
portes_les_valence;AROMEIFS;2026-10-10T19:00;AROMEHD;4.60;10.90;345.0;17.1;0.00;0.0;AROMEHD
portes_les_valence;AROMEIFS;2026-10-10T20:00;AROMEHD;4.60;8.70;340.0;15.9;0.00;0.0;AROMEHD
portes_les_valence;AROMEIFS;2026-10-10T21:00;AROMEHD;5.10;7.60;337.0;15.5;0.00;100.0;AROMEHD
portes_les_valence;AROMEIFS;2026-10-10T22:00;AROMEHD;8.10;21.60;11.0;15.4;0.30;100.0;AROMEHD
portes_les_valence;AROMEIFS;2026-10-10T23:00;AROMEHD;7.60;14.60;13.0;15.0;0.00;100.0;AROMEHD
portes_les_valence;AROMEIFS;2026-10-11T00:00;AROMEHD;8.80;15.20;3.0;14.0;0.00;0.0;AROMEHD
portes_les_valence;AROMEIFS;2026-10-11T01:00;AROMEHD;9.50;16.10;359.0;13.4;0.00;0.0;AROMEHD
portes_les_valence;AROMEIFS;2026-10-11T02:00;AROMEHD;9.30;16.70;1.0;13.0;0.00;0.0;AROMEHD
portes_les_valence;AROMEIFS;2026-10-11T03:00;AROMEHD;9.50;16.50;359.0;12.8;0.00;0.0;AROMEHD
portes_les_valence;AROMEIFS;2026-10-11T04:00;AROMEHD;8.60;16.30;1.0;12.6;0.00;24.5;AROMEHD
portes_les_valence;AROMEIFS;2026-10-11T05:00;AROMEHD;7.30;14.80;17.0;12.1;0.00;25.0;AROMEHD
portes_les_valence;AROMEIFS;2026-10-11T06:00;AROMEHD;6.00;12.20;19.0;11.5;0.00;25.0;AROMEHD
portes_les_valence;AROMEIFS;2026-10-11T07:00;AROMEHD;7.10;11.90;22.0;11.1;0.00;0.0;AROMEHD
portes_les_valence;AROMEIFS;2026-10-11T08:00;AROMEHD;8.40;14.20;18.0;10.5;0.00;9.8;AROMEHD
portes_les_valence;AROMEIFS;2026-10-11T09:00;AROMEHD;8.70;15.20;16.0;11.1;0.00;23.0;AROMEHD
portes_les_valence;AROMEIFS;2026-10-11T10:00;AROMEHD;9.90;17.30;20.0;12.3;0.00;1.2;AROMEHD
portes_les_valence;AROMEIFS;2026-10-11T11:00;AROMEHD;10.60;18.50;14.0;13.5;0.00;25.0;AROMEHD
portes_les_valence;AROMEIFS;2026-10-11T12:00;AROMEHD;12.00;21.00;7.0;15.0;0.00;5.2;AROMEHD
portes_les_valence;AROMEIFS;2026-10-11T13:00;AROMEHD;13.70;23.70;5.0;16.1;0.00;25.0;AROMEHD
portes_les_valence;AROMEIFS;2026-10-11T14:00;AROMEHD;15.00;26.00;4.0;16.8;0.00;25.0;AROMEHD
portes_les_valence;AROMEIFS;2026-10-11T15:00;AROMEHD;14.50;26.00;6.0;17.0;0.00;25.0;AROMEHD
portes_les_valence;AROMEIFS;2026-10-11T16:00;AROMEHD;13.60;25.30;9.0;17.1;0.00;25.0;AROMEHD
portes_les_valence;AROMEIFS;2026-10-11T17:00;AROMEHD;13.20;23.90;9.0;16.8;0.00;67.0;AROMEHD
portes_les_valence;AROMEIFS;2026-10-11T18:00;AROMEHD;12.40;23.10;13.0;16.3;0.00;100.0;AROMEHD
portes_les_valence;AROMEIFS;2026-10-11T19:00;AROMEHD;11.30;22.00;12.0;15.8;0.00;100.0;AROMEHD
portes_les_valence;AROMEIFS;2026-10-11T20:00;AROMEHD;10.50;19.80;4.0;14.8;0.00;40.0;AROMEHD
portes_les_valence;AROMEIFS;2026-10-11T21:00;AROMEHD;10.40;19.20;8.0;14.4;0.00;0.0;AROMEHD
portes_les_valence;AROMEIFS;2026-10-11T22:00;AROMEHD;9.70;18.50;15.0;13.7;0.00;0.0;AROMEHD
portes_les_valence;AROMEIFS;2026-10-11T23:00;AROMEHD;9.50;17.10;11.0;12.8;0.00;0.0;AROMEHD
portes_les_valence;AROMEIFS;2026-10-12T00:00;AROMEHD;9.60;17.10;14.0;12.3;0.00;0.0;AROMEHD
portes_les_valence;AROMEIFS;2026-10-12T01:00;AROMEHD;9.80;17.10;9.0;12.1;0.00;0.0;AROMEHD
portes_les_valence;AROMEIFS;2026-10-12T02:00;AROMEHD;8.50;16.90;12.0;11.6;0.00;0.0;AROMEHD
portes_les_valence;AROMEIFS;2026-10-12T03:00;AROMEHD;7.80;14.80;14.0;11.0;0.00;0.0;AROMEHD
portes_les_valence;AROMEIFS;2026-10-12T04:00;AROMEHD;8.70;14.80;16.0;10.8;0.00;0.0;AROMEHD
portes_les_valence;AROMEIFS;2026-10-12T05:00;AROMEHD;9.70;16.70;19.0;10.7;0.00;0.0;AROMEHD
portes_les_valence;AROMEIFS;2026-10-12T06:00;AROMEHD;10.20;17.70;13.0;10.5;0.00;0.0;AROMEHD
portes_les_valence;AROMEIFS;2026-10-12T07:00;AROMEHD;10.70;18.50;10.0;10.6;0.00;0.0;AROMEHD
portes_les_valence;AROMEIFS;2026-10-12T08:00;AROMEHD;10.60;18.50;13.0;10.6;0.00;0.0;AROMEHD
portes_les_valence;AROMEIFS;2026-10-12T09:00;AROMEHD;10.60;18.50;18.0;11.0;0.00;0.0;AROMEHD
portes_les_valence;AROMEIFS;2026-10-12T10:00;AROMEHD;11.60;20.60;17.0;12.4;0.00;0.0;AROMEHD
portes_les_valence;AROMEIFS;2026-10-12T11:00;AROMEHD;12.90;22.40;11.0;13.9;0.00;0.0;AROMEHD
portes_les_valence;AROMEIFS;2026-10-12T12:00;ARPEGE;13.70;24.10;5.0;15.2;0.00;6.0;ARPEGE
portes_les_valence;AROMEIFS;2026-10-12T13:00;ARPEGE;13.20;22.90;8.0;16.6;0.00;28.0;ARPEGE
portes_les_valence;AROMEIFS;2026-10-12T14:00;ARPEGE;12.60;22.20;10.0;17.8;0.00;43.0;ARPEGE
portes_les_valence;AROMEIFS;2026-10-12T15:00;ARPEGE;13.00;21.80;9.0;18.7;0.00;48.0;ARPEGE
portes_les_valence;AROMEIFS;2026-10-12T16:00;ARPEGE;12.60;21.80;8.0;19.0;0.00;31.0;ARPEGE
portes_les_valence;AROMEIFS;2026-10-12T17:00;ARPEGE;12.50;20.80;4.0;19.0;0.00;23.0;ARPEGE
portes_les_valence;AROMEIFS;2026-10-12T18:00;ARPEGE;11.90;20.20;1.0;18.3;0.00;35.0;ARPEGE
portes_les_valence;AROMEIFS;2026-10-12T19:00;ARPEGE;10.90;18.10;358.0;17.1;0.00;26.0;ARPEGE
portes_les_valence;AROMEIFS;2026-10-12T20:00;ARPEGE;9.70;16.50;359.0;15.8;0.00;19.0;ARPEGE
portes_les_valence;AROMEIFS;2026-10-12T21:00;ARPEGE;8.20;14.60;1.0;14.6;0.00;32.0;ARPEGE
portes_les_valence;AROMEIFS;2026-10-12T22:00;ARPEGE;7.70;11.70;351.0;13.7;0.00;19.0;ARPEGE
portes_les_valence;AROMEIFS;2026-10-12T23:00;ARPEGE;7.90;11.70;350.0;13.4;0.00;31.0;ARPEGE
portes_les_valence;AROMEIFS;2026-10-13T00:00;ARPEGE;7.40;11.70;357.0;13.0;0.00;40.0;ARPEGE
portes_les_valence;AROMEIFS;2026-10-13T01:00;ARPEGE;6.40;10.50;3.0;12.4;0.00;57.0;ARPEGE
portes_les_valence;AROMEIFS;2026-10-13T02:00;ARPEGE;6.20;8.90;4.0;11.8;0.00;64.0;ARPEGE
portes_les_valence;AROMEIFS;2026-10-13T03:00;ARPEGE;6.40;8.70;2.0;11.5;0.00;92.0;ARPEGE
portes_les_valence;AROMEIFS;2026-10-13T04:00;ARPEGE;6.80;9.90;5.0;11.7;0.00;96.0;ARPEGE
portes_les_valence;AROMEIFS;2026-10-13T05:00;ARPEGE;6.00;9.70;15.0;11.4;0.00;49.0;ARPEGE
portes_les_valence;AROMEIFS;2026-10-13T06:00;ARPEGE;5.00;8.20;16.0;10.6;0.00;23.0;ARPEGE
portes_les_valence;AROMEIFS;2026-10-13T07:00;ARPEGE;6.40;10.30;5.0;10.8;0.00;18.0;ARPEGE
portes_les_valence;AROMEIFS;2026-10-13T08:00;ARPEGE;5.90;10.50;27.0;10.5;0.00;8.0;ARPEGE
portes_les_valence;AROMEIFS;2026-10-13T09:00;ARPEGE;5.90;8.90;11.0;10.8;0.00;5.0;ARPEGE
portes_les_valence;AROMEIFS;2026-10-13T10:00;ARPEGE;6.90;11.30;18.0;12.8;0.00;3.0;ARPEGE
portes_les_valence;AROMEIFS;2026-10-13T11:00;ARPEGE;7.40;12.80;20.0;14.9;0.00;1.0;ARPEGE
portes_les_valence;AROMEIFS;2026-10-13T12:00;ARPEGE;7.80;13.80;19.0;16.8;0.00;0.0;ARPEGE
portes_les_valence;AROMEIFS;2026-10-13T13:00;ARPEGE;7.70;14.00;18.0;18.3;0.00;0.0;ARPEGE
portes_les_valence;AROMEIFS;2026-10-13T14:00;ARPEGE;7.80;14.00;7.0;19.8;0.00;0.0;ARPEGE
portes_les_valence;AROMEIFS;2026-10-13T15:00;ARPEGE;8.20;14.40;1.0;20.9;0.00;3.0;ARPEGE
portes_les_valence;AROMEIFS;2026-10-13T16:00;ARPEGE;8.70;14.80;1.0;21.6;0.00;2.0;ARPEGE
portes_les_valence;AROMEIFS;2026-10-13T17:00;ARPEGE;9.50;15.40;360.0;21.8;0.00;1.0;ARPEGE
portes_les_valence;AROMEIFS;2026-10-13T18:00;ARPEGE;10.00;15.40;354.0;21.1;0.00;19.0;ARPEGE
portes_les_valence;AROMEIFS;2026-10-13T19:00;ARPEGE;8.90;14.80;351.0;19.5;0.00;19.0;ARPEGE
portes_les_valence;AROMEIFS;2026-10-13T20:00;ARPEGE;9.40;13.80;346.0;18.2;0.00;7.0;ARPEGE
portes_les_valence;AROMEIFS;2026-10-13T21:00;ARPEGE;10.10;15.00;350.0;17.3;0.00;1.0;ARPEGE
portes_les_valence;AROMEIFS;2026-10-13T22:00;ARPEGE;9.00;14.80;355.0;16.4;0.00;3.0;ARPEGE
portes_les_valence;AROMEIFS;2026-10-13T23:00;ARPEGE;9.40;13.80;352.0;15.7;0.00;18.0;ARPEGE
portes_les_valence;AROMEIFS;2026-10-14T00:00;ARPEGE;10.60;16.10;347.0;15.3;0.00;79.0;ARPEGE
portes_les_valence;AROMEIFS;2026-10-14T01:00;ARPEGE;11.20;17.10;351.0;14.9;0.00;100.0;ARPEGE
portes_les_valence;AROMEIFS;2026-10-14T02:00;ARPEGE;11.10;17.30;354.0;14.4;0.00;67.0;ARPEGE
portes_les_valence;AROMEIFS;2026-10-14T03:00;ARPEGE;11.10;17.50;354.0;14.3;0.00;90.0;ARPEGE
portes_les_valence;AROMEIFS;2026-10-14T04:00;ARPEGE;10.50;17.10;356.0;14.3;0.00;73.0;ARPEGE
portes_les_valence;AROMEIFS;2026-10-14T05:00;ARPEGE;9.20;16.10;12.0;13.7;0.00;58.0;ARPEGE
portes_les_valence;AROMEIFS;2026-10-14T06:00;ARPEGE;9.70;14.60;10.0;13.2;0.00;57.0;ARPEGE
portes_les_valence;AROMEIFS;2026-10-14T07:00;ARPEGE;10.10;15.70;2.0;12.9;0.00;27.0;ARPEGE
portes_les_valence;AROMEIFS;2026-10-14T08:00;ARPEGE;11.60;17.50;347.0;13.2;0.00;1.0;ARPEGE
portes_les_valence;AROMEIFS;2026-10-14T09:00;ARPEGE;10.90;18.30;354.0;13.8;0.00;1.0;ARPEGE
portes_les_valence;AROMEIFS;2026-10-14T10:00;ARPEGE;9.60;16.70;7.0;14.8;0.00;3.0;ARPEGE
portes_les_valence;AROMEIFS;2026-10-14T11:00;ARPEGE;10.40;17.50;13.0;16.6;0.00;57.0;ARPEGE
portes_les_valence;AROMEIFS;2026-10-14T12:00;ARPEGE;11.30;19.00;11.0;18.6;0.00;39.0;ARPEGE
portes_les_valence;AROMEIFS;2026-10-14T13:00;ARPEGE;11.60;19.80;9.0;20.1;0.00;7.0;ARPEGE
portes_les_valence;AROMEIFS;2026-10-14T14:00;ARPEGE;12.70;21.80;11.0;21.3;0.00;4.0;ARPEGE
portes_les_valence;AROMEIFS;2026-10-14T15:00;IFS;8.80;21.40;2.0;21.5;0.00;47.0;IFS
portes_les_valence;AROMEIFS;2026-10-14T16:00;IFS;8.50;20.80;4.0;21.8;0.00;22.0;IFS
portes_les_valence;AROMEIFS;2026-10-14T17:00;IFS;7.80;20.00;6.0;21.5;0.00;3.0;IFS
portes_les_valence;AROMEIFS;2026-10-14T18:00;IFS;6.90;19.00;6.0;20.4;0.00;0.0;IFS
portes_les_valence;AROMEIFS;2026-10-14T19:00;IFS;5.80;17.90;4.0;18.8;0.00;0.0;IFS
portes_les_valence;AROMEIFS;2026-10-14T20:00;IFS;4.80;16.30;2.0;17.3;0.00;0.0;IFS
portes_les_valence;AROMEIFS;2026-10-14T21:00;IFS;3.80;14.20;3.0;16.1;0.00;0.0;IFS
portes_les_valence;AROMEIFS;2026-10-14T22:00;IFS;2.90;11.90;8.0;14.9;0.00;0.0;IFS
portes_les_valence;AROMEIFS;2026-10-14T23:00;IFS;2.20;9.50;10.0;14.0;0.00;0.0;IFS
portes_les_valence;AROMEIFS;2026-10-15T00:00;IFS;1.50;7.60;8.0;13.3;0.00;0.0;IFS
portes_les_valence;AROMEIFS;2026-10-15T01:00;IFS;1.00;5.80;349.0;12.8;0.00;0.0;IFS
portes_les_valence;AROMEIFS;2026-10-15T02:00;IFS;0.70;4.30;326.0;12.5;0.00;0.0;IFS
portes_les_valence;AROMEIFS;2026-10-15T03:00;IFS;0.50;3.10;307.0;12.3;0.00;30.0;IFS
portes_les_valence;AROMEIFS;2026-10-15T04:00;IFS;0.40;2.30;304.0;12.2;0.00;70.0;IFS
portes_les_valence;AROMEIFS;2026-10-15T05:00;IFS;0.20;1.70;297.0;12.1;0.00;100.0;IFS
portes_les_valence;AROMEIFS;2026-10-15T06:00;IFS;0.30;1.60;270.0;12.0;0.00;100.0;IFS
portes_les_valence;AROMEIFS;2026-10-15T07:00;IFS;0.60;1.60;261.0;11.8;0.00;100.0;IFS
portes_les_valence;AROMEIFS;2026-10-15T08:00;IFS;0.70;1.90;254.0;12.1;0.00;99.0;IFS
portes_les_valence;AROMEIFS;2026-10-15T09:00;IFS;0.70;3.10;243.0;12.8;0.00;88.0;IFS
portes_les_valence;AROMEIFS;2026-10-15T10:00;IFS;0.60;4.70;219.0;14.0;0.00;72.0;IFS
portes_les_valence;AROMEIFS;2026-10-15T11:00;IFS;0.90;6.20;198.0;15.3;0.00;55.0;IFS
portes_les_valence;AROMEIFS;2026-10-15T12:00;IFS;1.60;7.60;187.0;17.1;0.00;36.0;IFS
portes_les_valence;AROMEIFS;2026-10-15T13:00;IFS;2.50;9.10;184.0;19.1;0.00;16.0;IFS
portes_les_valence;AROMEIFS;2026-10-15T14:00;IFS;3.60;10.70;185.0;20.7;0.00;2.0;IFS
portes_les_valence;AROMEIFS;2026-10-15T15:00;IFS;5.10;12.60;187.0;21.7;0.00;0.0;IFS
portes_les_valence;AROMEIFS;2026-10-15T16:00;IFS;6.70;14.80;188.0;22.2;0.00;0.0;IFS
portes_les_valence;AROMEIFS;2026-10-15T17:00;IFS;7.60;16.30;188.0;22.0;0.00;0.0;IFS
portes_les_valence;AROMEIFS;2026-10-15T18:00;IFS;7.00;16.90;184.0;20.8;0.00;0.0;IFS
portes_les_valence;AROMEIFS;2026-10-15T19:00;IFS;5.70;16.90;177.0;18.8;0.00;0.0;IFS
portes_les_valence;AROMEIFS;2026-10-15T20:00;IFS;4.70;16.10;171.0;17.2;0.00;0.0;IFS
portes_les_valence;AROMEIFS;2026-10-15T21:00;IFS;4.00;14.40;173.0;16.2;0.00;0.0;IFS
portes_les_valence;AROMEIFS;2026-10-15T22:00;IFS;3.50;12.10;185.0;15.4;0.00;0.0;IFS
portes_les_valence;AROMEIFS;2026-10-15T23:00;IFS;3.20;9.90;194.0;14.7;0.00;0.0;IFS
portes_les_valence;AROMEIFS;2026-10-16T00:00;IFS;3.40;9.90;183.0;13.6;0.00;70.0;IFS
portes_les_valence;AROMEIFS;2026-10-16T01:00;IFS;3.10;8.20;189.0;12.9;0.00;88.0;IFS
portes_les_valence;AROMEIFS;2026-10-16T02:00;IFS;2.90;7.00;194.0;12.3;0.00;100.0;IFS
portes_les_valence;AROMEIFS;2026-10-16T03:00;IFS;2.90;6.40;195.0;12.0;0.00;100.0;IFS
portes_les_valence;AROMEIFS;2026-10-16T04:00;IFS;3.00;6.20;195.0;11.7;0.00;100.0;IFS
portes_les_valence;AROMEIFS;2026-10-16T05:00;IFS;3.20;6.20;194.0;11.6;0.00;100.0;IFS
portes_les_valence;AROMEIFS;2026-10-16T06:00;IFS;3.30;6.40;194.0;11.6;0.00;100.0;IFS
portes_les_valence;AROMEIFS;2026-10-16T07:00;IFS;3.30;6.60;192.0;11.8;0.00;100.0;IFS
portes_les_valence;AROMEIFS;2026-10-16T08:00;IFS;3.00;6.80;193.0;12.3;0.00;100.0;IFS
portes_les_valence;AROMEIFS;2026-10-16T09:00;IFS;2.40;7.00;194.0;13.1;0.00;89.0;IFS
portes_les_valence;AROMEIFS;2026-10-16T10:00;IFS;1.60;7.20;202.0;14.4;0.00;73.0;IFS
portes_les_valence;AROMEIFS;2026-10-16T11:00;IFS;0.70;7.60;225.0;15.9;0.00;55.0;IFS
portes_les_valence;AROMEIFS;2026-10-16T12:00;IFS;0.70;8.00;326.0;17.4;0.00;37.0;IFS
portes_les_valence;AROMEIFS;2026-10-16T13:00;IFS;1.70;8.40;350.0;18.6;0.00;22.0;IFS
portes_les_valence;AROMEIFS;2026-10-16T14:00;IFS;2.60;9.10;356.0;19.4;0.00;13.0;IFS
portes_les_valence;AROMEIFS;2026-10-16T15:00;IFS;3.70;10.10;358.0;19.7;0.00;10.0;IFS
portes_les_valence;AROMEIFS;2026-10-16T16:00;IFS;4.90;11.50;359.0;19.7;0.00;12.0;IFS
portes_les_valence;AROMEIFS;2026-10-16T17:00;IFS;6.00;12.80;360.0;19.5;0.00;17.0;IFS
portes_les_valence;AROMEIFS;2026-10-16T18:00;IFS;7.10;14.20;1.0;19.1;0.00;24.0;IFS
portes_les_valence;AROMEIFS;2026-10-16T19:00;IFS;8.00;15.60;1.0;18.7;0.00;30.0;IFS
portes_les_valence;AROMEIFS;2026-10-16T20:00;IFS;8.60;16.50;2.0;18.3;0.00;35.0;IFS
portes_les_valence;AROMEIFS;2026-10-16T21:00;IFS;8.80;17.10;3.0;17.9;0.00;38.0;IFS
portes_les_valence;AROMEIFS;2026-10-16T22:00;IFS;8.60;17.50;5.0;17.4;0.00;41.0;IFS
portes_les_valence;AROMEIFS;2026-10-16T23:00;IFS;8.20;17.90;7.0;16.9;0.00;44.0;IFS
portes_les_valence;AROMEIFS;2026-10-17T00:00;IFS;7.90;18.10;9.0;16.4;0.00;47.0;IFS
portes_les_valence;AROMEIFS;2026-10-17T01:00;IFS;7.60;18.50;11.0;15.9;0.00;50.0;IFS
portes_les_valence;AROMEIFS;2026-10-17T02:00;IFS;7.90;19.20;12.0;15.4;0.00;55.0;IFS
portes_les_valence;AROMEIFS;2026-10-17T03:00;IFS;8.50;20.40;13.0;14.9;0.00;62.0;IFS
portes_les_valence;AROMEIFS;2026-10-17T04:00;IFS;9.40;21.80;13.0;14.3;0.00;71.0;IFS
portes_les_valence;AROMEIFS;2026-10-17T05:00;IFS;10.40;23.30;12.0;13.8;0.00;81.0;IFS
portes_les_valence;AROMEIFS;2026-10-17T06:00;IFS;11.60;25.10;12.0;13.3;0.00;90.0;IFS
portes_les_valence;AROMEIFS;2026-10-17T07:00;IFS;12.70;26.60;11.0;12.9;0.00;96.0;IFS
portes_les_valence;AROMEIFS;2026-10-17T08:00;IFS;13.60;28.20;11.0;12.7;0.00;99.0;IFS
portes_les_valence;AROMEIFS;2026-10-17T09:00;IFS;14.30;29.70;11.0;12.6;0.00;96.0;IFS
portes_les_valence;AROMEIFS;2026-10-17T10:00;IFS;15.00;31.30;10.0;12.8;0.00;88.0;IFS
portes_les_valence;AROMEIFS;2026-10-17T11:00;IFS;15.60;32.90;9.0;13.0;0.00;78.0;IFS
portes_les_valence;AROMEIFS;2026-10-17T12:00;IFS;16.10;34.20;8.0;13.2;0.00;67.0;IFS
portes_les_valence;AROMEIFS;2026-10-17T13:00;IFS;16.60;35.40;7.0;13.4;0.00;59.0;IFS
portes_les_valence;AROMEIFS;2026-10-17T14:00;IFS;16.70;36.30;7.0;13.5;0.00;55.0;IFS
portes_les_valence;AROMEIFS;2026-10-17T15:00;IFS;16.70;36.90;7.0;13.4;0.00;57.0;IFS
portes_les_valence;AROMEIFS;2026-10-17T16:00;IFS;16.50;37.10;7.0;13.2;0.00;62.0;IFS
portes_les_valence;AROMEIFS;2026-10-17T17:00;IFS;16.20;37.10;7.0;13.0;0.00;70.0;IFS
portes_les_valence;AROMEIFS;2026-10-17T18:00;IFS;15.70;36.90;7.0;12.8;0.00;78.0;IFS
portes_les_valence;AROMEIFS;2026-10-17T19:00;IFS;15.40;36.50;7.0;12.5;0.00;86.0;IFS
portes_les_valence;AROMEIFS;2026-10-17T20:00;IFS;15.20;36.30;7.0;12.2;0.00;91.0;IFS
portes_les_valence;AROMEIFS;2026-10-17T21:00;IFS;15.20;36.00;6.0;11.9;0.00;94.0;IFS
portes_les_valence;AROMEIFS;2026-10-17T22:00;IFS;15.30;35.60;5.0;11.6;0.00;96.0;IFS
portes_les_valence;AROMEIFS;2026-10-17T23:00;IFS;15.50;35.00;4.0;11.2;0.00;97.0;IFS
portes_les_valence;AROMEIFS;2026-10-18T00:00;IFS;15.80;34.40;2.0;10.8;0.00;98.0;IFS
portes_les_valence;AROMEIFS;2026-10-18T01:00;IFS;15.80;34.00;2.0;10.5;0.00;98.0;IFS
portes_les_valence;AROMEIFS;2026-10-18T02:00;IFS;15.80;33.60;1.0;10.3;0.00;99.0;IFS
portes_les_valence;AROMEIFS;2026-10-18T03:00;IFS;15.70;33.40;1.0;10.1;0.00;100.0;IFS
portes_les_valence;AROMEIFS;2026-10-18T04:00;IFS;15.40;33.40;1.0;10.0;0.00;100.0;IFS
portes_les_valence;AROMEIFS;2026-10-18T05:00;IFS;15.00;33.60;2.0;10.0;0.00;100.0;IFS
portes_les_valence;AROMEIFS;2026-10-18T06:00;IFS;14.60;33.60;3.0;10.0;0.00;100.0;IFS
portes_les_valence;AROMEIFS;2026-10-18T07:00;IFS;14.10;33.60;3.0;10.0;0.00;100.0;IFS
portes_les_valence;AROMEIFS;2026-10-18T08:00;IFS;13.60;33.20;4.0;10.0;0.00;100.0;IFS
portes_les_valence;AROMEIFS;2026-10-18T09:00;IFS;13.20;32.70;4.0;10.0;0.60;100.0;IFS
portes_les_valence;AROMEIFS;2026-10-18T10:00;IFS;12.50;31.70;3.0;10.1;0.60;100.0;IFS
portes_les_valence;AROMEIFS;2026-10-18T11:00;IFS;11.90;30.70;3.0;10.2;0.60;100.0;IFS
portes_les_valence;AROMEIFS;2026-10-18T12:00;IFS;11.20;29.70;2.0;10.3;0.60;100.0;IFS
portes_les_valence;AROMEIFS;2026-10-18T13:00;IFS;10.60;28.60;2.0;10.4;0.60;100.0;IFS
portes_les_valence;AROMEIFS;2026-10-18T14:00;IFS;10.20;27.60;1.0;10.5;0.60;100.0;IFS
portes_les_valence;AROMEIFS;2026-10-18T15:00;IFS;9.90;26.60;1.0;10.5;0.90;100.0;IFS
portes_les_valence;AROMEIFS;2026-10-18T16:00;IFS;9.70;25.50;1.0;10.6;0.90;100.0;IFS
portes_les_valence;AROMEIFS;2026-10-18T17:00;IFS;9.60;24.30;1.0;10.7;0.90;100.0;IFS
portes_les_valence;AROMEIFS;2026-10-18T18:00;IFS;9.60;23.10;1.0;10.7;0.90;100.0;IFS
portes_les_valence;AROMEIFS;2026-10-18T19:00;IFS;9.50;22.00;1.0;10.8;0.90;100.0;IFS
portes_les_valence;AROMEIFS;2026-10-18T20:00;IFS;9.30;21.20;1.0;10.8;0.90;100.0;IFS
portes_les_valence;AROMEIFS;2026-10-18T21:00;IFS;9.00;20.60;1.0;10.8;0.00;97.0;IFS
portes_les_valence;AROMEIFS;2026-10-18T22:00;IFS;8.80;20.00;2.0;10.7;0.00;93.0;IFS
portes_les_valence;AROMEIFS;2026-10-18T23:00;IFS;8.50;19.60;3.0;10.7;0.00;88.0;IFS
portes_les_valence;AROMEIFS;2026-10-19T00:00;IFS;8.10;19.20;4.0;10.6;0.00;83.0;IFS
portes_les_valence;AROMEIFS;2026-10-19T01:00;IFS;7.80;18.90;5.0;10.5;0.00;79.0;IFS
portes_les_valence;AROMEIFS;2026-10-19T02:00;IFS;7.60;18.50;6.0;10.4;0.00;78.0;IFS
portes_les_valence;AROMEIFS;2026-10-19T03:00;IFS;7.40;17.90;6.0;10.1;0.00;79.0;IFS
portes_les_valence;AROMEIFS;2026-10-19T04:00;IFS;7.30;17.10;6.0;9.8;0.00;83.0;IFS
portes_les_valence;AROMEIFS;2026-10-19T05:00;IFS;7.20;16.30;5.0;9.4;0.00;88.0;IFS
portes_les_valence;AROMEIFS;2026-10-19T06:00;IFS;7.20;15.70;5.0;9.1;0.00;92.0;IFS
portes_les_valence;AROMEIFS;2026-10-19T07:00;IFS;7.30;15.60;5.0;9.0;0.00;96.0;IFS
portes_les_valence;AROMEIFS;2026-10-19T08:00;IFS;7.50;15.70;4.0;9.2;0.00;98.0;IFS
portes_les_valence;AROMEIFS;2026-10-19T09:00;IFS;7.90;16.50;5.0;9.9;0.00;97.0;IFS
portes_les_valence;AROMEIFS;2026-10-19T10:00;IFS;8.50;18.10;5.0;11.0;0.00;95.0;IFS
portes_les_valence;AROMEIFS;2026-10-19T11:00;IFS;9.30;19.80;5.0;12.3;0.00;92.0;IFS
portes_les_valence;AROMEIFS;2026-10-19T12:00;IFS;10.00;21.60;6.0;13.6;0.00;89.0;IFS
portes_les_valence;AROMEIFS;2026-10-19T13:00;IFS;10.60;23.10;6.0;14.7;0.00;86.0;IFS
portes_les_valence;AROMEIFS;2026-10-19T14:00;IFS;10.90;24.10;7.0;15.3;0.00;84.0;IFS
portes_les_valence;AROMEIFS;2026-10-19T15:00;IFS;11.00;24.70;7.0;15.5;0.00;85.0;IFS
portes_les_valence;AROMEIFS;2026-10-19T16:00;IFS;10.90;24.90;7.0;15.3;0.00;88.0;IFS
portes_les_valence;AROMEIFS;2026-10-19T17:00;IFS;10.70;24.70;8.0;14.9;0.00;91.0;IFS
portes_les_valence;AROMEIFS;2026-10-19T18:00;IFS;10.40;24.50;8.0;14.3;0.00;94.0;IFS
portes_les_valence;AROMEIFS;2026-10-19T19:00;IFS;10.10;24.30;8.0;13.7;0.00;93.0;IFS
portes_les_valence;AROMEIFS;2026-10-19T20:00;IFS;9.80;23.90;8.0;13.3;0.00;89.0;IFS
portes_les_valence;AROMEIFS;2026-10-19T21:00;IFS;9.50;23.50;7.0;12.9;0.00;78.0;IFS
portes_les_valence;AROMEIFS;2026-10-19T22:00;IFS;9.10;22.70;6.0;12.4;0.00;62.0;IFS
portes_les_valence;AROMEIFS;2026-10-19T23:00;IFS;8.70;22.20;4.0;12.0;0.00;43.0;IFS
portes_les_valence;AROMEIFS;2026-10-20T00:00;IFS;8.30;21.40;3.0;11.5;0.00;25.0;IFS
portes_les_valence;AROMEIFS;2026-10-20T01:00;IFS;8.00;20.80;1.0;11.1;0.00;10.0;IFS
portes_les_valence;AROMEIFS;2026-10-20T02:00;IFS;7.90;20.40;1.0;10.6;0.00;1.0;IFS
portes_les_valence;AROMEIFS;2026-10-20T03:00;IFS;8.00;20.20;1.0;10.1;0.00;0.0;IFS
portes_les_valence;AROMEIFS;2026-10-20T04:00;IFS;8.20;20.20;1.0;9.4;0.00;5.0;IFS
portes_les_valence;AROMEIFS;2026-10-20T05:00;IFS;8.60;20.20;1.0;8.8;0.00;13.0;IFS
portes_les_valence;AROMEIFS;2026-10-20T06:00;IFS;8.90;20.40;1.0;8.3;0.00;22.0;IFS
portes_les_valence;AROMEIFS;2026-10-20T07:00;IFS;9.30;20.80;2.0;8.0;0.00;30.0;IFS
portes_les_valence;AROMEIFS;2026-10-20T08:00;IFS;9.80;21.40;2.0;8.1;0.00;35.0;IFS
portes_les_valence;AROMEIFS;2026-10-20T09:00;IFS;10.30;22.40;2.0;8.8;0.00;36.0;IFS
portes_les_valence;AROMEIFS;2026-10-20T10:00;IFS;10.90;23.50;2.0;10.0;0.00;34.0;IFS
portes_les_valence;AROMEIFS;2026-10-20T11:00;IFS;11.60;25.10;2.0;11.5;0.00;31.0;IFS
portes_les_valence;AROMEIFS;2026-10-20T12:00;IFS;12.20;26.40;2.0;13.0;0.00;28.0;IFS
portes_les_valence;AROMEIFS;2026-10-20T13:00;IFS;12.70;27.60;2.0;14.2;0.00;27.0;IFS
portes_les_valence;AROMEIFS;2026-10-20T14:00;IFS;13.10;28.60;3.0;14.9;0.00;30.0;IFS
portes_les_valence;AROMEIFS;2026-10-20T15:00;IFS;13.40;29.00;4.0;15.1;0.00;38.0;IFS
portes_les_valence;AROMEIFS;2026-10-20T16:00;IFS;13.50;29.20;6.0;14.8;0.00;49.0;IFS
portes_les_valence;AROMEIFS;2026-10-20T17:00;IFS;13.60;29.40;8.0;14.3;0.00;62.0;IFS
portes_les_valence;AROMEIFS;2026-10-20T18:00;IFS;13.60;29.20;9.0;13.7;0.00;75.0;IFS
portes_les_valence;AROMEIFS;2026-10-20T19:00;IFS;13.70;29.00;11.0;13.1;0.00;87.0;IFS
portes_les_valence;AROMEIFS;2026-10-20T20:00;IFS;13.70;29.00;12.0;12.6;0.00;95.0;IFS
portes_les_valence;AROMEIFS;2026-10-20T21:00;IFS;13.70;28.80;12.0;12.2;0.00;99.0;IFS
portes_les_valence;AROMEIFS;2026-10-20T22:00;IFS;13.60;28.60;12.0;11.9;0.00;100.0;IFS
portes_les_valence;AROMEIFS;2026-10-20T23:00;IFS;13.50;28.40;11.0;11.6;0.00;100.0;IFS
portes_les_valence;AROMEIFS;2026-10-21T00:00;IFS;13.30;28.20;10.0;11.2;0.00;100.0;IFS
portes_les_valence;AROMEIFS;2026-10-21T01:00;IFS;13.40;28.00;10.0;10.9;0.00;98.0;IFS
portes_les_valence;AROMEIFS;2026-10-21T02:00;IFS;13.50;28.40;10.0;10.5;0.00;96.0;IFS
portes_les_valence;AROMEIFS;2026-10-21T03:00;IFS;14.00;29.20;11.0;10.0;0.00;93.0;IFS
portes_les_valence;AROMEIFS;2026-10-21T04:00;IFS;14.70;30.30;12.0;9.4;0.00;88.0;IFS
portes_les_valence;AROMEIFS;2026-10-21T05:00;IFS;15.60;31.70;13.0;8.8;0.00;82.0;IFS
portes_les_valence;AROMEIFS;2026-10-21T06:00;IFS;16.20;32.90;14.0;8.3;0.00;76.0;IFS
portes_les_valence;AROMEIFS;2026-10-21T07:00;IFS;16.60;34.00;15.0;8.0;0.00;70.0;IFS
portes_les_valence;AROMEIFS;2026-10-21T08:00;IFS;16.50;34.80;15.0;8.1;0.00;65.0;IFS
portes_les_valence;AROMEIFS;2026-10-21T09:00;IFS;15.70;35.20;15.0;8.8;0.00;60.0;IFS
portes_les_valence;AROMEIFS;2026-10-21T10:00;IFS;14.40;35.60;15.0;9.9;0.00;56.0;IFS
portes_les_valence;AROMEIFS;2026-10-21T11:00;IFS;12.70;35.80;13.0;11.3;0.00;52.0;IFS
portes_les_valence;AROMEIFS;2026-10-21T12:00;IFS;10.90;35.60;11.0;12.6;0.00;48.0;IFS
portes_les_valence;AROMEIFS;2026-10-21T13:00;IFS;9.30;35.00;9.0;13.8;0.00;44.0;IFS
portes_les_valence;AROMEIFS;2026-10-21T14:00;IFS;8.00;34.00;6.0;14.4;0.00;39.0;IFS
portes_les_valence;AROMEIFS;2026-10-21T15:00;IFS;7.00;32.30;4.0;14.4;0.00;33.0;IFS
portes_les_valence;AROMEIFS;2026-10-21T16:00;IFS;6.20;29.70;1.0;14.2;0.00;27.0;IFS
portes_les_valence;AROMEIFS;2026-10-21T17:00;IFS;5.50;26.80;357.0;13.6;0.00;20.0;IFS
portes_les_valence;AROMEIFS;2026-10-21T18:00;IFS;4.90;23.90;353.0;12.9;0.00;13.0;IFS
portes_les_valence;AROMEIFS;2026-10-21T19:00;IFS;4.30;21.00;350.0;12.2;0.00;7.0;IFS
portes_les_valence;AROMEIFS;2026-10-21T20:00;IFS;3.90;18.50;346.0;11.5;0.00;3.0;IFS
portes_les_valence;AROMEIFS;2026-10-21T21:00;IFS;3.50;16.30;342.0;10.8;0.00;1.0;IFS
portes_les_valence;AROMEIFS;2026-10-21T22:00;IFS;3.00;14.20;339.0;10.0;0.00;0.0;IFS
portes_les_valence;AROMEIFS;2026-10-21T23:00;IFS;2.60;12.20;338.0;9.1;0.00;0.0;IFS
portes_les_valence;AROMEIFS;2026-10-22T00:00;IFS;2.30;10.50;340.0;8.3;0.00;0.0;IFS
portes_les_valence;AROMEIFS;2026-10-22T01:00;IFS;2.10;9.10;341.0;7.5;0.00;0.0;IFS
portes_les_valence;AROMEIFS;2026-10-22T02:00;IFS;1.90;8.00;342.0;7.0;0.00;0.0;IFS
portes_les_valence;AROMEIFS;2026-10-22T03:00;IFS;2.00;7.20;346.0;6.5;0.00;0.0;IFS
portes_les_valence;AROMEIFS;2026-10-22T04:00;IFS;2.20;7.00;352.0;6.1;0.00;0.0;IFS
portes_les_valence;AROMEIFS;2026-10-22T05:00;IFS;2.40;6.80;355.0;5.8;0.00;0.0;IFS
portes_les_valence;AROMEIFS;2026-10-22T06:00;IFS;2.80;7.00;360.0;5.6;0.00;0.0;IFS
portes_les_valence;AROMEIFS;2026-10-22T07:00;IFS;3.20;7.20;2.0;5.8;0.00;0.0;IFS
portes_les_valence;AROMEIFS;2026-10-22T08:00;IFS;3.40;7.60;3.0;6.3;0.00;0.0;IFS
portes_les_valence;AROMEIFS;2026-10-22T09:00;IFS;3.60;8.00;5.0;7.4;0.00;0.0;IFS
portes_les_valence;AROMEIFS;2026-10-22T10:00;IFS;3.70;8.70;6.0;9.1;0.00;0.0;IFS
portes_les_valence;AROMEIFS;2026-10-22T11:00;IFS;3.80;9.70;7.0;11.1;0.00;0.0;IFS
portes_les_valence;AROMEIFS;2026-10-22T12:00;IFS;3.90;10.50;7.0;13.0;0.00;0.0;IFS
portes_les_valence;AROMEIFS;2026-10-22T13:00;IFS;3.90;11.30;7.0;14.6;0.00;0.0;IFS
portes_les_valence;AROMEIFS;2026-10-22T14:00;IFS;3.90;11.70;7.0;15.5;0.00;0.0;IFS
portes_les_valence;AROMEIFS;2026-10-22T15:00;IFS;3.80;11.90;6.0;15.6;0.00;0.0;IFS
portes_les_valence;AROMEIFS;2026-10-22T16:00;IFS;3.70;12.10;2.0;15.1;0.00;0.0;IFS
portes_les_valence;AROMEIFS;2026-10-22T17:00;IFS;3.50;11.90;357.0;14.3;0.00;0.0;IFS
portes_les_valence;AROMEIFS;2026-10-22T18:00;IFS;3.30;11.90;352.0;13.3;0.00;0.0;IFS
portes_les_valence;AROMEIFS;2026-10-22T19:00;IFS;3.20;11.50;348.0;12.3;0.00;0.0;IFS
portes_les_valence;AROMEIFS;2026-10-22T20:00;IFS;3.10;11.30;346.0;11.5;0.00;0.0;IFS
portes_les_valence;AROMEIFS;2026-10-22T21:00;IFS;3.10;10.90;346.0;10.9;0.00;0.0;IFS
portes_les_valence;AROMEIFS;2026-10-22T22:00;IFS;3.10;10.30;347.0;10.2;0.00;1.0;IFS
portes_les_valence;AROMEIFS;2026-10-22T23:00;IFS;3.10;9.70;351.0;9.5;0.00;1.0;IFS
portes_les_valence;AROMEIFS;2026-10-23T00:00;IFS;3.20;9.10;355.0;8.9;0.00;1.0;IFS
portes_les_valence;AROMEIFS;2026-10-23T01:00;IFS;3.30;8.60;358.0;8.4;0.00;2.0;IFS
portes_les_valence;AROMEIFS;2026-10-23T02:00;IFS;3.40;8.20;360.0;7.9;0.00;2.0;IFS
portes_les_valence;AROMEIFS;2026-10-23T03:00;IFS;3.40;8.00;360.0;7.5;0.00;2.0;IFS
portes_les_valence;AROMEIFS;2026-10-23T04:00;IFS;3.40;7.80;360.0;7.0;0.00;1.0;IFS
portes_les_valence;AROMEIFS;2026-10-23T05:00;IFS;3.40;7.60;358.0;6.6;0.00;1.0;IFS
portes_les_valence;AROMEIFS;2026-10-23T06:00;IFS;3.40;7.60;357.0;6.4;0.00;0.0;IFS
portes_les_valence;AROMEIFS;2026-10-23T07:00;IFS;3.50;7.80;357.0;6.5;0.00;0.0;IFS
portes_les_valence;AROMEIFS;2026-10-23T08:00;IFS;3.50;8.00;357.0;7.0;0.00;1.0;IFS
portes_les_valence;AROMEIFS;2026-10-23T09:00;IFS;3.60;8.60;358.0;8.1;0.00;3.0;IFS
portes_les_valence;AROMEIFS;2026-10-23T10:00;IFS;3.80;9.10;360.0;10.0;0.00;5.0;IFS
portes_les_valence;AROMEIFS;2026-10-23T11:00;IFS;4.00;10.10;3.0;12.1;0.00;8.0;IFS
portes_les_valence;AROMEIFS;2026-10-23T12:00;IFS;4.10;10.90;4.0;14.1;0.00;10.0;IFS
portes_les_valence;AROMEIFS;2026-10-23T13:00;IFS;4.20;11.70;5.0;15.8;0.00;12.0;IFS
portes_les_valence;AROMEIFS;2026-10-23T14:00;IFS;4.10;12.10;5.0;16.7;0.00;13.0;IFS
portes_les_valence;AROMEIFS;2026-10-23T15:00;IFS;3.80;12.20;4.0;16.8;0.00;12.0;IFS
portes_les_valence;AROMEIFS;2026-10-23T16:00;IFS;3.40;12.40;2.0;16.2;0.00;10.0;IFS
portes_les_valence;AROMEIFS;2026-10-23T17:00;IFS;2.90;12.40;358.0;15.3;0.00;7.0;IFS
portes_les_valence;AROMEIFS;2026-10-23T18:00;IFS;2.50;12.20;351.0;14.2;0.00;4.0;IFS
portes_les_valence;AROMEIFS;2026-10-23T19:00;IFS;2.00;11.90;343.0;13.1;0.00;2.0;IFS
portes_les_valence;AROMEIFS;2026-10-23T20:00;IFS;1.70;11.30;336.0;12.2;0.00;0.0;IFS
portes_les_valence;AROMEIFS;2026-10-23T21:00;IFS;1.40;10.30;332.0;11.6;0.00;0.0;IFS
portes_les_valence;AROMEIFS;2026-10-23T22:00;IFS;1.20;8.90;325.0;11.0;0.00;0.0;IFS
portes_les_valence;AROMEIFS;2026-10-23T23:00;IFS;1.00;7.40;323.0;10.4;0.00;0.0;IFS
portes_les_valence;AROMEIFS;2026-10-24T00:00;IFS;0.80;5.80;315.0;9.9;0.00;0.0;IFS
portes_les_valence;AROMEIFS;2026-10-24T01:00;IFS;0.60;4.30;309.0;9.4;0.00;0.0;IFS
portes_les_valence;AROMEIFS;2026-10-24T02:00;IFS;0.50;3.30;307.0;9.0;0.00;0.0;IFS
portes_les_valence;AROMEIFS;2026-10-24T03:00;IFS;0.40;2.50;315.0;8.6;0.00;0.0;IFS
portes_les_valence;AROMEIFS;2026-10-24T04:00;IFS;0.40;1.90;315.0;8.1;0.00;0.0;IFS
portes_les_valence;AROMEIFS;2026-10-24T05:00;IFS;0.40;1.60;333.0;7.7;0.00;0.0;IFS
portes_les_valence;AROMEIFS;2026-10-24T06:00;IFS;0.50;1.20;338.0;7.4;0.00;0.0;IFS
portes_les_valence;AROMEIFS;2026-10-24T07:00;IFS;0.70;1.40;352.0;7.4;0.00;0.0;IFS
portes_les_valence;AROMEIFS;2026-10-24T08:00;IFS;0.80;1.60;360.0;7.9;0.00;0.0;IFS
portes_les_valence;AROMEIFS;2026-10-24T09:00;IFS;1.00;2.30;6.0;9.1;0.00;0.0;IFS
portes_les_valence;AROMEIFS;2026-10-24T10:00;IFS;1.10;3.50;15.0;11.0;0.00;0.0;IFS
portes_les_valence;AROMEIFS;2026-10-24T11:00;IFS;1.40;4.90;21.0;13.1;0.00;0.0;IFS
portes_les_valence;AROMEIFS;2026-10-24T12:00;IFS;1.70;6.40;24.0;15.2;0.00;0.0;IFS
portes_les_valence;AROMEIFS;2026-10-24T13:00;IFS;1.90;7.80;24.0;16.9;0.00;0.0;IFS
portes_les_valence;AROMEIFS;2026-10-24T14:00;IFS;2.10;8.60;22.0;17.8;0.00;0.0;IFS
portes_les_valence;AROMEIFS;2026-10-24T15:00;IFS;2.20;8.90;18.0;17.8;0.00;0.0;IFS
portes_les_valence;AROMEIFS;2026-10-24T16:00;IFS;2.50;8.90;9.0;17.2;0.00;0.0;IFS
portes_les_valence;AROMEIFS;2026-10-24T17:00;IFS;2.60;8.90;360.0;16.1;0.00;0.0;IFS
portes_les_valence;AROMEIFS;2026-10-24T18:00;IFS;2.90;8.70;354.0;14.9;0.00;0.0;IFS
portes_les_valence;AROMEIFS;2026-10-24T19:00;IFS;3.30;8.60;350.0;13.7;0.00;0.0;IFS
portes_les_valence;AROMEIFS;2026-10-24T20:00;IFS;3.50;8.60;349.0;12.8;0.00;0.0;IFS
portes_les_valence;AROMEIFS;2026-10-24T21:00;IFS;3.60;8.70;351.0;12.1;0.00;1.0;IFS
portes_les_valence;AROMEIFS;2026-10-24T22:00;IFS;3.90;8.90;353.0;11.5;0.00;2.0;IFS
portes_les_valence;AROMEIFS;2026-10-24T23:00;IFS;4.10;9.30;357.0;11.0;0.00;3.0;IFS
portes_les_valence;AROMEIFS;2026-10-25T00:00;IFS;4.40;9.50;1.0;10.5;0.00;4.0;IFS
portes_les_valence;AROMEIFS;2026-10-25T01:00;IFS;4.60;9.70;4.0;10.1;0.00;5.0;IFS
portes_les_valence;AROMEIFS;2026-10-25T02:00;IFS;4.70;9.90;6.0;9.8;0.00;6.0;IFS
roche_de_glun;AROMEIFS;2026-10-10T00:00;AROMEHD;2.70;7.60;330.0;12.6;0.00;36.0;AROMEHD
roche_de_glun;AROMEIFS;2026-10-10T01:00;AROMEHD;1.90;5.20;323.0;12.0;0.00;41.0;AROMEHD
roche_de_glun;AROMEIFS;2026-10-10T02:00;AROMEHD;1.50;3.70;337.0;12.3;0.00;25.0;AROMEHD
roche_de_glun;AROMEIFS;2026-10-10T03:00;AROMEHD;1.20;2.50;309.0;12.0;0.00;100.0;AROMEHD
roche_de_glun;AROMEIFS;2026-10-10T04:00;AROMEHD;0.40;1.60;180.0;12.0;0.00;100.0;AROMEHD
roche_de_glun;AROMEIFS;2026-10-10T05:00;AROMEHD;0.70;2.70;304.0;12.3;0.00;100.0;AROMEHD
roche_de_glun;AROMEIFS;2026-10-10T06:00;AROMEHD;1.70;2.50;324.0;12.2;0.00;39.0;AROMEHD
roche_de_glun;AROMEIFS;2026-10-10T07:00;AROMEHD;3.30;5.80;320.0;12.6;0.00;95.0;AROMEHD
roche_de_glun;AROMEIFS;2026-10-10T08:00;AROMEHD;4.00;8.20;317.0;12.7;0.00;7.0;AROMEHD
roche_de_glun;AROMEIFS;2026-10-10T09:00;AROMEHD;3.80;8.00;300.0;13.4;0.00;29.0;AROMEHD
roche_de_glun;AROMEIFS;2026-10-10T10:00;AROMEHD;3.10;8.70;325.0;15.2;0.00;0.0;AROMEHD
roche_de_glun;AROMEIFS;2026-10-10T11:00;AROMEHD;2.00;7.00;17.0;16.6;0.00;0.0;AROMEHD
roche_de_glun;AROMEIFS;2026-10-10T12:00;AROMEHD;3.10;8.60;353.0;17.9;0.00;0.0;AROMEHD
roche_de_glun;AROMEIFS;2026-10-10T13:00;AROMEHD;3.90;9.70;351.0;19.0;0.00;100.0;AROMEHD
roche_de_glun;AROMEIFS;2026-10-10T14:00;AROMEHD;2.80;9.70;335.0;17.7;0.10;25.0;AROMEHD
roche_de_glun;AROMEIFS;2026-10-10T15:00;AROMEHD;4.80;11.10;32.0;19.3;0.00;3.0;AROMEHD
roche_de_glun;AROMEIFS;2026-10-10T16:00;AROMEHD;4.20;10.90;28.0;19.7;0.00;17.0;AROMEHD
roche_de_glun;AROMEIFS;2026-10-10T17:00;AROMEHD;5.90;11.90;34.0;19.4;0.00;100.0;AROMEHD
roche_de_glun;AROMEIFS;2026-10-10T18:00;AROMEHD;1.40;12.10;304.0;17.9;0.30;6.0;AROMEHD
roche_de_glun;AROMEIFS;2026-10-10T19:00;AROMEHD;2.20;7.40;345.0;16.5;0.00;54.0;AROMEHD
roche_de_glun;AROMEIFS;2026-10-10T20:00;AROMEHD;3.00;4.30;293.0;15.2;0.00;56.0;AROMEHD
roche_de_glun;AROMEIFS;2026-10-10T21:00;AROMEHD;5.30;15.90;343.0;15.4;1.10;100.0;AROMEHD
roche_de_glun;AROMEIFS;2026-10-10T22:00;AROMEHD;4.00;10.50;346.0;15.0;0.00;99.0;AROMEHD
roche_de_glun;AROMEIFS;2026-10-10T23:00;AROMEHD;4.40;9.50;345.0;14.0;0.00;0.0;AROMEHD
roche_de_glun;AROMEIFS;2026-10-11T00:00;AROMEHD;2.50;8.60;360.0;12.4;0.00;0.0;AROMEHD
roche_de_glun;AROMEIFS;2026-10-11T01:00;AROMEHD;2.00;4.10;6.0;11.2;0.00;13.0;AROMEHD
roche_de_glun;AROMEIFS;2026-10-11T02:00;AROMEHD;2.30;3.70;340.0;10.4;0.00;1.0;AROMEHD
roche_de_glun;AROMEIFS;2026-10-11T03:00;AROMEHD;3.50;6.20;333.0;10.4;0.00;0.0;AROMEHD
roche_de_glun;AROMEIFS;2026-10-11T04:00;AROMEHD;4.50;8.60;335.0;10.4;0.00;12.8;AROMEHD
roche_de_glun;AROMEIFS;2026-10-11T05:00;AROMEHD;4.80;9.30;333.0;10.6;0.00;23.2;AROMEHD
roche_de_glun;AROMEIFS;2026-10-11T06:00;AROMEHD;4.00;9.50;337.0;10.5;0.00;25.0;AROMEHD
roche_de_glun;AROMEIFS;2026-10-11T07:00;AROMEHD;4.10;7.40;341.0;10.1;0.00;1.2;AROMEHD
roche_de_glun;AROMEIFS;2026-10-11T08:00;AROMEHD;5.50;10.50;333.0;10.1;0.00;14.5;AROMEHD
roche_de_glun;AROMEIFS;2026-10-11T09:00;AROMEHD;4.10;10.50;8.0;10.6;0.00;6.5;AROMEHD
roche_de_glun;AROMEIFS;2026-10-11T10:00;AROMEHD;5.10;11.10;353.0;12.1;0.00;0.0;AROMEHD
roche_de_glun;AROMEIFS;2026-10-11T11:00;AROMEHD;6.90;15.00;342.0;13.6;0.00;23.8;AROMEHD
roche_de_glun;AROMEIFS;2026-10-11T12:00;AROMEHD;7.90;16.90;349.0;15.0;0.00;0.5;AROMEHD
roche_de_glun;AROMEIFS;2026-10-11T13:00;AROMEHD;8.90;18.90;351.0;16.1;0.00;25.0;AROMEHD
roche_de_glun;AROMEIFS;2026-10-11T14:00;AROMEHD;8.80;19.60;4.0;17.0;0.00;25.0;AROMEHD
roche_de_glun;AROMEIFS;2026-10-11T15:00;AROMEHD;8.80;18.70;6.0;17.2;0.00;25.0;AROMEHD
roche_de_glun;AROMEIFS;2026-10-11T16:00;AROMEHD;8.10;18.70;11.0;17.1;0.00;25.0;AROMEHD
roche_de_glun;AROMEIFS;2026-10-11T17:00;AROMEHD;8.30;17.70;11.0;16.6;0.00;96.0;AROMEHD
roche_de_glun;AROMEIFS;2026-10-11T18:00;AROMEHD;7.20;17.50;13.0;16.0;0.00;99.0;AROMEHD
roche_de_glun;AROMEIFS;2026-10-11T19:00;AROMEHD;6.00;15.00;2.0;15.2;0.00;100.0;AROMEHD
roche_de_glun;AROMEIFS;2026-10-11T20:00;AROMEHD;5.40;12.20;345.0;14.5;0.00;100.0;AROMEHD
roche_de_glun;AROMEIFS;2026-10-11T21:00;AROMEHD;5.70;11.70;332.0;13.7;0.00;0.0;AROMEHD
roche_de_glun;AROMEIFS;2026-10-11T22:00;AROMEHD;6.20;12.40;332.0;13.1;0.00;0.0;AROMEHD
roche_de_glun;AROMEIFS;2026-10-11T23:00;AROMEHD;7.30;15.20;331.0;12.9;0.00;0.0;AROMEHD
roche_de_glun;AROMEIFS;2026-10-12T00:00;AROMEHD;7.40;16.30;327.0;12.6;0.00;0.0;AROMEHD
roche_de_glun;AROMEIFS;2026-10-12T01:00;AROMEHD;6.40;15.70;337.0;12.3;0.00;0.0;AROMEHD
roche_de_glun;AROMEIFS;2026-10-12T02:00;AROMEHD;5.40;14.40;345.0;11.9;0.00;0.0;AROMEHD
roche_de_glun;AROMEIFS;2026-10-12T03:00;AROMEHD;4.70;12.10;353.0;11.4;0.00;0.0;AROMEHD
roche_de_glun;AROMEIFS;2026-10-12T04:00;AROMEHD;4.70;9.50;351.0;10.7;0.00;0.0;AROMEHD
roche_de_glun;AROMEIFS;2026-10-12T05:00;AROMEHD;5.20;10.90;345.0;10.3;0.00;0.0;AROMEHD
roche_de_glun;AROMEIFS;2026-10-12T06:00;AROMEHD;5.70;11.90;338.0;10.1;0.00;0.0;AROMEHD
roche_de_glun;AROMEIFS;2026-10-12T07:00;AROMEHD;5.80;11.90;340.0;10.0;0.00;0.0;AROMEHD
roche_de_glun;AROMEIFS;2026-10-12T08:00;AROMEHD;5.30;11.70;343.0;9.8;0.00;0.0;AROMEHD
roche_de_glun;AROMEIFS;2026-10-12T09:00;AROMEHD;5.70;12.20;342.0;10.5;0.00;0.0;AROMEHD
roche_de_glun;AROMEIFS;2026-10-12T10:00;AROMEHD;6.70;14.60;343.0;12.1;0.00;0.0;AROMEHD
roche_de_glun;AROMEIFS;2026-10-12T11:00;AROMEHD;7.00;15.40;346.0;13.6;0.00;0.0;AROMEHD
roche_de_glun;AROMEIFS;2026-10-12T12:00;ARPEGE;11.30;20.40;3.0;15.6;0.00;7.0;ARPEGE
roche_de_glun;AROMEIFS;2026-10-12T13:00;ARPEGE;10.40;20.00;9.0;17.0;0.00;27.0;ARPEGE
roche_de_glun;AROMEIFS;2026-10-12T14:00;ARPEGE;9.70;18.90;10.0;18.3;0.00;44.0;ARPEGE
roche_de_glun;AROMEIFS;2026-10-12T15:00;ARPEGE;9.90;18.30;11.0;19.1;0.00;44.0;ARPEGE
roche_de_glun;AROMEIFS;2026-10-12T16:00;ARPEGE;9.70;18.30;10.0;19.5;0.00;28.0;ARPEGE
roche_de_glun;AROMEIFS;2026-10-12T17:00;ARPEGE;9.60;17.30;6.0;19.4;0.00;25.0;ARPEGE
roche_de_glun;AROMEIFS;2026-10-12T18:00;ARPEGE;8.90;16.50;1.0;18.7;0.00;36.0;ARPEGE
roche_de_glun;AROMEIFS;2026-10-12T19:00;ARPEGE;8.60;14.80;357.0;17.3;0.00;29.0;ARPEGE
roche_de_glun;AROMEIFS;2026-10-12T20:00;ARPEGE;7.80;13.20;353.0;15.8;0.00;22.0;ARPEGE
roche_de_glun;AROMEIFS;2026-10-12T21:00;ARPEGE;6.10;11.50;349.0;14.4;0.00;27.0;ARPEGE
roche_de_glun;AROMEIFS;2026-10-12T22:00;ARPEGE;5.40;8.60;339.0;13.4;0.00;20.0;ARPEGE
roche_de_glun;AROMEIFS;2026-10-12T23:00;ARPEGE;5.70;7.80;333.0;12.8;0.00;32.0;ARPEGE
roche_de_glun;AROMEIFS;2026-10-13T00:00;ARPEGE;5.30;7.80;341.0;12.3;0.00;44.0;ARPEGE
roche_de_glun;AROMEIFS;2026-10-13T01:00;ARPEGE;4.90;7.40;344.0;11.8;0.00;54.0;ARPEGE
roche_de_glun;AROMEIFS;2026-10-13T02:00;ARPEGE;4.80;6.40;346.0;11.4;0.00;64.0;ARPEGE
roche_de_glun;AROMEIFS;2026-10-13T03:00;ARPEGE;5.30;7.00;343.0;11.4;0.00;91.0;ARPEGE
roche_de_glun;AROMEIFS;2026-10-13T04:00;ARPEGE;5.80;8.40;340.0;11.5;0.00;92.0;ARPEGE
roche_de_glun;AROMEIFS;2026-10-13T05:00;ARPEGE;5.00;8.40;344.0;11.4;0.00;43.0;ARPEGE
roche_de_glun;AROMEIFS;2026-10-13T06:00;ARPEGE;4.00;7.20;349.0;10.8;0.00;26.0;ARPEGE
roche_de_glun;AROMEIFS;2026-10-13T07:00;ARPEGE;5.30;6.80;336.0;10.5;0.00;18.0;ARPEGE
roche_de_glun;AROMEIFS;2026-10-13T08:00;ARPEGE;4.40;7.40;345.0;10.4;0.00;8.0;ARPEGE
roche_de_glun;AROMEIFS;2026-10-13T09:00;ARPEGE;5.80;8.40;340.0;11.0;0.00;6.0;ARPEGE
roche_de_glun;AROMEIFS;2026-10-13T10:00;ARPEGE;6.90;11.10;344.0;13.2;0.00;3.0;ARPEGE
roche_de_glun;AROMEIFS;2026-10-13T11:00;ARPEGE;6.90;12.20;352.0;15.3;0.00;1.0;ARPEGE
roche_de_glun;AROMEIFS;2026-10-13T12:00;ARPEGE;6.40;12.40;358.0;17.2;0.00;0.0;ARPEGE
roche_de_glun;AROMEIFS;2026-10-13T13:00;ARPEGE;6.00;12.20;360.0;18.8;0.00;0.0;ARPEGE
roche_de_glun;AROMEIFS;2026-10-13T14:00;ARPEGE;6.10;12.40;354.0;20.4;0.00;0.0;ARPEGE
roche_de_glun;AROMEIFS;2026-10-13T15:00;ARPEGE;6.40;12.80;357.0;21.5;0.00;3.0;ARPEGE
roche_de_glun;AROMEIFS;2026-10-13T16:00;ARPEGE;6.80;13.00;5.0;22.2;0.00;1.0;ARPEGE
roche_de_glun;AROMEIFS;2026-10-13T17:00;ARPEGE;7.40;13.20;5.0;22.3;0.00;1.0;ARPEGE
roche_de_glun;AROMEIFS;2026-10-13T18:00;ARPEGE;8.00;13.20;359.0;21.7;0.00;20.0;ARPEGE
roche_de_glun;AROMEIFS;2026-10-13T19:00;ARPEGE;7.10;12.40;349.0;20.0;0.00;20.0;ARPEGE
roche_de_glun;AROMEIFS;2026-10-13T20:00;ARPEGE;7.90;11.30;338.0;18.3;0.00;7.0;ARPEGE
roche_de_glun;AROMEIFS;2026-10-13T21:00;ARPEGE;7.40;11.70;342.0;17.1;0.00;0.0;ARPEGE
roche_de_glun;AROMEIFS;2026-10-13T22:00;ARPEGE;6.10;10.50;349.0;15.9;0.00;4.0;ARPEGE
roche_de_glun;AROMEIFS;2026-10-13T23:00;ARPEGE;6.10;8.60;351.0;15.1;0.00;17.0;ARPEGE
roche_de_glun;AROMEIFS;2026-10-14T00:00;ARPEGE;6.60;8.70;339.0;14.5;0.00;67.0;ARPEGE
roche_de_glun;AROMEIFS;2026-10-14T01:00;ARPEGE;7.10;9.30;343.0;14.1;0.00;97.0;ARPEGE
roche_de_glun;AROMEIFS;2026-10-14T02:00;ARPEGE;6.80;9.30;347.0;13.7;0.00;71.0;ARPEGE
roche_de_glun;AROMEIFS;2026-10-14T03:00;ARPEGE;6.60;9.10;346.0;13.3;0.00;77.0;ARPEGE
roche_de_glun;AROMEIFS;2026-10-14T04:00;ARPEGE;6.90;9.70;344.0;13.2;0.00;53.0;ARPEGE
roche_de_glun;AROMEIFS;2026-10-14T05:00;ARPEGE;7.20;10.90;354.0;13.3;0.00;41.0;ARPEGE
roche_de_glun;AROMEIFS;2026-10-14T06:00;ARPEGE;7.60;10.90;3.0;13.3;0.00;62.0;ARPEGE
roche_de_glun;AROMEIFS;2026-10-14T07:00;ARPEGE;6.70;11.10;8.0;13.1;0.00;34.0;ARPEGE
roche_de_glun;AROMEIFS;2026-10-14T08:00;ARPEGE;7.10;9.10;339.0;12.8;0.00;0.0;ARPEGE
roche_de_glun;AROMEIFS;2026-10-14T09:00;ARPEGE;7.20;10.50;336.0;13.2;0.00;17.0;ARPEGE
roche_de_glun;AROMEIFS;2026-10-14T10:00;ARPEGE;6.70;10.70;353.0;14.7;0.00;32.0;ARPEGE
roche_de_glun;AROMEIFS;2026-10-14T11:00;ARPEGE;8.00;14.00;360.0;16.9;0.00;73.0;ARPEGE
roche_de_glun;AROMEIFS;2026-10-14T12:00;ARPEGE;8.80;15.90;3.0;19.0;0.00;64.0;ARPEGE
roche_de_glun;AROMEIFS;2026-10-14T13:00;ARPEGE;9.40;17.10;6.0;20.4;0.00;32.0;ARPEGE
roche_de_glun;AROMEIFS;2026-10-14T14:00;ARPEGE;11.10;19.60;10.0;21.4;0.00;12.0;ARPEGE
roche_de_glun;AROMEIFS;2026-10-14T15:00;IFS;7.40;17.50;358.0;21.4;0.00;29.0;IFS
roche_de_glun;AROMEIFS;2026-10-14T16:00;IFS;7.40;17.30;358.0;21.5;0.00;12.0;IFS
roche_de_glun;AROMEIFS;2026-10-14T17:00;IFS;6.90;16.70;358.0;21.2;0.00;0.0;IFS
roche_de_glun;AROMEIFS;2026-10-14T18:00;IFS;5.70;16.10;356.0;19.9;0.00;0.0;IFS
roche_de_glun;AROMEIFS;2026-10-14T19:00;IFS;4.20;15.40;351.0;18.1;0.00;0.0;IFS
roche_de_glun;AROMEIFS;2026-10-14T20:00;IFS;3.00;14.00;341.0;16.5;0.00;0.0;IFS
roche_de_glun;AROMEIFS;2026-10-14T21:00;IFS;2.40;11.70;333.0;15.5;0.00;0.0;IFS
roche_de_glun;AROMEIFS;2026-10-14T22:00;IFS;2.00;8.60;325.0;14.6;0.00;0.0;IFS
roche_de_glun;AROMEIFS;2026-10-14T23:00;IFS;1.70;6.20;317.0;13.9;0.00;0.0;IFS
roche_de_glun;AROMEIFS;2026-10-15T00:00;IFS;1.20;4.90;309.0;13.4;0.00;0.0;IFS
roche_de_glun;AROMEIFS;2026-10-15T01:00;IFS;0.80;4.10;300.0;13.0;0.00;0.0;IFS
roche_de_glun;AROMEIFS;2026-10-15T02:00;IFS;0.40;3.50;284.0;12.6;0.00;0.0;IFS
roche_de_glun;AROMEIFS;2026-10-15T03:00;IFS;0.30;2.50;252.0;12.2;0.00;30.0;IFS
roche_de_glun;AROMEIFS;2026-10-15T04:00;IFS;0.30;1.70;225.0;11.8;0.00;70.0;IFS
roche_de_glun;AROMEIFS;2026-10-15T05:00;IFS;0.40;1.40;214.0;11.5;0.00;100.0;IFS
roche_de_glun;AROMEIFS;2026-10-15T06:00;IFS;0.60;1.70;219.0;11.2;0.00;100.0;IFS
roche_de_glun;AROMEIFS;2026-10-15T07:00;IFS;0.80;2.70;225.0;11.1;0.00;100.0;IFS
roche_de_glun;AROMEIFS;2026-10-15T08:00;IFS;1.00;3.70;221.0;11.3;0.00;100.0;IFS
roche_de_glun;AROMEIFS;2026-10-15T09:00;IFS;0.90;4.70;207.0;11.7;0.00;100.0;IFS
roche_de_glun;AROMEIFS;2026-10-15T10:00;IFS;0.80;5.60;166.0;12.5;0.00;100.0;IFS
roche_de_glun;AROMEIFS;2026-10-15T11:00;IFS;1.20;6.60;151.0;13.7;0.00;100.0;IFS
roche_de_glun;AROMEIFS;2026-10-15T12:00;IFS;1.90;7.80;156.0;15.7;0.00;71.0;IFS
roche_de_glun;AROMEIFS;2026-10-15T13:00;IFS;2.70;8.90;163.0;18.2;0.00;30.0;IFS
roche_de_glun;AROMEIFS;2026-10-15T14:00;IFS;3.70;10.50;171.0;20.1;0.00;1.0;IFS
roche_de_glun;AROMEIFS;2026-10-15T15:00;IFS;5.20;12.40;180.0;21.2;0.00;0.0;IFS
roche_de_glun;AROMEIFS;2026-10-15T16:00;IFS;6.70;14.60;186.0;21.8;0.00;0.0;IFS
roche_de_glun;AROMEIFS;2026-10-15T17:00;IFS;7.80;16.10;188.0;21.7;0.00;0.0;IFS
roche_de_glun;AROMEIFS;2026-10-15T18:00;IFS;7.50;16.50;185.0;20.5;0.00;0.0;IFS
roche_de_glun;AROMEIFS;2026-10-15T19:00;IFS;6.60;16.30;180.0;18.7;0.00;0.0;IFS
roche_de_glun;AROMEIFS;2026-10-15T20:00;IFS;5.70;15.60;177.0;17.1;0.00;0.0;IFS
roche_de_glun;AROMEIFS;2026-10-15T21:00;IFS;5.10;14.40;182.0;16.2;0.00;0.0;IFS
roche_de_glun;AROMEIFS;2026-10-15T22:00;IFS;4.50;12.80;193.0;15.6;0.00;0.0;IFS
roche_de_glun;AROMEIFS;2026-10-15T23:00;IFS;4.20;11.50;202.0;15.1;0.00;0.0;IFS
roche_de_glun;AROMEIFS;2026-10-16T00:00;IFS;4.70;11.10;191.0;14.4;0.00;0.0;IFS
roche_de_glun;AROMEIFS;2026-10-16T01:00;IFS;4.20;9.70;195.0;13.8;0.00;0.0;IFS
roche_de_glun;AROMEIFS;2026-10-16T02:00;IFS;3.90;8.70;199.0;13.3;0.00;6.0;IFS
roche_de_glun;AROMEIFS;2026-10-16T03:00;IFS;3.60;8.40;202.0;12.9;0.00;18.0;IFS
roche_de_glun;AROMEIFS;2026-10-16T04:00;IFS;3.20;8.00;205.0;12.4;0.00;37.0;IFS
roche_de_glun;AROMEIFS;2026-10-16T05:00;IFS;2.90;8.00;206.0;12.0;0.00;58.0;IFS
roche_de_glun;AROMEIFS;2026-10-16T06:00;IFS;2.50;8.00;208.0;11.8;0.00;78.0;IFS
roche_de_glun;AROMEIFS;2026-10-16T07:00;IFS;2.10;8.20;211.0;11.8;0.00;92.0;IFS
roche_de_glun;AROMEIFS;2026-10-16T08:00;IFS;1.60;8.20;218.0;12.1;0.00;98.0;IFS
roche_de_glun;AROMEIFS;2026-10-16T09:00;IFS;1.10;8.20;225.0;13.0;0.00;92.0;IFS
roche_de_glun;AROMEIFS;2026-10-16T10:00;IFS;0.60;8.00;252.0;14.3;0.00;76.0;IFS
roche_de_glun;AROMEIFS;2026-10-16T11:00;IFS;0.50;8.00;315.0;15.8;0.00;55.0;IFS
roche_de_glun;AROMEIFS;2026-10-16T12:00;IFS;1.10;8.00;355.0;17.3;0.00;33.0;IFS
roche_de_glun;AROMEIFS;2026-10-16T13:00;IFS;1.80;8.20;3.0;18.6;0.00;16.0;IFS
roche_de_glun;AROMEIFS;2026-10-16T14:00;IFS;2.50;8.70;4.0;19.4;0.00;6.0;IFS
roche_de_glun;AROMEIFS;2026-10-16T15:00;IFS;3.50;9.70;5.0;19.7;0.00;6.0;IFS
roche_de_glun;AROMEIFS;2026-10-16T16:00;IFS;4.80;11.30;4.0;19.6;0.00;11.0;IFS
roche_de_glun;AROMEIFS;2026-10-16T17:00;IFS;6.10;13.00;2.0;19.3;0.00;21.0;IFS
roche_de_glun;AROMEIFS;2026-10-16T18:00;IFS;7.30;14.80;2.0;18.8;0.00;32.0;IFS
roche_de_glun;AROMEIFS;2026-10-16T19:00;IFS;8.30;16.30;1.0;18.3;0.00;42.0;IFS
roche_de_glun;AROMEIFS;2026-10-16T20:00;IFS;8.80;17.30;1.0;17.9;0.00;49.0;IFS
roche_de_glun;AROMEIFS;2026-10-16T21:00;IFS;8.70;17.70;1.0;17.5;0.00;52.0;IFS
roche_de_glun;AROMEIFS;2026-10-16T22:00;IFS;8.20;17.70;1.0;17.0;0.00;54.0;IFS
roche_de_glun;AROMEIFS;2026-10-16T23:00;IFS;7.40;17.30;2.0;16.5;0.00;55.0;IFS
roche_de_glun;AROMEIFS;2026-10-17T00:00;IFS;6.50;16.90;2.0;16.0;0.00;56.0;IFS
roche_de_glun;AROMEIFS;2026-10-17T01:00;IFS;5.90;16.90;2.0;15.5;0.00;58.0;IFS
roche_de_glun;AROMEIFS;2026-10-17T02:00;IFS;5.80;17.30;3.0;15.0;0.00;61.0;IFS
roche_de_glun;AROMEIFS;2026-10-17T03:00;IFS;6.30;18.30;4.0;14.5;0.00;67.0;IFS
roche_de_glun;AROMEIFS;2026-10-17T04:00;IFS;7.20;19.60;4.0;14.0;0.00;75.0;IFS
roche_de_glun;AROMEIFS;2026-10-17T05:00;IFS;8.40;21.20;4.0;13.4;0.00;84.0;IFS
roche_de_glun;AROMEIFS;2026-10-17T06:00;IFS;9.60;22.70;4.0;12.9;0.00;92.0;IFS
roche_de_glun;AROMEIFS;2026-10-17T07:00;IFS;10.80;24.30;4.0;12.5;0.00;98.0;IFS
roche_de_glun;AROMEIFS;2026-10-17T08:00;IFS;11.80;25.70;4.0;12.2;0.00;100.0;IFS
roche_de_glun;AROMEIFS;2026-10-17T09:00;IFS;12.60;26.80;4.0;12.2;0.00;97.0;IFS
roche_de_glun;AROMEIFS;2026-10-17T10:00;IFS;13.40;28.00;3.0;12.2;0.00;90.0;IFS
roche_de_glun;AROMEIFS;2026-10-17T11:00;IFS;14.10;29.00;3.0;12.4;0.00;81.0;IFS
roche_de_glun;AROMEIFS;2026-10-17T12:00;IFS;14.80;29.90;2.0;12.6;0.00;71.0;IFS
roche_de_glun;AROMEIFS;2026-10-17T13:00;IFS;15.20;30.70;2.0;12.8;0.00;64.0;IFS
roche_de_glun;AROMEIFS;2026-10-17T14:00;IFS;15.50;31.30;2.0;12.9;0.00;61.0;IFS
roche_de_glun;AROMEIFS;2026-10-17T15:00;IFS;15.50;31.70;2.0;12.8;0.00;63.0;IFS
roche_de_glun;AROMEIFS;2026-10-17T16:00;IFS;15.10;31.90;2.0;12.7;0.00;68.0;IFS
roche_de_glun;AROMEIFS;2026-10-17T17:00;IFS;14.60;32.10;2.0;12.6;0.00;76.0;IFS
roche_de_glun;AROMEIFS;2026-10-17T18:00;IFS;14.10;32.10;2.0;12.4;0.00;84.0;IFS
roche_de_glun;AROMEIFS;2026-10-17T19:00;IFS;13.60;31.90;2.0;12.2;0.00;91.0;IFS
roche_de_glun;AROMEIFS;2026-10-17T20:00;IFS;13.30;31.70;2.0;11.9;0.00;96.0;IFS
roche_de_glun;AROMEIFS;2026-10-17T21:00;IFS;13.20;31.30;1.0;11.6;0.00;98.0;IFS
roche_de_glun;AROMEIFS;2026-10-17T22:00;IFS;13.30;30.70;360.0;11.3;0.00;99.0;IFS
roche_de_glun;AROMEIFS;2026-10-17T23:00;IFS;13.40;30.10;358.0;10.9;0.00;100.0;IFS
roche_de_glun;AROMEIFS;2026-10-18T00:00;IFS;13.50;29.40;357.0;10.5;0.00;99.0;IFS
roche_de_glun;AROMEIFS;2026-10-18T01:00;IFS;13.60;28.80;356.0;10.2;0.00;99.0;IFS
roche_de_glun;AROMEIFS;2026-10-18T02:00;IFS;13.60;28.40;355.0;9.9;0.00;99.0;IFS
roche_de_glun;AROMEIFS;2026-10-18T03:00;IFS;13.40;28.20;354.0;9.8;0.00;99.0;IFS
roche_de_glun;AROMEIFS;2026-10-18T04:00;IFS;13.20;28.20;354.0;9.7;0.00;100.0;IFS
roche_de_glun;AROMEIFS;2026-10-18T05:00;IFS;12.90;28.20;354.0;9.6;0.00;100.0;IFS
roche_de_glun;AROMEIFS;2026-10-18T06:00;IFS;12.60;28.20;355.0;9.6;0.00;100.0;IFS
roche_de_glun;AROMEIFS;2026-10-18T07:00;IFS;12.20;28.00;355.0;9.6;0.00;100.0;IFS
roche_de_glun;AROMEIFS;2026-10-18T08:00;IFS;11.80;27.80;355.0;9.7;0.00;100.0;IFS
roche_de_glun;AROMEIFS;2026-10-18T09:00;IFS;11.30;27.40;355.0;9.7;0.80;100.0;IFS
roche_de_glun;AROMEIFS;2026-10-18T10:00;IFS;10.80;26.60;355.0;9.8;0.80;100.0;IFS
roche_de_glun;AROMEIFS;2026-10-18T11:00;IFS;10.20;26.00;355.0;9.9;0.80;100.0;IFS
roche_de_glun;AROMEIFS;2026-10-18T12:00;IFS;9.80;25.30;355.0;10.1;0.80;100.0;IFS
roche_de_glun;AROMEIFS;2026-10-18T13:00;IFS;9.30;24.30;355.0;10.2;0.80;100.0;IFS
roche_de_glun;AROMEIFS;2026-10-18T14:00;IFS;8.90;23.50;354.0;10.3;0.80;100.0;IFS
roche_de_glun;AROMEIFS;2026-10-18T15:00;IFS;8.60;22.50;354.0;10.3;0.90;100.0;IFS
roche_de_glun;AROMEIFS;2026-10-18T16:00;IFS;8.50;21.40;353.0;10.4;0.90;100.0;IFS
roche_de_glun;AROMEIFS;2026-10-18T17:00;IFS;8.50;20.20;351.0;10.4;0.90;100.0;IFS
roche_de_glun;AROMEIFS;2026-10-18T18:00;IFS;8.50;19.00;350.0;10.4;0.90;100.0;IFS
roche_de_glun;AROMEIFS;2026-10-18T19:00;IFS;8.30;18.10;349.0;10.4;0.90;100.0;IFS
roche_de_glun;AROMEIFS;2026-10-18T20:00;IFS;8.10;17.30;348.0;10.4;0.90;100.0;IFS
roche_de_glun;AROMEIFS;2026-10-18T21:00;IFS;7.80;16.70;348.0;10.4;0.00;98.0;IFS
roche_de_glun;AROMEIFS;2026-10-18T22:00;IFS;7.40;16.30;348.0;10.4;0.00;94.0;IFS
roche_de_glun;AROMEIFS;2026-10-18T23:00;IFS;6.80;16.10;347.0;10.3;0.00;91.0;IFS
roche_de_glun;AROMEIFS;2026-10-19T00:00;IFS;6.30;15.90;347.0;10.3;0.00;87.0;IFS
roche_de_glun;AROMEIFS;2026-10-19T01:00;IFS;5.90;15.70;347.0;10.2;0.00;84.0;IFS
roche_de_glun;AROMEIFS;2026-10-19T02:00;IFS;5.50;15.40;346.0;10.0;0.00;83.0;IFS
roche_de_glun;AROMEIFS;2026-10-19T03:00;IFS;5.30;14.60;344.0;9.8;0.00;84.0;IFS
roche_de_glun;AROMEIFS;2026-10-19T04:00;IFS;5.00;13.60;341.0;9.3;0.00;87.0;IFS
roche_de_glun;AROMEIFS;2026-10-19T05:00;IFS;4.90;12.60;338.0;8.9;0.00;90.0;IFS
roche_de_glun;AROMEIFS;2026-10-19T06:00;IFS;4.80;11.70;335.0;8.5;0.00;94.0;IFS
roche_de_glun;AROMEIFS;2026-10-19T07:00;IFS;4.90;11.10;334.0;8.4;0.00;97.0;IFS
roche_de_glun;AROMEIFS;2026-10-19T08:00;IFS;5.00;11.10;335.0;8.6;0.00;99.0;IFS
roche_de_glun;AROMEIFS;2026-10-19T09:00;IFS;5.40;11.90;339.0;9.3;0.00;99.0;IFS
roche_de_glun;AROMEIFS;2026-10-19T10:00;IFS;5.90;13.20;345.0;10.5;0.00;98.0;IFS
roche_de_glun;AROMEIFS;2026-10-19T11:00;IFS;6.70;15.00;350.0;11.9;0.00;96.0;IFS
roche_de_glun;AROMEIFS;2026-10-19T12:00;IFS;7.50;16.70;355.0;13.3;0.00;95.0;IFS
roche_de_glun;AROMEIFS;2026-10-19T13:00;IFS;8.30;18.30;358.0;14.5;0.00;93.0;IFS
roche_de_glun;AROMEIFS;2026-10-19T14:00;IFS;8.70;19.20;359.0;15.2;0.00;92.0;IFS
roche_de_glun;AROMEIFS;2026-10-19T15:00;IFS;8.90;19.80;360.0;15.3;0.00;93.0;IFS
roche_de_glun;AROMEIFS;2026-10-19T16:00;IFS;9.00;20.00;360.0;15.0;0.00;95.0;IFS
roche_de_glun;AROMEIFS;2026-10-19T17:00;IFS;9.00;20.00;359.0;14.5;0.00;98.0;IFS
roche_de_glun;AROMEIFS;2026-10-19T18:00;IFS;8.80;19.80;358.0;13.9;0.00;99.0;IFS
roche_de_glun;AROMEIFS;2026-10-19T19:00;IFS;8.70;19.60;357.0;13.2;0.00;98.0;IFS
roche_de_glun;AROMEIFS;2026-10-19T20:00;IFS;8.50;19.40;356.0;12.7;0.00;93.0;IFS
roche_de_glun;AROMEIFS;2026-10-19T21:00;IFS;8.20;19.00;355.0;12.3;0.00;82.0;IFS
roche_de_glun;AROMEIFS;2026-10-19T22:00;IFS;7.80;18.70;354.0;11.9;0.00;65.0;IFS
roche_de_glun;AROMEIFS;2026-10-19T23:00;IFS;7.50;18.10;352.0;11.4;0.00;45.0;IFS
roche_de_glun;AROMEIFS;2026-10-20T00:00;IFS;7.10;17.50;350.0;11.0;0.00;26.0;IFS
roche_de_glun;AROMEIFS;2026-10-20T01:00;IFS;6.80;17.10;347.0;10.6;0.00;10.0;IFS
roche_de_glun;AROMEIFS;2026-10-20T02:00;IFS;6.60;16.70;345.0;10.1;0.00;2.0;IFS
roche_de_glun;AROMEIFS;2026-10-20T03:00;IFS;6.60;16.30;342.0;9.6;0.00;2.0;IFS
roche_de_glun;AROMEIFS;2026-10-20T04:00;IFS;6.80;16.10;339.0;9.0;0.00;7.0;IFS
roche_de_glun;AROMEIFS;2026-10-20T05:00;IFS;7.00;15.90;336.0;8.3;0.00;17.0;IFS
roche_de_glun;AROMEIFS;2026-10-20T06:00;IFS;7.20;15.70;334.0;7.8;0.00;28.0;IFS
roche_de_glun;AROMEIFS;2026-10-20T07:00;IFS;7.50;15.90;334.0;7.5;0.00;38.0;IFS
roche_de_glun;AROMEIFS;2026-10-20T08:00;IFS;7.80;16.30;335.0;7.7;0.00;45.0;IFS
roche_de_glun;AROMEIFS;2026-10-20T09:00;IFS;8.20;17.30;339.0;8.4;0.00;49.0;IFS
roche_de_glun;AROMEIFS;2026-10-20T10:00;IFS;8.80;18.50;343.0;9.6;0.00;51.0;IFS
roche_de_glun;AROMEIFS;2026-10-20T11:00;IFS;9.50;20.00;348.0;11.1;0.00;52.0;IFS
roche_de_glun;AROMEIFS;2026-10-20T12:00;IFS;10.20;21.60;352.0;12.5;0.00;54.0;IFS
roche_de_glun;AROMEIFS;2026-10-20T13:00;IFS;10.80;23.10;355.0;13.8;0.00;56.0;IFS
roche_de_glun;AROMEIFS;2026-10-20T14:00;IFS;11.30;24.10;358.0;14.5;0.00;59.0;IFS
roche_de_glun;AROMEIFS;2026-10-20T15:00;IFS;11.50;24.70;360.0;14.6;0.00;65.0;IFS
roche_de_glun;AROMEIFS;2026-10-20T16:00;IFS;11.50;25.30;1.0;14.4;0.00;72.0;IFS
roche_de_glun;AROMEIFS;2026-10-20T17:00;IFS;11.30;25.50;3.0;13.9;0.00;80.0;IFS
roche_de_glun;AROMEIFS;2026-10-20T18:00;IFS;11.20;25.70;4.0;13.3;0.00;87.0;IFS
roche_de_glun;AROMEIFS;2026-10-20T19:00;IFS;11.00;25.90;5.0;12.7;0.00;94.0;IFS
roche_de_glun;AROMEIFS;2026-10-20T20:00;IFS;11.00;25.90;6.0;12.2;0.00;98.0;IFS
roche_de_glun;AROMEIFS;2026-10-20T21:00;IFS;11.10;25.90;6.0;11.9;0.00;100.0;IFS
roche_de_glun;AROMEIFS;2026-10-20T22:00;IFS;11.30;25.70;5.0;11.5;0.00;100.0;IFS
roche_de_glun;AROMEIFS;2026-10-20T23:00;IFS;11.60;25.30;5.0;11.1;0.00;100.0;IFS
roche_de_glun;AROMEIFS;2026-10-21T00:00;IFS;11.90;25.10;4.0;10.8;0.00;100.0;IFS
roche_de_glun;AROMEIFS;2026-10-21T01:00;IFS;12.10;24.90;4.0;10.4;0.00;98.0;IFS
roche_de_glun;AROMEIFS;2026-10-21T02:00;IFS;12.20;24.70;4.0;10.1;0.00;96.0;IFS
roche_de_glun;AROMEIFS;2026-10-21T03:00;IFS;12.30;24.70;5.0;9.6;0.00;93.0;IFS
roche_de_glun;AROMEIFS;2026-10-21T04:00;IFS;12.40;24.70;5.0;9.1;0.00;89.0;IFS
roche_de_glun;AROMEIFS;2026-10-21T05:00;IFS;12.50;24.70;7.0;8.5;0.00;85.0;IFS
roche_de_glun;AROMEIFS;2026-10-21T06:00;IFS;12.60;24.90;8.0;8.1;0.00;79.0;IFS
roche_de_glun;AROMEIFS;2026-10-21T07:00;IFS;12.40;24.90;9.0;7.9;0.00;73.0;IFS
roche_de_glun;AROMEIFS;2026-10-21T08:00;IFS;12.00;25.10;9.0;8.0;0.00;66.0;IFS
roche_de_glun;AROMEIFS;2026-10-21T09:00;IFS;11.20;25.50;9.0;8.7;0.00;57.0;IFS
roche_de_glun;AROMEIFS;2026-10-21T10:00;IFS;10.10;25.90;8.0;9.9;0.00;47.0;IFS
roche_de_glun;AROMEIFS;2026-10-21T11:00;IFS;8.80;26.40;6.0;11.3;0.00;36.0;IFS
roche_de_glun;AROMEIFS;2026-10-21T12:00;IFS;7.50;26.80;4.0;12.6;0.00;25.0;IFS
roche_de_glun;AROMEIFS;2026-10-21T13:00;IFS;6.20;26.80;1.0;13.7;0.00;15.0;IFS
roche_de_glun;AROMEIFS;2026-10-21T14:00;IFS;5.40;26.20;357.0;14.3;0.00;8.0;IFS
roche_de_glun;AROMEIFS;2026-10-21T15:00;IFS;4.70;24.90;352.0;14.2;0.00;4.0;IFS
roche_de_glun;AROMEIFS;2026-10-21T16:00;IFS;4.40;22.70;346.0;13.8;0.00;2.0;IFS
roche_de_glun;AROMEIFS;2026-10-21T17:00;IFS;4.20;20.20;339.0;13.1;0.00;1.0;IFS
roche_de_glun;AROMEIFS;2026-10-21T18:00;IFS;4.00;17.50;334.0;12.2;0.00;1.0;IFS
roche_de_glun;AROMEIFS;2026-10-21T19:00;IFS;3.90;15.20;328.0;11.3;0.00;1.0;IFS
roche_de_glun;AROMEIFS;2026-10-21T20:00;IFS;3.70;13.20;325.0;10.6;0.00;1.0;IFS
roche_de_glun;AROMEIFS;2026-10-21T21:00;IFS;3.40;11.90;321.0;9.9;0.00;0.0;IFS
roche_de_glun;AROMEIFS;2026-10-21T22:00;IFS;3.00;10.70;316.0;9.1;0.00;0.0;IFS
roche_de_glun;AROMEIFS;2026-10-21T23:00;IFS;2.50;9.70;312.0;8.3;0.00;0.0;IFS
roche_de_glun;AROMEIFS;2026-10-22T00:00;IFS;2.10;8.70;307.0;7.5;0.00;0.0;IFS
roche_de_glun;AROMEIFS;2026-10-22T01:00;IFS;1.70;8.20;306.0;6.9;0.00;0.0;IFS
roche_de_glun;AROMEIFS;2026-10-22T02:00;IFS;1.50;7.60;305.0;6.4;0.00;0.0;IFS
roche_de_glun;AROMEIFS;2026-10-22T03:00;IFS;1.60;7.20;313.0;6.0;0.00;0.0;IFS
roche_de_glun;AROMEIFS;2026-10-22T04:00;IFS;1.80;6.80;319.0;5.6;0.00;0.0;IFS
roche_de_glun;AROMEIFS;2026-10-22T05:00;IFS;2.30;6.60;329.0;5.3;0.00;0.0;IFS
roche_de_glun;AROMEIFS;2026-10-22T06:00;IFS;2.70;6.40;334.0;5.2;0.00;0.0;IFS
roche_de_glun;AROMEIFS;2026-10-22T07:00;IFS;3.10;6.60;338.0;5.3;0.00;0.0;IFS
roche_de_glun;AROMEIFS;2026-10-22T08:00;IFS;3.40;6.80;342.0;5.9;0.00;0.0;IFS
roche_de_glun;AROMEIFS;2026-10-22T09:00;IFS;3.40;7.40;344.0;7.0;0.00;0.0;IFS
roche_de_glun;AROMEIFS;2026-10-22T10:00;IFS;3.50;8.20;347.0;8.8;0.00;0.0;IFS
roche_de_glun;AROMEIFS;2026-10-22T11:00;IFS;3.50;9.10;350.0;10.8;0.00;0.0;IFS
roche_de_glun;AROMEIFS;2026-10-22T12:00;IFS;3.30;10.10;353.0;12.8;0.00;0.0;IFS
roche_de_glun;AROMEIFS;2026-10-22T13:00;IFS;3.30;11.10;355.0;14.4;0.00;0.0;IFS
roche_de_glun;AROMEIFS;2026-10-22T14:00;IFS;3.20;11.50;353.0;15.3;0.00;0.0;IFS
roche_de_glun;AROMEIFS;2026-10-22T15:00;IFS;3.20;11.50;348.0;15.3;0.00;0.0;IFS
roche_de_glun;AROMEIFS;2026-10-22T16:00;IFS;3.20;11.50;339.0;14.8;0.00;0.0;IFS
roche_de_glun;AROMEIFS;2026-10-22T17:00;IFS;3.30;11.10;330.0;13.9;0.00;0.0;IFS
roche_de_glun;AROMEIFS;2026-10-22T18:00;IFS;3.50;10.50;321.0;12.9;0.00;0.0;IFS
roche_de_glun;AROMEIFS;2026-10-22T19:00;IFS;3.70;10.10;315.0;11.8;0.00;0.0;IFS
roche_de_glun;AROMEIFS;2026-10-22T20:00;IFS;3.80;9.70;312.0;11.0;0.00;0.0;IFS
roche_de_glun;AROMEIFS;2026-10-22T21:00;IFS;3.70;9.30;313.0;10.4;0.00;0.0;IFS
roche_de_glun;AROMEIFS;2026-10-22T22:00;IFS;3.40;8.90;315.0;9.8;0.00;1.0;IFS
roche_de_glun;AROMEIFS;2026-10-22T23:00;IFS;3.20;8.60;320.0;9.2;0.00;2.0;IFS
roche_de_glun;AROMEIFS;2026-10-23T00:00;IFS;3.00;8.20;328.0;8.7;0.00;2.0;IFS
roche_de_glun;AROMEIFS;2026-10-23T01:00;IFS;2.80;7.80;335.0;8.2;0.00;3.0;IFS
roche_de_glun;AROMEIFS;2026-10-23T02:00;IFS;2.70;7.40;341.0;7.8;0.00;3.0;IFS
roche_de_glun;AROMEIFS;2026-10-23T03:00;IFS;2.60;7.00;343.0;7.3;0.00;3.0;IFS
roche_de_glun;AROMEIFS;2026-10-23T04:00;IFS;2.60;6.60;345.0;6.8;0.00;2.0;IFS
roche_de_glun;AROMEIFS;2026-10-23T05:00;IFS;2.60;6.20;345.0;6.3;0.00;1.0;IFS
roche_de_glun;AROMEIFS;2026-10-23T06:00;IFS;2.70;5.80;345.0;6.0;0.00;0.0;IFS
roche_de_glun;AROMEIFS;2026-10-23T07:00;IFS;2.70;5.60;345.0;6.0;0.00;0.0;IFS
roche_de_glun;AROMEIFS;2026-10-23T08:00;IFS;2.80;5.80;346.0;6.4;0.00;0.0;IFS
roche_de_glun;AROMEIFS;2026-10-23T09:00;IFS;2.90;6.40;348.0;7.6;0.00;1.0;IFS
roche_de_glun;AROMEIFS;2026-10-23T10:00;IFS;3.10;7.40;351.0;9.5;0.00;2.0;IFS
roche_de_glun;AROMEIFS;2026-10-23T11:00;IFS;3.30;8.40;353.0;11.6;0.00;4.0;IFS
roche_de_glun;AROMEIFS;2026-10-23T12:00;IFS;3.50;9.50;355.0;13.8;0.00;5.0;IFS
roche_de_glun;AROMEIFS;2026-10-23T13:00;IFS;3.60;10.50;357.0;15.5;0.00;7.0;IFS
roche_de_glun;AROMEIFS;2026-10-23T14:00;IFS;3.60;11.10;355.0;16.4;0.00;7.0;IFS
roche_de_glun;AROMEIFS;2026-10-23T15:00;IFS;3.50;11.30;350.0;16.5;0.00;7.0;IFS
roche_de_glun;AROMEIFS;2026-10-23T16:00;IFS;3.20;11.30;342.0;15.9;0.00;5.0;IFS
roche_de_glun;AROMEIFS;2026-10-23T17:00;IFS;3.00;11.10;333.0;14.9;0.00;4.0;IFS
roche_de_glun;AROMEIFS;2026-10-23T18:00;IFS;2.80;10.90;319.0;13.7;0.00;2.0;IFS
roche_de_glun;AROMEIFS;2026-10-23T19:00;IFS;2.80;10.30;309.0;12.5;0.00;1.0;IFS
roche_de_glun;AROMEIFS;2026-10-23T20:00;IFS;2.70;9.90;300.0;11.6;0.00;0.0;IFS
roche_de_glun;AROMEIFS;2026-10-23T21:00;IFS;2.50;9.30;296.0;10.8;0.00;0.0;IFS
roche_de_glun;AROMEIFS;2026-10-23T22:00;IFS;2.10;8.60;294.0;10.1;0.00;0.0;IFS
roche_de_glun;AROMEIFS;2026-10-23T23:00;IFS;1.80;7.80;289.0;9.4;0.00;0.0;IFS
roche_de_glun;AROMEIFS;2026-10-24T00:00;IFS;1.30;6.80;293.0;8.8;0.00;0.0;IFS
roche_de_glun;AROMEIFS;2026-10-24T01:00;IFS;0.90;6.00;288.0;8.2;0.00;0.0;IFS
roche_de_glun;AROMEIFS;2026-10-24T02:00;IFS;0.60;5.20;288.0;7.8;0.00;0.0;IFS
roche_de_glun;AROMEIFS;2026-10-24T03:00;IFS;0.50;4.50;281.0;7.4;0.00;0.0;IFS
roche_de_glun;AROMEIFS;2026-10-24T04:00;IFS;0.40;3.70;284.0;7.0;0.00;0.0;IFS
roche_de_glun;AROMEIFS;2026-10-24T05:00;IFS;0.40;2.90;297.0;6.6;0.00;1.0;IFS
roche_de_glun;AROMEIFS;2026-10-24T06:00;IFS;0.40;2.30;297.0;6.5;0.00;1.0;IFS
roche_de_glun;AROMEIFS;2026-10-24T07:00;IFS;0.50;1.90;307.0;6.7;0.00;1.0;IFS
roche_de_glun;AROMEIFS;2026-10-24T08:00;IFS;0.50;1.90;323.0;7.3;0.00;1.0;IFS
roche_de_glun;AROMEIFS;2026-10-24T09:00;IFS;0.50;2.50;349.0;8.5;0.00;1.0;IFS
roche_de_glun;AROMEIFS;2026-10-24T10:00;IFS;0.70;3.30;8.0;10.4;0.00;1.0;IFS
roche_de_glun;AROMEIFS;2026-10-24T11:00;IFS;0.90;4.50;18.0;12.7;0.00;1.0;IFS
roche_de_glun;AROMEIFS;2026-10-24T12:00;IFS;1.20;5.80;24.0;14.8;0.00;0.0;IFS
roche_de_glun;AROMEIFS;2026-10-24T13:00;IFS;1.40;7.00;25.0;16.5;0.00;0.0;IFS
roche_de_glun;AROMEIFS;2026-10-24T14:00;IFS;1.60;7.80;17.0;17.5;0.00;0.0;IFS
roche_de_glun;AROMEIFS;2026-10-24T15:00;IFS;1.90;8.40;3.0;17.6;0.00;0.0;IFS
roche_de_glun;AROMEIFS;2026-10-24T16:00;IFS;2.40;8.70;348.0;17.1;0.00;0.0;IFS
roche_de_glun;AROMEIFS;2026-10-24T17:00;IFS;3.10;8.90;338.0;16.1;0.00;0.0;IFS
roche_de_glun;AROMEIFS;2026-10-24T18:00;IFS;3.80;9.10;331.0;15.0;0.00;0.0;IFS
roche_de_glun;AROMEIFS;2026-10-24T19:00;IFS;4.40;9.30;327.0;13.8;0.00;0.0;IFS
roche_de_glun;AROMEIFS;2026-10-24T20:00;IFS;4.70;9.50;325.0;13.0;0.00;0.0;IFS
roche_de_glun;AROMEIFS;2026-10-24T21:00;IFS;4.70;9.70;325.0;12.3;0.00;0.0;IFS
roche_de_glun;AROMEIFS;2026-10-24T22:00;IFS;4.60;9.70;325.0;11.6;0.00;1.0;IFS
roche_de_glun;AROMEIFS;2026-10-24T23:00;IFS;4.30;9.70;327.0;10.9;0.00;2.0;IFS
roche_de_glun;AROMEIFS;2026-10-25T00:00;IFS;3.90;9.50;328.0;10.3;0.00;3.0;IFS
roche_de_glun;AROMEIFS;2026-10-25T01:00;IFS;3.50;9.50;330.0;9.8;0.00;4.0;IFS
roche_de_glun;AROMEIFS;2026-10-25T02:00;IFS;3.30;9.50;332.0;9.5;0.00;4.0;IFS
st_alban_du_rhone;AROMEIFS;2026-10-10T00:00;AROMEHD;5.80;10.90;33.0;13.1;0.00;100.0;AROMEHD
st_alban_du_rhone;AROMEIFS;2026-10-10T01:00;AROMEHD;1.30;9.90;117.0;13.0;0.00;29.0;AROMEHD
st_alban_du_rhone;AROMEIFS;2026-10-10T02:00;AROMEHD;3.30;5.10;152.0;13.2;0.00;87.0;AROMEHD
st_alban_du_rhone;AROMEIFS;2026-10-10T03:00;AROMEHD;2.60;4.90;163.0;12.8;0.00;100.0;AROMEHD
st_alban_du_rhone;AROMEIFS;2026-10-10T04:00;AROMEHD;1.80;3.90;148.0;12.8;0.00;100.0;AROMEHD
st_alban_du_rhone;AROMEIFS;2026-10-10T05:00;AROMEHD;1.60;3.50;173.0;12.2;0.00;78.0;AROMEHD
st_alban_du_rhone;AROMEIFS;2026-10-10T06:00;AROMEHD;1.00;3.30;127.0;12.3;0.00;100.0;AROMEHD
st_alban_du_rhone;AROMEIFS;2026-10-10T07:00;AROMEHD;1.10;1.40;45.0;12.0;0.10;100.0;AROMEHD
st_alban_du_rhone;AROMEIFS;2026-10-10T08:00;AROMEHD;1.20;1.20;81.0;11.2;0.00;13.0;AROMEHD
st_alban_du_rhone;AROMEIFS;2026-10-10T09:00;AROMEHD;1.50;1.40;67.0;11.6;0.00;0.0;AROMEHD
st_alban_du_rhone;AROMEIFS;2026-10-10T10:00;AROMEHD;0.20;2.90;180.0;13.0;0.00;0.0;AROMEHD
st_alban_du_rhone;AROMEIFS;2026-10-10T11:00;AROMEHD;1.40;3.90;124.0;14.3;0.00;23.0;AROMEHD
st_alban_du_rhone;AROMEIFS;2026-10-10T12:00;AROMEHD;2.00;5.10;151.0;15.5;0.00;100.0;AROMEHD
st_alban_du_rhone;AROMEIFS;2026-10-10T13:00;AROMEHD;2.00;5.10;174.0;15.4;0.60;100.0;AROMEHD
st_alban_du_rhone;AROMEIFS;2026-10-10T14:00;AROMEHD;1.00;3.90;143.0;15.7;0.00;1.0;AROMEHD
st_alban_du_rhone;AROMEIFS;2026-10-10T15:00;AROMEHD;0.70;4.10;214.0;16.7;0.00;100.0;AROMEHD
st_alban_du_rhone;AROMEIFS;2026-10-10T16:00;AROMEHD;0.70;2.90;304.0;17.3;0.00;10.0;AROMEHD
st_alban_du_rhone;AROMEIFS;2026-10-10T17:00;AROMEHD;0.60;5.40;360.0;18.2;0.00;16.0;AROMEHD
st_alban_du_rhone;AROMEIFS;2026-10-10T18:00;AROMEHD;2.50;4.90;23.0;18.4;0.00;29.0;AROMEHD
st_alban_du_rhone;AROMEIFS;2026-10-10T19:00;AROMEHD;4.70;6.80;325.0;17.4;0.10;100.0;AROMEHD
st_alban_du_rhone;AROMEIFS;2026-10-10T20:00;AROMEHD;6.00;13.80;356.0;16.0;0.20;100.0;AROMEHD
st_alban_du_rhone;AROMEIFS;2026-10-10T21:00;AROMEHD;6.20;9.90;356.0;15.2;0.00;21.0;AROMEHD
st_alban_du_rhone;AROMEIFS;2026-10-10T22:00;AROMEHD;6.40;12.60;340.0;13.9;0.00;0.0;AROMEHD
st_alban_du_rhone;AROMEIFS;2026-10-10T23:00;AROMEHD;4.90;9.10;358.0;12.6;0.00;0.0;AROMEHD
st_alban_du_rhone;AROMEIFS;2026-10-11T00:00;AROMEHD;2.60;7.20;27.0;11.7;0.00;0.0;AROMEHD
st_alban_du_rhone;AROMEIFS;2026-10-11T01:00;AROMEHD;2.40;3.30;81.0;10.7;0.00;7.0;AROMEHD
st_alban_du_rhone;AROMEIFS;2026-10-11T02:00;AROMEHD;1.70;2.90;216.0;9.7;0.00;1.0;AROMEHD
st_alban_du_rhone;AROMEIFS;2026-10-11T03:00;AROMEHD;0.60;2.10;198.0;9.1;0.00;6.0;AROMEHD
st_alban_du_rhone;AROMEIFS;2026-10-11T04:00;AROMEHD;1.00;1.40;202.0;8.4;0.00;19.8;AROMEHD
st_alban_du_rhone;AROMEIFS;2026-10-11T05:00;AROMEHD;0.90;1.60;153.0;7.6;0.00;25.0;AROMEHD
st_alban_du_rhone;AROMEIFS;2026-10-11T06:00;AROMEHD;0.60;1.00;198.0;7.4;0.00;25.0;AROMEHD
st_alban_du_rhone;AROMEIFS;2026-10-11T07:00;AROMEHD;1.50;1.90;220.0;7.3;0.00;25.0;AROMEHD
st_alban_du_rhone;AROMEIFS;2026-10-11T08:00;AROMEHD;1.10;1.70;225.0;7.2;0.00;6.8;AROMEHD
st_alban_du_rhone;AROMEIFS;2026-10-11T09:00;AROMEHD;1.00;1.70;191.0;8.0;0.00;24.8;AROMEHD
st_alban_du_rhone;AROMEIFS;2026-10-11T10:00;AROMEHD;0.60;1.70;198.0;10.6;0.00;8.2;AROMEHD
st_alban_du_rhone;AROMEIFS;2026-10-11T11:00;AROMEHD;0.80;2.10;270.0;12.9;0.00;4.8;AROMEHD
st_alban_du_rhone;AROMEIFS;2026-10-11T12:00;AROMEHD;7.20;13.60;5.0;15.7;0.00;55.0;AROMEHD
st_alban_du_rhone;AROMEIFS;2026-10-11T13:00;AROMEHD;7.80;15.60;356.0;16.3;0.00;50.0;AROMEHD
st_alban_du_rhone;AROMEIFS;2026-10-11T14:00;AROMEHD;8.20;16.10;355.0;16.7;0.00;43.0;AROMEHD
st_alban_du_rhone;AROMEIFS;2026-10-11T15:00;AROMEHD;8.80;16.10;357.0;17.1;0.00;74.0;AROMEHD
st_alban_du_rhone;AROMEIFS;2026-10-11T16:00;AROMEHD;8.40;16.30;360.0;17.2;0.00;100.0;AROMEHD
st_alban_du_rhone;AROMEIFS;2026-10-11T17:00;AROMEHD;8.80;15.60;356.0;16.9;0.00;100.0;AROMEHD
st_alban_du_rhone;AROMEIFS;2026-10-11T18:00;AROMEHD;7.60;15.00;359.0;16.5;0.00;83.0;AROMEHD
st_alban_du_rhone;AROMEIFS;2026-10-11T19:00;AROMEHD;5.10;13.00;7.0;15.4;0.00;51.0;AROMEHD
st_alban_du_rhone;AROMEIFS;2026-10-11T20:00;AROMEHD;4.30;8.40;350.0;13.5;0.00;3.0;AROMEHD
st_alban_du_rhone;AROMEIFS;2026-10-11T21:00;AROMEHD;3.70;6.60;354.0;12.2;0.00;0.0;AROMEHD
st_alban_du_rhone;AROMEIFS;2026-10-11T22:00;AROMEHD;2.90;5.60;20.0;10.7;0.00;0.0;AROMEHD
st_alban_du_rhone;AROMEIFS;2026-10-11T23:00;AROMEHD;3.30;4.50;3.0;10.3;0.00;0.0;AROMEHD
st_alban_du_rhone;AROMEIFS;2026-10-12T00:00;AROMEHD;2.90;4.90;28.0;9.8;0.00;0.0;AROMEHD
st_alban_du_rhone;AROMEIFS;2026-10-12T01:00;AROMEHD;2.50;5.80;328.0;9.5;0.00;0.0;AROMEHD
st_alban_du_rhone;AROMEIFS;2026-10-12T02:00;AROMEHD;2.70;4.30;21.0;9.2;0.00;0.0;AROMEHD
st_alban_du_rhone;AROMEIFS;2026-10-12T03:00;AROMEHD;5.00;3.50;126.0;7.3;0.00;0.0;AROMEHD
st_alban_du_rhone;AROMEIFS;2026-10-12T04:00;AROMEHD;2.70;5.20;188.0;6.8;0.00;1.0;AROMEHD
st_alban_du_rhone;AROMEIFS;2026-10-12T05:00;AROMEHD;2.60;4.10;216.0;6.6;0.00;0.0;AROMEHD
st_alban_du_rhone;AROMEIFS;2026-10-12T06:00;AROMEHD;2.10;2.90;229.0;6.6;0.00;0.0;AROMEHD
st_alban_du_rhone;AROMEIFS;2026-10-12T07:00;AROMEHD;3.30;3.50;183.0;5.7;0.00;0.0;AROMEHD
st_alban_du_rhone;AROMEIFS;2026-10-12T08:00;AROMEHD;2.30;3.30;200.0;5.3;0.00;0.2;AROMEHD
st_alban_du_rhone;AROMEIFS;2026-10-12T09:00;AROMEHD;3.30;3.70;180.0;6.0;0.00;0.0;AROMEHD
st_alban_du_rhone;AROMEIFS;2026-10-12T10:00;AROMEHD;1.50;3.50;157.0;8.6;0.00;0.0;AROMEHD
st_alban_du_rhone;AROMEIFS;2026-10-12T11:00;AROMEHD;6.20;12.60;4.0;15.2;0.00;0.0;AROMEHD
st_alban_du_rhone;AROMEIFS;2026-10-12T12:00;ARPEGE;9.50;18.70;356.0;16.1;0.00;7.0;ARPEGE
st_alban_du_rhone;AROMEIFS;2026-10-12T13:00;ARPEGE;8.60;18.70;4.0;17.4;0.00;43.0;ARPEGE
st_alban_du_rhone;AROMEIFS;2026-10-12T14:00;ARPEGE;8.80;17.90;13.0;18.3;0.00;47.0;ARPEGE
st_alban_du_rhone;AROMEIFS;2026-10-12T15:00;ARPEGE;8.60;17.90;18.0;18.7;0.00;32.0;ARPEGE
st_alban_du_rhone;AROMEIFS;2026-10-12T16:00;ARPEGE;7.60;17.30;19.0;19.0;0.00;25.0;ARPEGE
st_alban_du_rhone;AROMEIFS;2026-10-12T17:00;ARPEGE;6.60;15.60;19.0;18.9;0.00;30.0;ARPEGE
st_alban_du_rhone;AROMEIFS;2026-10-12T18:00;ARPEGE;6.60;13.40;14.0;18.4;0.00;27.0;ARPEGE
st_alban_du_rhone;AROMEIFS;2026-10-12T19:00;ARPEGE;6.50;12.40;9.0;17.1;0.00;29.0;ARPEGE
st_alban_du_rhone;AROMEIFS;2026-10-12T20:00;ARPEGE;4.70;10.30;9.0;15.2;0.00;35.0;ARPEGE
st_alban_du_rhone;AROMEIFS;2026-10-12T21:00;ARPEGE;4.30;6.60;350.0;13.8;0.00;22.0;ARPEGE
st_alban_du_rhone;AROMEIFS;2026-10-12T22:00;ARPEGE;3.80;6.00;348.0;12.8;0.00;22.0;ARPEGE
st_alban_du_rhone;AROMEIFS;2026-10-12T23:00;ARPEGE;3.30;5.20;360.0;12.1;0.00;36.0;ARPEGE
st_alban_du_rhone;AROMEIFS;2026-10-13T00:00;ARPEGE;2.90;4.90;8.0;11.6;0.00;47.0;ARPEGE
st_alban_du_rhone;AROMEIFS;2026-10-13T01:00;ARPEGE;2.20;3.70;15.0;11.1;0.00;51.0;ARPEGE
st_alban_du_rhone;AROMEIFS;2026-10-13T02:00;ARPEGE;1.60;2.50;14.0;10.7;0.00;84.0;ARPEGE
st_alban_du_rhone;AROMEIFS;2026-10-13T03:00;ARPEGE;1.20;1.70;39.0;10.4;0.00;92.0;ARPEGE
st_alban_du_rhone;AROMEIFS;2026-10-13T04:00;ARPEGE;1.40;1.40;74.0;10.0;0.00;51.0;ARPEGE
st_alban_du_rhone;AROMEIFS;2026-10-13T05:00;ARPEGE;1.30;1.60;63.0;9.6;0.00;23.0;ARPEGE
st_alban_du_rhone;AROMEIFS;2026-10-13T06:00;ARPEGE;1.70;1.70;54.0;9.4;0.00;18.0;ARPEGE
st_alban_du_rhone;AROMEIFS;2026-10-13T07:00;ARPEGE;2.20;2.30;80.0;9.0;0.00;8.0;ARPEGE
st_alban_du_rhone;AROMEIFS;2026-10-13T08:00;ARPEGE;1.10;2.10;59.0;8.6;0.00;7.0;ARPEGE
st_alban_du_rhone;AROMEIFS;2026-10-13T09:00;ARPEGE;1.70;1.60;36.0;9.0;0.00;4.0;ARPEGE
st_alban_du_rhone;AROMEIFS;2026-10-13T10:00;ARPEGE;1.40;2.30;56.0;10.9;0.00;2.0;ARPEGE
st_alban_du_rhone;AROMEIFS;2026-10-13T11:00;ARPEGE;2.40;5.40;35.0;13.8;0.00;1.0;ARPEGE
st_alban_du_rhone;AROMEIFS;2026-10-13T12:00;ARPEGE;2.60;7.00;54.0;16.5;0.00;0.0;ARPEGE
st_alban_du_rhone;AROMEIFS;2026-10-13T13:00;ARPEGE;3.60;9.10;54.0;18.8;0.00;0.0;ARPEGE
st_alban_du_rhone;AROMEIFS;2026-10-13T14:00;ARPEGE;4.80;11.10;50.0;20.4;0.00;1.0;ARPEGE
st_alban_du_rhone;AROMEIFS;2026-10-13T15:00;ARPEGE;5.80;12.40;45.0;21.5;0.00;3.0;ARPEGE
st_alban_du_rhone;AROMEIFS;2026-10-13T16:00;ARPEGE;6.30;13.20;40.0;21.9;0.00;2.0;ARPEGE
st_alban_du_rhone;AROMEIFS;2026-10-13T17:00;ARPEGE;6.20;13.20;32.0;21.7;0.00;12.0;ARPEGE
st_alban_du_rhone;AROMEIFS;2026-10-13T18:00;ARPEGE;6.20;12.40;20.0;20.9;0.00;27.0;ARPEGE
st_alban_du_rhone;AROMEIFS;2026-10-13T19:00;ARPEGE;5.40;11.50;13.0;19.3;0.00;14.0;ARPEGE
st_alban_du_rhone;AROMEIFS;2026-10-13T20:00;ARPEGE;5.00;8.60;349.0;17.2;0.00;5.0;ARPEGE
st_alban_du_rhone;AROMEIFS;2026-10-13T21:00;ARPEGE;5.40;7.80;358.0;16.0;0.00;0.0;ARPEGE
st_alban_du_rhone;AROMEIFS;2026-10-13T22:00;ARPEGE;6.10;8.70;7.0;15.1;0.00;13.0;ARPEGE
st_alban_du_rhone;AROMEIFS;2026-10-13T23:00;ARPEGE;6.00;8.90;21.0;14.6;0.00;82.0;ARPEGE
st_alban_du_rhone;AROMEIFS;2026-10-14T00:00;ARPEGE;5.20;8.90;27.0;14.2;0.00;82.0;ARPEGE
st_alban_du_rhone;AROMEIFS;2026-10-14T01:00;ARPEGE;5.20;8.00;31.0;13.9;0.00;65.0;ARPEGE
st_alban_du_rhone;AROMEIFS;2026-10-14T02:00;ARPEGE;5.20;8.00;31.0;14.0;0.00;97.0;ARPEGE
st_alban_du_rhone;AROMEIFS;2026-10-14T03:00;ARPEGE;5.10;8.20;23.0;14.2;0.00;87.0;ARPEGE
st_alban_du_rhone;AROMEIFS;2026-10-14T04:00;ARPEGE;5.40;8.40;13.0;14.1;0.00;50.0;ARPEGE
st_alban_du_rhone;AROMEIFS;2026-10-14T05:00;ARPEGE;6.60;10.30;24.0;13.8;0.00;78.0;ARPEGE
st_alban_du_rhone;AROMEIFS;2026-10-14T06:00;ARPEGE;7.50;12.10;25.0;13.9;0.00;75.0;ARPEGE
st_alban_du_rhone;AROMEIFS;2026-10-14T07:00;ARPEGE;6.90;12.40;40.0;13.6;0.00;11.0;ARPEGE
st_alban_du_rhone;AROMEIFS;2026-10-14T08:00;ARPEGE;4.90;10.50;37.0;12.9;0.00;76.0;ARPEGE
st_alban_du_rhone;AROMEIFS;2026-10-14T09:00;ARPEGE;3.60;6.80;45.0;13.6;0.00;43.0;ARPEGE
st_alban_du_rhone;AROMEIFS;2026-10-14T10:00;ARPEGE;4.70;9.30;5.0;15.9;0.00;91.0;ARPEGE
st_alban_du_rhone;AROMEIFS;2026-10-14T11:00;ARPEGE;8.20;15.60;352.0;18.4;0.00;91.0;ARPEGE
st_alban_du_rhone;AROMEIFS;2026-10-14T12:00;ARPEGE;8.90;17.50;1.0;20.0;0.00;25.0;ARPEGE
st_alban_du_rhone;AROMEIFS;2026-10-14T13:00;ARPEGE;8.90;18.10;11.0;21.2;0.00;18.0;ARPEGE
st_alban_du_rhone;AROMEIFS;2026-10-14T14:00;ARPEGE;7.90;18.10;17.0;21.9;0.00;3.0;ARPEGE
st_alban_du_rhone;AROMEIFS;2026-10-14T15:00;IFS;6.20;15.90;6.0;21.4;0.00;9.0;IFS
st_alban_du_rhone;AROMEIFS;2026-10-14T16:00;IFS;5.80;15.60;11.0;21.5;0.00;3.0;IFS
st_alban_du_rhone;AROMEIFS;2026-10-14T17:00;IFS;5.20;14.80;12.0;21.1;0.00;0.0;IFS
st_alban_du_rhone;AROMEIFS;2026-10-14T18:00;IFS;3.90;14.00;4.0;19.8;0.00;0.0;IFS
st_alban_du_rhone;AROMEIFS;2026-10-14T19:00;IFS;2.70;13.00;341.0;17.9;0.00;0.0;IFS
st_alban_du_rhone;AROMEIFS;2026-10-14T20:00;IFS;2.10;11.70;309.0;16.4;0.00;0.0;IFS
st_alban_du_rhone;AROMEIFS;2026-10-14T21:00;IFS;1.70;9.50;297.0;15.5;0.00;0.0;IFS
st_alban_du_rhone;AROMEIFS;2026-10-14T22:00;IFS;1.30;7.00;293.0;14.8;0.00;0.0;IFS
st_alban_du_rhone;AROMEIFS;2026-10-14T23:00;IFS;0.80;4.90;291.0;14.4;0.00;0.0;IFS
st_alban_du_rhone;AROMEIFS;2026-10-15T00:00;IFS;0.70;3.70;286.0;14.1;0.00;1.0;IFS
st_alban_du_rhone;AROMEIFS;2026-10-15T01:00;IFS;0.70;2.90;278.0;13.9;0.00;2.0;IFS
st_alban_du_rhone;AROMEIFS;2026-10-15T02:00;IFS;0.70;2.30;278.0;13.6;0.00;2.0;IFS
st_alban_du_rhone;AROMEIFS;2026-10-15T03:00;IFS;0.70;1.90;278.0;13.2;0.00;2.0;IFS
st_alban_du_rhone;AROMEIFS;2026-10-15T04:00;IFS;0.70;1.70;278.0;12.7;0.00;1.0;IFS
st_alban_du_rhone;AROMEIFS;2026-10-15T05:00;IFS;0.60;1.90;270.0;12.2;0.00;0.0;IFS
st_alban_du_rhone;AROMEIFS;2026-10-15T06:00;IFS;0.60;2.30;239.0;11.8;0.00;0.0;IFS
st_alban_du_rhone;AROMEIFS;2026-10-15T07:00;IFS;0.70;2.70;203.0;11.4;0.00;0.0;IFS
st_alban_du_rhone;AROMEIFS;2026-10-15T08:00;IFS;1.10;3.70;185.0;11.6;0.00;0.0;IFS
st_alban_du_rhone;AROMEIFS;2026-10-15T09:00;IFS;1.60;5.20;173.0;12.7;0.00;9.0;IFS
st_alban_du_rhone;AROMEIFS;2026-10-15T10:00;IFS;2.20;7.00;165.0;14.2;0.00;21.0;IFS
st_alban_du_rhone;AROMEIFS;2026-10-15T11:00;IFS;2.90;8.70;162.0;15.8;0.00;27.0;IFS
st_alban_du_rhone;AROMEIFS;2026-10-15T12:00;IFS;3.40;10.30;162.0;17.2;0.00;22.0;IFS
st_alban_du_rhone;AROMEIFS;2026-10-15T13:00;IFS;3.90;11.70;161.0;18.7;0.00;10.0;IFS
st_alban_du_rhone;AROMEIFS;2026-10-15T14:00;IFS;4.50;12.80;162.0;19.8;0.00;2.0;IFS
st_alban_du_rhone;AROMEIFS;2026-10-15T15:00;IFS;5.20;13.80;163.0;20.7;0.00;0.0;IFS
st_alban_du_rhone;AROMEIFS;2026-10-15T16:00;IFS;6.00;14.60;164.0;21.3;0.00;0.0;IFS
st_alban_du_rhone;AROMEIFS;2026-10-15T17:00;IFS;6.40;15.00;165.0;21.2;0.00;1.0;IFS
st_alban_du_rhone;AROMEIFS;2026-10-15T18:00;IFS;6.30;15.20;168.0;20.0;0.00;1.0;IFS
st_alban_du_rhone;AROMEIFS;2026-10-15T19:00;IFS;5.90;15.20;172.0;18.0;0.00;0.0;IFS
st_alban_du_rhone;AROMEIFS;2026-10-15T20:00;IFS;5.30;14.80;178.0;16.4;0.00;0.0;IFS
st_alban_du_rhone;AROMEIFS;2026-10-15T21:00;IFS;4.80;14.00;184.0;15.4;0.00;0.0;IFS
st_alban_du_rhone;AROMEIFS;2026-10-15T22:00;IFS;4.30;13.00;191.0;14.7;0.00;0.0;IFS
st_alban_du_rhone;AROMEIFS;2026-10-15T23:00;IFS;3.80;12.10;197.0;14.1;0.00;0.0;IFS
st_alban_du_rhone;AROMEIFS;2026-10-16T00:00;IFS;3.50;11.10;186.0;14.0;0.00;0.0;IFS
st_alban_du_rhone;AROMEIFS;2026-10-16T01:00;IFS;3.00;9.90;189.0;13.5;0.00;0.0;IFS
st_alban_du_rhone;AROMEIFS;2026-10-16T02:00;IFS;2.60;9.10;191.0;13.1;0.00;0.0;IFS
st_alban_du_rhone;AROMEIFS;2026-10-16T03:00;IFS;2.30;8.40;190.0;12.7;0.00;7.0;IFS
st_alban_du_rhone;AROMEIFS;2026-10-16T04:00;IFS;2.10;7.80;185.0;12.2;0.00;19.0;IFS
st_alban_du_rhone;AROMEIFS;2026-10-16T05:00;IFS;2.00;7.20;180.0;11.8;0.00;32.0;IFS
st_alban_du_rhone;AROMEIFS;2026-10-16T06:00;IFS;2.00;6.80;174.0;11.6;0.00;44.0;IFS
st_alban_du_rhone;AROMEIFS;2026-10-16T07:00;IFS;1.90;6.60;165.0;11.6;0.00;53.0;IFS
st_alban_du_rhone;AROMEIFS;2026-10-16T08:00;IFS;1.80;6.40;158.0;12.0;0.00;57.0;IFS
st_alban_du_rhone;AROMEIFS;2026-10-16T09:00;IFS;1.60;6.40;147.0;12.9;0.00;53.0;IFS
st_alban_du_rhone;AROMEIFS;2026-10-16T10:00;IFS;1.60;6.80;133.0;14.4;0.00;43.0;IFS
st_alban_du_rhone;AROMEIFS;2026-10-16T11:00;IFS;1.60;7.00;120.0;16.1;0.00;30.0;IFS
st_alban_du_rhone;AROMEIFS;2026-10-16T12:00;IFS;1.60;7.60;104.0;17.8;0.00;16.0;IFS
st_alban_du_rhone;AROMEIFS;2026-10-16T13:00;IFS;1.70;8.20;93.0;19.2;0.00;6.0;IFS
st_alban_du_rhone;AROMEIFS;2026-10-16T14:00;IFS;1.70;8.70;80.0;19.9;0.00;2.0;IFS
st_alban_du_rhone;AROMEIFS;2026-10-16T15:00;IFS;1.60;9.50;68.0;19.9;0.10;5.0;IFS
st_alban_du_rhone;AROMEIFS;2026-10-16T16:00;IFS;1.50;10.30;50.0;19.4;0.10;14.0;IFS
st_alban_du_rhone;AROMEIFS;2026-10-16T17:00;IFS;1.50;11.30;32.0;18.5;0.10;25.0;IFS
st_alban_du_rhone;AROMEIFS;2026-10-16T18:00;IFS;1.70;12.10;10.0;17.5;0.10;38.0;IFS
st_alban_du_rhone;AROMEIFS;2026-10-16T19:00;IFS;2.10;13.00;355.0;16.5;0.10;50.0;IFS
st_alban_du_rhone;AROMEIFS;2026-10-16T20:00;IFS;2.70;14.00;343.0;15.8;0.10;59.0;IFS
st_alban_du_rhone;AROMEIFS;2026-10-16T21:00;IFS;3.70;15.00;337.0;15.4;0.00;66.0;IFS
st_alban_du_rhone;AROMEIFS;2026-10-16T22:00;IFS;4.90;15.90;331.0;15.0;0.00;71.0;IFS
st_alban_du_rhone;AROMEIFS;2026-10-16T23:00;IFS;6.20;16.90;328.0;14.8;0.00;76.0;IFS
st_alban_du_rhone;AROMEIFS;2026-10-17T00:00;IFS;7.50;17.70;326.0;14.5;0.00;80.0;IFS
st_alban_du_rhone;AROMEIFS;2026-10-17T01:00;IFS;8.70;18.70;325.0;14.2;0.00;83.0;IFS
st_alban_du_rhone;AROMEIFS;2026-10-17T02:00;IFS;9.40;19.40;325.0;13.9;0.00;86.0;IFS
st_alban_du_rhone;AROMEIFS;2026-10-17T03:00;IFS;9.90;20.20;327.0;13.4;0.00;88.0;IFS
st_alban_du_rhone;AROMEIFS;2026-10-17T04:00;IFS;10.20;20.80;328.0;12.9;0.00;88.0;IFS
st_alban_du_rhone;AROMEIFS;2026-10-17T05:00;IFS;10.10;21.40;331.0;12.4;0.00;88.0;IFS
st_alban_du_rhone;AROMEIFS;2026-10-17T06:00;IFS;10.10;22.00;333.0;11.9;0.00;87.0;IFS
st_alban_du_rhone;AROMEIFS;2026-10-17T07:00;IFS;10.20;22.50;336.0;11.5;0.00;87.0;IFS
st_alban_du_rhone;AROMEIFS;2026-10-17T08:00;IFS;10.30;23.10;339.0;11.3;0.00;87.0;IFS
st_alban_du_rhone;AROMEIFS;2026-10-17T09:00;IFS;10.60;23.90;342.0;11.4;0.00;88.0;IFS
st_alban_du_rhone;AROMEIFS;2026-10-17T10:00;IFS;10.90;24.70;346.0;11.6;0.00;89.0;IFS
st_alban_du_rhone;AROMEIFS;2026-10-17T11:00;IFS;11.40;25.50;349.0;12.0;0.00;90.0;IFS
st_alban_du_rhone;AROMEIFS;2026-10-17T12:00;IFS;11.80;26.00;352.0;12.4;0.00;92.0;IFS
st_alban_du_rhone;AROMEIFS;2026-10-17T13:00;IFS;12.10;26.80;354.0;12.7;0.00;93.0;IFS
st_alban_du_rhone;AROMEIFS;2026-10-17T14:00;IFS;12.30;27.20;356.0;12.8;0.00;94.0;IFS
st_alban_du_rhone;AROMEIFS;2026-10-17T15:00;IFS;12.20;27.40;356.0;12.7;0.00;95.0;IFS
st_alban_du_rhone;AROMEIFS;2026-10-17T16:00;IFS;11.80;27.60;356.0;12.5;0.00;96.0;IFS
st_alban_du_rhone;AROMEIFS;2026-10-17T17:00;IFS;11.30;27.80;355.0;12.2;0.00;98.0;IFS
st_alban_du_rhone;AROMEIFS;2026-10-17T18:00;IFS;10.80;27.60;354.0;11.8;0.00;98.0;IFS
st_alban_du_rhone;AROMEIFS;2026-10-17T19:00;IFS;10.40;27.40;352.0;11.5;0.00;99.0;IFS
st_alban_du_rhone;AROMEIFS;2026-10-17T20:00;IFS;10.00;27.20;351.0;11.2;0.00;98.0;IFS
st_alban_du_rhone;AROMEIFS;2026-10-17T21:00;IFS;9.90;26.80;349.0;10.9;0.00;96.0;IFS
st_alban_du_rhone;AROMEIFS;2026-10-17T22:00;IFS;9.90;26.20;347.0;10.5;0.00;92.0;IFS
st_alban_du_rhone;AROMEIFS;2026-10-17T23:00;IFS;9.90;25.50;345.0;10.2;0.00;87.0;IFS
st_alban_du_rhone;AROMEIFS;2026-10-18T00:00;IFS;10.00;24.70;342.0;9.8;0.00;83.0;IFS
st_alban_du_rhone;AROMEIFS;2026-10-18T01:00;IFS;10.00;24.10;341.0;9.6;0.00;80.0;IFS
st_alban_du_rhone;AROMEIFS;2026-10-18T02:00;IFS;9.90;23.50;340.0;9.4;0.00;79.0;IFS
st_alban_du_rhone;AROMEIFS;2026-10-18T03:00;IFS;9.80;23.10;340.0;9.3;0.00;80.0;IFS
st_alban_du_rhone;AROMEIFS;2026-10-18T04:00;IFS;9.50;22.70;342.0;9.3;0.00;84.0;IFS
st_alban_du_rhone;AROMEIFS;2026-10-18T05:00;IFS;9.30;22.50;343.0;9.3;0.00;88.0;IFS
st_alban_du_rhone;AROMEIFS;2026-10-18T06:00;IFS;9.10;22.40;345.0;9.4;0.00;93.0;IFS
st_alban_du_rhone;AROMEIFS;2026-10-18T07:00;IFS;8.90;22.20;347.0;9.5;0.00;97.0;IFS
st_alban_du_rhone;AROMEIFS;2026-10-18T08:00;IFS;8.50;22.00;348.0;9.6;0.00;100.0;IFS
st_alban_du_rhone;AROMEIFS;2026-10-18T09:00;IFS;8.20;21.80;348.0;9.7;0.50;100.0;IFS
st_alban_du_rhone;AROMEIFS;2026-10-18T10:00;IFS;7.80;21.80;349.0;9.9;0.50;100.0;IFS
st_alban_du_rhone;AROMEIFS;2026-10-18T11:00;IFS;7.50;21.60;348.0;10.0;0.50;100.0;IFS
st_alban_du_rhone;AROMEIFS;2026-10-18T12:00;IFS;7.10;21.40;347.0;10.1;0.50;100.0;IFS
st_alban_du_rhone;AROMEIFS;2026-10-18T13:00;IFS;6.60;21.20;346.0;10.2;0.50;100.0;IFS
st_alban_du_rhone;AROMEIFS;2026-10-18T14:00;IFS;6.20;20.60;346.0;10.3;0.50;100.0;IFS
st_alban_du_rhone;AROMEIFS;2026-10-18T15:00;IFS;5.80;19.80;345.0;10.4;0.50;100.0;IFS
st_alban_du_rhone;AROMEIFS;2026-10-18T16:00;IFS;5.50;18.90;343.0;10.4;0.50;100.0;IFS
st_alban_du_rhone;AROMEIFS;2026-10-18T17:00;IFS;5.10;17.70;342.0;10.4;0.50;100.0;IFS
st_alban_du_rhone;AROMEIFS;2026-10-18T18:00;IFS;4.70;16.50;342.0;10.4;0.50;99.0;IFS
st_alban_du_rhone;AROMEIFS;2026-10-18T19:00;IFS;4.30;15.40;340.0;10.4;0.50;99.0;IFS
st_alban_du_rhone;AROMEIFS;2026-10-18T20:00;IFS;4.00;14.20;338.0;10.3;0.50;98.0;IFS
st_alban_du_rhone;AROMEIFS;2026-10-18T21:00;IFS;3.60;13.00;336.0;10.2;0.00;97.0;IFS
st_alban_du_rhone;AROMEIFS;2026-10-18T22:00;IFS;3.20;12.10;335.0;10.0;0.00;95.0;IFS
st_alban_du_rhone;AROMEIFS;2026-10-18T23:00;IFS;2.90;10.90;332.0;9.8;0.00;93.0;IFS
st_alban_du_rhone;AROMEIFS;2026-10-19T00:00;IFS;2.60;9.90;329.0;9.6;0.00;91.0;IFS
st_alban_du_rhone;AROMEIFS;2026-10-19T01:00;IFS;2.30;8.90;327.0;9.4;0.00;89.0;IFS
st_alban_du_rhone;AROMEIFS;2026-10-19T02:00;IFS;2.10;8.20;326.0;9.1;0.00;89.0;IFS
st_alban_du_rhone;AROMEIFS;2026-10-19T03:00;IFS;2.00;7.60;327.0;8.6;0.00;91.0;IFS
st_alban_du_rhone;AROMEIFS;2026-10-19T04:00;IFS;1.80;6.80;328.0;7.9;0.00;94.0;IFS
st_alban_du_rhone;AROMEIFS;2026-10-19T05:00;IFS;1.70;6.40;329.0;7.2;0.00;99.0;IFS
st_alban_du_rhone;AROMEIFS;2026-10-19T06:00;IFS;1.70;6.00;336.0;6.6;0.00;100.0;IFS
st_alban_du_rhone;AROMEIFS;2026-10-19T07:00;IFS;1.80;6.20;344.0;6.4;0.00;100.0;IFS
st_alban_du_rhone;AROMEIFS;2026-10-19T08:00;IFS;2.10;6.60;355.0;6.6;0.00;100.0;IFS
st_alban_du_rhone;AROMEIFS;2026-10-19T09:00;IFS;2.60;7.80;6.0;7.5;0.00;91.0;IFS
st_alban_du_rhone;AROMEIFS;2026-10-19T10:00;IFS;3.60;9.50;16.0;9.0;0.00;77.0;IFS
st_alban_du_rhone;AROMEIFS;2026-10-19T11:00;IFS;4.80;11.70;20.0;10.9;0.00;61.0;IFS
st_alban_du_rhone;AROMEIFS;2026-10-19T12:00;IFS;5.80;13.80;24.0;12.7;0.00;45.0;IFS
st_alban_du_rhone;AROMEIFS;2026-10-19T13:00;IFS;6.70;15.60;25.0;14.2;0.00;32.0;IFS
st_alban_du_rhone;AROMEIFS;2026-10-19T14:00;IFS;7.10;16.90;24.0;15.1;0.00;24.0;IFS
st_alban_du_rhone;AROMEIFS;2026-10-19T15:00;IFS;7.00;17.70;22.0;15.3;0.00;23.0;IFS
st_alban_du_rhone;AROMEIFS;2026-10-19T16:00;IFS;6.50;18.10;17.0;15.0;0.00;27.0;IFS
st_alban_du_rhone;AROMEIFS;2026-10-19T17:00;IFS;5.80;18.30;11.0;14.3;0.00;34.0;IFS
st_alban_du_rhone;AROMEIFS;2026-10-19T18:00;IFS;5.20;18.30;2.0;13.5;0.00;41.0;IFS
st_alban_du_rhone;AROMEIFS;2026-10-19T19:00;IFS;4.70;17.90;353.0;12.7;0.00;46.0;IFS
st_alban_du_rhone;AROMEIFS;2026-10-19T20:00;IFS;4.50;17.50;347.0;12.1;0.00;47.0;IFS
st_alban_du_rhone;AROMEIFS;2026-10-19T21:00;IFS;4.40;16.70;347.0;11.7;0.00;43.0;IFS
st_alban_du_rhone;AROMEIFS;2026-10-19T22:00;IFS;4.30;15.40;350.0;11.2;0.00;34.0;IFS
st_alban_du_rhone;AROMEIFS;2026-10-19T23:00;IFS;4.40;13.80;354.0;10.8;0.00;24.0;IFS
st_alban_du_rhone;AROMEIFS;2026-10-20T00:00;IFS;4.50;12.20;359.0;10.4;0.00;14.0;IFS
st_alban_du_rhone;AROMEIFS;2026-10-20T01:00;IFS;4.50;11.10;4.0;10.0;0.00;6.0;IFS
st_alban_du_rhone;AROMEIFS;2026-10-20T02:00;IFS;4.40;10.50;5.0;9.5;0.00;2.0;IFS
st_alban_du_rhone;AROMEIFS;2026-10-20T03:00;IFS;4.10;10.50;4.0;8.9;0.00;3.0;IFS
st_alban_du_rhone;AROMEIFS;2026-10-20T04:00;IFS;3.60;10.90;360.0;8.2;0.00;6.0;IFS
st_alban_du_rhone;AROMEIFS;2026-10-20T05:00;IFS;3.10;11.50;353.0;7.5;0.00;12.0;IFS
st_alban_du_rhone;AROMEIFS;2026-10-20T06:00;IFS;2.70;12.40;343.0;6.9;0.00;19.0;IFS
st_alban_du_rhone;AROMEIFS;2026-10-20T07:00;IFS;2.70;13.20;336.0;6.6;0.00;27.0;IFS
st_alban_du_rhone;AROMEIFS;2026-10-20T08:00;IFS;2.70;14.20;337.0;6.7;0.00;34.0;IFS
st_alban_du_rhone;AROMEIFS;2026-10-20T09:00;IFS;3.20;15.20;346.0;7.6;0.00;42.0;IFS
st_alban_du_rhone;AROMEIFS;2026-10-20T10:00;IFS;4.10;16.30;357.0;9.0;0.00;52.0;IFS
st_alban_du_rhone;AROMEIFS;2026-10-20T11:00;IFS;5.40;17.70;5.0;10.7;0.00;62.0;IFS
st_alban_du_rhone;AROMEIFS;2026-10-20T12:00;IFS;6.70;18.90;10.0;12.4;0.00;72.0;IFS
st_alban_du_rhone;AROMEIFS;2026-10-20T13:00;IFS;7.90;19.80;12.0;13.9;0.00;81.0;IFS
st_alban_du_rhone;AROMEIFS;2026-10-20T14:00;IFS;8.50;20.60;12.0;14.8;0.00;87.0;IFS
st_alban_du_rhone;AROMEIFS;2026-10-20T15:00;IFS;8.80;21.00;9.0;15.1;0.00;91.0;IFS
st_alban_du_rhone;AROMEIFS;2026-10-20T16:00;IFS;8.80;21.20;4.0;14.9;0.00;93.0;IFS
st_alban_du_rhone;AROMEIFS;2026-10-20T17:00;IFS;8.70;21.00;359.0;14.6;0.00;94.0;IFS
st_alban_du_rhone;AROMEIFS;2026-10-20T18:00;IFS;8.50;20.80;352.0;14.0;0.00;94.0;IFS
st_alban_du_rhone;AROMEIFS;2026-10-20T19:00;IFS;8.60;20.80;346.0;13.5;0.00;95.0;IFS
st_alban_du_rhone;AROMEIFS;2026-10-20T20:00;IFS;8.60;20.80;343.0;13.0;0.00;95.0;IFS
st_alban_du_rhone;AROMEIFS;2026-10-20T21:00;IFS;8.80;21.00;342.0;12.5;0.00;96.0;IFS
st_alban_du_rhone;AROMEIFS;2026-10-20T22:00;IFS;8.90;21.20;342.0;12.1;0.00;97.0;IFS
st_alban_du_rhone;AROMEIFS;2026-10-20T23:00;IFS;9.10;21.60;343.0;11.5;0.00;97.0;IFS
st_alban_du_rhone;AROMEIFS;2026-10-21T00:00;IFS;9.10;21.80;343.0;11.0;0.00;98.0;IFS
st_alban_du_rhone;AROMEIFS;2026-10-21T01:00;IFS;9.20;22.00;345.0;10.5;0.00;98.0;IFS
st_alban_du_rhone;AROMEIFS;2026-10-21T02:00;IFS;9.00;22.00;346.0;10.1;0.00;97.0;IFS
st_alban_du_rhone;AROMEIFS;2026-10-21T03:00;IFS;8.80;21.80;347.0;9.6;0.00;96.0;IFS
st_alban_du_rhone;AROMEIFS;2026-10-21T04:00;IFS;8.40;21.60;348.0;9.0;0.00;96.0;IFS
st_alban_du_rhone;AROMEIFS;2026-10-21T05:00;IFS;8.00;21.20;350.0;8.5;0.00;95.0;IFS
st_alban_du_rhone;AROMEIFS;2026-10-21T06:00;IFS;7.60;20.80;351.0;8.1;0.00;94.0;IFS
st_alban_du_rhone;AROMEIFS;2026-10-21T07:00;IFS;7.10;20.60;353.0;7.9;0.00;90.0;IFS
st_alban_du_rhone;AROMEIFS;2026-10-21T08:00;IFS;6.70;20.40;355.0;8.1;0.00;84.0;IFS
st_alban_du_rhone;AROMEIFS;2026-10-21T09:00;IFS;6.40;20.60;357.0;8.8;0.00;74.0;IFS
st_alban_du_rhone;AROMEIFS;2026-10-21T10:00;IFS;6.10;21.00;1.0;10.0;0.00;61.0;IFS
st_alban_du_rhone;AROMEIFS;2026-10-21T11:00;IFS;5.90;21.60;5.0;11.5;0.00;46.0;IFS
st_alban_du_rhone;AROMEIFS;2026-10-21T12:00;IFS;5.60;22.00;8.0;12.9;0.00;31.0;IFS
st_alban_du_rhone;AROMEIFS;2026-10-21T13:00;IFS;5.20;22.20;11.0;14.1;0.00;17.0;IFS
st_alban_du_rhone;AROMEIFS;2026-10-21T14:00;IFS;4.90;21.80;12.0;14.6;0.00;8.0;IFS
st_alban_du_rhone;AROMEIFS;2026-10-21T15:00;IFS;4.30;20.80;11.0;14.5;0.00;3.0;IFS
st_alban_du_rhone;AROMEIFS;2026-10-21T16:00;IFS;3.50;19.60;6.0;13.9;0.00;0.0;IFS
st_alban_du_rhone;AROMEIFS;2026-10-21T17:00;IFS;2.80;17.90;356.0;13.0;0.00;0.0;IFS
st_alban_du_rhone;AROMEIFS;2026-10-21T18:00;IFS;2.20;16.10;342.0;12.0;0.00;0.0;IFS
st_alban_du_rhone;AROMEIFS;2026-10-21T19:00;IFS;1.90;14.40;323.0;11.0;0.00;0.0;IFS
st_alban_du_rhone;AROMEIFS;2026-10-21T20:00;IFS;1.70;12.80;308.0;10.2;0.00;0.0;IFS
st_alban_du_rhone;AROMEIFS;2026-10-21T21:00;IFS;1.60;11.30;300.0;9.6;0.00;0.0;IFS
st_alban_du_rhone;AROMEIFS;2026-10-21T22:00;IFS;1.40;9.50;300.0;9.0;0.00;0.0;IFS
st_alban_du_rhone;AROMEIFS;2026-10-21T23:00;IFS;1.10;7.80;304.0;8.5;0.00;0.0;IFS
st_alban_du_rhone;AROMEIFS;2026-10-22T00:00;IFS;0.80;6.20;320.0;8.1;0.00;0.0;IFS
st_alban_du_rhone;AROMEIFS;2026-10-22T01:00;IFS;0.70;5.10;344.0;7.6;0.00;0.0;IFS
st_alban_du_rhone;AROMEIFS;2026-10-22T02:00;IFS;0.80;4.10;353.0;7.2;0.00;0.0;IFS
st_alban_du_rhone;AROMEIFS;2026-10-22T03:00;IFS;1.00;3.70;354.0;6.8;0.00;0.0;IFS
st_alban_du_rhone;AROMEIFS;2026-10-22T04:00;IFS;1.30;3.70;347.0;6.2;0.00;0.0;IFS
st_alban_du_rhone;AROMEIFS;2026-10-22T05:00;IFS;1.70;3.90;339.0;5.6;0.00;0.0;IFS
st_alban_du_rhone;AROMEIFS;2026-10-22T06:00;IFS;2.00;4.30;337.0;5.3;0.00;0.0;IFS
st_alban_du_rhone;AROMEIFS;2026-10-22T07:00;IFS;2.30;4.90;338.0;5.2;0.00;0.0;IFS
st_alban_du_rhone;AROMEIFS;2026-10-22T08:00;IFS;2.40;5.20;341.0;5.6;0.00;0.0;IFS
st_alban_du_rhone;AROMEIFS;2026-10-22T09:00;IFS;2.20;5.60;350.0;6.6;0.00;0.0;IFS
st_alban_du_rhone;AROMEIFS;2026-10-22T10:00;IFS;2.00;6.40;6.0;8.3;0.00;0.0;IFS
st_alban_du_rhone;AROMEIFS;2026-10-22T11:00;IFS;1.80;7.00;29.0;10.3;0.00;0.0;IFS
st_alban_du_rhone;AROMEIFS;2026-10-22T12:00;IFS;2.00;7.80;51.0;12.2;0.00;0.0;IFS
st_alban_du_rhone;AROMEIFS;2026-10-22T13:00;IFS;2.20;8.40;63.0;13.8;0.00;0.0;IFS
st_alban_du_rhone;AROMEIFS;2026-10-22T14:00;IFS;2.30;8.70;68.0;14.7;0.00;0.0;IFS
st_alban_du_rhone;AROMEIFS;2026-10-22T15:00;IFS;2.00;9.10;65.0;14.7;0.00;0.0;IFS
st_alban_du_rhone;AROMEIFS;2026-10-22T16:00;IFS;1.70;9.30;50.0;14.3;0.00;0.0;IFS
st_alban_du_rhone;AROMEIFS;2026-10-22T17:00;IFS;1.40;9.50;21.0;13.4;0.00;0.0;IFS
st_alban_du_rhone;AROMEIFS;2026-10-22T18:00;IFS;1.60;9.50;346.0;12.4;0.00;0.0;IFS
st_alban_du_rhone;AROMEIFS;2026-10-22T19:00;IFS;2.10;9.30;329.0;11.4;0.00;0.0;IFS
st_alban_du_rhone;AROMEIFS;2026-10-22T20:00;IFS;2.40;9.10;322.0;10.6;0.00;0.0;IFS
st_alban_du_rhone;AROMEIFS;2026-10-22T21:00;IFS;2.50;8.60;321.0;10.0;0.00;0.0;IFS
st_alban_du_rhone;AROMEIFS;2026-10-22T22:00;IFS;2.40;7.80;325.0;9.5;0.00;1.0;IFS
st_alban_du_rhone;AROMEIFS;2026-10-22T23:00;IFS;2.30;7.00;329.0;9.0;0.00;1.0;IFS
st_alban_du_rhone;AROMEIFS;2026-10-23T00:00;IFS;2.10;6.00;336.0;8.5;0.00;2.0;IFS
st_alban_du_rhone;AROMEIFS;2026-10-23T01:00;IFS;1.90;5.20;342.0;8.0;0.00;2.0;IFS
st_alban_du_rhone;AROMEIFS;2026-10-23T02:00;IFS;1.90;4.70;348.0;7.6;0.00;2.0;IFS
st_alban_du_rhone;AROMEIFS;2026-10-23T03:00;IFS;1.90;4.30;348.0;7.2;0.00;2.0;IFS
st_alban_du_rhone;AROMEIFS;2026-10-23T04:00;IFS;1.80;4.10;347.0;6.6;0.00;2.0;IFS
st_alban_du_rhone;AROMEIFS;2026-10-23T05:00;IFS;1.80;3.90;344.0;6.2;0.00;1.0;IFS
st_alban_du_rhone;AROMEIFS;2026-10-23T06:00;IFS;1.80;3.90;342.0;5.8;0.00;1.0;IFS
st_alban_du_rhone;AROMEIFS;2026-10-23T07:00;IFS;1.80;4.10;341.0;5.8;0.00;0.0;IFS
st_alban_du_rhone;AROMEIFS;2026-10-23T08:00;IFS;1.70;4.30;344.0;6.2;0.00;0.0;IFS
st_alban_du_rhone;AROMEIFS;2026-10-23T09:00;IFS;1.70;4.90;353.0;7.3;0.00;0.0;IFS
st_alban_du_rhone;AROMEIFS;2026-10-23T10:00;IFS;1.70;5.60;7.0;9.1;0.00;0.0;IFS
st_alban_du_rhone;AROMEIFS;2026-10-23T11:00;IFS;1.90;6.40;24.0;11.1;0.00;0.0;IFS
st_alban_du_rhone;AROMEIFS;2026-10-23T12:00;IFS;2.10;7.40;34.0;13.1;0.00;0.0;IFS
st_alban_du_rhone;AROMEIFS;2026-10-23T13:00;IFS;2.30;8.20;42.0;14.7;0.00;0.0;IFS
st_alban_du_rhone;AROMEIFS;2026-10-23T14:00;IFS;2.40;8.70;43.0;15.6;0.00;0.0;IFS
st_alban_du_rhone;AROMEIFS;2026-10-23T15:00;IFS;2.30;9.10;40.0;15.7;0.00;1.0;IFS
st_alban_du_rhone;AROMEIFS;2026-10-23T16:00;IFS;2.00;9.30;29.0;15.2;0.00;2.0;IFS
st_alban_du_rhone;AROMEIFS;2026-10-23T17:00;IFS;1.70;9.50;13.0;14.4;0.00;3.0;IFS
st_alban_du_rhone;AROMEIFS;2026-10-23T18:00;IFS;1.70;9.50;353.0;13.3;0.00;4.0;IFS
st_alban_du_rhone;AROMEIFS;2026-10-23T19:00;IFS;1.70;9.30;336.0;12.3;0.00;5.0;IFS
st_alban_du_rhone;AROMEIFS;2026-10-23T20:00;IFS;1.80;8.90;326.0;11.6;0.00;5.0;IFS
st_alban_du_rhone;AROMEIFS;2026-10-23T21:00;IFS;1.60;8.40;322.0;11.0;0.00;5.0;IFS
st_alban_du_rhone;AROMEIFS;2026-10-23T22:00;IFS;1.40;7.40;321.0;10.5;0.00;4.0;IFS
st_alban_du_rhone;AROMEIFS;2026-10-23T23:00;IFS;1.10;6.40;322.0;10.0;0.00;3.0;IFS
st_alban_du_rhone;AROMEIFS;2026-10-24T00:00;IFS;0.80;5.40;330.0;9.5;0.00;2.0;IFS
st_alban_du_rhone;AROMEIFS;2026-10-24T01:00;IFS;0.50;4.50;338.0;9.0;0.00;1.0;IFS
st_alban_du_rhone;AROMEIFS;2026-10-24T02:00;IFS;0.40;3.70;360.0;8.6;0.00;0.0;IFS
st_alban_du_rhone;AROMEIFS;2026-10-24T03:00;IFS;0.40;3.10;14.0;8.0;0.00;0.0;IFS
st_alban_du_rhone;AROMEIFS;2026-10-24T04:00;IFS;0.40;2.50;14.0;7.4;0.00;0.0;IFS
st_alban_du_rhone;AROMEIFS;2026-10-24T05:00;IFS;0.50;2.10;360.0;6.7;0.00;0.0;IFS
st_alban_du_rhone;AROMEIFS;2026-10-24T06:00;IFS;0.60;1.70;360.0;6.3;0.00;0.0;IFS
st_alban_du_rhone;AROMEIFS;2026-10-24T07:00;IFS;0.70;1.70;360.0;6.2;0.00;0.0;IFS
st_alban_du_rhone;AROMEIFS;2026-10-24T08:00;IFS;0.80;1.90;7.0;6.5;0.00;0.0;IFS
st_alban_du_rhone;AROMEIFS;2026-10-24T09:00;IFS;0.90;2.50;18.0;7.6;0.00;0.0;IFS
st_alban_du_rhone;AROMEIFS;2026-10-24T10:00;IFS;1.10;3.70;31.0;9.5;0.00;0.0;IFS
st_alban_du_rhone;AROMEIFS;2026-10-24T11:00;IFS;1.40;4.90;39.0;11.6;0.00;0.0;IFS
st_alban_du_rhone;AROMEIFS;2026-10-24T12:00;IFS;1.60;6.20;45.0;13.7;0.00;0.0;IFS
st_alban_du_rhone;AROMEIFS;2026-10-24T13:00;IFS;1.90;7.40;47.0;15.4;0.00;0.0;IFS
st_alban_du_rhone;AROMEIFS;2026-10-24T14:00;IFS;1.90;8.20;45.0;16.4;0.00;0.0;IFS
st_alban_du_rhone;AROMEIFS;2026-10-24T15:00;IFS;1.80;8.60;36.0;16.4;0.00;0.0;IFS
st_alban_du_rhone;AROMEIFS;2026-10-24T16:00;IFS;1.70;8.90;21.0;15.8;0.00;0.0;IFS
st_alban_du_rhone;AROMEIFS;2026-10-24T17:00;IFS;1.70;9.10;360.0;14.8;0.00;0.0;IFS
st_alban_du_rhone;AROMEIFS;2026-10-24T18:00;IFS;1.80;9.10;342.0;13.6;0.00;0.0;IFS
st_alban_du_rhone;AROMEIFS;2026-10-24T19:00;IFS;2.10;8.90;330.0;12.5;0.00;0.0;IFS
st_alban_du_rhone;AROMEIFS;2026-10-24T20:00;IFS;2.30;8.70;324.0;11.6;0.00;0.0;IFS
st_alban_du_rhone;AROMEIFS;2026-10-24T21:00;IFS;2.30;8.40;320.0;10.9;0.00;0.0;IFS
st_alban_du_rhone;AROMEIFS;2026-10-24T22:00;IFS;2.10;7.80;321.0;10.2;0.00;0.0;IFS
st_alban_du_rhone;AROMEIFS;2026-10-24T23:00;IFS;1.90;7.20;319.0;9.5;0.00;0.0;IFS
st_alban_du_rhone;AROMEIFS;2026-10-25T00:00;IFS;1.70;6.40;320.0;8.9;0.00;0.0;IFS
st_alban_du_rhone;AROMEIFS;2026-10-25T01:00;IFS;1.40;5.80;321.0;8.4;0.00;0.0;IFS
st_alban_du_rhone;AROMEIFS;2026-10-25T02:00;IFS;1.20;5.40;321.0;8.0;0.00;0.0;IFS
st_cyr_sur_le_rhone;AROMEIFS;2026-10-10T00:00;AROMEHD;1.70;4.50;36.0;13.0;0.00;100.0;AROMEHD
st_cyr_sur_le_rhone;AROMEIFS;2026-10-10T01:00;AROMEHD;1.80;4.90;18.0;12.6;0.00;25.0;AROMEHD
st_cyr_sur_le_rhone;AROMEIFS;2026-10-10T02:00;AROMEHD;2.40;4.50;61.0;13.0;0.00;25.0;AROMEHD
st_cyr_sur_le_rhone;AROMEIFS;2026-10-10T03:00;AROMEHD;2.70;6.00;60.0;13.0;0.00;100.0;AROMEHD
st_cyr_sur_le_rhone;AROMEIFS;2026-10-10T04:00;AROMEHD;2.20;5.20;27.0;12.5;0.40;100.0;AROMEHD
st_cyr_sur_le_rhone;AROMEIFS;2026-10-10T05:00;AROMEHD;2.10;4.90;355.0;12.0;0.10;100.0;AROMEHD
st_cyr_sur_le_rhone;AROMEIFS;2026-10-10T06:00;AROMEHD;2.90;5.20;4.0;11.7;0.10;100.0;AROMEHD
st_cyr_sur_le_rhone;AROMEIFS;2026-10-10T07:00;AROMEHD;2.40;5.20;351.0;11.6;0.10;100.0;AROMEHD
st_cyr_sur_le_rhone;AROMEIFS;2026-10-10T08:00;AROMEHD;2.20;4.50;315.0;11.4;0.00;100.0;AROMEHD
st_cyr_sur_le_rhone;AROMEIFS;2026-10-10T09:00;AROMEHD;2.60;4.30;216.0;11.7;0.00;4.0;AROMEHD
st_cyr_sur_le_rhone;AROMEIFS;2026-10-10T10:00;AROMEHD;0.80;5.40;225.0;12.8;0.00;3.0;AROMEHD
st_cyr_sur_le_rhone;AROMEIFS;2026-10-10T11:00;AROMEHD;2.60;6.40;207.0;14.5;0.00;69.0;AROMEHD
st_cyr_sur_le_rhone;AROMEIFS;2026-10-10T12:00;AROMEHD;2.50;6.60;212.0;15.6;0.00;100.0;AROMEHD
st_cyr_sur_le_rhone;AROMEIFS;2026-10-10T13:00;AROMEHD;3.40;7.80;223.0;15.7;0.10;100.0;AROMEHD
st_cyr_sur_le_rhone;AROMEIFS;2026-10-10T14:00;AROMEHD;2.60;7.40;216.0;15.6;0.10;2.0;AROMEHD
st_cyr_sur_le_rhone;AROMEIFS;2026-10-10T15:00;AROMEHD;1.40;7.00;225.0;17.5;0.00;100.0;AROMEHD
st_cyr_sur_le_rhone;AROMEIFS;2026-10-10T16:00;AROMEHD;0.70;4.30;236.0;17.0;0.20;18.0;AROMEHD
st_cyr_sur_le_rhone;AROMEIFS;2026-10-10T17:00;AROMEHD;1.80;5.20;49.0;18.2;0.00;18.0;AROMEHD
st_cyr_sur_le_rhone;AROMEIFS;2026-10-10T18:00;AROMEHD;1.50;5.20;40.0;18.1;0.00;24.0;AROMEHD
st_cyr_sur_le_rhone;AROMEIFS;2026-10-10T19:00;AROMEHD;6.00;13.40;345.0;17.3;0.00;100.0;AROMEHD
st_cyr_sur_le_rhone;AROMEIFS;2026-10-10T20:00;AROMEHD;4.50;18.50;7.0;15.3;0.00;100.0;AROMEHD
st_cyr_sur_le_rhone;AROMEIFS;2026-10-10T21:00;AROMEHD;4.20;10.50;11.0;14.3;0.00;0.0;AROMEHD
st_cyr_sur_le_rhone;AROMEIFS;2026-10-10T22:00;AROMEHD;2.60;9.50;13.0;13.2;0.00;0.0;AROMEHD
st_cyr_sur_le_rhone;AROMEIFS;2026-10-10T23:00;AROMEHD;1.00;5.60;79.0;11.9;0.00;0.0;AROMEHD
st_cyr_sur_le_rhone;AROMEIFS;2026-10-11T00:00;AROMEHD;1.50;1.60;67.0;11.1;0.00;0.0;AROMEHD
st_cyr_sur_le_rhone;AROMEIFS;2026-10-11T01:00;AROMEHD;1.80;1.90;58.0;10.1;0.00;0.0;AROMEHD
st_cyr_sur_le_rhone;AROMEIFS;2026-10-11T02:00;AROMEHD;1.40;2.70;34.0;9.4;0.00;0.0;AROMEHD
st_cyr_sur_le_rhone;AROMEIFS;2026-10-11T03:00;AROMEHD;1.70;1.90;360.0;8.7;0.00;0.0;AROMEHD
st_cyr_sur_le_rhone;AROMEIFS;2026-10-11T04:00;AROMEHD;1.80;2.30;13.0;8.2;0.00;15.2;AROMEHD
st_cyr_sur_le_rhone;AROMEIFS;2026-10-11T05:00;AROMEHD;2.30;3.50;31.0;7.8;0.00;25.0;AROMEHD
st_cyr_sur_le_rhone;AROMEIFS;2026-10-11T06:00;AROMEHD;1.70;3.10;21.0;7.7;0.00;25.0;AROMEHD
st_cyr_sur_le_rhone;AROMEIFS;2026-10-11T07:00;AROMEHD;2.10;2.50;22.0;7.5;0.00;25.0;AROMEHD
st_cyr_sur_le_rhone;AROMEIFS;2026-10-11T08:00;AROMEHD;2.20;3.10;15.0;7.3;0.00;23.0;AROMEHD
st_cyr_sur_le_rhone;AROMEIFS;2026-10-11T09:00;AROMEHD;2.60;4.70;27.0;7.9;0.00;21.2;AROMEHD
st_cyr_sur_le_rhone;AROMEIFS;2026-10-11T10:00;AROMEHD;2.30;5.10;48.0;10.5;0.00;4.0;AROMEHD
st_cyr_sur_le_rhone;AROMEIFS;2026-10-11T11:00;AROMEHD;3.30;8.20;40.0;13.1;0.00;1.8;AROMEHD
st_cyr_sur_le_rhone;AROMEIFS;2026-10-11T12:00;AROMEHD;4.50;11.50;7.0;15.0;0.00;43.0;AROMEHD
st_cyr_sur_le_rhone;AROMEIFS;2026-10-11T13:00;AROMEHD;4.90;12.20;16.0;15.8;0.00;61.0;AROMEHD
st_cyr_sur_le_rhone;AROMEIFS;2026-10-11T14:00;AROMEHD;5.30;13.60;8.0;16.2;0.00;98.0;AROMEHD
st_cyr_sur_le_rhone;AROMEIFS;2026-10-11T15:00;AROMEHD;5.60;13.60;12.0;16.7;0.00;44.0;AROMEHD
st_cyr_sur_le_rhone;AROMEIFS;2026-10-11T16:00;AROMEHD;5.90;14.20;17.0;16.6;0.00;100.0;AROMEHD
st_cyr_sur_le_rhone;AROMEIFS;2026-10-11T17:00;AROMEHD;5.50;13.80;18.0;16.2;0.00;97.0;AROMEHD
st_cyr_sur_le_rhone;AROMEIFS;2026-10-11T18:00;AROMEHD;4.90;12.80;23.0;15.9;0.00;49.0;AROMEHD
st_cyr_sur_le_rhone;AROMEIFS;2026-10-11T19:00;AROMEHD;4.30;11.10;24.0;14.7;0.00;88.0;AROMEHD
st_cyr_sur_le_rhone;AROMEIFS;2026-10-11T20:00;AROMEHD;2.60;8.90;17.0;13.1;0.00;0.0;AROMEHD
st_cyr_sur_le_rhone;AROMEIFS;2026-10-11T21:00;AROMEHD;2.20;5.20;27.0;11.8;0.00;0.0;AROMEHD
st_cyr_sur_le_rhone;AROMEIFS;2026-10-11T22:00;AROMEHD;2.60;5.20;9.0;11.1;0.00;0.0;AROMEHD
st_cyr_sur_le_rhone;AROMEIFS;2026-10-11T23:00;AROMEHD;3.10;7.00;4.0;10.8;0.00;0.0;AROMEHD
st_cyr_sur_le_rhone;AROMEIFS;2026-10-12T00:00;AROMEHD;2.60;7.20;48.0;10.3;0.00;0.0;AROMEHD
st_cyr_sur_le_rhone;AROMEIFS;2026-10-12T01:00;AROMEHD;2.60;4.50;63.0;9.6;0.00;0.0;AROMEHD
st_cyr_sur_le_rhone;AROMEIFS;2026-10-12T02:00;AROMEHD;2.00;3.90;61.0;9.3;0.00;0.0;AROMEHD
st_cyr_sur_le_rhone;AROMEIFS;2026-10-12T03:00;AROMEHD;2.10;3.10;56.0;8.8;0.00;0.0;AROMEHD
st_cyr_sur_le_rhone;AROMEIFS;2026-10-12T04:00;AROMEHD;2.90;5.10;53.0;8.6;0.00;0.0;AROMEHD
st_cyr_sur_le_rhone;AROMEIFS;2026-10-12T05:00;AROMEHD;3.20;5.20;57.0;8.5;0.00;0.0;AROMEHD
st_cyr_sur_le_rhone;AROMEIFS;2026-10-12T06:00;AROMEHD;3.20;6.20;47.0;7.8;0.00;0.0;AROMEHD
st_cyr_sur_le_rhone;AROMEIFS;2026-10-12T07:00;AROMEHD;3.30;5.20;50.0;7.2;0.00;0.0;AROMEHD
st_cyr_sur_le_rhone;AROMEIFS;2026-10-12T08:00;AROMEHD;3.40;5.40;47.0;7.0;0.00;0.5;AROMEHD
st_cyr_sur_le_rhone;AROMEIFS;2026-10-12T09:00;AROMEHD;3.80;7.00;55.0;8.0;0.00;0.0;AROMEHD
st_cyr_sur_le_rhone;AROMEIFS;2026-10-12T10:00;AROMEHD;3.30;7.80;40.0;10.4;0.00;0.0;AROMEHD
st_cyr_sur_le_rhone;AROMEIFS;2026-10-12T11:00;AROMEHD;4.20;9.30;53.0;12.7;0.00;0.0;AROMEHD
st_cyr_sur_le_rhone;AROMEIFS;2026-10-12T12:00;ARPEGE;6.80;14.60;358.0;13.8;0.00;9.0;ARPEGE
st_cyr_sur_le_rhone;AROMEIFS;2026-10-12T13:00;ARPEGE;6.70;15.00;7.0;15.1;0.00;48.0;ARPEGE
st_cyr_sur_le_rhone;AROMEIFS;2026-10-12T14:00;ARPEGE;6.60;14.40;3.0;16.2;0.00;49.0;ARPEGE
st_cyr_sur_le_rhone;AROMEIFS;2026-10-12T15:00;ARPEGE;6.30;14.40;9.0;17.0;0.00;37.0;ARPEGE
st_cyr_sur_le_rhone;AROMEIFS;2026-10-12T16:00;ARPEGE;5.70;13.80;10.0;17.6;0.00;25.0;ARPEGE
st_cyr_sur_le_rhone;AROMEIFS;2026-10-12T17:00;ARPEGE;5.20;12.60;13.0;17.7;0.00;30.0;ARPEGE
st_cyr_sur_le_rhone;AROMEIFS;2026-10-12T18:00;ARPEGE;5.30;11.10;8.0;17.3;0.00;33.0;ARPEGE
st_cyr_sur_le_rhone;AROMEIFS;2026-10-12T19:00;ARPEGE;4.50;10.30;7.0;15.8;0.00;30.0;ARPEGE
st_cyr_sur_le_rhone;AROMEIFS;2026-10-12T20:00;ARPEGE;2.70;7.40;8.0;13.9;0.00;38.0;ARPEGE
st_cyr_sur_le_rhone;AROMEIFS;2026-10-12T21:00;ARPEGE;1.20;4.30;360.0;12.5;0.00;23.0;ARPEGE
st_cyr_sur_le_rhone;AROMEIFS;2026-10-12T22:00;ARPEGE;0.40;1.00;333.0;11.4;0.00;22.0;ARPEGE
st_cyr_sur_le_rhone;AROMEIFS;2026-10-12T23:00;ARPEGE;0.90;1.60;297.0;10.7;0.00;38.0;ARPEGE
st_cyr_sur_le_rhone;AROMEIFS;2026-10-13T00:00;ARPEGE;0.70;1.60;326.0;10.3;0.00;43.0;ARPEGE
st_cyr_sur_le_rhone;AROMEIFS;2026-10-13T01:00;ARPEGE;0.40;1.00;63.0;9.7;0.00;48.0;ARPEGE
st_cyr_sur_le_rhone;AROMEIFS;2026-10-13T02:00;ARPEGE;0.80;0.80;104.0;9.3;0.00;75.0;ARPEGE
st_cyr_sur_le_rhone;AROMEIFS;2026-10-13T03:00;ARPEGE;0.80;0.80;135.0;9.0;0.00;93.0;ARPEGE
st_cyr_sur_le_rhone;AROMEIFS;2026-10-13T04:00;ARPEGE;0.80;0.80;166.0;8.8;0.00;55.0;ARPEGE
st_cyr_sur_le_rhone;AROMEIFS;2026-10-13T05:00;ARPEGE;0.50;0.60;135.0;8.6;0.00;25.0;ARPEGE
st_cyr_sur_le_rhone;AROMEIFS;2026-10-13T06:00;ARPEGE;0.20;0.40;90.0;8.3;0.00;20.0;ARPEGE
st_cyr_sur_le_rhone;AROMEIFS;2026-10-13T07:00;ARPEGE;1.80;1.20;96.0;8.0;0.00;7.0;ARPEGE
st_cyr_sur_le_rhone;AROMEIFS;2026-10-13T08:00;ARPEGE;0.80;1.40;90.0;7.7;0.00;7.0;ARPEGE
st_cyr_sur_le_rhone;AROMEIFS;2026-10-13T09:00;ARPEGE;0.20;0.40;360.0;8.1;0.00;6.0;ARPEGE
st_cyr_sur_le_rhone;AROMEIFS;2026-10-13T10:00;ARPEGE;0.20;0.20;360.0;10.0;0.00;2.0;ARPEGE
st_cyr_sur_le_rhone;AROMEIFS;2026-10-13T11:00;ARPEGE;2.10;5.40;5.0;12.7;0.00;1.0;ARPEGE
st_cyr_sur_le_rhone;AROMEIFS;2026-10-13T12:00;ARPEGE;3.40;8.20;24.0;15.0;0.00;0.0;ARPEGE
st_cyr_sur_le_rhone;AROMEIFS;2026-10-13T13:00;ARPEGE;4.20;9.70;28.0;17.1;0.00;0.0;ARPEGE
st_cyr_sur_le_rhone;AROMEIFS;2026-10-13T14:00;ARPEGE;4.50;10.70;25.0;18.8;0.00;1.0;ARPEGE
st_cyr_sur_le_rhone;AROMEIFS;2026-10-13T15:00;ARPEGE;5.20;11.70;27.0;20.0;0.00;4.0;ARPEGE
st_cyr_sur_le_rhone;AROMEIFS;2026-10-13T16:00;ARPEGE;5.60;11.90;29.0;20.7;0.00;3.0;ARPEGE
st_cyr_sur_le_rhone;AROMEIFS;2026-10-13T17:00;ARPEGE;5.30;11.90;28.0;20.6;0.00;15.0;ARPEGE
st_cyr_sur_le_rhone;AROMEIFS;2026-10-13T18:00;ARPEGE;5.10;10.90;25.0;20.0;0.00;29.0;ARPEGE
st_cyr_sur_le_rhone;AROMEIFS;2026-10-13T19:00;ARPEGE;4.10;9.50;17.0;18.2;0.00;17.0;ARPEGE
st_cyr_sur_le_rhone;AROMEIFS;2026-10-13T20:00;ARPEGE;3.90;6.20;351.0;16.2;0.00;6.0;ARPEGE
st_cyr_sur_le_rhone;AROMEIFS;2026-10-13T21:00;ARPEGE;4.30;7.60;360.0;14.9;0.00;0.0;ARPEGE
st_cyr_sur_le_rhone;AROMEIFS;2026-10-13T22:00;ARPEGE;3.70;7.00;351.0;13.8;0.00;15.0;ARPEGE
st_cyr_sur_le_rhone;AROMEIFS;2026-10-13T23:00;ARPEGE;2.50;6.20;356.0;13.1;0.00;95.0;ARPEGE
st_cyr_sur_le_rhone;AROMEIFS;2026-10-14T00:00;ARPEGE;1.60;4.50;14.0;12.4;0.00;91.0;ARPEGE
st_cyr_sur_le_rhone;AROMEIFS;2026-10-14T01:00;ARPEGE;0.90;2.10;27.0;11.7;0.00;75.0;ARPEGE
st_cyr_sur_le_rhone;AROMEIFS;2026-10-14T02:00;ARPEGE;0.60;0.80;360.0;11.5;0.00;100.0;ARPEGE
st_cyr_sur_le_rhone;AROMEIFS;2026-10-14T03:00;ARPEGE;0.60;1.40;18.0;11.6;0.00;81.0;ARPEGE
st_cyr_sur_le_rhone;AROMEIFS;2026-10-14T04:00;ARPEGE;2.60;2.30;77.0;11.2;0.00;61.0;ARPEGE
st_cyr_sur_le_rhone;AROMEIFS;2026-10-14T05:00;ARPEGE;2.30;3.30;59.0;10.5;0.00;89.0;ARPEGE
st_cyr_sur_le_rhone;AROMEIFS;2026-10-14T06:00;ARPEGE;1.90;2.70;53.0;10.3;0.00;74.0;ARPEGE
st_cyr_sur_le_rhone;AROMEIFS;2026-10-14T07:00;ARPEGE;1.80;3.10;49.0;10.3;0.00;13.0;ARPEGE
st_cyr_sur_le_rhone;AROMEIFS;2026-10-14T08:00;ARPEGE;0.80;2.90;45.0;10.2;0.00;67.0;ARPEGE
st_cyr_sur_le_rhone;AROMEIFS;2026-10-14T09:00;ARPEGE;0.40;1.20;180.0;11.0;0.00;54.0;ARPEGE
st_cyr_sur_le_rhone;AROMEIFS;2026-10-14T10:00;ARPEGE;1.40;2.70;16.0;13.5;0.00;87.0;ARPEGE
st_cyr_sur_le_rhone;AROMEIFS;2026-10-14T11:00;ARPEGE;2.60;4.90;54.0;15.5;0.00;86.0;ARPEGE
st_cyr_sur_le_rhone;AROMEIFS;2026-10-14T12:00;ARPEGE;4.70;10.70;24.0;17.7;0.00;21.0;ARPEGE
st_cyr_sur_le_rhone;AROMEIFS;2026-10-14T13:00;ARPEGE;6.40;14.20;12.0;19.6;0.00;12.0;ARPEGE
st_cyr_sur_le_rhone;AROMEIFS;2026-10-14T14:00;ARPEGE;5.30;14.20;10.0;20.7;0.00;1.0;ARPEGE
st_cyr_sur_le_rhone;AROMEIFS;2026-10-14T15:00;IFS;5.70;15.60;360.0;21.0;0.00;7.0;IFS
st_cyr_sur_le_rhone;AROMEIFS;2026-10-14T16:00;IFS;5.50;15.20;4.0;21.2;0.00;3.0;IFS
st_cyr_sur_le_rhone;AROMEIFS;2026-10-14T17:00;IFS;4.90;14.40;6.0;20.8;0.00;0.0;IFS
st_cyr_sur_le_rhone;AROMEIFS;2026-10-14T18:00;IFS;3.70;13.60;358.0;19.5;0.00;0.0;IFS
st_cyr_sur_le_rhone;AROMEIFS;2026-10-14T19:00;IFS;2.30;12.60;335.0;17.8;0.00;0.0;IFS
st_cyr_sur_le_rhone;AROMEIFS;2026-10-14T20:00;IFS;1.80;11.30;299.0;16.3;0.00;0.0;IFS
st_cyr_sur_le_rhone;AROMEIFS;2026-10-14T21:00;IFS;1.50;8.90;285.0;15.4;0.00;0.0;IFS
st_cyr_sur_le_rhone;AROMEIFS;2026-10-14T22:00;IFS;1.10;6.20;285.0;14.9;0.00;0.0;IFS
st_cyr_sur_le_rhone;AROMEIFS;2026-10-14T23:00;IFS;0.70;4.10;286.0;14.4;0.00;1.0;IFS
st_cyr_sur_le_rhone;AROMEIFS;2026-10-15T00:00;IFS;0.60;2.90;279.0;14.0;0.00;3.0;IFS
st_cyr_sur_le_rhone;AROMEIFS;2026-10-15T01:00;IFS;0.60;2.50;270.0;13.7;0.00;7.0;IFS
st_cyr_sur_le_rhone;AROMEIFS;2026-10-15T02:00;IFS;0.60;2.10;261.0;13.4;0.00;8.0;IFS
st_cyr_sur_le_rhone;AROMEIFS;2026-10-15T03:00;IFS;0.60;1.90;252.0;13.0;0.00;3.0;IFS
st_cyr_sur_le_rhone;AROMEIFS;2026-10-15T04:00;IFS;0.70;1.90;243.0;12.6;0.00;0.0;IFS
st_cyr_sur_le_rhone;AROMEIFS;2026-10-15T05:00;IFS;0.70;2.10;225.0;12.2;0.00;0.0;IFS
st_cyr_sur_le_rhone;AROMEIFS;2026-10-15T06:00;IFS;0.70;2.50;203.0;11.8;0.00;31.0;IFS
st_cyr_sur_le_rhone;AROMEIFS;2026-10-15T07:00;IFS;1.00;3.30;180.0;11.5;0.00;73.0;IFS
st_cyr_sur_le_rhone;AROMEIFS;2026-10-15T08:00;IFS;1.40;4.30;172.0;11.6;0.00;96.0;IFS
st_cyr_sur_le_rhone;AROMEIFS;2026-10-15T09:00;IFS;1.90;5.60;168.0;12.3;0.00;81.0;IFS
st_cyr_sur_le_rhone;AROMEIFS;2026-10-15T10:00;IFS;2.40;7.20;168.0;13.5;0.00;47.0;IFS
st_cyr_sur_le_rhone;AROMEIFS;2026-10-15T11:00;IFS;3.00;8.70;167.0;14.9;0.00;19.0;IFS
st_cyr_sur_le_rhone;AROMEIFS;2026-10-15T12:00;IFS;3.50;10.10;164.0;16.6;0.00;8.0;IFS
st_cyr_sur_le_rhone;AROMEIFS;2026-10-15T13:00;IFS;4.10;11.50;162.0;18.6;0.00;3.0;IFS
st_cyr_sur_le_rhone;AROMEIFS;2026-10-15T14:00;IFS;4.60;12.60;162.0;20.0;0.00;1.0;IFS
st_cyr_sur_le_rhone;AROMEIFS;2026-10-15T15:00;IFS;5.30;13.40;164.0;20.9;0.00;0.0;IFS
st_cyr_sur_le_rhone;AROMEIFS;2026-10-15T16:00;IFS;5.80;14.00;166.0;21.2;0.00;1.0;IFS
st_cyr_sur_le_rhone;AROMEIFS;2026-10-15T17:00;IFS;6.30;14.40;168.0;21.0;0.00;2.0;IFS
st_cyr_sur_le_rhone;AROMEIFS;2026-10-15T18:00;IFS;6.30;14.60;170.0;19.7;0.00;1.0;IFS
st_cyr_sur_le_rhone;AROMEIFS;2026-10-15T19:00;IFS;6.20;14.40;172.0;17.8;0.00;1.0;IFS
st_cyr_sur_le_rhone;AROMEIFS;2026-10-15T20:00;IFS;5.90;14.20;174.0;16.2;0.00;0.0;IFS
st_cyr_sur_le_rhone;AROMEIFS;2026-10-15T21:00;IFS;5.40;13.80;178.0;15.2;0.00;0.0;IFS
st_cyr_sur_le_rhone;AROMEIFS;2026-10-15T22:00;IFS;5.00;13.20;182.0;14.5;0.00;0.0;IFS
st_cyr_sur_le_rhone;AROMEIFS;2026-10-15T23:00;IFS;4.50;12.60;186.0;13.9;0.00;0.0;IFS
st_cyr_sur_le_rhone;AROMEIFS;2026-10-16T00:00;IFS;3.90;11.70;180.0;13.9;0.00;0.0;IFS
st_cyr_sur_le_rhone;AROMEIFS;2026-10-16T01:00;IFS;3.30;10.70;182.0;13.4;0.00;0.0;IFS
st_cyr_sur_le_rhone;AROMEIFS;2026-10-16T02:00;IFS;2.90;10.10;184.0;12.9;0.00;0.0;IFS
st_cyr_sur_le_rhone;AROMEIFS;2026-10-16T03:00;IFS;2.60;9.50;184.0;12.4;0.00;7.0;IFS
st_cyr_sur_le_rhone;AROMEIFS;2026-10-16T04:00;IFS;2.50;8.90;187.0;11.9;0.00;17.0;IFS
st_cyr_sur_le_rhone;AROMEIFS;2026-10-16T05:00;IFS;2.40;8.40;185.0;11.4;0.00;29.0;IFS
st_cyr_sur_le_rhone;AROMEIFS;2026-10-16T06:00;IFS;2.30;7.80;185.0;11.1;0.00;40.0;IFS
st_cyr_sur_le_rhone;AROMEIFS;2026-10-16T07:00;IFS;2.10;7.40;183.0;11.0;0.00;49.0;IFS
st_cyr_sur_le_rhone;AROMEIFS;2026-10-16T08:00;IFS;1.90;7.20;180.0;11.4;0.00;52.0;IFS
st_cyr_sur_le_rhone;AROMEIFS;2026-10-16T09:00;IFS;1.60;7.00;173.0;12.4;0.00;48.0;IFS
st_cyr_sur_le_rhone;AROMEIFS;2026-10-16T10:00;IFS;1.30;7.00;153.0;14.0;0.00;38.0;IFS
st_cyr_sur_le_rhone;AROMEIFS;2026-10-16T11:00;IFS;1.10;7.20;128.0;15.9;0.00;26.0;IFS
st_cyr_sur_le_rhone;AROMEIFS;2026-10-16T12:00;IFS;1.30;7.40;99.0;17.7;0.00;13.0;IFS
st_cyr_sur_le_rhone;AROMEIFS;2026-10-16T13:00;IFS;1.50;7.80;82.0;19.2;0.00;4.0;IFS
st_cyr_sur_le_rhone;AROMEIFS;2026-10-16T14:00;IFS;1.60;8.20;68.0;20.0;0.00;1.0;IFS
st_cyr_sur_le_rhone;AROMEIFS;2026-10-16T15:00;IFS;1.50;8.70;55.0;20.1;0.20;5.0;IFS
st_cyr_sur_le_rhone;AROMEIFS;2026-10-16T16:00;IFS;1.40;9.50;45.0;19.5;0.20;14.0;IFS
st_cyr_sur_le_rhone;AROMEIFS;2026-10-16T17:00;IFS;1.30;10.50;23.0;18.6;0.20;27.0;IFS
st_cyr_sur_le_rhone;AROMEIFS;2026-10-16T18:00;IFS;1.30;11.50;356.0;17.6;0.20;40.0;IFS
st_cyr_sur_le_rhone;AROMEIFS;2026-10-16T19:00;IFS;1.70;12.40;336.0;16.6;0.20;53.0;IFS
st_cyr_sur_le_rhone;AROMEIFS;2026-10-16T20:00;IFS;2.40;13.60;325.0;15.8;0.20;63.0;IFS
st_cyr_sur_le_rhone;AROMEIFS;2026-10-16T21:00;IFS;3.40;14.80;319.0;15.3;0.00;71.0;IFS
st_cyr_sur_le_rhone;AROMEIFS;2026-10-16T22:00;IFS;4.70;16.10;315.0;14.8;0.00;79.0;IFS
st_cyr_sur_le_rhone;AROMEIFS;2026-10-16T23:00;IFS;6.10;17.50;313.0;14.4;0.00;86.0;IFS
st_cyr_sur_le_rhone;AROMEIFS;2026-10-17T00:00;IFS;7.50;18.90;312.0;14.0;0.00;92.0;IFS
st_cyr_sur_le_rhone;AROMEIFS;2026-10-17T01:00;IFS;8.70;20.00;313.0;13.6;0.00;97.0;IFS
st_cyr_sur_le_rhone;AROMEIFS;2026-10-17T02:00;IFS;9.60;21.00;314.0;13.2;0.00;100.0;IFS
st_cyr_sur_le_rhone;AROMEIFS;2026-10-17T03:00;IFS;10.00;21.80;316.0;12.7;0.00;100.0;IFS
st_cyr_sur_le_rhone;AROMEIFS;2026-10-17T04:00;IFS;10.30;22.20;318.0;12.3;0.00;100.0;IFS
st_cyr_sur_le_rhone;AROMEIFS;2026-10-17T05:00;IFS;10.40;22.50;321.0;11.8;0.00;97.0;IFS
st_cyr_sur_le_rhone;AROMEIFS;2026-10-17T06:00;IFS;10.50;22.70;325.0;11.4;0.00;94.0;IFS
st_cyr_sur_le_rhone;AROMEIFS;2026-10-17T07:00;IFS;10.60;23.10;329.0;11.1;0.00;90.0;IFS
st_cyr_sur_le_rhone;AROMEIFS;2026-10-17T08:00;IFS;10.70;23.50;333.0;10.9;0.00;86.0;IFS
st_cyr_sur_le_rhone;AROMEIFS;2026-10-17T09:00;IFS;10.90;24.10;336.0;11.0;0.00;81.0;IFS
st_cyr_sur_le_rhone;AROMEIFS;2026-10-17T10:00;IFS;11.30;24.70;340.0;11.2;0.00;73.0;IFS
st_cyr_sur_le_rhone;AROMEIFS;2026-10-17T11:00;IFS;11.60;25.30;345.0;11.6;0.00;65.0;IFS
st_cyr_sur_le_rhone;AROMEIFS;2026-10-17T12:00;IFS;11.80;25.90;349.0;11.9;0.00;58.0;IFS
st_cyr_sur_le_rhone;AROMEIFS;2026-10-17T13:00;IFS;12.10;26.20;351.0;12.2;0.00;53.0;IFS
st_cyr_sur_le_rhone;AROMEIFS;2026-10-17T14:00;IFS;12.10;26.60;353.0;12.3;0.00;52.0;IFS
st_cyr_sur_le_rhone;AROMEIFS;2026-10-17T15:00;IFS;11.90;26.80;354.0;12.2;0.00;56.0;IFS
st_cyr_sur_le_rhone;AROMEIFS;2026-10-17T16:00;IFS;11.60;27.00;354.0;12.1;0.00;63.0;IFS
st_cyr_sur_le_rhone;AROMEIFS;2026-10-17T17:00;IFS;11.10;27.00;353.0;11.8;0.00;73.0;IFS
st_cyr_sur_le_rhone;AROMEIFS;2026-10-17T18:00;IFS;10.50;26.80;351.0;11.5;0.00;84.0;IFS
st_cyr_sur_le_rhone;AROMEIFS;2026-10-17T19:00;IFS;10.10;26.60;349.0;11.1;0.00;92.0;IFS
st_cyr_sur_le_rhone;AROMEIFS;2026-10-17T20:00;IFS;9.70;26.40;348.0;10.8;0.00;97.0;IFS
st_cyr_sur_le_rhone;AROMEIFS;2026-10-17T21:00;IFS;9.50;26.00;346.0;10.5;0.00;97.0;IFS
st_cyr_sur_le_rhone;AROMEIFS;2026-10-17T22:00;IFS;9.50;25.30;343.0;10.2;0.00;95.0;IFS
st_cyr_sur_le_rhone;AROMEIFS;2026-10-17T23:00;IFS;9.40;24.70;340.0;9.8;0.00;90.0;IFS
st_cyr_sur_le_rhone;AROMEIFS;2026-10-18T00:00;IFS;9.50;23.90;337.0;9.5;0.00;85.0;IFS
st_cyr_sur_le_rhone;AROMEIFS;2026-10-18T01:00;IFS;9.50;23.10;335.0;9.2;0.00;81.0;IFS
st_cyr_sur_le_rhone;AROMEIFS;2026-10-18T02:00;IFS;9.50;22.50;334.0;9.0;0.00;80.0;IFS
st_cyr_sur_le_rhone;AROMEIFS;2026-10-18T03:00;IFS;9.50;22.20;334.0;8.9;0.00;81.0;IFS
st_cyr_sur_le_rhone;AROMEIFS;2026-10-18T04:00;IFS;9.50;21.60;336.0;9.0;0.00;85.0;IFS
st_cyr_sur_le_rhone;AROMEIFS;2026-10-18T05:00;IFS;9.40;21.20;338.0;9.0;0.00;89.0;IFS
st_cyr_sur_le_rhone;AROMEIFS;2026-10-18T06:00;IFS;9.40;21.00;341.0;9.1;0.00;93.0;IFS
st_cyr_sur_le_rhone;AROMEIFS;2026-10-18T07:00;IFS;9.30;20.60;342.0;9.2;0.00;97.0;IFS
st_cyr_sur_le_rhone;AROMEIFS;2026-10-18T08:00;IFS;9.10;20.40;344.0;9.3;0.00;100.0;IFS
st_cyr_sur_le_rhone;AROMEIFS;2026-10-18T09:00;IFS;8.90;20.40;345.0;9.4;0.80;100.0;IFS
st_cyr_sur_le_rhone;AROMEIFS;2026-10-18T10:00;IFS;8.60;20.40;345.0;9.6;0.80;100.0;IFS
st_cyr_sur_le_rhone;AROMEIFS;2026-10-18T11:00;IFS;8.30;20.60;344.0;9.8;0.80;100.0;IFS
st_cyr_sur_le_rhone;AROMEIFS;2026-10-18T12:00;IFS;7.80;20.60;344.0;9.9;0.80;100.0;IFS
st_cyr_sur_le_rhone;AROMEIFS;2026-10-18T13:00;IFS;7.40;20.60;343.0;10.0;0.80;100.0;IFS
st_cyr_sur_le_rhone;AROMEIFS;2026-10-18T14:00;IFS;6.90;20.20;342.0;10.1;0.80;100.0;IFS
st_cyr_sur_le_rhone;AROMEIFS;2026-10-18T15:00;IFS;6.40;19.60;340.0;10.2;0.40;100.0;IFS
st_cyr_sur_le_rhone;AROMEIFS;2026-10-18T16:00;IFS;5.90;18.70;338.0;10.2;0.40;100.0;IFS
st_cyr_sur_le_rhone;AROMEIFS;2026-10-18T17:00;IFS;5.20;17.70;333.0;10.2;0.40;100.0;IFS
st_cyr_sur_le_rhone;AROMEIFS;2026-10-18T18:00;IFS;4.70;16.50;329.0;10.2;0.40;100.0;IFS
st_cyr_sur_le_rhone;AROMEIFS;2026-10-18T19:00;IFS;4.20;15.40;324.0;10.1;0.40;100.0;IFS
st_cyr_sur_le_rhone;AROMEIFS;2026-10-18T20:00;IFS;3.80;14.20;320.0;10.0;0.40;99.0;IFS
st_cyr_sur_le_rhone;AROMEIFS;2026-10-18T21:00;IFS;3.40;13.00;317.0;9.9;0.00;97.0;IFS
st_cyr_sur_le_rhone;AROMEIFS;2026-10-18T22:00;IFS;3.20;11.70;316.0;9.8;0.00;95.0;IFS
st_cyr_sur_le_rhone;AROMEIFS;2026-10-18T23:00;IFS;3.00;10.50;316.0;9.6;0.00;93.0;IFS
st_cyr_sur_le_rhone;AROMEIFS;2026-10-19T00:00;IFS;2.80;9.10;318.0;9.4;0.00;90.0;IFS
st_cyr_sur_le_rhone;AROMEIFS;2026-10-19T01:00;IFS;2.60;8.20;320.0;9.2;0.00;89.0;IFS
st_cyr_sur_le_rhone;AROMEIFS;2026-10-19T02:00;IFS;2.40;7.40;322.0;8.9;0.00;88.0;IFS
st_cyr_sur_le_rhone;AROMEIFS;2026-10-19T03:00;IFS;2.20;6.80;322.0;8.4;0.00;90.0;IFS
st_cyr_sur_le_rhone;AROMEIFS;2026-10-19T04:00;IFS;2.10;6.60;323.0;7.7;0.00;94.0;IFS
st_cyr_sur_le_rhone;AROMEIFS;2026-10-19T05:00;IFS;1.90;6.40;325.0;7.0;0.00;99.0;IFS
st_cyr_sur_le_rhone;AROMEIFS;2026-10-19T06:00;IFS;1.80;6.60;328.0;6.5;0.00;100.0;IFS
st_cyr_sur_le_rhone;AROMEIFS;2026-10-19T07:00;IFS;1.80;6.80;335.0;6.2;0.00;100.0;IFS
st_cyr_sur_le_rhone;AROMEIFS;2026-10-19T08:00;IFS;2.00;7.40;343.0;6.4;0.00;100.0;IFS
st_cyr_sur_le_rhone;AROMEIFS;2026-10-19T09:00;IFS;2.50;8.40;356.0;7.3;0.00;89.0;IFS
st_cyr_sur_le_rhone;AROMEIFS;2026-10-19T10:00;IFS;3.40;9.70;7.0;8.8;0.00;72.0;IFS
st_cyr_sur_le_rhone;AROMEIFS;2026-10-19T11:00;IFS;4.40;11.50;13.0;10.6;0.00;52.0;IFS
st_cyr_sur_le_rhone;AROMEIFS;2026-10-19T12:00;IFS;5.40;13.00;16.0;12.4;0.00;33.0;IFS
st_cyr_sur_le_rhone;AROMEIFS;2026-10-19T13:00;IFS;6.20;14.60;16.0;13.9;0.00;17.0;IFS
st_cyr_sur_le_rhone;AROMEIFS;2026-10-19T14:00;IFS;6.60;15.60;16.0;14.8;0.00;7.0;IFS
st_cyr_sur_le_rhone;AROMEIFS;2026-10-19T15:00;IFS;6.40;16.10;14.0;14.9;0.00;6.0;IFS
st_cyr_sur_le_rhone;AROMEIFS;2026-10-19T16:00;IFS;5.80;16.50;9.0;14.6;0.00;10.0;IFS
st_cyr_sur_le_rhone;AROMEIFS;2026-10-19T17:00;IFS;5.10;16.50;360.0;14.0;0.00;18.0;IFS
st_cyr_sur_le_rhone;AROMEIFS;2026-10-19T18:00;IFS;4.50;16.50;349.0;13.2;0.00;27.0;IFS
st_cyr_sur_le_rhone;AROMEIFS;2026-10-19T19:00;IFS;4.00;16.30;337.0;12.4;0.00;34.0;IFS
st_cyr_sur_le_rhone;AROMEIFS;2026-10-19T20:00;IFS;3.90;15.90;330.0;11.8;0.00;37.0;IFS
st_cyr_sur_le_rhone;AROMEIFS;2026-10-19T21:00;IFS;3.90;15.40;330.0;11.4;0.00;34.0;IFS
st_cyr_sur_le_rhone;AROMEIFS;2026-10-19T22:00;IFS;4.10;14.40;335.0;11.0;0.00;27.0;IFS
st_cyr_sur_le_rhone;AROMEIFS;2026-10-19T23:00;IFS;4.20;13.40;341.0;10.6;0.00;19.0;IFS
st_cyr_sur_le_rhone;AROMEIFS;2026-10-20T00:00;IFS;4.50;12.40;349.0;10.2;0.00;11.0;IFS
st_cyr_sur_le_rhone;AROMEIFS;2026-10-20T01:00;IFS;4.70;11.50;353.0;9.8;0.00;5.0;IFS
st_cyr_sur_le_rhone;AROMEIFS;2026-10-20T02:00;IFS;4.70;11.10;355.0;9.3;0.00;3.0;IFS
st_cyr_sur_le_rhone;AROMEIFS;2026-10-20T03:00;IFS;4.40;11.10;355.0;8.7;0.00;6.0;IFS
st_cyr_sur_le_rhone;AROMEIFS;2026-10-20T04:00;IFS;3.70;11.30;351.0;7.9;0.00;12.0;IFS
st_cyr_sur_le_rhone;AROMEIFS;2026-10-20T05:00;IFS;3.00;11.70;343.0;7.0;0.00;21.0;IFS
st_cyr_sur_le_rhone;AROMEIFS;2026-10-20T06:00;IFS;2.50;12.10;332.0;6.3;0.00;30.0;IFS
st_cyr_sur_le_rhone;AROMEIFS;2026-10-20T07:00;IFS;2.30;12.60;324.0;6.0;0.00;40.0;IFS
st_cyr_sur_le_rhone;AROMEIFS;2026-10-20T08:00;IFS;2.30;13.40;324.0;6.1;0.00;48.0;IFS
st_cyr_sur_le_rhone;AROMEIFS;2026-10-20T09:00;IFS;2.70;14.20;334.0;6.9;0.00;55.0;IFS
st_cyr_sur_le_rhone;AROMEIFS;2026-10-20T10:00;IFS;3.60;15.40;347.0;8.3;0.00;63.0;IFS
st_cyr_sur_le_rhone;AROMEIFS;2026-10-20T11:00;IFS;4.80;16.50;356.0;10.1;0.00;70.0;IFS
st_cyr_sur_le_rhone;AROMEIFS;2026-10-20T12:00;IFS;6.10;17.70;1.0;11.8;0.00;77.0;IFS
st_cyr_sur_le_rhone;AROMEIFS;2026-10-20T13:00;IFS;7.30;18.70;3.0;13.3;0.00;83.0;IFS
st_cyr_sur_le_rhone;AROMEIFS;2026-10-20T14:00;IFS;8.10;19.40;2.0;14.3;0.00;88.0;IFS
st_cyr_sur_le_rhone;AROMEIFS;2026-10-20T15:00;IFS;8.50;19.80;359.0;14.6;0.00;91.0;IFS
st_cyr_sur_le_rhone;AROMEIFS;2026-10-20T16:00;IFS;8.70;20.20;353.0;14.5;0.00;93.0;IFS
st_cyr_sur_le_rhone;AROMEIFS;2026-10-20T17:00;IFS;8.90;20.20;347.0;14.2;0.00;94.0;IFS
st_cyr_sur_le_rhone;AROMEIFS;2026-10-20T18:00;IFS;9.10;20.20;340.0;13.7;0.00;94.0;IFS
st_cyr_sur_le_rhone;AROMEIFS;2026-10-20T19:00;IFS;9.30;20.20;335.0;13.1;0.00;95.0;IFS
st_cyr_sur_le_rhone;AROMEIFS;2026-10-20T20:00;IFS;9.60;20.40;332.0;12.7;0.00;95.0;IFS
st_cyr_sur_le_rhone;AROMEIFS;2026-10-20T21:00;IFS;9.80;20.60;330.0;12.2;0.00;95.0;IFS
st_cyr_sur_le_rhone;AROMEIFS;2026-10-20T22:00;IFS;9.80;20.80;330.0;11.7;0.00;96.0;IFS
st_cyr_sur_le_rhone;AROMEIFS;2026-10-20T23:00;IFS;9.70;21.20;330.0;11.1;0.00;96.0;IFS
st_cyr_sur_le_rhone;AROMEIFS;2026-10-21T00:00;IFS;9.60;21.40;330.0;10.5;0.00;96.0;IFS
st_cyr_sur_le_rhone;AROMEIFS;2026-10-21T01:00;IFS;9.40;21.60;331.0;9.9;0.00;95.0;IFS
st_cyr_sur_le_rhone;AROMEIFS;2026-10-21T02:00;IFS;9.30;21.60;331.0;9.5;0.00;95.0;IFS
st_cyr_sur_le_rhone;AROMEIFS;2026-10-21T03:00;IFS;9.20;21.40;332.0;9.0;0.00;95.0;IFS
st_cyr_sur_le_rhone;AROMEIFS;2026-10-21T04:00;IFS;8.90;21.20;332.0;8.5;0.00;96.0;IFS
st_cyr_sur_le_rhone;AROMEIFS;2026-10-21T05:00;IFS;8.70;21.00;333.0;8.0;0.00;97.0;IFS
st_cyr_sur_le_rhone;AROMEIFS;2026-10-21T06:00;IFS;8.50;20.60;333.0;7.7;0.00;97.0;IFS
st_cyr_sur_le_rhone;AROMEIFS;2026-10-21T07:00;IFS;8.20;20.40;335.0;7.5;0.00;94.0;IFS
st_cyr_sur_le_rhone;AROMEIFS;2026-10-21T08:00;IFS;7.80;20.20;336.0;7.7;0.00;89.0;IFS
st_cyr_sur_le_rhone;AROMEIFS;2026-10-21T09:00;IFS;7.30;20.40;338.0;8.4;0.00;79.0;IFS
st_cyr_sur_le_rhone;AROMEIFS;2026-10-21T10:00;IFS;6.90;20.60;342.0;9.6;0.00;65.0;IFS
st_cyr_sur_le_rhone;AROMEIFS;2026-10-21T11:00;IFS;6.50;21.00;347.0;11.1;0.00;49.0;IFS
st_cyr_sur_le_rhone;AROMEIFS;2026-10-21T12:00;IFS;6.00;21.40;353.0;12.5;0.00;32.0;IFS
st_cyr_sur_le_rhone;AROMEIFS;2026-10-21T13:00;IFS;5.50;21.40;357.0;13.6;0.00;18.0;IFS
st_cyr_sur_le_rhone;AROMEIFS;2026-10-21T14:00;IFS;5.10;21.00;360.0;14.1;0.00;8.0;IFS
st_cyr_sur_le_rhone;AROMEIFS;2026-10-21T15:00;IFS;4.50;20.20;360.0;14.0;0.00;2.0;IFS
st_cyr_sur_le_rhone;AROMEIFS;2026-10-21T16:00;IFS;3.70;19.00;357.0;13.5;0.00;0.0;IFS
st_cyr_sur_le_rhone;AROMEIFS;2026-10-21T17:00;IFS;2.90;17.70;350.0;12.6;0.00;0.0;IFS
st_cyr_sur_le_rhone;AROMEIFS;2026-10-21T18:00;IFS;2.20;16.30;337.0;11.6;0.00;0.0;IFS
st_cyr_sur_le_rhone;AROMEIFS;2026-10-21T19:00;IFS;1.80;14.80;319.0;10.7;0.00;0.0;IFS
st_cyr_sur_le_rhone;AROMEIFS;2026-10-21T20:00;IFS;1.50;13.20;305.0;9.9;0.00;0.0;IFS
st_cyr_sur_le_rhone;AROMEIFS;2026-10-21T21:00;IFS;1.40;11.70;295.0;9.3;0.00;0.0;IFS
st_cyr_sur_le_rhone;AROMEIFS;2026-10-21T22:00;IFS;1.10;9.70;290.0;8.8;0.00;0.0;IFS
st_cyr_sur_le_rhone;AROMEIFS;2026-10-21T23:00;IFS;1.00;8.00;287.0;8.2;0.00;0.0;IFS
st_cyr_sur_le_rhone;AROMEIFS;2026-10-22T00:00;IFS;0.80;6.20;291.0;7.7;0.00;0.0;IFS
st_cyr_sur_le_rhone;AROMEIFS;2026-10-22T01:00;IFS;0.70;4.70;304.0;7.2;0.00;0.0;IFS
st_cyr_sur_le_rhone;AROMEIFS;2026-10-22T02:00;IFS;0.70;3.70;315.0;6.8;0.00;0.0;IFS
st_cyr_sur_le_rhone;AROMEIFS;2026-10-22T03:00;IFS;0.80;3.10;324.0;6.3;0.00;0.0;IFS
st_cyr_sur_le_rhone;AROMEIFS;2026-10-22T04:00;IFS;1.10;3.10;322.0;5.8;0.00;0.0;IFS
st_cyr_sur_le_rhone;AROMEIFS;2026-10-22T05:00;IFS;1.50;3.30;328.0;5.2;0.00;0.0;IFS
st_cyr_sur_le_rhone;AROMEIFS;2026-10-22T06:00;IFS;1.80;3.50;331.0;4.9;0.00;0.0;IFS
st_cyr_sur_le_rhone;AROMEIFS;2026-10-22T07:00;IFS;2.00;4.10;331.0;4.8;0.00;0.0;IFS
st_cyr_sur_le_rhone;AROMEIFS;2026-10-22T08:00;IFS;2.10;4.50;336.0;5.2;0.00;0.0;IFS
st_cyr_sur_le_rhone;AROMEIFS;2026-10-22T09:00;IFS;2.00;5.10;343.0;6.2;0.00;0.0;IFS
st_cyr_sur_le_rhone;AROMEIFS;2026-10-22T10:00;IFS;1.90;5.80;357.0;8.0;0.00;0.0;IFS
st_cyr_sur_le_rhone;AROMEIFS;2026-10-22T11:00;IFS;1.90;6.80;15.0;10.0;0.00;0.0;IFS
st_cyr_sur_le_rhone;AROMEIFS;2026-10-22T12:00;IFS;2.10;7.60;31.0;12.0;0.00;0.0;IFS
st_cyr_sur_le_rhone;AROMEIFS;2026-10-22T13:00;IFS;2.20;8.40;41.0;13.6;0.00;0.0;IFS
st_cyr_sur_le_rhone;AROMEIFS;2026-10-22T14:00;IFS;2.20;8.90;45.0;14.5;0.00;0.0;IFS
st_cyr_sur_le_rhone;AROMEIFS;2026-10-22T15:00;IFS;2.00;9.30;43.0;14.5;0.00;0.0;IFS
st_cyr_sur_le_rhone;AROMEIFS;2026-10-22T16:00;IFS;1.70;9.50;31.0;14.0;0.00;0.0;IFS
st_cyr_sur_le_rhone;AROMEIFS;2026-10-22T17:00;IFS;1.40;9.70;8.0;13.1;0.00;0.0;IFS
st_cyr_sur_le_rhone;AROMEIFS;2026-10-22T18:00;IFS;1.40;9.70;340.0;12.0;0.00;0.0;IFS
st_cyr_sur_le_rhone;AROMEIFS;2026-10-22T19:00;IFS;1.70;9.50;320.0;11.0;0.00;0.0;IFS
st_cyr_sur_le_rhone;AROMEIFS;2026-10-22T20:00;IFS;1.90;9.10;313.0;10.2;0.00;0.0;IFS
st_cyr_sur_le_rhone;AROMEIFS;2026-10-22T21:00;IFS;1.90;8.60;311.0;9.6;0.00;0.0;IFS
st_cyr_sur_le_rhone;AROMEIFS;2026-10-22T22:00;IFS;1.80;7.60;311.0;9.1;0.00;0.0;IFS
st_cyr_sur_le_rhone;AROMEIFS;2026-10-22T23:00;IFS;1.60;6.40;315.0;8.6;0.00;1.0;IFS
st_cyr_sur_le_rhone;AROMEIFS;2026-10-23T00:00;IFS;1.40;5.20;318.0;8.2;0.00;1.0;IFS
st_cyr_sur_le_rhone;AROMEIFS;2026-10-23T01:00;IFS;1.30;4.30;328.0;7.8;0.00;2.0;IFS
st_cyr_sur_le_rhone;AROMEIFS;2026-10-23T02:00;IFS;1.20;3.70;331.0;7.4;0.00;2.0;IFS
st_cyr_sur_le_rhone;AROMEIFS;2026-10-23T03:00;IFS;1.20;3.30;331.0;7.0;0.00;3.0;IFS
st_cyr_sur_le_rhone;AROMEIFS;2026-10-23T04:00;IFS;1.20;3.10;331.0;6.4;0.00;3.0;IFS
st_cyr_sur_le_rhone;AROMEIFS;2026-10-23T05:00;IFS;1.30;2.90;333.0;5.9;0.00;4.0;IFS
st_cyr_sur_le_rhone;AROMEIFS;2026-10-23T06:00;IFS;1.30;2.90;333.0;5.5;0.00;5.0;IFS
st_cyr_sur_le_rhone;AROMEIFS;2026-10-23T07:00;IFS;1.40;3.10;335.0;5.5;0.00;5.0;IFS
st_cyr_sur_le_rhone;AROMEIFS;2026-10-23T08:00;IFS;1.40;3.50;340.0;5.9;0.00;5.0;IFS
st_cyr_sur_le_rhone;AROMEIFS;2026-10-23T09:00;IFS;1.50;4.10;349.0;7.0;0.00;4.0;IFS
st_cyr_sur_le_rhone;AROMEIFS;2026-10-23T10:00;IFS;1.70;5.10;3.0;8.8;0.00;3.0;IFS
st_cyr_sur_le_rhone;AROMEIFS;2026-10-23T11:00;IFS;1.90;6.00;12.0;10.9;0.00;2.0;IFS
st_cyr_sur_le_rhone;AROMEIFS;2026-10-23T12:00;IFS;2.20;7.20;21.0;13.0;0.00;1.0;IFS
st_cyr_sur_le_rhone;AROMEIFS;2026-10-23T13:00;IFS;2.30;8.20;24.0;14.6;0.00;0.0;IFS
st_cyr_sur_le_rhone;AROMEIFS;2026-10-23T14:00;IFS;2.40;8.70;27.0;15.6;0.00;0.0;IFS
st_cyr_sur_le_rhone;AROMEIFS;2026-10-23T15:00;IFS;2.20;9.10;23.0;15.6;0.00;1.0;IFS
st_cyr_sur_le_rhone;AROMEIFS;2026-10-23T16:00;IFS;2.00;9.30;14.0;15.1;0.00;2.0;IFS
st_cyr_sur_le_rhone;AROMEIFS;2026-10-23T17:00;IFS;1.80;9.50;3.0;14.1;0.00;4.0;IFS
st_cyr_sur_le_rhone;AROMEIFS;2026-10-23T18:00;IFS;1.50;9.30;345.0;13.0;0.00;6.0;IFS
st_cyr_sur_le_rhone;AROMEIFS;2026-10-23T19:00;IFS;1.50;9.10;325.0;11.9;0.00;7.0;IFS
st_cyr_sur_le_rhone;AROMEIFS;2026-10-23T20:00;IFS;1.50;8.70;315.0;11.1;0.00;8.0;IFS
st_cyr_sur_le_rhone;AROMEIFS;2026-10-23T21:00;IFS;1.40;8.20;309.0;10.5;0.00;8.0;IFS
st_cyr_sur_le_rhone;AROMEIFS;2026-10-23T22:00;IFS;1.20;7.20;305.0;10.0;0.00;6.0;IFS
st_cyr_sur_le_rhone;AROMEIFS;2026-10-23T23:00;IFS;1.00;6.00;294.0;9.6;0.00;5.0;IFS
st_cyr_sur_le_rhone;AROMEIFS;2026-10-24T00:00;IFS;0.60;4.90;288.0;9.2;0.00;3.0;IFS
st_cyr_sur_le_rhone;AROMEIFS;2026-10-24T01:00;IFS;0.40;3.90;284.0;8.8;0.00;1.0;IFS
st_cyr_sur_le_rhone;AROMEIFS;2026-10-24T02:00;IFS;0.30;3.10;270.0;8.4;0.00;0.0;IFS
st_cyr_sur_le_rhone;AROMEIFS;2026-10-24T03:00;IFS;0.20;2.50;270.0;7.9;0.00;0.0;IFS
st_cyr_sur_le_rhone;AROMEIFS;2026-10-24T04:00;IFS;0.20;2.30;297.0;7.3;0.00;0.0;IFS
st_cyr_sur_le_rhone;AROMEIFS;2026-10-24T05:00;IFS;0.30;1.90;315.0;6.6;0.00;0.0;IFS
st_cyr_sur_le_rhone;AROMEIFS;2026-10-24T06:00;IFS;0.30;1.90;342.0;6.2;0.00;0.0;IFS
st_cyr_sur_le_rhone;AROMEIFS;2026-10-24T07:00;IFS;0.40;1.90;346.0;6.0;0.00;0.0;IFS
st_cyr_sur_le_rhone;AROMEIFS;2026-10-24T08:00;IFS;0.60;2.30;360.0;6.4;0.00;0.0;IFS
st_cyr_sur_le_rhone;AROMEIFS;2026-10-24T09:00;IFS;0.80;2.90;14.0;7.5;0.00;0.0;IFS
st_cyr_sur_le_rhone;AROMEIFS;2026-10-24T10:00;IFS;1.00;4.10;22.0;9.3;0.00;0.0;IFS
st_cyr_sur_le_rhone;AROMEIFS;2026-10-24T11:00;IFS;1.40;5.20;28.0;11.4;0.00;0.0;IFS
st_cyr_sur_le_rhone;AROMEIFS;2026-10-24T12:00;IFS;1.80;6.40;34.0;13.5;0.00;0.0;IFS
st_cyr_sur_le_rhone;AROMEIFS;2026-10-24T13:00;IFS;2.00;7.60;33.0;15.2;0.00;0.0;IFS
st_cyr_sur_le_rhone;AROMEIFS;2026-10-24T14:00;IFS;2.10;8.40;31.0;16.1;0.00;0.0;IFS
st_cyr_sur_le_rhone;AROMEIFS;2026-10-24T15:00;IFS;1.90;8.90;24.0;16.1;0.00;0.0;IFS
st_cyr_sur_le_rhone;AROMEIFS;2026-10-24T16:00;IFS;1.80;9.10;13.0;15.5;0.00;0.0;IFS
st_cyr_sur_le_rhone;AROMEIFS;2026-10-24T17:00;IFS;1.70;9.30;353.0;14.5;0.00;0.0;IFS
st_cyr_sur_le_rhone;AROMEIFS;2026-10-24T18:00;IFS;1.70;9.50;332.0;13.3;0.00;0.0;IFS
st_cyr_sur_le_rhone;AROMEIFS;2026-10-24T19:00;IFS;1.90;9.30;317.0;12.2;0.00;0.0;IFS
st_cyr_sur_le_rhone;AROMEIFS;2026-10-24T20:00;IFS;2.00;9.10;309.0;11.3;0.00;0.0;IFS
st_cyr_sur_le_rhone;AROMEIFS;2026-10-24T21:00;IFS;2.00;8.60;305.0;10.5;0.00;0.0;IFS
st_cyr_sur_le_rhone;AROMEIFS;2026-10-24T22:00;IFS;1.90;7.80;305.0;9.8;0.00;0.0;IFS
st_cyr_sur_le_rhone;AROMEIFS;2026-10-24T23:00;IFS;1.60;7.00;303.0;9.1;0.00;0.0;IFS
st_cyr_sur_le_rhone;AROMEIFS;2026-10-25T00:00;IFS;1.30;6.00;306.0;8.5;0.00;0.0;IFS
st_cyr_sur_le_rhone;AROMEIFS;2026-10-25T01:00;IFS;1.10;5.20;308.0;8.0;0.00;0.0;IFS
st_cyr_sur_le_rhone;AROMEIFS;2026-10-25T02:00;IFS;1.00;4.70;307.0;7.6;0.00;0.0;IFS
st_romain_des_iles;AROMEIFS;2026-10-10T00:00;AROMEHD;1.40;5.20;236.0;11.7;0.00;100.0;AROMEHD
st_romain_des_iles;AROMEIFS;2026-10-10T01:00;AROMEHD;1.70;2.10;207.0;11.4;0.00;100.0;AROMEHD
st_romain_des_iles;AROMEIFS;2026-10-10T02:00;AROMEHD;1.00;3.30;323.0;11.1;0.70;100.0;AROMEHD
st_romain_des_iles;AROMEIFS;2026-10-10T03:00;AROMEHD;0.40;1.00;153.0;10.7;1.70;100.0;AROMEHD
st_romain_des_iles;AROMEIFS;2026-10-10T04:00;AROMEHD;0.30;1.40;315.0;10.7;0.90;100.0;AROMEHD
st_romain_des_iles;AROMEIFS;2026-10-10T05:00;AROMEHD;2.30;1.70;138.0;10.8;0.00;100.0;AROMEHD
st_romain_des_iles;AROMEIFS;2026-10-10T06:00;AROMEHD;1.60;3.90;210.0;10.9;0.10;100.0;AROMEHD
st_romain_des_iles;AROMEIFS;2026-10-10T07:00;AROMEHD;2.60;3.50;189.0;11.2;0.00;100.0;AROMEHD
st_romain_des_iles;AROMEIFS;2026-10-10T08:00;AROMEHD;5.50;7.40;174.0;11.3;0.00;100.0;AROMEHD
st_romain_des_iles;AROMEIFS;2026-10-10T09:00;AROMEHD;3.60;8.70;202.0;11.8;0.00;100.0;AROMEHD
st_romain_des_iles;AROMEIFS;2026-10-10T10:00;AROMEHD;4.80;8.40;194.0;12.8;0.00;100.0;AROMEHD
st_romain_des_iles;AROMEIFS;2026-10-10T11:00;AROMEHD;3.80;8.00;204.0;13.5;0.00;100.0;AROMEHD
st_romain_des_iles;AROMEIFS;2026-10-10T12:00;AROMEHD;4.00;7.40;194.0;14.9;0.10;100.0;AROMEHD
st_romain_des_iles;AROMEIFS;2026-10-10T13:00;AROMEHD;5.00;8.70;196.0;15.7;0.10;100.0;AROMEHD
st_romain_des_iles;AROMEIFS;2026-10-10T14:00;AROMEHD;4.20;9.30;196.0;16.3;0.00;100.0;AROMEHD
st_romain_des_iles;AROMEIFS;2026-10-10T15:00;AROMEHD;3.40;7.60;257.0;16.8;0.00;100.0;AROMEHD
st_romain_des_iles;AROMEIFS;2026-10-10T16:00;AROMEHD;4.20;8.60;257.0;17.5;0.00;97.0;AROMEHD
st_romain_des_iles;AROMEIFS;2026-10-10T17:00;AROMEHD;6.90;11.70;328.0;16.6;0.00;95.0;AROMEHD
st_romain_des_iles;AROMEIFS;2026-10-10T18:00;AROMEHD;3.50;12.40;297.0;16.1;0.00;7.0;AROMEHD
st_romain_des_iles;AROMEIFS;2026-10-10T19:00;AROMEHD;4.20;6.80;292.0;14.3;0.00;0.0;AROMEHD
st_romain_des_iles;AROMEIFS;2026-10-10T20:00;AROMEHD;1.00;6.40;180.0;12.1;0.00;0.0;AROMEHD
st_romain_des_iles;AROMEIFS;2026-10-10T21:00;AROMEHD;3.20;4.10;227.0;9.8;0.00;11.0;AROMEHD
st_romain_des_iles;AROMEIFS;2026-10-10T22:00;AROMEHD;4.10;3.30;155.0;8.3;0.00;0.0;AROMEHD
st_romain_des_iles;AROMEIFS;2026-10-10T23:00;AROMEHD;4.00;5.80;169.0;8.0;0.00;1.0;AROMEHD
st_romain_des_iles;AROMEIFS;2026-10-11T00:00;AROMEHD;3.90;5.40;183.0;7.5;0.00;0.0;AROMEHD
st_romain_des_iles;AROMEIFS;2026-10-11T01:00;AROMEHD;3.40;4.90;190.0;6.5;0.00;1.0;AROMEHD
st_romain_des_iles;AROMEIFS;2026-10-11T02:00;AROMEHD;2.00;3.70;169.0;6.0;0.00;1.0;AROMEHD
st_romain_des_iles;AROMEIFS;2026-10-11T03:00;AROMEHD;3.10;3.10;176.0;5.1;0.00;1.0;AROMEHD
st_romain_des_iles;AROMEIFS;2026-10-11T04:00;AROMEHD;1.90;4.70;233.0;4.9;0.00;25.0;AROMEHD
st_romain_des_iles;AROMEIFS;2026-10-11T05:00;AROMEHD;1.40;2.30;124.0;4.3;0.00;25.0;AROMEHD
st_romain_des_iles;AROMEIFS;2026-10-11T06:00;AROMEHD;1.10;1.40;45.0;4.0;0.00;51.0;AROMEHD
st_romain_des_iles;AROMEIFS;2026-10-11T07:00;AROMEHD;0.80;1.40;256.0;3.9;0.00;25.0;AROMEHD
st_romain_des_iles;AROMEIFS;2026-10-11T08:00;AROMEHD;1.00;1.20;191.0;3.6;0.00;79.0;AROMEHD
st_romain_des_iles;AROMEIFS;2026-10-11T09:00;AROMEHD;0.40;0.20;63.0;4.5;0.00;64.0;AROMEHD
st_romain_des_iles;AROMEIFS;2026-10-11T10:00;AROMEHD;1.00;2.10;180.0;7.1;0.00;25.0;AROMEHD
st_romain_des_iles;AROMEIFS;2026-10-11T11:00;AROMEHD;0.40;2.70;117.0;10.2;0.00;25.0;AROMEHD
st_romain_des_iles;AROMEIFS;2026-10-11T12:00;AROMEHD;0.90;3.90;63.0;12.8;0.00;91.0;AROMEHD
st_romain_des_iles;AROMEIFS;2026-10-11T13:00;AROMEHD;4.10;8.90;17.0;14.9;0.00;94.0;AROMEHD
st_romain_des_iles;AROMEIFS;2026-10-11T14:00;AROMEHD;5.60;11.10;14.0;15.9;0.00;54.0;AROMEHD
st_romain_des_iles;AROMEIFS;2026-10-11T15:00;AROMEHD;3.40;11.10;16.0;15.9;0.00;100.0;AROMEHD
st_romain_des_iles;AROMEIFS;2026-10-11T16:00;AROMEHD;4.60;8.20;12.0;16.1;0.00;100.0;AROMEHD
st_romain_des_iles;AROMEIFS;2026-10-11T17:00;AROMEHD;6.00;12.10;2.0;16.0;0.00;100.0;AROMEHD
st_romain_des_iles;AROMEIFS;2026-10-11T18:00;AROMEHD;4.40;10.10;69.0;15.2;0.00;100.0;AROMEHD
st_romain_des_iles;AROMEIFS;2026-10-11T19:00;AROMEHD;1.90;6.80;45.0;14.0;0.00;100.0;AROMEHD
st_romain_des_iles;AROMEIFS;2026-10-11T20:00;AROMEHD;1.80;2.50;319.0;12.4;0.00;97.0;AROMEHD
st_romain_des_iles;AROMEIFS;2026-10-11T21:00;AROMEHD;2.00;2.50;349.0;11.0;0.00;47.0;AROMEHD
st_romain_des_iles;AROMEIFS;2026-10-11T22:00;AROMEHD;0.60;1.90;342.0;9.5;0.00;19.0;AROMEHD
st_romain_des_iles;AROMEIFS;2026-10-11T23:00;AROMEHD;0.40;0.40;117.0;7.9;0.00;0.0;AROMEHD
st_romain_des_iles;AROMEIFS;2026-10-12T00:00;AROMEHD;1.20;3.10;171.0;6.4;0.00;1.0;AROMEHD
st_romain_des_iles;AROMEIFS;2026-10-12T01:00;AROMEHD;1.00;1.20;202.0;5.4;0.00;1.0;AROMEHD
st_romain_des_iles;AROMEIFS;2026-10-12T02:00;AROMEHD;2.80;2.70;286.0;5.1;0.00;0.0;AROMEHD
st_romain_des_iles;AROMEIFS;2026-10-12T03:00;AROMEHD;0.30;7.00;315.0;4.6;0.00;1.0;AROMEHD
st_romain_des_iles;AROMEIFS;2026-10-12T04:00;AROMEHD;1.70;1.40;324.0;3.9;0.00;1.0;AROMEHD
st_romain_des_iles;AROMEIFS;2026-10-12T05:00;AROMEHD;1.00;1.90;143.0;3.3;0.00;2.0;AROMEHD
st_romain_des_iles;AROMEIFS;2026-10-12T06:00;AROMEHD;1.20;1.60;129.0;2.6;0.00;5.0;AROMEHD
st_romain_des_iles;AROMEIFS;2026-10-12T07:00;AROMEHD;0.60;1.20;270.0;2.1;0.00;25.0;AROMEHD
st_romain_des_iles;AROMEIFS;2026-10-12T08:00;AROMEHD;1.00;0.80;143.0;1.7;0.00;56.0;AROMEHD
st_romain_des_iles;AROMEIFS;2026-10-12T09:00;AROMEHD;1.40;1.90;124.0;2.8;0.00;13.0;AROMEHD
st_romain_des_iles;AROMEIFS;2026-10-12T10:00;AROMEHD;0.60;1.20;198.0;6.5;0.00;0.0;AROMEHD
st_romain_des_iles;AROMEIFS;2026-10-12T11:00;AROMEHD;1.40;3.90;45.0;11.4;0.00;0.0;AROMEHD
st_romain_des_iles;AROMEIFS;2026-10-12T12:00;ARPEGE;7.80;14.00;14.0;14.8;0.00;22.0;ARPEGE
st_romain_des_iles;AROMEIFS;2026-10-12T13:00;ARPEGE;7.60;14.20;18.0;16.3;0.00;37.0;ARPEGE
st_romain_des_iles;AROMEIFS;2026-10-12T14:00;ARPEGE;7.60;14.60;15.0;17.4;0.00;76.0;ARPEGE
st_romain_des_iles;AROMEIFS;2026-10-12T15:00;ARPEGE;7.60;14.60;18.0;18.1;0.00;38.0;ARPEGE
st_romain_des_iles;AROMEIFS;2026-10-12T16:00;ARPEGE;6.30;14.20;22.0;18.5;0.00;30.0;ARPEGE
st_romain_des_iles;AROMEIFS;2026-10-12T17:00;ARPEGE;5.80;12.20;14.0;18.5;0.00;48.0;ARPEGE
st_romain_des_iles;AROMEIFS;2026-10-12T18:00;ARPEGE;5.50;11.10;17.0;18.0;0.00;41.0;ARPEGE
st_romain_des_iles;AROMEIFS;2026-10-12T19:00;ARPEGE;5.30;9.10;10.0;16.4;0.00;34.0;ARPEGE
st_romain_des_iles;AROMEIFS;2026-10-12T20:00;ARPEGE;4.30;7.20;10.0;14.3;0.00;39.0;ARPEGE
st_romain_des_iles;AROMEIFS;2026-10-12T21:00;ARPEGE;3.20;5.40;349.0;12.8;0.00;35.0;ARPEGE
st_romain_des_iles;AROMEIFS;2026-10-12T22:00;ARPEGE;2.90;3.90;323.0;11.9;0.00;46.0;ARPEGE
st_romain_des_iles;AROMEIFS;2026-10-12T23:00;ARPEGE;2.70;3.70;300.0;11.2;0.00;42.0;ARPEGE
st_romain_des_iles;AROMEIFS;2026-10-13T00:00;ARPEGE;2.30;3.30;301.0;10.5;0.00;45.0;ARPEGE
st_romain_des_iles;AROMEIFS;2026-10-13T01:00;ARPEGE;1.80;2.50;283.0;10.0;0.00;75.0;ARPEGE
st_romain_des_iles;AROMEIFS;2026-10-13T02:00;ARPEGE;1.80;1.90;252.0;9.5;0.00;95.0;ARPEGE
st_romain_des_iles;AROMEIFS;2026-10-13T03:00;ARPEGE;1.60;1.60;225.0;9.1;0.00;41.0;ARPEGE
st_romain_des_iles;AROMEIFS;2026-10-13T04:00;ARPEGE;0.50;1.70;225.0;8.8;0.00;29.0;ARPEGE
st_romain_des_iles;AROMEIFS;2026-10-13T05:00;ARPEGE;0.90;0.40;207.0;8.5;0.00;25.0;ARPEGE
st_romain_des_iles;AROMEIFS;2026-10-13T06:00;ARPEGE;0.90;1.00;207.0;8.2;0.00;13.0;ARPEGE
st_romain_des_iles;AROMEIFS;2026-10-13T07:00;ARPEGE;0.20;0.40;360.0;7.9;0.00;12.0;ARPEGE
st_romain_des_iles;AROMEIFS;2026-10-13T08:00;ARPEGE;0.30;0.40;135.0;7.6;0.00;8.0;ARPEGE
st_romain_des_iles;AROMEIFS;2026-10-13T09:00;ARPEGE;1.20;0.80;189.0;7.8;0.00;5.0;ARPEGE
st_romain_des_iles;AROMEIFS;2026-10-13T10:00;ARPEGE;1.10;1.40;211.0;9.3;0.00;3.0;ARPEGE
st_romain_des_iles;AROMEIFS;2026-10-13T11:00;ARPEGE;1.00;2.90;180.0;11.6;0.00;1.0;ARPEGE
st_romain_des_iles;AROMEIFS;2026-10-13T12:00;ARPEGE;1.40;4.70;106.0;13.6;0.00;1.0;ARPEGE
st_romain_des_iles;AROMEIFS;2026-10-13T13:00;ARPEGE;1.80;5.80;77.0;15.6;0.00;1.0;ARPEGE
st_romain_des_iles;AROMEIFS;2026-10-13T14:00;ARPEGE;3.10;8.20;68.0;17.6;0.00;3.0;ARPEGE
st_romain_des_iles;AROMEIFS;2026-10-13T15:00;ARPEGE;4.50;10.10;65.0;19.1;0.00;1.0;ARPEGE
st_romain_des_iles;AROMEIFS;2026-10-13T16:00;ARPEGE;5.20;10.70;68.0;19.9;0.00;13.0;ARPEGE
st_romain_des_iles;AROMEIFS;2026-10-13T17:00;ARPEGE;4.80;10.70;63.0;20.0;0.00;38.0;ARPEGE
st_romain_des_iles;AROMEIFS;2026-10-13T18:00;ARPEGE;4.70;9.30;66.0;19.5;0.00;28.0;ARPEGE
st_romain_des_iles;AROMEIFS;2026-10-13T19:00;ARPEGE;3.70;8.00;58.0;17.9;0.00;25.0;ARPEGE
st_romain_des_iles;AROMEIFS;2026-10-13T20:00;ARPEGE;1.70;4.90;21.0;15.9;0.00;16.0;ARPEGE
st_romain_des_iles;AROMEIFS;2026-10-13T21:00;ARPEGE;2.70;2.90;315.0;14.6;0.00;47.0;ARPEGE
st_romain_des_iles;AROMEIFS;2026-10-13T22:00;ARPEGE;1.50;2.70;320.0;13.9;0.00;97.0;ARPEGE
st_romain_des_iles;AROMEIFS;2026-10-13T23:00;ARPEGE;1.60;1.00;60.0;13.4;0.00;94.0;ARPEGE
st_romain_des_iles;AROMEIFS;2026-10-14T00:00;ARPEGE;1.60;1.70;45.0;13.0;0.00;92.0;ARPEGE
st_romain_des_iles;AROMEIFS;2026-10-14T01:00;ARPEGE;1.70;1.90;54.0;13.0;0.00;99.0;ARPEGE
st_romain_des_iles;AROMEIFS;2026-10-14T02:00;ARPEGE;1.00;2.30;53.0;13.2;0.00;93.0;ARPEGE
st_romain_des_iles;AROMEIFS;2026-10-14T03:00;ARPEGE;1.60;1.00;270.0;13.5;0.00;81.0;ARPEGE
st_romain_des_iles;AROMEIFS;2026-10-14T04:00;ARPEGE;1.30;1.90;297.0;13.3;0.00;95.0;ARPEGE
st_romain_des_iles;AROMEIFS;2026-10-14T05:00;ARPEGE;3.40;5.60;347.0;13.7;0.00;98.0;ARPEGE
st_romain_des_iles;AROMEIFS;2026-10-14T06:00;ARPEGE;5.30;8.20;350.0;14.7;0.00;90.0;ARPEGE
st_romain_des_iles;AROMEIFS;2026-10-14T07:00;ARPEGE;5.10;8.90;32.0;14.8;0.00;100.0;ARPEGE
st_romain_des_iles;AROMEIFS;2026-10-14T08:00;ARPEGE;3.20;5.80;52.0;14.3;0.00;100.0;ARPEGE
st_romain_des_iles;AROMEIFS;2026-10-14T09:00;ARPEGE;2.70;4.10;30.0;14.5;0.00;100.0;ARPEGE
st_romain_des_iles;AROMEIFS;2026-10-14T10:00;ARPEGE;4.30;7.00;350.0;15.6;0.00;98.0;ARPEGE
st_romain_des_iles;AROMEIFS;2026-10-14T11:00;ARPEGE;7.60;11.70;345.0;17.5;0.00;75.0;ARPEGE
st_romain_des_iles;AROMEIFS;2026-10-14T12:00;ARPEGE;7.60;12.80;359.0;18.9;0.00;44.0;ARPEGE
st_romain_des_iles;AROMEIFS;2026-10-14T13:00;ARPEGE;6.50;12.60;21.0;20.4;0.00;2.0;ARPEGE
st_romain_des_iles;AROMEIFS;2026-10-14T14:00;ARPEGE;6.70;13.60;26.0;21.9;0.00;45.0;ARPEGE
st_romain_des_iles;AROMEIFS;2026-10-14T15:00;IFS;6.20;12.20;4.0;21.6;0.00;4.0;IFS
st_romain_des_iles;AROMEIFS;2026-10-14T16:00;IFS;6.60;12.60;1.0;21.8;0.00;8.0;IFS
st_romain_des_iles;AROMEIFS;2026-10-14T17:00;IFS;6.30;12.60;357.0;21.4;0.00;11.0;IFS
st_romain_des_iles;AROMEIFS;2026-10-14T18:00;IFS;5.00;12.60;352.0;20.1;0.00;9.0;IFS
st_romain_des_iles;AROMEIFS;2026-10-14T19:00;IFS;3.10;12.20;338.0;18.2;0.00;4.0;IFS
st_romain_des_iles;AROMEIFS;2026-10-14T20:00;IFS;2.00;11.10;313.0;16.7;0.00;0.0;IFS
st_romain_des_iles;AROMEIFS;2026-10-14T21:00;IFS;1.80;8.60;299.0;15.9;0.00;0.0;IFS
st_romain_des_iles;AROMEIFS;2026-10-14T22:00;IFS;1.70;5.40;298.0;15.5;0.00;0.0;IFS
st_romain_des_iles;AROMEIFS;2026-10-14T23:00;IFS;1.50;3.10;302.0;15.1;0.00;0.0;IFS
st_romain_des_iles;AROMEIFS;2026-10-15T00:00;IFS;1.10;2.30;308.0;14.6;0.00;0.0;IFS
st_romain_des_iles;AROMEIFS;2026-10-15T01:00;IFS;0.70;2.50;315.0;14.0;0.00;0.0;IFS
st_romain_des_iles;AROMEIFS;2026-10-15T02:00;IFS;0.50;2.50;323.0;13.5;0.00;0.0;IFS
st_romain_des_iles;AROMEIFS;2026-10-15T03:00;IFS;0.60;2.30;288.0;12.9;0.00;30.0;IFS
st_romain_des_iles;AROMEIFS;2026-10-15T04:00;IFS;1.10;2.10;275.0;12.4;0.00;70.0;IFS
st_romain_des_iles;AROMEIFS;2026-10-15T05:00;IFS;1.40;2.10;262.0;12.0;0.00;100.0;IFS
st_romain_des_iles;AROMEIFS;2026-10-15T06:00;IFS;1.30;2.30;243.0;11.7;0.00;100.0;IFS
st_romain_des_iles;AROMEIFS;2026-10-15T07:00;IFS;1.30;2.70;216.0;11.5;0.00;100.0;IFS
st_romain_des_iles;AROMEIFS;2026-10-15T08:00;IFS;1.60;3.50;191.0;11.6;0.00;100.0;IFS
st_romain_des_iles;AROMEIFS;2026-10-15T09:00;IFS;2.00;4.90;177.0;12.1;0.00;100.0;IFS
st_romain_des_iles;AROMEIFS;2026-10-15T10:00;IFS;2.60;6.60;167.0;13.0;0.00;100.0;IFS
st_romain_des_iles;AROMEIFS;2026-10-15T11:00;IFS;3.20;8.40;164.0;14.1;0.00;100.0;IFS
st_romain_des_iles;AROMEIFS;2026-10-15T12:00;IFS;4.00;9.90;166.0;15.6;0.00;74.0;IFS
st_romain_des_iles;AROMEIFS;2026-10-15T13:00;IFS;4.90;11.30;168.0;17.4;0.00;38.0;IFS
st_romain_des_iles;AROMEIFS;2026-10-15T14:00;IFS;5.30;12.20;170.0;18.8;0.00;11.0;IFS
st_romain_des_iles;AROMEIFS;2026-10-15T15:00;IFS;5.20;12.40;166.0;19.6;0.00;1.0;IFS
st_romain_des_iles;AROMEIFS;2026-10-15T16:00;IFS;4.70;12.10;159.0;20.0;0.00;0.0;IFS
st_romain_des_iles;AROMEIFS;2026-10-15T17:00;IFS;4.00;11.50;154.0;20.0;0.00;0.0;IFS
st_romain_des_iles;AROMEIFS;2026-10-15T18:00;IFS;2.80;10.50;153.0;19.2;0.00;0.0;IFS
st_romain_des_iles;AROMEIFS;2026-10-15T19:00;IFS;1.40;9.30;155.0;18.0;0.00;0.0;IFS
st_romain_des_iles;AROMEIFS;2026-10-15T20:00;IFS;0.60;8.00;189.0;16.8;0.00;0.0;IFS
st_romain_des_iles;AROMEIFS;2026-10-15T21:00;IFS;1.00;6.60;209.0;15.7;0.00;0.0;IFS
st_romain_des_iles;AROMEIFS;2026-10-15T22:00;IFS;2.00;5.40;207.0;14.5;0.00;0.0;IFS
st_romain_des_iles;AROMEIFS;2026-10-15T23:00;IFS;2.60;4.50;207.0;13.6;0.00;0.0;IFS
st_romain_des_iles;AROMEIFS;2026-10-16T00:00;IFS;2.00;5.40;219.0;13.5;0.00;0.0;IFS
st_romain_des_iles;AROMEIFS;2026-10-16T01:00;IFS;2.50;5.10;219.0;12.7;0.00;0.0;IFS
st_romain_des_iles;AROMEIFS;2026-10-16T02:00;IFS;2.60;4.70;219.0;12.1;0.00;0.0;IFS
st_romain_des_iles;AROMEIFS;2026-10-16T03:00;IFS;2.50;4.50;222.0;11.6;0.00;7.0;IFS
st_romain_des_iles;AROMEIFS;2026-10-16T04:00;IFS;2.20;4.30;225.0;11.2;0.00;17.0;IFS
st_romain_des_iles;AROMEIFS;2026-10-16T05:00;IFS;1.80;4.10;234.0;10.9;0.00;29.0;IFS
st_romain_des_iles;AROMEIFS;2026-10-16T06:00;IFS;1.40;4.10;240.0;10.7;0.00;41.0;IFS
st_romain_des_iles;AROMEIFS;2026-10-16T07:00;IFS;1.00;4.10;253.0;10.8;0.00;52.0;IFS
st_romain_des_iles;AROMEIFS;2026-10-16T08:00;IFS;0.70;4.30;262.0;11.3;0.00;60.0;IFS
st_romain_des_iles;AROMEIFS;2026-10-16T09:00;IFS;0.30;4.70;252.0;12.4;0.00;66.0;IFS
st_romain_des_iles;AROMEIFS;2026-10-16T10:00;IFS;0.40;5.10;135.0;14.2;0.00;70.0;IFS
st_romain_des_iles;AROMEIFS;2026-10-16T11:00;IFS;1.10;5.60;124.0;16.2;0.00;74.0;IFS
st_romain_des_iles;AROMEIFS;2026-10-16T12:00;IFS;1.60;6.40;123.0;18.1;0.00;76.0;IFS
st_romain_des_iles;AROMEIFS;2026-10-16T13:00;IFS;2.00;7.00;123.0;19.7;0.00;76.0;IFS
st_romain_des_iles;AROMEIFS;2026-10-16T14:00;IFS;1.90;7.40;120.0;20.6;0.00;75.0;IFS
st_romain_des_iles;AROMEIFS;2026-10-16T15:00;IFS;1.50;7.60;122.0;20.7;0.10;71.0;IFS
st_romain_des_iles;AROMEIFS;2026-10-16T16:00;IFS;0.70;7.60;124.0;20.2;0.10;63.0;IFS
st_romain_des_iles;AROMEIFS;2026-10-16T17:00;IFS;0.30;7.40;288.0;19.3;0.10;54.0;IFS
st_romain_des_iles;AROMEIFS;2026-10-16T18:00;IFS;1.40;7.60;298.0;18.3;0.10;45.0;IFS
st_romain_des_iles;AROMEIFS;2026-10-16T19:00;IFS;2.60;8.00;301.0;17.2;0.10;39.0;IFS
st_romain_des_iles;AROMEIFS;2026-10-16T20:00;IFS;3.70;8.90;305.0;16.4;0.10;38.0;IFS
st_romain_des_iles;AROMEIFS;2026-10-16T21:00;IFS;5.00;10.90;310.0;15.7;0.30;44.0;IFS
st_romain_des_iles;AROMEIFS;2026-10-16T22:00;IFS;6.40;13.40;314.0;15.0;0.30;55.0;IFS
st_romain_des_iles;AROMEIFS;2026-10-16T23:00;IFS;7.90;16.50;318.0;14.3;0.30;69.0;IFS
st_romain_des_iles;AROMEIFS;2026-10-17T00:00;IFS;9.50;19.40;321.0;13.6;0.30;82.0;IFS
st_romain_des_iles;AROMEIFS;2026-10-17T01:00;IFS;10.70;21.80;323.0;13.0;0.30;94.0;IFS
st_romain_des_iles;AROMEIFS;2026-10-17T02:00;IFS;11.60;23.30;324.0;12.4;0.30;100.0;IFS
st_romain_des_iles;AROMEIFS;2026-10-17T03:00;IFS;12.10;23.70;325.0;11.7;0.20;100.0;IFS
st_romain_des_iles;AROMEIFS;2026-10-17T04:00;IFS;12.20;23.50;326.0;11.0;0.20;95.0;IFS
st_romain_des_iles;AROMEIFS;2026-10-17T05:00;IFS;12.10;22.70;326.0;10.4;0.20;88.0;IFS
st_romain_des_iles;AROMEIFS;2026-10-17T06:00;IFS;12.00;21.80;328.0;9.8;0.20;80.0;IFS
st_romain_des_iles;AROMEIFS;2026-10-17T07:00;IFS;11.60;20.80;329.0;9.4;0.20;74.0;IFS
st_romain_des_iles;AROMEIFS;2026-10-17T08:00;IFS;11.30;20.20;331.0;9.2;0.20;71.0;IFS
st_romain_des_iles;AROMEIFS;2026-10-17T09:00;IFS;11.00;20.00;335.0;9.4;0.00;73.0;IFS
st_romain_des_iles;AROMEIFS;2026-10-17T10:00;IFS;10.70;20.00;340.0;9.9;0.00;79.0;IFS
st_romain_des_iles;AROMEIFS;2026-10-17T11:00;IFS;10.40;20.00;345.0;10.6;0.00;86.0;IFS
st_romain_des_iles;AROMEIFS;2026-10-17T12:00;IFS;10.20;20.00;351.0;11.3;0.00;94.0;IFS
st_romain_des_iles;AROMEIFS;2026-10-17T13:00;IFS;9.90;20.00;356.0;11.8;0.00;99.0;IFS
st_romain_des_iles;AROMEIFS;2026-10-17T14:00;IFS;9.60;19.80;359.0;12.1;0.00;100.0;IFS
st_romain_des_iles;AROMEIFS;2026-10-17T15:00;IFS;8.90;19.60;359.0;12.0;0.10;96.0;IFS
st_romain_des_iles;AROMEIFS;2026-10-17T16:00;IFS;8.10;19.40;358.0;11.6;0.10;88.0;IFS
st_romain_des_iles;AROMEIFS;2026-10-17T17:00;IFS;7.00;19.20;354.0;11.1;0.10;78.0;IFS
st_romain_des_iles;AROMEIFS;2026-10-17T18:00;IFS;6.00;18.90;349.0;10.5;0.10;68.0;IFS
st_romain_des_iles;AROMEIFS;2026-10-17T19:00;IFS;5.30;18.70;342.0;10.0;0.10;60.0;IFS
st_romain_des_iles;AROMEIFS;2026-10-17T20:00;IFS;5.00;18.30;336.0;9.6;0.10;57.0;IFS
st_romain_des_iles;AROMEIFS;2026-10-17T21:00;IFS;5.10;17.90;331.0;9.4;0.00;60.0;IFS
st_romain_des_iles;AROMEIFS;2026-10-17T22:00;IFS;5.40;17.30;328.0;9.1;0.00;67.0;IFS
st_romain_des_iles;AROMEIFS;2026-10-17T23:00;IFS;5.90;16.70;327.0;8.9;0.00;76.0;IFS
st_romain_des_iles;AROMEIFS;2026-10-18T00:00;IFS;6.40;16.10;327.0;8.8;0.00;86.0;IFS
st_romain_des_iles;AROMEIFS;2026-10-18T01:00;IFS;6.80;15.70;327.0;8.6;0.00;94.0;IFS
st_romain_des_iles;AROMEIFS;2026-10-18T02:00;IFS;7.10;15.20;328.0;8.6;0.00;100.0;IFS
st_romain_des_iles;AROMEIFS;2026-10-18T03:00;IFS;7.20;14.60;329.0;8.6;0.00;100.0;IFS
st_romain_des_iles;AROMEIFS;2026-10-18T04:00;IFS;7.20;14.00;332.0;8.6;0.00;100.0;IFS
st_romain_des_iles;AROMEIFS;2026-10-18T05:00;IFS;7.20;13.40;335.0;8.7;0.00;100.0;IFS
st_romain_des_iles;AROMEIFS;2026-10-18T06:00;IFS;7.10;13.00;339.0;8.8;0.00;100.0;IFS
st_romain_des_iles;AROMEIFS;2026-10-18T07:00;IFS;7.10;12.60;343.0;8.9;0.00;100.0;IFS
st_romain_des_iles;AROMEIFS;2026-10-18T08:00;IFS;7.20;12.60;346.0;9.1;0.00;100.0;IFS
st_romain_des_iles;AROMEIFS;2026-10-18T09:00;IFS;7.40;12.80;349.0;9.3;0.70;100.0;IFS
st_romain_des_iles;AROMEIFS;2026-10-18T10:00;IFS;7.80;13.40;354.0;9.5;0.70;100.0;IFS
st_romain_des_iles;AROMEIFS;2026-10-18T11:00;IFS;8.30;14.20;357.0;9.7;0.70;100.0;IFS
st_romain_des_iles;AROMEIFS;2026-10-18T12:00;IFS;8.70;15.00;360.0;10.0;0.70;100.0;IFS
st_romain_des_iles;AROMEIFS;2026-10-18T13:00;IFS;8.80;15.70;2.0;10.2;0.70;100.0;IFS
st_romain_des_iles;AROMEIFS;2026-10-18T14:00;IFS;8.70;16.10;2.0;10.3;0.70;100.0;IFS
st_romain_des_iles;AROMEIFS;2026-10-18T15:00;IFS;8.10;16.50;360.0;10.5;0.10;90.0;IFS
st_romain_des_iles;AROMEIFS;2026-10-18T16:00;IFS;7.10;16.70;356.0;10.6;0.10;74.0;IFS
st_romain_des_iles;AROMEIFS;2026-10-18T17:00;IFS;6.10;16.90;349.0;10.7;0.10;56.0;IFS
st_romain_des_iles;AROMEIFS;2026-10-18T18:00;IFS;5.10;17.10;339.0;10.8;0.10;39.0;IFS
st_romain_des_iles;AROMEIFS;2026-10-18T19:00;IFS;4.50;16.90;328.0;10.7;0.10;26.0;IFS
st_romain_des_iles;AROMEIFS;2026-10-18T20:00;IFS;4.10;16.30;318.0;10.6;0.10;21.0;IFS
st_romain_des_iles;AROMEIFS;2026-10-18T21:00;IFS;3.90;15.40;313.0;10.4;0.00;27.0;IFS
st_romain_des_iles;AROMEIFS;2026-10-18T22:00;IFS;3.60;13.80;311.0;10.0;0.00;41.0;IFS
st_romain_des_iles;AROMEIFS;2026-10-18T23:00;IFS;3.40;12.10;311.0;9.6;0.00;60.0;IFS
st_romain_des_iles;AROMEIFS;2026-10-19T00:00;IFS;3.20;10.30;314.0;9.1;0.00;79.0;IFS
st_romain_des_iles;AROMEIFS;2026-10-19T01:00;IFS;3.00;8.70;318.0;8.7;0.00;93.0;IFS
st_romain_des_iles;AROMEIFS;2026-10-19T02:00;IFS;3.00;7.60;319.0;8.3;0.00;98.0;IFS
st_romain_des_iles;AROMEIFS;2026-10-19T03:00;IFS;3.00;6.80;319.0;7.8;0.00;91.0;IFS
st_romain_des_iles;AROMEIFS;2026-10-19T04:00;IFS;2.90;6.20;318.0;7.2;0.00;75.0;IFS
st_romain_des_iles;AROMEIFS;2026-10-19T05:00;IFS;3.00;5.60;316.0;6.7;0.00;55.0;IFS
st_romain_des_iles;AROMEIFS;2026-10-19T06:00;IFS;3.10;5.40;316.0;6.3;0.00;34.0;IFS
st_romain_des_iles;AROMEIFS;2026-10-19T07:00;IFS;3.10;5.40;319.0;6.1;0.00;18.0;IFS
st_romain_des_iles;AROMEIFS;2026-10-19T08:00;IFS;3.20;5.60;322.0;6.4;0.00;10.0;IFS
st_romain_des_iles;AROMEIFS;2026-10-19T09:00;IFS;3.30;6.20;332.0;7.3;0.00;13.0;IFS
st_romain_des_iles;AROMEIFS;2026-10-19T10:00;IFS;3.70;7.20;343.0;8.8;0.00;24.0;IFS
st_romain_des_iles;AROMEIFS;2026-10-19T11:00;IFS;4.20;8.40;353.0;10.6;0.00;40.0;IFS
st_romain_des_iles;AROMEIFS;2026-10-19T12:00;IFS;4.80;9.70;1.0;12.4;0.00;55.0;IFS
st_romain_des_iles;AROMEIFS;2026-10-19T13:00;IFS;5.30;10.90;5.0;13.8;0.00;68.0;IFS
st_romain_des_iles;AROMEIFS;2026-10-19T14:00;IFS;5.60;11.70;6.0;14.6;0.00;73.0;IFS
st_romain_des_iles;AROMEIFS;2026-10-19T15:00;IFS;5.50;12.20;3.0;14.8;0.00;70.0;IFS
st_romain_des_iles;AROMEIFS;2026-10-19T16:00;IFS;5.30;12.80;358.0;14.5;0.00;61.0;IFS
st_romain_des_iles;AROMEIFS;2026-10-19T17:00;IFS;5.10;13.20;350.0;13.9;0.00;48.0;IFS
st_romain_des_iles;AROMEIFS;2026-10-19T18:00;IFS;4.90;13.40;340.0;13.1;0.00;35.0;IFS
st_romain_des_iles;AROMEIFS;2026-10-19T19:00;IFS;4.80;13.60;331.0;12.2;0.00;23.0;IFS
st_romain_des_iles;AROMEIFS;2026-10-19T20:00;IFS;4.70;13.40;324.0;11.5;0.00;16.0;IFS
st_romain_des_iles;AROMEIFS;2026-10-19T21:00;IFS;4.50;13.00;319.0;10.7;0.00;13.0;IFS
st_romain_des_iles;AROMEIFS;2026-10-19T22:00;IFS;4.10;12.20;314.0;9.9;0.00;12.0;IFS
st_romain_des_iles;AROMEIFS;2026-10-19T23:00;IFS;3.70;11.50;310.0;9.0;0.00;13.0;IFS
st_romain_des_iles;AROMEIFS;2026-10-20T00:00;IFS;3.30;10.70;304.0;8.1;0.00;15.0;IFS
st_romain_des_iles;AROMEIFS;2026-10-20T01:00;IFS;3.00;9.70;299.0;7.3;0.00;18.0;IFS
st_romain_des_iles;AROMEIFS;2026-10-20T02:00;IFS;2.80;9.10;297.0;6.7;0.00;20.0;IFS
st_romain_des_iles;AROMEIFS;2026-10-20T03:00;IFS;2.80;8.60;297.0;6.0;0.00;22.0;IFS
st_romain_des_iles;AROMEIFS;2026-10-20T04:00;IFS;2.90;8.20;298.0;5.3;0.00;25.0;IFS
st_romain_des_iles;AROMEIFS;2026-10-20T05:00;IFS;3.00;7.80;302.0;4.7;0.00;28.0;IFS
st_romain_des_iles;AROMEIFS;2026-10-20T06:00;IFS;3.10;7.40;307.0;4.3;0.00;32.0;IFS
st_romain_des_iles;AROMEIFS;2026-10-20T07:00;IFS;3.20;7.20;311.0;4.2;0.00;37.0;IFS
st_romain_des_iles;AROMEIFS;2026-10-20T08:00;IFS;3.40;7.40;317.0;4.5;0.00;43.0;IFS
st_romain_des_iles;AROMEIFS;2026-10-20T09:00;IFS;3.70;7.80;325.0;5.4;0.00;51.0;IFS
st_romain_des_iles;AROMEIFS;2026-10-20T10:00;IFS;4.00;8.60;331.0;7.0;0.00;61.0;IFS
st_romain_des_iles;AROMEIFS;2026-10-20T11:00;IFS;4.40;9.50;338.0;8.9;0.00;73.0;IFS
st_romain_des_iles;AROMEIFS;2026-10-20T12:00;IFS;5.00;10.50;343.0;10.8;0.00;84.0;IFS
st_romain_des_iles;AROMEIFS;2026-10-20T13:00;IFS;5.50;11.50;347.0;12.4;0.00;93.0;IFS
st_romain_des_iles;AROMEIFS;2026-10-20T14:00;IFS;6.10;12.40;349.0;13.4;0.00;99.0;IFS
st_romain_des_iles;AROMEIFS;2026-10-20T15:00;IFS;6.80;13.40;349.0;13.7;0.00;100.0;IFS
st_romain_des_iles;AROMEIFS;2026-10-20T16:00;IFS;7.70;14.40;350.0;13.5;0.00;100.0;IFS
st_romain_des_iles;AROMEIFS;2026-10-20T17:00;IFS;8.50;15.60;349.0;13.1;0.00;100.0;IFS
st_romain_des_iles;AROMEIFS;2026-10-20T18:00;IFS;9.30;16.50;349.0;12.4;0.00;99.0;IFS
st_romain_des_iles;AROMEIFS;2026-10-20T19:00;IFS;10.00;17.50;348.0;11.8;0.00;96.0;IFS
st_romain_des_iles;AROMEIFS;2026-10-20T20:00;IFS;10.50;18.30;347.0;11.2;0.00;95.0;IFS
st_romain_des_iles;AROMEIFS;2026-10-20T21:00;IFS;10.60;18.90;346.0;10.7;0.00;94.0;IFS
st_romain_des_iles;AROMEIFS;2026-10-20T22:00;IFS;10.60;19.40;345.0;10.2;0.00;93.0;IFS
st_romain_des_iles;AROMEIFS;2026-10-20T23:00;IFS;10.40;19.80;344.0;9.6;0.00;92.0;IFS
st_romain_des_iles;AROMEIFS;2026-10-21T00:00;IFS;10.20;20.20;342.0;9.0;0.00;91.0;IFS
st_romain_des_iles;AROMEIFS;2026-10-21T01:00;IFS;10.10;20.40;341.0;8.5;0.00;91.0;IFS
st_romain_des_iles;AROMEIFS;2026-10-21T02:00;IFS;10.00;20.60;340.0;8.1;0.00;90.0;IFS
st_romain_des_iles;AROMEIFS;2026-10-21T03:00;IFS;10.20;20.60;340.0;7.7;0.00;91.0;IFS
st_romain_des_iles;AROMEIFS;2026-10-21T04:00;IFS;10.60;20.40;340.0;7.3;0.00;93.0;IFS
st_romain_des_iles;AROMEIFS;2026-10-21T05:00;IFS;11.00;20.00;339.0;7.0;0.00;95.0;IFS
st_romain_des_iles;AROMEIFS;2026-10-21T06:00;IFS;11.30;19.80;340.0;6.7;0.00;96.0;IFS
st_romain_des_iles;AROMEIFS;2026-10-21T07:00;IFS;11.40;19.60;341.0;6.8;0.00;95.0;IFS
st_romain_des_iles;AROMEIFS;2026-10-21T08:00;IFS;11.30;19.40;342.0;7.1;0.00;90.0;IFS
st_romain_des_iles;AROMEIFS;2026-10-21T09:00;IFS;10.80;19.60;346.0;7.9;0.00;80.0;IFS
st_romain_des_iles;AROMEIFS;2026-10-21T10:00;IFS;10.10;19.80;352.0;9.3;0.00;67.0;IFS
st_romain_des_iles;AROMEIFS;2026-10-21T11:00;IFS;9.30;20.20;359.0;10.9;0.00;51.0;IFS
st_romain_des_iles;AROMEIFS;2026-10-21T12:00;IFS;8.70;20.60;8.0;12.4;0.00;34.0;IFS
st_romain_des_iles;AROMEIFS;2026-10-21T13:00;IFS;8.20;20.80;16.0;13.6;0.00;20.0;IFS
st_romain_des_iles;AROMEIFS;2026-10-21T14:00;IFS;7.70;20.60;21.0;14.2;0.00;10.0;IFS
st_romain_des_iles;AROMEIFS;2026-10-21T15:00;IFS;6.90;20.20;22.0;14.2;0.00;4.0;IFS
st_romain_des_iles;AROMEIFS;2026-10-21T16:00;IFS;6.00;19.40;21.0;13.6;0.00;2.0;IFS
st_romain_des_iles;AROMEIFS;2026-10-21T17:00;IFS;5.00;18.70;16.0;12.8;0.00;1.0;IFS
st_romain_des_iles;AROMEIFS;2026-10-21T18:00;IFS;4.00;17.50;7.0;11.8;0.00;2.0;IFS
st_romain_des_iles;AROMEIFS;2026-10-21T19:00;IFS;3.30;16.50;353.0;10.8;0.00;2.0;IFS
st_romain_des_iles;AROMEIFS;2026-10-21T20:00;IFS;2.90;15.20;342.0;9.9;0.00;2.0;IFS
st_romain_des_iles;AROMEIFS;2026-10-21T21:00;IFS;2.60;13.60;333.0;9.2;0.00;1.0;IFS
st_romain_des_iles;AROMEIFS;2026-10-21T22:00;IFS;2.30;11.90;327.0;8.3;0.00;1.0;IFS
st_romain_des_iles;AROMEIFS;2026-10-21T23:00;IFS;2.20;9.70;322.0;7.5;0.00;1.0;IFS
st_romain_des_iles;AROMEIFS;2026-10-22T00:00;IFS;2.10;7.80;319.0;6.7;0.00;0.0;IFS
st_romain_des_iles;AROMEIFS;2026-10-22T01:00;IFS;1.90;6.20;319.0;6.0;0.00;0.0;IFS
st_romain_des_iles;AROMEIFS;2026-10-22T02:00;IFS;1.80;4.90;315.0;5.5;0.00;0.0;IFS
st_romain_des_iles;AROMEIFS;2026-10-22T03:00;IFS;1.70;4.10;313.0;4.9;0.00;0.0;IFS
st_romain_des_iles;AROMEIFS;2026-10-22T04:00;IFS;1.70;3.50;310.0;4.4;0.00;0.0;IFS
st_romain_des_iles;AROMEIFS;2026-10-22T05:00;IFS;1.50;3.10;310.0;3.9;0.00;0.0;IFS
st_romain_des_iles;AROMEIFS;2026-10-22T06:00;IFS;1.40;3.10;312.0;3.6;0.00;0.0;IFS
st_romain_des_iles;AROMEIFS;2026-10-22T07:00;IFS;1.30;3.10;318.0;3.6;0.00;0.0;IFS
st_romain_des_iles;AROMEIFS;2026-10-22T08:00;IFS;1.10;3.30;322.0;4.0;0.00;0.0;IFS
st_romain_des_iles;AROMEIFS;2026-10-22T09:00;IFS;0.80;3.70;339.0;5.0;0.00;0.0;IFS
st_romain_des_iles;AROMEIFS;2026-10-22T10:00;IFS;0.70;4.30;23.0;6.5;0.00;0.0;IFS
st_romain_des_iles;AROMEIFS;2026-10-22T11:00;IFS;1.10;5.20;52.0;8.4;0.00;0.0;IFS
st_romain_des_iles;AROMEIFS;2026-10-22T12:00;IFS;1.60;6.00;68.0;10.2;0.00;0.0;IFS
st_romain_des_iles;AROMEIFS;2026-10-22T13:00;IFS;1.90;6.80;75.0;11.8;0.00;0.0;IFS
st_romain_des_iles;AROMEIFS;2026-10-22T14:00;IFS;2.10;7.40;79.0;12.7;0.00;0.0;IFS
st_romain_des_iles;AROMEIFS;2026-10-22T15:00;IFS;1.90;7.80;81.0;12.9;0.00;0.0;IFS
st_romain_des_iles;AROMEIFS;2026-10-22T16:00;IFS;1.50;8.20;82.0;12.7;0.00;0.0;IFS
st_romain_des_iles;AROMEIFS;2026-10-22T17:00;IFS;0.90;8.60;84.0;12.1;0.00;0.0;IFS
st_romain_des_iles;AROMEIFS;2026-10-22T18:00;IFS;0.30;8.60;72.0;11.4;0.00;0.0;IFS
st_romain_des_iles;AROMEIFS;2026-10-22T19:00;IFS;0.30;8.60;270.0;10.8;0.00;0.0;IFS
st_romain_des_iles;AROMEIFS;2026-10-22T20:00;IFS;0.60;8.20;270.0;10.2;0.00;0.0;IFS
st_romain_des_iles;AROMEIFS;2026-10-22T21:00;IFS;0.70;7.40;270.0;9.8;0.00;1.0;IFS
st_romain_des_iles;AROMEIFS;2026-10-22T22:00;IFS;0.70;6.20;278.0;9.4;0.00;3.0;IFS
st_romain_des_iles;AROMEIFS;2026-10-22T23:00;IFS;0.70;4.70;297.0;9.0;0.00;6.0;IFS
st_romain_des_iles;AROMEIFS;2026-10-23T00:00;IFS;0.60;3.30;309.0;8.6;0.00;8.0;IFS
st_romain_des_iles;AROMEIFS;2026-10-23T01:00;IFS;0.60;2.10;329.0;8.3;0.00;9.0;IFS
st_romain_des_iles;AROMEIFS;2026-10-23T02:00;IFS;0.70;1.40;333.0;7.9;0.00;10.0;IFS
st_romain_des_iles;AROMEIFS;2026-10-23T03:00;IFS;0.70;1.00;326.0;7.4;0.00;10.0;IFS
st_romain_des_iles;AROMEIFS;2026-10-23T04:00;IFS;0.80;1.00;320.0;6.8;0.00;8.0;IFS
st_romain_des_iles;AROMEIFS;2026-10-23T05:00;IFS;0.90;1.00;311.0;6.1;0.00;7.0;IFS
st_romain_des_iles;AROMEIFS;2026-10-23T06:00;IFS;1.00;1.40;307.0;5.6;0.00;5.0;IFS
st_romain_des_iles;AROMEIFS;2026-10-23T07:00;IFS;1.00;1.70;307.0;5.5;0.00;3.0;IFS
st_romain_des_iles;AROMEIFS;2026-10-23T08:00;IFS;0.90;2.10;311.0;5.7;0.00;2.0;IFS
st_romain_des_iles;AROMEIFS;2026-10-23T09:00;IFS;0.70;2.70;337.0;6.7;0.00;1.0;IFS
st_romain_des_iles;AROMEIFS;2026-10-23T10:00;IFS;0.80;3.70;14.0;8.2;0.00;1.0;IFS
st_romain_des_iles;AROMEIFS;2026-10-23T11:00;IFS;1.20;4.70;45.0;10.0;0.00;1.0;IFS
st_romain_des_iles;AROMEIFS;2026-10-23T12:00;IFS;1.80;5.80;56.0;11.8;0.00;0.0;IFS
st_romain_des_iles;AROMEIFS;2026-10-23T13:00;IFS;2.10;6.80;62.0;13.3;0.00;0.0;IFS
st_romain_des_iles;AROMEIFS;2026-10-23T14:00;IFS;2.30;7.40;65.0;14.2;0.00;0.0;IFS
st_romain_des_iles;AROMEIFS;2026-10-23T15:00;IFS;2.00;8.00;65.0;14.3;0.00;0.0;IFS
st_romain_des_iles;AROMEIFS;2026-10-23T16:00;IFS;1.40;8.40;62.0;14.0;0.00;0.0;IFS
st_romain_des_iles;AROMEIFS;2026-10-23T17:00;IFS;0.80;8.60;50.0;13.4;0.00;0.0;IFS
st_romain_des_iles;AROMEIFS;2026-10-23T18:00;IFS;0.30;8.70;342.0;12.6;0.00;0.0;IFS
st_romain_des_iles;AROMEIFS;2026-10-23T19:00;IFS;0.70;8.70;278.0;11.9;0.00;0.0;IFS
st_romain_des_iles;AROMEIFS;2026-10-23T20:00;IFS;1.10;8.40;270.0;11.3;0.00;0.0;IFS
st_romain_des_iles;AROMEIFS;2026-10-23T21:00;IFS;1.20;7.60;270.0;10.9;0.00;0.0;IFS
st_romain_des_iles;AROMEIFS;2026-10-23T22:00;IFS;1.10;6.60;270.0;10.5;0.00;0.0;IFS
st_romain_des_iles;AROMEIFS;2026-10-23T23:00;IFS;0.80;5.40;270.0;10.2;0.00;0.0;IFS
st_romain_des_iles;AROMEIFS;2026-10-24T00:00;IFS;0.60;4.10;279.0;9.8;0.00;0.0;IFS
st_romain_des_iles;AROMEIFS;2026-10-24T01:00;IFS;0.30;2.90;288.0;9.4;0.00;0.0;IFS
st_romain_des_iles;AROMEIFS;2026-10-24T02:00;IFS;0.30;2.10;315.0;9.0;0.00;0.0;IFS
st_romain_des_iles;AROMEIFS;2026-10-24T03:00;IFS;0.40;1.60;326.0;8.3;0.00;1.0;IFS
st_romain_des_iles;AROMEIFS;2026-10-24T04:00;IFS;0.50;1.20;323.0;7.4;0.00;2.0;IFS
st_romain_des_iles;AROMEIFS;2026-10-24T05:00;IFS;0.70;1.00;315.0;6.5;0.00;4.0;IFS
st_romain_des_iles;AROMEIFS;2026-10-24T06:00;IFS;0.90;1.00;319.0;5.7;0.00;5.0;IFS
st_romain_des_iles;AROMEIFS;2026-10-24T07:00;IFS;0.90;1.00;319.0;5.3;0.00;7.0;IFS
st_romain_des_iles;AROMEIFS;2026-10-24T08:00;IFS;0.80;1.40;324.0;5.4;0.00;7.0;IFS
st_romain_des_iles;AROMEIFS;2026-10-24T09:00;IFS;0.50;2.10;349.0;6.2;0.00;7.0;IFS
st_romain_des_iles;AROMEIFS;2026-10-24T10:00;IFS;0.50;3.10;53.0;7.7;0.00;6.0;IFS
st_romain_des_iles;AROMEIFS;2026-10-24T11:00;IFS;1.10;4.50;90.0;9.6;0.00;5.0;IFS
st_romain_des_iles;AROMEIFS;2026-10-24T12:00;IFS;1.70;5.60;100.0;11.4;0.00;3.0;IFS
st_romain_des_iles;AROMEIFS;2026-10-24T13:00;IFS;2.20;6.80;105.0;13.0;0.00;2.0;IFS
st_romain_des_iles;AROMEIFS;2026-10-24T14:00;IFS;2.30;7.60;105.0;13.9;0.00;1.0;IFS
st_romain_des_iles;AROMEIFS;2026-10-24T15:00;IFS;2.00;8.00;101.0;14.0;0.00;1.0;IFS
st_romain_des_iles;AROMEIFS;2026-10-24T16:00;IFS;1.40;8.20;94.0;13.7;0.00;0.0;IFS
st_romain_des_iles;AROMEIFS;2026-10-24T17:00;IFS;0.60;8.20;51.0;13.1;0.00;0.0;IFS
st_romain_des_iles;AROMEIFS;2026-10-24T18:00;IFS;0.80;8.20;339.0;12.3;0.00;0.0;IFS
st_romain_des_iles;AROMEIFS;2026-10-24T19:00;IFS;1.50;8.00;320.0;11.6;0.00;0.0;IFS
st_romain_des_iles;AROMEIFS;2026-10-24T20:00;IFS;2.00;7.60;313.0;11.0;0.00;0.0;IFS
st_romain_des_iles;AROMEIFS;2026-10-24T21:00;IFS;2.10;7.00;309.0;10.5;0.00;0.0;IFS
st_romain_des_iles;AROMEIFS;2026-10-24T22:00;IFS;2.10;6.40;309.0;10.0;0.00;0.0;IFS
st_romain_des_iles;AROMEIFS;2026-10-24T23:00;IFS;1.90;5.60;309.0;9.5;0.00;0.0;IFS
st_romain_des_iles;AROMEIFS;2026-10-25T00:00;IFS;1.70;4.70;308.0;9.1;0.00;0.0;IFS
st_romain_des_iles;AROMEIFS;2026-10-25T01:00;IFS;1.50;4.10;307.0;8.7;0.00;0.0;IFS
st_romain_des_iles;AROMEIFS;2026-10-25T02:00;IFS;1.30;3.50;306.0;8.4;0.00;0.0;IFS
treffort;AROMEIFS;2026-10-10T00:00;AROMEHD;1.60;5.10;270.0;8.9;0.00;0.5;AROMEHD
treffort;AROMEIFS;2026-10-10T01:00;AROMEHD;2.00;3.50;119.0;8.3;0.00;25.0;AROMEHD
treffort;AROMEIFS;2026-10-10T02:00;AROMEHD;0.40;2.70;243.0;8.8;0.00;25.0;AROMEHD
treffort;AROMEIFS;2026-10-10T03:00;AROMEHD;0.30;1.00;225.0;8.2;0.00;69.0;AROMEHD
treffort;AROMEIFS;2026-10-10T04:00;AROMEHD;4.50;8.00;317.0;8.9;0.00;25.0;AROMEHD
treffort;AROMEIFS;2026-10-10T05:00;AROMEHD;4.30;10.70;321.0;8.9;0.00;25.0;AROMEHD
treffort;AROMEIFS;2026-10-10T06:00;AROMEHD;5.20;11.10;326.0;9.6;0.00;25.0;AROMEHD
treffort;AROMEIFS;2026-10-10T07:00;AROMEHD;2.00;9.50;331.0;9.3;0.00;100.0;AROMEHD
treffort;AROMEIFS;2026-10-10T08:00;AROMEHD;5.00;9.50;321.0;9.4;0.10;100.0;AROMEHD
treffort;AROMEIFS;2026-10-10T09:00;AROMEHD;6.20;12.60;328.0;10.1;0.00;100.0;AROMEHD
treffort;AROMEIFS;2026-10-10T10:00;AROMEHD;5.80;11.70;318.0;10.4;0.10;100.0;AROMEHD
treffort;AROMEIFS;2026-10-10T11:00;AROMEHD;5.90;12.20;328.0;10.8;0.00;100.0;AROMEHD
treffort;AROMEIFS;2026-10-10T12:00;AROMEHD;6.70;12.60;334.0;11.6;0.00;100.0;AROMEHD
treffort;AROMEIFS;2026-10-10T13:00;AROMEHD;8.00;15.40;356.0;12.9;0.00;56.0;AROMEHD
treffort;AROMEIFS;2026-10-10T14:00;AROMEHD;6.50;17.70;339.0;13.5;0.00;58.0;AROMEHD
treffort;AROMEIFS;2026-10-10T15:00;AROMEHD;6.80;14.80;347.0;14.1;0.00;15.0;AROMEHD
treffort;AROMEIFS;2026-10-10T16:00;AROMEHD;7.50;15.40;345.0;14.6;0.00;1.0;AROMEHD
treffort;AROMEIFS;2026-10-10T17:00;AROMEHD;7.90;15.70;343.0;14.6;0.00;0.0;AROMEHD
treffort;AROMEIFS;2026-10-10T18:00;AROMEHD;6.50;15.60;339.0;14.1;0.00;1.0;AROMEHD
treffort;AROMEIFS;2026-10-10T19:00;AROMEHD;6.50;13.80;339.0;13.3;0.00;0.0;AROMEHD
treffort;AROMEIFS;2026-10-10T20:00;AROMEHD;6.50;11.70;337.0;12.6;0.00;0.0;AROMEHD
treffort;AROMEIFS;2026-10-10T21:00;AROMEHD;5.00;12.40;324.0;11.7;0.00;5.0;AROMEHD
treffort;AROMEIFS;2026-10-10T22:00;AROMEHD;4.10;9.10;329.0;11.3;0.00;100.0;AROMEHD
treffort;AROMEIFS;2026-10-10T23:00;AROMEHD;4.70;9.50;336.0;11.5;0.00;100.0;AROMEHD
treffort;AROMEIFS;2026-10-11T00:00;AROMEHD;5.00;11.90;339.0;11.2;0.00;99.0;AROMEHD
treffort;AROMEIFS;2026-10-11T01:00;AROMEHD;5.50;10.90;342.0;11.2;0.00;31.0;AROMEHD
treffort;AROMEIFS;2026-10-11T02:00;AROMEHD;6.40;12.10;337.0;10.8;0.00;0.0;AROMEHD
treffort;AROMEIFS;2026-10-11T03:00;AROMEHD;5.80;12.40;323.0;9.9;0.00;26.0;AROMEHD
treffort;AROMEIFS;2026-10-11T04:00;AROMEHD;4.50;10.90;313.0;9.7;0.00;97.0;AROMEHD
treffort;AROMEIFS;2026-10-11T05:00;AROMEHD;3.50;8.40;308.0;9.5;0.00;100.0;AROMEHD
treffort;AROMEIFS;2026-10-11T06:00;AROMEHD;3.20;6.60;317.0;9.7;0.00;100.0;AROMEHD
treffort;AROMEIFS;2026-10-11T07:00;AROMEHD;4.20;8.00;307.0;9.6;0.00;100.0;AROMEHD
treffort;AROMEIFS;2026-10-11T08:00;AROMEHD;4.90;9.30;307.0;9.4;0.00;100.0;AROMEHD
treffort;AROMEIFS;2026-10-11T09:00;AROMEHD;3.90;9.30;311.0;9.4;0.00;100.0;AROMEHD
treffort;AROMEIFS;2026-10-11T10:00;AROMEHD;4.30;8.60;324.0;9.8;0.00;100.0;AROMEHD
treffort;AROMEIFS;2026-10-11T11:00;AROMEHD;4.20;8.70;338.0;10.7;0.00;11.0;AROMEHD
treffort;AROMEIFS;2026-10-11T12:00;AROMEHD;6.00;12.60;347.0;11.7;0.00;5.2;AROMEHD
treffort;AROMEIFS;2026-10-11T13:00;AROMEHD;7.30;14.60;352.0;12.3;0.00;24.5;AROMEHD
treffort;AROMEIFS;2026-10-11T14:00;AROMEHD;7.50;15.70;348.0;12.8;0.00;25.0;AROMEHD
treffort;AROMEIFS;2026-10-11T15:00;AROMEHD;7.90;16.90;350.0;13.1;0.00;40.0;AROMEHD
treffort;AROMEIFS;2026-10-11T16:00;AROMEHD;8.10;16.90;349.0;13.1;0.00;25.0;AROMEHD
treffort;AROMEIFS;2026-10-11T17:00;AROMEHD;8.30;16.90;345.0;12.6;0.00;100.0;AROMEHD
treffort;AROMEIFS;2026-10-11T18:00;AROMEHD;7.00;16.30;337.0;12.1;0.00;100.0;AROMEHD
treffort;AROMEIFS;2026-10-11T19:00;AROMEHD;5.40;14.00;330.0;11.5;0.00;25.0;AROMEHD
treffort;AROMEIFS;2026-10-11T20:00;AROMEHD;4.50;10.50;326.0;10.7;0.00;3.0;AROMEHD
treffort;AROMEIFS;2026-10-11T21:00;AROMEHD;4.10;8.90;319.0;10.0;0.00;0.0;AROMEHD
treffort;AROMEIFS;2026-10-11T22:00;AROMEHD;3.80;7.80;305.0;9.4;0.00;0.0;AROMEHD
treffort;AROMEIFS;2026-10-11T23:00;AROMEHD;3.60;6.60;306.0;9.1;0.00;0.0;AROMEHD
treffort;AROMEIFS;2026-10-12T00:00;AROMEHD;3.90;7.20;303.0;8.9;0.00;0.0;AROMEHD
treffort;AROMEIFS;2026-10-12T01:00;AROMEHD;3.00;7.00;302.0;8.5;0.00;0.0;AROMEHD
treffort;AROMEIFS;2026-10-12T02:00;AROMEHD;3.90;7.00;307.0;8.4;0.00;0.0;AROMEHD
treffort;AROMEIFS;2026-10-12T03:00;AROMEHD;1.90;7.00;307.0;8.2;0.00;0.0;AROMEHD
treffort;AROMEIFS;2026-10-12T04:00;AROMEHD;2.30;3.70;138.0;7.4;0.00;0.0;AROMEHD
treffort;AROMEIFS;2026-10-12T05:00;AROMEHD;1.10;2.10;149.0;7.2;0.00;0.0;AROMEHD
treffort;AROMEIFS;2026-10-12T06:00;AROMEHD;1.40;1.70;135.0;7.1;0.00;0.0;AROMEHD
treffort;AROMEIFS;2026-10-12T07:00;AROMEHD;2.60;2.50;138.0;6.8;0.00;0.0;AROMEHD
treffort;AROMEIFS;2026-10-12T08:00;AROMEHD;1.00;2.50;180.0;6.6;0.00;0.0;AROMEHD
treffort;AROMEIFS;2026-10-12T09:00;AROMEHD;1.50;1.60;130.0;6.5;0.00;0.0;AROMEHD
treffort;AROMEIFS;2026-10-12T10:00;AROMEHD;1.00;1.70;112.0;8.2;0.00;0.0;AROMEHD
treffort;AROMEIFS;2026-10-12T11:00;AROMEHD;0.30;1.90;135.0;10.3;0.00;0.0;AROMEHD
treffort;AROMEIFS;2026-10-12T12:00;ARPEGE;0.60;2.70;180.0;12.4;0.00;7.0;ARPEGE
treffort;AROMEIFS;2026-10-12T13:00;ARPEGE;1.00;3.70;233.0;14.5;0.00;7.0;ARPEGE
treffort;AROMEIFS;2026-10-12T14:00;ARPEGE;0.80;3.10;225.0;15.8;0.00;74.0;ARPEGE
treffort;AROMEIFS;2026-10-12T15:00;ARPEGE;0.60;2.90;270.0;16.7;0.00;49.0;ARPEGE
treffort;AROMEIFS;2026-10-12T16:00;ARPEGE;1.40;5.40;326.0;17.1;0.00;33.0;ARPEGE
treffort;AROMEIFS;2026-10-12T17:00;ARPEGE;2.10;7.40;326.0;16.6;0.00;25.0;ARPEGE
treffort;AROMEIFS;2026-10-12T18:00;ARPEGE;2.20;7.60;322.0;15.2;0.00;28.0;ARPEGE
treffort;AROMEIFS;2026-10-12T19:00;ARPEGE;1.70;6.80;324.0;13.0;0.00;34.0;ARPEGE
treffort;AROMEIFS;2026-10-12T20:00;ARPEGE;1.70;4.50;339.0;11.2;0.00;49.0;ARPEGE
treffort;AROMEIFS;2026-10-12T21:00;ARPEGE;1.80;3.90;354.0;10.0;0.00;58.0;ARPEGE
treffort;AROMEIFS;2026-10-12T22:00;ARPEGE;1.20;3.50;18.0;9.0;0.00;65.0;ARPEGE
treffort;AROMEIFS;2026-10-12T23:00;ARPEGE;1.70;1.40;54.0;8.0;0.00;65.0;ARPEGE
treffort;AROMEIFS;2026-10-13T00:00;ARPEGE;1.60;1.70;45.0;7.4;0.00;55.0;ARPEGE
treffort;AROMEIFS;2026-10-13T01:00;ARPEGE;1.50;1.60;50.0;7.0;0.00;30.0;ARPEGE
treffort;AROMEIFS;2026-10-13T02:00;ARPEGE;1.50;1.60;50.0;6.7;0.00;34.0;ARPEGE
treffort;AROMEIFS;2026-10-13T03:00;ARPEGE;1.50;1.60;50.0;6.4;0.00;51.0;ARPEGE
treffort;AROMEIFS;2026-10-13T04:00;ARPEGE;1.40;1.60;45.0;6.3;0.00;57.0;ARPEGE
treffort;AROMEIFS;2026-10-13T05:00;ARPEGE;1.50;1.60;50.0;6.1;0.00;66.0;ARPEGE
treffort;AROMEIFS;2026-10-13T06:00;ARPEGE;1.80;1.70;41.0;6.1;0.00;40.0;ARPEGE
treffort;AROMEIFS;2026-10-13T07:00;ARPEGE;1.40;1.70;45.0;6.1;0.00;33.0;ARPEGE
treffort;AROMEIFS;2026-10-13T08:00;ARPEGE;1.40;1.60;45.0;6.0;0.00;24.0;ARPEGE
treffort;AROMEIFS;2026-10-13T09:00;ARPEGE;1.20;1.40;51.0;6.5;0.00;12.0;ARPEGE
treffort;AROMEIFS;2026-10-13T10:00;ARPEGE;1.00;1.20;68.0;8.7;0.00;5.0;ARPEGE
treffort;AROMEIFS;2026-10-13T11:00;ARPEGE;0.80;3.90;135.0;11.5;0.00;1.0;ARPEGE
treffort;AROMEIFS;2026-10-13T12:00;ARPEGE;1.00;3.70;191.0;13.5;0.00;0.0;ARPEGE
treffort;AROMEIFS;2026-10-13T13:00;ARPEGE;1.20;4.30;198.0;15.3;0.00;0.0;ARPEGE
treffort;AROMEIFS;2026-10-13T14:00;ARPEGE;1.20;3.90;252.0;16.9;0.00;0.0;ARPEGE
treffort;AROMEIFS;2026-10-13T15:00;ARPEGE;1.70;7.20;297.0;18.1;0.00;1.0;ARPEGE
treffort;AROMEIFS;2026-10-13T16:00;ARPEGE;2.60;10.70;324.0;18.1;0.00;5.0;ARPEGE
treffort;AROMEIFS;2026-10-13T17:00;ARPEGE;3.30;13.20;332.0;17.3;0.00;2.0;ARPEGE
treffort;AROMEIFS;2026-10-13T18:00;ARPEGE;3.70;13.40;328.0;15.9;0.00;6.0;ARPEGE
treffort;AROMEIFS;2026-10-13T19:00;ARPEGE;3.70;12.40;328.0;14.0;0.00;33.0;ARPEGE
treffort;AROMEIFS;2026-10-13T20:00;ARPEGE;3.30;11.30;320.0;12.6;0.00;28.0;ARPEGE
treffort;AROMEIFS;2026-10-13T21:00;ARPEGE;3.00;9.70;328.0;11.7;0.00;8.0;ARPEGE
treffort;AROMEIFS;2026-10-13T22:00;ARPEGE;3.10;9.30;330.0;11.0;0.00;1.0;ARPEGE
treffort;AROMEIFS;2026-10-13T23:00;ARPEGE;3.30;10.70;332.0;10.5;0.00;7.0;ARPEGE
treffort;AROMEIFS;2026-10-14T00:00;ARPEGE;3.70;11.70;332.0;10.1;0.00;4.0;ARPEGE
treffort;AROMEIFS;2026-10-14T01:00;ARPEGE;3.10;11.70;325.0;9.8;0.00;79.0;ARPEGE
treffort;AROMEIFS;2026-10-14T02:00;ARPEGE;3.00;10.30;328.0;9.6;0.00;74.0;ARPEGE
treffort;AROMEIFS;2026-10-14T03:00;ARPEGE;2.70;10.30;330.0;9.5;0.00;88.0;ARPEGE
treffort;AROMEIFS;2026-10-14T04:00;ARPEGE;1.20;9.70;18.0;9.1;0.00;72.0;ARPEGE
treffort;AROMEIFS;2026-10-14T05:00;ARPEGE;1.80;5.60;58.0;8.4;0.00;57.0;ARPEGE
treffort;AROMEIFS;2026-10-14T06:00;ARPEGE;1.60;1.90;45.0;7.7;0.00;77.0;ARPEGE
treffort;AROMEIFS;2026-10-14T07:00;ARPEGE;1.60;3.70;7.0;7.5;0.00;51.0;ARPEGE
treffort;AROMEIFS;2026-10-14T08:00;ARPEGE;1.00;5.40;11.0;7.7;0.00;17.0;ARPEGE
treffort;AROMEIFS;2026-10-14T09:00;ARPEGE;1.20;3.90;72.0;7.8;0.00;1.0;ARPEGE
treffort;AROMEIFS;2026-10-14T10:00;ARPEGE;1.40;1.70;56.0;9.9;0.00;1.0;ARPEGE
treffort;AROMEIFS;2026-10-14T11:00;ARPEGE;0.60;2.10;162.0;12.7;0.00;69.0;ARPEGE
treffort;AROMEIFS;2026-10-14T12:00;ARPEGE;1.20;4.30;189.0;14.6;0.00;89.0;ARPEGE
treffort;AROMEIFS;2026-10-14T13:00;ARPEGE;0.50;3.30;225.0;16.2;0.00;59.0;ARPEGE
treffort;AROMEIFS;2026-10-14T14:00;ARPEGE;1.00;2.50;259.0;17.7;0.00;0.0;ARPEGE
treffort;AROMEIFS;2026-10-14T15:00;IFS;1.40;8.20;16.0;18.0;0.00;30.0;IFS
treffort;AROMEIFS;2026-10-14T16:00;IFS;2.50;8.70;28.0;18.4;0.00;13.0;IFS
treffort;AROMEIFS;2026-10-14T17:00;IFS;3.10;9.10;31.0;18.1;0.00;0.0;IFS
treffort;AROMEIFS;2026-10-14T18:00;IFS;2.40;9.50;30.0;16.6;0.00;0.0;IFS
treffort;AROMEIFS;2026-10-14T19:00;IFS;1.00;9.70;24.0;14.4;0.00;0.0;IFS
treffort;AROMEIFS;2026-10-14T20:00;IFS;0.20;9.50;243.0;12.5;0.00;0.0;IFS
treffort;AROMEIFS;2026-10-14T21:00;IFS;0.70;8.20;214.0;11.4;0.00;0.0;IFS
treffort;AROMEIFS;2026-10-14T22:00;IFS;1.00;6.20;204.0;10.7;0.00;0.0;IFS
treffort;AROMEIFS;2026-10-14T23:00;IFS;1.10;4.90;195.0;10.0;0.00;0.0;IFS
treffort;AROMEIFS;2026-10-15T00:00;IFS;1.20;4.50;194.0;9.2;0.00;0.0;IFS
treffort;AROMEIFS;2026-10-15T01:00;IFS;1.10;4.70;190.0;8.5;0.00;0.0;IFS
treffort;AROMEIFS;2026-10-15T02:00;IFS;1.00;4.90;186.0;8.0;0.00;0.0;IFS
treffort;AROMEIFS;2026-10-15T03:00;IFS;0.90;5.10;180.0;7.6;0.00;0.0;IFS
treffort;AROMEIFS;2026-10-15T04:00;IFS;0.80;5.40;180.0;7.4;0.00;0.0;IFS
treffort;AROMEIFS;2026-10-15T05:00;IFS;0.80;5.60;173.0;7.2;0.00;0.0;IFS
treffort;AROMEIFS;2026-10-15T06:00;IFS;0.90;5.60;167.0;6.7;0.00;0.0;IFS
treffort;AROMEIFS;2026-10-15T07:00;IFS;1.10;5.40;165.0;6.3;0.00;0.0;IFS
treffort;AROMEIFS;2026-10-15T08:00;IFS;1.10;5.40;160.0;7.0;0.00;0.0;IFS
treffort;AROMEIFS;2026-10-15T09:00;IFS;1.00;5.60;151.0;9.6;0.00;0.0;IFS
treffort;AROMEIFS;2026-10-15T10:00;IFS;0.70;6.00;135.0;13.4;0.00;0.0;IFS
treffort;AROMEIFS;2026-10-15T11:00;IFS;0.50;6.20;127.0;16.7;0.00;0.0;IFS
treffort;AROMEIFS;2026-10-15T12:00;IFS;0.30;6.00;162.0;19.1;0.00;0.0;IFS
treffort;AROMEIFS;2026-10-15T13:00;IFS;0.50;5.80;225.0;21.0;0.00;0.0;IFS
treffort;AROMEIFS;2026-10-15T14:00;IFS;1.00;6.00;229.0;22.2;0.00;0.0;IFS
treffort;AROMEIFS;2026-10-15T15:00;IFS;1.70;7.40;220.0;22.8;0.00;0.0;IFS
treffort;AROMEIFS;2026-10-15T16:00;IFS;2.40;9.30;212.0;22.8;0.00;0.0;IFS
treffort;AROMEIFS;2026-10-15T17:00;IFS;2.70;10.70;208.0;22.0;0.00;0.0;IFS
treffort;AROMEIFS;2026-10-15T18:00;IFS;2.10;10.70;210.0;20.0;0.00;0.0;IFS
treffort;AROMEIFS;2026-10-15T19:00;IFS;1.20;9.90;215.0;17.3;0.00;0.0;IFS
treffort;AROMEIFS;2026-10-15T20:00;IFS;0.50;9.10;225.0;14.8;0.00;0.0;IFS
treffort;AROMEIFS;2026-10-15T21:00;IFS;0.70;8.20;207.0;13.0;0.00;1.0;IFS
treffort;AROMEIFS;2026-10-15T22:00;IFS;1.10;6.80;195.0;11.5;0.00;2.0;IFS
treffort;AROMEIFS;2026-10-15T23:00;IFS;1.50;6.00;188.0;10.3;0.00;2.0;IFS
treffort;AROMEIFS;2026-10-16T00:00;IFS;1.00;7.20;180.0;10.2;0.00;0.0;IFS
treffort;AROMEIFS;2026-10-16T01:00;IFS;1.20;6.60;175.0;9.2;0.00;0.0;IFS
treffort;AROMEIFS;2026-10-16T02:00;IFS;1.30;6.20;171.0;8.3;0.00;0.0;IFS
treffort;AROMEIFS;2026-10-16T03:00;IFS;1.40;5.80;168.0;7.5;0.00;0.0;IFS
treffort;AROMEIFS;2026-10-16T04:00;IFS;1.50;5.60;165.0;6.7;0.00;0.0;IFS
treffort;AROMEIFS;2026-10-16T05:00;IFS;1.50;5.40;162.0;5.9;0.00;0.0;IFS
treffort;AROMEIFS;2026-10-16T06:00;IFS;1.60;5.20;158.0;5.5;0.00;0.0;IFS
treffort;AROMEIFS;2026-10-16T07:00;IFS;1.40;5.40;152.0;5.4;0.00;0.0;IFS
treffort;AROMEIFS;2026-10-16T08:00;IFS;1.20;5.80;145.0;6.0;0.00;0.0;IFS
treffort;AROMEIFS;2026-10-16T09:00;IFS;0.80;6.60;120.0;7.5;0.00;0.0;IFS
treffort;AROMEIFS;2026-10-16T10:00;IFS;0.90;7.80;58.0;9.9;0.00;0.0;IFS
treffort;AROMEIFS;2026-10-16T11:00;IFS;1.70;9.10;28.0;12.7;0.00;0.0;IFS
treffort;AROMEIFS;2026-10-16T12:00;IFS;2.50;10.50;16.0;15.5;0.00;0.0;IFS
treffort;AROMEIFS;2026-10-16T13:00;IFS;3.30;11.90;12.0;17.7;0.00;0.0;IFS
treffort;AROMEIFS;2026-10-16T14:00;IFS;3.60;12.80;9.0;18.9;0.00;0.0;IFS
treffort;AROMEIFS;2026-10-16T15:00;IFS;3.60;13.60;6.0;18.9;0.00;0.0;IFS
treffort;AROMEIFS;2026-10-16T16:00;IFS;3.30;14.40;3.0;17.9;0.00;0.0;IFS
treffort;AROMEIFS;2026-10-16T17:00;IFS;2.80;15.00;358.0;16.4;0.00;0.0;IFS
treffort;AROMEIFS;2026-10-16T18:00;IFS;2.30;15.60;353.0;14.7;0.00;0.0;IFS
treffort;AROMEIFS;2026-10-16T19:00;IFS;1.80;15.70;344.0;13.1;0.00;0.0;IFS
treffort;AROMEIFS;2026-10-16T20:00;IFS;1.60;15.90;338.0;12.1;0.00;2.0;IFS
treffort;AROMEIFS;2026-10-16T21:00;IFS;1.40;15.60;340.0;11.5;0.00;14.0;IFS
treffort;AROMEIFS;2026-10-16T22:00;IFS;1.30;15.00;347.0;11.2;0.00;31.0;IFS
treffort;AROMEIFS;2026-10-16T23:00;IFS;1.30;14.00;360.0;11.1;0.00;51.0;IFS
treffort;AROMEIFS;2026-10-17T00:00;IFS;1.30;13.20;13.0;11.0;0.00;71.0;IFS
treffort;AROMEIFS;2026-10-17T01:00;IFS;1.50;12.60;18.0;10.9;0.00;88.0;IFS
treffort;AROMEIFS;2026-10-17T02:00;IFS;1.70;12.60;16.0;10.7;0.00;100.0;IFS
treffort;AROMEIFS;2026-10-17T03:00;IFS;2.10;13.20;11.0;10.4;0.00;100.0;IFS
treffort;AROMEIFS;2026-10-17T04:00;IFS;2.50;14.40;2.0;10.1;0.00;100.0;IFS
treffort;AROMEIFS;2026-10-17T05:00;IFS;3.10;15.70;355.0;9.8;0.00;100.0;IFS
treffort;AROMEIFS;2026-10-17T06:00;IFS;3.80;17.30;351.0;9.5;0.00;100.0;IFS
treffort;AROMEIFS;2026-10-17T07:00;IFS;4.40;18.50;347.0;9.2;0.00;100.0;IFS
treffort;AROMEIFS;2026-10-17T08:00;IFS;4.90;19.40;346.0;8.9;0.00;100.0;IFS
treffort;AROMEIFS;2026-10-17T09:00;IFS;5.30;20.00;346.0;8.7;0.10;100.0;IFS
treffort;AROMEIFS;2026-10-17T10:00;IFS;5.60;20.20;346.0;8.6;0.10;100.0;IFS
treffort;AROMEIFS;2026-10-17T11:00;IFS;5.90;20.20;347.0;8.4;0.10;100.0;IFS
treffort;AROMEIFS;2026-10-17T12:00;IFS;6.10;20.20;348.0;8.3;0.10;100.0;IFS
treffort;AROMEIFS;2026-10-17T13:00;IFS;6.30;20.20;348.0;8.1;0.10;100.0;IFS
treffort;AROMEIFS;2026-10-17T14:00;IFS;6.30;20.20;347.0;7.9;0.10;100.0;IFS
treffort;AROMEIFS;2026-10-17T15:00;IFS;6.20;20.20;346.0;7.6;0.10;100.0;IFS
treffort;AROMEIFS;2026-10-17T16:00;IFS;6.00;20.40;344.0;7.3;0.10;100.0;IFS
treffort;AROMEIFS;2026-10-17T17:00;IFS;5.70;20.40;341.0;6.9;0.10;100.0;IFS
treffort;AROMEIFS;2026-10-17T18:00;IFS;5.40;20.40;339.0;6.6;0.10;100.0;IFS
treffort;AROMEIFS;2026-10-17T19:00;IFS;5.20;20.40;336.0;6.3;0.10;100.0;IFS
treffort;AROMEIFS;2026-10-17T20:00;IFS;5.00;20.20;334.0;6.0;0.10;100.0;IFS
treffort;AROMEIFS;2026-10-17T21:00;IFS;4.80;19.80;333.0;5.9;0.10;100.0;IFS
treffort;AROMEIFS;2026-10-17T22:00;IFS;4.50;19.40;335.0;5.8;0.10;100.0;IFS
treffort;AROMEIFS;2026-10-17T23:00;IFS;4.40;19.00;335.0;5.8;0.10;100.0;IFS
treffort;AROMEIFS;2026-10-18T00:00;IFS;4.10;18.50;336.0;5.8;0.10;100.0;IFS
treffort;AROMEIFS;2026-10-18T01:00;IFS;4.00;17.70;338.0;5.8;0.10;100.0;IFS
treffort;AROMEIFS;2026-10-18T02:00;IFS;3.80;17.10;339.0;5.8;0.10;100.0;IFS
treffort;AROMEIFS;2026-10-18T03:00;IFS;3.50;16.30;339.0;5.7;0.50;100.0;IFS
treffort;AROMEIFS;2026-10-18T04:00;IFS;3.30;15.60;339.0;5.6;0.50;100.0;IFS
treffort;AROMEIFS;2026-10-18T05:00;IFS;3.10;14.80;338.0;5.4;0.50;100.0;IFS
treffort;AROMEIFS;2026-10-18T06:00;IFS;2.80;13.80;338.0;5.3;0.50;100.0;IFS
treffort;AROMEIFS;2026-10-18T07:00;IFS;2.70;13.00;337.0;5.2;0.50;100.0;IFS
treffort;AROMEIFS;2026-10-18T08:00;IFS;2.50;12.20;337.0;5.2;0.50;100.0;IFS
treffort;AROMEIFS;2026-10-18T09:00;IFS;2.40;11.50;339.0;5.3;0.70;100.0;IFS
treffort;AROMEIFS;2026-10-18T10:00;IFS;2.40;10.90;341.0;5.5;0.70;100.0;IFS
treffort;AROMEIFS;2026-10-18T11:00;IFS;2.30;10.30;343.0;5.7;0.70;100.0;IFS
treffort;AROMEIFS;2026-10-18T12:00;IFS;2.30;9.70;348.0;5.9;0.70;100.0;IFS
treffort;AROMEIFS;2026-10-18T13:00;IFS;2.20;9.10;347.0;6.1;0.70;100.0;IFS
treffort;AROMEIFS;2026-10-18T14:00;IFS;2.00;8.70;346.0;6.2;0.70;100.0;IFS
treffort;AROMEIFS;2026-10-18T15:00;IFS;1.70;8.40;339.0;6.2;0.20;100.0;IFS
treffort;AROMEIFS;2026-10-18T16:00;IFS;1.40;8.20;321.0;6.2;0.20;100.0;IFS
treffort;AROMEIFS;2026-10-18T17:00;IFS;1.20;8.20;294.0;6.2;0.20;100.0;IFS
treffort;AROMEIFS;2026-10-18T18:00;IFS;1.40;8.00;266.0;6.1;0.20;100.0;IFS
treffort;AROMEIFS;2026-10-18T19:00;IFS;1.70;8.00;249.0;6.1;0.20;100.0;IFS
treffort;AROMEIFS;2026-10-18T20:00;IFS;1.90;7.80;242.0;6.1;0.20;100.0;IFS
treffort;AROMEIFS;2026-10-18T21:00;IFS;1.90;7.60;240.0;6.1;0.00;100.0;IFS
treffort;AROMEIFS;2026-10-18T22:00;IFS;1.80;7.40;236.0;6.2;0.00;100.0;IFS
treffort;AROMEIFS;2026-10-18T23:00;IFS;1.60;7.40;237.0;6.3;0.00;100.0;IFS
treffort;AROMEIFS;2026-10-19T00:00;IFS;1.30;7.20;234.0;6.4;0.00;100.0;IFS
treffort;AROMEIFS;2026-10-19T01:00;IFS;1.20;7.00;235.0;6.5;0.00;100.0;IFS
treffort;AROMEIFS;2026-10-19T02:00;IFS;1.00;7.00;229.0;6.5;0.00;100.0;IFS
treffort;AROMEIFS;2026-10-19T03:00;IFS;1.00;7.00;221.0;6.3;0.00;100.0;IFS
treffort;AROMEIFS;2026-10-19T04:00;IFS;1.20;7.00;209.0;5.9;0.00;100.0;IFS
treffort;AROMEIFS;2026-10-19T05:00;IFS;1.40;7.00;200.0;5.5;0.00;100.0;IFS
treffort;AROMEIFS;2026-10-19T06:00;IFS;1.60;7.00;194.0;5.2;0.00;100.0;IFS
treffort;AROMEIFS;2026-10-19T07:00;IFS;1.80;7.20;189.0;5.2;0.00;100.0;IFS
treffort;AROMEIFS;2026-10-19T08:00;IFS;1.70;7.20;190.0;5.6;0.00;100.0;IFS
treffort;AROMEIFS;2026-10-19T09:00;IFS;1.30;7.20;193.0;6.7;0.00;100.0;IFS
treffort;AROMEIFS;2026-10-19T10:00;IFS;0.70;7.40;203.0;8.3;0.00;100.0;IFS
treffort;AROMEIFS;2026-10-19T11:00;IFS;0.30;7.60;288.0;10.3;0.00;100.0;IFS
treffort;AROMEIFS;2026-10-19T12:00;IFS;0.80;7.80;339.0;12.1;0.00;100.0;IFS
treffort;AROMEIFS;2026-10-19T13:00;IFS;1.40;7.80;348.0;13.6;0.00;100.0;IFS
treffort;AROMEIFS;2026-10-19T14:00;IFS;1.70;8.00;350.0;14.4;0.00;98.0;IFS
treffort;AROMEIFS;2026-10-19T15:00;IFS;1.70;8.20;350.0;14.3;0.00;91.0;IFS
treffort;AROMEIFS;2026-10-19T16:00;IFS;1.40;8.40;348.0;13.7;0.00;82.0;IFS
treffort;AROMEIFS;2026-10-19T17:00;IFS;1.00;8.70;338.0;12.7;0.00;71.0;IFS
treffort;AROMEIFS;2026-10-19T18:00;IFS;0.60;8.90;321.0;11.5;0.00;59.0;IFS
treffort;AROMEIFS;2026-10-19T19:00;IFS;0.40;8.90;284.0;10.3;0.00;48.0;IFS
treffort;AROMEIFS;2026-10-19T20:00;IFS;0.40;8.70;243.0;9.5;0.00;39.0;IFS
treffort;AROMEIFS;2026-10-19T21:00;IFS;0.50;8.20;233.0;8.8;0.00;31.0;IFS
treffort;AROMEIFS;2026-10-19T22:00;IFS;0.60;7.20;211.0;8.2;0.00;22.0;IFS
treffort;AROMEIFS;2026-10-19T23:00;IFS;0.50;6.20;202.0;7.6;0.00;14.0;IFS
treffort;AROMEIFS;2026-10-20T00:00;IFS;0.50;5.20;191.0;7.1;0.00;8.0;IFS
treffort;AROMEIFS;2026-10-20T01:00;IFS;0.40;4.50;194.0;6.7;0.00;3.0;IFS
treffort;AROMEIFS;2026-10-20T02:00;IFS;0.30;4.30;198.0;6.3;0.00;1.0;IFS
treffort;AROMEIFS;2026-10-20T03:00;IFS;0.20;4.50;243.0;5.9;0.00;3.0;IFS
treffort;AROMEIFS;2026-10-20T04:00;IFS;0.40;5.20;304.0;5.5;0.00;8.0;IFS
treffort;AROMEIFS;2026-10-20T05:00;IFS;0.80;6.00;320.0;5.1;0.00;14.0;IFS
treffort;AROMEIFS;2026-10-20T06:00;IFS;1.10;7.20;329.0;4.9;0.00;22.0;IFS
treffort;AROMEIFS;2026-10-20T07:00;IFS;1.70;8.40;332.0;5.0;0.00;29.0;IFS
treffort;AROMEIFS;2026-10-20T08:00;IFS;2.00;9.50;337.0;5.5;0.00;34.0;IFS
treffort;AROMEIFS;2026-10-20T09:00;IFS;2.40;10.70;344.0;6.7;0.00;37.0;IFS
treffort;AROMEIFS;2026-10-20T10:00;IFS;3.00;12.20;349.0;8.6;0.00;38.0;IFS
treffort;AROMEIFS;2026-10-20T11:00;IFS;3.50;13.80;354.0;10.7;0.00;39.0;IFS
treffort;AROMEIFS;2026-10-20T12:00;IFS;4.10;15.40;357.0;12.8;0.00;39.0;IFS
treffort;AROMEIFS;2026-10-20T13:00;IFS;4.50;16.70;359.0;14.4;0.00;41.0;IFS
treffort;AROMEIFS;2026-10-20T14:00;IFS;4.60;17.70;359.0;15.2;0.00;45.0;IFS
treffort;AROMEIFS;2026-10-20T15:00;IFS;4.40;18.50;357.0;14.9;0.00;51.0;IFS
treffort;AROMEIFS;2026-10-20T16:00;IFS;3.90;19.20;353.0;13.8;0.00;59.0;IFS
treffort;AROMEIFS;2026-10-20T17:00;IFS;3.40;19.80;347.0;12.2;0.00;69.0;IFS
treffort;AROMEIFS;2026-10-20T18:00;IFS;2.80;20.00;338.0;10.5;0.00;78.0;IFS
treffort;AROMEIFS;2026-10-20T19:00;IFS;2.40;20.20;328.0;8.9;0.00;86.0;IFS
treffort;AROMEIFS;2026-10-20T20:00;IFS;2.10;20.00;319.0;7.7;0.00;92.0;IFS
treffort;AROMEIFS;2026-10-20T21:00;IFS;1.80;19.40;315.0;7.0;0.00;96.0;IFS
treffort;AROMEIFS;2026-10-20T22:00;IFS;1.60;18.50;313.0;6.4;0.00;98.0;IFS
treffort;AROMEIFS;2026-10-20T23:00;IFS;1.30;17.30;318.0;6.0;0.00;99.0;IFS
treffort;AROMEIFS;2026-10-21T00:00;IFS;1.10;16.10;326.0;5.6;0.00;99.0;IFS
treffort;AROMEIFS;2026-10-21T01:00;IFS;0.90;15.00;333.0;5.3;0.00;100.0;IFS
treffort;AROMEIFS;2026-10-21T02:00;IFS;0.70;14.20;344.0;4.9;0.00;100.0;IFS
treffort;AROMEIFS;2026-10-21T03:00;IFS;0.50;13.80;349.0;4.4;0.00;100.0;IFS
treffort;AROMEIFS;2026-10-21T04:00;IFS;0.30;13.80;360.0;3.6;0.00;100.0;IFS
treffort;AROMEIFS;2026-10-21T05:00;IFS;0.10;13.80;45.0;2.9;0.00;100.0;IFS
treffort;AROMEIFS;2026-10-21T06:00;IFS;0.20;14.00;117.0;2.4;0.00;100.0;IFS
treffort;AROMEIFS;2026-10-21T07:00;IFS;0.30;14.00;135.0;2.4;0.00;100.0;IFS
treffort;AROMEIFS;2026-10-21T08:00;IFS;0.40;13.60;146.0;2.9;0.00;100.0;IFS
treffort;AROMEIFS;2026-10-21T09:00;IFS;0.30;12.80;162.0;4.4;0.00;95.0;IFS
treffort;AROMEIFS;2026-10-21T10:00;IFS;0.10;11.90;225.0;6.7;0.00;87.0;IFS
treffort;AROMEIFS;2026-10-21T11:00;IFS;0.30;10.70;288.0;9.5;0.00;78.0;IFS
treffort;AROMEIFS;2026-10-21T12:00;IFS;0.70;9.50;297.0;12.2;0.00;69.0;IFS
treffort;AROMEIFS;2026-10-21T13:00;IFS;0.80;8.60;306.0;14.4;0.00;59.0;IFS
treffort;AROMEIFS;2026-10-21T14:00;IFS;1.00;8.20;311.0;15.5;0.00;51.0;IFS
treffort;AROMEIFS;2026-10-21T15:00;IFS;1.20;8.40;318.0;15.4;0.00;43.0;IFS
treffort;AROMEIFS;2026-10-21T16:00;IFS;1.30;9.10;333.0;14.5;0.00;35.0;IFS
treffort;AROMEIFS;2026-10-21T17:00;IFS;1.50;9.90;345.0;13.0;0.00;27.0;IFS
treffort;AROMEIFS;2026-10-21T18:00;IFS;1.80;10.90;354.0;11.2;0.00;20.0;IFS
treffort;AROMEIFS;2026-10-21T19:00;IFS;1.80;11.70;360.0;9.6;0.00;13.0;IFS
treffort;AROMEIFS;2026-10-21T20:00;IFS;1.80;11.90;3.0;8.4;0.00;8.0;IFS
treffort;AROMEIFS;2026-10-21T21:00;IFS;1.70;11.50;7.0;7.7;0.00;3.0;IFS
treffort;AROMEIFS;2026-10-21T22:00;IFS;1.30;10.70;9.0;7.0;0.00;0.0;IFS
treffort;AROMEIFS;2026-10-21T23:00;IFS;0.80;9.70;14.0;6.5;0.00;0.0;IFS
treffort;AROMEIFS;2026-10-22T00:00;IFS;0.40;8.70;34.0;6.1;0.00;0.0;IFS
treffort;AROMEIFS;2026-10-22T01:00;IFS;0.30;7.60;135.0;5.6;0.00;0.0;IFS
treffort;AROMEIFS;2026-10-22T02:00;IFS;0.60;6.80;162.0;5.2;0.00;0.0;IFS
treffort;AROMEIFS;2026-10-22T03:00;IFS;0.90;6.00;167.0;4.7;0.00;12.0;IFS
treffort;AROMEIFS;2026-10-22T04:00;IFS;1.10;5.20;175.0;3.9;0.00;31.0;IFS
treffort;AROMEIFS;2026-10-22T05:00;IFS;1.40;4.50;180.0;3.2;0.00;53.0;IFS
treffort;AROMEIFS;2026-10-22T06:00;IFS;1.50;3.90;184.0;2.8;0.00;74.0;IFS
treffort;AROMEIFS;2026-10-22T07:00;IFS;1.60;3.50;187.0;2.7;0.00;89.0;IFS
treffort;AROMEIFS;2026-10-22T08:00;IFS;1.50;3.30;191.0;3.3;0.00;95.0;IFS
treffort;AROMEIFS;2026-10-22T09:00;IFS;1.30;3.30;197.0;4.9;0.00;89.0;IFS
treffort;AROMEIFS;2026-10-22T10:00;IFS;0.90;3.70;212.0;7.4;0.00;74.0;IFS
treffort;AROMEIFS;2026-10-22T11:00;IFS;0.60;4.30;239.0;10.3;0.00;53.0;IFS
treffort;AROMEIFS;2026-10-22T12:00;IFS;0.60;4.90;288.0;13.1;0.00;32.0;IFS
treffort;AROMEIFS;2026-10-22T13:00;IFS;0.90;5.60;311.0;15.4;0.00;13.0;IFS
treffort;AROMEIFS;2026-10-22T14:00;IFS;1.10;6.40;322.0;16.6;0.00;0.0;IFS
treffort;AROMEIFS;2026-10-22T15:00;IFS;1.20;7.60;325.0;16.5;0.00;0.0;IFS
treffort;AROMEIFS;2026-10-22T16:00;IFS;1.30;8.90;328.0;15.5;0.00;0.0;IFS
treffort;AROMEIFS;2026-10-22T17:00;IFS;1.10;10.50;329.0;13.9;0.00;0.0;IFS
treffort;AROMEIFS;2026-10-22T18:00;IFS;1.10;11.90;326.0;12.1;0.00;0.0;IFS
treffort;AROMEIFS;2026-10-22T19:00;IFS;0.90;12.80;328.0;10.4;0.00;0.0;IFS
treffort;AROMEIFS;2026-10-22T20:00;IFS;0.80;13.00;324.0;9.2;0.00;0.0;IFS
treffort;AROMEIFS;2026-10-22T21:00;IFS;0.70;12.20;315.0;8.4;0.00;0.0;IFS
treffort;AROMEIFS;2026-10-22T22:00;IFS;0.50;10.90;307.0;7.8;0.00;0.0;IFS
treffort;AROMEIFS;2026-10-22T23:00;IFS;0.30;8.90;270.0;7.3;0.00;0.0;IFS
treffort;AROMEIFS;2026-10-23T00:00;IFS;0.40;7.00;236.0;6.9;0.00;0.0;IFS
treffort;AROMEIFS;2026-10-23T01:00;IFS;0.40;5.10;207.0;6.5;0.00;0.0;IFS
treffort;AROMEIFS;2026-10-23T02:00;IFS;0.60;3.90;198.0;6.2;0.00;0.0;IFS
treffort;AROMEIFS;2026-10-23T03:00;IFS;0.70;3.10;196.0;5.7;0.00;0.0;IFS
treffort;AROMEIFS;2026-10-23T04:00;IFS;0.80;2.70;187.0;5.1;0.00;0.0;IFS
treffort;AROMEIFS;2026-10-23T05:00;IFS;0.90;2.50;186.0;4.6;0.00;0.0;IFS
treffort;AROMEIFS;2026-10-23T06:00;IFS;0.90;2.50;186.0;4.3;0.00;0.0;IFS
treffort;AROMEIFS;2026-10-23T07:00;IFS;0.90;2.70;186.0;4.4;0.00;0.0;IFS
treffort;AROMEIFS;2026-10-23T08:00;IFS;0.80;2.90;194.0;5.1;0.00;0.0;IFS
treffort;AROMEIFS;2026-10-23T09:00;IFS;0.70;3.30;207.0;6.8;0.00;1.0;IFS
treffort;AROMEIFS;2026-10-23T10:00;IFS;0.70;3.70;243.0;9.4;0.00;3.0;IFS
treffort;AROMEIFS;2026-10-23T11:00;IFS;0.80;4.50;270.0;12.4;0.00;5.0;IFS
treffort;AROMEIFS;2026-10-23T12:00;IFS;1.10;5.20;285.0;15.3;0.00;7.0;IFS
treffort;AROMEIFS;2026-10-23T13:00;IFS;1.40;5.80;295.0;17.6;0.00;8.0;IFS
treffort;AROMEIFS;2026-10-23T14:00;IFS;1.60;6.60;300.0;18.8;0.00;9.0;IFS
treffort;AROMEIFS;2026-10-23T15:00;IFS;1.70;7.40;301.0;18.7;0.00;8.0;IFS
treffort;AROMEIFS;2026-10-23T16:00;IFS;1.70;8.40;301.0;17.6;0.00;7.0;IFS
treffort;AROMEIFS;2026-10-23T17:00;IFS;1.70;9.10;301.0;15.9;0.00;5.0;IFS
treffort;AROMEIFS;2026-10-23T18:00;IFS;1.60;10.10;303.0;14.0;0.00;3.0;IFS
treffort;AROMEIFS;2026-10-23T19:00;IFS;1.50;10.50;302.0;12.1;0.00;1.0;IFS
treffort;AROMEIFS;2026-10-23T20:00;IFS;1.40;10.70;300.0;10.7;0.00;0.0;IFS
treffort;AROMEIFS;2026-10-23T21:00;IFS;1.10;10.30;297.0;9.7;0.00;0.0;IFS
treffort;AROMEIFS;2026-10-23T22:00;IFS;0.80;9.50;284.0;8.9;0.00;0.0;IFS
treffort;AROMEIFS;2026-10-23T23:00;IFS;0.60;8.40;261.0;8.1;0.00;0.0;IFS
treffort;AROMEIFS;2026-10-24T00:00;IFS;0.50;7.20;225.0;7.4;0.00;0.0;IFS
treffort;AROMEIFS;2026-10-24T01:00;IFS;0.60;6.00;189.0;6.8;0.00;0.0;IFS
treffort;AROMEIFS;2026-10-24T02:00;IFS;0.80;5.20;180.0;6.3;0.00;0.0;IFS
treffort;AROMEIFS;2026-10-24T03:00;IFS;0.90;4.70;174.0;5.8;0.00;0.0;IFS
treffort;AROMEIFS;2026-10-24T04:00;IFS;1.00;4.30;174.0;5.1;0.00;0.0;IFS
treffort;AROMEIFS;2026-10-24T05:00;IFS;1.10;3.90;175.0;4.6;0.00;0.0;IFS
treffort;AROMEIFS;2026-10-24T06:00;IFS;1.00;3.70;174.0;4.3;0.00;0.0;IFS
treffort;AROMEIFS;2026-10-24T07:00;IFS;1.00;3.50;174.0;4.4;0.00;0.0;IFS
treffort;AROMEIFS;2026-10-24T08:00;IFS;0.80;3.70;173.0;4.9;0.00;0.0;IFS
treffort;AROMEIFS;2026-10-24T09:00;IFS;0.50;4.10;158.0;6.3;0.00;0.0;IFS
treffort;AROMEIFS;2026-10-24T10:00;IFS;0.40;4.90;90.0;8.6;0.00;0.0;IFS
treffort;AROMEIFS;2026-10-24T11:00;IFS;0.80;5.60;50.0;11.2;0.00;0.0;IFS
treffort;AROMEIFS;2026-10-24T12:00;IFS;1.20;6.60;39.0;13.7;0.00;0.0;IFS
treffort;AROMEIFS;2026-10-24T13:00;IFS;1.70;7.60;31.0;15.7;0.00;0.0;IFS
treffort;AROMEIFS;2026-10-24T14:00;IFS;1.90;8.40;28.0;16.8;0.00;0.0;IFS
treffort;AROMEIFS;2026-10-24T15:00;IFS;1.80;9.30;25.0;16.7;0.00;0.0;IFS
treffort;AROMEIFS;2026-10-24T16:00;IFS;1.70;10.30;21.0;15.9;0.00;0.0;IFS
treffort;AROMEIFS;2026-10-24T17:00;IFS;1.30;11.50;13.0;14.5;0.00;0.0;IFS
treffort;AROMEIFS;2026-10-24T18:00;IFS;1.00;12.40;6.0;12.9;0.00;0.0;IFS
treffort;AROMEIFS;2026-10-24T19:00;IFS;0.70;13.00;344.0;11.4;0.00;0.0;IFS
treffort;AROMEIFS;2026-10-24T20:00;IFS;0.60;13.00;329.0;10.2;0.00;2.0;IFS
treffort;AROMEIFS;2026-10-24T21:00;IFS;0.50;12.40;307.0;9.3;0.00;6.0;IFS
treffort;AROMEIFS;2026-10-24T22:00;IFS;0.40;11.10;270.0;8.5;0.00;13.0;IFS
treffort;AROMEIFS;2026-10-24T23:00;IFS;0.40;9.30;236.0;7.6;0.00;20.0;IFS
treffort;AROMEIFS;2026-10-25T00:00;IFS;0.60;7.80;211.0;6.9;0.00;27.0;IFS
treffort;AROMEIFS;2026-10-25T01:00;IFS;0.70;6.20;196.0;6.3;0.00;34.0;IFS
treffort;AROMEIFS;2026-10-25T02:00;IFS;0.80;5.20;194.0;5.9;0.00;38.0;IFS
vengeron;AROMEIFS;2026-10-10T00:00;AROMEHD;5.70;9.70;184.0;14.6;0.00;24.8;AROMEHD
vengeron;AROMEIFS;2026-10-10T01:00;AROMEHD;3.90;7.80;207.0;14.4;0.00;25.0;AROMEHD
vengeron;AROMEIFS;2026-10-10T02:00;AROMEHD;3.90;7.60;264.0;13.4;0.00;91.0;AROMEHD
vengeron;AROMEIFS;2026-10-10T03:00;AROMEHD;5.30;7.80;262.0;12.8;0.00;100.0;AROMEHD
vengeron;AROMEIFS;2026-10-10T04:00;AROMEHD;4.90;8.00;247.0;12.9;0.20;100.0;AROMEHD
vengeron;AROMEIFS;2026-10-10T05:00;AROMEHD;5.10;7.20;198.0;13.0;0.50;100.0;AROMEHD
vengeron;AROMEIFS;2026-10-10T06:00;AROMEHD;3.70;7.40;267.0;12.4;0.20;100.0;AROMEHD
vengeron;AROMEIFS;2026-10-10T07:00;AROMEHD;4.00;6.40;191.0;13.2;0.20;100.0;AROMEHD
vengeron;AROMEIFS;2026-10-10T08:00;AROMEHD;5.30;9.30;268.0;12.7;0.00;94.0;AROMEHD
vengeron;AROMEIFS;2026-10-10T09:00;AROMEHD;3.90;6.40;279.0;12.7;0.00;100.0;AROMEHD
vengeron;AROMEIFS;2026-10-10T10:00;AROMEHD;3.60;5.80;225.0;13.6;0.00;97.0;AROMEHD
vengeron;AROMEIFS;2026-10-10T11:00;AROMEHD;4.70;7.20;189.0;14.5;0.00;63.0;AROMEHD
vengeron;AROMEIFS;2026-10-10T12:00;AROMEHD;9.50;13.20;227.0;14.8;0.00;100.0;AROMEHD
vengeron;AROMEIFS;2026-10-10T13:00;AROMEHD;6.80;13.40;195.0;15.4;0.10;35.0;AROMEHD
vengeron;AROMEIFS;2026-10-10T14:00;AROMEHD;9.00;13.20;219.0;16.4;0.00;86.0;AROMEHD
vengeron;AROMEIFS;2026-10-10T15:00;AROMEHD;10.50;15.40;220.0;16.5;0.10;100.0;AROMEHD
vengeron;AROMEIFS;2026-10-10T16:00;AROMEHD;10.10;14.80;221.0;16.5;0.40;59.0;AROMEHD
vengeron;AROMEIFS;2026-10-10T17:00;AROMEHD;10.00;15.00;233.0;16.8;0.00;100.0;AROMEHD
vengeron;AROMEIFS;2026-10-10T18:00;AROMEHD;9.10;14.20;218.0;16.7;0.00;99.0;AROMEHD
vengeron;AROMEIFS;2026-10-10T19:00;AROMEHD;9.90;14.00;238.0;16.1;0.40;100.0;AROMEHD
vengeron;AROMEIFS;2026-10-10T20:00;AROMEHD;9.50;14.00;215.0;15.8;0.30;81.0;AROMEHD
vengeron;AROMEIFS;2026-10-10T21:00;AROMEHD;9.00;13.40;210.0;15.2;0.00;0.0;AROMEHD
vengeron;AROMEIFS;2026-10-10T22:00;AROMEHD;10.40;14.20;207.0;14.7;0.00;0.0;AROMEHD
vengeron;AROMEIFS;2026-10-10T23:00;AROMEHD;9.40;15.20;218.0;14.2;0.00;0.0;AROMEHD
vengeron;AROMEIFS;2026-10-11T00:00;AROMEHD;8.30;13.20;221.0;13.2;0.00;100.0;AROMEHD
vengeron;AROMEIFS;2026-10-11T01:00;AROMEHD;6.70;12.20;206.0;13.4;0.00;82.0;AROMEHD
vengeron;AROMEIFS;2026-10-11T02:00;AROMEHD;4.60;9.10;216.0;13.4;0.00;96.0;AROMEHD
vengeron;AROMEIFS;2026-10-11T03:00;AROMEHD;3.30;6.80;242.0;12.7;0.00;40.0;AROMEHD
vengeron;AROMEIFS;2026-10-11T04:00;AROMEHD;2.80;4.70;258.0;11.0;0.00;99.0;AROMEHD
vengeron;AROMEIFS;2026-10-11T05:00;AROMEHD;4.30;6.20;190.0;11.9;0.00;6.2;AROMEHD
vengeron;AROMEIFS;2026-10-11T06:00;AROMEHD;4.30;8.90;262.0;10.8;0.00;25.0;AROMEHD
vengeron;AROMEIFS;2026-10-11T07:00;AROMEHD;4.00;6.20;227.0;10.9;0.00;25.0;AROMEHD
vengeron;AROMEIFS;2026-10-11T08:00;AROMEHD;1.60;5.10;225.0;9.9;0.00;24.5;AROMEHD
vengeron;AROMEIFS;2026-10-11T09:00;AROMEHD;3.10;5.10;240.0;10.0;0.00;25.0;AROMEHD
vengeron;AROMEIFS;2026-10-11T10:00;AROMEHD;3.30;5.20;197.0;11.0;0.00;25.0;AROMEHD
vengeron;AROMEIFS;2026-10-11T11:00;AROMEHD;2.50;5.40;180.0;11.7;0.00;25.0;AROMEHD
vengeron;AROMEIFS;2026-10-11T12:00;AROMEHD;2.00;4.10;174.0;12.4;0.00;25.0;AROMEHD
vengeron;AROMEIFS;2026-10-11T13:00;AROMEHD;1.20;2.90;171.0;13.4;0.00;100.0;AROMEHD
vengeron;AROMEIFS;2026-10-11T14:00;AROMEHD;1.00;2.10;169.0;14.2;0.00;71.0;AROMEHD
vengeron;AROMEIFS;2026-10-11T15:00;AROMEHD;1.40;2.10;8.0;14.7;0.00;97.0;AROMEHD
vengeron;AROMEIFS;2026-10-11T16:00;AROMEHD;3.70;6.20;25.0;15.3;0.00;100.0;AROMEHD
vengeron;AROMEIFS;2026-10-11T17:00;AROMEHD;6.00;8.60;21.0;15.6;0.00;88.0;AROMEHD
vengeron;AROMEIFS;2026-10-11T18:00;AROMEHD;6.20;8.90;28.0;15.6;0.00;100.0;AROMEHD
vengeron;AROMEIFS;2026-10-11T19:00;AROMEHD;6.90;9.70;38.0;15.6;0.00;100.0;AROMEHD
vengeron;AROMEIFS;2026-10-11T20:00;AROMEHD;7.90;11.10;349.0;14.9;0.00;27.0;AROMEHD
vengeron;AROMEIFS;2026-10-11T21:00;AROMEHD;4.10;10.30;352.0;13.3;0.00;1.0;AROMEHD
vengeron;AROMEIFS;2026-10-11T22:00;AROMEHD;9.60;12.40;61.0;13.7;0.00;0.0;AROMEHD
vengeron;AROMEIFS;2026-10-11T23:00;AROMEHD;8.00;12.60;56.0;12.8;0.00;0.0;AROMEHD
vengeron;AROMEIFS;2026-10-12T00:00;AROMEHD;5.40;10.30;52.0;12.9;0.00;0.0;AROMEHD
vengeron;AROMEIFS;2026-10-12T01:00;AROMEHD;3.70;8.70;279.0;9.8;0.00;0.0;AROMEHD
vengeron;AROMEIFS;2026-10-12T02:00;AROMEHD;2.60;4.90;261.0;9.4;0.00;0.0;AROMEHD
vengeron;AROMEIFS;2026-10-12T03:00;AROMEHD;2.70;3.30;274.0;9.0;0.00;0.0;AROMEHD
vengeron;AROMEIFS;2026-10-12T04:00;AROMEHD;3.10;4.50;270.0;8.5;0.00;0.0;AROMEHD
vengeron;AROMEIFS;2026-10-12T05:00;AROMEHD;3.20;3.90;259.0;9.1;0.00;0.0;AROMEHD
vengeron;AROMEIFS;2026-10-12T06:00;AROMEHD;3.40;4.10;280.0;8.2;0.00;0.0;AROMEHD
vengeron;AROMEIFS;2026-10-12T07:00;AROMEHD;3.40;4.90;280.0;7.7;0.00;0.0;AROMEHD
vengeron;AROMEIFS;2026-10-12T08:00;AROMEHD;3.30;3.90;270.0;8.2;0.00;0.0;AROMEHD
vengeron;AROMEIFS;2026-10-12T09:00;AROMEHD;3.20;3.90;281.0;8.9;0.00;0.0;AROMEHD
vengeron;AROMEIFS;2026-10-12T10:00;AROMEHD;1.20;4.10;309.0;10.7;0.00;0.0;AROMEHD
vengeron;AROMEIFS;2026-10-12T11:00;AROMEHD;8.80;13.20;45.0;13.0;0.00;0.0;AROMEHD
vengeron;AROMEIFS;2026-10-12T12:00;ARPEGE;10.00;16.50;54.0;14.0;0.00;11.0;ARPEGE
vengeron;AROMEIFS;2026-10-12T13:00;ARPEGE;9.30;16.70;53.0;14.7;0.00;27.0;ARPEGE
vengeron;AROMEIFS;2026-10-12T14:00;ARPEGE;8.70;15.70;50.0;15.5;0.00;68.0;ARPEGE
vengeron;AROMEIFS;2026-10-12T15:00;ARPEGE;8.00;14.80;49.0;16.2;0.00;59.0;ARPEGE
vengeron;AROMEIFS;2026-10-12T16:00;ARPEGE;7.40;13.60;57.0;16.6;0.00;60.0;ARPEGE
vengeron;AROMEIFS;2026-10-12T17:00;ARPEGE;6.50;12.80;51.0;16.7;0.00;48.0;ARPEGE
vengeron;AROMEIFS;2026-10-12T18:00;ARPEGE;5.60;11.10;44.0;16.4;0.00;50.0;ARPEGE
vengeron;AROMEIFS;2026-10-12T19:00;ARPEGE;4.20;8.90;56.0;15.4;0.00;26.0;ARPEGE
vengeron;AROMEIFS;2026-10-12T20:00;ARPEGE;3.30;5.80;62.0;14.3;0.00;28.0;ARPEGE
vengeron;AROMEIFS;2026-10-12T21:00;ARPEGE;2.30;4.70;70.0;13.3;0.00;41.0;ARPEGE
vengeron;AROMEIFS;2026-10-12T22:00;ARPEGE;2.20;2.90;100.0;12.3;0.00;26.0;ARPEGE
vengeron;AROMEIFS;2026-10-12T23:00;ARPEGE;2.20;2.50;105.0;11.5;0.00;45.0;ARPEGE
vengeron;AROMEIFS;2026-10-13T00:00;ARPEGE;1.60;2.70;104.0;11.1;0.00;40.0;ARPEGE
vengeron;AROMEIFS;2026-10-13T01:00;ARPEGE;1.10;2.10;135.0;10.8;0.00;36.0;ARPEGE
vengeron;AROMEIFS;2026-10-13T02:00;ARPEGE;2.50;2.50;148.0;10.3;0.00;41.0;ARPEGE
vengeron;AROMEIFS;2026-10-13T03:00;ARPEGE;1.30;2.70;153.0;10.1;0.00;55.0;ARPEGE
vengeron;AROMEIFS;2026-10-13T04:00;ARPEGE;1.40;1.70;172.0;9.9;0.00;45.0;ARPEGE
vengeron;AROMEIFS;2026-10-13T05:00;ARPEGE;2.10;2.70;158.0;9.7;0.00;33.0;ARPEGE
vengeron;AROMEIFS;2026-10-13T06:00;ARPEGE;1.00;2.70;180.0;9.5;0.00;28.0;ARPEGE
vengeron;AROMEIFS;2026-10-13T07:00;ARPEGE;1.70;1.70;159.0;9.4;0.00;13.0;ARPEGE
vengeron;AROMEIFS;2026-10-13T08:00;ARPEGE;1.60;1.70;173.0;9.1;0.00;11.0;ARPEGE
vengeron;AROMEIFS;2026-10-13T09:00;ARPEGE;2.10;2.50;175.0;9.4;0.00;8.0;ARPEGE
vengeron;AROMEIFS;2026-10-13T10:00;ARPEGE;1.80;2.70;186.0;10.6;0.00;3.0;ARPEGE
vengeron;AROMEIFS;2026-10-13T11:00;ARPEGE;0.80;3.10;256.0;12.1;0.00;6.0;ARPEGE
vengeron;AROMEIFS;2026-10-13T12:00;ARPEGE;0.90;3.50;27.0;13.7;0.00;3.0;ARPEGE
vengeron;AROMEIFS;2026-10-13T13:00;ARPEGE;1.80;5.40;32.0;15.1;0.00;1.0;ARPEGE
vengeron;AROMEIFS;2026-10-13T14:00;ARPEGE;2.60;6.60;27.0;16.3;0.00;1.0;ARPEGE
vengeron;AROMEIFS;2026-10-13T15:00;ARPEGE;2.90;6.80;20.0;17.2;0.00;4.0;ARPEGE
vengeron;AROMEIFS;2026-10-13T16:00;ARPEGE;2.80;6.80;25.0;17.8;0.00;5.0;ARPEGE
vengeron;AROMEIFS;2026-10-13T17:00;ARPEGE;3.70;6.80;25.0;18.0;0.00;19.0;ARPEGE
vengeron;AROMEIFS;2026-10-13T18:00;ARPEGE;4.00;6.80;29.0;17.6;0.00;29.0;ARPEGE
vengeron;AROMEIFS;2026-10-13T19:00;ARPEGE;3.00;6.20;27.0;16.3;0.00;25.0;ARPEGE
vengeron;AROMEIFS;2026-10-13T20:00;ARPEGE;1.60;3.70;14.0;15.2;0.00;25.0;ARPEGE
vengeron;AROMEIFS;2026-10-13T21:00;ARPEGE;0.20;1.20;270.0;14.5;0.00;11.0;ARPEGE
vengeron;AROMEIFS;2026-10-13T22:00;ARPEGE;0.40;1.60;243.0;13.8;0.00;20.0;ARPEGE
vengeron;AROMEIFS;2026-10-13T23:00;ARPEGE;1.30;1.00;153.0;13.4;0.00;79.0;ARPEGE
vengeron;AROMEIFS;2026-10-14T00:00;ARPEGE;3.30;2.90;126.0;12.7;0.00;90.0;ARPEGE
vengeron;AROMEIFS;2026-10-14T01:00;ARPEGE;2.80;3.90;124.0;12.3;0.00;89.0;ARPEGE
vengeron;AROMEIFS;2026-10-14T02:00;ARPEGE;1.10;2.70;135.0;12.0;0.00;100.0;ARPEGE
vengeron;AROMEIFS;2026-10-14T03:00;ARPEGE;1.00;1.20;143.0;11.9;0.00;49.0;ARPEGE
vengeron;AROMEIFS;2026-10-14T04:00;ARPEGE;1.50;1.60;130.0;11.6;0.00;75.0;ARPEGE
vengeron;AROMEIFS;2026-10-14T05:00;ARPEGE;1.60;2.30;166.0;11.3;0.00;88.0;ARPEGE
vengeron;AROMEIFS;2026-10-14T06:00;ARPEGE;0.40;2.90;207.0;11.2;0.00;29.0;ARPEGE
vengeron;AROMEIFS;2026-10-14T07:00;ARPEGE;0.70;3.10;304.0;11.1;0.00;0.0;ARPEGE
vengeron;AROMEIFS;2026-10-14T08:00;ARPEGE;1.20;2.30;189.0;10.8;0.00;12.0;ARPEGE
vengeron;AROMEIFS;2026-10-14T09:00;ARPEGE;1.60;1.40;180.0;11.1;0.00;49.0;ARPEGE
vengeron;AROMEIFS;2026-10-14T10:00;ARPEGE;2.00;1.90;264.0;12.5;0.00;48.0;ARPEGE
vengeron;AROMEIFS;2026-10-14T11:00;ARPEGE;1.10;2.90;225.0;14.1;0.00;49.0;ARPEGE
vengeron;AROMEIFS;2026-10-14T12:00;ARPEGE;0.80;1.40;194.0;15.7;0.00;4.0;ARPEGE
vengeron;AROMEIFS;2026-10-14T13:00;ARPEGE;2.20;6.20;45.0;17.6;0.00;0.0;ARPEGE
vengeron;AROMEIFS;2026-10-14T14:00;ARPEGE;7.00;13.60;46.0;19.6;0.00;3.0;ARPEGE
vengeron;AROMEIFS;2026-10-14T15:00;IFS;7.60;11.10;44.0;20.5;0.00;0.0;IFS
vengeron;AROMEIFS;2026-10-14T16:00;IFS;6.60;11.10;53.0;20.5;0.00;0.0;IFS
vengeron;AROMEIFS;2026-10-14T17:00;IFS;6.00;11.10;56.0;20.4;0.00;0.0;IFS
vengeron;AROMEIFS;2026-10-14T18:00;IFS;5.80;11.10;42.0;20.0;0.00;0.0;IFS
vengeron;AROMEIFS;2026-10-14T19:00;IFS;6.30;10.90;23.0;19.5;0.00;0.0;IFS
vengeron;AROMEIFS;2026-10-14T20:00;IFS;6.90;10.70;12.0;19.0;0.00;0.0;IFS
vengeron;AROMEIFS;2026-10-14T21:00;IFS;6.10;10.50;15.0;18.6;0.00;0.0;IFS
vengeron;AROMEIFS;2026-10-14T22:00;IFS;5.00;10.10;27.0;18.1;0.00;0.0;IFS
vengeron;AROMEIFS;2026-10-14T23:00;IFS;4.20;9.50;38.0;17.7;0.00;0.0;IFS
vengeron;AROMEIFS;2026-10-15T00:00;IFS;3.70;8.60;41.0;17.2;0.00;2.0;IFS
vengeron;AROMEIFS;2026-10-15T01:00;IFS;3.20;7.60;38.0;16.8;0.00;5.0;IFS
vengeron;AROMEIFS;2026-10-15T02:00;IFS;3.00;7.00;29.0;16.4;0.00;10.0;IFS
vengeron;AROMEIFS;2026-10-15T03:00;IFS;3.40;7.40;18.0;16.1;0.00;18.0;IFS
vengeron;AROMEIFS;2026-10-15T04:00;IFS;4.10;8.00;9.0;15.9;0.00;29.0;IFS
vengeron;AROMEIFS;2026-10-15T05:00;IFS;4.70;8.60;6.0;15.7;0.00;36.0;IFS
vengeron;AROMEIFS;2026-10-15T06:00;IFS;4.60;8.60;7.0;15.6;0.00;39.0;IFS
vengeron;AROMEIFS;2026-10-15T07:00;IFS;4.20;8.40;13.0;15.5;0.00;38.0;IFS
vengeron;AROMEIFS;2026-10-15T08:00;IFS;3.70;8.00;20.0;15.4;0.00;38.0;IFS
vengeron;AROMEIFS;2026-10-15T09:00;IFS;3.10;7.80;30.0;15.4;0.00;38.0;IFS
vengeron;AROMEIFS;2026-10-15T10:00;IFS;2.50;7.40;47.0;15.4;0.00;39.0;IFS
vengeron;AROMEIFS;2026-10-15T11:00;IFS;2.30;7.00;65.0;15.6;0.00;37.0;IFS
vengeron;AROMEIFS;2026-10-15T12:00;IFS;1.90;6.40;78.0;16.1;0.00;32.0;IFS
vengeron;AROMEIFS;2026-10-15T13:00;IFS;1.60;5.60;90.0;16.8;0.00;26.0;IFS
vengeron;AROMEIFS;2026-10-15T14:00;IFS;1.60;5.20;97.0;17.4;0.00;20.0;IFS
vengeron;AROMEIFS;2026-10-15T15:00;IFS;2.20;5.40;92.0;17.9;0.00;14.0;IFS
vengeron;AROMEIFS;2026-10-15T16:00;IFS;3.10;6.00;86.0;18.5;0.00;8.0;IFS
vengeron;AROMEIFS;2026-10-15T17:00;IFS;3.30;6.40;82.0;18.8;0.00;4.0;IFS
vengeron;AROMEIFS;2026-10-15T18:00;IFS;2.40;6.60;71.0;18.9;0.00;2.0;IFS
vengeron;AROMEIFS;2026-10-15T19:00;IFS;1.20;6.40;24.0;18.9;0.00;1.0;IFS
vengeron;AROMEIFS;2026-10-15T20:00;IFS;1.50;6.20;328.0;18.7;0.00;0.0;IFS
vengeron;AROMEIFS;2026-10-15T21:00;IFS;1.80;5.60;315.0;18.5;0.00;0.0;IFS
vengeron;AROMEIFS;2026-10-15T22:00;IFS;1.80;4.70;315.0;18.2;0.00;0.0;IFS
vengeron;AROMEIFS;2026-10-15T23:00;IFS;1.60;4.10;315.0;17.9;0.00;0.0;IFS
vengeron;AROMEIFS;2026-10-16T00:00;IFS;1.40;4.90;330.0;17.7;0.00;16.0;IFS
vengeron;AROMEIFS;2026-10-16T01:00;IFS;1.30;4.50;333.0;17.4;0.00;23.0;IFS
vengeron;AROMEIFS;2026-10-16T02:00;IFS;1.20;4.30;336.0;17.1;0.00;31.0;IFS
vengeron;AROMEIFS;2026-10-16T03:00;IFS;1.10;4.30;340.0;16.9;0.00;42.0;IFS
vengeron;AROMEIFS;2026-10-16T04:00;IFS;1.20;4.30;346.0;16.6;0.00;57.0;IFS
vengeron;AROMEIFS;2026-10-16T05:00;IFS;1.30;4.50;356.0;16.3;0.00;72.0;IFS
vengeron;AROMEIFS;2026-10-16T06:00;IFS;1.30;4.70;4.0;16.1;0.00;86.0;IFS
vengeron;AROMEIFS;2026-10-16T07:00;IFS;1.20;4.90;9.0;16.0;0.00;96.0;IFS
vengeron;AROMEIFS;2026-10-16T08:00;IFS;1.00;5.10;24.0;16.0;0.00;100.0;IFS
vengeron;AROMEIFS;2026-10-16T09:00;IFS;0.70;5.20;63.0;16.3;0.00;95.0;IFS
vengeron;AROMEIFS;2026-10-16T10:00;IFS;1.00;5.60;131.0;16.8;0.00;83.0;IFS
vengeron;AROMEIFS;2026-10-16T11:00;IFS;2.10;6.00;149.0;17.4;0.00;68.0;IFS
vengeron;AROMEIFS;2026-10-16T12:00;IFS;3.00;6.40;155.0;18.0;0.00;50.0;IFS
vengeron;AROMEIFS;2026-10-16T13:00;IFS;3.80;6.80;159.0;18.5;0.00;35.0;IFS
vengeron;AROMEIFS;2026-10-16T14:00;IFS;4.10;7.00;159.0;18.9;0.00;24.0;IFS
vengeron;AROMEIFS;2026-10-16T15:00;IFS;3.80;7.20;159.0;19.1;0.00;16.0;IFS
vengeron;AROMEIFS;2026-10-16T16:00;IFS;3.10;7.20;158.0;19.2;0.00;9.0;IFS
vengeron;AROMEIFS;2026-10-16T17:00;IFS;2.00;7.20;153.0;19.2;0.00;4.0;IFS
vengeron;AROMEIFS;2026-10-16T18:00;IFS;1.00;7.40;139.0;19.2;0.00;1.0;IFS
vengeron;AROMEIFS;2026-10-16T19:00;IFS;0.50;7.40;79.0;19.1;0.00;1.0;IFS
vengeron;AROMEIFS;2026-10-16T20:00;IFS;0.70;7.60;34.0;18.9;0.00;5.0;IFS
vengeron;AROMEIFS;2026-10-16T21:00;IFS;0.70;7.80;34.0;18.6;0.40;15.0;IFS
vengeron;AROMEIFS;2026-10-16T22:00;IFS;0.50;8.20;68.0;18.1;0.40;31.0;IFS
vengeron;AROMEIFS;2026-10-16T23:00;IFS;0.70;8.40;117.0;17.6;0.40;50.0;IFS
vengeron;AROMEIFS;2026-10-17T00:00;IFS;1.10;8.70;135.0;17.0;0.40;70.0;IFS
vengeron;AROMEIFS;2026-10-17T01:00;IFS;1.60;9.10;135.0;16.4;0.40;86.0;IFS
vengeron;AROMEIFS;2026-10-17T02:00;IFS;2.10;9.50;127.0;15.9;0.40;98.0;IFS
vengeron;AROMEIFS;2026-10-17T03:00;IFS;2.70;9.90;111.0;15.5;0.60;100.0;IFS
vengeron;AROMEIFS;2026-10-17T04:00;IFS;3.70;10.50;96.0;15.0;0.60;100.0;IFS
vengeron;AROMEIFS;2026-10-17T05:00;IFS;5.10;11.10;86.0;14.5;0.60;100.0;IFS
vengeron;AROMEIFS;2026-10-17T06:00;IFS;6.40;11.70;80.0;14.1;0.60;100.0;IFS
vengeron;AROMEIFS;2026-10-17T07:00;IFS;7.50;12.20;76.0;13.7;0.60;100.0;IFS
vengeron;AROMEIFS;2026-10-17T08:00;IFS;8.10;12.60;73.0;13.3;0.60;100.0;IFS
vengeron;AROMEIFS;2026-10-17T09:00;IFS;8.10;13.00;71.0;13.0;0.20;100.0;IFS
vengeron;AROMEIFS;2026-10-17T10:00;IFS;7.50;13.40;68.0;12.7;0.20;100.0;IFS
vengeron;AROMEIFS;2026-10-17T11:00;IFS;6.80;13.80;65.0;12.5;0.20;100.0;IFS
vengeron;AROMEIFS;2026-10-17T12:00;IFS;6.00;14.00;60.0;12.3;0.20;100.0;IFS
vengeron;AROMEIFS;2026-10-17T13:00;IFS;5.30;14.20;53.0;12.1;0.20;100.0;IFS
vengeron;AROMEIFS;2026-10-17T14:00;IFS;5.10;14.20;48.0;11.9;0.20;100.0;IFS
vengeron;AROMEIFS;2026-10-17T15:00;IFS;5.30;14.00;44.0;11.8;0.00;100.0;IFS
vengeron;AROMEIFS;2026-10-17T16:00;IFS;5.70;13.80;43.0;11.8;0.00;100.0;IFS
vengeron;AROMEIFS;2026-10-17T17:00;IFS;6.30;13.40;42.0;11.8;0.00;100.0;IFS
vengeron;AROMEIFS;2026-10-17T18:00;IFS;6.70;13.00;41.0;11.8;0.00;100.0;IFS
vengeron;AROMEIFS;2026-10-17T19:00;IFS;7.30;12.60;41.0;11.8;0.00;100.0;IFS
vengeron;AROMEIFS;2026-10-17T20:00;IFS;7.70;12.60;39.0;11.8;0.00;100.0;IFS
vengeron;AROMEIFS;2026-10-17T21:00;IFS;8.00;12.60;37.0;11.8;0.00;100.0;IFS
vengeron;AROMEIFS;2026-10-17T22:00;IFS;8.30;13.00;34.0;11.8;0.00;100.0;IFS
vengeron;AROMEIFS;2026-10-17T23:00;IFS;8.50;13.20;31.0;11.8;0.00;100.0;IFS
vengeron;AROMEIFS;2026-10-18T00:00;IFS;8.80;13.60;28.0;11.7;0.00;100.0;IFS
vengeron;AROMEIFS;2026-10-18T01:00;IFS;9.10;14.00;26.0;11.7;0.00;100.0;IFS
vengeron;AROMEIFS;2026-10-18T02:00;IFS;9.50;14.60;25.0;11.6;0.00;100.0;IFS
vengeron;AROMEIFS;2026-10-18T03:00;IFS;10.10;15.20;24.0;11.4;0.30;100.0;IFS
vengeron;AROMEIFS;2026-10-18T04:00;IFS;10.80;15.90;24.0;11.2;0.30;100.0;IFS
vengeron;AROMEIFS;2026-10-18T05:00;IFS;11.60;16.70;24.0;10.9;0.30;100.0;IFS
vengeron;AROMEIFS;2026-10-18T06:00;IFS;12.20;17.70;24.0;10.7;0.30;100.0;IFS
vengeron;AROMEIFS;2026-10-18T07:00;IFS;12.80;18.50;24.0;10.6;0.30;100.0;IFS
vengeron;AROMEIFS;2026-10-18T08:00;IFS;13.10;19.00;25.0;10.6;0.30;100.0;IFS
vengeron;AROMEIFS;2026-10-18T09:00;IFS;13.00;19.60;27.0;10.8;0.10;100.0;IFS
vengeron;AROMEIFS;2026-10-18T10:00;IFS;12.80;20.20;29.0;11.1;0.10;100.0;IFS
vengeron;AROMEIFS;2026-10-18T11:00;IFS;12.40;20.80;31.0;11.6;0.10;100.0;IFS
vengeron;AROMEIFS;2026-10-18T12:00;IFS;12.00;21.40;34.0;12.0;0.10;100.0;IFS
vengeron;AROMEIFS;2026-10-18T13:00;IFS;11.70;21.60;36.0;12.5;0.10;100.0;IFS
vengeron;AROMEIFS;2026-10-18T14:00;IFS;11.50;21.60;37.0;12.7;0.10;100.0;IFS
vengeron;AROMEIFS;2026-10-18T15:00;IFS;11.50;21.20;36.0;12.9;0.00;93.0;IFS
vengeron;AROMEIFS;2026-10-18T16:00;IFS;11.50;20.60;33.0;12.9;0.00;84.0;IFS
vengeron;AROMEIFS;2026-10-18T17:00;IFS;11.70;19.60;30.0;13.0;0.00;73.0;IFS
vengeron;AROMEIFS;2026-10-18T18:00;IFS;11.80;18.70;27.0;12.9;0.00;62.0;IFS
vengeron;AROMEIFS;2026-10-18T19:00;IFS;12.10;18.10;25.0;12.9;0.00;52.0;IFS
vengeron;AROMEIFS;2026-10-18T20:00;IFS;12.20;17.50;23.0;12.8;0.00;47.0;IFS
vengeron;AROMEIFS;2026-10-18T21:00;IFS;12.40;17.30;22.0;12.6;0.00;46.0;IFS
vengeron;AROMEIFS;2026-10-18T22:00;IFS;12.40;17.30;22.0;12.5;0.00;48.0;IFS
vengeron;AROMEIFS;2026-10-18T23:00;IFS;12.50;17.50;21.0;12.2;0.00;53.0;IFS
vengeron;AROMEIFS;2026-10-19T00:00;IFS;12.60;17.70;22.0;12.0;0.00;57.0;IFS
vengeron;AROMEIFS;2026-10-19T01:00;IFS;12.60;17.90;22.0;11.8;0.00;61.0;IFS
vengeron;AROMEIFS;2026-10-19T02:00;IFS;12.60;18.10;23.0;11.6;0.00;63.0;IFS
vengeron;AROMEIFS;2026-10-19T03:00;IFS;12.70;18.30;23.0;11.4;0.00;63.0;IFS
vengeron;AROMEIFS;2026-10-19T04:00;IFS;12.60;18.30;24.0;11.3;0.00;61.0;IFS
vengeron;AROMEIFS;2026-10-19T05:00;IFS;12.60;18.50;25.0;11.1;0.00;59.0;IFS
vengeron;AROMEIFS;2026-10-19T06:00;IFS;12.60;18.50;26.0;10.9;0.00;56.0;IFS
vengeron;AROMEIFS;2026-10-19T07:00;IFS;12.40;18.70;27.0;10.9;0.00;52.0;IFS
vengeron;AROMEIFS;2026-10-19T08:00;IFS;12.30;18.70;29.0;10.9;0.00;49.0;IFS
vengeron;AROMEIFS;2026-10-19T09:00;IFS;12.00;18.70;33.0;11.1;0.00;45.0;IFS
vengeron;AROMEIFS;2026-10-19T10:00;IFS;11.70;18.70;40.0;11.5;0.00;41.0;IFS
vengeron;AROMEIFS;2026-10-19T11:00;IFS;11.50;18.70;46.0;12.0;0.00;36.0;IFS
vengeron;AROMEIFS;2026-10-19T12:00;IFS;11.60;18.70;53.0;12.4;0.00;31.0;IFS
vengeron;AROMEIFS;2026-10-19T13:00;IFS;11.60;18.70;58.0;12.8;0.00;27.0;IFS
vengeron;AROMEIFS;2026-10-19T14:00;IFS;11.60;18.70;59.0;13.1;0.00;23.0;IFS
vengeron;AROMEIFS;2026-10-19T15:00;IFS;11.50;18.70;55.0;13.2;0.00;20.0;IFS
vengeron;AROMEIFS;2026-10-19T16:00;IFS;11.40;18.70;48.0;13.2;0.00;17.0;IFS
vengeron;AROMEIFS;2026-10-19T17:00;IFS;11.60;18.70;40.0;13.2;0.00;14.0;IFS
vengeron;AROMEIFS;2026-10-19T18:00;IFS;12.00;18.70;31.0;13.1;0.00;12.0;IFS
vengeron;AROMEIFS;2026-10-19T19:00;IFS;12.40;18.70;25.0;12.9;0.00;10.0;IFS
vengeron;AROMEIFS;2026-10-19T20:00;IFS;12.50;18.70;21.0;12.7;0.00;9.0;IFS
vengeron;AROMEIFS;2026-10-19T21:00;IFS;12.10;18.90;21.0;12.5;0.00;9.0;IFS
vengeron;AROMEIFS;2026-10-19T22:00;IFS;11.20;19.20;23.0;12.1;0.00;9.0;IFS
vengeron;AROMEIFS;2026-10-19T23:00;IFS;10.10;19.40;27.0;11.7;0.00;10.0;IFS
vengeron;AROMEIFS;2026-10-20T00:00;IFS;9.10;19.80;32.0;11.3;0.00;11.0;IFS
vengeron;AROMEIFS;2026-10-20T01:00;IFS;8.20;19.80;39.0;10.9;0.00;13.0;IFS
vengeron;AROMEIFS;2026-10-20T02:00;IFS;7.70;19.60;43.0;10.6;0.00;16.0;IFS
vengeron;AROMEIFS;2026-10-20T03:00;IFS;7.40;19.00;45.0;10.3;0.00;19.0;IFS
vengeron;AROMEIFS;2026-10-20T04:00;IFS;7.20;17.90;46.0;10.0;0.00;22.0;IFS
vengeron;AROMEIFS;2026-10-20T05:00;IFS;7.00;16.70;45.0;9.7;0.00;26.0;IFS
vengeron;AROMEIFS;2026-10-20T06:00;IFS;7.00;15.60;44.0;9.4;0.00;31.0;IFS
vengeron;AROMEIFS;2026-10-20T07:00;IFS;7.20;14.60;43.0;9.4;0.00;37.0;IFS
vengeron;AROMEIFS;2026-10-20T08:00;IFS;7.40;14.00;42.0;9.6;0.00;43.0;IFS
vengeron;AROMEIFS;2026-10-20T09:00;IFS;7.80;14.00;42.0;10.1;0.00;52.0;IFS
vengeron;AROMEIFS;2026-10-20T10:00;IFS;8.50;14.20;43.0;11.1;0.00;62.0;IFS
vengeron;AROMEIFS;2026-10-20T11:00;IFS;9.40;14.80;43.0;12.1;0.00;74.0;IFS
vengeron;AROMEIFS;2026-10-20T12:00;IFS;10.20;15.60;43.0;13.2;0.00;85.0;IFS
vengeron;AROMEIFS;2026-10-20T13:00;IFS;10.90;16.10;43.0;14.1;0.00;94.0;IFS
vengeron;AROMEIFS;2026-10-20T14:00;IFS;11.40;16.50;42.0;14.7;0.00;99.0;IFS
vengeron;AROMEIFS;2026-10-20T15:00;IFS;11.70;16.70;39.0;14.9;0.00;100.0;IFS
vengeron;AROMEIFS;2026-10-20T16:00;IFS;11.80;16.90;36.0;14.8;0.00;97.0;IFS
vengeron;AROMEIFS;2026-10-20T17:00;IFS;12.00;16.90;32.0;14.6;0.00;92.0;IFS
vengeron;AROMEIFS;2026-10-20T18:00;IFS;12.10;17.10;28.0;14.3;0.00;87.0;IFS
vengeron;AROMEIFS;2026-10-20T19:00;IFS;12.40;17.50;24.0;13.9;0.00;82.0;IFS
vengeron;AROMEIFS;2026-10-20T20:00;IFS;12.70;17.90;22.0;13.5;0.00;80.0;IFS
vengeron;AROMEIFS;2026-10-20T21:00;IFS;13.10;18.70;21.0;13.1;0.00;80.0;IFS
vengeron;AROMEIFS;2026-10-20T22:00;IFS;13.70;19.60;20.0;12.6;0.00;82.0;IFS
vengeron;AROMEIFS;2026-10-20T23:00;IFS;14.20;20.80;20.0;12.0;0.00;85.0;IFS
vengeron;AROMEIFS;2026-10-21T00:00;IFS;14.70;21.80;20.0;11.5;0.00;88.0;IFS
vengeron;AROMEIFS;2026-10-21T01:00;IFS;15.20;22.90;20.0;11.0;0.00;90.0;IFS
vengeron;AROMEIFS;2026-10-21T02:00;IFS;15.70;23.70;20.0;10.5;0.00;92.0;IFS
vengeron;AROMEIFS;2026-10-21T03:00;IFS;16.30;24.30;20.0;10.1;0.00;93.0;IFS
vengeron;AROMEIFS;2026-10-21T04:00;IFS;16.90;24.90;20.0;9.7;0.00;95.0;IFS
vengeron;AROMEIFS;2026-10-21T05:00;IFS;17.50;25.30;20.0;9.4;0.00;96.0;IFS
vengeron;AROMEIFS;2026-10-21T06:00;IFS;18.10;25.70;21.0;9.1;0.00;96.0;IFS
vengeron;AROMEIFS;2026-10-21T07:00;IFS;18.50;26.00;21.0;9.0;0.00;95.0;IFS
vengeron;AROMEIFS;2026-10-21T08:00;IFS;18.80;26.40;22.0;9.0;0.00;92.0;IFS
vengeron;AROMEIFS;2026-10-21T09:00;IFS;19.00;26.80;22.0;9.3;0.00;87.0;IFS
vengeron;AROMEIFS;2026-10-21T10:00;IFS;19.20;27.40;24.0;9.9;0.00;80.0;IFS
vengeron;AROMEIFS;2026-10-21T11:00;IFS;19.30;27.80;25.0;10.6;0.00;72.0;IFS
vengeron;AROMEIFS;2026-10-21T12:00;IFS;19.20;28.20;26.0;11.3;0.00;63.0;IFS
vengeron;AROMEIFS;2026-10-21T13:00;IFS;19.00;28.40;27.0;11.8;0.00;54.0;IFS
vengeron;AROMEIFS;2026-10-21T14:00;IFS;18.50;28.40;27.0;12.1;0.00;46.0;IFS
vengeron;AROMEIFS;2026-10-21T15:00;IFS;17.60;28.20;27.0;12.1;0.00;38.0;IFS
vengeron;AROMEIFS;2026-10-21T16:00;IFS;16.30;28.00;26.0;12.0;0.00;29.0;IFS
vengeron;AROMEIFS;2026-10-21T17:00;IFS;14.70;27.60;25.0;11.6;0.00;20.0;IFS
vengeron;AROMEIFS;2026-10-21T18:00;IFS;13.10;27.00;24.0;11.3;0.00;12.0;IFS
vengeron;AROMEIFS;2026-10-21T19:00;IFS;11.80;26.20;22.0;10.9;0.00;5.0;IFS
vengeron;AROMEIFS;2026-10-21T20:00;IFS;10.60;25.30;21.0;10.6;0.00;0.0;IFS
vengeron;AROMEIFS;2026-10-21T21:00;IFS;9.80;23.90;22.0;10.3;0.00;0.0;IFS
vengeron;AROMEIFS;2026-10-21T22:00;IFS;9.00;22.20;24.0;10.0;0.00;0.0;IFS
vengeron;AROMEIFS;2026-10-21T23:00;IFS;8.50;20.20;27.0;9.7;0.00;0.0;IFS
vengeron;AROMEIFS;2026-10-22T00:00;IFS;8.10;18.30;30.0;9.4;0.00;0.0;IFS
vengeron;AROMEIFS;2026-10-22T01:00;IFS;7.70;16.50;33.0;9.2;0.00;0.0;IFS
vengeron;AROMEIFS;2026-10-22T02:00;IFS;7.60;15.40;34.0;9.0;0.00;1.0;IFS
vengeron;AROMEIFS;2026-10-22T03:00;IFS;7.80;14.60;34.0;8.8;0.00;4.0;IFS
vengeron;AROMEIFS;2026-10-22T04:00;IFS;8.20;14.40;32.0;8.6;0.00;8.0;IFS
vengeron;AROMEIFS;2026-10-22T05:00;IFS;8.80;14.20;30.0;8.5;0.00;13.0;IFS
vengeron;AROMEIFS;2026-10-22T06:00;IFS;9.30;14.40;29.0;8.4;0.00;18.0;IFS
vengeron;AROMEIFS;2026-10-22T07:00;IFS;9.70;14.40;27.0;8.5;0.00;22.0;IFS
vengeron;AROMEIFS;2026-10-22T08:00;IFS;9.90;14.60;28.0;8.7;0.00;24.0;IFS
vengeron;AROMEIFS;2026-10-22T09:00;IFS;9.70;14.80;29.0;9.2;0.00;24.0;IFS
vengeron;AROMEIFS;2026-10-22T10:00;IFS;9.20;15.20;32.0;9.9;0.00;24.0;IFS
vengeron;AROMEIFS;2026-10-22T11:00;IFS;8.60;15.70;36.0;10.7;0.00;22.0;IFS
vengeron;AROMEIFS;2026-10-22T12:00;IFS;8.10;16.10;41.0;11.6;0.00;19.0;IFS
vengeron;AROMEIFS;2026-10-22T13:00;IFS;7.60;16.30;44.0;12.3;0.00;17.0;IFS
vengeron;AROMEIFS;2026-10-22T14:00;IFS;7.20;16.30;44.0;12.8;0.00;15.0;IFS
vengeron;AROMEIFS;2026-10-22T15:00;IFS;7.00;15.90;41.0;13.1;0.00;13.0;IFS
vengeron;AROMEIFS;2026-10-22T16:00;IFS;6.80;15.20;34.0;13.3;0.00;10.0;IFS
vengeron;AROMEIFS;2026-10-22T17:00;IFS;6.80;14.20;25.0;13.4;0.00;8.0;IFS
vengeron;AROMEIFS;2026-10-22T18:00;IFS;7.00;13.20;17.0;13.3;0.00;5.0;IFS
vengeron;AROMEIFS;2026-10-22T19:00;IFS;7.30;12.20;11.0;13.3;0.00;3.0;IFS
vengeron;AROMEIFS;2026-10-22T20:00;IFS;7.60;11.70;8.0;13.2;0.00;2.0;IFS
vengeron;AROMEIFS;2026-10-22T21:00;IFS;7.60;11.30;9.0;13.0;0.00;2.0;IFS
vengeron;AROMEIFS;2026-10-22T22:00;IFS;7.40;11.10;11.0;12.8;0.00;2.0;IFS
vengeron;AROMEIFS;2026-10-22T23:00;IFS;7.40;10.90;16.0;12.6;0.00;3.0;IFS
vengeron;AROMEIFS;2026-10-23T00:00;IFS;7.30;10.90;21.0;12.3;0.00;4.0;IFS
vengeron;AROMEIFS;2026-10-23T01:00;IFS;7.30;10.90;25.0;12.0;0.00;4.0;IFS
vengeron;AROMEIFS;2026-10-23T02:00;IFS;7.40;11.10;28.0;11.7;0.00;5.0;IFS
vengeron;AROMEIFS;2026-10-23T03:00;IFS;7.60;11.30;29.0;11.4;0.00;5.0;IFS
vengeron;AROMEIFS;2026-10-23T04:00;IFS;8.00;11.70;28.0;11.1;0.00;4.0;IFS
vengeron;AROMEIFS;2026-10-23T05:00;IFS;8.20;12.10;27.0;10.7;0.00;4.0;IFS
vengeron;AROMEIFS;2026-10-23T06:00;IFS;8.60;12.40;27.0;10.4;0.00;3.0;IFS
vengeron;AROMEIFS;2026-10-23T07:00;IFS;8.80;12.80;26.0;10.2;0.00;4.0;IFS
vengeron;AROMEIFS;2026-10-23T08:00;IFS;8.90;13.20;27.0;10.3;0.00;5.0;IFS
vengeron;AROMEIFS;2026-10-23T09:00;IFS;8.80;13.40;30.0;10.6;0.00;8.0;IFS
vengeron;AROMEIFS;2026-10-23T10:00;IFS;8.40;13.80;35.0;11.2;0.00;13.0;IFS
vengeron;AROMEIFS;2026-10-23T11:00;IFS;8.30;14.00;41.0;12.0;0.00;19.0;IFS
vengeron;AROMEIFS;2026-10-23T12:00;IFS;8.10;14.00;47.0;12.8;0.00;25.0;IFS
vengeron;AROMEIFS;2026-10-23T13:00;IFS;8.00;14.00;51.0;13.4;0.00;29.0;IFS
vengeron;AROMEIFS;2026-10-23T14:00;IFS;7.80;14.00;53.0;13.9;0.00;30.0;IFS
vengeron;AROMEIFS;2026-10-23T15:00;IFS;7.70;13.80;50.0;14.1;0.00;28.0;IFS
vengeron;AROMEIFS;2026-10-23T16:00;IFS;7.60;13.20;44.0;14.2;0.00;23.0;IFS
vengeron;AROMEIFS;2026-10-23T17:00;IFS;7.60;12.60;36.0;14.2;0.00;17.0;IFS
vengeron;AROMEIFS;2026-10-23T18:00;IFS;7.70;12.10;28.0;14.1;0.00;10.0;IFS
vengeron;AROMEIFS;2026-10-23T19:00;IFS;7.90;11.70;22.0;14.0;0.00;5.0;IFS
vengeron;AROMEIFS;2026-10-23T20:00;IFS;8.00;11.30;18.0;13.8;0.00;1.0;IFS
vengeron;AROMEIFS;2026-10-23T21:00;IFS;7.80;11.30;17.0;13.6;0.00;0.0;IFS
vengeron;AROMEIFS;2026-10-23T22:00;IFS;7.40;11.30;17.0;13.2;0.00;0.0;IFS
vengeron;AROMEIFS;2026-10-23T23:00;IFS;6.90;11.50;20.0;12.8;0.00;0.0;IFS
vengeron;AROMEIFS;2026-10-24T00:00;IFS;6.40;11.70;22.0;12.3;0.00;0.0;IFS
vengeron;AROMEIFS;2026-10-24T01:00;IFS;6.00;11.90;26.0;11.9;0.00;0.0;IFS
vengeron;AROMEIFS;2026-10-24T02:00;IFS;5.70;11.90;28.0;11.5;0.00;2.0;IFS
vengeron;AROMEIFS;2026-10-24T03:00;IFS;5.70;11.70;30.0;11.1;0.00;6.0;IFS
vengeron;AROMEIFS;2026-10-24T04:00;IFS;5.70;11.30;30.0;10.7;0.00;13.0;IFS
vengeron;AROMEIFS;2026-10-24T05:00;IFS;5.80;10.90;30.0;10.4;0.00;20.0;IFS
vengeron;AROMEIFS;2026-10-24T06:00;IFS;5.80;10.50;30.0;10.1;0.00;27.0;IFS
vengeron;AROMEIFS;2026-10-24T07:00;IFS;5.80;9.90;31.0;9.9;0.00;34.0;IFS
vengeron;AROMEIFS;2026-10-24T08:00;IFS;5.60;9.70;33.0;9.8;0.00;38.0;IFS
vengeron;AROMEIFS;2026-10-24T09:00;IFS;5.10;9.50;37.0;9.9;0.00;41.0;IFS
vengeron;AROMEIFS;2026-10-24T10:00;IFS;4.40;9.50;45.0;10.2;0.00;43.0;IFS
vengeron;AROMEIFS;2026-10-24T11:00;IFS;3.90;9.50;56.0;10.5;0.00;44.0;IFS
vengeron;AROMEIFS;2026-10-24T12:00;IFS;3.40;9.50;70.0;10.9;0.00;44.0;IFS
vengeron;AROMEIFS;2026-10-24T13:00;IFS;3.20;9.50;83.0;11.3;0.00;43.0;IFS
vengeron;AROMEIFS;2026-10-24T14:00;IFS;3.20;9.30;90.0;11.6;0.00;41.0;IFS
vengeron;AROMEIFS;2026-10-24T15:00;IFS;3.10;8.90;88.0;12.0;0.00;36.0;IFS
vengeron;AROMEIFS;2026-10-24T16:00;IFS;3.10;8.60;79.0;12.4;0.00;29.0;IFS
vengeron;AROMEIFS;2026-10-24T17:00;IFS;3.10;8.00;66.0;12.9;0.00;21.0;IFS
vengeron;AROMEIFS;2026-10-24T18:00;IFS;3.30;7.60;52.0;13.3;0.00;12.0;IFS
vengeron;AROMEIFS;2026-10-24T19:00;IFS;3.80;7.20;42.0;13.6;0.00;5.0;IFS
vengeron;AROMEIFS;2026-10-24T20:00;IFS;4.10;7.20;36.0;13.7;0.00;1.0;IFS
vengeron;AROMEIFS;2026-10-24T21:00;IFS;4.30;7.40;34.0;13.6;0.00;0.0;IFS
vengeron;AROMEIFS;2026-10-24T22:00;IFS;4.60;8.00;32.0;13.2;0.00;0.0;IFS
vengeron;AROMEIFS;2026-10-24T23:00;IFS;4.80;8.60;31.0;12.8;0.00;2.0;IFS
vengeron;AROMEIFS;2026-10-25T00:00;IFS;4.90;9.10;30.0;12.3;0.00;4.0;IFS
vengeron;AROMEIFS;2026-10-25T01:00;IFS;5.10;9.70;30.0;11.9;0.00;7.0;IFS
vengeron;AROMEIFS;2026-10-25T02:00;IFS;5.10;10.10;29.0;11.7;0.00;8.0;IFS
wwmeyzieu;AROMEIFS;2026-10-10T00:00;AROMEHD;0.90;1.40;27.0;13.0;0.00;27.0;AROMEHD
wwmeyzieu;AROMEIFS;2026-10-10T01:00;AROMEHD;2.90;3.10;127.0;12.4;0.00;99.0;AROMEHD
wwmeyzieu;AROMEIFS;2026-10-10T02:00;AROMEHD;3.60;4.70;119.0;12.5;0.00;97.0;AROMEHD
wwmeyzieu;AROMEIFS;2026-10-10T03:00;AROMEHD;0.50;4.50;45.0;12.2;0.80;100.0;AROMEHD
wwmeyzieu;AROMEIFS;2026-10-10T04:00;AROMEHD;2.50;3.90;94.0;12.1;1.70;100.0;AROMEHD
wwmeyzieu;AROMEIFS;2026-10-10T05:00;AROMEHD;1.20;4.10;81.0;11.7;0.80;100.0;AROMEHD
wwmeyzieu;AROMEIFS;2026-10-10T06:00;AROMEHD;1.60;4.50;97.0;11.8;1.50;100.0;AROMEHD
wwmeyzieu;AROMEIFS;2026-10-10T07:00;AROMEHD;1.20;3.70;51.0;11.6;0.10;100.0;AROMEHD
wwmeyzieu;AROMEIFS;2026-10-10T08:00;AROMEHD;1.00;1.90;37.0;11.4;0.00;100.0;AROMEHD
wwmeyzieu;AROMEIFS;2026-10-10T09:00;AROMEHD;1.50;2.70;320.0;11.7;0.00;100.0;AROMEHD
wwmeyzieu;AROMEIFS;2026-10-10T10:00;AROMEHD;0.20;2.30;360.0;12.5;0.00;60.0;AROMEHD
wwmeyzieu;AROMEIFS;2026-10-10T11:00;AROMEHD;1.90;4.30;156.0;14.3;0.00;100.0;AROMEHD
wwmeyzieu;AROMEIFS;2026-10-10T12:00;AROMEHD;1.20;4.30;129.0;15.1;0.00;29.0;AROMEHD
wwmeyzieu;AROMEIFS;2026-10-10T13:00;AROMEHD;2.40;4.90;215.0;15.6;0.10;100.0;AROMEHD
wwmeyzieu;AROMEIFS;2026-10-10T14:00;AROMEHD;3.20;6.60;213.0;15.8;0.00;99.0;AROMEHD
wwmeyzieu;AROMEIFS;2026-10-10T15:00;AROMEHD;3.00;6.80;255.0;16.3;0.00;89.0;AROMEHD
wwmeyzieu;AROMEIFS;2026-10-10T16:00;AROMEHD;5.10;10.30;295.0;16.6;0.00;100.0;AROMEHD
wwmeyzieu;AROMEIFS;2026-10-10T17:00;AROMEHD;3.00;8.70;328.0;16.2;0.00;83.0;AROMEHD
wwmeyzieu;AROMEIFS;2026-10-10T18:00;AROMEHD;6.00;9.30;341.0;16.3;0.00;100.0;AROMEHD
wwmeyzieu;AROMEIFS;2026-10-10T19:00;AROMEHD;5.30;13.60;8.0;15.1;0.20;93.0;AROMEHD
wwmeyzieu;AROMEIFS;2026-10-10T20:00;AROMEHD;3.10;8.40;330.0;14.0;0.00;0.0;AROMEHD
wwmeyzieu;AROMEIFS;2026-10-10T21:00;AROMEHD;3.10;4.50;305.0;13.1;0.00;0.0;AROMEHD
wwmeyzieu;AROMEIFS;2026-10-10T22:00;AROMEHD;1.40;3.30;254.0;12.2;0.00;0.0;AROMEHD
wwmeyzieu;AROMEIFS;2026-10-10T23:00;AROMEHD;3.10;4.10;263.0;11.7;0.00;0.0;AROMEHD
wwmeyzieu;AROMEIFS;2026-10-11T00:00;AROMEHD;2.90;3.90;262.0;11.1;0.00;0.0;AROMEHD
wwmeyzieu;AROMEIFS;2026-10-11T01:00;AROMEHD;2.60;3.70;228.0;10.7;0.00;0.0;AROMEHD
wwmeyzieu;AROMEIFS;2026-10-11T02:00;AROMEHD;1.40;3.10;262.0;10.5;0.00;1.0;AROMEHD
wwmeyzieu;AROMEIFS;2026-10-11T03:00;AROMEHD;1.90;1.90;135.0;9.4;0.00;6.0;AROMEHD
wwmeyzieu;AROMEIFS;2026-10-11T04:00;AROMEHD;0.60;1.90;18.0;8.3;0.00;24.8;AROMEHD
wwmeyzieu;AROMEIFS;2026-10-11T05:00;AROMEHD;0.40;1.00;27.0;7.2;0.00;60.0;AROMEHD
wwmeyzieu;AROMEIFS;2026-10-11T06:00;AROMEHD;1.00;1.00;169.0;7.9;0.00;86.0;AROMEHD
wwmeyzieu;AROMEIFS;2026-10-11T07:00;AROMEHD;2.20;2.70;207.0;8.4;0.00;73.0;AROMEHD
wwmeyzieu;AROMEIFS;2026-10-11T08:00;AROMEHD;1.70;2.50;180.0;8.9;0.00;25.0;AROMEHD
wwmeyzieu;AROMEIFS;2026-10-11T09:00;AROMEHD;0.70;2.30;214.0;9.3;0.00;25.0;AROMEHD
wwmeyzieu;AROMEIFS;2026-10-11T10:00;AROMEHD;1.90;2.50;45.0;10.4;0.00;25.0;AROMEHD
wwmeyzieu;AROMEIFS;2026-10-11T11:00;AROMEHD;1.70;3.30;21.0;11.7;0.00;25.0;AROMEHD
wwmeyzieu;AROMEIFS;2026-10-11T12:00;AROMEHD;2.90;6.00;340.0;13.5;0.00;100.0;AROMEHD
wwmeyzieu;AROMEIFS;2026-10-11T13:00;AROMEHD;5.30;9.70;350.0;14.6;0.00;97.0;AROMEHD
wwmeyzieu;AROMEIFS;2026-10-11T14:00;AROMEHD;6.40;11.90;358.0;15.1;0.00;100.0;AROMEHD
wwmeyzieu;AROMEIFS;2026-10-11T15:00;AROMEHD;6.80;12.20;358.0;15.3;0.00;100.0;AROMEHD
wwmeyzieu;AROMEIFS;2026-10-11T16:00;AROMEHD;6.20;11.90;358.0;15.4;0.00;100.0;AROMEHD
wwmeyzieu;AROMEIFS;2026-10-11T17:00;AROMEHD;6.80;13.00;2.0;15.2;0.00;100.0;AROMEHD
wwmeyzieu;AROMEIFS;2026-10-11T18:00;AROMEHD;5.20;10.90;15.0;15.0;0.00;21.0;AROMEHD
wwmeyzieu;AROMEIFS;2026-10-11T19:00;AROMEHD;3.80;8.60;21.0;14.0;0.00;19.0;AROMEHD
wwmeyzieu;AROMEIFS;2026-10-11T20:00;AROMEHD;3.10;5.10;4.0;12.8;0.00;25.0;AROMEHD
wwmeyzieu;AROMEIFS;2026-10-11T21:00;AROMEHD;2.80;3.70;326.0;11.1;0.00;0.0;AROMEHD
wwmeyzieu;AROMEIFS;2026-10-11T22:00;AROMEHD;2.50;3.30;321.0;10.1;0.00;0.0;AROMEHD
wwmeyzieu;AROMEIFS;2026-10-11T23:00;AROMEHD;2.90;3.70;298.0;9.9;0.00;0.0;AROMEHD
wwmeyzieu;AROMEIFS;2026-10-12T00:00;AROMEHD;1.90;3.70;336.0;9.8;0.00;0.0;AROMEHD
wwmeyzieu;AROMEIFS;2026-10-12T01:00;AROMEHD;1.30;2.70;297.0;9.4;0.00;0.0;AROMEHD
wwmeyzieu;AROMEIFS;2026-10-12T02:00;AROMEHD;1.00;1.70;307.0;8.7;0.00;0.0;AROMEHD
wwmeyzieu;AROMEIFS;2026-10-12T03:00;AROMEHD;0.30;1.20;135.0;9.0;0.00;0.0;AROMEHD
wwmeyzieu;AROMEIFS;2026-10-12T04:00;AROMEHD;1.00;1.70;53.0;8.3;0.00;0.0;AROMEHD
wwmeyzieu;AROMEIFS;2026-10-12T05:00;AROMEHD;1.60;2.30;284.0;8.0;0.00;0.0;AROMEHD
wwmeyzieu;AROMEIFS;2026-10-12T06:00;AROMEHD;1.80;2.70;342.0;7.9;0.00;0.0;AROMEHD
wwmeyzieu;AROMEIFS;2026-10-12T07:00;AROMEHD;1.30;2.50;27.0;7.7;0.00;1.8;AROMEHD
wwmeyzieu;AROMEIFS;2026-10-12T08:00;AROMEHD;1.50;2.50;23.0;7.3;0.00;0.2;AROMEHD
wwmeyzieu;AROMEIFS;2026-10-12T09:00;AROMEHD;3.20;3.90;79.0;6.8;0.00;0.0;AROMEHD
wwmeyzieu;AROMEIFS;2026-10-12T10:00;AROMEHD;2.70;4.90;69.0;9.1;0.00;0.0;AROMEHD
wwmeyzieu;AROMEIFS;2026-10-12T11:00;AROMEHD;1.20;4.30;51.0;10.8;0.00;0.0;AROMEHD
wwmeyzieu;AROMEIFS;2026-10-12T12:00;ARPEGE;4.60;10.30;348.0;12.9;0.00;15.0;ARPEGE
wwmeyzieu;AROMEIFS;2026-10-12T13:00;ARPEGE;4.90;11.10;2.0;14.5;0.00;54.0;ARPEGE
wwmeyzieu;AROMEIFS;2026-10-12T14:00;ARPEGE;4.50;11.30;358.0;15.8;0.00;53.0;ARPEGE
wwmeyzieu;AROMEIFS;2026-10-12T15:00;ARPEGE;4.50;11.10;5.0;16.9;0.00;44.0;ARPEGE
wwmeyzieu;AROMEIFS;2026-10-12T16:00;ARPEGE;3.80;10.90;12.0;17.6;0.00;26.0;ARPEGE
wwmeyzieu;AROMEIFS;2026-10-12T17:00;ARPEGE;3.20;9.50;11.0;17.9;0.00;35.0;ARPEGE
wwmeyzieu;AROMEIFS;2026-10-12T18:00;ARPEGE;4.10;8.40;3.0;17.6;0.00;41.0;ARPEGE
wwmeyzieu;AROMEIFS;2026-10-12T19:00;ARPEGE;3.50;8.20;9.0;16.0;0.00;39.0;ARPEGE
wwmeyzieu;AROMEIFS;2026-10-12T20:00;ARPEGE;1.60;5.10;30.0;14.1;0.00;50.0;ARPEGE
wwmeyzieu;AROMEIFS;2026-10-12T21:00;ARPEGE;0.80;1.70;315.0;12.6;0.00;32.0;ARPEGE
wwmeyzieu;AROMEIFS;2026-10-12T22:00;ARPEGE;1.70;2.30;297.0;11.7;0.00;32.0;ARPEGE
wwmeyzieu;AROMEIFS;2026-10-12T23:00;ARPEGE;2.20;2.90;285.0;11.0;0.00;40.0;ARPEGE
wwmeyzieu;AROMEIFS;2026-10-13T00:00;ARPEGE;1.70;2.90;270.0;10.2;0.00;41.0;ARPEGE
wwmeyzieu;AROMEIFS;2026-10-13T01:00;ARPEGE;0.20;1.90;270.0;9.6;0.00;49.0;ARPEGE
wwmeyzieu;AROMEIFS;2026-10-13T02:00;ARPEGE;1.20;0.80;90.0;9.1;0.00;86.0;ARPEGE
wwmeyzieu;AROMEIFS;2026-10-13T03:00;ARPEGE;0.30;1.20;315.0;8.8;0.00;96.0;ARPEGE
wwmeyzieu;AROMEIFS;2026-10-13T04:00;ARPEGE;0.60;0.80;288.0;8.5;0.00;34.0;ARPEGE
wwmeyzieu;AROMEIFS;2026-10-13T05:00;ARPEGE;0.60;0.60;18.0;8.2;0.00;23.0;ARPEGE
wwmeyzieu;AROMEIFS;2026-10-13T06:00;ARPEGE;0.40;0.60;360.0;7.9;0.00;20.0;ARPEGE
wwmeyzieu;AROMEIFS;2026-10-13T07:00;ARPEGE;1.20;1.40;81.0;7.6;0.00;10.0;ARPEGE
wwmeyzieu;AROMEIFS;2026-10-13T08:00;ARPEGE;1.50;1.70;50.0;7.2;0.00;11.0;ARPEGE
wwmeyzieu;AROMEIFS;2026-10-13T09:00;ARPEGE;0.90;1.60;333.0;7.6;0.00;6.0;ARPEGE
wwmeyzieu;AROMEIFS;2026-10-13T10:00;ARPEGE;1.10;1.20;239.0;9.3;0.00;2.0;ARPEGE
wwmeyzieu;AROMEIFS;2026-10-13T11:00;ARPEGE;1.40;4.30;262.0;11.6;0.00;1.0;ARPEGE
wwmeyzieu;AROMEIFS;2026-10-13T12:00;ARPEGE;0.90;5.10;333.0;14.1;0.00;0.0;ARPEGE
wwmeyzieu;AROMEIFS;2026-10-13T13:00;ARPEGE;1.20;6.20;39.0;16.3;0.00;1.0;ARPEGE
wwmeyzieu;AROMEIFS;2026-10-13T14:00;ARPEGE;1.70;7.20;36.0;18.0;0.00;3.0;ARPEGE
wwmeyzieu;AROMEIFS;2026-10-13T15:00;ARPEGE;2.90;8.70;28.0;19.6;0.00;4.0;ARPEGE
wwmeyzieu;AROMEIFS;2026-10-13T16:00;ARPEGE;3.90;9.70;37.0;20.5;0.00;5.0;ARPEGE
wwmeyzieu;AROMEIFS;2026-10-13T17:00;ARPEGE;3.90;9.70;27.0;20.6;0.00;24.0;ARPEGE
wwmeyzieu;AROMEIFS;2026-10-13T18:00;ARPEGE;4.70;9.10;5.0;20.0;0.00;28.0;ARPEGE
wwmeyzieu;AROMEIFS;2026-10-13T19:00;ARPEGE;4.70;8.70;360.0;18.2;0.00;23.0;ARPEGE
wwmeyzieu;AROMEIFS;2026-10-13T20:00;ARPEGE;4.60;7.00;340.0;16.1;0.00;9.0;ARPEGE
wwmeyzieu;AROMEIFS;2026-10-13T21:00;ARPEGE;4.20;7.60;347.0;14.7;0.00;2.0;ARPEGE
wwmeyzieu;AROMEIFS;2026-10-13T22:00;ARPEGE;3.50;6.60;341.0;13.7;0.00;22.0;ARPEGE
wwmeyzieu;AROMEIFS;2026-10-13T23:00;ARPEGE;3.00;5.80;333.0;13.0;0.00;75.0;ARPEGE
wwmeyzieu;AROMEIFS;2026-10-14T00:00;ARPEGE;2.90;5.20;332.0;12.5;0.00;90.0;ARPEGE
wwmeyzieu;AROMEIFS;2026-10-14T01:00;ARPEGE;2.50;5.10;309.0;12.2;0.00;93.0;ARPEGE
wwmeyzieu;AROMEIFS;2026-10-14T02:00;ARPEGE;3.20;5.20;295.0;12.4;0.00;100.0;ARPEGE
wwmeyzieu;AROMEIFS;2026-10-14T03:00;ARPEGE;2.00;5.40;281.0;12.2;0.00;55.0;ARPEGE
wwmeyzieu;AROMEIFS;2026-10-14T04:00;ARPEGE;2.10;3.50;90.0;11.7;0.00;80.0;ARPEGE
wwmeyzieu;AROMEIFS;2026-10-14T05:00;ARPEGE;2.20;2.30;38.0;11.0;0.00;95.0;ARPEGE
wwmeyzieu;AROMEIFS;2026-10-14T06:00;ARPEGE;1.80;2.70;77.0;10.6;0.00;74.0;ARPEGE
wwmeyzieu;AROMEIFS;2026-10-14T07:00;ARPEGE;1.70;3.50;333.0;10.7;0.00;49.0;ARPEGE
wwmeyzieu;AROMEIFS;2026-10-14T08:00;ARPEGE;3.40;6.40;317.0;11.3;0.00;85.0;ARPEGE
wwmeyzieu;AROMEIFS;2026-10-14T09:00;ARPEGE;3.00;6.40;302.0;12.1;0.00;72.0;ARPEGE
wwmeyzieu;AROMEIFS;2026-10-14T10:00;ARPEGE;1.70;5.10;324.0;14.0;0.00;75.0;ARPEGE
wwmeyzieu;AROMEIFS;2026-10-14T11:00;ARPEGE;2.30;5.80;59.0;15.8;0.00;48.0;ARPEGE
wwmeyzieu;AROMEIFS;2026-10-14T12:00;ARPEGE;2.90;8.70;42.0;18.1;0.00;5.0;ARPEGE
wwmeyzieu;AROMEIFS;2026-10-14T13:00;ARPEGE;4.30;11.50;36.0;20.3;0.00;1.0;ARPEGE
wwmeyzieu;AROMEIFS;2026-10-14T14:00;ARPEGE;4.80;12.10;21.0;21.4;0.00;0.0;ARPEGE
wwmeyzieu;AROMEIFS;2026-10-14T15:00;IFS;4.90;12.20;348.0;21.5;0.00;1.0;IFS
wwmeyzieu;AROMEIFS;2026-10-14T16:00;IFS;5.40;12.40;352.0;21.7;0.00;2.0;IFS
wwmeyzieu;AROMEIFS;2026-10-14T17:00;IFS;5.50;12.60;353.0;21.4;0.00;3.0;IFS
wwmeyzieu;AROMEIFS;2026-10-14T18:00;IFS;4.50;12.80;354.0;20.2;0.00;3.0;IFS
wwmeyzieu;AROMEIFS;2026-10-14T19:00;IFS;3.00;12.80;353.0;18.5;0.00;2.0;IFS
wwmeyzieu;AROMEIFS;2026-10-14T20:00;IFS;2.10;12.20;352.0;17.0;0.00;2.0;IFS
wwmeyzieu;AROMEIFS;2026-10-14T21:00;IFS;2.20;10.30;352.0;16.2;0.00;2.0;IFS
wwmeyzieu;AROMEIFS;2026-10-14T22:00;IFS;2.70;7.60;352.0;15.7;0.00;3.0;IFS
wwmeyzieu;AROMEIFS;2026-10-14T23:00;IFS;2.70;5.60;352.0;15.2;0.00;5.0;IFS
wwmeyzieu;AROMEIFS;2026-10-15T00:00;IFS;1.90;5.10;357.0;14.4;0.00;8.0;IFS
wwmeyzieu;AROMEIFS;2026-10-15T01:00;IFS;1.00;5.10;24.0;13.7;0.00;14.0;IFS
wwmeyzieu;AROMEIFS;2026-10-15T02:00;IFS;0.70;5.10;90.0;13.1;0.00;25.0;IFS
wwmeyzieu;AROMEIFS;2026-10-15T03:00;IFS;0.70;4.70;106.0;12.9;0.00;49.0;IFS
wwmeyzieu;AROMEIFS;2026-10-15T04:00;IFS;0.60;4.10;99.0;12.9;0.00;79.0;IFS
wwmeyzieu;AROMEIFS;2026-10-15T05:00;IFS;0.60;3.90;99.0;12.9;0.00;100.0;IFS
wwmeyzieu;AROMEIFS;2026-10-15T06:00;IFS;0.80;4.30;111.0;12.8;0.00;100.0;IFS
wwmeyzieu;AROMEIFS;2026-10-15T07:00;IFS;1.30;5.10;117.0;12.8;0.00;100.0;IFS
wwmeyzieu;AROMEIFS;2026-10-15T08:00;IFS;1.60;5.80;123.0;12.8;0.00;100.0;IFS
wwmeyzieu;AROMEIFS;2026-10-15T09:00;IFS;1.90;6.40;133.0;12.9;0.00;100.0;IFS
wwmeyzieu;AROMEIFS;2026-10-15T10:00;IFS;2.20;7.20;144.0;13.0;0.00;100.0;IFS
wwmeyzieu;AROMEIFS;2026-10-15T11:00;IFS;2.40;8.00;151.0;13.6;0.00;100.0;IFS
wwmeyzieu;AROMEIFS;2026-10-15T12:00;IFS;2.40;8.90;157.0;15.1;0.00;71.0;IFS
wwmeyzieu;AROMEIFS;2026-10-15T13:00;IFS;2.40;10.10;164.0;17.0;0.00;31.0;IFS
wwmeyzieu;AROMEIFS;2026-10-15T14:00;IFS;2.60;10.90;165.0;18.8;0.00;2.0;IFS
wwmeyzieu;AROMEIFS;2026-10-15T15:00;IFS;3.40;11.30;164.0;20.3;0.00;0.0;IFS
wwmeyzieu;AROMEIFS;2026-10-15T16:00;IFS;4.50;11.70;161.0;21.6;0.00;0.0;IFS
wwmeyzieu;AROMEIFS;2026-10-15T17:00;IFS;5.10;11.70;158.0;22.0;0.00;0.0;IFS
wwmeyzieu;AROMEIFS;2026-10-15T18:00;IFS;5.00;11.70;148.0;20.9;0.00;0.0;IFS
wwmeyzieu;AROMEIFS;2026-10-15T19:00;IFS;4.80;11.50;135.0;19.0;0.00;0.0;IFS
wwmeyzieu;AROMEIFS;2026-10-15T20:00;IFS;4.60;11.10;126.0;17.3;0.00;0.0;IFS
wwmeyzieu;AROMEIFS;2026-10-15T21:00;IFS;4.10;10.30;131.0;16.3;0.00;0.0;IFS
wwmeyzieu;AROMEIFS;2026-10-15T22:00;IFS;3.50;9.50;146.0;15.6;0.00;0.0;IFS
wwmeyzieu;AROMEIFS;2026-10-15T23:00;IFS;3.30;8.60;159.0;15.0;0.00;0.0;IFS
wwmeyzieu;AROMEIFS;2026-10-16T00:00;IFS;3.80;7.60;144.0;15.2;0.00;0.0;IFS
wwmeyzieu;AROMEIFS;2026-10-16T01:00;IFS;3.50;6.80;152.0;14.6;0.00;0.0;IFS
wwmeyzieu;AROMEIFS;2026-10-16T02:00;IFS;3.40;6.20;156.0;14.1;0.00;0.0;IFS
wwmeyzieu;AROMEIFS;2026-10-16T03:00;IFS;3.20;6.00;159.0;13.5;0.00;13.0;IFS
wwmeyzieu;AROMEIFS;2026-10-16T04:00;IFS;3.10;6.00;160.0;12.7;0.00;33.0;IFS
wwmeyzieu;AROMEIFS;2026-10-16T05:00;IFS;2.90;6.00;159.0;12.0;0.00;56.0;IFS
wwmeyzieu;AROMEIFS;2026-10-16T06:00;IFS;2.70;6.20;159.0;11.4;0.00;78.0;IFS
wwmeyzieu;AROMEIFS;2026-10-16T07:00;IFS;2.60;6.60;158.0;11.1;0.00;94.0;IFS
wwmeyzieu;AROMEIFS;2026-10-16T08:00;IFS;2.40;6.80;157.0;11.2;0.00;100.0;IFS
wwmeyzieu;AROMEIFS;2026-10-16T09:00;IFS;2.30;7.00;156.0;12.0;0.00;94.0;IFS
wwmeyzieu;AROMEIFS;2026-10-16T10:00;IFS;2.30;7.40;158.0;13.4;0.00;77.0;IFS
wwmeyzieu;AROMEIFS;2026-10-16T11:00;IFS;2.30;7.80;158.0;15.1;0.00;55.0;IFS
wwmeyzieu;AROMEIFS;2026-10-16T12:00;IFS;2.20;8.40;157.0;16.8;0.00;32.0;IFS
wwmeyzieu;AROMEIFS;2026-10-16T13:00;IFS;2.00;8.70;157.0;18.2;0.00;13.0;IFS
wwmeyzieu;AROMEIFS;2026-10-16T14:00;IFS;1.70;9.10;153.0;19.0;0.00;3.0;IFS
wwmeyzieu;AROMEIFS;2026-10-16T15:00;IFS;1.40;9.50;141.0;19.2;0.50;3.0;IFS
wwmeyzieu;AROMEIFS;2026-10-16T16:00;IFS;1.10;9.50;110.0;18.9;0.50;10.0;IFS
wwmeyzieu;AROMEIFS;2026-10-16T17:00;IFS;1.30;9.70;73.0;18.4;0.50;20.0;IFS
wwmeyzieu;AROMEIFS;2026-10-16T18:00;IFS;1.70;10.10;47.0;17.6;0.50;33.0;IFS
wwmeyzieu;AROMEIFS;2026-10-16T19:00;IFS;2.30;10.70;31.0;16.9;0.50;45.0;IFS
wwmeyzieu;AROMEIFS;2026-10-16T20:00;IFS;2.80;11.50;12.0;16.4;0.50;55.0;IFS
wwmeyzieu;AROMEIFS;2026-10-16T21:00;IFS;3.50;12.80;351.0;15.9;0.10;64.0;IFS
wwmeyzieu;AROMEIFS;2026-10-16T22:00;IFS;4.80;14.60;332.0;15.5;0.10;73.0;IFS
wwmeyzieu;AROMEIFS;2026-10-16T23:00;IFS;6.60;16.70;321.0;15.1;0.10;82.0;IFS
wwmeyzieu;AROMEIFS;2026-10-17T00:00;IFS;8.50;18.70;314.0;14.6;0.10;91.0;IFS
wwmeyzieu;AROMEIFS;2026-10-17T01:00;IFS;10.20;20.40;311.0;14.2;0.10;97.0;IFS
wwmeyzieu;AROMEIFS;2026-10-17T02:00;IFS;11.20;21.80;310.0;13.7;0.10;100.0;IFS
wwmeyzieu;AROMEIFS;2026-10-17T03:00;IFS;11.70;22.50;312.0;13.1;0.30;99.0;IFS
wwmeyzieu;AROMEIFS;2026-10-17T04:00;IFS;11.80;23.10;314.0;12.3;0.30;96.0;IFS
wwmeyzieu;AROMEIFS;2026-10-17T05:00;IFS;11.60;23.30;318.0;11.6;0.30;90.0;IFS
wwmeyzieu;AROMEIFS;2026-10-17T06:00;IFS;11.20;23.50;322.0;10.9;0.30;83.0;IFS
wwmeyzieu;AROMEIFS;2026-10-17T07:00;IFS;10.90;23.50;326.0;10.4;0.30;77.0;IFS
wwmeyzieu;AROMEIFS;2026-10-17T08:00;IFS;10.80;23.70;330.0;10.1;0.30;73.0;IFS
wwmeyzieu;AROMEIFS;2026-10-17T09:00;IFS;10.70;23.90;334.0;10.1;0.00;70.0;IFS
wwmeyzieu;AROMEIFS;2026-10-17T10:00;IFS;10.60;24.30;337.0;10.5;0.00;68.0;IFS
wwmeyzieu;AROMEIFS;2026-10-17T11:00;IFS;10.70;24.50;341.0;10.9;0.00;66.0;IFS
wwmeyzieu;AROMEIFS;2026-10-17T12:00;IFS;10.70;24.70;345.0;11.4;0.00;65.0;IFS
wwmeyzieu;AROMEIFS;2026-10-17T13:00;IFS;10.60;24.90;348.0;11.8;0.00;65.0;IFS
wwmeyzieu;AROMEIFS;2026-10-17T14:00;IFS;10.50;24.90;350.0;12.0;0.00;66.0;IFS
wwmeyzieu;AROMEIFS;2026-10-17T15:00;IFS;10.10;24.70;351.0;11.9;0.00;69.0;IFS
wwmeyzieu;AROMEIFS;2026-10-17T16:00;IFS;9.70;24.70;352.0;11.7;0.00;75.0;IFS
wwmeyzieu;AROMEIFS;2026-10-17T17:00;IFS;9.20;24.30;353.0;11.4;0.00;82.0;IFS
wwmeyzieu;AROMEIFS;2026-10-17T18:00;IFS;8.60;23.90;353.0;11.0;0.00;88.0;IFS
wwmeyzieu;AROMEIFS;2026-10-17T19:00;IFS;8.10;23.50;352.0;10.6;0.00;94.0;IFS
wwmeyzieu;AROMEIFS;2026-10-17T20:00;IFS;7.90;23.10;351.0;10.3;0.00;98.0;IFS
wwmeyzieu;AROMEIFS;2026-10-17T21:00;IFS;7.80;22.50;350.0;10.0;0.00;99.0;IFS
wwmeyzieu;AROMEIFS;2026-10-17T22:00;IFS;7.90;22.00;348.0;9.7;0.00;99.0;IFS
wwmeyzieu;AROMEIFS;2026-10-17T23:00;IFS;7.90;21.20;345.0;9.3;0.00;98.0;IFS
wwmeyzieu;AROMEIFS;2026-10-18T00:00;IFS;8.10;20.40;343.0;9.1;0.00;97.0;IFS
wwmeyzieu;AROMEIFS;2026-10-18T01:00;IFS;8.30;19.80;341.0;8.9;0.00;95.0;IFS
wwmeyzieu;AROMEIFS;2026-10-18T02:00;IFS;8.40;19.20;340.0;8.7;0.00;95.0;IFS
wwmeyzieu;AROMEIFS;2026-10-18T03:00;IFS;8.30;18.90;340.0;8.7;0.00;95.0;IFS
wwmeyzieu;AROMEIFS;2026-10-18T04:00;IFS;8.00;18.50;341.0;8.8;0.00;96.0;IFS
wwmeyzieu;AROMEIFS;2026-10-18T05:00;IFS;7.90;18.30;342.0;8.9;0.00;97.0;IFS
wwmeyzieu;AROMEIFS;2026-10-18T06:00;IFS;7.60;18.10;344.0;9.1;0.00;98.0;IFS
wwmeyzieu;AROMEIFS;2026-10-18T07:00;IFS;7.30;17.90;345.0;9.3;0.00;99.0;IFS
wwmeyzieu;AROMEIFS;2026-10-18T08:00;IFS;7.20;17.70;347.0;9.4;0.00;100.0;IFS
wwmeyzieu;AROMEIFS;2026-10-18T09:00;IFS;7.10;17.50;348.0;9.6;1.40;100.0;IFS
wwmeyzieu;AROMEIFS;2026-10-18T10:00;IFS;7.30;17.50;350.0;9.8;1.40;100.0;IFS
wwmeyzieu;AROMEIFS;2026-10-18T11:00;IFS;7.40;17.70;352.0;10.0;1.40;100.0;IFS
wwmeyzieu;AROMEIFS;2026-10-18T12:00;IFS;7.50;17.70;353.0;10.2;1.40;100.0;IFS
wwmeyzieu;AROMEIFS;2026-10-18T13:00;IFS;7.40;17.50;353.0;10.4;1.40;100.0;IFS
wwmeyzieu;AROMEIFS;2026-10-18T14:00;IFS;7.10;17.30;353.0;10.5;1.40;100.0;IFS
wwmeyzieu;AROMEIFS;2026-10-18T15:00;IFS;6.50;16.90;351.0;10.5;0.10;99.0;IFS
wwmeyzieu;AROMEIFS;2026-10-18T16:00;IFS;5.60;16.50;346.0;10.6;0.10;98.0;IFS
wwmeyzieu;AROMEIFS;2026-10-18T17:00;IFS;4.60;16.10;338.0;10.5;0.10;97.0;IFS
wwmeyzieu;AROMEIFS;2026-10-18T18:00;IFS;3.90;15.60;326.0;10.5;0.10;95.0;IFS
wwmeyzieu;AROMEIFS;2026-10-18T19:00;IFS;3.30;14.80;313.0;10.4;0.10;93.0;IFS
wwmeyzieu;AROMEIFS;2026-10-18T20:00;IFS;3.00;14.00;303.0;10.3;0.10;91.0;IFS
wwmeyzieu;AROMEIFS;2026-10-18T21:00;IFS;2.80;12.80;301.0;10.2;0.00;89.0;IFS
wwmeyzieu;AROMEIFS;2026-10-18T22:00;IFS;2.60;11.30;306.0;10.0;0.00;87.0;IFS
wwmeyzieu;AROMEIFS;2026-10-18T23:00;IFS;2.70;9.70;316.0;9.8;0.00;84.0;IFS
wwmeyzieu;AROMEIFS;2026-10-19T00:00;IFS;2.70;8.20;330.0;9.5;0.00;81.0;IFS
wwmeyzieu;AROMEIFS;2026-10-19T01:00;IFS;2.80;6.80;340.0;9.3;0.00;77.0;IFS
wwmeyzieu;AROMEIFS;2026-10-19T02:00;IFS;3.00;6.00;349.0;9.0;0.00;72.0;IFS
wwmeyzieu;AROMEIFS;2026-10-19T03:00;IFS;3.00;5.60;356.0;8.7;0.00;64.0;IFS
wwmeyzieu;AROMEIFS;2026-10-19T04:00;IFS;3.10;5.80;5.0;8.2;0.00;55.0;IFS
wwmeyzieu;AROMEIFS;2026-10-19T05:00;IFS;3.30;6.00;14.0;7.7;0.00;44.0;IFS
wwmeyzieu;AROMEIFS;2026-10-19T06:00;IFS;3.50;6.60;21.0;7.4;0.00;34.0;IFS
wwmeyzieu;AROMEIFS;2026-10-19T07:00;IFS;3.70;7.00;25.0;7.3;0.00;25.0;IFS
wwmeyzieu;AROMEIFS;2026-10-19T08:00;IFS;3.90;7.60;25.0;7.5;0.00;20.0;IFS
wwmeyzieu;AROMEIFS;2026-10-19T09:00;IFS;3.90;8.20;22.0;8.4;0.00;19.0;IFS
wwmeyzieu;AROMEIFS;2026-10-19T10:00;IFS;4.00;8.90;17.0;9.7;0.00;21.0;IFS
wwmeyzieu;AROMEIFS;2026-10-19T11:00;IFS;4.00;9.70;10.0;11.3;0.00;25.0;IFS
wwmeyzieu;AROMEIFS;2026-10-19T12:00;IFS;4.10;10.50;1.0;12.8;0.00;29.0;IFS
wwmeyzieu;AROMEIFS;2026-10-19T13:00;IFS;4.30;11.10;354.0;14.1;0.00;33.0;IFS
wwmeyzieu;AROMEIFS;2026-10-19T14:00;IFS;4.40;11.70;347.0;14.9;0.00;36.0;IFS
wwmeyzieu;AROMEIFS;2026-10-19T15:00;IFS;4.50;12.10;341.0;15.0;0.00;38.0;IFS
wwmeyzieu;AROMEIFS;2026-10-19T16:00;IFS;4.60;12.40;335.0;14.8;0.00;39.0;IFS
wwmeyzieu;AROMEIFS;2026-10-19T17:00;IFS;4.80;12.60;328.0;14.3;0.00;40.0;IFS
wwmeyzieu;AROMEIFS;2026-10-19T18:00;IFS;4.90;12.60;322.0;13.7;0.00;41.0;IFS
wwmeyzieu;AROMEIFS;2026-10-19T19:00;IFS;5.00;12.60;318.0;13.0;0.00;40.0;IFS
wwmeyzieu;AROMEIFS;2026-10-19T20:00;IFS;4.90;12.60;315.0;12.4;0.00;38.0;IFS
wwmeyzieu;AROMEIFS;2026-10-19T21:00;IFS;4.70;12.40;314.0;11.8;0.00;33.0;IFS
wwmeyzieu;AROMEIFS;2026-10-19T22:00;IFS;4.30;11.90;314.0;11.0;0.00;26.0;IFS
wwmeyzieu;AROMEIFS;2026-10-19T23:00;IFS;3.80;11.30;315.0;10.3;0.00;17.0;IFS
wwmeyzieu;AROMEIFS;2026-10-20T00:00;IFS;3.30;10.70;317.0;9.5;0.00;9.0;IFS
wwmeyzieu;AROMEIFS;2026-10-20T01:00;IFS;2.80;10.30;319.0;8.8;0.00;3.0;IFS
wwmeyzieu;AROMEIFS;2026-10-20T02:00;IFS;2.50;10.10;321.0;8.2;0.00;2.0;IFS
wwmeyzieu;AROMEIFS;2026-10-20T03:00;IFS;2.20;10.10;322.0;7.6;0.00;6.0;IFS
wwmeyzieu;AROMEIFS;2026-10-20T04:00;IFS;2.00;10.50;321.0;6.9;0.00;14.0;IFS
wwmeyzieu;AROMEIFS;2026-10-20T05:00;IFS;1.80;10.70;319.0;6.3;0.00;24.0;IFS
wwmeyzieu;AROMEIFS;2026-10-20T06:00;IFS;1.70;11.30;320.0;5.9;0.00;35.0;IFS
wwmeyzieu;AROMEIFS;2026-10-20T07:00;IFS;1.70;11.70;320.0;5.7;0.00;46.0;IFS
wwmeyzieu;AROMEIFS;2026-10-20T08:00;IFS;1.80;12.10;324.0;5.9;0.00;55.0;IFS
wwmeyzieu;AROMEIFS;2026-10-20T09:00;IFS;2.20;12.40;328.0;6.7;0.00;63.0;IFS
wwmeyzieu;AROMEIFS;2026-10-20T10:00;IFS;2.70;12.60;334.0;8.0;0.00;71.0;IFS
wwmeyzieu;AROMEIFS;2026-10-20T11:00;IFS;3.40;13.00;336.0;9.7;0.00;78.0;IFS
wwmeyzieu;AROMEIFS;2026-10-20T12:00;IFS;4.20;13.40;339.0;11.3;0.00;85.0;IFS
wwmeyzieu;AROMEIFS;2026-10-20T13:00;IFS;4.90;13.80;340.0;12.7;0.00;91.0;IFS
wwmeyzieu;AROMEIFS;2026-10-20T14:00;IFS;5.60;14.20;341.0;13.5;0.00;95.0;IFS
wwmeyzieu;AROMEIFS;2026-10-20T15:00;IFS;6.20;14.80;341.0;13.8;0.00;97.0;IFS
wwmeyzieu;AROMEIFS;2026-10-20T16:00;IFS;6.80;15.40;340.0;13.7;0.00;98.0;IFS
wwmeyzieu;AROMEIFS;2026-10-20T17:00;IFS;7.60;16.10;340.0;13.3;0.00;98.0;IFS
wwmeyzieu;AROMEIFS;2026-10-20T18:00;IFS;8.10;16.70;339.0;12.8;0.00;97.0;IFS
wwmeyzieu;AROMEIFS;2026-10-20T19:00;IFS;8.60;17.50;339.0;12.3;0.00;96.0;IFS
wwmeyzieu;AROMEIFS;2026-10-20T20:00;IFS;9.00;17.90;338.0;11.8;0.00;95.0;IFS
wwmeyzieu;AROMEIFS;2026-10-20T21:00;IFS;9.20;18.30;338.0;11.4;0.00;94.0;IFS
wwmeyzieu;AROMEIFS;2026-10-20T22:00;IFS;9.20;18.50;338.0;10.8;0.00;92.0;IFS
wwmeyzieu;AROMEIFS;2026-10-20T23:00;IFS;9.20;18.70;338.0;10.3;0.00;90.0;IFS
wwmeyzieu;AROMEIFS;2026-10-21T00:00;IFS;9.10;18.70;339.0;9.7;0.00;88.0;IFS
wwmeyzieu;AROMEIFS;2026-10-21T01:00;IFS;8.90;18.70;339.0;9.2;0.00;86.0;IFS
wwmeyzieu;AROMEIFS;2026-10-21T02:00;IFS;8.70;18.70;338.0;8.7;0.00;85.0;IFS
wwmeyzieu;AROMEIFS;2026-10-21T03:00;IFS;8.50;18.70;338.0;8.3;0.00;86.0;IFS
wwmeyzieu;AROMEIFS;2026-10-21T04:00;IFS;8.20;18.50;337.0;7.8;0.00;88.0;IFS
wwmeyzieu;AROMEIFS;2026-10-21T05:00;IFS;7.90;18.50;336.0;7.3;0.00;90.0;IFS
wwmeyzieu;AROMEIFS;2026-10-21T06:00;IFS;7.50;18.30;335.0;7.0;0.00;92.0;IFS
wwmeyzieu;AROMEIFS;2026-10-21T07:00;IFS;7.10;17.90;335.0;6.9;0.00;91.0;IFS
wwmeyzieu;AROMEIFS;2026-10-21T08:00;IFS;6.60;17.50;334.0;7.2;0.00;87.0;IFS
wwmeyzieu;AROMEIFS;2026-10-21T09:00;IFS;6.00;16.90;333.0;8.0;0.00;78.0;IFS
wwmeyzieu;AROMEIFS;2026-10-21T10:00;IFS;5.30;16.30;333.0;9.3;0.00;65.0;IFS
wwmeyzieu;AROMEIFS;2026-10-21T11:00;IFS;4.70;15.60;331.0;10.9;0.00;49.0;IFS
wwmeyzieu;AROMEIFS;2026-10-21T12:00;IFS;3.90;14.80;332.0;12.5;0.00;34.0;IFS
wwmeyzieu;AROMEIFS;2026-10-21T13:00;IFS;3.20;14.00;331.0;13.7;0.00;20.0;IFS
wwmeyzieu;AROMEIFS;2026-10-21T14:00;IFS;2.60;13.20;331.0;14.4;0.00;10.0;IFS
wwmeyzieu;AROMEIFS;2026-10-21T15:00;IFS;2.00;12.40;331.0;14.4;0.00;4.0;IFS
wwmeyzieu;AROMEIFS;2026-10-21T16:00;IFS;1.40;11.70;335.0;13.9;0.00;1.0;IFS
wwmeyzieu;AROMEIFS;2026-10-21T17:00;IFS;0.90;10.90;342.0;13.2;0.00;0.0;IFS
wwmeyzieu;AROMEIFS;2026-10-21T18:00;IFS;0.50;10.10;11.0;12.3;0.00;0.0;IFS
wwmeyzieu;AROMEIFS;2026-10-21T19:00;IFS;0.40;9.30;63.0;11.4;0.00;0.0;IFS
wwmeyzieu;AROMEIFS;2026-10-21T20:00;IFS;0.60;8.60;81.0;10.6;0.00;0.0;IFS
wwmeyzieu;AROMEIFS;2026-10-21T21:00;IFS;0.80;7.80;83.0;9.9;0.00;0.0;IFS
wwmeyzieu;AROMEIFS;2026-10-21T22:00;IFS;0.90;6.80;72.0;9.2;0.00;0.0;IFS
wwmeyzieu;AROMEIFS;2026-10-21T23:00;IFS;1.10;5.80;59.0;8.5;0.00;0.0;IFS
wwmeyzieu;AROMEIFS;2026-10-22T00:00;IFS;1.40;4.90;51.0;7.8;0.00;0.0;IFS
wwmeyzieu;AROMEIFS;2026-10-22T01:00;IFS;1.70;4.30;40.0;7.1;0.00;0.0;IFS
wwmeyzieu;AROMEIFS;2026-10-22T02:00;IFS;1.80;3.90;32.0;6.6;0.00;0.0;IFS
wwmeyzieu;AROMEIFS;2026-10-22T03:00;IFS;2.00;3.90;23.0;6.0;0.00;0.0;IFS
wwmeyzieu;AROMEIFS;2026-10-22T04:00;IFS;2.30;4.30;12.0;5.4;0.00;0.0;IFS
wwmeyzieu;AROMEIFS;2026-10-22T05:00;IFS;2.60;4.90;4.0;4.9;0.00;0.0;IFS
wwmeyzieu;AROMEIFS;2026-10-22T06:00;IFS;3.00;5.40;358.0;4.5;0.00;0.0;IFS
wwmeyzieu;AROMEIFS;2026-10-22T07:00;IFS;3.20;6.00;353.0;4.5;0.00;0.0;IFS
wwmeyzieu;AROMEIFS;2026-10-22T08:00;IFS;3.30;6.40;350.0;4.8;0.00;0.0;IFS
wwmeyzieu;AROMEIFS;2026-10-22T09:00;IFS;3.00;6.60;349.0;5.9;0.00;0.0;IFS
wwmeyzieu;AROMEIFS;2026-10-22T10:00;IFS;2.50;6.60;347.0;7.5;0.00;0.0;IFS
wwmeyzieu;AROMEIFS;2026-10-22T11:00;IFS;1.80;6.60;344.0;9.5;0.00;0.0;IFS
wwmeyzieu;AROMEIFS;2026-10-22T12:00;IFS;1.10;6.40;340.0;11.5;0.00;0.0;IFS
wwmeyzieu;AROMEIFS;2026-10-22T13:00;IFS;0.60;6.40;342.0;13.1;0.00;0.0;IFS
wwmeyzieu;AROMEIFS;2026-10-22T14:00;IFS;0.40;6.40;346.0;14.0;0.00;0.0;IFS
wwmeyzieu;AROMEIFS;2026-10-22T15:00;IFS;0.60;6.40;360.0;14.1;0.00;0.0;IFS
wwmeyzieu;AROMEIFS;2026-10-22T16:00;IFS;1.00;6.40;11.0;13.7;0.00;0.0;IFS
wwmeyzieu;AROMEIFS;2026-10-22T17:00;IFS;1.60;6.60;14.0;13.0;0.00;0.0;IFS
wwmeyzieu;AROMEIFS;2026-10-22T18:00;IFS;2.20;6.60;15.0;12.1;0.00;0.0;IFS
wwmeyzieu;AROMEIFS;2026-10-22T19:00;IFS;2.70;6.60;15.0;11.2;0.00;0.0;IFS
wwmeyzieu;AROMEIFS;2026-10-22T20:00;IFS;2.90;6.60;15.0;10.4;0.00;0.0;IFS
wwmeyzieu;AROMEIFS;2026-10-22T21:00;IFS;2.80;6.60;16.0;9.8;0.00;1.0;IFS
wwmeyzieu;AROMEIFS;2026-10-22T22:00;IFS;2.50;6.40;16.0;9.2;0.00;2.0;IFS
wwmeyzieu;AROMEIFS;2026-10-22T23:00;IFS;2.10;6.40;13.0;8.6;0.00;3.0;IFS
wwmeyzieu;AROMEIFS;2026-10-23T00:00;IFS;1.60;6.20;11.0;8.0;0.00;4.0;IFS
wwmeyzieu;AROMEIFS;2026-10-23T01:00;IFS;1.20;6.00;9.0;7.4;0.00;5.0;IFS
wwmeyzieu;AROMEIFS;2026-10-23T02:00;IFS;1.00;5.80;6.0;6.9;0.00;5.0;IFS
wwmeyzieu;AROMEIFS;2026-10-23T03:00;IFS;1.00;5.60;6.0;6.4;0.00;5.0;IFS
wwmeyzieu;AROMEIFS;2026-10-23T04:00;IFS;1.10;5.20;5.0;5.8;0.00;4.0;IFS
wwmeyzieu;AROMEIFS;2026-10-23T05:00;IFS;1.30;5.10;4.0;5.2;0.00;3.0;IFS
wwmeyzieu;AROMEIFS;2026-10-23T06:00;IFS;1.50;4.70;4.0;4.8;0.00;2.0;IFS
wwmeyzieu;AROMEIFS;2026-10-23T07:00;IFS;1.70;4.50;3.0;4.7;0.00;1.0;IFS
wwmeyzieu;AROMEIFS;2026-10-23T08:00;IFS;1.70;4.50;3.0;5.1;0.00;0.0;IFS
wwmeyzieu;AROMEIFS;2026-10-23T09:00;IFS;1.50;4.50;360.0;6.3;0.00;0.0;IFS
wwmeyzieu;AROMEIFS;2026-10-23T10:00;IFS;1.20;4.70;355.0;8.1;0.00;0.0;IFS
wwmeyzieu;AROMEIFS;2026-10-23T11:00;IFS;0.90;5.10;342.0;10.3;0.00;0.0;IFS
wwmeyzieu;AROMEIFS;2026-10-23T12:00;IFS;0.70;5.20;315.0;12.5;0.00;0.0;IFS
wwmeyzieu;AROMEIFS;2026-10-23T13:00;IFS;0.70;5.40;297.0;14.2;0.00;0.0;IFS
wwmeyzieu;AROMEIFS;2026-10-23T14:00;IFS;0.60;5.60;288.0;15.2;0.00;0.0;IFS
wwmeyzieu;AROMEIFS;2026-10-23T15:00;IFS;0.60;5.80;309.0;15.4;0.00;0.0;IFS
wwmeyzieu;AROMEIFS;2026-10-23T16:00;IFS;0.90;5.80;333.0;14.9;0.00;1.0;IFS
wwmeyzieu;AROMEIFS;2026-10-23T17:00;IFS;1.30;5.80;351.0;14.0;0.00;1.0;IFS
wwmeyzieu;AROMEIFS;2026-10-23T18:00;IFS;1.70;5.80;360.0;12.9;0.00;2.0;IFS
wwmeyzieu;AROMEIFS;2026-10-23T19:00;IFS;2.10;5.80;5.0;11.9;0.00;2.0;IFS
wwmeyzieu;AROMEIFS;2026-10-23T20:00;IFS;2.30;5.80;7.0;11.1;0.00;2.0;IFS
wwmeyzieu;AROMEIFS;2026-10-23T21:00;IFS;2.10;5.80;11.0;10.5;0.00;1.0;IFS
wwmeyzieu;AROMEIFS;2026-10-23T22:00;IFS;1.80;5.60;13.0;10.0;0.00;0.0;IFS
wwmeyzieu;AROMEIFS;2026-10-23T23:00;IFS;1.30;5.40;17.0;9.4;0.00;0.0;IFS
wwmeyzieu;AROMEIFS;2026-10-24T00:00;IFS;0.90;5.20;32.0;8.9;0.00;0.0;IFS
wwmeyzieu;AROMEIFS;2026-10-24T01:00;IFS;0.60;5.10;51.0;8.4;0.00;0.0;IFS
wwmeyzieu;AROMEIFS;2026-10-24T02:00;IFS;0.50;4.90;79.0;8.0;0.00;0.0;IFS
wwmeyzieu;AROMEIFS;2026-10-24T03:00;IFS;0.50;4.70;79.0;7.5;0.00;13.0;IFS
wwmeyzieu;AROMEIFS;2026-10-24T04:00;IFS;0.60;4.50;81.0;6.9;0.00;33.0;IFS
wwmeyzieu;AROMEIFS;2026-10-24T05:00;IFS;0.70;4.30;67.0;6.3;0.00;56.0;IFS
wwmeyzieu;AROMEIFS;2026-10-24T06:00;IFS;0.80;4.10;54.0;5.9;0.00;78.0;IFS
wwmeyzieu;AROMEIFS;2026-10-24T07:00;IFS;1.00;3.90;45.0;5.9;0.00;94.0;IFS
wwmeyzieu;AROMEIFS;2026-10-24T08:00;IFS;1.00;3.90;45.0;6.2;0.00;100.0;IFS
wwmeyzieu;AROMEIFS;2026-10-24T09:00;IFS;0.80;4.10;45.0;7.3;0.00;94.0;IFS
wwmeyzieu;AROMEIFS;2026-10-24T10:00;IFS;0.50;4.30;53.0;8.9;0.00;78.0;IFS
wwmeyzieu;AROMEIFS;2026-10-24T11:00;IFS;0.20;4.50;90.0;10.9;0.00;56.0;IFS
wwmeyzieu;AROMEIFS;2026-10-24T12:00;IFS;0.30;4.90;180.0;12.9;0.00;33.0;IFS
wwmeyzieu;AROMEIFS;2026-10-24T13:00;IFS;0.40;5.20;207.0;14.5;0.00;13.0;IFS
wwmeyzieu;AROMEIFS;2026-10-24T14:00;IFS;0.40;5.60;236.0;15.4;0.00;0.0;IFS
wwmeyzieu;AROMEIFS;2026-10-24T15:00;IFS;0.50;6.00;315.0;15.5;0.00;0.0;IFS
wwmeyzieu;AROMEIFS;2026-10-24T16:00;IFS;1.40;6.60;339.0;15.2;0.00;0.0;IFS
wwmeyzieu;AROMEIFS;2026-10-24T17:00;IFS;2.40;7.20;346.0;14.5;0.00;0.0;IFS
wwmeyzieu;AROMEIFS;2026-10-24T18:00;IFS;3.40;7.80;348.0;13.6;0.00;0.0;IFS
wwmeyzieu;AROMEIFS;2026-10-24T19:00;IFS;4.20;8.20;351.0;12.7;0.00;0.0;IFS
wwmeyzieu;AROMEIFS;2026-10-24T20:00;IFS;4.60;8.60;352.0;11.9;0.00;0.0;IFS
wwmeyzieu;AROMEIFS;2026-10-24T21:00;IFS;4.50;8.70;353.0;11.3;0.00;0.0;IFS
wwmeyzieu;AROMEIFS;2026-10-24T22:00;IFS;4.00;8.70;354.0;10.5;0.00;0.0;IFS
wwmeyzieu;AROMEIFS;2026-10-24T23:00;IFS;3.40;8.70;358.0;9.8;0.00;0.0;IFS
wwmeyzieu;AROMEIFS;2026-10-25T00:00;IFS;2.60;8.70;2.0;9.1;0.00;0.0;IFS
wwmeyzieu;AROMEIFS;2026-10-25T01:00;IFS;2.00;8.60;11.0;8.5;0.00;0.0;IFS
wwmeyzieu;AROMEIFS;2026-10-25T02:00;IFS;1.60;8.60;17.0;8.1;0.00;0.0;IFS
