spot_key;curve_set;valid_at;source_model;wind_speed_10m_kn;wind_gusts_10m_kn;wind_direction_10m_deg;temperature_2m_c;precipitation_mm;cloud_cover_display_pct;cloud_cover_source_model
cap_des_seselets;ICONGFS;2026-09-27T00:00;ICONCH1;2.50;3.70;148.0;18.4;0.00;0.0;ICONCH1
cap_des_seselets;ICONGFS;2026-09-27T01:00;ICONCH1;3.70;4.90;152.0;17.3;0.00;0.0;ICONCH1
cap_des_seselets;ICONGFS;2026-09-27T02:00;ICONCH1;2.50;3.30;176.0;15.7;0.00;0.0;ICONCH1
cap_des_seselets;ICONGFS;2026-09-27T03:00;ICONCH1;2.60;4.30;153.0;15.9;0.00;0.0;ICONCH1
cap_des_seselets;ICONGFS;2026-09-27T04:00;ICONCH1;3.20;4.30;169.0;14.8;0.00;0.0;ICONCH1
cap_des_seselets;ICONGFS;2026-09-27T05:00;ICONCH1;2.70;3.70;150.0;14.6;0.00;0.0;ICONCH1
cap_des_seselets;ICONGFS;2026-09-27T06:00;ICONCH1;1.60;3.50;150.0;15.9;0.00;0.0;ICONCH1
cap_des_seselets;ICONGFS;2026-09-27T07:00;ICONCH1;2.60;3.50;132.0;14.8;0.00;0.0;ICONCH1
cap_des_seselets;ICONGFS;2026-09-27T08:00;ICONCH1;1.80;2.50;131.0;14.5;0.00;0.0;ICONCH1
cap_des_seselets;ICONGFS;2026-09-27T09:00;ICONCH1;1.60;2.90;150.0;14.7;0.00;0.0;ICONCH1
cap_des_seselets;ICONGFS;2026-09-27T10:00;ICONCH1;0.60;2.10;252.0;15.7;0.00;0.0;ICONCH1
cap_des_seselets;ICONGFS;2026-09-27T11:00;ICONCH1;1.20;1.70;309.0;17.3;0.00;0.0;ICONCH1
cap_des_seselets;ICONGFS;2026-09-27T12:00;ICONCH1;1.90;2.70;360.0;19.3;0.00;0.0;ICONCH1
cap_des_seselets;ICONGFS;2026-09-27T13:00;ICONCH1;3.30;4.90;343.0;21.0;0.00;1.0;ICONCH1
cap_des_seselets;ICONGFS;2026-09-27T14:00;ICONCH1;3.50;4.70;333.0;22.1;0.00;0.0;ICONCH1
cap_des_seselets;ICONGFS;2026-09-27T15:00;ICONCH1;2.40;4.50;331.0;23.1;0.00;0.0;ICONCH1
cap_des_seselets;ICONGFS;2026-09-27T16:00;ICONCH1;2.40;3.30;325.0;24.2;0.00;0.0;ICONCH1
cap_des_seselets;ICONGFS;2026-09-27T17:00;ICONCH1;1.80;3.10;311.0;24.9;0.00;0.0;ICONCH1
cap_des_seselets;ICONGFS;2026-09-27T18:00;ICONCH1;1.40;2.90;326.0;24.9;0.00;0.0;ICONCH1
cap_des_seselets;ICONGFS;2026-09-27T19:00;ICONCH1;1.90;2.90;217.0;24.2;0.00;0.0;ICONCH1
cap_des_seselets;ICONGFS;2026-09-27T20:00;ICONCH1;2.60;5.20;126.0;22.1;0.00;0.0;ICONCH1
cap_des_seselets;ICONGFS;2026-09-27T21:00;ICONCH1;2.30;3.50;121.0;22.2;0.00;17.0;ICONCH1
cap_des_seselets;ICONGFS;2026-09-27T22:00;ICONCH1;2.50;3.90;129.0;20.8;0.00;60.0;ICONCH1
cap_des_seselets;ICONGFS;2026-09-27T23:00;ICONCH1;2.80;3.70;141.0;20.9;0.00;53.0;ICONCH1
cap_des_seselets;ICONGFS;2026-09-28T00:00;ICONCH1;4.00;5.40;151.0;18.6;0.00;7.0;ICONCH1
cap_des_seselets;ICONGFS;2026-09-28T01:00;ICONCH1;2.50;6.00;141.0;18.1;0.00;26.0;ICONCH1
cap_des_seselets;ICONGFS;2026-09-28T02:00;ICONCH1;1.80;3.50;167.0;18.4;0.00;91.0;ICONCH1
cap_des_seselets;ICONGFS;2026-09-28T03:00;ICONCH1;3.00;3.90;157.0;17.7;0.00;76.0;ICONCH1
cap_des_seselets;ICONGFS;2026-09-28T04:00;ICONCH1;3.20;4.50;155.0;17.5;0.00;95.0;ICONCH1
cap_des_seselets;ICONGFS;2026-09-28T05:00;ICONCH1;2.90;4.10;160.0;17.2;0.00;100.0;ICONCH1
cap_des_seselets;ICONGFS;2026-09-28T06:00;ICONCH1;2.80;3.90;164.0;17.1;0.00;81.0;ICONCH1
cap_des_seselets;ICONGFS;2026-09-28T07:00;ICONCH1;2.40;3.70;151.0;16.8;0.00;88.0;ICONCH1
cap_des_seselets;ICONGFS;2026-09-28T08:00;ICONCH1;2.20;3.30;142.0;16.6;0.00;100.0;ICONCH1
cap_des_seselets;ICONGFS;2026-09-28T09:00;ICONCH1;0.50;3.10;135.0;17.2;0.00;64.0;ICONCH1
cap_des_seselets;ICONGFS;2026-09-28T10:00;ICONCH1;1.10;1.60;329.0;18.5;0.00;49.0;ICONCH1
cap_des_seselets;ICONGFS;2026-09-28T11:00;ICONCH1;1.90;2.70;315.0;19.3;0.00;84.0;ICONCH1
cap_des_seselets;ICONGFS;2026-09-28T12:00;ICONCH1;2.80;3.90;335.0;20.5;0.00;75.0;ICONCH1
cap_des_seselets;ICONGFS;2026-09-28T13:00;ICONCH1;2.80;4.50;335.0;21.6;0.00;11.0;ICONCH1
cap_des_seselets;ICONGFS;2026-09-28T14:00;ICONCH1;2.60;3.90;318.0;22.4;0.00;100.0;ICONCH1
cap_des_seselets;ICONGFS;2026-09-28T15:00;ICONCH1;2.40;3.90;305.0;23.9;0.00;98.0;ICONCH1
cap_des_seselets;ICONGFS;2026-09-28T16:00;ICONCH1;1.90;3.10;323.0;24.7;0.00;66.0;ICONCH1
cap_des_seselets;ICONGFS;2026-09-28T17:00;ICONCH1;1.00;2.90;307.0;25.1;0.00;84.0;ICONCH1
cap_des_seselets;ICONGFS;2026-09-28T18:00;ICONCH2;1.00;1.40;259.0;25.1;0.00;100.0;ICONCH2
cap_des_seselets;ICONGFS;2026-09-28T19:00;ICONCH2;3.10;4.50;266.0;25.7;0.00;100.0;ICONCH2
cap_des_seselets;ICONGFS;2026-09-28T20:00;ICONCH2;2.10;4.50;221.0;24.2;0.00;100.0;ICONCH2
cap_des_seselets;ICONGFS;2026-09-28T21:00;ICONCH2;0.80;2.70;166.0;22.2;0.00;100.0;ICONCH2
cap_des_seselets;ICONGFS;2026-09-28T22:00;ICONCH2;0.40;1.20;180.0;22.2;0.00;100.0;ICONCH2
cap_des_seselets;ICONGFS;2026-09-28T23:00;ICONCH2;0.80;1.20;194.0;21.4;0.00;100.0;ICONCH2
cap_des_seselets;ICONGFS;2026-09-29T00:00;ICONCH2;0.60;1.20;162.0;20.8;0.00;81.0;ICONCH2
cap_des_seselets;ICONGFS;2026-09-29T01:00;ICONCH2;0.80;1.20;194.0;19.9;0.00;15.0;ICONCH2
cap_des_seselets;ICONGFS;2026-09-29T02:00;ICONCH2;0.00;1.20;270.0;19.6;0.00;26.0;ICONCH2
cap_des_seselets;ICONGFS;2026-09-29T03:00;ICONCH2;1.00;1.40;169.0;19.0;0.00;92.0;ICONCH2
cap_des_seselets;ICONGFS;2026-09-29T04:00;ICONCH2;2.20;3.10;195.0;18.5;0.00;100.0;ICONCH2
cap_des_seselets;ICONGFS;2026-09-29T05:00;ICONCH2;2.70;3.70;180.0;17.7;0.00;16.0;ICONCH2
cap_des_seselets;ICONGFS;2026-09-29T06:00;ICONCH2;2.70;3.90;176.0;17.0;0.00;88.0;ICONCH2
cap_des_seselets;ICONGFS;2026-09-29T07:00;ICONCH2;2.40;3.90;171.0;17.0;0.00;63.0;ICONCH2
cap_des_seselets;ICONGFS;2026-09-29T08:00;ICONCH2;2.60;3.70;167.0;16.7;0.00;100.0;ICONCH2
cap_des_seselets;ICONGFS;2026-09-29T09:00;ICONCH2;1.80;3.50;174.0;17.3;0.00;95.0;ICONCH2
cap_des_seselets;ICONGFS;2026-09-29T10:00;ICONCH2;0.60;2.50;90.0;18.4;0.00;100.0;ICONCH2
cap_des_seselets;ICONGFS;2026-09-29T11:00;ICONCH2;0.00;1.20;270.0;19.5;0.00;100.0;ICONCH2
cap_des_seselets;ICONGFS;2026-09-29T12:00;ICONCH2;1.50;2.10;293.0;19.9;0.00;100.0;ICONCH2
cap_des_seselets;ICONGFS;2026-09-29T13:00;ICONCH2;1.80;2.50;347.0;21.3;0.00;100.0;ICONCH2
cap_des_seselets;ICONGFS;2026-09-29T14:00;ICONCH2;1.40;2.50;360.0;22.7;0.00;74.0;ICONCH2
cap_des_seselets;ICONGFS;2026-09-29T15:00;ICONCH2;1.60;2.10;360.0;23.4;0.00;80.0;ICONCH2
cap_des_seselets;ICONGFS;2026-09-29T16:00;ICONCH2;1.00;2.10;323.0;23.8;0.00;100.0;ICONCH2
cap_des_seselets;ICONGFS;2026-09-29T17:00;ICONCH2;0.40;1.40;297.0;24.5;0.00;100.0;ICONCH2
cap_des_seselets;ICONGFS;2026-09-29T18:00;ICONCH2;0.90;1.40;297.0;25.0;0.00;100.0;ICONCH2
cap_des_seselets;ICONGFS;2026-09-29T19:00;ICONCH2;1.60;2.30;270.0;24.8;0.00;100.0;ICONCH2
cap_des_seselets;ICONGFS;2026-09-29T20:00;ICONCH2;1.60;2.50;225.0;23.9;0.00;100.0;ICONCH2
cap_des_seselets;ICONGFS;2026-09-29T21:00;ICONCH2;0.40;2.30;207.0;22.7;0.00;100.0;ICONCH2
cap_des_seselets;ICONGFS;2026-09-29T22:00;ICONCH2;1.20;1.60;162.0;22.0;0.00;100.0;ICONCH2
cap_des_seselets;ICONGFS;2026-09-29T23:00;ICONCH2;1.60;2.30;194.0;21.3;0.00;100.0;ICONCH2
cap_des_seselets;ICONGFS;2026-09-30T00:00;ICONCH2;1.40;2.30;196.0;21.2;0.00;100.0;ICONCH2
cap_des_seselets;ICONGFS;2026-09-30T01:00;ICONCH2;1.00;1.90;169.0;20.4;0.00;99.0;ICONCH2
cap_des_seselets;ICONGFS;2026-09-30T02:00;ICONCH2;1.40;2.30;196.0;20.5;0.00;91.0;ICONCH2
cap_des_seselets;ICONGFS;2026-09-30T03:00;ICONCH2;2.60;3.50;197.0;18.9;0.00;83.0;ICONCH2
cap_des_seselets;ICONGFS;2026-09-30T04:00;ICONCH2;2.10;3.50;185.0;18.4;0.00;90.0;ICONCH2
cap_des_seselets;ICONGFS;2026-09-30T05:00;ICONCH2;2.00;3.50;169.0;17.9;0.00;97.0;ICONCH2
cap_des_seselets;ICONGFS;2026-09-30T06:00;ICONCH2;1.20;3.30;162.0;17.7;0.00;100.0;ICONCH2
cap_des_seselets;ICONGFS;2026-09-30T07:00;ICONCH2;1.40;3.10;172.0;17.8;0.00;92.0;ICONCH2
cap_des_seselets;ICONGFS;2026-09-30T08:00;ICONCH2;1.60;2.10;173.0;18.1;0.00;70.0;ICONCH2
cap_des_seselets;ICONGFS;2026-09-30T09:00;ICONCH2;1.60;3.50;166.0;17.9;0.00;68.0;ICONCH2
cap_des_seselets;ICONGFS;2026-09-30T10:00;ICONCH2;0.60;2.30;162.0;18.9;0.00;42.0;ICONCH2
cap_des_seselets;ICONGFS;2026-09-30T11:00;ICONCH2;0.40;1.40;360.0;20.1;0.00;18.0;ICONCH2
cap_des_seselets;ICONGFS;2026-09-30T12:00;ICONCH2;0.90;1.40;333.0;21.0;0.00;14.0;ICONCH2
cap_des_seselets;ICONGFS;2026-09-30T13:00;ICONCH2;1.60;2.30;346.0;22.2;0.00;21.0;ICONCH2
cap_des_seselets;ICONGFS;2026-09-30T14:00;ICONCH2;2.20;3.10;10.0;23.5;0.00;25.0;ICONCH2
cap_des_seselets;ICONGFS;2026-09-30T15:00;ICONCH2;1.00;2.90;349.0;24.5;0.00;37.0;ICONCH2
cap_des_seselets;ICONGFS;2026-09-30T16:00;ICONCH2;0.80;1.60;346.0;25.3;0.00;77.0;ICONCH2
cap_des_seselets;ICONGFS;2026-09-30T17:00;ICONCH2;1.20;2.50;309.0;26.5;0.00;92.0;ICONCH2
cap_des_seselets;ICONGFS;2026-09-30T18:00;ICONCH2;4.40;6.20;283.0;26.4;0.00;74.0;ICONCH2
cap_des_seselets;ICONGFS;2026-09-30T19:00;ICONCH2;0.60;5.80;288.0;25.7;0.00;64.0;ICONCH2
cap_des_seselets;ICONGFS;2026-09-30T20:00;ICONCH2;1.40;2.90;270.0;24.6;0.00;100.0;ICONCH2
cap_des_seselets;ICONGFS;2026-09-30T21:00;ICONCH2;1.20;1.90;180.0;22.7;0.00;97.0;ICONCH2
cap_des_seselets;ICONGFS;2026-09-30T22:00;ICONCH2;0.80;2.10;180.0;22.1;0.00;100.0;ICONCH2
cap_des_seselets;ICONGFS;2026-09-30T23:00;ICONCH2;1.20;1.70;171.0;21.1;0.00;100.0;ICONCH2
cap_des_seselets;ICONGFS;2026-10-01T00:00;ICONCH2;0.20;1.70;180.0;21.3;0.00;100.0;ICONCH2
cap_des_seselets;ICONGFS;2026-10-01T01:00;ICONCH2;1.60;2.10;194.0;20.7;0.00;100.0;ICONCH2
cap_des_seselets;ICONGFS;2026-10-01T02:00;ICONCH2;2.50;3.30;184.0;19.6;0.00;100.0;ICONCH2
cap_des_seselets;ICONGFS;2026-10-01T03:00;ICONCH2;2.30;3.50;180.0;19.2;0.00;100.0;ICONCH2
cap_des_seselets;ICONGFS;2026-10-01T04:00;ICONCH2;2.40;3.30;171.0;18.8;0.00;100.0;ICONCH2
cap_des_seselets;ICONGFS;2026-10-01T05:00;ICONCH2;1.00;3.30;158.0;19.2;0.00;100.0;ICONCH2
cap_des_seselets;ICONGFS;2026-10-01T06:00;ICONCH2;2.00;2.90;169.0;19.2;0.00;100.0;ICONCH2
cap_des_seselets;ICONGFS;2026-10-01T07:00;ICONCH2;1.70;2.90;159.0;19.1;0.00;100.0;ICONCH2
cap_des_seselets;ICONGFS;2026-10-01T08:00;ICONCH2;1.90;2.50;156.0;19.1;0.00;100.0;ICONCH2
cap_des_seselets;ICONGFS;2026-10-01T09:00;ICONCH2;1.80;2.50;131.0;19.5;0.00;99.0;ICONCH2
cap_des_seselets;ICONGFS;2026-10-01T10:00;ICONCH2;0.70;2.50;124.0;20.3;0.00;100.0;ICONCH2
cap_des_seselets;ICONGFS;2026-10-01T11:00;ICONCH2;1.10;1.60;31.0;21.1;0.00;100.0;ICONCH2
cap_des_seselets;ICONGFS;2026-10-01T12:00;ICONCH2;3.20;4.50;14.0;22.6;0.00;100.0;ICONCH2
cap_des_seselets;ICONGFS;2026-10-01T13:00;ICONCH2;4.10;5.40;19.0;23.0;0.00;100.0;ICONCH2
cap_des_seselets;ICONGFS;2026-10-01T14:00;ICONCH2;2.50;5.20;32.0;23.1;0.00;100.0;ICONCH2
cap_des_seselets;ICONGFS;2026-10-01T15:00;ICONCH2;1.40;3.50;56.0;23.0;0.10;100.0;ICONCH2
cap_des_seselets;ICONGFS;2026-10-01T16:00;ICONCH2;1.60;2.30;120.0;23.2;0.10;100.0;ICONCH2
cap_des_seselets;ICONGFS;2026-10-01T17:00;ICONCH2;0.70;2.90;124.0;23.2;0.00;100.0;ICONCH2
cap_des_seselets;ICONGFS;2026-10-01T18:00;ICONCH2;1.50;1.90;337.0;22.8;0.10;100.0;ICONCH2
cap_des_seselets;ICONGFS;2026-10-01T19:00;ICONCH2;2.50;3.50;328.0;22.3;0.10;100.0;ICONCH2
cap_des_seselets;ICONGFS;2026-10-01T20:00;ICONCH2;2.70;3.70;352.0;21.5;0.00;100.0;ICONCH2
cap_des_seselets;ICONGFS;2026-10-01T21:00;ICONCH2;2.10;3.70;355.0;21.2;0.10;100.0;ICONCH2
cap_des_seselets;ICONGFS;2026-10-01T22:00;ICONCH2;0.80;2.90;76.0;20.8;0.00;100.0;ICONCH2
cap_des_seselets;ICONGFS;2026-10-01T23:00;ICONCH2;0.40;1.40;90.0;20.8;0.00;100.0;ICONCH2
cap_des_seselets;ICONGFS;2026-10-02T00:00;ICON13KM;1.80;4.90;252.0;15.3;0.10;100.0;ICON13KM
cap_des_seselets;ICONGFS;2026-10-02T01:00;ICON13KM;1.60;4.50;270.0;15.2;0.10;99.0;ICON13KM
cap_des_seselets;ICONGFS;2026-10-02T02:00;ICON13KM;1.60;4.30;284.0;15.2;0.10;99.0;ICON13KM
cap_des_seselets;ICONGFS;2026-10-02T03:00;ICON13KM;1.50;4.10;293.0;15.1;0.00;98.0;ICON13KM
cap_des_seselets;ICONGFS;2026-10-02T04:00;ICON13KM;1.40;4.10;304.0;15.1;0.00;96.0;ICON13KM
cap_des_seselets;ICONGFS;2026-10-02T05:00;ICON13KM;1.40;3.90;315.0;15.1;0.00;95.0;ICON13KM
cap_des_seselets;ICONGFS;2026-10-02T06:00;ICON13KM;1.40;3.90;315.0;15.1;0.00;95.0;ICON13KM
cap_des_seselets;ICONGFS;2026-10-02T07:00;ICON13KM;1.40;3.70;304.0;15.0;0.00;94.0;ICON13KM
cap_des_seselets;ICONGFS;2026-10-02T08:00;ICON13KM;1.40;3.70;304.0;15.0;0.00;94.0;ICON13KM
cap_des_seselets;ICONGFS;2026-10-02T09:00;ICON13KM;1.20;4.10;309.0;13.7;0.00;94.0;ICON13KM
cap_des_seselets;ICONGFS;2026-10-02T10:00;ICON13KM;1.10;4.10;301.0;14.0;0.00;89.0;ICON13KM
cap_des_seselets;ICONGFS;2026-10-02T11:00;ICON13KM;1.40;4.50;304.0;14.6;0.00;83.0;ICON13KM
cap_des_seselets;ICONGFS;2026-10-02T12:00;ICON13KM;2.10;5.80;319.0;15.6;0.00;80.0;ICON13KM
cap_des_seselets;ICONGFS;2026-10-02T13:00;ICON13KM;2.70;7.40;330.0;16.8;0.00;78.0;ICON13KM
cap_des_seselets;ICONGFS;2026-10-02T14:00;ICON13KM;3.30;8.60;332.0;17.8;0.00;75.0;ICON13KM
cap_des_seselets;ICONGFS;2026-10-02T15:00;ICON13KM;3.10;8.60;330.0;18.4;0.00;78.0;ICON13KM
cap_des_seselets;ICONGFS;2026-10-02T16:00;ICON13KM;2.50;7.80;321.0;18.8;0.00;82.0;ICON13KM
cap_des_seselets;ICONGFS;2026-10-02T17:00;ICON13KM;1.90;7.00;307.0;18.8;0.00;85.0;ICON13KM
cap_des_seselets;ICONGFS;2026-10-02T18:00;ICON13KM;1.40;6.20;270.0;18.4;0.00;76.0;ICON13KM
cap_des_seselets;ICONGFS;2026-10-02T19:00;ICON13KM;1.60;5.20;225.0;17.7;0.00;66.0;ICON13KM
cap_des_seselets;ICONGFS;2026-10-02T20:00;ICON13KM;2.00;4.70;197.0;17.0;0.00;57.0;ICON13KM
cap_des_seselets;ICONGFS;2026-10-02T21:00;ICON13KM;2.00;4.50;169.0;16.4;0.00;55.0;ICON13KM
cap_des_seselets;ICONGFS;2026-10-02T22:00;ICON13KM;2.10;4.70;139.0;15.7;0.00;53.0;ICON13KM
cap_des_seselets;ICONGFS;2026-10-02T23:00;ICON13KM;2.40;4.90;119.0;15.2;0.00;51.0;ICON13KM
cap_des_seselets;ICONGFS;2026-10-03T00:00;ICON13KM;2.50;5.10;113.0;14.9;0.00;44.0;ICON13KM
cap_des_seselets;ICONGFS;2026-10-03T01:00;ICON13KM;2.20;5.20;105.0;14.7;0.00;38.0;ICON13KM
cap_des_seselets;ICONGFS;2026-10-03T02:00;ICON13KM;2.20;5.20;100.0;14.6;0.00;31.0;ICON13KM
cap_des_seselets;ICONGFS;2026-10-03T03:00;ICON13KM;2.10;5.10;95.0;14.5;0.00;33.0;ICON13KM
cap_des_seselets;ICONGFS;2026-10-03T04:00;ICON13KM;2.10;4.90;90.0;14.4;0.00;35.0;ICON13KM
cap_des_seselets;ICONGFS;2026-10-03T05:00;ICON13KM;2.30;4.70;90.0;14.4;0.00;37.0;ICON13KM
cap_des_seselets;ICONGFS;2026-10-03T06:00;ICON13KM;2.70;4.90;94.0;14.2;0.00;32.0;ICON13KM
cap_des_seselets;ICONGFS;2026-10-03T07:00;ICON13KM;3.10;5.10;97.0;13.9;0.00;27.0;ICON13KM
cap_des_seselets;ICONGFS;2026-10-03T08:00;ICON13KM;2.90;5.20;98.0;14.2;0.00;22.0;ICON13KM
cap_des_seselets;ICONGFS;2026-10-03T09:00;ICON13KM;2.00;4.90;96.0;15.2;0.00;15.0;ICON13KM
cap_des_seselets;ICONGFS;2026-10-03T10:00;ICON13KM;0.40;4.10;63.0;16.8;0.00;7.0;ICON13KM
cap_des_seselets;ICONGFS;2026-10-03T11:00;ICON13KM;1.00;4.10;292.0;18.2;0.00;0.0;ICON13KM
cap_des_seselets;ICONGFS;2026-10-03T12:00;ICON13KM;1.80;5.20;283.0;19.5;0.00;5.0;ICON13KM
cap_des_seselets;ICONGFS;2026-10-03T13:00;ICON13KM;2.60;7.00;279.0;20.8;0.00;11.0;ICON13KM
cap_des_seselets;ICONGFS;2026-10-03T14:00;ICON13KM;2.90;8.40;274.0;21.7;0.00;16.0;ICON13KM
cap_des_seselets;ICONGFS;2026-10-03T15:00;ICON13KM;3.10;9.10;270.0;22.2;0.00;16.0;ICON13KM
cap_des_seselets;ICONGFS;2026-10-03T16:00;ICON13KM;3.30;9.30;263.0;22.4;0.00;16.0;ICON13KM
cap_des_seselets;ICONGFS;2026-10-03T17:00;ICON13KM;3.10;9.10;263.0;22.2;0.00;16.0;ICON13KM
cap_des_seselets;ICONGFS;2026-10-03T18:00;ICON13KM;2.50;8.00;266.0;21.4;0.00;35.0;ICON13KM
cap_des_seselets;ICONGFS;2026-10-03T19:00;ICON13KM;1.80;6.40;283.0;20.2;0.00;54.0;ICON13KM
cap_des_seselets;ICONGFS;2026-10-03T20:00;ICON13KM;1.10;5.10;301.0;19.2;0.00;73.0;ICON13KM
cap_des_seselets;ICONGFS;2026-10-03T21:00;ICON13KM;0.40;4.30;360.0;18.5;0.00;82.0;ICON13KM
cap_des_seselets;ICONGFS;2026-10-03T22:00;ICON13KM;1.20;3.70;99.0;17.8;0.00;91.0;ICON13KM
cap_des_seselets;ICONGFS;2026-10-03T23:00;ICON13KM;2.00;3.50;107.0;17.2;0.00;100.0;ICON13KM
cap_des_seselets;ICONGFS;2026-10-04T00:00;ICON13KM;2.40;4.10;119.0;16.5;0.00;98.0;ICON13KM
cap_des_seselets;ICONGFS;2026-10-04T01:00;ICON13KM;2.50;5.10;129.0;15.7;0.00;96.0;ICON13KM
cap_des_seselets;ICONGFS;2026-10-04T02:00;ICON13KM;2.70;5.80;135.0;15.2;0.00;94.0;ICON13KM
cap_des_seselets;ICONGFS;2026-10-04T03:00;ICON13KM;2.90;6.20;127.0;14.9;0.00;83.0;ICON13KM
cap_des_seselets;ICONGFS;2026-10-04T04:00;ICON13KM;3.00;6.60;117.0;14.9;0.00;73.0;ICON13KM
cap_des_seselets;ICONGFS;2026-10-04T05:00;ICON13KM;3.30;6.80;111.0;14.8;0.00;62.0;ICON13KM
cap_des_seselets;ICONGFS;2026-10-04T06:00;ICON13KM;3.80;7.40;111.0;14.4;0.00;60.0;ICON13KM
cap_des_seselets;ICONGFS;2026-10-04T07:00;ICON13KM;4.20;7.80;112.0;14.0;0.00;59.0;ICON13KM
cap_des_seselets;ICONGFS;2026-10-04T08:00;ICON13KM;4.30;8.00;114.0;14.1;0.00;57.0;ICON13KM
cap_des_seselets;ICONGFS;2026-10-04T09:00;ICON13KM;3.40;7.20;121.0;15.3;0.00;47.0;ICON13KM
cap_des_seselets;ICONGFS;2026-10-04T10:00;ICON13KM;2.30;6.00;132.0;17.2;0.00;38.0;ICON13KM
cap_des_seselets;ICONGFS;2026-10-04T11:00;ICON13KM;1.20;5.40;162.0;18.9;0.00;28.0;ICON13KM
cap_des_seselets;ICONGFS;2026-10-04T12:00;ICON13KM;0.80;5.80;225.0;20.3;0.00;22.0;ICON13KM
cap_des_seselets;ICONGFS;2026-10-04T13:00;ICON13KM;1.80;6.60;276.0;21.6;0.00;16.0;ICON13KM
cap_des_seselets;ICONGFS;2026-10-04T14:00;ICON13KM;2.50;7.20;288.0;22.5;0.00;10.0;ICON13KM
cap_des_seselets;ICONGFS;2026-10-04T15:00;GFS;1.50;3.30;220.0;13.6;2.50;100.0;GFS
cap_des_seselets;ICONGFS;2026-10-04T16:00;GFS;1.80;3.50;264.0;13.2;2.50;100.0;GFS
cap_des_seselets;ICONGFS;2026-10-04T17:00;GFS;2.40;3.30;279.0;12.8;2.50;100.0;GFS
cap_des_seselets;ICONGFS;2026-10-04T18:00;GFS;2.40;2.50;284.0;12.4;1.20;100.0;GFS
cap_des_seselets;ICONGFS;2026-10-04T19:00;GFS;2.00;1.70;287.0;12.0;1.20;100.0;GFS
cap_des_seselets;ICONGFS;2026-10-04T20:00;GFS;1.40;1.20;286.0;11.8;1.20;100.0;GFS
cap_des_seselets;ICONGFS;2026-10-04T21:00;GFS;0.60;1.60;270.0;11.7;0.60;100.0;GFS
cap_des_seselets;ICONGFS;2026-10-04T22:00;GFS;0.60;2.50;162.0;11.8;0.60;100.0;GFS
cap_des_seselets;ICONGFS;2026-10-04T23:00;GFS;1.40;2.90;146.0;11.9;0.60;100.0;GFS
cap_des_seselets;ICONGFS;2026-10-05T00:00;GFS;1.80;2.30;148.0;12.0;0.30;100.0;GFS
cap_des_seselets;ICONGFS;2026-10-05T01:00;GFS;2.00;1.40;151.0;12.2;0.30;100.0;GFS
cap_des_seselets;ICONGFS;2026-10-05T02:00;GFS;2.00;0.80;151.0;12.3;0.30;100.0;GFS
cap_des_seselets;ICONGFS;2026-10-05T03:00;GFS;1.90;0.80;143.0;12.3;0.20;100.0;GFS
cap_des_seselets;ICONGFS;2026-10-05T04:00;GFS;1.90;1.00;127.0;12.3;0.20;100.0;GFS
cap_des_seselets;ICONGFS;2026-10-05T05:00;GFS;1.90;1.40;114.0;12.3;0.20;100.0;GFS
cap_des_seselets;ICONGFS;2026-10-05T06:00;GFS;2.00;1.90;107.0;12.0;0.00;100.0;GFS
cap_des_seselets;ICONGFS;2026-10-05T07:00;GFS;2.00;2.70;101.0;11.7;0.00;100.0;GFS
cap_des_seselets;ICONGFS;2026-10-05T08:00;GFS;1.90;3.10;90.0;11.9;0.00;100.0;GFS
cap_des_seselets;ICONGFS;2026-10-05T09:00;GFS;1.60;3.10;76.0;12.9;0.00;91.0;GFS
cap_des_seselets;ICONGFS;2026-10-05T10:00;GFS;1.50;2.90;50.0;14.3;0.00;79.0;GFS
cap_des_seselets;ICONGFS;2026-10-05T11:00;GFS;1.70;2.70;21.0;15.6;0.00;72.0;GFS
cap_des_seselets;ICONGFS;2026-10-05T12:00;GFS;2.30;2.70;360.0;16.6;0.10;74.0;GFS
cap_des_seselets;ICONGFS;2026-10-05T13:00;GFS;3.00;2.90;349.0;17.4;0.10;81.0;GFS
cap_des_seselets;ICONGFS;2026-10-05T14:00;GFS;3.60;3.30;344.0;17.9;0.10;87.0;GFS
cap_des_seselets;ICONGFS;2026-10-05T15:00;GFS;3.90;3.90;342.0;17.8;0.20;92.0;GFS
cap_des_seselets;ICONGFS;2026-10-05T16:00;GFS;3.60;4.70;344.0;17.4;0.20;97.0;GFS
cap_des_seselets;ICONGFS;2026-10-05T17:00;GFS;3.40;5.10;350.0;16.6;0.20;100.0;GFS
cap_des_seselets;ICONGFS;2026-10-05T18:00;GFS;2.70;4.50;8.0;15.3;0.10;100.0;GFS
cap_des_seselets;ICONGFS;2026-10-05T19:00;GFS;2.60;3.70;42.0;13.6;0.10;100.0;GFS
cap_des_seselets;ICONGFS;2026-10-05T20:00;GFS;3.00;2.90;63.0;12.4;0.10;100.0;GFS
cap_des_seselets;ICONGFS;2026-10-05T21:00;GFS;3.10;2.70;72.0;11.9;0.00;100.0;GFS
cap_des_seselets;ICONGFS;2026-10-05T22:00;GFS;3.00;2.90;75.0;11.9;0.00;100.0;GFS
cap_des_seselets;ICONGFS;2026-10-05T23:00;GFS;2.80;2.90;78.0;11.8;0.00;100.0;GFS
cap_des_seselets;ICONGFS;2026-10-06T00:00;GFS;2.70;2.70;86.0;11.5;0.00;100.0;GFS
cap_des_seselets;ICONGFS;2026-10-06T01:00;GFS;2.70;2.50;90.0;11.2;0.00;100.0;GFS
cap_des_seselets;ICONGFS;2026-10-06T02:00;GFS;2.70;2.30;94.0;11.0;0.00;100.0;GFS
cap_des_seselets;ICONGFS;2026-10-06T03:00;GFS;2.30;2.10;90.0;10.8;0.00;100.0;GFS
cap_des_seselets;ICONGFS;2026-10-06T04:00;GFS;2.00;2.10;79.0;10.8;0.00;100.0;GFS
cap_des_seselets;ICONGFS;2026-10-06T05:00;GFS;1.70;1.90;63.0;10.7;0.00;100.0;GFS
cap_des_seselets;ICONGFS;2026-10-06T06:00;GFS;1.80;1.70;58.0;10.4;0.00;100.0;GFS
cap_des_seselets;ICONGFS;2026-10-06T07:00;GFS;2.00;1.70;61.0;10.0;0.00;100.0;GFS
cap_des_seselets;ICONGFS;2026-10-06T08:00;GFS;2.00;1.70;61.0;10.3;0.00;100.0;GFS
cap_des_seselets;ICONGFS;2026-10-06T09:00;GFS;1.60;1.70;45.0;11.5;0.00;100.0;GFS
cap_des_seselets;ICONGFS;2026-10-06T10:00;GFS;1.40;1.90;8.0;13.2;0.00;100.0;GFS
cap_des_seselets;ICONGFS;2026-10-06T11:00;GFS;1.60;2.10;330.0;14.8;0.00;100.0;GFS
cap_des_seselets;ICONGFS;2026-10-06T12:00;GFS;2.20;2.30;308.0;15.9;0.00;100.0;GFS
cap_des_seselets;ICONGFS;2026-10-06T13:00;GFS;3.00;2.70;297.0;16.7;0.00;100.0;GFS
cap_des_seselets;ICONGFS;2026-10-06T14:00;GFS;3.70;2.90;288.0;17.3;0.00;100.0;GFS
cap_des_seselets;ICONGFS;2026-10-06T15:00;GFS;3.90;2.90;288.0;17.6;0.00;91.0;GFS
cap_des_seselets;ICONGFS;2026-10-06T16:00;GFS;3.60;2.50;286.0;17.6;0.00;78.0;GFS
cap_des_seselets;ICONGFS;2026-10-06T17:00;GFS;3.20;2.30;281.0;17.0;0.00;70.0;GFS
cap_des_seselets;ICONGFS;2026-10-06T18:00;GFS;2.40;1.90;261.0;15.4;0.00;70.0;GFS
cap_des_seselets;ICONGFS;2026-10-06T19:00;GFS;1.90;1.60;217.0;13.2;0.00;75.0;GFS
cap_des_seselets;ICONGFS;2026-10-06T20:00;GFS;2.30;1.20;180.0;11.5;0.00;78.0;GFS
cap_des_seselets;ICONGFS;2026-10-06T21:00;GFS;2.60;1.20;153.0;10.8;0.00;76.0;GFS
cap_des_seselets;ICONGFS;2026-10-06T22:00;GFS;2.90;1.40;132.0;10.6;0.00;72.0;GFS
cap_des_seselets;ICONGFS;2026-10-06T23:00;GFS;3.30;1.60;118.0;10.4;0.00;72.0;GFS
cap_des_seselets;ICONGFS;2026-10-07T00:00;GFS;3.50;1.60;117.0;10.1;0.00;81.0;GFS
cap_des_seselets;ICONGFS;2026-10-07T01:00;GFS;3.20;1.60;115.0;9.8;0.00;94.0;GFS
cap_des_seselets;ICONGFS;2026-10-07T02:00;GFS;3.00;1.60;117.0;9.6;0.00;100.0;GFS
cap_des_seselets;ICONGFS;2026-10-07T03:00;GFS;3.00;1.60;113.0;9.3;0.00;91.0;GFS
cap_des_seselets;ICONGFS;2026-10-07T04:00;GFS;2.70;1.70;111.0;9.1;0.00;75.0;GFS
cap_des_seselets;ICONGFS;2026-10-07T05:00;GFS;2.60;1.70;107.0;8.9;0.00;61.0;GFS
cap_des_seselets;ICONGFS;2026-10-07T06:00;GFS;2.60;1.90;107.0;8.4;0.00;50.0;GFS
cap_des_seselets;ICONGFS;2026-10-07T07:00;GFS;2.60;1.90;103.0;8.0;0.00;41.0;GFS
cap_des_seselets;ICONGFS;2026-10-07T08:00;GFS;2.20;1.90;100.0;8.5;0.00;36.0;GFS
cap_des_seselets;ICONGFS;2026-10-07T09:00;GFS;1.00;1.70;79.0;10.4;0.00;37.0;GFS
cap_des_seselets;ICONGFS;2026-10-07T10:00;GFS;1.00;1.40;323.0;13.1;0.00;43.0;GFS
cap_des_seselets;ICONGFS;2026-10-07T11:00;GFS;2.40;1.20;305.0;15.5;0.00;45.0;GFS
cap_des_seselets;ICONGFS;2026-10-07T12:00;GFS;3.20;1.40;308.0;17.0;0.00;40.0;GFS
cap_des_seselets;ICONGFS;2026-10-07T13:00;GFS;3.70;1.60;309.0;18.1;0.00;32.0;GFS
cap_des_seselets;ICONGFS;2026-10-07T14:00;GFS;3.70;1.90;309.0;18.9;0.00;28.0;GFS
cap_des_seselets;ICONGFS;2026-10-07T15:00;GFS;3.20;2.10;303.0;19.3;0.00;28.0;GFS
cap_des_seselets;ICONGFS;2026-10-07T16:00;GFS;2.70;2.30;291.0;19.3;0.00;32.0;GFS
cap_des_seselets;ICONGFS;2026-10-07T17:00;GFS;2.10;2.50;270.0;18.8;0.00;41.0;GFS
cap_des_seselets;ICONGFS;2026-10-07T18:00;GFS;2.00;2.30;241.0;17.1;0.00;59.0;GFS
cap_des_seselets;ICONGFS;2026-10-07T19:00;GFS;2.50;2.10;219.0;14.8;0.00;83.0;GFS
cap_des_seselets;ICONGFS;2026-10-07T20:00;GFS;2.80;1.90;205.0;13.2;0.00;100.0;GFS
cap_des_seselets;ICONGFS;2026-10-07T21:00;GFS;2.80;1.90;196.0;12.8;0.00;100.0;GFS
cap_des_seselets;ICONGFS;2026-10-07T22:00;GFS;2.60;1.90;189.0;13.2;0.00;100.0;GFS
cap_des_seselets;ICONGFS;2026-10-07T23:00;GFS;2.30;1.70;185.0;13.4;0.00;100.0;GFS
cap_des_seselets;ICONGFS;2026-10-08T00:00;GFS;2.00;1.40;191.0;13.2;0.00;100.0;GFS
cap_des_seselets;ICONGFS;2026-10-08T01:00;GFS;1.70;0.80;207.0;12.9;0.00;100.0;GFS
cap_des_seselets;ICONGFS;2026-10-08T02:00;GFS;1.60;0.40;225.0;12.6;0.00;100.0;GFS
cap_des_seselets;ICONGFS;2026-10-08T03:00;GFS;1.60;0.60;240.0;12.2;0.00;100.0;GFS
cap_des_seselets;ICONGFS;2026-10-08T04:00;GFS;1.40;1.20;254.0;11.8;0.00;100.0;GFS
cap_des_seselets;ICONGFS;2026-10-08T05:00;GFS;1.20;1.60;270.0;11.4;0.00;100.0;GFS
cap_des_seselets;ICONGFS;2026-10-08T06:00;GFS;0.60;1.40;288.0;10.6;0.00;98.0;GFS
cap_des_seselets;ICONGFS;2026-10-08T07:00;GFS;0.20;1.20;360.0;9.7;0.00;95.0;GFS
cap_des_seselets;ICONGFS;2026-10-08T08:00;GFS;0.40;1.00;27.0;9.7;0.00;94.0;GFS
cap_des_seselets;ICONGFS;2026-10-08T09:00;GFS;1.20;1.40;342.0;11.0;0.00;95.0;GFS
cap_des_seselets;ICONGFS;2026-10-08T10:00;GFS;2.60;1.90;324.0;13.2;0.00;98.0;GFS
cap_des_seselets;ICONGFS;2026-10-08T11:00;GFS;3.70;2.50;321.0;15.1;0.00;100.0;GFS
cap_des_seselets;ICONGFS;2026-10-08T12:00;GFS;4.10;3.30;319.0;16.4;0.00;100.0;GFS
cap_des_seselets;ICONGFS;2026-10-08T13:00;GFS;4.10;4.10;319.0;17.5;0.00;100.0;GFS
cap_des_seselets;ICONGFS;2026-10-08T14:00;GFS;4.00;4.50;313.0;18.3;0.00;100.0;GFS
cap_des_seselets;ICONGFS;2026-10-08T15:00;GFS;4.00;4.10;305.0;18.8;0.00;100.0;GFS
cap_des_seselets;ICONGFS;2026-10-08T16:00;GFS;3.80;3.10;294.0;18.9;0.00;100.0;GFS
cap_des_seselets;ICONGFS;2026-10-08T17:00;GFS;3.60;2.30;283.0;18.4;0.00;100.0;GFS
cap_des_seselets;ICONGFS;2026-10-08T18:00;GFS;2.60;1.70;261.0;16.6;0.00;100.0;GFS
cap_des_seselets;ICONGFS;2026-10-08T19:00;GFS;2.10;1.20;221.0;14.2;0.00;100.0;GFS
cap_des_seselets;ICONGFS;2026-10-08T20:00;GFS;2.30;0.80;185.0;12.4;0.00;100.0;GFS
cap_des_seselets;ICONGFS;2026-10-08T21:00;GFS;2.00;0.80;163.0;11.8;0.00;100.0;GFS
cap_des_seselets;ICONGFS;2026-10-08T22:00;GFS;1.40;0.80;135.0;11.8;0.00;100.0;GFS
cap_des_seselets;ICONGFS;2026-10-08T23:00;GFS;1.20;1.00;99.0;11.8;0.00;100.0;GFS
cap_des_seselets;ICONGFS;2026-10-09T00:00;GFS;0.80;1.00;90.0;11.4;0.00;100.0;GFS
cap_des_seselets;ICONGFS;2026-10-09T01:00;GFS;0.20;0.80;90.0;11.0;0.00;100.0;GFS
cap_des_seselets;ICONGFS;2026-10-09T02:00;GFS;0.40;0.80;270.0;10.6;0.00;100.0;GFS
cap_des_seselets;ICONGFS;2026-10-09T03:00;GFS;0.80;1.00;270.0;10.2;0.00;92.0;GFS
cap_des_seselets;ICONGFS;2026-10-09T04:00;GFS;1.00;1.20;270.0;9.9;0.00;82.0;GFS
cap_des_seselets;ICONGFS;2026-10-09T05:00;GFS;1.20;1.40;270.0;9.6;0.00;75.0;GFS
cap_des_seselets;ICONGFS;2026-10-09T06:00;GFS;0.80;1.40;270.0;9.0;0.00;77.0;GFS
cap_des_seselets;ICONGFS;2026-10-09T07:00;GFS;0.40;1.20;270.0;8.5;0.00;82.0;GFS
cap_des_seselets;ICONGFS;2026-10-09T08:00;GFS;0.30;1.20;315.0;8.6;0.00;84.0;GFS
cap_des_seselets;ICONGFS;2026-10-09T09:00;GFS;1.10;1.40;301.0;9.8;0.00;79.0;GFS
cap_des_seselets;ICONGFS;2026-10-09T10:00;GFS;2.20;1.60;297.0;11.6;0.00;71.0;GFS
cap_des_seselets;ICONGFS;2026-10-09T11:00;GFS;3.00;1.70;293.0;13.3;0.00;65.0;GFS
cap_des_seselets;ICONGFS;2026-10-09T12:00;GFS;2.90;1.90;298.0;14.6;0.00;64.0;GFS
cap_des_seselets;ICONGFS;2026-10-09T13:00;GFS;2.40;2.10;305.0;15.8;0.00;66.0;GFS
cap_des_seselets;ICONGFS;2026-10-09T14:00;GFS;1.90;2.10;307.0;16.5;0.00;70.0;GFS
cap_des_seselets;ICONGFS;2026-10-09T15:00;GFS;1.60;2.10;300.0;16.5;0.00;79.0;GFS
cap_des_seselets;ICONGFS;2026-10-09T16:00;GFS;1.40;1.90;278.0;16.0;0.00;91.0;GFS
cap_des_seselets;ICONGFS;2026-10-09T17:00;GFS;1.40;2.10;262.0;15.5;0.00;100.0;GFS
cap_des_seselets;ICONGFS;2026-10-09T18:00;GFS;1.20;3.30;270.0;14.9;0.00;100.0;GFS
cap_des_seselets;ICONGFS;2026-10-09T19:00;GFS;1.20;4.70;288.0;14.1;0.00;100.0;GFS
cap_des_seselets;ICONGFS;2026-10-09T20:00;GFS;1.10;5.40;301.0;13.5;0.00;100.0;GFS
cap_des_seselets;ICONGFS;2026-10-09T21:00;GFS;1.20;4.70;309.0;13.0;0.00;100.0;GFS
cap_des_seselets;ICONGFS;2026-10-09T22:00;GFS;1.20;3.10;309.0;12.5;0.00;100.0;GFS
cap_des_seselets;ICONGFS;2026-10-09T23:00;GFS;1.00;1.90;307.0;11.9;0.00;100.0;GFS
cap_des_seselets;ICONGFS;2026-10-10T00:00;GFS;0.60;1.60;288.0;10.8;0.00;90.0;GFS
cap_des_seselets;ICONGFS;2026-10-10T01:00;GFS;0.40;1.40;207.0;9.5;0.00;75.0;GFS
cap_des_seselets;ICONGFS;2026-10-10T02:00;GFS;0.80;1.40;166.0;8.5;0.00;62.0;GFS
cap_des_seselets;ICONGFS;2026-10-10T03:00;GFS;1.00;1.20;143.0;7.8;0.00;54.0;GFS
cap_des_seselets;ICONGFS;2026-10-10T04:00;GFS;0.90;1.20;117.0;7.4;0.00;48.0;GFS
cap_des_seselets;ICONGFS;2026-10-10T05:00;GFS;1.00;1.00;101.0;7.1;0.00;41.0;GFS
cap_des_seselets;ICONGFS;2026-10-10T06:00;GFS;1.20;0.80;99.0;6.5;0.00;31.0;GFS
cap_des_seselets;ICONGFS;2026-10-10T07:00;GFS;1.40;0.80;98.0;6.1;0.00;21.0;GFS
cap_des_seselets;ICONGFS;2026-10-10T08:00;GFS;1.00;0.80;90.0;6.4;0.00;13.0;GFS
cap_des_seselets;ICONGFS;2026-10-10T09:00;GFS;1.00;1.20;349.0;8.0;0.00;8.0;GFS
cap_des_seselets;ICONGFS;2026-10-10T10:00;GFS;2.60;1.90;324.0;10.4;0.00;6.0;GFS
cap_des_seselets;ICONGFS;2026-10-10T11:00;GFS;4.00;2.50;317.0;12.6;0.00;5.0;GFS
cap_des_seselets;ICONGFS;2026-10-10T12:00;GFS;4.10;3.30;315.0;14.3;0.00;6.0;GFS
cap_des_seselets;ICONGFS;2026-10-10T13:00;GFS;3.90;3.90;311.0;15.9;0.00;9.0;GFS
cap_des_seselets;ICONGFS;2026-10-10T14:00;GFS;3.50;4.30;308.0;17.1;0.00;12.0;GFS
cap_des_seselets;ICONGFS;2026-10-10T15:00;GFS;3.40;3.90;301.0;17.9;0.00;13.0;GFS
cap_des_seselets;ICONGFS;2026-10-10T16:00;GFS;3.20;2.90;295.0;18.3;0.00;15.0;GFS
cap_des_seselets;ICONGFS;2026-10-10T17:00;GFS;2.80;2.10;286.0;17.8;0.00;16.0;GFS
cap_des_seselets;ICONGFS;2026-10-10T18:00;GFS;2.00;1.60;253.0;15.8;0.00;17.0;GFS
cap_des_seselets;ICONGFS;2026-10-10T19:00;GFS;2.30;1.20;204.0;12.9;0.00;19.0;GFS
cap_des_seselets;ICONGFS;2026-10-10T20:00;GFS;3.10;0.80;180.0;10.7;0.00;22.0;GFS
cap_des_seselets;ICONGFS;2026-10-10T21:00;GFS;3.10;0.80;162.0;9.8;0.00;28.0;GFS
cap_des_seselets;ICONGFS;2026-10-10T22:00;GFS;2.80;1.00;141.0;9.6;0.00;35.0;GFS
cap_des_seselets;ICONGFS;2026-10-10T23:00;GFS;2.80;1.20;124.0;9.4;0.00;38.0;GFS
cap_des_seselets;ICONGFS;2026-10-11T00:00;GFS;2.90;1.20;118.0;9.0;0.00;31.0;GFS
cap_des_seselets;ICONGFS;2026-10-11T01:00;GFS;2.70;1.20;120.0;8.7;0.00;20.0;GFS
cap_des_seselets;ICONGFS;2026-10-11T02:00;GFS;2.50;1.40;122.0;8.4;0.00;11.0;GFS
cap_des_seselets;ICONGFS;2026-10-11T03:00;GFS;2.40;1.60;119.0;8.1;0.00;7.0;GFS
cap_des_seselets;ICONGFS;2026-10-11T04:00;GFS;2.30;1.90;114.0;7.9;0.00;5.0;GFS
cap_des_seselets;ICONGFS;2026-10-11T05:00;GFS;2.30;2.10;110.0;7.7;0.00;3.0;GFS
cap_des_seselets;ICONGFS;2026-10-11T06:00;GFS;2.30;2.10;110.0;7.2;0.00;2.0;GFS
cap_des_seselets;ICONGFS;2026-10-11T07:00;GFS;2.30;1.90;114.0;6.8;0.00;1.0;GFS
cap_des_seselets;ICONGFS;2026-10-11T08:00;GFS;2.10;1.90;112.0;7.4;0.00;0.0;GFS
cap_des_seselets;ICONGFS;2026-10-11T09:00;GFS;1.20;1.90;90.0;9.6;0.00;0.0;GFS
cap_des_seselets;ICONGFS;2026-10-11T10:00;GFS;1.20;1.90;351.0;12.7;0.00;0.0;GFS
cap_des_seselets;ICONGFS;2026-10-11T11:00;GFS;2.30;1.90;329.0;15.4;0.00;0.0;GFS
cap_des_seselets;ICONGFS;2026-10-11T12:00;GFS;2.90;1.70;318.0;17.0;0.00;0.0;GFS
cap_des_seselets;ICONGFS;2026-10-11T13:00;GFS;3.20;1.60;308.0;18.1;0.00;0.0;GFS
cap_des_seselets;ICONGFS;2026-10-11T14:00;GFS;3.40;1.40;301.0;18.9;0.00;0.0;GFS
cap_des_seselets;ICONGFS;2026-10-11T15:00;GFS;3.20;1.60;295.0;19.4;0.00;0.0;GFS
cap_des_seselets;ICONGFS;2026-10-11T16:00;GFS;2.90;2.10;290.0;19.5;0.00;0.0;GFS
cap_des_seselets;ICONGFS;2026-10-11T17:00;GFS;2.20;2.30;280.0;18.9;0.00;0.0;GFS
cap_des_seselets;ICONGFS;2026-10-11T18:00;GFS;1.00;1.90;233.0;17.0;0.00;0.0;GFS
cap_des_seselets;ICONGFS;2026-10-11T19:00;GFS;1.80;1.60;148.0;14.4;0.00;1.0;GFS
cap_des_seselets;ICONGFS;2026-10-11T20:00;GFS;3.30;1.20;135.0;12.5;0.00;3.0;GFS
cap_des_seselets;ICONGFS;2026-10-11T21:00;GFS;4.00;1.40;129.0;11.7;0.00;4.0;GFS
cap_des_seselets;ICONGFS;2026-10-11T22:00;GFS;4.00;1.70;125.0;11.6;0.00;6.0;GFS
cap_des_seselets;ICONGFS;2026-10-11T23:00;GFS;4.10;1.90;121.0;11.6;0.00;15.0;GFS
cap_des_seselets;ICONGFS;2026-10-12T00:00;GFS;4.10;1.70;121.0;11.5;0.00;38.0;GFS
cap_des_seselets;ICONGFS;2026-10-12T01:00;GFS;3.90;1.60;127.0;11.5;0.00;68.0;GFS
cap_des_seselets;ICONGFS;2026-10-12T02:00;GFS;3.70;1.40;129.0;11.5;0.00;90.0;GFS
cap_des_seselets;ICONGFS;2026-10-12T03:00;GFS;3.60;1.40;126.0;11.3;0.00;98.0;GFS
cap_des_seselets;ICONGFS;2026-10-12T04:00;GFS;3.50;1.60;124.0;11.1;0.00;98.0;GFS
cap_des_seselets;ICONGFS;2026-10-12T05:00;GFS;3.50;1.60;124.0;10.9;0.00;98.0;GFS
cap_des_seselets;ICONGFS;2026-10-12T06:00;GFS;3.50;1.40;128.0;10.5;0.00;99.0;GFS
cap_des_seselets;ICONGFS;2026-10-12T07:00;GFS;3.40;1.00;133.0;10.3;0.00;100.0;GFS
cap_des_seselets;ICONGFS;2026-10-12T08:00;GFS;3.00;0.80;140.0;10.7;0.00;100.0;GFS
cap_des_seselets;ICONGFS;2026-10-12T09:00;GFS;2.00;0.80;151.0;12.4;0.00;100.0;GFS
cap_des_seselets;ICONGFS;2026-10-12T10:00;GFS;1.00;1.00;202.0;14.9;0.00;100.0;GFS
cap_des_seselets;ICONGFS;2026-10-12T11:00;GFS;1.60;1.60;263.0;16.9;0.00;100.0;GFS
cap_des_seselets;ICONGFS;2026-10-12T12:00;GFS;2.30;2.50;275.0;17.9;0.00;100.0;GFS
cap_des_seselets;ICONGFS;2026-10-12T13:00;GFS;3.00;3.90;281.0;18.4;0.00;100.0;GFS
cap_des_seselets;ICONGFS;2026-10-12T14:00;GFS;3.40;4.70;283.0;18.7;0.00;100.0;GFS
cap_des_seselets;ICONGFS;2026-10-12T15:00;GFS;3.40;4.90;286.0;19.0;0.00;81.0;GFS
cap_des_seselets;ICONGFS;2026-10-12T16:00;GFS;3.20;4.50;284.0;19.2;0.00;54.0;GFS
cap_des_seselets;ICONGFS;2026-10-12T17:00;GFS;2.80;3.90;282.0;18.7;0.00;32.0;GFS
cap_des_seselets;ICONGFS;2026-10-12T18:00;GFS;1.80;2.90;264.0;16.8;0.00;19.0;GFS
cap_des_seselets;ICONGFS;2026-10-12T19:00;GFS;1.30;1.70;207.0;14.2;0.00;12.0;GFS
cap_des_seselets;ICONGFS;2026-10-12T20:00;GFS;2.00;1.00;163.0;12.2;0.00;13.0;GFS
cap_des_seselets;ICONGFS;2026-10-12T21:00;GFS;2.40;1.00;145.0;11.3;0.00;28.0;GFS
cap_des_seselets;ICONGFS;2026-10-12T22:00;GFS;2.60;1.40;132.0;10.9;0.00;51.0;GFS
cap_des_seselets;ICONGFS;2026-10-12T23:00;GFS;2.60;1.60;126.0;10.6;0.00;68.0;GFS
excenevex;ICONGFS;2026-09-27T00:00;ICONCH1;3.10;5.20;210.0;16.1;0.00;0.0;ICONCH1
excenevex;ICONGFS;2026-09-27T01:00;ICONCH1;3.00;5.10;203.0;15.4;0.00;0.0;ICONCH1
excenevex;ICONGFS;2026-09-27T02:00;ICONCH1;3.80;5.40;215.0;13.8;0.00;0.0;ICONCH1
excenevex;ICONGFS;2026-09-27T03:00;ICONCH1;3.70;6.00;205.0;13.2;0.00;0.0;ICONCH1
excenevex;ICONGFS;2026-09-27T04:00;ICONCH1;2.40;5.20;215.0;14.4;0.00;0.0;ICONCH1
excenevex;ICONGFS;2026-09-27T05:00;ICONCH1;3.30;4.70;208.0;13.2;0.00;0.0;ICONCH1
excenevex;ICONGFS;2026-09-27T06:00;ICONCH1;3.40;4.90;196.0;13.3;0.00;0.0;ICONCH1
excenevex;ICONGFS;2026-09-27T07:00;ICONCH1;2.30;4.90;211.0;14.5;0.00;0.0;ICONCH1
excenevex;ICONGFS;2026-09-27T08:00;ICONCH1;2.60;3.50;216.0;14.1;0.00;0.0;ICONCH1
excenevex;ICONGFS;2026-09-27T09:00;ICONCH1;2.70;4.50;201.0;14.1;0.00;0.0;ICONCH1
excenevex;ICONGFS;2026-09-27T10:00;ICONCH1;0.60;4.10;108.0;16.1;0.00;0.0;ICONCH1
excenevex;ICONGFS;2026-09-27T11:00;ICONCH1;2.50;3.70;18.0;17.1;0.00;0.0;ICONCH1
excenevex;ICONGFS;2026-09-27T12:00;ICONCH1;3.50;5.20;19.0;18.3;0.00;0.0;ICONCH1
excenevex;ICONGFS;2026-09-27T13:00;ICONCH1;4.30;6.40;47.0;19.0;0.00;0.0;ICONCH1
excenevex;ICONGFS;2026-09-27T14:00;ICONCH1;5.10;7.40;58.0;20.0;0.00;0.0;ICONCH1
excenevex;ICONGFS;2026-09-27T15:00;ICONCH1;6.10;8.70;42.0;21.2;0.00;0.0;ICONCH1
excenevex;ICONGFS;2026-09-27T16:00;ICONCH1;6.60;9.70;56.0;21.8;0.00;0.0;ICONCH1
excenevex;ICONGFS;2026-09-27T17:00;ICONCH1;5.70;9.30;38.0;22.3;0.00;96.0;ICONCH1
excenevex;ICONGFS;2026-09-27T18:00;ICONCH1;4.80;8.00;40.0;22.4;0.00;52.0;ICONCH1
excenevex;ICONGFS;2026-09-27T19:00;ICONCH1;2.60;6.80;42.0;22.5;0.00;0.0;ICONCH1
excenevex;ICONGFS;2026-09-27T20:00;ICONCH1;1.10;3.70;121.0;21.8;0.00;0.0;ICONCH1
excenevex;ICONGFS;2026-09-27T21:00;ICONCH1;2.00;4.10;169.0;18.9;0.00;0.0;ICONCH1
excenevex;ICONGFS;2026-09-27T22:00;ICONCH1;2.60;3.90;222.0;18.1;0.00;0.0;ICONCH1
excenevex;ICONGFS;2026-09-27T23:00;ICONCH1;2.60;3.90;222.0;17.5;0.00;61.0;ICONCH1
excenevex;ICONGFS;2026-09-28T00:00;ICONCH1;2.80;4.50;205.0;15.7;0.00;86.0;ICONCH1
excenevex;ICONGFS;2026-09-28T01:00;ICONCH1;3.50;5.10;218.0;16.2;0.00;60.0;ICONCH1
excenevex;ICONGFS;2026-09-28T02:00;ICONCH1;2.80;5.10;219.0;15.6;0.00;9.0;ICONCH1
excenevex;ICONGFS;2026-09-28T03:00;ICONCH1;3.00;4.70;220.0;15.3;0.00;63.0;ICONCH1
excenevex;ICONGFS;2026-09-28T04:00;ICONCH1;3.40;4.90;227.0;14.9;0.00;33.0;ICONCH1
excenevex;ICONGFS;2026-09-28T05:00;ICONCH1;3.10;4.90;210.0;14.5;0.00;94.0;ICONCH1
excenevex;ICONGFS;2026-09-28T06:00;ICONCH1;3.10;4.70;210.0;14.5;0.00;90.0;ICONCH1
excenevex;ICONGFS;2026-09-28T07:00;ICONCH1;2.50;4.50;212.0;15.4;0.00;61.0;ICONCH1
excenevex;ICONGFS;2026-09-28T08:00;ICONCH1;2.80;4.30;205.0;15.2;0.00;66.0;ICONCH1
excenevex;ICONGFS;2026-09-28T09:00;ICONCH1;1.40;3.90;196.0;16.5;0.00;90.0;ICONCH1
excenevex;ICONGFS;2026-09-28T10:00;ICONCH1;0.90;2.10;117.0;17.9;0.00;61.0;ICONCH1
excenevex;ICONGFS;2026-09-28T11:00;ICONCH1;2.10;3.30;34.0;18.6;0.00;41.0;ICONCH1
excenevex;ICONGFS;2026-09-28T12:00;ICONCH1;3.90;5.80;18.0;19.7;0.00;6.0;ICONCH1
excenevex;ICONGFS;2026-09-28T13:00;ICONCH1;3.80;5.80;45.0;20.3;0.00;42.0;ICONCH1
excenevex;ICONGFS;2026-09-28T14:00;ICONCH1;4.70;7.00;60.0;20.9;0.00;86.0;ICONCH1
excenevex;ICONGFS;2026-09-28T15:00;ICONCH1;5.00;7.20;48.0;21.8;0.00;100.0;ICONCH1
excenevex;ICONGFS;2026-09-28T16:00;ICONCH1;4.60;7.40;54.0;22.2;0.00;90.0;ICONCH1
excenevex;ICONGFS;2026-09-28T17:00;ICONCH1;3.60;6.60;49.0;22.5;0.00;97.0;ICONCH1
excenevex;ICONGFS;2026-09-28T18:00;ICONCH2;2.60;4.50;27.0;23.0;0.00;99.0;ICONCH2
excenevex;ICONGFS;2026-09-28T19:00;ICONCH2;1.90;3.70;45.0;22.9;0.00;100.0;ICONCH2
excenevex;ICONGFS;2026-09-28T20:00;ICONCH2;1.80;3.10;84.0;22.4;0.00;100.0;ICONCH2
excenevex;ICONGFS;2026-09-28T21:00;ICONCH2;2.70;3.70;180.0;20.9;0.00;100.0;ICONCH2
excenevex;ICONGFS;2026-09-28T22:00;ICONCH2;2.10;4.90;185.0;18.9;0.00;100.0;ICONCH2
excenevex;ICONGFS;2026-09-28T23:00;ICONCH2;2.20;3.10;225.0;18.5;0.00;100.0;ICONCH2
excenevex;ICONGFS;2026-09-29T00:00;ICONCH2;2.20;3.50;195.0;18.3;0.00;99.0;ICONCH2
excenevex;ICONGFS;2026-09-29T01:00;ICONCH2;2.90;3.90;184.0;17.6;0.00;100.0;ICONCH2
excenevex;ICONGFS;2026-09-29T02:00;ICONCH2;2.80;3.90;196.0;17.4;0.00;89.0;ICONCH2
excenevex;ICONGFS;2026-09-29T03:00;ICONCH2;2.90;3.90;188.0;17.0;0.00;100.0;ICONCH2
excenevex;ICONGFS;2026-09-29T04:00;ICONCH2;2.30;3.90;200.0;16.8;0.00;100.0;ICONCH2
excenevex;ICONGFS;2026-09-29T05:00;ICONCH2;2.50;3.30;203.0;16.7;0.00;100.0;ICONCH2
excenevex;ICONGFS;2026-09-29T06:00;ICONCH2;2.70;3.50;201.0;16.7;0.00;100.0;ICONCH2
excenevex;ICONGFS;2026-09-29T07:00;ICONCH2;2.50;3.50;203.0;16.5;0.00;64.0;ICONCH2
excenevex;ICONGFS;2026-09-29T08:00;ICONCH2;2.30;3.50;204.0;16.2;0.00;90.0;ICONCH2
excenevex;ICONGFS;2026-09-29T09:00;ICONCH2;1.70;3.30;216.0;17.0;0.00;91.0;ICONCH2
excenevex;ICONGFS;2026-09-29T10:00;ICONCH2;1.20;2.30;270.0;18.2;0.00;100.0;ICONCH2
excenevex;ICONGFS;2026-09-29T11:00;ICONCH2;1.80;2.50;18.0;18.8;0.00;54.0;ICONCH2
excenevex;ICONGFS;2026-09-29T12:00;ICONCH2;2.90;3.90;28.0;19.6;0.00;92.0;ICONCH2
excenevex;ICONGFS;2026-09-29T13:00;ICONCH2;3.30;4.50;62.0;20.2;0.00;100.0;ICONCH2
excenevex;ICONGFS;2026-09-29T14:00;ICONCH2;4.00;5.40;51.0;21.2;0.00;100.0;ICONCH2
excenevex;ICONGFS;2026-09-29T15:00;ICONCH2;4.30;5.80;51.0;22.0;0.00;100.0;ICONCH2
excenevex;ICONGFS;2026-09-29T16:00;ICONCH2;4.20;5.60;53.0;22.4;0.00;100.0;ICONCH2
excenevex;ICONGFS;2026-09-29T17:00;ICONCH2;4.00;5.80;47.0;22.5;0.00;100.0;ICONCH2
excenevex;ICONGFS;2026-09-29T18:00;ICONCH2;2.90;5.40;70.0;22.7;0.00;100.0;ICONCH2
excenevex;ICONGFS;2026-09-29T19:00;ICONCH2;1.40;4.10;82.0;22.9;0.00;100.0;ICONCH2
excenevex;ICONGFS;2026-09-29T20:00;ICONCH2;0.40;2.10;63.0;22.5;0.00;100.0;ICONCH2
excenevex;ICONGFS;2026-09-29T21:00;ICONCH2;3.10;4.10;145.0;20.4;0.00;100.0;ICONCH2
excenevex;ICONGFS;2026-09-29T22:00;ICONCH2;2.40;5.40;194.0;19.1;0.00;100.0;ICONCH2
excenevex;ICONGFS;2026-09-29T23:00;ICONCH2;2.60;4.10;207.0;19.1;0.00;100.0;ICONCH2
excenevex;ICONGFS;2026-09-30T00:00;ICONCH2;2.00;3.50;197.0;18.5;0.00;100.0;ICONCH2
excenevex;ICONGFS;2026-09-30T01:00;ICONCH2;2.60;3.70;193.0;17.7;0.00;96.0;ICONCH2
excenevex;ICONGFS;2026-09-30T02:00;ICONCH2;2.70;3.90;184.0;17.1;0.00;80.0;ICONCH2
excenevex;ICONGFS;2026-09-30T03:00;ICONCH2;1.80;3.90;186.0;17.0;0.00;100.0;ICONCH2
excenevex;ICONGFS;2026-09-30T04:00;ICONCH2;1.80;3.10;198.0;16.9;0.00;72.0;ICONCH2
excenevex;ICONGFS;2026-09-30T05:00;ICONCH2;2.30;3.90;200.0;16.9;0.00;75.0;ICONCH2
excenevex;ICONGFS;2026-09-30T06:00;ICONCH2;2.30;3.10;180.0;17.0;0.00;80.0;ICONCH2
excenevex;ICONGFS;2026-09-30T07:00;ICONCH2;1.70;3.90;207.0;17.3;0.00;90.0;ICONCH2
excenevex;ICONGFS;2026-09-30T08:00;ICONCH2;2.10;3.50;175.0;17.4;0.00;75.0;ICONCH2
excenevex;ICONGFS;2026-09-30T09:00;ICONCH2;1.30;3.30;207.0;18.0;0.00;83.0;ICONCH2
excenevex;ICONGFS;2026-09-30T10:00;ICONCH2;1.00;2.30;270.0;18.9;0.00;56.0;ICONCH2
excenevex;ICONGFS;2026-09-30T11:00;ICONCH2;1.70;2.30;27.0;19.3;0.00;49.0;ICONCH2
excenevex;ICONGFS;2026-09-30T12:00;ICONCH2;2.90;3.90;37.0;19.9;0.00;50.0;ICONCH2
excenevex;ICONGFS;2026-09-30T13:00;ICONCH2;3.70;4.90;65.0;20.5;0.00;60.0;ICONCH2
excenevex;ICONGFS;2026-09-30T14:00;ICONCH2;3.90;5.60;63.0;21.5;0.00;68.0;ICONCH2
excenevex;ICONGFS;2026-09-30T15:00;ICONCH2;5.70;7.40;66.0;22.3;0.00;53.0;ICONCH2
excenevex;ICONGFS;2026-09-30T16:00;ICONCH2;6.60;8.40;71.0;23.0;0.00;37.0;ICONCH2
excenevex;ICONGFS;2026-09-30T17:00;ICONCH2;5.60;8.60;54.0;23.8;0.00;29.0;ICONCH2
excenevex;ICONGFS;2026-09-30T18:00;ICONCH2;4.80;7.20;58.0;24.1;0.00;100.0;ICONCH2
excenevex;ICONGFS;2026-09-30T19:00;ICONCH2;5.40;7.00;322.0;23.5;0.00;100.0;ICONCH2
excenevex;ICONGFS;2026-09-30T20:00;ICONCH2;2.00;7.00;169.0;21.8;0.00;100.0;ICONCH2
excenevex;ICONGFS;2026-09-30T21:00;ICONCH2;2.80;4.70;219.0;19.5;0.00;100.0;ICONCH2
excenevex;ICONGFS;2026-09-30T22:00;ICONCH2;3.00;4.10;297.0;20.8;0.00;100.0;ICONCH2
excenevex;ICONGFS;2026-09-30T23:00;ICONCH2;2.30;4.10;246.0;19.1;0.00;100.0;ICONCH2
excenevex;ICONGFS;2026-10-01T00:00;ICONCH2;2.10;3.10;214.0;17.4;0.00;100.0;ICONCH2
excenevex;ICONGFS;2026-10-01T01:00;ICONCH2;1.70;2.90;201.0;17.3;0.00;100.0;ICONCH2
excenevex;ICONGFS;2026-10-01T02:00;ICONCH2;1.80;2.30;174.0;17.2;0.00;100.0;ICONCH2
excenevex;ICONGFS;2026-10-01T03:00;ICONCH2;2.10;2.90;185.0;16.9;0.00;100.0;ICONCH2
excenevex;ICONGFS;2026-10-01T04:00;ICONCH2;2.50;3.50;184.0;17.4;0.00;100.0;ICONCH2
excenevex;ICONGFS;2026-10-01T05:00;ICONCH2;2.30;3.50;180.0;17.3;0.00;100.0;ICONCH2
excenevex;ICONGFS;2026-10-01T06:00;ICONCH2;2.60;3.50;171.0;17.6;0.00;100.0;ICONCH2
excenevex;ICONGFS;2026-10-01T07:00;ICONCH2;2.10;3.50;185.0;17.5;0.00;100.0;ICONCH2
excenevex;ICONGFS;2026-10-01T08:00;ICONCH2;2.10;3.10;180.0;17.6;0.00;100.0;ICONCH2
excenevex;ICONGFS;2026-10-01T09:00;ICONCH2;1.40;3.10;196.0;18.1;0.00;100.0;ICONCH2
excenevex;ICONGFS;2026-10-01T10:00;ICONCH2;0.80;1.90;194.0;19.0;0.00;100.0;ICONCH2
excenevex;ICONGFS;2026-10-01T11:00;ICONCH2;0.20;1.20;180.0;19.6;0.00;100.0;ICONCH2
excenevex;ICONGFS;2026-10-01T12:00;ICONCH2;1.70;2.30;27.0;20.0;0.00;100.0;ICONCH2
excenevex;ICONGFS;2026-10-01T13:00;ICONCH2;0.50;2.50;45.0;20.8;0.00;99.0;ICONCH2
excenevex;ICONGFS;2026-10-01T14:00;ICONCH2;4.50;6.00;211.0;23.2;0.00;100.0;ICONCH2
excenevex;ICONGFS;2026-10-01T15:00;ICONCH2;7.80;14.20;226.0;23.3;0.00;100.0;ICONCH2
excenevex;ICONGFS;2026-10-01T16:00;ICONCH2;5.30;9.90;197.0;23.2;0.00;100.0;ICONCH2
excenevex;ICONGFS;2026-10-01T17:00;ICONCH2;8.30;11.70;213.0;22.9;0.00;100.0;ICONCH2
excenevex;ICONGFS;2026-10-01T18:00;ICONCH2;6.20;10.50;204.0;22.1;0.00;100.0;ICONCH2
excenevex;ICONGFS;2026-10-01T19:00;ICONCH2;5.70;8.70;207.0;20.9;0.10;100.0;ICONCH2
excenevex;ICONGFS;2026-10-01T20:00;ICONCH2;3.00;7.20;195.0;19.9;0.20;100.0;ICONCH2
excenevex;ICONGFS;2026-10-01T21:00;ICONCH2;2.50;4.10;247.0;19.1;0.10;100.0;ICONCH2
excenevex;ICONGFS;2026-10-01T22:00;ICONCH2;2.60;3.70;193.0;18.2;0.10;100.0;ICONCH2
excenevex;ICONGFS;2026-10-01T23:00;ICONCH2;3.10;4.10;162.0;18.1;0.10;100.0;ICONCH2
excenevex;ICONGFS;2026-10-02T00:00;ICON13KM;3.70;5.60;9.0;18.7;0.00;97.0;ICON13KM
excenevex;ICONGFS;2026-10-02T01:00;ICON13KM;4.30;6.40;8.0;18.4;0.00;94.0;ICON13KM
excenevex;ICONGFS;2026-10-02T02:00;ICON13KM;4.90;7.20;7.0;18.1;0.00;91.0;ICON13KM
excenevex;ICONGFS;2026-10-02T03:00;ICON13KM;5.10;7.60;9.0;18.0;0.00;91.0;ICON13KM
excenevex;ICONGFS;2026-10-02T04:00;ICON13KM;5.30;7.80;8.0;17.9;0.00;91.0;ICON13KM
excenevex;ICONGFS;2026-10-02T05:00;ICON13KM;5.30;8.00;10.0;17.8;0.00;91.0;ICON13KM
excenevex;ICONGFS;2026-10-02T06:00;ICON13KM;5.60;8.40;12.0;17.5;0.00;86.0;ICON13KM
excenevex;ICONGFS;2026-10-02T07:00;ICON13KM;5.80;8.70;12.0;17.2;0.00;82.0;ICON13KM
excenevex;ICONGFS;2026-10-02T08:00;ICON13KM;6.00;9.10;13.0;17.0;0.00;77.0;ICON13KM
excenevex;ICONGFS;2026-10-02T09:00;ICON13KM;7.40;11.70;14.0;17.0;0.00;81.0;ICON13KM
excenevex;ICONGFS;2026-10-02T10:00;ICON13KM;8.30;13.20;24.0;17.4;0.00;91.0;ICON13KM
excenevex;ICONGFS;2026-10-02T11:00;ICON13KM;9.30;14.60;31.0;18.0;0.00;100.0;ICON13KM
excenevex;ICONGFS;2026-10-02T12:00;ICON13KM;10.00;15.70;37.0;18.7;0.00;95.0;ICON13KM
excenevex;ICONGFS;2026-10-02T13:00;ICON13KM;10.70;16.90;42.0;19.6;0.00;91.0;ICON13KM
excenevex;ICONGFS;2026-10-02T14:00;ICON13KM;11.30;17.70;45.0;20.4;0.00;86.0;ICON13KM
excenevex;ICONGFS;2026-10-02T15:00;ICON13KM;11.50;18.30;46.0;20.9;0.00;74.0;ICON13KM
excenevex;ICONGFS;2026-10-02T16:00;ICON13KM;11.80;18.50;46.0;21.2;0.00;61.0;ICON13KM
excenevex;ICONGFS;2026-10-02T17:00;ICON13KM;11.70;18.50;46.0;21.2;0.00;49.0;ICON13KM
excenevex;ICONGFS;2026-10-02T18:00;ICON13KM;11.10;18.50;43.0;20.7;0.00;45.0;ICON13KM
excenevex;ICONGFS;2026-10-02T19:00;ICON13KM;10.40;18.10;37.0;19.9;0.00;40.0;ICON13KM
excenevex;ICONGFS;2026-10-02T20:00;ICON13KM;9.60;17.30;32.0;19.2;0.00;36.0;ICON13KM
excenevex;ICONGFS;2026-10-02T21:00;ICON13KM;8.70;15.70;27.0;18.7;0.00;47.0;ICON13KM
excenevex;ICONGFS;2026-10-02T22:00;ICON13KM;7.80;13.80;22.0;18.2;0.00;58.0;ICON13KM
excenevex;ICONGFS;2026-10-02T23:00;ICON13KM;6.90;12.10;18.0;17.9;0.00;69.0;ICON13KM
excenevex;ICONGFS;2026-10-03T00:00;ICON13KM;6.30;10.70;16.0;17.6;0.00;73.0;ICON13KM
excenevex;ICONGFS;2026-10-03T01:00;ICON13KM;5.50;9.50;17.0;17.4;0.00;78.0;ICON13KM
excenevex;ICONGFS;2026-10-03T02:00;ICON13KM;5.10;8.60;18.0;17.2;0.00;82.0;ICON13KM
excenevex;ICONGFS;2026-10-03T03:00;ICON13KM;4.90;8.20;18.0;16.9;0.00;76.0;ICON13KM
excenevex;ICONGFS;2026-10-03T04:00;ICON13KM;4.90;8.00;16.0;16.6;0.00;70.0;ICON13KM
excenevex;ICONGFS;2026-10-03T05:00;ICON13KM;4.90;7.80;16.0;16.3;0.00;64.0;ICON13KM
excenevex;ICONGFS;2026-10-03T06:00;ICON13KM;4.60;7.40;15.0;16.0;0.00;71.0;ICON13KM
excenevex;ICONGFS;2026-10-03T07:00;ICON13KM;4.40;6.80;13.0;15.7;0.00;77.0;ICON13KM
excenevex;ICONGFS;2026-10-03T08:00;ICON13KM;4.00;6.40;11.0;15.7;0.00;84.0;ICON13KM
excenevex;ICONGFS;2026-10-03T09:00;ICON13KM;3.60;6.40;16.0;16.1;0.00;83.0;ICON13KM
excenevex;ICONGFS;2026-10-03T10:00;ICON13KM;3.20;6.40;25.0;16.7;0.00;82.0;ICON13KM
excenevex;ICONGFS;2026-10-03T11:00;ICON13KM;2.50;6.20;32.0;17.5;0.00;81.0;ICON13KM
excenevex;ICONGFS;2026-10-03T12:00;ICON13KM;1.40;5.40;45.0;18.6;0.00;54.0;ICON13KM
excenevex;ICONGFS;2026-10-03T13:00;ICON13KM;0.60;4.50;162.0;19.8;0.00;27.0;ICON13KM
excenevex;ICONGFS;2026-10-03T14:00;ICON13KM;1.80;4.10;193.0;20.9;0.00;0.0;ICON13KM
excenevex;ICONGFS;2026-10-03T15:00;ICON13KM;2.80;4.70;192.0;21.7;0.00;0.0;ICON13KM
excenevex;ICONGFS;2026-10-03T16:00;ICON13KM;3.30;5.60;187.0;22.4;0.00;1.0;ICON13KM
excenevex;ICONGFS;2026-10-03T17:00;ICON13KM;3.50;6.20;186.0;22.8;0.00;1.0;ICON13KM
excenevex;ICONGFS;2026-10-03T18:00;ICON13KM;3.10;5.80;187.0;23.0;0.00;10.0;ICON13KM
excenevex;ICONGFS;2026-10-03T19:00;ICON13KM;2.30;5.20;185.0;23.0;0.00;20.0;ICON13KM
excenevex;ICONGFS;2026-10-03T20:00;ICON13KM;1.20;4.70;189.0;22.5;0.00;29.0;ICON13KM
excenevex;ICONGFS;2026-10-03T21:00;ICON13KM;0.50;4.70;315.0;21.1;0.00;53.0;ICON13KM
excenevex;ICONGFS;2026-10-03T22:00;ICON13KM;2.30;5.10;340.0;19.3;0.00;76.0;ICON13KM
excenevex;ICONGFS;2026-10-03T23:00;ICON13KM;3.40;5.20;344.0;17.9;0.00;100.0;ICON13KM
excenevex;ICONGFS;2026-10-04T00:00;ICON13KM;3.70;5.20;342.0;17.4;0.00;100.0;ICON13KM
excenevex;ICONGFS;2026-10-04T01:00;ICON13KM;3.50;5.10;341.0;17.3;0.00;100.0;ICON13KM
excenevex;ICONGFS;2026-10-04T02:00;ICON13KM;3.20;5.10;335.0;17.3;0.00;100.0;ICON13KM
excenevex;ICONGFS;2026-10-04T03:00;ICON13KM;3.20;5.20;322.0;17.2;0.00;86.0;ICON13KM
excenevex;ICONGFS;2026-10-04T04:00;ICON13KM;3.30;5.40;310.0;17.3;0.00;72.0;ICON13KM
excenevex;ICONGFS;2026-10-04T05:00;ICON13KM;3.50;5.40;304.0;17.2;0.00;58.0;ICON13KM
excenevex;ICONGFS;2026-10-04T06:00;ICON13KM;3.50;5.40;308.0;16.8;0.00;59.0;ICON13KM
excenevex;ICONGFS;2026-10-04T07:00;ICON13KM;3.30;5.20;315.0;16.3;0.00;60.0;ICON13KM
excenevex;ICONGFS;2026-10-04T08:00;ICON13KM;3.10;5.10;325.0;16.2;0.00;61.0;ICON13KM
excenevex;ICONGFS;2026-10-04T09:00;ICON13KM;2.90;5.10;332.0;16.8;0.00;41.0;ICON13KM
excenevex;ICONGFS;2026-10-04T10:00;ICON13KM;2.50;5.20;342.0;17.8;0.00;21.0;ICON13KM
excenevex;ICONGFS;2026-10-04T11:00;ICON13KM;1.80;5.20;342.0;18.8;0.00;1.0;ICON13KM
excenevex;ICONGFS;2026-10-04T12:00;ICON13KM;0.70;5.20;304.0;19.9;0.00;1.0;ICON13KM
excenevex;ICONGFS;2026-10-04T13:00;ICON13KM;1.60;5.40;210.0;21.0;0.00;0.0;ICON13KM
excenevex;ICONGFS;2026-10-04T14:00;ICON13KM;2.70;5.40;201.0;21.8;0.00;0.0;ICON13KM
excenevex;ICONGFS;2026-10-04T15:00;GFS;10.50;11.50;236.0;16.2;0.70;100.0;GFS
excenevex;ICONGFS;2026-10-04T16:00;GFS;9.80;11.10;235.0;15.8;0.70;100.0;GFS
excenevex;ICONGFS;2026-10-04T17:00;GFS;9.60;10.90;232.0;15.6;0.70;100.0;GFS
excenevex;ICONGFS;2026-10-04T18:00;GFS;10.60;12.10;230.0;15.4;1.50;100.0;GFS
excenevex;ICONGFS;2026-10-04T19:00;GFS;12.00;13.80;228.0;15.4;1.50;100.0;GFS
excenevex;ICONGFS;2026-10-04T20:00;GFS;12.80;14.60;227.0;15.3;1.50;100.0;GFS
excenevex;ICONGFS;2026-10-04T21:00;GFS;12.80;13.80;226.0;15.1;1.10;100.0;GFS
excenevex;ICONGFS;2026-10-04T22:00;GFS;12.00;12.40;224.0;15.0;1.10;100.0;GFS
excenevex;ICONGFS;2026-10-04T23:00;GFS;11.30;11.10;225.0;14.9;1.10;100.0;GFS
excenevex;ICONGFS;2026-10-05T00:00;GFS;10.60;10.50;229.0;14.8;1.30;100.0;GFS
excenevex;ICONGFS;2026-10-05T01:00;GFS;10.20;10.10;235.0;14.7;1.30;100.0;GFS
excenevex;ICONGFS;2026-10-05T02:00;GFS;9.40;9.30;240.0;14.7;1.30;100.0;GFS
excenevex;ICONGFS;2026-10-05T03:00;GFS;8.60;7.60;242.0;14.7;0.80;100.0;GFS
excenevex;ICONGFS;2026-10-05T04:00;GFS;7.50;5.20;242.0;14.7;0.80;100.0;GFS
excenevex;ICONGFS;2026-10-05T05:00;GFS;5.90;3.50;243.0;14.8;0.80;100.0;GFS
excenevex;ICONGFS;2026-10-05T06:00;GFS;3.80;2.50;249.0;14.7;0.60;98.0;GFS
excenevex;ICONGFS;2026-10-05T07:00;GFS;1.40;2.10;286.0;14.6;0.60;95.0;GFS
excenevex;ICONGFS;2026-10-05T08:00;GFS;2.00;2.10;11.0;14.7;0.60;93.0;GFS
excenevex;ICONGFS;2026-10-05T09:00;GFS;3.60;2.90;22.0;15.0;0.10;96.0;GFS
excenevex;ICONGFS;2026-10-05T10:00;GFS;5.00;4.50;26.0;15.6;0.10;100.0;GFS
excenevex;ICONGFS;2026-10-05T11:00;GFS;6.20;5.60;28.0;16.2;0.10;100.0;GFS
excenevex;ICONGFS;2026-10-05T12:00;GFS;7.10;6.40;37.0;16.9;0.00;92.0;GFS
excenevex;ICONGFS;2026-10-05T13:00;GFS;8.10;7.00;46.0;17.7;0.00;80.0;GFS
excenevex;ICONGFS;2026-10-05T14:00;GFS;9.00;7.80;49.0;18.4;0.00;74.0;GFS
excenevex;ICONGFS;2026-10-05T15:00;GFS;9.90;8.70;47.0;19.0;0.00;79.0;GFS
excenevex;ICONGFS;2026-10-05T16:00;GFS;10.80;9.90;41.0;19.4;0.00;90.0;GFS
excenevex;ICONGFS;2026-10-05T17:00;GFS;11.60;11.50;35.0;19.6;0.00;98.0;GFS
excenevex;ICONGFS;2026-10-05T18:00;GFS;12.80;14.20;28.0;19.1;0.00;100.0;GFS
excenevex;ICONGFS;2026-10-05T19:00;GFS;14.20;17.30;21.0;18.3;0.00;100.0;GFS
excenevex;ICONGFS;2026-10-05T20:00;GFS;15.10;19.40;17.0;17.6;0.00;100.0;GFS
excenevex;ICONGFS;2026-10-05T21:00;GFS;14.90;19.60;17.0;17.2;0.00;100.0;GFS
excenevex;ICONGFS;2026-10-05T22:00;GFS;13.80;18.70;20.0;17.0;0.00;100.0;GFS
excenevex;ICONGFS;2026-10-05T23:00;GFS;13.20;17.70;22.0;16.8;0.00;100.0;GFS
excenevex;ICONGFS;2026-10-06T00:00;GFS;12.90;17.30;21.0;16.3;0.00;100.0;GFS
excenevex;ICONGFS;2026-10-06T01:00;GFS;12.80;16.70;20.0;15.8;0.00;100.0;GFS
excenevex;ICONGFS;2026-10-06T02:00;GFS;12.70;16.30;18.0;15.3;0.00;100.0;GFS
excenevex;ICONGFS;2026-10-06T03:00;GFS;12.50;15.90;16.0;14.8;0.00;100.0;GFS
excenevex;ICONGFS;2026-10-06T04:00;GFS;12.70;15.40;15.0;14.4;0.00;100.0;GFS
excenevex;ICONGFS;2026-10-06T05:00;GFS;12.40;14.80;14.0;14.0;0.00;100.0;GFS
excenevex;ICONGFS;2026-10-06T06:00;GFS;11.90;14.20;12.0;13.6;0.00;100.0;GFS
excenevex;ICONGFS;2026-10-06T07:00;GFS;11.30;13.40;11.0;13.2;0.00;100.0;GFS
excenevex;ICONGFS;2026-10-06T08:00;GFS;10.70;12.40;10.0;13.2;0.00;100.0;GFS
excenevex;ICONGFS;2026-10-06T09:00;GFS;10.00;10.70;13.0;13.7;0.00;100.0;GFS
excenevex;ICONGFS;2026-10-06T10:00;GFS;9.40;8.60;18.0;14.6;0.00;100.0;GFS
excenevex;ICONGFS;2026-10-06T11:00;GFS;8.60;6.80;23.0;15.5;0.00;100.0;GFS
excenevex;ICONGFS;2026-10-06T12:00;GFS;7.30;5.40;29.0;16.3;0.00;96.0;GFS
excenevex;ICONGFS;2026-10-06T13:00;GFS;5.70;4.30;38.0;17.2;0.00;89.0;GFS
excenevex;ICONGFS;2026-10-06T14:00;GFS;5.00;3.90;51.0;17.9;0.00;81.0;GFS
excenevex;ICONGFS;2026-10-06T15:00;GFS;5.70;4.30;63.0;18.4;0.00;66.0;GFS
excenevex;ICONGFS;2026-10-06T16:00;GFS;6.90;5.20;68.0;18.9;0.00;50.0;GFS
excenevex;ICONGFS;2026-10-06T17:00;GFS;7.40;6.20;67.0;19.0;0.00;43.0;GFS
excenevex;ICONGFS;2026-10-06T18:00;GFS;6.90;7.20;52.0;18.6;0.00;56.0;GFS
excenevex;ICONGFS;2026-10-06T19:00;GFS;7.00;8.20;24.0;17.8;0.00;79.0;GFS
excenevex;ICONGFS;2026-10-06T20:00;GFS;7.50;8.60;7.0;17.1;0.00;95.0;GFS
excenevex;ICONGFS;2026-10-06T21:00;GFS;6.60;7.60;360.0;16.4;0.00;100.0;GFS
excenevex;ICONGFS;2026-10-06T22:00;GFS;5.10;6.00;353.0;15.7;0.00;98.0;GFS
excenevex;ICONGFS;2026-10-06T23:00;GFS;3.60;4.70;344.0;15.1;0.00;90.0;GFS
excenevex;ICONGFS;2026-10-07T00:00;GFS;3.00;3.70;337.0;14.6;0.00;70.0;GFS
excenevex;ICONGFS;2026-10-07T01:00;GFS;2.40;2.70;331.0;14.1;0.00;44.0;GFS
excenevex;ICONGFS;2026-10-07T02:00;GFS;1.90;2.10;323.0;13.8;0.00;27.0;GFS
excenevex;ICONGFS;2026-10-07T03:00;GFS;1.80;1.90;302.0;13.5;0.00;31.0;GFS
excenevex;ICONGFS;2026-10-07T04:00;GFS;2.20;2.10;280.0;13.3;0.00;44.0;GFS
excenevex;ICONGFS;2026-10-07T05:00;GFS;2.30;2.10;275.0;13.1;0.00;52.0;GFS
excenevex;ICONGFS;2026-10-07T06:00;GFS;2.00;2.10;287.0;12.8;0.00;47.0;GFS
excenevex;ICONGFS;2026-10-07T07:00;GFS;1.80;2.10;319.0;12.5;0.00;37.0;GFS
excenevex;ICONGFS;2026-10-07T08:00;GFS;1.80;2.10;347.0;12.6;0.00;28.0;GFS
excenevex;ICONGFS;2026-10-07T09:00;GFS;1.60;2.10;7.0;13.3;0.00;22.0;GFS
excenevex;ICONGFS;2026-10-07T10:00;GFS;1.20;1.90;39.0;14.4;0.00;18.0;GFS
excenevex;ICONGFS;2026-10-07T11:00;GFS;1.40;1.90;74.0;15.4;0.00;15.0;GFS
excenevex;ICONGFS;2026-10-07T12:00;GFS;1.80;1.90;103.0;16.0;0.00;12.0;GFS
excenevex;ICONGFS;2026-10-07T13:00;GFS;2.50;1.70;122.0;16.5;0.00;10.0;GFS
excenevex;ICONGFS;2026-10-07T14:00;GFS;2.90;1.70;127.0;17.0;0.00;13.0;GFS
excenevex;ICONGFS;2026-10-07T15:00;GFS;2.60;1.60;126.0;17.6;0.00;25.0;GFS
excenevex;ICONGFS;2026-10-07T16:00;GFS;2.00;1.40;119.0;18.2;0.00;42.0;GFS
excenevex;ICONGFS;2026-10-07T17:00;GFS;1.40;1.70;98.0;18.6;0.00;57.0;GFS
excenevex;ICONGFS;2026-10-07T18:00;GFS;1.50;2.90;50.0;18.6;0.00;70.0;GFS
excenevex;ICONGFS;2026-10-07T19:00;GFS;2.60;4.70;17.0;18.5;0.00;82.0;GFS
excenevex;ICONGFS;2026-10-07T20:00;GFS;3.70;6.00;9.0;18.2;0.00;88.0;GFS
excenevex;ICONGFS;2026-10-07T21:00;GFS;4.50;6.60;2.0;17.7;0.00;83.0;GFS
excenevex;ICONGFS;2026-10-07T22:00;GFS;4.90;7.00;355.0;17.1;0.00;73.0;GFS
excenevex;ICONGFS;2026-10-07T23:00;GFS;5.30;7.20;354.0;16.5;0.00;68.0;GFS
excenevex;ICONGFS;2026-10-08T00:00;GFS;5.30;7.20;354.0;15.9;0.00;74.0;GFS
excenevex;ICONGFS;2026-10-08T01:00;GFS;5.10;6.80;356.0;15.3;0.00;84.0;GFS
excenevex;ICONGFS;2026-10-08T02:00;GFS;5.10;6.80;358.0;14.9;0.00;93.0;GFS
excenevex;ICONGFS;2026-10-08T03:00;GFS;5.30;7.20;2.0;14.6;0.00;97.0;GFS
excenevex;ICONGFS;2026-10-08T04:00;GFS;5.50;7.80;6.0;14.5;0.00;99.0;GFS
excenevex;ICONGFS;2026-10-08T05:00;GFS;5.70;8.20;10.0;14.4;0.00;100.0;GFS
excenevex;ICONGFS;2026-10-08T06:00;GFS;6.10;8.40;7.0;14.3;0.00;100.0;GFS
excenevex;ICONGFS;2026-10-08T07:00;GFS;6.40;8.20;5.0;14.3;0.00;100.0;GFS
excenevex;ICONGFS;2026-10-08T08:00;GFS;6.70;8.00;7.0;14.5;0.00;100.0;GFS
excenevex;ICONGFS;2026-10-08T09:00;GFS;6.30;7.20;16.0;15.0;0.00;92.0;GFS
excenevex;ICONGFS;2026-10-08T10:00;GFS;6.10;6.20;31.0;15.6;0.00;81.0;GFS
excenevex;ICONGFS;2026-10-08T11:00;GFS;6.20;5.60;44.0;16.4;0.00;76.0;GFS
excenevex;ICONGFS;2026-10-08T12:00;GFS;6.30;5.80;54.0;17.2;0.00;83.0;GFS
excenevex;ICONGFS;2026-10-08T13:00;GFS;6.40;6.20;61.0;18.0;0.00;96.0;GFS
excenevex;ICONGFS;2026-10-08T14:00;GFS;7.00;7.00;63.0;18.8;0.00;100.0;GFS
excenevex;ICONGFS;2026-10-08T15:00;GFS;7.80;7.80;58.0;19.5;0.00;83.0;GFS
excenevex;ICONGFS;2026-10-08T16:00;GFS;9.10;8.70;50.0;20.2;0.00;57.0;GFS
excenevex;ICONGFS;2026-10-08T17:00;GFS;10.00;9.90;43.0;20.5;0.00;44.0;GFS
excenevex;ICONGFS;2026-10-08T18:00;GFS;10.20;11.70;33.0;20.0;0.00;56.0;GFS
excenevex;ICONGFS;2026-10-08T19:00;GFS;10.50;13.60;22.0;19.0;0.00;81.0;GFS
excenevex;ICONGFS;2026-10-08T20:00;GFS;10.40;14.60;14.0;18.1;0.00;100.0;GFS
excenevex;ICONGFS;2026-10-08T21:00;GFS;9.50;13.60;12.0;17.4;0.00;100.0;GFS
excenevex;ICONGFS;2026-10-08T22:00;GFS;8.20;11.70;12.0;16.8;0.00;100.0;GFS
excenevex;ICONGFS;2026-10-08T23:00;GFS;7.00;9.90;14.0;16.3;0.00;100.0;GFS
excenevex;ICONGFS;2026-10-09T00:00;GFS;6.50;9.10;17.0;15.9;0.00;93.0;GFS
excenevex;ICONGFS;2026-10-09T01:00;GFS;6.20;8.60;20.0;15.7;0.00;83.0;GFS
excenevex;ICONGFS;2026-10-09T02:00;GFS;6.20;8.00;24.0;15.4;0.00;72.0;GFS
excenevex;ICONGFS;2026-10-09T03:00;GFS;6.20;7.40;28.0;15.0;0.00;60.0;GFS
excenevex;ICONGFS;2026-10-09T04:00;GFS;6.30;6.80;30.0;14.6;0.00;46.0;GFS
excenevex;ICONGFS;2026-10-09T05:00;GFS;6.10;6.40;31.0;14.2;0.00;34.0;GFS
excenevex;ICONGFS;2026-10-09T06:00;GFS;5.50;6.00;23.0;13.7;0.00;24.0;GFS
excenevex;ICONGFS;2026-10-09T07:00;GFS;5.00;5.80;11.0;13.3;0.00;16.0;GFS
excenevex;ICONGFS;2026-10-09T08:00;GFS;4.70;5.60;5.0;13.3;0.00;10.0;GFS
excenevex;ICONGFS;2026-10-09T09:00;GFS;4.50;5.60;18.0;13.9;0.00;7.0;GFS
excenevex;ICONGFS;2026-10-09T10:00;GFS;4.70;5.60;38.0;14.9;0.00;7.0;GFS
excenevex;ICONGFS;2026-10-09T11:00;GFS;5.20;5.60;56.0;15.9;0.00;9.0;GFS
excenevex;ICONGFS;2026-10-09T12:00;GFS;5.30;5.60;71.0;16.8;0.00;11.0;GFS
excenevex;ICONGFS;2026-10-09T13:00;GFS;5.30;5.80;86.0;17.7;0.00;15.0;GFS
excenevex;ICONGFS;2026-10-09T14:00;GFS;4.70;6.00;90.0;18.3;0.00;23.0;GFS
excenevex;ICONGFS;2026-10-09T15:00;GFS;2.40;6.40;55.0;18.5;0.00;37.0;GFS
excenevex;ICONGFS;2026-10-09T16:00;GFS;4.10;7.00;335.0;18.5;0.00;55.0;GFS
excenevex;ICONGFS;2026-10-09T17:00;GFS;6.70;7.40;324.0;18.4;0.00;71.0;GFS
excenevex;ICONGFS;2026-10-09T18:00;GFS;6.40;7.20;331.0;18.0;0.00;83.0;GFS
excenevex;ICONGFS;2026-10-09T19:00;GFS;5.30;6.60;352.0;17.4;0.00;93.0;GFS
excenevex;ICONGFS;2026-10-09T20:00;GFS;5.10;6.40;11.0;16.9;0.00;100.0;GFS
excenevex;ICONGFS;2026-10-09T21:00;GFS;5.70;6.60;10.0;16.3;0.00;100.0;GFS
excenevex;ICONGFS;2026-10-09T22:00;GFS;6.20;7.20;4.0;15.7;0.00;100.0;GFS
excenevex;ICONGFS;2026-10-09T23:00;GFS;6.80;7.60;2.0;15.2;0.00;100.0;GFS
excenevex;ICONGFS;2026-10-10T00:00;GFS;6.80;7.60;7.0;14.6;0.00;100.0;GFS
excenevex;ICONGFS;2026-10-10T01:00;GFS;6.60;7.60;15.0;14.1;0.00;100.0;GFS
excenevex;ICONGFS;2026-10-10T02:00;GFS;6.70;7.60;22.0;13.6;0.00;96.0;GFS
excenevex;ICONGFS;2026-10-10T03:00;GFS;6.60;7.60;24.0;13.2;0.00;81.0;GFS
excenevex;ICONGFS;2026-10-10T04:00;GFS;6.60;7.40;24.0;12.8;0.00;60.0;GFS
excenevex;ICONGFS;2026-10-10T05:00;GFS;6.50;7.40;23.0;12.5;0.00;42.0;GFS
excenevex;ICONGFS;2026-10-10T06:00;GFS;6.60;7.40;21.0;12.1;0.00;28.0;GFS
excenevex;ICONGFS;2026-10-10T07:00;GFS;6.80;7.40;18.0;11.8;0.00;16.0;GFS
excenevex;ICONGFS;2026-10-10T08:00;GFS;6.80;7.40;20.0;11.9;0.00;8.0;GFS
excenevex;ICONGFS;2026-10-10T09:00;GFS;7.00;7.40;28.0;12.6;0.00;6.0;GFS
excenevex;ICONGFS;2026-10-10T10:00;GFS;7.50;7.40;39.0;13.8;0.00;8.0;GFS
excenevex;ICONGFS;2026-10-10T11:00;GFS;7.30;7.00;48.0;14.8;0.00;10.0;GFS
excenevex;ICONGFS;2026-10-10T12:00;GFS;5.90;6.00;63.0;15.5;0.00;11.0;GFS
excenevex;ICONGFS;2026-10-10T13:00;GFS;4.70;4.90;92.0;16.0;0.00;11.0;GFS
excenevex;ICONGFS;2026-10-10T14:00;GFS;4.40;3.90;119.0;16.6;0.00;14.0;GFS
excenevex;ICONGFS;2026-10-10T15:00;GFS;4.40;3.10;131.0;17.3;0.00;19.0;GFS
excenevex;ICONGFS;2026-10-10T16:00;GFS;4.00;2.70;137.0;18.1;0.00;25.0;GFS
excenevex;ICONGFS;2026-10-10T17:00;GFS;3.00;2.50;140.0;18.5;0.00;35.0;GFS
excenevex;ICONGFS;2026-10-10T18:00;GFS;1.20;2.90;141.0;18.3;0.00;55.0;GFS
excenevex;ICONGFS;2026-10-10T19:00;GFS;1.40;3.50;326.0;17.6;0.00;79.0;GFS
excenevex;ICONGFS;2026-10-10T20:00;GFS;3.10;3.90;325.0;16.9;0.00;89.0;GFS
excenevex;ICONGFS;2026-10-10T21:00;GFS;3.50;3.70;322.0;15.9;0.00;71.0;GFS
excenevex;ICONGFS;2026-10-10T22:00;GFS;3.20;3.50;317.0;14.7;0.00;38.0;GFS
excenevex;ICONGFS;2026-10-10T23:00;GFS;2.90;3.10;312.0;13.8;0.00;13.0;GFS
excenevex;ICONGFS;2026-10-11T00:00;GFS;2.70;2.90;315.0;13.2;0.00;4.0;GFS
excenevex;ICONGFS;2026-10-11T01:00;GFS;2.50;2.70;321.0;12.9;0.00;2.0;GFS
excenevex;ICONGFS;2026-10-11T02:00;GFS;2.40;2.70;325.0;12.6;0.00;2.0;GFS
excenevex;ICONGFS;2026-10-11T03:00;GFS;2.40;2.70;325.0;12.3;0.00;1.0;GFS
excenevex;ICONGFS;2026-10-11T04:00;GFS;2.60;2.70;324.0;12.0;0.00;2.0;GFS
excenevex;ICONGFS;2026-10-11T05:00;GFS;2.60;2.70;324.0;11.8;0.00;2.0;GFS
excenevex;ICONGFS;2026-10-11T06:00;GFS;2.60;2.70;324.0;11.4;0.00;2.0;GFS
excenevex;ICONGFS;2026-10-11T07:00;GFS;2.40;2.70;325.0;11.1;0.00;2.0;GFS
excenevex;ICONGFS;2026-10-11T08:00;GFS;2.10;2.50;326.0;11.2;0.00;2.0;GFS
excenevex;ICONGFS;2026-10-11T09:00;GFS;1.60;1.90;330.0;12.0;0.00;3.0;GFS
excenevex;ICONGFS;2026-10-11T10:00;GFS;1.00;1.40;338.0;13.1;0.00;4.0;GFS
excenevex;ICONGFS;2026-10-11T11:00;GFS;0.40;1.00;27.0;14.2;0.00;4.0;GFS
excenevex;ICONGFS;2026-10-11T12:00;GFS;1.00;1.20;127.0;14.8;0.00;3.0;GFS
excenevex;ICONGFS;2026-10-11T13:00;GFS;2.10;1.40;139.0;15.3;0.00;1.0;GFS
excenevex;ICONGFS;2026-10-11T14:00;GFS;2.60;1.70;138.0;15.9;0.00;0.0;GFS
excenevex;ICONGFS;2026-10-11T15:00;GFS;2.40;1.90;125.0;16.7;0.00;0.0;GFS
excenevex;ICONGFS;2026-10-11T16:00;GFS;1.80;1.90;96.0;17.5;0.00;0.0;GFS
excenevex;ICONGFS;2026-10-11T17:00;GFS;1.50;1.90;67.0;18.0;0.00;0.0;GFS
excenevex;ICONGFS;2026-10-11T18:00;GFS;1.10;1.70;31.0;17.9;0.00;1.0;GFS
excenevex;ICONGFS;2026-10-11T19:00;GFS;1.10;1.60;329.0;17.5;0.00;2.0;GFS
excenevex;ICONGFS;2026-10-11T20:00;GFS;1.90;1.70;294.0;17.0;0.00;4.0;GFS
excenevex;ICONGFS;2026-10-11T21:00;GFS;3.10;2.70;274.0;16.4;0.00;5.0;GFS
excenevex;ICONGFS;2026-10-11T22:00;GFS;4.70;4.10;261.0;15.7;0.00;6.0;GFS
excenevex;ICONGFS;2026-10-11T23:00;GFS;6.00;5.10;255.0;15.2;0.00;14.0;GFS
excenevex;ICONGFS;2026-10-12T00:00;GFS;6.50;5.20;249.0;15.0;0.00;35.0;GFS
excenevex;ICONGFS;2026-10-12T01:00;GFS;6.60;5.20;242.0;15.0;0.00;63.0;GFS
excenevex;ICONGFS;2026-10-12T02:00;GFS;6.80;5.20;239.0;15.1;0.00;85.0;GFS
excenevex;ICONGFS;2026-10-12T03:00;GFS;7.00;5.40;242.0;15.0;0.00;94.0;GFS
excenevex;ICONGFS;2026-10-12T04:00;GFS;7.40;5.60;247.0;15.0;0.00;97.0;GFS
excenevex;ICONGFS;2026-10-12T05:00;GFS;7.40;5.60;250.0;15.0;0.00;99.0;GFS
excenevex;ICONGFS;2026-10-12T06:00;GFS;7.20;5.60;251.0;14.8;0.00;100.0;GFS
excenevex;ICONGFS;2026-10-12T07:00;GFS;6.60;5.40;249.0;14.7;0.00;100.0;GFS
excenevex;ICONGFS;2026-10-12T08:00;GFS;6.30;5.40;248.0;14.9;0.00;100.0;GFS
excenevex;ICONGFS;2026-10-12T09:00;GFS;6.40;5.80;245.0;15.5;0.00;100.0;GFS
excenevex;ICONGFS;2026-10-12T10:00;GFS;6.80;6.20;243.0;16.5;0.00;100.0;GFS
excenevex;ICONGFS;2026-10-12T11:00;GFS;7.10;6.60;238.0;17.5;0.00;100.0;GFS
excenevex;ICONGFS;2026-10-12T12:00;GFS;6.80;7.00;231.0;18.5;0.00;100.0;GFS
excenevex;ICONGFS;2026-10-12T13:00;GFS;6.60;7.40;220.0;19.6;0.00;100.0;GFS
excenevex;ICONGFS;2026-10-12T14:00;GFS;6.40;7.60;215.0;20.5;0.00;100.0;GFS
excenevex;ICONGFS;2026-10-12T15:00;GFS;6.50;7.20;224.0;21.2;0.00;89.0;GFS
excenevex;ICONGFS;2026-10-12T16:00;GFS;6.70;6.80;237.0;21.8;0.00;74.0;GFS
excenevex;ICONGFS;2026-10-12T17:00;GFS;6.60;6.40;249.0;21.6;0.00;58.0;GFS
excenevex;ICONGFS;2026-10-12T18:00;GFS;5.50;6.60;266.0;20.0;0.00;39.0;GFS
excenevex;ICONGFS;2026-10-12T19:00;GFS;4.30;7.00;294.0;17.6;0.00;20.0;GFS
excenevex;ICONGFS;2026-10-12T20:00;GFS;4.20;7.00;323.0;15.8;0.00;13.0;GFS
excenevex;ICONGFS;2026-10-12T21:00;GFS;3.80;6.00;336.0;15.0;0.00;31.0;GFS
excenevex;ICONGFS;2026-10-12T22:00;GFS;3.20;4.70;346.0;14.7;0.00;61.0;GFS
excenevex;ICONGFS;2026-10-12T23:00;GFS;2.70;3.70;356.0;14.5;0.00;81.0;GFS
hermance;ICONGFS;2026-09-27T00:00;ICONCH1;3.30;4.30;177.0;17.9;0.00;0.0;ICONCH1
hermance;ICONGFS;2026-09-27T01:00;ICONCH1;1.60;4.30;194.0;16.9;0.00;0.0;ICONCH1
hermance;ICONGFS;2026-09-27T02:00;ICONCH1;3.70;5.10;208.0;16.4;0.00;0.0;ICONCH1
hermance;ICONGFS;2026-09-27T03:00;ICONCH1;4.10;6.00;180.0;14.8;0.00;0.0;ICONCH1
hermance;ICONGFS;2026-09-27T04:00;ICONCH1;3.90;5.40;177.0;14.4;0.00;0.0;ICONCH1
hermance;ICONGFS;2026-09-27T05:00;ICONCH1;3.10;4.30;176.0;14.0;0.00;0.0;ICONCH1
hermance;ICONGFS;2026-09-27T06:00;ICONCH1;3.10;4.30;176.0;14.0;0.00;0.0;ICONCH1
hermance;ICONGFS;2026-09-27T07:00;ICONCH1;3.30;4.50;183.0;13.9;0.00;0.0;ICONCH1
hermance;ICONGFS;2026-09-27T08:00;ICONCH1;2.70;3.70;176.0;13.6;0.00;0.0;ICONCH1
hermance;ICONGFS;2026-09-27T09:00;ICONCH1;3.00;4.10;195.0;14.0;0.00;0.0;ICONCH1
hermance;ICONGFS;2026-09-27T10:00;ICONCH1;3.30;4.50;220.0;15.2;0.00;0.0;ICONCH1
hermance;ICONGFS;2026-09-27T11:00;ICONCH1;1.80;4.50;238.0;16.5;0.00;0.0;ICONCH1
hermance;ICONGFS;2026-09-27T12:00;ICONCH1;0.30;2.70;315.0;18.3;0.00;0.0;ICONCH1
hermance;ICONGFS;2026-09-27T13:00;ICONCH1;0.30;1.60;315.0;19.8;0.00;0.0;ICONCH1
hermance;ICONGFS;2026-09-27T14:00;ICONCH1;2.10;2.90;221.0;23.0;0.00;63.0;ICONCH1
hermance;ICONGFS;2026-09-27T15:00;ICONCH1;1.30;4.70;297.0;24.2;0.00;66.0;ICONCH1
hermance;ICONGFS;2026-09-27T16:00;ICONCH1;5.30;7.00;10.0;22.5;0.00;61.0;ICONCH1
hermance;ICONGFS;2026-09-27T17:00;ICONCH1;8.20;10.50;14.0;23.1;0.00;30.0;ICONCH1
hermance;ICONGFS;2026-09-27T18:00;ICONCH1;8.10;10.90;17.0;23.2;0.00;0.0;ICONCH1
hermance;ICONGFS;2026-09-27T19:00;ICONCH1;5.40;10.30;30.0;23.0;0.00;29.0;ICONCH1
hermance;ICONGFS;2026-09-27T20:00;ICONCH1;2.30;7.00;42.0;21.3;0.00;0.0;ICONCH1
hermance;ICONGFS;2026-09-27T21:00;ICONCH1;2.60;3.50;144.0;18.6;0.00;0.0;ICONCH1
hermance;ICONGFS;2026-09-27T22:00;ICONCH1;2.50;3.50;157.0;18.5;0.00;0.0;ICONCH1
hermance;ICONGFS;2026-09-27T23:00;ICONCH1;2.70;3.90;159.0;17.2;0.00;77.0;ICONCH1
hermance;ICONGFS;2026-09-28T00:00;ICONCH1;2.30;3.90;156.0;17.2;0.00;77.0;ICONCH1
hermance;ICONGFS;2026-09-28T01:00;ICONCH1;2.70;3.70;150.0;16.9;0.00;33.0;ICONCH1
hermance;ICONGFS;2026-09-28T02:00;ICONCH1;3.20;4.50;166.0;16.7;0.00;34.0;ICONCH1
hermance;ICONGFS;2026-09-28T03:00;ICONCH1;3.50;4.70;161.0;16.2;0.00;34.0;ICONCH1
hermance;ICONGFS;2026-09-28T04:00;ICONCH1;3.50;4.70;174.0;16.2;0.00;84.0;ICONCH1
hermance;ICONGFS;2026-09-28T05:00;ICONCH1;4.00;5.20;169.0;15.9;0.00;90.0;ICONCH1
hermance;ICONGFS;2026-09-28T06:00;ICONCH1;3.10;5.20;173.0;15.9;0.00;70.0;ICONCH1
hermance;ICONGFS;2026-09-28T07:00;ICONCH1;2.60;4.10;163.0;15.6;0.00;35.0;ICONCH1
hermance;ICONGFS;2026-09-28T08:00;ICONCH1;1.70;3.50;159.0;15.8;0.00;86.0;ICONCH1
hermance;ICONGFS;2026-09-28T09:00;ICONCH1;1.30;2.30;207.0;16.4;0.00;47.0;ICONCH1
hermance;ICONGFS;2026-09-28T10:00;ICONCH1;1.20;3.10;198.0;17.1;0.00;64.0;ICONCH1
hermance;ICONGFS;2026-09-28T11:00;ICONCH1;1.50;3.70;230.0;18.4;0.00;60.0;ICONCH1
hermance;ICONGFS;2026-09-28T12:00;ICONCH1;1.00;2.10;307.0;19.7;0.00;66.0;ICONCH1
hermance;ICONGFS;2026-09-28T13:00;ICONCH1;1.40;1.90;352.0;20.4;0.00;51.0;ICONCH1
hermance;ICONGFS;2026-09-28T14:00;ICONCH1;1.80;2.50;18.0;22.0;0.00;69.0;ICONCH1
hermance;ICONGFS;2026-09-28T15:00;ICONCH1;2.70;3.70;21.0;23.0;0.00;100.0;ICONCH1
hermance;ICONGFS;2026-09-28T16:00;ICONCH1;6.50;8.40;16.0;23.3;0.00;100.0;ICONCH1
hermance;ICONGFS;2026-09-28T17:00;ICONCH1;7.10;8.90;17.0;23.8;0.00;100.0;ICONCH1
hermance;ICONGFS;2026-09-28T18:00;ICONCH2;5.20;7.80;20.0;25.3;0.00;96.0;ICONCH2
hermance;ICONGFS;2026-09-28T19:00;ICONCH2;3.90;7.80;41.0;24.1;0.00;100.0;ICONCH2
hermance;ICONGFS;2026-09-28T20:00;ICONCH2;1.00;5.80;22.0;21.9;0.00;100.0;ICONCH2
hermance;ICONGFS;2026-09-28T21:00;ICONCH2;2.20;3.30;153.0;19.3;0.00;100.0;ICONCH2
hermance;ICONGFS;2026-09-28T22:00;ICONCH2;1.70;4.10;153.0;18.4;0.00;100.0;ICONCH2
hermance;ICONGFS;2026-09-28T23:00;ICONCH2;2.20;3.10;195.0;18.7;0.00;100.0;ICONCH2
hermance;ICONGFS;2026-09-29T00:00;ICONCH2;2.20;3.50;190.0;18.3;0.00;100.0;ICONCH2
hermance;ICONGFS;2026-09-29T01:00;ICONCH2;2.00;3.10;186.0;17.7;0.00;100.0;ICONCH2
hermance;ICONGFS;2026-09-29T02:00;ICONCH2;2.10;3.10;158.0;16.8;0.00;95.0;ICONCH2
hermance;ICONGFS;2026-09-29T03:00;ICONCH2;2.40;3.50;145.0;16.4;0.00;100.0;ICONCH2
hermance;ICONGFS;2026-09-29T04:00;ICONCH2;1.80;3.50;167.0;16.3;0.00;100.0;ICONCH2
hermance;ICONGFS;2026-09-29T05:00;ICONCH2;1.70;2.70;180.0;16.3;0.00;100.0;ICONCH2
hermance;ICONGFS;2026-09-29T06:00;ICONCH2;2.30;3.50;180.0;16.0;0.00;97.0;ICONCH2
hermance;ICONGFS;2026-09-29T07:00;ICONCH2;2.50;3.90;180.0;15.5;0.00;98.0;ICONCH2
hermance;ICONGFS;2026-09-29T08:00;ICONCH2;2.30;3.90;175.0;15.2;0.00;98.0;ICONCH2
hermance;ICONGFS;2026-09-29T09:00;ICONCH2;1.60;3.50;187.0;16.3;0.00;92.0;ICONCH2
hermance;ICONGFS;2026-09-29T10:00;ICONCH2;1.20;2.50;231.0;17.8;0.00;100.0;ICONCH2
hermance;ICONGFS;2026-09-29T11:00;ICONCH2;1.40;3.10;254.0;19.4;0.00;92.0;ICONCH2
hermance;ICONGFS;2026-09-29T12:00;ICONCH2;1.30;3.90;297.0;21.0;0.00;78.0;ICONCH2
hermance;ICONGFS;2026-09-29T13:00;ICONCH2;1.50;3.30;310.0;23.0;0.00;55.0;ICONCH2
hermance;ICONGFS;2026-09-29T14:00;ICONCH2;1.70;4.10;339.0;24.1;0.00;100.0;ICONCH2
hermance;ICONGFS;2026-09-29T15:00;ICONCH2;2.20;4.10;350.0;24.3;0.00;100.0;ICONCH2
hermance;ICONGFS;2026-09-29T16:00;ICONCH2;3.50;5.80;360.0;25.1;0.00;100.0;ICONCH2
hermance;ICONGFS;2026-09-29T17:00;ICONCH2;5.40;8.20;26.0;25.4;0.00;100.0;ICONCH2
hermance;ICONGFS;2026-09-29T18:00;ICONCH2;5.60;8.70;25.0;24.6;0.00;100.0;ICONCH2
hermance;ICONGFS;2026-09-29T19:00;ICONCH2;3.50;8.20;27.0;23.3;0.00;100.0;ICONCH2
hermance;ICONGFS;2026-09-29T20:00;ICONCH2;2.10;5.20;49.0;21.2;0.00;100.0;ICONCH2
hermance;ICONGFS;2026-09-29T21:00;ICONCH2;2.30;3.50;138.0;19.6;0.00;100.0;ICONCH2
hermance;ICONGFS;2026-09-29T22:00;ICONCH2;1.90;3.50;156.0;18.8;0.00;100.0;ICONCH2
hermance;ICONGFS;2026-09-29T23:00;ICONCH2;1.80;2.90;167.0;19.0;0.00;100.0;ICONCH2
hermance;ICONGFS;2026-09-30T00:00;ICONCH2;1.80;2.90;186.0;18.3;0.00;96.0;ICONCH2
hermance;ICONGFS;2026-09-30T01:00;ICONCH2;2.50;4.10;176.0;17.3;0.00;79.0;ICONCH2
hermance;ICONGFS;2026-09-30T02:00;ICONCH2;2.60;3.90;171.0;17.3;0.00;80.0;ICONCH2
hermance;ICONGFS;2026-09-30T03:00;ICONCH2;2.00;3.90;169.0;17.2;0.00;77.0;ICONCH2
hermance;ICONGFS;2026-09-30T04:00;ICONCH2;1.80;3.10;174.0;17.2;0.00;73.0;ICONCH2
hermance;ICONGFS;2026-09-30T05:00;ICONCH2;2.00;2.70;169.0;17.3;0.00;72.0;ICONCH2
hermance;ICONGFS;2026-09-30T06:00;ICONCH2;1.60;2.70;150.0;16.8;0.00;63.0;ICONCH2
hermance;ICONGFS;2026-09-30T07:00;ICONCH2;1.40;2.30;172.0;17.3;0.00;100.0;ICONCH2
hermance;ICONGFS;2026-09-30T08:00;ICONCH2;1.00;3.10;158.0;16.8;0.00;74.0;ICONCH2
hermance;ICONGFS;2026-09-30T09:00;ICONCH2;1.60;2.50;187.0;17.4;0.00;72.0;ICONCH2
hermance;ICONGFS;2026-09-30T10:00;ICONCH2;1.50;2.50;247.0;18.4;0.00;93.0;ICONCH2
hermance;ICONGFS;2026-09-30T11:00;ICONCH2;1.00;2.90;281.0;19.5;0.00;57.0;ICONCH2
hermance;ICONGFS;2026-09-30T12:00;ICONCH2;1.50;3.30;293.0;21.3;0.00;41.0;ICONCH2
hermance;ICONGFS;2026-09-30T13:00;ICONCH2;1.40;3.30;315.0;23.5;0.00;44.0;ICONCH2
hermance;ICONGFS;2026-09-30T14:00;ICONCH2;0.90;2.90;297.0;25.7;0.00;29.0;ICONCH2
hermance;ICONGFS;2026-09-30T15:00;ICONCH2;1.50;3.50;310.0;27.0;0.00;10.0;ICONCH2
hermance;ICONGFS;2026-09-30T16:00;ICONCH2;3.70;6.20;357.0;27.6;0.00;17.0;ICONCH2
hermance;ICONGFS;2026-09-30T17:00;ICONCH2;5.40;8.70;26.0;27.2;0.00;100.0;ICONCH2
hermance;ICONGFS;2026-09-30T18:00;ICONCH2;5.40;8.40;358.0;25.4;0.00;100.0;ICONCH2
hermance;ICONGFS;2026-09-30T19:00;ICONCH2;4.00;8.70;29.0;23.7;0.00;100.0;ICONCH2
hermance;ICONGFS;2026-09-30T20:00;ICONCH2;2.40;6.00;151.0;21.4;0.00;100.0;ICONCH2
hermance;ICONGFS;2026-09-30T21:00;ICONCH2;3.50;5.10;161.0;18.8;0.00;100.0;ICONCH2
hermance;ICONGFS;2026-09-30T22:00;ICONCH2;2.50;5.10;198.0;19.2;0.00;56.0;ICONCH2
hermance;ICONGFS;2026-09-30T23:00;ICONCH2;1.90;3.70;204.0;18.2;0.00;100.0;ICONCH2
hermance;ICONGFS;2026-10-01T00:00;ICONCH2;2.60;4.10;197.0;18.0;0.00;100.0;ICONCH2
hermance;ICONGFS;2026-10-01T01:00;ICONCH2;3.00;4.30;212.0;18.2;0.00;100.0;ICONCH2
hermance;ICONGFS;2026-10-01T02:00;ICONCH2;2.80;4.30;214.0;18.1;0.00;100.0;ICONCH2
hermance;ICONGFS;2026-10-01T03:00;ICONCH2;2.50;4.10;212.0;18.2;0.00;97.0;ICONCH2
hermance;ICONGFS;2026-10-01T04:00;ICONCH2;2.00;3.90;186.0;17.5;0.00;100.0;ICONCH2
hermance;ICONGFS;2026-10-01T05:00;ICONCH2;2.00;3.10;191.0;17.6;0.00;100.0;ICONCH2
hermance;ICONGFS;2026-10-01T06:00;ICONCH2;2.70;3.90;159.0;17.3;0.00;100.0;ICONCH2
hermance;ICONGFS;2026-10-01T07:00;ICONCH2;2.00;4.10;163.0;17.4;0.00;100.0;ICONCH2
hermance;ICONGFS;2026-10-01T08:00;ICONCH2;2.60;3.70;171.0;17.6;0.00;100.0;ICONCH2
hermance;ICONGFS;2026-10-01T09:00;ICONCH2;2.10;3.90;180.0;18.1;0.00;100.0;ICONCH2
hermance;ICONGFS;2026-10-01T10:00;ICONCH2;2.30;3.50;204.0;19.5;0.00;100.0;ICONCH2
hermance;ICONGFS;2026-10-01T11:00;ICONCH2;4.00;6.20;219.0;20.8;0.00;100.0;ICONCH2
hermance;ICONGFS;2026-10-01T12:00;ICONCH2;5.20;8.00;222.0;21.7;0.00;100.0;ICONCH2
hermance;ICONGFS;2026-10-01T13:00;ICONCH2;6.70;10.10;213.0;22.9;0.00;100.0;ICONCH2
hermance;ICONGFS;2026-10-01T14:00;ICONCH2;9.50;14.00;213.0;23.8;0.00;100.0;ICONCH2
hermance;ICONGFS;2026-10-01T15:00;ICONCH2;6.90;14.80;190.0;23.6;0.00;100.0;ICONCH2
hermance;ICONGFS;2026-10-01T16:00;ICONCH2;10.20;15.20;213.0;23.5;0.00;100.0;ICONCH2
hermance;ICONGFS;2026-10-01T17:00;ICONCH2;8.60;15.40;203.0;22.8;0.00;100.0;ICONCH2
hermance;ICONGFS;2026-10-01T18:00;ICONCH2;7.80;12.60;215.0;21.7;0.00;100.0;ICONCH2
hermance;ICONGFS;2026-10-01T19:00;ICONCH2;4.90;11.50;196.0;20.4;0.20;100.0;ICONCH2
hermance;ICONGFS;2026-10-01T20:00;ICONCH2;3.40;7.40;170.0;19.3;0.20;100.0;ICONCH2
hermance;ICONGFS;2026-10-01T21:00;ICONCH2;2.60;5.10;197.0;18.7;0.10;100.0;ICONCH2
hermance;ICONGFS;2026-10-01T22:00;ICONCH2;2.10;4.10;180.0;18.1;0.10;100.0;ICONCH2
hermance;ICONGFS;2026-10-01T23:00;ICONCH2;1.60;3.30;135.0;17.3;0.00;100.0;ICONCH2
hermance;ICONGFS;2026-10-02T00:00;ICON13KM;3.70;5.60;9.0;18.7;0.00;97.0;ICON13KM
hermance;ICONGFS;2026-10-02T01:00;ICON13KM;4.30;6.40;8.0;18.4;0.00;94.0;ICON13KM
hermance;ICONGFS;2026-10-02T02:00;ICON13KM;4.90;7.20;7.0;18.1;0.00;91.0;ICON13KM
hermance;ICONGFS;2026-10-02T03:00;ICON13KM;5.10;7.60;9.0;18.0;0.00;91.0;ICON13KM
hermance;ICONGFS;2026-10-02T04:00;ICON13KM;5.30;7.80;8.0;17.9;0.00;91.0;ICON13KM
hermance;ICONGFS;2026-10-02T05:00;ICON13KM;5.30;8.00;10.0;17.8;0.00;91.0;ICON13KM
hermance;ICONGFS;2026-10-02T06:00;ICON13KM;5.60;8.40;12.0;17.5;0.00;86.0;ICON13KM
hermance;ICONGFS;2026-10-02T07:00;ICON13KM;5.80;8.70;12.0;17.2;0.00;82.0;ICON13KM
hermance;ICONGFS;2026-10-02T08:00;ICON13KM;6.00;9.10;13.0;17.0;0.00;77.0;ICON13KM
hermance;ICONGFS;2026-10-02T09:00;ICON13KM;7.40;11.70;14.0;17.0;0.00;81.0;ICON13KM
hermance;ICONGFS;2026-10-02T10:00;ICON13KM;8.30;13.20;24.0;17.4;0.00;91.0;ICON13KM
hermance;ICONGFS;2026-10-02T11:00;ICON13KM;9.30;14.60;31.0;18.0;0.00;100.0;ICON13KM
hermance;ICONGFS;2026-10-02T12:00;ICON13KM;10.00;15.70;37.0;18.7;0.00;95.0;ICON13KM
hermance;ICONGFS;2026-10-02T13:00;ICON13KM;10.70;16.90;42.0;19.6;0.00;91.0;ICON13KM
hermance;ICONGFS;2026-10-02T14:00;ICON13KM;11.30;17.70;45.0;20.4;0.00;86.0;ICON13KM
hermance;ICONGFS;2026-10-02T15:00;ICON13KM;11.50;18.30;46.0;20.9;0.00;74.0;ICON13KM
hermance;ICONGFS;2026-10-02T16:00;ICON13KM;11.80;18.50;46.0;21.2;0.00;61.0;ICON13KM
hermance;ICONGFS;2026-10-02T17:00;ICON13KM;11.70;18.50;46.0;21.2;0.00;49.0;ICON13KM
hermance;ICONGFS;2026-10-02T18:00;ICON13KM;11.10;18.50;43.0;20.7;0.00;45.0;ICON13KM
hermance;ICONGFS;2026-10-02T19:00;ICON13KM;10.40;18.10;37.0;19.9;0.00;40.0;ICON13KM
hermance;ICONGFS;2026-10-02T20:00;ICON13KM;9.60;17.30;32.0;19.2;0.00;36.0;ICON13KM
hermance;ICONGFS;2026-10-02T21:00;ICON13KM;8.70;15.70;27.0;18.7;0.00;47.0;ICON13KM
hermance;ICONGFS;2026-10-02T22:00;ICON13KM;7.80;13.80;22.0;18.2;0.00;58.0;ICON13KM
hermance;ICONGFS;2026-10-02T23:00;ICON13KM;6.90;12.10;18.0;17.9;0.00;69.0;ICON13KM
hermance;ICONGFS;2026-10-03T00:00;ICON13KM;6.30;10.70;16.0;17.6;0.00;73.0;ICON13KM
hermance;ICONGFS;2026-10-03T01:00;ICON13KM;5.50;9.50;17.0;17.4;0.00;78.0;ICON13KM
hermance;ICONGFS;2026-10-03T02:00;ICON13KM;5.10;8.60;18.0;17.2;0.00;82.0;ICON13KM
hermance;ICONGFS;2026-10-03T03:00;ICON13KM;4.90;8.20;18.0;16.9;0.00;76.0;ICON13KM
hermance;ICONGFS;2026-10-03T04:00;ICON13KM;4.90;8.00;16.0;16.6;0.00;70.0;ICON13KM
hermance;ICONGFS;2026-10-03T05:00;ICON13KM;4.90;7.80;16.0;16.3;0.00;64.0;ICON13KM
hermance;ICONGFS;2026-10-03T06:00;ICON13KM;4.60;7.40;15.0;16.0;0.00;71.0;ICON13KM
hermance;ICONGFS;2026-10-03T07:00;ICON13KM;4.40;6.80;13.0;15.7;0.00;77.0;ICON13KM
hermance;ICONGFS;2026-10-03T08:00;ICON13KM;4.00;6.40;11.0;15.7;0.00;84.0;ICON13KM
hermance;ICONGFS;2026-10-03T09:00;ICON13KM;3.60;6.40;16.0;16.1;0.00;83.0;ICON13KM
hermance;ICONGFS;2026-10-03T10:00;ICON13KM;3.20;6.40;25.0;16.7;0.00;82.0;ICON13KM
hermance;ICONGFS;2026-10-03T11:00;ICON13KM;2.50;6.20;32.0;17.5;0.00;81.0;ICON13KM
hermance;ICONGFS;2026-10-03T12:00;ICON13KM;1.40;5.40;45.0;18.6;0.00;54.0;ICON13KM
hermance;ICONGFS;2026-10-03T13:00;ICON13KM;0.60;4.50;162.0;19.8;0.00;27.0;ICON13KM
hermance;ICONGFS;2026-10-03T14:00;ICON13KM;1.80;4.10;193.0;20.9;0.00;0.0;ICON13KM
hermance;ICONGFS;2026-10-03T15:00;ICON13KM;2.80;4.70;192.0;21.7;0.00;0.0;ICON13KM
hermance;ICONGFS;2026-10-03T16:00;ICON13KM;3.30;5.60;187.0;22.4;0.00;1.0;ICON13KM
hermance;ICONGFS;2026-10-03T17:00;ICON13KM;3.50;6.20;186.0;22.8;0.00;1.0;ICON13KM
hermance;ICONGFS;2026-10-03T18:00;ICON13KM;3.10;5.80;187.0;23.0;0.00;10.0;ICON13KM
hermance;ICONGFS;2026-10-03T19:00;ICON13KM;2.30;5.20;185.0;23.0;0.00;20.0;ICON13KM
hermance;ICONGFS;2026-10-03T20:00;ICON13KM;1.20;4.70;189.0;22.5;0.00;29.0;ICON13KM
hermance;ICONGFS;2026-10-03T21:00;ICON13KM;0.50;4.70;315.0;21.1;0.00;53.0;ICON13KM
hermance;ICONGFS;2026-10-03T22:00;ICON13KM;2.30;5.10;340.0;19.3;0.00;76.0;ICON13KM
hermance;ICONGFS;2026-10-03T23:00;ICON13KM;3.40;5.20;344.0;17.9;0.00;100.0;ICON13KM
hermance;ICONGFS;2026-10-04T00:00;ICON13KM;3.70;5.20;342.0;17.4;0.00;100.0;ICON13KM
hermance;ICONGFS;2026-10-04T01:00;ICON13KM;3.50;5.10;341.0;17.3;0.00;100.0;ICON13KM
hermance;ICONGFS;2026-10-04T02:00;ICON13KM;3.20;5.10;335.0;17.3;0.00;100.0;ICON13KM
hermance;ICONGFS;2026-10-04T03:00;ICON13KM;3.20;5.20;322.0;17.2;0.00;86.0;ICON13KM
hermance;ICONGFS;2026-10-04T04:00;ICON13KM;3.30;5.40;310.0;17.3;0.00;72.0;ICON13KM
hermance;ICONGFS;2026-10-04T05:00;ICON13KM;3.50;5.40;304.0;17.2;0.00;58.0;ICON13KM
hermance;ICONGFS;2026-10-04T06:00;ICON13KM;3.50;5.40;308.0;16.8;0.00;59.0;ICON13KM
hermance;ICONGFS;2026-10-04T07:00;ICON13KM;3.30;5.20;315.0;16.3;0.00;60.0;ICON13KM
hermance;ICONGFS;2026-10-04T08:00;ICON13KM;3.10;5.10;325.0;16.2;0.00;61.0;ICON13KM
hermance;ICONGFS;2026-10-04T09:00;ICON13KM;2.90;5.10;332.0;16.8;0.00;41.0;ICON13KM
hermance;ICONGFS;2026-10-04T10:00;ICON13KM;2.50;5.20;342.0;17.8;0.00;21.0;ICON13KM
hermance;ICONGFS;2026-10-04T11:00;ICON13KM;1.80;5.20;342.0;18.8;0.00;1.0;ICON13KM
hermance;ICONGFS;2026-10-04T12:00;ICON13KM;0.70;5.20;304.0;19.9;0.00;1.0;ICON13KM
hermance;ICONGFS;2026-10-04T13:00;ICON13KM;1.60;5.40;210.0;21.0;0.00;0.0;ICON13KM
hermance;ICONGFS;2026-10-04T14:00;ICON13KM;2.70;5.40;201.0;21.8;0.00;0.0;ICON13KM
hermance;ICONGFS;2026-10-04T15:00;GFS;7.80;9.90;222.0;14.8;1.10;100.0;GFS
hermance;ICONGFS;2026-10-04T16:00;GFS;7.50;9.30;217.0;14.4;1.10;100.0;GFS
hermance;ICONGFS;2026-10-04T17:00;GFS;7.30;8.90;214.0;14.2;1.10;100.0;GFS
hermance;ICONGFS;2026-10-04T18:00;GFS;7.50;8.90;215.0;14.1;1.60;100.0;GFS
hermance;ICONGFS;2026-10-04T19:00;GFS;7.70;9.10;216.0;14.0;1.60;100.0;GFS
hermance;ICONGFS;2026-10-04T20:00;GFS;7.80;8.90;217.0;14.0;1.60;100.0;GFS
hermance;ICONGFS;2026-10-04T21:00;GFS;7.50;8.20;217.0;13.8;1.10;100.0;GFS
hermance;ICONGFS;2026-10-04T22:00;GFS;7.10;7.20;215.0;13.7;1.10;100.0;GFS
hermance;ICONGFS;2026-10-04T23:00;GFS;6.70;6.40;216.0;13.6;1.10;100.0;GFS
hermance;ICONGFS;2026-10-05T00:00;GFS;6.20;6.20;219.0;13.5;0.70;100.0;GFS
hermance;ICONGFS;2026-10-05T01:00;GFS;5.60;6.20;226.0;13.4;0.70;100.0;GFS
hermance;ICONGFS;2026-10-05T02:00;GFS;5.40;6.00;232.0;13.4;0.70;100.0;GFS
hermance;ICONGFS;2026-10-05T03:00;GFS;5.30;5.40;234.0;13.4;0.20;100.0;GFS
hermance;ICONGFS;2026-10-05T04:00;GFS;5.10;4.70;233.0;13.5;0.20;100.0;GFS
hermance;ICONGFS;2026-10-05T05:00;GFS;4.70;3.90;232.0;13.6;0.20;100.0;GFS
hermance;ICONGFS;2026-10-05T06:00;GFS;4.20;2.90;233.0;13.4;0.20;100.0;GFS
hermance;ICONGFS;2026-10-05T07:00;GFS;3.50;1.70;232.0;13.2;0.20;100.0;GFS
hermance;ICONGFS;2026-10-05T08:00;GFS;2.20;1.40;232.0;13.3;0.20;99.0;GFS
hermance;ICONGFS;2026-10-05T09:00;GFS;0.30;2.30;315.0;13.7;0.30;94.0;GFS
hermance;ICONGFS;2026-10-05T10:00;GFS;2.50;4.10;39.0;14.3;0.30;86.0;GFS
hermance;ICONGFS;2026-10-05T11:00;GFS;4.50;5.40;43.0;15.0;0.30;79.0;GFS
hermance;ICONGFS;2026-10-05T12:00;GFS;5.60;5.80;46.0;15.9;0.10;72.0;GFS
hermance;ICONGFS;2026-10-05T13:00;GFS;6.10;6.00;50.0;16.9;0.10;65.0;GFS
hermance;ICONGFS;2026-10-05T14:00;GFS;6.80;6.40;51.0;17.7;0.10;64.0;GFS
hermance;ICONGFS;2026-10-05T15:00;GFS;8.00;7.40;51.0;18.3;0.00;73.0;GFS
hermance;ICONGFS;2026-10-05T16:00;GFS;9.40;8.60;52.0;18.7;0.00;87.0;GFS
hermance;ICONGFS;2026-10-05T17:00;GFS;10.30;9.70;49.0;18.8;0.00;98.0;GFS
hermance;ICONGFS;2026-10-05T18:00;GFS;10.50;11.30;40.0;18.3;0.00;100.0;GFS
hermance;ICONGFS;2026-10-05T19:00;GFS;10.80;12.80;30.0;17.5;0.00;100.0;GFS
hermance;ICONGFS;2026-10-05T20:00;GFS;11.10;13.60;24.0;16.8;0.00;100.0;GFS
hermance;ICONGFS;2026-10-05T21:00;GFS;11.30;12.80;27.0;16.5;0.00;100.0;GFS
hermance;ICONGFS;2026-10-05T22:00;GFS;11.70;11.30;32.0;16.4;0.00;100.0;GFS
hermance;ICONGFS;2026-10-05T23:00;GFS;11.70;9.70;37.0;16.2;0.00;100.0;GFS
hermance;ICONGFS;2026-10-06T00:00;GFS;11.20;8.60;39.0;15.8;0.00;100.0;GFS
hermance;ICONGFS;2026-10-06T01:00;GFS;10.50;7.20;39.0;15.2;0.00;100.0;GFS
hermance;ICONGFS;2026-10-06T02:00;GFS;9.70;6.40;40.0;14.8;0.00;100.0;GFS
hermance;ICONGFS;2026-10-06T03:00;GFS;8.80;6.00;41.0;14.4;0.00;100.0;GFS
hermance;ICONGFS;2026-10-06T04:00;GFS;7.80;6.00;44.0;14.1;0.00;100.0;GFS
hermance;ICONGFS;2026-10-06T05:00;GFS;7.10;6.00;45.0;13.8;0.00;100.0;GFS
hermance;ICONGFS;2026-10-06T06:00;GFS;6.90;6.40;43.0;13.4;0.00;100.0;GFS
hermance;ICONGFS;2026-10-06T07:00;GFS;6.80;7.00;37.0;13.1;0.00;100.0;GFS
hermance;ICONGFS;2026-10-06T08:00;GFS;6.70;7.20;36.0;13.1;0.00;100.0;GFS
hermance;ICONGFS;2026-10-06T09:00;GFS;6.50;6.60;39.0;13.4;0.00;100.0;GFS
hermance;ICONGFS;2026-10-06T10:00;GFS;6.20;5.80;44.0;14.0;0.00;100.0;GFS
hermance;ICONGFS;2026-10-06T11:00;GFS;5.90;5.10;49.0;14.7;0.00;100.0;GFS
hermance;ICONGFS;2026-10-06T12:00;GFS;5.30;4.50;51.0;15.4;0.00;89.0;GFS
hermance;ICONGFS;2026-10-06T13:00;GFS;4.30;3.70;54.0;16.3;0.00;73.0;GFS
hermance;ICONGFS;2026-10-06T14:00;GFS;3.80;3.50;60.0;17.1;0.00;60.0;GFS
hermance;ICONGFS;2026-10-06T15:00;GFS;4.40;3.90;69.0;17.8;0.00;52.0;GFS
hermance;ICONGFS;2026-10-06T16:00;GFS;5.20;4.50;77.0;18.4;0.00;48.0;GFS
hermance;ICONGFS;2026-10-06T17:00;GFS;5.80;5.10;76.0;18.6;0.00;50.0;GFS
hermance;ICONGFS;2026-10-06T18:00;GFS;5.70;5.20;63.0;18.0;0.00;64.0;GFS
hermance;ICONGFS;2026-10-06T19:00;GFS;5.70;5.20;41.0;16.9;0.00;85.0;GFS
hermance;ICONGFS;2026-10-06T20:00;GFS;5.70;5.10;27.0;16.0;0.00;98.0;GFS
hermance;ICONGFS;2026-10-06T21:00;GFS;4.10;4.50;19.0;15.4;0.00;96.0;GFS
hermance;ICONGFS;2026-10-06T22:00;GFS;1.80;3.50;13.0;15.0;0.00;86.0;GFS
hermance;ICONGFS;2026-10-06T23:00;GFS;0.40;2.70;270.0;14.6;0.00;75.0;GFS
hermance;ICONGFS;2026-10-07T00:00;GFS;0.80;2.30;225.0;13.9;0.00;63.0;GFS
hermance;ICONGFS;2026-10-07T01:00;GFS;0.80;2.10;225.0;13.2;0.00;50.0;GFS
hermance;ICONGFS;2026-10-07T02:00;GFS;0.80;1.90;225.0;12.7;0.00;39.0;GFS
hermance;ICONGFS;2026-10-07T03:00;GFS;1.20;1.90;219.0;12.4;0.00;31.0;GFS
hermance;ICONGFS;2026-10-07T04:00;GFS;1.90;2.10;217.0;12.2;0.00;24.0;GFS
hermance;ICONGFS;2026-10-07T05:00;GFS;2.10;2.30;214.0;12.1;0.00;21.0;GFS
hermance;ICONGFS;2026-10-07T06:00;GFS;1.80;2.10;212.0;11.7;0.00;22.0;GFS
hermance;ICONGFS;2026-10-07T07:00;GFS;1.30;1.90;207.0;11.4;0.00;26.0;GFS
hermance;ICONGFS;2026-10-07T08:00;GFS;1.00;1.70;191.0;11.5;0.00;28.0;GFS
hermance;ICONGFS;2026-10-07T09:00;GFS;1.00;1.70;158.0;12.4;0.00;24.0;GFS
hermance;ICONGFS;2026-10-07T10:00;GFS;1.20;1.70;141.0;13.7;0.00;18.0;GFS
hermance;ICONGFS;2026-10-07T11:00;GFS;1.60;1.70;120.0;15.0;0.00;14.0;GFS
hermance;ICONGFS;2026-10-07T12:00;GFS;1.80;1.70;108.0;16.0;0.00;10.0;GFS
hermance;ICONGFS;2026-10-07T13:00;GFS;2.10;1.90;95.0;16.9;0.00;8.0;GFS
hermance;ICONGFS;2026-10-07T14:00;GFS;2.50;2.10;86.0;17.7;0.00;13.0;GFS
hermance;ICONGFS;2026-10-07T15:00;GFS;3.00;2.70;75.0;18.3;0.00;33.0;GFS
hermance;ICONGFS;2026-10-07T16:00;GFS;3.30;3.50;69.0;18.8;0.00;61.0;GFS
hermance;ICONGFS;2026-10-07T17:00;GFS;3.30;3.90;62.0;18.9;0.00;80.0;GFS
hermance;ICONGFS;2026-10-07T18:00;GFS;2.30;3.10;48.0;18.4;0.00;83.0;GFS
hermance;ICONGFS;2026-10-07T19:00;GFS;1.60;1.90;7.0;17.5;0.00;77.0;GFS
hermance;ICONGFS;2026-10-07T20:00;GFS;1.40;1.20;326.0;16.7;0.00;70.0;GFS
hermance;ICONGFS;2026-10-07T21:00;GFS;1.00;1.20;292.0;16.1;0.00;60.0;GFS
hermance;ICONGFS;2026-10-07T22:00;GFS;1.00;1.60;217.0;15.5;0.00;49.0;GFS
hermance;ICONGFS;2026-10-07T23:00;GFS;1.20;1.90;189.0;15.1;0.00;46.0;GFS
hermance;ICONGFS;2026-10-08T00:00;GFS;0.40;2.10;117.0;14.8;0.00;60.0;GFS
hermance;ICONGFS;2026-10-08T01:00;GFS;1.70;2.30;36.0;14.5;0.00;83.0;GFS
hermance;ICONGFS;2026-10-08T02:00;GFS;2.80;2.50;34.0;14.4;0.00;100.0;GFS
hermance;ICONGFS;2026-10-08T03:00;GFS;3.20;2.70;43.0;14.3;0.00;100.0;GFS
hermance;ICONGFS;2026-10-08T04:00;GFS;3.10;2.70;55.0;14.2;0.00;100.0;GFS
hermance;ICONGFS;2026-10-08T05:00;GFS;3.00;2.70;63.0;14.2;0.00;99.0;GFS
hermance;ICONGFS;2026-10-08T06:00;GFS;2.90;2.70;62.0;14.1;0.00;100.0;GFS
hermance;ICONGFS;2026-10-08T07:00;GFS;2.50;2.50;58.0;14.1;0.00;100.0;GFS
hermance;ICONGFS;2026-10-08T08:00;GFS;2.40;2.50;55.0;14.3;0.00;100.0;GFS
hermance;ICONGFS;2026-10-08T09:00;GFS;2.90;2.70;62.0;14.7;0.00;91.0;GFS
hermance;ICONGFS;2026-10-08T10:00;GFS;3.60;3.10;68.0;15.4;0.00;80.0;GFS
hermance;ICONGFS;2026-10-08T11:00;GFS;4.30;3.70;72.0;16.1;0.00;74.0;GFS
hermance;ICONGFS;2026-10-08T12:00;GFS;4.90;4.50;74.0;16.8;0.00;81.0;GFS
hermance;ICONGFS;2026-10-08T13:00;GFS;5.40;5.40;75.0;17.5;0.00;94.0;GFS
hermance;ICONGFS;2026-10-08T14:00;GFS;5.90;6.40;73.0;18.2;0.00;100.0;GFS
hermance;ICONGFS;2026-10-08T15:00;GFS;6.50;7.80;67.0;19.0;0.00;89.0;GFS
hermance;ICONGFS;2026-10-08T16:00;GFS;7.40;9.30;60.0;19.8;0.00;70.0;GFS
hermance;ICONGFS;2026-10-08T17:00;GFS;7.50;10.10;53.0;20.1;0.00;59.0;GFS
hermance;ICONGFS;2026-10-08T18:00;GFS;6.30;9.50;40.0;19.3;0.00;65.0;GFS
hermance;ICONGFS;2026-10-08T19:00;GFS;5.20;8.20;15.0;18.1;0.00;79.0;GFS
hermance;ICONGFS;2026-10-08T20:00;GFS;4.90;6.80;355.0;17.0;0.00;91.0;GFS
hermance;ICONGFS;2026-10-08T21:00;GFS;4.50;5.80;355.0;16.4;0.00;97.0;GFS
hermance;ICONGFS;2026-10-08T22:00;GFS;3.90;5.10;9.0;16.0;0.00;100.0;GFS
hermance;ICONGFS;2026-10-08T23:00;GFS;3.60;4.50;22.0;15.6;0.00;100.0;GFS
hermance;ICONGFS;2026-10-09T00:00;GFS;3.00;4.10;32.0;15.2;0.00;92.0;GFS
hermance;ICONGFS;2026-10-09T01:00;GFS;2.30;3.70;42.0;14.8;0.00;81.0;GFS
hermance;ICONGFS;2026-10-09T02:00;GFS;1.70;3.30;54.0;14.4;0.00;71.0;GFS
hermance;ICONGFS;2026-10-09T03:00;GFS;1.20;2.90;81.0;13.9;0.00;67.0;GFS
hermance;ICONGFS;2026-10-09T04:00;GFS;1.00;2.50;112.0;13.4;0.00;66.0;GFS
hermance;ICONGFS;2026-10-09T05:00;GFS;1.10;2.10;135.0;13.0;0.00;60.0;GFS
hermance;ICONGFS;2026-10-09T06:00;GFS;1.00;1.70;169.0;12.4;0.00;45.0;GFS
hermance;ICONGFS;2026-10-09T07:00;GFS;1.00;1.20;217.0;11.9;0.00;26.0;GFS
hermance;ICONGFS;2026-10-09T08:00;GFS;1.00;1.40;217.0;12.0;0.00;12.0;GFS
hermance;ICONGFS;2026-10-09T09:00;GFS;1.00;2.30;143.0;12.9;0.00;8.0;GFS
hermance;ICONGFS;2026-10-09T10:00;GFS;2.60;3.90;103.0;14.4;0.00;10.0;GFS
hermance;ICONGFS;2026-10-09T11:00;GFS;3.70;5.20;96.0;15.7;0.00;14.0;GFS
hermance;ICONGFS;2026-10-09T12:00;GFS;3.90;5.80;87.0;16.3;0.00;17.0;GFS
hermance;ICONGFS;2026-10-09T13:00;GFS;3.60;6.20;77.0;16.7;0.00;23.0;GFS
hermance;ICONGFS;2026-10-09T14:00;GFS;2.80;6.40;56.0;17.0;0.00;33.0;GFS
hermance;ICONGFS;2026-10-09T15:00;GFS;2.10;6.60;360.0;17.1;0.00;54.0;GFS
hermance;ICONGFS;2026-10-09T16:00;GFS;4.10;6.60;315.0;17.1;0.00;80.0;GFS
hermance;ICONGFS;2026-10-09T17:00;GFS;5.90;6.20;304.0;17.0;0.00;99.0;GFS
hermance;ICONGFS;2026-10-09T18:00;GFS;5.70;5.20;305.0;16.7;0.00;100.0;GFS
hermance;ICONGFS;2026-10-09T19:00;GFS;4.70;3.90;312.0;16.3;0.00;100.0;GFS
hermance;ICONGFS;2026-10-09T20:00;GFS;3.90;2.90;319.0;15.8;0.00;100.0;GFS
hermance;ICONGFS;2026-10-09T21:00;GFS;3.80;2.90;325.0;15.2;0.00;100.0;GFS
hermance;ICONGFS;2026-10-09T22:00;GFS;3.90;3.30;333.0;14.5;0.00;100.0;GFS
hermance;ICONGFS;2026-10-09T23:00;GFS;3.90;3.50;340.0;14.0;0.00;100.0;GFS
hermance;ICONGFS;2026-10-10T00:00;GFS;3.40;3.10;347.0;13.6;0.00;100.0;GFS
hermance;ICONGFS;2026-10-10T01:00;GFS;2.70;2.70;360.0;13.3;0.00;100.0;GFS
hermance;ICONGFS;2026-10-10T02:00;GFS;2.20;2.30;15.0;13.0;0.00;100.0;GFS
hermance;ICONGFS;2026-10-10T03:00;GFS;1.90;2.10;24.0;12.5;0.00;83.0;GFS
hermance;ICONGFS;2026-10-10T04:00;GFS;1.60;2.30;30.0;12.0;0.00;60.0;GFS
hermance;ICONGFS;2026-10-10T05:00;GFS;1.40;2.30;34.0;11.6;0.00;40.0;GFS
hermance;ICONGFS;2026-10-10T06:00;GFS;1.40;2.30;45.0;11.2;0.00;26.0;GFS
hermance;ICONGFS;2026-10-10T07:00;GFS;1.50;2.30;50.0;10.9;0.00;16.0;GFS
hermance;ICONGFS;2026-10-10T08:00;GFS;1.80;2.70;58.0;11.1;0.00;9.0;GFS
hermance;ICONGFS;2026-10-10T09:00;GFS;2.80;3.70;65.0;12.0;0.00;8.0;GFS
hermance;ICONGFS;2026-10-10T10:00;GFS;4.10;5.10;73.0;13.5;0.00;11.0;GFS
hermance;ICONGFS;2026-10-10T11:00;GFS;5.00;6.00;77.0;14.8;0.00;13.0;GFS
hermance;ICONGFS;2026-10-10T12:00;GFS;4.90;6.00;81.0;15.7;0.00;13.0;GFS
hermance;ICONGFS;2026-10-10T13:00;GFS;4.50;5.60;90.0;16.4;0.00;13.0;GFS
hermance;ICONGFS;2026-10-10T14:00;GFS;4.10;5.10;95.0;17.1;0.00;15.0;GFS
hermance;ICONGFS;2026-10-10T15:00;GFS;4.10;4.70;93.0;17.7;0.00;23.0;GFS
hermance;ICONGFS;2026-10-10T16:00;GFS;4.30;4.30;87.0;18.1;0.00;33.0;GFS
hermance;ICONGFS;2026-10-10T17:00;GFS;3.70;3.70;81.0;18.2;0.00;41.0;GFS
hermance;ICONGFS;2026-10-10T18:00;GFS;2.20;2.90;63.0;17.5;0.00;46.0;GFS
hermance;ICONGFS;2026-10-10T19:00;GFS;1.40;1.90;352.0;16.4;0.00;49.0;GFS
hermance;ICONGFS;2026-10-10T20:00;GFS;2.40;1.60;305.0;15.4;0.00;47.0;GFS
hermance;ICONGFS;2026-10-10T21:00;GFS;2.60;1.70;283.0;14.4;0.00;38.0;GFS
hermance;ICONGFS;2026-10-10T22:00;GFS;2.60;2.50;261.0;13.5;0.00;25.0;GFS
hermance;ICONGFS;2026-10-10T23:00;GFS;2.60;2.90;243.0;12.8;0.00;14.0;GFS
hermance;ICONGFS;2026-10-11T00:00;GFS;2.50;2.70;238.0;12.2;0.00;8.0;GFS
hermance;ICONGFS;2026-10-11T01:00;GFS;2.20;2.30;232.0;11.8;0.00;4.0;GFS
hermance;ICONGFS;2026-10-11T02:00;GFS;1.90;1.90;233.0;11.5;0.00;2.0;GFS
hermance;ICONGFS;2026-10-11T03:00;GFS;1.70;1.70;234.0;11.2;0.00;1.0;GFS
hermance;ICONGFS;2026-10-11T04:00;GFS;1.60;1.60;240.0;10.9;0.00;2.0;GFS
hermance;ICONGFS;2026-10-11T05:00;GFS;1.50;1.40;247.0;10.7;0.00;2.0;GFS
hermance;ICONGFS;2026-10-11T06:00;GFS;1.50;1.40;247.0;10.3;0.00;2.0;GFS
hermance;ICONGFS;2026-10-11T07:00;GFS;1.30;1.40;243.0;10.0;0.00;2.0;GFS
hermance;ICONGFS;2026-10-11T08:00;GFS;1.10;1.40;239.0;10.2;0.00;2.0;GFS
hermance;ICONGFS;2026-10-11T09:00;GFS;0.50;1.40;225.0;11.1;0.00;3.0;GFS
hermance;ICONGFS;2026-10-11T10:00;GFS;0.30;1.60;135.0;12.6;0.00;4.0;GFS
hermance;ICONGFS;2026-10-11T11:00;GFS;0.80;1.60;104.0;14.0;0.00;4.0;GFS
hermance;ICONGFS;2026-10-11T12:00;GFS;1.20;1.60;108.0;15.2;0.00;3.0;GFS
hermance;ICONGFS;2026-10-11T13:00;GFS;1.70;1.40;117.0;16.4;0.00;1.0;GFS
hermance;ICONGFS;2026-10-11T14:00;GFS;2.20;1.40;117.0;17.4;0.00;0.0;GFS
hermance;ICONGFS;2026-10-11T15:00;GFS;2.60;1.70;117.0;18.2;0.00;0.0;GFS
hermance;ICONGFS;2026-10-11T16:00;GFS;2.80;2.10;115.0;18.9;0.00;0.0;GFS
hermance;ICONGFS;2026-10-11T17:00;GFS;2.60;2.50;117.0;19.0;0.00;0.0;GFS
hermance;ICONGFS;2026-10-11T18:00;GFS;1.70;2.70;126.0;18.3;0.00;1.0;GFS
hermance;ICONGFS;2026-10-11T19:00;GFS;0.60;3.10;198.0;17.0;0.00;2.0;GFS
hermance;ICONGFS;2026-10-11T20:00;GFS;1.70;3.30;249.0;15.9;0.00;4.0;GFS
hermance;ICONGFS;2026-10-11T21:00;GFS;2.70;3.70;249.0;15.0;0.00;5.0;GFS
hermance;ICONGFS;2026-10-11T22:00;GFS;3.70;4.10;242.0;14.2;0.00;7.0;GFS
hermance;ICONGFS;2026-10-11T23:00;GFS;4.50;4.50;239.0;13.7;0.00;15.0;GFS
hermance;ICONGFS;2026-10-12T00:00;GFS;5.00;4.90;234.0;13.4;0.00;36.0;GFS
hermance;ICONGFS;2026-10-12T01:00;GFS;5.40;5.20;229.0;13.3;0.00;63.0;GFS
hermance;ICONGFS;2026-10-12T02:00;GFS;5.80;5.40;228.0;13.3;0.00;84.0;GFS
hermance;ICONGFS;2026-10-12T03:00;GFS;6.10;5.60;230.0;13.2;0.00;94.0;GFS
hermance;ICONGFS;2026-10-12T04:00;GFS;6.40;5.60;235.0;13.1;0.00;98.0;GFS
hermance;ICONGFS;2026-10-12T05:00;GFS;6.50;5.60;237.0;13.0;0.00;100.0;GFS
hermance;ICONGFS;2026-10-12T06:00;GFS;6.40;5.60;239.0;12.7;0.00;100.0;GFS
hermance;ICONGFS;2026-10-12T07:00;GFS;6.00;5.60;237.0;12.5;0.00;100.0;GFS
hermance;ICONGFS;2026-10-12T08:00;GFS;5.90;5.60;236.0;12.8;0.00;100.0;GFS
hermance;ICONGFS;2026-10-12T09:00;GFS;5.80;6.00;233.0;13.8;0.00;100.0;GFS
hermance;ICONGFS;2026-10-12T10:00;GFS;5.80;6.40;230.0;15.3;0.00;100.0;GFS
hermance;ICONGFS;2026-10-12T11:00;GFS;5.70;6.80;229.0;16.8;0.00;100.0;GFS
hermance;ICONGFS;2026-10-12T12:00;GFS;5.40;7.20;226.0;18.1;0.00;100.0;GFS
hermance;ICONGFS;2026-10-12T13:00;GFS;5.10;7.40;227.0;19.4;0.00;100.0;GFS
hermance;ICONGFS;2026-10-12T14:00;GFS;4.70;7.60;228.0;20.3;0.00;100.0;GFS
hermance;ICONGFS;2026-10-12T15:00;GFS;4.30;7.60;240.0;20.8;0.00;84.0;GFS
hermance;ICONGFS;2026-10-12T16:00;GFS;4.20;7.40;259.0;20.9;0.00;61.0;GFS
hermance;ICONGFS;2026-10-12T17:00;GFS;4.50;7.00;275.0;20.5;0.00;42.0;GFS
hermance;ICONGFS;2026-10-12T18:00;GFS;4.90;6.00;286.0;19.0;0.00;28.0;GFS
hermance;ICONGFS;2026-10-12T19:00;GFS;5.10;4.70;293.0;16.8;0.00;19.0;GFS
hermance;ICONGFS;2026-10-12T20:00;GFS;5.00;3.50;298.0;15.1;0.00;18.0;GFS
hermance;ICONGFS;2026-10-12T21:00;GFS;4.10;2.50;301.0;14.1;0.00;35.0;GFS
hermance;ICONGFS;2026-10-12T22:00;GFS;2.80;1.90;304.0;13.5;0.00;62.0;GFS
hermance;ICONGFS;2026-10-12T23:00;GFS;1.70;1.40;306.0;13.1;0.00;77.0;GFS
loire_sur_rhone;ICONGFS;2026-09-27T00:00;ICONCH1;3.90;8.60;171.0;16.8;0.00;0.0;ICONCH1
loire_sur_rhone;ICONGFS;2026-09-27T01:00;ICONCH1;6.40;11.90;175.0;17.9;0.00;0.0;ICONCH1
loire_sur_rhone;ICONGFS;2026-09-27T02:00;ICONCH1;8.20;14.80;175.0;17.3;0.00;0.0;ICONCH1
loire_sur_rhone;ICONGFS;2026-09-27T03:00;ICONCH1;10.70;19.80;179.0;16.8;0.00;0.0;ICONCH1
loire_sur_rhone;ICONGFS;2026-09-27T04:00;ICONCH1;8.10;19.20;169.0;16.4;0.00;0.0;ICONCH1
loire_sur_rhone;ICONGFS;2026-09-27T05:00;ICONCH1;11.10;20.20;178.0;16.2;0.00;0.0;ICONCH1
loire_sur_rhone;ICONGFS;2026-09-27T06:00;ICONCH1;12.70;22.90;185.0;16.3;0.00;0.0;ICONCH1
loire_sur_rhone;ICONGFS;2026-09-27T07:00;ICONCH1;5.50;22.70;176.0;16.0;0.00;8.0;ICONCH1
loire_sur_rhone;ICONGFS;2026-09-27T08:00;ICONCH1;11.90;21.40;179.0;16.3;0.00;44.0;ICONCH1
loire_sur_rhone;ICONGFS;2026-09-27T09:00;ICONCH1;17.90;29.00;184.0;17.5;0.00;0.0;ICONCH1
loire_sur_rhone;ICONGFS;2026-09-27T10:00;ICONCH1;21.80;35.40;188.0;19.5;0.00;0.0;ICONCH1
loire_sur_rhone;ICONGFS;2026-09-27T11:00;ICONCH1;19.30;35.40;183.0;22.9;0.00;71.0;ICONCH1
loire_sur_rhone;ICONGFS;2026-09-27T12:00;ICONCH1;19.10;32.10;179.0;25.2;0.00;66.0;ICONCH1
loire_sur_rhone;ICONGFS;2026-09-27T13:00;ICONCH1;17.00;30.70;173.0;26.5;0.00;71.0;ICONCH1
loire_sur_rhone;ICONGFS;2026-09-27T14:00;ICONCH1;17.40;28.20;173.0;27.6;0.00;0.0;ICONCH1
loire_sur_rhone;ICONGFS;2026-09-27T15:00;ICONCH1;19.10;31.10;176.0;28.3;0.00;0.0;ICONCH1
loire_sur_rhone;ICONGFS;2026-09-27T16:00;ICONCH1;18.70;31.50;176.0;28.4;0.00;0.0;ICONCH1
loire_sur_rhone;ICONGFS;2026-09-27T17:00;ICONCH1;17.50;30.90;178.0;28.1;0.00;0.0;ICONCH1
loire_sur_rhone;ICONGFS;2026-09-27T18:00;ICONCH1;16.90;29.40;179.0;27.7;0.00;89.0;ICONCH1
loire_sur_rhone;ICONGFS;2026-09-27T19:00;ICONCH1;18.50;29.40;183.0;26.3;0.00;84.0;ICONCH1
loire_sur_rhone;ICONGFS;2026-09-27T20:00;ICONCH1;19.90;31.90;183.0;24.8;0.00;28.0;ICONCH1
loire_sur_rhone;ICONGFS;2026-09-27T21:00;ICONCH1;19.90;32.30;183.0;23.2;0.00;64.0;ICONCH1
loire_sur_rhone;ICONGFS;2026-09-27T22:00;ICONCH1;21.10;34.20;186.0;22.1;0.00;64.0;ICONCH1
loire_sur_rhone;ICONGFS;2026-09-27T23:00;ICONCH1;22.70;38.90;190.0;21.0;0.00;62.0;ICONCH1
loire_sur_rhone;ICONGFS;2026-09-28T00:00;ICONCH1;24.50;42.20;192.0;20.1;0.00;70.0;ICONCH1
loire_sur_rhone;ICONGFS;2026-09-28T01:00;ICONCH1;25.10;43.30;190.0;19.2;0.00;23.0;ICONCH1
loire_sur_rhone;ICONGFS;2026-09-28T02:00;ICONCH1;25.50;45.10;188.0;18.6;0.00;91.0;ICONCH1
loire_sur_rhone;ICONGFS;2026-09-28T03:00;ICONCH1;24.40;44.10;188.0;18.3;0.00;100.0;ICONCH1
loire_sur_rhone;ICONGFS;2026-09-28T04:00;ICONCH1;23.00;41.80;188.0;18.2;0.00;82.0;ICONCH1
loire_sur_rhone;ICONGFS;2026-09-28T05:00;ICONCH1;18.80;39.70;187.0;17.8;0.00;83.0;ICONCH1
loire_sur_rhone;ICONGFS;2026-09-28T06:00;ICONCH1;11.90;32.10;174.0;17.3;0.00;81.0;ICONCH1
loire_sur_rhone;ICONGFS;2026-09-28T07:00;ICONCH1;13.70;24.30;173.0;17.1;0.00;100.0;ICONCH1
loire_sur_rhone;ICONGFS;2026-09-28T08:00;ICONCH1;13.50;24.50;175.0;17.0;0.00;100.0;ICONCH1
loire_sur_rhone;ICONGFS;2026-09-28T09:00;ICONCH1;11.40;23.50;173.0;18.1;0.00;99.0;ICONCH1
loire_sur_rhone;ICONGFS;2026-09-28T10:00;ICONCH1;9.80;20.40;167.0;20.6;0.00;91.0;ICONCH1
loire_sur_rhone;ICONGFS;2026-09-28T11:00;ICONCH1;12.20;20.00;158.0;23.3;0.00;87.0;ICONCH1
loire_sur_rhone;ICONGFS;2026-09-28T12:00;ICONCH1;14.00;23.70;167.0;24.9;0.00;100.0;ICONCH1
loire_sur_rhone;ICONGFS;2026-09-28T13:00;ICONCH1;13.60;24.50;170.0;26.3;0.00;99.0;ICONCH1
loire_sur_rhone;ICONGFS;2026-09-28T14:00;ICONCH1;13.80;23.50;171.0;27.6;0.00;77.0;ICONCH1
loire_sur_rhone;ICONGFS;2026-09-28T15:00;ICONCH1;12.30;22.70;169.0;28.5;0.00;98.0;ICONCH1
loire_sur_rhone;ICONGFS;2026-09-28T16:00;ICONCH1;14.70;27.00;188.0;28.2;0.00;100.0;ICONCH1
loire_sur_rhone;ICONGFS;2026-09-28T17:00;ICONCH1;17.50;28.40;176.0;27.7;0.00;82.0;ICONCH1
loire_sur_rhone;ICONGFS;2026-09-28T18:00;ICONCH2;13.40;26.20;178.0;27.0;0.00;100.0;ICONCH2
loire_sur_rhone;ICONGFS;2026-09-28T19:00;ICONCH2;9.70;25.50;182.0;25.6;0.00;100.0;ICONCH2
loire_sur_rhone;ICONGFS;2026-09-28T20:00;ICONCH2;5.50;18.50;176.0;24.2;0.00;100.0;ICONCH2
loire_sur_rhone;ICONGFS;2026-09-28T21:00;ICONCH2;2.80;10.10;164.0;22.5;0.00;60.0;ICONCH2
loire_sur_rhone;ICONGFS;2026-09-28T22:00;ICONCH2;1.70;5.60;126.0;20.8;0.00;84.0;ICONCH2
loire_sur_rhone;ICONGFS;2026-09-28T23:00;ICONCH2;1.10;3.30;31.0;20.3;0.00;81.0;ICONCH2
loire_sur_rhone;ICONGFS;2026-09-29T00:00;ICONCH2;1.40;2.30;135.0;19.8;0.00;100.0;ICONCH2
loire_sur_rhone;ICONGFS;2026-09-29T01:00;ICONCH2;1.50;3.10;130.0;18.6;0.00;35.0;ICONCH2
loire_sur_rhone;ICONGFS;2026-09-29T02:00;ICONCH2;2.30;4.70;138.0;17.6;0.00;100.0;ICONCH2
loire_sur_rhone;ICONGFS;2026-09-29T03:00;ICONCH2;2.60;5.20;126.0;17.3;0.00;100.0;ICONCH2
loire_sur_rhone;ICONGFS;2026-09-29T04:00;ICONCH2;2.50;5.20;122.0;17.0;0.00;100.0;ICONCH2
loire_sur_rhone;ICONGFS;2026-09-29T05:00;ICONCH2;1.70;4.90;111.0;16.6;0.00;100.0;ICONCH2
loire_sur_rhone;ICONGFS;2026-09-29T06:00;ICONCH2;1.60;3.10;104.0;16.0;0.00;100.0;ICONCH2
loire_sur_rhone;ICONGFS;2026-09-29T07:00;ICONCH2;1.70;3.30;117.0;15.6;0.00;100.0;ICONCH2
loire_sur_rhone;ICONGFS;2026-09-29T08:00;ICONCH2;1.00;3.10;127.0;15.6;0.00;100.0;ICONCH2
loire_sur_rhone;ICONGFS;2026-09-29T09:00;ICONCH2;0.40;1.70;90.0;16.6;0.00;100.0;ICONCH2
loire_sur_rhone;ICONGFS;2026-09-29T10:00;ICONCH2;2.40;4.90;145.0;19.7;0.00;100.0;ICONCH2
loire_sur_rhone;ICONGFS;2026-09-29T11:00;ICONCH2;6.20;11.90;167.0;23.3;0.00;100.0;ICONCH2
loire_sur_rhone;ICONGFS;2026-09-29T12:00;ICONCH2;8.80;16.70;176.0;25.6;0.00;100.0;ICONCH2
loire_sur_rhone;ICONGFS;2026-09-29T13:00;ICONCH2;11.70;22.20;186.0;27.5;0.00;100.0;ICONCH2
loire_sur_rhone;ICONGFS;2026-09-29T14:00;ICONCH2;12.40;23.90;182.0;28.5;0.00;100.0;ICONCH2
loire_sur_rhone;ICONGFS;2026-09-29T15:00;ICONCH2;14.00;26.60;182.0;28.8;0.00;100.0;ICONCH2
loire_sur_rhone;ICONGFS;2026-09-29T16:00;ICONCH2;17.70;33.60;176.0;28.6;0.00;100.0;ICONCH2
loire_sur_rhone;ICONGFS;2026-09-29T17:00;ICONCH2;19.90;38.50;176.0;27.9;0.00;100.0;ICONCH2
loire_sur_rhone;ICONGFS;2026-09-29T18:00;ICONCH2;19.10;37.70;174.0;27.2;0.00;100.0;ICONCH2
loire_sur_rhone;ICONGFS;2026-09-29T19:00;ICONCH2;18.40;37.10;173.0;26.2;0.00;100.0;ICONCH2
loire_sur_rhone;ICONGFS;2026-09-29T20:00;ICONCH2;19.90;37.70;174.0;25.1;0.00;88.0;ICONCH2
loire_sur_rhone;ICONGFS;2026-09-29T21:00;ICONCH2;18.60;38.50;169.0;24.2;0.00;97.0;ICONCH2
loire_sur_rhone;ICONGFS;2026-09-29T22:00;ICONCH2;18.60;35.60;169.0;23.4;0.00;74.0;ICONCH2
loire_sur_rhone;ICONGFS;2026-09-29T23:00;ICONCH2;16.80;34.80;174.0;22.9;0.00;88.0;ICONCH2
loire_sur_rhone;ICONGFS;2026-09-30T00:00;ICONCH2;17.00;35.60;169.0;22.4;0.00;100.0;ICONCH2
loire_sur_rhone;ICONGFS;2026-09-30T01:00;ICONCH2;5.70;31.90;204.0;22.3;0.00;100.0;ICONCH2
loire_sur_rhone;ICONGFS;2026-09-30T02:00;ICONCH2;3.10;10.90;210.0;21.6;0.00;94.0;ICONCH2
loire_sur_rhone;ICONGFS;2026-09-30T03:00;ICONCH2;2.00;6.00;209.0;21.2;0.00;71.0;ICONCH2
loire_sur_rhone;ICONGFS;2026-09-30T04:00;ICONCH2;1.80;7.40;212.0;20.5;0.00;48.0;ICONCH2
loire_sur_rhone;ICONGFS;2026-09-30T05:00;ICONCH2;0.80;3.50;166.0;20.0;0.00;62.0;ICONCH2
loire_sur_rhone;ICONGFS;2026-09-30T06:00;ICONCH2;2.70;6.00;225.0;19.7;0.00;56.0;ICONCH2
loire_sur_rhone;ICONGFS;2026-09-30T07:00;ICONCH2;2.90;5.60;222.0;19.8;0.00;88.0;ICONCH2
loire_sur_rhone;ICONGFS;2026-09-30T08:00;ICONCH2;9.00;17.50;187.0;20.1;0.00;69.0;ICONCH2
loire_sur_rhone;ICONGFS;2026-09-30T09:00;ICONCH2;10.00;19.80;187.0;20.9;0.00;80.0;ICONCH2
loire_sur_rhone;ICONGFS;2026-09-30T10:00;ICONCH2;15.40;29.20;182.0;22.7;0.00;71.0;ICONCH2
loire_sur_rhone;ICONGFS;2026-09-30T11:00;ICONCH2;15.40;31.50;174.0;24.7;0.00;77.0;ICONCH2
loire_sur_rhone;ICONGFS;2026-09-30T12:00;ICONCH2;16.50;31.50;177.0;26.7;0.00;90.0;ICONCH2
loire_sur_rhone;ICONGFS;2026-09-30T13:00;ICONCH2;15.90;31.90;181.0;27.0;0.00;85.0;ICONCH2
loire_sur_rhone;ICONGFS;2026-09-30T14:00;ICONCH2;15.40;30.10;181.0;27.6;0.00;80.0;ICONCH2
loire_sur_rhone;ICONGFS;2026-09-30T15:00;ICONCH2;16.50;31.70;181.0;27.3;0.00;83.0;ICONCH2
loire_sur_rhone;ICONGFS;2026-09-30T16:00;ICONCH2;17.90;33.60;179.0;27.4;0.00;72.0;ICONCH2
loire_sur_rhone;ICONGFS;2026-09-30T17:00;ICONCH2;17.10;33.80;181.0;27.1;0.00;100.0;ICONCH2
loire_sur_rhone;ICONGFS;2026-09-30T18:00;ICONCH2;15.80;32.30;178.0;26.8;0.00;91.0;ICONCH2
loire_sur_rhone;ICONGFS;2026-09-30T19:00;ICONCH2;13.80;30.50;178.0;25.9;0.00;100.0;ICONCH2
loire_sur_rhone;ICONGFS;2026-09-30T20:00;ICONCH2;10.90;26.20;174.0;24.7;0.00;100.0;ICONCH2
loire_sur_rhone;ICONGFS;2026-09-30T21:00;ICONCH2;11.10;22.90;168.0;23.6;0.00;100.0;ICONCH2
loire_sur_rhone;ICONGFS;2026-09-30T22:00;ICONCH2;10.80;20.80;172.0;22.9;0.00;100.0;ICONCH2
loire_sur_rhone;ICONGFS;2026-09-30T23:00;ICONCH2;11.30;22.20;175.0;22.4;0.00;100.0;ICONCH2
loire_sur_rhone;ICONGFS;2026-10-01T00:00;ICONCH2;10.00;21.40;171.0;21.9;0.00;100.0;ICONCH2
loire_sur_rhone;ICONGFS;2026-10-01T01:00;ICONCH2;9.20;19.00;176.0;21.6;0.00;100.0;ICONCH2
loire_sur_rhone;ICONGFS;2026-10-01T02:00;ICONCH2;13.10;24.70;172.0;21.4;0.00;100.0;ICONCH2
loire_sur_rhone;ICONGFS;2026-10-01T03:00;ICONCH2;12.30;27.00;175.0;21.5;0.00;100.0;ICONCH2
loire_sur_rhone;ICONGFS;2026-10-01T04:00;ICONCH2;11.70;23.10;178.0;21.6;0.00;100.0;ICONCH2
loire_sur_rhone;ICONGFS;2026-10-01T05:00;ICONCH2;11.90;23.30;178.0;21.5;0.00;100.0;ICONCH2
loire_sur_rhone;ICONGFS;2026-10-01T06:00;ICONCH2;10.70;22.40;184.0;21.3;0.00;100.0;ICONCH2
loire_sur_rhone;ICONGFS;2026-10-01T07:00;ICONCH2;8.00;20.20;184.0;21.0;0.00;100.0;ICONCH2
loire_sur_rhone;ICONGFS;2026-10-01T08:00;ICONCH2;7.50;15.40;187.0;20.9;0.00;100.0;ICONCH2
loire_sur_rhone;ICONGFS;2026-10-01T09:00;ICONCH2;9.40;17.70;185.0;21.3;0.00;100.0;ICONCH2
loire_sur_rhone;ICONGFS;2026-10-01T10:00;ICONCH2;9.00;17.70;182.0;22.0;0.00;100.0;ICONCH2
loire_sur_rhone;ICONGFS;2026-10-01T11:00;ICONCH2;9.70;18.30;182.0;23.3;0.00;100.0;ICONCH2
loire_sur_rhone;ICONGFS;2026-10-01T12:00;ICONCH2;10.50;20.60;176.0;23.8;0.00;100.0;ICONCH2
loire_sur_rhone;ICONGFS;2026-10-01T13:00;ICONCH2;12.70;23.90;176.0;24.0;0.10;100.0;ICONCH2
loire_sur_rhone;ICONGFS;2026-10-01T14:00;ICONCH2;14.80;28.00;177.0;23.5;0.00;100.0;ICONCH2
loire_sur_rhone;ICONGFS;2026-10-01T15:00;ICONCH2;15.00;28.60;175.0;22.6;0.00;100.0;ICONCH2
loire_sur_rhone;ICONGFS;2026-10-01T16:00;ICONCH2;15.20;29.50;174.0;22.8;0.00;100.0;ICONCH2
loire_sur_rhone;ICONGFS;2026-10-01T17:00;ICONCH2;15.40;29.40;176.0;23.0;0.00;100.0;ICONCH2
loire_sur_rhone;ICONGFS;2026-10-01T18:00;ICONCH2;14.20;29.20;176.0;22.8;0.00;100.0;ICONCH2
loire_sur_rhone;ICONGFS;2026-10-01T19:00;ICONCH2;11.70;26.80;177.0;22.2;0.10;100.0;ICONCH2
loire_sur_rhone;ICONGFS;2026-10-01T20:00;ICONCH2;4.40;21.80;212.0;21.2;0.90;100.0;ICONCH2
loire_sur_rhone;ICONGFS;2026-10-01T21:00;ICONCH2;0.70;8.20;304.0;20.5;0.10;100.0;ICONCH2
loire_sur_rhone;ICONGFS;2026-10-01T22:00;ICONCH2;1.00;2.50;248.0;19.2;0.00;100.0;ICONCH2
loire_sur_rhone;ICONGFS;2026-10-01T23:00;ICONCH2;1.20;3.30;252.0;18.5;0.00;100.0;ICONCH2
loire_sur_rhone;ICONGFS;2026-10-02T00:00;ICON13KM;5.30;9.10;336.0;16.9;0.00;92.0;ICON13KM
loire_sur_rhone;ICONGFS;2026-10-02T01:00;ICON13KM;5.80;9.90;339.0;16.7;0.00;85.0;ICON13KM
loire_sur_rhone;ICONGFS;2026-10-02T02:00;ICON13KM;6.20;10.50;340.0;16.4;0.00;77.0;ICON13KM
loire_sur_rhone;ICONGFS;2026-10-02T03:00;ICON13KM;5.90;10.30;343.0;16.1;0.00;77.0;ICON13KM
loire_sur_rhone;ICONGFS;2026-10-02T04:00;ICON13KM;5.20;9.70;345.0;15.7;0.00;78.0;ICON13KM
loire_sur_rhone;ICONGFS;2026-10-02T05:00;ICON13KM;4.80;9.30;348.0;15.4;0.00;78.0;ICON13KM
loire_sur_rhone;ICONGFS;2026-10-02T06:00;ICON13KM;4.70;8.90;351.0;15.2;0.00;81.0;ICON13KM
loire_sur_rhone;ICONGFS;2026-10-02T07:00;ICON13KM;4.70;8.60;353.0;15.1;0.00;83.0;ICON13KM
loire_sur_rhone;ICONGFS;2026-10-02T08:00;ICON13KM;4.70;8.40;355.0;15.1;0.00;86.0;ICON13KM
loire_sur_rhone;ICONGFS;2026-10-02T09:00;ICON13KM;6.30;11.30;349.0;14.5;0.00;77.0;ICON13KM
loire_sur_rhone;ICONGFS;2026-10-02T10:00;ICON13KM;9.50;16.90;348.0;15.5;0.00;78.0;ICON13KM
loire_sur_rhone;ICONGFS;2026-10-02T11:00;ICON13KM;11.90;21.00;349.0;16.5;0.00;80.0;ICON13KM
loire_sur_rhone;ICONGFS;2026-10-02T12:00;ICON13KM;12.30;22.40;353.0;17.5;0.00;81.0;ICON13KM
loire_sur_rhone;ICONGFS;2026-10-02T13:00;ICON13KM;12.10;22.40;358.0;18.6;0.00;82.0;ICON13KM
loire_sur_rhone;ICONGFS;2026-10-02T14:00;ICON13KM;11.70;21.80;2.0;19.4;0.00;83.0;ICON13KM
loire_sur_rhone;ICONGFS;2026-10-02T15:00;ICON13KM;11.10;20.80;2.0;19.9;0.00;88.0;ICON13KM
loire_sur_rhone;ICONGFS;2026-10-02T16:00;ICON13KM;10.10;19.20;360.0;20.2;0.00;92.0;ICON13KM
loire_sur_rhone;ICONGFS;2026-10-02T17:00;ICON13KM;9.20;17.70;356.0;20.1;0.00;97.0;ICON13KM
loire_sur_rhone;ICONGFS;2026-10-02T18:00;ICON13KM;8.20;16.50;352.0;19.6;0.00;81.0;ICON13KM
loire_sur_rhone;ICONGFS;2026-10-02T19:00;ICON13KM;7.60;15.60;345.0;18.7;0.00;66.0;ICON13KM
loire_sur_rhone;ICONGFS;2026-10-02T20:00;ICON13KM;6.60;14.00;339.0;17.8;0.00;50.0;ICON13KM
loire_sur_rhone;ICONGFS;2026-10-02T21:00;ICON13KM;5.20;11.50;340.0;17.0;0.00;49.0;ICON13KM
loire_sur_rhone;ICONGFS;2026-10-02T22:00;ICON13KM;3.40;8.60;347.0;16.2;0.00;47.0;ICON13KM
loire_sur_rhone;ICONGFS;2026-10-02T23:00;ICON13KM;2.10;6.00;360.0;15.6;0.00;46.0;ICON13KM
loire_sur_rhone;ICONGFS;2026-10-03T00:00;ICON13KM;1.60;4.10;14.0;15.4;0.00;55.0;ICON13KM
loire_sur_rhone;ICONGFS;2026-10-03T01:00;ICON13KM;1.40;2.50;16.0;15.4;0.00;63.0;ICON13KM
loire_sur_rhone;ICONGFS;2026-10-03T02:00;ICON13KM;1.10;1.60;31.0;15.3;0.00;72.0;ICON13KM
loire_sur_rhone;ICONGFS;2026-10-03T03:00;ICON13KM;0.90;1.40;63.0;14.7;0.00;71.0;ICON13KM
loire_sur_rhone;ICONGFS;2026-10-03T04:00;ICON13KM;1.20;1.70;90.0;14.0;0.00;70.0;ICON13KM
loire_sur_rhone;ICONGFS;2026-10-03T05:00;ICON13KM;1.50;2.30;113.0;13.4;0.00;69.0;ICON13KM
loire_sur_rhone;ICONGFS;2026-10-03T06:00;ICON13KM;1.80;2.90;122.0;12.8;0.00;75.0;ICON13KM
loire_sur_rhone;ICONGFS;2026-10-03T07:00;ICON13KM;2.10;3.50;131.0;12.2;0.00;82.0;ICON13KM
loire_sur_rhone;ICONGFS;2026-10-03T08:00;ICON13KM;2.30;4.30;138.0;12.5;0.00;88.0;ICON13KM
loire_sur_rhone;ICONGFS;2026-10-03T09:00;ICON13KM;2.60;4.50;138.0;14.1;0.00;59.0;ICON13KM
loire_sur_rhone;ICONGFS;2026-10-03T10:00;ICON13KM;2.90;5.10;138.0;16.4;0.00;29.0;ICON13KM
loire_sur_rhone;ICONGFS;2026-10-03T11:00;ICON13KM;4.10;7.60;155.0;18.7;0.00;0.0;ICON13KM
loire_sur_rhone;ICONGFS;2026-10-03T12:00;ICON13KM;7.80;14.60;173.0;20.6;0.00;0.0;ICON13KM
loire_sur_rhone;ICONGFS;2026-10-03T13:00;ICON13KM;13.00;23.70;181.0;22.4;0.00;0.0;ICON13KM
loire_sur_rhone;ICONGFS;2026-10-03T14:00;ICON13KM;16.80;30.30;184.0;23.7;0.00;0.0;ICON13KM
loire_sur_rhone;ICONGFS;2026-10-03T15:00;ICON13KM;17.40;32.30;185.0;24.2;0.00;20.0;ICON13KM
loire_sur_rhone;ICONGFS;2026-10-03T16:00;ICON13KM;16.40;31.50;186.0;24.2;0.00;41.0;ICON13KM
loire_sur_rhone;ICONGFS;2026-10-03T17:00;ICON13KM;14.90;29.50;186.0;23.7;0.00;61.0;ICON13KM
loire_sur_rhone;ICONGFS;2026-10-03T18:00;ICON13KM;12.70;26.20;184.0;22.7;0.00;74.0;ICON13KM
loire_sur_rhone;ICONGFS;2026-10-03T19:00;ICON13KM;10.10;22.00;180.0;21.2;0.00;87.0;ICON13KM
loire_sur_rhone;ICONGFS;2026-10-03T20:00;ICON13KM;8.20;18.30;175.0;20.0;0.00;100.0;ICON13KM
loire_sur_rhone;ICONGFS;2026-10-03T21:00;ICON13KM;7.50;15.90;173.0;19.3;0.00;90.0;ICON13KM
loire_sur_rhone;ICONGFS;2026-10-03T22:00;ICON13KM;7.50;14.20;173.0;18.8;0.00;81.0;ICON13KM
loire_sur_rhone;ICONGFS;2026-10-03T23:00;ICON13KM;7.50;13.20;173.0;18.5;0.00;71.0;ICON13KM
loire_sur_rhone;ICONGFS;2026-10-04T00:00;ICON13KM;7.60;13.40;173.0;18.2;0.00;81.0;ICON13KM
loire_sur_rhone;ICONGFS;2026-10-04T01:00;ICON13KM;7.80;14.40;173.0;18.0;0.00;90.0;ICON13KM
loire_sur_rhone;ICONGFS;2026-10-04T02:00;ICON13KM;7.80;14.80;173.0;17.8;0.00;100.0;ICON13KM
loire_sur_rhone;ICONGFS;2026-10-04T03:00;ICON13KM;7.10;13.80;171.0;17.5;0.00;90.0;ICON13KM
loire_sur_rhone;ICONGFS;2026-10-04T04:00;ICON13KM;5.80;12.20;166.0;17.3;0.00;81.0;ICON13KM
loire_sur_rhone;ICONGFS;2026-10-04T05:00;ICON13KM;5.00;10.70;159.0;16.9;0.00;71.0;ICON13KM
loire_sur_rhone;ICONGFS;2026-10-04T06:00;ICON13KM;4.40;9.30;151.0;16.2;0.00;51.0;ICON13KM
loire_sur_rhone;ICONGFS;2026-10-04T07:00;ICON13KM;4.00;8.20;141.0;15.3;0.00;32.0;ICON13KM
loire_sur_rhone;ICONGFS;2026-10-04T08:00;ICON13KM;4.10;8.00;139.0;15.2;0.00;12.0;ICON13KM
loire_sur_rhone;ICONGFS;2026-10-04T09:00;ICON13KM;4.90;8.90;143.0;16.4;0.00;10.0;ICON13KM
loire_sur_rhone;ICONGFS;2026-10-04T10:00;ICON13KM;6.10;10.90;153.0;18.4;0.00;7.0;ICON13KM
loire_sur_rhone;ICONGFS;2026-10-04T11:00;ICON13KM;7.40;13.20;162.0;20.2;0.00;5.0;ICON13KM
loire_sur_rhone;ICONGFS;2026-10-04T12:00;ICON13KM;9.00;16.30;173.0;21.6;0.00;37.0;ICON13KM
loire_sur_rhone;ICONGFS;2026-10-04T13:00;ICON13KM;10.90;20.00;183.0;22.8;0.00;68.0;ICON13KM
loire_sur_rhone;ICONGFS;2026-10-04T14:00;ICON13KM;12.60;22.50;188.0;23.7;0.00;100.0;ICON13KM
loire_sur_rhone;ICONGFS;2026-10-04T15:00;GFS;2.40;4.50;279.0;14.7;0.80;100.0;GFS
loire_sur_rhone;ICONGFS;2026-10-04T16:00;GFS;1.90;3.90;294.0;14.4;0.80;100.0;GFS
loire_sur_rhone;ICONGFS;2026-10-04T17:00;GFS;1.60;3.30;300.0;14.1;0.80;100.0;GFS
loire_sur_rhone;ICONGFS;2026-10-04T18:00;GFS;1.40;2.50;304.0;13.8;0.10;100.0;GFS
loire_sur_rhone;ICONGFS;2026-10-04T19:00;GFS;1.20;1.70;309.0;13.6;0.10;100.0;GFS
loire_sur_rhone;ICONGFS;2026-10-04T20:00;GFS;0.90;1.40;297.0;13.5;0.10;100.0;GFS
loire_sur_rhone;ICONGFS;2026-10-04T21:00;GFS;0.40;1.40;207.0;13.3;0.00;100.0;GFS
loire_sur_rhone;ICONGFS;2026-10-04T22:00;GFS;1.20;1.70;162.0;13.2;0.00;100.0;GFS
loire_sur_rhone;ICONGFS;2026-10-04T23:00;GFS;2.10;2.10;158.0;13.2;0.00;100.0;GFS
loire_sur_rhone;ICONGFS;2026-10-05T00:00;GFS;2.30;2.10;156.0;13.2;0.00;100.0;GFS
loire_sur_rhone;ICONGFS;2026-10-05T01:00;GFS;2.30;2.10;156.0;13.2;0.00;100.0;GFS
loire_sur_rhone;ICONGFS;2026-10-05T02:00;GFS;2.30;2.10;160.0;13.1;0.00;100.0;GFS
loire_sur_rhone;ICONGFS;2026-10-05T03:00;GFS;2.00;2.10;169.0;12.5;0.00;86.0;GFS
loire_sur_rhone;ICONGFS;2026-10-05T04:00;GFS;1.80;2.10;193.0;11.8;0.00;68.0;GFS
loire_sur_rhone;ICONGFS;2026-10-05T05:00;GFS;1.60;1.90;210.0;11.2;0.00;59.0;GFS
loire_sur_rhone;ICONGFS;2026-10-05T06:00;GFS;1.40;1.70;225.0;10.7;0.00;67.0;GFS
loire_sur_rhone;ICONGFS;2026-10-05T07:00;GFS;1.20;1.40;252.0;10.4;0.00;85.0;GFS
loire_sur_rhone;ICONGFS;2026-10-05T08:00;GFS;1.00;1.20;281.0;10.7;0.00;98.0;GFS
loire_sur_rhone;ICONGFS;2026-10-05T09:00;GFS;0.80;1.00;315.0;11.9;0.00;100.0;GFS
loire_sur_rhone;ICONGFS;2026-10-05T10:00;GFS;1.00;1.00;360.0;13.6;0.00;100.0;GFS
loire_sur_rhone;ICONGFS;2026-10-05T11:00;GFS;1.70;1.20;21.0;15.3;0.00;100.0;GFS
loire_sur_rhone;ICONGFS;2026-10-05T12:00;GFS;2.80;1.90;25.0;16.8;0.00;97.0;GFS
loire_sur_rhone;ICONGFS;2026-10-05T13:00;GFS;4.30;3.10;27.0;18.2;0.00;92.0;GFS
loire_sur_rhone;ICONGFS;2026-10-05T14:00;GFS;5.40;4.30;26.0;19.2;0.00;90.0;GFS
loire_sur_rhone;ICONGFS;2026-10-05T15:00;GFS;6.00;5.20;25.0;19.7;0.00;92.0;GFS
loire_sur_rhone;ICONGFS;2026-10-05T16:00;GFS;6.30;6.00;22.0;19.9;0.00;97.0;GFS
loire_sur_rhone;ICONGFS;2026-10-05T17:00;GFS;6.10;6.40;17.0;19.5;0.00;100.0;GFS
loire_sur_rhone;ICONGFS;2026-10-05T18:00;GFS;5.30;6.20;2.0;18.2;0.00;100.0;GFS
loire_sur_rhone;ICONGFS;2026-10-05T19:00;GFS;4.80;5.60;339.0;16.4;0.00;100.0;GFS
loire_sur_rhone;ICONGFS;2026-10-05T20:00;GFS;4.80;5.10;320.0;15.0;0.00;99.0;GFS
loire_sur_rhone;ICONGFS;2026-10-05T21:00;GFS;4.70;4.70;308.0;14.5;0.00;99.0;GFS
loire_sur_rhone;ICONGFS;2026-10-05T22:00;GFS;4.40;4.10;302.0;14.5;0.00;100.0;GFS
loire_sur_rhone;ICONGFS;2026-10-05T23:00;GFS;4.00;3.90;299.0;14.4;0.00;100.0;GFS
loire_sur_rhone;ICONGFS;2026-10-06T00:00;GFS;3.80;3.90;300.0;13.7;0.00;100.0;GFS
loire_sur_rhone;ICONGFS;2026-10-06T01:00;GFS;3.80;4.10;305.0;12.8;0.00;100.0;GFS
loire_sur_rhone;ICONGFS;2026-10-06T02:00;GFS;3.70;4.30;313.0;12.2;0.00;100.0;GFS
loire_sur_rhone;ICONGFS;2026-10-06T03:00;GFS;3.60;4.50;319.0;12.1;0.00;100.0;GFS
loire_sur_rhone;ICONGFS;2026-10-06T04:00;GFS;3.60;4.90;331.0;12.3;0.00;100.0;GFS
loire_sur_rhone;ICONGFS;2026-10-06T05:00;GFS;3.60;5.10;338.0;12.4;0.00;100.0;GFS
loire_sur_rhone;ICONGFS;2026-10-06T06:00;GFS;3.60;5.10;347.0;12.1;0.10;100.0;GFS
loire_sur_rhone;ICONGFS;2026-10-06T07:00;GFS;3.50;4.90;354.0;11.8;0.10;100.0;GFS
loire_sur_rhone;ICONGFS;2026-10-06T08:00;GFS;3.50;4.70;357.0;11.9;0.10;100.0;GFS
loire_sur_rhone;ICONGFS;2026-10-06T09:00;GFS;3.40;4.90;344.0;12.5;0.00;100.0;GFS
loire_sur_rhone;ICONGFS;2026-10-06T10:00;GFS;3.50;5.10;326.0;13.4;0.00;100.0;GFS
loire_sur_rhone;ICONGFS;2026-10-06T11:00;GFS;3.90;5.20;319.0;14.5;0.00;100.0;GFS
loire_sur_rhone;ICONGFS;2026-10-06T12:00;GFS;4.00;5.20;331.0;15.8;0.00;97.0;GFS
loire_sur_rhone;ICONGFS;2026-10-06T13:00;GFS;4.50;5.10;353.0;17.2;0.00;93.0;GFS
loire_sur_rhone;ICONGFS;2026-10-06T14:00;GFS;5.10;5.10;2.0;18.1;0.00;91.0;GFS
loire_sur_rhone;ICONGFS;2026-10-06T15:00;GFS;4.90;5.40;5.0;18.1;0.00;92.0;GFS
loire_sur_rhone;ICONGFS;2026-10-06T16:00;GFS;4.10;6.00;360.0;17.7;0.00;96.0;GFS
loire_sur_rhone;ICONGFS;2026-10-06T17:00;GFS;3.40;6.20;350.0;17.2;0.00;98.0;GFS
loire_sur_rhone;ICONGFS;2026-10-06T18:00;GFS;2.90;5.80;323.0;16.6;0.00;98.0;GFS
loire_sur_rhone;ICONGFS;2026-10-06T19:00;GFS;3.80;5.20;294.0;15.9;0.00;97.0;GFS
loire_sur_rhone;ICONGFS;2026-10-06T20:00;GFS;4.50;4.70;280.0;15.4;0.00;96.0;GFS
loire_sur_rhone;ICONGFS;2026-10-06T21:00;GFS;4.30;4.10;278.0;15.1;0.00;96.0;GFS
loire_sur_rhone;ICONGFS;2026-10-06T22:00;GFS;3.70;3.70;279.0;14.9;0.00;97.0;GFS
loire_sur_rhone;ICONGFS;2026-10-06T23:00;GFS;3.20;3.30;284.0;14.5;0.00;94.0;GFS
loire_sur_rhone;ICONGFS;2026-10-07T00:00;GFS;3.10;3.10;288.0;13.7;0.00;86.0;GFS
loire_sur_rhone;ICONGFS;2026-10-07T01:00;GFS;3.00;3.30;293.0;12.8;0.00;75.0;GFS
loire_sur_rhone;ICONGFS;2026-10-07T02:00;GFS;3.00;3.30;297.0;12.0;0.00;62.0;GFS
loire_sur_rhone;ICONGFS;2026-10-07T03:00;GFS;3.10;3.30;300.0;11.5;0.00;44.0;GFS
loire_sur_rhone;ICONGFS;2026-10-07T04:00;GFS;3.10;3.30;305.0;11.2;0.00;24.0;GFS
loire_sur_rhone;ICONGFS;2026-10-07T05:00;GFS;3.20;3.30;308.0;10.9;0.00;17.0;GFS
loire_sur_rhone;ICONGFS;2026-10-07T06:00;GFS;3.20;3.30;308.0;10.4;0.00;38.0;GFS
loire_sur_rhone;ICONGFS;2026-10-07T07:00;GFS;3.30;3.30;310.0;10.0;0.00;72.0;GFS
loire_sur_rhone;ICONGFS;2026-10-07T08:00;GFS;3.20;3.30;317.0;10.3;0.00;92.0;GFS
loire_sur_rhone;ICONGFS;2026-10-07T09:00;GFS;3.20;3.70;335.0;11.8;0.00;82.0;GFS
loire_sur_rhone;ICONGFS;2026-10-07T10:00;GFS;3.70;4.10;354.0;14.1;0.00;58.0;GFS
loire_sur_rhone;ICONGFS;2026-10-07T11:00;GFS;4.30;4.50;8.0;16.2;0.00;39.0;GFS
loire_sur_rhone;ICONGFS;2026-10-07T12:00;GFS;5.00;4.90;16.0;17.7;0.00;32.0;GFS
loire_sur_rhone;ICONGFS;2026-10-07T13:00;GFS;5.80;5.40;20.0;19.0;0.00;31.0;GFS
loire_sur_rhone;ICONGFS;2026-10-07T14:00;GFS;6.30;5.80;22.0;19.9;0.00;37.0;GFS
loire_sur_rhone;ICONGFS;2026-10-07T15:00;GFS;6.40;6.20;20.0;20.3;0.00;56.0;GFS
loire_sur_rhone;ICONGFS;2026-10-07T16:00;GFS;6.50;6.40;16.0;20.2;0.00;81.0;GFS
loire_sur_rhone;ICONGFS;2026-10-07T17:00;GFS;6.10;6.40;9.0;19.7;0.00;99.0;GFS
loire_sur_rhone;ICONGFS;2026-10-07T18:00;GFS;5.30;5.60;358.0;18.2;0.00;100.0;GFS
loire_sur_rhone;ICONGFS;2026-10-07T19:00;GFS;4.60;4.50;340.0;16.2;0.00;94.0;GFS
loire_sur_rhone;ICONGFS;2026-10-07T20:00;GFS;4.20;3.70;323.0;14.7;0.00;90.0;GFS
loire_sur_rhone;ICONGFS;2026-10-07T21:00;GFS;4.00;3.50;309.0;14.1;0.00;91.0;GFS
loire_sur_rhone;ICONGFS;2026-10-07T22:00;GFS;3.70;3.50;298.0;14.1;0.00;94.0;GFS
loire_sur_rhone;ICONGFS;2026-10-07T23:00;GFS;3.60;3.50;292.0;14.2;0.00;97.0;GFS
loire_sur_rhone;ICONGFS;2026-10-08T00:00;GFS;3.40;3.30;294.0;14.3;0.00;98.0;GFS
loire_sur_rhone;ICONGFS;2026-10-08T01:00;GFS;2.90;2.90;298.0;14.5;0.00;99.0;GFS
loire_sur_rhone;ICONGFS;2026-10-08T02:00;GFS;2.50;2.70;309.0;14.6;0.00;100.0;GFS
loire_sur_rhone;ICONGFS;2026-10-08T03:00;GFS;1.70;2.30;333.0;14.4;0.00;100.0;GFS
loire_sur_rhone;ICONGFS;2026-10-08T04:00;GFS;1.70;1.90;21.0;14.1;0.00;100.0;GFS
loire_sur_rhone;ICONGFS;2026-10-08T05:00;GFS;2.20;1.90;38.0;13.8;0.00;100.0;GFS
loire_sur_rhone;ICONGFS;2026-10-08T06:00;GFS;2.30;2.50;24.0;13.2;0.60;100.0;GFS
loire_sur_rhone;ICONGFS;2026-10-08T07:00;GFS;2.50;3.30;4.0;12.6;0.60;100.0;GFS
loire_sur_rhone;ICONGFS;2026-10-08T08:00;GFS;2.90;4.10;352.0;12.4;0.60;100.0;GFS
loire_sur_rhone;ICONGFS;2026-10-08T09:00;GFS;3.30;4.70;357.0;12.7;0.00;100.0;GFS
loire_sur_rhone;ICONGFS;2026-10-08T10:00;GFS;3.70;5.40;3.0;13.5;0.00;100.0;GFS
loire_sur_rhone;ICONGFS;2026-10-08T11:00;GFS;4.50;6.20;2.0;14.4;0.00;100.0;GFS
loire_sur_rhone;ICONGFS;2026-10-08T12:00;GFS;5.80;7.20;356.0;15.5;0.00;93.0;GFS
loire_sur_rhone;ICONGFS;2026-10-08T13:00;GFS;7.70;8.40;350.0;16.7;0.00;84.0;GFS
loire_sur_rhone;ICONGFS;2026-10-08T14:00;GFS;9.00;9.30;346.0;17.7;0.00;79.0;GFS
loire_sur_rhone;ICONGFS;2026-10-08T15:00;GFS;9.70;10.50;344.0;18.3;0.00;84.0;GFS
loire_sur_rhone;ICONGFS;2026-10-08T16:00;GFS;10.00;11.50;342.0;18.7;0.00;93.0;GFS
loire_sur_rhone;ICONGFS;2026-10-08T17:00;GFS;9.70;11.70;338.0;18.6;0.00;100.0;GFS
loire_sur_rhone;ICONGFS;2026-10-08T18:00;GFS;8.40;10.50;329.0;17.5;0.00;100.0;GFS
loire_sur_rhone;ICONGFS;2026-10-08T19:00;GFS;6.60;8.70;313.0;15.9;0.00;100.0;GFS
loire_sur_rhone;ICONGFS;2026-10-08T20:00;GFS;5.80;7.40;296.0;14.6;0.00;100.0;GFS
loire_sur_rhone;ICONGFS;2026-10-08T21:00;GFS;5.70;7.20;288.0;13.8;0.00;100.0;GFS
loire_sur_rhone;ICONGFS;2026-10-08T22:00;GFS;5.80;7.80;284.0;13.2;0.00;100.0;GFS
loire_sur_rhone;ICONGFS;2026-10-08T23:00;GFS;5.80;8.00;284.0;12.8;0.00;100.0;GFS
loire_sur_rhone;ICONGFS;2026-10-09T00:00;GFS;5.70;8.00;286.0;12.5;0.00;100.0;GFS
loire_sur_rhone;ICONGFS;2026-10-09T01:00;GFS;5.60;7.80;290.0;12.3;0.00;100.0;GFS
loire_sur_rhone;ICONGFS;2026-10-09T02:00;GFS;5.50;7.40;293.0;12.1;0.00;100.0;GFS
loire_sur_rhone;ICONGFS;2026-10-09T03:00;GFS;5.20;6.60;297.0;11.6;0.00;100.0;GFS
loire_sur_rhone;ICONGFS;2026-10-09T04:00;GFS;4.90;5.80;299.0;11.1;0.00;100.0;GFS
loire_sur_rhone;ICONGFS;2026-10-09T05:00;GFS;4.50;5.10;301.0;10.6;0.00;93.0;GFS
loire_sur_rhone;ICONGFS;2026-10-09T06:00;GFS;4.10;4.50;301.0;10.0;0.00;72.0;GFS
loire_sur_rhone;ICONGFS;2026-10-09T07:00;GFS;3.70;4.10;302.0;9.4;0.00;45.0;GFS
loire_sur_rhone;ICONGFS;2026-10-09T08:00;GFS;3.70;4.70;309.0;9.7;0.00;24.0;GFS
loire_sur_rhone;ICONGFS;2026-10-09T09:00;GFS;4.40;6.80;319.0;11.3;0.00;14.0;GFS
loire_sur_rhone;ICONGFS;2026-10-09T10:00;GFS;5.80;9.90;327.0;13.6;0.00;11.0;GFS
loire_sur_rhone;ICONGFS;2026-10-09T11:00;GFS;7.20;12.20;336.0;15.7;0.00;12.0;GFS
loire_sur_rhone;ICONGFS;2026-10-09T12:00;GFS;8.80;13.40;346.0;17.1;0.00;20.0;GFS
loire_sur_rhone;ICONGFS;2026-10-09T13:00;GFS;11.00;13.80;353.0;18.2;0.00;34.0;GFS
loire_sur_rhone;ICONGFS;2026-10-09T14:00;GFS;12.40;14.20;358.0;18.9;0.00;43.0;GFS
loire_sur_rhone;ICONGFS;2026-10-09T15:00;GFS;13.20;14.80;2.0;19.2;0.00;45.0;GFS
loire_sur_rhone;ICONGFS;2026-10-09T16:00;GFS;13.50;15.20;6.0;19.1;0.00;42.0;GFS
loire_sur_rhone;ICONGFS;2026-10-09T17:00;GFS;12.90;15.20;6.0;18.5;0.00;38.0;GFS
loire_sur_rhone;ICONGFS;2026-10-09T18:00;GFS;10.90;14.20;1.0;17.0;0.00;30.0;GFS
loire_sur_rhone;ICONGFS;2026-10-09T19:00;GFS;8.30;12.80;349.0;15.0;0.00;20.0;GFS
loire_sur_rhone;ICONGFS;2026-10-09T20:00;GFS;6.60;11.30;332.0;13.3;0.00;16.0;GFS
loire_sur_rhone;ICONGFS;2026-10-09T21:00;GFS;5.90;9.50;316.0;12.1;0.00;23.0;GFS
loire_sur_rhone;ICONGFS;2026-10-09T22:00;GFS;5.60;7.80;304.0;11.2;0.00;37.0;GFS
loire_sur_rhone;ICONGFS;2026-10-09T23:00;GFS;5.60;6.40;295.0;10.6;0.00;52.0;GFS
loire_sur_rhone;ICONGFS;2026-10-10T00:00;GFS;5.50;6.00;293.0;10.2;0.00;72.0;GFS
loire_sur_rhone;ICONGFS;2026-10-10T01:00;GFS;5.20;6.20;297.0;10.0;0.00;94.0;GFS
loire_sur_rhone;ICONGFS;2026-10-10T02:00;GFS;5.10;6.20;299.0;9.7;0.00;100.0;GFS
loire_sur_rhone;ICONGFS;2026-10-10T03:00;GFS;5.10;6.00;299.0;9.2;0.00;77.0;GFS
loire_sur_rhone;ICONGFS;2026-10-10T04:00;GFS;5.00;5.80;298.0;8.6;0.00;38.0;GFS
loire_sur_rhone;ICONGFS;2026-10-10T05:00;GFS;4.90;5.60;299.0;8.1;0.00;10.0;GFS
loire_sur_rhone;ICONGFS;2026-10-10T06:00;GFS;4.70;5.10;300.0;7.4;0.00;6.0;GFS
loire_sur_rhone;ICONGFS;2026-10-10T07:00;GFS;4.40;4.50;302.0;6.8;0.00;12.0;GFS
loire_sur_rhone;ICONGFS;2026-10-10T08:00;GFS;4.30;4.70;309.0;7.2;0.00;17.0;GFS
loire_sur_rhone;ICONGFS;2026-10-10T09:00;GFS;4.60;6.00;320.0;9.1;0.00;16.0;GFS
loire_sur_rhone;ICONGFS;2026-10-10T10:00;GFS;5.00;8.20;332.0;11.9;0.00;14.0;GFS
loire_sur_rhone;ICONGFS;2026-10-10T11:00;GFS;5.70;9.70;342.0;14.4;0.00;12.0;GFS
loire_sur_rhone;ICONGFS;2026-10-10T12:00;GFS;6.70;10.10;353.0;16.2;0.00;11.0;GFS
loire_sur_rhone;ICONGFS;2026-10-10T13:00;GFS;7.60;9.90;1.0;17.6;0.00;10.0;GFS
loire_sur_rhone;ICONGFS;2026-10-10T14:00;GFS;8.40;9.70;7.0;18.7;0.00;11.0;GFS
loire_sur_rhone;ICONGFS;2026-10-10T15:00;GFS;8.90;9.90;9.0;19.4;0.00;14.0;GFS
loire_sur_rhone;ICONGFS;2026-10-10T16:00;GFS;8.90;9.90;10.0;19.6;0.00;19.0;GFS
loire_sur_rhone;ICONGFS;2026-10-10T17:00;GFS;8.30;9.30;9.0;19.2;0.00;23.0;GFS
loire_sur_rhone;ICONGFS;2026-10-10T18:00;GFS;6.80;7.60;3.0;17.5;0.00;25.0;GFS
loire_sur_rhone;ICONGFS;2026-10-10T19:00;GFS;4.70;5.10;351.0;15.1;0.00;26.0;GFS
loire_sur_rhone;ICONGFS;2026-10-10T20:00;GFS;3.70;3.30;328.0;13.1;0.00;28.0;GFS
loire_sur_rhone;ICONGFS;2026-10-10T21:00;GFS;3.40;2.90;313.0;12.1;0.00;32.0;GFS
loire_sur_rhone;ICONGFS;2026-10-10T22:00;GFS;3.40;3.30;301.0;11.5;0.00;35.0;GFS
loire_sur_rhone;ICONGFS;2026-10-10T23:00;GFS;3.50;3.50;297.0;11.0;0.00;35.0;GFS
loire_sur_rhone;ICONGFS;2026-10-11T00:00;GFS;3.40;3.50;294.0;10.4;0.00;27.0;GFS
loire_sur_rhone;ICONGFS;2026-10-11T01:00;GFS;3.20;3.50;295.0;10.0;0.00;15.0;GFS
loire_sur_rhone;ICONGFS;2026-10-11T02:00;GFS;3.00;3.50;297.0;9.6;0.00;6.0;GFS
loire_sur_rhone;ICONGFS;2026-10-11T03:00;GFS;3.00;3.50;297.0;9.3;0.00;4.0;GFS
loire_sur_rhone;ICONGFS;2026-10-11T04:00;GFS;3.10;3.50;300.0;9.0;0.00;5.0;GFS
loire_sur_rhone;ICONGFS;2026-10-11T05:00;GFS;3.10;3.30;300.0;8.8;0.00;5.0;GFS
loire_sur_rhone;ICONGFS;2026-10-11T06:00;GFS;3.00;3.10;302.0;8.2;0.00;3.0;GFS
loire_sur_rhone;ICONGFS;2026-10-11T07:00;GFS;2.60;2.90;306.0;7.7;0.00;1.0;GFS
loire_sur_rhone;ICONGFS;2026-10-11T08:00;GFS;2.50;2.70;315.0;8.1;0.00;0.0;GFS
loire_sur_rhone;ICONGFS;2026-10-11T09:00;GFS;2.30;2.70;336.0;10.0;0.00;0.0;GFS
loire_sur_rhone;ICONGFS;2026-10-11T10:00;GFS;2.70;2.70;360.0;12.7;0.00;0.0;GFS
loire_sur_rhone;ICONGFS;2026-10-11T11:00;GFS;3.20;2.70;14.0;15.2;0.00;0.0;GFS
loire_sur_rhone;ICONGFS;2026-10-11T12:00;GFS;3.60;2.70;22.0;17.1;0.00;0.0;GFS
loire_sur_rhone;ICONGFS;2026-10-11T13:00;GFS;3.70;2.70;28.0;18.7;0.00;0.0;GFS
loire_sur_rhone;ICONGFS;2026-10-11T14:00;GFS;3.80;2.70;35.0;19.9;0.00;0.0;GFS
loire_sur_rhone;ICONGFS;2026-10-11T15:00;GFS;3.40;2.50;47.0;20.7;0.00;0.0;GFS
loire_sur_rhone;ICONGFS;2026-10-11T16:00;GFS;3.00;2.30;67.0;21.2;0.00;0.0;GFS
loire_sur_rhone;ICONGFS;2026-10-11T17:00;GFS;2.50;2.10;86.0;20.8;0.00;0.0;GFS
loire_sur_rhone;ICONGFS;2026-10-11T18:00;GFS;1.80;1.90;103.0;19.0;0.00;0.0;GFS
loire_sur_rhone;ICONGFS;2026-10-11T19:00;GFS;1.00;1.60;143.0;16.4;0.00;0.0;GFS
loire_sur_rhone;ICONGFS;2026-10-11T20:00;GFS;1.20;1.60;198.0;14.4;0.00;6.0;GFS
loire_sur_rhone;ICONGFS;2026-10-11T21:00;GFS;2.00;2.10;209.0;13.5;0.00;28.0;GFS
loire_sur_rhone;ICONGFS;2026-10-11T22:00;GFS;2.60;2.90;207.0;13.2;0.00;58.0;GFS
loire_sur_rhone;ICONGFS;2026-10-11T23:00;GFS;2.90;3.30;208.0;13.0;0.00;82.0;GFS
loire_sur_rhone;ICONGFS;2026-10-12T00:00;GFS;2.60;3.10;207.0;12.5;0.00;93.0;GFS
loire_sur_rhone;ICONGFS;2026-10-12T01:00;GFS;2.20;2.70;207.0;12.1;0.00;98.0;GFS
loire_sur_rhone;ICONGFS;2026-10-12T02:00;GFS;1.70;2.30;207.0;11.7;0.00;100.0;GFS
loire_sur_rhone;ICONGFS;2026-10-12T03:00;GFS;1.20;2.10;219.0;11.4;0.00;97.0;GFS
loire_sur_rhone;ICONGFS;2026-10-12T04:00;GFS;1.00;1.90;259.0;11.1;0.00;91.0;GFS
loire_sur_rhone;ICONGFS;2026-10-12T05:00;GFS;1.20;1.90;288.0;10.9;0.00;87.0;GFS
loire_sur_rhone;ICONGFS;2026-10-12T06:00;GFS;1.70;2.10;297.0;10.4;0.00;90.0;GFS
loire_sur_rhone;ICONGFS;2026-10-12T07:00;GFS;2.30;2.50;290.0;10.0;0.00;96.0;GFS
loire_sur_rhone;ICONGFS;2026-10-12T08:00;GFS;2.40;2.70;299.0;10.3;0.00;100.0;GFS
loire_sur_rhone;ICONGFS;2026-10-12T09:00;GFS;2.30;2.90;318.0;11.8;0.00;100.0;GFS
loire_sur_rhone;ICONGFS;2026-10-12T10:00;GFS;2.60;2.90;351.0;14.0;0.00;100.0;GFS
loire_sur_rhone;ICONGFS;2026-10-12T11:00;GFS;3.40;3.10;10.0;16.1;0.00;100.0;GFS
loire_sur_rhone;ICONGFS;2026-10-12T12:00;GFS;4.10;3.50;19.0;17.7;0.00;91.0;GFS
loire_sur_rhone;ICONGFS;2026-10-12T13:00;GFS;4.80;4.10;27.0;19.1;0.00;78.0;GFS
loire_sur_rhone;ICONGFS;2026-10-12T14:00;GFS;5.30;4.50;33.0;20.2;0.00;64.0;GFS
loire_sur_rhone;ICONGFS;2026-10-12T15:00;GFS;5.50;4.70;42.0;20.8;0.00;45.0;GFS
loire_sur_rhone;ICONGFS;2026-10-12T16:00;GFS;5.50;4.50;51.0;21.0;0.00;25.0;GFS
loire_sur_rhone;ICONGFS;2026-10-12T17:00;GFS;5.30;4.30;54.0;20.6;0.00;16.0;GFS
loire_sur_rhone;ICONGFS;2026-10-12T18:00;GFS;4.40;3.90;45.0;19.0;0.00;28.0;GFS
loire_sur_rhone;ICONGFS;2026-10-12T19:00;GFS;3.50;3.10;27.0;16.8;0.00;52.0;GFS
loire_sur_rhone;ICONGFS;2026-10-12T20:00;GFS;3.10;2.70;360.0;15.0;0.00;73.0;GFS
loire_sur_rhone;ICONGFS;2026-10-12T21:00;GFS;3.10;2.50;342.0;14.2;0.00;85.0;GFS
loire_sur_rhone;ICONGFS;2026-10-12T22:00;GFS;3.10;2.70;330.0;13.8;0.00;94.0;GFS
loire_sur_rhone;ICONGFS;2026-10-12T23:00;GFS;3.30;2.90;324.0;13.5;0.00;100.0;GFS
messery;ICONGFS;2026-09-27T00:00;ICONCH1;2.90;3.90;242.0;18.4;0.00;0.0;ICONCH1
messery;ICONGFS;2026-09-27T01:00;ICONCH1;3.50;4.70;251.0;18.2;0.00;0.0;ICONCH1
messery;ICONGFS;2026-09-27T02:00;ICONCH1;4.90;6.40;247.0;17.7;0.00;0.0;ICONCH1
messery;ICONGFS;2026-09-27T03:00;ICONCH1;5.60;7.40;234.0;16.7;0.00;0.0;ICONCH1
messery;ICONGFS;2026-09-27T04:00;ICONCH1;4.30;7.40;234.0;16.3;0.00;0.0;ICONCH1
messery;ICONGFS;2026-09-27T05:00;ICONCH1;3.70;5.10;231.0;15.7;0.00;0.0;ICONCH1
messery;ICONGFS;2026-09-27T06:00;ICONCH1;2.60;5.10;216.0;15.9;0.00;0.0;ICONCH1
messery;ICONGFS;2026-09-27T07:00;ICONCH1;3.00;4.30;230.0;15.6;0.00;0.0;ICONCH1
messery;ICONGFS;2026-09-27T08:00;ICONCH1;2.20;3.10;243.0;15.3;0.00;0.0;ICONCH1
messery;ICONGFS;2026-09-27T09:00;ICONCH1;3.60;4.90;221.0;15.1;0.00;0.0;ICONCH1
messery;ICONGFS;2026-09-27T10:00;ICONCH1;3.50;4.90;218.0;15.5;0.00;0.0;ICONCH1
messery;ICONGFS;2026-09-27T11:00;ICONCH1;2.40;4.70;235.0;16.6;0.00;0.0;ICONCH1
messery;ICONGFS;2026-09-27T12:00;ICONCH1;0.40;3.30;180.0;18.1;0.00;0.0;ICONCH1
messery;ICONGFS;2026-09-27T13:00;ICONCH1;1.90;2.50;45.0;19.5;0.00;0.0;ICONCH1
messery;ICONGFS;2026-09-27T14:00;ICONCH1;4.80;6.20;50.0;20.6;0.00;67.0;ICONCH1
messery;ICONGFS;2026-09-27T15:00;ICONCH1;7.70;9.90;51.0;21.3;0.00;100.0;ICONCH1
messery;ICONGFS;2026-09-27T16:00;ICONCH1;9.00;11.50;53.0;21.9;0.00;54.0;ICONCH1
messery;ICONGFS;2026-09-27T17:00;ICONCH1;8.70;11.50;48.0;22.1;0.00;52.0;ICONCH1
messery;ICONGFS;2026-09-27T18:00;ICONCH1;7.60;11.10;48.0;22.5;0.00;0.0;ICONCH1
messery;ICONGFS;2026-09-27T19:00;ICONCH1;5.20;9.50;42.0;22.6;0.00;0.0;ICONCH1
messery;ICONGFS;2026-09-27T20:00;ICONCH1;3.90;6.80;342.0;20.3;0.00;16.0;ICONCH1
messery;ICONGFS;2026-09-27T21:00;ICONCH1;2.50;5.10;302.0;19.0;0.00;0.0;ICONCH1
messery;ICONGFS;2026-09-27T22:00;ICONCH1;2.20;4.30;255.0;18.9;0.00;0.0;ICONCH1
messery;ICONGFS;2026-09-27T23:00;ICONCH1;2.50;3.70;231.0;18.6;0.00;11.0;ICONCH1
messery;ICONGFS;2026-09-28T00:00;ICONCH1;1.80;3.70;212.0;18.4;0.00;17.0;ICONCH1
messery;ICONGFS;2026-09-28T01:00;ICONCH1;1.80;2.90;221.0;18.2;0.00;61.0;ICONCH1
messery;ICONGFS;2026-09-28T02:00;ICONCH1;2.10;2.90;221.0;18.1;0.00;60.0;ICONCH1
messery;ICONGFS;2026-09-28T03:00;ICONCH1;3.00;4.10;207.0;17.9;0.00;23.0;ICONCH1
messery;ICONGFS;2026-09-28T04:00;ICONCH1;3.40;4.90;223.0;17.6;0.00;89.0;ICONCH1
messery;ICONGFS;2026-09-28T05:00;ICONCH1;3.30;4.70;220.0;17.3;0.00;78.0;ICONCH1
messery;ICONGFS;2026-09-28T06:00;ICONCH1;2.50;4.30;212.0;17.2;0.00;96.0;ICONCH1
messery;ICONGFS;2026-09-28T07:00;ICONCH1;1.80;3.50;212.0;17.2;0.00;13.0;ICONCH1
messery;ICONGFS;2026-09-28T08:00;ICONCH1;1.10;2.70;225.0;17.1;0.00;68.0;ICONCH1
messery;ICONGFS;2026-09-28T09:00;ICONCH1;1.70;2.30;249.0;17.0;0.00;86.0;ICONCH1
messery;ICONGFS;2026-09-28T10:00;ICONCH1;2.60;3.70;222.0;17.2;0.00;64.0;ICONCH1
messery;ICONGFS;2026-09-28T11:00;ICONCH1;2.50;3.50;231.0;18.2;0.00;58.0;ICONCH1
messery;ICONGFS;2026-09-28T12:00;ICONCH1;0.80;3.30;346.0;19.8;0.00;60.0;ICONCH1
messery;ICONGFS;2026-09-28T13:00;ICONCH1;2.60;3.50;48.0;20.7;0.00;28.0;ICONCH1
messery;ICONGFS;2026-09-28T14:00;ICONCH1;4.90;6.20;56.0;21.9;0.00;71.0;ICONCH1
messery;ICONGFS;2026-09-28T15:00;ICONCH1;6.70;8.60;54.0;22.7;0.00;100.0;ICONCH1
messery;ICONGFS;2026-09-28T16:00;ICONCH1;7.30;9.70;44.0;22.8;0.00;62.0;ICONCH1
messery;ICONGFS;2026-09-28T17:00;ICONCH1;7.60;9.50;42.0;23.1;0.00;81.0;ICONCH1
messery;ICONGFS;2026-09-28T18:00;ICONCH2;4.30;7.60;27.0;23.2;0.00;100.0;ICONCH2
messery;ICONGFS;2026-09-28T19:00;ICONCH2;3.00;5.80;45.0;23.0;0.00;100.0;ICONCH2
messery;ICONGFS;2026-09-28T20:00;ICONCH2;1.70;4.30;324.0;21.7;0.00;100.0;ICONCH2
messery;ICONGFS;2026-09-28T21:00;ICONCH2;1.70;2.70;249.0;19.9;0.00;100.0;ICONCH2
messery;ICONGFS;2026-09-28T22:00;ICONCH2;1.80;2.90;238.0;20.1;0.00;100.0;ICONCH2
messery;ICONGFS;2026-09-28T23:00;ICONCH2;2.10;2.90;248.0;19.9;0.00;100.0;ICONCH2
messery;ICONGFS;2026-09-29T00:00;ICONCH2;2.00;3.10;253.0;19.2;0.00;100.0;ICONCH2
messery;ICONGFS;2026-09-29T01:00;ICONCH2;1.40;2.70;270.0;18.6;0.00;100.0;ICONCH2
messery;ICONGFS;2026-09-29T02:00;ICONCH2;1.10;1.90;239.0;18.5;0.00;100.0;ICONCH2
messery;ICONGFS;2026-09-29T03:00;ICONCH2;1.70;2.30;207.0;18.1;0.00;100.0;ICONCH2
messery;ICONGFS;2026-09-29T04:00;ICONCH2;1.80;2.70;229.0;17.8;0.00;100.0;ICONCH2
messery;ICONGFS;2026-09-29T05:00;ICONCH2;1.90;2.70;233.0;17.8;0.00;100.0;ICONCH2
messery;ICONGFS;2026-09-29T06:00;ICONCH2;2.20;3.10;218.0;17.8;0.00;100.0;ICONCH2
messery;ICONGFS;2026-09-29T07:00;ICONCH2;3.10;4.10;215.0;17.6;0.00;100.0;ICONCH2
messery;ICONGFS;2026-09-29T08:00;ICONCH2;2.60;4.30;216.0;17.2;0.00;100.0;ICONCH2
messery;ICONGFS;2026-09-29T09:00;ICONCH2;2.20;3.50;218.0;17.2;0.00;100.0;ICONCH2
messery;ICONGFS;2026-09-29T10:00;ICONCH2;1.70;3.10;201.0;17.7;0.00;100.0;ICONCH2
messery;ICONGFS;2026-09-29T11:00;ICONCH2;1.20;2.30;189.0;18.6;0.00;89.0;ICONCH2
messery;ICONGFS;2026-09-29T12:00;ICONCH2;0.70;1.60;124.0;19.5;0.00;49.0;ICONCH2
messery;ICONGFS;2026-09-29T13:00;ICONCH2;1.70;2.30;54.0;20.1;0.00;100.0;ICONCH2
messery;ICONGFS;2026-09-29T14:00;ICONCH2;3.80;5.10;45.0;21.1;0.00;100.0;ICONCH2
messery;ICONGFS;2026-09-29T15:00;ICONCH2;4.80;6.20;47.0;21.8;0.00;100.0;ICONCH2
messery;ICONGFS;2026-09-29T16:00;ICONCH2;5.90;7.60;41.0;22.3;0.00;100.0;ICONCH2
messery;ICONGFS;2026-09-29T17:00;ICONCH2;5.90;8.00;46.0;22.6;0.00;100.0;ICONCH2
messery;ICONGFS;2026-09-29T18:00;ICONCH2;4.50;7.60;43.0;22.8;0.00;99.0;ICONCH2
messery;ICONGFS;2026-09-29T19:00;ICONCH2;3.00;5.80;32.0;22.8;0.00;100.0;ICONCH2
messery;ICONGFS;2026-09-29T20:00;ICONCH2;2.90;4.10;352.0;21.5;0.00;100.0;ICONCH2
messery;ICONGFS;2026-09-29T21:00;ICONCH2;1.60;3.90;315.0;20.0;0.00;100.0;ICONCH2
messery;ICONGFS;2026-09-29T22:00;ICONCH2;2.10;3.10;248.0;20.4;0.00;100.0;ICONCH2
messery;ICONGFS;2026-09-29T23:00;ICONCH2;1.70;3.10;234.0;19.8;0.00;100.0;ICONCH2
messery;ICONGFS;2026-09-30T00:00;ICONCH2;2.00;2.70;259.0;19.1;0.00;100.0;ICONCH2
messery;ICONGFS;2026-09-30T01:00;ICONCH2;2.30;3.10;239.0;18.8;0.00;76.0;ICONCH2
messery;ICONGFS;2026-09-30T02:00;ICONCH2;2.50;3.30;219.0;18.7;0.00;77.0;ICONCH2
messery;ICONGFS;2026-09-30T03:00;ICONCH2;1.60;3.50;240.0;18.7;0.00;97.0;ICONCH2
messery;ICONGFS;2026-09-30T04:00;ICONCH2;1.60;2.50;270.0;18.2;0.00;75.0;ICONCH2
messery;ICONGFS;2026-09-30T05:00;ICONCH2;1.50;2.50;247.0;18.1;0.00;72.0;ICONCH2
messery;ICONGFS;2026-09-30T06:00;ICONCH2;1.20;2.10;288.0;17.8;0.00;86.0;ICONCH2
messery;ICONGFS;2026-09-30T07:00;ICONCH2;1.40;2.30;262.0;17.6;0.00;91.0;ICONCH2
messery;ICONGFS;2026-09-30T08:00;ICONCH2;1.10;1.70;239.0;18.0;0.00;86.0;ICONCH2
messery;ICONGFS;2026-09-30T09:00;ICONCH2;1.80;2.90;229.0;18.1;0.00;75.0;ICONCH2
messery;ICONGFS;2026-09-30T10:00;ICONCH2;1.80;2.70;229.0;18.4;0.00;75.0;ICONCH2
messery;ICONGFS;2026-09-30T11:00;ICONCH2;0.80;2.30;166.0;19.0;0.00;56.0;ICONCH2
messery;ICONGFS;2026-09-30T12:00;ICONCH2;0.50;1.00;135.0;19.9;0.00;43.0;ICONCH2
messery;ICONGFS;2026-09-30T13:00;ICONCH2;1.60;2.10;76.0;20.4;0.00;45.0;ICONCH2
messery;ICONGFS;2026-09-30T14:00;ICONCH2;4.60;5.80;54.0;21.4;0.00;38.0;ICONCH2
messery;ICONGFS;2026-09-30T15:00;ICONCH2;7.00;8.90;48.0;22.3;0.00;11.0;ICONCH2
messery;ICONGFS;2026-09-30T16:00;ICONCH2;9.10;11.50;48.0;23.0;0.00;16.0;ICONCH2
messery;ICONGFS;2026-09-30T17:00;ICONCH2;7.70;11.50;43.0;23.3;0.00;100.0;ICONCH2
messery;ICONGFS;2026-09-30T18:00;ICONCH2;6.70;9.90;12.0;23.6;0.00;100.0;ICONCH2
messery;ICONGFS;2026-09-30T19:00;ICONCH2;4.50;8.60;10.0;23.6;0.00;100.0;ICONCH2
messery;ICONGFS;2026-09-30T20:00;ICONCH2;1.60;6.00;210.0;20.9;0.00;100.0;ICONCH2
messery;ICONGFS;2026-09-30T21:00;ICONCH2;2.50;4.50;225.0;20.2;0.00;100.0;ICONCH2
messery;ICONGFS;2026-09-30T22:00;ICONCH2;2.50;4.50;270.0;19.5;0.00;38.0;ICONCH2
messery;ICONGFS;2026-09-30T23:00;ICONCH2;2.10;3.50;248.0;18.9;0.00;100.0;ICONCH2
messery;ICONGFS;2026-10-01T00:00;ICONCH2;2.70;3.50;240.0;18.7;0.00;100.0;ICONCH2
messery;ICONGFS;2026-10-01T01:00;ICONCH2;3.30;4.50;234.0;19.0;0.00;100.0;ICONCH2
messery;ICONGFS;2026-10-01T02:00;ICONCH2;4.00;5.20;235.0;19.1;0.00;100.0;ICONCH2
messery;ICONGFS;2026-10-01T03:00;ICONCH2;2.40;5.20;256.0;18.8;0.00;100.0;ICONCH2
messery;ICONGFS;2026-10-01T04:00;ICONCH2;1.40;3.30;262.0;18.6;0.00;100.0;ICONCH2
messery;ICONGFS;2026-10-01T05:00;ICONCH2;1.70;2.30;234.0;18.8;0.00;100.0;ICONCH2
messery;ICONGFS;2026-10-01T06:00;ICONCH2;2.80;3.70;196.0;18.7;0.00;100.0;ICONCH2
messery;ICONGFS;2026-10-01T07:00;ICONCH2;2.30;3.90;200.0;18.8;0.00;100.0;ICONCH2
messery;ICONGFS;2026-10-01T08:00;ICONCH2;2.20;3.10;207.0;18.8;0.00;100.0;ICONCH2
messery;ICONGFS;2026-10-01T09:00;ICONCH2;1.60;2.90;225.0;18.8;0.00;100.0;ICONCH2
messery;ICONGFS;2026-10-01T10:00;ICONCH2;2.00;2.70;209.0;19.3;0.00;100.0;ICONCH2
messery;ICONGFS;2026-10-01T11:00;ICONCH2;3.00;4.10;203.0;20.1;0.00;100.0;ICONCH2
messery;ICONGFS;2026-10-01T12:00;ICONCH2;5.70;7.20;202.0;21.0;0.00;100.0;ICONCH2
messery;ICONGFS;2026-10-01T13:00;ICONCH2;6.50;8.40;196.0;21.9;0.00;100.0;ICONCH2
messery;ICONGFS;2026-10-01T14:00;ICONCH2;10.90;14.20;199.0;23.1;0.00;100.0;ICONCH2
messery;ICONGFS;2026-10-01T15:00;ICONCH2;8.80;16.30;188.0;23.0;0.00;100.0;ICONCH2
messery;ICONGFS;2026-10-01T16:00;ICONCH2;10.70;13.60;217.0;23.3;0.00;100.0;ICONCH2
messery;ICONGFS;2026-10-01T17:00;ICONCH2;11.10;15.00;199.0;22.5;0.00;100.0;ICONCH2
messery;ICONGFS;2026-10-01T18:00;ICONCH2;10.40;14.20;214.0;21.8;0.00;100.0;ICONCH2
messery;ICONGFS;2026-10-01T19:00;ICONCH2;7.90;13.20;216.0;20.8;0.10;100.0;ICONCH2
messery;ICONGFS;2026-10-01T20:00;ICONCH2;5.00;10.10;211.0;20.0;0.20;100.0;ICONCH2
messery;ICONGFS;2026-10-01T21:00;ICONCH2;3.40;6.40;246.0;19.2;0.20;100.0;ICONCH2
messery;ICONGFS;2026-10-01T22:00;ICONCH2;1.90;4.50;233.0;19.1;0.10;100.0;ICONCH2
messery;ICONGFS;2026-10-01T23:00;ICONCH2;1.00;2.70;233.0;18.8;0.00;100.0;ICONCH2
messery;ICONGFS;2026-10-02T00:00;ICON13KM;3.70;5.60;9.0;18.7;0.00;97.0;ICON13KM
messery;ICONGFS;2026-10-02T01:00;ICON13KM;4.30;6.40;8.0;18.4;0.00;94.0;ICON13KM
messery;ICONGFS;2026-10-02T02:00;ICON13KM;4.90;7.20;7.0;18.1;0.00;91.0;ICON13KM
messery;ICONGFS;2026-10-02T03:00;ICON13KM;5.10;7.60;9.0;18.0;0.00;91.0;ICON13KM
messery;ICONGFS;2026-10-02T04:00;ICON13KM;5.30;7.80;8.0;17.9;0.00;91.0;ICON13KM
messery;ICONGFS;2026-10-02T05:00;ICON13KM;5.30;8.00;10.0;17.8;0.00;91.0;ICON13KM
messery;ICONGFS;2026-10-02T06:00;ICON13KM;5.60;8.40;12.0;17.5;0.00;86.0;ICON13KM
messery;ICONGFS;2026-10-02T07:00;ICON13KM;5.80;8.70;12.0;17.2;0.00;82.0;ICON13KM
messery;ICONGFS;2026-10-02T08:00;ICON13KM;6.00;9.10;13.0;17.0;0.00;77.0;ICON13KM
messery;ICONGFS;2026-10-02T09:00;ICON13KM;7.40;11.70;14.0;17.0;0.00;81.0;ICON13KM
messery;ICONGFS;2026-10-02T10:00;ICON13KM;8.30;13.20;24.0;17.4;0.00;91.0;ICON13KM
messery;ICONGFS;2026-10-02T11:00;ICON13KM;9.30;14.60;31.0;18.0;0.00;100.0;ICON13KM
messery;ICONGFS;2026-10-02T12:00;ICON13KM;10.00;15.70;37.0;18.7;0.00;95.0;ICON13KM
messery;ICONGFS;2026-10-02T13:00;ICON13KM;10.70;16.90;42.0;19.6;0.00;91.0;ICON13KM
messery;ICONGFS;2026-10-02T14:00;ICON13KM;11.30;17.70;45.0;20.4;0.00;86.0;ICON13KM
messery;ICONGFS;2026-10-02T15:00;ICON13KM;11.50;18.30;46.0;20.9;0.00;74.0;ICON13KM
messery;ICONGFS;2026-10-02T16:00;ICON13KM;11.80;18.50;46.0;21.2;0.00;61.0;ICON13KM
messery;ICONGFS;2026-10-02T17:00;ICON13KM;11.70;18.50;46.0;21.2;0.00;49.0;ICON13KM
messery;ICONGFS;2026-10-02T18:00;ICON13KM;11.10;18.50;43.0;20.7;0.00;45.0;ICON13KM
messery;ICONGFS;2026-10-02T19:00;ICON13KM;10.40;18.10;37.0;19.9;0.00;40.0;ICON13KM
messery;ICONGFS;2026-10-02T20:00;ICON13KM;9.60;17.30;32.0;19.2;0.00;36.0;ICON13KM
messery;ICONGFS;2026-10-02T21:00;ICON13KM;8.70;15.70;27.0;18.7;0.00;47.0;ICON13KM
messery;ICONGFS;2026-10-02T22:00;ICON13KM;7.80;13.80;22.0;18.2;0.00;58.0;ICON13KM
messery;ICONGFS;2026-10-02T23:00;ICON13KM;6.90;12.10;18.0;17.9;0.00;69.0;ICON13KM
messery;ICONGFS;2026-10-03T00:00;ICON13KM;6.30;10.70;16.0;17.6;0.00;73.0;ICON13KM
messery;ICONGFS;2026-10-03T01:00;ICON13KM;5.50;9.50;17.0;17.4;0.00;78.0;ICON13KM
messery;ICONGFS;2026-10-03T02:00;ICON13KM;5.10;8.60;18.0;17.2;0.00;82.0;ICON13KM
messery;ICONGFS;2026-10-03T03:00;ICON13KM;4.90;8.20;18.0;16.9;0.00;76.0;ICON13KM
messery;ICONGFS;2026-10-03T04:00;ICON13KM;4.90;8.00;16.0;16.6;0.00;70.0;ICON13KM
messery;ICONGFS;2026-10-03T05:00;ICON13KM;4.90;7.80;16.0;16.3;0.00;64.0;ICON13KM
messery;ICONGFS;2026-10-03T06:00;ICON13KM;4.60;7.40;15.0;16.0;0.00;71.0;ICON13KM
messery;ICONGFS;2026-10-03T07:00;ICON13KM;4.40;6.80;13.0;15.7;0.00;77.0;ICON13KM
messery;ICONGFS;2026-10-03T08:00;ICON13KM;4.00;6.40;11.0;15.7;0.00;84.0;ICON13KM
messery;ICONGFS;2026-10-03T09:00;ICON13KM;3.60;6.40;16.0;16.1;0.00;83.0;ICON13KM
messery;ICONGFS;2026-10-03T10:00;ICON13KM;3.20;6.40;25.0;16.7;0.00;82.0;ICON13KM
messery;ICONGFS;2026-10-03T11:00;ICON13KM;2.50;6.20;32.0;17.5;0.00;81.0;ICON13KM
messery;ICONGFS;2026-10-03T12:00;ICON13KM;1.40;5.40;45.0;18.6;0.00;54.0;ICON13KM
messery;ICONGFS;2026-10-03T13:00;ICON13KM;0.60;4.50;162.0;19.8;0.00;27.0;ICON13KM
messery;ICONGFS;2026-10-03T14:00;ICON13KM;1.80;4.10;193.0;20.9;0.00;0.0;ICON13KM
messery;ICONGFS;2026-10-03T15:00;ICON13KM;2.80;4.70;192.0;21.7;0.00;0.0;ICON13KM
messery;ICONGFS;2026-10-03T16:00;ICON13KM;3.30;5.60;187.0;22.4;0.00;1.0;ICON13KM
messery;ICONGFS;2026-10-03T17:00;ICON13KM;3.50;6.20;186.0;22.8;0.00;1.0;ICON13KM
messery;ICONGFS;2026-10-03T18:00;ICON13KM;3.10;5.80;187.0;23.0;0.00;10.0;ICON13KM
messery;ICONGFS;2026-10-03T19:00;ICON13KM;2.30;5.20;185.0;23.0;0.00;20.0;ICON13KM
messery;ICONGFS;2026-10-03T20:00;ICON13KM;1.20;4.70;189.0;22.5;0.00;29.0;ICON13KM
messery;ICONGFS;2026-10-03T21:00;ICON13KM;0.50;4.70;315.0;21.1;0.00;53.0;ICON13KM
messery;ICONGFS;2026-10-03T22:00;ICON13KM;2.30;5.10;340.0;19.3;0.00;76.0;ICON13KM
messery;ICONGFS;2026-10-03T23:00;ICON13KM;3.40;5.20;344.0;17.9;0.00;100.0;ICON13KM
messery;ICONGFS;2026-10-04T00:00;ICON13KM;3.70;5.20;342.0;17.4;0.00;100.0;ICON13KM
messery;ICONGFS;2026-10-04T01:00;ICON13KM;3.50;5.10;341.0;17.3;0.00;100.0;ICON13KM
messery;ICONGFS;2026-10-04T02:00;ICON13KM;3.20;5.10;335.0;17.3;0.00;100.0;ICON13KM
messery;ICONGFS;2026-10-04T03:00;ICON13KM;3.20;5.20;322.0;17.2;0.00;86.0;ICON13KM
messery;ICONGFS;2026-10-04T04:00;ICON13KM;3.30;5.40;310.0;17.3;0.00;72.0;ICON13KM
messery;ICONGFS;2026-10-04T05:00;ICON13KM;3.50;5.40;304.0;17.2;0.00;58.0;ICON13KM
messery;ICONGFS;2026-10-04T06:00;ICON13KM;3.50;5.40;308.0;16.8;0.00;59.0;ICON13KM
messery;ICONGFS;2026-10-04T07:00;ICON13KM;3.30;5.20;315.0;16.3;0.00;60.0;ICON13KM
messery;ICONGFS;2026-10-04T08:00;ICON13KM;3.10;5.10;325.0;16.2;0.00;61.0;ICON13KM
messery;ICONGFS;2026-10-04T09:00;ICON13KM;2.90;5.10;332.0;16.8;0.00;41.0;ICON13KM
messery;ICONGFS;2026-10-04T10:00;ICON13KM;2.50;5.20;342.0;17.8;0.00;21.0;ICON13KM
messery;ICONGFS;2026-10-04T11:00;ICON13KM;1.80;5.20;342.0;18.8;0.00;1.0;ICON13KM
messery;ICONGFS;2026-10-04T12:00;ICON13KM;0.70;5.20;304.0;19.9;0.00;1.0;ICON13KM
messery;ICONGFS;2026-10-04T13:00;ICON13KM;1.60;5.40;210.0;21.0;0.00;0.0;ICON13KM
messery;ICONGFS;2026-10-04T14:00;ICON13KM;2.70;5.40;201.0;21.8;0.00;0.0;ICON13KM
messery;ICONGFS;2026-10-04T15:00;GFS;10.50;11.50;236.0;16.2;0.70;100.0;GFS
messery;ICONGFS;2026-10-04T16:00;GFS;9.80;11.10;235.0;15.8;0.70;100.0;GFS
messery;ICONGFS;2026-10-04T17:00;GFS;9.60;10.90;232.0;15.6;0.70;100.0;GFS
messery;ICONGFS;2026-10-04T18:00;GFS;10.60;12.10;230.0;15.4;1.50;100.0;GFS
messery;ICONGFS;2026-10-04T19:00;GFS;12.00;13.80;228.0;15.4;1.50;100.0;GFS
messery;ICONGFS;2026-10-04T20:00;GFS;12.80;14.60;227.0;15.3;1.50;100.0;GFS
messery;ICONGFS;2026-10-04T21:00;GFS;12.80;13.80;226.0;15.1;1.10;100.0;GFS
messery;ICONGFS;2026-10-04T22:00;GFS;12.00;12.40;224.0;15.0;1.10;100.0;GFS
messery;ICONGFS;2026-10-04T23:00;GFS;11.30;11.10;225.0;14.9;1.10;100.0;GFS
messery;ICONGFS;2026-10-05T00:00;GFS;10.60;10.50;229.0;14.8;1.30;100.0;GFS
messery;ICONGFS;2026-10-05T01:00;GFS;10.20;10.10;235.0;14.7;1.30;100.0;GFS
messery;ICONGFS;2026-10-05T02:00;GFS;9.40;9.30;240.0;14.7;1.30;100.0;GFS
messery;ICONGFS;2026-10-05T03:00;GFS;8.60;7.60;242.0;14.7;0.80;100.0;GFS
messery;ICONGFS;2026-10-05T04:00;GFS;7.50;5.20;242.0;14.7;0.80;100.0;GFS
messery;ICONGFS;2026-10-05T05:00;GFS;5.90;3.50;243.0;14.8;0.80;100.0;GFS
messery;ICONGFS;2026-10-05T06:00;GFS;3.80;2.50;249.0;14.7;0.60;98.0;GFS
messery;ICONGFS;2026-10-05T07:00;GFS;1.40;2.10;286.0;14.6;0.60;95.0;GFS
messery;ICONGFS;2026-10-05T08:00;GFS;2.00;2.10;11.0;14.7;0.60;93.0;GFS
messery;ICONGFS;2026-10-05T09:00;GFS;3.60;2.90;22.0;15.0;0.10;96.0;GFS
messery;ICONGFS;2026-10-05T10:00;GFS;5.00;4.50;26.0;15.6;0.10;100.0;GFS
messery;ICONGFS;2026-10-05T11:00;GFS;6.20;5.60;28.0;16.2;0.10;100.0;GFS
messery;ICONGFS;2026-10-05T12:00;GFS;7.10;6.40;37.0;16.9;0.00;92.0;GFS
messery;ICONGFS;2026-10-05T13:00;GFS;8.10;7.00;46.0;17.7;0.00;80.0;GFS
messery;ICONGFS;2026-10-05T14:00;GFS;9.00;7.80;49.0;18.4;0.00;74.0;GFS
messery;ICONGFS;2026-10-05T15:00;GFS;9.90;8.70;47.0;19.0;0.00;79.0;GFS
messery;ICONGFS;2026-10-05T16:00;GFS;10.80;9.90;41.0;19.4;0.00;90.0;GFS
messery;ICONGFS;2026-10-05T17:00;GFS;11.60;11.50;35.0;19.6;0.00;98.0;GFS
messery;ICONGFS;2026-10-05T18:00;GFS;12.80;14.20;28.0;19.1;0.00;100.0;GFS
messery;ICONGFS;2026-10-05T19:00;GFS;14.20;17.30;21.0;18.3;0.00;100.0;GFS
messery;ICONGFS;2026-10-05T20:00;GFS;15.10;19.40;17.0;17.6;0.00;100.0;GFS
messery;ICONGFS;2026-10-05T21:00;GFS;14.90;19.60;17.0;17.2;0.00;100.0;GFS
messery;ICONGFS;2026-10-05T22:00;GFS;13.80;18.70;20.0;17.0;0.00;100.0;GFS
messery;ICONGFS;2026-10-05T23:00;GFS;13.20;17.70;22.0;16.8;0.00;100.0;GFS
messery;ICONGFS;2026-10-06T00:00;GFS;12.90;17.30;21.0;16.3;0.00;100.0;GFS
messery;ICONGFS;2026-10-06T01:00;GFS;12.80;16.70;20.0;15.8;0.00;100.0;GFS
messery;ICONGFS;2026-10-06T02:00;GFS;12.70;16.30;18.0;15.3;0.00;100.0;GFS
messery;ICONGFS;2026-10-06T03:00;GFS;12.50;15.90;16.0;14.8;0.00;100.0;GFS
messery;ICONGFS;2026-10-06T04:00;GFS;12.70;15.40;15.0;14.4;0.00;100.0;GFS
messery;ICONGFS;2026-10-06T05:00;GFS;12.40;14.80;14.0;14.0;0.00;100.0;GFS
messery;ICONGFS;2026-10-06T06:00;GFS;11.90;14.20;12.0;13.6;0.00;100.0;GFS
messery;ICONGFS;2026-10-06T07:00;GFS;11.30;13.40;11.0;13.2;0.00;100.0;GFS
messery;ICONGFS;2026-10-06T08:00;GFS;10.70;12.40;10.0;13.2;0.00;100.0;GFS
messery;ICONGFS;2026-10-06T09:00;GFS;10.00;10.70;13.0;13.7;0.00;100.0;GFS
messery;ICONGFS;2026-10-06T10:00;GFS;9.40;8.60;18.0;14.6;0.00;100.0;GFS
messery;ICONGFS;2026-10-06T11:00;GFS;8.60;6.80;23.0;15.5;0.00;100.0;GFS
messery;ICONGFS;2026-10-06T12:00;GFS;7.30;5.40;29.0;16.3;0.00;96.0;GFS
messery;ICONGFS;2026-10-06T13:00;GFS;5.70;4.30;38.0;17.2;0.00;89.0;GFS
messery;ICONGFS;2026-10-06T14:00;GFS;5.00;3.90;51.0;17.9;0.00;81.0;GFS
messery;ICONGFS;2026-10-06T15:00;GFS;5.70;4.30;63.0;18.4;0.00;66.0;GFS
messery;ICONGFS;2026-10-06T16:00;GFS;6.90;5.20;68.0;18.9;0.00;50.0;GFS
messery;ICONGFS;2026-10-06T17:00;GFS;7.40;6.20;67.0;19.0;0.00;43.0;GFS
messery;ICONGFS;2026-10-06T18:00;GFS;6.90;7.20;52.0;18.6;0.00;56.0;GFS
messery;ICONGFS;2026-10-06T19:00;GFS;7.00;8.20;24.0;17.8;0.00;79.0;GFS
messery;ICONGFS;2026-10-06T20:00;GFS;7.50;8.60;7.0;17.1;0.00;95.0;GFS
messery;ICONGFS;2026-10-06T21:00;GFS;6.60;7.60;360.0;16.4;0.00;100.0;GFS
messery;ICONGFS;2026-10-06T22:00;GFS;5.10;6.00;353.0;15.7;0.00;98.0;GFS
messery;ICONGFS;2026-10-06T23:00;GFS;3.60;4.70;344.0;15.1;0.00;90.0;GFS
messery;ICONGFS;2026-10-07T00:00;GFS;3.00;3.70;337.0;14.6;0.00;70.0;GFS
messery;ICONGFS;2026-10-07T01:00;GFS;2.40;2.70;331.0;14.1;0.00;44.0;GFS
messery;ICONGFS;2026-10-07T02:00;GFS;1.90;2.10;323.0;13.8;0.00;27.0;GFS
messery;ICONGFS;2026-10-07T03:00;GFS;1.80;1.90;302.0;13.5;0.00;31.0;GFS
messery;ICONGFS;2026-10-07T04:00;GFS;2.20;2.10;280.0;13.3;0.00;44.0;GFS
messery;ICONGFS;2026-10-07T05:00;GFS;2.30;2.10;275.0;13.1;0.00;52.0;GFS
messery;ICONGFS;2026-10-07T06:00;GFS;2.00;2.10;287.0;12.8;0.00;47.0;GFS
messery;ICONGFS;2026-10-07T07:00;GFS;1.80;2.10;319.0;12.5;0.00;37.0;GFS
messery;ICONGFS;2026-10-07T08:00;GFS;1.80;2.10;347.0;12.6;0.00;28.0;GFS
messery;ICONGFS;2026-10-07T09:00;GFS;1.60;2.10;7.0;13.3;0.00;22.0;GFS
messery;ICONGFS;2026-10-07T10:00;GFS;1.20;1.90;39.0;14.4;0.00;18.0;GFS
messery;ICONGFS;2026-10-07T11:00;GFS;1.40;1.90;74.0;15.4;0.00;15.0;GFS
messery;ICONGFS;2026-10-07T12:00;GFS;1.80;1.90;103.0;16.0;0.00;12.0;GFS
messery;ICONGFS;2026-10-07T13:00;GFS;2.50;1.70;122.0;16.5;0.00;10.0;GFS
messery;ICONGFS;2026-10-07T14:00;GFS;2.90;1.70;127.0;17.0;0.00;13.0;GFS
messery;ICONGFS;2026-10-07T15:00;GFS;2.60;1.60;126.0;17.6;0.00;25.0;GFS
messery;ICONGFS;2026-10-07T16:00;GFS;2.00;1.40;119.0;18.2;0.00;42.0;GFS
messery;ICONGFS;2026-10-07T17:00;GFS;1.40;1.70;98.0;18.6;0.00;57.0;GFS
messery;ICONGFS;2026-10-07T18:00;GFS;1.50;2.90;50.0;18.6;0.00;70.0;GFS
messery;ICONGFS;2026-10-07T19:00;GFS;2.60;4.70;17.0;18.5;0.00;82.0;GFS
messery;ICONGFS;2026-10-07T20:00;GFS;3.70;6.00;9.0;18.2;0.00;88.0;GFS
messery;ICONGFS;2026-10-07T21:00;GFS;4.50;6.60;2.0;17.7;0.00;83.0;GFS
messery;ICONGFS;2026-10-07T22:00;GFS;4.90;7.00;355.0;17.1;0.00;73.0;GFS
messery;ICONGFS;2026-10-07T23:00;GFS;5.30;7.20;354.0;16.5;0.00;68.0;GFS
messery;ICONGFS;2026-10-08T00:00;GFS;5.30;7.20;354.0;15.9;0.00;74.0;GFS
messery;ICONGFS;2026-10-08T01:00;GFS;5.10;6.80;356.0;15.3;0.00;84.0;GFS
messery;ICONGFS;2026-10-08T02:00;GFS;5.10;6.80;358.0;14.9;0.00;93.0;GFS
messery;ICONGFS;2026-10-08T03:00;GFS;5.30;7.20;2.0;14.6;0.00;97.0;GFS
messery;ICONGFS;2026-10-08T04:00;GFS;5.50;7.80;6.0;14.5;0.00;99.0;GFS
messery;ICONGFS;2026-10-08T05:00;GFS;5.70;8.20;10.0;14.4;0.00;100.0;GFS
messery;ICONGFS;2026-10-08T06:00;GFS;6.10;8.40;7.0;14.3;0.00;100.0;GFS
messery;ICONGFS;2026-10-08T07:00;GFS;6.40;8.20;5.0;14.3;0.00;100.0;GFS
messery;ICONGFS;2026-10-08T08:00;GFS;6.70;8.00;7.0;14.5;0.00;100.0;GFS
messery;ICONGFS;2026-10-08T09:00;GFS;6.30;7.20;16.0;15.0;0.00;92.0;GFS
messery;ICONGFS;2026-10-08T10:00;GFS;6.10;6.20;31.0;15.6;0.00;81.0;GFS
messery;ICONGFS;2026-10-08T11:00;GFS;6.20;5.60;44.0;16.4;0.00;76.0;GFS
messery;ICONGFS;2026-10-08T12:00;GFS;6.30;5.80;54.0;17.2;0.00;83.0;GFS
messery;ICONGFS;2026-10-08T13:00;GFS;6.40;6.20;61.0;18.0;0.00;96.0;GFS
messery;ICONGFS;2026-10-08T14:00;GFS;7.00;7.00;63.0;18.8;0.00;100.0;GFS
messery;ICONGFS;2026-10-08T15:00;GFS;7.80;7.80;58.0;19.5;0.00;83.0;GFS
messery;ICONGFS;2026-10-08T16:00;GFS;9.10;8.70;50.0;20.2;0.00;57.0;GFS
messery;ICONGFS;2026-10-08T17:00;GFS;10.00;9.90;43.0;20.5;0.00;44.0;GFS
messery;ICONGFS;2026-10-08T18:00;GFS;10.20;11.70;33.0;20.0;0.00;56.0;GFS
messery;ICONGFS;2026-10-08T19:00;GFS;10.50;13.60;22.0;19.0;0.00;81.0;GFS
messery;ICONGFS;2026-10-08T20:00;GFS;10.40;14.60;14.0;18.1;0.00;100.0;GFS
messery;ICONGFS;2026-10-08T21:00;GFS;9.50;13.60;12.0;17.4;0.00;100.0;GFS
messery;ICONGFS;2026-10-08T22:00;GFS;8.20;11.70;12.0;16.8;0.00;100.0;GFS
messery;ICONGFS;2026-10-08T23:00;GFS;7.00;9.90;14.0;16.3;0.00;100.0;GFS
messery;ICONGFS;2026-10-09T00:00;GFS;6.50;9.10;17.0;15.9;0.00;93.0;GFS
messery;ICONGFS;2026-10-09T01:00;GFS;6.20;8.60;20.0;15.7;0.00;83.0;GFS
messery;ICONGFS;2026-10-09T02:00;GFS;6.20;8.00;24.0;15.4;0.00;72.0;GFS
messery;ICONGFS;2026-10-09T03:00;GFS;6.20;7.40;28.0;15.0;0.00;60.0;GFS
messery;ICONGFS;2026-10-09T04:00;GFS;6.30;6.80;30.0;14.6;0.00;46.0;GFS
messery;ICONGFS;2026-10-09T05:00;GFS;6.10;6.40;31.0;14.2;0.00;34.0;GFS
messery;ICONGFS;2026-10-09T06:00;GFS;5.50;6.00;23.0;13.7;0.00;24.0;GFS
messery;ICONGFS;2026-10-09T07:00;GFS;5.00;5.80;11.0;13.3;0.00;16.0;GFS
messery;ICONGFS;2026-10-09T08:00;GFS;4.70;5.60;5.0;13.3;0.00;10.0;GFS
messery;ICONGFS;2026-10-09T09:00;GFS;4.50;5.60;18.0;13.9;0.00;7.0;GFS
messery;ICONGFS;2026-10-09T10:00;GFS;4.70;5.60;38.0;14.9;0.00;7.0;GFS
messery;ICONGFS;2026-10-09T11:00;GFS;5.20;5.60;56.0;15.9;0.00;9.0;GFS
messery;ICONGFS;2026-10-09T12:00;GFS;5.30;5.60;71.0;16.8;0.00;11.0;GFS
messery;ICONGFS;2026-10-09T13:00;GFS;5.30;5.80;86.0;17.7;0.00;15.0;GFS
messery;ICONGFS;2026-10-09T14:00;GFS;4.70;6.00;90.0;18.3;0.00;23.0;GFS
messery;ICONGFS;2026-10-09T15:00;GFS;2.40;6.40;55.0;18.5;0.00;37.0;GFS
messery;ICONGFS;2026-10-09T16:00;GFS;4.10;7.00;335.0;18.5;0.00;55.0;GFS
messery;ICONGFS;2026-10-09T17:00;GFS;6.70;7.40;324.0;18.4;0.00;71.0;GFS
messery;ICONGFS;2026-10-09T18:00;GFS;6.40;7.20;331.0;18.0;0.00;83.0;GFS
messery;ICONGFS;2026-10-09T19:00;GFS;5.30;6.60;352.0;17.4;0.00;93.0;GFS
messery;ICONGFS;2026-10-09T20:00;GFS;5.10;6.40;11.0;16.9;0.00;100.0;GFS
messery;ICONGFS;2026-10-09T21:00;GFS;5.70;6.60;10.0;16.3;0.00;100.0;GFS
messery;ICONGFS;2026-10-09T22:00;GFS;6.20;7.20;4.0;15.7;0.00;100.0;GFS
messery;ICONGFS;2026-10-09T23:00;GFS;6.80;7.60;2.0;15.2;0.00;100.0;GFS
messery;ICONGFS;2026-10-10T00:00;GFS;6.80;7.60;7.0;14.6;0.00;100.0;GFS
messery;ICONGFS;2026-10-10T01:00;GFS;6.60;7.60;15.0;14.1;0.00;100.0;GFS
messery;ICONGFS;2026-10-10T02:00;GFS;6.70;7.60;22.0;13.6;0.00;96.0;GFS
messery;ICONGFS;2026-10-10T03:00;GFS;6.60;7.60;24.0;13.2;0.00;81.0;GFS
messery;ICONGFS;2026-10-10T04:00;GFS;6.60;7.40;24.0;12.8;0.00;60.0;GFS
messery;ICONGFS;2026-10-10T05:00;GFS;6.50;7.40;23.0;12.5;0.00;42.0;GFS
messery;ICONGFS;2026-10-10T06:00;GFS;6.60;7.40;21.0;12.1;0.00;28.0;GFS
messery;ICONGFS;2026-10-10T07:00;GFS;6.80;7.40;18.0;11.8;0.00;16.0;GFS
messery;ICONGFS;2026-10-10T08:00;GFS;6.80;7.40;20.0;11.9;0.00;8.0;GFS
messery;ICONGFS;2026-10-10T09:00;GFS;7.00;7.40;28.0;12.6;0.00;6.0;GFS
messery;ICONGFS;2026-10-10T10:00;GFS;7.50;7.40;39.0;13.8;0.00;8.0;GFS
messery;ICONGFS;2026-10-10T11:00;GFS;7.30;7.00;48.0;14.8;0.00;10.0;GFS
messery;ICONGFS;2026-10-10T12:00;GFS;5.90;6.00;63.0;15.5;0.00;11.0;GFS
messery;ICONGFS;2026-10-10T13:00;GFS;4.70;4.90;92.0;16.0;0.00;11.0;GFS
messery;ICONGFS;2026-10-10T14:00;GFS;4.40;3.90;119.0;16.6;0.00;14.0;GFS
messery;ICONGFS;2026-10-10T15:00;GFS;4.40;3.10;131.0;17.3;0.00;19.0;GFS
messery;ICONGFS;2026-10-10T16:00;GFS;4.00;2.70;137.0;18.1;0.00;25.0;GFS
messery;ICONGFS;2026-10-10T17:00;GFS;3.00;2.50;140.0;18.5;0.00;35.0;GFS
messery;ICONGFS;2026-10-10T18:00;GFS;1.20;2.90;141.0;18.3;0.00;55.0;GFS
messery;ICONGFS;2026-10-10T19:00;GFS;1.40;3.50;326.0;17.6;0.00;79.0;GFS
messery;ICONGFS;2026-10-10T20:00;GFS;3.10;3.90;325.0;16.9;0.00;89.0;GFS
messery;ICONGFS;2026-10-10T21:00;GFS;3.50;3.70;322.0;15.9;0.00;71.0;GFS
messery;ICONGFS;2026-10-10T22:00;GFS;3.20;3.50;317.0;14.7;0.00;38.0;GFS
messery;ICONGFS;2026-10-10T23:00;GFS;2.90;3.10;312.0;13.8;0.00;13.0;GFS
messery;ICONGFS;2026-10-11T00:00;GFS;2.70;2.90;315.0;13.2;0.00;4.0;GFS
messery;ICONGFS;2026-10-11T01:00;GFS;2.50;2.70;321.0;12.9;0.00;2.0;GFS
messery;ICONGFS;2026-10-11T02:00;GFS;2.40;2.70;325.0;12.6;0.00;2.0;GFS
messery;ICONGFS;2026-10-11T03:00;GFS;2.40;2.70;325.0;12.3;0.00;1.0;GFS
messery;ICONGFS;2026-10-11T04:00;GFS;2.60;2.70;324.0;12.0;0.00;2.0;GFS
messery;ICONGFS;2026-10-11T05:00;GFS;2.60;2.70;324.0;11.8;0.00;2.0;GFS
messery;ICONGFS;2026-10-11T06:00;GFS;2.60;2.70;324.0;11.4;0.00;2.0;GFS
messery;ICONGFS;2026-10-11T07:00;GFS;2.40;2.70;325.0;11.1;0.00;2.0;GFS
messery;ICONGFS;2026-10-11T08:00;GFS;2.10;2.50;326.0;11.2;0.00;2.0;GFS
messery;ICONGFS;2026-10-11T09:00;GFS;1.60;1.90;330.0;12.0;0.00;3.0;GFS
messery;ICONGFS;2026-10-11T10:00;GFS;1.00;1.40;338.0;13.1;0.00;4.0;GFS
messery;ICONGFS;2026-10-11T11:00;GFS;0.40;1.00;27.0;14.2;0.00;4.0;GFS
messery;ICONGFS;2026-10-11T12:00;GFS;1.00;1.20;127.0;14.8;0.00;3.0;GFS
messery;ICONGFS;2026-10-11T13:00;GFS;2.10;1.40;139.0;15.3;0.00;1.0;GFS
messery;ICONGFS;2026-10-11T14:00;GFS;2.60;1.70;138.0;15.9;0.00;0.0;GFS
messery;ICONGFS;2026-10-11T15:00;GFS;2.40;1.90;125.0;16.7;0.00;0.0;GFS
messery;ICONGFS;2026-10-11T16:00;GFS;1.80;1.90;96.0;17.5;0.00;0.0;GFS
messery;ICONGFS;2026-10-11T17:00;GFS;1.50;1.90;67.0;18.0;0.00;0.0;GFS
messery;ICONGFS;2026-10-11T18:00;GFS;1.10;1.70;31.0;17.9;0.00;1.0;GFS
messery;ICONGFS;2026-10-11T19:00;GFS;1.10;1.60;329.0;17.5;0.00;2.0;GFS
messery;ICONGFS;2026-10-11T20:00;GFS;1.90;1.70;294.0;17.0;0.00;4.0;GFS
messery;ICONGFS;2026-10-11T21:00;GFS;3.10;2.70;274.0;16.4;0.00;5.0;GFS
messery;ICONGFS;2026-10-11T22:00;GFS;4.70;4.10;261.0;15.7;0.00;6.0;GFS
messery;ICONGFS;2026-10-11T23:00;GFS;6.00;5.10;255.0;15.2;0.00;14.0;GFS
messery;ICONGFS;2026-10-12T00:00;GFS;6.50;5.20;249.0;15.0;0.00;35.0;GFS
messery;ICONGFS;2026-10-12T01:00;GFS;6.60;5.20;242.0;15.0;0.00;63.0;GFS
messery;ICONGFS;2026-10-12T02:00;GFS;6.80;5.20;239.0;15.1;0.00;85.0;GFS
messery;ICONGFS;2026-10-12T03:00;GFS;7.00;5.40;242.0;15.0;0.00;94.0;GFS
messery;ICONGFS;2026-10-12T04:00;GFS;7.40;5.60;247.0;15.0;0.00;97.0;GFS
messery;ICONGFS;2026-10-12T05:00;GFS;7.40;5.60;250.0;15.0;0.00;99.0;GFS
messery;ICONGFS;2026-10-12T06:00;GFS;7.20;5.60;251.0;14.8;0.00;100.0;GFS
messery;ICONGFS;2026-10-12T07:00;GFS;6.60;5.40;249.0;14.7;0.00;100.0;GFS
messery;ICONGFS;2026-10-12T08:00;GFS;6.30;5.40;248.0;14.9;0.00;100.0;GFS
messery;ICONGFS;2026-10-12T09:00;GFS;6.40;5.80;245.0;15.5;0.00;100.0;GFS
messery;ICONGFS;2026-10-12T10:00;GFS;6.80;6.20;243.0;16.5;0.00;100.0;GFS
messery;ICONGFS;2026-10-12T11:00;GFS;7.10;6.60;238.0;17.5;0.00;100.0;GFS
messery;ICONGFS;2026-10-12T12:00;GFS;6.80;7.00;231.0;18.5;0.00;100.0;GFS
messery;ICONGFS;2026-10-12T13:00;GFS;6.60;7.40;220.0;19.6;0.00;100.0;GFS
messery;ICONGFS;2026-10-12T14:00;GFS;6.40;7.60;215.0;20.5;0.00;100.0;GFS
messery;ICONGFS;2026-10-12T15:00;GFS;6.50;7.20;224.0;21.2;0.00;89.0;GFS
messery;ICONGFS;2026-10-12T16:00;GFS;6.70;6.80;237.0;21.8;0.00;74.0;GFS
messery;ICONGFS;2026-10-12T17:00;GFS;6.60;6.40;249.0;21.6;0.00;58.0;GFS
messery;ICONGFS;2026-10-12T18:00;GFS;5.50;6.60;266.0;20.0;0.00;39.0;GFS
messery;ICONGFS;2026-10-12T19:00;GFS;4.30;7.00;294.0;17.6;0.00;20.0;GFS
messery;ICONGFS;2026-10-12T20:00;GFS;4.20;7.00;323.0;15.8;0.00;13.0;GFS
messery;ICONGFS;2026-10-12T21:00;GFS;3.80;6.00;336.0;15.0;0.00;31.0;GFS
messery;ICONGFS;2026-10-12T22:00;GFS;3.20;4.70;346.0;14.7;0.00;61.0;GFS
messery;ICONGFS;2026-10-12T23:00;GFS;2.70;3.70;356.0;14.5;0.00;81.0;GFS
parking_pre_rencontre;ICONGFS;2026-09-27T00:00;ICONCH1;3.20;4.10;205.0;14.2;0.00;38.0;ICONCH1
parking_pre_rencontre;ICONGFS;2026-09-27T01:00;ICONCH1;3.40;4.30;211.0;13.9;0.00;0.0;ICONCH1
parking_pre_rencontre;ICONGFS;2026-09-27T02:00;ICONCH1;3.50;4.50;214.0;13.4;0.00;0.0;ICONCH1
parking_pre_rencontre;ICONGFS;2026-09-27T03:00;ICONCH1;4.30;5.40;210.0;12.9;0.00;0.0;ICONCH1
parking_pre_rencontre;ICONGFS;2026-09-27T04:00;ICONCH1;4.10;7.40;205.0;13.1;0.00;0.0;ICONCH1
parking_pre_rencontre;ICONGFS;2026-09-27T05:00;ICONCH1;4.60;8.20;202.0;13.3;0.00;0.0;ICONCH1
parking_pre_rencontre;ICONGFS;2026-09-27T06:00;ICONCH1;5.50;9.70;203.0;13.1;0.00;0.0;ICONCH1
parking_pre_rencontre;ICONGFS;2026-09-27T07:00;ICONCH1;5.40;10.10;201.0;12.8;0.00;0.0;ICONCH1
parking_pre_rencontre;ICONGFS;2026-09-27T08:00;ICONCH1;6.00;11.10;205.0;12.8;0.00;0.0;ICONCH1
parking_pre_rencontre;ICONGFS;2026-09-27T09:00;ICONCH1;6.70;12.40;192.0;14.5;0.00;0.0;ICONCH1
parking_pre_rencontre;ICONGFS;2026-09-27T10:00;ICONCH1;6.80;13.80;183.0;16.7;0.00;0.0;ICONCH1
parking_pre_rencontre;ICONGFS;2026-09-27T11:00;ICONCH1;7.80;15.40;183.0;19.0;0.00;0.0;ICONCH1
parking_pre_rencontre;ICONGFS;2026-09-27T12:00;ICONCH1;9.20;18.10;187.0;21.1;0.00;0.0;ICONCH1
parking_pre_rencontre;ICONGFS;2026-09-27T13:00;ICONCH1;8.40;17.90;193.0;22.6;0.00;0.0;ICONCH1
parking_pre_rencontre;ICONGFS;2026-09-27T14:00;ICONCH1;7.00;16.30;178.0;23.7;0.00;0.0;ICONCH1
parking_pre_rencontre;ICONGFS;2026-09-27T15:00;ICONCH1;8.20;16.30;184.0;24.0;0.00;18.0;ICONCH1
parking_pre_rencontre;ICONGFS;2026-09-27T16:00;ICONCH1;7.00;15.90;194.0;24.3;0.00;100.0;ICONCH1
parking_pre_rencontre;ICONGFS;2026-09-27T17:00;ICONCH1;7.00;13.80;186.0;23.9;0.00;0.0;ICONCH1
parking_pre_rencontre;ICONGFS;2026-09-27T18:00;ICONCH1;5.10;13.00;184.0;22.3;0.00;26.0;ICONCH1
parking_pre_rencontre;ICONGFS;2026-09-27T19:00;ICONCH1;3.60;9.10;216.0;19.0;0.00;61.0;ICONCH1
parking_pre_rencontre;ICONGFS;2026-09-27T20:00;ICONCH1;5.30;9.50;219.0;17.7;0.00;0.0;ICONCH1
parking_pre_rencontre;ICONGFS;2026-09-27T21:00;ICONCH1;5.50;9.90;219.0;16.4;0.00;0.0;ICONCH1
parking_pre_rencontre;ICONGFS;2026-09-27T22:00;ICONCH1;5.40;9.90;215.0;15.6;0.00;63.0;ICONCH1
parking_pre_rencontre;ICONGFS;2026-09-27T23:00;ICONCH1;5.60;10.10;214.0;15.1;0.00;0.0;ICONCH1
parking_pre_rencontre;ICONGFS;2026-09-28T00:00;ICONCH1;5.70;10.50;215.0;15.0;0.00;60.0;ICONCH1
parking_pre_rencontre;ICONGFS;2026-09-28T01:00;ICONCH1;5.30;10.10;208.0;14.4;0.00;80.0;ICONCH1
parking_pre_rencontre;ICONGFS;2026-09-28T02:00;ICONCH1;5.30;9.70;208.0;14.2;0.00;100.0;ICONCH1
parking_pre_rencontre;ICONGFS;2026-09-28T03:00;ICONCH1;5.70;10.30;208.0;14.3;0.00;90.0;ICONCH1
parking_pre_rencontre;ICONGFS;2026-09-28T04:00;ICONCH1;5.50;10.30;203.0;14.3;0.00;100.0;ICONCH1
parking_pre_rencontre;ICONGFS;2026-09-28T05:00;ICONCH1;5.50;9.90;203.0;14.2;0.00;80.0;ICONCH1
parking_pre_rencontre;ICONGFS;2026-09-28T06:00;ICONCH1;5.20;9.70;202.0;13.7;0.00;69.0;ICONCH1
parking_pre_rencontre;ICONGFS;2026-09-28T07:00;ICONCH1;5.30;9.50;204.0;13.3;0.00;97.0;ICONCH1
parking_pre_rencontre;ICONGFS;2026-09-28T08:00;ICONCH1;4.90;9.50;198.0;13.2;0.00;96.0;ICONCH1
parking_pre_rencontre;ICONGFS;2026-09-28T09:00;ICONCH1;5.30;9.50;184.0;15.1;0.00;93.0;ICONCH1
parking_pre_rencontre;ICONGFS;2026-09-28T10:00;ICONCH1;6.20;12.10;184.0;17.5;0.00;77.0;ICONCH1
parking_pre_rencontre;ICONGFS;2026-09-28T11:00;ICONCH1;7.60;15.00;186.0;20.0;0.00;55.0;ICONCH1
parking_pre_rencontre;ICONGFS;2026-09-28T12:00;ICONCH1;8.70;17.10;197.0;21.8;0.00;69.0;ICONCH1
parking_pre_rencontre;ICONGFS;2026-09-28T13:00;ICONCH1;4.30;17.10;216.0;23.4;0.00;14.0;ICONCH1
parking_pre_rencontre;ICONGFS;2026-09-28T14:00;ICONCH1;1.90;9.10;360.0;21.9;0.00;100.0;ICONCH1
parking_pre_rencontre;ICONGFS;2026-09-28T15:00;ICONCH1;1.00;5.40;233.0;23.3;0.00;61.0;ICONCH1
parking_pre_rencontre;ICONGFS;2026-09-28T16:00;ICONCH1;6.20;11.90;208.0;24.0;0.00;80.0;ICONCH1
parking_pre_rencontre;ICONGFS;2026-09-28T17:00;ICONCH1;7.70;14.20;207.0;23.4;0.00;100.0;ICONCH1
parking_pre_rencontre;ICONGFS;2026-09-28T18:00;ICONCH2;7.30;15.90;196.0;21.1;0.00;100.0;ICONCH2
parking_pre_rencontre;ICONGFS;2026-09-28T19:00;ICONCH2;6.90;14.40;191.0;18.9;0.00;100.0;ICONCH2
parking_pre_rencontre;ICONGFS;2026-09-28T20:00;ICONCH2;6.90;14.60;191.0;17.1;0.00;87.0;ICONCH2
parking_pre_rencontre;ICONGFS;2026-09-28T21:00;ICONCH2;6.50;14.00;189.0;15.9;0.00;100.0;ICONCH2
parking_pre_rencontre;ICONGFS;2026-09-28T22:00;ICONCH2;5.70;12.60;184.0;15.4;0.00;100.0;ICONCH2
parking_pre_rencontre;ICONGFS;2026-09-28T23:00;ICONCH2;5.40;11.30;182.0;15.2;0.00;100.0;ICONCH2
parking_pre_rencontre;ICONGFS;2026-09-29T00:00;ICONCH2;5.30;10.70;186.0;14.8;0.00;100.0;ICONCH2
parking_pre_rencontre;ICONGFS;2026-09-29T01:00;ICONCH2;5.90;11.90;188.0;14.4;0.00;100.0;ICONCH2
parking_pre_rencontre;ICONGFS;2026-09-29T02:00;ICONCH2;6.10;12.20;189.0;14.4;0.00;100.0;ICONCH2
parking_pre_rencontre;ICONGFS;2026-09-29T03:00;ICONCH2;6.10;12.40;191.0;14.5;0.00;70.0;ICONCH2
parking_pre_rencontre;ICONGFS;2026-09-29T04:00;ICONCH2;6.40;12.80;194.0;14.4;0.00;68.0;ICONCH2
parking_pre_rencontre;ICONGFS;2026-09-29T05:00;ICONCH2;6.80;14.20;193.0;14.1;0.00;23.0;ICONCH2
parking_pre_rencontre;ICONGFS;2026-09-29T06:00;ICONCH2;7.20;14.60;193.0;14.0;0.00;11.0;ICONCH2
parking_pre_rencontre;ICONGFS;2026-09-29T07:00;ICONCH2;7.50;15.40;192.0;14.0;0.00;17.0;ICONCH2
parking_pre_rencontre;ICONGFS;2026-09-29T08:00;ICONCH2;7.90;15.90;191.0;14.3;0.00;100.0;ICONCH2
parking_pre_rencontre;ICONGFS;2026-09-29T09:00;ICONCH2;8.50;17.10;196.0;16.1;0.00;100.0;ICONCH2
parking_pre_rencontre;ICONGFS;2026-09-29T10:00;ICONCH2;9.20;18.70;201.0;18.1;0.00;100.0;ICONCH2
parking_pre_rencontre;ICONGFS;2026-09-29T11:00;ICONCH2;10.60;21.20;200.0;20.4;0.00;54.0;ICONCH2
parking_pre_rencontre;ICONGFS;2026-09-29T12:00;ICONCH2;12.90;24.70;191.0;22.9;0.00;27.0;ICONCH2
parking_pre_rencontre;ICONGFS;2026-09-29T13:00;ICONCH2;12.90;27.00;188.0;22.9;0.00;100.0;ICONCH2
parking_pre_rencontre;ICONGFS;2026-09-29T14:00;ICONCH2;12.20;24.30;181.0;24.1;0.00;100.0;ICONCH2
parking_pre_rencontre;ICONGFS;2026-09-29T15:00;ICONCH2;10.60;23.30;197.0;24.8;0.00;100.0;ICONCH2
parking_pre_rencontre;ICONGFS;2026-09-29T16:00;ICONCH2;16.10;30.50;210.0;23.8;0.00;47.0;ICONCH2
parking_pre_rencontre;ICONGFS;2026-09-29T17:00;ICONCH2;15.10;30.70;204.0;22.5;0.00;100.0;ICONCH2
parking_pre_rencontre;ICONGFS;2026-09-29T18:00;ICONCH2;13.90;28.60;198.0;21.3;0.00;100.0;ICONCH2
parking_pre_rencontre;ICONGFS;2026-09-29T19:00;ICONCH2;11.80;25.90;189.0;19.4;0.00;100.0;ICONCH2
parking_pre_rencontre;ICONGFS;2026-09-29T20:00;ICONCH2;11.20;22.70;188.0;17.8;0.00;100.0;ICONCH2
parking_pre_rencontre;ICONGFS;2026-09-29T21:00;ICONCH2;11.80;23.30;189.0;17.1;0.00;100.0;ICONCH2
parking_pre_rencontre;ICONGFS;2026-09-29T22:00;ICONCH2;11.00;23.30;189.0;16.7;0.00;100.0;ICONCH2
parking_pre_rencontre;ICONGFS;2026-09-29T23:00;ICONCH2;10.30;21.60;192.0;16.5;0.00;80.0;ICONCH2
parking_pre_rencontre;ICONGFS;2026-09-30T00:00;ICONCH2;10.10;20.40;191.0;16.6;0.00;100.0;ICONCH2
parking_pre_rencontre;ICONGFS;2026-09-30T01:00;ICONCH2;10.10;20.40;191.0;16.5;0.00;92.0;ICONCH2
parking_pre_rencontre;ICONGFS;2026-09-30T02:00;ICONCH2;10.10;20.20;190.0;16.3;0.00;98.0;ICONCH2
parking_pre_rencontre;ICONGFS;2026-09-30T03:00;ICONCH2;9.90;20.00;190.0;16.2;0.00;71.0;ICONCH2
parking_pre_rencontre;ICONGFS;2026-09-30T04:00;ICONCH2;10.00;20.40;187.0;16.4;0.00;73.0;ICONCH2
parking_pre_rencontre;ICONGFS;2026-09-30T05:00;ICONCH2;10.00;20.00;189.0;16.2;0.00;68.0;ICONCH2
parking_pre_rencontre;ICONGFS;2026-09-30T06:00;ICONCH2;10.20;20.40;187.0;15.7;0.00;81.0;ICONCH2
parking_pre_rencontre;ICONGFS;2026-09-30T07:00;ICONCH2;9.20;20.00;188.0;15.2;0.00;27.0;ICONCH2
parking_pre_rencontre;ICONGFS;2026-09-30T08:00;ICONCH2;9.60;18.90;188.0;15.2;0.00;40.0;ICONCH2
parking_pre_rencontre;ICONGFS;2026-09-30T09:00;ICONCH2;8.90;19.00;191.0;16.3;0.00;13.0;ICONCH2
parking_pre_rencontre;ICONGFS;2026-09-30T10:00;ICONCH2;10.20;20.40;193.0;18.8;0.00;15.0;ICONCH2
parking_pre_rencontre;ICONGFS;2026-09-30T11:00;ICONCH2;10.30;20.40;192.0;20.8;0.00;15.0;ICONCH2
parking_pre_rencontre;ICONGFS;2026-09-30T12:00;ICONCH2;11.70;22.50;187.0;22.7;0.00;23.0;ICONCH2
parking_pre_rencontre;ICONGFS;2026-09-30T13:00;ICONCH2;10.10;22.40;192.0;23.8;0.00;19.0;ICONCH2
parking_pre_rencontre;ICONGFS;2026-09-30T14:00;ICONCH2;12.20;23.50;209.0;24.1;0.00;55.0;ICONCH2
parking_pre_rencontre;ICONGFS;2026-09-30T15:00;ICONCH2;14.20;27.40;210.0;23.9;0.00;47.0;ICONCH2
parking_pre_rencontre;ICONGFS;2026-09-30T16:00;ICONCH2;13.20;27.20;211.0;23.6;0.00;71.0;ICONCH2
parking_pre_rencontre;ICONGFS;2026-09-30T17:00;ICONCH2;13.00;25.10;207.0;23.0;0.00;51.0;ICONCH2
parking_pre_rencontre;ICONGFS;2026-09-30T18:00;ICONCH2;11.60;24.90;203.0;21.8;0.00;49.0;ICONCH2
parking_pre_rencontre;ICONGFS;2026-09-30T19:00;ICONCH2;9.30;21.80;191.0;19.5;0.00;69.0;ICONCH2
parking_pre_rencontre;ICONGFS;2026-09-30T20:00;ICONCH2;9.80;19.60;172.0;17.8;0.00;61.0;ICONCH2
parking_pre_rencontre;ICONGFS;2026-09-30T21:00;ICONCH2;8.60;19.60;188.0;16.5;0.00;98.0;ICONCH2
parking_pre_rencontre;ICONGFS;2026-09-30T22:00;ICONCH2;9.40;18.50;185.0;16.0;0.00;100.0;ICONCH2
parking_pre_rencontre;ICONGFS;2026-09-30T23:00;ICONCH2;9.00;18.30;189.0;15.6;0.00;100.0;ICONCH2
parking_pre_rencontre;ICONGFS;2026-10-01T00:00;ICONCH2;8.50;17.70;191.0;15.3;0.00;100.0;ICONCH2
parking_pre_rencontre;ICONGFS;2026-10-01T01:00;ICONCH2;8.90;17.50;191.0;15.3;0.00;100.0;ICONCH2
parking_pre_rencontre;ICONGFS;2026-10-01T02:00;ICONCH2;8.90;17.90;191.0;15.6;0.00;100.0;ICONCH2
parking_pre_rencontre;ICONGFS;2026-10-01T03:00;ICONCH2;9.10;17.90;191.0;15.7;0.00;100.0;ICONCH2
parking_pre_rencontre;ICONGFS;2026-10-01T04:00;ICONCH2;8.70;17.90;189.0;15.6;0.00;100.0;ICONCH2
parking_pre_rencontre;ICONGFS;2026-10-01T05:00;ICONCH2;8.90;17.90;190.0;15.6;0.00;97.0;ICONCH2
parking_pre_rencontre;ICONGFS;2026-10-01T06:00;ICONCH2;9.60;19.20;186.0;16.0;0.00;100.0;ICONCH2
parking_pre_rencontre;ICONGFS;2026-10-01T07:00;ICONCH2;10.40;20.60;186.0;16.2;0.00;100.0;ICONCH2
parking_pre_rencontre;ICONGFS;2026-10-01T08:00;ICONCH2;9.80;21.00;193.0;16.0;0.00;100.0;ICONCH2
parking_pre_rencontre;ICONGFS;2026-10-01T09:00;ICONCH2;9.30;20.00;190.0;17.0;0.00;98.0;ICONCH2
parking_pre_rencontre;ICONGFS;2026-10-01T10:00;ICONCH2;8.80;18.70;193.0;18.1;0.00;100.0;ICONCH2
parking_pre_rencontre;ICONGFS;2026-10-01T11:00;ICONCH2;9.00;18.30;193.0;19.3;0.00;100.0;ICONCH2
parking_pre_rencontre;ICONGFS;2026-10-01T12:00;ICONCH2;8.20;17.70;199.0;19.9;0.00;100.0;ICONCH2
parking_pre_rencontre;ICONGFS;2026-10-01T13:00;ICONCH2;7.30;15.90;224.0;19.8;0.00;100.0;ICONCH2
parking_pre_rencontre;ICONGFS;2026-10-01T14:00;ICONCH2;8.10;15.70;226.0;19.5;0.00;100.0;ICONCH2
parking_pre_rencontre;ICONGFS;2026-10-01T15:00;ICONCH2;6.60;16.30;230.0;19.2;0.00;100.0;ICONCH2
parking_pre_rencontre;ICONGFS;2026-10-01T16:00;ICONCH2;4.70;12.80;218.0;18.6;0.00;100.0;ICONCH2
parking_pre_rencontre;ICONGFS;2026-10-01T17:00;ICONCH2;4.60;9.30;208.0;18.2;0.00;100.0;ICONCH2
parking_pre_rencontre;ICONGFS;2026-10-01T18:00;ICONCH2;3.70;8.90;208.0;17.0;0.10;100.0;ICONCH2
parking_pre_rencontre;ICONGFS;2026-10-01T19:00;ICONCH2;3.60;7.60;196.0;15.7;0.00;100.0;ICONCH2
parking_pre_rencontre;ICONGFS;2026-10-01T20:00;ICONCH2;3.50;7.60;183.0;14.6;0.00;100.0;ICONCH2
parking_pre_rencontre;ICONGFS;2026-10-01T21:00;ICONCH2;3.90;7.60;174.0;14.1;0.00;100.0;ICONCH2
parking_pre_rencontre;ICONGFS;2026-10-01T22:00;ICONCH2;2.70;7.40;180.0;14.5;0.00;100.0;ICONCH2
parking_pre_rencontre;ICONGFS;2026-10-01T23:00;ICONCH2;3.50;6.60;180.0;14.4;0.00;100.0;ICONCH2
parking_pre_rencontre;ICONGFS;2026-10-02T00:00;ICON13KM;3.50;8.20;333.0;12.9;0.00;97.0;ICON13KM
parking_pre_rencontre;ICONGFS;2026-10-02T01:00;ICON13KM;3.30;7.80;332.0;12.7;0.00;94.0;ICON13KM
parking_pre_rencontre;ICONGFS;2026-10-02T02:00;ICON13KM;3.00;7.40;328.0;12.5;0.00;91.0;ICON13KM
parking_pre_rencontre;ICONGFS;2026-10-02T03:00;ICON13KM;2.70;6.80;330.0;12.3;0.00;90.0;ICON13KM
parking_pre_rencontre;ICONGFS;2026-10-02T04:00;ICON13KM;2.30;6.20;336.0;12.2;0.00;90.0;ICON13KM
parking_pre_rencontre;ICONGFS;2026-10-02T05:00;ICON13KM;2.00;5.40;343.0;12.2;0.00;89.0;ICON13KM
parking_pre_rencontre;ICONGFS;2026-10-02T06:00;ICON13KM;1.80;4.70;354.0;12.1;0.00;87.0;ICON13KM
parking_pre_rencontre;ICONGFS;2026-10-02T07:00;ICON13KM;1.60;3.90;7.0;12.1;0.00;84.0;ICON13KM
parking_pre_rencontre;ICONGFS;2026-10-02T08:00;ICON13KM;1.40;3.30;16.0;12.0;0.00;82.0;ICON13KM
parking_pre_rencontre;ICONGFS;2026-10-02T09:00;ICON13KM;3.70;8.70;328.0;11.4;0.00;100.0;ICON13KM
parking_pre_rencontre;ICONGFS;2026-10-02T10:00;ICON13KM;4.00;9.10;331.0;11.9;0.00;100.0;ICON13KM
parking_pre_rencontre;ICONGFS;2026-10-02T11:00;ICON13KM;4.30;9.70;333.0;12.5;0.00;100.0;ICON13KM
parking_pre_rencontre;ICONGFS;2026-10-02T12:00;ICON13KM;4.60;10.50;332.0;13.2;0.00;93.0;ICON13KM
parking_pre_rencontre;ICONGFS;2026-10-02T13:00;ICON13KM;4.80;11.30;328.0;14.0;0.00;86.0;ICON13KM
parking_pre_rencontre;ICONGFS;2026-10-02T14:00;ICON13KM;4.90;11.90;326.0;14.5;0.00;79.0;ICON13KM
parking_pre_rencontre;ICONGFS;2026-10-02T15:00;ICON13KM;5.00;12.20;329.0;14.6;0.00;76.0;ICON13KM
parking_pre_rencontre;ICONGFS;2026-10-02T16:00;ICON13KM;4.90;12.20;337.0;14.4;0.00;73.0;ICON13KM
parking_pre_rencontre;ICONGFS;2026-10-02T17:00;ICON13KM;4.70;11.90;341.0;14.2;0.00;70.0;ICON13KM
parking_pre_rencontre;ICONGFS;2026-10-02T18:00;ICON13KM;4.20;10.90;344.0;13.9;0.00;68.0;ICON13KM
parking_pre_rencontre;ICONGFS;2026-10-02T19:00;ICON13KM;3.60;9.30;344.0;13.5;0.00;67.0;ICON13KM
parking_pre_rencontre;ICONGFS;2026-10-02T20:00;ICON13KM;2.80;7.80;348.0;13.1;0.00;65.0;ICON13KM
parking_pre_rencontre;ICONGFS;2026-10-02T21:00;ICON13KM;1.70;5.80;360.0;12.7;0.00;69.0;ICON13KM
parking_pre_rencontre;ICONGFS;2026-10-02T22:00;ICON13KM;1.00;3.90;37.0;12.3;0.00;72.0;ICON13KM
parking_pre_rencontre;ICONGFS;2026-10-02T23:00;ICON13KM;1.00;2.90;101.0;12.0;0.00;76.0;ICON13KM
parking_pre_rencontre;ICONGFS;2026-10-03T00:00;ICON13KM;1.50;3.50;130.0;11.8;0.00;74.0;ICON13KM
parking_pre_rencontre;ICONGFS;2026-10-03T01:00;ICON13KM;2.20;5.10;142.0;11.6;0.00;71.0;ICON13KM
parking_pre_rencontre;ICONGFS;2026-10-03T02:00;ICON13KM;2.60;6.20;144.0;11.6;0.00;69.0;ICON13KM
parking_pre_rencontre;ICONGFS;2026-10-03T03:00;ICON13KM;2.70;6.60;135.0;11.7;0.00;67.0;ICON13KM
parking_pre_rencontre;ICONGFS;2026-10-03T04:00;ICON13KM;2.60;6.40;126.0;11.9;0.00;65.0;ICON13KM
parking_pre_rencontre;ICONGFS;2026-10-03T05:00;ICON13KM;2.90;6.60;118.0;11.9;0.00;63.0;ICON13KM
parking_pre_rencontre;ICONGFS;2026-10-03T06:00;ICON13KM;3.20;7.20;115.0;11.4;0.00;58.0;ICON13KM
parking_pre_rencontre;ICONGFS;2026-10-03T07:00;ICON13KM;3.70;7.80;115.0;10.8;0.00;53.0;ICON13KM
parking_pre_rencontre;ICONGFS;2026-10-03T08:00;ICON13KM;3.80;8.40;120.0;10.9;0.00;48.0;ICON13KM
parking_pre_rencontre;ICONGFS;2026-10-03T09:00;ICON13KM;3.30;8.60;135.0;12.3;0.00;32.0;ICON13KM
parking_pre_rencontre;ICONGFS;2026-10-03T10:00;ICON13KM;3.10;8.70;162.0;14.4;0.00;16.0;ICON13KM
parking_pre_rencontre;ICONGFS;2026-10-03T11:00;ICON13KM;3.30;8.90;187.0;16.3;0.00;0.0;ICON13KM
parking_pre_rencontre;ICONGFS;2026-10-03T12:00;ICON13KM;3.80;9.70;201.0;17.6;0.00;2.0;ICON13KM
parking_pre_rencontre;ICONGFS;2026-10-03T13:00;ICON13KM;4.20;10.70;214.0;18.8;0.00;3.0;ICON13KM
parking_pre_rencontre;ICONGFS;2026-10-03T14:00;ICON13KM;4.40;11.30;221.0;19.6;0.00;5.0;ICON13KM
parking_pre_rencontre;ICONGFS;2026-10-03T15:00;ICON13KM;4.40;10.90;225.0;20.0;0.00;22.0;ICON13KM
parking_pre_rencontre;ICONGFS;2026-10-03T16:00;ICON13KM;4.10;10.10;229.0;20.1;0.00;38.0;ICON13KM
parking_pre_rencontre;ICONGFS;2026-10-03T17:00;ICON13KM;3.60;8.90;234.0;19.7;0.00;55.0;ICON13KM
parking_pre_rencontre;ICONGFS;2026-10-03T18:00;ICON13KM;2.80;7.40;245.0;18.4;0.00;65.0;ICON13KM
parking_pre_rencontre;ICONGFS;2026-10-03T19:00;ICON13KM;2.10;5.80;270.0;16.7;0.00;76.0;ICON13KM
parking_pre_rencontre;ICONGFS;2026-10-03T20:00;ICON13KM;1.50;4.70;293.0;15.2;0.00;86.0;ICON13KM
parking_pre_rencontre;ICONGFS;2026-10-03T21:00;ICON13KM;0.20;4.70;270.0;14.1;0.00;91.0;ICON13KM
parking_pre_rencontre;ICONGFS;2026-10-03T22:00;ICON13KM;1.80;5.10;131.0;13.2;0.00;95.0;ICON13KM
parking_pre_rencontre;ICONGFS;2026-10-03T23:00;ICON13KM;3.20;5.80;133.0;12.6;0.00;100.0;ICON13KM
parking_pre_rencontre;ICONGFS;2026-10-04T00:00;ICON13KM;3.70;6.60;133.0;12.3;0.00;92.0;ICON13KM
parking_pre_rencontre;ICONGFS;2026-10-04T01:00;ICON13KM;3.70;7.60;137.0;12.3;0.00;83.0;ICON13KM
parking_pre_rencontre;ICONGFS;2026-10-04T02:00;ICON13KM;3.70;8.40;137.0;12.3;0.00;75.0;ICON13KM
parking_pre_rencontre;ICONGFS;2026-10-04T03:00;ICON13KM;3.70;8.60;137.0;12.0;0.00;83.0;ICON13KM
parking_pre_rencontre;ICONGFS;2026-10-04T04:00;ICON13KM;3.60;8.40;135.0;11.6;0.00;92.0;ICON13KM
parking_pre_rencontre;ICONGFS;2026-10-04T05:00;ICON13KM;3.70;8.40;133.0;11.3;0.00;100.0;ICON13KM
parking_pre_rencontre;ICONGFS;2026-10-04T06:00;ICON13KM;3.90;8.90;127.0;10.7;0.00;90.0;ICON13KM
parking_pre_rencontre;ICONGFS;2026-10-04T07:00;ICON13KM;4.50;9.90;121.0;10.1;0.00;81.0;ICON13KM
parking_pre_rencontre;ICONGFS;2026-10-04T08:00;ICON13KM;4.50;10.50;121.0;10.2;0.00;71.0;ICON13KM
parking_pre_rencontre;ICONGFS;2026-10-04T09:00;ICON13KM;4.00;10.10;129.0;11.6;0.00;71.0;ICON13KM
parking_pre_rencontre;ICONGFS;2026-10-04T10:00;ICON13KM;3.40;9.50;149.0;13.7;0.00;70.0;ICON13KM
parking_pre_rencontre;ICONGFS;2026-10-04T11:00;ICON13KM;3.40;9.50;170.0;15.6;0.00;70.0;ICON13KM
parking_pre_rencontre;ICONGFS;2026-10-04T12:00;ICON13KM;4.10;11.10;185.0;17.1;0.00;53.0;ICON13KM
parking_pre_rencontre;ICONGFS;2026-10-04T13:00;ICON13KM;5.20;13.20;195.0;18.3;0.00;35.0;ICON13KM
parking_pre_rencontre;ICONGFS;2026-10-04T14:00;ICON13KM;6.00;14.80;201.0;19.2;0.00;18.0;ICON13KM
parking_pre_rencontre;ICONGFS;2026-10-04T15:00;GFS;1.40;3.50;180.0;11.4;0.90;100.0;GFS
parking_pre_rencontre;ICONGFS;2026-10-04T16:00;GFS;0.60;1.90;162.0;11.1;0.90;100.0;GFS
parking_pre_rencontre;ICONGFS;2026-10-04T17:00;GFS;0.40;1.00;117.0;10.8;0.90;100.0;GFS
parking_pre_rencontre;ICONGFS;2026-10-04T18:00;GFS;0.70;1.20;146.0;10.6;1.60;100.0;GFS
parking_pre_rencontre;ICONGFS;2026-10-04T19:00;GFS;1.40;1.90;164.0;10.5;1.60;100.0;GFS
parking_pre_rencontre;ICONGFS;2026-10-04T20:00;GFS;1.80;2.30;167.0;10.4;1.60;100.0;GFS
parking_pre_rencontre;ICONGFS;2026-10-04T21:00;GFS;1.60;2.10;166.0;10.3;0.20;100.0;GFS
parking_pre_rencontre;ICONGFS;2026-10-04T22:00;GFS;1.20;1.70;171.0;10.3;0.20;100.0;GFS
parking_pre_rencontre;ICONGFS;2026-10-04T23:00;GFS;0.80;1.40;166.0;10.3;0.20;100.0;GFS
parking_pre_rencontre;ICONGFS;2026-10-05T00:00;GFS;0.90;1.40;153.0;10.2;0.10;100.0;GFS
parking_pre_rencontre;ICONGFS;2026-10-05T01:00;GFS;1.20;1.60;141.0;10.2;0.10;100.0;GFS
parking_pre_rencontre;ICONGFS;2026-10-05T02:00;GFS;1.40;1.60;135.0;10.2;0.10;100.0;GFS
parking_pre_rencontre;ICONGFS;2026-10-05T03:00;GFS;1.10;1.20;121.0;10.1;0.00;100.0;GFS
parking_pre_rencontre;ICONGFS;2026-10-05T04:00;GFS;0.80;0.80;76.0;10.1;0.00;100.0;GFS
parking_pre_rencontre;ICONGFS;2026-10-05T05:00;GFS;0.70;0.60;56.0;9.9;0.00;100.0;GFS
parking_pre_rencontre;ICONGFS;2026-10-05T06:00;GFS;0.60;1.00;108.0;9.1;0.00;100.0;GFS
parking_pre_rencontre;ICONGFS;2026-10-05T07:00;GFS;1.40;1.40;146.0;8.1;0.00;100.0;GFS
parking_pre_rencontre;ICONGFS;2026-10-05T08:00;GFS;1.90;1.70;156.0;8.0;0.00;98.0;GFS
parking_pre_rencontre;ICONGFS;2026-10-05T09:00;GFS;1.70;1.60;159.0;9.5;0.00;78.0;GFS
parking_pre_rencontre;ICONGFS;2026-10-05T10:00;GFS;1.00;1.20;169.0;11.8;0.00;51.0;GFS
parking_pre_rencontre;ICONGFS;2026-10-05T11:00;GFS;0.20;1.20;270.0;13.8;0.00;38.0;GFS
parking_pre_rencontre;ICONGFS;2026-10-05T12:00;GFS;1.50;1.60;337.0;14.9;0.10;52.0;GFS
parking_pre_rencontre;ICONGFS;2026-10-05T13:00;GFS;2.80;2.30;344.0;15.5;0.10;79.0;GFS
parking_pre_rencontre;ICONGFS;2026-10-05T14:00;GFS;4.10;3.10;343.0;15.8;0.10;100.0;GFS
parking_pre_rencontre;ICONGFS;2026-10-05T15:00;GFS;4.40;4.10;339.0;15.6;0.20;100.0;GFS
parking_pre_rencontre;ICONGFS;2026-10-05T16:00;GFS;4.30;4.90;333.0;15.0;0.20;100.0;GFS
parking_pre_rencontre;ICONGFS;2026-10-05T17:00;GFS;4.30;5.20;330.0;14.2;0.20;99.0;GFS
parking_pre_rencontre;ICONGFS;2026-10-05T18:00;GFS;4.10;4.70;335.0;12.7;0.20;99.0;GFS
parking_pre_rencontre;ICONGFS;2026-10-05T19:00;GFS;3.90;3.30;342.0;11.0;0.20;100.0;GFS
parking_pre_rencontre;ICONGFS;2026-10-05T20:00;GFS;3.40;2.30;350.0;9.8;0.20;100.0;GFS
parking_pre_rencontre;ICONGFS;2026-10-05T21:00;GFS;2.50;1.60;356.0;9.5;0.00;100.0;GFS
parking_pre_rencontre;ICONGFS;2026-10-05T22:00;GFS;1.40;1.20;360.0;9.7;0.00;100.0;GFS
parking_pre_rencontre;ICONGFS;2026-10-05T23:00;GFS;0.40;0.80;27.0;9.9;0.00;100.0;GFS
parking_pre_rencontre;ICONGFS;2026-10-06T00:00;GFS;0.40;0.80;90.0;9.7;0.00;100.0;GFS
parking_pre_rencontre;ICONGFS;2026-10-06T01:00;GFS;0.60;0.80;108.0;9.6;0.00;100.0;GFS
parking_pre_rencontre;ICONGFS;2026-10-06T02:00;GFS;0.60;1.00;108.0;9.4;0.00;100.0;GFS
parking_pre_rencontre;ICONGFS;2026-10-06T03:00;GFS;0.70;1.20;56.0;9.2;0.00;100.0;GFS
parking_pre_rencontre;ICONGFS;2026-10-06T04:00;GFS;1.20;1.60;18.0;9.1;0.00;100.0;GFS
parking_pre_rencontre;ICONGFS;2026-10-06T05:00;GFS;1.80;1.70;13.0;9.0;0.00;100.0;GFS
parking_pre_rencontre;ICONGFS;2026-10-06T06:00;GFS;2.00;1.90;11.0;8.8;0.00;100.0;GFS
parking_pre_rencontre;ICONGFS;2026-10-06T07:00;GFS;2.00;1.90;17.0;8.7;0.00;100.0;GFS
parking_pre_rencontre;ICONGFS;2026-10-06T08:00;GFS;1.80;1.90;13.0;8.8;0.00;100.0;GFS
parking_pre_rencontre;ICONGFS;2026-10-06T09:00;GFS;1.20;1.70;351.0;9.1;0.10;100.0;GFS
parking_pre_rencontre;ICONGFS;2026-10-06T10:00;GFS;1.20;1.60;288.0;9.7;0.10;100.0;GFS
parking_pre_rencontre;ICONGFS;2026-10-06T11:00;GFS;1.90;1.60;270.0;10.4;0.10;100.0;GFS
parking_pre_rencontre;ICONGFS;2026-10-06T12:00;GFS;2.40;2.10;279.0;11.3;0.00;100.0;GFS
parking_pre_rencontre;ICONGFS;2026-10-06T13:00;GFS;3.00;3.10;297.0;12.3;0.00;99.0;GFS
parking_pre_rencontre;ICONGFS;2026-10-06T14:00;GFS;3.50;3.90;308.0;13.2;0.00;99.0;GFS
parking_pre_rencontre;ICONGFS;2026-10-06T15:00;GFS;3.70;4.50;317.0;13.9;0.00;99.0;GFS
parking_pre_rencontre;ICONGFS;2026-10-06T16:00;GFS;4.00;4.90;325.0;14.5;0.00;100.0;GFS
parking_pre_rencontre;ICONGFS;2026-10-06T17:00;GFS;4.20;4.90;332.0;14.4;0.00;99.0;GFS
parking_pre_rencontre;ICONGFS;2026-10-06T18:00;GFS;4.10;4.10;335.0;12.8;0.00;96.0;GFS
parking_pre_rencontre;ICONGFS;2026-10-06T19:00;GFS;3.80;2.90;339.0;10.5;0.00;93.0;GFS
parking_pre_rencontre;ICONGFS;2026-10-06T20:00;GFS;3.10;2.10;342.0;8.8;0.00;90.0;GFS
parking_pre_rencontre;ICONGFS;2026-10-06T21:00;GFS;1.60;1.90;346.0;8.3;0.00;90.0;GFS
parking_pre_rencontre;ICONGFS;2026-10-06T22:00;GFS;0.30;1.90;135.0;8.4;0.00;90.0;GFS
parking_pre_rencontre;ICONGFS;2026-10-06T23:00;GFS;1.70;2.10;153.0;8.5;0.00;92.0;GFS
parking_pre_rencontre;ICONGFS;2026-10-07T00:00;GFS;2.70;2.50;150.0;8.2;0.00;95.0;GFS
parking_pre_rencontre;ICONGFS;2026-10-07T01:00;GFS;3.30;2.90;144.0;8.0;0.00;98.0;GFS
parking_pre_rencontre;ICONGFS;2026-10-07T02:00;GFS;3.50;3.10;142.0;8.0;0.00;100.0;GFS
parking_pre_rencontre;ICONGFS;2026-10-07T03:00;GFS;2.60;2.70;144.0;8.5;0.10;100.0;GFS
parking_pre_rencontre;ICONGFS;2026-10-07T04:00;GFS;1.60;1.90;150.0;9.2;0.10;100.0;GFS
parking_pre_rencontre;ICONGFS;2026-10-07T05:00;GFS;0.60;1.40;180.0;9.5;0.10;100.0;GFS
parking_pre_rencontre;ICONGFS;2026-10-07T06:00;GFS;0.40;0.80;207.0;8.9;0.00;97.0;GFS
parking_pre_rencontre;ICONGFS;2026-10-07T07:00;GFS;0.50;0.40;225.0;7.9;0.00;93.0;GFS
parking_pre_rencontre;ICONGFS;2026-10-07T08:00;GFS;0.40;0.20;207.0;7.6;0.00;90.0;GFS
parking_pre_rencontre;ICONGFS;2026-10-07T09:00;GFS;0.40;0.40;153.0;8.5;0.20;89.0;GFS
parking_pre_rencontre;ICONGFS;2026-10-07T10:00;GFS;1.00;0.80;127.0;10.1;0.20;88.0;GFS
parking_pre_rencontre;ICONGFS;2026-10-07T11:00;GFS;1.00;1.20;101.0;11.8;0.20;84.0;GFS
parking_pre_rencontre;ICONGFS;2026-10-07T12:00;GFS;1.00;1.70;22.0;13.7;0.00;73.0;GFS
parking_pre_rencontre;ICONGFS;2026-10-07T13:00;GFS;2.50;2.50;342.0;15.7;0.00;60.0;GFS
parking_pre_rencontre;ICONGFS;2026-10-07T14:00;GFS;3.80;3.10;336.0;17.1;0.00;49.0;GFS
parking_pre_rencontre;ICONGFS;2026-10-07T15:00;GFS;4.10;3.50;335.0;17.5;0.10;43.0;GFS
parking_pre_rencontre;ICONGFS;2026-10-07T16:00;GFS;3.80;3.70;336.0;17.4;0.10;40.0;GFS
parking_pre_rencontre;ICONGFS;2026-10-07T17:00;GFS;3.60;3.70;338.0;16.6;0.10;43.0;GFS
parking_pre_rencontre;ICONGFS;2026-10-07T18:00;GFS;3.30;3.30;339.0;14.7;0.00;57.0;GFS
parking_pre_rencontre;ICONGFS;2026-10-07T19:00;GFS;2.90;2.50;340.0;12.2;0.00;77.0;GFS
parking_pre_rencontre;ICONGFS;2026-10-07T20:00;GFS;2.50;1.90;342.0;10.5;0.00;92.0;GFS
parking_pre_rencontre;ICONGFS;2026-10-07T21:00;GFS;2.20;1.70;345.0;10.2;0.00;98.0;GFS
parking_pre_rencontre;ICONGFS;2026-10-07T22:00;GFS;2.00;1.60;354.0;10.7;0.00;99.0;GFS
parking_pre_rencontre;ICONGFS;2026-10-07T23:00;GFS;1.60;1.40;360.0;11.1;0.00;100.0;GFS
parking_pre_rencontre;ICONGFS;2026-10-08T00:00;GFS;1.00;1.00;11.0;11.0;0.20;100.0;GFS
parking_pre_rencontre;ICONGFS;2026-10-08T01:00;GFS;0.60;0.60;72.0;10.8;0.20;100.0;GFS
parking_pre_rencontre;ICONGFS;2026-10-08T02:00;GFS;0.60;0.40;108.0;10.6;0.20;100.0;GFS
parking_pre_rencontre;ICONGFS;2026-10-08T03:00;GFS;0.20;0.40;90.0;10.5;0.30;100.0;GFS
parking_pre_rencontre;ICONGFS;2026-10-08T04:00;GFS;0.40;0.60;333.0;10.5;0.30;100.0;GFS
parking_pre_rencontre;ICONGFS;2026-10-08T05:00;GFS;1.10;1.00;329.0;10.3;0.30;100.0;GFS
parking_pre_rencontre;ICONGFS;2026-10-08T06:00;GFS;1.40;1.40;344.0;9.7;0.00;99.0;GFS
parking_pre_rencontre;ICONGFS;2026-10-08T07:00;GFS;2.00;1.70;6.0;9.0;0.00;98.0;GFS
parking_pre_rencontre;ICONGFS;2026-10-08T08:00;GFS;2.40;2.30;9.0;8.8;0.00;97.0;GFS
parking_pre_rencontre;ICONGFS;2026-10-08T09:00;GFS;2.50;2.90;4.0;9.5;0.00;98.0;GFS
parking_pre_rencontre;ICONGFS;2026-10-08T10:00;GFS;2.70;3.70;352.0;10.8;0.00;99.0;GFS
parking_pre_rencontre;ICONGFS;2026-10-08T11:00;GFS;3.10;4.30;342.0;12.1;0.00;100.0;GFS
parking_pre_rencontre;ICONGFS;2026-10-08T12:00;GFS;3.80;4.90;336.0;13.3;0.00;100.0;GFS
parking_pre_rencontre;ICONGFS;2026-10-08T13:00;GFS;4.50;5.20;335.0;14.5;0.00;100.0;GFS
parking_pre_rencontre;ICONGFS;2026-10-08T14:00;GFS;5.00;5.60;332.0;15.3;0.00;100.0;GFS
parking_pre_rencontre;ICONGFS;2026-10-08T15:00;GFS;5.10;5.80;331.0;15.6;0.00;100.0;GFS
parking_pre_rencontre;ICONGFS;2026-10-08T16:00;GFS;5.00;6.00;329.0;15.6;0.00;100.0;GFS
parking_pre_rencontre;ICONGFS;2026-10-08T17:00;GFS;4.80;6.00;328.0;15.1;0.00;100.0;GFS
parking_pre_rencontre;ICONGFS;2026-10-08T18:00;GFS;4.50;5.80;329.0;13.6;0.00;100.0;GFS
parking_pre_rencontre;ICONGFS;2026-10-08T19:00;GFS;4.30;5.40;333.0;11.6;0.00;100.0;GFS
parking_pre_rencontre;ICONGFS;2026-10-08T20:00;GFS;4.10;5.10;335.0;10.2;0.00;100.0;GFS
parking_pre_rencontre;ICONGFS;2026-10-08T21:00;GFS;3.70;4.70;335.0;10.0;0.00;100.0;GFS
parking_pre_rencontre;ICONGFS;2026-10-08T22:00;GFS;3.20;4.30;335.0;10.4;0.00;100.0;GFS
parking_pre_rencontre;ICONGFS;2026-10-08T23:00;GFS;3.00;3.90;333.0;10.7;0.00;100.0;GFS
parking_pre_rencontre;ICONGFS;2026-10-09T00:00;GFS;3.00;3.90;333.0;10.6;0.00;100.0;GFS
parking_pre_rencontre;ICONGFS;2026-10-09T01:00;GFS;3.00;3.90;333.0;10.4;0.00;100.0;GFS
parking_pre_rencontre;ICONGFS;2026-10-09T02:00;GFS;3.20;4.10;335.0;10.2;0.00;100.0;GFS
parking_pre_rencontre;ICONGFS;2026-10-09T03:00;GFS;3.50;4.50;333.0;10.0;0.00;100.0;GFS
parking_pre_rencontre;ICONGFS;2026-10-09T04:00;GFS;3.50;4.90;333.0;9.8;0.00;100.0;GFS
parking_pre_rencontre;ICONGFS;2026-10-09T05:00;GFS;3.70;5.20;332.0;9.6;0.00;100.0;GFS
parking_pre_rencontre;ICONGFS;2026-10-09T06:00;GFS;3.90;5.60;333.0;9.3;0.00;100.0;GFS
parking_pre_rencontre;ICONGFS;2026-10-09T07:00;GFS;4.10;6.00;335.0;9.1;0.00;100.0;GFS
parking_pre_rencontre;ICONGFS;2026-10-09T08:00;GFS;4.30;6.40;333.0;9.0;0.00;100.0;GFS
parking_pre_rencontre;ICONGFS;2026-10-09T09:00;GFS;4.80;6.80;333.0;9.0;0.00;100.0;GFS
parking_pre_rencontre;ICONGFS;2026-10-09T10:00;GFS;5.30;7.40;332.0;9.2;0.00;100.0;GFS
parking_pre_rencontre;ICONGFS;2026-10-09T11:00;GFS;5.70;7.80;332.0;9.5;0.00;100.0;GFS
parking_pre_rencontre;ICONGFS;2026-10-09T12:00;GFS;6.00;8.00;335.0;9.8;0.00;100.0;GFS
parking_pre_rencontre;ICONGFS;2026-10-09T13:00;GFS;6.20;8.20;340.0;10.3;0.00;100.0;GFS
parking_pre_rencontre;ICONGFS;2026-10-09T14:00;GFS;6.30;8.40;342.0;10.6;0.00;100.0;GFS
parking_pre_rencontre;ICONGFS;2026-10-09T15:00;GFS;6.30;8.70;342.0;10.6;0.00;100.0;GFS
parking_pre_rencontre;ICONGFS;2026-10-09T16:00;GFS;6.40;9.10;340.0;10.5;0.00;100.0;GFS
parking_pre_rencontre;ICONGFS;2026-10-09T17:00;GFS;6.20;9.10;340.0;10.4;0.00;100.0;GFS
parking_pre_rencontre;ICONGFS;2026-10-09T18:00;GFS;5.80;8.70;339.0;10.3;0.00;100.0;GFS
parking_pre_rencontre;ICONGFS;2026-10-09T19:00;GFS;5.30;8.20;336.0;10.2;0.00;100.0;GFS
parking_pre_rencontre;ICONGFS;2026-10-09T20:00;GFS;5.00;7.60;334.0;10.0;0.00;100.0;GFS
parking_pre_rencontre;ICONGFS;2026-10-09T21:00;GFS;4.90;7.00;331.0;9.6;0.00;100.0;GFS
parking_pre_rencontre;ICONGFS;2026-10-09T22:00;GFS;4.70;6.60;330.0;9.2;0.00;100.0;GFS
parking_pre_rencontre;ICONGFS;2026-10-09T23:00;GFS;4.70;6.00;330.0;8.6;0.00;100.0;GFS
parking_pre_rencontre;ICONGFS;2026-10-10T00:00;GFS;4.50;5.10;335.0;7.7;0.00;91.0;GFS
parking_pre_rencontre;ICONGFS;2026-10-10T01:00;GFS;4.20;4.10;338.0;6.7;0.00;78.0;GFS
parking_pre_rencontre;ICONGFS;2026-10-10T02:00;GFS;4.10;3.70;343.0;6.0;0.00;70.0;GFS
parking_pre_rencontre;ICONGFS;2026-10-10T03:00;GFS;4.00;4.10;346.0;5.9;0.00;72.0;GFS
parking_pre_rencontre;ICONGFS;2026-10-10T04:00;GFS;4.00;5.10;346.0;6.1;0.00;78.0;GFS
parking_pre_rencontre;ICONGFS;2026-10-10T05:00;GFS;4.00;5.80;346.0;6.4;0.00;85.0;GFS
parking_pre_rencontre;ICONGFS;2026-10-10T06:00;GFS;4.20;5.80;347.0;6.3;0.00;91.0;GFS
parking_pre_rencontre;ICONGFS;2026-10-10T07:00;GFS;4.20;5.60;347.0;6.3;0.00;96.0;GFS
parking_pre_rencontre;ICONGFS;2026-10-10T08:00;GFS;4.40;5.40;347.0;6.6;0.00;100.0;GFS
parking_pre_rencontre;ICONGFS;2026-10-10T09:00;GFS;4.40;5.60;347.0;7.5;0.00;100.0;GFS
parking_pre_rencontre;ICONGFS;2026-10-10T10:00;GFS;4.60;6.00;348.0;8.8;0.00;100.0;GFS
parking_pre_rencontre;ICONGFS;2026-10-10T11:00;GFS;4.60;6.20;345.0;10.3;0.00;100.0;GFS
parking_pre_rencontre;ICONGFS;2026-10-10T12:00;GFS;4.70;5.80;343.0;11.9;0.00;75.0;GFS
parking_pre_rencontre;ICONGFS;2026-10-10T13:00;GFS;4.60;5.20;340.0;13.7;0.00;39.0;GFS
parking_pre_rencontre;ICONGFS;2026-10-10T14:00;GFS;4.60;4.70;338.0;15.0;0.00;13.0;GFS
parking_pre_rencontre;ICONGFS;2026-10-10T15:00;GFS;4.70;4.50;336.0;15.5;0.00;4.0;GFS
parking_pre_rencontre;ICONGFS;2026-10-10T16:00;GFS;4.70;4.30;336.0;15.5;0.00;4.0;GFS
parking_pre_rencontre;ICONGFS;2026-10-10T17:00;GFS;4.40;4.10;337.0;14.8;0.00;5.0;GFS
parking_pre_rencontre;ICONGFS;2026-10-10T18:00;GFS;3.90;3.50;340.0;12.9;0.00;4.0;GFS
parking_pre_rencontre;ICONGFS;2026-10-10T19:00;GFS;3.40;2.70;350.0;10.3;0.00;5.0;GFS
parking_pre_rencontre;ICONGFS;2026-10-10T20:00;GFS;2.90;1.90;356.0;8.3;0.00;9.0;GFS
parking_pre_rencontre;ICONGFS;2026-10-10T21:00;GFS;2.50;1.60;360.0;7.4;0.00;19.0;GFS
parking_pre_rencontre;ICONGFS;2026-10-10T22:00;GFS;2.30;1.20;360.0;7.0;0.00;33.0;GFS
parking_pre_rencontre;ICONGFS;2026-10-10T23:00;GFS;1.90;1.00;360.0;6.8;0.00;40.0;GFS
parking_pre_rencontre;ICONGFS;2026-10-11T00:00;GFS;1.60;1.00;7.0;6.5;0.00;37.0;GFS
parking_pre_rencontre;ICONGFS;2026-10-11T01:00;GFS;1.30;1.00;27.0;6.4;0.00;28.0;GFS
parking_pre_rencontre;ICONGFS;2026-10-11T02:00;GFS;1.10;1.20;45.0;6.3;0.00;19.0;GFS
parking_pre_rencontre;ICONGFS;2026-10-11T03:00;GFS;0.80;1.20;76.0;6.1;0.00;12.0;GFS
parking_pre_rencontre;ICONGFS;2026-10-11T04:00;GFS;0.50;1.20;135.0;6.0;0.00;6.0;GFS
parking_pre_rencontre;ICONGFS;2026-10-11T05:00;GFS;0.90;1.40;153.0;6.0;0.00;2.0;GFS
parking_pre_rencontre;ICONGFS;2026-10-11T06:00;GFS;1.30;1.70;153.0;5.6;0.00;0.0;GFS
parking_pre_rencontre;ICONGFS;2026-10-11T07:00;GFS;1.80;1.90;148.0;5.4;0.00;0.0;GFS
parking_pre_rencontre;ICONGFS;2026-10-11T08:00;GFS;1.90;2.10;143.0;6.1;0.00;0.0;GFS
parking_pre_rencontre;ICONGFS;2026-10-11T09:00;GFS;1.40;1.60;146.0;8.6;0.00;0.0;GFS
parking_pre_rencontre;ICONGFS;2026-10-11T10:00;GFS;0.40;1.00;153.0;12.1;0.00;0.0;GFS
parking_pre_rencontre;ICONGFS;2026-10-11T11:00;GFS;0.40;0.60;297.0;15.2;0.00;0.0;GFS
parking_pre_rencontre;ICONGFS;2026-10-11T12:00;GFS;1.10;1.20;301.0;17.4;0.00;0.0;GFS
parking_pre_rencontre;ICONGFS;2026-10-11T13:00;GFS;1.70;2.30;306.0;19.1;0.00;0.0;GFS
parking_pre_rencontre;ICONGFS;2026-10-11T14:00;GFS;2.20;3.10;308.0;20.3;0.00;0.0;GFS
parking_pre_rencontre;ICONGFS;2026-10-11T15:00;GFS;2.60;3.30;312.0;20.9;0.00;0.0;GFS
parking_pre_rencontre;ICONGFS;2026-10-11T16:00;GFS;3.20;3.30;317.0;20.9;0.00;0.0;GFS
parking_pre_rencontre;ICONGFS;2026-10-11T17:00;GFS;3.00;2.90;320.0;20.0;0.00;0.0;GFS
parking_pre_rencontre;ICONGFS;2026-10-11T18:00;GFS;2.30;2.10;329.0;17.4;0.00;0.0;GFS
parking_pre_rencontre;ICONGFS;2026-10-11T19:00;GFS;1.20;1.40;351.0;13.9;0.00;0.0;GFS
parking_pre_rencontre;ICONGFS;2026-10-11T20:00;GFS;0.80;1.00;76.0;11.3;0.00;0.0;GFS
parking_pre_rencontre;ICONGFS;2026-10-11T21:00;GFS;1.70;1.60;126.0;10.3;0.00;0.0;GFS
parking_pre_rencontre;ICONGFS;2026-10-11T22:00;GFS;2.80;2.70;146.0;10.2;0.00;0.0;GFS
parking_pre_rencontre;ICONGFS;2026-10-11T23:00;GFS;3.70;3.70;152.0;10.2;0.00;7.0;GFS
parking_pre_rencontre;ICONGFS;2026-10-12T00:00;GFS;3.90;4.10;153.0;10.0;0.00;25.0;GFS
parking_pre_rencontre;ICONGFS;2026-10-12T01:00;GFS;3.90;4.30;153.0;10.0;0.00;50.0;GFS
parking_pre_rencontre;ICONGFS;2026-10-12T02:00;GFS;3.70;4.50;152.0;9.9;0.00;69.0;GFS
parking_pre_rencontre;ICONGFS;2026-10-12T03:00;GFS;3.70;4.70;152.0;9.7;0.00;76.0;GFS
parking_pre_rencontre;ICONGFS;2026-10-12T04:00;GFS;3.80;4.70;150.0;9.4;0.00;78.0;GFS
parking_pre_rencontre;ICONGFS;2026-10-12T05:00;GFS;3.70;4.50;148.0;9.3;0.00;80.0;GFS
parking_pre_rencontre;ICONGFS;2026-10-12T06:00;GFS;3.50;3.90;146.0;9.0;0.00;87.0;GFS
parking_pre_rencontre;ICONGFS;2026-10-12T07:00;GFS;3.20;3.30;147.0;8.7;0.00;94.0;GFS
parking_pre_rencontre;ICONGFS;2026-10-12T08:00;GFS;2.70;2.70;150.0;9.2;0.00;100.0;GFS
parking_pre_rencontre;ICONGFS;2026-10-12T09:00;GFS;2.10;2.30;158.0;10.8;0.00;100.0;GFS
parking_pre_rencontre;ICONGFS;2026-10-12T10:00;GFS;1.60;2.10;180.0;13.0;0.00;100.0;GFS
parking_pre_rencontre;ICONGFS;2026-10-12T11:00;GFS;1.30;2.10;207.0;15.1;0.00;100.0;GFS
parking_pre_rencontre;ICONGFS;2026-10-12T12:00;GFS;1.20;2.50;231.0;16.7;0.00;100.0;GFS
parking_pre_rencontre;ICONGFS;2026-10-12T13:00;GFS;1.40;3.10;262.0;18.1;0.00;100.0;GFS
parking_pre_rencontre;ICONGFS;2026-10-12T14:00;GFS;1.60;3.50;284.0;19.1;0.00;100.0;GFS
parking_pre_rencontre;ICONGFS;2026-10-12T15:00;GFS;2.50;3.90;309.0;19.6;0.00;81.0;GFS
parking_pre_rencontre;ICONGFS;2026-10-12T16:00;GFS;3.60;4.10;324.0;19.5;0.00;54.0;GFS
parking_pre_rencontre;ICONGFS;2026-10-12T17:00;GFS;4.30;3.90;330.0;18.7;0.00;34.0;GFS
parking_pre_rencontre;ICONGFS;2026-10-12T18:00;GFS;3.90;3.30;340.0;16.3;0.20;27.0;GFS
parking_pre_rencontre;ICONGFS;2026-10-12T19:00;GFS;3.10;2.30;356.0;13.0;0.20;26.0;GFS
parking_pre_rencontre;ICONGFS;2026-10-12T20:00;GFS;2.60;1.60;13.0;10.5;0.20;28.0;GFS
parking_pre_rencontre;ICONGFS;2026-10-12T21:00;GFS;2.00;1.40;29.0;9.6;0.00;32.0;GFS
parking_pre_rencontre;ICONGFS;2026-10-12T22:00;GFS;1.40;1.60;56.0;9.5;0.00;38.0;GFS
parking_pre_rencontre;ICONGFS;2026-10-12T23:00;GFS;1.20;1.60;90.0;9.4;0.00;44.0;GFS
plage_de_sevrier;ICONGFS;2026-09-27T00:00;ICONCH1;5.00;7.00;201.0;17.5;0.00;0.0;ICONCH1
plage_de_sevrier;ICONGFS;2026-09-27T01:00;ICONCH1;3.50;6.40;199.0;18.2;0.00;0.0;ICONCH1
plage_de_sevrier;ICONGFS;2026-09-27T02:00;ICONCH1;2.70;3.70;180.0;17.0;0.00;0.0;ICONCH1
plage_de_sevrier;ICONGFS;2026-09-27T03:00;ICONCH1;0.30;3.70;315.0;17.9;0.00;0.0;ICONCH1
plage_de_sevrier;ICONGFS;2026-09-27T04:00;ICONCH1;0.30;0.60;315.0;17.0;0.00;0.0;ICONCH1
plage_de_sevrier;ICONGFS;2026-09-27T05:00;ICONCH1;1.20;1.70;171.0;16.3;0.00;0.0;ICONCH1
plage_de_sevrier;ICONGFS;2026-09-27T06:00;ICONCH1;1.20;3.10;189.0;16.1;0.00;0.0;ICONCH1
plage_de_sevrier;ICONGFS;2026-09-27T07:00;ICONCH1;0.70;1.70;304.0;16.7;0.00;0.0;ICONCH1
plage_de_sevrier;ICONGFS;2026-09-27T08:00;ICONCH1;2.30;3.30;355.0;15.5;0.00;0.0;ICONCH1
plage_de_sevrier;ICONGFS;2026-09-27T09:00;ICONCH1;1.80;3.10;354.0;15.6;0.00;0.0;ICONCH1
plage_de_sevrier;ICONGFS;2026-09-27T10:00;ICONCH1;3.50;4.70;3.0;16.2;0.00;0.0;ICONCH1
plage_de_sevrier;ICONGFS;2026-09-27T11:00;ICONCH1;1.20;4.90;342.0;18.3;0.00;0.0;ICONCH1
plage_de_sevrier;ICONGFS;2026-09-27T12:00;ICONCH1;1.10;1.70;45.0;19.7;0.00;0.0;ICONCH1
plage_de_sevrier;ICONGFS;2026-09-27T13:00;ICONCH1;1.10;2.10;31.0;21.4;0.00;0.0;ICONCH1
plage_de_sevrier;ICONGFS;2026-09-27T14:00;ICONCH1;5.00;6.60;21.0;23.6;0.00;0.0;ICONCH1
plage_de_sevrier;ICONGFS;2026-09-27T15:00;ICONCH1;2.60;6.60;17.0;24.3;0.00;100.0;ICONCH1
plage_de_sevrier;ICONGFS;2026-09-27T16:00;ICONCH1;3.50;4.70;19.0;25.1;0.00;0.0;ICONCH1
plage_de_sevrier;ICONGFS;2026-09-27T17:00;ICONCH1;3.90;5.10;360.0;25.6;0.00;0.0;ICONCH1
plage_de_sevrier;ICONGFS;2026-09-27T18:00;ICONCH1;3.90;5.20;342.0;25.7;0.00;0.0;ICONCH1
plage_de_sevrier;ICONGFS;2026-09-27T19:00;ICONCH1;1.40;5.20;278.0;24.8;0.00;0.0;ICONCH1
plage_de_sevrier;ICONGFS;2026-09-27T20:00;ICONCH1;2.50;3.70;180.0;22.7;0.00;1.0;ICONCH1
plage_de_sevrier;ICONGFS;2026-09-27T21:00;ICONCH1;2.20;4.10;170.0;21.4;0.00;0.0;ICONCH1
plage_de_sevrier;ICONGFS;2026-09-27T22:00;ICONCH1;1.60;2.90;166.0;21.6;0.00;0.0;ICONCH1
plage_de_sevrier;ICONGFS;2026-09-27T23:00;ICONCH1;2.90;3.90;184.0;19.9;0.00;0.0;ICONCH1
plage_de_sevrier;ICONGFS;2026-09-28T00:00;ICONCH1;2.40;4.10;194.0;20.0;0.00;0.0;ICONCH1
plage_de_sevrier;ICONGFS;2026-09-28T01:00;ICONCH1;2.90;4.10;184.0;19.6;0.00;62.0;ICONCH1
plage_de_sevrier;ICONGFS;2026-09-28T02:00;ICONCH1;0.70;4.30;124.0;19.7;0.00;31.0;ICONCH1
plage_de_sevrier;ICONGFS;2026-09-28T03:00;ICONCH1;2.50;3.70;360.0;18.3;0.00;93.0;ICONCH1
plage_de_sevrier;ICONGFS;2026-09-28T04:00;ICONCH1;2.80;4.70;348.0;18.3;0.00;85.0;ICONCH1
plage_de_sevrier;ICONGFS;2026-09-28T05:00;ICONCH1;0.80;3.70;225.0;18.3;0.00;99.0;ICONCH1
plage_de_sevrier;ICONGFS;2026-09-28T06:00;ICONCH1;1.00;1.40;180.0;18.8;0.00;90.0;ICONCH1
plage_de_sevrier;ICONGFS;2026-09-28T07:00;ICONCH1;1.40;2.70;196.0;18.5;0.00;62.0;ICONCH1
plage_de_sevrier;ICONGFS;2026-09-28T08:00;ICONCH1;1.80;2.50;174.0;18.3;0.00;99.0;ICONCH1
plage_de_sevrier;ICONGFS;2026-09-28T09:00;ICONCH1;1.80;2.50;342.0;18.3;0.00;70.0;ICONCH1
plage_de_sevrier;ICONGFS;2026-09-28T10:00;ICONCH1;4.10;5.40;360.0;18.0;0.00;18.0;ICONCH1
plage_de_sevrier;ICONGFS;2026-09-28T11:00;ICONCH1;3.50;5.40;3.0;19.7;0.00;100.0;ICONCH1
plage_de_sevrier;ICONGFS;2026-09-28T12:00;ICONCH1;2.40;4.70;14.0;21.2;0.00;30.0;ICONCH1
plage_de_sevrier;ICONGFS;2026-09-28T13:00;ICONCH1;6.30;8.00;16.0;23.0;0.00;68.0;ICONCH1
plage_de_sevrier;ICONGFS;2026-09-28T14:00;ICONCH1;6.50;9.50;9.0;24.6;0.00;77.0;ICONCH1
plage_de_sevrier;ICONGFS;2026-09-28T15:00;ICONCH1;5.20;8.40;338.0;25.4;0.00;100.0;ICONCH1
plage_de_sevrier;ICONGFS;2026-09-28T16:00;ICONCH1;4.20;6.80;326.0;25.9;0.00;68.0;ICONCH1
plage_de_sevrier;ICONGFS;2026-09-28T17:00;ICONCH1;2.80;5.40;326.0;26.0;0.00;93.0;ICONCH1
plage_de_sevrier;ICONGFS;2026-09-28T18:00;ICONCH2;2.90;6.00;318.0;25.9;0.00;100.0;ICONCH2
plage_de_sevrier;ICONGFS;2026-09-28T19:00;ICONCH2;3.60;5.40;16.0;24.5;0.00;100.0;ICONCH2
plage_de_sevrier;ICONGFS;2026-09-28T20:00;ICONCH2;5.60;8.40;44.0;22.4;0.00;87.0;ICONCH2
plage_de_sevrier;ICONGFS;2026-09-28T21:00;ICONCH2;4.80;8.40;40.0;21.4;0.00;100.0;ICONCH2
plage_de_sevrier;ICONGFS;2026-09-28T22:00;ICONCH2;4.40;8.00;41.0;21.4;0.00;100.0;ICONCH2
plage_de_sevrier;ICONGFS;2026-09-28T23:00;ICONCH2;3.00;6.60;67.0;19.9;0.00;100.0;ICONCH2
plage_de_sevrier;ICONGFS;2026-09-29T00:00;ICONCH2;2.70;4.90;69.0;19.8;0.00;100.0;ICONCH2
plage_de_sevrier;ICONGFS;2026-09-29T01:00;ICONCH2;2.50;3.90;72.0;19.3;0.00;100.0;ICONCH2
plage_de_sevrier;ICONGFS;2026-09-29T02:00;ICONCH2;2.50;3.70;67.0;19.3;0.00;100.0;ICONCH2
plage_de_sevrier;ICONGFS;2026-09-29T03:00;ICONCH2;2.20;3.70;52.0;19.6;0.00;100.0;ICONCH2
plage_de_sevrier;ICONGFS;2026-09-29T04:00;ICONCH2;1.90;2.90;37.0;18.9;0.00;100.0;ICONCH2
plage_de_sevrier;ICONGFS;2026-09-29T05:00;ICONCH2;1.60;2.70;7.0;18.9;0.00;100.0;ICONCH2
plage_de_sevrier;ICONGFS;2026-09-29T06:00;ICONCH2;2.70;3.70;352.0;18.5;0.00;98.0;ICONCH2
plage_de_sevrier;ICONGFS;2026-09-29T07:00;ICONCH2;2.50;3.70;356.0;18.0;0.00;68.0;ICONCH2
plage_de_sevrier;ICONGFS;2026-09-29T08:00;ICONCH2;1.40;3.50;360.0;17.8;0.00;100.0;ICONCH2
plage_de_sevrier;ICONGFS;2026-09-29T09:00;ICONCH2;0.40;1.90;27.0;18.2;0.00;100.0;ICONCH2
plage_de_sevrier;ICONGFS;2026-09-29T10:00;ICONCH2;0.40;1.40;243.0;18.3;0.00;81.0;ICONCH2
plage_de_sevrier;ICONGFS;2026-09-29T11:00;ICONCH2;1.60;3.10;284.0;19.2;0.00;100.0;ICONCH2
plage_de_sevrier;ICONGFS;2026-09-29T12:00;ICONCH2;2.10;4.10;304.0;21.4;0.00;100.0;ICONCH2
plage_de_sevrier;ICONGFS;2026-09-29T13:00;ICONCH2;2.60;4.70;333.0;23.6;0.00;100.0;ICONCH2
plage_de_sevrier;ICONGFS;2026-09-29T14:00;ICONCH2;4.20;7.00;332.0;24.9;0.00;100.0;ICONCH2
plage_de_sevrier;ICONGFS;2026-09-29T15:00;ICONCH2;3.90;7.00;323.0;26.1;0.00;82.0;ICONCH2
plage_de_sevrier;ICONGFS;2026-09-29T16:00;ICONCH2;3.70;6.60;309.0;26.7;0.00;88.0;ICONCH2
plage_de_sevrier;ICONGFS;2026-09-29T17:00;ICONCH2;3.80;6.20;300.0;26.7;0.00;94.0;ICONCH2
plage_de_sevrier;ICONGFS;2026-09-29T18:00;ICONCH2;3.30;6.20;298.0;26.3;0.00;100.0;ICONCH2
plage_de_sevrier;ICONGFS;2026-09-29T19:00;ICONCH2;2.80;5.10;12.0;24.8;0.00;100.0;ICONCH2
plage_de_sevrier;ICONGFS;2026-09-29T20:00;ICONCH2;4.60;7.60;57.0;22.6;0.00;100.0;ICONCH2
plage_de_sevrier;ICONGFS;2026-09-29T21:00;ICONCH2;3.30;7.00;54.0;21.8;0.00;100.0;ICONCH2
plage_de_sevrier;ICONGFS;2026-09-29T22:00;ICONCH2;3.00;4.90;67.0;20.7;0.00;100.0;ICONCH2
plage_de_sevrier;ICONGFS;2026-09-29T23:00;ICONCH2;2.90;4.50;70.0;20.7;0.00;100.0;ICONCH2
plage_de_sevrier;ICONGFS;2026-09-30T00:00;ICONCH2;2.20;4.50;80.0;20.0;0.00;92.0;ICONCH2
plage_de_sevrier;ICONGFS;2026-09-30T01:00;ICONCH2;2.00;3.90;73.0;19.4;0.00;94.0;ICONCH2
plage_de_sevrier;ICONGFS;2026-09-30T02:00;ICONCH2;1.00;2.90;79.0;19.1;0.00;83.0;ICONCH2
plage_de_sevrier;ICONGFS;2026-09-30T03:00;ICONCH2;1.40;2.10;82.0;19.1;0.00;81.0;ICONCH2
plage_de_sevrier;ICONGFS;2026-09-30T04:00;ICONCH2;1.00;1.90;112.0;18.8;0.00;77.0;ICONCH2
plage_de_sevrier;ICONGFS;2026-09-30T05:00;ICONCH2;0.60;1.70;90.0;18.2;0.00;85.0;ICONCH2
plage_de_sevrier;ICONGFS;2026-09-30T06:00;ICONCH2;1.10;1.60;135.0;17.5;0.00;87.0;ICONCH2
plage_de_sevrier;ICONGFS;2026-09-30T07:00;ICONCH2;0.70;1.70;304.0;18.2;0.00;92.0;ICONCH2
plage_de_sevrier;ICONGFS;2026-09-30T08:00;ICONCH2;0.80;1.20;45.0;18.2;0.00;88.0;ICONCH2
plage_de_sevrier;ICONGFS;2026-09-30T09:00;ICONCH2;0.70;1.40;56.0;18.6;0.00;69.0;ICONCH2
plage_de_sevrier;ICONGFS;2026-09-30T10:00;ICONCH2;0.20;1.40;90.0;19.3;0.00;55.0;ICONCH2
plage_de_sevrier;ICONGFS;2026-09-30T11:00;ICONCH2;1.00;2.10;323.0;20.3;0.00;47.0;ICONCH2
plage_de_sevrier;ICONGFS;2026-09-30T12:00;ICONCH2;2.20;4.10;297.0;22.3;0.00;35.0;ICONCH2
plage_de_sevrier;ICONGFS;2026-09-30T13:00;ICONCH2;2.10;4.30;304.0;24.3;0.00;13.0;ICONCH2
plage_de_sevrier;ICONGFS;2026-09-30T14:00;ICONCH2;2.50;4.50;321.0;26.0;0.00;12.0;ICONCH2
plage_de_sevrier;ICONGFS;2026-09-30T15:00;ICONCH2;3.60;6.20;306.0;27.0;0.00;18.0;ICONCH2
plage_de_sevrier;ICONGFS;2026-09-30T16:00;ICONCH2;5.00;8.00;286.0;27.3;0.00;15.0;ICONCH2
plage_de_sevrier;ICONGFS;2026-09-30T17:00;ICONCH2;5.50;9.50;280.0;27.1;0.00;41.0;ICONCH2
plage_de_sevrier;ICONGFS;2026-09-30T18:00;ICONCH2;5.50;8.90;276.0;26.5;0.00;70.0;ICONCH2
plage_de_sevrier;ICONGFS;2026-09-30T19:00;ICONCH2;4.00;8.60;349.0;24.8;0.00;86.0;ICONCH2
plage_de_sevrier;ICONGFS;2026-09-30T20:00;ICONCH2;5.00;8.70;42.0;22.3;0.00;100.0;ICONCH2
plage_de_sevrier;ICONGFS;2026-09-30T21:00;ICONCH2;4.20;7.80;62.0;20.7;0.00;100.0;ICONCH2
plage_de_sevrier;ICONGFS;2026-09-30T22:00;ICONCH2;3.60;6.20;61.0;19.9;0.00;100.0;ICONCH2
plage_de_sevrier;ICONGFS;2026-09-30T23:00;ICONCH2;3.40;5.60;66.0;19.4;0.00;96.0;ICONCH2
plage_de_sevrier;ICONGFS;2026-10-01T00:00;ICONCH2;2.90;5.80;62.0;19.2;0.00;100.0;ICONCH2
plage_de_sevrier;ICONGFS;2026-10-01T01:00;ICONCH2;2.60;4.50;73.0;19.0;0.00;100.0;ICONCH2
plage_de_sevrier;ICONGFS;2026-10-01T02:00;ICONCH2;2.40;4.10;76.0;19.2;0.00;100.0;ICONCH2
plage_de_sevrier;ICONGFS;2026-10-01T03:00;ICONCH2;2.50;3.50;72.0;19.1;0.00;95.0;ICONCH2
plage_de_sevrier;ICONGFS;2026-10-01T04:00;ICONCH2;2.20;3.70;75.0;19.2;0.00;100.0;ICONCH2
plage_de_sevrier;ICONGFS;2026-10-01T05:00;ICONCH2;1.20;3.30;99.0;19.1;0.00;99.0;ICONCH2
plage_de_sevrier;ICONGFS;2026-10-01T06:00;ICONCH2;0.80;1.70;104.0;19.1;0.00;100.0;ICONCH2
plage_de_sevrier;ICONGFS;2026-10-01T07:00;ICONCH2;1.20;1.60;90.0;19.1;0.00;100.0;ICONCH2
plage_de_sevrier;ICONGFS;2026-10-01T08:00;ICONCH2;0.90;1.70;63.0;19.1;0.00;100.0;ICONCH2
plage_de_sevrier;ICONGFS;2026-10-01T09:00;ICONCH2;0.70;1.40;56.0;19.5;0.00;100.0;ICONCH2
plage_de_sevrier;ICONGFS;2026-10-01T10:00;ICONCH2;0.40;1.60;297.0;20.3;0.00;100.0;ICONCH2
plage_de_sevrier;ICONGFS;2026-10-01T11:00;ICONCH2;2.10;3.50;311.0;20.7;0.00;100.0;ICONCH2
plage_de_sevrier;ICONGFS;2026-10-01T12:00;ICONCH2;3.20;5.20;317.0;21.5;0.00;100.0;ICONCH2
plage_de_sevrier;ICONGFS;2026-10-01T13:00;ICONCH2;4.20;6.80;332.0;21.9;0.00;100.0;ICONCH2
plage_de_sevrier;ICONGFS;2026-10-01T14:00;ICONCH2;3.90;7.40;340.0;22.1;0.00;100.0;ICONCH2
plage_de_sevrier;ICONGFS;2026-10-01T15:00;ICONCH2;4.30;6.80;330.0;22.2;0.00;100.0;ICONCH2
plage_de_sevrier;ICONGFS;2026-10-01T16:00;ICONCH2;5.10;8.20;356.0;21.8;0.10;100.0;ICONCH2
plage_de_sevrier;ICONGFS;2026-10-01T17:00;ICONCH2;3.10;8.20;22.0;21.2;0.20;100.0;ICONCH2
plage_de_sevrier;ICONGFS;2026-10-01T18:00;ICONCH2;2.00;5.10;73.0;20.6;0.30;100.0;ICONCH2
plage_de_sevrier;ICONGFS;2026-10-01T19:00;ICONCH2;1.40;3.30;106.0;20.0;0.10;100.0;ICONCH2
plage_de_sevrier;ICONGFS;2026-10-01T20:00;ICONCH2;1.80;2.50;108.0;19.4;0.10;100.0;ICONCH2
plage_de_sevrier;ICONGFS;2026-10-01T21:00;ICONCH2;3.00;4.50;75.0;19.0;0.00;100.0;ICONCH2
plage_de_sevrier;ICONGFS;2026-10-01T22:00;ICONCH2;2.20;4.90;38.0;19.2;0.00;100.0;ICONCH2
plage_de_sevrier;ICONGFS;2026-10-01T23:00;ICONCH2;2.00;4.10;61.0;18.8;0.00;100.0;ICONCH2
plage_de_sevrier;ICONGFS;2026-10-02T00:00;ICON13KM;1.80;3.70;302.0;15.3;0.10;98.0;ICON13KM
plage_de_sevrier;ICONGFS;2026-10-02T01:00;ICON13KM;1.90;3.90;307.0;15.2;0.10;97.0;ICON13KM
plage_de_sevrier;ICONGFS;2026-10-02T02:00;ICON13KM;1.90;3.90;315.0;15.1;0.10;95.0;ICON13KM
plage_de_sevrier;ICONGFS;2026-10-02T03:00;ICON13KM;1.80;4.10;319.0;15.0;0.00;95.0;ICON13KM
plage_de_sevrier;ICONGFS;2026-10-02T04:00;ICON13KM;1.80;4.10;319.0;14.8;0.00;96.0;ICON13KM
plage_de_sevrier;ICONGFS;2026-10-02T05:00;ICON13KM;1.70;4.10;324.0;14.7;0.00;96.0;ICON13KM
plage_de_sevrier;ICONGFS;2026-10-02T06:00;ICON13KM;1.60;3.70;330.0;14.6;0.00;96.0;ICON13KM
plage_de_sevrier;ICONGFS;2026-10-02T07:00;ICON13KM;1.40;3.10;344.0;14.6;0.00;95.0;ICON13KM
plage_de_sevrier;ICONGFS;2026-10-02T08:00;ICON13KM;1.40;2.70;352.0;14.5;0.00;95.0;ICON13KM
plage_de_sevrier;ICONGFS;2026-10-02T09:00;ICON13KM;2.90;6.80;323.0;14.2;0.00;92.0;ICON13KM
plage_de_sevrier;ICONGFS;2026-10-02T10:00;ICON13KM;3.20;7.40;335.0;14.7;0.00;83.0;ICON13KM
plage_de_sevrier;ICONGFS;2026-10-02T11:00;ICON13KM;3.50;8.20;341.0;15.3;0.00;75.0;ICON13KM
plage_de_sevrier;ICONGFS;2026-10-02T12:00;ICON13KM;4.00;9.10;337.0;16.2;0.00;79.0;ICON13KM
plage_de_sevrier;ICONGFS;2026-10-02T13:00;ICON13KM;4.50;10.30;335.0;17.3;0.00;82.0;ICON13KM
plage_de_sevrier;ICONGFS;2026-10-02T14:00;ICON13KM;4.90;11.10;331.0;18.1;0.00;86.0;ICON13KM
plage_de_sevrier;ICONGFS;2026-10-02T15:00;ICON13KM;4.90;11.30;331.0;18.6;0.00;80.0;ICON13KM
plage_de_sevrier;ICONGFS;2026-10-02T16:00;ICON13KM;4.50;10.90;329.0;18.8;0.00;74.0;ICON13KM
plage_de_sevrier;ICONGFS;2026-10-02T17:00;ICON13KM;4.10;10.10;329.0;18.8;0.00;68.0;ICON13KM
plage_de_sevrier;ICONGFS;2026-10-02T18:00;ICON13KM;3.30;8.60;324.0;18.2;0.00;58.0;ICON13KM
plage_de_sevrier;ICONGFS;2026-10-02T19:00;ICON13KM;2.50;6.40;321.0;17.2;0.00;49.0;ICON13KM
plage_de_sevrier;ICONGFS;2026-10-02T20:00;ICON13KM;1.50;4.70;320.0;16.4;0.00;39.0;ICON13KM
plage_de_sevrier;ICONGFS;2026-10-02T21:00;ICON13KM;0.80;3.50;346.0;15.7;0.00;37.0;ICON13KM
plage_de_sevrier;ICONGFS;2026-10-02T22:00;ICON13KM;1.10;2.70;59.0;15.2;0.00;36.0;ICON13KM
plage_de_sevrier;ICONGFS;2026-10-02T23:00;ICON13KM;1.80;2.30;77.0;14.7;0.00;34.0;ICON13KM
plage_de_sevrier;ICONGFS;2026-10-03T00:00;ICON13KM;2.30;2.90;85.0;14.1;0.00;23.0;ICON13KM
plage_de_sevrier;ICONGFS;2026-10-03T01:00;ICON13KM;2.50;4.10;86.0;13.6;0.00;11.0;ICON13KM
plage_de_sevrier;ICONGFS;2026-10-03T02:00;ICON13KM;2.70;4.90;86.0;13.2;0.00;0.0;ICON13KM
plage_de_sevrier;ICONGFS;2026-10-03T03:00;ICON13KM;2.70;4.70;86.0;12.9;0.00;0.0;ICON13KM
plage_de_sevrier;ICONGFS;2026-10-03T04:00;ICON13KM;2.60;3.90;81.0;12.8;0.00;0.0;ICON13KM
plage_de_sevrier;ICONGFS;2026-10-03T05:00;ICON13KM;2.40;3.50;81.0;12.6;0.00;0.0;ICON13KM
plage_de_sevrier;ICONGFS;2026-10-03T06:00;ICON13KM;2.70;3.90;86.0;11.8;0.00;0.0;ICON13KM
plage_de_sevrier;ICONGFS;2026-10-03T07:00;ICON13KM;3.10;4.90;97.0;10.9;0.00;0.0;ICON13KM
plage_de_sevrier;ICONGFS;2026-10-03T08:00;ICON13KM;2.90;5.40;98.0;11.0;0.00;0.0;ICON13KM
plage_de_sevrier;ICONGFS;2026-10-03T09:00;ICON13KM;1.80;5.40;84.0;12.7;0.00;0.0;ICON13KM
plage_de_sevrier;ICONGFS;2026-10-03T10:00;ICON13KM;1.00;5.20;360.0;15.4;0.00;0.0;ICON13KM
plage_de_sevrier;ICONGFS;2026-10-03T11:00;ICON13KM;2.10;5.20;319.0;17.7;0.00;0.0;ICON13KM
plage_de_sevrier;ICONGFS;2026-10-03T12:00;ICON13KM;2.60;6.00;306.0;19.2;0.00;1.0;ICON13KM
plage_de_sevrier;ICONGFS;2026-10-03T13:00;ICON13KM;2.90;7.20;298.0;20.3;0.00;3.0;ICON13KM
plage_de_sevrier;ICONGFS;2026-10-03T14:00;ICON13KM;3.10;8.00;292.0;21.1;0.00;4.0;ICON13KM
plage_de_sevrier;ICONGFS;2026-10-03T15:00;ICON13KM;3.30;8.20;287.0;21.5;0.00;15.0;ICON13KM
plage_de_sevrier;ICONGFS;2026-10-03T16:00;ICON13KM;3.40;8.00;283.0;21.5;0.00;27.0;ICON13KM
plage_de_sevrier;ICONGFS;2026-10-03T17:00;ICON13KM;3.00;7.20;281.0;21.1;0.00;38.0;ICON13KM
plage_de_sevrier;ICONGFS;2026-10-03T18:00;ICON13KM;1.70;5.60;291.0;20.2;0.00;40.0;ICON13KM
plage_de_sevrier;ICONGFS;2026-10-03T19:00;ICON13KM;0.70;3.50;34.0;18.9;0.00;42.0;ICON13KM
plage_de_sevrier;ICONGFS;2026-10-03T20:00;ICON13KM;1.80;2.30;77.0;17.7;0.00;44.0;ICON13KM
plage_de_sevrier;ICONGFS;2026-10-03T21:00;ICON13KM;2.30;2.90;90.0;16.6;0.00;63.0;ICON13KM
plage_de_sevrier;ICONGFS;2026-10-03T22:00;ICON13KM;2.80;4.30;102.0;15.5;0.00;81.0;ICON13KM
plage_de_sevrier;ICONGFS;2026-10-03T23:00;ICON13KM;2.90;5.40;110.0;14.7;0.00;100.0;ICON13KM
plage_de_sevrier;ICONGFS;2026-10-04T00:00;ICON13KM;3.00;5.60;117.0;14.2;0.00;92.0;ICON13KM
plage_de_sevrier;ICONGFS;2026-10-04T01:00;ICON13KM;3.00;5.60;122.0;14.0;0.00;83.0;ICON13KM
plage_de_sevrier;ICONGFS;2026-10-04T02:00;ICON13KM;2.90;5.60;127.0;13.7;0.00;75.0;ICON13KM
plage_de_sevrier;ICONGFS;2026-10-04T03:00;ICON13KM;3.00;5.60;122.0;13.3;0.00;80.0;ICON13KM
plage_de_sevrier;ICONGFS;2026-10-04T04:00;ICON13KM;3.00;5.60;117.0;12.8;0.00;84.0;ICON13KM
plage_de_sevrier;ICONGFS;2026-10-04T05:00;ICON13KM;3.10;5.80;112.0;12.5;0.00;89.0;ICON13KM
plage_de_sevrier;ICONGFS;2026-10-04T06:00;ICON13KM;3.50;6.40;109.0;12.0;0.00;60.0;ICON13KM
plage_de_sevrier;ICONGFS;2026-10-04T07:00;ICON13KM;3.80;7.00;111.0;11.7;0.00;31.0;ICON13KM
plage_de_sevrier;ICONGFS;2026-10-04T08:00;ICON13KM;3.80;7.40;111.0;12.1;0.00;2.0;ICON13KM
plage_de_sevrier;ICONGFS;2026-10-04T09:00;ICON13KM;3.00;7.00;117.0;13.9;0.00;5.0;ICON13KM
plage_de_sevrier;ICONGFS;2026-10-04T10:00;ICON13KM;1.90;6.40;135.0;16.4;0.00;7.0;ICON13KM
plage_de_sevrier;ICONGFS;2026-10-04T11:00;ICON13KM;1.00;6.00;169.0;18.6;0.00;10.0;ICON13KM
plage_de_sevrier;ICONGFS;2026-10-04T12:00;ICON13KM;0.80;6.20;256.0;20.0;0.00;7.0;ICON13KM
plage_de_sevrier;ICONGFS;2026-10-04T13:00;ICON13KM;1.90;6.60;294.0;21.0;0.00;3.0;ICON13KM
plage_de_sevrier;ICONGFS;2026-10-04T14:00;ICON13KM;2.80;6.80;304.0;21.6;0.00;0.0;ICON13KM
plage_de_sevrier;ICONGFS;2026-10-04T15:00;GFS;3.30;6.40;197.0;12.8;0.50;100.0;GFS
plage_de_sevrier;ICONGFS;2026-10-04T16:00;GFS;3.60;6.80;196.0;12.7;0.50;100.0;GFS
plage_de_sevrier;ICONGFS;2026-10-04T17:00;GFS;3.70;6.80;198.0;12.6;0.50;100.0;GFS
plage_de_sevrier;ICONGFS;2026-10-04T18:00;GFS;3.40;6.00;204.0;12.4;0.40;100.0;GFS
plage_de_sevrier;ICONGFS;2026-10-04T19:00;GFS;2.80;4.90;214.0;12.1;0.40;100.0;GFS
plage_de_sevrier;ICONGFS;2026-10-04T20:00;GFS;2.30;3.90;222.0;11.9;0.40;100.0;GFS
plage_de_sevrier;ICONGFS;2026-10-04T21:00;GFS;2.20;3.30;225.0;11.7;0.60;100.0;GFS
plage_de_sevrier;ICONGFS;2026-10-04T22:00;GFS;2.10;3.10;221.0;11.6;0.60;100.0;GFS
plage_de_sevrier;ICONGFS;2026-10-04T23:00;GFS;1.90;2.90;217.0;11.6;0.60;100.0;GFS
plage_de_sevrier;ICONGFS;2026-10-05T00:00;GFS;1.80;2.90;212.0;11.6;0.50;100.0;GFS
plage_de_sevrier;ICONGFS;2026-10-05T01:00;GFS;1.70;2.90;207.0;11.6;0.50;100.0;GFS
plage_de_sevrier;ICONGFS;2026-10-05T02:00;GFS;1.70;2.70;201.0;11.7;0.50;100.0;GFS
plage_de_sevrier;ICONGFS;2026-10-05T03:00;GFS;1.60;2.10;194.0;11.7;0.20;100.0;GFS
plage_de_sevrier;ICONGFS;2026-10-05T04:00;GFS;1.60;1.20;187.0;11.7;0.20;100.0;GFS
plage_de_sevrier;ICONGFS;2026-10-05T05:00;GFS;1.20;0.80;180.0;11.6;0.20;100.0;GFS
plage_de_sevrier;ICONGFS;2026-10-05T06:00;GFS;0.50;1.00;135.0;11.1;0.20;99.0;GFS
plage_de_sevrier;ICONGFS;2026-10-05T07:00;GFS;1.10;1.40;59.0;10.4;0.20;96.0;GFS
plage_de_sevrier;ICONGFS;2026-10-05T08:00;GFS;1.80;1.90;41.0;10.4;0.20;94.0;GFS
plage_de_sevrier;ICONGFS;2026-10-05T09:00;GFS;2.20;2.50;27.0;11.4;0.00;91.0;GFS
plage_de_sevrier;ICONGFS;2026-10-05T10:00;GFS;2.40;3.10;14.0;13.1;0.00;87.0;GFS
plage_de_sevrier;ICONGFS;2026-10-05T11:00;GFS;2.90;3.70;8.0;14.6;0.00;85.0;GFS
plage_de_sevrier;ICONGFS;2026-10-05T12:00;GFS;3.50;4.10;9.0;15.7;0.10;84.0;GFS
plage_de_sevrier;ICONGFS;2026-10-05T13:00;GFS;4.20;4.50;13.0;16.6;0.10;84.0;GFS
plage_de_sevrier;ICONGFS;2026-10-05T14:00;GFS;4.80;4.90;14.0;17.3;0.10;85.0;GFS
plage_de_sevrier;ICONGFS;2026-10-05T15:00;GFS;5.40;5.80;13.0;17.8;0.00;88.0;GFS
plage_de_sevrier;ICONGFS;2026-10-05T16:00;GFS;5.80;6.80;12.0;18.1;0.00;92.0;GFS
plage_de_sevrier;ICONGFS;2026-10-05T17:00;GFS;5.80;7.20;12.0;17.7;0.00;96.0;GFS
plage_de_sevrier;ICONGFS;2026-10-05T18:00;GFS;5.00;6.20;16.0;16.0;0.10;98.0;GFS
plage_de_sevrier;ICONGFS;2026-10-05T19:00;GFS;3.80;4.70;24.0;13.6;0.10;99.0;GFS
plage_de_sevrier;ICONGFS;2026-10-05T20:00;GFS;3.10;3.70;35.0;11.9;0.10;100.0;GFS
plage_de_sevrier;ICONGFS;2026-10-05T21:00;GFS;2.80;3.90;34.0;11.4;0.00;100.0;GFS
plage_de_sevrier;ICONGFS;2026-10-05T22:00;GFS;2.90;4.90;28.0;11.4;0.00;100.0;GFS
plage_de_sevrier;ICONGFS;2026-10-05T23:00;GFS;2.90;5.20;28.0;11.4;0.00;100.0;GFS
plage_de_sevrier;ICONGFS;2026-10-06T00:00;GFS;2.60;4.70;42.0;10.8;0.00;100.0;GFS
plage_de_sevrier;ICONGFS;2026-10-06T01:00;GFS;2.70;3.70;60.0;10.2;0.00;100.0;GFS
plage_de_sevrier;ICONGFS;2026-10-06T02:00;GFS;2.70;2.90;69.0;9.8;0.00;100.0;GFS
plage_de_sevrier;ICONGFS;2026-10-06T03:00;GFS;2.50;2.90;58.0;9.8;0.00;100.0;GFS
plage_de_sevrier;ICONGFS;2026-10-06T04:00;GFS;2.50;3.30;39.0;10.1;0.00;100.0;GFS
plage_de_sevrier;ICONGFS;2026-10-06T05:00;GFS;2.80;3.70;25.0;10.4;0.00;100.0;GFS
plage_de_sevrier;ICONGFS;2026-10-06T06:00;GFS;2.90;4.10;28.0;10.2;0.00;100.0;GFS
plage_de_sevrier;ICONGFS;2026-10-06T07:00;GFS;2.80;4.50;39.0;10.0;0.00;100.0;GFS
plage_de_sevrier;ICONGFS;2026-10-06T08:00;GFS;2.90;4.70;42.0;10.3;0.00;100.0;GFS
plage_de_sevrier;ICONGFS;2026-10-06T09:00;GFS;3.00;4.90;32.0;11.4;0.00;100.0;GFS
plage_de_sevrier;ICONGFS;2026-10-06T10:00;GFS;3.30;4.90;17.0;13.1;0.00;100.0;GFS
plage_de_sevrier;ICONGFS;2026-10-06T11:00;GFS;3.50;4.50;6.0;14.7;0.00;97.0;GFS
plage_de_sevrier;ICONGFS;2026-10-06T12:00;GFS;3.40;3.50;350.0;16.1;0.00;82.0;GFS
plage_de_sevrier;ICONGFS;2026-10-06T13:00;GFS;3.30;2.50;332.0;17.4;0.00;61.0;GFS
plage_de_sevrier;ICONGFS;2026-10-06T14:00;GFS;3.50;1.70;322.0;18.3;0.00;50.0;GFS
plage_de_sevrier;ICONGFS;2026-10-06T15:00;GFS;3.50;1.90;326.0;18.8;0.00;56.0;GFS
plage_de_sevrier;ICONGFS;2026-10-06T16:00;GFS;3.50;2.70;341.0;18.9;0.00;70.0;GFS
plage_de_sevrier;ICONGFS;2026-10-06T17:00;GFS;3.30;3.30;353.0;18.3;0.00;83.0;GFS
plage_de_sevrier;ICONGFS;2026-10-06T18:00;GFS;3.00;3.30;11.0;16.5;0.00;91.0;GFS
plage_de_sevrier;ICONGFS;2026-10-06T19:00;GFS;3.00;3.10;32.0;13.9;0.00;98.0;GFS
plage_de_sevrier;ICONGFS;2026-10-06T20:00;GFS;2.80;2.70;51.0;11.9;0.00;100.0;GFS
plage_de_sevrier;ICONGFS;2026-10-06T21:00;GFS;2.20;2.10;75.0;10.8;0.00;94.0;GFS
plage_de_sevrier;ICONGFS;2026-10-06T22:00;GFS;2.10;1.60;112.0;10.2;0.00;84.0;GFS
plage_de_sevrier;ICONGFS;2026-10-06T23:00;GFS;2.30;1.00;132.0;9.8;0.00;75.0;GFS
plage_de_sevrier;ICONGFS;2026-10-07T00:00;GFS;2.20;0.80;128.0;9.5;0.00;70.0;GFS
plage_de_sevrier;ICONGFS;2026-10-07T01:00;GFS;1.70;1.00;117.0;9.3;0.00;66.0;GFS
plage_de_sevrier;ICONGFS;2026-10-07T02:00;GFS;1.60;1.00;104.0;9.2;0.00;63.0;GFS
plage_de_sevrier;ICONGFS;2026-10-07T03:00;GFS;1.60;1.00;104.0;8.9;0.00;63.0;GFS
plage_de_sevrier;ICONGFS;2026-10-07T04:00;GFS;1.60;1.00;104.0;8.7;0.00;65.0;GFS
plage_de_sevrier;ICONGFS;2026-10-07T05:00;GFS;1.60;1.20;104.0;8.5;0.00;62.0;GFS
plage_de_sevrier;ICONGFS;2026-10-07T06:00;GFS;1.80;1.40;96.0;8.1;0.00;48.0;GFS
plage_de_sevrier;ICONGFS;2026-10-07T07:00;GFS;1.90;1.60;90.0;7.8;0.00;30.0;GFS
plage_de_sevrier;ICONGFS;2026-10-07T08:00;GFS;1.80;1.70;77.0;8.3;0.00;19.0;GFS
plage_de_sevrier;ICONGFS;2026-10-07T09:00;GFS;1.40;1.90;45.0;10.2;0.00;24.0;GFS
plage_de_sevrier;ICONGFS;2026-10-07T10:00;GFS;1.60;2.10;346.0;13.0;0.00;36.0;GFS
plage_de_sevrier;ICONGFS;2026-10-07T11:00;GFS;2.30;2.10;329.0;15.5;0.00;45.0;GFS
plage_de_sevrier;ICONGFS;2026-10-07T12:00;GFS;2.50;2.10;328.0;17.3;0.00;43.0;GFS
plage_de_sevrier;ICONGFS;2026-10-07T13:00;GFS;2.50;2.10;337.0;18.8;0.00;38.0;GFS
plage_de_sevrier;ICONGFS;2026-10-07T14:00;GFS;2.60;2.10;343.0;19.8;0.00;37.0;GFS
plage_de_sevrier;ICONGFS;2026-10-07T15:00;GFS;2.80;2.30;348.0;20.2;0.00;45.0;GFS
plage_de_sevrier;ICONGFS;2026-10-07T16:00;GFS;2.80;2.50;348.0;20.1;0.00;56.0;GFS
plage_de_sevrier;ICONGFS;2026-10-07T17:00;GFS;2.50;2.70;356.0;19.3;0.00;66.0;GFS
plage_de_sevrier;ICONGFS;2026-10-07T18:00;GFS;2.20;2.50;15.0;17.3;0.00;71.0;GFS
plage_de_sevrier;ICONGFS;2026-10-07T19:00;GFS;2.10;2.30;41.0;14.6;0.00;75.0;GFS
plage_de_sevrier;ICONGFS;2026-10-07T20:00;GFS;2.00;1.90;61.0;12.7;0.00;79.0;GFS
plage_de_sevrier;ICONGFS;2026-10-07T21:00;GFS;1.40;1.40;74.0;12.3;0.00;85.0;GFS
plage_de_sevrier;ICONGFS;2026-10-07T22:00;GFS;0.70;0.80;124.0;12.8;0.00;92.0;GFS
plage_de_sevrier;ICONGFS;2026-10-07T23:00;GFS;0.60;0.40;180.0;13.2;0.00;97.0;GFS
plage_de_sevrier;ICONGFS;2026-10-08T00:00;GFS;0.20;0.80;90.0;13.1;0.00;99.0;GFS
plage_de_sevrier;ICONGFS;2026-10-08T01:00;GFS;1.10;1.40;31.0;13.0;0.00;100.0;GFS
plage_de_sevrier;ICONGFS;2026-10-08T02:00;GFS;1.80;1.70;32.0;12.8;0.00;100.0;GFS
plage_de_sevrier;ICONGFS;2026-10-08T03:00;GFS;1.40;1.60;45.0;12.4;0.00;100.0;GFS
plage_de_sevrier;ICONGFS;2026-10-08T04:00;GFS;1.00;1.20;101.0;12.0;0.00;100.0;GFS
plage_de_sevrier;ICONGFS;2026-10-08T05:00;GFS;1.40;1.00;135.0;11.5;0.00;100.0;GFS
plage_de_sevrier;ICONGFS;2026-10-08T06:00;GFS;1.70;0.80;144.0;10.7;0.00;97.0;GFS
plage_de_sevrier;ICONGFS;2026-10-08T07:00;GFS;1.70;0.80;153.0;9.9;0.00;94.0;GFS
plage_de_sevrier;ICONGFS;2026-10-08T08:00;GFS;1.30;1.00;153.0;9.9;0.00;92.0;GFS
plage_de_sevrier;ICONGFS;2026-10-08T09:00;GFS;0.00;1.90;270.0;11.4;0.00;94.0;GFS
plage_de_sevrier;ICONGFS;2026-10-08T10:00;GFS;1.80;3.10;342.0;13.7;0.00;97.0;GFS
plage_de_sevrier;ICONGFS;2026-10-08T11:00;GFS;3.30;4.10;343.0;15.8;0.00;100.0;GFS
plage_de_sevrier;ICONGFS;2026-10-08T12:00;GFS;4.00;4.50;349.0;17.1;0.00;100.0;GFS
plage_de_sevrier;ICONGFS;2026-10-08T13:00;GFS;4.30;4.70;355.0;18.2;0.00;100.0;GFS
plage_de_sevrier;ICONGFS;2026-10-08T14:00;GFS;4.70;5.10;360.0;18.9;0.00;100.0;GFS
plage_de_sevrier;ICONGFS;2026-10-08T15:00;GFS;5.10;6.20;2.0;19.3;0.00;99.0;GFS
plage_de_sevrier;ICONGFS;2026-10-08T16:00;GFS;5.50;7.60;4.0;19.3;0.00;97.0;GFS
plage_de_sevrier;ICONGFS;2026-10-08T17:00;GFS;5.50;8.20;8.0;18.7;0.00;96.0;GFS
plage_de_sevrier;ICONGFS;2026-10-08T18:00;GFS;4.90;7.00;16.0;17.0;0.00;97.0;GFS
plage_de_sevrier;ICONGFS;2026-10-08T19:00;GFS;4.00;4.70;29.0;14.7;0.00;99.0;GFS
plage_de_sevrier;ICONGFS;2026-10-08T20:00;GFS;3.40;3.10;43.0;12.9;0.00;100.0;GFS
plage_de_sevrier;ICONGFS;2026-10-08T21:00;GFS;3.20;2.70;47.0;11.9;0.00;100.0;GFS
plage_de_sevrier;ICONGFS;2026-10-08T22:00;GFS;3.00;2.70;50.0;11.5;0.00;99.0;GFS
plage_de_sevrier;ICONGFS;2026-10-08T23:00;GFS;2.80;2.70;51.0;11.1;0.00;98.0;GFS
plage_de_sevrier;ICONGFS;2026-10-09T00:00;GFS;2.50;2.50;51.0;10.7;0.00;100.0;GFS
plage_de_sevrier;ICONGFS;2026-10-09T01:00;GFS;2.30;2.10;48.0;10.4;0.00;100.0;GFS
plage_de_sevrier;ICONGFS;2026-10-09T02:00;GFS;2.10;1.90;49.0;10.2;0.00;100.0;GFS
plage_de_sevrier;ICONGFS;2026-10-09T03:00;GFS;1.80;1.70;49.0;9.8;0.00;86.0;GFS
plage_de_sevrier;ICONGFS;2026-10-09T04:00;GFS;1.80;1.60;49.0;9.5;0.00;66.0;GFS
plage_de_sevrier;ICONGFS;2026-10-09T05:00;GFS;1.50;1.40;50.0;9.2;0.00;48.0;GFS
plage_de_sevrier;ICONGFS;2026-10-09T06:00;GFS;1.40;1.20;45.0;8.7;0.00;35.0;GFS
plage_de_sevrier;ICONGFS;2026-10-09T07:00;GFS;1.10;1.00;31.0;8.2;0.00;23.0;GFS
plage_de_sevrier;ICONGFS;2026-10-09T08:00;GFS;1.00;1.20;11.0;8.6;0.00;15.0;GFS
plage_de_sevrier;ICONGFS;2026-10-09T09:00;GFS;1.20;1.90;342.0;10.3;0.00;9.0;GFS
plage_de_sevrier;ICONGFS;2026-10-09T10:00;GFS;1.60;3.10;330.0;12.9;0.00;6.0;GFS
plage_de_sevrier;ICONGFS;2026-10-09T11:00;GFS;2.00;4.10;331.0;15.0;0.00;10.0;GFS
plage_de_sevrier;ICONGFS;2026-10-09T12:00;GFS;2.40;4.90;351.0;16.1;0.00;24.0;GFS
plage_de_sevrier;ICONGFS;2026-10-09T13:00;GFS;3.20;5.60;11.0;16.9;0.00;44.0;GFS
plage_de_sevrier;ICONGFS;2026-10-09T14:00;GFS;3.60;6.20;16.0;17.2;0.00;62.0;GFS
plage_de_sevrier;ICONGFS;2026-10-09T15:00;GFS;3.30;7.00;360.0;17.1;0.00;77.0;GFS
plage_de_sevrier;ICONGFS;2026-10-09T16:00;GFS;3.00;7.60;328.0;16.6;0.00;91.0;GFS
plage_de_sevrier;ICONGFS;2026-10-09T17:00;GFS;3.20;7.60;313.0;15.9;0.00;97.0;GFS
plage_de_sevrier;ICONGFS;2026-10-09T18:00;GFS;2.80;6.40;321.0;14.7;0.00;88.0;GFS
plage_de_sevrier;ICONGFS;2026-10-09T19:00;GFS;2.20;4.50;350.0;13.3;0.00;72.0;GFS
plage_de_sevrier;ICONGFS;2026-10-09T20:00;GFS;2.40;3.30;14.0;12.3;0.00;64.0;GFS
plage_de_sevrier;ICONGFS;2026-10-09T21:00;GFS;2.60;3.30;17.0;12.1;0.00;73.0;GFS
plage_de_sevrier;ICONGFS;2026-10-09T22:00;GFS;2.60;3.90;9.0;12.3;0.00;89.0;GFS
plage_de_sevrier;ICONGFS;2026-10-09T23:00;GFS;2.60;4.10;9.0;12.2;0.00;100.0;GFS
plage_de_sevrier;ICONGFS;2026-10-10T00:00;GFS;2.50;3.70;18.0;11.3;0.00;100.0;GFS
plage_de_sevrier;ICONGFS;2026-10-10T01:00;GFS;2.60;2.90;36.0;10.1;0.00;99.0;GFS
plage_de_sevrier;ICONGFS;2026-10-10T02:00;GFS;2.60;2.30;48.0;9.0;0.00;89.0;GFS
plage_de_sevrier;ICONGFS;2026-10-10T03:00;GFS;2.50;1.90;58.0;8.2;0.00;68.0;GFS
plage_de_sevrier;ICONGFS;2026-10-10T04:00;GFS;2.20;1.90;63.0;7.6;0.00;40.0;GFS
plage_de_sevrier;ICONGFS;2026-10-10T05:00;GFS;2.10;1.70;68.0;7.2;0.00;19.0;GFS
plage_de_sevrier;ICONGFS;2026-10-10T06:00;GFS;2.30;1.60;70.0;6.7;0.00;12.0;GFS
plage_de_sevrier;ICONGFS;2026-10-10T07:00;GFS;2.30;1.40;70.0;6.3;0.00;12.0;GFS
plage_de_sevrier;ICONGFS;2026-10-10T08:00;GFS;2.30;1.70;59.0;6.8;0.00;13.0;GFS
plage_de_sevrier;ICONGFS;2026-10-10T09:00;GFS;2.30;2.90;31.0;8.7;0.00;12.0;GFS
plage_de_sevrier;ICONGFS;2026-10-10T10:00;GFS;2.70;4.70;360.0;11.4;0.00;11.0;GFS
plage_de_sevrier;ICONGFS;2026-10-10T11:00;GFS;3.60;5.80;347.0;13.8;0.00;10.0;GFS
plage_de_sevrier;ICONGFS;2026-10-10T12:00;GFS;3.80;5.80;348.0;15.4;0.00;9.0;GFS
plage_de_sevrier;ICONGFS;2026-10-10T13:00;GFS;3.90;5.40;351.0;16.7;0.00;8.0;GFS
plage_de_sevrier;ICONGFS;2026-10-10T14:00;GFS;3.70;4.90;357.0;17.6;0.00;11.0;GFS
plage_de_sevrier;ICONGFS;2026-10-10T15:00;GFS;3.50;4.30;360.0;18.2;0.00;18.0;GFS
plage_de_sevrier;ICONGFS;2026-10-10T16:00;GFS;3.30;3.70;7.0;18.4;0.00;29.0;GFS
plage_de_sevrier;ICONGFS;2026-10-10T17:00;GFS;2.80;3.10;12.0;17.8;0.00;41.0;GFS
plage_de_sevrier;ICONGFS;2026-10-10T18:00;GFS;2.00;2.50;29.0;15.9;0.00;59.0;GFS
plage_de_sevrier;ICONGFS;2026-10-10T19:00;GFS;1.60;1.90;60.0;13.2;0.00;78.0;GFS
plage_de_sevrier;ICONGFS;2026-10-10T20:00;GFS;1.60;1.40;97.0;11.0;0.00;86.0;GFS
plage_de_sevrier;ICONGFS;2026-10-10T21:00;GFS;1.70;1.00;117.0;9.9;0.00;71.0;GFS
plage_de_sevrier;ICONGFS;2026-10-10T22:00;GFS;1.80;0.80;122.0;9.2;0.00;44.0;GFS
plage_de_sevrier;ICONGFS;2026-10-10T23:00;GFS;1.90;0.80;127.0;8.8;0.00;23.0;GFS
plage_de_sevrier;ICONGFS;2026-10-11T00:00;GFS;1.80;0.80;122.0;8.4;0.00;14.0;GFS
plage_de_sevrier;ICONGFS;2026-10-11T01:00;GFS;1.80;1.00;108.0;8.1;0.00;11.0;GFS
plage_de_sevrier;ICONGFS;2026-10-11T02:00;GFS;1.80;1.20;96.0;7.9;0.00;9.0;GFS
plage_de_sevrier;ICONGFS;2026-10-11T03:00;GFS;1.70;1.40;90.0;7.6;0.00;6.0;GFS
plage_de_sevrier;ICONGFS;2026-10-11T04:00;GFS;1.60;1.60;83.0;7.4;0.00;4.0;GFS
plage_de_sevrier;ICONGFS;2026-10-11T05:00;GFS;1.60;1.70;76.0;7.2;0.00;2.0;GFS
plage_de_sevrier;ICONGFS;2026-10-11T06:00;GFS;1.60;1.70;76.0;6.7;0.00;1.0;GFS
plage_de_sevrier;ICONGFS;2026-10-11T07:00;GFS;1.80;1.70;77.0;6.3;0.00;0.0;GFS
plage_de_sevrier;ICONGFS;2026-10-11T08:00;GFS;1.70;1.70;69.0;6.8;0.00;0.0;GFS
plage_de_sevrier;ICONGFS;2026-10-11T09:00;GFS;1.40;1.90;45.0;9.0;0.00;1.0;GFS
plage_de_sevrier;ICONGFS;2026-10-11T10:00;GFS;1.60;2.10;360.0;12.2;0.00;2.0;GFS
plage_de_sevrier;ICONGFS;2026-10-11T11:00;GFS;2.10;2.10;338.0;15.0;0.00;3.0;GFS
plage_de_sevrier;ICONGFS;2026-10-11T12:00;GFS;2.20;1.70;322.0;17.0;0.00;2.0;GFS
plage_de_sevrier;ICONGFS;2026-10-11T13:00;GFS;2.10;1.40;304.0;18.7;0.00;1.0;GFS
plage_de_sevrier;ICONGFS;2026-10-11T14:00;GFS;2.00;1.20;287.0;19.8;0.00;0.0;GFS
plage_de_sevrier;ICONGFS;2026-10-11T15:00;GFS;2.10;1.60;265.0;20.3;0.00;0.0;GFS
plage_de_sevrier;ICONGFS;2026-10-11T16:00;GFS;2.30;2.50;246.0;20.1;0.00;0.0;GFS
plage_de_sevrier;ICONGFS;2026-10-11T17:00;GFS;2.30;2.90;228.0;19.3;0.00;0.0;GFS
plage_de_sevrier;ICONGFS;2026-10-11T18:00;GFS;2.10;2.70;202.0;17.1;0.00;1.0;GFS
plage_de_sevrier;ICONGFS;2026-10-11T19:00;GFS;2.50;2.30;162.0;14.1;0.00;1.0;GFS
plage_de_sevrier;ICONGFS;2026-10-11T20:00;GFS;3.10;1.90;145.0;11.9;0.00;3.0;GFS
plage_de_sevrier;ICONGFS;2026-10-11T21:00;GFS;3.00;1.60;140.0;11.0;0.00;4.0;GFS
plage_de_sevrier;ICONGFS;2026-10-11T22:00;GFS;2.70;1.20;135.0;10.8;0.00;5.0;GFS
plage_de_sevrier;ICONGFS;2026-10-11T23:00;GFS;2.50;1.00;135.0;10.7;0.00;12.0;GFS
plage_de_sevrier;ICONGFS;2026-10-12T00:00;GFS;2.50;1.20;141.0;10.5;0.00;30.0;GFS
plage_de_sevrier;ICONGFS;2026-10-12T01:00;GFS;2.70;1.40;150.0;10.5;0.00;53.0;GFS
plage_de_sevrier;ICONGFS;2026-10-12T02:00;GFS;3.00;1.60;157.0;10.5;0.00;73.0;GFS
plage_de_sevrier;ICONGFS;2026-10-12T03:00;GFS;2.90;1.60;160.0;10.5;0.00;86.0;GFS
plage_de_sevrier;ICONGFS;2026-10-12T04:00;GFS;2.60;1.40;163.0;10.5;0.00;94.0;GFS
plage_de_sevrier;ICONGFS;2026-10-12T05:00;GFS;2.60;1.40;163.0;10.5;0.00;100.0;GFS
plage_de_sevrier;ICONGFS;2026-10-12T06:00;GFS;2.70;1.40;159.0;10.1;0.00;100.0;GFS
plage_de_sevrier;ICONGFS;2026-10-12T07:00;GFS;2.80;1.20;155.0;9.6;0.00;100.0;GFS
plage_de_sevrier;ICONGFS;2026-10-12T08:00;GFS;2.70;1.40;159.0;9.9;0.00;100.0;GFS
plage_de_sevrier;ICONGFS;2026-10-12T09:00;GFS;2.10;1.90;180.0;11.5;0.00;100.0;GFS
plage_de_sevrier;ICONGFS;2026-10-12T10:00;GFS;2.10;2.70;221.0;13.8;0.00;100.0;GFS
plage_de_sevrier;ICONGFS;2026-10-12T11:00;GFS;2.90;3.50;242.0;15.8;0.00;100.0;GFS
plage_de_sevrier;ICONGFS;2026-10-12T12:00;GFS;3.30;4.30;242.0;17.1;0.00;100.0;GFS
plage_de_sevrier;ICONGFS;2026-10-12T13:00;GFS;3.70;5.10;238.0;18.1;0.00;100.0;GFS
plage_de_sevrier;ICONGFS;2026-10-12T14:00;GFS;3.90;5.40;233.0;18.8;0.00;100.0;GFS
plage_de_sevrier;ICONGFS;2026-10-12T15:00;GFS;4.40;5.60;229.0;19.3;0.00;82.0;GFS
plage_de_sevrier;ICONGFS;2026-10-12T16:00;GFS;4.80;5.40;223.0;19.5;0.00;57.0;GFS
plage_de_sevrier;ICONGFS;2026-10-12T17:00;GFS;4.70;5.10;218.0;18.9;0.00;36.0;GFS
plage_de_sevrier;ICONGFS;2026-10-12T18:00;GFS;3.70;4.10;212.0;16.7;0.00;22.0;GFS
plage_de_sevrier;ICONGFS;2026-10-12T19:00;GFS;2.20;2.50;195.0;13.6;0.00;12.0;GFS
plage_de_sevrier;ICONGFS;2026-10-12T20:00;GFS;1.50;1.60;157.0;11.2;0.00;12.0;GFS
plage_de_sevrier;ICONGFS;2026-10-12T21:00;GFS;1.60;1.40;120.0;10.2;0.00;30.0;GFS
plage_de_sevrier;ICONGFS;2026-10-12T22:00;GFS;1.80;1.40;103.0;9.9;0.00;57.0;GFS
plage_de_sevrier;ICONGFS;2026-10-12T23:00;GFS;1.90;1.60;90.0;9.7;0.00;73.0;GFS
pont_darciat;ICONGFS;2026-09-27T00:00;ICONCH1;0.80;1.70;270.0;15.4;0.00;0.0;ICONCH1
pont_darciat;ICONGFS;2026-09-27T01:00;ICONCH1;1.20;2.30;219.0;15.0;0.00;0.0;ICONCH1
pont_darciat;ICONGFS;2026-09-27T02:00;ICONCH1;2.70;4.10;201.0;14.1;0.00;0.0;ICONCH1
pont_darciat;ICONGFS;2026-09-27T03:00;ICONCH1;2.90;4.50;176.0;13.6;0.00;0.0;ICONCH1
pont_darciat;ICONGFS;2026-09-27T04:00;ICONCH1;3.40;5.60;193.0;12.9;0.00;4.0;ICONCH1
pont_darciat;ICONGFS;2026-09-27T05:00;ICONCH1;2.70;4.10;201.0;12.4;0.00;0.0;ICONCH1
pont_darciat;ICONGFS;2026-09-27T06:00;ICONCH1;3.90;5.80;200.0;12.3;0.00;0.0;ICONCH1
pont_darciat;ICONGFS;2026-09-27T07:00;ICONCH1;4.20;6.20;193.0;12.3;0.00;0.0;ICONCH1
pont_darciat;ICONGFS;2026-09-27T08:00;ICONCH1;4.60;6.80;200.0;12.5;0.00;64.0;ICONCH1
pont_darciat;ICONGFS;2026-09-27T09:00;ICONCH1;5.50;8.60;203.0;14.5;0.00;99.0;ICONCH1
pont_darciat;ICONGFS;2026-09-27T10:00;ICONCH1;7.90;12.60;200.0;16.9;0.00;82.0;ICONCH1
pont_darciat;ICONGFS;2026-09-27T11:00;ICONCH1;8.70;14.40;204.0;19.8;0.00;100.0;ICONCH1
pont_darciat;ICONGFS;2026-09-27T12:00;ICONCH1;8.40;14.00;198.0;23.1;0.00;0.0;ICONCH1
pont_darciat;ICONGFS;2026-09-27T13:00;ICONCH1;10.20;16.90;188.0;26.4;0.00;0.0;ICONCH1
pont_darciat;ICONGFS;2026-09-27T14:00;ICONCH1;10.10;16.30;184.0;28.7;0.00;0.0;ICONCH1
pont_darciat;ICONGFS;2026-09-27T15:00;ICONCH1;10.00;16.30;173.0;30.2;0.00;0.0;ICONCH1
pont_darciat;ICONGFS;2026-09-27T16:00;ICONCH1;9.80;15.90;172.0;30.8;0.00;60.0;ICONCH1
pont_darciat;ICONGFS;2026-09-27T17:00;ICONCH1;10.30;16.90;165.0;30.6;0.00;25.0;ICONCH1
pont_darciat;ICONGFS;2026-09-27T18:00;ICONCH1;9.60;16.30;167.0;29.8;0.00;41.0;ICONCH1
pont_darciat;ICONGFS;2026-09-27T19:00;ICONCH1;6.80;14.80;173.0;28.0;0.00;100.0;ICONCH1
pont_darciat;ICONGFS;2026-09-27T20:00;ICONCH1;5.90;10.50;163.0;25.3;0.00;37.0;ICONCH1
pont_darciat;ICONGFS;2026-09-27T21:00;ICONCH1;5.50;8.90;170.0;22.9;0.00;36.0;ICONCH1
pont_darciat;ICONGFS;2026-09-27T22:00;ICONCH1;5.10;8.40;187.0;20.9;0.00;60.0;ICONCH1
pont_darciat;ICONGFS;2026-09-27T23:00;ICONCH1;4.30;7.80;183.0;19.9;0.00;46.0;ICONCH1
pont_darciat;ICONGFS;2026-09-28T00:00;ICONCH1;5.70;8.60;184.0;19.3;0.00;86.0;ICONCH1
pont_darciat;ICONGFS;2026-09-28T01:00;ICONCH1;4.70;8.60;187.0;18.3;0.00;87.0;ICONCH1
pont_darciat;ICONGFS;2026-09-28T02:00;ICONCH1;4.30;7.20;204.0;17.4;0.00;100.0;ICONCH1
pont_darciat;ICONGFS;2026-09-28T03:00;ICONCH1;4.60;6.80;202.0;16.9;0.00;84.0;ICONCH1
pont_darciat;ICONGFS;2026-09-28T04:00;ICONCH1;5.10;7.80;205.0;16.3;0.00;80.0;ICONCH1
pont_darciat;ICONGFS;2026-09-28T05:00;ICONCH1;4.60;7.80;202.0;16.2;0.00;90.0;ICONCH1
pont_darciat;ICONGFS;2026-09-28T06:00;ICONCH1;4.10;7.20;205.0;15.8;0.00;100.0;ICONCH1
pont_darciat;ICONGFS;2026-09-28T07:00;ICONCH1;4.20;6.40;196.0;15.5;0.00;100.0;ICONCH1
pont_darciat;ICONGFS;2026-09-28T08:00;ICONCH1;4.30;6.60;190.0;15.1;0.00;100.0;ICONCH1
pont_darciat;ICONGFS;2026-09-28T09:00;ICONCH1;5.10;7.80;178.0;16.3;0.00;100.0;ICONCH1
pont_darciat;ICONGFS;2026-09-28T10:00;ICONCH1;5.70;9.10;184.0;18.5;0.00;100.0;ICONCH1
pont_darciat;ICONGFS;2026-09-28T11:00;ICONCH1;7.30;11.70;188.0;20.7;0.00;100.0;ICONCH1
pont_darciat;ICONGFS;2026-09-28T12:00;ICONCH1;7.60;12.60;199.0;23.4;0.00;100.0;ICONCH1
pont_darciat;ICONGFS;2026-09-28T13:00;ICONCH1;8.90;14.40;190.0;25.7;0.00;100.0;ICONCH1
pont_darciat;ICONGFS;2026-09-28T14:00;ICONCH1;8.00;14.60;194.0;27.6;0.00;100.0;ICONCH1
pont_darciat;ICONGFS;2026-09-28T15:00;ICONCH1;9.40;15.90;186.0;28.9;0.00;100.0;ICONCH1
pont_darciat;ICONGFS;2026-09-28T16:00;ICONCH1;10.60;17.70;189.0;29.4;0.00;100.0;ICONCH1
pont_darciat;ICONGFS;2026-09-28T17:00;ICONCH1;11.30;19.00;169.0;28.9;0.00;100.0;ICONCH1
pont_darciat;ICONGFS;2026-09-28T18:00;ICONCH2;12.70;21.40;169.0;28.0;0.00;100.0;ICONCH2
pont_darciat;ICONGFS;2026-09-28T19:00;ICONCH2;11.60;20.00;163.0;26.3;0.00;100.0;ICONCH2
pont_darciat;ICONGFS;2026-09-28T20:00;ICONCH2;7.30;18.10;169.0;23.5;0.00;100.0;ICONCH2
pont_darciat;ICONGFS;2026-09-28T21:00;ICONCH2;4.40;11.30;195.0;21.4;0.00;49.0;ICONCH2
pont_darciat;ICONGFS;2026-09-28T22:00;ICONCH2;3.60;6.80;193.0;19.5;0.00;22.0;ICONCH2
pont_darciat;ICONGFS;2026-09-28T23:00;ICONCH2;4.80;7.60;194.0;18.3;0.00;84.0;ICONCH2
pont_darciat;ICONGFS;2026-09-29T00:00;ICONCH2;3.20;7.60;218.0;17.5;0.00;100.0;ICONCH2
pont_darciat;ICONGFS;2026-09-29T01:00;ICONCH2;2.30;4.90;200.0;16.9;0.00;100.0;ICONCH2
pont_darciat;ICONGFS;2026-09-29T02:00;ICONCH2;2.10;3.30;180.0;16.3;0.00;96.0;ICONCH2
pont_darciat;ICONGFS;2026-09-29T03:00;ICONCH2;2.40;3.50;189.0;15.6;0.00;100.0;ICONCH2
pont_darciat;ICONGFS;2026-09-29T04:00;ICONCH2;2.30;3.50;211.0;14.8;0.00;100.0;ICONCH2
pont_darciat;ICONGFS;2026-09-29T05:00;ICONCH2;3.10;4.50;198.0;14.2;0.00;99.0;ICONCH2
pont_darciat;ICONGFS;2026-09-29T06:00;ICONCH2;3.80;6.00;192.0;13.8;0.00;94.0;ICONCH2
pont_darciat;ICONGFS;2026-09-29T07:00;ICONCH2;4.50;6.80;187.0;13.8;0.00;100.0;ICONCH2
pont_darciat;ICONGFS;2026-09-29T08:00;ICONCH2;4.30;6.80;190.0;14.0;0.00;100.0;ICONCH2
pont_darciat;ICONGFS;2026-09-29T09:00;ICONCH2;4.70;7.20;197.0;15.9;0.00;100.0;ICONCH2
pont_darciat;ICONGFS;2026-09-29T10:00;ICONCH2;5.70;9.50;198.0;18.4;0.00;100.0;ICONCH2
pont_darciat;ICONGFS;2026-09-29T11:00;ICONCH2;7.70;12.60;192.0;21.7;0.00;100.0;ICONCH2
pont_darciat;ICONGFS;2026-09-29T12:00;ICONCH2;11.90;19.60;180.0;23.8;0.00;100.0;ICONCH2
pont_darciat;ICONGFS;2026-09-29T13:00;ICONCH2;16.40;26.80;175.0;27.2;0.00;100.0;ICONCH2
pont_darciat;ICONGFS;2026-09-29T14:00;ICONCH2;16.40;27.60;176.0;28.4;0.00;100.0;ICONCH2
pont_darciat;ICONGFS;2026-09-29T15:00;ICONCH2;17.50;28.60;180.0;29.2;0.00;100.0;ICONCH2
pont_darciat;ICONGFS;2026-09-29T16:00;ICONCH2;15.60;28.20;182.0;29.2;0.00;100.0;ICONCH2
pont_darciat;ICONGFS;2026-09-29T17:00;ICONCH2;15.60;25.70;181.0;29.1;0.00;100.0;ICONCH2
pont_darciat;ICONGFS;2026-09-29T18:00;ICONCH2;13.90;24.90;174.0;28.1;0.00;100.0;ICONCH2
pont_darciat;ICONGFS;2026-09-29T19:00;ICONCH2;10.90;21.80;176.0;26.7;0.00;100.0;ICONCH2
pont_darciat;ICONGFS;2026-09-29T20:00;ICONCH2;9.30;17.10;164.0;24.7;0.00;91.0;ICONCH2
pont_darciat;ICONGFS;2026-09-29T21:00;ICONCH2;9.30;15.00;163.0;24.0;0.00;100.0;ICONCH2
pont_darciat;ICONGFS;2026-09-29T22:00;ICONCH2;7.90;14.60;163.0;22.8;0.00;74.0;ICONCH2
pont_darciat;ICONGFS;2026-09-29T23:00;ICONCH2;7.60;12.20;183.0;21.9;0.00;77.0;ICONCH2
pont_darciat;ICONGFS;2026-09-30T00:00;ICONCH2;8.00;12.60;181.0;21.5;0.00;71.0;ICONCH2
pont_darciat;ICONGFS;2026-09-30T01:00;ICONCH2;5.70;12.40;202.0;20.3;0.00;84.0;ICONCH2
pont_darciat;ICONGFS;2026-09-30T02:00;ICONCH2;6.70;10.50;190.0;20.6;0.00;89.0;ICONCH2
pont_darciat;ICONGFS;2026-09-30T03:00;ICONCH2;6.30;10.70;196.0;19.9;0.00;91.0;ICONCH2
pont_darciat;ICONGFS;2026-09-30T04:00;ICONCH2;4.90;9.70;196.0;19.0;0.00;59.0;ICONCH2
pont_darciat;ICONGFS;2026-09-30T05:00;ICONCH2;4.00;7.60;194.0;17.7;0.00;34.0;ICONCH2
pont_darciat;ICONGFS;2026-09-30T06:00;ICONCH2;3.80;6.20;192.0;16.8;0.00;26.0;ICONCH2
pont_darciat;ICONGFS;2026-09-30T07:00;ICONCH2;4.50;7.00;185.0;16.4;0.00;69.0;ICONCH2
pont_darciat;ICONGFS;2026-09-30T08:00;ICONCH2;6.40;10.10;182.0;17.3;0.00;91.0;ICONCH2
pont_darciat;ICONGFS;2026-09-30T09:00;ICONCH2;7.50;11.90;189.0;18.9;0.00;54.0;ICONCH2
pont_darciat;ICONGFS;2026-09-30T10:00;ICONCH2;9.40;15.40;194.0;21.2;0.00;73.0;ICONCH2
pont_darciat;ICONGFS;2026-09-30T11:00;ICONCH2;12.50;20.00;184.0;23.3;0.00;81.0;ICONCH2
pont_darciat;ICONGFS;2026-09-30T12:00;ICONCH2;14.50;23.30;186.0;25.5;0.00;97.0;ICONCH2
pont_darciat;ICONGFS;2026-09-30T13:00;ICONCH2;13.90;23.30;175.0;27.7;0.00;87.0;ICONCH2
pont_darciat;ICONGFS;2026-09-30T14:00;ICONCH2;14.40;23.90;176.0;28.9;0.00;92.0;ICONCH2
pont_darciat;ICONGFS;2026-09-30T15:00;ICONCH2;14.90;24.30;168.0;28.9;0.00;95.0;ICONCH2
pont_darciat;ICONGFS;2026-09-30T16:00;ICONCH2;16.40;26.80;170.0;28.9;0.00;100.0;ICONCH2
pont_darciat;ICONGFS;2026-09-30T17:00;ICONCH2;15.60;26.20;178.0;28.4;0.00;99.0;ICONCH2
pont_darciat;ICONGFS;2026-09-30T18:00;ICONCH2;14.40;24.70;177.0;27.8;0.00;95.0;ICONCH2
pont_darciat;ICONGFS;2026-09-30T19:00;ICONCH2;11.70;22.90;178.0;26.5;0.00;100.0;ICONCH2
pont_darciat;ICONGFS;2026-09-30T20:00;ICONCH2;9.30;18.50;180.0;25.3;0.00;100.0;ICONCH2
pont_darciat;ICONGFS;2026-09-30T21:00;ICONCH2;5.10;14.60;191.0;23.9;0.00;100.0;ICONCH2
pont_darciat;ICONGFS;2026-09-30T22:00;ICONCH2;5.80;9.10;166.0;23.2;0.00;100.0;ICONCH2
pont_darciat;ICONGFS;2026-09-30T23:00;ICONCH2;6.80;10.70;162.0;22.3;0.00;100.0;ICONCH2
pont_darciat;ICONGFS;2026-10-01T00:00;ICONCH2;7.10;11.10;158.0;21.7;0.00;95.0;ICONCH2
pont_darciat;ICONGFS;2026-10-01T01:00;ICONCH2;7.60;12.10;167.0;21.2;0.00;92.0;ICONCH2
pont_darciat;ICONGFS;2026-10-01T02:00;ICONCH2;6.00;11.70;182.0;20.8;0.00;96.0;ICONCH2
pont_darciat;ICONGFS;2026-10-01T03:00;ICONCH2;4.90;9.50;196.0;20.2;0.00;100.0;ICONCH2
pont_darciat;ICONGFS;2026-10-01T04:00;ICONCH2;4.80;7.40;201.0;19.5;0.00;100.0;ICONCH2
pont_darciat;ICONGFS;2026-10-01T05:00;ICONCH2;4.30;7.40;207.0;19.0;0.00;99.0;ICONCH2
pont_darciat;ICONGFS;2026-10-01T06:00;ICONCH2;4.40;7.00;195.0;18.9;0.00;100.0;ICONCH2
pont_darciat;ICONGFS;2026-10-01T07:00;ICONCH2;5.10;7.80;198.0;18.8;0.00;100.0;ICONCH2
pont_darciat;ICONGFS;2026-10-01T08:00;ICONCH2;6.40;9.90;194.0;18.6;0.00;100.0;ICONCH2
pont_darciat;ICONGFS;2026-10-01T09:00;ICONCH2;6.70;10.50;202.0;19.5;0.00;100.0;ICONCH2
pont_darciat;ICONGFS;2026-10-01T10:00;ICONCH2;7.00;11.30;203.0;21.3;0.00;100.0;ICONCH2
pont_darciat;ICONGFS;2026-10-01T11:00;ICONCH2;8.70;14.20;189.0;21.8;0.20;100.0;ICONCH2
pont_darciat;ICONGFS;2026-10-01T12:00;ICONCH2;8.40;14.80;181.0;21.1;0.50;100.0;ICONCH2
pont_darciat;ICONGFS;2026-10-01T13:00;ICONCH2;6.60;14.60;185.0;20.4;0.80;100.0;ICONCH2
pont_darciat;ICONGFS;2026-10-01T14:00;ICONCH2;4.40;10.70;193.0;21.1;0.10;100.0;ICONCH2
pont_darciat;ICONGFS;2026-10-01T15:00;ICONCH2;2.80;7.00;168.0;21.2;0.10;100.0;ICONCH2
pont_darciat;ICONGFS;2026-10-01T16:00;ICONCH2;3.20;5.20;317.0;21.6;0.30;100.0;ICONCH2
pont_darciat;ICONGFS;2026-10-01T17:00;ICONCH2;2.60;5.60;126.0;20.2;3.50;100.0;ICONCH2
pont_darciat;ICONGFS;2026-10-01T18:00;ICONCH2;4.00;7.00;145.0;19.2;2.60;100.0;ICONCH2
pont_darciat;ICONGFS;2026-10-01T19:00;ICONCH2;3.10;6.60;176.0;18.9;0.20;100.0;ICONCH2
pont_darciat;ICONGFS;2026-10-01T20:00;ICONCH2;1.40;5.10;124.0;18.6;0.00;100.0;ICONCH2
pont_darciat;ICONGFS;2026-10-01T21:00;ICONCH2;0.80;2.90;14.0;18.4;0.00;100.0;ICONCH2
pont_darciat;ICONGFS;2026-10-01T22:00;ICONCH2;1.00;1.90;360.0;18.2;0.00;100.0;ICONCH2
pont_darciat;ICONGFS;2026-10-01T23:00;ICONCH2;0.40;2.10;243.0;18.3;0.00;100.0;ICONCH2
pont_darciat;ICONGFS;2026-10-02T00:00;ICON13KM;3.90;10.10;307.0;14.6;0.00;89.0;ICON13KM
pont_darciat;ICONGFS;2026-10-02T01:00;ICON13KM;3.70;10.10;313.0;14.3;0.00;89.0;ICON13KM
pont_darciat;ICONGFS;2026-10-02T02:00;ICON13KM;3.70;10.30;317.0;14.1;0.00;89.0;ICON13KM
pont_darciat;ICONGFS;2026-10-02T03:00;ICON13KM;3.90;10.70;319.0;14.1;0.00;88.0;ICON13KM
pont_darciat;ICONGFS;2026-10-02T04:00;ICON13KM;3.90;11.30;323.0;14.1;0.00;88.0;ICON13KM
pont_darciat;ICONGFS;2026-10-02T05:00;ICON13KM;4.00;11.90;325.0;14.2;0.00;87.0;ICON13KM
pont_darciat;ICONGFS;2026-10-02T06:00;ICON13KM;4.20;12.40;326.0;14.1;0.00;89.0;ICON13KM
pont_darciat;ICONGFS;2026-10-02T07:00;ICON13KM;4.40;12.80;331.0;14.1;0.00;90.0;ICON13KM
pont_darciat;ICONGFS;2026-10-02T08:00;ICON13KM;4.60;13.20;332.0;14.1;0.00;92.0;ICON13KM
pont_darciat;ICONGFS;2026-10-02T09:00;ICON13KM;3.80;11.50;325.0;12.2;0.00;36.0;ICON13KM
pont_darciat;ICONGFS;2026-10-02T10:00;ICON13KM;4.90;13.00;353.0;13.9;0.00;41.0;ICON13KM
pont_darciat;ICONGFS;2026-10-02T11:00;ICON13KM;6.40;14.60;5.0;15.4;0.00;46.0;ICON13KM
pont_darciat;ICONGFS;2026-10-02T12:00;ICON13KM;8.10;16.70;10.0;16.4;0.00;49.0;ICON13KM
pont_darciat;ICONGFS;2026-10-02T13:00;ICON13KM;9.80;19.00;13.0;17.1;0.00;51.0;ICON13KM
pont_darciat;ICONGFS;2026-10-02T14:00;ICON13KM;10.80;20.60;14.0;17.7;0.00;54.0;ICON13KM
pont_darciat;ICONGFS;2026-10-02T15:00;ICON13KM;11.40;21.20;13.0;18.2;0.00;44.0;ICON13KM
pont_darciat;ICONGFS;2026-10-02T16:00;ICON13KM;11.30;21.00;12.0;18.5;0.00;34.0;ICON13KM
pont_darciat;ICONGFS;2026-10-02T17:00;ICON13KM;10.90;20.40;10.0;18.5;0.00;24.0;ICON13KM
pont_darciat;ICONGFS;2026-10-02T18:00;ICON13KM;9.80;19.20;7.0;17.9;0.00;38.0;ICON13KM
pont_darciat;ICONGFS;2026-10-02T19:00;ICON13KM;8.20;17.70;360.0;16.9;0.00;52.0;ICON13KM
pont_darciat;ICONGFS;2026-10-02T20:00;ICON13KM;6.80;16.70;353.0;16.1;0.00;66.0;ICON13KM
pont_darciat;ICONGFS;2026-10-02T21:00;ICON13KM;6.10;17.10;349.0;15.6;0.00;47.0;ICON13KM
pont_darciat;ICONGFS;2026-10-02T22:00;ICON13KM;5.60;18.10;346.0;15.3;0.00;27.0;ICON13KM
pont_darciat;ICONGFS;2026-10-02T23:00;ICON13KM;5.10;17.90;342.0;14.8;0.00;8.0;ICON13KM
pont_darciat;ICONGFS;2026-10-03T00:00;ICON13KM;4.20;15.70;338.0;14.0;0.00;21.0;ICON13KM
pont_darciat;ICONGFS;2026-10-03T01:00;ICON13KM;3.30;12.60;332.0;13.0;0.00;34.0;ICON13KM
pont_darciat;ICONGFS;2026-10-03T02:00;ICON13KM;2.50;9.90;321.0;12.3;0.00;47.0;ICON13KM
pont_darciat;ICONGFS;2026-10-03T03:00;ICON13KM;1.70;8.20;306.0;12.1;0.00;56.0;ICON13KM
pont_darciat;ICONGFS;2026-10-03T04:00;ICON13KM;1.00;6.80;281.0;12.2;0.00;65.0;ICON13KM
pont_darciat;ICONGFS;2026-10-03T05:00;ICON13KM;1.00;6.20;233.0;12.2;0.00;74.0;ICON13KM
pont_darciat;ICONGFS;2026-10-03T06:00;ICON13KM;1.50;6.80;220.0;11.7;0.00;71.0;ICON13KM
pont_darciat;ICONGFS;2026-10-03T07:00;ICON13KM;1.90;8.40;217.0;11.0;0.00;68.0;ICON13KM
pont_darciat;ICONGFS;2026-10-03T08:00;ICON13KM;2.30;10.30;204.0;11.1;0.00;65.0;ICON13KM
pont_darciat;ICONGFS;2026-10-03T09:00;ICON13KM;2.90;12.40;180.0;12.4;0.00;75.0;ICON13KM
pont_darciat;ICONGFS;2026-10-03T10:00;ICON13KM;4.20;15.00;158.0;14.5;0.00;84.0;ICON13KM
pont_darciat;ICONGFS;2026-10-03T11:00;ICON13KM;5.70;17.30;153.0;16.4;0.00;94.0;ICON13KM
pont_darciat;ICONGFS;2026-10-03T12:00;ICON13KM;7.60;19.20;161.0;18.1;0.00;82.0;ICON13KM
pont_darciat;ICONGFS;2026-10-03T13:00;ICON13KM;9.80;20.80;166.0;19.8;0.00;69.0;ICON13KM
pont_darciat;ICONGFS;2026-10-03T14:00;ICON13KM;11.20;21.60;170.0;21.1;0.00;57.0;ICON13KM
pont_darciat;ICONGFS;2026-10-03T15:00;ICON13KM;11.10;21.20;170.0;22.1;0.00;71.0;ICON13KM
pont_darciat;ICONGFS;2026-10-03T16:00;ICON13KM;10.00;20.00;168.0;22.9;0.00;86.0;ICON13KM
pont_darciat;ICONGFS;2026-10-03T17:00;ICON13KM;8.60;18.90;167.0;23.0;0.00;100.0;ICON13KM
pont_darciat;ICONGFS;2026-10-03T18:00;ICON13KM;6.70;17.70;168.0;22.0;0.00;100.0;ICON13KM
pont_darciat;ICONGFS;2026-10-03T19:00;ICON13KM;4.70;16.50;173.0;20.3;0.00;100.0;ICON13KM
pont_darciat;ICONGFS;2026-10-03T20:00;ICON13KM;3.30;15.20;180.0;18.8;0.00;100.0;ICON13KM
pont_darciat;ICONGFS;2026-10-03T21:00;ICON13KM;2.90;13.60;188.0;17.7;0.00;96.0;ICON13KM
pont_darciat;ICONGFS;2026-10-03T22:00;ICON13KM;3.00;12.10;195.0;16.7;0.00;91.0;ICON13KM
pont_darciat;ICONGFS;2026-10-03T23:00;ICON13KM;3.30;11.30;201.0;15.9;0.00;87.0;ICON13KM
pont_darciat;ICONGFS;2026-10-04T00:00;ICON13KM;3.60;12.10;202.0;15.1;0.00;77.0;ICON13KM
pont_darciat;ICONGFS;2026-10-04T01:00;ICON13KM;3.80;13.60;204.0;14.5;0.00;68.0;ICON13KM
pont_darciat;ICONGFS;2026-10-04T02:00;ICON13KM;4.10;15.00;205.0;14.0;0.00;58.0;ICON13KM
pont_darciat;ICONGFS;2026-10-04T03:00;ICON13KM;4.20;15.40;208.0;13.8;0.00;42.0;ICON13KM
pont_darciat;ICONGFS;2026-10-04T04:00;ICON13KM;4.10;15.60;211.0;13.8;0.00;27.0;ICON13KM
pont_darciat;ICONGFS;2026-10-04T05:00;ICON13KM;4.10;15.60;211.0;13.7;0.00;11.0;ICON13KM
pont_darciat;ICONGFS;2026-10-04T06:00;ICON13KM;3.90;15.20;213.0;13.1;0.00;10.0;ICON13KM
pont_darciat;ICONGFS;2026-10-04T07:00;ICON13KM;3.70;14.60;212.0;12.5;0.00;8.0;ICON13KM
pont_darciat;ICONGFS;2026-10-04T08:00;ICON13KM;3.70;14.80;205.0;12.6;0.00;7.0;ICON13KM
pont_darciat;ICONGFS;2026-10-04T09:00;ICON13KM;4.50;15.90;187.0;14.1;0.00;38.0;ICON13KM
pont_darciat;ICONGFS;2026-10-04T10:00;ICON13KM;6.10;17.90;174.0;16.4;0.00;69.0;ICON13KM
pont_darciat;ICONGFS;2026-10-04T11:00;ICON13KM;7.70;19.60;170.0;18.4;0.00;100.0;ICON13KM
pont_darciat;ICONGFS;2026-10-04T12:00;ICON13KM;9.50;21.00;171.0;19.8;0.00;75.0;ICON13KM
pont_darciat;ICONGFS;2026-10-04T13:00;ICON13KM;11.20;22.40;172.0;20.8;0.00;50.0;ICON13KM
pont_darciat;ICONGFS;2026-10-04T14:00;ICON13KM;12.30;23.30;173.0;21.6;0.00;25.0;ICON13KM
pont_darciat;ICONGFS;2026-10-04T15:00;GFS;2.00;6.60;241.0;13.8;0.50;100.0;GFS
pont_darciat;ICONGFS;2026-10-04T16:00;GFS;1.70;6.40;243.0;13.9;0.50;100.0;GFS
pont_darciat;ICONGFS;2026-10-04T17:00;GFS;1.60;6.00;240.0;13.9;0.50;100.0;GFS
pont_darciat;ICONGFS;2026-10-04T18:00;GFS;1.60;5.40;210.0;13.7;0.10;100.0;GFS
pont_darciat;ICONGFS;2026-10-04T19:00;GFS;2.30;4.70;175.0;13.5;0.10;100.0;GFS
pont_darciat;ICONGFS;2026-10-04T20:00;GFS;3.20;4.10;169.0;13.2;0.10;97.0;GFS
pont_darciat;ICONGFS;2026-10-04T21:00;GFS;3.50;4.10;174.0;12.7;0.00;68.0;GFS
pont_darciat;ICONGFS;2026-10-04T22:00;GFS;3.70;4.50;183.0;12.0;0.00;29.0;GFS
pont_darciat;ICONGFS;2026-10-04T23:00;GFS;3.90;4.70;189.0;11.5;0.00;6.0;GFS
pont_darciat;ICONGFS;2026-10-05T00:00;GFS;4.00;4.50;191.0;11.1;0.00;12.0;GFS
pont_darciat;ICONGFS;2026-10-05T01:00;GFS;3.60;4.30;196.0;10.7;0.00;35.0;GFS
pont_darciat;ICONGFS;2026-10-05T02:00;GFS;3.50;3.90;199.0;10.5;0.00;56.0;GFS
pont_darciat;ICONGFS;2026-10-05T03:00;GFS;3.30;3.50;201.0;10.3;0.00;73.0;GFS
pont_darciat;ICONGFS;2026-10-05T04:00;GFS;3.10;3.10;198.0;10.2;0.00;89.0;GFS
pont_darciat;ICONGFS;2026-10-05T05:00;GFS;2.60;2.70;197.0;10.2;0.00;100.0;GFS
pont_darciat;ICONGFS;2026-10-05T06:00;GFS;2.30;2.10;204.0;9.9;0.00;100.0;GFS
pont_darciat;ICONGFS;2026-10-05T07:00;GFS;1.80;1.70;212.0;9.7;0.00;100.0;GFS
pont_darciat;ICONGFS;2026-10-05T08:00;GFS;1.40;1.40;225.0;10.1;0.00;100.0;GFS
pont_darciat;ICONGFS;2026-10-05T09:00;GFS;0.50;1.20;225.0;11.3;0.00;100.0;GFS
pont_darciat;ICONGFS;2026-10-05T10:00;GFS;0.40;1.20;90.0;13.1;0.00;100.0;GFS
pont_darciat;ICONGFS;2026-10-05T11:00;GFS;1.30;1.40;63.0;14.8;0.00;100.0;GFS
pont_darciat;ICONGFS;2026-10-05T12:00;GFS;2.10;1.90;56.0;16.3;0.00;97.0;GFS
pont_darciat;ICONGFS;2026-10-05T13:00;GFS;3.00;3.10;50.0;17.8;0.00;94.0;GFS
pont_darciat;ICONGFS;2026-10-05T14:00;GFS;3.80;4.10;45.0;18.9;0.00;92.0;GFS
pont_darciat;ICONGFS;2026-10-05T15:00;GFS;4.90;5.40;37.0;19.6;0.00;93.0;GFS
pont_darciat;ICONGFS;2026-10-05T16:00;GFS;5.90;6.80;32.0;19.9;0.00;97.0;GFS
pont_darciat;ICONGFS;2026-10-05T17:00;GFS;6.20;7.60;24.0;19.5;0.00;99.0;GFS
pont_darciat;ICONGFS;2026-10-05T18:00;GFS;5.30;6.60;10.0;17.9;0.00;100.0;GFS
pont_darciat;ICONGFS;2026-10-05T19:00;GFS;4.60;4.90;345.0;15.7;0.00;100.0;GFS
pont_darciat;ICONGFS;2026-10-05T20:00;GFS;4.70;4.70;325.0;14.0;0.00;100.0;GFS
pont_darciat;ICONGFS;2026-10-05T21:00;GFS;5.00;7.20;324.0;13.4;0.00;100.0;GFS
pont_darciat;ICONGFS;2026-10-05T22:00;GFS;5.60;11.10;331.0;13.3;0.00;100.0;GFS
pont_darciat;ICONGFS;2026-10-05T23:00;GFS;5.70;14.40;336.0;13.2;0.00;100.0;GFS
pont_darciat;ICONGFS;2026-10-06T00:00;GFS;5.90;15.90;337.0;12.9;0.00;100.0;GFS
pont_darciat;ICONGFS;2026-10-06T01:00;GFS;5.80;16.90;339.0;12.6;0.00;100.0;GFS
pont_darciat;ICONGFS;2026-10-06T02:00;GFS;5.80;17.50;339.0;12.3;0.00;100.0;GFS
pont_darciat;ICONGFS;2026-10-06T03:00;GFS;5.60;18.10;340.0;12.0;0.00;100.0;GFS
pont_darciat;ICONGFS;2026-10-06T04:00;GFS;5.60;18.50;340.0;11.8;0.00;100.0;GFS
pont_darciat;ICONGFS;2026-10-06T05:00;GFS;5.30;18.70;341.0;11.7;0.00;100.0;GFS
pont_darciat;ICONGFS;2026-10-06T06:00;GFS;5.30;18.50;343.0;11.6;0.00;100.0;GFS
pont_darciat;ICONGFS;2026-10-06T07:00;GFS;5.20;18.10;345.0;11.6;0.00;100.0;GFS
pont_darciat;ICONGFS;2026-10-06T08:00;GFS;5.40;17.30;347.0;11.9;0.00;100.0;GFS
pont_darciat;ICONGFS;2026-10-06T09:00;GFS;5.90;15.90;351.0;12.7;0.00;100.0;GFS
pont_darciat;ICONGFS;2026-10-06T10:00;GFS;6.80;14.00;353.0;13.8;0.00;100.0;GFS
pont_darciat;ICONGFS;2026-10-06T11:00;GFS;7.20;12.10;357.0;15.0;0.00;100.0;GFS
pont_darciat;ICONGFS;2026-10-06T12:00;GFS;6.80;9.90;360.0;16.3;0.00;90.0;GFS
pont_darciat;ICONGFS;2026-10-06T13:00;GFS;6.10;7.60;6.0;17.8;0.00;77.0;GFS
pont_darciat;ICONGFS;2026-10-06T14:00;GFS;5.50;6.20;8.0;18.9;0.00;68.0;GFS
pont_darciat;ICONGFS;2026-10-06T15:00;GFS;5.70;6.20;6.0;19.5;0.00;70.0;GFS
pont_darciat;ICONGFS;2026-10-06T16:00;GFS;6.20;7.20;2.0;19.8;0.00;77.0;GFS
pont_darciat;ICONGFS;2026-10-06T17:00;GFS;6.20;7.40;356.0;19.4;0.00;80.0;GFS
pont_darciat;ICONGFS;2026-10-06T18:00;GFS;5.30;6.40;343.0;17.9;0.00;74.0;GFS
pont_darciat;ICONGFS;2026-10-06T19:00;GFS;4.60;4.90;320.0;15.8;0.00;64.0;GFS
pont_darciat;ICONGFS;2026-10-06T20:00;GFS;4.40;3.70;302.0;14.1;0.00;53.0;GFS
pont_darciat;ICONGFS;2026-10-06T21:00;GFS;4.00;3.10;299.0;13.3;0.00;42.0;GFS
pont_darciat;ICONGFS;2026-10-06T22:00;GFS;3.20;2.90;303.0;13.0;0.00;30.0;GFS
pont_darciat;ICONGFS;2026-10-06T23:00;GFS;2.80;2.70;309.0;12.7;0.00;21.0;GFS
pont_darciat;ICONGFS;2026-10-07T00:00;GFS;2.30;2.30;312.0;12.3;0.00;17.0;GFS
pont_darciat;ICONGFS;2026-10-07T01:00;GFS;2.10;2.10;319.0;11.9;0.00;17.0;GFS
pont_darciat;ICONGFS;2026-10-07T02:00;GFS;1.90;1.90;323.0;11.5;0.00;17.0;GFS
pont_darciat;ICONGFS;2026-10-07T03:00;GFS;1.80;1.90;328.0;11.1;0.00;18.0;GFS
pont_darciat;ICONGFS;2026-10-07T04:00;GFS;1.90;2.10;336.0;10.8;0.00;20.0;GFS
pont_darciat;ICONGFS;2026-10-07T05:00;GFS;1.90;2.10;336.0;10.5;0.00;22.0;GFS
pont_darciat;ICONGFS;2026-10-07T06:00;GFS;1.90;1.90;336.0;10.0;0.00;25.0;GFS
pont_darciat;ICONGFS;2026-10-07T07:00;GFS;1.90;1.70;336.0;9.5;0.00;28.0;GFS
pont_darciat;ICONGFS;2026-10-07T08:00;GFS;2.00;1.90;343.0;9.8;0.00;28.0;GFS
pont_darciat;ICONGFS;2026-10-07T09:00;GFS;2.30;2.70;355.0;11.5;0.00;24.0;GFS
pont_darciat;ICONGFS;2026-10-07T10:00;GFS;2.90;3.70;4.0;13.9;0.00;18.0;GFS
pont_darciat;ICONGFS;2026-10-07T11:00;GFS;3.70;4.70;9.0;16.1;0.00;13.0;GFS
pont_darciat;ICONGFS;2026-10-07T12:00;GFS;4.60;5.20;12.0;17.5;0.00;12.0;GFS
pont_darciat;ICONGFS;2026-10-07T13:00;GFS;5.60;5.80;12.0;18.5;0.00;12.0;GFS
pont_darciat;ICONGFS;2026-10-07T14:00;GFS;6.20;6.20;13.0;19.3;0.00;15.0;GFS
pont_darciat;ICONGFS;2026-10-07T15:00;GFS;6.40;6.40;14.0;19.8;0.00;21.0;GFS
pont_darciat;ICONGFS;2026-10-07T16:00;GFS;6.50;6.40;16.0;20.1;0.00;29.0;GFS
pont_darciat;ICONGFS;2026-10-07T17:00;GFS;6.00;6.20;13.0;19.7;0.00;38.0;GFS
pont_darciat;ICONGFS;2026-10-07T18:00;GFS;4.90;5.40;2.0;18.1;0.00;47.0;GFS
pont_darciat;ICONGFS;2026-10-07T19:00;GFS;3.90;4.10;342.0;15.9;0.00;57.0;GFS
pont_darciat;ICONGFS;2026-10-07T20:00;GFS;3.70;3.30;321.0;14.3;0.00;63.0;GFS
pont_darciat;ICONGFS;2026-10-07T21:00;GFS;3.70;3.10;317.0;13.8;0.00;62.0;GFS
pont_darciat;ICONGFS;2026-10-07T22:00;GFS;3.70;3.10;321.0;13.8;0.00;57.0;GFS
pont_darciat;ICONGFS;2026-10-07T23:00;GFS;3.60;3.30;324.0;13.7;0.00;55.0;GFS
pont_darciat;ICONGFS;2026-10-08T00:00;GFS;3.70;3.10;321.0;13.0;0.00;58.0;GFS
pont_darciat;ICONGFS;2026-10-08T01:00;GFS;3.80;2.90;315.0;12.3;0.00;65.0;GFS
pont_darciat;ICONGFS;2026-10-08T02:00;GFS;4.00;3.30;313.0;11.8;0.00;72.0;GFS
pont_darciat;ICONGFS;2026-10-08T03:00;GFS;3.90;4.70;319.0;11.8;0.00;82.0;GFS
pont_darciat;ICONGFS;2026-10-08T04:00;GFS;3.80;6.60;325.0;12.1;0.00;92.0;GFS
pont_darciat;ICONGFS;2026-10-08T05:00;GFS;3.60;7.60;331.0;12.4;0.00;100.0;GFS
pont_darciat;ICONGFS;2026-10-08T06:00;GFS;3.50;6.80;326.0;12.4;0.00;100.0;GFS
pont_darciat;ICONGFS;2026-10-08T07:00;GFS;3.40;5.20;317.0;12.3;0.00;99.0;GFS
pont_darciat;ICONGFS;2026-10-08T08:00;GFS;3.60;4.70;315.0;12.3;0.00;98.0;GFS
pont_darciat;ICONGFS;2026-10-08T09:00;GFS;3.50;5.80;322.0;12.2;0.10;98.0;GFS
pont_darciat;ICONGFS;2026-10-08T10:00;GFS;3.70;8.00;335.0;12.2;0.10;99.0;GFS
pont_darciat;ICONGFS;2026-10-08T11:00;GFS;4.10;9.70;343.0;12.8;0.10;100.0;GFS
pont_darciat;ICONGFS;2026-10-08T12:00;GFS;5.00;10.30;349.0;14.4;0.00;100.0;GFS
pont_darciat;ICONGFS;2026-10-08T13:00;GFS;5.90;10.30;351.0;16.6;0.00;100.0;GFS
pont_darciat;ICONGFS;2026-10-08T14:00;GFS;6.80;10.50;353.0;18.3;0.00;100.0;GFS
pont_darciat;ICONGFS;2026-10-08T15:00;GFS;7.60;11.10;360.0;19.3;0.00;93.0;GFS
pont_darciat;ICONGFS;2026-10-08T16:00;GFS;8.20;11.90;5.0;19.8;0.00;83.0;GFS
pont_darciat;ICONGFS;2026-10-08T17:00;GFS;8.20;11.90;7.0;19.6;0.00;78.0;GFS
pont_darciat;ICONGFS;2026-10-08T18:00;GFS;6.80;10.30;357.0;18.2;0.00;84.0;GFS
pont_darciat;ICONGFS;2026-10-08T19:00;GFS;5.60;8.00;335.0;16.0;0.00;95.0;GFS
pont_darciat;ICONGFS;2026-10-08T20:00;GFS;5.10;6.00;313.0;14.3;0.00;100.0;GFS
pont_darciat;ICONGFS;2026-10-08T21:00;GFS;5.00;4.90;309.0;13.4;0.00;93.0;GFS
pont_darciat;ICONGFS;2026-10-08T22:00;GFS;4.70;4.10;312.0;12.9;0.00;80.0;GFS
pont_darciat;ICONGFS;2026-10-08T23:00;GFS;4.40;3.70;315.0;12.5;0.00;72.0;GFS
pont_darciat;ICONGFS;2026-10-09T00:00;GFS;4.40;3.70;315.0;12.2;0.00;73.0;GFS
pont_darciat;ICONGFS;2026-10-09T01:00;GFS;4.40;4.10;315.0;12.0;0.00;77.0;GFS
pont_darciat;ICONGFS;2026-10-09T02:00;GFS;4.40;4.30;315.0;11.8;0.00;83.0;GFS
pont_darciat;ICONGFS;2026-10-09T03:00;GFS;4.00;3.90;313.0;11.4;0.00;91.0;GFS
pont_darciat;ICONGFS;2026-10-09T04:00;GFS;3.30;3.10;315.0;11.0;0.00;100.0;GFS
pont_darciat;ICONGFS;2026-10-09T05:00;GFS;2.90;2.70;312.0;10.6;0.00;100.0;GFS
pont_darciat;ICONGFS;2026-10-09T06:00;GFS;2.90;2.50;312.0;9.9;0.00;83.0;GFS
pont_darciat;ICONGFS;2026-10-09T07:00;GFS;2.90;2.70;312.0;9.2;0.00;58.0;GFS
pont_darciat;ICONGFS;2026-10-09T08:00;GFS;3.30;3.50;320.0;9.3;0.00;36.0;GFS
pont_darciat;ICONGFS;2026-10-09T09:00;GFS;4.00;5.20;331.0;10.7;0.00;22.0;GFS
pont_darciat;ICONGFS;2026-10-09T10:00;GFS;5.30;7.60;341.0;13.0;0.00;11.0;GFS
pont_darciat;ICONGFS;2026-10-09T11:00;GFS;6.40;9.50;348.0;15.0;0.00;5.0;GFS
pont_darciat;ICONGFS;2026-10-09T12:00;GFS;7.30;10.50;352.0;16.4;0.00;5.0;GFS
pont_darciat;ICONGFS;2026-10-09T13:00;GFS;8.20;10.90;356.0;17.5;0.00;10.0;GFS
pont_darciat;ICONGFS;2026-10-09T14:00;GFS;8.70;11.10;359.0;18.3;0.00;18.0;GFS
pont_darciat;ICONGFS;2026-10-09T15:00;GFS;8.90;11.30;360.0;18.9;0.00;30.0;GFS
pont_darciat;ICONGFS;2026-10-09T16:00;GFS;8.70;11.50;1.0;19.1;0.00;44.0;GFS
pont_darciat;ICONGFS;2026-10-09T17:00;GFS;8.20;10.90;360.0;18.6;0.00;56.0;GFS
pont_darciat;ICONGFS;2026-10-09T18:00;GFS;6.80;9.10;353.0;16.6;0.00;61.0;GFS
pont_darciat;ICONGFS;2026-10-09T19:00;GFS;5.60;6.60;340.0;13.8;0.00;63.0;GFS
pont_darciat;ICONGFS;2026-10-09T20:00;GFS;4.70;4.90;325.0;11.7;0.00;66.0;GFS
pont_darciat;ICONGFS;2026-10-09T21:00;GFS;4.60;4.30;320.0;10.9;0.00;75.0;GFS
pont_darciat;ICONGFS;2026-10-09T22:00;GFS;4.60;4.30;320.0;10.8;0.00;84.0;GFS
pont_darciat;ICONGFS;2026-10-09T23:00;GFS;4.40;4.30;322.0;10.7;0.00;87.0;GFS
pont_darciat;ICONGFS;2026-10-10T00:00;GFS;4.20;3.90;323.0;10.1;0.00;76.0;GFS
pont_darciat;ICONGFS;2026-10-10T01:00;GFS;4.00;3.50;325.0;9.4;0.00;58.0;GFS
pont_darciat;ICONGFS;2026-10-10T02:00;GFS;3.80;3.30;325.0;8.9;0.00;42.0;GFS
pont_darciat;ICONGFS;2026-10-10T03:00;GFS;3.80;3.30;325.0;8.5;0.00;30.0;GFS
pont_darciat;ICONGFS;2026-10-10T04:00;GFS;3.90;3.30;323.0;8.2;0.00;19.0;GFS
pont_darciat;ICONGFS;2026-10-10T05:00;GFS;3.70;3.30;321.0;8.0;0.00;17.0;GFS
pont_darciat;ICONGFS;2026-10-10T06:00;GFS;3.20;2.90;322.0;7.5;0.00;30.0;GFS
pont_darciat;ICONGFS;2026-10-10T07:00;GFS;2.60;2.50;324.0;7.0;0.00;51.0;GFS
pont_darciat;ICONGFS;2026-10-10T08:00;GFS;2.40;2.50;331.0;7.4;0.00;61.0;GFS
pont_darciat;ICONGFS;2026-10-10T09:00;GFS;2.60;3.70;343.0;9.3;0.00;49.0;GFS
pont_darciat;ICONGFS;2026-10-10T10:00;GFS;3.10;5.20;353.0;12.1;0.00;28.0;GFS
pont_darciat;ICONGFS;2026-10-10T11:00;GFS;3.90;6.40;357.0;14.6;0.00;12.0;GFS
pont_darciat;ICONGFS;2026-10-10T12:00;GFS;4.70;6.80;360.0;16.3;0.00;9.0;GFS
pont_darciat;ICONGFS;2026-10-10T13:00;GFS;5.40;6.80;360.0;17.6;0.00;12.0;GFS
pont_darciat;ICONGFS;2026-10-10T14:00;GFS;5.80;6.80;360.0;18.6;0.00;19.0;GFS
pont_darciat;ICONGFS;2026-10-10T15:00;GFS;5.80;6.80;4.0;19.3;0.00;32.0;GFS
pont_darciat;ICONGFS;2026-10-10T16:00;GFS;5.70;6.60;8.0;19.7;0.00;49.0;GFS
pont_darciat;ICONGFS;2026-10-10T17:00;GFS;5.30;6.20;8.0;19.2;0.00;64.0;GFS
pont_darciat;ICONGFS;2026-10-10T18:00;GFS;4.50;5.20;358.0;17.2;0.00;77.0;GFS
pont_darciat;ICONGFS;2026-10-10T19:00;GFS;3.70;4.10;335.0;14.5;0.00;87.0;GFS
pont_darciat;ICONGFS;2026-10-10T20:00;GFS;3.40;3.10;313.0;12.3;0.00;88.0;GFS
pont_darciat;ICONGFS;2026-10-10T21:00;GFS;3.20;2.70;303.0;11.3;0.00;71.0;GFS
pont_darciat;ICONGFS;2026-10-10T22:00;GFS;3.00;2.50;302.0;11.0;0.00;43.0;GFS
pont_darciat;ICONGFS;2026-10-10T23:00;GFS;2.50;2.50;302.0;10.7;0.00;22.0;GFS
pont_darciat;ICONGFS;2026-10-11T00:00;GFS;2.40;2.30;305.0;10.2;0.00;15.0;GFS
pont_darciat;ICONGFS;2026-10-11T01:00;GFS;2.10;2.30;311.0;9.8;0.00;13.0;GFS
pont_darciat;ICONGFS;2026-10-11T02:00;GFS;1.90;2.10;315.0;9.4;0.00;12.0;GFS
pont_darciat;ICONGFS;2026-10-11T03:00;GFS;1.70;1.90;306.0;9.0;0.00;8.0;GFS
pont_darciat;ICONGFS;2026-10-11T04:00;GFS;1.30;1.70;297.0;8.7;0.00;3.0;GFS
pont_darciat;ICONGFS;2026-10-11T05:00;GFS;1.20;1.60;288.0;8.4;0.00;0.0;GFS
pont_darciat;ICONGFS;2026-10-11T06:00;GFS;1.10;1.40;301.0;7.8;0.00;0.0;GFS
pont_darciat;ICONGFS;2026-10-11T07:00;GFS;1.10;1.40;315.0;7.1;0.00;0.0;GFS
pont_darciat;ICONGFS;2026-10-11T08:00;GFS;0.90;1.20;333.0;7.5;0.00;0.0;GFS
pont_darciat;ICONGFS;2026-10-11T09:00;GFS;0.40;1.00;27.0;9.5;0.00;0.0;GFS
pont_darciat;ICONGFS;2026-10-11T10:00;GFS;0.60;0.80;108.0;12.4;0.00;0.0;GFS
pont_darciat;ICONGFS;2026-10-11T11:00;GFS;1.40;0.80;124.0;15.0;0.00;0.0;GFS
pont_darciat;ICONGFS;2026-10-11T12:00;GFS;1.80;1.00;122.0;16.9;0.00;0.0;GFS
pont_darciat;ICONGFS;2026-10-11T13:00;GFS;2.10;1.60;124.0;18.6;0.00;0.0;GFS
pont_darciat;ICONGFS;2026-10-11T14:00;GFS;2.40;1.90;125.0;19.8;0.00;0.0;GFS
pont_darciat;ICONGFS;2026-10-11T15:00;GFS;2.80;2.30;129.0;20.5;0.00;1.0;GFS
pont_darciat;ICONGFS;2026-10-11T16:00;GFS;3.00;2.50;135.0;20.8;0.00;2.0;GFS
pont_darciat;ICONGFS;2026-10-11T17:00;GFS;3.00;2.70;140.0;20.3;0.00;4.0;GFS
pont_darciat;ICONGFS;2026-10-11T18:00;GFS;2.30;2.70;156.0;18.4;0.00;5.0;GFS
pont_darciat;ICONGFS;2026-10-11T19:00;GFS;2.00;2.50;197.0;15.8;0.00;8.0;GFS
pont_darciat;ICONGFS;2026-10-11T20:00;GFS;2.30;2.50;222.0;13.8;0.00;17.0;GFS
pont_darciat;ICONGFS;2026-10-11T21:00;GFS;2.60;2.50;228.0;12.9;0.00;41.0;GFS
pont_darciat;ICONGFS;2026-10-11T22:00;GFS;2.60;2.70;222.0;12.7;0.00;71.0;GFS
pont_darciat;ICONGFS;2026-10-11T23:00;GFS;2.60;2.70;222.0;12.5;0.00;94.0;GFS
pont_darciat;ICONGFS;2026-10-12T00:00;GFS;2.50;2.50;225.0;12.1;0.00;100.0;GFS
pont_darciat;ICONGFS;2026-10-12T01:00;GFS;2.20;2.30;225.0;11.7;0.00;100.0;GFS
pont_darciat;ICONGFS;2026-10-12T02:00;GFS;1.90;2.10;233.0;11.4;0.00;98.0;GFS
pont_darciat;ICONGFS;2026-10-12T03:00;GFS;1.60;2.10;256.0;11.1;0.00;99.0;GFS
pont_darciat;ICONGFS;2026-10-12T04:00;GFS;1.50;2.10;293.0;10.9;0.00;100.0;GFS
pont_darciat;ICONGFS;2026-10-12T05:00;GFS;1.80;2.10;311.0;10.7;0.00;100.0;GFS
pont_darciat;ICONGFS;2026-10-12T06:00;GFS;1.80;1.90;311.0;10.2;0.00;100.0;GFS
pont_darciat;ICONGFS;2026-10-12T07:00;GFS;1.50;1.60;310.0;9.7;0.00;100.0;GFS
pont_darciat;ICONGFS;2026-10-12T08:00;GFS;1.20;1.60;309.0;10.0;0.00;100.0;GFS
pont_darciat;ICONGFS;2026-10-12T09:00;GFS;1.20;2.30;321.0;11.6;0.00;100.0;GFS
pont_darciat;ICONGFS;2026-10-12T10:00;GFS;1.20;3.30;342.0;14.0;0.00;100.0;GFS
pont_darciat;ICONGFS;2026-10-12T11:00;GFS;1.40;4.10;360.0;16.2;0.00;100.0;GFS
pont_darciat;ICONGFS;2026-10-12T12:00;GFS;1.40;4.30;16.0;18.0;0.00;82.0;GFS
pont_darciat;ICONGFS;2026-10-12T13:00;GFS;1.70;4.30;27.0;19.6;0.00;56.0;GFS
pont_darciat;ICONGFS;2026-10-12T14:00;GFS;2.00;4.30;29.0;20.7;0.00;37.0;GFS
pont_darciat;ICONGFS;2026-10-12T15:00;GFS;2.60;4.30;13.0;21.1;0.00;27.0;GFS
pont_darciat;ICONGFS;2026-10-12T16:00;GFS;3.50;4.30;357.0;21.1;0.00;24.0;GFS
pont_darciat;ICONGFS;2026-10-12T17:00;GFS;4.40;4.30;347.0;20.4;0.00;29.0;GFS
pont_darciat;ICONGFS;2026-10-12T18:00;GFS;4.50;3.90;342.0;18.7;0.00;49.0;GFS
pont_darciat;ICONGFS;2026-10-12T19:00;GFS;4.30;3.50;336.0;16.4;0.00;79.0;GFS
pont_darciat;ICONGFS;2026-10-12T20:00;GFS;4.20;3.70;332.0;14.5;0.00;100.0;GFS
pont_darciat;ICONGFS;2026-10-12T21:00;GFS;4.50;5.10;335.0;13.4;0.00;100.0;GFS
pont_darciat;ICONGFS;2026-10-12T22:00;GFS;4.80;7.00;339.0;12.6;0.00;100.0;GFS
pont_darciat;ICONGFS;2026-10-12T23:00;GFS;5.00;8.20;339.0;11.9;0.00;100.0;GFS
pont_de_chavanay;ICONGFS;2026-09-27T00:00;ICONCH1;1.00;1.90;338.0;15.3;0.00;0.0;ICONCH1
pont_de_chavanay;ICONGFS;2026-09-27T01:00;ICONCH1;1.20;2.50;342.0;16.0;0.00;0.0;ICONCH1
pont_de_chavanay;ICONGFS;2026-09-27T02:00;ICONCH1;0.40;0.60;63.0;15.1;0.00;0.0;ICONCH1
pont_de_chavanay;ICONGFS;2026-09-27T03:00;ICONCH1;1.00;1.60;349.0;15.2;0.00;0.0;ICONCH1
pont_de_chavanay;ICONGFS;2026-09-27T04:00;ICONCH1;1.00;1.60;360.0;14.6;0.00;0.0;ICONCH1
pont_de_chavanay;ICONGFS;2026-09-27T05:00;ICONCH1;1.20;1.60;360.0;14.3;0.00;0.0;ICONCH1
pont_de_chavanay;ICONGFS;2026-09-27T06:00;ICONCH1;1.20;1.60;360.0;13.7;0.00;0.0;ICONCH1
pont_de_chavanay;ICONGFS;2026-09-27T07:00;ICONCH1;0.80;1.40;284.0;13.8;0.00;0.0;ICONCH1
pont_de_chavanay;ICONGFS;2026-09-27T08:00;ICONCH1;1.40;1.70;315.0;14.7;0.00;0.0;ICONCH1
pont_de_chavanay;ICONGFS;2026-09-27T09:00;ICONCH1;1.50;2.50;23.0;15.8;0.00;2.0;ICONCH1
pont_de_chavanay;ICONGFS;2026-09-27T10:00;ICONCH1;0.40;2.70;63.0;18.9;0.00;22.0;ICONCH1
pont_de_chavanay;ICONGFS;2026-09-27T11:00;ICONCH1;12.00;19.00;153.0;24.1;0.00;53.0;ICONCH1
pont_de_chavanay;ICONGFS;2026-09-27T12:00;ICONCH1;13.70;21.20;160.0;26.6;0.00;57.0;ICONCH1
pont_de_chavanay;ICONGFS;2026-09-27T13:00;ICONCH1;14.60;22.50;164.0;27.9;0.00;100.0;ICONCH1
pont_de_chavanay;ICONGFS;2026-09-27T14:00;ICONCH1;14.70;22.70;169.0;28.9;0.00;0.0;ICONCH1
pont_de_chavanay;ICONGFS;2026-09-27T15:00;ICONCH1;14.20;22.50;171.0;29.4;0.00;0.0;ICONCH1
pont_de_chavanay;ICONGFS;2026-09-27T16:00;ICONCH1;13.60;22.70;170.0;29.6;0.00;0.0;ICONCH1
pont_de_chavanay;ICONGFS;2026-09-27T17:00;ICONCH1;13.00;21.60;171.0;29.4;0.00;0.0;ICONCH1
pont_de_chavanay;ICONGFS;2026-09-27T18:00;ICONCH1;11.50;20.00;174.0;28.5;0.00;95.0;ICONCH1
pont_de_chavanay;ICONGFS;2026-09-27T19:00;ICONCH1;8.50;17.50;169.0;26.6;0.00;83.0;ICONCH1
pont_de_chavanay;ICONGFS;2026-09-27T20:00;ICONCH1;2.80;12.60;196.0;23.4;0.00;72.0;ICONCH1
pont_de_chavanay;ICONGFS;2026-09-27T21:00;ICONCH1;2.10;4.30;248.0;20.9;0.00;73.0;ICONCH1
pont_de_chavanay;ICONGFS;2026-09-27T22:00;ICONCH1;1.90;3.70;204.0;19.9;0.00;47.0;ICONCH1
pont_de_chavanay;ICONGFS;2026-09-27T23:00;ICONCH1;2.00;2.90;276.0;18.2;0.00;20.0;ICONCH1
pont_de_chavanay;ICONGFS;2026-09-28T00:00;ICONCH1;1.70;2.70;306.0;18.2;0.00;71.0;ICONCH1
pont_de_chavanay;ICONGFS;2026-09-28T01:00;ICONCH1;1.20;2.30;321.0;17.8;0.00;11.0;ICONCH1
pont_de_chavanay;ICONGFS;2026-09-28T02:00;ICONCH1;2.00;3.50;299.0;16.8;0.00;97.0;ICONCH1
pont_de_chavanay;ICONGFS;2026-09-28T03:00;ICONCH1;1.80;2.90;283.0;16.7;0.00;92.0;ICONCH1
pont_de_chavanay;ICONGFS;2026-09-28T04:00;ICONCH1;2.00;2.70;281.0;16.5;0.00;72.0;ICONCH1
pont_de_chavanay;ICONGFS;2026-09-28T05:00;ICONCH1;1.80;3.10;276.0;16.4;0.00;92.0;ICONCH1
pont_de_chavanay;ICONGFS;2026-09-28T06:00;ICONCH1;2.00;2.70;259.0;15.5;0.00;87.0;ICONCH1
pont_de_chavanay;ICONGFS;2026-09-28T07:00;ICONCH1;1.60;2.70;270.0;15.1;0.00;100.0;ICONCH1
pont_de_chavanay;ICONGFS;2026-09-28T08:00;ICONCH1;1.60;2.70;263.0;15.0;0.00;100.0;ICONCH1
pont_de_chavanay;ICONGFS;2026-09-28T09:00;ICONCH1;1.10;2.30;149.0;16.5;0.00;95.0;ICONCH1
pont_de_chavanay;ICONGFS;2026-09-28T10:00;ICONCH1;7.60;11.90;148.0;20.3;0.00;90.0;ICONCH1
pont_de_chavanay;ICONGFS;2026-09-28T11:00;ICONCH1;11.30;17.30;144.0;23.2;0.00;100.0;ICONCH1
pont_de_chavanay;ICONGFS;2026-09-28T12:00;ICONCH1;12.40;19.60;164.0;26.0;0.00;100.0;ICONCH1
pont_de_chavanay;ICONGFS;2026-09-28T13:00;ICONCH1;14.00;21.80;166.0;27.4;0.00;97.0;ICONCH1
pont_de_chavanay;ICONGFS;2026-09-28T14:00;ICONCH1;14.30;22.50;164.0;28.3;0.00;80.0;ICONCH1
pont_de_chavanay;ICONGFS;2026-09-28T15:00;ICONCH1;15.60;24.10;175.0;28.6;0.00;100.0;ICONCH1
pont_de_chavanay;ICONGFS;2026-09-28T16:00;ICONCH1;14.00;24.70;175.0;28.8;0.00;100.0;ICONCH1
pont_de_chavanay;ICONGFS;2026-09-28T17:00;ICONCH1;14.00;23.10;180.0;28.5;0.00;100.0;ICONCH1
pont_de_chavanay;ICONGFS;2026-09-28T18:00;ICONCH2;13.20;23.70;177.0;26.8;0.00;100.0;ICONCH2
pont_de_chavanay;ICONGFS;2026-09-28T19:00;ICONCH2;8.60;21.40;174.0;25.3;0.00;100.0;ICONCH2
pont_de_chavanay;ICONGFS;2026-09-28T20:00;ICONCH2;3.20;14.00;155.0;22.9;0.00;100.0;ICONCH2
pont_de_chavanay;ICONGFS;2026-09-28T21:00;ICONCH2;2.70;4.90;135.0;21.3;0.00;97.0;ICONCH2
pont_de_chavanay;ICONGFS;2026-09-28T22:00;ICONCH2;3.40;5.40;156.0;20.2;0.00;100.0;ICONCH2
pont_de_chavanay;ICONGFS;2026-09-28T23:00;ICONCH2;3.70;6.00;186.0;19.0;0.00;30.0;ICONCH2
pont_de_chavanay;ICONGFS;2026-09-29T00:00;ICONCH2;4.30;6.80;183.0;18.1;0.00;47.0;ICONCH2
pont_de_chavanay;ICONGFS;2026-09-29T01:00;ICONCH2;4.30;6.80;183.0;17.4;0.00;100.0;ICONCH2
pont_de_chavanay;ICONGFS;2026-09-29T02:00;ICONCH2;4.10;6.80;183.0;17.0;0.00;100.0;ICONCH2
pont_de_chavanay;ICONGFS;2026-09-29T03:00;ICONCH2;4.70;7.40;180.0;16.8;0.00;100.0;ICONCH2
pont_de_chavanay;ICONGFS;2026-09-29T04:00;ICONCH2;4.70;7.40;178.0;16.5;0.00;100.0;ICONCH2
pont_de_chavanay;ICONGFS;2026-09-29T05:00;ICONCH2;4.30;7.40;180.0;16.2;0.00;100.0;ICONCH2
pont_de_chavanay;ICONGFS;2026-09-29T06:00;ICONCH2;3.40;6.80;190.0;16.0;0.00;100.0;ICONCH2
pont_de_chavanay;ICONGFS;2026-09-29T07:00;ICONCH2;2.50;5.20;203.0;15.9;0.00;100.0;ICONCH2
pont_de_chavanay;ICONGFS;2026-09-29T08:00;ICONCH2;2.70;4.50;201.0;15.9;0.00;100.0;ICONCH2
pont_de_chavanay;ICONGFS;2026-09-29T09:00;ICONCH2;4.10;6.60;172.0;17.2;0.00;100.0;ICONCH2
pont_de_chavanay;ICONGFS;2026-09-29T10:00;ICONCH2;9.10;14.80;160.0;19.8;0.00;100.0;ICONCH2
pont_de_chavanay;ICONGFS;2026-09-29T11:00;ICONCH2;11.10;18.50;155.0;22.3;0.00;100.0;ICONCH2
pont_de_chavanay;ICONGFS;2026-09-29T12:00;ICONCH2;16.90;27.80;181.0;26.7;0.00;100.0;ICONCH2
pont_de_chavanay;ICONGFS;2026-09-29T13:00;ICONCH2;17.70;29.40;184.0;27.6;0.00;100.0;ICONCH2
pont_de_chavanay;ICONGFS;2026-09-29T14:00;ICONCH2;17.20;29.40;186.0;28.4;0.00;100.0;ICONCH2
pont_de_chavanay;ICONGFS;2026-09-29T15:00;ICONCH2;18.40;30.30;187.0;28.8;0.00;100.0;ICONCH2
pont_de_chavanay;ICONGFS;2026-09-29T16:00;ICONCH2;17.00;30.30;191.0;28.8;0.00;100.0;ICONCH2
pont_de_chavanay;ICONGFS;2026-09-29T17:00;ICONCH2;15.50;28.00;195.0;28.1;0.00;100.0;ICONCH2
pont_de_chavanay;ICONGFS;2026-09-29T18:00;ICONCH2;14.50;25.50;188.0;27.2;0.00;100.0;ICONCH2
pont_de_chavanay;ICONGFS;2026-09-29T19:00;ICONCH2;11.10;23.50;186.0;25.9;0.00;100.0;ICONCH2
pont_de_chavanay;ICONGFS;2026-09-29T20:00;ICONCH2;7.00;18.10;183.0;23.9;0.00;100.0;ICONCH2
pont_de_chavanay;ICONGFS;2026-09-29T21:00;ICONCH2;10.20;16.10;172.0;22.9;0.00;98.0;ICONCH2
pont_de_chavanay;ICONGFS;2026-09-29T22:00;ICONCH2;10.40;16.70;171.0;21.9;0.00;83.0;ICONCH2
pont_de_chavanay;ICONGFS;2026-09-29T23:00;ICONCH2;9.80;17.30;163.0;21.2;0.00;100.0;ICONCH2
pont_de_chavanay;ICONGFS;2026-09-30T00:00;ICONCH2;8.60;15.70;159.0;20.3;0.00;83.0;ICONCH2
pont_de_chavanay;ICONGFS;2026-09-30T01:00;ICONCH2;11.20;17.90;163.0;20.4;0.00;100.0;ICONCH2
pont_de_chavanay;ICONGFS;2026-09-30T02:00;ICONCH2;11.30;19.40;165.0;19.9;0.00;73.0;ICONCH2
pont_de_chavanay;ICONGFS;2026-09-30T03:00;ICONCH2;9.60;18.10;166.0;18.9;0.00;68.0;ICONCH2
pont_de_chavanay;ICONGFS;2026-09-30T04:00;ICONCH2;8.00;15.70;167.0;18.2;0.00;48.0;ICONCH2
pont_de_chavanay;ICONGFS;2026-09-30T05:00;ICONCH2;8.10;13.40;172.0;17.7;0.00;0.0;ICONCH2
pont_de_chavanay;ICONGFS;2026-09-30T06:00;ICONCH2;8.90;14.20;170.0;17.4;0.00;1.0;ICONCH2
pont_de_chavanay;ICONGFS;2026-09-30T07:00;ICONCH2;8.60;15.00;166.0;17.4;0.00;3.0;ICONCH2
pont_de_chavanay;ICONGFS;2026-09-30T08:00;ICONCH2;7.20;14.00;167.0;17.2;0.00;2.0;ICONCH2
pont_de_chavanay;ICONGFS;2026-09-30T09:00;ICONCH2;7.10;11.70;158.0;19.0;0.00;66.0;ICONCH2
pont_de_chavanay;ICONGFS;2026-09-30T10:00;ICONCH2;8.80;14.60;152.0;22.1;0.00;89.0;ICONCH2
pont_de_chavanay;ICONGFS;2026-09-30T11:00;ICONCH2;12.80;21.00;178.0;25.5;0.00;69.0;ICONCH2
pont_de_chavanay;ICONGFS;2026-09-30T12:00;ICONCH2;15.00;24.70;181.0;27.2;0.00;81.0;ICONCH2
pont_de_chavanay;ICONGFS;2026-09-30T13:00;ICONCH2;13.80;25.90;183.0;26.8;0.00;92.0;ICONCH2
pont_de_chavanay;ICONGFS;2026-09-30T14:00;ICONCH2;17.20;28.40;185.0;27.4;0.00;96.0;ICONCH2
pont_de_chavanay;ICONGFS;2026-09-30T15:00;ICONCH2;17.80;29.40;190.0;27.3;0.00;73.0;ICONCH2
pont_de_chavanay;ICONGFS;2026-09-30T16:00;ICONCH2;14.30;29.70;191.0;26.8;0.00;100.0;ICONCH2
pont_de_chavanay;ICONGFS;2026-09-30T17:00;ICONCH2;14.20;23.30;190.0;27.0;0.00;100.0;ICONCH2
pont_de_chavanay;ICONGFS;2026-09-30T18:00;ICONCH2;13.10;23.90;185.0;26.7;0.00;87.0;ICONCH2
pont_de_chavanay;ICONGFS;2026-09-30T19:00;ICONCH2;8.40;21.40;181.0;25.5;0.00;100.0;ICONCH2
pont_de_chavanay;ICONGFS;2026-09-30T20:00;ICONCH2;6.40;13.40;160.0;23.7;0.00;100.0;ICONCH2
pont_de_chavanay;ICONGFS;2026-09-30T21:00;ICONCH2;7.40;11.90;157.0;22.5;0.00;100.0;ICONCH2
pont_de_chavanay;ICONGFS;2026-09-30T22:00;ICONCH2;8.40;13.60;161.0;21.6;0.00;96.0;ICONCH2
pont_de_chavanay;ICONGFS;2026-09-30T23:00;ICONCH2;8.00;13.40;162.0;21.0;0.00;100.0;ICONCH2
pont_de_chavanay;ICONGFS;2026-10-01T00:00;ICONCH2;7.20;12.80;161.0;20.5;0.00;100.0;ICONCH2
pont_de_chavanay;ICONGFS;2026-10-01T01:00;ICONCH2;7.20;11.70;161.0;20.3;0.00;100.0;ICONCH2
pont_de_chavanay;ICONGFS;2026-10-01T02:00;ICONCH2;6.00;11.70;159.0;20.2;0.00;100.0;ICONCH2
pont_de_chavanay;ICONGFS;2026-10-01T03:00;ICONCH2;7.30;11.70;158.0;20.2;0.00;100.0;ICONCH2
pont_de_chavanay;ICONGFS;2026-10-01T04:00;ICONCH2;8.10;13.20;160.0;20.2;0.00;97.0;ICONCH2
pont_de_chavanay;ICONGFS;2026-10-01T05:00;ICONCH2;7.70;13.20;159.0;20.3;0.00;100.0;ICONCH2
pont_de_chavanay;ICONGFS;2026-10-01T06:00;ICONCH2;6.30;12.20;158.0;20.0;0.00;100.0;ICONCH2
pont_de_chavanay;ICONGFS;2026-10-01T07:00;ICONCH2;6.20;10.10;167.0;19.8;0.00;100.0;ICONCH2
pont_de_chavanay;ICONGFS;2026-10-01T08:00;ICONCH2;5.10;10.30;169.0;19.2;0.00;100.0;ICONCH2
pont_de_chavanay;ICONGFS;2026-10-01T09:00;ICONCH2;6.30;10.10;171.0;20.1;0.00;100.0;ICONCH2
pont_de_chavanay;ICONGFS;2026-10-01T10:00;ICONCH2;7.10;12.20;158.0;21.3;0.00;100.0;ICONCH2
pont_de_chavanay;ICONGFS;2026-10-01T11:00;ICONCH2;8.60;14.40;152.0;23.1;0.00;100.0;ICONCH2
pont_de_chavanay;ICONGFS;2026-10-01T12:00;ICONCH2;12.00;19.40;173.0;24.8;0.00;100.0;ICONCH2
pont_de_chavanay;ICONGFS;2026-10-01T13:00;ICONCH2;11.10;21.60;170.0;23.3;0.30;100.0;ICONCH2
pont_de_chavanay;ICONGFS;2026-10-01T14:00;ICONCH2;12.40;20.20;172.0;22.8;0.20;100.0;ICONCH2
pont_de_chavanay;ICONGFS;2026-10-01T15:00;ICONCH2;11.80;20.60;167.0;21.7;0.10;100.0;ICONCH2
pont_de_chavanay;ICONGFS;2026-10-01T16:00;ICONCH2;11.10;19.00;169.0;22.4;0.00;100.0;ICONCH2
pont_de_chavanay;ICONGFS;2026-10-01T17:00;ICONCH2;12.00;20.80;170.0;22.8;0.00;100.0;ICONCH2
pont_de_chavanay;ICONGFS;2026-10-01T18:00;ICONCH2;10.90;19.60;168.0;22.6;0.00;100.0;ICONCH2
pont_de_chavanay;ICONGFS;2026-10-01T19:00;ICONCH2;8.10;17.90;169.0;22.1;0.00;100.0;ICONCH2
pont_de_chavanay;ICONGFS;2026-10-01T20:00;ICONCH2;2.60;13.00;171.0;21.0;0.00;100.0;ICONCH2
pont_de_chavanay;ICONGFS;2026-10-01T21:00;ICONCH2;1.00;4.10;307.0;20.3;0.00;100.0;ICONCH2
pont_de_chavanay;ICONGFS;2026-10-01T22:00;ICONCH2;1.40;2.30;326.0;19.3;0.00;100.0;ICONCH2
pont_de_chavanay;ICONGFS;2026-10-01T23:00;ICONCH2;1.50;2.10;293.0;18.8;0.00;100.0;ICONCH2
pont_de_chavanay;ICONGFS;2026-10-02T00:00;ICON13KM;4.70;8.00;336.0;17.2;0.00;93.0;ICON13KM
pont_de_chavanay;ICONGFS;2026-10-02T01:00;ICON13KM;5.00;8.60;334.0;16.9;0.00;87.0;ICON13KM
pont_de_chavanay;ICONGFS;2026-10-02T02:00;ICON13KM;5.20;8.90;333.0;16.7;0.00;80.0;ICON13KM
pont_de_chavanay;ICONGFS;2026-10-02T03:00;ICON13KM;5.20;8.90;333.0;16.5;0.00;82.0;ICON13KM
pont_de_chavanay;ICONGFS;2026-10-02T04:00;ICON13KM;5.10;8.90;337.0;16.3;0.00;84.0;ICON13KM
pont_de_chavanay;ICONGFS;2026-10-02T05:00;ICON13KM;5.00;8.70;339.0;16.1;0.00;86.0;ICON13KM
pont_de_chavanay;ICONGFS;2026-10-02T06:00;ICON13KM;4.90;8.60;342.0;16.0;0.00;84.0;ICON13KM
pont_de_chavanay;ICONGFS;2026-10-02T07:00;ICON13KM;4.90;8.40;344.0;15.9;0.00;81.0;ICON13KM
pont_de_chavanay;ICONGFS;2026-10-02T08:00;ICON13KM;4.80;8.20;346.0;15.9;0.00;79.0;ICON13KM
pont_de_chavanay;ICONGFS;2026-10-02T09:00;ICON13KM;6.80;11.90;345.0;15.7;0.00;58.0;ICON13KM
pont_de_chavanay;ICONGFS;2026-10-02T10:00;ICON13KM;9.30;16.10;349.0;16.7;0.00;56.0;ICON13KM
pont_de_chavanay;ICONGFS;2026-10-02T11:00;ICON13KM;11.20;19.60;352.0;17.7;0.00;54.0;ICON13KM
pont_de_chavanay;ICONGFS;2026-10-02T12:00;ICON13KM;12.30;21.80;355.0;18.6;0.00;60.0;ICON13KM
pont_de_chavanay;ICONGFS;2026-10-02T13:00;ICON13KM;12.80;22.90;357.0;19.4;0.00;67.0;ICON13KM
pont_de_chavanay;ICONGFS;2026-10-02T14:00;ICON13KM;12.80;23.30;359.0;20.0;0.00;73.0;ICON13KM
pont_de_chavanay;ICONGFS;2026-10-02T15:00;ICON13KM;12.30;22.50;358.0;20.4;0.00;77.0;ICON13KM
pont_de_chavanay;ICONGFS;2026-10-02T16:00;ICON13KM;11.10;21.00;355.0;20.6;0.00;82.0;ICON13KM
pont_de_chavanay;ICONGFS;2026-10-02T17:00;ICON13KM;10.00;19.20;352.0;20.5;0.00;86.0;ICON13KM
pont_de_chavanay;ICONGFS;2026-10-02T18:00;ICON13KM;9.10;17.70;349.0;20.0;0.00;78.0;ICON13KM
pont_de_chavanay;ICONGFS;2026-10-02T19:00;ICON13KM;8.00;15.90;346.0;19.2;0.00;69.0;ICON13KM
pont_de_chavanay;ICONGFS;2026-10-02T20:00;ICON13KM;6.90;14.20;342.0;18.5;0.00;61.0;ICON13KM
pont_de_chavanay;ICONGFS;2026-10-02T21:00;ICON13KM;5.60;12.20;340.0;17.8;0.00;59.0;ICON13KM
pont_de_chavanay;ICONGFS;2026-10-02T22:00;ICON13KM;4.20;10.10;338.0;17.2;0.00;57.0;ICON13KM
pont_de_chavanay;ICONGFS;2026-10-02T23:00;ICON13KM;3.00;8.20;333.0;16.6;0.00;55.0;ICON13KM
pont_de_chavanay;ICONGFS;2026-10-03T00:00;ICON13KM;2.60;6.80;333.0;15.8;0.00;58.0;ICON13KM
pont_de_chavanay;ICONGFS;2026-10-03T01:00;ICON13KM;2.60;5.60;333.0;15.0;0.00;62.0;ICON13KM
pont_de_chavanay;ICONGFS;2026-10-03T02:00;ICON13KM;2.30;4.70;336.0;14.3;0.00;65.0;ICON13KM
pont_de_chavanay;ICONGFS;2026-10-03T03:00;ICON13KM;2.20;4.10;333.0;13.9;0.00;69.0;ICON13KM
pont_de_chavanay;ICONGFS;2026-10-03T04:00;ICON13KM;1.80;3.50;328.0;13.7;0.00;72.0;ICON13KM
pont_de_chavanay;ICONGFS;2026-10-03T05:00;ICON13KM;1.40;3.10;326.0;13.7;0.00;76.0;ICON13KM
pont_de_chavanay;ICONGFS;2026-10-03T06:00;ICON13KM;0.80;2.10;315.0;13.7;0.00;80.0;ICON13KM
pont_de_chavanay;ICONGFS;2026-10-03T07:00;ICON13KM;0.20;1.40;270.0;13.8;0.00;83.0;ICON13KM
pont_de_chavanay;ICONGFS;2026-10-03T08:00;ICON13KM;0.80;1.40;166.0;14.2;0.00;87.0;ICON13KM
pont_de_chavanay;ICONGFS;2026-10-03T09:00;ICON13KM;1.70;2.50;144.0;15.1;0.00;58.0;ICON13KM
pont_de_chavanay;ICONGFS;2026-10-03T10:00;ICON13KM;2.90;4.90;132.0;16.4;0.00;29.0;ICON13KM
pont_de_chavanay;ICONGFS;2026-10-03T11:00;ICON13KM;4.50;8.60;146.0;17.9;0.00;0.0;ICON13KM
pont_de_chavanay;ICONGFS;2026-10-03T12:00;ICON13KM;8.00;15.40;166.0;20.0;0.00;0.0;ICON13KM
pont_de_chavanay;ICONGFS;2026-10-03T13:00;ICON13KM;13.10;23.70;176.0;22.5;0.00;0.0;ICON13KM
pont_de_chavanay;ICONGFS;2026-10-03T14:00;ICON13KM;16.50;29.50;179.0;24.2;0.00;0.0;ICON13KM
pont_de_chavanay;ICONGFS;2026-10-03T15:00;ICON13KM;16.90;30.90;181.0;24.8;0.00;33.0;ICON13KM
pont_de_chavanay;ICONGFS;2026-10-03T16:00;ICON13KM;15.40;29.70;181.0;24.7;0.00;67.0;ICON13KM
pont_de_chavanay;ICONGFS;2026-10-03T17:00;ICON13KM;13.40;27.20;182.0;24.2;0.00;100.0;ICON13KM
pont_de_chavanay;ICONGFS;2026-10-03T18:00;ICON13KM;10.70;23.30;181.0;23.1;0.00;100.0;ICON13KM
pont_de_chavanay;ICONGFS;2026-10-03T19:00;ICON13KM;7.40;18.10;178.0;21.6;0.00;100.0;ICON13KM
pont_de_chavanay;ICONGFS;2026-10-03T20:00;ICON13KM;4.90;13.60;175.0;20.1;0.00;100.0;ICON13KM
pont_de_chavanay;ICONGFS;2026-10-03T21:00;ICON13KM;3.90;10.50;177.0;18.8;0.00;85.0;ICON13KM
pont_de_chavanay;ICONGFS;2026-10-03T22:00;ICON13KM;3.90;8.20;180.0;17.6;0.00;70.0;ICON13KM
pont_de_chavanay;ICONGFS;2026-10-03T23:00;ICON13KM;3.90;6.80;183.0;16.7;0.00;55.0;ICON13KM
pont_de_chavanay;ICONGFS;2026-10-04T00:00;ICON13KM;4.10;6.80;180.0;16.4;0.00;70.0;ICON13KM
pont_de_chavanay;ICONGFS;2026-10-04T01:00;ICON13KM;4.30;7.80;175.0;16.4;0.00;85.0;ICON13KM
pont_de_chavanay;ICONGFS;2026-10-04T02:00;ICON13KM;4.30;8.40;170.0;16.3;0.00;100.0;ICON13KM
pont_de_chavanay;ICONGFS;2026-10-04T03:00;ICON13KM;4.00;7.80;169.0;16.0;0.00;96.0;ICON13KM
pont_de_chavanay;ICONGFS;2026-10-04T04:00;ICON13KM;3.40;6.80;167.0;15.5;0.00;91.0;ICON13KM
pont_de_chavanay;ICONGFS;2026-10-04T05:00;ICON13KM;2.80;6.00;164.0;15.0;0.00;87.0;ICON13KM
pont_de_chavanay;ICONGFS;2026-10-04T06:00;ICON13KM;2.50;5.40;157.0;14.0;0.00;67.0;ICON13KM
pont_de_chavanay;ICONGFS;2026-10-04T07:00;ICON13KM;2.40;4.90;145.0;13.0;0.00;47.0;ICON13KM
pont_de_chavanay;ICONGFS;2026-10-04T08:00;ICON13KM;2.60;5.10;144.0;13.0;0.00;27.0;ICON13KM
pont_de_chavanay;ICONGFS;2026-10-04T09:00;ICON13KM;3.10;5.80;145.0;14.7;0.00;24.0;ICON13KM
pont_de_chavanay;ICONGFS;2026-10-04T10:00;ICON13KM;4.00;7.20;151.0;17.4;0.00;22.0;ICON13KM
pont_de_chavanay;ICONGFS;2026-10-04T11:00;ICON13KM;5.40;9.70;159.0;19.8;0.00;19.0;ICON13KM
pont_de_chavanay;ICONGFS;2026-10-04T12:00;ICON13KM;8.10;14.80;170.0;21.5;0.00;31.0;ICON13KM
pont_de_chavanay;ICONGFS;2026-10-04T13:00;ICON13KM;11.70;21.00;178.0;22.9;0.00;44.0;ICON13KM
pont_de_chavanay;ICONGFS;2026-10-04T14:00;ICON13KM;14.40;25.50;182.0;23.9;0.00;56.0;ICON13KM
pont_de_chavanay;ICONGFS;2026-10-04T15:00;GFS;0.60;4.50;270.0;14.2;1.30;100.0;GFS
pont_de_chavanay;ICONGFS;2026-10-04T16:00;GFS;1.00;3.90;360.0;14.0;1.30;100.0;GFS
pont_de_chavanay;ICONGFS;2026-10-04T17:00;GFS;1.80;3.30;18.0;13.9;1.30;100.0;GFS
pont_de_chavanay;ICONGFS;2026-10-04T18:00;GFS;1.80;2.50;18.0;13.8;0.10;100.0;GFS
pont_de_chavanay;ICONGFS;2026-10-04T19:00;GFS;1.70;1.70;21.0;13.7;0.10;100.0;GFS
pont_de_chavanay;ICONGFS;2026-10-04T20:00;GFS;1.00;1.40;22.0;13.6;0.10;100.0;GFS
pont_de_chavanay;ICONGFS;2026-10-04T21:00;GFS;0.40;1.40;90.0;13.5;0.10;100.0;GFS
pont_de_chavanay;ICONGFS;2026-10-04T22:00;GFS;1.30;1.70;153.0;13.3;0.10;100.0;GFS
pont_de_chavanay;ICONGFS;2026-10-04T23:00;GFS;2.00;2.10;163.0;13.2;0.10;100.0;GFS
pont_de_chavanay;ICONGFS;2026-10-05T00:00;GFS;2.20;2.10;170.0;13.1;0.00;100.0;GFS
pont_de_chavanay;ICONGFS;2026-10-05T01:00;GFS;2.10;2.10;175.0;12.9;0.00;100.0;GFS
pont_de_chavanay;ICONGFS;2026-10-05T02:00;GFS;1.90;2.10;180.0;12.7;0.00;100.0;GFS
pont_de_chavanay;ICONGFS;2026-10-05T03:00;GFS;1.80;2.10;186.0;12.2;0.00;79.0;GFS
pont_de_chavanay;ICONGFS;2026-10-05T04:00;GFS;1.50;2.10;203.0;11.6;0.00;51.0;GFS
pont_de_chavanay;ICONGFS;2026-10-05T05:00;GFS;1.20;1.90;219.0;11.1;0.00;36.0;GFS
pont_de_chavanay;ICONGFS;2026-10-05T06:00;GFS;1.00;1.70;248.0;10.7;0.00;48.0;GFS
pont_de_chavanay;ICONGFS;2026-10-05T07:00;GFS;1.00;1.40;270.0;10.4;0.00;74.0;GFS
pont_de_chavanay;ICONGFS;2026-10-05T08:00;GFS;1.00;1.20;307.0;10.7;0.00;94.0;GFS
pont_de_chavanay;ICONGFS;2026-10-05T09:00;GFS;1.00;1.00;338.0;11.8;0.00;100.0;GFS
pont_de_chavanay;ICONGFS;2026-10-05T10:00;GFS;1.20;1.00;18.0;13.5;0.00;100.0;GFS
pont_de_chavanay;ICONGFS;2026-10-05T11:00;GFS;2.00;1.20;29.0;15.2;0.00;100.0;GFS
pont_de_chavanay;ICONGFS;2026-10-05T12:00;GFS;3.30;1.90;28.0;16.7;0.00;100.0;GFS
pont_de_chavanay;ICONGFS;2026-10-05T13:00;GFS;4.70;3.10;24.0;18.1;0.00;99.0;GFS
pont_de_chavanay;ICONGFS;2026-10-05T14:00;GFS;5.80;4.30;21.0;19.2;0.00;98.0;GFS
pont_de_chavanay;ICONGFS;2026-10-05T15:00;GFS;6.60;5.20;19.0;19.7;0.00;97.0;GFS
pont_de_chavanay;ICONGFS;2026-10-05T16:00;GFS;7.10;6.00;16.0;19.7;0.00;96.0;GFS
pont_de_chavanay;ICONGFS;2026-10-05T17:00;GFS;7.10;6.40;11.0;19.3;0.00;96.0;GFS
pont_de_chavanay;ICONGFS;2026-10-05T18:00;GFS;6.40;6.20;360.0;18.0;0.00;97.0;GFS
pont_de_chavanay;ICONGFS;2026-10-05T19:00;GFS;5.50;5.60;342.0;16.1;0.00;99.0;GFS
pont_de_chavanay;ICONGFS;2026-10-05T20:00;GFS;5.30;5.10;324.0;14.8;0.00;100.0;GFS
pont_de_chavanay;ICONGFS;2026-10-05T21:00;GFS;5.10;4.70;317.0;14.4;0.00;100.0;GFS
pont_de_chavanay;ICONGFS;2026-10-05T22:00;GFS;4.70;4.10;315.0;14.5;0.00;100.0;GFS
pont_de_chavanay;ICONGFS;2026-10-05T23:00;GFS;4.40;3.90;315.0;14.5;0.00;100.0;GFS
pont_de_chavanay;ICONGFS;2026-10-06T00:00;GFS;4.30;3.90;321.0;13.9;0.00;100.0;GFS
pont_de_chavanay;ICONGFS;2026-10-06T01:00;GFS;4.20;4.10;326.0;13.1;0.00;100.0;GFS
pont_de_chavanay;ICONGFS;2026-10-06T02:00;GFS;4.30;4.30;333.0;12.6;0.00;100.0;GFS
pont_de_chavanay;ICONGFS;2026-10-06T03:00;GFS;4.30;4.50;342.0;12.4;0.00;100.0;GFS
pont_de_chavanay;ICONGFS;2026-10-06T04:00;GFS;4.40;4.90;347.0;12.5;0.00;100.0;GFS
pont_de_chavanay;ICONGFS;2026-10-06T05:00;GFS;4.50;5.10;353.0;12.5;0.00;100.0;GFS
pont_de_chavanay;ICONGFS;2026-10-06T06:00;GFS;4.70;5.10;355.0;12.1;0.00;100.0;GFS
pont_de_chavanay;ICONGFS;2026-10-06T07:00;GFS;4.70;4.90;353.0;11.7;0.00;100.0;GFS
pont_de_chavanay;ICONGFS;2026-10-06T08:00;GFS;4.70;4.70;353.0;11.8;0.00;100.0;GFS
pont_de_chavanay;ICONGFS;2026-10-06T09:00;GFS;4.70;4.90;351.0;12.6;0.00;100.0;GFS
pont_de_chavanay;ICONGFS;2026-10-06T10:00;GFS;4.60;5.10;348.0;13.8;0.00;100.0;GFS
pont_de_chavanay;ICONGFS;2026-10-06T11:00;GFS;4.60;5.20;348.0;14.9;0.00;100.0;GFS
pont_de_chavanay;ICONGFS;2026-10-06T12:00;GFS;4.90;5.20;353.0;15.8;0.00;92.0;GFS
pont_de_chavanay;ICONGFS;2026-10-06T13:00;GFS;5.40;5.10;358.0;16.7;0.00;81.0;GFS
pont_de_chavanay;ICONGFS;2026-10-06T14:00;GFS;5.60;5.10;2.0;17.3;0.00;75.0;GFS
pont_de_chavanay;ICONGFS;2026-10-06T15:00;GFS;5.50;5.40;4.0;17.6;0.00;81.0;GFS
pont_de_chavanay;ICONGFS;2026-10-06T16:00;GFS;5.30;6.00;4.0;17.7;0.00;92.0;GFS
pont_de_chavanay;ICONGFS;2026-10-06T17:00;GFS;4.70;6.20;360.0;17.5;0.00;100.0;GFS
pont_de_chavanay;ICONGFS;2026-10-06T18:00;GFS;4.10;5.80;343.0;16.6;0.00;100.0;GFS
pont_de_chavanay;ICONGFS;2026-10-06T19:00;GFS;3.80;5.20;315.0;15.4;0.00;97.0;GFS
pont_de_chavanay;ICONGFS;2026-10-06T20:00;GFS;4.20;4.70;298.0;14.6;0.00;95.0;GFS
pont_de_chavanay;ICONGFS;2026-10-06T21:00;GFS;3.80;4.10;294.0;14.5;0.00;97.0;GFS
pont_de_chavanay;ICONGFS;2026-10-06T22:00;GFS;3.00;3.70;302.0;14.9;0.00;100.0;GFS
pont_de_chavanay;ICONGFS;2026-10-06T23:00;GFS;2.50;3.30;309.0;14.9;0.00;100.0;GFS
pont_de_chavanay;ICONGFS;2026-10-07T00:00;GFS;2.50;3.10;315.0;14.2;0.00;94.0;GFS
pont_de_chavanay;ICONGFS;2026-10-07T01:00;GFS;2.70;3.30;315.0;13.1;0.00;86.0;GFS
pont_de_chavanay;ICONGFS;2026-10-07T02:00;GFS;3.00;3.30;320.0;12.3;0.00;78.0;GFS
pont_de_chavanay;ICONGFS;2026-10-07T03:00;GFS;3.20;3.30;327.0;11.8;0.00;71.0;GFS
pont_de_chavanay;ICONGFS;2026-10-07T04:00;GFS;3.40;3.30;329.0;11.6;0.00;65.0;GFS
pont_de_chavanay;ICONGFS;2026-10-07T05:00;GFS;3.70;3.30;335.0;11.4;0.00;61.0;GFS
pont_de_chavanay;ICONGFS;2026-10-07T06:00;GFS;4.00;3.30;337.0;10.9;0.00;61.0;GFS
pont_de_chavanay;ICONGFS;2026-10-07T07:00;GFS;4.40;3.30;337.0;10.4;0.00;63.0;GFS
pont_de_chavanay;ICONGFS;2026-10-07T08:00;GFS;4.70;3.30;341.0;10.7;0.00;62.0;GFS
pont_de_chavanay;ICONGFS;2026-10-07T09:00;GFS;4.70;3.70;351.0;12.1;0.00;54.0;GFS
pont_de_chavanay;ICONGFS;2026-10-07T10:00;GFS;4.90;4.10;5.0;14.3;0.00;44.0;GFS
pont_de_chavanay;ICONGFS;2026-10-07T11:00;GFS;5.20;4.50;15.0;16.2;0.00;36.0;GFS
pont_de_chavanay;ICONGFS;2026-10-07T12:00;GFS;5.60;4.90;20.0;17.6;0.00;34.0;GFS
pont_de_chavanay;ICONGFS;2026-10-07T13:00;GFS;5.90;5.40;23.0;18.8;0.00;34.0;GFS
pont_de_chavanay;ICONGFS;2026-10-07T14:00;GFS;6.30;5.80;22.0;19.7;0.00;38.0;GFS
pont_de_chavanay;ICONGFS;2026-10-07T15:00;GFS;6.80;6.20;18.0;20.1;0.00;46.0;GFS
pont_de_chavanay;ICONGFS;2026-10-07T16:00;GFS;7.00;6.40;13.0;20.1;0.00;57.0;GFS
pont_de_chavanay;ICONGFS;2026-10-07T17:00;GFS;7.10;6.40;8.0;19.6;0.00;68.0;GFS
pont_de_chavanay;ICONGFS;2026-10-07T18:00;GFS;6.40;5.60;360.0;18.1;0.00;80.0;GFS
pont_de_chavanay;ICONGFS;2026-10-07T19:00;GFS;5.30;4.50;350.0;16.0;0.00;92.0;GFS
pont_de_chavanay;ICONGFS;2026-10-07T20:00;GFS;4.60;3.70;338.0;14.5;0.00;100.0;GFS
pont_de_chavanay;ICONGFS;2026-10-07T21:00;GFS;4.10;3.50;329.0;14.1;0.00;100.0;GFS
pont_de_chavanay;ICONGFS;2026-10-07T22:00;GFS;3.70;3.50;321.0;14.3;0.00;100.0;GFS
pont_de_chavanay;ICONGFS;2026-10-07T23:00;GFS;3.30;3.50;315.0;14.5;0.00;100.0;GFS
pont_de_chavanay;ICONGFS;2026-10-08T00:00;GFS;2.90;3.30;312.0;14.6;0.00;100.0;GFS
pont_de_chavanay;ICONGFS;2026-10-08T01:00;GFS;2.30;2.90;312.0;14.7;0.00;100.0;GFS
pont_de_chavanay;ICONGFS;2026-10-08T02:00;GFS;2.10;2.70;319.0;14.7;0.00;100.0;GFS
pont_de_chavanay;ICONGFS;2026-10-08T03:00;GFS;1.80;2.30;342.0;14.4;0.10;100.0;GFS
pont_de_chavanay;ICONGFS;2026-10-08T04:00;GFS;2.40;1.90;9.0;13.9;0.10;100.0;GFS
pont_de_chavanay;ICONGFS;2026-10-08T05:00;GFS;2.90;1.90;20.0;13.5;0.10;100.0;GFS
pont_de_chavanay;ICONGFS;2026-10-08T06:00;GFS;3.00;2.50;15.0;12.9;0.50;100.0;GFS
pont_de_chavanay;ICONGFS;2026-10-08T07:00;GFS;3.30;3.30;360.0;12.4;0.50;100.0;GFS
pont_de_chavanay;ICONGFS;2026-10-08T08:00;GFS;3.70;4.10;354.0;12.3;0.50;100.0;GFS
pont_de_chavanay;ICONGFS;2026-10-08T09:00;GFS;4.70;4.70;355.0;12.9;0.10;95.0;GFS
pont_de_chavanay;ICONGFS;2026-10-08T10:00;GFS;5.60;5.40;360.0;14.0;0.10;88.0;GFS
pont_de_chavanay;ICONGFS;2026-10-08T11:00;GFS;6.80;6.20;360.0;15.1;0.10;84.0;GFS
pont_de_chavanay;ICONGFS;2026-10-08T12:00;GFS;7.80;7.20;357.0;16.1;0.00;88.0;GFS
pont_de_chavanay;ICONGFS;2026-10-08T13:00;GFS;8.80;8.40;352.0;17.2;0.00;95.0;GFS
pont_de_chavanay;ICONGFS;2026-10-08T14:00;GFS;9.50;9.30;349.0;18.0;0.00;100.0;GFS
pont_de_chavanay;ICONGFS;2026-10-08T15:00;GFS;10.00;10.50;348.0;18.4;0.00;100.0;GFS
pont_de_chavanay;ICONGFS;2026-10-08T16:00;GFS;10.20;11.50;347.0;18.5;0.00;100.0;GFS
pont_de_chavanay;ICONGFS;2026-10-08T17:00;GFS;9.70;11.70;344.0;18.2;0.00;100.0;GFS
pont_de_chavanay;ICONGFS;2026-10-08T18:00;GFS;8.50;10.50;336.0;17.1;0.00;100.0;GFS
pont_de_chavanay;ICONGFS;2026-10-08T19:00;GFS;6.90;8.70;322.0;15.5;0.00;100.0;GFS
pont_de_chavanay;ICONGFS;2026-10-08T20:00;GFS;6.10;7.40;307.0;14.3;0.00;100.0;GFS
pont_de_chavanay;ICONGFS;2026-10-08T21:00;GFS;5.90;7.20;302.0;13.7;0.00;100.0;GFS
pont_de_chavanay;ICONGFS;2026-10-08T22:00;GFS;5.70;7.80;301.0;13.4;0.00;100.0;GFS
pont_de_chavanay;ICONGFS;2026-10-08T23:00;GFS;5.60;8.00;304.0;13.2;0.00;100.0;GFS
pont_de_chavanay;ICONGFS;2026-10-09T00:00;GFS;5.60;8.00;306.0;12.9;0.00;100.0;GFS
pont_de_chavanay;ICONGFS;2026-10-09T01:00;GFS;5.70;7.80;311.0;12.7;0.00;100.0;GFS
pont_de_chavanay;ICONGFS;2026-10-09T02:00;GFS;5.60;7.40;316.0;12.5;0.00;100.0;GFS
pont_de_chavanay;ICONGFS;2026-10-09T03:00;GFS;5.40;6.60;319.0;12.1;0.00;100.0;GFS
pont_de_chavanay;ICONGFS;2026-10-09T04:00;GFS;5.00;5.80;324.0;11.6;0.00;100.0;GFS
pont_de_chavanay;ICONGFS;2026-10-09T05:00;GFS;4.80;5.10;328.0;11.2;0.00;100.0;GFS
pont_de_chavanay;ICONGFS;2026-10-09T06:00;GFS;4.40;4.50;331.0;10.5;0.00;100.0;GFS
pont_de_chavanay;ICONGFS;2026-10-09T07:00;GFS;4.30;4.10;333.0;9.9;0.00;100.0;GFS
pont_de_chavanay;ICONGFS;2026-10-09T08:00;GFS;4.70;4.70;336.0;10.0;0.00;92.0;GFS
pont_de_chavanay;ICONGFS;2026-10-09T09:00;GFS;5.80;6.80;339.0;11.5;0.00;65.0;GFS
pont_de_chavanay;ICONGFS;2026-10-09T10:00;GFS;7.40;9.90;340.0;13.8;0.00;29.0;GFS
pont_de_chavanay;ICONGFS;2026-10-09T11:00;GFS;9.00;12.20;342.0;15.8;0.00;4.0;GFS
pont_de_chavanay;ICONGFS;2026-10-09T12:00;GFS;10.60;13.40;346.0;17.1;0.00;0.0;GFS
pont_de_chavanay;ICONGFS;2026-10-09T13:00;GFS;12.20;13.80;351.0;18.1;0.00;4.0;GFS
pont_de_chavanay;ICONGFS;2026-10-09T14:00;GFS;13.30;14.20;354.0;18.8;0.00;8.0;GFS
pont_de_chavanay;ICONGFS;2026-10-09T15:00;GFS;14.00;14.80;358.0;19.1;0.00;8.0;GFS
pont_de_chavanay;ICONGFS;2026-10-09T16:00;GFS;14.20;15.20;3.0;19.0;0.00;8.0;GFS
pont_de_chavanay;ICONGFS;2026-10-09T17:00;GFS;13.70;15.20;5.0;18.4;0.00;8.0;GFS
pont_de_chavanay;ICONGFS;2026-10-09T18:00;GFS;11.90;14.20;360.0;17.0;0.00;7.0;GFS
pont_de_chavanay;ICONGFS;2026-10-09T19:00;GFS;9.50;12.80;349.0;15.0;0.00;7.0;GFS
pont_de_chavanay;ICONGFS;2026-10-09T20:00;GFS;7.90;11.30;335.0;13.4;0.00;11.0;GFS
pont_de_chavanay;ICONGFS;2026-10-09T21:00;GFS;7.10;9.50;325.0;12.3;0.00;22.0;GFS
pont_de_chavanay;ICONGFS;2026-10-09T22:00;GFS;6.30;7.80;317.0;11.4;0.00;38.0;GFS
pont_de_chavanay;ICONGFS;2026-10-09T23:00;GFS;6.10;6.40;312.0;10.8;0.00;54.0;GFS
pont_de_chavanay;ICONGFS;2026-10-10T00:00;GFS;5.90;6.00;311.0;10.4;0.00;74.0;GFS
pont_de_chavanay;ICONGFS;2026-10-10T01:00;GFS;5.80;6.20;315.0;10.3;0.00;95.0;GFS
pont_de_chavanay;ICONGFS;2026-10-10T02:00;GFS;5.80;6.20;318.0;10.1;0.00;100.0;GFS
pont_de_chavanay;ICONGFS;2026-10-10T03:00;GFS;5.70;6.00;319.0;9.6;0.00;76.0;GFS
pont_de_chavanay;ICONGFS;2026-10-10T04:00;GFS;5.30;5.80;321.0;9.0;0.00;37.0;GFS
pont_de_chavanay;ICONGFS;2026-10-10T05:00;GFS;5.10;5.60;323.0;8.5;0.00;9.0;GFS
pont_de_chavanay;ICONGFS;2026-10-10T06:00;GFS;5.00;5.10;324.0;7.8;0.00;5.0;GFS
pont_de_chavanay;ICONGFS;2026-10-10T07:00;GFS;4.60;4.50;327.0;7.3;0.00;13.0;GFS
pont_de_chavanay;ICONGFS;2026-10-10T08:00;GFS;4.80;4.70;333.0;7.6;0.00;18.0;GFS
pont_de_chavanay;ICONGFS;2026-10-10T09:00;GFS;5.50;6.00;343.0;9.4;0.00;15.0;GFS
pont_de_chavanay;ICONGFS;2026-10-10T10:00;GFS;6.50;8.20;350.0;12.2;0.00;10.0;GFS
pont_de_chavanay;ICONGFS;2026-10-10T11:00;GFS;7.60;9.70;356.0;14.6;0.00;7.0;GFS
pont_de_chavanay;ICONGFS;2026-10-10T12:00;GFS;8.40;10.10;359.0;16.3;0.00;8.0;GFS
pont_de_chavanay;ICONGFS;2026-10-10T13:00;GFS;8.90;9.90;360.0;17.6;0.00;10.0;GFS
pont_de_chavanay;ICONGFS;2026-10-10T14:00;GFS;9.30;9.70;2.0;18.6;0.00;12.0;GFS
pont_de_chavanay;ICONGFS;2026-10-10T15:00;GFS;9.60;9.90;5.0;19.2;0.00;13.0;GFS
pont_de_chavanay;ICONGFS;2026-10-10T16:00;GFS;9.60;9.90;8.0;19.4;0.00;14.0;GFS
pont_de_chavanay;ICONGFS;2026-10-10T17:00;GFS;9.00;9.30;9.0;18.9;0.00;15.0;GFS
pont_de_chavanay;ICONGFS;2026-10-10T18:00;GFS;7.40;7.60;3.0;17.2;0.00;16.0;GFS
pont_de_chavanay;ICONGFS;2026-10-10T19:00;GFS;5.50;5.10;350.0;14.8;0.00;17.0;GFS
pont_de_chavanay;ICONGFS;2026-10-10T20:00;GFS;4.30;3.30;333.0;12.9;0.00;18.0;GFS
pont_de_chavanay;ICONGFS;2026-10-10T21:00;GFS;3.90;2.90;323.0;11.9;0.00;20.0;GFS
pont_de_chavanay;ICONGFS;2026-10-10T22:00;GFS;3.60;3.30;319.0;11.5;0.00;22.0;GFS
pont_de_chavanay;ICONGFS;2026-10-10T23:00;GFS;3.40;3.50;317.0;11.1;0.00;22.0;GFS
pont_de_chavanay;ICONGFS;2026-10-11T00:00;GFS;3.20;3.50;317.0;10.6;0.00;20.0;GFS
pont_de_chavanay;ICONGFS;2026-10-11T01:00;GFS;3.20;3.50;322.0;10.2;0.00;16.0;GFS
pont_de_chavanay;ICONGFS;2026-10-11T02:00;GFS;3.10;3.50;325.0;9.8;0.00;13.0;GFS
pont_de_chavanay;ICONGFS;2026-10-11T03:00;GFS;3.10;3.50;325.0;9.5;0.00;10.0;GFS
pont_de_chavanay;ICONGFS;2026-10-11T04:00;GFS;3.00;3.50;328.0;9.2;0.00;8.0;GFS
pont_de_chavanay;ICONGFS;2026-10-11T05:00;GFS;3.00;3.30;328.0;9.0;0.00;6.0;GFS
pont_de_chavanay;ICONGFS;2026-10-11T06:00;GFS;2.90;3.10;332.0;8.5;0.00;5.0;GFS
pont_de_chavanay;ICONGFS;2026-10-11T07:00;GFS;2.70;2.90;330.0;7.9;0.00;5.0;GFS
pont_de_chavanay;ICONGFS;2026-10-11T08:00;GFS;2.70;2.70;339.0;8.3;0.00;4.0;GFS
pont_de_chavanay;ICONGFS;2026-10-11T09:00;GFS;2.90;2.70;356.0;10.1;0.00;3.0;GFS
pont_de_chavanay;ICONGFS;2026-10-11T10:00;GFS;3.50;2.70;9.0;12.8;0.00;1.0;GFS
pont_de_chavanay;ICONGFS;2026-10-11T11:00;GFS;4.10;2.70;19.0;15.2;0.00;0.0;GFS
pont_de_chavanay;ICONGFS;2026-10-11T12:00;GFS;4.40;2.70;23.0;17.0;0.00;0.0;GFS
pont_de_chavanay;ICONGFS;2026-10-11T13:00;GFS;4.50;2.70;25.0;18.7;0.00;0.0;GFS
pont_de_chavanay;ICONGFS;2026-10-11T14:00;GFS;4.30;2.70;30.0;19.9;0.00;0.0;GFS
pont_de_chavanay;ICONGFS;2026-10-11T15:00;GFS;3.70;2.50;39.0;20.7;0.00;0.0;GFS
pont_de_chavanay;ICONGFS;2026-10-11T16:00;GFS;2.90;2.30;53.0;21.1;0.00;0.0;GFS
pont_de_chavanay;ICONGFS;2026-10-11T17:00;GFS;2.30;2.10;70.0;20.7;0.00;0.0;GFS
pont_de_chavanay;ICONGFS;2026-10-11T18:00;GFS;1.20;1.90;81.0;18.9;0.00;0.0;GFS
pont_de_chavanay;ICONGFS;2026-10-11T19:00;GFS;0.30;1.60;225.0;16.4;0.00;0.0;GFS
pont_de_chavanay;ICONGFS;2026-10-11T20:00;GFS;1.30;1.60;243.0;14.4;0.00;5.0;GFS
pont_de_chavanay;ICONGFS;2026-10-11T21:00;GFS;1.90;2.10;225.0;13.5;0.00;23.0;GFS
pont_de_chavanay;ICONGFS;2026-10-11T22:00;GFS;2.50;2.90;212.0;13.2;0.00;48.0;GFS
pont_de_chavanay;ICONGFS;2026-10-11T23:00;GFS;3.00;3.30;203.0;13.0;0.00;69.0;GFS
pont_de_chavanay;ICONGFS;2026-10-12T00:00;GFS;2.90;3.10;200.0;12.5;0.00;82.0;GFS
pont_de_chavanay;ICONGFS;2026-10-12T01:00;GFS;2.60;2.70;197.0;12.1;0.00;91.0;GFS
pont_de_chavanay;ICONGFS;2026-10-12T02:00;GFS;2.00;2.30;197.0;11.8;0.00;96.0;GFS
pont_de_chavanay;ICONGFS;2026-10-12T03:00;GFS;1.30;2.10;207.0;11.4;0.00;94.0;GFS
pont_de_chavanay;ICONGFS;2026-10-12T04:00;GFS;0.60;1.90;252.0;11.1;0.00;87.0;GFS
pont_de_chavanay;ICONGFS;2026-10-12T05:00;GFS;1.00;1.90;307.0;10.9;0.00;84.0;GFS
pont_de_chavanay;ICONGFS;2026-10-12T06:00;GFS;1.50;2.10;320.0;10.5;0.00;88.0;GFS
pont_de_chavanay;ICONGFS;2026-10-12T07:00;GFS;2.20;2.50;322.0;10.1;0.00;95.0;GFS
pont_de_chavanay;ICONGFS;2026-10-12T08:00;GFS;2.70;2.70;330.0;10.4;0.00;100.0;GFS
pont_de_chavanay;ICONGFS;2026-10-12T09:00;GFS;2.80;2.90;344.0;11.8;0.00;100.0;GFS
pont_de_chavanay;ICONGFS;2026-10-12T10:00;GFS;2.90;2.90;4.0;14.0;0.00;100.0;GFS
pont_de_chavanay;ICONGFS;2026-10-12T11:00;GFS;3.40;3.10;16.0;16.0;0.00;100.0;GFS
pont_de_chavanay;ICONGFS;2026-10-12T12:00;GFS;4.00;3.50;23.0;17.6;0.00;99.0;GFS
pont_de_chavanay;ICONGFS;2026-10-12T13:00;GFS;4.70;4.10;30.0;19.1;0.00;96.0;GFS
pont_de_chavanay;ICONGFS;2026-10-12T14:00;GFS;5.10;4.50;32.0;20.2;0.00;86.0;GFS
pont_de_chavanay;ICONGFS;2026-10-12T15:00;GFS;5.30;4.70;36.0;20.8;0.00;60.0;GFS
pont_de_chavanay;ICONGFS;2026-10-12T16:00;GFS;5.40;4.50;41.0;20.9;0.00;28.0;GFS
pont_de_chavanay;ICONGFS;2026-10-12T17:00;GFS;5.10;4.30;40.0;20.4;0.00;7.0;GFS
pont_de_chavanay;ICONGFS;2026-10-12T18:00;GFS;4.40;3.90;32.0;18.7;0.00;8.0;GFS
pont_de_chavanay;ICONGFS;2026-10-12T19:00;GFS;3.80;3.10;12.0;16.4;0.00;20.0;GFS
pont_de_chavanay;ICONGFS;2026-10-12T20:00;GFS;3.50;2.70;351.0;14.6;0.00;36.0;GFS
pont_de_chavanay;ICONGFS;2026-10-12T21:00;GFS;3.60;2.50;338.0;13.9;0.00;55.0;GFS
pont_de_chavanay;ICONGFS;2026-10-12T22:00;GFS;3.60;2.70;324.0;13.8;0.00;78.0;GFS
pont_de_chavanay;ICONGFS;2026-10-12T23:00;GFS;3.70;2.90;321.0;13.6;0.00;95.0;GFS
portes_les_valence;ICONGFS;2026-09-27T00:00;ICONCH1;8.20;15.00;205.0;19.6;0.00;0.0;ICONCH1
portes_les_valence;ICONGFS;2026-09-27T01:00;ICONCH1;7.20;12.60;207.0;18.4;0.00;0.0;ICONCH1
portes_les_valence;ICONGFS;2026-09-27T02:00;ICONCH1;7.70;11.70;207.0;17.6;0.00;0.0;ICONCH1
portes_les_valence;ICONGFS;2026-09-27T03:00;ICONCH1;7.10;11.70;209.0;17.1;0.00;2.0;ICONCH1
portes_les_valence;ICONGFS;2026-09-27T04:00;ICONCH1;7.10;11.10;209.0;16.8;0.00;56.0;ICONCH1
portes_les_valence;ICONGFS;2026-09-27T05:00;ICONCH1;6.90;10.70;202.0;16.6;0.00;58.0;ICONCH1
portes_les_valence;ICONGFS;2026-09-27T06:00;ICONCH1;6.60;10.70;199.0;16.5;0.00;53.0;ICONCH1
portes_les_valence;ICONGFS;2026-09-27T07:00;ICONCH1;6.30;10.30;202.0;16.4;0.00;42.0;ICONCH1
portes_les_valence;ICONGFS;2026-09-27T08:00;ICONCH1;7.20;11.30;194.0;17.1;0.00;82.0;ICONCH1
portes_les_valence;ICONGFS;2026-09-27T09:00;ICONCH1;8.10;12.80;188.0;18.9;0.00;71.0;ICONCH1
portes_les_valence;ICONGFS;2026-09-27T10:00;ICONCH1;10.80;17.30;187.0;21.4;0.00;47.0;ICONCH1
portes_les_valence;ICONGFS;2026-09-27T11:00;ICONCH1;14.80;23.70;191.0;23.5;0.00;20.0;ICONCH1
portes_les_valence;ICONGFS;2026-09-27T12:00;ICONCH1;16.30;26.20;195.0;24.8;0.00;10.0;ICONCH1
portes_les_valence;ICONGFS;2026-09-27T13:00;ICONCH1;17.00;27.20;198.0;26.1;0.00;90.0;ICONCH1
portes_les_valence;ICONGFS;2026-09-27T14:00;ICONCH1;17.10;27.80;199.0;27.1;0.00;10.0;ICONCH1
portes_les_valence;ICONGFS;2026-09-27T15:00;ICONCH1;17.20;28.00;200.0;27.6;0.00;0.0;ICONCH1
portes_les_valence;ICONGFS;2026-09-27T16:00;ICONCH1;16.20;27.80;199.0;28.2;0.00;0.0;ICONCH1
portes_les_valence;ICONGFS;2026-09-27T17:00;ICONCH1;15.90;27.00;199.0;28.2;0.00;0.0;ICONCH1
portes_les_valence;ICONGFS;2026-09-27T18:00;ICONCH1;14.00;25.50;197.0;27.8;0.00;0.0;ICONCH1
portes_les_valence;ICONGFS;2026-09-27T19:00;ICONCH1;11.00;22.40;197.0;26.6;0.00;72.0;ICONCH1
portes_les_valence;ICONGFS;2026-09-27T20:00;ICONCH1;6.60;16.90;208.0;23.5;0.00;63.0;ICONCH1
portes_les_valence;ICONGFS;2026-09-27T21:00;ICONCH1;7.90;12.10;205.0;21.6;0.00;67.0;ICONCH1
portes_les_valence;ICONGFS;2026-09-27T22:00;ICONCH1;7.20;12.10;213.0;20.4;0.00;27.0;ICONCH1
portes_les_valence;ICONGFS;2026-09-27T23:00;ICONCH1;8.60;13.40;211.0;19.8;0.00;3.0;ICONCH1
portes_les_valence;ICONGFS;2026-09-28T00:00;ICONCH1;8.20;13.60;205.0;18.9;0.00;100.0;ICONCH1
portes_les_valence;ICONGFS;2026-09-28T01:00;ICONCH1;8.60;13.40;208.0;18.3;0.00;72.0;ICONCH1
portes_les_valence;ICONGFS;2026-09-28T02:00;ICONCH1;7.70;13.60;205.0;17.8;0.00;81.0;ICONCH1
portes_les_valence;ICONGFS;2026-09-28T03:00;ICONCH1;7.70;12.20;204.0;17.4;0.00;100.0;ICONCH1
portes_les_valence;ICONGFS;2026-09-28T04:00;ICONCH1;7.70;11.90;201.0;17.3;0.00;90.0;ICONCH1
portes_les_valence;ICONGFS;2026-09-28T05:00;ICONCH1;7.10;11.90;197.0;16.8;0.00;76.0;ICONCH1
portes_les_valence;ICONGFS;2026-09-28T06:00;ICONCH1;6.10;10.90;197.0;16.4;0.00;92.0;ICONCH1
portes_les_valence;ICONGFS;2026-09-28T07:00;ICONCH1;5.90;9.50;191.0;16.2;0.00;100.0;ICONCH1
portes_les_valence;ICONGFS;2026-09-28T08:00;ICONCH1;5.30;9.10;188.0;16.1;0.00;100.0;ICONCH1
portes_les_valence;ICONGFS;2026-09-28T09:00;ICONCH1;7.40;11.70;192.0;17.7;0.00;88.0;ICONCH1
portes_les_valence;ICONGFS;2026-09-28T10:00;ICONCH1;8.30;13.80;192.0;20.4;0.00;90.0;ICONCH1
portes_les_valence;ICONGFS;2026-09-28T11:00;ICONCH1;10.40;16.90;197.0;22.9;0.00;85.0;ICONCH1
portes_les_valence;ICONGFS;2026-09-28T12:00;ICONCH1;13.50;21.80;198.0;24.5;0.00;100.0;ICONCH1
portes_les_valence;ICONGFS;2026-09-28T13:00;ICONCH1;16.00;25.70;198.0;25.9;0.00;100.0;ICONCH1
portes_les_valence;ICONGFS;2026-09-28T14:00;ICONCH1;16.90;27.00;202.0;27.3;0.00;81.0;ICONCH1
portes_les_valence;ICONGFS;2026-09-28T15:00;ICONCH1;17.10;28.00;205.0;27.6;0.00;94.0;ICONCH1
portes_les_valence;ICONGFS;2026-09-28T16:00;ICONCH1;17.10;28.80;206.0;28.1;0.00;98.0;ICONCH1
portes_les_valence;ICONGFS;2026-09-28T17:00;ICONCH1;17.60;29.50;203.0;27.9;0.00;100.0;ICONCH1
portes_les_valence;ICONGFS;2026-09-28T18:00;ICONCH2;13.80;25.90;196.0;26.3;0.00;100.0;ICONCH2
portes_les_valence;ICONGFS;2026-09-28T19:00;ICONCH2;11.10;21.80;192.0;25.0;0.00;100.0;ICONCH2
portes_les_valence;ICONGFS;2026-09-28T20:00;ICONCH2;7.50;17.50;195.0;23.0;0.00;100.0;ICONCH2
portes_les_valence;ICONGFS;2026-09-28T21:00;ICONCH2;7.20;12.40;193.0;21.5;0.00;100.0;ICONCH2
portes_les_valence;ICONGFS;2026-09-28T22:00;ICONCH2;9.00;15.00;194.0;20.7;0.00;100.0;ICONCH2
portes_les_valence;ICONGFS;2026-09-28T23:00;ICONCH2;8.80;15.20;193.0;19.6;0.00;100.0;ICONCH2
portes_les_valence;ICONGFS;2026-09-29T00:00;ICONCH2;8.50;14.60;196.0;18.9;0.00;100.0;ICONCH2
portes_les_valence;ICONGFS;2026-09-29T01:00;ICONCH2;8.00;14.00;193.0;18.4;0.00;100.0;ICONCH2
portes_les_valence;ICONGFS;2026-09-29T02:00;ICONCH2;8.00;13.20;194.0;18.0;0.00;31.0;ICONCH2
portes_les_valence;ICONGFS;2026-09-29T03:00;ICONCH2;8.20;13.40;194.0;17.7;0.00;89.0;ICONCH2
portes_les_valence;ICONGFS;2026-09-29T04:00;ICONCH2;7.80;13.40;194.0;17.5;0.00;100.0;ICONCH2
portes_les_valence;ICONGFS;2026-09-29T05:00;ICONCH2;6.90;12.80;191.0;17.2;0.00;100.0;ICONCH2
portes_les_valence;ICONGFS;2026-09-29T06:00;ICONCH2;6.70;11.50;190.0;17.1;0.00;100.0;ICONCH2
portes_les_valence;ICONGFS;2026-09-29T07:00;ICONCH2;6.30;11.30;189.0;17.0;0.00;100.0;ICONCH2
portes_les_valence;ICONGFS;2026-09-29T08:00;ICONCH2;5.60;10.50;182.0;16.7;0.00;84.0;ICONCH2
portes_les_valence;ICONGFS;2026-09-29T09:00;ICONCH2;7.20;12.20;185.0;18.4;0.00;100.0;ICONCH2
portes_les_valence;ICONGFS;2026-09-29T10:00;ICONCH2;10.20;16.50;189.0;20.5;0.00;85.0;ICONCH2
portes_les_valence;ICONGFS;2026-09-29T11:00;ICONCH2;13.50;21.80;192.0;23.1;0.00;98.0;ICONCH2
portes_les_valence;ICONGFS;2026-09-29T12:00;ICONCH2;17.10;27.60;199.0;24.9;0.00;95.0;ICONCH2
portes_les_valence;ICONGFS;2026-09-29T13:00;ICONCH2;18.20;29.50;203.0;26.1;0.00;99.0;ICONCH2
portes_les_valence;ICONGFS;2026-09-29T14:00;ICONCH2;18.40;29.70;202.0;27.1;0.00;84.0;ICONCH2
portes_les_valence;ICONGFS;2026-09-29T15:00;ICONCH2;18.50;29.90;201.0;27.8;0.00;88.0;ICONCH2
portes_les_valence;ICONGFS;2026-09-29T16:00;ICONCH2;17.10;29.90;208.0;27.7;0.00;100.0;ICONCH2
portes_les_valence;ICONGFS;2026-09-29T17:00;ICONCH2;16.10;27.40;205.0;27.2;0.00;100.0;ICONCH2
portes_les_valence;ICONGFS;2026-09-29T18:00;ICONCH2;14.30;26.20;198.0;26.8;0.00;100.0;ICONCH2
portes_les_valence;ICONGFS;2026-09-29T19:00;ICONCH2;12.40;22.70;204.0;25.5;0.00;100.0;ICONCH2
portes_les_valence;ICONGFS;2026-09-29T20:00;ICONCH2;11.10;19.60;199.0;23.9;0.00;96.0;ICONCH2
portes_les_valence;ICONGFS;2026-09-29T21:00;ICONCH2;10.40;17.50;197.0;22.5;0.00;85.0;ICONCH2
portes_les_valence;ICONGFS;2026-09-29T22:00;ICONCH2;9.40;16.50;194.0;21.3;0.00;87.0;ICONCH2
portes_les_valence;ICONGFS;2026-09-29T23:00;ICONCH2;10.50;16.50;195.0;21.0;0.00;77.0;ICONCH2
portes_les_valence;ICONGFS;2026-09-30T00:00;ICONCH2;9.60;16.30;187.0;20.0;0.00;74.0;ICONCH2
portes_les_valence;ICONGFS;2026-09-30T01:00;ICONCH2;9.20;15.90;188.0;19.3;0.00;72.0;ICONCH2
portes_les_valence;ICONGFS;2026-09-30T02:00;ICONCH2;9.60;16.10;186.0;18.6;0.00;100.0;ICONCH2
portes_les_valence;ICONGFS;2026-09-30T03:00;ICONCH2;7.80;15.60;187.0;18.4;0.00;26.0;ICONCH2
portes_les_valence;ICONGFS;2026-09-30T04:00;ICONCH2;6.40;13.00;183.0;18.0;0.00;44.0;ICONCH2
portes_les_valence;ICONGFS;2026-09-30T05:00;ICONCH2;6.30;10.90;187.0;17.9;0.00;43.0;ICONCH2
portes_les_valence;ICONGFS;2026-09-30T06:00;ICONCH2;5.70;10.50;184.0;17.6;0.00;37.0;ICONCH2
portes_les_valence;ICONGFS;2026-09-30T07:00;ICONCH2;4.00;9.50;191.0;16.9;0.00;3.0;ICONCH2
portes_les_valence;ICONGFS;2026-09-30T08:00;ICONCH2;3.00;6.80;191.0;16.4;0.00;7.0;ICONCH2
portes_les_valence;ICONGFS;2026-09-30T09:00;ICONCH2;3.60;6.60;196.0;18.2;0.00;7.0;ICONCH2
portes_les_valence;ICONGFS;2026-09-30T10:00;ICONCH2;10.20;16.50;193.0;22.3;0.00;21.0;ICONCH2
portes_les_valence;ICONGFS;2026-09-30T11:00;ICONCH2;13.50;21.80;200.0;24.6;0.00;45.0;ICONCH2
portes_les_valence;ICONGFS;2026-09-30T12:00;ICONCH2;14.90;23.90;204.0;25.4;0.00;94.0;ICONCH2
portes_les_valence;ICONGFS;2026-09-30T13:00;ICONCH2;15.20;26.00;216.0;25.9;0.00;98.0;ICONCH2
portes_les_valence;ICONGFS;2026-09-30T14:00;ICONCH2;14.70;24.70;215.0;26.3;0.00;96.0;ICONCH2
portes_les_valence;ICONGFS;2026-09-30T15:00;ICONCH2;12.50;23.50;217.0;26.6;0.00;100.0;ICONCH2
portes_les_valence;ICONGFS;2026-09-30T16:00;ICONCH2;13.40;23.10;214.0;26.9;0.00;92.0;ICONCH2
portes_les_valence;ICONGFS;2026-09-30T17:00;ICONCH2;14.20;24.10;212.0;26.2;0.00;100.0;ICONCH2
portes_les_valence;ICONGFS;2026-09-30T18:00;ICONCH2;13.10;22.70;207.0;25.4;0.00;99.0;ICONCH2
portes_les_valence;ICONGFS;2026-09-30T19:00;ICONCH2;10.00;21.00;213.0;23.8;0.00;100.0;ICONCH2
portes_les_valence;ICONGFS;2026-09-30T20:00;ICONCH2;8.50;15.90;196.0;22.6;0.00;100.0;ICONCH2
portes_les_valence;ICONGFS;2026-09-30T21:00;ICONCH2;9.40;14.60;193.0;22.0;0.00;100.0;ICONCH2
portes_les_valence;ICONGFS;2026-09-30T22:00;ICONCH2;9.80;16.10;186.0;21.3;0.00;100.0;ICONCH2
portes_les_valence;ICONGFS;2026-09-30T23:00;ICONCH2;8.80;15.40;184.0;21.0;0.00;98.0;ICONCH2
portes_les_valence;ICONGFS;2026-10-01T00:00;ICONCH2;9.30;14.60;190.0;20.7;0.00;99.0;ICONCH2
portes_les_valence;ICONGFS;2026-10-01T01:00;ICONCH2;9.90;15.60;190.0;20.4;0.00;98.0;ICONCH2
portes_les_valence;ICONGFS;2026-10-01T02:00;ICONCH2;10.30;16.70;190.0;20.3;0.00;97.0;ICONCH2
portes_les_valence;ICONGFS;2026-10-01T03:00;ICONCH2;9.40;16.30;193.0;20.1;0.00;100.0;ICONCH2
portes_les_valence;ICONGFS;2026-10-01T04:00;ICONCH2;8.30;14.80;192.0;19.9;0.00;100.0;ICONCH2
portes_les_valence;ICONGFS;2026-10-01T05:00;ICONCH2;8.30;13.60;189.0;19.6;0.00;97.0;ICONCH2
portes_les_valence;ICONGFS;2026-10-01T06:00;ICONCH2;7.90;13.60;189.0;19.4;0.00;100.0;ICONCH2
portes_les_valence;ICONGFS;2026-10-01T07:00;ICONCH2;7.40;12.80;186.0;19.1;0.00;100.0;ICONCH2
portes_les_valence;ICONGFS;2026-10-01T08:00;ICONCH2;7.20;12.20;186.0;18.8;0.00;100.0;ICONCH2
portes_les_valence;ICONGFS;2026-10-01T09:00;ICONCH2;8.20;13.00;185.0;19.7;0.00;100.0;ICONCH2
portes_les_valence;ICONGFS;2026-10-01T10:00;ICONCH2;9.40;15.20;194.0;21.5;0.00;100.0;ICONCH2
portes_les_valence;ICONGFS;2026-10-01T11:00;ICONCH2;12.70;20.40;199.0;23.2;0.00;95.0;ICONCH2
portes_les_valence;ICONGFS;2026-10-01T12:00;ICONCH2;15.10;24.30;204.0;23.1;0.00;100.0;ICONCH2
portes_les_valence;ICONGFS;2026-10-01T13:00;ICONCH2;14.90;24.10;219.0;21.8;0.10;100.0;ICONCH2
portes_les_valence;ICONGFS;2026-10-01T14:00;ICONCH2;10.80;23.90;219.0;20.5;1.00;100.0;ICONCH2
portes_les_valence;ICONGFS;2026-10-01T15:00;ICONCH2;9.50;17.50;206.0;20.8;0.10;100.0;ICONCH2
portes_les_valence;ICONGFS;2026-10-01T16:00;ICONCH2;9.20;15.20;202.0;21.2;0.10;100.0;ICONCH2
portes_les_valence;ICONGFS;2026-10-01T17:00;ICONCH2;7.50;15.00;197.0;21.2;0.00;100.0;ICONCH2
portes_les_valence;ICONGFS;2026-10-01T18:00;ICONCH2;4.40;11.90;193.0;20.7;0.00;100.0;ICONCH2
portes_les_valence;ICONGFS;2026-10-01T19:00;ICONCH2;4.10;8.40;188.0;20.3;0.00;100.0;ICONCH2
portes_les_valence;ICONGFS;2026-10-01T20:00;ICONCH2;2.30;7.20;222.0;19.3;0.00;100.0;ICONCH2
portes_les_valence;ICONGFS;2026-10-01T21:00;ICONCH2;2.10;4.10;229.0;18.9;0.00;100.0;ICONCH2
portes_les_valence;ICONGFS;2026-10-01T22:00;ICONCH2;1.40;4.50;236.0;18.6;0.00;100.0;ICONCH2
portes_les_valence;ICONGFS;2026-10-01T23:00;ICONCH2;1.00;2.50;360.0;17.9;0.00;100.0;ICONCH2
portes_les_valence;ICONGFS;2026-10-02T00:00;ICON13KM;7.40;12.80;18.0;17.5;0.00;91.0;ICON13KM
portes_les_valence;ICONGFS;2026-10-02T01:00;ICON13KM;7.30;12.80;16.0;17.3;0.00;82.0;ICON13KM
portes_les_valence;ICONGFS;2026-10-02T02:00;ICON13KM;7.20;12.80;14.0;17.2;0.00;73.0;ICON13KM
portes_les_valence;ICONGFS;2026-10-02T03:00;ICON13KM;7.20;12.80;13.0;17.2;0.00;80.0;ICON13KM
portes_les_valence;ICONGFS;2026-10-02T04:00;ICON13KM;7.10;12.60;11.0;17.3;0.00;88.0;ICON13KM
portes_les_valence;ICONGFS;2026-10-02T05:00;ICON13KM;7.10;12.60;9.0;17.3;0.00;95.0;ICON13KM
portes_les_valence;ICONGFS;2026-10-02T06:00;ICON13KM;7.10;12.60;11.0;17.0;0.00;88.0;ICON13KM
portes_les_valence;ICONGFS;2026-10-02T07:00;ICON13KM;7.20;12.80;13.0;16.7;0.00;80.0;ICON13KM
portes_les_valence;ICONGFS;2026-10-02T08:00;ICON13KM;7.20;12.80;14.0;16.4;0.00;73.0;ICON13KM
portes_les_valence;ICONGFS;2026-10-02T09:00;ICON13KM;11.00;19.40;8.0;16.2;0.00;70.0;ICON13KM
portes_les_valence;ICONGFS;2026-10-02T10:00;ICON13KM;13.50;24.10;11.0;17.3;0.00;75.0;ICON13KM
portes_les_valence;ICONGFS;2026-10-02T11:00;ICON13KM;15.30;27.80;12.0;18.3;0.00;79.0;ICON13KM
portes_les_valence;ICONGFS;2026-10-02T12:00;ICON13KM;16.10;29.20;15.0;19.1;0.00;82.0;ICON13KM
portes_les_valence;ICONGFS;2026-10-02T13:00;ICON13KM;16.00;29.50;17.0;19.8;0.00;85.0;ICON13KM
portes_les_valence;ICONGFS;2026-10-02T14:00;ICON13KM;16.10;29.50;18.0;20.4;0.00;88.0;ICON13KM
portes_les_valence;ICONGFS;2026-10-02T15:00;ICON13KM;16.30;29.70;15.0;20.8;0.00;82.0;ICON13KM
portes_les_valence;ICONGFS;2026-10-02T16:00;ICON13KM;16.40;29.50;10.0;21.0;0.00;77.0;ICON13KM
portes_les_valence;ICONGFS;2026-10-02T17:00;ICON13KM;15.80;28.80;6.0;21.0;0.00;71.0;ICON13KM
portes_les_valence;ICONGFS;2026-10-02T18:00;ICON13KM;14.40;26.80;5.0;20.6;0.00;73.0;ICON13KM
portes_les_valence;ICONGFS;2026-10-02T19:00;ICON13KM;12.30;24.30;3.0;19.8;0.00;75.0;ICON13KM
portes_les_valence;ICONGFS;2026-10-02T20:00;ICON13KM;10.10;21.40;1.0;19.1;0.00;77.0;ICON13KM
portes_les_valence;ICONGFS;2026-10-02T21:00;ICON13KM;8.20;18.30;360.0;18.6;0.00;77.0;ICON13KM
portes_les_valence;ICONGFS;2026-10-02T22:00;ICON13KM;6.20;15.00;360.0;18.2;0.00;76.0;ICON13KM
portes_les_valence;ICONGFS;2026-10-02T23:00;ICON13KM;4.70;11.90;358.0;17.7;0.00;76.0;ICON13KM
portes_les_valence;ICONGFS;2026-10-03T00:00;ICON13KM;3.50;9.10;354.0;17.2;0.00;71.0;ICON13KM
portes_les_valence;ICONGFS;2026-10-03T01:00;ICON13KM;2.80;6.40;344.0;16.7;0.00;65.0;ICON13KM
portes_les_valence;ICONGFS;2026-10-03T02:00;ICON13KM;2.30;4.70;336.0;16.1;0.00;60.0;ICON13KM
portes_les_valence;ICONGFS;2026-10-03T03:00;ICON13KM;2.30;3.90;329.0;15.5;0.00;68.0;ICON13KM
portes_les_valence;ICONGFS;2026-10-03T04:00;ICON13KM;2.30;4.10;329.0;14.9;0.00;75.0;ICON13KM
portes_les_valence;ICONGFS;2026-10-03T05:00;ICON13KM;2.20;4.10;322.0;14.3;0.00;83.0;ICON13KM
portes_les_valence;ICONGFS;2026-10-03T06:00;ICON13KM;2.20;3.70;315.0;13.7;0.00;85.0;ICON13KM
portes_les_valence;ICONGFS;2026-10-03T07:00;ICON13KM;2.30;3.30;301.0;13.2;0.00;86.0;ICON13KM
portes_les_valence;ICONGFS;2026-10-03T08:00;ICON13KM;2.00;3.50;287.0;13.4;0.00;88.0;ICON13KM
portes_les_valence;ICONGFS;2026-10-03T09:00;ICON13KM;1.70;4.10;249.0;14.6;0.00;59.0;ICON13KM
portes_les_valence;ICONGFS;2026-10-03T10:00;ICON13KM;2.20;5.10;207.0;16.6;0.00;29.0;ICON13KM
portes_les_valence;ICONGFS;2026-10-03T11:00;ICON13KM;4.00;7.60;194.0;18.5;0.00;0.0;ICON13KM
portes_les_valence;ICONGFS;2026-10-03T12:00;ICON13KM;7.10;12.80;197.0;20.6;0.00;0.0;ICON13KM
portes_les_valence;ICONGFS;2026-10-03T13:00;ICON13KM;10.90;19.40;202.0;22.6;0.00;0.0;ICON13KM
portes_les_valence;ICONGFS;2026-10-03T14:00;ICON13KM;13.30;24.10;203.0;24.1;0.00;0.0;ICON13KM
portes_les_valence;ICONGFS;2026-10-03T15:00;ICON13KM;13.70;25.10;204.0;24.6;0.00;22.0;ICON13KM
portes_les_valence;ICONGFS;2026-10-03T16:00;ICON13KM;12.80;23.90;204.0;24.5;0.00;44.0;ICON13KM
portes_les_valence;ICONGFS;2026-10-03T17:00;ICON13KM;11.30;22.00;204.0;23.9;0.00;66.0;ICON13KM
portes_les_valence;ICONGFS;2026-10-03T18:00;ICON13KM;9.10;18.90;203.0;22.8;0.00;77.0;ICON13KM
portes_les_valence;ICONGFS;2026-10-03T19:00;ICON13KM;6.30;14.80;196.0;21.2;0.00;89.0;ICON13KM
portes_les_valence;ICONGFS;2026-10-03T20:00;ICON13KM;4.30;11.50;188.0;19.8;0.00;100.0;ICON13KM
portes_les_valence;ICONGFS;2026-10-03T21:00;ICON13KM;3.70;9.30;183.0;18.8;0.00;98.0;ICON13KM
portes_les_valence;ICONGFS;2026-10-03T22:00;ICON13KM;3.70;8.00;186.0;18.0;0.00;95.0;ICON13KM
portes_les_valence;ICONGFS;2026-10-03T23:00;ICON13KM;3.70;7.00;186.0;17.3;0.00;93.0;ICON13KM
portes_les_valence;ICONGFS;2026-10-04T00:00;ICON13KM;3.50;6.60;186.0;17.0;0.00;95.0;ICON13KM
portes_les_valence;ICONGFS;2026-10-04T01:00;ICON13KM;3.30;6.80;183.0;16.8;0.00;98.0;ICON13KM
portes_les_valence;ICONGFS;2026-10-04T02:00;ICON13KM;2.90;6.80;188.0;16.5;0.00;100.0;ICON13KM
portes_les_valence;ICONGFS;2026-10-04T03:00;ICON13KM;2.60;6.20;197.0;16.0;0.00;97.0;ICON13KM
portes_les_valence;ICONGFS;2026-10-04T04:00;ICON13KM;2.40;5.20;215.0;15.3;0.00;95.0;ICON13KM
portes_les_valence;ICONGFS;2026-10-04T05:00;ICON13KM;2.30;4.50;228.0;14.7;0.00;92.0;ICON13KM
portes_les_valence;ICONGFS;2026-10-04T06:00;ICON13KM;2.10;3.90;236.0;14.1;0.00;89.0;ICON13KM
portes_les_valence;ICONGFS;2026-10-04T07:00;ICON13KM;2.00;3.50;241.0;13.5;0.00;86.0;ICON13KM
portes_les_valence;ICONGFS;2026-10-04T08:00;ICON13KM;1.90;3.70;233.0;13.7;0.00;83.0;ICON13KM
portes_les_valence;ICONGFS;2026-10-04T09:00;ICON13KM;2.10;4.30;221.0;14.9;0.00;75.0;ICON13KM
portes_les_valence;ICONGFS;2026-10-04T10:00;ICON13KM;2.60;5.40;207.0;16.8;0.00;68.0;ICON13KM
portes_les_valence;ICONGFS;2026-10-04T11:00;ICON13KM;3.80;7.60;201.0;18.7;0.00;60.0;ICON13KM
portes_les_valence;ICONGFS;2026-10-04T12:00;ICON13KM;6.30;11.70;202.0;20.6;0.00;73.0;ICON13KM
portes_les_valence;ICONGFS;2026-10-04T13:00;ICON13KM;9.20;16.90;202.0;22.4;0.00;87.0;ICON13KM
portes_les_valence;ICONGFS;2026-10-04T14:00;ICON13KM;11.40;20.60;203.0;23.8;0.00;100.0;ICON13KM
portes_les_valence;ICONGFS;2026-10-04T15:00;GFS;2.60;3.90;253.0;15.8;0.80;100.0;GFS
portes_les_valence;ICONGFS;2026-10-04T16:00;GFS;1.00;2.10;281.0;15.0;0.80;100.0;GFS
portes_les_valence;ICONGFS;2026-10-04T17:00;GFS;1.00;1.20;22.0;14.5;0.80;100.0;GFS
portes_les_valence;ICONGFS;2026-10-04T18:00;GFS;1.90;1.20;24.0;14.3;0.00;100.0;GFS
portes_les_valence;ICONGFS;2026-10-04T19:00;GFS;2.50;1.90;23.0;14.3;0.00;100.0;GFS
portes_les_valence;ICONGFS;2026-10-04T20:00;GFS;2.90;2.50;20.0;14.3;0.00;100.0;GFS
portes_les_valence;ICONGFS;2026-10-04T21:00;GFS;3.10;2.70;18.0;14.3;0.00;100.0;GFS
portes_les_valence;ICONGFS;2026-10-04T22:00;GFS;3.10;2.70;22.0;14.3;0.00;100.0;GFS
portes_les_valence;ICONGFS;2026-10-04T23:00;GFS;3.10;2.50;18.0;14.3;0.00;100.0;GFS
portes_les_valence;ICONGFS;2026-10-05T00:00;GFS;2.60;2.10;13.0;14.3;0.00;100.0;GFS
portes_les_valence;ICONGFS;2026-10-05T01:00;GFS;2.10;1.60;5.0;14.4;0.00;100.0;GFS
portes_les_valence;ICONGFS;2026-10-05T02:00;GFS;1.80;1.20;354.0;14.3;0.00;100.0;GFS
portes_les_valence;ICONGFS;2026-10-05T03:00;GFS;2.00;1.40;349.0;13.8;0.00;100.0;GFS
portes_les_valence;ICONGFS;2026-10-05T04:00;GFS;2.20;1.70;345.0;13.2;0.00;100.0;GFS
portes_les_valence;ICONGFS;2026-10-05T05:00;GFS;2.50;1.90;342.0;12.6;0.00;100.0;GFS
portes_les_valence;ICONGFS;2026-10-05T06:00;GFS;2.10;1.70;338.0;12.0;0.00;86.0;GFS
portes_les_valence;ICONGFS;2026-10-05T07:00;GFS;1.60;1.40;330.0;11.5;0.00;68.0;GFS
portes_les_valence;ICONGFS;2026-10-05T08:00;GFS;1.60;1.40;330.0;11.6;0.00;59.0;GFS
portes_les_valence;ICONGFS;2026-10-05T09:00;GFS;2.20;1.90;345.0;12.7;0.00;67.0;GFS
portes_les_valence;ICONGFS;2026-10-05T10:00;GFS;3.50;2.90;354.0;14.5;0.00;83.0;GFS
portes_les_valence;ICONGFS;2026-10-05T11:00;GFS;4.70;3.70;358.0;16.2;0.00;96.0;GFS
portes_les_valence;ICONGFS;2026-10-05T12:00;GFS;5.10;3.90;2.0;17.7;0.00;100.0;GFS
portes_les_valence;ICONGFS;2026-10-05T13:00;GFS;5.30;3.90;6.0;19.2;0.00;100.0;GFS
portes_les_valence;ICONGFS;2026-10-05T14:00;GFS;5.70;4.30;8.0;20.4;0.00;100.0;GFS
portes_les_valence;ICONGFS;2026-10-05T15:00;GFS;6.50;4.90;7.0;21.3;0.00;94.0;GFS
portes_les_valence;ICONGFS;2026-10-05T16:00;GFS;7.40;5.80;6.0;21.8;0.00;85.0;GFS
portes_les_valence;ICONGFS;2026-10-05T17:00;GFS;8.00;7.20;6.0;21.7;0.00;81.0;GFS
portes_les_valence;ICONGFS;2026-10-05T18:00;GFS;8.20;9.70;5.0;20.2;0.00;85.0;GFS
portes_les_valence;ICONGFS;2026-10-05T19:00;GFS;7.80;12.60;4.0;18.0;0.00;94.0;GFS
portes_les_valence;ICONGFS;2026-10-05T20:00;GFS;7.40;14.00;5.0;16.3;0.00;100.0;GFS
portes_les_valence;ICONGFS;2026-10-05T21:00;GFS;6.60;12.40;3.0;15.4;0.00;100.0;GFS
portes_les_valence;ICONGFS;2026-10-05T22:00;GFS;5.50;9.30;4.0;15.0;0.00;100.0;GFS
portes_les_valence;ICONGFS;2026-10-05T23:00;GFS;4.70;7.00;5.0;14.8;0.00;100.0;GFS
portes_les_valence;ICONGFS;2026-10-06T00:00;GFS;4.10;6.40;8.0;14.6;0.00;100.0;GFS
portes_les_valence;ICONGFS;2026-10-06T01:00;GFS;4.00;6.60;14.0;14.6;0.00;100.0;GFS
portes_les_valence;ICONGFS;2026-10-06T02:00;GFS;4.30;7.60;18.0;14.5;0.00;100.0;GFS
portes_les_valence;ICONGFS;2026-10-06T03:00;GFS;5.20;9.70;22.0;14.3;0.00;100.0;GFS
portes_les_valence;ICONGFS;2026-10-06T04:00;GFS;6.70;12.40;22.0;14.1;0.00;100.0;GFS
portes_les_valence;ICONGFS;2026-10-06T05:00;GFS;7.60;14.60;19.0;13.9;0.00;100.0;GFS
portes_les_valence;ICONGFS;2026-10-06T06:00;GFS;7.90;15.40;9.0;13.5;0.00;100.0;GFS
portes_les_valence;ICONGFS;2026-10-06T07:00;GFS;8.20;15.60;353.0;13.1;0.00;100.0;GFS
portes_les_valence;ICONGFS;2026-10-06T08:00;GFS;8.80;15.00;347.0;13.1;0.00;100.0;GFS
portes_les_valence;ICONGFS;2026-10-06T09:00;GFS;9.00;13.60;355.0;13.7;0.00;100.0;GFS
portes_les_valence;ICONGFS;2026-10-06T10:00;GFS;9.50;11.50;9.0;14.7;0.00;100.0;GFS
portes_les_valence;ICONGFS;2026-10-06T11:00;GFS;9.50;9.90;19.0;15.3;0.00;100.0;GFS
portes_les_valence;ICONGFS;2026-10-06T12:00;GFS;8.20;9.50;25.0;15.0;0.80;100.0;GFS
portes_les_valence;ICONGFS;2026-10-06T13:00;GFS;6.20;9.50;32.0;14.4;0.80;100.0;GFS
portes_les_valence;ICONGFS;2026-10-06T14:00;GFS;4.40;9.50;38.0;14.1;0.80;100.0;GFS
portes_les_valence;ICONGFS;2026-10-06T15:00;GFS;3.30;9.10;28.0;14.4;0.00;100.0;GFS
portes_les_valence;ICONGFS;2026-10-06T16:00;GFS;2.90;8.60;360.0;15.0;0.00;100.0;GFS
portes_les_valence;ICONGFS;2026-10-06T17:00;GFS;3.10;7.60;342.0;15.5;0.00;100.0;GFS
portes_les_valence;ICONGFS;2026-10-06T18:00;GFS;2.80;6.00;335.0;15.5;0.00;100.0;GFS
portes_les_valence;ICONGFS;2026-10-06T19:00;GFS;2.50;4.10;337.0;15.3;0.00;100.0;GFS
portes_les_valence;ICONGFS;2026-10-06T20:00;GFS;2.20;2.70;345.0;15.2;0.00;100.0;GFS
portes_les_valence;ICONGFS;2026-10-06T21:00;GFS;2.50;2.70;356.0;15.1;0.00;100.0;GFS
portes_les_valence;ICONGFS;2026-10-06T22:00;GFS;3.10;3.30;7.0;15.0;0.00;100.0;GFS
portes_les_valence;ICONGFS;2026-10-06T23:00;GFS;3.50;3.70;9.0;14.9;0.00;100.0;GFS
portes_les_valence;ICONGFS;2026-10-07T00:00;GFS;3.70;3.50;6.0;14.5;0.00;99.0;GFS
portes_les_valence;ICONGFS;2026-10-07T01:00;GFS;3.90;3.30;3.0;14.1;0.00;98.0;GFS
portes_les_valence;ICONGFS;2026-10-07T02:00;GFS;4.10;3.10;360.0;13.7;0.00;94.0;GFS
portes_les_valence;ICONGFS;2026-10-07T03:00;GFS;4.10;3.10;360.0;13.3;0.00;86.0;GFS
portes_les_valence;ICONGFS;2026-10-07T04:00;GFS;4.10;3.10;3.0;12.8;0.00;75.0;GFS
portes_les_valence;ICONGFS;2026-10-07T05:00;GFS;4.10;3.30;5.0;12.5;0.00;68.0;GFS
portes_les_valence;ICONGFS;2026-10-07T06:00;GFS;4.30;3.90;5.0;12.0;0.00;67.0;GFS
portes_les_valence;ICONGFS;2026-10-07T07:00;GFS;4.70;4.50;7.0;11.7;0.00;70.0;GFS
portes_les_valence;ICONGFS;2026-10-07T08:00;GFS;5.30;5.40;4.0;11.8;0.00;73.0;GFS
portes_les_valence;ICONGFS;2026-10-07T09:00;GFS;6.60;6.80;360.0;12.7;0.00;75.0;GFS
portes_les_valence;ICONGFS;2026-10-07T10:00;GFS;8.20;8.60;356.0;14.1;0.00;77.0;GFS
portes_les_valence;ICONGFS;2026-10-07T11:00;GFS;9.20;9.50;354.0;15.6;0.00;79.0;GFS
portes_les_valence;ICONGFS;2026-10-07T12:00;GFS;9.20;9.10;354.0;17.0;0.00;81.0;GFS
portes_les_valence;ICONGFS;2026-10-07T13:00;GFS;8.60;8.20;355.0;18.5;0.00;83.0;GFS
portes_les_valence;ICONGFS;2026-10-07T14:00;GFS;8.00;7.40;357.0;19.7;0.00;83.0;GFS
portes_les_valence;ICONGFS;2026-10-07T15:00;GFS;7.80;7.20;1.0;20.6;0.00;77.0;GFS
portes_les_valence;ICONGFS;2026-10-07T16:00;GFS;7.60;7.40;6.0;21.3;0.00;68.0;GFS
portes_les_valence;ICONGFS;2026-10-07T17:00;GFS;7.30;7.20;9.0;21.2;0.00;65.0;GFS
portes_les_valence;ICONGFS;2026-10-07T18:00;GFS;6.70;6.60;10.0;19.7;0.00;74.0;GFS
portes_les_valence;ICONGFS;2026-10-07T19:00;GFS;6.10;6.00;9.0;17.6;0.00;89.0;GFS
portes_les_valence;ICONGFS;2026-10-07T20:00;GFS;5.30;5.20;8.0;16.0;0.00;100.0;GFS
portes_les_valence;ICONGFS;2026-10-07T21:00;GFS;4.30;4.50;5.0;15.6;0.00;100.0;GFS
portes_les_valence;ICONGFS;2026-10-07T22:00;GFS;3.50;3.70;357.0;15.8;0.00;100.0;GFS
portes_les_valence;ICONGFS;2026-10-07T23:00;GFS;3.00;3.10;349.0;15.9;0.00;100.0;GFS
portes_les_valence;ICONGFS;2026-10-08T00:00;GFS;3.10;3.10;353.0;15.7;0.10;100.0;GFS
portes_les_valence;ICONGFS;2026-10-08T01:00;GFS;3.50;3.30;360.0;15.5;0.10;100.0;GFS
portes_les_valence;ICONGFS;2026-10-08T02:00;GFS;4.10;3.90;5.0;15.2;0.10;100.0;GFS
portes_les_valence;ICONGFS;2026-10-08T03:00;GFS;4.60;4.90;12.0;14.6;0.30;100.0;GFS
portes_les_valence;ICONGFS;2026-10-08T04:00;GFS;4.90;6.00;18.0;13.9;0.30;100.0;GFS
portes_les_valence;ICONGFS;2026-10-08T05:00;GFS;5.40;7.60;21.0;13.4;0.30;100.0;GFS
portes_les_valence;ICONGFS;2026-10-08T06:00;GFS;5.80;9.70;20.0;13.0;0.20;100.0;GFS
portes_les_valence;ICONGFS;2026-10-08T07:00;GFS;6.00;12.10;15.0;12.9;0.20;100.0;GFS
portes_les_valence;ICONGFS;2026-10-08T08:00;GFS;6.90;13.80;10.0;13.1;0.20;100.0;GFS
portes_les_valence;ICONGFS;2026-10-08T09:00;GFS;8.60;14.60;5.0;13.8;0.00;97.0;GFS
portes_les_valence;ICONGFS;2026-10-08T10:00;GFS;10.90;14.80;3.0;14.8;0.00;93.0;GFS
portes_les_valence;ICONGFS;2026-10-08T11:00;GFS;12.50;14.80;3.0;15.9;0.00;91.0;GFS
portes_les_valence;ICONGFS;2026-10-08T12:00;GFS;13.10;14.40;6.0;17.1;0.00;93.0;GFS
portes_les_valence;ICONGFS;2026-10-08T13:00;GFS;13.20;13.80;10.0;18.3;0.00;97.0;GFS
portes_les_valence;ICONGFS;2026-10-08T14:00;GFS;13.30;13.60;13.0;19.2;0.00;100.0;GFS
portes_les_valence;ICONGFS;2026-10-08T15:00;GFS;13.70;14.00;11.0;19.5;0.00;100.0;GFS
portes_les_valence;ICONGFS;2026-10-08T16:00;GFS;14.20;14.80;9.0;19.4;0.00;100.0;GFS
portes_les_valence;ICONGFS;2026-10-08T17:00;GFS;13.90;15.20;7.0;19.1;0.00;100.0;GFS
portes_les_valence;ICONGFS;2026-10-08T18:00;GFS;12.60;15.20;8.0;18.3;0.00;100.0;GFS
portes_les_valence;ICONGFS;2026-10-08T19:00;GFS;10.40;15.00;10.0;17.1;0.00;100.0;GFS
portes_les_valence;ICONGFS;2026-10-08T20:00;GFS;8.70;14.80;12.0;16.2;0.00;100.0;GFS
portes_les_valence;ICONGFS;2026-10-08T21:00;GFS;7.80;14.40;13.0;15.6;0.00;100.0;GFS
portes_les_valence;ICONGFS;2026-10-08T22:00;GFS;7.00;13.80;13.0;15.2;0.00;100.0;GFS
portes_les_valence;ICONGFS;2026-10-08T23:00;GFS;6.60;13.80;15.0;14.8;0.00;100.0;GFS
portes_les_valence;ICONGFS;2026-10-09T00:00;GFS;6.60;14.40;19.0;14.4;0.00;100.0;GFS
portes_les_valence;ICONGFS;2026-10-09T01:00;GFS;7.00;15.60;24.0;14.0;0.00;100.0;GFS
portes_les_valence;ICONGFS;2026-10-09T02:00;GFS;7.40;16.50;27.0;13.7;0.00;100.0;GFS
portes_les_valence;ICONGFS;2026-10-09T03:00;GFS;7.80;17.50;27.0;13.5;0.00;100.0;GFS
portes_les_valence;ICONGFS;2026-10-09T04:00;GFS;8.40;18.50;23.0;13.3;0.00;100.0;GFS
portes_les_valence;ICONGFS;2026-10-09T05:00;GFS;8.80;19.20;22.0;13.1;0.00;100.0;GFS
portes_les_valence;ICONGFS;2026-10-09T06:00;GFS;8.70;19.40;21.0;12.4;0.00;100.0;GFS
portes_les_valence;ICONGFS;2026-10-09T07:00;GFS;8.50;19.60;20.0;11.6;0.00;100.0;GFS
portes_les_valence;ICONGFS;2026-10-09T08:00;GFS;9.10;19.80;20.0;11.5;0.00;100.0;GFS
portes_les_valence;ICONGFS;2026-10-09T09:00;GFS;11.30;20.60;19.0;12.7;0.00;72.0;GFS
portes_les_valence;ICONGFS;2026-10-09T10:00;GFS;14.20;21.60;19.0;14.6;0.00;34.0;GFS
portes_les_valence;ICONGFS;2026-10-09T11:00;GFS;16.60;22.20;18.0;16.4;0.00;6.0;GFS
portes_les_valence;ICONGFS;2026-10-09T12:00;GFS;17.70;22.20;17.0;17.8;0.00;0.0;GFS
portes_les_valence;ICONGFS;2026-10-09T13:00;GFS;18.50;21.60;17.0;19.1;0.00;0.0;GFS
portes_les_valence;ICONGFS;2026-10-09T14:00;GFS;18.50;21.20;15.0;20.0;0.00;2.0;GFS
portes_les_valence;ICONGFS;2026-10-09T15:00;GFS;18.20;20.60;14.0;20.4;0.00;2.0;GFS
portes_les_valence;ICONGFS;2026-10-09T16:00;GFS;17.80;20.20;13.0;20.3;0.00;3.0;GFS
portes_les_valence;ICONGFS;2026-10-09T17:00;GFS;16.90;20.20;12.0;19.9;0.00;5.0;GFS
portes_les_valence;ICONGFS;2026-10-09T18:00;GFS;15.80;21.60;11.0;18.8;0.00;8.0;GFS
portes_les_valence;ICONGFS;2026-10-09T19:00;GFS;14.80;23.30;10.0;17.3;0.00;11.0;GFS
portes_les_valence;ICONGFS;2026-10-09T20:00;GFS;13.80;24.90;9.0;16.0;0.00;20.0;GFS
portes_les_valence;ICONGFS;2026-10-09T21:00;GFS;13.00;25.70;9.0;15.2;0.00;40.0;GFS
portes_les_valence;ICONGFS;2026-10-09T22:00;GFS;12.40;25.90;8.0;14.7;0.00;65.0;GFS
portes_les_valence;ICONGFS;2026-10-09T23:00;GFS;11.80;25.90;9.0;14.2;0.00;77.0;GFS
portes_les_valence;ICONGFS;2026-10-10T00:00;GFS;10.90;25.30;12.0;13.4;0.00;65.0;GFS
portes_les_valence;ICONGFS;2026-10-10T01:00;GFS;10.20;24.10;18.0;12.5;0.00;42.0;GFS
portes_les_valence;ICONGFS;2026-10-10T02:00;GFS;9.70;23.10;22.0;11.7;0.00;25.0;GFS
portes_les_valence;ICONGFS;2026-10-10T03:00;GFS;9.60;22.20;24.0;11.1;0.00;25.0;GFS
portes_les_valence;ICONGFS;2026-10-10T04:00;GFS;9.70;21.40;22.0;10.6;0.00;33.0;GFS
portes_les_valence;ICONGFS;2026-10-10T05:00;GFS;9.80;20.80;21.0;10.2;0.00;36.0;GFS
portes_les_valence;ICONGFS;2026-10-10T06:00;GFS;9.70;20.60;20.0;9.6;0.00;29.0;GFS
portes_les_valence;ICONGFS;2026-10-10T07:00;GFS;9.80;20.60;17.0;9.2;0.00;19.0;GFS
portes_les_valence;ICONGFS;2026-10-10T08:00;GFS;10.10;20.40;16.0;9.4;0.00;11.0;GFS
portes_les_valence;ICONGFS;2026-10-10T09:00;GFS;11.50;20.00;15.0;10.7;0.00;9.0;GFS
portes_les_valence;ICONGFS;2026-10-10T10:00;GFS;13.00;19.40;14.0;12.8;0.00;10.0;GFS
portes_les_valence;ICONGFS;2026-10-10T11:00;GFS;14.40;18.70;14.0;14.8;0.00;10.0;GFS
portes_les_valence;ICONGFS;2026-10-10T12:00;GFS;15.10;17.70;15.0;16.5;0.00;9.0;GFS
portes_les_valence;ICONGFS;2026-10-10T13:00;GFS;15.40;16.70;17.0;18.1;0.00;8.0;GFS
portes_les_valence;ICONGFS;2026-10-10T14:00;GFS;15.30;15.70;18.0;19.3;0.00;7.0;GFS
portes_les_valence;ICONGFS;2026-10-10T15:00;GFS;15.10;15.20;18.0;20.0;0.00;7.0;GFS
portes_les_valence;ICONGFS;2026-10-10T16:00;GFS;14.50;15.00;18.0;20.3;0.00;9.0;GFS
portes_les_valence;ICONGFS;2026-10-10T17:00;GFS;13.50;14.20;18.0;19.9;0.00;10.0;GFS
portes_les_valence;ICONGFS;2026-10-10T18:00;GFS;11.40;12.80;18.0;18.3;0.00;12.0;GFS
portes_les_valence;ICONGFS;2026-10-10T19:00;GFS;8.90;11.10;19.0;16.0;0.00;14.0;GFS
portes_les_valence;ICONGFS;2026-10-10T20:00;GFS;6.80;9.30;18.0;14.1;0.00;16.0;GFS
portes_les_valence;ICONGFS;2026-10-10T21:00;GFS;5.80;7.80;14.0;13.0;0.00;18.0;GFS
portes_les_valence;ICONGFS;2026-10-10T22:00;GFS;5.70;6.20;6.0;12.2;0.00;20.0;GFS
portes_les_valence;ICONGFS;2026-10-10T23:00;GFS;5.60;5.20;360.0;11.7;0.00;20.0;GFS
portes_les_valence;ICONGFS;2026-10-11T00:00;GFS;5.60;5.20;360.0;11.2;0.00;18.0;GFS
portes_les_valence;ICONGFS;2026-10-11T01:00;GFS;5.80;5.80;4.0;10.9;0.00;15.0;GFS
portes_les_valence;ICONGFS;2026-10-11T02:00;GFS;6.10;6.20;6.0;10.7;0.00;12.0;GFS
portes_les_valence;ICONGFS;2026-10-11T03:00;GFS;6.10;6.40;6.0;10.4;0.00;10.0;GFS
portes_les_valence;ICONGFS;2026-10-11T04:00;GFS;6.00;6.20;4.0;10.1;0.00;7.0;GFS
portes_les_valence;ICONGFS;2026-10-11T05:00;GFS;6.00;6.20;4.0;9.9;0.00;6.0;GFS
portes_les_valence;ICONGFS;2026-10-11T06:00;GFS;5.90;5.80;6.0;9.3;0.00;6.0;GFS
portes_les_valence;ICONGFS;2026-10-11T07:00;GFS;5.90;5.40;8.0;8.8;0.00;6.0;GFS
portes_les_valence;ICONGFS;2026-10-11T08:00;GFS;5.90;5.40;9.0;9.1;0.00;6.0;GFS
portes_les_valence;ICONGFS;2026-10-11T09:00;GFS;6.50;6.20;9.0;10.9;0.00;5.0;GFS
portes_les_valence;ICONGFS;2026-10-11T10:00;GFS;7.40;7.20;6.0;13.5;0.00;3.0;GFS
portes_les_valence;ICONGFS;2026-10-11T11:00;GFS;7.80;7.80;6.0;16.0;0.00;2.0;GFS
portes_les_valence;ICONGFS;2026-10-11T12:00;GFS;7.60;7.20;6.0;18.0;0.00;1.0;GFS
portes_les_valence;ICONGFS;2026-10-11T13:00;GFS;7.00;6.00;6.0;19.8;0.00;0.0;GFS
portes_les_valence;ICONGFS;2026-10-11T14:00;GFS;6.30;4.70;7.0;21.2;0.00;0.0;GFS
portes_les_valence;ICONGFS;2026-10-11T15:00;GFS;5.10;3.30;4.0;22.1;0.00;0.0;GFS
portes_les_valence;ICONGFS;2026-10-11T16:00;GFS;3.50;1.90;360.0;22.6;0.00;0.0;GFS
portes_les_valence;ICONGFS;2026-10-11T17:00;GFS;2.00;1.20;354.0;22.4;0.00;0.0;GFS
portes_les_valence;ICONGFS;2026-10-11T18:00;GFS;0.30;1.40;315.0;20.8;0.00;0.0;GFS
portes_les_valence;ICONGFS;2026-10-11T19:00;GFS;1.70;2.30;180.0;18.4;0.00;0.0;GFS
portes_les_valence;ICONGFS;2026-10-11T20:00;GFS;3.30;2.90;180.0;16.5;0.00;3.0;GFS
portes_les_valence;ICONGFS;2026-10-11T21:00;GFS;3.90;3.10;186.0;15.4;0.00;11.0;GFS
portes_les_valence;ICONGFS;2026-10-11T22:00;GFS;4.20;3.10;196.0;14.8;0.00;23.0;GFS
portes_les_valence;ICONGFS;2026-10-11T23:00;GFS;4.60;3.10;200.0;14.3;0.00;37.0;GFS
portes_les_valence;ICONGFS;2026-10-12T00:00;GFS;5.00;3.30;201.0;13.9;0.00;55.0;GFS
portes_les_valence;ICONGFS;2026-10-12T01:00;GFS;5.30;3.70;197.0;13.6;0.00;76.0;GFS
portes_les_valence;ICONGFS;2026-10-12T02:00;GFS;5.50;3.70;197.0;13.4;0.00;90.0;GFS
portes_les_valence;ICONGFS;2026-10-12T03:00;GFS;5.30;3.50;199.0;13.2;0.00;92.0;GFS
portes_les_valence;ICONGFS;2026-10-12T04:00;GFS;5.00;2.90;201.0;13.0;0.00;87.0;GFS
portes_les_valence;ICONGFS;2026-10-12T05:00;GFS;4.30;2.50;204.0;12.8;0.00;85.0;GFS
portes_les_valence;ICONGFS;2026-10-12T06:00;GFS;2.40;2.30;209.0;12.4;0.00;89.0;GFS
portes_les_valence;ICONGFS;2026-10-12T07:00;GFS;0.60;2.10;270.0;11.9;0.00;95.0;GFS
portes_les_valence;ICONGFS;2026-10-12T08:00;GFS;1.70;2.10;360.0;12.1;0.00;100.0;GFS
portes_les_valence;ICONGFS;2026-10-12T09:00;GFS;2.90;2.10;360.0;13.2;0.00;100.0;GFS
portes_les_valence;ICONGFS;2026-10-12T10:00;GFS;3.50;2.30;357.0;14.8;0.00;100.0;GFS
portes_les_valence;ICONGFS;2026-10-12T11:00;GFS;4.10;2.50;357.0;16.6;0.00;100.0;GFS
portes_les_valence;ICONGFS;2026-10-12T12:00;GFS;4.50;2.50;2.0;18.3;0.00;97.0;GFS
portes_les_valence;ICONGFS;2026-10-12T13:00;GFS;4.70;2.50;7.0;20.2;0.00;91.0;GFS
portes_les_valence;ICONGFS;2026-10-12T14:00;GFS;4.80;2.70;12.0;21.6;0.00;80.0;GFS
portes_les_valence;ICONGFS;2026-10-12T15:00;GFS;4.60;2.90;15.0;22.5;0.00;56.0;GFS
portes_les_valence;ICONGFS;2026-10-12T16:00;GFS;4.30;3.30;18.0;23.0;0.00;27.0;GFS
portes_les_valence;ICONGFS;2026-10-12T17:00;GFS;4.10;3.50;19.0;22.7;0.00;7.0;GFS
portes_les_valence;ICONGFS;2026-10-12T18:00;GFS;4.20;3.70;11.0;20.8;0.00;7.0;GFS
portes_les_valence;ICONGFS;2026-10-12T19:00;GFS;4.50;3.90;2.0;18.1;0.00;16.0;GFS
portes_les_valence;ICONGFS;2026-10-12T20:00;GFS;4.90;4.10;355.0;15.9;0.00;23.0;GFS
portes_les_valence;ICONGFS;2026-10-12T21:00;GFS;5.10;3.90;356.0;14.7;0.00;20.0;GFS
portes_les_valence;ICONGFS;2026-10-12T22:00;GFS;5.10;3.70;356.0;14.0;0.00;15.0;GFS
portes_les_valence;ICONGFS;2026-10-12T23:00;GFS;5.20;3.90;360.0;13.5;0.00;17.0;GFS
roche_de_glun;ICONGFS;2026-09-27T00:00;ICONCH1;8.30;13.00;155.0;19.5;0.00;0.0;ICONCH1
roche_de_glun;ICONGFS;2026-09-27T01:00;ICONCH1;9.30;14.60;157.0;18.9;0.00;0.0;ICONCH1
roche_de_glun;ICONGFS;2026-09-27T02:00;ICONCH1;9.10;14.20;153.0;18.2;0.00;0.0;ICONCH1
roche_de_glun;ICONGFS;2026-09-27T03:00;ICONCH1;8.60;14.40;152.0;17.7;0.00;0.0;ICONCH1
roche_de_glun;ICONGFS;2026-09-27T04:00;ICONCH1;8.20;13.40;149.0;17.2;0.00;0.0;ICONCH1
roche_de_glun;ICONGFS;2026-09-27T05:00;ICONCH1;7.20;11.30;144.0;16.9;0.00;0.0;ICONCH1
roche_de_glun;ICONGFS;2026-09-27T06:00;ICONCH1;8.00;12.40;143.0;16.8;0.00;7.0;ICONCH1
roche_de_glun;ICONGFS;2026-09-27T07:00;ICONCH1;7.50;12.40;141.0;16.6;0.00;0.0;ICONCH1
roche_de_glun;ICONGFS;2026-09-27T08:00;ICONCH1;7.30;11.30;143.0;17.0;0.00;44.0;ICONCH1
roche_de_glun;ICONGFS;2026-09-27T09:00;ICONCH1;8.40;13.40;144.0;18.5;0.00;39.0;ICONCH1
roche_de_glun;ICONGFS;2026-09-27T10:00;ICONCH1;12.00;19.40;155.0;21.1;0.00;11.0;ICONCH1
roche_de_glun;ICONGFS;2026-09-27T11:00;ICONCH1;15.20;24.50;170.0;23.8;0.00;21.0;ICONCH1
roche_de_glun;ICONGFS;2026-09-27T12:00;ICONCH1;16.80;27.40;175.0;25.3;0.00;71.0;ICONCH1
roche_de_glun;ICONGFS;2026-09-27T13:00;ICONCH1;16.70;27.60;178.0;26.6;0.00;100.0;ICONCH1
roche_de_glun;ICONGFS;2026-09-27T14:00;ICONCH1;16.10;27.00;181.0;27.7;0.00;0.0;ICONCH1
roche_de_glun;ICONGFS;2026-09-27T15:00;ICONCH1;16.10;26.20;181.0;28.4;0.00;0.0;ICONCH1
roche_de_glun;ICONGFS;2026-09-27T16:00;ICONCH1;15.60;26.40;181.0;28.7;0.00;0.0;ICONCH1
roche_de_glun;ICONGFS;2026-09-27T17:00;ICONCH1;15.00;25.70;179.0;28.6;0.00;0.0;ICONCH1
roche_de_glun;ICONGFS;2026-09-27T18:00;ICONCH1;14.20;25.10;185.0;27.9;0.00;24.0;ICONCH1
roche_de_glun;ICONGFS;2026-09-27T19:00;ICONCH1;7.40;22.70;185.0;26.2;0.00;68.0;ICONCH1
roche_de_glun;ICONGFS;2026-09-27T20:00;ICONCH1;3.30;11.50;187.0;23.8;0.00;81.0;ICONCH1
roche_de_glun;ICONGFS;2026-09-27T21:00;ICONCH1;6.60;10.30;114.0;21.3;0.00;64.0;ICONCH1
roche_de_glun;ICONGFS;2026-09-27T22:00;ICONCH1;6.80;10.70;153.0;20.6;0.00;62.0;ICONCH1
roche_de_glun;ICONGFS;2026-09-27T23:00;ICONCH1;6.60;10.70;146.0;19.9;0.00;68.0;ICONCH1
roche_de_glun;ICONGFS;2026-09-28T00:00;ICONCH1;7.00;10.70;150.0;19.4;0.00;69.0;ICONCH1
roche_de_glun;ICONGFS;2026-09-28T01:00;ICONCH1;6.80;11.10;145.0;18.7;0.00;91.0;ICONCH1
roche_de_glun;ICONGFS;2026-09-28T02:00;ICONCH1;7.80;12.10;145.0;18.1;0.00;83.0;ICONCH1
roche_de_glun;ICONGFS;2026-09-28T03:00;ICONCH1;7.70;12.20;146.0;17.6;0.00;96.0;ICONCH1
roche_de_glun;ICONGFS;2026-09-28T04:00;ICONCH1;7.10;12.10;145.0;17.3;0.00;83.0;ICONCH1
roche_de_glun;ICONGFS;2026-09-28T05:00;ICONCH1;6.70;11.10;139.0;16.7;0.00;29.0;ICONCH1
roche_de_glun;ICONGFS;2026-09-28T06:00;ICONCH1;4.70;10.70;135.0;16.1;0.00;67.0;ICONCH1
roche_de_glun;ICONGFS;2026-09-28T07:00;ICONCH1;3.30;7.40;140.0;15.8;0.00;100.0;ICONCH1
roche_de_glun;ICONGFS;2026-09-28T08:00;ICONCH1;3.80;5.80;145.0;16.0;0.00;100.0;ICONCH1
roche_de_glun;ICONGFS;2026-09-28T09:00;ICONCH1;6.00;9.70;151.0;17.6;0.00;88.0;ICONCH1
roche_de_glun;ICONGFS;2026-09-28T10:00;ICONCH1;9.70;15.90;154.0;20.1;0.00;85.0;ICONCH1
roche_de_glun;ICONGFS;2026-09-28T11:00;ICONCH1;11.70;19.20;162.0;23.0;0.00;100.0;ICONCH1
roche_de_glun;ICONGFS;2026-09-28T12:00;ICONCH1;11.90;20.00;176.0;25.3;0.00;100.0;ICONCH1
roche_de_glun;ICONGFS;2026-09-28T13:00;ICONCH1;13.60;22.70;183.0;26.7;0.00;100.0;ICONCH1
roche_de_glun;ICONGFS;2026-09-28T14:00;ICONCH1;14.70;23.90;187.0;28.1;0.00;97.0;ICONCH1
roche_de_glun;ICONGFS;2026-09-28T15:00;ICONCH1;14.60;24.30;190.0;28.8;0.00;92.0;ICONCH1
roche_de_glun;ICONGFS;2026-09-28T16:00;ICONCH1;14.10;24.70;193.0;28.3;0.00;100.0;ICONCH1
roche_de_glun;ICONGFS;2026-09-28T17:00;ICONCH1;12.90;23.70;195.0;27.8;0.00;100.0;ICONCH1
roche_de_glun;ICONGFS;2026-09-28T18:00;ICONCH2;11.20;22.70;188.0;26.8;0.00;100.0;ICONCH2
roche_de_glun;ICONGFS;2026-09-28T19:00;ICONCH2;8.00;18.50;193.0;25.4;0.00;100.0;ICONCH2
roche_de_glun;ICONGFS;2026-09-28T20:00;ICONCH2;3.80;12.60;201.0;23.0;0.00;100.0;ICONCH2
roche_de_glun;ICONGFS;2026-09-28T21:00;ICONCH2;3.00;5.80;153.0;21.1;0.00;100.0;ICONCH2
roche_de_glun;ICONGFS;2026-09-28T22:00;ICONCH2;3.20;4.90;137.0;19.8;0.00;100.0;ICONCH2
roche_de_glun;ICONGFS;2026-09-28T23:00;ICONCH2;3.20;5.20;133.0;19.1;0.00;100.0;ICONCH2
roche_de_glun;ICONGFS;2026-09-29T00:00;ICONCH2;3.50;5.60;124.0;18.4;0.00;100.0;ICONCH2
roche_de_glun;ICONGFS;2026-09-29T01:00;ICONCH2;3.90;6.20;131.0;17.5;0.00;76.0;ICONCH2
roche_de_glun;ICONGFS;2026-09-29T02:00;ICONCH2;3.30;6.00;126.0;16.9;0.00;62.0;ICONCH2
roche_de_glun;ICONGFS;2026-09-29T03:00;ICONCH2;3.40;5.40;121.0;16.6;0.00;100.0;ICONCH2
roche_de_glun;ICONGFS;2026-09-29T04:00;ICONCH2;3.70;5.80;122.0;16.5;0.00;100.0;ICONCH2
roche_de_glun;ICONGFS;2026-09-29T05:00;ICONCH2;4.20;6.40;127.0;16.7;0.00;100.0;ICONCH2
roche_de_glun;ICONGFS;2026-09-29T06:00;ICONCH2;4.40;7.00;119.0;16.7;0.00;100.0;ICONCH2
roche_de_glun;ICONGFS;2026-09-29T07:00;ICONCH2;4.00;7.00;113.0;16.6;0.00;100.0;ICONCH2
roche_de_glun;ICONGFS;2026-09-29T08:00;ICONCH2;4.30;6.80;126.0;16.4;0.00;100.0;ICONCH2
roche_de_glun;ICONGFS;2026-09-29T09:00;ICONCH2;7.00;11.30;150.0;18.4;0.00;100.0;ICONCH2
roche_de_glun;ICONGFS;2026-09-29T10:00;ICONCH2;10.10;16.70;163.0;21.2;0.00;100.0;ICONCH2
roche_de_glun;ICONGFS;2026-09-29T11:00;ICONCH2;14.00;23.10;178.0;24.5;0.00;72.0;ICONCH2
roche_de_glun;ICONGFS;2026-09-29T12:00;ICONCH2;17.70;29.00;188.0;26.4;0.00;99.0;ICONCH2
roche_de_glun;ICONGFS;2026-09-29T13:00;ICONCH2;19.00;30.90;193.0;27.5;0.00;100.0;ICONCH2
roche_de_glun;ICONGFS;2026-09-29T14:00;ICONCH2;18.80;31.50;196.0;28.4;0.00;100.0;ICONCH2
roche_de_glun;ICONGFS;2026-09-29T15:00;ICONCH2;17.40;31.10;194.0;28.8;0.00;100.0;ICONCH2
roche_de_glun;ICONGFS;2026-09-29T16:00;ICONCH2;16.40;28.60;199.0;28.7;0.00;100.0;ICONCH2
roche_de_glun;ICONGFS;2026-09-29T17:00;ICONCH2;15.50;26.80;195.0;28.1;0.00;100.0;ICONCH2
roche_de_glun;ICONGFS;2026-09-29T18:00;ICONCH2;13.50;25.30;192.0;27.3;0.00;100.0;ICONCH2
roche_de_glun;ICONGFS;2026-09-29T19:00;ICONCH2;10.60;22.00;198.0;26.0;0.00;100.0;ICONCH2
roche_de_glun;ICONGFS;2026-09-29T20:00;ICONCH2;6.20;17.10;193.0;24.1;0.00;88.0;ICONCH2
roche_de_glun;ICONGFS;2026-09-29T21:00;ICONCH2;4.00;9.70;157.0;21.9;0.00;79.0;ICONCH2
roche_de_glun;ICONGFS;2026-09-29T22:00;ICONCH2;4.10;6.60;149.0;20.7;0.00;82.0;ICONCH2
roche_de_glun;ICONGFS;2026-09-29T23:00;ICONCH2;4.30;7.80;137.0;20.1;0.00;73.0;ICONCH2
roche_de_glun;ICONGFS;2026-09-30T00:00;ICONCH2;5.10;8.00;143.0;19.6;0.00;74.0;ICONCH2
roche_de_glun;ICONGFS;2026-09-30T01:00;ICONCH2;5.80;9.10;143.0;18.9;0.00;47.0;ICONCH2
roche_de_glun;ICONGFS;2026-09-30T02:00;ICONCH2;4.50;9.50;108.0;17.9;0.00;50.0;ICONCH2
roche_de_glun;ICONGFS;2026-09-30T03:00;ICONCH2;5.30;8.60;144.0;17.9;0.00;38.0;ICONCH2
roche_de_glun;ICONGFS;2026-09-30T04:00;ICONCH2;4.70;8.40;138.0;17.6;0.00;20.0;ICONCH2
roche_de_glun;ICONGFS;2026-09-30T05:00;ICONCH2;4.50;7.40;146.0;17.4;0.00;0.0;ICONCH2
roche_de_glun;ICONGFS;2026-09-30T06:00;ICONCH2;5.10;8.20;143.0;17.4;0.00;15.0;ICONCH2
roche_de_glun;ICONGFS;2026-09-30T07:00;ICONCH2;4.80;8.40;137.0;16.9;0.00;41.0;ICONCH2
roche_de_glun;ICONGFS;2026-09-30T08:00;ICONCH2;3.80;7.60;125.0;16.2;0.00;48.0;ICONCH2
roche_de_glun;ICONGFS;2026-09-30T09:00;ICONCH2;6.00;9.50;144.0;18.7;0.00;4.0;ICONCH2
roche_de_glun;ICONGFS;2026-09-30T10:00;ICONCH2;8.00;13.20;162.0;23.0;0.00;50.0;ICONCH2
roche_de_glun;ICONGFS;2026-09-30T11:00;ICONCH2;13.40;22.20;182.0;26.0;0.00;53.0;ICONCH2
roche_de_glun;ICONGFS;2026-09-30T12:00;ICONCH2;15.70;26.00;192.0;26.6;0.00;98.0;ICONCH2
roche_de_glun;ICONGFS;2026-09-30T13:00;ICONCH2;16.60;27.60;194.0;27.7;0.00;92.0;ICONCH2
roche_de_glun;ICONGFS;2026-09-30T14:00;ICONCH2;12.50;27.20;217.0;26.9;0.00;97.0;ICONCH2
roche_de_glun;ICONGFS;2026-09-30T15:00;ICONCH2;13.90;23.10;207.0;27.4;0.00;93.0;ICONCH2
roche_de_glun;ICONGFS;2026-09-30T16:00;ICONCH2;13.10;24.10;204.0;27.6;0.00;100.0;ICONCH2
roche_de_glun;ICONGFS;2026-09-30T17:00;ICONCH2;13.30;23.70;207.0;26.9;0.00;100.0;ICONCH2
roche_de_glun;ICONGFS;2026-09-30T18:00;ICONCH2;11.10;21.80;207.0;26.2;0.00;99.0;ICONCH2
roche_de_glun;ICONGFS;2026-09-30T19:00;ICONCH2;8.90;18.10;203.0;24.6;0.00;100.0;ICONCH2
roche_de_glun;ICONGFS;2026-09-30T20:00;ICONCH2;4.50;14.60;173.0;23.3;0.00;100.0;ICONCH2
roche_de_glun;ICONGFS;2026-09-30T21:00;ICONCH2;5.00;8.00;144.0;22.2;0.00;100.0;ICONCH2
roche_de_glun;ICONGFS;2026-09-30T22:00;ICONCH2;6.20;9.90;156.0;21.4;0.00;100.0;ICONCH2
roche_de_glun;ICONGFS;2026-09-30T23:00;ICONCH2;8.20;13.20;173.0;21.3;0.00;99.0;ICONCH2
roche_de_glun;ICONGFS;2026-10-01T00:00;ICONCH2;6.20;13.20;160.0;21.0;0.00;100.0;ICONCH2
roche_de_glun;ICONGFS;2026-10-01T01:00;ICONCH2;6.00;10.30;155.0;20.8;0.00;100.0;ICONCH2
roche_de_glun;ICONGFS;2026-10-01T02:00;ICONCH2;5.10;9.50;143.0;20.4;0.00;100.0;ICONCH2
roche_de_glun;ICONGFS;2026-10-01T03:00;ICONCH2;5.30;8.70;156.0;20.5;0.00;100.0;ICONCH2
roche_de_glun;ICONGFS;2026-10-01T04:00;ICONCH2;5.20;8.70;153.0;20.4;0.00;100.0;ICONCH2
roche_de_glun;ICONGFS;2026-10-01T05:00;ICONCH2;5.20;8.90;146.0;19.9;0.00;100.0;ICONCH2
roche_de_glun;ICONGFS;2026-10-01T06:00;ICONCH2;5.40;8.70;142.0;19.3;0.00;100.0;ICONCH2
roche_de_glun;ICONGFS;2026-10-01T07:00;ICONCH2;5.40;8.70;145.0;18.9;0.00;100.0;ICONCH2
roche_de_glun;ICONGFS;2026-10-01T08:00;ICONCH2;5.80;9.10;140.0;18.6;0.00;100.0;ICONCH2
roche_de_glun;ICONGFS;2026-10-01T09:00;ICONCH2;5.90;9.70;148.0;19.8;0.00;100.0;ICONCH2
roche_de_glun;ICONGFS;2026-10-01T10:00;ICONCH2;7.80;12.80;161.0;22.2;0.00;100.0;ICONCH2
roche_de_glun;ICONGFS;2026-10-01T11:00;ICONCH2;11.50;18.90;181.0;24.6;0.00;99.0;ICONCH2
roche_de_glun;ICONGFS;2026-10-01T12:00;ICONCH2;12.70;20.80;191.0;24.7;0.00;100.0;ICONCH2
roche_de_glun;ICONGFS;2026-10-01T13:00;ICONCH2;14.10;23.50;200.0;23.7;0.00;100.0;ICONCH2
roche_de_glun;ICONGFS;2026-10-01T14:00;ICONCH2;12.50;25.10;206.0;21.6;0.20;100.0;ICONCH2
roche_de_glun;ICONGFS;2026-10-01T15:00;ICONCH2;7.60;20.40;186.0;21.6;0.40;100.0;ICONCH2
roche_de_glun;ICONGFS;2026-10-01T16:00;ICONCH2;7.40;12.60;185.0;22.1;0.10;100.0;ICONCH2
roche_de_glun;ICONGFS;2026-10-01T17:00;ICONCH2;8.50;14.40;196.0;22.2;0.00;100.0;ICONCH2
roche_de_glun;ICONGFS;2026-10-01T18:00;ICONCH2;6.40;13.60;175.0;22.0;0.00;100.0;ICONCH2
roche_de_glun;ICONGFS;2026-10-01T19:00;ICONCH2;5.20;10.30;167.0;21.3;0.00;100.0;ICONCH2
roche_de_glun;ICONGFS;2026-10-01T20:00;ICONCH2;2.60;8.40;163.0;19.8;0.00;100.0;ICONCH2
roche_de_glun;ICONGFS;2026-10-01T21:00;ICONCH2;1.60;4.30;97.0;19.0;0.00;100.0;ICONCH2
roche_de_glun;ICONGFS;2026-10-01T22:00;ICONCH2;1.80;4.50;18.0;17.7;0.00;100.0;ICONCH2
roche_de_glun;ICONGFS;2026-10-01T23:00;ICONCH2;1.00;2.90;143.0;17.5;0.00;100.0;ICONCH2
roche_de_glun;ICONGFS;2026-10-02T00:00;ICON13KM;2.90;6.00;8.0;16.5;0.00;96.0;ICON13KM
roche_de_glun;ICONGFS;2026-10-02T01:00;ICON13KM;2.90;5.80;360.0;16.6;0.00;91.0;ICON13KM
roche_de_glun;ICONGFS;2026-10-02T02:00;ICON13KM;3.10;6.00;353.0;16.6;0.00;87.0;ICON13KM
roche_de_glun;ICONGFS;2026-10-02T03:00;ICON13KM;3.50;6.60;351.0;16.7;0.00;88.0;ICON13KM
roche_de_glun;ICONGFS;2026-10-02T04:00;ICON13KM;3.90;7.20;354.0;16.7;0.00;88.0;ICON13KM
roche_de_glun;ICONGFS;2026-10-02T05:00;ICON13KM;4.10;7.80;355.0;16.7;0.00;89.0;ICON13KM
roche_de_glun;ICONGFS;2026-10-02T06:00;ICON13KM;4.10;7.80;357.0;16.5;0.00;89.0;ICON13KM
roche_de_glun;ICONGFS;2026-10-02T07:00;ICON13KM;3.90;7.80;360.0;16.1;0.00;90.0;ICON13KM
roche_de_glun;ICONGFS;2026-10-02T08:00;ICON13KM;3.90;7.60;3.0;15.9;0.00;90.0;ICON13KM
roche_de_glun;ICONGFS;2026-10-02T09:00;ICON13KM;7.00;13.00;355.0;15.4;0.00;68.0;ICON13KM
roche_de_glun;ICONGFS;2026-10-02T10:00;ICON13KM;9.50;17.30;359.0;16.6;0.00;72.0;ICON13KM
roche_de_glun;ICONGFS;2026-10-02T11:00;ICON13KM;11.50;20.80;2.0;17.7;0.00;75.0;ICON13KM
roche_de_glun;ICONGFS;2026-10-02T12:00;ICON13KM;12.30;22.50;7.0;18.5;0.00;82.0;ICON13KM
roche_de_glun;ICONGFS;2026-10-02T13:00;ICON13KM;12.60;23.50;14.0;19.1;0.00;90.0;ICON13KM
roche_de_glun;ICONGFS;2026-10-02T14:00;ICON13KM;12.80;23.70;18.0;19.6;0.00;97.0;ICON13KM
roche_de_glun;ICONGFS;2026-10-02T15:00;ICON13KM;12.50;23.30;16.0;19.9;0.00;92.0;ICON13KM
roche_de_glun;ICONGFS;2026-10-02T16:00;ICON13KM;12.20;22.50;13.0;19.9;0.00;88.0;ICON13KM
roche_de_glun;ICONGFS;2026-10-02T17:00;ICON13KM;11.20;21.20;9.0;19.8;0.00;83.0;ICON13KM
roche_de_glun;ICONGFS;2026-10-02T18:00;ICON13KM;9.80;19.40;6.0;19.3;0.00;84.0;ICON13KM
roche_de_glun;ICONGFS;2026-10-02T19:00;ICON13KM;8.00;17.30;1.0;18.6;0.00;84.0;ICON13KM
roche_de_glun;ICONGFS;2026-10-02T20:00;ICON13KM;6.20;15.00;356.0;18.0;0.00;85.0;ICON13KM
roche_de_glun;ICONGFS;2026-10-02T21:00;ICON13KM;4.90;12.10;351.0;17.4;0.00;80.0;ICON13KM
roche_de_glun;ICONGFS;2026-10-02T22:00;ICON13KM;3.70;8.90;342.0;16.8;0.00;75.0;ICON13KM
roche_de_glun;ICONGFS;2026-10-02T23:00;ICON13KM;2.70;6.60;330.0;16.2;0.00;70.0;ICON13KM
roche_de_glun;ICONGFS;2026-10-03T00:00;ICON13KM;2.20;5.40;315.0;15.8;0.00;65.0;ICON13KM
roche_de_glun;ICONGFS;2026-10-03T01:00;ICON13KM;2.30;4.90;301.0;15.3;0.00;59.0;ICON13KM
roche_de_glun;ICONGFS;2026-10-03T02:00;ICON13KM;2.30;4.70;290.0;14.9;0.00;54.0;ICON13KM
roche_de_glun;ICONGFS;2026-10-03T03:00;ICON13KM;2.40;4.50;284.0;14.3;0.00;57.0;ICON13KM
roche_de_glun;ICONGFS;2026-10-03T04:00;ICON13KM;2.60;4.50;283.0;13.7;0.00;61.0;ICON13KM
roche_de_glun;ICONGFS;2026-10-03T05:00;ICON13KM;2.80;4.70;282.0;13.2;0.00;64.0;ICON13KM
roche_de_glun;ICONGFS;2026-10-03T06:00;ICON13KM;2.90;4.90;278.0;12.5;0.00;64.0;ICON13KM
roche_de_glun;ICONGFS;2026-10-03T07:00;ICON13KM;3.30;5.10;273.0;11.9;0.00;63.0;ICON13KM
roche_de_glun;ICONGFS;2026-10-03T08:00;ICON13KM;2.90;5.60;266.0;12.1;0.00;63.0;ICON13KM
roche_de_glun;ICONGFS;2026-10-03T09:00;ICON13KM;1.60;5.80;240.0;14.0;0.00;42.0;ICON13KM
roche_de_glun;ICONGFS;2026-10-03T10:00;ICON13KM;1.80;6.00;162.0;16.8;0.00;21.0;ICON13KM
roche_de_glun;ICONGFS;2026-10-03T11:00;ICON13KM;3.80;8.40;156.0;19.3;0.00;0.0;ICON13KM
roche_de_glun;ICONGFS;2026-10-03T12:00;ICON13KM;7.20;14.60;178.0;21.0;0.00;0.0;ICON13KM
roche_de_glun;ICONGFS;2026-10-03T13:00;ICON13KM;11.90;22.50;190.0;22.4;0.00;0.0;ICON13KM
roche_de_glun;ICONGFS;2026-10-03T14:00;ICON13KM;15.30;28.20;195.0;23.3;0.00;0.0;ICON13KM
roche_de_glun;ICONGFS;2026-10-03T15:00;ICON13KM;15.90;29.50;195.0;23.7;0.00;33.0;ICON13KM
roche_de_glun;ICONGFS;2026-10-03T16:00;ICON13KM;14.60;28.60;194.0;23.6;0.00;67.0;ICON13KM
roche_de_glun;ICONGFS;2026-10-03T17:00;ICON13KM;13.00;26.20;193.0;23.1;0.00;100.0;ICON13KM
roche_de_glun;ICONGFS;2026-10-03T18:00;ICON13KM;10.40;22.50;193.0;22.1;0.00;100.0;ICON13KM
roche_de_glun;ICONGFS;2026-10-03T19:00;ICON13KM;7.20;17.70;193.0;20.8;0.00;100.0;ICON13KM
roche_de_glun;ICONGFS;2026-10-03T20:00;ICON13KM;4.80;13.60;192.0;19.5;0.00;100.0;ICON13KM
roche_de_glun;ICONGFS;2026-10-03T21:00;ICON13KM;3.80;10.90;195.0;18.3;0.00;97.0;ICON13KM
roche_de_glun;ICONGFS;2026-10-03T22:00;ICON13KM;3.60;8.70;196.0;17.2;0.00;95.0;ICON13KM
roche_de_glun;ICONGFS;2026-10-03T23:00;ICON13KM;3.70;7.40;198.0;16.3;0.00;92.0;ICON13KM
roche_de_glun;ICONGFS;2026-10-04T00:00;ICON13KM;3.70;7.20;198.0;16.0;0.00;95.0;ICON13KM
roche_de_glun;ICONGFS;2026-10-04T01:00;ICON13KM;3.60;7.60;196.0;15.9;0.00;97.0;ICON13KM
roche_de_glun;ICONGFS;2026-10-04T02:00;ICON13KM;3.60;8.00;196.0;15.8;0.00;100.0;ICON13KM
roche_de_glun;ICONGFS;2026-10-04T03:00;ICON13KM;3.60;7.60;202.0;15.3;0.00;96.0;ICON13KM
roche_de_glun;ICONGFS;2026-10-04T04:00;ICON13KM;3.40;7.00;211.0;14.6;0.00;92.0;ICON13KM
roche_de_glun;ICONGFS;2026-10-04T05:00;ICON13KM;3.30;6.60;216.0;14.1;0.00;88.0;ICON13KM
roche_de_glun;ICONGFS;2026-10-04T06:00;ICON13KM;3.20;6.20;218.0;13.4;0.00;86.0;ICON13KM
roche_de_glun;ICONGFS;2026-10-04T07:00;ICON13KM;2.90;5.80;217.0;12.7;0.00;83.0;ICON13KM
roche_de_glun;ICONGFS;2026-10-04T08:00;ICON13KM;2.90;6.00;208.0;13.0;0.00;81.0;ICON13KM
roche_de_glun;ICONGFS;2026-10-04T09:00;ICON13KM;3.40;6.80;190.0;15.1;0.00;61.0;ICON13KM
roche_de_glun;ICONGFS;2026-10-04T10:00;ICON13KM;4.30;8.40;175.0;18.2;0.00;41.0;ICON13KM
roche_de_glun;ICONGFS;2026-10-04T11:00;ICON13KM;5.90;10.70;172.0;20.7;0.00;21.0;ICON13KM
roche_de_glun;ICONGFS;2026-10-04T12:00;ICON13KM;8.20;15.20;181.0;22.0;0.00;47.0;ICON13KM
roche_de_glun;ICONGFS;2026-10-04T13:00;ICON13KM;11.20;20.60;189.0;22.6;0.00;73.0;ICON13KM
roche_de_glun;ICONGFS;2026-10-04T14:00;ICON13KM;13.30;24.50;193.0;23.1;0.00;99.0;ICON13KM
roche_de_glun;ICONGFS;2026-10-04T15:00;GFS;2.10;3.90;292.0;15.8;1.50;100.0;GFS
roche_de_glun;ICONGFS;2026-10-04T16:00;GFS;0.50;2.10;315.0;14.8;1.50;100.0;GFS
roche_de_glun;ICONGFS;2026-10-04T17:00;GFS;0.90;1.20;63.0;14.1;1.50;100.0;GFS
roche_de_glun;ICONGFS;2026-10-04T18:00;GFS;1.40;1.20;45.0;13.9;0.10;100.0;GFS
roche_de_glun;ICONGFS;2026-10-04T19:00;GFS;1.90;1.90;24.0;14.0;0.10;100.0;GFS
roche_de_glun;ICONGFS;2026-10-04T20:00;GFS;2.40;2.50;14.0;14.1;0.10;100.0;GFS
roche_de_glun;ICONGFS;2026-10-04T21:00;GFS;2.40;2.70;14.0;14.1;0.00;100.0;GFS
roche_de_glun;ICONGFS;2026-10-04T22:00;GFS;2.00;2.70;17.0;14.2;0.00;100.0;GFS
roche_de_glun;ICONGFS;2026-10-04T23:00;GFS;1.70;2.50;21.0;14.3;0.00;100.0;GFS
roche_de_glun;ICONGFS;2026-10-05T00:00;GFS;1.20;2.10;9.0;14.4;0.00;100.0;GFS
roche_de_glun;ICONGFS;2026-10-05T01:00;GFS;1.00;1.60;349.0;14.4;0.00;100.0;GFS
roche_de_glun;ICONGFS;2026-10-05T02:00;GFS;1.00;1.20;323.0;14.3;0.00;100.0;GFS
roche_de_glun;ICONGFS;2026-10-05T03:00;GFS;1.20;1.40;321.0;13.7;0.00;97.0;GFS
roche_de_glun;ICONGFS;2026-10-05T04:00;GFS;1.80;1.70;328.0;13.0;0.00;93.0;GFS
roche_de_glun;ICONGFS;2026-10-05T05:00;GFS;2.10;1.90;326.0;12.4;0.00;87.0;GFS
roche_de_glun;ICONGFS;2026-10-05T06:00;GFS;2.10;1.70;319.0;11.8;0.00;77.0;GFS
roche_de_glun;ICONGFS;2026-10-05T07:00;GFS;2.00;1.40;299.0;11.4;0.00;66.0;GFS
roche_de_glun;ICONGFS;2026-10-05T08:00;GFS;2.00;1.40;299.0;11.6;0.00;62.0;GFS
roche_de_glun;ICONGFS;2026-10-05T09:00;GFS;2.20;1.90;322.0;12.7;0.00;70.0;GFS
roche_de_glun;ICONGFS;2026-10-05T10:00;GFS;2.80;2.90;344.0;14.5;0.00;85.0;GFS
roche_de_glun;ICONGFS;2026-10-05T11:00;GFS;3.70;3.70;354.0;16.2;0.00;96.0;GFS
roche_de_glun;ICONGFS;2026-10-05T12:00;GFS;4.30;3.90;357.0;17.8;0.00;100.0;GFS
roche_de_glun;ICONGFS;2026-10-05T13:00;GFS;4.70;3.90;360.0;19.4;0.00;100.0;GFS
roche_de_glun;ICONGFS;2026-10-05T14:00;GFS;5.30;4.30;2.0;20.6;0.00;100.0;GFS
roche_de_glun;ICONGFS;2026-10-05T15:00;GFS;6.00;4.90;4.0;21.4;0.00;94.0;GFS
roche_de_glun;ICONGFS;2026-10-05T16:00;GFS;6.80;5.80;3.0;21.9;0.00;85.0;GFS
roche_de_glun;ICONGFS;2026-10-05T17:00;GFS;7.20;7.20;3.0;21.7;0.00;80.0;GFS
roche_de_glun;ICONGFS;2026-10-05T18:00;GFS;7.00;9.70;360.0;20.1;0.00;84.0;GFS
roche_de_glun;ICONGFS;2026-10-05T19:00;GFS;6.40;12.60;355.0;17.9;0.00;93.0;GFS
roche_de_glun;ICONGFS;2026-10-05T20:00;GFS;5.90;14.00;351.0;16.1;0.00;100.0;GFS
roche_de_glun;ICONGFS;2026-10-05T21:00;GFS;5.20;12.40;347.0;15.4;0.00;100.0;GFS
roche_de_glun;ICONGFS;2026-10-05T22:00;GFS;4.40;9.30;345.0;15.1;0.00;100.0;GFS
roche_de_glun;ICONGFS;2026-10-05T23:00;GFS;3.80;7.00;345.0;15.0;0.00;100.0;GFS
roche_de_glun;ICONGFS;2026-10-06T00:00;GFS;3.30;6.40;353.0;14.7;0.00;100.0;GFS
roche_de_glun;ICONGFS;2026-10-06T01:00;GFS;3.30;6.60;7.0;14.5;0.00;100.0;GFS
roche_de_glun;ICONGFS;2026-10-06T02:00;GFS;3.60;7.60;16.0;14.3;0.00;100.0;GFS
roche_de_glun;ICONGFS;2026-10-06T03:00;GFS;4.30;9.70;18.0;14.1;0.00;100.0;GFS
roche_de_glun;ICONGFS;2026-10-06T04:00;GFS;5.00;12.40;16.0;13.9;0.00;100.0;GFS
roche_de_glun;ICONGFS;2026-10-06T05:00;GFS;5.80;14.60;12.0;13.7;0.00;100.0;GFS
roche_de_glun;ICONGFS;2026-10-06T06:00;GFS;6.20;15.40;360.0;13.3;0.00;100.0;GFS
roche_de_glun;ICONGFS;2026-10-06T07:00;GFS;6.90;15.60;349.0;12.9;0.00;100.0;GFS
roche_de_glun;ICONGFS;2026-10-06T08:00;GFS;7.50;15.00;345.0;13.0;0.00;100.0;GFS
roche_de_glun;ICONGFS;2026-10-06T09:00;GFS;7.80;13.60;353.0;13.9;0.00;99.0;GFS
roche_de_glun;ICONGFS;2026-10-06T10:00;GFS;8.40;11.50;7.0;15.2;0.00;98.0;GFS
roche_de_glun;ICONGFS;2026-10-06T11:00;GFS;8.50;9.90;17.0;16.1;0.00;97.0;GFS
roche_de_glun;ICONGFS;2026-10-06T12:00;GFS;7.00;9.50;28.0;15.9;0.60;98.0;GFS
roche_de_glun;ICONGFS;2026-10-06T13:00;GFS;4.80;9.50;47.0;15.3;0.60;99.0;GFS
roche_de_glun;ICONGFS;2026-10-06T14:00;GFS;3.60;9.50;68.0;15.0;0.60;100.0;GFS
roche_de_glun;ICONGFS;2026-10-06T15:00;GFS;2.30;9.10;59.0;15.4;0.00;100.0;GFS
roche_de_glun;ICONGFS;2026-10-06T16:00;GFS;1.80;8.60;6.0;16.1;0.00;100.0;GFS
roche_de_glun;ICONGFS;2026-10-06T17:00;GFS;2.60;7.60;333.0;16.6;0.00;100.0;GFS
roche_de_glun;ICONGFS;2026-10-06T18:00;GFS;2.70;6.00;330.0;16.4;0.00;100.0;GFS
roche_de_glun;ICONGFS;2026-10-06T19:00;GFS;2.40;4.10;331.0;16.0;0.00;100.0;GFS
roche_de_glun;ICONGFS;2026-10-06T20:00;GFS;2.30;2.70;340.0;15.6;0.00;100.0;GFS
roche_de_glun;ICONGFS;2026-10-06T21:00;GFS;2.40;2.70;346.0;15.4;0.00;100.0;GFS
roche_de_glun;ICONGFS;2026-10-06T22:00;GFS;2.70;3.30;352.0;15.2;0.00;100.0;GFS
roche_de_glun;ICONGFS;2026-10-06T23:00;GFS;2.90;3.70;352.0;15.0;0.00;100.0;GFS
roche_de_glun;ICONGFS;2026-10-07T00:00;GFS;2.90;3.50;352.0;14.5;0.00;98.0;GFS
roche_de_glun;ICONGFS;2026-10-07T01:00;GFS;2.80;3.30;348.0;14.0;0.00;94.0;GFS
roche_de_glun;ICONGFS;2026-10-07T02:00;GFS;2.80;3.10;344.0;13.5;0.00;89.0;GFS
roche_de_glun;ICONGFS;2026-10-07T03:00;GFS;3.00;3.10;345.0;13.0;0.00;82.0;GFS
roche_de_glun;ICONGFS;2026-10-07T04:00;GFS;3.20;3.10;349.0;12.6;0.00;73.0;GFS
roche_de_glun;ICONGFS;2026-10-07T05:00;GFS;3.40;3.30;350.0;12.2;0.00;67.0;GFS
roche_de_glun;ICONGFS;2026-10-07T06:00;GFS;3.40;3.90;350.0;11.6;0.00;64.0;GFS
roche_de_glun;ICONGFS;2026-10-07T07:00;GFS;3.40;4.50;347.0;11.0;0.00;63.0;GFS
roche_de_glun;ICONGFS;2026-10-07T08:00;GFS;3.60;5.40;347.0;11.1;0.00;64.0;GFS
roche_de_glun;ICONGFS;2026-10-07T09:00;GFS;4.50;6.80;350.0;12.5;0.00;68.0;GFS
roche_de_glun;ICONGFS;2026-10-07T10:00;GFS;6.10;8.60;351.0;14.6;0.00;75.0;GFS
roche_de_glun;ICONGFS;2026-10-07T11:00;GFS;6.80;9.50;353.0;16.4;0.00;81.0;GFS
roche_de_glun;ICONGFS;2026-10-07T12:00;GFS;6.60;9.10;357.0;17.4;0.00;87.0;GFS
roche_de_glun;ICONGFS;2026-10-07T13:00;GFS;5.80;8.20;2.0;18.1;0.00;93.0;GFS
roche_de_glun;ICONGFS;2026-10-07T14:00;GFS;5.50;7.40;6.0;18.8;0.00;93.0;GFS
roche_de_glun;ICONGFS;2026-10-07T15:00;GFS;6.10;7.20;7.0;19.9;0.00;81.0;GFS
roche_de_glun;ICONGFS;2026-10-07T16:00;GFS;7.30;7.40;8.0;21.0;0.00;63.0;GFS
roche_de_glun;ICONGFS;2026-10-07T17:00;GFS;7.60;7.20;7.0;21.3;0.00;54.0;GFS
roche_de_glun;ICONGFS;2026-10-07T18:00;GFS;7.00;6.60;5.0;19.9;0.00;65.0;GFS
roche_de_glun;ICONGFS;2026-10-07T19:00;GFS;5.80;6.00;2.0;17.6;0.00;85.0;GFS
roche_de_glun;ICONGFS;2026-10-07T20:00;GFS;4.70;5.20;355.0;15.9;0.00;100.0;GFS
roche_de_glun;ICONGFS;2026-10-07T21:00;GFS;4.00;4.50;349.0;15.5;0.00;100.0;GFS
roche_de_glun;ICONGFS;2026-10-07T22:00;GFS;3.40;3.70;336.0;15.6;0.00;100.0;GFS
roche_de_glun;ICONGFS;2026-10-07T23:00;GFS;3.10;3.10;330.0;15.8;0.00;100.0;GFS
roche_de_glun;ICONGFS;2026-10-08T00:00;GFS;3.00;3.10;333.0;15.8;0.00;100.0;GFS
roche_de_glun;ICONGFS;2026-10-08T01:00;GFS;3.10;3.30;338.0;15.7;0.00;100.0;GFS
roche_de_glun;ICONGFS;2026-10-08T02:00;GFS;3.00;3.90;349.0;15.5;0.00;100.0;GFS
roche_de_glun;ICONGFS;2026-10-08T03:00;GFS;2.70;4.90;4.0;14.8;0.70;100.0;GFS
roche_de_glun;ICONGFS;2026-10-08T04:00;GFS;2.60;6.00;27.0;13.9;0.70;100.0;GFS
roche_de_glun;ICONGFS;2026-10-08T05:00;GFS;2.90;7.60;37.0;13.3;0.70;100.0;GFS
roche_de_glun;ICONGFS;2026-10-08T06:00;GFS;3.00;9.70;27.0;12.9;0.50;100.0;GFS
roche_de_glun;ICONGFS;2026-10-08T07:00;GFS;3.40;12.10;10.0;12.8;0.50;100.0;GFS
roche_de_glun;ICONGFS;2026-10-08T08:00;GFS;4.30;13.80;360.0;13.0;0.50;100.0;GFS
roche_de_glun;ICONGFS;2026-10-08T09:00;GFS;6.20;14.60;358.0;13.7;0.00;94.0;GFS
roche_de_glun;ICONGFS;2026-10-08T10:00;GFS;8.70;14.80;359.0;14.7;0.00;87.0;GFS
roche_de_glun;ICONGFS;2026-10-08T11:00;GFS;10.50;14.80;360.0;15.8;0.00;83.0;GFS
roche_de_glun;ICONGFS;2026-10-08T12:00;GFS;11.30;14.40;3.0;17.0;0.00;87.0;GFS
roche_de_glun;ICONGFS;2026-10-08T13:00;GFS;11.40;13.80;7.0;18.3;0.00;94.0;GFS
roche_de_glun;ICONGFS;2026-10-08T14:00;GFS;11.40;13.60;10.0;19.3;0.00;100.0;GFS
roche_de_glun;ICONGFS;2026-10-08T15:00;GFS;11.80;14.00;9.0;19.6;0.00;100.0;GFS
roche_de_glun;ICONGFS;2026-10-08T16:00;GFS;12.00;14.80;8.0;19.6;0.00;100.0;GFS
roche_de_glun;ICONGFS;2026-10-08T17:00;GFS;11.50;15.20;7.0;19.2;0.00;100.0;GFS
roche_de_glun;ICONGFS;2026-10-08T18:00;GFS;9.80;15.20;5.0;18.2;0.00;100.0;GFS
roche_de_glun;ICONGFS;2026-10-08T19:00;GFS;7.40;15.00;2.0;16.8;0.00;100.0;GFS
roche_de_glun;ICONGFS;2026-10-08T20:00;GFS;5.40;14.80;358.0;15.7;0.00;100.0;GFS
roche_de_glun;ICONGFS;2026-10-08T21:00;GFS;4.50;14.40;355.0;15.0;0.00;100.0;GFS
roche_de_glun;ICONGFS;2026-10-08T22:00;GFS;4.10;13.80;352.0;14.5;0.00;100.0;GFS
roche_de_glun;ICONGFS;2026-10-08T23:00;GFS;3.90;13.80;351.0;14.1;0.00;100.0;GFS
roche_de_glun;ICONGFS;2026-10-09T00:00;GFS;3.90;14.40;357.0;13.8;0.00;100.0;GFS
roche_de_glun;ICONGFS;2026-10-09T01:00;GFS;4.30;15.60;3.0;13.7;0.00;100.0;GFS
roche_de_glun;ICONGFS;2026-10-09T02:00;GFS;4.50;16.50;7.0;13.5;0.00;100.0;GFS
roche_de_glun;ICONGFS;2026-10-09T03:00;GFS;4.70;17.50;9.0;13.2;0.00;100.0;GFS
roche_de_glun;ICONGFS;2026-10-09T04:00;GFS;5.10;18.50;11.0;12.9;0.00;100.0;GFS
roche_de_glun;ICONGFS;2026-10-09T05:00;GFS;5.30;19.20;10.0;12.5;0.00;100.0;GFS
roche_de_glun;ICONGFS;2026-10-09T06:00;GFS;5.10;19.40;11.0;11.7;0.00;100.0;GFS
roche_de_glun;ICONGFS;2026-10-09T07:00;GFS;5.10;19.60;11.0;11.0;0.00;100.0;GFS
roche_de_glun;ICONGFS;2026-10-09T08:00;GFS;5.80;19.80;12.0;11.0;0.00;100.0;GFS
roche_de_glun;ICONGFS;2026-10-09T09:00;GFS;8.00;20.60;13.0;12.4;0.00;72.0;GFS
roche_de_glun;ICONGFS;2026-10-09T10:00;GFS;11.00;21.60;13.0;14.7;0.00;34.0;GFS
roche_de_glun;ICONGFS;2026-10-09T11:00;GFS;13.40;22.20;13.0;16.7;0.00;6.0;GFS
roche_de_glun;ICONGFS;2026-10-09T12:00;GFS;14.70;22.20;12.0;18.1;0.00;0.0;GFS
roche_de_glun;ICONGFS;2026-10-09T13:00;GFS;15.20;21.60;11.0;19.3;0.00;0.0;GFS
roche_de_glun;ICONGFS;2026-10-09T14:00;GFS;15.60;21.20;10.0;20.1;0.00;0.0;GFS
roche_de_glun;ICONGFS;2026-10-09T15:00;GFS;15.60;20.60;9.0;20.4;0.00;0.0;GFS
roche_de_glun;ICONGFS;2026-10-09T16:00;GFS;15.10;20.20;9.0;20.3;0.00;2.0;GFS
roche_de_glun;ICONGFS;2026-10-09T17:00;GFS;14.50;20.20;8.0;19.8;0.00;5.0;GFS
roche_de_glun;ICONGFS;2026-10-09T18:00;GFS;13.50;21.60;6.0;18.6;0.00;8.0;GFS
roche_de_glun;ICONGFS;2026-10-09T19:00;GFS;12.30;23.30;4.0;17.0;0.00;12.0;GFS
roche_de_glun;ICONGFS;2026-10-09T20:00;GFS;11.10;24.90;1.0;15.7;0.00;22.0;GFS
roche_de_glun;ICONGFS;2026-10-09T21:00;GFS;10.10;25.70;358.0;14.8;0.00;45.0;GFS
roche_de_glun;ICONGFS;2026-10-09T22:00;GFS;9.40;25.90;353.0;14.1;0.00;74.0;GFS
roche_de_glun;ICONGFS;2026-10-09T23:00;GFS;8.70;25.90;351.0;13.5;0.00;90.0;GFS
roche_de_glun;ICONGFS;2026-10-10T00:00;GFS;7.60;25.30;353.0;12.9;0.00;81.0;GFS
roche_de_glun;ICONGFS;2026-10-10T01:00;GFS;6.80;24.10;360.0;12.3;0.00;58.0;GFS
roche_de_glun;ICONGFS;2026-10-10T02:00;GFS;6.10;23.10;6.0;11.7;0.00;41.0;GFS
roche_de_glun;ICONGFS;2026-10-10T03:00;GFS;5.70;22.20;8.0;10.9;0.00;37.0;GFS
roche_de_glun;ICONGFS;2026-10-10T04:00;GFS;5.70;21.40;8.0;10.2;0.00;39.0;GFS
roche_de_glun;ICONGFS;2026-10-10T05:00;GFS;5.70;20.80;8.0;9.6;0.00;38.0;GFS
roche_de_glun;ICONGFS;2026-10-10T06:00;GFS;5.50;20.60;8.0;9.0;0.00;31.0;GFS
roche_de_glun;ICONGFS;2026-10-10T07:00;GFS;5.50;20.60;8.0;8.5;0.00;21.0;GFS
roche_de_glun;ICONGFS;2026-10-10T08:00;GFS;6.10;20.40;9.0;8.8;0.00;14.0;GFS
roche_de_glun;ICONGFS;2026-10-10T09:00;GFS;7.70;20.00;12.0;10.4;0.00;11.0;GFS
roche_de_glun;ICONGFS;2026-10-10T10:00;GFS;10.00;19.40;12.0;12.8;0.00;10.0;GFS
roche_de_glun;ICONGFS;2026-10-10T11:00;GFS;11.60;18.70;14.0;15.0;0.00;9.0;GFS
roche_de_glun;ICONGFS;2026-10-10T12:00;GFS;12.30;17.70;15.0;16.7;0.00;9.0;GFS
roche_de_glun;ICONGFS;2026-10-10T13:00;GFS;12.50;16.70;15.0;18.3;0.00;9.0;GFS
roche_de_glun;ICONGFS;2026-10-10T14:00;GFS;12.40;15.70;16.0;19.5;0.00;10.0;GFS
roche_de_glun;ICONGFS;2026-10-10T15:00;GFS;12.20;15.20;17.0;20.2;0.00;10.0;GFS
roche_de_glun;ICONGFS;2026-10-10T16:00;GFS;11.80;15.00;17.0;20.5;0.00;10.0;GFS
roche_de_glun;ICONGFS;2026-10-10T17:00;GFS;11.00;14.20;17.0;20.0;0.00;11.0;GFS
roche_de_glun;ICONGFS;2026-10-10T18:00;GFS;9.10;12.80;16.0;18.3;0.00;12.0;GFS
roche_de_glun;ICONGFS;2026-10-10T19:00;GFS;6.60;11.10;15.0;15.8;0.00;14.0;GFS
roche_de_glun;ICONGFS;2026-10-10T20:00;GFS;4.70;9.30;9.0;13.8;0.00;16.0;GFS
roche_de_glun;ICONGFS;2026-10-10T21:00;GFS;4.10;7.80;360.0;12.7;0.00;18.0;GFS
roche_de_glun;ICONGFS;2026-10-10T22:00;GFS;4.00;6.20;349.0;12.0;0.00;19.0;GFS
roche_de_glun;ICONGFS;2026-10-10T23:00;GFS;4.10;5.20;343.0;11.5;0.00;19.0;GFS
roche_de_glun;ICONGFS;2026-10-11T00:00;GFS;4.10;5.20;341.0;11.0;0.00;17.0;GFS
roche_de_glun;ICONGFS;2026-10-11T01:00;GFS;4.20;5.80;344.0;10.7;0.00;14.0;GFS
roche_de_glun;ICONGFS;2026-10-11T02:00;GFS;4.40;6.20;345.0;10.4;0.00;11.0;GFS
roche_de_glun;ICONGFS;2026-10-11T03:00;GFS;4.60;6.40;345.0;10.1;0.00;8.0;GFS
roche_de_glun;ICONGFS;2026-10-11T04:00;GFS;4.70;6.20;343.0;9.9;0.00;6.0;GFS
roche_de_glun;ICONGFS;2026-10-11T05:00;GFS;4.70;6.20;343.0;9.7;0.00;4.0;GFS
roche_de_glun;ICONGFS;2026-10-11T06:00;GFS;4.40;5.80;345.0;9.1;0.00;4.0;GFS
roche_de_glun;ICONGFS;2026-10-11T07:00;GFS;4.20;5.40;349.0;8.5;0.00;5.0;GFS
roche_de_glun;ICONGFS;2026-10-11T08:00;GFS;4.10;5.40;352.0;8.9;0.00;6.0;GFS
roche_de_glun;ICONGFS;2026-10-11T09:00;GFS;4.50;6.20;355.0;10.8;0.00;5.0;GFS
roche_de_glun;ICONGFS;2026-10-11T10:00;GFS;5.30;7.20;358.0;13.6;0.00;3.0;GFS
roche_de_glun;ICONGFS;2026-10-11T11:00;GFS;5.60;7.80;360.0;16.2;0.00;2.0;GFS
roche_de_glun;ICONGFS;2026-10-11T12:00;GFS;5.70;7.20;4.0;18.1;0.00;1.0;GFS
roche_de_glun;ICONGFS;2026-10-11T13:00;GFS;5.70;6.00;6.0;19.9;0.00;0.0;GFS
roche_de_glun;ICONGFS;2026-10-11T14:00;GFS;5.10;4.70;9.0;21.2;0.00;0.0;GFS
roche_de_glun;ICONGFS;2026-10-11T15:00;GFS;4.10;3.30;8.0;22.2;0.00;0.0;GFS
roche_de_glun;ICONGFS;2026-10-11T16:00;GFS;2.90;1.90;360.0;22.7;0.00;0.0;GFS
roche_de_glun;ICONGFS;2026-10-11T17:00;GFS;1.60;1.20;346.0;22.5;0.00;0.0;GFS
roche_de_glun;ICONGFS;2026-10-11T18:00;GFS;0.60;1.40;288.0;20.8;0.00;0.0;GFS
roche_de_glun;ICONGFS;2026-10-11T19:00;GFS;1.10;2.30;211.0;18.3;0.00;0.0;GFS
roche_de_glun;ICONGFS;2026-10-11T20:00;GFS;2.00;2.90;197.0;16.2;0.00;3.0;GFS
roche_de_glun;ICONGFS;2026-10-11T21:00;GFS;2.50;3.10;198.0;15.1;0.00;14.0;GFS
roche_de_glun;ICONGFS;2026-10-11T22:00;GFS;2.80;3.10;205.0;14.4;0.00;29.0;GFS
roche_de_glun;ICONGFS;2026-10-11T23:00;GFS;2.90;3.10;208.0;13.9;0.00;45.0;GFS
roche_de_glun;ICONGFS;2026-10-12T00:00;GFS;3.00;3.30;207.0;13.4;0.00;62.0;GFS
roche_de_glun;ICONGFS;2026-10-12T01:00;GFS;3.00;3.70;207.0;13.1;0.00;80.0;GFS
roche_de_glun;ICONGFS;2026-10-12T02:00;GFS;3.00;3.70;207.0;12.8;0.00;92.0;GFS
roche_de_glun;ICONGFS;2026-10-12T03:00;GFS;2.90;3.50;208.0;12.5;0.00;92.0;GFS
roche_de_glun;ICONGFS;2026-10-12T04:00;GFS;2.70;2.90;210.0;12.3;0.00;86.0;GFS
roche_de_glun;ICONGFS;2026-10-12T05:00;GFS;1.90;2.50;217.0;12.1;0.00;83.0;GFS
roche_de_glun;ICONGFS;2026-10-12T06:00;GFS;0.80;2.30;270.0;11.5;0.00;87.0;GFS
roche_de_glun;ICONGFS;2026-10-12T07:00;GFS;2.00;2.10;354.0;11.0;0.00;95.0;GFS
roche_de_glun;ICONGFS;2026-10-12T08:00;GFS;3.30;2.10;360.0;11.2;0.00;100.0;GFS
roche_de_glun;ICONGFS;2026-10-12T09:00;GFS;3.70;2.10;357.0;12.6;0.00;100.0;GFS
roche_de_glun;ICONGFS;2026-10-12T10:00;GFS;3.60;2.30;347.0;14.7;0.00;100.0;GFS
roche_de_glun;ICONGFS;2026-10-12T11:00;GFS;3.40;2.50;344.0;16.8;0.00;100.0;GFS
roche_de_glun;ICONGFS;2026-10-12T12:00;GFS;3.50;2.50;351.0;18.6;0.00;99.0;GFS
roche_de_glun;ICONGFS;2026-10-12T13:00;GFS;3.90;2.50;3.0;20.3;0.00;97.0;GFS
roche_de_glun;ICONGFS;2026-10-12T14:00;GFS;4.20;2.70;11.0;21.7;0.00;88.0;GFS
roche_de_glun;ICONGFS;2026-10-12T15:00;GFS;4.20;2.90;16.0;22.6;0.00;63.0;GFS
roche_de_glun;ICONGFS;2026-10-12T16:00;GFS;4.30;3.30;18.0;23.2;0.00;30.0;GFS
roche_de_glun;ICONGFS;2026-10-12T17:00;GFS;4.20;3.50;16.0;22.8;0.00;8.0;GFS
roche_de_glun;ICONGFS;2026-10-12T18:00;GFS;4.30;3.70;5.0;20.7;0.00;6.0;GFS
roche_de_glun;ICONGFS;2026-10-12T19:00;GFS;4.60;3.90;348.0;17.8;0.00;15.0;GFS
roche_de_glun;ICONGFS;2026-10-12T20:00;GFS;5.00;4.10;339.0;15.4;0.00;22.0;GFS
roche_de_glun;ICONGFS;2026-10-12T21:00;GFS;4.90;3.90;337.0;14.3;0.00;20.0;GFS
roche_de_glun;ICONGFS;2026-10-12T22:00;GFS;4.40;3.70;337.0;13.7;0.00;16.0;GFS
roche_de_glun;ICONGFS;2026-10-12T23:00;GFS;4.10;3.90;341.0;13.3;0.00;18.0;GFS
st_alban_du_rhone;ICONGFS;2026-09-27T00:00;ICONCH1;0.60;1.60;342.0;16.2;0.00;0.0;ICONCH1
st_alban_du_rhone;ICONGFS;2026-09-27T01:00;ICONCH1;1.10;1.90;301.0;14.8;0.00;0.0;ICONCH1
st_alban_du_rhone;ICONGFS;2026-09-27T02:00;ICONCH1;1.20;1.60;252.0;15.4;0.00;0.0;ICONCH1
st_alban_du_rhone;ICONGFS;2026-09-27T03:00;ICONCH1;2.40;3.70;279.0;13.9;0.00;0.0;ICONCH1
st_alban_du_rhone;ICONGFS;2026-09-27T04:00;ICONCH1;1.70;3.50;324.0;13.9;0.00;0.0;ICONCH1
st_alban_du_rhone;ICONGFS;2026-09-27T05:00;ICONCH1;1.30;1.60;297.0;13.9;0.00;0.0;ICONCH1
st_alban_du_rhone;ICONGFS;2026-09-27T06:00;ICONCH1;1.40;1.90;304.0;13.2;0.00;0.0;ICONCH1
st_alban_du_rhone;ICONGFS;2026-09-27T07:00;ICONCH1;2.10;2.90;311.0;13.1;0.00;0.0;ICONCH1
st_alban_du_rhone;ICONGFS;2026-09-27T08:00;ICONCH1;1.90;2.90;307.0;13.2;0.00;0.0;ICONCH1
st_alban_du_rhone;ICONGFS;2026-09-27T09:00;ICONCH1;1.20;2.90;342.0;15.0;0.00;21.0;ICONCH1
st_alban_du_rhone;ICONGFS;2026-09-27T10:00;ICONCH1;0.40;2.70;207.0;18.7;0.00;19.0;ICONCH1
st_alban_du_rhone;ICONGFS;2026-09-27T11:00;ICONCH1;13.50;22.00;153.0;23.7;0.00;45.0;ICONCH1
st_alban_du_rhone;ICONGFS;2026-09-27T12:00;ICONCH1;14.60;24.10;161.0;26.4;0.00;55.0;ICONCH1
st_alban_du_rhone;ICONGFS;2026-09-27T13:00;ICONCH1;15.30;25.30;165.0;27.9;0.00;100.0;ICONCH1
st_alban_du_rhone;ICONGFS;2026-09-27T14:00;ICONCH1;15.10;25.70;171.0;29.0;0.00;0.0;ICONCH1
st_alban_du_rhone;ICONGFS;2026-09-27T15:00;ICONCH1;15.00;24.90;175.0;29.5;0.00;0.0;ICONCH1
st_alban_du_rhone;ICONGFS;2026-09-27T16:00;ICONCH1;14.40;24.50;179.0;29.8;0.00;0.0;ICONCH1
st_alban_du_rhone;ICONGFS;2026-09-27T17:00;ICONCH1;14.00;24.30;175.0;29.4;0.00;32.0;ICONCH1
st_alban_du_rhone;ICONGFS;2026-09-27T18:00;ICONCH1;12.90;23.10;176.0;28.4;0.00;97.0;ICONCH1
st_alban_du_rhone;ICONGFS;2026-09-27T19:00;ICONCH1;10.60;20.60;171.0;26.8;0.00;85.0;ICONCH1
st_alban_du_rhone;ICONGFS;2026-09-27T20:00;ICONCH1;6.10;16.70;171.0;23.7;0.00;70.0;ICONCH1
st_alban_du_rhone;ICONGFS;2026-09-27T21:00;ICONCH1;4.00;9.50;169.0;21.7;0.00;85.0;ICONCH1
st_alban_du_rhone;ICONGFS;2026-09-27T22:00;ICONCH1;5.80;9.10;168.0;20.4;0.00;31.0;ICONCH1
st_alban_du_rhone;ICONGFS;2026-09-27T23:00;ICONCH1;3.60;9.30;193.0;19.0;0.00;20.0;ICONCH1
st_alban_du_rhone;ICONGFS;2026-09-28T00:00;ICONCH1;3.20;5.60;223.0;17.7;0.00;69.0;ICONCH1
st_alban_du_rhone;ICONGFS;2026-09-28T01:00;ICONCH1;2.30;4.90;222.0;17.4;0.00;18.0;ICONCH1
st_alban_du_rhone;ICONGFS;2026-09-28T02:00;ICONCH1;2.20;4.10;218.0;16.9;0.00;98.0;ICONCH1
st_alban_du_rhone;ICONGFS;2026-09-28T03:00;ICONCH1;3.00;4.90;191.0;16.5;0.00;93.0;ICONCH1
st_alban_du_rhone;ICONGFS;2026-09-28T04:00;ICONCH1;3.00;4.90;191.0;16.7;0.00;73.0;ICONCH1
st_alban_du_rhone;ICONGFS;2026-09-28T05:00;ICONCH1;3.50;5.40;177.0;16.4;0.00;81.0;ICONCH1
st_alban_du_rhone;ICONGFS;2026-09-28T06:00;ICONCH1;3.70;6.20;177.0;16.1;0.00;87.0;ICONCH1
st_alban_du_rhone;ICONGFS;2026-09-28T07:00;ICONCH1;3.90;6.20;177.0;15.8;0.00;100.0;ICONCH1
st_alban_du_rhone;ICONGFS;2026-09-28T08:00;ICONCH1;5.00;7.80;169.0;15.9;0.00;99.0;ICONCH1
st_alban_du_rhone;ICONGFS;2026-09-28T09:00;ICONCH1;7.00;11.10;161.0;17.2;0.00;91.0;ICONCH1
st_alban_du_rhone;ICONGFS;2026-09-28T10:00;ICONCH1;10.40;17.10;156.0;20.4;0.00;95.0;ICONCH1
st_alban_du_rhone;ICONGFS;2026-09-28T11:00;ICONCH1;12.20;20.00;147.0;23.2;0.00;100.0;ICONCH1
st_alban_du_rhone;ICONGFS;2026-09-28T12:00;ICONCH1;12.00;20.80;163.0;25.8;0.00;100.0;ICONCH1
st_alban_du_rhone;ICONGFS;2026-09-28T13:00;ICONCH1;14.30;23.30;172.0;27.3;0.00;100.0;ICONCH1
st_alban_du_rhone;ICONGFS;2026-09-28T14:00;ICONCH1;15.20;24.70;174.0;28.0;0.00;87.0;ICONCH1
st_alban_du_rhone;ICONGFS;2026-09-28T15:00;ICONCH1;15.50;26.00;189.0;28.5;0.00;100.0;ICONCH1
st_alban_du_rhone;ICONGFS;2026-09-28T16:00;ICONCH1;15.20;26.60;167.0;28.9;0.00;100.0;ICONCH1
st_alban_du_rhone;ICONGFS;2026-09-28T17:00;ICONCH1;13.30;25.10;173.0;28.4;0.00;100.0;ICONCH1
st_alban_du_rhone;ICONGFS;2026-09-28T18:00;ICONCH2;12.40;22.70;182.0;27.0;0.00;100.0;ICONCH2
st_alban_du_rhone;ICONGFS;2026-09-28T19:00;ICONCH2;9.70;20.40;179.0;25.7;0.00;100.0;ICONCH2
st_alban_du_rhone;ICONGFS;2026-09-28T20:00;ICONCH2;6.30;15.60;173.0;23.5;0.00;100.0;ICONCH2
st_alban_du_rhone;ICONGFS;2026-09-28T21:00;ICONCH2;5.80;10.10;154.0;21.6;0.00;100.0;ICONCH2
st_alban_du_rhone;ICONGFS;2026-09-28T22:00;ICONCH2;6.00;9.30;161.0;20.0;0.00;100.0;ICONCH2
st_alban_du_rhone;ICONGFS;2026-09-28T23:00;ICONCH2;6.30;10.10;164.0;19.2;0.00;100.0;ICONCH2
st_alban_du_rhone;ICONGFS;2026-09-29T00:00;ICONCH2;6.50;10.50;163.0;18.3;0.00;100.0;ICONCH2
st_alban_du_rhone;ICONGFS;2026-09-29T01:00;ICONCH2;6.50;10.50;164.0;17.6;0.00;100.0;ICONCH2
st_alban_du_rhone;ICONGFS;2026-09-29T02:00;ICONCH2;6.70;10.50;163.0;17.3;0.00;100.0;ICONCH2
st_alban_du_rhone;ICONGFS;2026-09-29T03:00;ICONCH2;6.50;10.70;163.0;16.7;0.00;83.0;ICONCH2
st_alban_du_rhone;ICONGFS;2026-09-29T04:00;ICONCH2;6.30;10.30;164.0;16.3;0.00;100.0;ICONCH2
st_alban_du_rhone;ICONGFS;2026-09-29T05:00;ICONCH2;6.00;10.10;165.0;16.1;0.00;100.0;ICONCH2
st_alban_du_rhone;ICONGFS;2026-09-29T06:00;ICONCH2;5.40;9.70;167.0;16.0;0.00;100.0;ICONCH2
st_alban_du_rhone;ICONGFS;2026-09-29T07:00;ICONCH2;4.60;8.60;168.0;15.8;0.00;99.0;ICONCH2
st_alban_du_rhone;ICONGFS;2026-09-29T08:00;ICONCH2;4.70;7.40;171.0;15.9;0.00;100.0;ICONCH2
st_alban_du_rhone;ICONGFS;2026-09-29T09:00;ICONCH2;7.10;11.50;159.0;17.5;0.00;100.0;ICONCH2
st_alban_du_rhone;ICONGFS;2026-09-29T10:00;ICONCH2;9.20;15.60;152.0;20.0;0.00;100.0;ICONCH2
st_alban_du_rhone;ICONGFS;2026-09-29T11:00;ICONCH2;10.20;17.50;149.0;22.7;0.00;100.0;ICONCH2
st_alban_du_rhone;ICONGFS;2026-09-29T12:00;ICONCH2;15.80;26.20;185.0;27.3;0.00;95.0;ICONCH2
st_alban_du_rhone;ICONGFS;2026-09-29T13:00;ICONCH2;16.90;27.80;189.0;28.1;0.00;99.0;ICONCH2
st_alban_du_rhone;ICONGFS;2026-09-29T14:00;ICONCH2;17.10;28.20;189.0;28.9;0.00;100.0;ICONCH2
st_alban_du_rhone;ICONGFS;2026-09-29T15:00;ICONCH2;17.40;29.20;191.0;29.2;0.00;100.0;ICONCH2
st_alban_du_rhone;ICONGFS;2026-09-29T16:00;ICONCH2;16.30;29.00;189.0;28.9;0.00;100.0;ICONCH2
st_alban_du_rhone;ICONGFS;2026-09-29T17:00;ICONCH2;13.50;27.00;196.0;28.2;0.00;100.0;ICONCH2
st_alban_du_rhone;ICONGFS;2026-09-29T18:00;ICONCH2;12.20;22.40;189.0;27.6;0.00;100.0;ICONCH2
st_alban_du_rhone;ICONGFS;2026-09-29T19:00;ICONCH2;10.80;20.20;187.0;26.3;0.00;100.0;ICONCH2
st_alban_du_rhone;ICONGFS;2026-09-29T20:00;ICONCH2;8.00;17.50;187.0;24.5;0.00;94.0;ICONCH2
st_alban_du_rhone;ICONGFS;2026-09-29T21:00;ICONCH2;6.70;13.00;168.0;22.9;0.00;87.0;ICONCH2
st_alban_du_rhone;ICONGFS;2026-09-29T22:00;ICONCH2;6.80;10.90;167.0;21.6;0.00;97.0;ICONCH2
st_alban_du_rhone;ICONGFS;2026-09-29T23:00;ICONCH2;7.30;11.50;160.0;20.9;0.00;100.0;ICONCH2
st_alban_du_rhone;ICONGFS;2026-09-30T00:00;ICONCH2;7.00;11.50;166.0;20.5;0.00;86.0;ICONCH2
st_alban_du_rhone;ICONGFS;2026-09-30T01:00;ICONCH2;7.90;12.80;160.0;20.4;0.00;96.0;ICONCH2
st_alban_du_rhone;ICONGFS;2026-09-30T02:00;ICONCH2;8.70;14.00;160.0;19.9;0.00;52.0;ICONCH2
st_alban_du_rhone;ICONGFS;2026-09-30T03:00;ICONCH2;8.20;13.80;161.0;18.9;0.00;52.0;ICONCH2
st_alban_du_rhone;ICONGFS;2026-09-30T04:00;ICONCH2;6.60;13.00;159.0;18.1;0.00;30.0;ICONCH2
st_alban_du_rhone;ICONGFS;2026-09-30T05:00;ICONCH2;6.80;10.70;162.0;17.6;0.00;8.0;ICONCH2
st_alban_du_rhone;ICONGFS;2026-09-30T06:00;ICONCH2;6.30;10.70;162.0;17.3;0.00;1.0;ICONCH2
st_alban_du_rhone;ICONGFS;2026-09-30T07:00;ICONCH2;7.30;11.50;164.0;17.3;0.00;2.0;ICONCH2
st_alban_du_rhone;ICONGFS;2026-09-30T08:00;ICONCH2;7.10;11.70;169.0;17.5;0.00;4.0;ICONCH2
st_alban_du_rhone;ICONGFS;2026-09-30T09:00;ICONCH2;8.60;14.00;162.0;19.4;0.00;76.0;ICONCH2
st_alban_du_rhone;ICONGFS;2026-09-30T10:00;ICONCH2;9.90;16.10;169.0;23.2;0.00;85.0;ICONCH2
st_alban_du_rhone;ICONGFS;2026-09-30T11:00;ICONCH2;14.00;23.10;183.0;25.8;0.00;88.0;ICONCH2
st_alban_du_rhone;ICONGFS;2026-09-30T12:00;ICONCH2;14.30;24.30;185.0;27.5;0.00;83.0;ICONCH2
st_alban_du_rhone;ICONGFS;2026-09-30T13:00;ICONCH2;13.50;23.70;185.0;27.8;0.00;89.0;ICONCH2
st_alban_du_rhone;ICONGFS;2026-09-30T14:00;ICONCH2;15.60;26.20;190.0;27.3;0.00;96.0;ICONCH2
st_alban_du_rhone;ICONGFS;2026-09-30T15:00;ICONCH2;16.10;27.20;195.0;27.8;0.00;70.0;ICONCH2
st_alban_du_rhone;ICONGFS;2026-09-30T16:00;ICONCH2;13.20;26.80;194.0;26.8;0.00;100.0;ICONCH2
st_alban_du_rhone;ICONGFS;2026-09-30T17:00;ICONCH2;13.70;22.50;192.0;27.3;0.00;100.0;ICONCH2
st_alban_du_rhone;ICONGFS;2026-09-30T18:00;ICONCH2;11.50;22.70;191.0;26.9;0.00;85.0;ICONCH2
st_alban_du_rhone;ICONGFS;2026-09-30T19:00;ICONCH2;8.50;18.90;189.0;25.7;0.00;100.0;ICONCH2
st_alban_du_rhone;ICONGFS;2026-09-30T20:00;ICONCH2;5.50;13.80;153.0;23.8;0.00;100.0;ICONCH2
st_alban_du_rhone;ICONGFS;2026-09-30T21:00;ICONCH2;5.80;9.30;143.0;22.4;0.00;100.0;ICONCH2
st_alban_du_rhone;ICONGFS;2026-09-30T22:00;ICONCH2;6.90;11.10;151.0;21.5;0.00;100.0;ICONCH2
st_alban_du_rhone;ICONGFS;2026-09-30T23:00;ICONCH2;6.30;11.10;158.0;20.8;0.00;100.0;ICONCH2
st_alban_du_rhone;ICONGFS;2026-10-01T00:00;ICONCH2;6.90;11.10;155.0;20.4;0.00;100.0;ICONCH2
st_alban_du_rhone;ICONGFS;2026-10-01T01:00;ICONCH2;7.00;11.30;156.0;20.3;0.00;100.0;ICONCH2
st_alban_du_rhone;ICONGFS;2026-10-01T02:00;ICONCH2;8.40;13.60;151.0;20.2;0.00;96.0;ICONCH2
st_alban_du_rhone;ICONGFS;2026-10-01T03:00;ICONCH2;6.10;13.60;149.0;20.1;0.00;100.0;ICONCH2
st_alban_du_rhone;ICONGFS;2026-10-01T04:00;ICONCH2;7.20;11.50;153.0;20.0;0.00;100.0;ICONCH2
st_alban_du_rhone;ICONGFS;2026-10-01T05:00;ICONCH2;8.10;13.00;153.0;20.2;0.00;100.0;ICONCH2
st_alban_du_rhone;ICONGFS;2026-10-01T06:00;ICONCH2;7.80;13.00;150.0;20.0;0.00;100.0;ICONCH2
st_alban_du_rhone;ICONGFS;2026-10-01T07:00;ICONCH2;7.40;12.60;153.0;19.8;0.00;100.0;ICONCH2
st_alban_du_rhone;ICONGFS;2026-10-01T08:00;ICONCH2;7.00;11.90;153.0;19.3;0.00;97.0;ICONCH2
st_alban_du_rhone;ICONGFS;2026-10-01T09:00;ICONCH2;6.60;11.30;148.0;20.1;0.00;100.0;ICONCH2
st_alban_du_rhone;ICONGFS;2026-10-01T10:00;ICONCH2;8.60;14.00;149.0;21.3;0.00;100.0;ICONCH2
st_alban_du_rhone;ICONGFS;2026-10-01T11:00;ICONCH2;8.90;14.80;154.0;24.1;0.00;100.0;ICONCH2
st_alban_du_rhone;ICONGFS;2026-10-01T12:00;ICONCH2;12.50;20.60;177.0;25.5;0.00;100.0;ICONCH2
st_alban_du_rhone;ICONGFS;2026-10-01T13:00;ICONCH2;11.70;21.00;173.0;23.9;0.20;100.0;ICONCH2
st_alban_du_rhone;ICONGFS;2026-10-01T14:00;ICONCH2;11.50;19.80;168.0;22.6;0.30;100.0;ICONCH2
st_alban_du_rhone;ICONGFS;2026-10-01T15:00;ICONCH2;11.40;19.60;162.0;22.2;0.10;100.0;ICONCH2
st_alban_du_rhone;ICONGFS;2026-10-01T16:00;ICONCH2;11.70;19.00;164.0;22.7;0.00;100.0;ICONCH2
st_alban_du_rhone;ICONGFS;2026-10-01T17:00;ICONCH2;11.60;20.00;166.0;23.2;0.00;100.0;ICONCH2
st_alban_du_rhone;ICONGFS;2026-10-01T18:00;ICONCH2;11.00;19.40;166.0;22.8;0.00;100.0;ICONCH2
st_alban_du_rhone;ICONGFS;2026-10-01T19:00;ICONCH2;9.30;18.10;160.0;22.3;0.00;100.0;ICONCH2
st_alban_du_rhone;ICONGFS;2026-10-01T20:00;ICONCH2;4.80;15.00;159.0;21.2;0.00;100.0;ICONCH2
st_alban_du_rhone;ICONGFS;2026-10-01T21:00;ICONCH2;1.80;7.80;252.0;19.5;0.00;100.0;ICONCH2
st_alban_du_rhone;ICONGFS;2026-10-01T22:00;ICONCH2;2.00;3.50;281.0;18.2;0.00;100.0;ICONCH2
st_alban_du_rhone;ICONGFS;2026-10-01T23:00;ICONCH2;1.70;3.90;270.0;18.1;0.00;100.0;ICONCH2
st_alban_du_rhone;ICONGFS;2026-10-02T00:00;ICON13KM;4.70;8.00;336.0;17.2;0.00;93.0;ICON13KM
st_alban_du_rhone;ICONGFS;2026-10-02T01:00;ICON13KM;5.00;8.60;334.0;16.9;0.00;87.0;ICON13KM
st_alban_du_rhone;ICONGFS;2026-10-02T02:00;ICON13KM;5.20;8.90;333.0;16.7;0.00;80.0;ICON13KM
st_alban_du_rhone;ICONGFS;2026-10-02T03:00;ICON13KM;5.20;8.90;333.0;16.5;0.00;82.0;ICON13KM
st_alban_du_rhone;ICONGFS;2026-10-02T04:00;ICON13KM;5.10;8.90;337.0;16.3;0.00;84.0;ICON13KM
st_alban_du_rhone;ICONGFS;2026-10-02T05:00;ICON13KM;5.00;8.70;339.0;16.1;0.00;86.0;ICON13KM
st_alban_du_rhone;ICONGFS;2026-10-02T06:00;ICON13KM;4.90;8.60;342.0;16.0;0.00;84.0;ICON13KM
st_alban_du_rhone;ICONGFS;2026-10-02T07:00;ICON13KM;4.90;8.40;344.0;15.9;0.00;81.0;ICON13KM
st_alban_du_rhone;ICONGFS;2026-10-02T08:00;ICON13KM;4.80;8.20;346.0;15.9;0.00;79.0;ICON13KM
st_alban_du_rhone;ICONGFS;2026-10-02T09:00;ICON13KM;6.80;11.90;345.0;15.7;0.00;58.0;ICON13KM
st_alban_du_rhone;ICONGFS;2026-10-02T10:00;ICON13KM;9.30;16.10;349.0;16.7;0.00;56.0;ICON13KM
st_alban_du_rhone;ICONGFS;2026-10-02T11:00;ICON13KM;11.20;19.60;352.0;17.7;0.00;54.0;ICON13KM
st_alban_du_rhone;ICONGFS;2026-10-02T12:00;ICON13KM;12.30;21.80;355.0;18.6;0.00;60.0;ICON13KM
st_alban_du_rhone;ICONGFS;2026-10-02T13:00;ICON13KM;12.80;22.90;357.0;19.4;0.00;67.0;ICON13KM
st_alban_du_rhone;ICONGFS;2026-10-02T14:00;ICON13KM;12.80;23.30;359.0;20.0;0.00;73.0;ICON13KM
st_alban_du_rhone;ICONGFS;2026-10-02T15:00;ICON13KM;12.30;22.50;358.0;20.4;0.00;77.0;ICON13KM
st_alban_du_rhone;ICONGFS;2026-10-02T16:00;ICON13KM;11.10;21.00;355.0;20.6;0.00;82.0;ICON13KM
st_alban_du_rhone;ICONGFS;2026-10-02T17:00;ICON13KM;10.00;19.20;352.0;20.5;0.00;86.0;ICON13KM
st_alban_du_rhone;ICONGFS;2026-10-02T18:00;ICON13KM;9.10;17.70;349.0;20.0;0.00;78.0;ICON13KM
st_alban_du_rhone;ICONGFS;2026-10-02T19:00;ICON13KM;8.00;15.90;346.0;19.2;0.00;69.0;ICON13KM
st_alban_du_rhone;ICONGFS;2026-10-02T20:00;ICON13KM;6.90;14.20;342.0;18.5;0.00;61.0;ICON13KM
st_alban_du_rhone;ICONGFS;2026-10-02T21:00;ICON13KM;5.60;12.20;340.0;17.8;0.00;59.0;ICON13KM
st_alban_du_rhone;ICONGFS;2026-10-02T22:00;ICON13KM;4.20;10.10;338.0;17.2;0.00;57.0;ICON13KM
st_alban_du_rhone;ICONGFS;2026-10-02T23:00;ICON13KM;3.00;8.20;333.0;16.6;0.00;55.0;ICON13KM
st_alban_du_rhone;ICONGFS;2026-10-03T00:00;ICON13KM;2.60;6.80;333.0;15.8;0.00;58.0;ICON13KM
st_alban_du_rhone;ICONGFS;2026-10-03T01:00;ICON13KM;2.60;5.60;333.0;15.0;0.00;62.0;ICON13KM
st_alban_du_rhone;ICONGFS;2026-10-03T02:00;ICON13KM;2.30;4.70;336.0;14.3;0.00;65.0;ICON13KM
st_alban_du_rhone;ICONGFS;2026-10-03T03:00;ICON13KM;2.20;4.10;333.0;13.9;0.00;69.0;ICON13KM
st_alban_du_rhone;ICONGFS;2026-10-03T04:00;ICON13KM;1.80;3.50;328.0;13.7;0.00;72.0;ICON13KM
st_alban_du_rhone;ICONGFS;2026-10-03T05:00;ICON13KM;1.40;3.10;326.0;13.7;0.00;76.0;ICON13KM
st_alban_du_rhone;ICONGFS;2026-10-03T06:00;ICON13KM;0.80;2.10;315.0;13.7;0.00;80.0;ICON13KM
st_alban_du_rhone;ICONGFS;2026-10-03T07:00;ICON13KM;0.20;1.40;270.0;13.8;0.00;83.0;ICON13KM
st_alban_du_rhone;ICONGFS;2026-10-03T08:00;ICON13KM;0.80;1.40;166.0;14.2;0.00;87.0;ICON13KM
st_alban_du_rhone;ICONGFS;2026-10-03T09:00;ICON13KM;1.70;2.50;144.0;15.1;0.00;58.0;ICON13KM
st_alban_du_rhone;ICONGFS;2026-10-03T10:00;ICON13KM;2.90;4.90;132.0;16.4;0.00;29.0;ICON13KM
st_alban_du_rhone;ICONGFS;2026-10-03T11:00;ICON13KM;4.50;8.60;146.0;17.9;0.00;0.0;ICON13KM
st_alban_du_rhone;ICONGFS;2026-10-03T12:00;ICON13KM;8.00;15.40;166.0;20.0;0.00;0.0;ICON13KM
st_alban_du_rhone;ICONGFS;2026-10-03T13:00;ICON13KM;13.10;23.70;176.0;22.5;0.00;0.0;ICON13KM
st_alban_du_rhone;ICONGFS;2026-10-03T14:00;ICON13KM;16.50;29.50;179.0;24.2;0.00;0.0;ICON13KM
st_alban_du_rhone;ICONGFS;2026-10-03T15:00;ICON13KM;16.90;30.90;181.0;24.8;0.00;33.0;ICON13KM
st_alban_du_rhone;ICONGFS;2026-10-03T16:00;ICON13KM;15.40;29.70;181.0;24.7;0.00;67.0;ICON13KM
st_alban_du_rhone;ICONGFS;2026-10-03T17:00;ICON13KM;13.40;27.20;182.0;24.2;0.00;100.0;ICON13KM
st_alban_du_rhone;ICONGFS;2026-10-03T18:00;ICON13KM;10.70;23.30;181.0;23.1;0.00;100.0;ICON13KM
st_alban_du_rhone;ICONGFS;2026-10-03T19:00;ICON13KM;7.40;18.10;178.0;21.6;0.00;100.0;ICON13KM
st_alban_du_rhone;ICONGFS;2026-10-03T20:00;ICON13KM;4.90;13.60;175.0;20.1;0.00;100.0;ICON13KM
st_alban_du_rhone;ICONGFS;2026-10-03T21:00;ICON13KM;3.90;10.50;177.0;18.8;0.00;85.0;ICON13KM
st_alban_du_rhone;ICONGFS;2026-10-03T22:00;ICON13KM;3.90;8.20;180.0;17.6;0.00;70.0;ICON13KM
st_alban_du_rhone;ICONGFS;2026-10-03T23:00;ICON13KM;3.90;6.80;183.0;16.7;0.00;55.0;ICON13KM
st_alban_du_rhone;ICONGFS;2026-10-04T00:00;ICON13KM;4.10;6.80;180.0;16.4;0.00;70.0;ICON13KM
st_alban_du_rhone;ICONGFS;2026-10-04T01:00;ICON13KM;4.30;7.80;175.0;16.4;0.00;85.0;ICON13KM
st_alban_du_rhone;ICONGFS;2026-10-04T02:00;ICON13KM;4.30;8.40;170.0;16.3;0.00;100.0;ICON13KM
st_alban_du_rhone;ICONGFS;2026-10-04T03:00;ICON13KM;4.00;7.80;169.0;16.0;0.00;96.0;ICON13KM
st_alban_du_rhone;ICONGFS;2026-10-04T04:00;ICON13KM;3.40;6.80;167.0;15.5;0.00;91.0;ICON13KM
st_alban_du_rhone;ICONGFS;2026-10-04T05:00;ICON13KM;2.80;6.00;164.0;15.0;0.00;87.0;ICON13KM
st_alban_du_rhone;ICONGFS;2026-10-04T06:00;ICON13KM;2.50;5.40;157.0;14.0;0.00;67.0;ICON13KM
st_alban_du_rhone;ICONGFS;2026-10-04T07:00;ICON13KM;2.40;4.90;145.0;13.0;0.00;47.0;ICON13KM
st_alban_du_rhone;ICONGFS;2026-10-04T08:00;ICON13KM;2.60;5.10;144.0;13.0;0.00;27.0;ICON13KM
st_alban_du_rhone;ICONGFS;2026-10-04T09:00;ICON13KM;3.10;5.80;145.0;14.7;0.00;24.0;ICON13KM
st_alban_du_rhone;ICONGFS;2026-10-04T10:00;ICON13KM;4.00;7.20;151.0;17.4;0.00;22.0;ICON13KM
st_alban_du_rhone;ICONGFS;2026-10-04T11:00;ICON13KM;5.40;9.70;159.0;19.8;0.00;19.0;ICON13KM
st_alban_du_rhone;ICONGFS;2026-10-04T12:00;ICON13KM;8.10;14.80;170.0;21.5;0.00;31.0;ICON13KM
st_alban_du_rhone;ICONGFS;2026-10-04T13:00;ICON13KM;11.70;21.00;178.0;22.9;0.00;44.0;ICON13KM
st_alban_du_rhone;ICONGFS;2026-10-04T14:00;ICON13KM;14.40;25.50;182.0;23.9;0.00;56.0;ICON13KM
st_alban_du_rhone;ICONGFS;2026-10-04T15:00;GFS;0.60;4.50;270.0;14.2;1.30;100.0;GFS
st_alban_du_rhone;ICONGFS;2026-10-04T16:00;GFS;1.00;3.90;360.0;14.0;1.30;100.0;GFS
st_alban_du_rhone;ICONGFS;2026-10-04T17:00;GFS;1.80;3.30;18.0;13.9;1.30;100.0;GFS
st_alban_du_rhone;ICONGFS;2026-10-04T18:00;GFS;1.80;2.50;18.0;13.8;0.10;100.0;GFS
st_alban_du_rhone;ICONGFS;2026-10-04T19:00;GFS;1.70;1.70;21.0;13.7;0.10;100.0;GFS
st_alban_du_rhone;ICONGFS;2026-10-04T20:00;GFS;1.00;1.40;22.0;13.6;0.10;100.0;GFS
st_alban_du_rhone;ICONGFS;2026-10-04T21:00;GFS;0.40;1.40;90.0;13.5;0.10;100.0;GFS
st_alban_du_rhone;ICONGFS;2026-10-04T22:00;GFS;1.30;1.70;153.0;13.3;0.10;100.0;GFS
st_alban_du_rhone;ICONGFS;2026-10-04T23:00;GFS;2.00;2.10;163.0;13.2;0.10;100.0;GFS
st_alban_du_rhone;ICONGFS;2026-10-05T00:00;GFS;2.20;2.10;170.0;13.1;0.00;100.0;GFS
st_alban_du_rhone;ICONGFS;2026-10-05T01:00;GFS;2.10;2.10;175.0;12.9;0.00;100.0;GFS
st_alban_du_rhone;ICONGFS;2026-10-05T02:00;GFS;1.90;2.10;180.0;12.7;0.00;100.0;GFS
st_alban_du_rhone;ICONGFS;2026-10-05T03:00;GFS;1.80;2.10;186.0;12.2;0.00;79.0;GFS
st_alban_du_rhone;ICONGFS;2026-10-05T04:00;GFS;1.50;2.10;203.0;11.6;0.00;51.0;GFS
st_alban_du_rhone;ICONGFS;2026-10-05T05:00;GFS;1.20;1.90;219.0;11.1;0.00;36.0;GFS
st_alban_du_rhone;ICONGFS;2026-10-05T06:00;GFS;1.00;1.70;248.0;10.7;0.00;48.0;GFS
st_alban_du_rhone;ICONGFS;2026-10-05T07:00;GFS;1.00;1.40;270.0;10.4;0.00;74.0;GFS
st_alban_du_rhone;ICONGFS;2026-10-05T08:00;GFS;1.00;1.20;307.0;10.7;0.00;94.0;GFS
st_alban_du_rhone;ICONGFS;2026-10-05T09:00;GFS;1.00;1.00;338.0;11.8;0.00;100.0;GFS
st_alban_du_rhone;ICONGFS;2026-10-05T10:00;GFS;1.20;1.00;18.0;13.5;0.00;100.0;GFS
st_alban_du_rhone;ICONGFS;2026-10-05T11:00;GFS;2.00;1.20;29.0;15.2;0.00;100.0;GFS
st_alban_du_rhone;ICONGFS;2026-10-05T12:00;GFS;3.30;1.90;28.0;16.7;0.00;100.0;GFS
st_alban_du_rhone;ICONGFS;2026-10-05T13:00;GFS;4.70;3.10;24.0;18.1;0.00;99.0;GFS
st_alban_du_rhone;ICONGFS;2026-10-05T14:00;GFS;5.80;4.30;21.0;19.2;0.00;98.0;GFS
st_alban_du_rhone;ICONGFS;2026-10-05T15:00;GFS;6.60;5.20;19.0;19.7;0.00;97.0;GFS
st_alban_du_rhone;ICONGFS;2026-10-05T16:00;GFS;7.10;6.00;16.0;19.7;0.00;96.0;GFS
st_alban_du_rhone;ICONGFS;2026-10-05T17:00;GFS;7.10;6.40;11.0;19.3;0.00;96.0;GFS
st_alban_du_rhone;ICONGFS;2026-10-05T18:00;GFS;6.40;6.20;360.0;18.0;0.00;97.0;GFS
st_alban_du_rhone;ICONGFS;2026-10-05T19:00;GFS;5.50;5.60;342.0;16.1;0.00;99.0;GFS
st_alban_du_rhone;ICONGFS;2026-10-05T20:00;GFS;5.30;5.10;324.0;14.8;0.00;100.0;GFS
st_alban_du_rhone;ICONGFS;2026-10-05T21:00;GFS;5.10;4.70;317.0;14.4;0.00;100.0;GFS
st_alban_du_rhone;ICONGFS;2026-10-05T22:00;GFS;4.70;4.10;315.0;14.5;0.00;100.0;GFS
st_alban_du_rhone;ICONGFS;2026-10-05T23:00;GFS;4.40;3.90;315.0;14.5;0.00;100.0;GFS
st_alban_du_rhone;ICONGFS;2026-10-06T00:00;GFS;4.30;3.90;321.0;13.9;0.00;100.0;GFS
st_alban_du_rhone;ICONGFS;2026-10-06T01:00;GFS;4.20;4.10;326.0;13.1;0.00;100.0;GFS
st_alban_du_rhone;ICONGFS;2026-10-06T02:00;GFS;4.30;4.30;333.0;12.6;0.00;100.0;GFS
st_alban_du_rhone;ICONGFS;2026-10-06T03:00;GFS;4.30;4.50;342.0;12.4;0.00;100.0;GFS
st_alban_du_rhone;ICONGFS;2026-10-06T04:00;GFS;4.40;4.90;347.0;12.5;0.00;100.0;GFS
st_alban_du_rhone;ICONGFS;2026-10-06T05:00;GFS;4.50;5.10;353.0;12.5;0.00;100.0;GFS
st_alban_du_rhone;ICONGFS;2026-10-06T06:00;GFS;4.70;5.10;355.0;12.1;0.00;100.0;GFS
st_alban_du_rhone;ICONGFS;2026-10-06T07:00;GFS;4.70;4.90;353.0;11.7;0.00;100.0;GFS
st_alban_du_rhone;ICONGFS;2026-10-06T08:00;GFS;4.70;4.70;353.0;11.8;0.00;100.0;GFS
st_alban_du_rhone;ICONGFS;2026-10-06T09:00;GFS;4.70;4.90;351.0;12.6;0.00;100.0;GFS
st_alban_du_rhone;ICONGFS;2026-10-06T10:00;GFS;4.60;5.10;348.0;13.8;0.00;100.0;GFS
st_alban_du_rhone;ICONGFS;2026-10-06T11:00;GFS;4.60;5.20;348.0;14.9;0.00;100.0;GFS
st_alban_du_rhone;ICONGFS;2026-10-06T12:00;GFS;4.90;5.20;353.0;15.8;0.00;92.0;GFS
st_alban_du_rhone;ICONGFS;2026-10-06T13:00;GFS;5.40;5.10;358.0;16.7;0.00;81.0;GFS
st_alban_du_rhone;ICONGFS;2026-10-06T14:00;GFS;5.60;5.10;2.0;17.3;0.00;75.0;GFS
st_alban_du_rhone;ICONGFS;2026-10-06T15:00;GFS;5.50;5.40;4.0;17.6;0.00;81.0;GFS
st_alban_du_rhone;ICONGFS;2026-10-06T16:00;GFS;5.30;6.00;4.0;17.7;0.00;92.0;GFS
st_alban_du_rhone;ICONGFS;2026-10-06T17:00;GFS;4.70;6.20;360.0;17.5;0.00;100.0;GFS
st_alban_du_rhone;ICONGFS;2026-10-06T18:00;GFS;4.10;5.80;343.0;16.6;0.00;100.0;GFS
st_alban_du_rhone;ICONGFS;2026-10-06T19:00;GFS;3.80;5.20;315.0;15.4;0.00;97.0;GFS
st_alban_du_rhone;ICONGFS;2026-10-06T20:00;GFS;4.20;4.70;298.0;14.6;0.00;95.0;GFS
st_alban_du_rhone;ICONGFS;2026-10-06T21:00;GFS;3.80;4.10;294.0;14.5;0.00;97.0;GFS
st_alban_du_rhone;ICONGFS;2026-10-06T22:00;GFS;3.00;3.70;302.0;14.9;0.00;100.0;GFS
st_alban_du_rhone;ICONGFS;2026-10-06T23:00;GFS;2.50;3.30;309.0;14.9;0.00;100.0;GFS
st_alban_du_rhone;ICONGFS;2026-10-07T00:00;GFS;2.50;3.10;315.0;14.2;0.00;94.0;GFS
st_alban_du_rhone;ICONGFS;2026-10-07T01:00;GFS;2.70;3.30;315.0;13.1;0.00;86.0;GFS
st_alban_du_rhone;ICONGFS;2026-10-07T02:00;GFS;3.00;3.30;320.0;12.3;0.00;78.0;GFS
st_alban_du_rhone;ICONGFS;2026-10-07T03:00;GFS;3.20;3.30;327.0;11.8;0.00;71.0;GFS
st_alban_du_rhone;ICONGFS;2026-10-07T04:00;GFS;3.40;3.30;329.0;11.6;0.00;65.0;GFS
st_alban_du_rhone;ICONGFS;2026-10-07T05:00;GFS;3.70;3.30;335.0;11.4;0.00;61.0;GFS
st_alban_du_rhone;ICONGFS;2026-10-07T06:00;GFS;4.00;3.30;337.0;10.9;0.00;61.0;GFS
st_alban_du_rhone;ICONGFS;2026-10-07T07:00;GFS;4.40;3.30;337.0;10.4;0.00;63.0;GFS
st_alban_du_rhone;ICONGFS;2026-10-07T08:00;GFS;4.70;3.30;341.0;10.7;0.00;62.0;GFS
st_alban_du_rhone;ICONGFS;2026-10-07T09:00;GFS;4.70;3.70;351.0;12.1;0.00;54.0;GFS
st_alban_du_rhone;ICONGFS;2026-10-07T10:00;GFS;4.90;4.10;5.0;14.3;0.00;44.0;GFS
st_alban_du_rhone;ICONGFS;2026-10-07T11:00;GFS;5.20;4.50;15.0;16.2;0.00;36.0;GFS
st_alban_du_rhone;ICONGFS;2026-10-07T12:00;GFS;5.60;4.90;20.0;17.6;0.00;34.0;GFS
st_alban_du_rhone;ICONGFS;2026-10-07T13:00;GFS;5.90;5.40;23.0;18.8;0.00;34.0;GFS
st_alban_du_rhone;ICONGFS;2026-10-07T14:00;GFS;6.30;5.80;22.0;19.7;0.00;38.0;GFS
st_alban_du_rhone;ICONGFS;2026-10-07T15:00;GFS;6.80;6.20;18.0;20.1;0.00;46.0;GFS
st_alban_du_rhone;ICONGFS;2026-10-07T16:00;GFS;7.00;6.40;13.0;20.1;0.00;57.0;GFS
st_alban_du_rhone;ICONGFS;2026-10-07T17:00;GFS;7.10;6.40;8.0;19.6;0.00;68.0;GFS
st_alban_du_rhone;ICONGFS;2026-10-07T18:00;GFS;6.40;5.60;360.0;18.1;0.00;80.0;GFS
st_alban_du_rhone;ICONGFS;2026-10-07T19:00;GFS;5.30;4.50;350.0;16.0;0.00;92.0;GFS
st_alban_du_rhone;ICONGFS;2026-10-07T20:00;GFS;4.60;3.70;338.0;14.5;0.00;100.0;GFS
st_alban_du_rhone;ICONGFS;2026-10-07T21:00;GFS;4.10;3.50;329.0;14.1;0.00;100.0;GFS
st_alban_du_rhone;ICONGFS;2026-10-07T22:00;GFS;3.70;3.50;321.0;14.3;0.00;100.0;GFS
st_alban_du_rhone;ICONGFS;2026-10-07T23:00;GFS;3.30;3.50;315.0;14.5;0.00;100.0;GFS
st_alban_du_rhone;ICONGFS;2026-10-08T00:00;GFS;2.90;3.30;312.0;14.6;0.00;100.0;GFS
st_alban_du_rhone;ICONGFS;2026-10-08T01:00;GFS;2.30;2.90;312.0;14.7;0.00;100.0;GFS
st_alban_du_rhone;ICONGFS;2026-10-08T02:00;GFS;2.10;2.70;319.0;14.7;0.00;100.0;GFS
st_alban_du_rhone;ICONGFS;2026-10-08T03:00;GFS;1.80;2.30;342.0;14.4;0.10;100.0;GFS
st_alban_du_rhone;ICONGFS;2026-10-08T04:00;GFS;2.40;1.90;9.0;13.9;0.10;100.0;GFS
st_alban_du_rhone;ICONGFS;2026-10-08T05:00;GFS;2.90;1.90;20.0;13.5;0.10;100.0;GFS
st_alban_du_rhone;ICONGFS;2026-10-08T06:00;GFS;3.00;2.50;15.0;12.9;0.50;100.0;GFS
st_alban_du_rhone;ICONGFS;2026-10-08T07:00;GFS;3.30;3.30;360.0;12.4;0.50;100.0;GFS
st_alban_du_rhone;ICONGFS;2026-10-08T08:00;GFS;3.70;4.10;354.0;12.3;0.50;100.0;GFS
st_alban_du_rhone;ICONGFS;2026-10-08T09:00;GFS;4.70;4.70;355.0;12.9;0.10;95.0;GFS
st_alban_du_rhone;ICONGFS;2026-10-08T10:00;GFS;5.60;5.40;360.0;14.0;0.10;88.0;GFS
st_alban_du_rhone;ICONGFS;2026-10-08T11:00;GFS;6.80;6.20;360.0;15.1;0.10;84.0;GFS
st_alban_du_rhone;ICONGFS;2026-10-08T12:00;GFS;7.80;7.20;357.0;16.1;0.00;88.0;GFS
st_alban_du_rhone;ICONGFS;2026-10-08T13:00;GFS;8.80;8.40;352.0;17.2;0.00;95.0;GFS
st_alban_du_rhone;ICONGFS;2026-10-08T14:00;GFS;9.50;9.30;349.0;18.0;0.00;100.0;GFS
st_alban_du_rhone;ICONGFS;2026-10-08T15:00;GFS;10.00;10.50;348.0;18.4;0.00;100.0;GFS
st_alban_du_rhone;ICONGFS;2026-10-08T16:00;GFS;10.20;11.50;347.0;18.5;0.00;100.0;GFS
st_alban_du_rhone;ICONGFS;2026-10-08T17:00;GFS;9.70;11.70;344.0;18.2;0.00;100.0;GFS
st_alban_du_rhone;ICONGFS;2026-10-08T18:00;GFS;8.50;10.50;336.0;17.1;0.00;100.0;GFS
st_alban_du_rhone;ICONGFS;2026-10-08T19:00;GFS;6.90;8.70;322.0;15.5;0.00;100.0;GFS
st_alban_du_rhone;ICONGFS;2026-10-08T20:00;GFS;6.10;7.40;307.0;14.3;0.00;100.0;GFS
st_alban_du_rhone;ICONGFS;2026-10-08T21:00;GFS;5.90;7.20;302.0;13.7;0.00;100.0;GFS
st_alban_du_rhone;ICONGFS;2026-10-08T22:00;GFS;5.70;7.80;301.0;13.4;0.00;100.0;GFS
st_alban_du_rhone;ICONGFS;2026-10-08T23:00;GFS;5.60;8.00;304.0;13.2;0.00;100.0;GFS
st_alban_du_rhone;ICONGFS;2026-10-09T00:00;GFS;5.60;8.00;306.0;12.9;0.00;100.0;GFS
st_alban_du_rhone;ICONGFS;2026-10-09T01:00;GFS;5.70;7.80;311.0;12.7;0.00;100.0;GFS
st_alban_du_rhone;ICONGFS;2026-10-09T02:00;GFS;5.60;7.40;316.0;12.5;0.00;100.0;GFS
st_alban_du_rhone;ICONGFS;2026-10-09T03:00;GFS;5.40;6.60;319.0;12.1;0.00;100.0;GFS
st_alban_du_rhone;ICONGFS;2026-10-09T04:00;GFS;5.00;5.80;324.0;11.6;0.00;100.0;GFS
st_alban_du_rhone;ICONGFS;2026-10-09T05:00;GFS;4.80;5.10;328.0;11.2;0.00;100.0;GFS
st_alban_du_rhone;ICONGFS;2026-10-09T06:00;GFS;4.40;4.50;331.0;10.5;0.00;100.0;GFS
st_alban_du_rhone;ICONGFS;2026-10-09T07:00;GFS;4.30;4.10;333.0;9.9;0.00;100.0;GFS
st_alban_du_rhone;ICONGFS;2026-10-09T08:00;GFS;4.70;4.70;336.0;10.0;0.00;92.0;GFS
st_alban_du_rhone;ICONGFS;2026-10-09T09:00;GFS;5.80;6.80;339.0;11.5;0.00;65.0;GFS
st_alban_du_rhone;ICONGFS;2026-10-09T10:00;GFS;7.40;9.90;340.0;13.8;0.00;29.0;GFS
st_alban_du_rhone;ICONGFS;2026-10-09T11:00;GFS;9.00;12.20;342.0;15.8;0.00;4.0;GFS
st_alban_du_rhone;ICONGFS;2026-10-09T12:00;GFS;10.60;13.40;346.0;17.1;0.00;0.0;GFS
st_alban_du_rhone;ICONGFS;2026-10-09T13:00;GFS;12.20;13.80;351.0;18.1;0.00;4.0;GFS
st_alban_du_rhone;ICONGFS;2026-10-09T14:00;GFS;13.30;14.20;354.0;18.8;0.00;8.0;GFS
st_alban_du_rhone;ICONGFS;2026-10-09T15:00;GFS;14.00;14.80;358.0;19.1;0.00;8.0;GFS
st_alban_du_rhone;ICONGFS;2026-10-09T16:00;GFS;14.20;15.20;3.0;19.0;0.00;8.0;GFS
st_alban_du_rhone;ICONGFS;2026-10-09T17:00;GFS;13.70;15.20;5.0;18.4;0.00;8.0;GFS
st_alban_du_rhone;ICONGFS;2026-10-09T18:00;GFS;11.90;14.20;360.0;17.0;0.00;7.0;GFS
st_alban_du_rhone;ICONGFS;2026-10-09T19:00;GFS;9.50;12.80;349.0;15.0;0.00;7.0;GFS
st_alban_du_rhone;ICONGFS;2026-10-09T20:00;GFS;7.90;11.30;335.0;13.4;0.00;11.0;GFS
st_alban_du_rhone;ICONGFS;2026-10-09T21:00;GFS;7.10;9.50;325.0;12.3;0.00;22.0;GFS
st_alban_du_rhone;ICONGFS;2026-10-09T22:00;GFS;6.30;7.80;317.0;11.4;0.00;38.0;GFS
st_alban_du_rhone;ICONGFS;2026-10-09T23:00;GFS;6.10;6.40;312.0;10.8;0.00;54.0;GFS
st_alban_du_rhone;ICONGFS;2026-10-10T00:00;GFS;5.90;6.00;311.0;10.4;0.00;74.0;GFS
st_alban_du_rhone;ICONGFS;2026-10-10T01:00;GFS;5.80;6.20;315.0;10.3;0.00;95.0;GFS
st_alban_du_rhone;ICONGFS;2026-10-10T02:00;GFS;5.80;6.20;318.0;10.1;0.00;100.0;GFS
st_alban_du_rhone;ICONGFS;2026-10-10T03:00;GFS;5.70;6.00;319.0;9.6;0.00;76.0;GFS
st_alban_du_rhone;ICONGFS;2026-10-10T04:00;GFS;5.30;5.80;321.0;9.0;0.00;37.0;GFS
st_alban_du_rhone;ICONGFS;2026-10-10T05:00;GFS;5.10;5.60;323.0;8.5;0.00;9.0;GFS
st_alban_du_rhone;ICONGFS;2026-10-10T06:00;GFS;5.00;5.10;324.0;7.8;0.00;5.0;GFS
st_alban_du_rhone;ICONGFS;2026-10-10T07:00;GFS;4.60;4.50;327.0;7.3;0.00;13.0;GFS
st_alban_du_rhone;ICONGFS;2026-10-10T08:00;GFS;4.80;4.70;333.0;7.6;0.00;18.0;GFS
st_alban_du_rhone;ICONGFS;2026-10-10T09:00;GFS;5.50;6.00;343.0;9.4;0.00;15.0;GFS
st_alban_du_rhone;ICONGFS;2026-10-10T10:00;GFS;6.50;8.20;350.0;12.2;0.00;10.0;GFS
st_alban_du_rhone;ICONGFS;2026-10-10T11:00;GFS;7.60;9.70;356.0;14.6;0.00;7.0;GFS
st_alban_du_rhone;ICONGFS;2026-10-10T12:00;GFS;8.40;10.10;359.0;16.3;0.00;8.0;GFS
st_alban_du_rhone;ICONGFS;2026-10-10T13:00;GFS;8.90;9.90;360.0;17.6;0.00;10.0;GFS
st_alban_du_rhone;ICONGFS;2026-10-10T14:00;GFS;9.30;9.70;2.0;18.6;0.00;12.0;GFS
st_alban_du_rhone;ICONGFS;2026-10-10T15:00;GFS;9.60;9.90;5.0;19.2;0.00;13.0;GFS
st_alban_du_rhone;ICONGFS;2026-10-10T16:00;GFS;9.60;9.90;8.0;19.4;0.00;14.0;GFS
st_alban_du_rhone;ICONGFS;2026-10-10T17:00;GFS;9.00;9.30;9.0;18.9;0.00;15.0;GFS
st_alban_du_rhone;ICONGFS;2026-10-10T18:00;GFS;7.40;7.60;3.0;17.2;0.00;16.0;GFS
st_alban_du_rhone;ICONGFS;2026-10-10T19:00;GFS;5.50;5.10;350.0;14.8;0.00;17.0;GFS
st_alban_du_rhone;ICONGFS;2026-10-10T20:00;GFS;4.30;3.30;333.0;12.9;0.00;18.0;GFS
st_alban_du_rhone;ICONGFS;2026-10-10T21:00;GFS;3.90;2.90;323.0;11.9;0.00;20.0;GFS
st_alban_du_rhone;ICONGFS;2026-10-10T22:00;GFS;3.60;3.30;319.0;11.5;0.00;22.0;GFS
st_alban_du_rhone;ICONGFS;2026-10-10T23:00;GFS;3.40;3.50;317.0;11.1;0.00;22.0;GFS
st_alban_du_rhone;ICONGFS;2026-10-11T00:00;GFS;3.20;3.50;317.0;10.6;0.00;20.0;GFS
st_alban_du_rhone;ICONGFS;2026-10-11T01:00;GFS;3.20;3.50;322.0;10.2;0.00;16.0;GFS
st_alban_du_rhone;ICONGFS;2026-10-11T02:00;GFS;3.10;3.50;325.0;9.8;0.00;13.0;GFS
st_alban_du_rhone;ICONGFS;2026-10-11T03:00;GFS;3.10;3.50;325.0;9.5;0.00;10.0;GFS
st_alban_du_rhone;ICONGFS;2026-10-11T04:00;GFS;3.00;3.50;328.0;9.2;0.00;8.0;GFS
st_alban_du_rhone;ICONGFS;2026-10-11T05:00;GFS;3.00;3.30;328.0;9.0;0.00;6.0;GFS
st_alban_du_rhone;ICONGFS;2026-10-11T06:00;GFS;2.90;3.10;332.0;8.5;0.00;5.0;GFS
st_alban_du_rhone;ICONGFS;2026-10-11T07:00;GFS;2.70;2.90;330.0;7.9;0.00;5.0;GFS
st_alban_du_rhone;ICONGFS;2026-10-11T08:00;GFS;2.70;2.70;339.0;8.3;0.00;4.0;GFS
st_alban_du_rhone;ICONGFS;2026-10-11T09:00;GFS;2.90;2.70;356.0;10.1;0.00;3.0;GFS
st_alban_du_rhone;ICONGFS;2026-10-11T10:00;GFS;3.50;2.70;9.0;12.8;0.00;1.0;GFS
st_alban_du_rhone;ICONGFS;2026-10-11T11:00;GFS;4.10;2.70;19.0;15.2;0.00;0.0;GFS
st_alban_du_rhone;ICONGFS;2026-10-11T12:00;GFS;4.40;2.70;23.0;17.0;0.00;0.0;GFS
st_alban_du_rhone;ICONGFS;2026-10-11T13:00;GFS;4.50;2.70;25.0;18.7;0.00;0.0;GFS
st_alban_du_rhone;ICONGFS;2026-10-11T14:00;GFS;4.30;2.70;30.0;19.9;0.00;0.0;GFS
st_alban_du_rhone;ICONGFS;2026-10-11T15:00;GFS;3.70;2.50;39.0;20.7;0.00;0.0;GFS
st_alban_du_rhone;ICONGFS;2026-10-11T16:00;GFS;2.90;2.30;53.0;21.1;0.00;0.0;GFS
st_alban_du_rhone;ICONGFS;2026-10-11T17:00;GFS;2.30;2.10;70.0;20.7;0.00;0.0;GFS
st_alban_du_rhone;ICONGFS;2026-10-11T18:00;GFS;1.20;1.90;81.0;18.9;0.00;0.0;GFS
st_alban_du_rhone;ICONGFS;2026-10-11T19:00;GFS;0.30;1.60;225.0;16.4;0.00;0.0;GFS
st_alban_du_rhone;ICONGFS;2026-10-11T20:00;GFS;1.30;1.60;243.0;14.4;0.00;5.0;GFS
st_alban_du_rhone;ICONGFS;2026-10-11T21:00;GFS;1.90;2.10;225.0;13.5;0.00;23.0;GFS
st_alban_du_rhone;ICONGFS;2026-10-11T22:00;GFS;2.50;2.90;212.0;13.2;0.00;48.0;GFS
st_alban_du_rhone;ICONGFS;2026-10-11T23:00;GFS;3.00;3.30;203.0;13.0;0.00;69.0;GFS
st_alban_du_rhone;ICONGFS;2026-10-12T00:00;GFS;2.90;3.10;200.0;12.5;0.00;82.0;GFS
st_alban_du_rhone;ICONGFS;2026-10-12T01:00;GFS;2.60;2.70;197.0;12.1;0.00;91.0;GFS
st_alban_du_rhone;ICONGFS;2026-10-12T02:00;GFS;2.00;2.30;197.0;11.8;0.00;96.0;GFS
st_alban_du_rhone;ICONGFS;2026-10-12T03:00;GFS;1.30;2.10;207.0;11.4;0.00;94.0;GFS
st_alban_du_rhone;ICONGFS;2026-10-12T04:00;GFS;0.60;1.90;252.0;11.1;0.00;87.0;GFS
st_alban_du_rhone;ICONGFS;2026-10-12T05:00;GFS;1.00;1.90;307.0;10.9;0.00;84.0;GFS
st_alban_du_rhone;ICONGFS;2026-10-12T06:00;GFS;1.50;2.10;320.0;10.5;0.00;88.0;GFS
st_alban_du_rhone;ICONGFS;2026-10-12T07:00;GFS;2.20;2.50;322.0;10.1;0.00;95.0;GFS
st_alban_du_rhone;ICONGFS;2026-10-12T08:00;GFS;2.70;2.70;330.0;10.4;0.00;100.0;GFS
st_alban_du_rhone;ICONGFS;2026-10-12T09:00;GFS;2.80;2.90;344.0;11.8;0.00;100.0;GFS
st_alban_du_rhone;ICONGFS;2026-10-12T10:00;GFS;2.90;2.90;4.0;14.0;0.00;100.0;GFS
st_alban_du_rhone;ICONGFS;2026-10-12T11:00;GFS;3.40;3.10;16.0;16.0;0.00;100.0;GFS
st_alban_du_rhone;ICONGFS;2026-10-12T12:00;GFS;4.00;3.50;23.0;17.6;0.00;99.0;GFS
st_alban_du_rhone;ICONGFS;2026-10-12T13:00;GFS;4.70;4.10;30.0;19.1;0.00;96.0;GFS
st_alban_du_rhone;ICONGFS;2026-10-12T14:00;GFS;5.10;4.50;32.0;20.2;0.00;86.0;GFS
st_alban_du_rhone;ICONGFS;2026-10-12T15:00;GFS;5.30;4.70;36.0;20.8;0.00;60.0;GFS
st_alban_du_rhone;ICONGFS;2026-10-12T16:00;GFS;5.40;4.50;41.0;20.9;0.00;28.0;GFS
st_alban_du_rhone;ICONGFS;2026-10-12T17:00;GFS;5.10;4.30;40.0;20.4;0.00;7.0;GFS
st_alban_du_rhone;ICONGFS;2026-10-12T18:00;GFS;4.40;3.90;32.0;18.7;0.00;8.0;GFS
st_alban_du_rhone;ICONGFS;2026-10-12T19:00;GFS;3.80;3.10;12.0;16.4;0.00;20.0;GFS
st_alban_du_rhone;ICONGFS;2026-10-12T20:00;GFS;3.50;2.70;351.0;14.6;0.00;36.0;GFS
st_alban_du_rhone;ICONGFS;2026-10-12T21:00;GFS;3.60;2.50;338.0;13.9;0.00;55.0;GFS
st_alban_du_rhone;ICONGFS;2026-10-12T22:00;GFS;3.60;2.70;324.0;13.8;0.00;78.0;GFS
st_alban_du_rhone;ICONGFS;2026-10-12T23:00;GFS;3.70;2.90;321.0;13.6;0.00;95.0;GFS
st_cyr_sur_le_rhone;ICONGFS;2026-09-27T00:00;ICONCH1;3.50;6.00;251.0;16.5;0.00;0.0;ICONCH1
st_cyr_sur_le_rhone;ICONGFS;2026-09-27T01:00;ICONCH1;7.40;12.20;235.0;16.7;0.00;0.0;ICONCH1
st_cyr_sur_le_rhone;ICONGFS;2026-09-27T02:00;ICONCH1;6.50;10.90;233.0;15.9;0.00;0.0;ICONCH1
st_cyr_sur_le_rhone;ICONGFS;2026-09-27T03:00;ICONCH1;9.00;15.20;233.0;15.7;0.00;0.0;ICONCH1
st_cyr_sur_le_rhone;ICONGFS;2026-09-27T04:00;ICONCH1;10.60;17.30;226.0;15.6;0.00;0.0;ICONCH1
st_cyr_sur_le_rhone;ICONGFS;2026-09-27T05:00;ICONCH1;9.60;16.10;228.0;15.3;0.00;6.0;ICONCH1
st_cyr_sur_le_rhone;ICONGFS;2026-09-27T06:00;ICONCH1;12.70;20.40;227.0;15.3;0.00;37.0;ICONCH1
st_cyr_sur_le_rhone;ICONGFS;2026-09-27T07:00;ICONCH1;13.20;21.40;223.0;15.4;0.00;50.0;ICONCH1
st_cyr_sur_le_rhone;ICONGFS;2026-09-27T08:00;ICONCH1;10.50;17.30;228.0;15.7;0.00;76.0;ICONCH1
st_cyr_sur_le_rhone;ICONGFS;2026-09-27T09:00;ICONCH1;11.40;18.10;232.0;17.0;0.00;66.0;ICONCH1
st_cyr_sur_le_rhone;ICONGFS;2026-09-27T10:00;ICONCH1;12.80;20.60;218.0;20.4;0.00;2.0;ICONCH1
st_cyr_sur_le_rhone;ICONGFS;2026-09-27T11:00;ICONCH1;18.20;29.50;194.0;23.5;0.00;0.0;ICONCH1
st_cyr_sur_le_rhone;ICONGFS;2026-09-27T12:00;ICONCH1;18.70;30.10;189.0;25.5;0.00;50.0;ICONCH1
st_cyr_sur_le_rhone;ICONGFS;2026-09-27T13:00;ICONCH1;18.40;30.30;186.0;26.9;0.00;43.0;ICONCH1
st_cyr_sur_le_rhone;ICONGFS;2026-09-27T14:00;ICONCH1;18.60;30.10;191.0;28.3;0.00;0.0;ICONCH1
st_cyr_sur_le_rhone;ICONGFS;2026-09-27T15:00;ICONCH1;18.90;30.70;195.0;29.0;0.00;0.0;ICONCH1
st_cyr_sur_le_rhone;ICONGFS;2026-09-27T16:00;ICONCH1;17.90;30.70;192.0;29.2;0.00;0.0;ICONCH1
st_cyr_sur_le_rhone;ICONGFS;2026-09-27T17:00;ICONCH1;17.30;28.80;189.0;28.9;0.00;0.0;ICONCH1
st_cyr_sur_le_rhone;ICONGFS;2026-09-27T18:00;ICONCH1;16.00;28.40;191.0;28.0;0.00;100.0;ICONCH1
st_cyr_sur_le_rhone;ICONGFS;2026-09-27T19:00;ICONCH1;13.50;25.90;201.0;26.5;0.00;83.0;ICONCH1
st_cyr_sur_le_rhone;ICONGFS;2026-09-27T20:00;ICONCH1;12.10;21.20;206.0;24.4;0.00;63.0;ICONCH1
st_cyr_sur_le_rhone;ICONGFS;2026-09-27T21:00;ICONCH1;12.50;19.80;203.0;23.2;0.00;74.0;ICONCH1
st_cyr_sur_le_rhone;ICONGFS;2026-09-27T22:00;ICONCH1;15.70;24.90;191.0;22.6;0.00;63.0;ICONCH1
st_cyr_sur_le_rhone;ICONGFS;2026-09-27T23:00;ICONCH1;12.70;25.30;209.0;20.9;0.00;62.0;ICONCH1
st_cyr_sur_le_rhone;ICONGFS;2026-09-28T00:00;ICONCH1;14.00;22.70;215.0;19.7;0.00;69.0;ICONCH1
st_cyr_sur_le_rhone;ICONGFS;2026-09-28T01:00;ICONCH1;13.90;22.70;211.0;19.2;0.00;100.0;ICONCH1
st_cyr_sur_le_rhone;ICONGFS;2026-09-28T02:00;ICONCH1;13.30;22.00;215.0;18.5;0.00;94.0;ICONCH1
st_cyr_sur_le_rhone;ICONGFS;2026-09-28T03:00;ICONCH1;13.40;21.20;213.0;18.7;0.00;100.0;ICONCH1
st_cyr_sur_le_rhone;ICONGFS;2026-09-28T04:00;ICONCH1;12.80;22.20;212.0;18.6;0.00;94.0;ICONCH1
st_cyr_sur_le_rhone;ICONGFS;2026-09-28T05:00;ICONCH1;12.80;21.40;208.0;18.4;0.00;81.0;ICONCH1
st_cyr_sur_le_rhone;ICONGFS;2026-09-28T06:00;ICONCH1;10.00;20.40;209.0;17.9;0.00;72.0;ICONCH1
st_cyr_sur_le_rhone;ICONGFS;2026-09-28T07:00;ICONCH1;7.90;16.30;218.0;17.2;0.00;100.0;ICONCH1
st_cyr_sur_le_rhone;ICONGFS;2026-09-28T08:00;ICONCH1;8.20;13.80;211.0;17.4;0.00;100.0;ICONCH1
st_cyr_sur_le_rhone;ICONGFS;2026-09-28T09:00;ICONCH1;8.00;14.60;212.0;18.6;0.00;92.0;ICONCH1
st_cyr_sur_le_rhone;ICONGFS;2026-09-28T10:00;ICONCH1;12.90;20.80;185.0;21.3;0.00;89.0;ICONCH1
st_cyr_sur_le_rhone;ICONGFS;2026-09-28T11:00;ICONCH1;14.20;23.10;182.0;23.9;0.00;79.0;ICONCH1
st_cyr_sur_le_rhone;ICONGFS;2026-09-28T12:00;ICONCH1;14.70;24.50;188.0;25.5;0.00;100.0;ICONCH1
st_cyr_sur_le_rhone;ICONGFS;2026-09-28T13:00;ICONCH1;14.70;24.30;191.0;26.9;0.00;95.0;ICONCH1
st_cyr_sur_le_rhone;ICONGFS;2026-09-28T14:00;ICONCH1;17.10;27.80;188.0;28.4;0.00;68.0;ICONCH1
st_cyr_sur_le_rhone;ICONGFS;2026-09-28T15:00;ICONCH1;19.10;30.90;182.0;28.8;0.00;100.0;ICONCH1
st_cyr_sur_le_rhone;ICONGFS;2026-09-28T16:00;ICONCH1;15.60;31.70;181.0;29.2;0.00;100.0;ICONCH1
st_cyr_sur_le_rhone;ICONGFS;2026-09-28T17:00;ICONCH1;17.00;28.80;198.0;28.2;0.00;98.0;ICONCH1
st_cyr_sur_le_rhone;ICONGFS;2026-09-28T18:00;ICONCH2;12.90;24.50;186.0;26.6;0.00;100.0;ICONCH2
st_cyr_sur_le_rhone;ICONGFS;2026-09-28T19:00;ICONCH2;10.70;22.00;185.0;25.1;0.00;100.0;ICONCH2
st_cyr_sur_le_rhone;ICONGFS;2026-09-28T20:00;ICONCH2;9.90;18.10;177.0;23.6;0.00;100.0;ICONCH2
st_cyr_sur_le_rhone;ICONGFS;2026-09-28T21:00;ICONCH2;8.80;16.30;177.0;22.3;0.00;97.0;ICONCH2
st_cyr_sur_le_rhone;ICONGFS;2026-09-28T22:00;ICONCH2;9.60;16.90;172.0;21.3;0.00;92.0;ICONCH2
st_cyr_sur_le_rhone;ICONGFS;2026-09-28T23:00;ICONCH2;10.90;18.90;169.0;20.6;0.00;82.0;ICONCH2
st_cyr_sur_le_rhone;ICONGFS;2026-09-29T00:00;ICONCH2;11.10;19.60;168.0;19.8;0.00;66.0;ICONCH2
st_cyr_sur_le_rhone;ICONGFS;2026-09-29T01:00;ICONCH2;11.20;19.60;171.0;19.1;0.00;100.0;ICONCH2
st_cyr_sur_le_rhone;ICONGFS;2026-09-29T02:00;ICONCH2;10.60;19.40;173.0;18.5;0.00;96.0;ICONCH2
st_cyr_sur_le_rhone;ICONGFS;2026-09-29T03:00;ICONCH2;10.00;18.30;171.0;18.2;0.00;100.0;ICONCH2
st_cyr_sur_le_rhone;ICONGFS;2026-09-29T04:00;ICONCH2;10.20;17.90;171.0;17.9;0.00;90.0;ICONCH2
st_cyr_sur_le_rhone;ICONGFS;2026-09-29T05:00;ICONCH2;10.00;17.90;172.0;17.7;0.00;100.0;ICONCH2
st_cyr_sur_le_rhone;ICONGFS;2026-09-29T06:00;ICONCH2;8.60;17.50;174.0;17.4;0.00;100.0;ICONCH2
st_cyr_sur_le_rhone;ICONGFS;2026-09-29T07:00;ICONCH2;6.40;15.00;175.0;17.1;0.00;100.0;ICONCH2
st_cyr_sur_le_rhone;ICONGFS;2026-09-29T08:00;ICONCH2;6.10;11.70;173.0;17.0;0.00;100.0;ICONCH2
st_cyr_sur_le_rhone;ICONGFS;2026-09-29T09:00;ICONCH2;7.70;13.00;171.0;18.1;0.00;100.0;ICONCH2
st_cyr_sur_le_rhone;ICONGFS;2026-09-29T10:00;ICONCH2;11.20;19.20;173.0;20.4;0.00;100.0;ICONCH2
st_cyr_sur_le_rhone;ICONGFS;2026-09-29T11:00;ICONCH2;13.00;22.50;181.0;23.0;0.00;100.0;ICONCH2
st_cyr_sur_le_rhone;ICONGFS;2026-09-29T12:00;ICONCH2;17.60;29.70;186.0;26.2;0.00;100.0;ICONCH2
st_cyr_sur_le_rhone;ICONGFS;2026-09-29T13:00;ICONCH2;19.50;33.00;189.0;27.6;0.00;100.0;ICONCH2
st_cyr_sur_le_rhone;ICONGFS;2026-09-29T14:00;ICONCH2;19.60;33.20;190.0;28.6;0.00;93.0;ICONCH2
st_cyr_sur_le_rhone;ICONGFS;2026-09-29T15:00;ICONCH2;18.80;33.40;194.0;29.0;0.00;100.0;ICONCH2
st_cyr_sur_le_rhone;ICONGFS;2026-09-29T16:00;ICONCH2;17.30;32.10;194.0;28.8;0.00;100.0;ICONCH2
st_cyr_sur_le_rhone;ICONGFS;2026-09-29T17:00;ICONCH2;16.00;29.50;199.0;28.1;0.00;100.0;ICONCH2
st_cyr_sur_le_rhone;ICONGFS;2026-09-29T18:00;ICONCH2;15.40;27.20;191.0;26.8;0.00;100.0;ICONCH2
st_cyr_sur_le_rhone;ICONGFS;2026-09-29T19:00;ICONCH2;12.70;26.00;191.0;25.6;0.00;100.0;ICONCH2
st_cyr_sur_le_rhone;ICONGFS;2026-09-29T20:00;ICONCH2;9.30;21.20;196.0;24.0;0.00;100.0;ICONCH2
st_cyr_sur_le_rhone;ICONGFS;2026-09-29T21:00;ICONCH2;12.90;21.80;183.0;23.2;0.00;100.0;ICONCH2
st_cyr_sur_le_rhone;ICONGFS;2026-09-29T22:00;ICONCH2;13.00;22.50;178.0;22.1;0.00;100.0;ICONCH2
st_cyr_sur_le_rhone;ICONGFS;2026-09-29T23:00;ICONCH2;13.90;23.90;174.0;21.3;0.00;93.0;ICONCH2
st_cyr_sur_le_rhone;ICONGFS;2026-09-30T00:00;ICONCH2;13.10;23.10;172.0;20.7;0.00;84.0;ICONCH2
st_cyr_sur_le_rhone;ICONGFS;2026-09-30T01:00;ICONCH2;14.70;24.50;173.0;20.5;0.00;80.0;ICONCH2
st_cyr_sur_le_rhone;ICONGFS;2026-09-30T02:00;ICONCH2;15.20;25.50;177.0;20.2;0.00;96.0;ICONCH2
st_cyr_sur_le_rhone;ICONGFS;2026-09-30T03:00;ICONCH2;14.60;25.90;176.0;19.6;0.00;71.0;ICONCH2
st_cyr_sur_le_rhone;ICONGFS;2026-09-30T04:00;ICONCH2;13.50;24.50;174.0;18.9;0.00;66.0;ICONCH2
st_cyr_sur_le_rhone;ICONGFS;2026-09-30T05:00;ICONCH2;12.60;22.50;177.0;18.4;0.00;10.0;ICONCH2
st_cyr_sur_le_rhone;ICONGFS;2026-09-30T06:00;ICONCH2;12.70;21.60;176.0;18.2;0.00;3.0;ICONCH2
st_cyr_sur_le_rhone;ICONGFS;2026-09-30T07:00;ICONCH2;12.10;21.20;174.0;18.1;0.00;13.0;ICONCH2
st_cyr_sur_le_rhone;ICONGFS;2026-09-30T08:00;ICONCH2;11.70;20.80;177.0;18.1;0.00;14.0;ICONCH2
st_cyr_sur_le_rhone;ICONGFS;2026-09-30T09:00;ICONCH2;10.70;20.00;182.0;19.5;0.00;42.0;ICONCH2
st_cyr_sur_le_rhone;ICONGFS;2026-09-30T10:00;ICONCH2;11.50;19.60;182.0;22.1;0.00;65.0;ICONCH2
st_cyr_sur_le_rhone;ICONGFS;2026-09-30T11:00;ICONCH2;13.40;22.90;184.0;24.7;0.00;71.0;ICONCH2
st_cyr_sur_le_rhone;ICONGFS;2026-09-30T12:00;ICONCH2;16.60;28.60;191.0;26.9;0.00;91.0;ICONCH2
st_cyr_sur_le_rhone;ICONGFS;2026-09-30T13:00;ICONCH2;16.80;30.50;191.0;26.8;0.00;92.0;ICONCH2
st_cyr_sur_le_rhone;ICONGFS;2026-09-30T14:00;ICONCH2;18.40;31.50;196.0;27.5;0.00;82.0;ICONCH2
st_cyr_sur_le_rhone;ICONGFS;2026-09-30T15:00;ICONCH2;18.40;31.70;198.0;27.5;0.00;97.0;ICONCH2
st_cyr_sur_le_rhone;ICONGFS;2026-09-30T16:00;ICONCH2;15.70;31.30;197.0;27.1;0.00;99.0;ICONCH2
st_cyr_sur_le_rhone;ICONGFS;2026-09-30T17:00;ICONCH2;14.70;26.60;200.0;26.9;0.00;100.0;ICONCH2
st_cyr_sur_le_rhone;ICONGFS;2026-09-30T18:00;ICONCH2;14.30;25.30;195.0;26.5;0.00;31.0;ICONCH2
st_cyr_sur_le_rhone;ICONGFS;2026-09-30T19:00;ICONCH2;10.50;24.10;192.0;25.1;0.00;100.0;ICONCH2
st_cyr_sur_le_rhone;ICONGFS;2026-09-30T20:00;ICONCH2;9.30;17.50;176.0;23.5;0.00;100.0;ICONCH2
st_cyr_sur_le_rhone;ICONGFS;2026-09-30T21:00;ICONCH2;11.50;19.00;169.0;22.5;0.00;100.0;ICONCH2
st_cyr_sur_le_rhone;ICONGFS;2026-09-30T22:00;ICONCH2;12.30;20.80;168.0;21.9;0.00;100.0;ICONCH2
st_cyr_sur_le_rhone;ICONGFS;2026-09-30T23:00;ICONCH2;12.10;20.60;165.0;21.2;0.00;100.0;ICONCH2
st_cyr_sur_le_rhone;ICONGFS;2026-10-01T00:00;ICONCH2;11.50;20.20;164.0;20.6;0.00;100.0;ICONCH2
st_cyr_sur_le_rhone;ICONGFS;2026-10-01T01:00;ICONCH2;11.60;19.40;163.0;20.3;0.00;98.0;ICONCH2
st_cyr_sur_le_rhone;ICONGFS;2026-10-01T02:00;ICONCH2;11.10;19.20;165.0;20.3;0.00;100.0;ICONCH2
st_cyr_sur_le_rhone;ICONGFS;2026-10-01T03:00;ICONCH2;11.70;19.40;168.0;20.3;0.00;100.0;ICONCH2
st_cyr_sur_le_rhone;ICONGFS;2026-10-01T04:00;ICONCH2;11.50;20.40;169.0;20.4;0.00;97.0;ICONCH2
st_cyr_sur_le_rhone;ICONGFS;2026-10-01T05:00;ICONCH2;10.70;19.20;170.0;20.3;0.00;100.0;ICONCH2
st_cyr_sur_le_rhone;ICONGFS;2026-10-01T06:00;ICONCH2;11.00;18.30;173.0;20.1;0.00;100.0;ICONCH2
st_cyr_sur_le_rhone;ICONGFS;2026-10-01T07:00;ICONCH2;11.30;19.00;176.0;19.9;0.00;100.0;ICONCH2
st_cyr_sur_le_rhone;ICONGFS;2026-10-01T08:00;ICONCH2;10.50;19.00;176.0;19.6;0.00;100.0;ICONCH2
st_cyr_sur_le_rhone;ICONGFS;2026-10-01T09:00;ICONCH2;9.70;17.50;177.0;20.2;0.00;100.0;ICONCH2
st_cyr_sur_le_rhone;ICONGFS;2026-10-01T10:00;ICONCH2;9.70;17.10;178.0;21.3;0.00;100.0;ICONCH2
st_cyr_sur_le_rhone;ICONGFS;2026-10-01T11:00;ICONCH2;10.70;18.30;178.0;23.0;0.00;100.0;ICONCH2
st_cyr_sur_le_rhone;ICONGFS;2026-10-01T12:00;ICONCH2;13.20;22.40;189.0;24.7;0.00;100.0;ICONCH2
st_cyr_sur_le_rhone;ICONGFS;2026-10-01T13:00;ICONCH2;13.70;23.90;187.0;23.7;0.10;100.0;ICONCH2
st_cyr_sur_le_rhone;ICONGFS;2026-10-01T14:00;ICONCH2;14.00;23.70;182.0;22.8;0.10;100.0;ICONCH2
st_cyr_sur_le_rhone;ICONGFS;2026-10-01T15:00;ICONCH2;14.80;25.50;177.0;22.1;0.10;100.0;ICONCH2
st_cyr_sur_le_rhone;ICONGFS;2026-10-01T16:00;ICONCH2;13.60;25.30;176.0;22.2;0.00;100.0;ICONCH2
st_cyr_sur_le_rhone;ICONGFS;2026-10-01T17:00;ICONCH2;13.40;24.10;180.0;22.5;0.00;100.0;ICONCH2
st_cyr_sur_le_rhone;ICONGFS;2026-10-01T18:00;ICONCH2;13.60;22.90;177.0;22.2;0.00;100.0;ICONCH2
st_cyr_sur_le_rhone;ICONGFS;2026-10-01T19:00;ICONCH2;11.10;22.90;170.0;21.6;0.00;100.0;ICONCH2
st_cyr_sur_le_rhone;ICONGFS;2026-10-01T20:00;ICONCH2;6.00;18.50;180.0;20.9;0.00;100.0;ICONCH2
st_cyr_sur_le_rhone;ICONGFS;2026-10-01T21:00;ICONCH2;3.00;10.70;203.0;20.1;0.10;100.0;ICONCH2
st_cyr_sur_le_rhone;ICONGFS;2026-10-01T22:00;ICONCH2;1.80;5.40;193.0;19.1;0.00;100.0;ICONCH2
st_cyr_sur_le_rhone;ICONGFS;2026-10-01T23:00;ICONCH2;1.60;3.90;187.0;18.5;0.00;100.0;ICONCH2
st_cyr_sur_le_rhone;ICONGFS;2026-10-02T00:00;ICON13KM;5.30;9.10;336.0;16.9;0.00;92.0;ICON13KM
st_cyr_sur_le_rhone;ICONGFS;2026-10-02T01:00;ICON13KM;5.80;9.90;339.0;16.7;0.00;85.0;ICON13KM
st_cyr_sur_le_rhone;ICONGFS;2026-10-02T02:00;ICON13KM;6.20;10.50;340.0;16.4;0.00;77.0;ICON13KM
st_cyr_sur_le_rhone;ICONGFS;2026-10-02T03:00;ICON13KM;5.90;10.30;343.0;16.1;0.00;77.0;ICON13KM
st_cyr_sur_le_rhone;ICONGFS;2026-10-02T04:00;ICON13KM;5.20;9.70;345.0;15.7;0.00;78.0;ICON13KM
st_cyr_sur_le_rhone;ICONGFS;2026-10-02T05:00;ICON13KM;4.80;9.30;348.0;15.4;0.00;78.0;ICON13KM
st_cyr_sur_le_rhone;ICONGFS;2026-10-02T06:00;ICON13KM;4.70;8.90;351.0;15.2;0.00;81.0;ICON13KM
st_cyr_sur_le_rhone;ICONGFS;2026-10-02T07:00;ICON13KM;4.70;8.60;353.0;15.1;0.00;83.0;ICON13KM
st_cyr_sur_le_rhone;ICONGFS;2026-10-02T08:00;ICON13KM;4.70;8.40;355.0;15.1;0.00;86.0;ICON13KM
st_cyr_sur_le_rhone;ICONGFS;2026-10-02T09:00;ICON13KM;6.30;11.30;349.0;14.5;0.00;77.0;ICON13KM
st_cyr_sur_le_rhone;ICONGFS;2026-10-02T10:00;ICON13KM;9.50;16.90;348.0;15.5;0.00;78.0;ICON13KM
st_cyr_sur_le_rhone;ICONGFS;2026-10-02T11:00;ICON13KM;11.90;21.00;349.0;16.5;0.00;80.0;ICON13KM
st_cyr_sur_le_rhone;ICONGFS;2026-10-02T12:00;ICON13KM;12.30;22.40;353.0;17.5;0.00;81.0;ICON13KM
st_cyr_sur_le_rhone;ICONGFS;2026-10-02T13:00;ICON13KM;12.10;22.40;358.0;18.6;0.00;82.0;ICON13KM
st_cyr_sur_le_rhone;ICONGFS;2026-10-02T14:00;ICON13KM;11.70;21.80;2.0;19.4;0.00;83.0;ICON13KM
st_cyr_sur_le_rhone;ICONGFS;2026-10-02T15:00;ICON13KM;11.10;20.80;2.0;19.9;0.00;88.0;ICON13KM
st_cyr_sur_le_rhone;ICONGFS;2026-10-02T16:00;ICON13KM;10.10;19.20;360.0;20.2;0.00;92.0;ICON13KM
st_cyr_sur_le_rhone;ICONGFS;2026-10-02T17:00;ICON13KM;9.20;17.70;356.0;20.1;0.00;97.0;ICON13KM
st_cyr_sur_le_rhone;ICONGFS;2026-10-02T18:00;ICON13KM;8.20;16.50;352.0;19.6;0.00;81.0;ICON13KM
st_cyr_sur_le_rhone;ICONGFS;2026-10-02T19:00;ICON13KM;7.60;15.60;345.0;18.7;0.00;66.0;ICON13KM
st_cyr_sur_le_rhone;ICONGFS;2026-10-02T20:00;ICON13KM;6.60;14.00;339.0;17.8;0.00;50.0;ICON13KM
st_cyr_sur_le_rhone;ICONGFS;2026-10-02T21:00;ICON13KM;5.20;11.50;340.0;17.0;0.00;49.0;ICON13KM
st_cyr_sur_le_rhone;ICONGFS;2026-10-02T22:00;ICON13KM;3.40;8.60;347.0;16.2;0.00;47.0;ICON13KM
st_cyr_sur_le_rhone;ICONGFS;2026-10-02T23:00;ICON13KM;2.10;6.00;360.0;15.6;0.00;46.0;ICON13KM
st_cyr_sur_le_rhone;ICONGFS;2026-10-03T00:00;ICON13KM;1.60;4.10;14.0;15.4;0.00;55.0;ICON13KM
st_cyr_sur_le_rhone;ICONGFS;2026-10-03T01:00;ICON13KM;1.40;2.50;16.0;15.4;0.00;63.0;ICON13KM
st_cyr_sur_le_rhone;ICONGFS;2026-10-03T02:00;ICON13KM;1.10;1.60;31.0;15.3;0.00;72.0;ICON13KM
st_cyr_sur_le_rhone;ICONGFS;2026-10-03T03:00;ICON13KM;0.90;1.40;63.0;14.7;0.00;71.0;ICON13KM
st_cyr_sur_le_rhone;ICONGFS;2026-10-03T04:00;ICON13KM;1.20;1.70;90.0;14.0;0.00;70.0;ICON13KM
st_cyr_sur_le_rhone;ICONGFS;2026-10-03T05:00;ICON13KM;1.50;2.30;113.0;13.4;0.00;69.0;ICON13KM
st_cyr_sur_le_rhone;ICONGFS;2026-10-03T06:00;ICON13KM;1.80;2.90;122.0;12.8;0.00;75.0;ICON13KM
st_cyr_sur_le_rhone;ICONGFS;2026-10-03T07:00;ICON13KM;2.10;3.50;131.0;12.2;0.00;82.0;ICON13KM
st_cyr_sur_le_rhone;ICONGFS;2026-10-03T08:00;ICON13KM;2.30;4.30;138.0;12.5;0.00;88.0;ICON13KM
st_cyr_sur_le_rhone;ICONGFS;2026-10-03T09:00;ICON13KM;2.60;4.50;138.0;14.1;0.00;59.0;ICON13KM
st_cyr_sur_le_rhone;ICONGFS;2026-10-03T10:00;ICON13KM;2.90;5.10;138.0;16.4;0.00;29.0;ICON13KM
st_cyr_sur_le_rhone;ICONGFS;2026-10-03T11:00;ICON13KM;4.10;7.60;155.0;18.7;0.00;0.0;ICON13KM
st_cyr_sur_le_rhone;ICONGFS;2026-10-03T12:00;ICON13KM;7.80;14.60;173.0;20.6;0.00;0.0;ICON13KM
st_cyr_sur_le_rhone;ICONGFS;2026-10-03T13:00;ICON13KM;13.00;23.70;181.0;22.4;0.00;0.0;ICON13KM
st_cyr_sur_le_rhone;ICONGFS;2026-10-03T14:00;ICON13KM;16.80;30.30;184.0;23.7;0.00;0.0;ICON13KM
st_cyr_sur_le_rhone;ICONGFS;2026-10-03T15:00;ICON13KM;17.40;32.30;185.0;24.2;0.00;20.0;ICON13KM
st_cyr_sur_le_rhone;ICONGFS;2026-10-03T16:00;ICON13KM;16.40;31.50;186.0;24.2;0.00;41.0;ICON13KM
st_cyr_sur_le_rhone;ICONGFS;2026-10-03T17:00;ICON13KM;14.90;29.50;186.0;23.7;0.00;61.0;ICON13KM
st_cyr_sur_le_rhone;ICONGFS;2026-10-03T18:00;ICON13KM;12.70;26.20;184.0;22.7;0.00;74.0;ICON13KM
st_cyr_sur_le_rhone;ICONGFS;2026-10-03T19:00;ICON13KM;10.10;22.00;180.0;21.2;0.00;87.0;ICON13KM
st_cyr_sur_le_rhone;ICONGFS;2026-10-03T20:00;ICON13KM;8.20;18.30;175.0;20.0;0.00;100.0;ICON13KM
st_cyr_sur_le_rhone;ICONGFS;2026-10-03T21:00;ICON13KM;7.50;15.90;173.0;19.3;0.00;90.0;ICON13KM
st_cyr_sur_le_rhone;ICONGFS;2026-10-03T22:00;ICON13KM;7.50;14.20;173.0;18.8;0.00;81.0;ICON13KM
st_cyr_sur_le_rhone;ICONGFS;2026-10-03T23:00;ICON13KM;7.50;13.20;173.0;18.5;0.00;71.0;ICON13KM
st_cyr_sur_le_rhone;ICONGFS;2026-10-04T00:00;ICON13KM;7.60;13.40;173.0;18.2;0.00;81.0;ICON13KM
st_cyr_sur_le_rhone;ICONGFS;2026-10-04T01:00;ICON13KM;7.80;14.40;173.0;18.0;0.00;90.0;ICON13KM
st_cyr_sur_le_rhone;ICONGFS;2026-10-04T02:00;ICON13KM;7.80;14.80;173.0;17.8;0.00;100.0;ICON13KM
st_cyr_sur_le_rhone;ICONGFS;2026-10-04T03:00;ICON13KM;7.10;13.80;171.0;17.5;0.00;90.0;ICON13KM
st_cyr_sur_le_rhone;ICONGFS;2026-10-04T04:00;ICON13KM;5.80;12.20;166.0;17.3;0.00;81.0;ICON13KM
st_cyr_sur_le_rhone;ICONGFS;2026-10-04T05:00;ICON13KM;5.00;10.70;159.0;16.9;0.00;71.0;ICON13KM
st_cyr_sur_le_rhone;ICONGFS;2026-10-04T06:00;ICON13KM;4.40;9.30;151.0;16.2;0.00;51.0;ICON13KM
st_cyr_sur_le_rhone;ICONGFS;2026-10-04T07:00;ICON13KM;4.00;8.20;141.0;15.3;0.00;32.0;ICON13KM
st_cyr_sur_le_rhone;ICONGFS;2026-10-04T08:00;ICON13KM;4.10;8.00;139.0;15.2;0.00;12.0;ICON13KM
st_cyr_sur_le_rhone;ICONGFS;2026-10-04T09:00;ICON13KM;4.90;8.90;143.0;16.4;0.00;10.0;ICON13KM
st_cyr_sur_le_rhone;ICONGFS;2026-10-04T10:00;ICON13KM;6.10;10.90;153.0;18.4;0.00;7.0;ICON13KM
st_cyr_sur_le_rhone;ICONGFS;2026-10-04T11:00;ICON13KM;7.40;13.20;162.0;20.2;0.00;5.0;ICON13KM
st_cyr_sur_le_rhone;ICONGFS;2026-10-04T12:00;ICON13KM;9.00;16.30;173.0;21.6;0.00;37.0;ICON13KM
st_cyr_sur_le_rhone;ICONGFS;2026-10-04T13:00;ICON13KM;10.90;20.00;183.0;22.8;0.00;68.0;ICON13KM
st_cyr_sur_le_rhone;ICONGFS;2026-10-04T14:00;ICON13KM;12.60;22.50;188.0;23.7;0.00;100.0;ICON13KM
st_cyr_sur_le_rhone;ICONGFS;2026-10-04T15:00;GFS;2.40;4.50;279.0;14.7;0.80;100.0;GFS
st_cyr_sur_le_rhone;ICONGFS;2026-10-04T16:00;GFS;1.90;3.90;294.0;14.4;0.80;100.0;GFS
st_cyr_sur_le_rhone;ICONGFS;2026-10-04T17:00;GFS;1.60;3.30;300.0;14.1;0.80;100.0;GFS
st_cyr_sur_le_rhone;ICONGFS;2026-10-04T18:00;GFS;1.40;2.50;304.0;13.8;0.10;100.0;GFS
st_cyr_sur_le_rhone;ICONGFS;2026-10-04T19:00;GFS;1.20;1.70;309.0;13.6;0.10;100.0;GFS
st_cyr_sur_le_rhone;ICONGFS;2026-10-04T20:00;GFS;0.90;1.40;297.0;13.5;0.10;100.0;GFS
st_cyr_sur_le_rhone;ICONGFS;2026-10-04T21:00;GFS;0.40;1.40;207.0;13.3;0.00;100.0;GFS
st_cyr_sur_le_rhone;ICONGFS;2026-10-04T22:00;GFS;1.20;1.70;162.0;13.2;0.00;100.0;GFS
st_cyr_sur_le_rhone;ICONGFS;2026-10-04T23:00;GFS;2.10;2.10;158.0;13.2;0.00;100.0;GFS
st_cyr_sur_le_rhone;ICONGFS;2026-10-05T00:00;GFS;2.30;2.10;156.0;13.2;0.00;100.0;GFS
st_cyr_sur_le_rhone;ICONGFS;2026-10-05T01:00;GFS;2.30;2.10;156.0;13.2;0.00;100.0;GFS
st_cyr_sur_le_rhone;ICONGFS;2026-10-05T02:00;GFS;2.30;2.10;160.0;13.1;0.00;100.0;GFS
st_cyr_sur_le_rhone;ICONGFS;2026-10-05T03:00;GFS;2.00;2.10;169.0;12.5;0.00;86.0;GFS
st_cyr_sur_le_rhone;ICONGFS;2026-10-05T04:00;GFS;1.80;2.10;193.0;11.8;0.00;68.0;GFS
st_cyr_sur_le_rhone;ICONGFS;2026-10-05T05:00;GFS;1.60;1.90;210.0;11.2;0.00;59.0;GFS
st_cyr_sur_le_rhone;ICONGFS;2026-10-05T06:00;GFS;1.40;1.70;225.0;10.7;0.00;67.0;GFS
st_cyr_sur_le_rhone;ICONGFS;2026-10-05T07:00;GFS;1.20;1.40;252.0;10.4;0.00;85.0;GFS
st_cyr_sur_le_rhone;ICONGFS;2026-10-05T08:00;GFS;1.00;1.20;281.0;10.7;0.00;98.0;GFS
st_cyr_sur_le_rhone;ICONGFS;2026-10-05T09:00;GFS;0.80;1.00;315.0;11.9;0.00;100.0;GFS
st_cyr_sur_le_rhone;ICONGFS;2026-10-05T10:00;GFS;1.00;1.00;360.0;13.6;0.00;100.0;GFS
st_cyr_sur_le_rhone;ICONGFS;2026-10-05T11:00;GFS;1.70;1.20;21.0;15.3;0.00;100.0;GFS
st_cyr_sur_le_rhone;ICONGFS;2026-10-05T12:00;GFS;2.80;1.90;25.0;16.8;0.00;97.0;GFS
st_cyr_sur_le_rhone;ICONGFS;2026-10-05T13:00;GFS;4.30;3.10;27.0;18.2;0.00;92.0;GFS
st_cyr_sur_le_rhone;ICONGFS;2026-10-05T14:00;GFS;5.40;4.30;26.0;19.2;0.00;90.0;GFS
st_cyr_sur_le_rhone;ICONGFS;2026-10-05T15:00;GFS;6.00;5.20;25.0;19.7;0.00;92.0;GFS
st_cyr_sur_le_rhone;ICONGFS;2026-10-05T16:00;GFS;6.30;6.00;22.0;19.9;0.00;97.0;GFS
st_cyr_sur_le_rhone;ICONGFS;2026-10-05T17:00;GFS;6.10;6.40;17.0;19.5;0.00;100.0;GFS
st_cyr_sur_le_rhone;ICONGFS;2026-10-05T18:00;GFS;5.30;6.20;2.0;18.2;0.00;100.0;GFS
st_cyr_sur_le_rhone;ICONGFS;2026-10-05T19:00;GFS;4.80;5.60;339.0;16.4;0.00;100.0;GFS
st_cyr_sur_le_rhone;ICONGFS;2026-10-05T20:00;GFS;4.80;5.10;320.0;15.0;0.00;99.0;GFS
st_cyr_sur_le_rhone;ICONGFS;2026-10-05T21:00;GFS;4.70;4.70;308.0;14.5;0.00;99.0;GFS
st_cyr_sur_le_rhone;ICONGFS;2026-10-05T22:00;GFS;4.40;4.10;302.0;14.5;0.00;100.0;GFS
st_cyr_sur_le_rhone;ICONGFS;2026-10-05T23:00;GFS;4.00;3.90;299.0;14.4;0.00;100.0;GFS
st_cyr_sur_le_rhone;ICONGFS;2026-10-06T00:00;GFS;3.80;3.90;300.0;13.7;0.00;100.0;GFS
st_cyr_sur_le_rhone;ICONGFS;2026-10-06T01:00;GFS;3.80;4.10;305.0;12.8;0.00;100.0;GFS
st_cyr_sur_le_rhone;ICONGFS;2026-10-06T02:00;GFS;3.70;4.30;313.0;12.2;0.00;100.0;GFS
st_cyr_sur_le_rhone;ICONGFS;2026-10-06T03:00;GFS;3.60;4.50;319.0;12.1;0.00;100.0;GFS
st_cyr_sur_le_rhone;ICONGFS;2026-10-06T04:00;GFS;3.60;4.90;331.0;12.3;0.00;100.0;GFS
st_cyr_sur_le_rhone;ICONGFS;2026-10-06T05:00;GFS;3.60;5.10;338.0;12.4;0.00;100.0;GFS
st_cyr_sur_le_rhone;ICONGFS;2026-10-06T06:00;GFS;3.60;5.10;347.0;12.1;0.10;100.0;GFS
st_cyr_sur_le_rhone;ICONGFS;2026-10-06T07:00;GFS;3.50;4.90;354.0;11.8;0.10;100.0;GFS
st_cyr_sur_le_rhone;ICONGFS;2026-10-06T08:00;GFS;3.50;4.70;357.0;11.9;0.10;100.0;GFS
st_cyr_sur_le_rhone;ICONGFS;2026-10-06T09:00;GFS;3.40;4.90;344.0;12.5;0.00;100.0;GFS
st_cyr_sur_le_rhone;ICONGFS;2026-10-06T10:00;GFS;3.50;5.10;326.0;13.4;0.00;100.0;GFS
st_cyr_sur_le_rhone;ICONGFS;2026-10-06T11:00;GFS;3.90;5.20;319.0;14.5;0.00;100.0;GFS
st_cyr_sur_le_rhone;ICONGFS;2026-10-06T12:00;GFS;4.00;5.20;331.0;15.8;0.00;97.0;GFS
st_cyr_sur_le_rhone;ICONGFS;2026-10-06T13:00;GFS;4.50;5.10;353.0;17.2;0.00;93.0;GFS
st_cyr_sur_le_rhone;ICONGFS;2026-10-06T14:00;GFS;5.10;5.10;2.0;18.1;0.00;91.0;GFS
st_cyr_sur_le_rhone;ICONGFS;2026-10-06T15:00;GFS;4.90;5.40;5.0;18.1;0.00;92.0;GFS
st_cyr_sur_le_rhone;ICONGFS;2026-10-06T16:00;GFS;4.10;6.00;360.0;17.7;0.00;96.0;GFS
st_cyr_sur_le_rhone;ICONGFS;2026-10-06T17:00;GFS;3.40;6.20;350.0;17.2;0.00;98.0;GFS
st_cyr_sur_le_rhone;ICONGFS;2026-10-06T18:00;GFS;2.90;5.80;323.0;16.6;0.00;98.0;GFS
st_cyr_sur_le_rhone;ICONGFS;2026-10-06T19:00;GFS;3.80;5.20;294.0;15.9;0.00;97.0;GFS
st_cyr_sur_le_rhone;ICONGFS;2026-10-06T20:00;GFS;4.50;4.70;280.0;15.4;0.00;96.0;GFS
st_cyr_sur_le_rhone;ICONGFS;2026-10-06T21:00;GFS;4.30;4.10;278.0;15.1;0.00;96.0;GFS
st_cyr_sur_le_rhone;ICONGFS;2026-10-06T22:00;GFS;3.70;3.70;279.0;14.9;0.00;97.0;GFS
st_cyr_sur_le_rhone;ICONGFS;2026-10-06T23:00;GFS;3.20;3.30;284.0;14.5;0.00;94.0;GFS
st_cyr_sur_le_rhone;ICONGFS;2026-10-07T00:00;GFS;3.10;3.10;288.0;13.7;0.00;86.0;GFS
st_cyr_sur_le_rhone;ICONGFS;2026-10-07T01:00;GFS;3.00;3.30;293.0;12.8;0.00;75.0;GFS
st_cyr_sur_le_rhone;ICONGFS;2026-10-07T02:00;GFS;3.00;3.30;297.0;12.0;0.00;62.0;GFS
st_cyr_sur_le_rhone;ICONGFS;2026-10-07T03:00;GFS;3.10;3.30;300.0;11.5;0.00;44.0;GFS
st_cyr_sur_le_rhone;ICONGFS;2026-10-07T04:00;GFS;3.10;3.30;305.0;11.2;0.00;24.0;GFS
st_cyr_sur_le_rhone;ICONGFS;2026-10-07T05:00;GFS;3.20;3.30;308.0;10.9;0.00;17.0;GFS
st_cyr_sur_le_rhone;ICONGFS;2026-10-07T06:00;GFS;3.20;3.30;308.0;10.4;0.00;38.0;GFS
st_cyr_sur_le_rhone;ICONGFS;2026-10-07T07:00;GFS;3.30;3.30;310.0;10.0;0.00;72.0;GFS
st_cyr_sur_le_rhone;ICONGFS;2026-10-07T08:00;GFS;3.20;3.30;317.0;10.3;0.00;92.0;GFS
st_cyr_sur_le_rhone;ICONGFS;2026-10-07T09:00;GFS;3.20;3.70;335.0;11.8;0.00;82.0;GFS
st_cyr_sur_le_rhone;ICONGFS;2026-10-07T10:00;GFS;3.70;4.10;354.0;14.1;0.00;58.0;GFS
st_cyr_sur_le_rhone;ICONGFS;2026-10-07T11:00;GFS;4.30;4.50;8.0;16.2;0.00;39.0;GFS
st_cyr_sur_le_rhone;ICONGFS;2026-10-07T12:00;GFS;5.00;4.90;16.0;17.7;0.00;32.0;GFS
st_cyr_sur_le_rhone;ICONGFS;2026-10-07T13:00;GFS;5.80;5.40;20.0;19.0;0.00;31.0;GFS
st_cyr_sur_le_rhone;ICONGFS;2026-10-07T14:00;GFS;6.30;5.80;22.0;19.9;0.00;37.0;GFS
st_cyr_sur_le_rhone;ICONGFS;2026-10-07T15:00;GFS;6.40;6.20;20.0;20.3;0.00;56.0;GFS
st_cyr_sur_le_rhone;ICONGFS;2026-10-07T16:00;GFS;6.50;6.40;16.0;20.2;0.00;81.0;GFS
st_cyr_sur_le_rhone;ICONGFS;2026-10-07T17:00;GFS;6.10;6.40;9.0;19.7;0.00;99.0;GFS
st_cyr_sur_le_rhone;ICONGFS;2026-10-07T18:00;GFS;5.30;5.60;358.0;18.2;0.00;100.0;GFS
st_cyr_sur_le_rhone;ICONGFS;2026-10-07T19:00;GFS;4.60;4.50;340.0;16.2;0.00;94.0;GFS
st_cyr_sur_le_rhone;ICONGFS;2026-10-07T20:00;GFS;4.20;3.70;323.0;14.7;0.00;90.0;GFS
st_cyr_sur_le_rhone;ICONGFS;2026-10-07T21:00;GFS;4.00;3.50;309.0;14.1;0.00;91.0;GFS
st_cyr_sur_le_rhone;ICONGFS;2026-10-07T22:00;GFS;3.70;3.50;298.0;14.1;0.00;94.0;GFS
st_cyr_sur_le_rhone;ICONGFS;2026-10-07T23:00;GFS;3.60;3.50;292.0;14.2;0.00;97.0;GFS
st_cyr_sur_le_rhone;ICONGFS;2026-10-08T00:00;GFS;3.40;3.30;294.0;14.3;0.00;98.0;GFS
st_cyr_sur_le_rhone;ICONGFS;2026-10-08T01:00;GFS;2.90;2.90;298.0;14.5;0.00;99.0;GFS
st_cyr_sur_le_rhone;ICONGFS;2026-10-08T02:00;GFS;2.50;2.70;309.0;14.6;0.00;100.0;GFS
st_cyr_sur_le_rhone;ICONGFS;2026-10-08T03:00;GFS;1.70;2.30;333.0;14.4;0.00;100.0;GFS
st_cyr_sur_le_rhone;ICONGFS;2026-10-08T04:00;GFS;1.70;1.90;21.0;14.1;0.00;100.0;GFS
st_cyr_sur_le_rhone;ICONGFS;2026-10-08T05:00;GFS;2.20;1.90;38.0;13.8;0.00;100.0;GFS
st_cyr_sur_le_rhone;ICONGFS;2026-10-08T06:00;GFS;2.30;2.50;24.0;13.2;0.60;100.0;GFS
st_cyr_sur_le_rhone;ICONGFS;2026-10-08T07:00;GFS;2.50;3.30;4.0;12.6;0.60;100.0;GFS
st_cyr_sur_le_rhone;ICONGFS;2026-10-08T08:00;GFS;2.90;4.10;352.0;12.4;0.60;100.0;GFS
st_cyr_sur_le_rhone;ICONGFS;2026-10-08T09:00;GFS;3.30;4.70;357.0;12.7;0.00;100.0;GFS
st_cyr_sur_le_rhone;ICONGFS;2026-10-08T10:00;GFS;3.70;5.40;3.0;13.5;0.00;100.0;GFS
st_cyr_sur_le_rhone;ICONGFS;2026-10-08T11:00;GFS;4.50;6.20;2.0;14.4;0.00;100.0;GFS
st_cyr_sur_le_rhone;ICONGFS;2026-10-08T12:00;GFS;5.80;7.20;356.0;15.5;0.00;93.0;GFS
st_cyr_sur_le_rhone;ICONGFS;2026-10-08T13:00;GFS;7.70;8.40;350.0;16.7;0.00;84.0;GFS
st_cyr_sur_le_rhone;ICONGFS;2026-10-08T14:00;GFS;9.00;9.30;346.0;17.7;0.00;79.0;GFS
st_cyr_sur_le_rhone;ICONGFS;2026-10-08T15:00;GFS;9.70;10.50;344.0;18.3;0.00;84.0;GFS
st_cyr_sur_le_rhone;ICONGFS;2026-10-08T16:00;GFS;10.00;11.50;342.0;18.7;0.00;93.0;GFS
st_cyr_sur_le_rhone;ICONGFS;2026-10-08T17:00;GFS;9.70;11.70;338.0;18.6;0.00;100.0;GFS
st_cyr_sur_le_rhone;ICONGFS;2026-10-08T18:00;GFS;8.40;10.50;329.0;17.5;0.00;100.0;GFS
st_cyr_sur_le_rhone;ICONGFS;2026-10-08T19:00;GFS;6.60;8.70;313.0;15.9;0.00;100.0;GFS
st_cyr_sur_le_rhone;ICONGFS;2026-10-08T20:00;GFS;5.80;7.40;296.0;14.6;0.00;100.0;GFS
st_cyr_sur_le_rhone;ICONGFS;2026-10-08T21:00;GFS;5.70;7.20;288.0;13.8;0.00;100.0;GFS
st_cyr_sur_le_rhone;ICONGFS;2026-10-08T22:00;GFS;5.80;7.80;284.0;13.2;0.00;100.0;GFS
st_cyr_sur_le_rhone;ICONGFS;2026-10-08T23:00;GFS;5.80;8.00;284.0;12.8;0.00;100.0;GFS
st_cyr_sur_le_rhone;ICONGFS;2026-10-09T00:00;GFS;5.70;8.00;286.0;12.5;0.00;100.0;GFS
st_cyr_sur_le_rhone;ICONGFS;2026-10-09T01:00;GFS;5.60;7.80;290.0;12.3;0.00;100.0;GFS
st_cyr_sur_le_rhone;ICONGFS;2026-10-09T02:00;GFS;5.50;7.40;293.0;12.1;0.00;100.0;GFS
st_cyr_sur_le_rhone;ICONGFS;2026-10-09T03:00;GFS;5.20;6.60;297.0;11.6;0.00;100.0;GFS
st_cyr_sur_le_rhone;ICONGFS;2026-10-09T04:00;GFS;4.90;5.80;299.0;11.1;0.00;100.0;GFS
st_cyr_sur_le_rhone;ICONGFS;2026-10-09T05:00;GFS;4.50;5.10;301.0;10.6;0.00;93.0;GFS
st_cyr_sur_le_rhone;ICONGFS;2026-10-09T06:00;GFS;4.10;4.50;301.0;10.0;0.00;72.0;GFS
st_cyr_sur_le_rhone;ICONGFS;2026-10-09T07:00;GFS;3.70;4.10;302.0;9.4;0.00;45.0;GFS
st_cyr_sur_le_rhone;ICONGFS;2026-10-09T08:00;GFS;3.70;4.70;309.0;9.7;0.00;24.0;GFS
st_cyr_sur_le_rhone;ICONGFS;2026-10-09T09:00;GFS;4.40;6.80;319.0;11.3;0.00;14.0;GFS
st_cyr_sur_le_rhone;ICONGFS;2026-10-09T10:00;GFS;5.80;9.90;327.0;13.6;0.00;11.0;GFS
st_cyr_sur_le_rhone;ICONGFS;2026-10-09T11:00;GFS;7.20;12.20;336.0;15.7;0.00;12.0;GFS
st_cyr_sur_le_rhone;ICONGFS;2026-10-09T12:00;GFS;8.80;13.40;346.0;17.1;0.00;20.0;GFS
st_cyr_sur_le_rhone;ICONGFS;2026-10-09T13:00;GFS;11.00;13.80;353.0;18.2;0.00;34.0;GFS
st_cyr_sur_le_rhone;ICONGFS;2026-10-09T14:00;GFS;12.40;14.20;358.0;18.9;0.00;43.0;GFS
st_cyr_sur_le_rhone;ICONGFS;2026-10-09T15:00;GFS;13.20;14.80;2.0;19.2;0.00;45.0;GFS
st_cyr_sur_le_rhone;ICONGFS;2026-10-09T16:00;GFS;13.50;15.20;6.0;19.1;0.00;42.0;GFS
st_cyr_sur_le_rhone;ICONGFS;2026-10-09T17:00;GFS;12.90;15.20;6.0;18.5;0.00;38.0;GFS
st_cyr_sur_le_rhone;ICONGFS;2026-10-09T18:00;GFS;10.90;14.20;1.0;17.0;0.00;30.0;GFS
st_cyr_sur_le_rhone;ICONGFS;2026-10-09T19:00;GFS;8.30;12.80;349.0;15.0;0.00;20.0;GFS
st_cyr_sur_le_rhone;ICONGFS;2026-10-09T20:00;GFS;6.60;11.30;332.0;13.3;0.00;16.0;GFS
st_cyr_sur_le_rhone;ICONGFS;2026-10-09T21:00;GFS;5.90;9.50;316.0;12.1;0.00;23.0;GFS
st_cyr_sur_le_rhone;ICONGFS;2026-10-09T22:00;GFS;5.60;7.80;304.0;11.2;0.00;37.0;GFS
st_cyr_sur_le_rhone;ICONGFS;2026-10-09T23:00;GFS;5.60;6.40;295.0;10.6;0.00;52.0;GFS
st_cyr_sur_le_rhone;ICONGFS;2026-10-10T00:00;GFS;5.50;6.00;293.0;10.2;0.00;72.0;GFS
st_cyr_sur_le_rhone;ICONGFS;2026-10-10T01:00;GFS;5.20;6.20;297.0;10.0;0.00;94.0;GFS
st_cyr_sur_le_rhone;ICONGFS;2026-10-10T02:00;GFS;5.10;6.20;299.0;9.7;0.00;100.0;GFS
st_cyr_sur_le_rhone;ICONGFS;2026-10-10T03:00;GFS;5.10;6.00;299.0;9.2;0.00;77.0;GFS
st_cyr_sur_le_rhone;ICONGFS;2026-10-10T04:00;GFS;5.00;5.80;298.0;8.6;0.00;38.0;GFS
st_cyr_sur_le_rhone;ICONGFS;2026-10-10T05:00;GFS;4.90;5.60;299.0;8.1;0.00;10.0;GFS
st_cyr_sur_le_rhone;ICONGFS;2026-10-10T06:00;GFS;4.70;5.10;300.0;7.4;0.00;6.0;GFS
st_cyr_sur_le_rhone;ICONGFS;2026-10-10T07:00;GFS;4.40;4.50;302.0;6.8;0.00;12.0;GFS
st_cyr_sur_le_rhone;ICONGFS;2026-10-10T08:00;GFS;4.30;4.70;309.0;7.2;0.00;17.0;GFS
st_cyr_sur_le_rhone;ICONGFS;2026-10-10T09:00;GFS;4.60;6.00;320.0;9.1;0.00;16.0;GFS
st_cyr_sur_le_rhone;ICONGFS;2026-10-10T10:00;GFS;5.00;8.20;332.0;11.9;0.00;14.0;GFS
st_cyr_sur_le_rhone;ICONGFS;2026-10-10T11:00;GFS;5.70;9.70;342.0;14.4;0.00;12.0;GFS
st_cyr_sur_le_rhone;ICONGFS;2026-10-10T12:00;GFS;6.70;10.10;353.0;16.2;0.00;11.0;GFS
st_cyr_sur_le_rhone;ICONGFS;2026-10-10T13:00;GFS;7.60;9.90;1.0;17.6;0.00;10.0;GFS
st_cyr_sur_le_rhone;ICONGFS;2026-10-10T14:00;GFS;8.40;9.70;7.0;18.7;0.00;11.0;GFS
st_cyr_sur_le_rhone;ICONGFS;2026-10-10T15:00;GFS;8.90;9.90;9.0;19.4;0.00;14.0;GFS
st_cyr_sur_le_rhone;ICONGFS;2026-10-10T16:00;GFS;8.90;9.90;10.0;19.6;0.00;19.0;GFS
st_cyr_sur_le_rhone;ICONGFS;2026-10-10T17:00;GFS;8.30;9.30;9.0;19.2;0.00;23.0;GFS
st_cyr_sur_le_rhone;ICONGFS;2026-10-10T18:00;GFS;6.80;7.60;3.0;17.5;0.00;25.0;GFS
st_cyr_sur_le_rhone;ICONGFS;2026-10-10T19:00;GFS;4.70;5.10;351.0;15.1;0.00;26.0;GFS
st_cyr_sur_le_rhone;ICONGFS;2026-10-10T20:00;GFS;3.70;3.30;328.0;13.1;0.00;28.0;GFS
st_cyr_sur_le_rhone;ICONGFS;2026-10-10T21:00;GFS;3.40;2.90;313.0;12.1;0.00;32.0;GFS
st_cyr_sur_le_rhone;ICONGFS;2026-10-10T22:00;GFS;3.40;3.30;301.0;11.5;0.00;35.0;GFS
st_cyr_sur_le_rhone;ICONGFS;2026-10-10T23:00;GFS;3.50;3.50;297.0;11.0;0.00;35.0;GFS
st_cyr_sur_le_rhone;ICONGFS;2026-10-11T00:00;GFS;3.40;3.50;294.0;10.4;0.00;27.0;GFS
st_cyr_sur_le_rhone;ICONGFS;2026-10-11T01:00;GFS;3.20;3.50;295.0;10.0;0.00;15.0;GFS
st_cyr_sur_le_rhone;ICONGFS;2026-10-11T02:00;GFS;3.00;3.50;297.0;9.6;0.00;6.0;GFS
st_cyr_sur_le_rhone;ICONGFS;2026-10-11T03:00;GFS;3.00;3.50;297.0;9.3;0.00;4.0;GFS
st_cyr_sur_le_rhone;ICONGFS;2026-10-11T04:00;GFS;3.10;3.50;300.0;9.0;0.00;5.0;GFS
st_cyr_sur_le_rhone;ICONGFS;2026-10-11T05:00;GFS;3.10;3.30;300.0;8.8;0.00;5.0;GFS
st_cyr_sur_le_rhone;ICONGFS;2026-10-11T06:00;GFS;3.00;3.10;302.0;8.2;0.00;3.0;GFS
st_cyr_sur_le_rhone;ICONGFS;2026-10-11T07:00;GFS;2.60;2.90;306.0;7.7;0.00;1.0;GFS
st_cyr_sur_le_rhone;ICONGFS;2026-10-11T08:00;GFS;2.50;2.70;315.0;8.1;0.00;0.0;GFS
st_cyr_sur_le_rhone;ICONGFS;2026-10-11T09:00;GFS;2.30;2.70;336.0;10.0;0.00;0.0;GFS
st_cyr_sur_le_rhone;ICONGFS;2026-10-11T10:00;GFS;2.70;2.70;360.0;12.7;0.00;0.0;GFS
st_cyr_sur_le_rhone;ICONGFS;2026-10-11T11:00;GFS;3.20;2.70;14.0;15.2;0.00;0.0;GFS
st_cyr_sur_le_rhone;ICONGFS;2026-10-11T12:00;GFS;3.60;2.70;22.0;17.1;0.00;0.0;GFS
st_cyr_sur_le_rhone;ICONGFS;2026-10-11T13:00;GFS;3.70;2.70;28.0;18.7;0.00;0.0;GFS
st_cyr_sur_le_rhone;ICONGFS;2026-10-11T14:00;GFS;3.80;2.70;35.0;19.9;0.00;0.0;GFS
st_cyr_sur_le_rhone;ICONGFS;2026-10-11T15:00;GFS;3.40;2.50;47.0;20.7;0.00;0.0;GFS
st_cyr_sur_le_rhone;ICONGFS;2026-10-11T16:00;GFS;3.00;2.30;67.0;21.2;0.00;0.0;GFS
st_cyr_sur_le_rhone;ICONGFS;2026-10-11T17:00;GFS;2.50;2.10;86.0;20.8;0.00;0.0;GFS
st_cyr_sur_le_rhone;ICONGFS;2026-10-11T18:00;GFS;1.80;1.90;103.0;19.0;0.00;0.0;GFS
st_cyr_sur_le_rhone;ICONGFS;2026-10-11T19:00;GFS;1.00;1.60;143.0;16.4;0.00;0.0;GFS
st_cyr_sur_le_rhone;ICONGFS;2026-10-11T20:00;GFS;1.20;1.60;198.0;14.4;0.00;6.0;GFS
st_cyr_sur_le_rhone;ICONGFS;2026-10-11T21:00;GFS;2.00;2.10;209.0;13.5;0.00;28.0;GFS
st_cyr_sur_le_rhone;ICONGFS;2026-10-11T22:00;GFS;2.60;2.90;207.0;13.2;0.00;58.0;GFS
st_cyr_sur_le_rhone;ICONGFS;2026-10-11T23:00;GFS;2.90;3.30;208.0;13.0;0.00;82.0;GFS
st_cyr_sur_le_rhone;ICONGFS;2026-10-12T00:00;GFS;2.60;3.10;207.0;12.5;0.00;93.0;GFS
st_cyr_sur_le_rhone;ICONGFS;2026-10-12T01:00;GFS;2.20;2.70;207.0;12.1;0.00;98.0;GFS
st_cyr_sur_le_rhone;ICONGFS;2026-10-12T02:00;GFS;1.70;2.30;207.0;11.7;0.00;100.0;GFS
st_cyr_sur_le_rhone;ICONGFS;2026-10-12T03:00;GFS;1.20;2.10;219.0;11.4;0.00;97.0;GFS
st_cyr_sur_le_rhone;ICONGFS;2026-10-12T04:00;GFS;1.00;1.90;259.0;11.1;0.00;91.0;GFS
st_cyr_sur_le_rhone;ICONGFS;2026-10-12T05:00;GFS;1.20;1.90;288.0;10.9;0.00;87.0;GFS
st_cyr_sur_le_rhone;ICONGFS;2026-10-12T06:00;GFS;1.70;2.10;297.0;10.4;0.00;90.0;GFS
st_cyr_sur_le_rhone;ICONGFS;2026-10-12T07:00;GFS;2.30;2.50;290.0;10.0;0.00;96.0;GFS
st_cyr_sur_le_rhone;ICONGFS;2026-10-12T08:00;GFS;2.40;2.70;299.0;10.3;0.00;100.0;GFS
st_cyr_sur_le_rhone;ICONGFS;2026-10-12T09:00;GFS;2.30;2.90;318.0;11.8;0.00;100.0;GFS
st_cyr_sur_le_rhone;ICONGFS;2026-10-12T10:00;GFS;2.60;2.90;351.0;14.0;0.00;100.0;GFS
st_cyr_sur_le_rhone;ICONGFS;2026-10-12T11:00;GFS;3.40;3.10;10.0;16.1;0.00;100.0;GFS
st_cyr_sur_le_rhone;ICONGFS;2026-10-12T12:00;GFS;4.10;3.50;19.0;17.7;0.00;91.0;GFS
st_cyr_sur_le_rhone;ICONGFS;2026-10-12T13:00;GFS;4.80;4.10;27.0;19.1;0.00;78.0;GFS
st_cyr_sur_le_rhone;ICONGFS;2026-10-12T14:00;GFS;5.30;4.50;33.0;20.2;0.00;64.0;GFS
st_cyr_sur_le_rhone;ICONGFS;2026-10-12T15:00;GFS;5.50;4.70;42.0;20.8;0.00;45.0;GFS
st_cyr_sur_le_rhone;ICONGFS;2026-10-12T16:00;GFS;5.50;4.50;51.0;21.0;0.00;25.0;GFS
st_cyr_sur_le_rhone;ICONGFS;2026-10-12T17:00;GFS;5.30;4.30;54.0;20.6;0.00;16.0;GFS
st_cyr_sur_le_rhone;ICONGFS;2026-10-12T18:00;GFS;4.40;3.90;45.0;19.0;0.00;28.0;GFS
st_cyr_sur_le_rhone;ICONGFS;2026-10-12T19:00;GFS;3.50;3.10;27.0;16.8;0.00;52.0;GFS
st_cyr_sur_le_rhone;ICONGFS;2026-10-12T20:00;GFS;3.10;2.70;360.0;15.0;0.00;73.0;GFS
st_cyr_sur_le_rhone;ICONGFS;2026-10-12T21:00;GFS;3.10;2.50;342.0;14.2;0.00;85.0;GFS
st_cyr_sur_le_rhone;ICONGFS;2026-10-12T22:00;GFS;3.10;2.70;330.0;13.8;0.00;94.0;GFS
st_cyr_sur_le_rhone;ICONGFS;2026-10-12T23:00;GFS;3.30;2.90;324.0;13.5;0.00;100.0;GFS
st_romain_des_iles;ICONGFS;2026-09-27T00:00;ICONCH1;1.70;2.30;207.0;16.0;0.00;0.0;ICONCH1
st_romain_des_iles;ICONGFS;2026-09-27T01:00;ICONCH1;2.70;4.10;201.0;14.4;0.00;0.0;ICONCH1
st_romain_des_iles;ICONGFS;2026-09-27T02:00;ICONCH1;2.30;3.50;200.0;13.7;0.00;0.0;ICONCH1
st_romain_des_iles;ICONGFS;2026-09-27T03:00;ICONCH1;3.00;4.70;165.0;13.0;0.00;0.0;ICONCH1
st_romain_des_iles;ICONGFS;2026-09-27T04:00;ICONCH1;2.40;4.90;209.0;12.6;0.00;15.0;ICONCH1
st_romain_des_iles;ICONGFS;2026-09-27T05:00;ICONCH1;2.30;3.70;211.0;11.9;0.00;8.0;ICONCH1
st_romain_des_iles;ICONGFS;2026-09-27T06:00;ICONCH1;3.20;5.10;213.0;11.8;0.00;0.0;ICONCH1
st_romain_des_iles;ICONGFS;2026-09-27T07:00;ICONCH1;3.30;5.20;201.0;11.7;0.00;0.0;ICONCH1
st_romain_des_iles;ICONGFS;2026-09-27T08:00;ICONCH1;3.70;5.80;208.0;12.0;0.00;67.0;ICONCH1
st_romain_des_iles;ICONGFS;2026-09-27T09:00;ICONCH1;4.30;6.80;219.0;14.0;0.00;96.0;ICONCH1
st_romain_des_iles;ICONGFS;2026-09-27T10:00;ICONCH1;5.90;10.10;207.0;16.6;0.00;78.0;ICONCH1
st_romain_des_iles;ICONGFS;2026-09-27T11:00;ICONCH1;7.00;12.40;204.0;19.6;0.00;100.0;ICONCH1
st_romain_des_iles;ICONGFS;2026-09-27T12:00;ICONCH1;8.60;14.40;185.0;23.7;0.00;53.0;ICONCH1
st_romain_des_iles;ICONGFS;2026-09-27T13:00;ICONCH1;9.00;15.70;187.0;26.3;0.00;0.0;ICONCH1
st_romain_des_iles;ICONGFS;2026-09-27T14:00;ICONCH1;9.50;16.10;176.0;28.5;0.00;0.0;ICONCH1
st_romain_des_iles;ICONGFS;2026-09-27T15:00;ICONCH1;9.50;16.90;171.0;30.0;0.00;17.0;ICONCH1
st_romain_des_iles;ICONGFS;2026-09-27T16:00;ICONCH1;10.60;17.70;166.0;30.4;0.00;61.0;ICONCH1
st_romain_des_iles;ICONGFS;2026-09-27T17:00;ICONCH1;10.90;18.10;170.0;30.4;0.00;21.0;ICONCH1
st_romain_des_iles;ICONGFS;2026-09-27T18:00;ICONCH1;10.20;17.90;167.0;29.7;0.00;72.0;ICONCH1
st_romain_des_iles;ICONGFS;2026-09-27T19:00;ICONCH1;7.10;16.30;164.0;27.8;0.00;98.0;ICONCH1
st_romain_des_iles;ICONGFS;2026-09-27T20:00;ICONCH1;5.60;11.10;160.0;25.2;0.00;40.0;ICONCH1
st_romain_des_iles;ICONGFS;2026-09-27T21:00;ICONCH1;5.00;9.10;152.0;23.0;0.00;39.0;ICONCH1
st_romain_des_iles;ICONGFS;2026-09-27T22:00;ICONCH1;3.30;7.80;177.0;21.2;0.00;37.0;ICONCH1
st_romain_des_iles;ICONGFS;2026-09-27T23:00;ICONCH1;4.10;6.20;172.0;20.1;0.00;52.0;ICONCH1
st_romain_des_iles;ICONGFS;2026-09-28T00:00;ICONCH1;4.40;7.60;195.0;18.9;0.00;88.0;ICONCH1
st_romain_des_iles;ICONGFS;2026-09-28T01:00;ICONCH1;4.00;7.20;203.0;17.7;0.00;94.0;ICONCH1
st_romain_des_iles;ICONGFS;2026-09-28T02:00;ICONCH1;3.70;6.40;227.0;16.7;0.00;100.0;ICONCH1
st_romain_des_iles;ICONGFS;2026-09-28T03:00;ICONCH1;3.20;5.80;223.0;16.2;0.00;100.0;ICONCH1
st_romain_des_iles;ICONGFS;2026-09-28T04:00;ICONCH1;3.60;5.40;221.0;15.7;0.00;99.0;ICONCH1
st_romain_des_iles;ICONGFS;2026-09-28T05:00;ICONCH1;4.00;6.80;209.0;15.8;0.00;100.0;ICONCH1
st_romain_des_iles;ICONGFS;2026-09-28T06:00;ICONCH1;3.20;6.20;227.0;15.4;0.00;100.0;ICONCH1
st_romain_des_iles;ICONGFS;2026-09-28T07:00;ICONCH1;2.80;4.90;214.0;14.9;0.00;100.0;ICONCH1
st_romain_des_iles;ICONGFS;2026-09-28T08:00;ICONCH1;3.10;4.90;202.0;14.5;0.00;100.0;ICONCH1
st_romain_des_iles;ICONGFS;2026-09-28T09:00;ICONCH1;3.30;5.40;177.0;15.9;0.00;100.0;ICONCH1
st_romain_des_iles;ICONGFS;2026-09-28T10:00;ICONCH1;4.30;7.40;185.0;18.3;0.00;100.0;ICONCH1
st_romain_des_iles;ICONGFS;2026-09-28T11:00;ICONCH1;5.90;10.10;188.0;20.6;0.00;100.0;ICONCH1
st_romain_des_iles;ICONGFS;2026-09-28T12:00;ICONCH1;7.00;11.70;193.0;23.7;0.00;100.0;ICONCH1
st_romain_des_iles;ICONGFS;2026-09-28T13:00;ICONCH1;7.50;13.60;195.0;25.6;0.00;100.0;ICONCH1
st_romain_des_iles;ICONGFS;2026-09-28T14:00;ICONCH1;7.00;14.20;208.0;27.6;0.00;100.0;ICONCH1
st_romain_des_iles;ICONGFS;2026-09-28T15:00;ICONCH1;9.80;17.50;173.0;28.7;0.00;89.0;ICONCH1
st_romain_des_iles;ICONGFS;2026-09-28T16:00;ICONCH1;12.20;20.80;167.0;28.9;0.00;100.0;ICONCH1
st_romain_des_iles;ICONGFS;2026-09-28T17:00;ICONCH1;11.50;20.60;168.0;28.7;0.00;100.0;ICONCH1
st_romain_des_iles;ICONGFS;2026-09-28T18:00;ICONCH2;12.80;22.00;166.0;28.1;0.00;100.0;ICONCH2
st_romain_des_iles;ICONGFS;2026-09-28T19:00;ICONCH2;11.10;21.20;162.0;26.4;0.00;100.0;ICONCH2
st_romain_des_iles;ICONGFS;2026-09-28T20:00;ICONCH2;7.90;17.90;164.0;23.8;0.00;100.0;ICONCH2
st_romain_des_iles;ICONGFS;2026-09-28T21:00;ICONCH2;6.40;12.60;180.0;22.1;0.00;77.0;ICONCH2
st_romain_des_iles;ICONGFS;2026-09-28T22:00;ICONCH2;4.90;10.30;189.0;20.1;0.00;27.0;ICONCH2
st_romain_des_iles;ICONGFS;2026-09-28T23:00;ICONCH2;5.70;8.90;186.0;19.0;0.00;73.0;ICONCH2
st_romain_des_iles;ICONGFS;2026-09-29T00:00;ICONCH2;5.30;9.30;199.0;18.3;0.00;98.0;ICONCH2
st_romain_des_iles;ICONGFS;2026-09-29T01:00;ICONCH2;3.90;8.60;200.0;17.4;0.00;100.0;ICONCH2
st_romain_des_iles;ICONGFS;2026-09-29T02:00;ICONCH2;2.80;6.20;192.0;16.8;0.00;100.0;ICONCH2
st_romain_des_iles;ICONGFS;2026-09-29T03:00;ICONCH2;2.80;4.30;192.0;16.1;0.00;100.0;ICONCH2
st_romain_des_iles;ICONGFS;2026-09-29T04:00;ICONCH2;2.60;4.50;207.0;15.2;0.00;100.0;ICONCH2
st_romain_des_iles;ICONGFS;2026-09-29T05:00;ICONCH2;2.50;4.10;212.0;14.2;0.00;100.0;ICONCH2
st_romain_des_iles;ICONGFS;2026-09-29T06:00;ICONCH2;3.00;4.90;207.0;13.9;0.00;100.0;ICONCH2
st_romain_des_iles;ICONGFS;2026-09-29T07:00;ICONCH2;3.60;5.40;202.0;13.5;0.00;100.0;ICONCH2
st_romain_des_iles;ICONGFS;2026-09-29T08:00;ICONCH2;3.30;5.60;208.0;13.8;0.00;100.0;ICONCH2
st_romain_des_iles;ICONGFS;2026-09-29T09:00;ICONCH2;3.30;5.40;216.0;15.7;0.00;99.0;ICONCH2
st_romain_des_iles;ICONGFS;2026-09-29T10:00;ICONCH2;4.50;7.60;211.0;18.5;0.00;100.0;ICONCH2
st_romain_des_iles;ICONGFS;2026-09-29T11:00;ICONCH2;8.80;15.00;185.0;22.2;0.00;100.0;ICONCH2
st_romain_des_iles;ICONGFS;2026-09-29T12:00;ICONCH2;10.30;18.50;181.0;24.3;0.00;100.0;ICONCH2
st_romain_des_iles;ICONGFS;2026-09-29T13:00;ICONCH2;16.00;26.60;177.0;27.7;0.00;97.0;ICONCH2
st_romain_des_iles;ICONGFS;2026-09-29T14:00;ICONCH2;16.50;27.40;179.0;29.0;0.00;100.0;ICONCH2
st_romain_des_iles;ICONGFS;2026-09-29T15:00;ICONCH2;17.30;29.20;179.0;29.6;0.00;100.0;ICONCH2
st_romain_des_iles;ICONGFS;2026-09-29T16:00;ICONCH2;15.60;28.80;181.0;29.4;0.00;100.0;ICONCH2
st_romain_des_iles;ICONGFS;2026-09-29T17:00;ICONCH2;14.80;26.00;182.0;29.3;0.00;100.0;ICONCH2
st_romain_des_iles;ICONGFS;2026-09-29T18:00;ICONCH2;13.40;24.10;176.0;28.4;0.00;100.0;ICONCH2
st_romain_des_iles;ICONGFS;2026-09-29T19:00;ICONCH2;11.10;22.00;179.0;26.9;0.00;100.0;ICONCH2
st_romain_des_iles;ICONGFS;2026-09-29T20:00;ICONCH2;9.40;17.70;167.0;25.1;0.00;95.0;ICONCH2
st_romain_des_iles;ICONGFS;2026-09-29T21:00;ICONCH2;9.40;15.70;162.0;24.4;0.00;100.0;ICONCH2
st_romain_des_iles;ICONGFS;2026-09-29T22:00;ICONCH2;7.30;15.20;160.0;23.2;0.00;88.0;ICONCH2
st_romain_des_iles;ICONGFS;2026-09-29T23:00;ICONCH2;6.80;11.70;178.0;22.2;0.00;80.0;ICONCH2
st_romain_des_iles;ICONGFS;2026-09-30T00:00;ICONCH2;7.40;12.20;177.0;21.7;0.00;74.0;ICONCH2
st_romain_des_iles;ICONGFS;2026-09-30T01:00;ICONCH2;6.40;11.70;194.0;20.9;0.00;81.0;ICONCH2
st_romain_des_iles;ICONGFS;2026-09-30T02:00;ICONCH2;6.50;11.10;190.0;21.0;0.00;93.0;ICONCH2
st_romain_des_iles;ICONGFS;2026-09-30T03:00;ICONCH2;4.40;10.30;203.0;20.0;0.00;85.0;ICONCH2
st_romain_des_iles;ICONGFS;2026-09-30T04:00;ICONCH2;3.80;7.20;210.0;19.0;0.00;54.0;ICONCH2
st_romain_des_iles;ICONGFS;2026-09-30T05:00;ICONCH2;3.70;6.00;198.0;17.8;0.00;44.0;ICONCH2
st_romain_des_iles;ICONGFS;2026-09-30T06:00;ICONCH2;2.50;5.60;219.0;16.8;0.00;27.0;ICONCH2
st_romain_des_iles;ICONGFS;2026-09-30T07:00;ICONCH2;3.30;5.20;187.0;16.5;0.00;100.0;ICONCH2
st_romain_des_iles;ICONGFS;2026-09-30T08:00;ICONCH2;3.90;6.40;186.0;17.3;0.00;92.0;ICONCH2
st_romain_des_iles;ICONGFS;2026-09-30T09:00;ICONCH2;5.70;9.30;188.0;19.1;0.00;88.0;ICONCH2
st_romain_des_iles;ICONGFS;2026-09-30T10:00;ICONCH2;8.50;14.20;191.0;21.6;0.00;72.0;ICONCH2
st_romain_des_iles;ICONGFS;2026-09-30T11:00;ICONCH2;11.30;19.00;184.0;23.8;0.00;85.0;ICONCH2
st_romain_des_iles;ICONGFS;2026-09-30T12:00;ICONCH2;12.50;21.60;187.0;25.8;0.00;90.0;ICONCH2
st_romain_des_iles;ICONGFS;2026-09-30T13:00;ICONCH2;14.20;23.70;178.0;28.2;0.00;86.0;ICONCH2
st_romain_des_iles;ICONGFS;2026-09-30T14:00;ICONCH2;14.10;23.70;174.0;28.6;0.00;89.0;ICONCH2
st_romain_des_iles;ICONGFS;2026-09-30T15:00;ICONCH2;14.90;25.50;169.0;29.5;0.00;100.0;ICONCH2
st_romain_des_iles;ICONGFS;2026-09-30T16:00;ICONCH2;15.60;27.60;171.0;29.1;0.00;100.0;ICONCH2
st_romain_des_iles;ICONGFS;2026-09-30T17:00;ICONCH2;15.00;26.60;177.0;28.8;0.00;98.0;ICONCH2
st_romain_des_iles;ICONGFS;2026-09-30T18:00;ICONCH2;14.70;24.70;174.0;27.9;0.00;100.0;ICONCH2
st_romain_des_iles;ICONGFS;2026-09-30T19:00;ICONCH2;13.10;23.90;174.0;26.7;0.00;100.0;ICONCH2
st_romain_des_iles;ICONGFS;2026-09-30T20:00;ICONCH2;10.30;21.40;177.0;25.5;0.00;100.0;ICONCH2
st_romain_des_iles;ICONGFS;2026-09-30T21:00;ICONCH2;7.20;16.70;182.0;24.4;0.00;100.0;ICONCH2
st_romain_des_iles;ICONGFS;2026-09-30T22:00;ICONCH2;7.50;11.90;165.0;23.5;0.00;100.0;ICONCH2
st_romain_des_iles;ICONGFS;2026-09-30T23:00;ICONCH2;7.50;12.40;159.0;22.5;0.00;100.0;ICONCH2
st_romain_des_iles;ICONGFS;2026-10-01T00:00;ICONCH2;6.50;12.10;150.0;21.7;0.00;94.0;ICONCH2
st_romain_des_iles;ICONGFS;2026-10-01T01:00;ICONCH2;6.30;10.70;158.0;21.1;0.00;99.0;ICONCH2
st_romain_des_iles;ICONGFS;2026-10-01T02:00;ICONCH2;5.30;10.10;172.0;20.9;0.00;94.0;ICONCH2
st_romain_des_iles;ICONGFS;2026-10-01T03:00;ICONCH2;4.10;8.60;188.0;20.5;0.00;99.0;ICONCH2
st_romain_des_iles;ICONGFS;2026-10-01T04:00;ICONCH2;3.80;6.60;195.0;19.8;0.00;99.0;ICONCH2
st_romain_des_iles;ICONGFS;2026-10-01T05:00;ICONCH2;3.10;6.00;210.0;19.2;0.00;99.0;ICONCH2
st_romain_des_iles;ICONGFS;2026-10-01T06:00;ICONCH2;3.00;5.10;212.0;18.9;0.00;100.0;ICONCH2
st_romain_des_iles;ICONGFS;2026-10-01T07:00;ICONCH2;3.40;5.40;211.0;18.7;0.00;100.0;ICONCH2
st_romain_des_iles;ICONGFS;2026-10-01T08:00;ICONCH2;4.20;6.60;202.0;18.5;0.00;100.0;ICONCH2
st_romain_des_iles;ICONGFS;2026-10-01T09:00;ICONCH2;5.40;8.90;201.0;20.0;0.00;100.0;ICONCH2
st_romain_des_iles;ICONGFS;2026-10-01T10:00;ICONCH2;8.10;13.20;190.0;21.8;0.00;100.0;ICONCH2
st_romain_des_iles;ICONGFS;2026-10-01T11:00;ICONCH2;8.00;14.40;184.0;21.9;0.20;100.0;ICONCH2
st_romain_des_iles;ICONGFS;2026-10-01T12:00;ICONCH2;7.60;13.60;180.0;21.0;0.70;100.0;ICONCH2
st_romain_des_iles;ICONGFS;2026-10-01T13:00;ICONCH2;4.30;12.60;172.0;20.7;1.60;100.0;ICONCH2
st_romain_des_iles;ICONGFS;2026-10-01T14:00;ICONCH2;3.40;7.40;204.0;21.7;0.30;100.0;ICONCH2
st_romain_des_iles;ICONGFS;2026-10-01T15:00;ICONCH2;0.70;5.60;146.0;21.6;0.20;100.0;ICONCH2
st_romain_des_iles;ICONGFS;2026-10-01T16:00;ICONCH2;1.70;4.10;291.0;22.0;0.00;100.0;ICONCH2
st_romain_des_iles;ICONGFS;2026-10-01T17:00;ICONCH2;1.80;5.20;72.0;20.2;4.90;100.0;ICONCH2
st_romain_des_iles;ICONGFS;2026-10-01T18:00;ICONCH2;5.00;8.20;144.0;19.6;3.00;100.0;ICONCH2
st_romain_des_iles;ICONGFS;2026-10-01T19:00;ICONCH2;1.00;9.30;143.0;18.7;0.90;100.0;ICONCH2
st_romain_des_iles;ICONGFS;2026-10-01T20:00;ICONCH2;1.20;4.10;81.0;18.3;0.20;100.0;ICONCH2
st_romain_des_iles;ICONGFS;2026-10-01T21:00;ICONCH2;0.80;3.30;14.0;18.3;0.00;100.0;ICONCH2
st_romain_des_iles;ICONGFS;2026-10-01T22:00;ICONCH2;1.00;3.30;127.0;18.4;0.00;100.0;ICONCH2
st_romain_des_iles;ICONGFS;2026-10-01T23:00;ICONCH2;0.90;3.70;153.0;18.1;0.00;100.0;ICONCH2
st_romain_des_iles;ICONGFS;2026-10-02T00:00;ICON13KM;3.90;10.10;307.0;14.6;0.00;89.0;ICON13KM
st_romain_des_iles;ICONGFS;2026-10-02T01:00;ICON13KM;3.70;10.10;313.0;14.3;0.00;89.0;ICON13KM
st_romain_des_iles;ICONGFS;2026-10-02T02:00;ICON13KM;3.70;10.30;317.0;14.1;0.00;89.0;ICON13KM
st_romain_des_iles;ICONGFS;2026-10-02T03:00;ICON13KM;3.90;10.70;319.0;14.1;0.00;88.0;ICON13KM
st_romain_des_iles;ICONGFS;2026-10-02T04:00;ICON13KM;3.90;11.30;323.0;14.1;0.00;88.0;ICON13KM
st_romain_des_iles;ICONGFS;2026-10-02T05:00;ICON13KM;4.00;11.90;325.0;14.2;0.00;87.0;ICON13KM
st_romain_des_iles;ICONGFS;2026-10-02T06:00;ICON13KM;4.20;12.40;326.0;14.1;0.00;89.0;ICON13KM
st_romain_des_iles;ICONGFS;2026-10-02T07:00;ICON13KM;4.40;12.80;331.0;14.1;0.00;90.0;ICON13KM
st_romain_des_iles;ICONGFS;2026-10-02T08:00;ICON13KM;4.60;13.20;332.0;14.1;0.00;92.0;ICON13KM
st_romain_des_iles;ICONGFS;2026-10-02T09:00;ICON13KM;3.80;11.50;325.0;12.2;0.00;36.0;ICON13KM
st_romain_des_iles;ICONGFS;2026-10-02T10:00;ICON13KM;4.90;13.00;353.0;13.9;0.00;41.0;ICON13KM
st_romain_des_iles;ICONGFS;2026-10-02T11:00;ICON13KM;6.40;14.60;5.0;15.4;0.00;46.0;ICON13KM
st_romain_des_iles;ICONGFS;2026-10-02T12:00;ICON13KM;8.10;16.70;10.0;16.4;0.00;49.0;ICON13KM
st_romain_des_iles;ICONGFS;2026-10-02T13:00;ICON13KM;9.80;19.00;13.0;17.1;0.00;51.0;ICON13KM
st_romain_des_iles;ICONGFS;2026-10-02T14:00;ICON13KM;10.80;20.60;14.0;17.7;0.00;54.0;ICON13KM
st_romain_des_iles;ICONGFS;2026-10-02T15:00;ICON13KM;11.40;21.20;13.0;18.2;0.00;44.0;ICON13KM
st_romain_des_iles;ICONGFS;2026-10-02T16:00;ICON13KM;11.30;21.00;12.0;18.5;0.00;34.0;ICON13KM
st_romain_des_iles;ICONGFS;2026-10-02T17:00;ICON13KM;10.90;20.40;10.0;18.5;0.00;24.0;ICON13KM
st_romain_des_iles;ICONGFS;2026-10-02T18:00;ICON13KM;9.80;19.20;7.0;17.9;0.00;38.0;ICON13KM
st_romain_des_iles;ICONGFS;2026-10-02T19:00;ICON13KM;8.20;17.70;360.0;16.9;0.00;52.0;ICON13KM
st_romain_des_iles;ICONGFS;2026-10-02T20:00;ICON13KM;6.80;16.70;353.0;16.1;0.00;66.0;ICON13KM
st_romain_des_iles;ICONGFS;2026-10-02T21:00;ICON13KM;6.10;17.10;349.0;15.6;0.00;47.0;ICON13KM
st_romain_des_iles;ICONGFS;2026-10-02T22:00;ICON13KM;5.60;18.10;346.0;15.3;0.00;27.0;ICON13KM
st_romain_des_iles;ICONGFS;2026-10-02T23:00;ICON13KM;5.10;17.90;342.0;14.8;0.00;8.0;ICON13KM
st_romain_des_iles;ICONGFS;2026-10-03T00:00;ICON13KM;4.20;15.70;338.0;14.0;0.00;21.0;ICON13KM
st_romain_des_iles;ICONGFS;2026-10-03T01:00;ICON13KM;3.30;12.60;332.0;13.0;0.00;34.0;ICON13KM
st_romain_des_iles;ICONGFS;2026-10-03T02:00;ICON13KM;2.50;9.90;321.0;12.3;0.00;47.0;ICON13KM
st_romain_des_iles;ICONGFS;2026-10-03T03:00;ICON13KM;1.70;8.20;306.0;12.1;0.00;56.0;ICON13KM
st_romain_des_iles;ICONGFS;2026-10-03T04:00;ICON13KM;1.00;6.80;281.0;12.2;0.00;65.0;ICON13KM
st_romain_des_iles;ICONGFS;2026-10-03T05:00;ICON13KM;1.00;6.20;233.0;12.2;0.00;74.0;ICON13KM
st_romain_des_iles;ICONGFS;2026-10-03T06:00;ICON13KM;1.50;6.80;220.0;11.7;0.00;71.0;ICON13KM
st_romain_des_iles;ICONGFS;2026-10-03T07:00;ICON13KM;1.90;8.40;217.0;11.0;0.00;68.0;ICON13KM
st_romain_des_iles;ICONGFS;2026-10-03T08:00;ICON13KM;2.30;10.30;204.0;11.1;0.00;65.0;ICON13KM
st_romain_des_iles;ICONGFS;2026-10-03T09:00;ICON13KM;2.90;12.40;180.0;12.4;0.00;75.0;ICON13KM
st_romain_des_iles;ICONGFS;2026-10-03T10:00;ICON13KM;4.20;15.00;158.0;14.5;0.00;84.0;ICON13KM
st_romain_des_iles;ICONGFS;2026-10-03T11:00;ICON13KM;5.70;17.30;153.0;16.4;0.00;94.0;ICON13KM
st_romain_des_iles;ICONGFS;2026-10-03T12:00;ICON13KM;7.60;19.20;161.0;18.1;0.00;82.0;ICON13KM
st_romain_des_iles;ICONGFS;2026-10-03T13:00;ICON13KM;9.80;20.80;166.0;19.8;0.00;69.0;ICON13KM
st_romain_des_iles;ICONGFS;2026-10-03T14:00;ICON13KM;11.20;21.60;170.0;21.1;0.00;57.0;ICON13KM
st_romain_des_iles;ICONGFS;2026-10-03T15:00;ICON13KM;11.10;21.20;170.0;22.1;0.00;71.0;ICON13KM
st_romain_des_iles;ICONGFS;2026-10-03T16:00;ICON13KM;10.00;20.00;168.0;22.9;0.00;86.0;ICON13KM
st_romain_des_iles;ICONGFS;2026-10-03T17:00;ICON13KM;8.60;18.90;167.0;23.0;0.00;100.0;ICON13KM
st_romain_des_iles;ICONGFS;2026-10-03T18:00;ICON13KM;6.70;17.70;168.0;22.0;0.00;100.0;ICON13KM
st_romain_des_iles;ICONGFS;2026-10-03T19:00;ICON13KM;4.70;16.50;173.0;20.3;0.00;100.0;ICON13KM
st_romain_des_iles;ICONGFS;2026-10-03T20:00;ICON13KM;3.30;15.20;180.0;18.8;0.00;100.0;ICON13KM
st_romain_des_iles;ICONGFS;2026-10-03T21:00;ICON13KM;2.90;13.60;188.0;17.7;0.00;96.0;ICON13KM
st_romain_des_iles;ICONGFS;2026-10-03T22:00;ICON13KM;3.00;12.10;195.0;16.7;0.00;91.0;ICON13KM
st_romain_des_iles;ICONGFS;2026-10-03T23:00;ICON13KM;3.30;11.30;201.0;15.9;0.00;87.0;ICON13KM
st_romain_des_iles;ICONGFS;2026-10-04T00:00;ICON13KM;3.60;12.10;202.0;15.1;0.00;77.0;ICON13KM
st_romain_des_iles;ICONGFS;2026-10-04T01:00;ICON13KM;3.80;13.60;204.0;14.5;0.00;68.0;ICON13KM
st_romain_des_iles;ICONGFS;2026-10-04T02:00;ICON13KM;4.10;15.00;205.0;14.0;0.00;58.0;ICON13KM
st_romain_des_iles;ICONGFS;2026-10-04T03:00;ICON13KM;4.20;15.40;208.0;13.8;0.00;42.0;ICON13KM
st_romain_des_iles;ICONGFS;2026-10-04T04:00;ICON13KM;4.10;15.60;211.0;13.8;0.00;27.0;ICON13KM
st_romain_des_iles;ICONGFS;2026-10-04T05:00;ICON13KM;4.10;15.60;211.0;13.7;0.00;11.0;ICON13KM
st_romain_des_iles;ICONGFS;2026-10-04T06:00;ICON13KM;3.90;15.20;213.0;13.1;0.00;10.0;ICON13KM
st_romain_des_iles;ICONGFS;2026-10-04T07:00;ICON13KM;3.70;14.60;212.0;12.5;0.00;8.0;ICON13KM
st_romain_des_iles;ICONGFS;2026-10-04T08:00;ICON13KM;3.70;14.80;205.0;12.6;0.00;7.0;ICON13KM
st_romain_des_iles;ICONGFS;2026-10-04T09:00;ICON13KM;4.50;15.90;187.0;14.1;0.00;38.0;ICON13KM
st_romain_des_iles;ICONGFS;2026-10-04T10:00;ICON13KM;6.10;17.90;174.0;16.4;0.00;69.0;ICON13KM
st_romain_des_iles;ICONGFS;2026-10-04T11:00;ICON13KM;7.70;19.60;170.0;18.4;0.00;100.0;ICON13KM
st_romain_des_iles;ICONGFS;2026-10-04T12:00;ICON13KM;9.50;21.00;171.0;19.8;0.00;75.0;ICON13KM
st_romain_des_iles;ICONGFS;2026-10-04T13:00;ICON13KM;11.20;22.40;172.0;20.8;0.00;50.0;ICON13KM
st_romain_des_iles;ICONGFS;2026-10-04T14:00;ICON13KM;12.30;23.30;173.0;21.6;0.00;25.0;ICON13KM
st_romain_des_iles;ICONGFS;2026-10-04T15:00;GFS;2.00;6.60;241.0;13.8;0.50;100.0;GFS
st_romain_des_iles;ICONGFS;2026-10-04T16:00;GFS;1.70;6.40;243.0;13.9;0.50;100.0;GFS
st_romain_des_iles;ICONGFS;2026-10-04T17:00;GFS;1.60;6.00;240.0;13.9;0.50;100.0;GFS
st_romain_des_iles;ICONGFS;2026-10-04T18:00;GFS;1.60;5.40;210.0;13.7;0.10;100.0;GFS
st_romain_des_iles;ICONGFS;2026-10-04T19:00;GFS;2.30;4.70;175.0;13.5;0.10;100.0;GFS
st_romain_des_iles;ICONGFS;2026-10-04T20:00;GFS;3.20;4.10;169.0;13.2;0.10;97.0;GFS
st_romain_des_iles;ICONGFS;2026-10-04T21:00;GFS;3.50;4.10;174.0;12.7;0.00;68.0;GFS
st_romain_des_iles;ICONGFS;2026-10-04T22:00;GFS;3.70;4.50;183.0;12.0;0.00;29.0;GFS
st_romain_des_iles;ICONGFS;2026-10-04T23:00;GFS;3.90;4.70;189.0;11.5;0.00;6.0;GFS
st_romain_des_iles;ICONGFS;2026-10-05T00:00;GFS;4.00;4.50;191.0;11.1;0.00;12.0;GFS
st_romain_des_iles;ICONGFS;2026-10-05T01:00;GFS;3.60;4.30;196.0;10.7;0.00;35.0;GFS
st_romain_des_iles;ICONGFS;2026-10-05T02:00;GFS;3.50;3.90;199.0;10.5;0.00;56.0;GFS
st_romain_des_iles;ICONGFS;2026-10-05T03:00;GFS;3.30;3.50;201.0;10.3;0.00;73.0;GFS
st_romain_des_iles;ICONGFS;2026-10-05T04:00;GFS;3.10;3.10;198.0;10.2;0.00;89.0;GFS
st_romain_des_iles;ICONGFS;2026-10-05T05:00;GFS;2.60;2.70;197.0;10.2;0.00;100.0;GFS
st_romain_des_iles;ICONGFS;2026-10-05T06:00;GFS;2.30;2.10;204.0;9.9;0.00;100.0;GFS
st_romain_des_iles;ICONGFS;2026-10-05T07:00;GFS;1.80;1.70;212.0;9.7;0.00;100.0;GFS
st_romain_des_iles;ICONGFS;2026-10-05T08:00;GFS;1.40;1.40;225.0;10.1;0.00;100.0;GFS
st_romain_des_iles;ICONGFS;2026-10-05T09:00;GFS;0.50;1.20;225.0;11.3;0.00;100.0;GFS
st_romain_des_iles;ICONGFS;2026-10-05T10:00;GFS;0.40;1.20;90.0;13.1;0.00;100.0;GFS
st_romain_des_iles;ICONGFS;2026-10-05T11:00;GFS;1.30;1.40;63.0;14.8;0.00;100.0;GFS
st_romain_des_iles;ICONGFS;2026-10-05T12:00;GFS;2.10;1.90;56.0;16.3;0.00;97.0;GFS
st_romain_des_iles;ICONGFS;2026-10-05T13:00;GFS;3.00;3.10;50.0;17.8;0.00;94.0;GFS
st_romain_des_iles;ICONGFS;2026-10-05T14:00;GFS;3.80;4.10;45.0;18.9;0.00;92.0;GFS
st_romain_des_iles;ICONGFS;2026-10-05T15:00;GFS;4.90;5.40;37.0;19.6;0.00;93.0;GFS
st_romain_des_iles;ICONGFS;2026-10-05T16:00;GFS;5.90;6.80;32.0;19.9;0.00;97.0;GFS
st_romain_des_iles;ICONGFS;2026-10-05T17:00;GFS;6.20;7.60;24.0;19.5;0.00;99.0;GFS
st_romain_des_iles;ICONGFS;2026-10-05T18:00;GFS;5.30;6.60;10.0;17.9;0.00;100.0;GFS
st_romain_des_iles;ICONGFS;2026-10-05T19:00;GFS;4.60;4.90;345.0;15.7;0.00;100.0;GFS
st_romain_des_iles;ICONGFS;2026-10-05T20:00;GFS;4.70;4.70;325.0;14.0;0.00;100.0;GFS
st_romain_des_iles;ICONGFS;2026-10-05T21:00;GFS;5.00;7.20;324.0;13.4;0.00;100.0;GFS
st_romain_des_iles;ICONGFS;2026-10-05T22:00;GFS;5.60;11.10;331.0;13.3;0.00;100.0;GFS
st_romain_des_iles;ICONGFS;2026-10-05T23:00;GFS;5.70;14.40;336.0;13.2;0.00;100.0;GFS
st_romain_des_iles;ICONGFS;2026-10-06T00:00;GFS;5.90;15.90;337.0;12.9;0.00;100.0;GFS
st_romain_des_iles;ICONGFS;2026-10-06T01:00;GFS;5.80;16.90;339.0;12.6;0.00;100.0;GFS
st_romain_des_iles;ICONGFS;2026-10-06T02:00;GFS;5.80;17.50;339.0;12.3;0.00;100.0;GFS
st_romain_des_iles;ICONGFS;2026-10-06T03:00;GFS;5.60;18.10;340.0;12.0;0.00;100.0;GFS
st_romain_des_iles;ICONGFS;2026-10-06T04:00;GFS;5.60;18.50;340.0;11.8;0.00;100.0;GFS
st_romain_des_iles;ICONGFS;2026-10-06T05:00;GFS;5.30;18.70;341.0;11.7;0.00;100.0;GFS
st_romain_des_iles;ICONGFS;2026-10-06T06:00;GFS;5.30;18.50;343.0;11.6;0.00;100.0;GFS
st_romain_des_iles;ICONGFS;2026-10-06T07:00;GFS;5.20;18.10;345.0;11.6;0.00;100.0;GFS
st_romain_des_iles;ICONGFS;2026-10-06T08:00;GFS;5.40;17.30;347.0;11.9;0.00;100.0;GFS
st_romain_des_iles;ICONGFS;2026-10-06T09:00;GFS;5.90;15.90;351.0;12.7;0.00;100.0;GFS
st_romain_des_iles;ICONGFS;2026-10-06T10:00;GFS;6.80;14.00;353.0;13.8;0.00;100.0;GFS
st_romain_des_iles;ICONGFS;2026-10-06T11:00;GFS;7.20;12.10;357.0;15.0;0.00;100.0;GFS
st_romain_des_iles;ICONGFS;2026-10-06T12:00;GFS;6.80;9.90;360.0;16.3;0.00;90.0;GFS
st_romain_des_iles;ICONGFS;2026-10-06T13:00;GFS;6.10;7.60;6.0;17.8;0.00;77.0;GFS
st_romain_des_iles;ICONGFS;2026-10-06T14:00;GFS;5.50;6.20;8.0;18.9;0.00;68.0;GFS
st_romain_des_iles;ICONGFS;2026-10-06T15:00;GFS;5.70;6.20;6.0;19.5;0.00;70.0;GFS
st_romain_des_iles;ICONGFS;2026-10-06T16:00;GFS;6.20;7.20;2.0;19.8;0.00;77.0;GFS
st_romain_des_iles;ICONGFS;2026-10-06T17:00;GFS;6.20;7.40;356.0;19.4;0.00;80.0;GFS
st_romain_des_iles;ICONGFS;2026-10-06T18:00;GFS;5.30;6.40;343.0;17.9;0.00;74.0;GFS
st_romain_des_iles;ICONGFS;2026-10-06T19:00;GFS;4.60;4.90;320.0;15.8;0.00;64.0;GFS
st_romain_des_iles;ICONGFS;2026-10-06T20:00;GFS;4.40;3.70;302.0;14.1;0.00;53.0;GFS
st_romain_des_iles;ICONGFS;2026-10-06T21:00;GFS;4.00;3.10;299.0;13.3;0.00;42.0;GFS
st_romain_des_iles;ICONGFS;2026-10-06T22:00;GFS;3.20;2.90;303.0;13.0;0.00;30.0;GFS
st_romain_des_iles;ICONGFS;2026-10-06T23:00;GFS;2.80;2.70;309.0;12.7;0.00;21.0;GFS
st_romain_des_iles;ICONGFS;2026-10-07T00:00;GFS;2.30;2.30;312.0;12.3;0.00;17.0;GFS
st_romain_des_iles;ICONGFS;2026-10-07T01:00;GFS;2.10;2.10;319.0;11.9;0.00;17.0;GFS
st_romain_des_iles;ICONGFS;2026-10-07T02:00;GFS;1.90;1.90;323.0;11.5;0.00;17.0;GFS
st_romain_des_iles;ICONGFS;2026-10-07T03:00;GFS;1.80;1.90;328.0;11.1;0.00;18.0;GFS
st_romain_des_iles;ICONGFS;2026-10-07T04:00;GFS;1.90;2.10;336.0;10.8;0.00;20.0;GFS
st_romain_des_iles;ICONGFS;2026-10-07T05:00;GFS;1.90;2.10;336.0;10.5;0.00;22.0;GFS
st_romain_des_iles;ICONGFS;2026-10-07T06:00;GFS;1.90;1.90;336.0;10.0;0.00;25.0;GFS
st_romain_des_iles;ICONGFS;2026-10-07T07:00;GFS;1.90;1.70;336.0;9.5;0.00;28.0;GFS
st_romain_des_iles;ICONGFS;2026-10-07T08:00;GFS;2.00;1.90;343.0;9.8;0.00;28.0;GFS
st_romain_des_iles;ICONGFS;2026-10-07T09:00;GFS;2.30;2.70;355.0;11.5;0.00;24.0;GFS
st_romain_des_iles;ICONGFS;2026-10-07T10:00;GFS;2.90;3.70;4.0;13.9;0.00;18.0;GFS
st_romain_des_iles;ICONGFS;2026-10-07T11:00;GFS;3.70;4.70;9.0;16.1;0.00;13.0;GFS
st_romain_des_iles;ICONGFS;2026-10-07T12:00;GFS;4.60;5.20;12.0;17.5;0.00;12.0;GFS
st_romain_des_iles;ICONGFS;2026-10-07T13:00;GFS;5.60;5.80;12.0;18.5;0.00;12.0;GFS
st_romain_des_iles;ICONGFS;2026-10-07T14:00;GFS;6.20;6.20;13.0;19.3;0.00;15.0;GFS
st_romain_des_iles;ICONGFS;2026-10-07T15:00;GFS;6.40;6.40;14.0;19.8;0.00;21.0;GFS
st_romain_des_iles;ICONGFS;2026-10-07T16:00;GFS;6.50;6.40;16.0;20.1;0.00;29.0;GFS
st_romain_des_iles;ICONGFS;2026-10-07T17:00;GFS;6.00;6.20;13.0;19.7;0.00;38.0;GFS
st_romain_des_iles;ICONGFS;2026-10-07T18:00;GFS;4.90;5.40;2.0;18.1;0.00;47.0;GFS
st_romain_des_iles;ICONGFS;2026-10-07T19:00;GFS;3.90;4.10;342.0;15.9;0.00;57.0;GFS
st_romain_des_iles;ICONGFS;2026-10-07T20:00;GFS;3.70;3.30;321.0;14.3;0.00;63.0;GFS
st_romain_des_iles;ICONGFS;2026-10-07T21:00;GFS;3.70;3.10;317.0;13.8;0.00;62.0;GFS
st_romain_des_iles;ICONGFS;2026-10-07T22:00;GFS;3.70;3.10;321.0;13.8;0.00;57.0;GFS
st_romain_des_iles;ICONGFS;2026-10-07T23:00;GFS;3.60;3.30;324.0;13.7;0.00;55.0;GFS
st_romain_des_iles;ICONGFS;2026-10-08T00:00;GFS;3.70;3.10;321.0;13.0;0.00;58.0;GFS
st_romain_des_iles;ICONGFS;2026-10-08T01:00;GFS;3.80;2.90;315.0;12.3;0.00;65.0;GFS
st_romain_des_iles;ICONGFS;2026-10-08T02:00;GFS;4.00;3.30;313.0;11.8;0.00;72.0;GFS
st_romain_des_iles;ICONGFS;2026-10-08T03:00;GFS;3.90;4.70;319.0;11.8;0.00;82.0;GFS
st_romain_des_iles;ICONGFS;2026-10-08T04:00;GFS;3.80;6.60;325.0;12.1;0.00;92.0;GFS
st_romain_des_iles;ICONGFS;2026-10-08T05:00;GFS;3.60;7.60;331.0;12.4;0.00;100.0;GFS
st_romain_des_iles;ICONGFS;2026-10-08T06:00;GFS;3.50;6.80;326.0;12.4;0.00;100.0;GFS
st_romain_des_iles;ICONGFS;2026-10-08T07:00;GFS;3.40;5.20;317.0;12.3;0.00;99.0;GFS
st_romain_des_iles;ICONGFS;2026-10-08T08:00;GFS;3.60;4.70;315.0;12.3;0.00;98.0;GFS
st_romain_des_iles;ICONGFS;2026-10-08T09:00;GFS;3.50;5.80;322.0;12.2;0.10;98.0;GFS
st_romain_des_iles;ICONGFS;2026-10-08T10:00;GFS;3.70;8.00;335.0;12.2;0.10;99.0;GFS
st_romain_des_iles;ICONGFS;2026-10-08T11:00;GFS;4.10;9.70;343.0;12.8;0.10;100.0;GFS
st_romain_des_iles;ICONGFS;2026-10-08T12:00;GFS;5.00;10.30;349.0;14.4;0.00;100.0;GFS
st_romain_des_iles;ICONGFS;2026-10-08T13:00;GFS;5.90;10.30;351.0;16.6;0.00;100.0;GFS
st_romain_des_iles;ICONGFS;2026-10-08T14:00;GFS;6.80;10.50;353.0;18.3;0.00;100.0;GFS
st_romain_des_iles;ICONGFS;2026-10-08T15:00;GFS;7.60;11.10;360.0;19.3;0.00;93.0;GFS
st_romain_des_iles;ICONGFS;2026-10-08T16:00;GFS;8.20;11.90;5.0;19.8;0.00;83.0;GFS
st_romain_des_iles;ICONGFS;2026-10-08T17:00;GFS;8.20;11.90;7.0;19.6;0.00;78.0;GFS
st_romain_des_iles;ICONGFS;2026-10-08T18:00;GFS;6.80;10.30;357.0;18.2;0.00;84.0;GFS
st_romain_des_iles;ICONGFS;2026-10-08T19:00;GFS;5.60;8.00;335.0;16.0;0.00;95.0;GFS
st_romain_des_iles;ICONGFS;2026-10-08T20:00;GFS;5.10;6.00;313.0;14.3;0.00;100.0;GFS
st_romain_des_iles;ICONGFS;2026-10-08T21:00;GFS;5.00;4.90;309.0;13.4;0.00;93.0;GFS
st_romain_des_iles;ICONGFS;2026-10-08T22:00;GFS;4.70;4.10;312.0;12.9;0.00;80.0;GFS
st_romain_des_iles;ICONGFS;2026-10-08T23:00;GFS;4.40;3.70;315.0;12.5;0.00;72.0;GFS
st_romain_des_iles;ICONGFS;2026-10-09T00:00;GFS;4.40;3.70;315.0;12.2;0.00;73.0;GFS
st_romain_des_iles;ICONGFS;2026-10-09T01:00;GFS;4.40;4.10;315.0;12.0;0.00;77.0;GFS
st_romain_des_iles;ICONGFS;2026-10-09T02:00;GFS;4.40;4.30;315.0;11.8;0.00;83.0;GFS
st_romain_des_iles;ICONGFS;2026-10-09T03:00;GFS;4.00;3.90;313.0;11.4;0.00;91.0;GFS
st_romain_des_iles;ICONGFS;2026-10-09T04:00;GFS;3.30;3.10;315.0;11.0;0.00;100.0;GFS
st_romain_des_iles;ICONGFS;2026-10-09T05:00;GFS;2.90;2.70;312.0;10.6;0.00;100.0;GFS
st_romain_des_iles;ICONGFS;2026-10-09T06:00;GFS;2.90;2.50;312.0;9.9;0.00;83.0;GFS
st_romain_des_iles;ICONGFS;2026-10-09T07:00;GFS;2.90;2.70;312.0;9.2;0.00;58.0;GFS
st_romain_des_iles;ICONGFS;2026-10-09T08:00;GFS;3.30;3.50;320.0;9.3;0.00;36.0;GFS
st_romain_des_iles;ICONGFS;2026-10-09T09:00;GFS;4.00;5.20;331.0;10.7;0.00;22.0;GFS
st_romain_des_iles;ICONGFS;2026-10-09T10:00;GFS;5.30;7.60;341.0;13.0;0.00;11.0;GFS
st_romain_des_iles;ICONGFS;2026-10-09T11:00;GFS;6.40;9.50;348.0;15.0;0.00;5.0;GFS
st_romain_des_iles;ICONGFS;2026-10-09T12:00;GFS;7.30;10.50;352.0;16.4;0.00;5.0;GFS
st_romain_des_iles;ICONGFS;2026-10-09T13:00;GFS;8.20;10.90;356.0;17.5;0.00;10.0;GFS
st_romain_des_iles;ICONGFS;2026-10-09T14:00;GFS;8.70;11.10;359.0;18.3;0.00;18.0;GFS
st_romain_des_iles;ICONGFS;2026-10-09T15:00;GFS;8.90;11.30;360.0;18.9;0.00;30.0;GFS
st_romain_des_iles;ICONGFS;2026-10-09T16:00;GFS;8.70;11.50;1.0;19.1;0.00;44.0;GFS
st_romain_des_iles;ICONGFS;2026-10-09T17:00;GFS;8.20;10.90;360.0;18.6;0.00;56.0;GFS
st_romain_des_iles;ICONGFS;2026-10-09T18:00;GFS;6.80;9.10;353.0;16.6;0.00;61.0;GFS
st_romain_des_iles;ICONGFS;2026-10-09T19:00;GFS;5.60;6.60;340.0;13.8;0.00;63.0;GFS
st_romain_des_iles;ICONGFS;2026-10-09T20:00;GFS;4.70;4.90;325.0;11.7;0.00;66.0;GFS
st_romain_des_iles;ICONGFS;2026-10-09T21:00;GFS;4.60;4.30;320.0;10.9;0.00;75.0;GFS
st_romain_des_iles;ICONGFS;2026-10-09T22:00;GFS;4.60;4.30;320.0;10.8;0.00;84.0;GFS
st_romain_des_iles;ICONGFS;2026-10-09T23:00;GFS;4.40;4.30;322.0;10.7;0.00;87.0;GFS
st_romain_des_iles;ICONGFS;2026-10-10T00:00;GFS;4.20;3.90;323.0;10.1;0.00;76.0;GFS
st_romain_des_iles;ICONGFS;2026-10-10T01:00;GFS;4.00;3.50;325.0;9.4;0.00;58.0;GFS
st_romain_des_iles;ICONGFS;2026-10-10T02:00;GFS;3.80;3.30;325.0;8.9;0.00;42.0;GFS
st_romain_des_iles;ICONGFS;2026-10-10T03:00;GFS;3.80;3.30;325.0;8.5;0.00;30.0;GFS
st_romain_des_iles;ICONGFS;2026-10-10T04:00;GFS;3.90;3.30;323.0;8.2;0.00;19.0;GFS
st_romain_des_iles;ICONGFS;2026-10-10T05:00;GFS;3.70;3.30;321.0;8.0;0.00;17.0;GFS
st_romain_des_iles;ICONGFS;2026-10-10T06:00;GFS;3.20;2.90;322.0;7.5;0.00;30.0;GFS
st_romain_des_iles;ICONGFS;2026-10-10T07:00;GFS;2.60;2.50;324.0;7.0;0.00;51.0;GFS
st_romain_des_iles;ICONGFS;2026-10-10T08:00;GFS;2.40;2.50;331.0;7.4;0.00;61.0;GFS
st_romain_des_iles;ICONGFS;2026-10-10T09:00;GFS;2.60;3.70;343.0;9.3;0.00;49.0;GFS
st_romain_des_iles;ICONGFS;2026-10-10T10:00;GFS;3.10;5.20;353.0;12.1;0.00;28.0;GFS
st_romain_des_iles;ICONGFS;2026-10-10T11:00;GFS;3.90;6.40;357.0;14.6;0.00;12.0;GFS
st_romain_des_iles;ICONGFS;2026-10-10T12:00;GFS;4.70;6.80;360.0;16.3;0.00;9.0;GFS
st_romain_des_iles;ICONGFS;2026-10-10T13:00;GFS;5.40;6.80;360.0;17.6;0.00;12.0;GFS
st_romain_des_iles;ICONGFS;2026-10-10T14:00;GFS;5.80;6.80;360.0;18.6;0.00;19.0;GFS
st_romain_des_iles;ICONGFS;2026-10-10T15:00;GFS;5.80;6.80;4.0;19.3;0.00;32.0;GFS
st_romain_des_iles;ICONGFS;2026-10-10T16:00;GFS;5.70;6.60;8.0;19.7;0.00;49.0;GFS
st_romain_des_iles;ICONGFS;2026-10-10T17:00;GFS;5.30;6.20;8.0;19.2;0.00;64.0;GFS
st_romain_des_iles;ICONGFS;2026-10-10T18:00;GFS;4.50;5.20;358.0;17.2;0.00;77.0;GFS
st_romain_des_iles;ICONGFS;2026-10-10T19:00;GFS;3.70;4.10;335.0;14.5;0.00;87.0;GFS
st_romain_des_iles;ICONGFS;2026-10-10T20:00;GFS;3.40;3.10;313.0;12.3;0.00;88.0;GFS
st_romain_des_iles;ICONGFS;2026-10-10T21:00;GFS;3.20;2.70;303.0;11.3;0.00;71.0;GFS
st_romain_des_iles;ICONGFS;2026-10-10T22:00;GFS;3.00;2.50;302.0;11.0;0.00;43.0;GFS
st_romain_des_iles;ICONGFS;2026-10-10T23:00;GFS;2.50;2.50;302.0;10.7;0.00;22.0;GFS
st_romain_des_iles;ICONGFS;2026-10-11T00:00;GFS;2.40;2.30;305.0;10.2;0.00;15.0;GFS
st_romain_des_iles;ICONGFS;2026-10-11T01:00;GFS;2.10;2.30;311.0;9.8;0.00;13.0;GFS
st_romain_des_iles;ICONGFS;2026-10-11T02:00;GFS;1.90;2.10;315.0;9.4;0.00;12.0;GFS
st_romain_des_iles;ICONGFS;2026-10-11T03:00;GFS;1.70;1.90;306.0;9.0;0.00;8.0;GFS
st_romain_des_iles;ICONGFS;2026-10-11T04:00;GFS;1.30;1.70;297.0;8.7;0.00;3.0;GFS
st_romain_des_iles;ICONGFS;2026-10-11T05:00;GFS;1.20;1.60;288.0;8.4;0.00;0.0;GFS
st_romain_des_iles;ICONGFS;2026-10-11T06:00;GFS;1.10;1.40;301.0;7.8;0.00;0.0;GFS
st_romain_des_iles;ICONGFS;2026-10-11T07:00;GFS;1.10;1.40;315.0;7.1;0.00;0.0;GFS
st_romain_des_iles;ICONGFS;2026-10-11T08:00;GFS;0.90;1.20;333.0;7.5;0.00;0.0;GFS
st_romain_des_iles;ICONGFS;2026-10-11T09:00;GFS;0.40;1.00;27.0;9.5;0.00;0.0;GFS
st_romain_des_iles;ICONGFS;2026-10-11T10:00;GFS;0.60;0.80;108.0;12.4;0.00;0.0;GFS
st_romain_des_iles;ICONGFS;2026-10-11T11:00;GFS;1.40;0.80;124.0;15.0;0.00;0.0;GFS
st_romain_des_iles;ICONGFS;2026-10-11T12:00;GFS;1.80;1.00;122.0;16.9;0.00;0.0;GFS
st_romain_des_iles;ICONGFS;2026-10-11T13:00;GFS;2.10;1.60;124.0;18.6;0.00;0.0;GFS
st_romain_des_iles;ICONGFS;2026-10-11T14:00;GFS;2.40;1.90;125.0;19.8;0.00;0.0;GFS
st_romain_des_iles;ICONGFS;2026-10-11T15:00;GFS;2.80;2.30;129.0;20.5;0.00;1.0;GFS
st_romain_des_iles;ICONGFS;2026-10-11T16:00;GFS;3.00;2.50;135.0;20.8;0.00;2.0;GFS
st_romain_des_iles;ICONGFS;2026-10-11T17:00;GFS;3.00;2.70;140.0;20.3;0.00;4.0;GFS
st_romain_des_iles;ICONGFS;2026-10-11T18:00;GFS;2.30;2.70;156.0;18.4;0.00;5.0;GFS
st_romain_des_iles;ICONGFS;2026-10-11T19:00;GFS;2.00;2.50;197.0;15.8;0.00;8.0;GFS
st_romain_des_iles;ICONGFS;2026-10-11T20:00;GFS;2.30;2.50;222.0;13.8;0.00;17.0;GFS
st_romain_des_iles;ICONGFS;2026-10-11T21:00;GFS;2.60;2.50;228.0;12.9;0.00;41.0;GFS
st_romain_des_iles;ICONGFS;2026-10-11T22:00;GFS;2.60;2.70;222.0;12.7;0.00;71.0;GFS
st_romain_des_iles;ICONGFS;2026-10-11T23:00;GFS;2.60;2.70;222.0;12.5;0.00;94.0;GFS
st_romain_des_iles;ICONGFS;2026-10-12T00:00;GFS;2.50;2.50;225.0;12.1;0.00;100.0;GFS
st_romain_des_iles;ICONGFS;2026-10-12T01:00;GFS;2.20;2.30;225.0;11.7;0.00;100.0;GFS
st_romain_des_iles;ICONGFS;2026-10-12T02:00;GFS;1.90;2.10;233.0;11.4;0.00;98.0;GFS
st_romain_des_iles;ICONGFS;2026-10-12T03:00;GFS;1.60;2.10;256.0;11.1;0.00;99.0;GFS
st_romain_des_iles;ICONGFS;2026-10-12T04:00;GFS;1.50;2.10;293.0;10.9;0.00;100.0;GFS
st_romain_des_iles;ICONGFS;2026-10-12T05:00;GFS;1.80;2.10;311.0;10.7;0.00;100.0;GFS
st_romain_des_iles;ICONGFS;2026-10-12T06:00;GFS;1.80;1.90;311.0;10.2;0.00;100.0;GFS
st_romain_des_iles;ICONGFS;2026-10-12T07:00;GFS;1.50;1.60;310.0;9.7;0.00;100.0;GFS
st_romain_des_iles;ICONGFS;2026-10-12T08:00;GFS;1.20;1.60;309.0;10.0;0.00;100.0;GFS
st_romain_des_iles;ICONGFS;2026-10-12T09:00;GFS;1.20;2.30;321.0;11.6;0.00;100.0;GFS
st_romain_des_iles;ICONGFS;2026-10-12T10:00;GFS;1.20;3.30;342.0;14.0;0.00;100.0;GFS
st_romain_des_iles;ICONGFS;2026-10-12T11:00;GFS;1.40;4.10;360.0;16.2;0.00;100.0;GFS
st_romain_des_iles;ICONGFS;2026-10-12T12:00;GFS;1.40;4.30;16.0;18.0;0.00;82.0;GFS
st_romain_des_iles;ICONGFS;2026-10-12T13:00;GFS;1.70;4.30;27.0;19.6;0.00;56.0;GFS
st_romain_des_iles;ICONGFS;2026-10-12T14:00;GFS;2.00;4.30;29.0;20.7;0.00;37.0;GFS
st_romain_des_iles;ICONGFS;2026-10-12T15:00;GFS;2.60;4.30;13.0;21.1;0.00;27.0;GFS
st_romain_des_iles;ICONGFS;2026-10-12T16:00;GFS;3.50;4.30;357.0;21.1;0.00;24.0;GFS
st_romain_des_iles;ICONGFS;2026-10-12T17:00;GFS;4.40;4.30;347.0;20.4;0.00;29.0;GFS
st_romain_des_iles;ICONGFS;2026-10-12T18:00;GFS;4.50;3.90;342.0;18.7;0.00;49.0;GFS
st_romain_des_iles;ICONGFS;2026-10-12T19:00;GFS;4.30;3.50;336.0;16.4;0.00;79.0;GFS
st_romain_des_iles;ICONGFS;2026-10-12T20:00;GFS;4.20;3.70;332.0;14.5;0.00;100.0;GFS
st_romain_des_iles;ICONGFS;2026-10-12T21:00;GFS;4.50;5.10;335.0;13.4;0.00;100.0;GFS
st_romain_des_iles;ICONGFS;2026-10-12T22:00;GFS;4.80;7.00;339.0;12.6;0.00;100.0;GFS
st_romain_des_iles;ICONGFS;2026-10-12T23:00;GFS;5.00;8.20;339.0;11.9;0.00;100.0;GFS
treffort;ICONGFS;2026-09-27T00:00;ICONCH1;2.40;4.50;171.0;14.2;0.00;1.0;ICONCH1
treffort;ICONGFS;2026-09-27T01:00;ICONCH1;2.20;3.50;142.0;13.7;0.00;0.0;ICONCH1
treffort;ICONGFS;2026-09-27T02:00;ICONCH1;2.30;3.10;160.0;12.7;0.00;0.0;ICONCH1
treffort;ICONGFS;2026-09-27T03:00;ICONCH1;3.10;4.30;176.0;12.4;0.00;0.0;ICONCH1
treffort;ICONGFS;2026-09-27T04:00;ICONCH1;3.20;4.30;194.0;13.7;0.00;0.0;ICONCH1
treffort;ICONGFS;2026-09-27T05:00;ICONCH1;3.70;5.60;189.0;13.6;0.00;0.0;ICONCH1
treffort;ICONGFS;2026-09-27T06:00;ICONCH1;3.90;6.20;186.0;13.6;0.00;0.0;ICONCH1
treffort;ICONGFS;2026-09-27T07:00;ICONCH1;3.90;7.00;177.0;13.6;0.00;0.0;ICONCH1
treffort;ICONGFS;2026-09-27T08:00;ICONCH1;3.70;6.00;183.0;14.0;0.00;0.0;ICONCH1
treffort;ICONGFS;2026-09-27T09:00;ICONCH1;6.10;10.30;174.0;17.9;0.00;0.0;ICONCH1
treffort;ICONGFS;2026-09-27T10:00;ICONCH1;6.60;12.10;178.0;20.5;0.00;0.0;ICONCH1
treffort;ICONGFS;2026-09-27T11:00;ICONCH1;5.40;11.70;180.0;22.9;0.00;0.0;ICONCH1
treffort;ICONGFS;2026-09-27T12:00;ICONCH1;4.50;9.90;149.0;25.1;0.00;0.0;ICONCH1
treffort;ICONGFS;2026-09-27T13:00;ICONCH1;7.30;13.20;130.0;27.1;0.00;13.0;ICONCH1
treffort;ICONGFS;2026-09-27T14:00;ICONCH1;7.40;13.40;180.0;27.7;0.00;24.0;ICONCH1
treffort;ICONGFS;2026-09-27T15:00;ICONCH1;7.20;13.60;180.0;28.2;0.00;92.0;ICONCH1
treffort;ICONGFS;2026-09-27T16:00;ICONCH1;6.40;12.80;175.0;28.3;0.00;0.0;ICONCH1
treffort;ICONGFS;2026-09-27T17:00;ICONCH1;7.80;13.40;183.0;27.9;0.00;0.0;ICONCH1
treffort;ICONGFS;2026-09-27T18:00;ICONCH1;5.50;13.20;174.0;25.5;0.00;59.0;ICONCH1
treffort;ICONGFS;2026-09-27T19:00;ICONCH1;4.80;9.30;192.0;22.9;0.00;72.0;ICONCH1
treffort;ICONGFS;2026-09-27T20:00;ICONCH1;4.20;7.80;196.0;20.3;0.00;0.0;ICONCH1
treffort;ICONGFS;2026-09-27T21:00;ICONCH1;4.40;7.60;212.0;18.7;0.00;0.0;ICONCH1
treffort;ICONGFS;2026-09-27T22:00;ICONCH1;4.50;7.40;205.0;18.1;0.00;18.0;ICONCH1
treffort;ICONGFS;2026-09-27T23:00;ICONCH1;4.50;7.60;190.0;17.5;0.00;0.0;ICONCH1
treffort;ICONGFS;2026-09-28T00:00;ICONCH1;4.70;7.80;185.0;17.1;0.00;9.0;ICONCH1
treffort;ICONGFS;2026-09-28T01:00;ICONCH1;4.50;7.80;187.0;16.7;0.00;70.0;ICONCH1
treffort;ICONGFS;2026-09-28T02:00;ICONCH1;4.30;7.40;183.0;16.7;0.00;100.0;ICONCH1
treffort;ICONGFS;2026-09-28T03:00;ICONCH1;4.10;7.40;183.0;16.7;0.00;95.0;ICONCH1
treffort;ICONGFS;2026-09-28T04:00;ICONCH1;4.10;7.00;185.0;16.7;0.00;100.0;ICONCH1
treffort;ICONGFS;2026-09-28T05:00;ICONCH1;3.90;6.80;189.0;16.5;0.00;77.0;ICONCH1
treffort;ICONGFS;2026-09-28T06:00;ICONCH1;3.80;6.40;195.0;15.9;0.00;69.0;ICONCH1
treffort;ICONGFS;2026-09-28T07:00;ICONCH1;3.70;6.40;198.0;15.3;0.00;55.0;ICONCH1
treffort;ICONGFS;2026-09-28T08:00;ICONCH1;3.40;6.00;190.0;15.1;0.00;100.0;ICONCH1
treffort;ICONGFS;2026-09-28T09:00;ICONCH1;2.60;5.40;144.0;17.4;0.00;85.0;ICONCH1
treffort;ICONGFS;2026-09-28T10:00;ICONCH1;2.80;6.00;146.0;20.3;0.00;28.0;ICONCH1
treffort;ICONGFS;2026-09-28T11:00;ICONCH1;1.90;5.80;143.0;23.4;0.00;47.0;ICONCH1
treffort;ICONGFS;2026-09-28T12:00;ICONCH1;4.10;8.00;155.0;25.8;0.00;82.0;ICONCH1
treffort;ICONGFS;2026-09-28T13:00;ICONCH1;3.50;8.40;109.0;27.6;0.00;100.0;ICONCH1
treffort;ICONGFS;2026-09-28T14:00;ICONCH1;8.20;14.60;183.0;28.8;0.00;57.0;ICONCH1
treffort;ICONGFS;2026-09-28T15:00;ICONCH1;9.20;16.10;185.0;28.6;0.00;95.0;ICONCH1
treffort;ICONGFS;2026-09-28T16:00;ICONCH1;9.20;16.10;173.0;28.3;0.00;67.0;ICONCH1
treffort;ICONGFS;2026-09-28T17:00;ICONCH1;8.40;16.50;165.0;27.7;0.00;99.0;ICONCH1
treffort;ICONGFS;2026-09-28T18:00;ICONCH2;5.80;14.60;166.0;25.2;0.00;100.0;ICONCH2
treffort;ICONGFS;2026-09-28T19:00;ICONCH2;4.10;11.70;161.0;23.0;0.00;100.0;ICONCH2
treffort;ICONGFS;2026-09-28T20:00;ICONCH2;3.50;8.70;153.0;20.1;0.00;100.0;ICONCH2
treffort;ICONGFS;2026-09-28T21:00;ICONCH2;3.10;7.20;187.0;17.8;0.00;100.0;ICONCH2
treffort;ICONGFS;2026-09-28T22:00;ICONCH2;2.80;6.20;192.0;17.3;0.00;100.0;ICONCH2
treffort;ICONGFS;2026-09-28T23:00;ICONCH2;2.70;5.40;201.0;16.7;0.00;100.0;ICONCH2
treffort;ICONGFS;2026-09-29T00:00;ICONCH2;2.90;5.20;208.0;16.1;0.00;95.0;ICONCH2
treffort;ICONGFS;2026-09-29T01:00;ICONCH2;3.00;5.40;207.0;15.3;0.00;100.0;ICONCH2
treffort;ICONGFS;2026-09-29T02:00;ICONCH2;3.20;5.60;205.0;15.0;0.00;98.0;ICONCH2
treffort;ICONGFS;2026-09-29T03:00;ICONCH2;3.10;5.60;210.0;14.8;0.00;82.0;ICONCH2
treffort;ICONGFS;2026-09-29T04:00;ICONCH2;3.20;5.60;205.0;14.4;0.00;43.0;ICONCH2
treffort;ICONGFS;2026-09-29T05:00;ICONCH2;3.20;5.60;205.0;14.2;0.00;92.0;ICONCH2
treffort;ICONGFS;2026-09-29T06:00;ICONCH2;3.50;5.80;199.0;14.0;0.00;23.0;ICONCH2
treffort;ICONGFS;2026-09-29T07:00;ICONCH2;3.60;6.60;202.0;14.2;0.00;100.0;ICONCH2
treffort;ICONGFS;2026-09-29T08:00;ICONCH2;3.90;7.60;207.0;15.6;0.00;100.0;ICONCH2
treffort;ICONGFS;2026-09-29T09:00;ICONCH2;4.90;9.30;203.0;18.5;0.00;100.0;ICONCH2
treffort;ICONGFS;2026-09-29T10:00;ICONCH2;5.00;10.30;193.0;20.6;0.00;100.0;ICONCH2
treffort;ICONGFS;2026-09-29T11:00;ICONCH2;5.10;10.50;169.0;23.8;0.00;99.0;ICONCH2
treffort;ICONGFS;2026-09-29T12:00;ICONCH2;8.10;15.20;172.0;26.6;0.00;100.0;ICONCH2
treffort;ICONGFS;2026-09-29T13:00;ICONCH2;12.20;22.40;194.0;27.0;0.00;100.0;ICONCH2
treffort;ICONGFS;2026-09-29T14:00;ICONCH2;12.50;24.30;191.0;27.4;0.00;100.0;ICONCH2
treffort;ICONGFS;2026-09-29T15:00;ICONCH2;13.00;23.70;189.0;27.9;0.00;100.0;ICONCH2
treffort;ICONGFS;2026-09-29T16:00;ICONCH2;11.50;23.70;177.0;27.6;0.00;100.0;ICONCH2
treffort;ICONGFS;2026-09-29T17:00;ICONCH2;11.80;21.80;171.0;26.5;0.00;100.0;ICONCH2
treffort;ICONGFS;2026-09-29T18:00;ICONCH2;7.40;21.40;175.0;25.1;0.00;100.0;ICONCH2
treffort;ICONGFS;2026-09-29T19:00;ICONCH2;6.60;14.40;175.0;23.0;0.00;100.0;ICONCH2
treffort;ICONGFS;2026-09-29T20:00;ICONCH2;4.50;13.40;155.0;20.3;0.00;100.0;ICONCH2
treffort;ICONGFS;2026-09-29T21:00;ICONCH2;3.20;9.70;194.0;18.8;0.00;100.0;ICONCH2
treffort;ICONGFS;2026-09-29T22:00;ICONCH2;3.50;7.20;189.0;17.8;0.00;100.0;ICONCH2
treffort;ICONGFS;2026-09-29T23:00;ICONCH2;3.90;8.00;177.0;17.3;0.00;80.0;ICONCH2
treffort;ICONGFS;2026-09-30T00:00;ICONCH2;4.40;8.90;193.0;17.2;0.00;80.0;ICONCH2
treffort;ICONGFS;2026-09-30T01:00;ICONCH2;4.00;8.70;194.0;16.9;0.00;82.0;ICONCH2
treffort;ICONGFS;2026-09-30T02:00;ICONCH2;4.10;8.20;188.0;16.7;0.00;85.0;ICONCH2
treffort;ICONGFS;2026-09-30T03:00;ICONCH2;4.30;8.70;188.0;16.7;0.00;71.0;ICONCH2
treffort;ICONGFS;2026-09-30T04:00;ICONCH2;4.20;8.70;193.0;17.1;0.00;90.0;ICONCH2
treffort;ICONGFS;2026-09-30T05:00;ICONCH2;4.60;9.30;192.0;17.4;0.00;71.0;ICONCH2
treffort;ICONGFS;2026-09-30T06:00;ICONCH2;4.80;9.30;192.0;16.9;0.00;68.0;ICONCH2
treffort;ICONGFS;2026-09-30T07:00;ICONCH2;4.50;9.50;190.0;16.3;0.00;31.0;ICONCH2
treffort;ICONGFS;2026-09-30T08:00;ICONCH2;4.40;8.70;193.0;16.3;0.00;18.0;ICONCH2
treffort;ICONGFS;2026-09-30T09:00;ICONCH2;4.70;9.30;175.0;19.6;0.00;15.0;ICONCH2
treffort;ICONGFS;2026-09-30T10:00;ICONCH2;5.50;11.50;172.0;22.1;0.00;18.0;ICONCH2
treffort;ICONGFS;2026-09-30T11:00;ICONCH2;5.70;12.10;156.0;24.6;0.00;24.0;ICONCH2
treffort;ICONGFS;2026-09-30T12:00;ICONCH2;10.50;19.20;181.0;26.8;0.00;14.0;ICONCH2
treffort;ICONGFS;2026-09-30T13:00;ICONCH2;11.70;21.60;178.0;27.2;0.00;16.0;ICONCH2
treffort;ICONGFS;2026-09-30T14:00;ICONCH2;10.50;21.60;176.0;27.7;0.00;23.0;ICONCH2
treffort;ICONGFS;2026-09-30T15:00;ICONCH2;9.70;19.60;170.0;27.7;0.00;97.0;ICONCH2
treffort;ICONGFS;2026-09-30T16:00;ICONCH2;9.20;18.10;165.0;27.5;0.00;72.0;ICONCH2
treffort;ICONGFS;2026-09-30T17:00;ICONCH2;8.40;17.10;181.0;27.2;0.00;47.0;ICONCH2
treffort;ICONGFS;2026-09-30T18:00;ICONCH2;8.80;15.90;215.0;25.4;0.00;83.0;ICONCH2
treffort;ICONGFS;2026-09-30T19:00;ICONCH2;5.90;15.90;174.0;23.3;0.00;34.0;ICONCH2
treffort;ICONGFS;2026-09-30T20:00;ICONCH2;4.40;11.70;167.0;20.1;0.00;97.0;ICONCH2
treffort;ICONGFS;2026-09-30T21:00;ICONCH2;3.90;9.10;177.0;19.1;0.00;100.0;ICONCH2
treffort;ICONGFS;2026-09-30T22:00;ICONCH2;4.20;8.70;191.0;18.5;0.00;100.0;ICONCH2
treffort;ICONGFS;2026-09-30T23:00;ICONCH2;4.30;8.70;190.0;18.0;0.00;100.0;ICONCH2
treffort;ICONGFS;2026-10-01T00:00;ICONCH2;3.60;8.60;196.0;17.4;0.00;100.0;ICONCH2
treffort;ICONGFS;2026-10-01T01:00;ICONCH2;3.80;7.40;201.0;17.1;0.00;100.0;ICONCH2
treffort;ICONGFS;2026-10-01T02:00;ICONCH2;4.20;8.60;202.0;17.7;0.00;100.0;ICONCH2
treffort;ICONGFS;2026-10-01T03:00;ICONCH2;3.90;8.70;198.0;17.6;0.00;100.0;ICONCH2
treffort;ICONGFS;2026-10-01T04:00;ICONCH2;4.40;8.90;193.0;17.6;0.00;100.0;ICONCH2
treffort;ICONGFS;2026-10-01T05:00;ICONCH2;4.40;8.90;195.0;17.7;0.00;98.0;ICONCH2
treffort;ICONGFS;2026-10-01T06:00;ICONCH2;4.20;8.90;193.0;18.0;0.00;100.0;ICONCH2
treffort;ICONGFS;2026-10-01T07:00;ICONCH2;5.00;10.10;196.0;18.1;0.00;100.0;ICONCH2
treffort;ICONGFS;2026-10-01T08:00;ICONCH2;3.70;10.30;208.0;17.7;0.00;100.0;ICONCH2
treffort;ICONGFS;2026-10-01T09:00;ICONCH2;4.00;8.00;191.0;19.4;0.00;100.0;ICONCH2
treffort;ICONGFS;2026-10-01T10:00;ICONCH2;4.30;8.90;183.0;21.3;0.00;100.0;ICONCH2
treffort;ICONGFS;2026-10-01T11:00;ICONCH2;4.70;9.70;171.0;23.3;0.00;100.0;ICONCH2
treffort;ICONGFS;2026-10-01T12:00;ICONCH2;8.00;15.00;176.0;24.7;0.00;100.0;ICONCH2
treffort;ICONGFS;2026-10-01T13:00;ICONCH2;8.40;16.50;177.0;24.4;0.00;100.0;ICONCH2
treffort;ICONGFS;2026-10-01T14:00;ICONCH2;8.00;16.10;184.0;23.5;0.00;100.0;ICONCH2
treffort;ICONGFS;2026-10-01T15:00;ICONCH2;6.20;14.80;176.0;22.8;0.00;100.0;ICONCH2
treffort;ICONGFS;2026-10-01T16:00;ICONCH2;4.70;11.70;171.0;22.7;0.10;100.0;ICONCH2
treffort;ICONGFS;2026-10-01T17:00;ICONCH2;4.20;9.70;169.0;21.9;0.00;100.0;ICONCH2
treffort;ICONGFS;2026-10-01T18:00;ICONCH2;2.80;7.80;146.0;21.3;0.00;100.0;ICONCH2
treffort;ICONGFS;2026-10-01T19:00;ICONCH2;2.00;5.80;163.0;19.7;0.00;100.0;ICONCH2
treffort;ICONGFS;2026-10-01T20:00;ICONCH2;0.40;3.90;270.0;17.9;0.00;100.0;ICONCH2
treffort;ICONGFS;2026-10-01T21:00;ICONCH2;0.70;1.40;214.0;16.9;0.00;100.0;ICONCH2
treffort;ICONGFS;2026-10-01T22:00;ICONCH2;0.40;1.40;153.0;16.7;0.00;100.0;ICONCH2
treffort;ICONGFS;2026-10-01T23:00;ICONCH2;1.00;1.20;217.0;16.9;0.00;100.0;ICONCH2
treffort;ICONGFS;2026-10-02T00:00;ICON13KM;3.90;9.30;357.0;14.3;0.00;100.0;ICON13KM
treffort;ICONGFS;2026-10-02T01:00;ICON13KM;3.30;8.70;357.0;14.0;0.00;99.0;ICON13KM
treffort;ICONGFS;2026-10-02T02:00;ICON13KM;2.90;8.00;356.0;13.7;0.00;99.0;ICON13KM
treffort;ICONGFS;2026-10-02T03:00;ICON13KM;2.70;7.40;360.0;13.6;0.00;92.0;ICON13KM
treffort;ICONGFS;2026-10-02T04:00;ICON13KM;2.40;7.00;9.0;13.4;0.00;84.0;ICON13KM
treffort;ICONGFS;2026-10-02T05:00;ICON13KM;2.20;6.40;15.0;13.3;0.00;77.0;ICON13KM
treffort;ICONGFS;2026-10-02T06:00;ICON13KM;2.10;6.00;22.0;13.2;0.00;81.0;ICON13KM
treffort;ICONGFS;2026-10-02T07:00;ICON13KM;1.70;5.40;27.0;13.1;0.00;85.0;ICON13KM
treffort;ICONGFS;2026-10-02T08:00;ICON13KM;1.60;5.20;30.0;13.0;0.00;89.0;ICON13KM
treffort;ICONGFS;2026-10-02T09:00;ICON13KM;3.70;9.50;6.0;12.7;0.00;92.0;ICON13KM
treffort;ICONGFS;2026-10-02T10:00;ICON13KM;3.80;9.50;15.0;13.3;0.00;89.0;ICON13KM
treffort;ICONGFS;2026-10-02T11:00;ICON13KM;4.10;9.70;17.0;14.0;0.00;87.0;ICON13KM
treffort;ICONGFS;2026-10-02T12:00;ICON13KM;4.40;10.30;13.0;14.8;0.00;84.0;ICON13KM
treffort;ICONGFS;2026-10-02T13:00;ICON13KM;4.90;11.10;9.0;15.7;0.00;82.0;ICON13KM
treffort;ICONGFS;2026-10-02T14:00;ICON13KM;5.30;11.70;6.0;16.3;0.00;79.0;ICON13KM
treffort;ICONGFS;2026-10-02T15:00;ICON13KM;5.70;12.20;8.0;16.6;0.00;81.0;ICON13KM
treffort;ICONGFS;2026-10-02T16:00;ICON13KM;5.80;12.80;12.0;16.6;0.00;83.0;ICON13KM
treffort;ICONGFS;2026-10-02T17:00;ICON13KM;5.80;12.80;14.0;16.4;0.00;85.0;ICON13KM
treffort;ICONGFS;2026-10-02T18:00;ICON13KM;5.20;12.20;13.0;15.7;0.00;82.0;ICON13KM
treffort;ICONGFS;2026-10-02T19:00;ICON13KM;4.30;11.30;10.0;14.7;0.00;79.0;ICON13KM
treffort;ICONGFS;2026-10-02T20:00;ICON13KM;3.50;9.90;6.0;13.8;0.00;76.0;ICON13KM
treffort;ICONGFS;2026-10-02T21:00;ICON13KM;2.70;8.40;360.0;13.0;0.00;78.0;ICON13KM
treffort;ICONGFS;2026-10-02T22:00;ICON13KM;1.80;6.40;354.0;12.2;0.00;79.0;ICON13KM
treffort;ICONGFS;2026-10-02T23:00;ICON13KM;1.10;5.10;329.0;11.7;0.00;81.0;ICON13KM
treffort;ICONGFS;2026-10-03T00:00;ICON13KM;0.80;4.50;284.0;11.6;0.00;76.0;ICON13KM
treffort;ICONGFS;2026-10-03T01:00;ICON13KM;1.30;4.50;243.0;11.7;0.00;71.0;ICON13KM
treffort;ICONGFS;2026-10-03T02:00;ICON13KM;1.50;4.50;230.0;11.8;0.00;66.0;ICON13KM
treffort;ICONGFS;2026-10-03T03:00;ICON13KM;1.50;4.50;220.0;11.9;0.00;59.0;ICON13KM
treffort;ICONGFS;2026-10-03T04:00;ICON13KM;1.10;4.30;211.0;12.2;0.00;51.0;ICON13KM
treffort;ICONGFS;2026-10-03T05:00;ICON13KM;1.00;4.30;202.0;12.2;0.00;44.0;ICON13KM
treffort;ICONGFS;2026-10-03T06:00;ICON13KM;1.20;3.90;198.0;11.7;0.00;36.0;ICON13KM
treffort;ICONGFS;2026-10-03T07:00;ICON13KM;1.50;3.70;203.0;11.0;0.00;27.0;ICON13KM
treffort;ICONGFS;2026-10-03T08:00;ICON13KM;1.70;3.90;207.0;11.2;0.00;19.0;ICON13KM
treffort;ICONGFS;2026-10-03T09:00;ICON13KM;1.80;5.10;198.0;13.0;0.00;14.0;ICON13KM
treffort;ICONGFS;2026-10-03T10:00;ICON13KM;2.00;6.80;197.0;15.7;0.00;9.0;ICON13KM
treffort;ICONGFS;2026-10-03T11:00;ICON13KM;2.40;8.40;194.0;18.0;0.00;4.0;ICON13KM
treffort;ICONGFS;2026-10-03T12:00;ICON13KM;3.10;9.50;202.0;19.4;0.00;4.0;ICON13KM
treffort;ICONGFS;2026-10-03T13:00;ICON13KM;4.30;10.50;210.0;20.5;0.00;5.0;ICON13KM
treffort;ICONGFS;2026-10-03T14:00;ICON13KM;4.90;11.10;214.0;21.1;0.00;5.0;ICON13KM
treffort;ICONGFS;2026-10-03T15:00;ICON13KM;5.20;11.70;214.0;21.3;0.00;20.0;ICON13KM
treffort;ICONGFS;2026-10-03T16:00;ICON13KM;4.90;11.90;214.0;21.1;0.00;35.0;ICON13KM
treffort;ICONGFS;2026-10-03T17:00;ICON13KM;4.60;11.50;216.0;20.4;0.00;50.0;ICON13KM
treffort;ICONGFS;2026-10-03T18:00;ICON13KM;4.00;9.90;223.0;18.9;0.00;65.0;ICON13KM
treffort;ICONGFS;2026-10-03T19:00;ICON13KM;3.30;8.00;234.0;16.8;0.00;79.0;ICON13KM
treffort;ICONGFS;2026-10-03T20:00;ICON13KM;3.00;6.40;243.0;15.1;0.00;94.0;ICON13KM
treffort;ICONGFS;2026-10-03T21:00;ICON13KM;2.90;6.00;242.0;14.0;0.00;96.0;ICON13KM
treffort;ICONGFS;2026-10-03T22:00;ICON13KM;2.80;6.00;231.0;13.2;0.00;98.0;ICON13KM
treffort;ICONGFS;2026-10-03T23:00;ICON13KM;2.60;6.20;222.0;12.7;0.00;100.0;ICON13KM
treffort;ICONGFS;2026-10-04T00:00;ICON13KM;2.60;6.20;216.0;12.5;0.00;81.0;ICON13KM
treffort;ICONGFS;2026-10-04T01:00;ICON13KM;2.60;6.40;216.0;12.5;0.00;63.0;ICON13KM
treffort;ICONGFS;2026-10-04T02:00;ICON13KM;2.50;6.40;212.0;12.3;0.00;44.0;ICON13KM
treffort;ICONGFS;2026-10-04T03:00;ICON13KM;2.40;6.20;209.0;11.7;0.00;60.0;ICON13KM
treffort;ICONGFS;2026-10-04T04:00;ICON13KM;2.20;6.00;207.0;10.8;0.00;75.0;ICON13KM
treffort;ICONGFS;2026-10-04T05:00;ICON13KM;2.10;5.80;202.0;10.1;0.00;91.0;ICON13KM
treffort;ICONGFS;2026-10-04T06:00;ICON13KM;1.90;5.40;204.0;9.4;0.00;83.0;ICON13KM
treffort;ICONGFS;2026-10-04T07:00;ICON13KM;1.80;5.10;212.0;8.8;0.00;74.0;ICON13KM
treffort;ICONGFS;2026-10-04T08:00;ICON13KM;1.80;5.20;212.0;9.1;0.00;66.0;ICON13KM
treffort;ICONGFS;2026-10-04T09:00;ICON13KM;1.80;6.20;198.0;11.2;0.00;69.0;ICON13KM
treffort;ICONGFS;2026-10-04T10:00;ICON13KM;2.00;7.60;186.0;14.3;0.00;73.0;ICON13KM
treffort;ICONGFS;2026-10-04T11:00;ICON13KM;2.50;9.10;180.0;16.9;0.00;76.0;ICON13KM
treffort;ICONGFS;2026-10-04T12:00;ICON13KM;3.90;11.30;183.0;18.4;0.00;60.0;ICON13KM
treffort;ICONGFS;2026-10-04T13:00;ICON13KM;5.70;13.60;186.0;19.4;0.00;43.0;ICON13KM
treffort;ICONGFS;2026-10-04T14:00;ICON13KM;6.90;15.40;188.0;20.1;0.00;27.0;ICON13KM
treffort;ICONGFS;2026-10-04T15:00;GFS;2.20;3.50;170.0;11.0;1.10;100.0;GFS
treffort;ICONGFS;2026-10-04T16:00;GFS;1.60;1.90;173.0;10.8;1.10;100.0;GFS
treffort;ICONGFS;2026-10-04T17:00;GFS;1.20;1.00;171.0;10.6;1.10;100.0;GFS
treffort;ICONGFS;2026-10-04T18:00;GFS;1.40;1.20;172.0;10.4;1.00;100.0;GFS
treffort;ICONGFS;2026-10-04T19:00;GFS;1.80;1.90;174.0;10.3;1.00;100.0;GFS
treffort;ICONGFS;2026-10-04T20:00;GFS;2.00;2.30;174.0;10.3;1.00;100.0;GFS
treffort;ICONGFS;2026-10-04T21:00;GFS;1.70;2.10;180.0;10.2;0.20;100.0;GFS
treffort;ICONGFS;2026-10-04T22:00;GFS;1.40;1.70;188.0;10.2;0.20;100.0;GFS
treffort;ICONGFS;2026-10-04T23:00;GFS;1.20;1.40;198.0;10.2;0.20;100.0;GFS
treffort;ICONGFS;2026-10-05T00:00;GFS;1.40;1.40;188.0;10.1;0.00;100.0;GFS
treffort;ICONGFS;2026-10-05T01:00;GFS;1.60;1.60;173.0;10.1;0.00;100.0;GFS
treffort;ICONGFS;2026-10-05T02:00;GFS;1.70;1.60;159.0;10.0;0.00;100.0;GFS
treffort;ICONGFS;2026-10-05T03:00;GFS;1.10;1.20;149.0;9.9;0.00;100.0;GFS
treffort;ICONGFS;2026-10-05T04:00;GFS;0.60;0.80;90.0;9.9;0.00;100.0;GFS
treffort;ICONGFS;2026-10-05T05:00;GFS;0.50;0.60;45.0;9.7;0.00;100.0;GFS
treffort;ICONGFS;2026-10-05T06:00;GFS;0.40;1.00;90.0;8.9;0.00;99.0;GFS
treffort;ICONGFS;2026-10-05T07:00;GFS;1.00;1.40;169.0;7.9;0.00;98.0;GFS
treffort;ICONGFS;2026-10-05T08:00;GFS;1.60;1.70;173.0;7.8;0.00;92.0;GFS
treffort;ICONGFS;2026-10-05T09:00;GFS;1.60;1.60;166.0;9.2;0.00;75.0;GFS
treffort;ICONGFS;2026-10-05T10:00;GFS;1.30;1.20;153.0;11.5;0.00;55.0;GFS
treffort;ICONGFS;2026-10-05T11:00;GFS;0.90;1.20;117.0;13.5;0.00;45.0;GFS
treffort;ICONGFS;2026-10-05T12:00;GFS;1.10;1.60;45.0;14.7;0.00;58.0;GFS
treffort;ICONGFS;2026-10-05T13:00;GFS;2.40;2.30;14.0;15.7;0.00;82.0;GFS
treffort;ICONGFS;2026-10-05T14:00;GFS;3.50;3.10;3.0;16.1;0.00;100.0;GFS
treffort;ICONGFS;2026-10-05T15:00;GFS;4.10;4.10;355.0;15.9;0.20;100.0;GFS
treffort;ICONGFS;2026-10-05T16:00;GFS;4.60;4.90;345.0;15.1;0.20;98.0;GFS
treffort;ICONGFS;2026-10-05T17:00;GFS;4.70;5.20;341.0;14.2;0.20;95.0;GFS
treffort;ICONGFS;2026-10-05T18:00;GFS;4.70;4.70;343.0;12.8;0.20;96.0;GFS
treffort;ICONGFS;2026-10-05T19:00;GFS;4.20;3.30;349.0;11.2;0.20;98.0;GFS
treffort;ICONGFS;2026-10-05T20:00;GFS;3.70;2.30;354.0;10.0;0.20;100.0;GFS
treffort;ICONGFS;2026-10-05T21:00;GFS;2.90;1.60;356.0;9.6;0.00;100.0;GFS
treffort;ICONGFS;2026-10-05T22:00;GFS;2.00;1.20;354.0;9.7;0.00;100.0;GFS
treffort;ICONGFS;2026-10-05T23:00;GFS;1.20;0.80;351.0;9.8;0.00;100.0;GFS
treffort;ICONGFS;2026-10-06T00:00;GFS;0.80;0.80;360.0;9.7;0.00;100.0;GFS
treffort;ICONGFS;2026-10-06T01:00;GFS;0.90;0.80;27.0;9.6;0.00;100.0;GFS
treffort;ICONGFS;2026-10-06T02:00;GFS;1.10;1.00;31.0;9.5;0.00;100.0;GFS
treffort;ICONGFS;2026-10-06T03:00;GFS;1.60;1.20;30.0;9.3;0.00;100.0;GFS
treffort;ICONGFS;2026-10-06T04:00;GFS;2.30;1.60;20.0;9.1;0.00;100.0;GFS
treffort;ICONGFS;2026-10-06T05:00;GFS;2.60;1.70;17.0;9.0;0.00;100.0;GFS
treffort;ICONGFS;2026-10-06T06:00;GFS;2.70;1.90;21.0;8.8;0.00;100.0;GFS
treffort;ICONGFS;2026-10-06T07:00;GFS;2.80;1.90;25.0;8.6;0.00;100.0;GFS
treffort;ICONGFS;2026-10-06T08:00;GFS;2.40;1.90;29.0;8.6;0.00;100.0;GFS
treffort;ICONGFS;2026-10-06T09:00;GFS;1.60;1.70;14.0;8.9;0.20;100.0;GFS
treffort;ICONGFS;2026-10-06T10:00;GFS;1.10;1.60;315.0;9.5;0.20;100.0;GFS
treffort;ICONGFS;2026-10-06T11:00;GFS;1.60;1.60;284.0;10.1;0.20;100.0;GFS
treffort;ICONGFS;2026-10-06T12:00;GFS;1.70;2.10;306.0;10.8;0.10;100.0;GFS
treffort;ICONGFS;2026-10-06T13:00;GFS;2.00;3.10;343.0;11.5;0.10;100.0;GFS
treffort;ICONGFS;2026-10-06T14:00;GFS;2.90;3.90;356.0;12.3;0.10;100.0;GFS
treffort;ICONGFS;2026-10-06T15:00;GFS;3.70;4.50;354.0;13.2;0.00;100.0;GFS
treffort;ICONGFS;2026-10-06T16:00;GFS;4.30;4.90;352.0;14.0;0.00;100.0;GFS
treffort;ICONGFS;2026-10-06T17:00;GFS;4.80;4.90;348.0;14.1;0.00;100.0;GFS
treffort;ICONGFS;2026-10-06T18:00;GFS;4.70;4.10;343.0;12.6;0.00;94.0;GFS
treffort;ICONGFS;2026-10-06T19:00;GFS;4.30;2.90;336.0;10.3;0.00;85.0;GFS
treffort;ICONGFS;2026-10-06T20:00;GFS;3.60;2.10;331.0;8.6;0.00;81.0;GFS
treffort;ICONGFS;2026-10-06T21:00;GFS;2.00;1.90;331.0;8.1;0.00;85.0;GFS
treffort;ICONGFS;2026-10-06T22:00;GFS;0.20;1.90;360.0;8.1;0.00;94.0;GFS
treffort;ICONGFS;2026-10-06T23:00;GFS;1.40;2.10;146.0;8.2;0.00;99.0;GFS
treffort;ICONGFS;2026-10-07T00:00;GFS;2.00;2.50;151.0;7.9;0.00;97.0;GFS
treffort;ICONGFS;2026-10-07T01:00;GFS;2.30;2.90;156.0;7.5;0.00;92.0;GFS
treffort;ICONGFS;2026-10-07T02:00;GFS;2.30;3.10;156.0;7.5;0.00;87.0;GFS
treffort;ICONGFS;2026-10-07T03:00;GFS;2.20;2.70;153.0;8.0;0.00;83.0;GFS
treffort;ICONGFS;2026-10-07T04:00;GFS;1.90;1.90;156.0;8.8;0.00;79.0;GFS
treffort;ICONGFS;2026-10-07T05:00;GFS;1.50;1.40;157.0;9.3;0.00;77.0;GFS
treffort;ICONGFS;2026-10-07T06:00;GFS;1.00;0.80;158.0;8.8;0.00;79.0;GFS
treffort;ICONGFS;2026-10-07T07:00;GFS;0.70;0.40;146.0;7.9;0.00;84.0;GFS
treffort;ICONGFS;2026-10-07T08:00;GFS;0.40;0.20;117.0;7.7;0.00;88.0;GFS
treffort;ICONGFS;2026-10-07T09:00;GFS;0.60;0.40;90.0;8.4;0.20;93.0;GFS
treffort;ICONGFS;2026-10-07T10:00;GFS;0.80;0.80;76.0;9.8;0.20;99.0;GFS
treffort;ICONGFS;2026-10-07T11:00;GFS;1.20;1.20;51.0;11.4;0.20;98.0;GFS
treffort;ICONGFS;2026-10-07T12:00;GFS;2.20;1.70;27.0;13.3;0.00;87.0;GFS
treffort;ICONGFS;2026-10-07T13:00;GFS;3.20;2.50;14.0;15.4;0.00;70.0;GFS
treffort;ICONGFS;2026-10-07T14:00;GFS;4.10;3.10;8.0;16.9;0.00;55.0;GFS
treffort;ICONGFS;2026-10-07T15:00;GFS;4.30;3.50;360.0;17.4;0.10;43.0;GFS
treffort;ICONGFS;2026-10-07T16:00;GFS;4.00;3.70;349.0;17.2;0.10;33.0;GFS
treffort;ICONGFS;2026-10-07T17:00;GFS;3.80;3.70;339.0;16.5;0.10;33.0;GFS
treffort;ICONGFS;2026-10-07T18:00;GFS;3.40;3.30;329.0;14.8;0.10;51.0;GFS
treffort;ICONGFS;2026-10-07T19:00;GFS;3.00;2.50;315.0;12.5;0.10;79.0;GFS
treffort;ICONGFS;2026-10-07T20:00;GFS;2.60;1.90;312.0;10.9;0.10;99.0;GFS
treffort;ICONGFS;2026-10-07T21:00;GFS;2.10;1.70;326.0;10.5;0.00;100.0;GFS
treffort;ICONGFS;2026-10-07T22:00;GFS;1.90;1.60;360.0;10.8;0.00;100.0;GFS
treffort;ICONGFS;2026-10-07T23:00;GFS;2.10;1.40;22.0;11.0;0.00;100.0;GFS
treffort;ICONGFS;2026-10-08T00:00;GFS;1.80;1.00;32.0;10.9;0.20;100.0;GFS
treffort;ICONGFS;2026-10-08T01:00;GFS;1.30;0.60;27.0;10.7;0.20;100.0;GFS
treffort;ICONGFS;2026-10-08T02:00;GFS;0.90;0.40;27.0;10.6;0.20;100.0;GFS
treffort;ICONGFS;2026-10-08T03:00;GFS;0.80;0.40;360.0;10.6;0.50;100.0;GFS
treffort;ICONGFS;2026-10-08T04:00;GFS;1.20;0.60;351.0;10.6;0.50;100.0;GFS
treffort;ICONGFS;2026-10-08T05:00;GFS;1.60;1.00;346.0;10.4;0.50;100.0;GFS
treffort;ICONGFS;2026-10-08T06:00;GFS;1.90;1.40;360.0;9.7;0.00;100.0;GFS
treffort;ICONGFS;2026-10-08T07:00;GFS;2.60;1.70;13.0;8.8;0.00;100.0;GFS
treffort;ICONGFS;2026-10-08T08:00;GFS;3.10;2.30;18.0;8.6;0.00;100.0;GFS
treffort;ICONGFS;2026-10-08T09:00;GFS;3.30;2.90;21.0;9.3;0.00;100.0;GFS
treffort;ICONGFS;2026-10-08T10:00;GFS;3.30;3.70;21.0;10.7;0.00;100.0;GFS
treffort;ICONGFS;2026-10-08T11:00;GFS;3.40;4.30;16.0;12.0;0.00;100.0;GFS
treffort;ICONGFS;2026-10-08T12:00;GFS;4.10;4.90;8.0;13.2;0.00;100.0;GFS
treffort;ICONGFS;2026-10-08T13:00;GFS;4.90;5.20;2.0;14.3;0.00;100.0;GFS
treffort;ICONGFS;2026-10-08T14:00;GFS;5.50;5.60;356.0;15.1;0.00;100.0;GFS
treffort;ICONGFS;2026-10-08T15:00;GFS;5.50;5.80;350.0;15.2;0.00;100.0;GFS
treffort;ICONGFS;2026-10-08T16:00;GFS;5.50;6.00;342.0;15.0;0.00;100.0;GFS
treffort;ICONGFS;2026-10-08T17:00;GFS;5.30;6.00;336.0;14.4;0.00;100.0;GFS
treffort;ICONGFS;2026-10-08T18:00;GFS;5.10;5.80;337.0;13.3;0.00;100.0;GFS
treffort;ICONGFS;2026-10-08T19:00;GFS;4.70;5.40;341.0;11.9;0.00;100.0;GFS
treffort;ICONGFS;2026-10-08T20:00;GFS;4.40;5.10;345.0;10.8;0.00;100.0;GFS
treffort;ICONGFS;2026-10-08T21:00;GFS;4.00;4.70;346.0;10.3;0.00;100.0;GFS
treffort;ICONGFS;2026-10-08T22:00;GFS;3.60;4.30;347.0;10.1;0.00;100.0;GFS
treffort;ICONGFS;2026-10-08T23:00;GFS;3.40;3.90;350.0;10.0;0.00;100.0;GFS
treffort;ICONGFS;2026-10-09T00:00;GFS;3.40;3.90;350.0;9.8;0.00;100.0;GFS
treffort;ICONGFS;2026-10-09T01:00;GFS;3.40;3.90;347.0;9.7;0.00;100.0;GFS
treffort;ICONGFS;2026-10-09T02:00;GFS;3.40;4.10;344.0;9.6;0.00;100.0;GFS
treffort;ICONGFS;2026-10-09T03:00;GFS;3.50;4.50;341.0;9.3;0.00;100.0;GFS
treffort;ICONGFS;2026-10-09T04:00;GFS;3.50;4.90;341.0;9.1;0.00;100.0;GFS
treffort;ICONGFS;2026-10-09T05:00;GFS;3.70;5.20;342.0;8.9;0.00;100.0;GFS
treffort;ICONGFS;2026-10-09T06:00;GFS;3.80;5.60;345.0;8.7;0.00;100.0;GFS
treffort;ICONGFS;2026-10-09T07:00;GFS;4.20;6.00;349.0;8.5;0.00;99.0;GFS
treffort;ICONGFS;2026-10-09T08:00;GFS;4.50;6.40;350.0;8.6;0.00;99.0;GFS
treffort;ICONGFS;2026-10-09T09:00;GFS;5.10;6.80;349.0;8.8;0.00;99.0;GFS
treffort;ICONGFS;2026-10-09T10:00;GFS;5.70;7.40;344.0;9.3;0.00;100.0;GFS
treffort;ICONGFS;2026-10-09T11:00;GFS;6.30;7.80;344.0;9.8;0.00;100.0;GFS
treffort;ICONGFS;2026-10-09T12:00;GFS;6.60;8.00;346.0;10.4;0.00;100.0;GFS
treffort;ICONGFS;2026-10-09T13:00;GFS;6.90;8.20;349.0;11.0;0.00;100.0;GFS
treffort;ICONGFS;2026-10-09T14:00;GFS;7.10;8.40;352.0;11.5;0.00;100.0;GFS
treffort;ICONGFS;2026-10-09T15:00;GFS;7.00;8.70;354.0;11.6;0.00;100.0;GFS
treffort;ICONGFS;2026-10-09T16:00;GFS;6.80;9.10;355.0;11.4;0.00;100.0;GFS
treffort;ICONGFS;2026-10-09T17:00;GFS;6.60;9.10;355.0;11.2;0.00;100.0;GFS
treffort;ICONGFS;2026-10-09T18:00;GFS;6.30;8.70;351.0;10.9;0.00;100.0;GFS
treffort;ICONGFS;2026-10-09T19:00;GFS;5.80;8.20;346.0;10.5;0.00;100.0;GFS
treffort;ICONGFS;2026-10-09T20:00;GFS;5.50;7.60;342.0;9.9;0.00;100.0;GFS
treffort;ICONGFS;2026-10-09T21:00;GFS;5.20;7.00;338.0;8.9;0.00;95.0;GFS
treffort;ICONGFS;2026-10-09T22:00;GFS;4.90;6.60;337.0;7.8;0.00;87.0;GFS
treffort;ICONGFS;2026-10-09T23:00;GFS;4.70;6.00;336.0;6.9;0.00;80.0;GFS
treffort;ICONGFS;2026-10-10T00:00;GFS;4.60;5.10;338.0;6.3;0.00;72.0;GFS
treffort;ICONGFS;2026-10-10T01:00;GFS;4.60;4.10;340.0;5.9;0.00;64.0;GFS
treffort;ICONGFS;2026-10-10T02:00;GFS;4.50;3.70;342.0;5.7;0.00;59.0;GFS
treffort;ICONGFS;2026-10-10T03:00;GFS;4.40;4.10;345.0;5.5;0.00;62.0;GFS
treffort;ICONGFS;2026-10-10T04:00;GFS;4.20;5.10;349.0;5.4;0.00;67.0;GFS
treffort;ICONGFS;2026-10-10T05:00;GFS;4.10;5.80;352.0;5.3;0.00;67.0;GFS
treffort;ICONGFS;2026-10-10T06:00;GFS;4.10;5.80;352.0;4.9;0.00;53.0;GFS
treffort;ICONGFS;2026-10-10T07:00;GFS;4.10;5.60;352.0;4.5;0.00;33.0;GFS
treffort;ICONGFS;2026-10-10T08:00;GFS;4.30;5.40;355.0;4.9;0.00;19.0;GFS
treffort;ICONGFS;2026-10-10T09:00;GFS;4.50;5.60;360.0;6.5;0.00;16.0;GFS
treffort;ICONGFS;2026-10-10T10:00;GFS;4.90;6.00;7.0;8.7;0.00;19.0;GFS
treffort;ICONGFS;2026-10-10T11:00;GFS;5.30;6.20;10.0;10.8;0.00;20.0;GFS
treffort;ICONGFS;2026-10-10T12:00;GFS;5.50;5.80;8.0;12.3;0.00;15.0;GFS
treffort;ICONGFS;2026-10-10T13:00;GFS;5.70;5.20;6.0;13.6;0.00;7.0;GFS
treffort;ICONGFS;2026-10-10T14:00;GFS;5.60;4.70;2.0;14.5;0.00;2.0;GFS
treffort;ICONGFS;2026-10-10T15:00;GFS;5.40;4.50;360.0;14.9;0.00;2.0;GFS
treffort;ICONGFS;2026-10-10T16:00;GFS;5.10;4.30;356.0;14.9;0.00;5.0;GFS
treffort;ICONGFS;2026-10-10T17:00;GFS;4.70;4.10;353.0;14.2;0.00;8.0;GFS
treffort;ICONGFS;2026-10-10T18:00;GFS;4.30;3.50;350.0;12.3;0.00;8.0;GFS
treffort;ICONGFS;2026-10-10T19:00;GFS;3.80;2.70;345.0;9.8;0.00;8.0;GFS
treffort;ICONGFS;2026-10-10T20:00;GFS;3.40;1.90;344.0;7.9;0.00;11.0;GFS
treffort;ICONGFS;2026-10-10T21:00;GFS;3.00;1.60;345.0;7.1;0.00;21.0;GFS
treffort;ICONGFS;2026-10-10T22:00;GFS;2.60;1.20;347.0;7.0;0.00;35.0;GFS
treffort;ICONGFS;2026-10-10T23:00;GFS;2.10;1.00;355.0;6.9;0.00;42.0;GFS
treffort;ICONGFS;2026-10-11T00:00;GFS;1.80;1.00;6.0;6.7;0.00;37.0;GFS
treffort;ICONGFS;2026-10-11T01:00;GFS;1.60;1.00;14.0;6.6;0.00;27.0;GFS
treffort;ICONGFS;2026-10-11T02:00;GFS;1.30;1.20;27.0;6.5;0.00;17.0;GFS
treffort;ICONGFS;2026-10-11T03:00;GFS;0.80;1.20;45.0;6.4;0.00;11.0;GFS
treffort;ICONGFS;2026-10-11T04:00;GFS;0.40;1.20;90.0;6.3;0.00;6.0;GFS
treffort;ICONGFS;2026-10-11T05:00;GFS;0.60;1.40;162.0;6.3;0.00;2.0;GFS
treffort;ICONGFS;2026-10-11T06:00;GFS;1.00;1.70;169.0;5.9;0.00;1.0;GFS
treffort;ICONGFS;2026-10-11T07:00;GFS;1.20;1.90;162.0;5.6;0.00;2.0;GFS
treffort;ICONGFS;2026-10-11T08:00;GFS;1.30;2.10;153.0;6.3;0.00;2.0;GFS
treffort;ICONGFS;2026-10-11T09:00;GFS;1.10;1.60;135.0;8.7;0.00;1.0;GFS
treffort;ICONGFS;2026-10-11T10:00;GFS;1.00;1.00;101.0;12.0;0.00;1.0;GFS
treffort;ICONGFS;2026-10-11T11:00;GFS;1.00;0.60;79.0;15.0;0.00;0.0;GFS
treffort;ICONGFS;2026-10-11T12:00;GFS;0.60;1.20;72.0;17.1;0.00;0.0;GFS
treffort;ICONGFS;2026-10-11T13:00;GFS;0.20;2.30;270.0;18.9;0.00;0.0;GFS
treffort;ICONGFS;2026-10-11T14:00;GFS;0.80;3.10;270.0;20.1;0.00;0.0;GFS
treffort;ICONGFS;2026-10-11T15:00;GFS;1.40;3.30;286.0;20.6;0.00;0.0;GFS
treffort;ICONGFS;2026-10-11T16:00;GFS;2.10;3.30;304.0;20.5;0.00;0.0;GFS
treffort;ICONGFS;2026-10-11T17:00;GFS;2.40;2.90;305.0;19.6;0.00;0.0;GFS
treffort;ICONGFS;2026-10-11T18:00;GFS;2.20;2.10;297.0;17.1;0.00;0.0;GFS
treffort;ICONGFS;2026-10-11T19:00;GFS;1.60;1.40;277.0;13.9;0.00;0.0;GFS
treffort;ICONGFS;2026-10-11T20:00;GFS;1.60;1.00;240.0;11.4;0.00;0.0;GFS
treffort;ICONGFS;2026-10-11T21:00;GFS;2.20;1.60;207.0;10.5;0.00;0.0;GFS
treffort;ICONGFS;2026-10-11T22:00;GFS;3.20;2.70;191.0;10.4;0.00;0.0;GFS
treffort;ICONGFS;2026-10-11T23:00;GFS;4.10;3.70;185.0;10.4;0.00;7.0;GFS
treffort;ICONGFS;2026-10-12T00:00;GFS;4.50;4.10;185.0;10.3;0.00;29.0;GFS
treffort;ICONGFS;2026-10-12T01:00;GFS;4.30;4.30;188.0;10.3;0.00;58.0;GFS
treffort;ICONGFS;2026-10-12T02:00;GFS;4.30;4.50;190.0;10.3;0.00;80.0;GFS
treffort;ICONGFS;2026-10-12T03:00;GFS;4.30;4.70;188.0;10.0;0.00;86.0;GFS
treffort;ICONGFS;2026-10-12T04:00;GFS;4.30;4.70;185.0;9.7;0.00;85.0;GFS
treffort;ICONGFS;2026-10-12T05:00;GFS;4.10;4.50;183.0;9.5;0.00;85.0;GFS
treffort;ICONGFS;2026-10-12T06:00;GFS;3.70;3.90;186.0;9.2;0.00;90.0;GFS
treffort;ICONGFS;2026-10-12T07:00;GFS;3.40;3.30;193.0;9.0;0.00;96.0;GFS
treffort;ICONGFS;2026-10-12T08:00;GFS;2.90;2.70;200.0;9.5;0.00;100.0;GFS
treffort;ICONGFS;2026-10-12T09:00;GFS;2.30;2.30;204.0;11.0;0.00;100.0;GFS
treffort;ICONGFS;2026-10-12T10:00;GFS;1.70;2.10;201.0;13.2;0.00;100.0;GFS
treffort;ICONGFS;2026-10-12T11:00;GFS;1.30;2.10;207.0;15.2;0.00;100.0;GFS
treffort;ICONGFS;2026-10-12T12:00;GFS;1.20;2.50;219.0;16.7;0.00;100.0;GFS
treffort;ICONGFS;2026-10-12T13:00;GFS;1.30;3.10;243.0;18.0;0.00;100.0;GFS
treffort;ICONGFS;2026-10-12T14:00;GFS;1.60;3.50;263.0;18.8;0.00;100.0;GFS
treffort;ICONGFS;2026-10-12T15:00;GFS;2.10;3.90;292.0;19.1;0.00;74.0;GFS
treffort;ICONGFS;2026-10-12T16:00;GFS;3.20;4.10;313.0;18.9;0.00;38.0;GFS
treffort;ICONGFS;2026-10-12T17:00;GFS;3.90;3.90;319.0;18.0;0.00;13.0;GFS
treffort;ICONGFS;2026-10-12T18:00;GFS;3.70;3.30;321.0;15.7;0.10;11.0;GFS
treffort;ICONGFS;2026-10-12T19:00;GFS;3.00;2.30;320.0;12.8;0.10;20.0;GFS
treffort;ICONGFS;2026-10-12T20:00;GFS;2.30;1.60;318.0;10.5;0.10;30.0;GFS
treffort;ICONGFS;2026-10-12T21:00;GFS;1.50;1.40;320.0;9.6;0.00;38.0;GFS
treffort;ICONGFS;2026-10-12T22:00;GFS;0.70;1.60;326.0;9.3;0.00;47.0;GFS
treffort;ICONGFS;2026-10-12T23:00;GFS;0.20;1.60;360.0;9.2;0.00;53.0;GFS
vengeron;ICONGFS;2026-09-27T00:00;ICONCH1;2.10;2.90;175.0;18.5;0.00;0.0;ICONCH1
vengeron;ICONGFS;2026-09-27T01:00;ICONCH1;2.70;3.90;249.0;16.8;0.00;0.0;ICONCH1
vengeron;ICONGFS;2026-09-27T02:00;ICONCH1;3.30;4.30;230.0;16.0;0.00;0.0;ICONCH1
vengeron;ICONGFS;2026-09-27T03:00;ICONCH1;2.90;4.90;242.0;14.7;0.00;0.0;ICONCH1
vengeron;ICONGFS;2026-09-27T04:00;ICONCH1;3.50;4.50;261.0;14.2;0.00;0.0;ICONCH1
vengeron;ICONGFS;2026-09-27T05:00;ICONCH1;3.10;4.10;274.0;12.9;0.00;0.0;ICONCH1
vengeron;ICONGFS;2026-09-27T06:00;ICONCH1;3.10;4.30;263.0;12.8;0.00;0.0;ICONCH1
vengeron;ICONGFS;2026-09-27T07:00;ICONCH1;3.30;4.30;273.0;12.7;0.00;0.0;ICONCH1
vengeron;ICONGFS;2026-09-27T08:00;ICONCH1;3.10;4.30;266.0;12.3;0.00;0.0;ICONCH1
vengeron;ICONGFS;2026-09-27T09:00;ICONCH1;2.10;4.30;221.0;13.4;0.00;0.0;ICONCH1
vengeron;ICONGFS;2026-09-27T10:00;ICONCH1;2.40;3.50;189.0;14.5;0.00;0.0;ICONCH1
vengeron;ICONGFS;2026-09-27T11:00;ICONCH1;1.30;3.30;153.0;16.2;0.00;0.0;ICONCH1
vengeron;ICONGFS;2026-09-27T12:00;ICONCH1;2.30;3.10;121.0;18.9;0.00;0.0;ICONCH1
vengeron;ICONGFS;2026-09-27T13:00;ICONCH1;2.50;3.50;122.0;20.8;0.00;0.0;ICONCH1
vengeron;ICONGFS;2026-09-27T14:00;ICONCH1;3.50;4.70;128.0;22.5;0.00;10.0;ICONCH1
vengeron;ICONGFS;2026-09-27T15:00;ICONCH1;3.50;4.70;96.0;24.2;0.00;0.0;ICONCH1
vengeron;ICONGFS;2026-09-27T16:00;ICONCH1;2.50;5.10;94.0;25.4;0.00;62.0;ICONCH1
vengeron;ICONGFS;2026-09-27T17:00;ICONCH1;7.40;9.30;30.0;23.7;0.00;21.0;ICONCH1
vengeron;ICONGFS;2026-09-27T18:00;ICONCH1;8.60;11.50;23.0;23.5;0.00;0.0;ICONCH1
vengeron;ICONGFS;2026-09-27T19:00;ICONCH1;6.70;11.10;12.0;23.2;0.00;0.0;ICONCH1
vengeron;ICONGFS;2026-09-27T20:00;ICONCH1;3.70;8.60;335.0;21.0;0.00;0.0;ICONCH1
vengeron;ICONGFS;2026-09-27T21:00;ICONCH1;3.90;5.10;311.0;19.2;0.00;0.0;ICONCH1
vengeron;ICONGFS;2026-09-27T22:00;ICONCH1;3.10;5.60;300.0;17.9;0.00;38.0;ICONCH1
vengeron;ICONGFS;2026-09-27T23:00;ICONCH1;3.50;4.90;289.0;17.5;0.00;71.0;ICONCH1
vengeron;ICONGFS;2026-09-28T00:00;ICONCH1;3.30;4.70;287.0;17.7;0.00;87.0;ICONCH1
vengeron;ICONGFS;2026-09-28T01:00;ICONCH1;2.70;4.30;278.0;17.7;0.00;24.0;ICONCH1
vengeron;ICONGFS;2026-09-28T02:00;ICONCH1;3.00;4.50;285.0;16.6;0.00;60.0;ICONCH1
vengeron;ICONGFS;2026-09-28T03:00;ICONCH1;3.20;4.30;281.0;16.4;0.00;63.0;ICONCH1
vengeron;ICONGFS;2026-09-28T04:00;ICONCH1;3.10;4.30;277.0;16.1;0.00;74.0;ICONCH1
vengeron;ICONGFS;2026-09-28T05:00;ICONCH1;2.70;4.30;274.0;16.0;0.00;100.0;ICONCH1
vengeron;ICONGFS;2026-09-28T06:00;ICONCH1;2.90;3.90;274.0;15.9;0.00;77.0;ICONCH1
vengeron;ICONGFS;2026-09-28T07:00;ICONCH1;2.70;4.30;278.0;15.4;0.00;54.0;ICONCH1
vengeron;ICONGFS;2026-09-28T08:00;ICONCH1;2.10;3.50;292.0;15.6;0.00;96.0;ICONCH1
vengeron;ICONGFS;2026-09-28T09:00;ICONCH1;0.60;2.70;270.0;16.0;0.00;47.0;ICONCH1
vengeron;ICONGFS;2026-09-28T10:00;ICONCH1;1.50;2.10;203.0;16.8;0.00;61.0;ICONCH1
vengeron;ICONGFS;2026-09-28T11:00;ICONCH1;1.50;2.70;157.0;18.1;0.00;34.0;ICONCH1
vengeron;ICONGFS;2026-09-28T12:00;ICONCH1;1.60;2.30;120.0;20.3;0.00;85.0;ICONCH1
vengeron;ICONGFS;2026-09-28T13:00;ICONCH1;2.60;3.50;117.0;21.9;0.00;71.0;ICONCH1
vengeron;ICONGFS;2026-09-28T14:00;ICONCH1;2.90;4.10;118.0;23.4;0.00;93.0;ICONCH1
vengeron;ICONGFS;2026-09-28T15:00;ICONCH1;2.80;4.10;102.0;24.5;0.00;100.0;ICONCH1
vengeron;ICONGFS;2026-09-28T16:00;ICONCH1;3.30;4.50;107.0;25.4;0.00;62.0;ICONCH1
vengeron;ICONGFS;2026-09-28T17:00;ICONCH1;6.80;8.70;37.0;24.4;0.00;99.0;ICONCH1
vengeron;ICONGFS;2026-09-28T18:00;ICONCH2;5.70;7.40;22.0;24.7;0.00;86.0;ICONCH2
vengeron;ICONGFS;2026-09-28T19:00;ICONCH2;2.90;7.40;332.0;24.4;0.00;100.0;ICONCH2
vengeron;ICONGFS;2026-09-28T20:00;ICONCH2;0.60;4.10;270.0;23.7;0.00;100.0;ICONCH2
vengeron;ICONGFS;2026-09-28T21:00;ICONCH2;1.50;2.90;293.0;21.0;0.00;100.0;ICONCH2
vengeron;ICONGFS;2026-09-28T22:00;ICONCH2;0.30;1.90;225.0;20.8;0.00;100.0;ICONCH2
vengeron;ICONGFS;2026-09-28T23:00;ICONCH2;1.60;2.30;225.0;21.2;0.00;100.0;ICONCH2
vengeron;ICONGFS;2026-09-29T00:00;ICONCH2;2.10;3.10;221.0;20.7;0.00;100.0;ICONCH2
vengeron;ICONGFS;2026-09-29T01:00;ICONCH2;1.90;2.90;233.0;20.0;0.00;100.0;ICONCH2
vengeron;ICONGFS;2026-09-29T02:00;ICONCH2;1.90;2.90;225.0;19.5;0.00;54.0;ICONCH2
vengeron;ICONGFS;2026-09-29T03:00;ICONCH2;1.50;2.70;203.0;18.9;0.00;100.0;ICONCH2
vengeron;ICONGFS;2026-09-29T04:00;ICONCH2;1.80;2.50;198.0;18.3;0.00;100.0;ICONCH2
vengeron;ICONGFS;2026-09-29T05:00;ICONCH2;1.50;2.50;203.0;17.9;0.00;100.0;ICONCH2
vengeron;ICONGFS;2026-09-29T06:00;ICONCH2;2.10;2.70;202.0;17.5;0.00;98.0;ICONCH2
vengeron;ICONGFS;2026-09-29T07:00;ICONCH2;2.20;3.10;207.0;17.1;0.00;76.0;ICONCH2
vengeron;ICONGFS;2026-09-29T08:00;ICONCH2;2.00;3.10;197.0;16.9;0.00;100.0;ICONCH2
vengeron;ICONGFS;2026-09-29T09:00;ICONCH2;2.00;2.90;197.0;16.9;0.00;100.0;ICONCH2
vengeron;ICONGFS;2026-09-29T10:00;ICONCH2;1.40;2.70;196.0;17.5;0.00;100.0;ICONCH2
vengeron;ICONGFS;2026-09-29T11:00;ICONCH2;1.40;1.90;180.0;18.7;0.00;100.0;ICONCH2
vengeron;ICONGFS;2026-09-29T12:00;ICONCH2;0.70;1.90;146.0;20.2;0.00;37.0;ICONCH2
vengeron;ICONGFS;2026-09-29T13:00;ICONCH2;0.60;1.20;90.0;21.4;0.00;30.0;ICONCH2
vengeron;ICONGFS;2026-09-29T14:00;ICONCH2;1.00;1.40;101.0;22.9;0.00;100.0;ICONCH2
vengeron;ICONGFS;2026-09-29T15:00;ICONCH2;1.50;2.10;113.0;24.0;0.00;100.0;ICONCH2
vengeron;ICONGFS;2026-09-29T16:00;ICONCH2;2.80;3.90;56.0;25.0;0.00;96.0;ICONCH2
vengeron;ICONGFS;2026-09-29T17:00;ICONCH2;5.10;6.60;25.0;24.5;0.00;100.0;ICONCH2
vengeron;ICONGFS;2026-09-29T18:00;ICONCH2;6.00;8.60;19.0;24.0;0.00;100.0;ICONCH2
vengeron;ICONGFS;2026-09-29T19:00;ICONCH2;3.50;7.60;27.0;23.5;0.00;100.0;ICONCH2
vengeron;ICONGFS;2026-09-29T20:00;ICONCH2;1.90;4.70;24.0;22.6;0.00;100.0;ICONCH2
vengeron;ICONGFS;2026-09-29T21:00;ICONCH2;1.40;2.70;56.0;20.8;0.00;100.0;ICONCH2
vengeron;ICONGFS;2026-09-29T22:00;ICONCH2;1.00;1.90;53.0;20.4;0.00;100.0;ICONCH2
vengeron;ICONGFS;2026-09-29T23:00;ICONCH2;0.40;1.40;360.0;20.2;0.00;100.0;ICONCH2
vengeron;ICONGFS;2026-09-30T00:00;ICONCH2;1.00;1.60;248.0;19.9;0.00;72.0;ICONCH2
vengeron;ICONGFS;2026-09-30T01:00;ICONCH2;1.70;2.10;201.0;19.9;0.00;82.0;ICONCH2
vengeron;ICONGFS;2026-09-30T02:00;ICONCH2;2.00;2.90;197.0;19.5;0.00;75.0;ICONCH2
vengeron;ICONGFS;2026-09-30T03:00;ICONCH2;1.20;2.70;180.0;19.3;0.00;75.0;ICONCH2
vengeron;ICONGFS;2026-09-30T04:00;ICONCH2;1.00;1.90;169.0;18.9;0.00;80.0;ICONCH2
vengeron;ICONGFS;2026-09-30T05:00;ICONCH2;1.40;1.90;164.0;18.5;0.00;74.0;ICONCH2
vengeron;ICONGFS;2026-09-30T06:00;ICONCH2;1.60;2.50;150.0;18.3;0.00;86.0;ICONCH2
vengeron;ICONGFS;2026-09-30T07:00;ICONCH2;1.30;2.10;153.0;18.2;0.00;100.0;ICONCH2
vengeron;ICONGFS;2026-09-30T08:00;ICONCH2;2.20;2.90;207.0;18.0;0.00;100.0;ICONCH2
vengeron;ICONGFS;2026-09-30T09:00;ICONCH2;1.60;2.90;180.0;18.0;0.00;64.0;ICONCH2
vengeron;ICONGFS;2026-09-30T10:00;ICONCH2;1.00;2.10;233.0;18.3;0.00;83.0;ICONCH2
vengeron;ICONGFS;2026-09-30T11:00;ICONCH2;0.40;1.90;153.0;19.2;0.00;66.0;ICONCH2
vengeron;ICONGFS;2026-09-30T12:00;ICONCH2;0.60;0.80;72.0;20.2;0.00;40.0;ICONCH2
vengeron;ICONGFS;2026-09-30T13:00;ICONCH2;1.20;1.70;51.0;22.1;0.00;44.0;ICONCH2
vengeron;ICONGFS;2026-09-30T14:00;ICONCH2;1.80;2.50;72.0;24.0;0.00;7.0;ICONCH2
vengeron;ICONGFS;2026-09-30T15:00;ICONCH2;2.50;3.70;58.0;25.6;0.00;11.0;ICONCH2
vengeron;ICONGFS;2026-09-30T16:00;ICONCH2;3.50;4.70;218.0;26.3;0.00;19.0;ICONCH2
vengeron;ICONGFS;2026-09-30T17:00;ICONCH2;8.00;10.30;219.0;27.6;0.00;100.0;ICONCH2
vengeron;ICONGFS;2026-09-30T18:00;ICONCH2;4.30;10.10;330.0;25.5;0.00;100.0;ICONCH2
vengeron;ICONGFS;2026-09-30T19:00;ICONCH2;4.40;9.10;32.0;24.3;0.00;100.0;ICONCH2
vengeron;ICONGFS;2026-09-30T20:00;ICONCH2;1.40;5.60;106.0;23.5;0.00;100.0;ICONCH2
vengeron;ICONGFS;2026-09-30T21:00;ICONCH2;2.80;3.90;168.0;23.3;0.00;100.0;ICONCH2
vengeron;ICONGFS;2026-09-30T22:00;ICONCH2;1.60;3.70;173.0;22.0;0.00;68.0;ICONCH2
vengeron;ICONGFS;2026-09-30T23:00;ICONCH2;1.10;2.30;211.0;21.6;0.00;93.0;ICONCH2
vengeron;ICONGFS;2026-10-01T00:00;ICONCH2;2.00;3.10;174.0;20.8;0.00;100.0;ICONCH2
vengeron;ICONGFS;2026-10-01T01:00;ICONCH2;1.80;2.70;193.0;20.8;0.00;100.0;ICONCH2
vengeron;ICONGFS;2026-10-01T02:00;ICONCH2;1.40;2.70;196.0;20.5;0.00;100.0;ICONCH2
vengeron;ICONGFS;2026-10-01T03:00;ICONCH2;1.90;2.70;204.0;20.1;0.00;99.0;ICONCH2
vengeron;ICONGFS;2026-10-01T04:00;ICONCH2;2.10;2.90;185.0;19.5;0.00;100.0;ICONCH2
vengeron;ICONGFS;2026-10-01T05:00;ICONCH2;1.70;2.90;207.0;19.4;0.00;100.0;ICONCH2
vengeron;ICONGFS;2026-10-01T06:00;ICONCH2;2.10;2.90;175.0;19.2;0.00;100.0;ICONCH2
vengeron;ICONGFS;2026-10-01T07:00;ICONCH2;1.40;3.10;164.0;19.2;0.00;100.0;ICONCH2
vengeron;ICONGFS;2026-10-01T08:00;ICONCH2;1.60;2.10;187.0;19.3;0.00;100.0;ICONCH2
vengeron;ICONGFS;2026-10-01T09:00;ICONCH2;2.50;3.30;176.0;19.4;0.00;100.0;ICONCH2
vengeron;ICONGFS;2026-10-01T10:00;ICONCH2;2.50;3.70;180.0;19.7;0.00;100.0;ICONCH2
vengeron;ICONGFS;2026-10-01T11:00;ICONCH2;2.70;3.70;188.0;20.4;0.00;100.0;ICONCH2
vengeron;ICONGFS;2026-10-01T12:00;ICONCH2;4.00;5.20;191.0;21.3;0.00;100.0;ICONCH2
vengeron;ICONGFS;2026-10-01T13:00;ICONCH2;8.40;10.70;214.0;23.2;0.00;100.0;ICONCH2
vengeron;ICONGFS;2026-10-01T14:00;ICONCH2;9.60;12.40;204.0;23.5;0.00;100.0;ICONCH2
vengeron;ICONGFS;2026-10-01T15:00;ICONCH2;7.10;12.20;201.0;23.8;0.00;100.0;ICONCH2
vengeron;ICONGFS;2026-10-01T16:00;ICONCH2;10.90;14.00;192.0;23.3;0.00;100.0;ICONCH2
vengeron;ICONGFS;2026-10-01T17:00;ICONCH2;8.50;14.00;200.0;22.7;0.00;100.0;ICONCH2
vengeron;ICONGFS;2026-10-01T18:00;ICONCH2;7.80;11.70;212.0;21.6;0.10;100.0;ICONCH2
vengeron;ICONGFS;2026-10-01T19:00;ICONCH2;4.20;9.90;193.0;21.0;0.20;100.0;ICONCH2
vengeron;ICONGFS;2026-10-01T20:00;ICONCH2;3.80;5.60;145.0;20.1;0.20;100.0;ICONCH2
vengeron;ICONGFS;2026-10-01T21:00;ICONCH2;2.30;5.10;156.0;19.8;0.10;100.0;ICONCH2
vengeron;ICONGFS;2026-10-01T22:00;ICONCH2;1.10;3.30;149.0;19.6;0.10;100.0;ICONCH2
vengeron;ICONGFS;2026-10-01T23:00;ICONCH2;1.20;2.50;129.0;19.0;0.00;100.0;ICONCH2
vengeron;ICONGFS;2026-10-02T00:00;ICON13KM;3.70;5.60;9.0;18.7;0.00;97.0;ICON13KM
vengeron;ICONGFS;2026-10-02T01:00;ICON13KM;4.30;6.40;8.0;18.4;0.00;94.0;ICON13KM
vengeron;ICONGFS;2026-10-02T02:00;ICON13KM;4.90;7.20;7.0;18.1;0.00;91.0;ICON13KM
vengeron;ICONGFS;2026-10-02T03:00;ICON13KM;5.10;7.60;9.0;18.0;0.00;91.0;ICON13KM
vengeron;ICONGFS;2026-10-02T04:00;ICON13KM;5.30;7.80;8.0;17.9;0.00;91.0;ICON13KM
vengeron;ICONGFS;2026-10-02T05:00;ICON13KM;5.30;8.00;10.0;17.8;0.00;91.0;ICON13KM
vengeron;ICONGFS;2026-10-02T06:00;ICON13KM;5.60;8.40;12.0;17.5;0.00;86.0;ICON13KM
vengeron;ICONGFS;2026-10-02T07:00;ICON13KM;5.80;8.70;12.0;17.2;0.00;82.0;ICON13KM
vengeron;ICONGFS;2026-10-02T08:00;ICON13KM;6.00;9.10;13.0;17.0;0.00;77.0;ICON13KM
vengeron;ICONGFS;2026-10-02T09:00;ICON13KM;7.40;11.70;14.0;17.0;0.00;81.0;ICON13KM
vengeron;ICONGFS;2026-10-02T10:00;ICON13KM;8.30;13.20;24.0;17.4;0.00;91.0;ICON13KM
vengeron;ICONGFS;2026-10-02T11:00;ICON13KM;9.30;14.60;31.0;18.0;0.00;100.0;ICON13KM
vengeron;ICONGFS;2026-10-02T12:00;ICON13KM;10.00;15.70;37.0;18.7;0.00;95.0;ICON13KM
vengeron;ICONGFS;2026-10-02T13:00;ICON13KM;10.70;16.90;42.0;19.6;0.00;91.0;ICON13KM
vengeron;ICONGFS;2026-10-02T14:00;ICON13KM;11.30;17.70;45.0;20.4;0.00;86.0;ICON13KM
vengeron;ICONGFS;2026-10-02T15:00;ICON13KM;11.50;18.30;46.0;20.9;0.00;74.0;ICON13KM
vengeron;ICONGFS;2026-10-02T16:00;ICON13KM;11.80;18.50;46.0;21.2;0.00;61.0;ICON13KM
vengeron;ICONGFS;2026-10-02T17:00;ICON13KM;11.70;18.50;46.0;21.2;0.00;49.0;ICON13KM
vengeron;ICONGFS;2026-10-02T18:00;ICON13KM;11.10;18.50;43.0;20.7;0.00;45.0;ICON13KM
vengeron;ICONGFS;2026-10-02T19:00;ICON13KM;10.40;18.10;37.0;19.9;0.00;40.0;ICON13KM
vengeron;ICONGFS;2026-10-02T20:00;ICON13KM;9.60;17.30;32.0;19.2;0.00;36.0;ICON13KM
vengeron;ICONGFS;2026-10-02T21:00;ICON13KM;8.70;15.70;27.0;18.7;0.00;47.0;ICON13KM
vengeron;ICONGFS;2026-10-02T22:00;ICON13KM;7.80;13.80;22.0;18.2;0.00;58.0;ICON13KM
vengeron;ICONGFS;2026-10-02T23:00;ICON13KM;6.90;12.10;18.0;17.9;0.00;69.0;ICON13KM
vengeron;ICONGFS;2026-10-03T00:00;ICON13KM;6.30;10.70;16.0;17.6;0.00;73.0;ICON13KM
vengeron;ICONGFS;2026-10-03T01:00;ICON13KM;5.50;9.50;17.0;17.4;0.00;78.0;ICON13KM
vengeron;ICONGFS;2026-10-03T02:00;ICON13KM;5.10;8.60;18.0;17.2;0.00;82.0;ICON13KM
vengeron;ICONGFS;2026-10-03T03:00;ICON13KM;4.90;8.20;18.0;16.9;0.00;76.0;ICON13KM
vengeron;ICONGFS;2026-10-03T04:00;ICON13KM;4.90;8.00;16.0;16.6;0.00;70.0;ICON13KM
vengeron;ICONGFS;2026-10-03T05:00;ICON13KM;4.90;7.80;16.0;16.3;0.00;64.0;ICON13KM
vengeron;ICONGFS;2026-10-03T06:00;ICON13KM;4.60;7.40;15.0;16.0;0.00;71.0;ICON13KM
vengeron;ICONGFS;2026-10-03T07:00;ICON13KM;4.40;6.80;13.0;15.7;0.00;77.0;ICON13KM
vengeron;ICONGFS;2026-10-03T08:00;ICON13KM;4.00;6.40;11.0;15.7;0.00;84.0;ICON13KM
vengeron;ICONGFS;2026-10-03T09:00;ICON13KM;3.60;6.40;16.0;16.1;0.00;83.0;ICON13KM
vengeron;ICONGFS;2026-10-03T10:00;ICON13KM;3.20;6.40;25.0;16.7;0.00;82.0;ICON13KM
vengeron;ICONGFS;2026-10-03T11:00;ICON13KM;2.50;6.20;32.0;17.5;0.00;81.0;ICON13KM
vengeron;ICONGFS;2026-10-03T12:00;ICON13KM;1.40;5.40;45.0;18.6;0.00;54.0;ICON13KM
vengeron;ICONGFS;2026-10-03T13:00;ICON13KM;0.60;4.50;162.0;19.8;0.00;27.0;ICON13KM
vengeron;ICONGFS;2026-10-03T14:00;ICON13KM;1.80;4.10;193.0;20.9;0.00;0.0;ICON13KM
vengeron;ICONGFS;2026-10-03T15:00;ICON13KM;2.80;4.70;192.0;21.7;0.00;0.0;ICON13KM
vengeron;ICONGFS;2026-10-03T16:00;ICON13KM;3.30;5.60;187.0;22.4;0.00;1.0;ICON13KM
vengeron;ICONGFS;2026-10-03T17:00;ICON13KM;3.50;6.20;186.0;22.8;0.00;1.0;ICON13KM
vengeron;ICONGFS;2026-10-03T18:00;ICON13KM;3.10;5.80;187.0;23.0;0.00;10.0;ICON13KM
vengeron;ICONGFS;2026-10-03T19:00;ICON13KM;2.30;5.20;185.0;23.0;0.00;20.0;ICON13KM
vengeron;ICONGFS;2026-10-03T20:00;ICON13KM;1.20;4.70;189.0;22.5;0.00;29.0;ICON13KM
vengeron;ICONGFS;2026-10-03T21:00;ICON13KM;0.50;4.70;315.0;21.1;0.00;53.0;ICON13KM
vengeron;ICONGFS;2026-10-03T22:00;ICON13KM;2.30;5.10;340.0;19.3;0.00;76.0;ICON13KM
vengeron;ICONGFS;2026-10-03T23:00;ICON13KM;3.40;5.20;344.0;17.9;0.00;100.0;ICON13KM
vengeron;ICONGFS;2026-10-04T00:00;ICON13KM;3.70;5.20;342.0;17.4;0.00;100.0;ICON13KM
vengeron;ICONGFS;2026-10-04T01:00;ICON13KM;3.50;5.10;341.0;17.3;0.00;100.0;ICON13KM
vengeron;ICONGFS;2026-10-04T02:00;ICON13KM;3.20;5.10;335.0;17.3;0.00;100.0;ICON13KM
vengeron;ICONGFS;2026-10-04T03:00;ICON13KM;3.20;5.20;322.0;17.2;0.00;86.0;ICON13KM
vengeron;ICONGFS;2026-10-04T04:00;ICON13KM;3.30;5.40;310.0;17.3;0.00;72.0;ICON13KM
vengeron;ICONGFS;2026-10-04T05:00;ICON13KM;3.50;5.40;304.0;17.2;0.00;58.0;ICON13KM
vengeron;ICONGFS;2026-10-04T06:00;ICON13KM;3.50;5.40;308.0;16.8;0.00;59.0;ICON13KM
vengeron;ICONGFS;2026-10-04T07:00;ICON13KM;3.30;5.20;315.0;16.3;0.00;60.0;ICON13KM
vengeron;ICONGFS;2026-10-04T08:00;ICON13KM;3.10;5.10;325.0;16.2;0.00;61.0;ICON13KM
vengeron;ICONGFS;2026-10-04T09:00;ICON13KM;2.90;5.10;332.0;16.8;0.00;41.0;ICON13KM
vengeron;ICONGFS;2026-10-04T10:00;ICON13KM;2.50;5.20;342.0;17.8;0.00;21.0;ICON13KM
vengeron;ICONGFS;2026-10-04T11:00;ICON13KM;1.80;5.20;342.0;18.8;0.00;1.0;ICON13KM
vengeron;ICONGFS;2026-10-04T12:00;ICON13KM;0.70;5.20;304.0;19.9;0.00;1.0;ICON13KM
vengeron;ICONGFS;2026-10-04T13:00;ICON13KM;1.60;5.40;210.0;21.0;0.00;0.0;ICON13KM
vengeron;ICONGFS;2026-10-04T14:00;ICON13KM;2.70;5.40;201.0;21.8;0.00;0.0;ICON13KM
vengeron;ICONGFS;2026-10-04T15:00;GFS;7.80;9.90;222.0;14.8;1.10;100.0;GFS
vengeron;ICONGFS;2026-10-04T16:00;GFS;7.50;9.30;217.0;14.4;1.10;100.0;GFS
vengeron;ICONGFS;2026-10-04T17:00;GFS;7.30;8.90;214.0;14.2;1.10;100.0;GFS
vengeron;ICONGFS;2026-10-04T18:00;GFS;7.50;8.90;215.0;14.1;1.60;100.0;GFS
vengeron;ICONGFS;2026-10-04T19:00;GFS;7.70;9.10;216.0;14.0;1.60;100.0;GFS
vengeron;ICONGFS;2026-10-04T20:00;GFS;7.80;8.90;217.0;14.0;1.60;100.0;GFS
vengeron;ICONGFS;2026-10-04T21:00;GFS;7.50;8.20;217.0;13.8;1.10;100.0;GFS
vengeron;ICONGFS;2026-10-04T22:00;GFS;7.10;7.20;215.0;13.7;1.10;100.0;GFS
vengeron;ICONGFS;2026-10-04T23:00;GFS;6.70;6.40;216.0;13.6;1.10;100.0;GFS
vengeron;ICONGFS;2026-10-05T00:00;GFS;6.20;6.20;219.0;13.5;0.70;100.0;GFS
vengeron;ICONGFS;2026-10-05T01:00;GFS;5.60;6.20;226.0;13.4;0.70;100.0;GFS
vengeron;ICONGFS;2026-10-05T02:00;GFS;5.40;6.00;232.0;13.4;0.70;100.0;GFS
vengeron;ICONGFS;2026-10-05T03:00;GFS;5.30;5.40;234.0;13.4;0.20;100.0;GFS
vengeron;ICONGFS;2026-10-05T04:00;GFS;5.10;4.70;233.0;13.5;0.20;100.0;GFS
vengeron;ICONGFS;2026-10-05T05:00;GFS;4.70;3.90;232.0;13.6;0.20;100.0;GFS
vengeron;ICONGFS;2026-10-05T06:00;GFS;4.20;2.90;233.0;13.4;0.20;100.0;GFS
vengeron;ICONGFS;2026-10-05T07:00;GFS;3.50;1.70;232.0;13.2;0.20;100.0;GFS
vengeron;ICONGFS;2026-10-05T08:00;GFS;2.20;1.40;232.0;13.3;0.20;99.0;GFS
vengeron;ICONGFS;2026-10-05T09:00;GFS;0.30;2.30;315.0;13.7;0.30;94.0;GFS
vengeron;ICONGFS;2026-10-05T10:00;GFS;2.50;4.10;39.0;14.3;0.30;86.0;GFS
vengeron;ICONGFS;2026-10-05T11:00;GFS;4.50;5.40;43.0;15.0;0.30;79.0;GFS
vengeron;ICONGFS;2026-10-05T12:00;GFS;5.60;5.80;46.0;15.9;0.10;72.0;GFS
vengeron;ICONGFS;2026-10-05T13:00;GFS;6.10;6.00;50.0;16.9;0.10;65.0;GFS
vengeron;ICONGFS;2026-10-05T14:00;GFS;6.80;6.40;51.0;17.7;0.10;64.0;GFS
vengeron;ICONGFS;2026-10-05T15:00;GFS;8.00;7.40;51.0;18.3;0.00;73.0;GFS
vengeron;ICONGFS;2026-10-05T16:00;GFS;9.40;8.60;52.0;18.7;0.00;87.0;GFS
vengeron;ICONGFS;2026-10-05T17:00;GFS;10.30;9.70;49.0;18.8;0.00;98.0;GFS
vengeron;ICONGFS;2026-10-05T18:00;GFS;10.50;11.30;40.0;18.3;0.00;100.0;GFS
vengeron;ICONGFS;2026-10-05T19:00;GFS;10.80;12.80;30.0;17.5;0.00;100.0;GFS
vengeron;ICONGFS;2026-10-05T20:00;GFS;11.10;13.60;24.0;16.8;0.00;100.0;GFS
vengeron;ICONGFS;2026-10-05T21:00;GFS;11.30;12.80;27.0;16.5;0.00;100.0;GFS
vengeron;ICONGFS;2026-10-05T22:00;GFS;11.70;11.30;32.0;16.4;0.00;100.0;GFS
vengeron;ICONGFS;2026-10-05T23:00;GFS;11.70;9.70;37.0;16.2;0.00;100.0;GFS
vengeron;ICONGFS;2026-10-06T00:00;GFS;11.20;8.60;39.0;15.8;0.00;100.0;GFS
vengeron;ICONGFS;2026-10-06T01:00;GFS;10.50;7.20;39.0;15.2;0.00;100.0;GFS
vengeron;ICONGFS;2026-10-06T02:00;GFS;9.70;6.40;40.0;14.8;0.00;100.0;GFS
vengeron;ICONGFS;2026-10-06T03:00;GFS;8.80;6.00;41.0;14.4;0.00;100.0;GFS
vengeron;ICONGFS;2026-10-06T04:00;GFS;7.80;6.00;44.0;14.1;0.00;100.0;GFS
vengeron;ICONGFS;2026-10-06T05:00;GFS;7.10;6.00;45.0;13.8;0.00;100.0;GFS
vengeron;ICONGFS;2026-10-06T06:00;GFS;6.90;6.40;43.0;13.4;0.00;100.0;GFS
vengeron;ICONGFS;2026-10-06T07:00;GFS;6.80;7.00;37.0;13.1;0.00;100.0;GFS
vengeron;ICONGFS;2026-10-06T08:00;GFS;6.70;7.20;36.0;13.1;0.00;100.0;GFS
vengeron;ICONGFS;2026-10-06T09:00;GFS;6.50;6.60;39.0;13.4;0.00;100.0;GFS
vengeron;ICONGFS;2026-10-06T10:00;GFS;6.20;5.80;44.0;14.0;0.00;100.0;GFS
vengeron;ICONGFS;2026-10-06T11:00;GFS;5.90;5.10;49.0;14.7;0.00;100.0;GFS
vengeron;ICONGFS;2026-10-06T12:00;GFS;5.30;4.50;51.0;15.4;0.00;89.0;GFS
vengeron;ICONGFS;2026-10-06T13:00;GFS;4.30;3.70;54.0;16.3;0.00;73.0;GFS
vengeron;ICONGFS;2026-10-06T14:00;GFS;3.80;3.50;60.0;17.1;0.00;60.0;GFS
vengeron;ICONGFS;2026-10-06T15:00;GFS;4.40;3.90;69.0;17.8;0.00;52.0;GFS
vengeron;ICONGFS;2026-10-06T16:00;GFS;5.20;4.50;77.0;18.4;0.00;48.0;GFS
vengeron;ICONGFS;2026-10-06T17:00;GFS;5.80;5.10;76.0;18.6;0.00;50.0;GFS
vengeron;ICONGFS;2026-10-06T18:00;GFS;5.70;5.20;63.0;18.0;0.00;64.0;GFS
vengeron;ICONGFS;2026-10-06T19:00;GFS;5.70;5.20;41.0;16.9;0.00;85.0;GFS
vengeron;ICONGFS;2026-10-06T20:00;GFS;5.70;5.10;27.0;16.0;0.00;98.0;GFS
vengeron;ICONGFS;2026-10-06T21:00;GFS;4.10;4.50;19.0;15.4;0.00;96.0;GFS
vengeron;ICONGFS;2026-10-06T22:00;GFS;1.80;3.50;13.0;15.0;0.00;86.0;GFS
vengeron;ICONGFS;2026-10-06T23:00;GFS;0.40;2.70;270.0;14.6;0.00;75.0;GFS
vengeron;ICONGFS;2026-10-07T00:00;GFS;0.80;2.30;225.0;13.9;0.00;63.0;GFS
vengeron;ICONGFS;2026-10-07T01:00;GFS;0.80;2.10;225.0;13.2;0.00;50.0;GFS
vengeron;ICONGFS;2026-10-07T02:00;GFS;0.80;1.90;225.0;12.7;0.00;39.0;GFS
vengeron;ICONGFS;2026-10-07T03:00;GFS;1.20;1.90;219.0;12.4;0.00;31.0;GFS
vengeron;ICONGFS;2026-10-07T04:00;GFS;1.90;2.10;217.0;12.2;0.00;24.0;GFS
vengeron;ICONGFS;2026-10-07T05:00;GFS;2.10;2.30;214.0;12.1;0.00;21.0;GFS
vengeron;ICONGFS;2026-10-07T06:00;GFS;1.80;2.10;212.0;11.7;0.00;22.0;GFS
vengeron;ICONGFS;2026-10-07T07:00;GFS;1.30;1.90;207.0;11.4;0.00;26.0;GFS
vengeron;ICONGFS;2026-10-07T08:00;GFS;1.00;1.70;191.0;11.5;0.00;28.0;GFS
vengeron;ICONGFS;2026-10-07T09:00;GFS;1.00;1.70;158.0;12.4;0.00;24.0;GFS
vengeron;ICONGFS;2026-10-07T10:00;GFS;1.20;1.70;141.0;13.7;0.00;18.0;GFS
vengeron;ICONGFS;2026-10-07T11:00;GFS;1.60;1.70;120.0;15.0;0.00;14.0;GFS
vengeron;ICONGFS;2026-10-07T12:00;GFS;1.80;1.70;108.0;16.0;0.00;10.0;GFS
vengeron;ICONGFS;2026-10-07T13:00;GFS;2.10;1.90;95.0;16.9;0.00;8.0;GFS
vengeron;ICONGFS;2026-10-07T14:00;GFS;2.50;2.10;86.0;17.7;0.00;13.0;GFS
vengeron;ICONGFS;2026-10-07T15:00;GFS;3.00;2.70;75.0;18.3;0.00;33.0;GFS
vengeron;ICONGFS;2026-10-07T16:00;GFS;3.30;3.50;69.0;18.8;0.00;61.0;GFS
vengeron;ICONGFS;2026-10-07T17:00;GFS;3.30;3.90;62.0;18.9;0.00;80.0;GFS
vengeron;ICONGFS;2026-10-07T18:00;GFS;2.30;3.10;48.0;18.4;0.00;83.0;GFS
vengeron;ICONGFS;2026-10-07T19:00;GFS;1.60;1.90;7.0;17.5;0.00;77.0;GFS
vengeron;ICONGFS;2026-10-07T20:00;GFS;1.40;1.20;326.0;16.7;0.00;70.0;GFS
vengeron;ICONGFS;2026-10-07T21:00;GFS;1.00;1.20;292.0;16.1;0.00;60.0;GFS
vengeron;ICONGFS;2026-10-07T22:00;GFS;1.00;1.60;217.0;15.5;0.00;49.0;GFS
vengeron;ICONGFS;2026-10-07T23:00;GFS;1.20;1.90;189.0;15.1;0.00;46.0;GFS
vengeron;ICONGFS;2026-10-08T00:00;GFS;0.40;2.10;117.0;14.8;0.00;60.0;GFS
vengeron;ICONGFS;2026-10-08T01:00;GFS;1.70;2.30;36.0;14.5;0.00;83.0;GFS
vengeron;ICONGFS;2026-10-08T02:00;GFS;2.80;2.50;34.0;14.4;0.00;100.0;GFS
vengeron;ICONGFS;2026-10-08T03:00;GFS;3.20;2.70;43.0;14.3;0.00;100.0;GFS
vengeron;ICONGFS;2026-10-08T04:00;GFS;3.10;2.70;55.0;14.2;0.00;100.0;GFS
vengeron;ICONGFS;2026-10-08T05:00;GFS;3.00;2.70;63.0;14.2;0.00;99.0;GFS
vengeron;ICONGFS;2026-10-08T06:00;GFS;2.90;2.70;62.0;14.1;0.00;100.0;GFS
vengeron;ICONGFS;2026-10-08T07:00;GFS;2.50;2.50;58.0;14.1;0.00;100.0;GFS
vengeron;ICONGFS;2026-10-08T08:00;GFS;2.40;2.50;55.0;14.3;0.00;100.0;GFS
vengeron;ICONGFS;2026-10-08T09:00;GFS;2.90;2.70;62.0;14.7;0.00;91.0;GFS
vengeron;ICONGFS;2026-10-08T10:00;GFS;3.60;3.10;68.0;15.4;0.00;80.0;GFS
vengeron;ICONGFS;2026-10-08T11:00;GFS;4.30;3.70;72.0;16.1;0.00;74.0;GFS
vengeron;ICONGFS;2026-10-08T12:00;GFS;4.90;4.50;74.0;16.8;0.00;81.0;GFS
vengeron;ICONGFS;2026-10-08T13:00;GFS;5.40;5.40;75.0;17.5;0.00;94.0;GFS
vengeron;ICONGFS;2026-10-08T14:00;GFS;5.90;6.40;73.0;18.2;0.00;100.0;GFS
vengeron;ICONGFS;2026-10-08T15:00;GFS;6.50;7.80;67.0;19.0;0.00;89.0;GFS
vengeron;ICONGFS;2026-10-08T16:00;GFS;7.40;9.30;60.0;19.8;0.00;70.0;GFS
vengeron;ICONGFS;2026-10-08T17:00;GFS;7.50;10.10;53.0;20.1;0.00;59.0;GFS
vengeron;ICONGFS;2026-10-08T18:00;GFS;6.30;9.50;40.0;19.3;0.00;65.0;GFS
vengeron;ICONGFS;2026-10-08T19:00;GFS;5.20;8.20;15.0;18.1;0.00;79.0;GFS
vengeron;ICONGFS;2026-10-08T20:00;GFS;4.90;6.80;355.0;17.0;0.00;91.0;GFS
vengeron;ICONGFS;2026-10-08T21:00;GFS;4.50;5.80;355.0;16.4;0.00;97.0;GFS
vengeron;ICONGFS;2026-10-08T22:00;GFS;3.90;5.10;9.0;16.0;0.00;100.0;GFS
vengeron;ICONGFS;2026-10-08T23:00;GFS;3.60;4.50;22.0;15.6;0.00;100.0;GFS
vengeron;ICONGFS;2026-10-09T00:00;GFS;3.00;4.10;32.0;15.2;0.00;92.0;GFS
vengeron;ICONGFS;2026-10-09T01:00;GFS;2.30;3.70;42.0;14.8;0.00;81.0;GFS
vengeron;ICONGFS;2026-10-09T02:00;GFS;1.70;3.30;54.0;14.4;0.00;71.0;GFS
vengeron;ICONGFS;2026-10-09T03:00;GFS;1.20;2.90;81.0;13.9;0.00;67.0;GFS
vengeron;ICONGFS;2026-10-09T04:00;GFS;1.00;2.50;112.0;13.4;0.00;66.0;GFS
vengeron;ICONGFS;2026-10-09T05:00;GFS;1.10;2.10;135.0;13.0;0.00;60.0;GFS
vengeron;ICONGFS;2026-10-09T06:00;GFS;1.00;1.70;169.0;12.4;0.00;45.0;GFS
vengeron;ICONGFS;2026-10-09T07:00;GFS;1.00;1.20;217.0;11.9;0.00;26.0;GFS
vengeron;ICONGFS;2026-10-09T08:00;GFS;1.00;1.40;217.0;12.0;0.00;12.0;GFS
vengeron;ICONGFS;2026-10-09T09:00;GFS;1.00;2.30;143.0;12.9;0.00;8.0;GFS
vengeron;ICONGFS;2026-10-09T10:00;GFS;2.60;3.90;103.0;14.4;0.00;10.0;GFS
vengeron;ICONGFS;2026-10-09T11:00;GFS;3.70;5.20;96.0;15.7;0.00;14.0;GFS
vengeron;ICONGFS;2026-10-09T12:00;GFS;3.90;5.80;87.0;16.3;0.00;17.0;GFS
vengeron;ICONGFS;2026-10-09T13:00;GFS;3.60;6.20;77.0;16.7;0.00;23.0;GFS
vengeron;ICONGFS;2026-10-09T14:00;GFS;2.80;6.40;56.0;17.0;0.00;33.0;GFS
vengeron;ICONGFS;2026-10-09T15:00;GFS;2.10;6.60;360.0;17.1;0.00;54.0;GFS
vengeron;ICONGFS;2026-10-09T16:00;GFS;4.10;6.60;315.0;17.1;0.00;80.0;GFS
vengeron;ICONGFS;2026-10-09T17:00;GFS;5.90;6.20;304.0;17.0;0.00;99.0;GFS
vengeron;ICONGFS;2026-10-09T18:00;GFS;5.70;5.20;305.0;16.7;0.00;100.0;GFS
vengeron;ICONGFS;2026-10-09T19:00;GFS;4.70;3.90;312.0;16.3;0.00;100.0;GFS
vengeron;ICONGFS;2026-10-09T20:00;GFS;3.90;2.90;319.0;15.8;0.00;100.0;GFS
vengeron;ICONGFS;2026-10-09T21:00;GFS;3.80;2.90;325.0;15.2;0.00;100.0;GFS
vengeron;ICONGFS;2026-10-09T22:00;GFS;3.90;3.30;333.0;14.5;0.00;100.0;GFS
vengeron;ICONGFS;2026-10-09T23:00;GFS;3.90;3.50;340.0;14.0;0.00;100.0;GFS
vengeron;ICONGFS;2026-10-10T00:00;GFS;3.40;3.10;347.0;13.6;0.00;100.0;GFS
vengeron;ICONGFS;2026-10-10T01:00;GFS;2.70;2.70;360.0;13.3;0.00;100.0;GFS
vengeron;ICONGFS;2026-10-10T02:00;GFS;2.20;2.30;15.0;13.0;0.00;100.0;GFS
vengeron;ICONGFS;2026-10-10T03:00;GFS;1.90;2.10;24.0;12.5;0.00;83.0;GFS
vengeron;ICONGFS;2026-10-10T04:00;GFS;1.60;2.30;30.0;12.0;0.00;60.0;GFS
vengeron;ICONGFS;2026-10-10T05:00;GFS;1.40;2.30;34.0;11.6;0.00;40.0;GFS
vengeron;ICONGFS;2026-10-10T06:00;GFS;1.40;2.30;45.0;11.2;0.00;26.0;GFS
vengeron;ICONGFS;2026-10-10T07:00;GFS;1.50;2.30;50.0;10.9;0.00;16.0;GFS
vengeron;ICONGFS;2026-10-10T08:00;GFS;1.80;2.70;58.0;11.1;0.00;9.0;GFS
vengeron;ICONGFS;2026-10-10T09:00;GFS;2.80;3.70;65.0;12.0;0.00;8.0;GFS
vengeron;ICONGFS;2026-10-10T10:00;GFS;4.10;5.10;73.0;13.5;0.00;11.0;GFS
vengeron;ICONGFS;2026-10-10T11:00;GFS;5.00;6.00;77.0;14.8;0.00;13.0;GFS
vengeron;ICONGFS;2026-10-10T12:00;GFS;4.90;6.00;81.0;15.7;0.00;13.0;GFS
vengeron;ICONGFS;2026-10-10T13:00;GFS;4.50;5.60;90.0;16.4;0.00;13.0;GFS
vengeron;ICONGFS;2026-10-10T14:00;GFS;4.10;5.10;95.0;17.1;0.00;15.0;GFS
vengeron;ICONGFS;2026-10-10T15:00;GFS;4.10;4.70;93.0;17.7;0.00;23.0;GFS
vengeron;ICONGFS;2026-10-10T16:00;GFS;4.30;4.30;87.0;18.1;0.00;33.0;GFS
vengeron;ICONGFS;2026-10-10T17:00;GFS;3.70;3.70;81.0;18.2;0.00;41.0;GFS
vengeron;ICONGFS;2026-10-10T18:00;GFS;2.20;2.90;63.0;17.5;0.00;46.0;GFS
vengeron;ICONGFS;2026-10-10T19:00;GFS;1.40;1.90;352.0;16.4;0.00;49.0;GFS
vengeron;ICONGFS;2026-10-10T20:00;GFS;2.40;1.60;305.0;15.4;0.00;47.0;GFS
vengeron;ICONGFS;2026-10-10T21:00;GFS;2.60;1.70;283.0;14.4;0.00;38.0;GFS
vengeron;ICONGFS;2026-10-10T22:00;GFS;2.60;2.50;261.0;13.5;0.00;25.0;GFS
vengeron;ICONGFS;2026-10-10T23:00;GFS;2.60;2.90;243.0;12.8;0.00;14.0;GFS
vengeron;ICONGFS;2026-10-11T00:00;GFS;2.50;2.70;238.0;12.2;0.00;8.0;GFS
vengeron;ICONGFS;2026-10-11T01:00;GFS;2.20;2.30;232.0;11.8;0.00;4.0;GFS
vengeron;ICONGFS;2026-10-11T02:00;GFS;1.90;1.90;233.0;11.5;0.00;2.0;GFS
vengeron;ICONGFS;2026-10-11T03:00;GFS;1.70;1.70;234.0;11.2;0.00;1.0;GFS
vengeron;ICONGFS;2026-10-11T04:00;GFS;1.60;1.60;240.0;10.9;0.00;2.0;GFS
vengeron;ICONGFS;2026-10-11T05:00;GFS;1.50;1.40;247.0;10.7;0.00;2.0;GFS
vengeron;ICONGFS;2026-10-11T06:00;GFS;1.50;1.40;247.0;10.3;0.00;2.0;GFS
vengeron;ICONGFS;2026-10-11T07:00;GFS;1.30;1.40;243.0;10.0;0.00;2.0;GFS
vengeron;ICONGFS;2026-10-11T08:00;GFS;1.10;1.40;239.0;10.2;0.00;2.0;GFS
vengeron;ICONGFS;2026-10-11T09:00;GFS;0.50;1.40;225.0;11.1;0.00;3.0;GFS
vengeron;ICONGFS;2026-10-11T10:00;GFS;0.30;1.60;135.0;12.6;0.00;4.0;GFS
vengeron;ICONGFS;2026-10-11T11:00;GFS;0.80;1.60;104.0;14.0;0.00;4.0;GFS
vengeron;ICONGFS;2026-10-11T12:00;GFS;1.20;1.60;108.0;15.2;0.00;3.0;GFS
vengeron;ICONGFS;2026-10-11T13:00;GFS;1.70;1.40;117.0;16.4;0.00;1.0;GFS
vengeron;ICONGFS;2026-10-11T14:00;GFS;2.20;1.40;117.0;17.4;0.00;0.0;GFS
vengeron;ICONGFS;2026-10-11T15:00;GFS;2.60;1.70;117.0;18.2;0.00;0.0;GFS
vengeron;ICONGFS;2026-10-11T16:00;GFS;2.80;2.10;115.0;18.9;0.00;0.0;GFS
vengeron;ICONGFS;2026-10-11T17:00;GFS;2.60;2.50;117.0;19.0;0.00;0.0;GFS
vengeron;ICONGFS;2026-10-11T18:00;GFS;1.70;2.70;126.0;18.3;0.00;1.0;GFS
vengeron;ICONGFS;2026-10-11T19:00;GFS;0.60;3.10;198.0;17.0;0.00;2.0;GFS
vengeron;ICONGFS;2026-10-11T20:00;GFS;1.70;3.30;249.0;15.9;0.00;4.0;GFS
vengeron;ICONGFS;2026-10-11T21:00;GFS;2.70;3.70;249.0;15.0;0.00;5.0;GFS
vengeron;ICONGFS;2026-10-11T22:00;GFS;3.70;4.10;242.0;14.2;0.00;7.0;GFS
vengeron;ICONGFS;2026-10-11T23:00;GFS;4.50;4.50;239.0;13.7;0.00;15.0;GFS
vengeron;ICONGFS;2026-10-12T00:00;GFS;5.00;4.90;234.0;13.4;0.00;36.0;GFS
vengeron;ICONGFS;2026-10-12T01:00;GFS;5.40;5.20;229.0;13.3;0.00;63.0;GFS
vengeron;ICONGFS;2026-10-12T02:00;GFS;5.80;5.40;228.0;13.3;0.00;84.0;GFS
vengeron;ICONGFS;2026-10-12T03:00;GFS;6.10;5.60;230.0;13.2;0.00;94.0;GFS
vengeron;ICONGFS;2026-10-12T04:00;GFS;6.40;5.60;235.0;13.1;0.00;98.0;GFS
vengeron;ICONGFS;2026-10-12T05:00;GFS;6.50;5.60;237.0;13.0;0.00;100.0;GFS
vengeron;ICONGFS;2026-10-12T06:00;GFS;6.40;5.60;239.0;12.7;0.00;100.0;GFS
vengeron;ICONGFS;2026-10-12T07:00;GFS;6.00;5.60;237.0;12.5;0.00;100.0;GFS
vengeron;ICONGFS;2026-10-12T08:00;GFS;5.90;5.60;236.0;12.8;0.00;100.0;GFS
vengeron;ICONGFS;2026-10-12T09:00;GFS;5.80;6.00;233.0;13.8;0.00;100.0;GFS
vengeron;ICONGFS;2026-10-12T10:00;GFS;5.80;6.40;230.0;15.3;0.00;100.0;GFS
vengeron;ICONGFS;2026-10-12T11:00;GFS;5.70;6.80;229.0;16.8;0.00;100.0;GFS
vengeron;ICONGFS;2026-10-12T12:00;GFS;5.40;7.20;226.0;18.1;0.00;100.0;GFS
vengeron;ICONGFS;2026-10-12T13:00;GFS;5.10;7.40;227.0;19.4;0.00;100.0;GFS
vengeron;ICONGFS;2026-10-12T14:00;GFS;4.70;7.60;228.0;20.3;0.00;100.0;GFS
vengeron;ICONGFS;2026-10-12T15:00;GFS;4.30;7.60;240.0;20.8;0.00;84.0;GFS
vengeron;ICONGFS;2026-10-12T16:00;GFS;4.20;7.40;259.0;20.9;0.00;61.0;GFS
vengeron;ICONGFS;2026-10-12T17:00;GFS;4.50;7.00;275.0;20.5;0.00;42.0;GFS
vengeron;ICONGFS;2026-10-12T18:00;GFS;4.90;6.00;286.0;19.0;0.00;28.0;GFS
vengeron;ICONGFS;2026-10-12T19:00;GFS;5.10;4.70;293.0;16.8;0.00;19.0;GFS
vengeron;ICONGFS;2026-10-12T20:00;GFS;5.00;3.50;298.0;15.1;0.00;18.0;GFS
vengeron;ICONGFS;2026-10-12T21:00;GFS;4.10;2.50;301.0;14.1;0.00;35.0;GFS
vengeron;ICONGFS;2026-10-12T22:00;GFS;2.80;1.90;304.0;13.5;0.00;62.0;GFS
vengeron;ICONGFS;2026-10-12T23:00;GFS;1.70;1.40;306.0;13.1;0.00;77.0;GFS
wwmeyzieu;ICONGFS;2026-09-27T00:00;ICONCH1;2.30;5.40;160.0;17.9;0.00;0.0;ICONCH1
wwmeyzieu;ICONGFS;2026-09-27T01:00;ICONCH1;1.80;3.10;122.0;16.8;0.00;0.0;ICONCH1
wwmeyzieu;ICONGFS;2026-09-27T02:00;ICONCH1;1.00;1.40;127.0;17.1;0.00;0.0;ICONCH1
wwmeyzieu;ICONGFS;2026-09-27T03:00;ICONCH1;1.80;2.30;77.0;15.3;0.00;0.0;ICONCH1
wwmeyzieu;ICONGFS;2026-09-27T04:00;ICONCH1;2.00;2.90;73.0;14.6;0.00;0.0;ICONCH1
wwmeyzieu;ICONGFS;2026-09-27T05:00;ICONCH1;2.10;2.90;90.0;14.7;0.00;0.0;ICONCH1
wwmeyzieu;ICONGFS;2026-09-27T06:00;ICONCH1;1.40;3.30;82.0;14.9;0.00;39.0;ICONCH1
wwmeyzieu;ICONGFS;2026-09-27T07:00;ICONCH1;2.00;2.50;84.0;14.5;0.00;66.0;ICONCH1
wwmeyzieu;ICONGFS;2026-09-27T08:00;ICONCH1;1.80;2.30;96.0;15.8;0.00;84.0;ICONCH1
wwmeyzieu;ICONGFS;2026-09-27T09:00;ICONCH1;1.10;2.70;135.0;17.2;0.00;81.0;ICONCH1
wwmeyzieu;ICONGFS;2026-09-27T10:00;ICONCH1;2.30;4.10;204.0;19.0;0.00;55.0;ICONCH1
wwmeyzieu;ICONGFS;2026-09-27T11:00;ICONCH1;12.30;19.80;183.0;22.9;0.00;33.0;ICONCH1
wwmeyzieu;ICONGFS;2026-09-27T12:00;ICONCH1;11.90;19.20;183.0;24.9;0.00;78.0;ICONCH1
wwmeyzieu;ICONGFS;2026-09-27T13:00;ICONCH1;12.30;19.40;184.0;26.4;0.00;0.0;ICONCH1
wwmeyzieu;ICONGFS;2026-09-27T14:00;ICONCH1;12.30;19.80;184.0;27.5;0.00;0.0;ICONCH1
wwmeyzieu;ICONGFS;2026-09-27T15:00;ICONCH1;12.60;19.80;182.0;28.5;0.00;0.0;ICONCH1
wwmeyzieu;ICONGFS;2026-09-27T16:00;ICONCH1;12.60;20.40;181.0;29.0;0.00;0.0;ICONCH1
wwmeyzieu;ICONGFS;2026-09-27T17:00;ICONCH1;11.90;20.00;180.0;28.8;0.00;0.0;ICONCH1
wwmeyzieu;ICONGFS;2026-09-27T18:00;ICONCH1;9.90;18.70;178.0;28.4;0.00;60.0;ICONCH1
wwmeyzieu;ICONGFS;2026-09-27T19:00;ICONCH1;7.40;15.60;162.0;27.3;0.00;87.0;ICONCH1
wwmeyzieu;ICONGFS;2026-09-27T20:00;ICONCH1;4.30;11.30;108.0;24.6;0.00;31.0;ICONCH1
wwmeyzieu;ICONGFS;2026-09-27T21:00;ICONCH1;3.90;7.60;123.0;23.3;0.00;100.0;ICONCH1
wwmeyzieu;ICONGFS;2026-09-27T22:00;ICONCH1;4.80;7.40;140.0;22.4;0.00;64.0;ICONCH1
wwmeyzieu;ICONGFS;2026-09-27T23:00;ICONCH1;4.90;8.00;135.0;21.7;0.00;87.0;ICONCH1
wwmeyzieu;ICONGFS;2026-09-28T00:00;ICONCH1;3.90;7.60;180.0;21.3;0.00;94.0;ICONCH1
wwmeyzieu;ICONGFS;2026-09-28T01:00;ICONCH1;4.40;7.80;165.0;20.5;0.00;67.0;ICONCH1
wwmeyzieu;ICONGFS;2026-09-28T02:00;ICONCH1;4.50;7.00;146.0;19.8;0.00;96.0;ICONCH1
wwmeyzieu;ICONGFS;2026-09-28T03:00;ICONCH1;4.50;7.20;146.0;19.3;0.00;85.0;ICONCH1
wwmeyzieu;ICONGFS;2026-09-28T04:00;ICONCH1;5.20;8.00;135.0;19.1;0.00;94.0;ICONCH1
wwmeyzieu;ICONGFS;2026-09-28T05:00;ICONCH1;5.60;8.70;134.0;19.0;0.00;88.0;ICONCH1
wwmeyzieu;ICONGFS;2026-09-28T06:00;ICONCH1;4.70;8.70;138.0;18.6;0.00;96.0;ICONCH1
wwmeyzieu;ICONGFS;2026-09-28T07:00;ICONCH1;4.70;7.80;135.0;18.1;0.00;100.0;ICONCH1
wwmeyzieu;ICONGFS;2026-09-28T08:00;ICONCH1;4.80;7.60;137.0;17.9;0.00;100.0;ICONCH1
wwmeyzieu;ICONGFS;2026-09-28T09:00;ICONCH1;3.70;7.80;148.0;18.7;0.00;72.0;ICONCH1
wwmeyzieu;ICONGFS;2026-09-28T10:00;ICONCH1;6.50;10.30;170.0;21.0;0.00;83.0;ICONCH1
wwmeyzieu;ICONGFS;2026-09-28T11:00;ICONCH1;9.70;15.40;178.0;23.3;0.00;86.0;ICONCH1
wwmeyzieu;ICONGFS;2026-09-28T12:00;ICONCH1;10.70;20.00;181.0;24.8;0.00;100.0;ICONCH1
wwmeyzieu;ICONGFS;2026-09-28T13:00;ICONCH1;11.50;19.20;183.0;26.1;0.00;86.0;ICONCH1
wwmeyzieu;ICONGFS;2026-09-28T14:00;ICONCH1;10.90;18.30;177.0;27.2;0.00;96.0;ICONCH1
wwmeyzieu;ICONGFS;2026-09-28T15:00;ICONCH1;11.50;18.70;180.0;28.3;0.00;100.0;ICONCH1
wwmeyzieu;ICONGFS;2026-09-28T16:00;ICONCH1;9.80;18.10;193.0;28.8;0.00;100.0;ICONCH1
wwmeyzieu;ICONGFS;2026-09-28T17:00;ICONCH1;12.70;20.60;184.0;28.1;0.00;100.0;ICONCH1
wwmeyzieu;ICONGFS;2026-09-28T18:00;ICONCH2;9.30;20.80;179.0;27.2;0.00;100.0;ICONCH2
wwmeyzieu;ICONGFS;2026-09-28T19:00;ICONCH2;7.30;17.50;164.0;25.8;0.00;100.0;ICONCH2
wwmeyzieu;ICONGFS;2026-09-28T20:00;ICONCH2;6.40;13.60;151.0;24.1;0.00;100.0;ICONCH2
wwmeyzieu;ICONGFS;2026-09-28T21:00;ICONCH2;6.40;12.40;149.0;22.7;0.00;86.0;ICONCH2
wwmeyzieu;ICONGFS;2026-09-28T22:00;ICONCH2;6.70;12.40;147.0;21.6;0.00;87.0;ICONCH2
wwmeyzieu;ICONGFS;2026-09-28T23:00;ICONCH2;6.90;12.60;155.0;21.1;0.00;22.0;ICONCH2
wwmeyzieu;ICONGFS;2026-09-29T00:00;ICONCH2;7.10;13.00;169.0;20.4;0.00;75.0;ICONCH2
wwmeyzieu;ICONGFS;2026-09-29T01:00;ICONCH2;7.60;14.00;180.0;19.7;0.00;64.0;ICONCH2
wwmeyzieu;ICONGFS;2026-09-29T02:00;ICONCH2;7.60;14.40;183.0;19.4;0.00;100.0;ICONCH2
wwmeyzieu;ICONGFS;2026-09-29T03:00;ICONCH2;7.60;14.40;179.0;19.3;0.00;100.0;ICONCH2
wwmeyzieu;ICONGFS;2026-09-29T04:00;ICONCH2;7.70;14.60;170.0;19.1;0.00;100.0;ICONCH2
wwmeyzieu;ICONGFS;2026-09-29T05:00;ICONCH2;7.80;14.80;166.0;18.8;0.00;100.0;ICONCH2
wwmeyzieu;ICONGFS;2026-09-29T06:00;ICONCH2;6.40;14.40;157.0;18.4;0.00;100.0;ICONCH2
wwmeyzieu;ICONGFS;2026-09-29T07:00;ICONCH2;5.60;11.90;144.0;17.8;0.00;100.0;ICONCH2
wwmeyzieu;ICONGFS;2026-09-29T08:00;ICONCH2;5.70;10.50;139.0;17.4;0.00;100.0;ICONCH2
wwmeyzieu;ICONGFS;2026-09-29T09:00;ICONCH2;5.70;10.50;142.0;18.2;0.00;100.0;ICONCH2
wwmeyzieu;ICONGFS;2026-09-29T10:00;ICONCH2;5.80;11.10;154.0;20.1;0.00;100.0;ICONCH2
wwmeyzieu;ICONGFS;2026-09-29T11:00;ICONCH2;7.80;15.20;179.0;22.6;0.00;100.0;ICONCH2
wwmeyzieu;ICONGFS;2026-09-29T12:00;ICONCH2;10.80;20.80;188.0;25.2;0.00;94.0;ICONCH2
wwmeyzieu;ICONGFS;2026-09-29T13:00;ICONCH2;11.90;22.90;192.0;27.1;0.00;100.0;ICONCH2
wwmeyzieu;ICONGFS;2026-09-29T14:00;ICONCH2;12.80;24.50;193.0;27.8;0.00;100.0;ICONCH2
wwmeyzieu;ICONGFS;2026-09-29T15:00;ICONCH2;13.50;25.70;191.0;28.7;0.00;100.0;ICONCH2
wwmeyzieu;ICONGFS;2026-09-29T16:00;ICONCH2;12.50;25.70;192.0;28.8;0.00;100.0;ICONCH2
wwmeyzieu;ICONGFS;2026-09-29T17:00;ICONCH2;11.60;23.70;198.0;28.1;0.00;100.0;ICONCH2
wwmeyzieu;ICONGFS;2026-09-29T18:00;ICONCH2;9.70;22.00;199.0;27.4;0.00;100.0;ICONCH2
wwmeyzieu;ICONGFS;2026-09-29T19:00;ICONCH2;9.30;18.90;197.0;26.0;0.00;100.0;ICONCH2
wwmeyzieu;ICONGFS;2026-09-29T20:00;ICONCH2;7.00;17.50;185.0;24.7;0.00;100.0;ICONCH2
wwmeyzieu;ICONGFS;2026-09-29T21:00;ICONCH2;4.90;13.00;180.0;23.6;0.00;99.0;ICONCH2
wwmeyzieu;ICONGFS;2026-09-29T22:00;ICONCH2;8.40;15.60;184.0;23.2;0.00;90.0;ICONCH2
wwmeyzieu;ICONGFS;2026-09-29T23:00;ICONCH2;10.50;20.20;180.0;22.7;0.00;79.0;ICONCH2
wwmeyzieu;ICONGFS;2026-09-30T00:00;ICONCH2;8.00;19.80;183.0;22.2;0.00;62.0;ICONCH2
wwmeyzieu;ICONGFS;2026-09-30T01:00;ICONCH2;8.20;15.60;177.0;21.8;0.00;88.0;ICONCH2
wwmeyzieu;ICONGFS;2026-09-30T02:00;ICONCH2;6.70;18.50;172.0;21.6;0.00;100.0;ICONCH2
wwmeyzieu;ICONGFS;2026-09-30T03:00;ICONCH2;6.70;12.60;154.0;21.2;0.00;100.0;ICONCH2
wwmeyzieu;ICONGFS;2026-09-30T04:00;ICONCH2;7.00;12.80;157.0;20.9;0.00;71.0;ICONCH2
wwmeyzieu;ICONGFS;2026-09-30T05:00;ICONCH2;5.80;12.80;168.0;20.0;0.00;44.0;ICONCH2
wwmeyzieu;ICONGFS;2026-09-30T06:00;ICONCH2;4.70;10.70;145.0;19.2;0.00;67.0;ICONCH2
wwmeyzieu;ICONGFS;2026-09-30T07:00;ICONCH2;4.30;8.90;126.0;18.6;0.00;79.0;ICONCH2
wwmeyzieu;ICONGFS;2026-09-30T08:00;ICONCH2;4.40;8.70;119.0;18.5;0.00;75.0;ICONCH2
wwmeyzieu;ICONGFS;2026-09-30T09:00;ICONCH2;4.00;8.20;129.0;19.2;0.00;32.0;ICONCH2
wwmeyzieu;ICONGFS;2026-09-30T10:00;ICONCH2;6.30;12.20;171.0;21.9;0.00;73.0;ICONCH2
wwmeyzieu;ICONGFS;2026-09-30T11:00;ICONCH2;9.90;19.20;182.0;24.7;0.00;20.0;ICONCH2
wwmeyzieu;ICONGFS;2026-09-30T12:00;ICONCH2;11.00;21.20;188.0;26.3;0.00;87.0;ICONCH2
wwmeyzieu;ICONGFS;2026-09-30T13:00;ICONCH2;12.40;23.90;194.0;27.8;0.00;72.0;ICONCH2
wwmeyzieu;ICONGFS;2026-09-30T14:00;ICONCH2;13.20;25.70;193.0;27.7;0.00;85.0;ICONCH2
wwmeyzieu;ICONGFS;2026-09-30T15:00;ICONCH2;13.60;26.80;194.0;27.7;0.00;87.0;ICONCH2
wwmeyzieu;ICONGFS;2026-09-30T16:00;ICONCH2;14.30;27.40;187.0;27.8;0.00;100.0;ICONCH2
wwmeyzieu;ICONGFS;2026-09-30T17:00;ICONCH2;11.50;27.40;196.0;27.4;0.00;99.0;ICONCH2
wwmeyzieu;ICONGFS;2026-09-30T18:00;ICONCH2;13.30;26.00;193.0;26.7;0.00;100.0;ICONCH2
wwmeyzieu;ICONGFS;2026-09-30T19:00;ICONCH2;10.30;24.90;200.0;25.8;0.00;100.0;ICONCH2
wwmeyzieu;ICONGFS;2026-09-30T20:00;ICONCH2;9.00;19.60;198.0;24.6;0.00;100.0;ICONCH2
wwmeyzieu;ICONGFS;2026-09-30T21:00;ICONCH2;8.60;17.10;186.0;23.7;0.00;100.0;ICONCH2
wwmeyzieu;ICONGFS;2026-09-30T22:00;ICONCH2;8.20;16.10;184.0;23.0;0.00;100.0;ICONCH2
wwmeyzieu;ICONGFS;2026-09-30T23:00;ICONCH2;7.70;16.10;190.0;22.4;0.00;100.0;ICONCH2
wwmeyzieu;ICONGFS;2026-10-01T00:00;ICONCH2;6.80;14.80;180.0;22.1;0.00;100.0;ICONCH2
wwmeyzieu;ICONGFS;2026-10-01T01:00;ICONCH2;6.50;13.00;173.0;21.9;0.00;100.0;ICONCH2
wwmeyzieu;ICONGFS;2026-10-01T02:00;ICONCH2;5.20;12.40;165.0;21.5;0.00;100.0;ICONCH2
wwmeyzieu;ICONGFS;2026-10-01T03:00;ICONCH2;3.70;9.90;171.0;21.4;0.00;99.0;ICONCH2
wwmeyzieu;ICONGFS;2026-10-01T04:00;ICONCH2;5.50;10.30;174.0;21.5;0.00;100.0;ICONCH2
wwmeyzieu;ICONGFS;2026-10-01T05:00;ICONCH2;4.70;10.10;171.0;21.3;0.00;99.0;ICONCH2
wwmeyzieu;ICONGFS;2026-10-01T06:00;ICONCH2;4.60;8.90;168.0;21.0;0.00;100.0;ICONCH2
wwmeyzieu;ICONGFS;2026-10-01T07:00;ICONCH2;4.10;8.70;161.0;20.8;0.00;96.0;ICONCH2
wwmeyzieu;ICONGFS;2026-10-01T08:00;ICONCH2;4.10;8.00;161.0;20.6;0.00;99.0;ICONCH2
wwmeyzieu;ICONGFS;2026-10-01T09:00;ICONCH2;4.30;8.40;175.0;21.1;0.00;100.0;ICONCH2
wwmeyzieu;ICONGFS;2026-10-01T10:00;ICONCH2;5.30;10.30;190.0;22.1;0.00;100.0;ICONCH2
wwmeyzieu;ICONGFS;2026-10-01T11:00;ICONCH2;7.00;13.40;203.0;22.9;0.00;100.0;ICONCH2
wwmeyzieu;ICONGFS;2026-10-01T12:00;ICONCH2;9.20;17.70;205.0;23.8;0.00;100.0;ICONCH2
wwmeyzieu;ICONGFS;2026-10-01T13:00;ICONCH2;6.90;17.70;198.0;23.5;0.20;100.0;ICONCH2
wwmeyzieu;ICONGFS;2026-10-01T14:00;ICONCH2;10.10;19.20;190.0;23.6;0.10;100.0;ICONCH2
wwmeyzieu;ICONGFS;2026-10-01T15:00;ICONCH2;13.50;25.90;187.0;23.2;0.00;100.0;ICONCH2
wwmeyzieu;ICONGFS;2026-10-01T16:00;ICONCH2;13.50;26.60;186.0;22.8;0.00;100.0;ICONCH2
wwmeyzieu;ICONGFS;2026-10-01T17:00;ICONCH2;11.90;25.50;184.0;22.7;0.00;100.0;ICONCH2
wwmeyzieu;ICONGFS;2026-10-01T18:00;ICONCH2;9.80;22.90;188.0;22.7;0.00;100.0;ICONCH2
wwmeyzieu;ICONGFS;2026-10-01T19:00;ICONCH2;1.10;18.70;315.0;21.5;0.40;100.0;ICONCH2
wwmeyzieu;ICONGFS;2026-10-01T20:00;ICONCH2;0.70;4.50;56.0;19.5;2.20;100.0;ICONCH2
wwmeyzieu;ICONGFS;2026-10-01T21:00;ICONCH2;2.10;7.80;95.0;19.1;2.20;100.0;ICONCH2
wwmeyzieu;ICONGFS;2026-10-01T22:00;ICONCH2;3.10;7.00;30.0;18.3;0.10;100.0;ICONCH2
wwmeyzieu;ICONGFS;2026-10-01T23:00;ICONCH2;1.40;6.00;45.0;18.4;0.00;100.0;ICONCH2
wwmeyzieu;ICONGFS;2026-10-02T00:00;ICON13KM;5.50;9.90;333.0;17.3;0.00;93.0;ICON13KM
wwmeyzieu;ICONGFS;2026-10-02T01:00;ICON13KM;5.70;10.30;338.0;16.8;0.00;87.0;ICON13KM
wwmeyzieu;ICONGFS;2026-10-02T02:00;ICON13KM;5.60;10.30;340.0;16.4;0.00;82.0;ICON13KM
wwmeyzieu;ICONGFS;2026-10-02T03:00;ICON13KM;5.20;9.90;340.0;16.1;0.00;81.0;ICON13KM
wwmeyzieu;ICONGFS;2026-10-02T04:00;ICON13KM;4.60;9.10;340.0;15.8;0.00;80.0;ICON13KM
wwmeyzieu;ICONGFS;2026-10-02T05:00;ICON13KM;4.10;8.60;341.0;15.5;0.00;79.0;ICON13KM
wwmeyzieu;ICONGFS;2026-10-02T06:00;ICON13KM;4.10;8.20;343.0;15.3;0.00;81.0;ICON13KM
wwmeyzieu;ICONGFS;2026-10-02T07:00;ICON13KM;4.20;7.80;349.0;15.2;0.00;84.0;ICON13KM
wwmeyzieu;ICONGFS;2026-10-02T08:00;ICON13KM;4.30;7.60;352.0;15.1;0.00;86.0;ICON13KM
wwmeyzieu;ICONGFS;2026-10-02T09:00;ICON13KM;6.00;10.90;347.0;14.9;0.00;73.0;ICON13KM
wwmeyzieu;ICONGFS;2026-10-02T10:00;ICON13KM;8.50;15.90;348.0;15.9;0.00;72.0;ICON13KM
wwmeyzieu;ICONGFS;2026-10-02T11:00;ICON13KM;10.50;19.60;349.0;17.0;0.00;71.0;ICON13KM
wwmeyzieu;ICONGFS;2026-10-02T12:00;ICON13KM;11.20;21.00;352.0;18.0;0.00;75.0;ICON13KM
wwmeyzieu;ICONGFS;2026-10-02T13:00;ICON13KM;11.10;21.20;356.0;19.1;0.00;78.0;ICON13KM
wwmeyzieu;ICONGFS;2026-10-02T14:00;ICON13KM;10.90;20.80;359.0;20.0;0.00;82.0;ICON13KM
wwmeyzieu;ICONGFS;2026-10-02T15:00;ICON13KM;10.70;20.20;359.0;20.5;0.00;84.0;ICON13KM
wwmeyzieu;ICONGFS;2026-10-02T16:00;ICON13KM;10.30;19.20;359.0;20.8;0.00;86.0;ICON13KM
wwmeyzieu;ICONGFS;2026-10-02T17:00;ICON13KM;9.70;18.30;357.0;20.8;0.00;88.0;ICON13KM
wwmeyzieu;ICONGFS;2026-10-02T18:00;ICON13KM;8.90;17.30;351.0;20.3;0.00;82.0;ICON13KM
wwmeyzieu;ICONGFS;2026-10-02T19:00;ICON13KM;7.70;16.10;344.0;19.5;0.00;77.0;ICON13KM
wwmeyzieu;ICONGFS;2026-10-02T20:00;ICON13KM;6.60;14.60;336.0;18.6;0.00;71.0;ICON13KM
wwmeyzieu;ICONGFS;2026-10-02T21:00;ICON13KM;5.40;12.20;334.0;17.7;0.00;59.0;ICON13KM
wwmeyzieu;ICONGFS;2026-10-02T22:00;ICON13KM;3.90;9.70;333.0;16.8;0.00;47.0;ICON13KM
wwmeyzieu;ICONGFS;2026-10-02T23:00;ICON13KM;2.70;7.20;339.0;16.0;0.00;35.0;ICON13KM
wwmeyzieu;ICONGFS;2026-10-03T00:00;ICON13KM;2.00;5.10;343.0;15.5;0.00;48.0;ICON13KM
wwmeyzieu;ICONGFS;2026-10-03T01:00;ICON13KM;1.60;3.10;353.0;15.1;0.00;62.0;ICON13KM
wwmeyzieu;ICONGFS;2026-10-03T02:00;ICON13KM;1.20;1.90;9.0;14.8;0.00;75.0;ICON13KM
wwmeyzieu;ICONGFS;2026-10-03T03:00;ICON13KM;1.00;1.70;37.0;14.4;0.00;72.0;ICON13KM
wwmeyzieu;ICONGFS;2026-10-03T04:00;ICON13KM;1.00;2.10;53.0;14.1;0.00;69.0;ICON13KM
wwmeyzieu;ICONGFS;2026-10-03T05:00;ICON13KM;1.00;2.30;68.0;13.8;0.00;66.0;ICON13KM
wwmeyzieu;ICONGFS;2026-10-03T06:00;ICON13KM;0.80;1.90;76.0;13.4;0.00;61.0;ICON13KM
wwmeyzieu;ICONGFS;2026-10-03T07:00;ICON13KM;0.60;1.40;108.0;13.0;0.00;55.0;ICON13KM
wwmeyzieu;ICONGFS;2026-10-03T08:00;ICON13KM;0.80;1.60;135.0;13.2;0.00;50.0;ICON13KM
wwmeyzieu;ICONGFS;2026-10-03T09:00;ICON13KM;1.50;2.50;130.0;14.4;0.00;35.0;ICON13KM
wwmeyzieu;ICONGFS;2026-10-03T10:00;ICON13KM;2.50;4.10;122.0;16.3;0.00;20.0;ICON13KM
wwmeyzieu;ICONGFS;2026-10-03T11:00;ICON13KM;3.70;7.20;137.0;18.3;0.00;5.0;ICON13KM
wwmeyzieu;ICONGFS;2026-10-03T12:00;ICON13KM;6.50;13.20;164.0;20.5;0.00;5.0;ICON13KM
wwmeyzieu;ICONGFS;2026-10-03T13:00;ICON13KM;10.70;20.60;178.0;22.8;0.00;4.0;ICON13KM
wwmeyzieu;ICONGFS;2026-10-03T14:00;ICON13KM;13.80;26.00;183.0;24.4;0.00;4.0;ICON13KM
wwmeyzieu;ICONGFS;2026-10-03T15:00;ICON13KM;14.60;28.00;185.0;25.2;0.00;21.0;ICON13KM
wwmeyzieu;ICONGFS;2026-10-03T16:00;ICON13KM;14.30;27.80;185.0;25.2;0.00;39.0;ICON13KM
wwmeyzieu;ICONGFS;2026-10-03T17:00;ICON13KM;13.10;26.60;185.0;24.8;0.00;56.0;ICON13KM
wwmeyzieu;ICONGFS;2026-10-03T18:00;ICON13KM;11.10;24.10;182.0;23.7;0.00;71.0;ICON13KM
wwmeyzieu;ICONGFS;2026-10-03T19:00;ICON13KM;8.40;20.40;176.0;22.2;0.00;85.0;ICON13KM
wwmeyzieu;ICONGFS;2026-10-03T20:00;ICON13KM;6.40;16.70;166.0;20.7;0.00;100.0;ICON13KM
wwmeyzieu;ICONGFS;2026-10-03T21:00;ICON13KM;5.20;13.20;158.0;19.6;0.00;100.0;ICON13KM
wwmeyzieu;ICONGFS;2026-10-03T22:00;ICON13KM;4.60;9.90;152.0;18.7;0.00;100.0;ICON13KM
wwmeyzieu;ICONGFS;2026-10-03T23:00;ICON13KM;4.20;7.60;146.0;18.0;0.00;100.0;ICON13KM
wwmeyzieu;ICONGFS;2026-10-04T00:00;ICON13KM;4.20;7.00;146.0;17.6;0.00;100.0;ICON13KM
wwmeyzieu;ICONGFS;2026-10-04T01:00;ICON13KM;4.40;7.40;151.0;17.4;0.00;100.0;ICON13KM
wwmeyzieu;ICONGFS;2026-10-04T02:00;ICON13KM;4.30;7.60;153.0;17.2;0.00;100.0;ICON13KM
wwmeyzieu;ICONGFS;2026-10-04T03:00;ICON13KM;3.80;7.00;150.0;17.0;0.00;91.0;ICON13KM
wwmeyzieu;ICONGFS;2026-10-04T04:00;ICON13KM;3.30;6.20;140.0;16.8;0.00;81.0;ICON13KM
wwmeyzieu;ICONGFS;2026-10-04T05:00;ICON13KM;2.90;5.60;132.0;16.4;0.00;72.0;ICON13KM
wwmeyzieu;ICONGFS;2026-10-04T06:00;ICON13KM;2.60;5.20;126.0;15.6;0.00;54.0;ICON13KM
wwmeyzieu;ICONGFS;2026-10-04T07:00;ICON13KM;2.60;5.10;126.0;14.7;0.00;35.0;ICON13KM
wwmeyzieu;ICONGFS;2026-10-04T08:00;ICON13KM;2.80;5.40;129.0;14.6;0.00;17.0;ICON13KM
wwmeyzieu;ICONGFS;2026-10-04T09:00;ICON13KM;3.40;6.60;133.0;16.0;0.00;15.0;ICON13KM
wwmeyzieu;ICONGFS;2026-10-04T10:00;ICON13KM;4.50;8.60;137.0;18.2;0.00;14.0;ICON13KM
wwmeyzieu;ICONGFS;2026-10-04T11:00;ICON13KM;5.60;10.90;146.0;20.3;0.00;12.0;ICON13KM
wwmeyzieu;ICONGFS;2026-10-04T12:00;ICON13KM;6.90;14.00;164.0;22.0;0.00;41.0;ICON13KM
wwmeyzieu;ICONGFS;2026-10-04T13:00;ICON13KM;8.90;17.50;180.0;23.5;0.00;71.0;ICON13KM
wwmeyzieu;ICONGFS;2026-10-04T14:00;ICON13KM;10.80;20.00;187.0;24.5;0.00;100.0;ICON13KM
wwmeyzieu;ICONGFS;2026-10-04T15:00;GFS;4.10;6.40;278.0;15.2;0.30;100.0;GFS
wwmeyzieu;ICONGFS;2026-10-04T16:00;GFS;3.20;6.20;259.0;14.9;0.30;100.0;GFS
wwmeyzieu;ICONGFS;2026-10-04T17:00;GFS;2.80;5.60;236.0;14.7;0.30;100.0;GFS
wwmeyzieu;ICONGFS;2026-10-04T18:00;GFS;2.20;4.10;225.0;14.6;0.30;100.0;GFS
wwmeyzieu;ICONGFS;2026-10-04T19:00;GFS;1.20;2.30;219.0;14.6;0.30;100.0;GFS
wwmeyzieu;ICONGFS;2026-10-04T20:00;GFS;0.80;1.20;194.0;14.5;0.30;100.0;GFS
wwmeyzieu;ICONGFS;2026-10-04T21:00;GFS;1.20;1.60;180.0;14.3;0.00;94.0;GFS
wwmeyzieu;ICONGFS;2026-10-04T22:00;GFS;1.80;2.50;174.0;14.0;0.00;84.0;GFS
wwmeyzieu;ICONGFS;2026-10-04T23:00;GFS;2.10;3.10;175.0;13.8;0.00;71.0;GFS
wwmeyzieu;ICONGFS;2026-10-05T00:00;GFS;2.10;2.70;175.0;13.6;0.00;51.0;GFS
wwmeyzieu;ICONGFS;2026-10-05T01:00;GFS;1.80;2.10;174.0;13.4;0.00;27.0;GFS
wwmeyzieu;ICONGFS;2026-10-05T02:00;GFS;1.60;1.60;173.0;13.2;0.00;13.0;GFS
wwmeyzieu;ICONGFS;2026-10-05T03:00;GFS;1.60;1.40;180.0;13.0;0.00;13.0;GFS
wwmeyzieu;ICONGFS;2026-10-05T04:00;GFS;1.40;1.40;180.0;12.8;0.00;22.0;GFS
wwmeyzieu;ICONGFS;2026-10-05T05:00;GFS;1.40;1.40;188.0;12.7;0.00;35.0;GFS
wwmeyzieu;ICONGFS;2026-10-05T06:00;GFS;1.20;1.20;189.0;12.4;0.00;55.0;GFS
wwmeyzieu;ICONGFS;2026-10-05T07:00;GFS;1.00;0.80;180.0;12.2;0.00;79.0;GFS
wwmeyzieu;ICONGFS;2026-10-05T08:00;GFS;0.80;0.60;180.0;12.4;0.00;97.0;GFS
wwmeyzieu;ICONGFS;2026-10-05T09:00;GFS;0.60;0.40;180.0;13.2;0.00;100.0;GFS
wwmeyzieu;ICONGFS;2026-10-05T10:00;GFS;0.20;0.40;180.0;14.4;0.00;100.0;GFS
wwmeyzieu;ICONGFS;2026-10-05T11:00;GFS;0.40;0.80;27.0;15.7;0.00;100.0;GFS
wwmeyzieu;ICONGFS;2026-10-05T12:00;GFS;1.20;1.60;18.0;17.1;0.00;99.0;GFS
wwmeyzieu;ICONGFS;2026-10-05T13:00;GFS;2.30;2.70;20.0;18.6;0.00;98.0;GFS
wwmeyzieu;ICONGFS;2026-10-05T14:00;GFS;3.30;3.90;17.0;19.7;0.00;97.0;GFS
wwmeyzieu;ICONGFS;2026-10-05T15:00;GFS;4.00;4.50;14.0;20.3;0.00;98.0;GFS
wwmeyzieu;ICONGFS;2026-10-05T16:00;GFS;4.70;5.10;9.0;20.6;0.00;99.0;GFS
wwmeyzieu;ICONGFS;2026-10-05T17:00;GFS;5.30;6.40;4.0;20.5;0.00;100.0;GFS
wwmeyzieu;ICONGFS;2026-10-05T18:00;GFS;5.40;9.30;360.0;19.8;0.00;100.0;GFS
wwmeyzieu;ICONGFS;2026-10-05T19:00;GFS;5.50;12.80;354.0;18.7;0.00;100.0;GFS
wwmeyzieu;ICONGFS;2026-10-05T20:00;GFS;5.40;15.20;347.0;17.8;0.00;100.0;GFS
wwmeyzieu;ICONGFS;2026-10-05T21:00;GFS;4.90;14.80;342.0;17.2;0.00;100.0;GFS
wwmeyzieu;ICONGFS;2026-10-05T22:00;GFS;4.50;13.20;335.0;16.7;0.00;100.0;GFS
wwmeyzieu;ICONGFS;2026-10-05T23:00;GFS;4.30;12.10;330.0;16.3;0.00;100.0;GFS
wwmeyzieu;ICONGFS;2026-10-06T00:00;GFS;4.20;12.10;332.0;15.7;0.00;100.0;GFS
wwmeyzieu;ICONGFS;2026-10-06T01:00;GFS;4.40;12.40;339.0;15.1;0.00;100.0;GFS
wwmeyzieu;ICONGFS;2026-10-06T02:00;GFS;4.60;12.60;345.0;14.7;0.00;100.0;GFS
wwmeyzieu;ICONGFS;2026-10-06T03:00;GFS;5.00;12.10;349.0;14.4;0.00;100.0;GFS
wwmeyzieu;ICONGFS;2026-10-06T04:00;GFS;5.30;11.10;350.0;14.2;0.00;100.0;GFS
wwmeyzieu;ICONGFS;2026-10-06T05:00;GFS;5.50;10.50;352.0;14.0;0.00;100.0;GFS
wwmeyzieu;ICONGFS;2026-10-06T06:00;GFS;5.70;10.70;356.0;13.6;0.00;100.0;GFS
wwmeyzieu;ICONGFS;2026-10-06T07:00;GFS;5.80;11.30;2.0;13.3;0.00;100.0;GFS
wwmeyzieu;ICONGFS;2026-10-06T08:00;GFS;5.70;11.10;4.0;13.2;0.00;100.0;GFS
wwmeyzieu;ICONGFS;2026-10-06T09:00;GFS;4.90;9.50;355.0;13.4;0.00;100.0;GFS
wwmeyzieu;ICONGFS;2026-10-06T10:00;GFS;3.90;7.20;340.0;14.0;0.00;100.0;GFS
wwmeyzieu;ICONGFS;2026-10-06T11:00;GFS;3.80;5.40;325.0;14.8;0.00;100.0;GFS
wwmeyzieu;ICONGFS;2026-10-06T12:00;GFS;3.90;4.70;327.0;16.1;0.00;90.0;GFS
wwmeyzieu;ICONGFS;2026-10-06T13:00;GFS;4.40;4.50;337.0;17.6;0.00;76.0;GFS
wwmeyzieu;ICONGFS;2026-10-06T14:00;GFS;4.70;4.50;343.0;18.8;0.00;68.0;GFS
wwmeyzieu;ICONGFS;2026-10-06T15:00;GFS;4.10;4.50;352.0;19.2;0.00;73.0;GFS
wwmeyzieu;ICONGFS;2026-10-06T16:00;GFS;3.50;4.50;3.0;19.3;0.00;84.0;GFS
wwmeyzieu;ICONGFS;2026-10-06T17:00;GFS;3.00;4.90;11.0;19.2;0.00;93.0;GFS
wwmeyzieu;ICONGFS;2026-10-06T18:00;GFS;2.90;6.20;356.0;19.0;0.00;99.0;GFS
wwmeyzieu;ICONGFS;2026-10-06T19:00;GFS;3.50;8.00;333.0;18.7;0.00;100.0;GFS
wwmeyzieu;ICONGFS;2026-10-06T20:00;GFS;3.90;8.60;323.0;18.3;0.00;100.0;GFS
wwmeyzieu;ICONGFS;2026-10-06T21:00;GFS;3.20;6.60;317.0;17.6;0.00;79.0;GFS
wwmeyzieu;ICONGFS;2026-10-06T22:00;GFS;1.90;3.70;307.0;16.8;0.00;51.0;GFS
wwmeyzieu;ICONGFS;2026-10-06T23:00;GFS;1.00;1.40;292.0;16.1;0.00;32.0;GFS
wwmeyzieu;ICONGFS;2026-10-07T00:00;GFS;0.70;1.00;326.0;15.6;0.00;35.0;GFS
wwmeyzieu;ICONGFS;2026-10-07T01:00;GFS;1.20;1.20;360.0;15.2;0.00;48.0;GFS
wwmeyzieu;ICONGFS;2026-10-07T02:00;GFS;1.60;1.60;14.0;14.8;0.00;57.0;GFS
wwmeyzieu;ICONGFS;2026-10-07T03:00;GFS;1.60;1.60;14.0;14.4;0.00;55.0;GFS
wwmeyzieu;ICONGFS;2026-10-07T04:00;GFS;1.40;1.60;360.0;14.1;0.00;49.0;GFS
wwmeyzieu;ICONGFS;2026-10-07T05:00;GFS;1.40;1.70;352.0;13.8;0.00;46.0;GFS
wwmeyzieu;ICONGFS;2026-10-07T06:00;GFS;1.60;2.30;346.0;13.3;0.00;50.0;GFS
wwmeyzieu;ICONGFS;2026-10-07T07:00;GFS;1.80;3.10;347.0;12.8;0.00;55.0;GFS
wwmeyzieu;ICONGFS;2026-10-07T08:00;GFS;2.20;3.90;350.0;12.8;0.00;56.0;GFS
wwmeyzieu;ICONGFS;2026-10-07T09:00;GFS;2.50;4.70;356.0;13.6;0.00;45.0;GFS
wwmeyzieu;ICONGFS;2026-10-07T10:00;GFS;3.10;5.40;360.0;14.9;0.00;28.0;GFS
wwmeyzieu;ICONGFS;2026-10-07T11:00;GFS;3.70;6.00;3.0;16.3;0.00;19.0;GFS
wwmeyzieu;ICONGFS;2026-10-07T12:00;GFS;4.30;6.20;3.0;17.7;0.00;25.0;GFS
wwmeyzieu;ICONGFS;2026-10-07T13:00;GFS;4.70;6.20;360.0;19.1;0.00;39.0;GFS
wwmeyzieu;ICONGFS;2026-10-07T14:00;GFS;5.10;6.20;358.0;20.2;0.00;51.0;GFS
wwmeyzieu;ICONGFS;2026-10-07T15:00;GFS;5.30;6.00;358.0;20.6;0.00;60.0;GFS
wwmeyzieu;ICONGFS;2026-10-07T16:00;GFS;5.10;5.80;358.0;20.6;0.00;67.0;GFS
wwmeyzieu;ICONGFS;2026-10-07T17:00;GFS;4.90;6.00;355.0;20.3;0.00;72.0;GFS
wwmeyzieu;ICONGFS;2026-10-07T18:00;GFS;4.50;7.40;350.0;19.5;0.00;73.0;GFS
wwmeyzieu;ICONGFS;2026-10-07T19:00;GFS;4.10;9.10;343.0;18.4;0.00;71.0;GFS
wwmeyzieu;ICONGFS;2026-10-07T20:00;GFS;3.70;10.30;335.0;17.6;0.00;69.0;GFS
wwmeyzieu;ICONGFS;2026-10-07T21:00;GFS;3.10;10.10;330.0;17.2;0.00;67.0;GFS
wwmeyzieu;ICONGFS;2026-10-07T22:00;GFS;2.80;9.10;326.0;17.0;0.00;66.0;GFS
wwmeyzieu;ICONGFS;2026-10-07T23:00;GFS;2.50;8.60;328.0;16.8;0.00;68.0;GFS
wwmeyzieu;ICONGFS;2026-10-08T00:00;GFS;2.90;9.10;332.0;16.5;0.00;77.0;GFS
wwmeyzieu;ICONGFS;2026-10-08T01:00;GFS;3.50;9.90;341.0;16.3;0.00;90.0;GFS
wwmeyzieu;ICONGFS;2026-10-08T02:00;GFS;4.00;10.30;346.0;16.0;0.00;100.0;GFS
wwmeyzieu;ICONGFS;2026-10-08T03:00;GFS;3.90;9.50;351.0;15.6;0.00;100.0;GFS
wwmeyzieu;ICONGFS;2026-10-08T04:00;GFS;3.70;8.40;360.0;15.2;0.00;100.0;GFS
wwmeyzieu;ICONGFS;2026-10-08T05:00;GFS;3.70;7.60;3.0;14.8;0.00;100.0;GFS
wwmeyzieu;ICONGFS;2026-10-08T06:00;GFS;3.70;7.80;360.0;14.3;0.20;100.0;GFS
wwmeyzieu;ICONGFS;2026-10-08T07:00;GFS;3.90;8.40;354.0;13.9;0.20;100.0;GFS
wwmeyzieu;ICONGFS;2026-10-08T08:00;GFS;4.20;8.90;349.0;13.7;0.20;100.0;GFS
wwmeyzieu;ICONGFS;2026-10-08T09:00;GFS;4.30;9.30;350.0;13.5;0.00;100.0;GFS
wwmeyzieu;ICONGFS;2026-10-08T10:00;GFS;4.30;9.90;355.0;13.5;0.00;100.0;GFS
wwmeyzieu;ICONGFS;2026-10-08T11:00;GFS;4.70;10.10;355.0;14.0;0.00;100.0;GFS
wwmeyzieu;ICONGFS;2026-10-08T12:00;GFS;5.50;10.10;352.0;15.1;0.00;100.0;GFS
wwmeyzieu;ICONGFS;2026-10-08T13:00;GFS;6.60;9.90;348.0;16.7;0.00;100.0;GFS
wwmeyzieu;ICONGFS;2026-10-08T14:00;GFS;7.40;9.90;346.0;18.1;0.00;100.0;GFS
wwmeyzieu;ICONGFS;2026-10-08T15:00;GFS;7.50;10.10;350.0;19.1;0.00;90.0;GFS
wwmeyzieu;ICONGFS;2026-10-08T16:00;GFS;7.40;10.50;354.0;19.9;0.00;77.0;GFS
wwmeyzieu;ICONGFS;2026-10-08T17:00;GFS;7.20;11.50;355.0;20.2;0.00;70.0;GFS
wwmeyzieu;ICONGFS;2026-10-08T18:00;GFS;6.90;13.80;349.0;19.7;0.00;77.0;GFS
wwmeyzieu;ICONGFS;2026-10-08T19:00;GFS;6.50;16.70;337.0;18.7;0.00;91.0;GFS
wwmeyzieu;ICONGFS;2026-10-08T20:00;GFS;6.40;18.70;329.0;17.8;0.00;100.0;GFS
wwmeyzieu;ICONGFS;2026-10-08T21:00;GFS;5.80;18.90;323.0;17.1;0.00;100.0;GFS
wwmeyzieu;ICONGFS;2026-10-08T22:00;GFS;5.20;18.30;318.0;16.6;0.00;96.0;GFS
wwmeyzieu;ICONGFS;2026-10-08T23:00;GFS;4.70;17.90;315.0;16.1;0.00;93.0;GFS
wwmeyzieu;ICONGFS;2026-10-09T00:00;GFS;4.50;18.10;317.0;15.6;0.00;96.0;GFS
wwmeyzieu;ICONGFS;2026-10-09T01:00;GFS;4.60;18.50;324.0;15.3;0.00;100.0;GFS
wwmeyzieu;ICONGFS;2026-10-09T02:00;GFS;4.70;18.70;330.0;14.9;0.00;100.0;GFS
wwmeyzieu;ICONGFS;2026-10-09T03:00;GFS;4.60;18.30;332.0;14.5;0.00;94.0;GFS
wwmeyzieu;ICONGFS;2026-10-09T04:00;GFS;4.50;17.70;335.0;14.1;0.00;85.0;GFS
wwmeyzieu;ICONGFS;2026-10-09T05:00;GFS;4.40;16.90;339.0;13.7;0.00;72.0;GFS
wwmeyzieu;ICONGFS;2026-10-09T06:00;GFS;4.00;15.70;349.0;13.1;0.00;51.0;GFS
wwmeyzieu;ICONGFS;2026-10-09T07:00;GFS;3.70;14.60;360.0;12.5;0.00;27.0;GFS
wwmeyzieu;ICONGFS;2026-10-09T08:00;GFS;3.90;13.60;6.0;12.5;0.00;12.0;GFS
wwmeyzieu;ICONGFS;2026-10-09T09:00;GFS;4.70;13.20;358.0;13.2;0.00;17.0;GFS
wwmeyzieu;ICONGFS;2026-10-09T10:00;GFS;6.00;13.20;347.0;14.4;0.00;32.0;GFS
wwmeyzieu;ICONGFS;2026-10-09T11:00;GFS;7.10;13.20;344.0;15.7;0.00;42.0;GFS
wwmeyzieu;ICONGFS;2026-10-09T12:00;GFS;8.00;13.20;347.0;16.9;0.00;41.0;GFS
wwmeyzieu;ICONGFS;2026-10-09T13:00;GFS;8.80;13.40;352.0;18.2;0.00;35.0;GFS
wwmeyzieu;ICONGFS;2026-10-09T14:00;GFS;9.30;13.60;356.0;19.2;0.00;31.0;GFS
wwmeyzieu;ICONGFS;2026-10-09T15:00;GFS;9.70;13.60;360.0;19.6;0.00;32.0;GFS
wwmeyzieu;ICONGFS;2026-10-09T16:00;GFS;9.90;13.80;2.0;19.6;0.00;35.0;GFS
wwmeyzieu;ICONGFS;2026-10-09T17:00;GFS;9.70;14.20;3.0;19.3;0.00;36.0;GFS
wwmeyzieu;ICONGFS;2026-10-09T18:00;GFS;9.10;15.20;360.0;18.5;0.00;33.0;GFS
wwmeyzieu;ICONGFS;2026-10-09T19:00;GFS;8.20;16.70;355.0;17.3;0.00;28.0;GFS
wwmeyzieu;ICONGFS;2026-10-09T20:00;GFS;7.40;17.90;348.0;16.3;0.00;28.0;GFS
wwmeyzieu;ICONGFS;2026-10-09T21:00;GFS;6.70;18.90;343.0;15.5;0.00;36.0;GFS
wwmeyzieu;ICONGFS;2026-10-09T22:00;GFS;6.20;19.80;340.0;14.7;0.00;48.0;GFS
wwmeyzieu;ICONGFS;2026-10-09T23:00;GFS;5.90;20.20;337.0;14.1;0.00;59.0;GFS
wwmeyzieu;ICONGFS;2026-10-10T00:00;GFS;5.70;19.80;336.0;13.5;0.00;68.0;GFS
wwmeyzieu;ICONGFS;2026-10-10T01:00;GFS;5.60;18.90;335.0;13.1;0.00;75.0;GFS
wwmeyzieu;ICONGFS;2026-10-10T02:00;GFS;5.30;17.70;336.0;12.7;0.00;74.0;GFS
wwmeyzieu;ICONGFS;2026-10-10T03:00;GFS;5.00;16.50;334.0;12.3;0.00;57.0;GFS
wwmeyzieu;ICONGFS;2026-10-10T04:00;GFS;4.70;15.20;336.0;11.9;0.00;31.0;GFS
wwmeyzieu;ICONGFS;2026-10-10T05:00;GFS;4.30;14.00;336.0;11.5;0.00;12.0;GFS
wwmeyzieu;ICONGFS;2026-10-10T06:00;GFS;3.90;12.80;340.0;10.9;0.00;8.0;GFS
wwmeyzieu;ICONGFS;2026-10-10T07:00;GFS;3.60;11.70;344.0;10.4;0.00;11.0;GFS
wwmeyzieu;ICONGFS;2026-10-10T08:00;GFS;3.60;10.90;347.0;10.5;0.00;13.0;GFS
wwmeyzieu;ICONGFS;2026-10-10T09:00;GFS;3.90;10.50;351.0;11.4;0.00;11.0;GFS
wwmeyzieu;ICONGFS;2026-10-10T10:00;GFS;4.50;10.50;353.0;12.8;0.00;9.0;GFS
wwmeyzieu;ICONGFS;2026-10-10T11:00;GFS;5.10;10.50;353.0;14.4;0.00;8.0;GFS
wwmeyzieu;ICONGFS;2026-10-10T12:00;GFS;5.50;10.10;356.0;16.0;0.00;8.0;GFS
wwmeyzieu;ICONGFS;2026-10-10T13:00;GFS;5.80;9.70;358.0;17.7;0.00;10.0;GFS
wwmeyzieu;ICONGFS;2026-10-10T14:00;GFS;6.00;9.30;360.0;19.0;0.00;12.0;GFS
wwmeyzieu;ICONGFS;2026-10-10T15:00;GFS;6.20;9.10;2.0;19.7;0.00;15.0;GFS
wwmeyzieu;ICONGFS;2026-10-10T16:00;GFS;6.40;8.90;5.0;20.1;0.00;19.0;GFS
wwmeyzieu;ICONGFS;2026-10-10T17:00;GFS;6.20;8.90;5.0;20.0;0.00;25.0;GFS
wwmeyzieu;ICONGFS;2026-10-10T18:00;GFS;5.30;9.50;2.0;19.1;0.00;34.0;GFS
wwmeyzieu;ICONGFS;2026-10-10T19:00;GFS;4.10;10.10;357.0;17.6;0.00;45.0;GFS
wwmeyzieu;ICONGFS;2026-10-10T20:00;GFS;3.20;10.30;349.0;16.4;0.00;50.0;GFS
wwmeyzieu;ICONGFS;2026-10-10T21:00;GFS;2.80;9.30;344.0;15.6;0.00;44.0;GFS
wwmeyzieu;ICONGFS;2026-10-10T22:00;GFS;2.60;7.60;343.0;15.0;0.00;31.0;GFS
wwmeyzieu;ICONGFS;2026-10-10T23:00;GFS;2.50;6.00;342.0;14.5;0.00;20.0;GFS
wwmeyzieu;ICONGFS;2026-10-11T00:00;GFS;2.00;4.70;343.0;14.0;0.00;13.0;GFS
wwmeyzieu;ICONGFS;2026-10-11T01:00;GFS;1.60;3.30;353.0;13.6;0.00;8.0;GFS
wwmeyzieu;ICONGFS;2026-10-11T02:00;GFS;1.20;2.30;360.0;13.3;0.00;5.0;GFS
wwmeyzieu;ICONGFS;2026-10-11T03:00;GFS;1.00;1.70;11.0;12.9;0.00;3.0;GFS
wwmeyzieu;ICONGFS;2026-10-11T04:00;GFS;0.80;1.40;14.0;12.5;0.00;3.0;GFS
wwmeyzieu;ICONGFS;2026-10-11T05:00;GFS;0.70;1.20;34.0;12.2;0.00;3.0;GFS
wwmeyzieu;ICONGFS;2026-10-11T06:00;GFS;1.00;1.40;53.0;11.6;0.00;2.0;GFS
wwmeyzieu;ICONGFS;2026-10-11T07:00;GFS;1.30;1.70;63.0;11.1;0.00;1.0;GFS
wwmeyzieu;ICONGFS;2026-10-11T08:00;GFS;1.60;1.90;60.0;11.2;0.00;0.0;GFS
wwmeyzieu;ICONGFS;2026-10-11T09:00;GFS;1.50;1.90;50.0;12.1;0.00;0.0;GFS
wwmeyzieu;ICONGFS;2026-10-11T10:00;GFS;1.40;2.10;45.0;13.7;0.00;0.0;GFS
wwmeyzieu;ICONGFS;2026-10-11T11:00;GFS;1.40;2.10;34.0;15.3;0.00;0.0;GFS
wwmeyzieu;ICONGFS;2026-10-11T12:00;GFS;1.60;2.30;30.0;17.0;0.00;0.0;GFS
wwmeyzieu;ICONGFS;2026-10-11T13:00;GFS;1.90;2.70;24.0;18.8;0.00;0.0;GFS
wwmeyzieu;ICONGFS;2026-10-11T14:00;GFS;1.90;2.70;24.0;20.3;0.00;0.0;GFS
wwmeyzieu;ICONGFS;2026-10-11T15:00;GFS;1.50;2.10;40.0;21.2;0.00;0.0;GFS
wwmeyzieu;ICONGFS;2026-10-11T16:00;GFS;1.40;1.20;74.0;21.7;0.00;0.0;GFS
wwmeyzieu;ICONGFS;2026-10-11T17:00;GFS;1.60;0.60;104.0;21.7;0.00;0.0;GFS
wwmeyzieu;ICONGFS;2026-10-11T18:00;GFS;1.90;1.00;114.0;20.8;0.00;0.0;GFS
wwmeyzieu;ICONGFS;2026-10-11T19:00;GFS;2.10;1.70;124.0;19.4;0.00;0.0;GFS
wwmeyzieu;ICONGFS;2026-10-11T20:00;GFS;2.10;2.30;131.0;18.2;0.00;6.0;GFS
wwmeyzieu;ICONGFS;2026-10-11T21:00;GFS;1.90;2.70;143.0;17.4;0.00;26.0;GFS
wwmeyzieu;ICONGFS;2026-10-11T22:00;GFS;2.00;2.70;163.0;16.7;0.00;54.0;GFS
wwmeyzieu;ICONGFS;2026-10-11T23:00;GFS;2.10;3.10;175.0;16.2;0.00;76.0;GFS
wwmeyzieu;ICONGFS;2026-10-12T00:00;GFS;2.50;3.90;176.0;15.6;0.00;88.0;GFS
wwmeyzieu;ICONGFS;2026-10-12T01:00;GFS;2.70;4.70;172.0;15.1;0.00;96.0;GFS
wwmeyzieu;ICONGFS;2026-10-12T02:00;GFS;2.80;4.90;168.0;14.7;0.00;100.0;GFS
wwmeyzieu;ICONGFS;2026-10-12T03:00;GFS;2.40;4.10;171.0;14.3;0.00;100.0;GFS
wwmeyzieu;ICONGFS;2026-10-12T04:00;GFS;1.60;2.70;173.0;14.0;0.00;97.0;GFS
wwmeyzieu;ICONGFS;2026-10-12T05:00;GFS;1.00;1.60;180.0;13.7;0.00;95.0;GFS
wwmeyzieu;ICONGFS;2026-10-12T06:00;GFS;0.40;0.80;207.0;13.3;0.00;96.0;GFS
wwmeyzieu;ICONGFS;2026-10-12T07:00;GFS;0.30;0.40;315.0;13.0;0.00;98.0;GFS
wwmeyzieu;ICONGFS;2026-10-12T08:00;GFS;0.80;0.40;346.0;13.2;0.00;100.0;GFS
wwmeyzieu;ICONGFS;2026-10-12T09:00;GFS;1.60;1.40;353.0;14.0;0.00;100.0;GFS
wwmeyzieu;ICONGFS;2026-10-12T10:00;GFS;2.30;2.90;360.0;15.2;0.00;100.0;GFS
wwmeyzieu;ICONGFS;2026-10-12T11:00;GFS;2.90;4.10;4.0;16.5;0.00;100.0;GFS
wwmeyzieu;ICONGFS;2026-10-12T12:00;GFS;3.30;4.30;7.0;18.0;0.00;93.0;GFS
wwmeyzieu;ICONGFS;2026-10-12T13:00;GFS;3.50;4.10;9.0;19.6;0.00;82.0;GFS
wwmeyzieu;ICONGFS;2026-10-12T14:00;GFS;3.60;3.90;16.0;20.8;0.00;69.0;GFS
wwmeyzieu;ICONGFS;2026-10-12T15:00;GFS;3.80;3.70;24.0;21.4;0.00;49.0;GFS
wwmeyzieu;ICONGFS;2026-10-12T16:00;GFS;4.00;3.50;29.0;21.6;0.00;26.0;GFS
wwmeyzieu;ICONGFS;2026-10-12T17:00;GFS;4.20;4.30;34.0;21.4;0.00;15.0;GFS
wwmeyzieu;ICONGFS;2026-10-12T18:00;GFS;4.30;6.80;30.0;20.6;0.00;26.0;GFS
wwmeyzieu;ICONGFS;2026-10-12T19:00;GFS;4.50;10.10;25.0;19.3;0.00;50.0;GFS
wwmeyzieu;ICONGFS;2026-10-12T20:00;GFS;4.70;12.80;17.0;18.2;0.00;70.0;GFS
wwmeyzieu;ICONGFS;2026-10-12T21:00;GFS;5.30;14.20;6.0;17.2;0.00;82.0;GFS
wwmeyzieu;ICONGFS;2026-10-12T22:00;GFS;6.00;14.80;358.0;16.4;0.00;92.0;GFS
wwmeyzieu;ICONGFS;2026-10-12T23:00;GFS;6.50;14.80;351.0;15.6;0.00;98.0;GFS
