spot_key;curve_set;valid_at;source_model;wind_speed_10m_kn;wind_gusts_10m_kn;wind_direction_10m_deg;temperature_2m_c;precipitation_mm;cloud_cover_display_pct;cloud_cover_source_model
cap_des_seselets;ICONIFS;2026-10-10T00:00;ICONCH1;6.40;10.30;5.0;14.9;0.00;100.0;ICONCH1
cap_des_seselets;ICONIFS;2026-10-10T01:00;ICONCH1;2.20;8.40;142.0;14.1;0.00;100.0;ICONCH1
cap_des_seselets;ICONIFS;2026-10-10T02:00;ICONCH1;3.00;4.10;153.0;14.0;0.00;100.0;ICONCH1
cap_des_seselets;ICONIFS;2026-10-10T03:00;ICONCH1;1.20;4.50;141.0;14.2;0.00;100.0;ICONCH1
cap_des_seselets;ICONIFS;2026-10-10T04:00;ICONCH1;2.50;3.30;122.0;14.2;0.00;100.0;ICONCH1
cap_des_seselets;ICONIFS;2026-10-10T05:00;ICONCH1;2.10;3.50;175.0;13.8;0.20;100.0;ICONCH1
cap_des_seselets;ICONIFS;2026-10-10T06:00;ICONCH1;1.60;3.30;173.0;13.6;0.50;98.0;ICONCH1
cap_des_seselets;ICONIFS;2026-10-10T07:00;ICONCH1;2.00;3.10;163.0;13.4;0.40;100.0;ICONCH1
cap_des_seselets;ICONIFS;2026-10-10T08:00;ICONCH1;3.40;4.50;170.0;13.2;0.10;99.0;ICONCH1
cap_des_seselets;ICONIFS;2026-10-10T09:00;ICONCH1;2.00;4.90;186.0;13.2;0.60;100.0;ICONCH1
cap_des_seselets;ICONIFS;2026-10-10T10:00;ICONCH1;2.70;3.70;180.0;13.3;0.60;100.0;ICONCH1
cap_des_seselets;ICONIFS;2026-10-10T11:00;ICONCH1;3.50;5.20;177.0;13.4;0.40;100.0;ICONCH1
cap_des_seselets;ICONIFS;2026-10-10T12:00;ICONCH1;3.30;5.60;173.0;13.9;0.20;100.0;ICONCH1
cap_des_seselets;ICONIFS;2026-10-10T13:00;ICONCH1;1.80;4.70;139.0;14.4;0.00;100.0;ICONCH1
cap_des_seselets;ICONIFS;2026-10-10T14:00;ICONCH1;0.80;4.10;135.0;15.1;0.00;100.0;ICONCH1
cap_des_seselets;ICONIFS;2026-10-10T15:00;ICONCH1;1.00;1.60;360.0;15.6;0.00;96.0;ICONCH1
cap_des_seselets;ICONIFS;2026-10-10T16:00;ICONCH1;0.40;2.30;63.0;16.0;0.00;91.0;ICONCH1
cap_des_seselets;ICONIFS;2026-10-10T17:00;ICONCH1;1.20;1.70;261.0;16.5;0.00;8.0;ICONCH1
cap_des_seselets;ICONIFS;2026-10-10T18:00;ICONCH1;1.90;2.70;180.0;16.8;0.00;28.0;ICONCH1
cap_des_seselets;ICONIFS;2026-10-10T19:00;ICONCH1;2.30;3.30;138.0;16.6;0.00;0.0;ICONCH1
cap_des_seselets;ICONIFS;2026-10-10T20:00;ICONCH1;2.30;3.10;70.0;16.8;0.00;0.0;ICONCH1
cap_des_seselets;ICONIFS;2026-10-10T21:00;ICONCH1;3.20;5.60;115.0;15.3;0.00;56.0;ICONCH1
cap_des_seselets;ICONIFS;2026-10-10T22:00;ICONCH1;2.10;4.30;68.0;15.4;0.00;95.0;ICONCH1
cap_des_seselets;ICONIFS;2026-10-10T23:00;ICONCH1;1.10;4.50;135.0;15.6;0.00;45.0;ICONCH1
cap_des_seselets;ICONIFS;2026-10-11T00:00;ICONCH1;2.20;3.90;170.0;14.7;0.00;39.0;ICONCH1
cap_des_seselets;ICONIFS;2026-10-11T01:00;ICONCH1;4.30;5.40;30.0;15.8;0.00;21.0;ICONCH1
cap_des_seselets;ICONIFS;2026-10-11T02:00;ICONCH1;6.90;8.70;29.0;15.2;0.00;20.0;ICONCH1
cap_des_seselets;ICONIFS;2026-10-11T03:00;ICONCH1;5.00;8.70;21.0;15.0;0.00;29.0;ICONCH1
cap_des_seselets;ICONIFS;2026-10-11T04:00;ICONCH1;5.20;6.80;20.0;14.6;0.00;99.0;ICONCH1
cap_des_seselets;ICONIFS;2026-10-11T05:00;ICONCH1;6.40;8.20;31.0;13.9;0.00;100.0;ICONCH1
cap_des_seselets;ICONIFS;2026-10-11T06:00;ICONCH1;8.40;10.70;34.0;13.6;0.00;100.0;ICONCH1
cap_des_seselets;ICONIFS;2026-10-11T07:00;ICONCH1;9.40;12.10;34.0;13.3;0.00;100.0;ICONCH1
cap_des_seselets;ICONIFS;2026-10-11T08:00;ICONCH1;10.30;13.20;37.0;12.8;0.00;100.0;ICONCH1
cap_des_seselets;ICONIFS;2026-10-11T09:00;ICONCH1;11.60;15.00;40.0;12.1;0.00;100.0;ICONCH1
cap_des_seselets;ICONIFS;2026-10-11T10:00;ICONCH1;10.10;15.90;28.0;12.5;0.00;100.0;ICONCH1
cap_des_seselets;ICONIFS;2026-10-11T11:00;ICONCH1;9.10;13.00;11.0;13.4;0.00;100.0;ICONCH1
cap_des_seselets;ICONIFS;2026-10-11T12:00;ICONCH1;8.40;11.90;359.0;14.0;0.00;79.0;ICONCH1
cap_des_seselets;ICONIFS;2026-10-11T13:00;ICONCH1;7.80;11.30;359.0;14.8;0.00;78.0;ICONCH1
cap_des_seselets;ICONIFS;2026-10-11T14:00;ICONCH1;7.00;9.90;354.0;15.6;0.00;87.0;ICONCH1
cap_des_seselets;ICONIFS;2026-10-11T15:00;ICONCH1;6.00;9.30;339.0;16.2;0.00;100.0;ICONCH1
cap_des_seselets;ICONIFS;2026-10-11T16:00;ICONCH1;6.60;8.60;332.0;16.6;0.00;83.0;ICONCH1
cap_des_seselets;ICONIFS;2026-10-11T17:00;ICONCH1;6.30;8.70;317.0;16.9;0.00;100.0;ICONCH1
cap_des_seselets;ICONIFS;2026-10-11T18:00;ICONCH1;7.60;9.50;316.0;17.0;0.00;100.0;ICONCH1
cap_des_seselets;ICONIFS;2026-10-11T19:00;ICONCH1;6.70;9.70;316.0;17.0;0.00;100.0;ICONCH1
cap_des_seselets;ICONIFS;2026-10-11T20:00;ICONCH1;2.70;8.60;300.0;16.3;0.00;91.0;ICONCH1
cap_des_seselets;ICONIFS;2026-10-11T21:00;ICONCH1;3.90;5.10;18.0;16.0;0.00;95.0;ICONCH1
cap_des_seselets;ICONIFS;2026-10-11T22:00;ICONCH1;6.40;8.20;38.0;14.5;0.00;69.0;ICONCH1
cap_des_seselets;ICONIFS;2026-10-11T23:00;ICONCH1;7.20;9.10;43.0;14.0;0.00;76.0;ICONCH1
cap_des_seselets;ICONIFS;2026-10-12T00:00;ICONCH1;10.90;14.00;35.0;13.9;0.00;63.0;ICONCH1
cap_des_seselets;ICONIFS;2026-10-12T01:00;ICONCH1;10.70;15.40;33.0;13.6;0.00;61.0;ICONCH1
cap_des_seselets;ICONIFS;2026-10-12T02:00;ICONCH1;12.00;15.70;36.0;13.0;0.00;0.0;ICONCH1
cap_des_seselets;ICONIFS;2026-10-12T03:00;ICONCH1;6.80;15.70;51.0;12.2;0.00;0.0;ICONCH1
cap_des_seselets;ICONIFS;2026-10-12T04:00;ICONCH1;6.90;8.70;38.0;12.0;0.00;0.0;ICONCH1
cap_des_seselets;ICONIFS;2026-10-12T05:00;ICONCH1;8.10;12.20;30.0;11.6;0.00;0.0;ICONCH1
cap_des_seselets;ICONIFS;2026-10-12T06:00;ICONCH2;4.70;6.60;358.0;11.9;0.00;0.0;ICONCH2
cap_des_seselets;ICONIFS;2026-10-12T07:00;ICONCH2;5.80;7.60;358.0;11.8;0.00;0.0;ICONCH2
cap_des_seselets;ICONIFS;2026-10-12T08:00;ICONCH2;6.30;8.40;353.0;11.8;0.00;0.0;ICONCH2
cap_des_seselets;ICONIFS;2026-10-12T09:00;ICONCH2;4.30;8.20;8.0;11.8;0.00;0.0;ICONCH2
cap_des_seselets;ICONIFS;2026-10-12T10:00;ICONCH2;2.60;5.60;36.0;11.5;0.00;0.0;ICONCH2
cap_des_seselets;ICONIFS;2026-10-12T11:00;ICONCH2;3.40;4.70;16.0;13.3;0.00;0.0;ICONCH2
cap_des_seselets;ICONIFS;2026-10-12T12:00;ICONCH2;7.40;9.50;6.0;14.9;0.00;0.0;ICONCH2
cap_des_seselets;ICONIFS;2026-10-12T13:00;ICONCH2;7.80;9.90;360.0;16.1;0.00;0.0;ICONCH2
cap_des_seselets;ICONIFS;2026-10-12T14:00;ICONCH2;8.20;10.50;357.0;17.1;0.00;0.0;ICONCH2
cap_des_seselets;ICONIFS;2026-10-12T15:00;ICONCH2;8.40;10.70;353.0;18.0;0.00;0.0;ICONCH2
cap_des_seselets;ICONIFS;2026-10-12T16:00;ICONCH2;8.80;11.30;354.0;18.7;0.00;0.0;ICONCH2
cap_des_seselets;ICONIFS;2026-10-12T17:00;ICONCH2;8.40;11.50;353.0;19.1;0.00;0.0;ICONCH2
cap_des_seselets;ICONIFS;2026-10-12T18:00;ICONCH2;5.40;10.70;316.0;18.4;0.00;0.0;ICONCH2
cap_des_seselets;ICONIFS;2026-10-12T19:00;ICONCH2;4.50;7.00;329.0;18.1;0.00;0.0;ICONCH2
cap_des_seselets;ICONIFS;2026-10-12T20:00;ICONCH2;6.50;8.40;350.0;17.1;0.00;0.0;ICONCH2
cap_des_seselets;ICONIFS;2026-10-12T21:00;ICONCH2;6.60;8.70;345.0;16.8;0.00;0.0;ICONCH2
cap_des_seselets;ICONIFS;2026-10-12T22:00;ICONCH2;3.70;8.60;6.0;15.5;0.00;0.0;ICONCH2
cap_des_seselets;ICONIFS;2026-10-12T23:00;ICONCH2;2.80;5.10;12.0;14.6;0.00;0.0;ICONCH2
cap_des_seselets;ICONIFS;2026-10-13T00:00;ICONCH2;3.80;5.10;348.0;14.4;0.00;0.0;ICONCH2
cap_des_seselets;ICONIFS;2026-10-13T01:00;ICONCH2;3.30;5.10;357.0;14.1;0.00;0.0;ICONCH2
cap_des_seselets;ICONIFS;2026-10-13T02:00;ICONCH2;2.70;4.30;360.0;13.7;0.00;0.0;ICONCH2
cap_des_seselets;ICONIFS;2026-10-13T03:00;ICONCH2;2.70;3.70;360.0;13.4;0.00;0.0;ICONCH2
cap_des_seselets;ICONIFS;2026-10-13T04:00;ICONCH2;1.80;3.70;18.0;13.3;0.00;0.0;ICONCH2
cap_des_seselets;ICONIFS;2026-10-13T05:00;ICONCH2;2.40;3.30;55.0;12.5;0.00;0.0;ICONCH2
cap_des_seselets;ICONIFS;2026-10-13T06:00;ICONCH2;2.30;3.50;24.0;12.1;0.00;0.0;ICONCH2
cap_des_seselets;ICONIFS;2026-10-13T07:00;ICONCH2;2.00;3.50;29.0;12.5;0.00;0.0;ICONCH2
cap_des_seselets;ICONIFS;2026-10-13T08:00;ICONCH2;1.50;2.70;67.0;12.1;0.00;0.0;ICONCH2
cap_des_seselets;ICONIFS;2026-10-13T09:00;ICONCH2;1.40;2.10;106.0;11.9;0.00;0.0;ICONCH2
cap_des_seselets;ICONIFS;2026-10-13T10:00;ICONCH2;1.00;2.10;112.0;12.1;0.00;0.0;ICONCH2
cap_des_seselets;ICONIFS;2026-10-13T11:00;ICONCH2;1.00;1.60;112.0;12.8;0.00;0.0;ICONCH2
cap_des_seselets;ICONIFS;2026-10-13T12:00;ICONCH2;0.30;1.40;135.0;13.8;0.00;0.0;ICONCH2
cap_des_seselets;ICONIFS;2026-10-13T13:00;ICONCH2;0.40;0.60;90.0;15.0;0.00;1.0;ICONCH2
cap_des_seselets;ICONIFS;2026-10-13T14:00;ICONCH2;0.60;1.00;108.0;16.0;0.00;32.0;ICONCH2
cap_des_seselets;ICONIFS;2026-10-13T15:00;ICONCH2;0.20;1.00;90.0;16.9;0.00;50.0;ICONCH2
cap_des_seselets;ICONIFS;2026-10-13T16:00;ICONCH2;0.00;0.40;270.0;17.6;0.00;15.0;ICONCH2
cap_des_seselets;ICONIFS;2026-10-13T17:00;ICONCH2;0.00;0.20;270.0;18.5;0.00;13.0;ICONCH2
cap_des_seselets;ICONIFS;2026-10-13T18:00;ICONCH2;2.00;2.70;276.0;19.6;0.00;39.0;ICONCH2
cap_des_seselets;ICONIFS;2026-10-13T19:00;ICONCH2;1.90;3.70;307.0;19.2;0.00;53.0;ICONCH2
cap_des_seselets;ICONIFS;2026-10-13T20:00;ICONCH2;1.20;2.70;360.0;17.9;0.00;100.0;ICONCH2
cap_des_seselets;ICONIFS;2026-10-13T21:00;ICONCH2;0.60;1.60;180.0;17.5;0.00;100.0;ICONCH2
cap_des_seselets;ICONIFS;2026-10-13T22:00;ICONCH2;1.00;1.70;127.0;16.3;0.00;100.0;ICONCH2
cap_des_seselets;ICONIFS;2026-10-13T23:00;ICONCH2;1.40;1.90;34.0;16.3;0.00;100.0;ICONCH2
cap_des_seselets;ICONIFS;2026-10-14T00:00;ICONCH2;3.10;4.10;18.0;16.3;0.00;100.0;ICONCH2
cap_des_seselets;ICONIFS;2026-10-14T01:00;ICONCH2;3.40;4.70;16.0;16.2;0.00;100.0;ICONCH2
cap_des_seselets;ICONIFS;2026-10-14T02:00;ICONCH2;4.30;5.60;5.0;16.3;0.00;100.0;ICONCH2
cap_des_seselets;ICONIFS;2026-10-14T03:00;ICONCH2;4.10;5.60;8.0;16.0;0.00;100.0;ICONCH2
cap_des_seselets;ICONIFS;2026-10-14T04:00;ICONCH2;3.00;5.40;23.0;15.2;0.00;82.0;ICONCH2
cap_des_seselets;ICONIFS;2026-10-14T05:00;ICONCH2;3.40;4.50;24.0;14.9;0.00;100.0;ICONCH2
cap_des_seselets;ICONIFS;2026-10-14T06:00;ICONCH2;4.30;5.80;5.0;15.3;0.00;100.0;ICONCH2
cap_des_seselets;ICONIFS;2026-10-14T07:00;ICONCH2;2.50;5.60;45.0;13.9;0.00;100.0;ICONCH2
cap_des_seselets;ICONIFS;2026-10-14T08:00;ICONCH2;3.20;4.30;25.0;14.4;0.00;100.0;ICONCH2
cap_des_seselets;ICONIFS;2026-10-14T09:00;ICONCH2;3.10;4.70;22.0;14.7;0.00;100.0;ICONCH2
cap_des_seselets;ICONIFS;2026-10-14T10:00;ICONCH2;2.10;4.10;34.0;14.8;0.00;62.0;ICONCH2
cap_des_seselets;ICONIFS;2026-10-14T11:00;ICONCH2;1.60;2.90;60.0;15.7;0.00;0.0;ICONCH2
cap_des_seselets;ICONIFS;2026-10-14T12:00;ICONCH2;0.80;2.10;104.0;16.9;0.00;0.0;ICONCH2
cap_des_seselets;ICONIFS;2026-10-14T13:00;ICONCH2;0.30;1.20;135.0;17.6;0.00;0.0;ICONCH2
cap_des_seselets;ICONIFS;2026-10-14T14:00;ICONCH2;1.20;1.70;321.0;18.7;0.00;0.0;ICONCH2
cap_des_seselets;ICONIFS;2026-10-14T15:00;ICON13KM;2.60;8.20;297.0;19.7;0.00;0.0;ICON13KM
cap_des_seselets;ICONIFS;2026-10-14T16:00;ICON13KM;2.80;7.80;295.0;20.0;0.00;0.0;ICON13KM
cap_des_seselets;ICONIFS;2026-10-14T17:00;ICON13KM;2.30;7.20;294.0;19.8;0.00;0.0;ICON13KM
cap_des_seselets;ICONIFS;2026-10-14T18:00;ICON13KM;1.40;5.80;278.0;18.7;0.00;4.0;ICON13KM
cap_des_seselets;ICONIFS;2026-10-14T19:00;ICON13KM;0.80;4.10;180.0;17.2;0.00;8.0;ICON13KM
cap_des_seselets;ICONIFS;2026-10-14T20:00;ICON13KM;1.70;3.10;144.0;15.9;0.00;12.0;ICON13KM
cap_des_seselets;ICONIFS;2026-10-14T21:00;ICON13KM;2.10;3.50;131.0;15.4;0.00;9.0;ICON13KM
cap_des_seselets;ICONIFS;2026-10-14T22:00;ICON13KM;2.30;4.50;110.0;15.1;0.00;7.0;ICON13KM
cap_des_seselets;ICONIFS;2026-10-14T23:00;ICON13KM;2.60;5.20;103.0;14.9;0.00;4.0;ICON13KM
cap_des_seselets;ICONIFS;2026-10-15T00:00;ICON13KM;2.80;5.60;102.0;14.7;0.00;3.0;ICON13KM
cap_des_seselets;ICONIFS;2026-10-15T01:00;ICON13KM;3.00;6.00;105.0;14.6;0.00;1.0;ICON13KM
cap_des_seselets;ICONIFS;2026-10-15T02:00;ICON13KM;3.10;6.20;108.0;14.4;0.00;0.0;ICON13KM
cap_des_seselets;ICONIFS;2026-10-15T03:00;ICON13KM;3.10;6.20;108.0;14.1;0.00;4.0;ICON13KM
cap_des_seselets;ICONIFS;2026-10-15T04:00;ICON13KM;3.20;6.20;104.0;13.9;0.00;8.0;ICON13KM
cap_des_seselets;ICONIFS;2026-10-15T05:00;ICON13KM;3.20;6.20;104.0;13.6;0.00;12.0;ICON13KM
cap_des_seselets;ICONIFS;2026-10-15T06:00;ICON13KM;3.20;6.20;104.0;13.2;0.00;12.0;ICON13KM
cap_des_seselets;ICONIFS;2026-10-15T07:00;ICON13KM;3.20;6.20;101.0;12.8;0.00;11.0;ICON13KM
cap_des_seselets;ICONIFS;2026-10-15T08:00;ICON13KM;3.00;6.00;101.0;12.9;0.00;11.0;ICON13KM
cap_des_seselets;ICONIFS;2026-10-15T09:00;ICON13KM;2.20;5.40;105.0;14.1;0.00;12.0;ICON13KM
cap_des_seselets;ICONIFS;2026-10-15T10:00;ICON13KM;1.20;4.50;108.0;15.8;0.00;14.0;ICON13KM
cap_des_seselets;ICONIFS;2026-10-15T11:00;ICON13KM;0.30;4.10;135.0;17.3;0.00;15.0;ICON13KM
cap_des_seselets;ICONIFS;2026-10-15T12:00;ICON13KM;0.40;4.50;297.0;18.4;0.00;16.0;ICON13KM
cap_des_seselets;ICONIFS;2026-10-15T13:00;ICON13KM;1.20;5.10;309.0;19.3;0.00;17.0;ICON13KM
cap_des_seselets;ICONIFS;2026-10-15T14:00;ICON13KM;1.80;5.60;311.0;20.0;0.00;18.0;ICON13KM
cap_des_seselets;ICONIFS;2026-10-15T15:00;ICON13KM;2.20;5.60;308.0;20.5;0.00;12.0;ICON13KM
cap_des_seselets;ICONIFS;2026-10-15T16:00;ICON13KM;2.10;5.40;304.0;20.8;0.00;6.0;ICON13KM
cap_des_seselets;ICONIFS;2026-10-15T17:00;ICON13KM;1.80;5.10;302.0;20.6;0.00;0.0;ICON13KM
cap_des_seselets;ICONIFS;2026-10-15T18:00;ICON13KM;0.70;4.50;326.0;19.6;0.00;4.0;ICON13KM
cap_des_seselets;ICONIFS;2026-10-15T19:00;ICON13KM;1.20;3.90;90.0;18.0;0.00;8.0;ICON13KM
cap_des_seselets;ICONIFS;2026-10-15T20:00;ICON13KM;2.40;3.70;104.0;16.8;0.00;12.0;ICON13KM
cap_des_seselets;ICONIFS;2026-10-15T21:00;ICON13KM;2.90;4.10;110.0;16.1;0.00;12.0;ICON13KM
cap_des_seselets;ICONIFS;2026-10-15T22:00;ICON13KM;2.90;4.90;110.0;15.6;0.00;11.0;ICON13KM
cap_des_seselets;ICONIFS;2026-10-15T23:00;ICON13KM;3.00;5.40;113.0;15.3;0.00;11.0;ICON13KM
cap_des_seselets;ICONIFS;2026-10-16T00:00;ICON13KM;3.00;5.40;113.0;15.1;0.00;17.0;ICON13KM
cap_des_seselets;ICONIFS;2026-10-16T01:00;ICON13KM;2.70;5.20;111.0;15.0;0.00;24.0;ICON13KM
cap_des_seselets;ICONIFS;2026-10-16T02:00;ICON13KM;2.70;5.10;111.0;14.9;0.00;30.0;ICON13KM
cap_des_seselets;ICONIFS;2026-10-16T03:00;ICON13KM;2.90;5.20;110.0;14.5;0.00;20.0;ICON13KM
cap_des_seselets;ICONIFS;2026-10-16T04:00;ICON13KM;2.90;5.40;110.0;14.1;0.00;10.0;ICON13KM
cap_des_seselets;ICONIFS;2026-10-16T05:00;ICON13KM;3.10;5.60;108.0;13.7;0.00;0.0;ICON13KM
cap_des_seselets;ICONIFS;2026-10-16T06:00;ICON13KM;3.30;5.60;107.0;13.3;0.00;0.0;ICON13KM
cap_des_seselets;ICONIFS;2026-10-16T07:00;ICON13KM;3.20;5.40;104.0;13.0;0.00;0.0;ICON13KM
cap_des_seselets;ICONIFS;2026-10-16T08:00;ICON13KM;2.80;5.20;102.0;13.2;0.00;0.0;ICON13KM
cap_des_seselets;ICONIFS;2026-10-16T09:00;ICON13KM;1.40;5.10;98.0;13.9;0.00;26.0;ICON13KM
cap_des_seselets;ICONIFS;2026-10-16T10:00;ICON13KM;0.30;4.90;315.0;15.1;0.00;51.0;ICON13KM
cap_des_seselets;ICONIFS;2026-10-16T11:00;ICON13KM;1.70;4.70;291.0;16.3;0.00;77.0;ICON13KM
cap_des_seselets;ICONIFS;2026-10-16T12:00;ICON13KM;2.10;4.90;292.0;17.5;0.00;76.0;ICON13KM
cap_des_seselets;ICONIFS;2026-10-16T13:00;ICON13KM;2.00;5.20;299.0;18.7;0.00;75.0;ICON13KM
cap_des_seselets;ICONIFS;2026-10-16T14:00;ICON13KM;2.10;5.40;304.0;19.5;0.00;74.0;ICON13KM
cap_des_seselets;ICONIFS;2026-10-16T15:00;ICON13KM;2.30;5.60;301.0;19.9;0.00;61.0;ICON13KM
cap_des_seselets;ICONIFS;2026-10-16T16:00;ICON13KM;2.30;5.80;301.0;19.9;0.00;47.0;ICON13KM
cap_des_seselets;ICONIFS;2026-10-16T17:00;ICON13KM;2.20;5.60;297.0;19.6;0.00;34.0;ICON13KM
cap_des_seselets;ICONIFS;2026-10-16T18:00;ICON13KM;1.60;4.50;284.0;18.6;0.00;48.0;ICON13KM
cap_des_seselets;ICONIFS;2026-10-16T19:00;ICON13KM;1.20;2.90;261.0;17.3;0.00;61.0;ICON13KM
cap_des_seselets;ICONIFS;2026-10-16T20:00;ICON13KM;1.00;1.90;217.0;16.2;0.00;75.0;ICON13KM
cap_des_seselets;ICONIFS;2026-10-16T21:00;ICON13KM;1.20;2.10;171.0;15.6;0.00;82.0;ICON13KM
cap_des_seselets;ICONIFS;2026-10-16T22:00;ICON13KM;1.70;2.90;144.0;15.2;0.00;89.0;ICON13KM
cap_des_seselets;ICONIFS;2026-10-16T23:00;ICON13KM;2.10;3.30;131.0;15.0;0.00;96.0;ICON13KM
cap_des_seselets;ICONIFS;2026-10-17T00:00;ICON13KM;1.80;2.90;122.0;14.8;0.00;97.0;ICON13KM
cap_des_seselets;ICONIFS;2026-10-17T01:00;ICON13KM;1.20;2.10;99.0;14.7;0.00;99.0;ICON13KM
cap_des_seselets;ICONIFS;2026-10-17T02:00;ICON13KM;0.90;1.90;63.0;14.6;0.00;100.0;ICON13KM
cap_des_seselets;ICONIFS;2026-10-17T03:00;ICON13KM;1.00;2.70;22.0;14.4;0.00;97.0;ICON13KM
cap_des_seselets;ICONIFS;2026-10-17T04:00;ICON13KM;1.80;4.10;6.0;14.2;0.00;94.0;ICON13KM
cap_des_seselets;ICONIFS;2026-10-17T05:00;ICON13KM;2.10;5.10;360.0;14.0;0.00;91.0;ICON13KM
cap_des_seselets;ICONIFS;2026-10-17T06:00;ICON13KM;2.20;4.90;10.0;13.7;0.00;88.0;ICON13KM
cap_des_seselets;ICONIFS;2026-10-17T07:00;ICON13KM;2.00;4.50;29.0;13.4;0.00;84.0;ICON13KM
cap_des_seselets;ICONIFS;2026-10-17T08:00;ICON13KM;1.90;4.10;37.0;13.3;0.00;81.0;ICON13KM
cap_des_seselets;ICONIFS;2026-10-17T09:00;ICON13KM;1.70;4.50;21.0;13.6;0.00;80.0;ICON13KM
cap_des_seselets;ICONIFS;2026-10-17T10:00;ICON13KM;2.00;5.10;349.0;14.1;0.00;80.0;ICON13KM
cap_des_seselets;ICONIFS;2026-10-17T11:00;ICON13KM;2.30;5.40;329.0;14.7;0.00;79.0;ICON13KM
cap_des_seselets;ICONIFS;2026-10-17T12:00;ICON13KM;2.30;5.60;318.0;15.6;0.00;82.0;ICON13KM
cap_des_seselets;ICONIFS;2026-10-17T13:00;ICON13KM;2.20;5.60;315.0;16.7;0.00;86.0;ICON13KM
cap_des_seselets;ICONIFS;2026-10-17T14:00;ICON13KM;2.20;5.80;308.0;17.5;0.00;89.0;ICON13KM
cap_des_seselets;ICONIFS;2026-10-17T15:00;ICON13KM;2.40;6.20;305.0;17.9;0.00;93.0;ICON13KM
cap_des_seselets;ICONIFS;2026-10-17T16:00;ICON13KM;2.80;6.60;309.0;18.1;0.00;96.0;ICON13KM
cap_des_seselets;ICONIFS;2026-10-17T17:00;ICON13KM;2.60;6.60;312.0;17.9;0.00;100.0;ICON13KM
cap_des_seselets;ICONIFS;2026-10-17T18:00;ICON13KM;1.70;5.80;333.0;17.1;0.00;100.0;ICON13KM
cap_des_seselets;ICONIFS;2026-10-17T19:00;ICON13KM;1.70;4.70;36.0;15.9;0.00;100.0;ICON13KM
cap_des_seselets;ICONIFS;2026-10-17T20:00;ICON13KM;2.40;4.10;61.0;14.9;0.00;100.0;ICON13KM
cap_des_seselets;ICONIFS;2026-10-17T21:00;ICON13KM;2.80;4.50;65.0;14.3;0.00;100.0;ICON13KM
cap_des_seselets;ICONIFS;2026-10-17T22:00;ICON13KM;3.00;5.40;63.0;14.0;0.00;100.0;ICON13KM
cap_des_seselets;ICONIFS;2026-10-17T23:00;ICON13KM;3.10;6.20;60.0;13.7;0.00;100.0;ICON13KM
cap_des_seselets;ICONIFS;2026-10-18T00:00;ICON13KM;3.10;6.40;60.0;13.5;0.00;100.0;ICON13KM
cap_des_seselets;ICONIFS;2026-10-18T01:00;ICON13KM;3.10;6.40;55.0;13.4;0.00;100.0;ICON13KM
cap_des_seselets;ICONIFS;2026-10-18T02:00;ICON13KM;3.10;6.40;55.0;13.4;0.00;100.0;ICON13KM
cap_des_seselets;ICONIFS;2026-10-18T03:00;IFS;2.20;10.30;41.0;11.1;0.00;100.0;IFS
cap_des_seselets;ICONIFS;2026-10-18T04:00;IFS;2.30;9.90;42.0;10.9;0.00;100.0;IFS
cap_des_seselets;ICONIFS;2026-10-18T05:00;IFS;2.50;9.30;43.0;10.8;0.00;100.0;IFS
cap_des_seselets;ICONIFS;2026-10-18T06:00;IFS;2.60;8.70;42.0;10.8;0.00;100.0;IFS
cap_des_seselets;ICONIFS;2026-10-18T07:00;IFS;2.80;8.40;42.0;10.9;0.00;100.0;IFS
cap_des_seselets;ICONIFS;2026-10-18T08:00;IFS;2.90;8.40;42.0;11.0;0.00;100.0;IFS
cap_des_seselets;ICONIFS;2026-10-18T09:00;IFS;3.10;8.60;41.0;11.4;0.00;100.0;IFS
cap_des_seselets;ICONIFS;2026-10-18T10:00;IFS;3.40;9.10;39.0;12.0;0.00;100.0;IFS
cap_des_seselets;ICONIFS;2026-10-18T11:00;IFS;3.70;9.70;37.0;12.7;0.00;100.0;IFS
cap_des_seselets;ICONIFS;2026-10-18T12:00;IFS;3.90;10.50;35.0;13.3;0.00;100.0;IFS
cap_des_seselets;ICONIFS;2026-10-18T13:00;IFS;4.10;11.10;33.0;13.8;0.00;100.0;IFS
cap_des_seselets;ICONIFS;2026-10-18T14:00;IFS;4.20;11.50;33.0;14.1;0.00;100.0;IFS
cap_des_seselets;ICONIFS;2026-10-18T15:00;IFS;4.00;11.70;31.0;14.1;0.00;92.0;IFS
cap_des_seselets;ICONIFS;2026-10-18T16:00;IFS;3.60;11.70;31.0;13.9;0.00;80.0;IFS
cap_des_seselets;ICONIFS;2026-10-18T17:00;IFS;3.10;11.70;30.0;13.6;0.00;66.0;IFS
cap_des_seselets;ICONIFS;2026-10-18T18:00;IFS;2.70;11.70;28.0;13.2;0.00;53.0;IFS
cap_des_seselets;ICONIFS;2026-10-18T19:00;IFS;2.30;11.70;28.0;12.8;0.00;44.0;IFS
cap_des_seselets;ICONIFS;2026-10-18T20:00;IFS;2.20;11.70;27.0;12.6;0.00;40.0;IFS
cap_des_seselets;ICONIFS;2026-10-18T21:00;IFS;2.30;11.90;28.0;12.4;0.00;44.0;IFS
cap_des_seselets;ICONIFS;2026-10-18T22:00;IFS;2.60;12.10;31.0;12.3;0.00;53.0;IFS
cap_des_seselets;ICONIFS;2026-10-18T23:00;IFS;3.00;12.20;33.0;12.2;0.00;66.0;IFS
cap_des_seselets;ICONIFS;2026-10-19T00:00;IFS;3.40;12.40;35.0;12.1;0.00;80.0;IFS
cap_des_seselets;ICONIFS;2026-10-19T01:00;IFS;3.90;12.40;37.0;12.0;0.00;92.0;IFS
cap_des_seselets;ICONIFS;2026-10-19T02:00;IFS;4.20;12.60;37.0;11.9;0.00;100.0;IFS
cap_des_seselets;ICONIFS;2026-10-19T03:00;IFS;4.30;12.60;38.0;11.6;0.00;100.0;IFS
cap_des_seselets;ICONIFS;2026-10-19T04:00;IFS;4.40;12.40;38.0;11.2;0.00;100.0;IFS
cap_des_seselets;ICONIFS;2026-10-19T05:00;IFS;4.60;12.40;38.0;10.8;0.00;100.0;IFS
cap_des_seselets;ICONIFS;2026-10-19T06:00;IFS;4.60;12.20;37.0;10.5;0.00;100.0;IFS
cap_des_seselets;ICONIFS;2026-10-19T07:00;IFS;4.60;12.20;37.0;10.3;0.00;100.0;IFS
cap_des_seselets;ICONIFS;2026-10-19T08:00;IFS;4.70;12.40;38.0;10.3;0.00;99.0;IFS
cap_des_seselets;ICONIFS;2026-10-19T09:00;IFS;4.80;12.80;39.0;10.6;0.00;93.0;IFS
cap_des_seselets;ICONIFS;2026-10-19T10:00;IFS;4.80;13.40;42.0;11.2;0.00;84.0;IFS
cap_des_seselets;ICONIFS;2026-10-19T11:00;IFS;4.90;14.20;44.0;11.9;0.00;74.0;IFS
cap_des_seselets;ICONIFS;2026-10-19T12:00;IFS;4.80;14.80;47.0;12.6;0.00;63.0;IFS
cap_des_seselets;ICONIFS;2026-10-19T13:00;IFS;4.80;15.40;48.0;13.1;0.00;52.0;IFS
cap_des_seselets;ICONIFS;2026-10-19T14:00;IFS;4.60;15.60;49.0;13.3;0.00;43.0;IFS
cap_des_seselets;ICONIFS;2026-10-19T15:00;IFS;4.30;15.60;49.0;13.2;0.00;34.0;IFS
cap_des_seselets;ICONIFS;2026-10-19T16:00;IFS;3.60;15.20;48.0;12.8;0.00;23.0;IFS
cap_des_seselets;ICONIFS;2026-10-19T17:00;IFS;3.10;14.80;46.0;12.2;0.00;12.0;IFS
cap_des_seselets;ICONIFS;2026-10-19T18:00;IFS;2.50;14.40;42.0;11.5;0.00;4.0;IFS
cap_des_seselets;ICONIFS;2026-10-19T19:00;IFS;1.90;13.80;37.0;10.9;0.00;0.0;IFS
cap_des_seselets;ICONIFS;2026-10-19T20:00;IFS;1.70;13.20;31.0;10.3;0.00;1.0;IFS
cap_des_seselets;ICONIFS;2026-10-19T21:00;IFS;1.60;12.60;25.0;9.8;0.00;11.0;IFS
cap_des_seselets;ICONIFS;2026-10-19T22:00;IFS;1.70;11.90;24.0;9.3;0.00;28.0;IFS
cap_des_seselets;ICONIFS;2026-10-19T23:00;IFS;1.80;11.10;22.0;8.8;0.00;49.0;IFS
cap_des_seselets;ICONIFS;2026-10-20T00:00;IFS;2.00;10.30;23.0;8.4;0.00;70.0;IFS
cap_des_seselets;ICONIFS;2026-10-20T01:00;IFS;2.20;9.70;21.0;7.9;0.00;87.0;IFS
cap_des_seselets;ICONIFS;2026-10-20T02:00;IFS;2.30;9.30;22.0;7.5;0.00;98.0;IFS
cap_des_seselets;ICONIFS;2026-10-20T03:00;IFS;2.40;9.30;23.0;7.1;0.00;100.0;IFS
cap_des_seselets;ICONIFS;2026-10-20T04:00;IFS;2.50;9.50;26.0;6.6;0.00;99.0;IFS
cap_des_seselets;ICONIFS;2026-10-20T05:00;IFS;2.50;9.90;28.0;6.2;0.00;93.0;IFS
cap_des_seselets;ICONIFS;2026-10-20T06:00;IFS;2.60;10.30;29.0;5.9;0.00;86.0;IFS
cap_des_seselets;ICONIFS;2026-10-20T07:00;IFS;2.60;10.90;31.0;5.8;0.00;78.0;IFS
cap_des_seselets;ICONIFS;2026-10-20T08:00;IFS;2.60;11.50;31.0;6.0;0.00;71.0;IFS
cap_des_seselets;ICONIFS;2026-10-20T09:00;IFS;2.50;12.20;32.0;6.8;0.00;64.0;IFS
cap_des_seselets;ICONIFS;2026-10-20T10:00;IFS;2.50;13.00;32.0;8.0;0.00;56.0;IFS
cap_des_seselets;ICONIFS;2026-10-20T11:00;IFS;2.40;14.00;32.0;9.4;0.00;47.0;IFS
cap_des_seselets;ICONIFS;2026-10-20T12:00;IFS;2.30;15.00;33.0;10.8;0.00;39.0;IFS
cap_des_seselets;ICONIFS;2026-10-20T13:00;IFS;2.20;15.70;32.0;12.0;0.00;31.0;IFS
cap_des_seselets;ICONIFS;2026-10-20T14:00;IFS;2.10;15.90;34.0;12.6;0.00;26.0;IFS
cap_des_seselets;ICONIFS;2026-10-20T15:00;IFS;2.10;15.70;34.0;12.7;0.00;23.0;IFS
cap_des_seselets;ICONIFS;2026-10-20T16:00;IFS;2.00;15.20;35.0;12.3;0.00;21.0;IFS
cap_des_seselets;ICONIFS;2026-10-20T17:00;IFS;2.00;14.40;35.0;11.7;0.00;20.0;IFS
cap_des_seselets;ICONIFS;2026-10-20T18:00;IFS;2.10;13.40;37.0;11.0;0.00;20.0;IFS
cap_des_seselets;ICONIFS;2026-10-20T19:00;IFS;2.10;12.60;37.0;10.2;0.00;20.0;IFS
cap_des_seselets;ICONIFS;2026-10-20T20:00;IFS;2.20;12.10;38.0;9.6;0.00;20.0;IFS
cap_des_seselets;ICONIFS;2026-10-20T21:00;IFS;2.40;11.70;38.0;9.1;0.00;20.0;IFS
cap_des_seselets;ICONIFS;2026-10-20T22:00;IFS;2.80;11.50;39.0;8.5;0.00;20.0;IFS
cap_des_seselets;ICONIFS;2026-10-20T23:00;IFS;3.00;11.30;40.0;7.9;0.00;21.0;IFS
cap_des_seselets;ICONIFS;2026-10-21T00:00;IFS;3.40;11.30;39.0;7.4;0.00;21.0;IFS
cap_des_seselets;ICONIFS;2026-10-21T01:00;IFS;3.70;11.10;40.0;6.9;0.00;22.0;IFS
cap_des_seselets;ICONIFS;2026-10-21T02:00;IFS;3.90;11.10;39.0;6.5;0.00;23.0;IFS
cap_des_seselets;ICONIFS;2026-10-21T03:00;IFS;4.00;11.10;37.0;6.0;0.00;25.0;IFS
cap_des_seselets;ICONIFS;2026-10-21T04:00;IFS;4.10;11.10;36.0;5.6;0.00;27.0;IFS
cap_des_seselets;ICONIFS;2026-10-21T05:00;IFS;4.10;11.30;34.0;5.1;0.00;30.0;IFS
cap_des_seselets;ICONIFS;2026-10-21T06:00;IFS;4.20;11.30;33.0;4.9;0.00;32.0;IFS
cap_des_seselets;ICONIFS;2026-10-21T07:00;IFS;4.20;11.50;31.0;4.8;0.00;34.0;IFS
cap_des_seselets;ICONIFS;2026-10-21T08:00;IFS;4.20;11.70;31.0;5.2;0.00;33.0;IFS
cap_des_seselets;ICONIFS;2026-10-21T09:00;IFS;4.20;11.90;32.0;6.1;0.00;30.0;IFS
cap_des_seselets;ICONIFS;2026-10-21T10:00;IFS;4.30;12.20;33.0;7.6;0.00;25.0;IFS
cap_des_seselets;ICONIFS;2026-10-21T11:00;IFS;4.30;12.80;35.0;9.3;0.00;19.0;IFS
cap_des_seselets;ICONIFS;2026-10-21T12:00;IFS;4.20;13.20;37.0;11.0;0.00;12.0;IFS
cap_des_seselets;ICONIFS;2026-10-21T13:00;IFS;4.20;13.40;38.0;12.4;0.00;7.0;IFS
cap_des_seselets;ICONIFS;2026-10-21T14:00;IFS;4.10;13.60;39.0;13.1;0.00;3.0;IFS
cap_des_seselets;ICONIFS;2026-10-21T15:00;IFS;3.90;13.60;40.0;13.2;0.00;1.0;IFS
cap_des_seselets;ICONIFS;2026-10-21T16:00;IFS;3.70;13.40;40.0;12.7;0.00;0.0;IFS
cap_des_seselets;ICONIFS;2026-10-21T17:00;IFS;3.30;13.20;40.0;12.0;0.00;0.0;IFS
cap_des_seselets;ICONIFS;2026-10-21T18:00;IFS;3.00;12.80;41.0;11.1;0.00;0.0;IFS
cap_des_seselets;ICONIFS;2026-10-21T19:00;IFS;2.70;12.40;41.0;10.2;0.00;0.0;IFS
cap_des_seselets;ICONIFS;2026-10-21T20:00;IFS;2.50;12.10;42.0;9.5;0.00;0.0;IFS
cap_des_seselets;ICONIFS;2026-10-21T21:00;IFS;2.40;11.50;43.0;9.0;0.00;0.0;IFS
cap_des_seselets;ICONIFS;2026-10-21T22:00;IFS;2.30;10.90;45.0;8.5;0.00;1.0;IFS
cap_des_seselets;ICONIFS;2026-10-21T23:00;IFS;2.30;10.10;47.0;8.0;0.00;1.0;IFS
cap_des_seselets;ICONIFS;2026-10-22T00:00;IFS;2.30;9.30;47.0;7.5;0.00;3.0;IFS
cap_des_seselets;ICONIFS;2026-10-22T01:00;IFS;2.30;8.70;48.0;7.1;0.00;4.0;IFS
cap_des_seselets;ICONIFS;2026-10-22T02:00;IFS;2.40;8.60;47.0;6.8;0.00;7.0;IFS
cap_des_seselets;ICONIFS;2026-10-22T03:00;IFS;2.50;8.60;43.0;6.5;0.00;11.0;IFS
cap_des_seselets;ICONIFS;2026-10-22T04:00;IFS;2.80;8.70;39.0;6.2;0.00;18.0;IFS
cap_des_seselets;ICONIFS;2026-10-22T05:00;IFS;2.90;9.10;34.0;5.9;0.00;24.0;IFS
cap_des_seselets;ICONIFS;2026-10-22T06:00;IFS;3.30;9.70;30.0;5.8;0.00;31.0;IFS
cap_des_seselets;ICONIFS;2026-10-22T07:00;IFS;3.50;10.30;28.0;5.9;0.00;35.0;IFS
cap_des_seselets;ICONIFS;2026-10-22T08:00;IFS;3.70;10.70;28.0;6.3;0.00;37.0;IFS
cap_des_seselets;ICONIFS;2026-10-22T09:00;IFS;3.90;11.30;28.0;7.4;0.00;35.0;IFS
cap_des_seselets;ICONIFS;2026-10-22T10:00;IFS;4.10;11.90;30.0;8.9;0.00;30.0;IFS
cap_des_seselets;ICONIFS;2026-10-22T11:00;IFS;4.20;12.40;34.0;10.7;0.00;23.0;IFS
cap_des_seselets;ICONIFS;2026-10-22T12:00;IFS;4.30;13.00;36.0;12.5;0.00;16.0;IFS
cap_des_seselets;ICONIFS;2026-10-22T13:00;IFS;4.30;13.60;38.0;13.9;0.00;9.0;IFS
cap_des_seselets;ICONIFS;2026-10-22T14:00;IFS;4.20;13.80;40.0;14.7;0.00;5.0;IFS
cap_des_seselets;ICONIFS;2026-10-22T15:00;IFS;3.90;13.80;42.0;14.8;0.00;3.0;IFS
cap_des_seselets;ICONIFS;2026-10-22T16:00;IFS;3.40;13.60;45.0;14.3;0.00;2.0;IFS
cap_des_seselets;ICONIFS;2026-10-22T17:00;IFS;2.90;13.40;50.0;13.5;0.00;2.0;IFS
cap_des_seselets;ICONIFS;2026-10-22T18:00;IFS;2.40;13.00;55.0;12.5;0.00;2.0;IFS
cap_des_seselets;ICONIFS;2026-10-22T19:00;IFS;2.00;12.60;61.0;11.5;0.00;3.0;IFS
cap_des_seselets;ICONIFS;2026-10-22T20:00;IFS;1.70;12.20;63.0;10.8;0.00;4.0;IFS
cap_des_seselets;ICONIFS;2026-10-22T21:00;IFS;1.70;11.70;59.0;10.2;0.00;5.0;IFS
cap_des_seselets;ICONIFS;2026-10-22T22:00;IFS;1.90;11.10;51.0;9.5;0.00;6.0;IFS
cap_des_seselets;ICONIFS;2026-10-22T23:00;IFS;2.20;10.50;45.0;8.9;0.00;8.0;IFS
cap_des_seselets;ICONIFS;2026-10-23T00:00;IFS;2.60;9.70;37.0;8.4;0.00;10.0;IFS
cap_des_seselets;ICONIFS;2026-10-23T01:00;IFS;3.00;9.30;33.0;7.9;0.00;11.0;IFS
cap_des_seselets;ICONIFS;2026-10-23T02:00;IFS;3.30;8.90;30.0;7.5;0.00;13.0;IFS
cap_des_seselets;ICONIFS;2026-10-23T03:00;IFS;3.40;8.90;29.0;7.1;0.00;15.0;IFS
cap_des_seselets;ICONIFS;2026-10-23T04:00;IFS;3.70;9.10;29.0;6.7;0.00;16.0;IFS
cap_des_seselets;ICONIFS;2026-10-23T05:00;IFS;3.80;9.30;27.0;6.4;0.00;18.0;IFS
cap_des_seselets;ICONIFS;2026-10-23T06:00;IFS;3.90;9.70;27.0;6.2;0.00;19.0;IFS
cap_des_seselets;ICONIFS;2026-10-23T07:00;IFS;4.00;10.10;26.0;6.3;0.00;21.0;IFS
cap_des_seselets;ICONIFS;2026-10-23T08:00;IFS;4.00;10.30;26.0;6.8;0.00;23.0;IFS
cap_des_seselets;ICONIFS;2026-10-23T09:00;IFS;3.90;10.50;27.0;8.0;0.00;26.0;IFS
cap_des_seselets;ICONIFS;2026-10-23T10:00;IFS;3.70;10.90;27.0;9.8;0.00;30.0;IFS
cap_des_seselets;ICONIFS;2026-10-23T11:00;IFS;3.40;11.30;27.0;12.0;0.00;35.0;IFS
cap_des_seselets;ICONIFS;2026-10-23T12:00;IFS;3.20;11.70;27.0;14.0;0.00;38.0;IFS
cap_des_seselets;ICONIFS;2026-10-23T13:00;IFS;2.90;11.70;28.0;15.8;0.00;40.0;IFS
cap_des_seselets;ICONIFS;2026-10-23T14:00;IFS;2.60;11.70;29.0;16.8;0.00;40.0;IFS
cap_des_seselets;ICONIFS;2026-10-23T15:00;IFS;2.30;11.30;31.0;17.0;0.00;36.0;IFS
cap_des_seselets;ICONIFS;2026-10-23T16:00;IFS;2.00;10.90;33.0;16.7;0.00;29.0;IFS
cap_des_seselets;ICONIFS;2026-10-23T17:00;IFS;1.70;10.30;31.0;16.0;0.00;21.0;IFS
cap_des_seselets;ICONIFS;2026-10-23T18:00;IFS;1.40;9.50;34.0;15.1;0.00;12.0;IFS
cap_des_seselets;ICONIFS;2026-10-23T19:00;IFS;1.20;8.70;35.0;14.2;0.00;5.0;IFS
cap_des_seselets;ICONIFS;2026-10-23T20:00;IFS;1.00;8.20;37.0;13.5;0.00;0.0;IFS
cap_des_seselets;ICONIFS;2026-10-23T21:00;IFS;0.80;7.60;36.0;12.8;0.00;0.0;IFS
cap_des_seselets;ICONIFS;2026-10-23T22:00;IFS;0.80;6.80;36.0;12.1;0.00;0.0;IFS
cap_des_seselets;ICONIFS;2026-10-23T23:00;IFS;0.90;6.00;32.0;11.4;0.00;0.0;IFS
cap_des_seselets;ICONIFS;2026-10-24T00:00;IFS;0.90;5.20;27.0;10.7;0.00;0.0;IFS
cap_des_seselets;ICONIFS;2026-10-24T01:00;IFS;1.00;4.70;24.0;10.1;0.00;0.0;IFS
cap_des_seselets;ICONIFS;2026-10-24T02:00;IFS;1.00;4.30;24.0;9.5;0.00;1.0;IFS
cap_des_seselets;ICONIFS;2026-10-24T03:00;IFS;1.00;4.10;24.0;9.0;0.00;4.0;IFS
cap_des_seselets;ICONIFS;2026-10-24T04:00;IFS;1.00;3.90;17.0;8.4;0.00;8.0;IFS
cap_des_seselets;ICONIFS;2026-10-24T05:00;IFS;1.00;3.90;17.0;7.8;0.00;13.0;IFS
cap_des_seselets;ICONIFS;2026-10-24T06:00;IFS;1.00;4.10;17.0;7.5;0.00;17.0;IFS
cap_des_seselets;ICONIFS;2026-10-24T07:00;IFS;1.00;4.30;17.0;7.4;0.00;21.0;IFS
cap_des_seselets;ICONIFS;2026-10-24T08:00;IFS;1.00;4.70;17.0;7.7;0.00;23.0;IFS
cap_des_seselets;ICONIFS;2026-10-24T09:00;IFS;0.90;5.20;18.0;8.7;0.00;23.0;IFS
cap_des_seselets;ICONIFS;2026-10-24T10:00;IFS;0.90;6.00;27.0;10.3;0.00;22.0;IFS
cap_des_seselets;ICONIFS;2026-10-24T11:00;IFS;0.80;7.00;30.0;12.3;0.00;21.0;IFS
cap_des_seselets;ICONIFS;2026-10-24T12:00;IFS;0.70;8.00;45.0;14.1;0.00;19.0;IFS
cap_des_seselets;ICONIFS;2026-10-24T13:00;IFS;0.60;8.70;59.0;15.6;0.00;17.0;IFS
cap_des_seselets;ICONIFS;2026-10-24T14:00;IFS;0.50;9.10;68.0;16.3;0.00;16.0;IFS
cap_des_seselets;ICONIFS;2026-10-24T15:00;IFS;0.40;9.10;90.0;16.2;0.00;15.0;IFS
cap_des_seselets;ICONIFS;2026-10-24T16:00;IFS;0.40;8.70;124.0;15.4;0.00;14.0;IFS
cap_des_seselets;ICONIFS;2026-10-24T17:00;IFS;0.40;8.20;166.0;14.2;0.00;13.0;IFS
cap_des_seselets;ICONIFS;2026-10-24T18:00;IFS;0.60;7.60;189.0;12.9;0.00;14.0;IFS
cap_des_seselets;ICONIFS;2026-10-24T19:00;IFS;0.60;7.20;198.0;11.6;0.00;16.0;IFS
cap_des_seselets;ICONIFS;2026-10-24T20:00;IFS;0.60;7.00;198.0;10.7;0.00;21.0;IFS
cap_des_seselets;ICONIFS;2026-10-24T21:00;IFS;0.40;7.00;194.0;10.0;0.00;31.0;IFS
cap_des_seselets;ICONIFS;2026-10-24T22:00;IFS;0.20;7.40;90.0;9.5;0.00;46.0;IFS
cap_des_seselets;ICONIFS;2026-10-24T23:00;IFS;0.50;7.80;45.0;9.0;0.00;63.0;IFS
cap_des_seselets;ICONIFS;2026-10-25T00:00;IFS;1.10;8.20;38.0;8.6;0.00;79.0;IFS
cap_des_seselets;ICONIFS;2026-10-25T01:00;IFS;1.60;8.60;38.0;8.3;0.00;91.0;IFS
cap_des_seselets;ICONIFS;2026-10-25T02:00;IFS;1.90;8.90;37.0;8.0;0.00;96.0;IFS
cap_des_seselets;ICONIFS;2026-10-25T03:00;IFS;2.20;9.10;36.0;7.6;0.00;93.0;IFS
cap_des_seselets;ICONIFS;2026-10-25T04:00;IFS;2.40;9.30;35.0;7.2;0.00;84.0;IFS
cap_des_seselets;ICONIFS;2026-10-25T05:00;IFS;2.60;9.50;34.0;6.8;0.00;70.0;IFS
cap_des_seselets;ICONIFS;2026-10-25T06:00;IFS;2.70;9.70;33.0;6.6;0.00;56.0;IFS
cap_des_seselets;ICONIFS;2026-10-25T07:00;IFS;2.80;9.90;32.0;6.6;0.00;42.0;IFS
cap_des_seselets;ICONIFS;2026-10-25T08:00;IFS;2.80;10.10;31.0;7.0;0.00;33.0;IFS
cap_des_seselets;ICONIFS;2026-10-25T09:00;IFS;2.80;10.30;31.0;7.9;0.00;27.0;IFS
cap_des_seselets;ICONIFS;2026-10-25T10:00;IFS;2.70;10.50;30.0;9.2;0.00;23.0;IFS
cap_des_seselets;ICONIFS;2026-10-25T11:00;IFS;2.70;10.70;28.0;10.8;0.00;20.0;IFS
cap_des_seselets;ICONIFS;2026-10-25T12:00;IFS;2.50;10.90;28.0;12.4;0.00;18.0;IFS
cap_des_seselets;ICONIFS;2026-10-25T13:00;IFS;2.40;10.90;29.0;13.8;0.00;16.0;IFS
cap_des_seselets;ICONIFS;2026-10-25T14:00;IFS;2.30;11.10;28.0;14.7;0.00;15.0;IFS
excenevex;ICONIFS;2026-10-10T00:00;ICONCH1;3.80;5.60;225.0;13.2;0.10;100.0;ICONCH1
excenevex;ICONIFS;2026-10-10T01:00;ICONCH1;3.30;6.00;216.0;12.9;0.00;100.0;ICONCH1
excenevex;ICONIFS;2026-10-10T02:00;ICONCH1;4.90;7.00;236.0;12.7;0.00;100.0;ICONCH1
excenevex;ICONIFS;2026-10-10T03:00;ICONCH1;5.60;8.00;224.0;12.5;0.00;100.0;ICONCH1
excenevex;ICONIFS;2026-10-10T04:00;ICONCH1;7.80;11.10;235.0;12.5;0.20;100.0;ICONCH1
excenevex;ICONIFS;2026-10-10T05:00;ICONCH1;7.30;11.10;226.0;12.4;0.70;100.0;ICONCH1
excenevex;ICONIFS;2026-10-10T06:00;ICONCH1;5.40;10.10;232.0;12.5;0.40;100.0;ICONCH1
excenevex;ICONIFS;2026-10-10T07:00;ICONCH1;6.60;9.30;225.0;12.6;0.00;100.0;ICONCH1
excenevex;ICONIFS;2026-10-10T08:00;ICONCH1;6.10;10.70;222.0;12.9;0.10;100.0;ICONCH1
excenevex;ICONIFS;2026-10-10T09:00;ICONCH1;8.00;11.10;231.0;13.1;0.20;100.0;ICONCH1
excenevex;ICONIFS;2026-10-10T10:00;ICONCH1;8.70;13.00;241.0;13.8;0.00;97.0;ICONCH1
excenevex;ICONIFS;2026-10-10T11:00;ICONCH1;8.00;13.40;225.0;14.2;0.00;91.0;ICONCH1
excenevex;ICONIFS;2026-10-10T12:00;ICONCH1;8.10;11.90;222.0;14.8;0.00;91.0;ICONCH1
excenevex;ICONIFS;2026-10-10T13:00;ICONCH1;8.90;14.20;228.0;15.6;0.00;89.0;ICONCH1
excenevex;ICONIFS;2026-10-10T14:00;ICONCH1;8.60;14.40;218.0;15.7;0.00;88.0;ICONCH1
excenevex;ICONIFS;2026-10-10T15:00;ICONCH1;8.40;13.40;226.0;16.1;0.00;84.0;ICONCH1
excenevex;ICONIFS;2026-10-10T16:00;ICONCH1;8.60;12.40;219.0;16.3;0.00;80.0;ICONCH1
excenevex;ICONIFS;2026-10-10T17:00;ICONCH1;8.30;12.40;219.0;16.6;0.00;78.0;ICONCH1
excenevex;ICONIFS;2026-10-10T18:00;ICONCH1;5.80;11.70;217.0;16.3;0.00;40.0;ICONCH1
excenevex;ICONIFS;2026-10-10T19:00;ICONCH1;5.10;8.40;220.0;15.1;0.00;2.0;ICONCH1
excenevex;ICONIFS;2026-10-10T20:00;ICONCH1;5.50;7.80;228.0;14.6;0.00;32.0;ICONCH1
excenevex;ICONIFS;2026-10-10T21:00;ICONCH1;5.90;9.50;229.0;14.4;0.00;93.0;ICONCH1
excenevex;ICONIFS;2026-10-10T22:00;ICONCH1;4.30;8.20;210.0;13.9;0.00;55.0;ICONCH1
excenevex;ICONIFS;2026-10-10T23:00;ICONCH1;4.70;6.80;235.0;13.5;0.00;91.0;ICONCH1
excenevex;ICONIFS;2026-10-11T00:00;ICONCH1;8.20;11.30;218.0;13.4;0.00;86.0;ICONCH1
excenevex;ICONIFS;2026-10-11T01:00;ICONCH1;8.00;11.70;227.0;13.2;0.00;50.0;ICONCH1
excenevex;ICONIFS;2026-10-11T02:00;ICONCH1;6.00;11.10;232.0;12.5;0.00;45.0;ICONCH1
excenevex;ICONIFS;2026-10-11T03:00;ICONCH1;2.80;8.40;219.0;12.3;0.00;62.0;ICONCH1
excenevex;ICONIFS;2026-10-11T04:00;ICONCH1;1.40;4.10;146.0;12.2;0.00;38.0;ICONCH1
excenevex;ICONIFS;2026-10-11T05:00;ICONCH1;3.30;4.90;183.0;10.9;0.00;95.0;ICONCH1
excenevex;ICONIFS;2026-10-11T06:00;ICONCH1;3.00;4.90;203.0;11.0;0.00;75.0;ICONCH1
excenevex;ICONIFS;2026-10-11T07:00;ICONCH1;3.00;4.50;220.0;10.7;0.00;98.0;ICONCH1
excenevex;ICONIFS;2026-10-11T08:00;ICONCH1;3.60;5.10;216.0;10.2;0.00;95.0;ICONCH1
excenevex;ICONIFS;2026-10-11T09:00;ICONCH1;3.20;5.20;218.0;10.5;0.00;100.0;ICONCH1
excenevex;ICONIFS;2026-10-11T10:00;ICONCH1;3.20;4.90;218.0;12.0;0.00;100.0;ICONCH1
excenevex;ICONIFS;2026-10-11T11:00;ICONCH1;1.00;4.90;191.0;13.1;0.00;100.0;ICONCH1
excenevex;ICONIFS;2026-10-11T12:00;ICONCH1;2.80;4.30;65.0;13.4;0.00;87.0;ICONCH1
excenevex;ICONIFS;2026-10-11T13:00;ICONCH1;4.00;6.00;61.0;14.1;0.00;46.0;ICONCH1
excenevex;ICONIFS;2026-10-11T14:00;ICONCH1;4.00;6.40;67.0;14.8;0.00;78.0;ICONCH1
excenevex;ICONIFS;2026-10-11T15:00;ICONCH1;4.10;6.20;65.0;15.3;0.00;85.0;ICONCH1
excenevex;ICONIFS;2026-10-11T16:00;ICONCH1;5.60;8.20;61.0;15.8;0.00;100.0;ICONCH1
excenevex;ICONIFS;2026-10-11T17:00;ICONCH1;3.00;8.00;63.0;16.1;0.00;100.0;ICONCH1
excenevex;ICONIFS;2026-10-11T18:00;ICONCH1;2.50;4.70;67.0;16.3;0.00;100.0;ICONCH1
excenevex;ICONIFS;2026-10-11T19:00;ICONCH1;1.70;4.30;144.0;16.4;0.00;100.0;ICONCH1
excenevex;ICONIFS;2026-10-11T20:00;ICONCH1;5.70;8.20;325.0;15.1;0.00;100.0;ICONCH1
excenevex;ICONIFS;2026-10-11T21:00;ICONCH1;4.80;8.40;166.0;12.7;0.00;84.0;ICONCH1
excenevex;ICONIFS;2026-10-11T22:00;ICONCH1;9.20;13.00;86.0;14.2;0.00;90.0;ICONCH1
excenevex;ICONIFS;2026-10-11T23:00;ICONCH1;11.20;16.90;62.0;14.4;0.00;72.0;ICONCH1
excenevex;ICONIFS;2026-10-12T00:00;ICONCH1;13.80;20.40;31.0;14.0;0.00;67.0;ICONCH1
excenevex;ICONIFS;2026-10-12T01:00;ICONCH1;11.70;19.80;18.0;13.7;0.00;9.0;ICONCH1
excenevex;ICONIFS;2026-10-12T02:00;ICONCH1;12.20;17.30;34.0;13.5;0.00;25.0;ICONCH1
excenevex;ICONIFS;2026-10-12T03:00;ICONCH1;11.60;18.30;35.0;13.3;0.00;0.0;ICONCH1
excenevex;ICONIFS;2026-10-12T04:00;ICONCH1;11.50;16.50;34.0;13.1;0.00;11.0;ICONCH1
excenevex;ICONIFS;2026-10-12T05:00;ICONCH1;12.60;18.10;37.0;12.9;0.00;42.0;ICONCH1
excenevex;ICONIFS;2026-10-12T06:00;ICONCH2;11.40;14.80;38.0;12.6;0.00;23.0;ICONCH2
excenevex;ICONIFS;2026-10-12T07:00;ICONCH2;12.40;16.10;37.0;12.5;0.00;3.0;ICONCH2
excenevex;ICONIFS;2026-10-12T08:00;ICONCH2;11.80;16.10;42.0;12.3;0.00;0.0;ICONCH2
excenevex;ICONIFS;2026-10-12T09:00;ICONCH2;10.70;15.40;46.0;12.2;0.00;10.0;ICONCH2
excenevex;ICONIFS;2026-10-12T10:00;ICONCH2;10.60;14.00;47.0;12.2;0.00;0.0;ICONCH2
excenevex;ICONIFS;2026-10-12T11:00;ICONCH2;8.30;13.60;51.0;12.5;0.00;0.0;ICONCH2
excenevex;ICONIFS;2026-10-12T12:00;ICONCH2;7.20;10.70;49.0;13.0;0.00;0.0;ICONCH2
excenevex;ICONIFS;2026-10-12T13:00;ICONCH2;6.60;9.10;62.0;13.7;0.00;0.0;ICONCH2
excenevex;ICONIFS;2026-10-12T14:00;ICONCH2;5.30;8.60;84.0;14.5;0.00;0.0;ICONCH2
excenevex;ICONIFS;2026-10-12T15:00;ICONCH2;4.70;6.80;73.0;15.6;0.00;0.0;ICONCH2
excenevex;ICONIFS;2026-10-12T16:00;ICONCH2;4.90;6.40;67.0;16.3;0.00;0.0;ICONCH2
excenevex;ICONIFS;2026-10-12T17:00;ICONCH2;5.30;7.00;62.0;16.8;0.00;0.0;ICONCH2
excenevex;ICONIFS;2026-10-12T18:00;ICONCH2;5.60;7.20;56.0;17.0;0.00;0.0;ICONCH2
excenevex;ICONIFS;2026-10-12T19:00;ICONCH2;8.60;11.10;28.0;16.8;0.00;0.0;ICONCH2
excenevex;ICONIFS;2026-10-12T20:00;ICONCH2;10.60;15.00;28.0;16.2;0.00;0.0;ICONCH2
excenevex;ICONIFS;2026-10-12T21:00;ICONCH2;8.40;13.80;40.0;15.8;0.00;13.0;ICONCH2
excenevex;ICONIFS;2026-10-12T22:00;ICONCH2;9.90;12.80;40.0;15.5;0.00;9.0;ICONCH2
excenevex;ICONIFS;2026-10-12T23:00;ICONCH2;10.20;14.20;45.0;15.0;0.00;5.0;ICONCH2
excenevex;ICONIFS;2026-10-13T00:00;ICONCH2;7.20;13.20;57.0;14.4;0.00;0.0;ICONCH2
excenevex;ICONIFS;2026-10-13T01:00;ICONCH2;6.90;9.10;58.0;14.2;0.00;0.0;ICONCH2
excenevex;ICONIFS;2026-10-13T02:00;ICONCH2;5.60;8.70;78.0;13.5;0.00;0.0;ICONCH2
excenevex;ICONIFS;2026-10-13T03:00;ICONCH2;4.70;7.20;81.0;13.0;0.00;0.0;ICONCH2
excenevex;ICONIFS;2026-10-13T04:00;ICONCH2;4.80;6.20;58.0;13.5;0.00;0.0;ICONCH2
excenevex;ICONIFS;2026-10-13T05:00;ICONCH2;3.90;6.20;53.0;13.4;0.00;0.0;ICONCH2
excenevex;ICONIFS;2026-10-13T06:00;ICONCH2;2.90;5.10;70.0;13.1;0.00;0.0;ICONCH2
excenevex;ICONIFS;2026-10-13T07:00;ICONCH2;1.40;3.90;98.0;12.9;0.00;0.0;ICONCH2
excenevex;ICONIFS;2026-10-13T08:00;ICONCH2;1.90;2.50;135.0;12.3;0.00;0.0;ICONCH2
excenevex;ICONIFS;2026-10-13T09:00;ICONCH2;1.80;2.70;167.0;11.8;0.00;0.0;ICONCH2
excenevex;ICONIFS;2026-10-13T10:00;ICONCH2;1.60;2.50;150.0;12.0;0.00;0.0;ICONCH2
excenevex;ICONIFS;2026-10-13T11:00;ICONCH2;0.80;2.10;90.0;12.8;0.00;0.0;ICONCH2
excenevex;ICONIFS;2026-10-13T12:00;ICONCH2;1.00;1.20;37.0;13.3;0.00;0.0;ICONCH2
excenevex;ICONIFS;2026-10-13T13:00;ICONCH2;1.30;1.70;27.0;14.0;0.00;0.0;ICONCH2
excenevex;ICONIFS;2026-10-13T14:00;ICONCH2;1.50;2.10;40.0;14.7;0.00;2.0;ICONCH2
excenevex;ICONIFS;2026-10-13T15:00;ICONCH2;2.00;2.70;6.0;15.6;0.00;38.0;ICONCH2
excenevex;ICONIFS;2026-10-13T16:00;ICONCH2;1.20;2.90;18.0;16.4;0.00;68.0;ICONCH2
excenevex;ICONIFS;2026-10-13T17:00;ICONCH2;1.40;1.90;360.0;16.9;0.00;19.0;ICONCH2
excenevex;ICONIFS;2026-10-13T18:00;ICONCH2;0.40;1.90;360.0;17.4;0.00;8.0;ICONCH2
excenevex;ICONIFS;2026-10-13T19:00;ICONCH2;1.00;1.60;112.0;17.5;0.00;14.0;ICONCH2
excenevex;ICONIFS;2026-10-13T20:00;ICONCH2;2.10;2.90;146.0;17.0;0.00;67.0;ICONCH2
excenevex;ICONIFS;2026-10-13T21:00;ICONCH2;3.70;4.90;162.0;14.9;0.00;95.0;ICONCH2
excenevex;ICONIFS;2026-10-13T22:00;ICONCH2;2.30;4.90;185.0;14.8;0.00;100.0;ICONCH2
excenevex;ICONIFS;2026-10-13T23:00;ICONCH2;2.40;3.30;166.0;14.8;0.00;100.0;ICONCH2
excenevex;ICONIFS;2026-10-14T00:00;ICONCH2;2.80;4.50;168.0;14.7;0.00;100.0;ICONCH2
excenevex;ICONIFS;2026-10-14T01:00;ICONCH2;1.80;3.90;174.0;14.6;0.00;100.0;ICONCH2
excenevex;ICONIFS;2026-10-14T02:00;ICONCH2;2.70;3.50;159.0;14.7;0.00;100.0;ICONCH2
excenevex;ICONIFS;2026-10-14T03:00;ICONCH2;1.90;3.90;180.0;14.7;0.00;95.0;ICONCH2
excenevex;ICONIFS;2026-10-14T04:00;ICONCH2;2.20;3.70;153.0;14.6;0.00;100.0;ICONCH2
excenevex;ICONIFS;2026-10-14T05:00;ICONCH2;1.70;3.10;159.0;14.6;0.00;100.0;ICONCH2
excenevex;ICONIFS;2026-10-14T06:00;ICONCH2;2.60;3.50;144.0;14.4;0.00;90.0;ICONCH2
excenevex;ICONIFS;2026-10-14T07:00;ICONCH2;3.70;4.90;148.0;14.3;0.00;42.0;ICONCH2
excenevex;ICONIFS;2026-10-14T08:00;ICONCH2;3.90;5.20;123.0;13.9;0.00;12.0;ICONCH2
excenevex;ICONIFS;2026-10-14T09:00;ICONCH2;5.20;6.60;77.0;14.8;0.00;0.0;ICONCH2
excenevex;ICONIFS;2026-10-14T10:00;ICONCH2;8.20;10.30;65.0;15.7;0.00;0.0;ICONCH2
excenevex;ICONIFS;2026-10-14T11:00;ICONCH2;9.30;12.40;59.0;16.7;0.00;0.0;ICONCH2
excenevex;ICONIFS;2026-10-14T12:00;ICONCH2;6.50;12.10;73.0;17.1;0.00;0.0;ICONCH2
excenevex;ICONIFS;2026-10-14T13:00;ICONCH2;5.50;8.40;100.0;17.6;0.00;0.0;ICONCH2
excenevex;ICONIFS;2026-10-14T14:00;ICONCH2;4.10;7.00;85.0;18.6;0.00;0.0;ICONCH2
excenevex;ICONIFS;2026-10-14T15:00;ICON13KM;5.70;9.30;55.0;21.7;0.00;0.0;ICON13KM
excenevex;ICONIFS;2026-10-14T16:00;ICON13KM;5.50;9.30;48.0;22.0;0.00;0.0;ICON13KM
excenevex;ICONIFS;2026-10-14T17:00;ICON13KM;5.00;8.90;39.0;21.9;0.00;0.0;ICON13KM
excenevex;ICONIFS;2026-10-14T18:00;ICON13KM;4.30;8.20;27.0;21.1;0.00;23.0;ICON13KM
excenevex;ICONIFS;2026-10-14T19:00;ICON13KM;3.90;7.00;9.0;19.9;0.00;45.0;ICON13KM
excenevex;ICONIFS;2026-10-14T20:00;ICON13KM;3.90;6.00;354.0;18.8;0.00;68.0;ICON13KM
excenevex;ICONIFS;2026-10-14T21:00;ICON13KM;3.90;5.60;351.0;17.9;0.00;48.0;ICON13KM
excenevex;ICONIFS;2026-10-14T22:00;ICON13KM;3.70;5.40;351.0;17.0;0.00;27.0;ICON13KM
excenevex;ICONIFS;2026-10-14T23:00;ICON13KM;3.70;5.40;354.0;16.3;0.00;7.0;ICON13KM
excenevex;ICONIFS;2026-10-15T00:00;ICON13KM;3.70;5.40;351.0;15.9;0.00;18.0;ICON13KM
excenevex;ICONIFS;2026-10-15T01:00;ICON13KM;3.50;5.40;351.0;15.5;0.00;29.0;ICON13KM
excenevex;ICONIFS;2026-10-15T02:00;ICON13KM;3.60;5.40;347.0;15.3;0.00;40.0;ICON13KM
excenevex;ICONIFS;2026-10-15T03:00;ICON13KM;3.60;5.40;344.0;15.1;0.00;45.0;ICON13KM
excenevex;ICONIFS;2026-10-15T04:00;ICON13KM;3.70;5.40;342.0;14.9;0.00;50.0;ICON13KM
excenevex;ICONIFS;2026-10-15T05:00;ICON13KM;3.70;5.40;342.0;14.8;0.00;55.0;ICON13KM
excenevex;ICONIFS;2026-10-15T06:00;ICON13KM;3.40;5.10;344.0;14.5;0.00;61.0;ICON13KM
excenevex;ICONIFS;2026-10-15T07:00;ICON13KM;3.20;4.50;346.0;14.3;0.00;66.0;ICON13KM
excenevex;ICONIFS;2026-10-15T08:00;ICON13KM;2.80;4.30;348.0;14.4;0.00;72.0;ICON13KM
excenevex;ICONIFS;2026-10-15T09:00;ICON13KM;2.50;4.70;342.0;15.0;0.00;81.0;ICON13KM
excenevex;ICONIFS;2026-10-15T10:00;ICON13KM;2.20;5.40;333.0;16.0;0.00;90.0;ICON13KM
excenevex;ICONIFS;2026-10-15T11:00;ICON13KM;1.70;5.80;324.0;17.0;0.00;99.0;ICON13KM
excenevex;ICONIFS;2026-10-15T12:00;ICON13KM;0.90;5.10;297.0;17.9;0.00;89.0;ICON13KM
excenevex;ICONIFS;2026-10-15T13:00;ICON13KM;0.60;3.90;198.0;18.8;0.00;80.0;ICON13KM
excenevex;ICONIFS;2026-10-15T14:00;ICON13KM;1.40;3.10;172.0;19.6;0.00;70.0;ICON13KM
excenevex;ICONIFS;2026-10-15T15:00;ICON13KM;1.60;2.90;150.0;20.4;0.00;47.0;ICON13KM
excenevex;ICONIFS;2026-10-15T16:00;ICON13KM;1.80;2.90;131.0;21.0;0.00;23.0;ICON13KM
excenevex;ICONIFS;2026-10-15T17:00;ICON13KM;1.70;3.10;111.0;21.3;0.00;0.0;ICON13KM
excenevex;ICONIFS;2026-10-15T18:00;ICON13KM;0.60;3.30;90.0;21.0;0.00;0.0;ICON13KM
excenevex;ICONIFS;2026-10-15T19:00;ICON13KM;1.20;3.50;309.0;20.3;0.00;0.0;ICON13KM
excenevex;ICONIFS;2026-10-15T20:00;ICON13KM;2.50;3.70;309.0;19.5;0.00;0.0;ICON13KM
excenevex;ICONIFS;2026-10-15T21:00;ICON13KM;2.60;3.90;324.0;18.4;0.00;13.0;ICON13KM
excenevex;ICONIFS;2026-10-15T22:00;ICON13KM;2.60;4.10;347.0;17.0;0.00;27.0;ICON13KM
excenevex;ICONIFS;2026-10-15T23:00;ICON13KM;2.90;4.30;4.0;16.0;0.00;40.0;ICON13KM
excenevex;ICONIFS;2026-10-16T00:00;ICON13KM;3.10;4.50;4.0;15.3;0.00;50.0;ICON13KM
excenevex;ICONIFS;2026-10-16T01:00;ICON13KM;3.30;4.90;357.0;15.0;0.00;59.0;ICON13KM
excenevex;ICONIFS;2026-10-16T02:00;ICON13KM;3.30;5.10;353.0;14.6;0.00;69.0;ICON13KM
excenevex;ICONIFS;2026-10-16T03:00;ICON13KM;3.40;5.10;350.0;14.3;0.00;69.0;ICON13KM
excenevex;ICONIFS;2026-10-16T04:00;ICON13KM;3.20;4.90;346.0;14.0;0.00;68.0;ICON13KM
excenevex;ICONIFS;2026-10-16T05:00;ICON13KM;3.20;4.90;346.0;13.7;0.00;68.0;ICON13KM
excenevex;ICONIFS;2026-10-16T06:00;ICON13KM;3.30;4.90;343.0;13.5;0.00;74.0;ICON13KM
excenevex;ICONIFS;2026-10-16T07:00;ICON13KM;3.40;4.90;344.0;13.3;0.00;81.0;ICON13KM
excenevex;ICONIFS;2026-10-16T08:00;ICON13KM;3.40;5.10;347.0;13.5;0.00;87.0;ICON13KM
excenevex;ICONIFS;2026-10-16T09:00;ICON13KM;3.30;5.80;360.0;14.5;0.00;73.0;ICON13KM
excenevex;ICONIFS;2026-10-16T10:00;ICON13KM;3.30;6.60;17.0;15.8;0.00;60.0;ICON13KM
excenevex;ICONIFS;2026-10-16T11:00;ICON13KM;3.20;7.00;33.0;17.1;0.00;46.0;ICON13KM
excenevex;ICONIFS;2026-10-16T12:00;ICON13KM;2.30;6.20;48.0;18.3;0.00;57.0;ICON13KM
excenevex;ICONIFS;2026-10-16T13:00;ICON13KM;1.60;5.10;90.0;19.3;0.00;67.0;ICON13KM
excenevex;ICONIFS;2026-10-16T14:00;ICON13KM;1.70;4.10;126.0;20.2;0.00;78.0;ICON13KM
excenevex;ICONIFS;2026-10-16T15:00;ICON13KM;1.80;3.70;122.0;20.9;0.00;75.0;ICON13KM
excenevex;ICONIFS;2026-10-16T16:00;ICON13KM;2.00;3.30;107.0;21.5;0.00;71.0;ICON13KM
excenevex;ICONIFS;2026-10-16T17:00;ICON13KM;2.00;3.50;84.0;21.5;0.00;68.0;ICON13KM
excenevex;ICONIFS;2026-10-16T18:00;ICON13KM;1.90;4.30;37.0;20.7;0.00;70.0;ICON13KM
excenevex;ICONIFS;2026-10-16T19:00;ICON13KM;3.10;5.20;4.0;19.4;0.00;73.0;ICON13KM
excenevex;ICONIFS;2026-10-16T20:00;ICON13KM;4.10;6.00;355.0;18.3;0.00;75.0;ICON13KM
excenevex;ICONIFS;2026-10-16T21:00;ICON13KM;3.90;6.00;360.0;17.8;0.00;82.0;ICON13KM
excenevex;ICONIFS;2026-10-16T22:00;ICON13KM;3.40;5.60;16.0;17.4;0.00;89.0;ICON13KM
excenevex;ICONIFS;2026-10-16T23:00;ICON13KM;3.30;5.40;28.0;17.2;0.00;96.0;ICON13KM
excenevex;ICONIFS;2026-10-17T00:00;ICON13KM;3.50;5.60;27.0;16.9;0.00;94.0;ICON13KM
excenevex;ICONIFS;2026-10-17T01:00;ICON13KM;3.90;6.00;20.0;16.7;0.00;93.0;ICON13KM
excenevex;ICONIFS;2026-10-17T02:00;ICON13KM;4.40;6.60;15.0;16.5;0.00;91.0;ICON13KM
excenevex;ICONIFS;2026-10-17T03:00;ICON13KM;5.00;7.40;11.0;16.2;0.00;91.0;ICON13KM
excenevex;ICONIFS;2026-10-17T04:00;ICON13KM;5.50;8.20;10.0;15.9;0.00;91.0;ICON13KM
excenevex;ICONIFS;2026-10-17T05:00;ICON13KM;5.90;8.90;9.0;15.6;0.00;91.0;ICON13KM
excenevex;ICONIFS;2026-10-17T06:00;ICON13KM;5.90;9.10;11.0;15.4;0.00;84.0;ICON13KM
excenevex;ICONIFS;2026-10-17T07:00;ICON13KM;6.00;8.90;15.0;15.2;0.00;78.0;ICON13KM
excenevex;ICONIFS;2026-10-17T08:00;ICON13KM;6.40;9.50;20.0;15.2;0.00;71.0;ICON13KM
excenevex;ICONIFS;2026-10-17T09:00;ICON13KM;7.60;11.50;26.0;15.4;0.00;69.0;ICON13KM
excenevex;ICONIFS;2026-10-17T10:00;ICON13KM;9.20;14.00;32.0;15.7;0.00;68.0;ICON13KM
excenevex;ICONIFS;2026-10-17T11:00;ICON13KM;10.00;15.60;36.0;16.2;0.00;66.0;ICON13KM
excenevex;ICONIFS;2026-10-17T12:00;ICON13KM;9.80;15.60;38.0;16.8;0.00;66.0;ICON13KM
excenevex;ICONIFS;2026-10-17T13:00;ICON13KM;8.80;14.60;40.0;17.6;0.00;65.0;ICON13KM
excenevex;ICONIFS;2026-10-17T14:00;ICON13KM;8.30;14.00;41.0;18.2;0.00;65.0;ICON13KM
excenevex;ICONIFS;2026-10-17T15:00;ICON13KM;8.40;14.00;40.0;18.6;0.00;53.0;ICON13KM
excenevex;ICONIFS;2026-10-17T16:00;ICON13KM;9.00;14.40;39.0;18.7;0.00;40.0;ICON13KM
excenevex;ICONIFS;2026-10-17T17:00;ICON13KM;9.40;14.80;37.0;18.5;0.00;28.0;ICON13KM
excenevex;ICONIFS;2026-10-17T18:00;ICON13KM;10.00;15.40;33.0;17.7;0.00;26.0;ICON13KM
excenevex;ICONIFS;2026-10-17T19:00;ICON13KM;10.60;16.10;28.0;16.5;0.00;25.0;ICON13KM
excenevex;ICONIFS;2026-10-17T20:00;ICON13KM;10.80;16.30;26.0;15.6;0.00;23.0;ICON13KM
excenevex;ICONIFS;2026-10-17T21:00;ICON13KM;10.20;15.90;24.0;15.0;0.00;47.0;ICON13KM
excenevex;ICONIFS;2026-10-17T22:00;ICON13KM;9.20;15.00;21.0;14.6;0.00;71.0;ICON13KM
excenevex;ICONIFS;2026-10-17T23:00;ICON13KM;8.20;14.00;19.0;14.3;0.00;95.0;ICON13KM
excenevex;ICONIFS;2026-10-18T00:00;ICON13KM;7.60;12.80;19.0;14.1;0.00;91.0;ICON13KM
excenevex;ICONIFS;2026-10-18T01:00;ICON13KM;7.30;11.70;20.0;13.9;0.00;88.0;ICON13KM
excenevex;ICONIFS;2026-10-18T02:00;ICON13KM;6.90;10.90;22.0;13.9;0.00;84.0;ICON13KM
excenevex;ICONIFS;2026-10-18T03:00;IFS;15.00;23.50;26.0;12.1;0.00;99.0;IFS
excenevex;ICONIFS;2026-10-18T04:00;IFS;14.60;23.30;25.0;12.0;0.00;99.0;IFS
excenevex;ICONIFS;2026-10-18T05:00;IFS;14.10;23.10;25.0;11.9;0.00;99.0;IFS
excenevex;ICONIFS;2026-10-18T06:00;IFS;13.60;22.70;24.0;11.9;0.00;100.0;IFS
excenevex;ICONIFS;2026-10-18T07:00;IFS;13.10;22.40;23.0;12.0;0.00;100.0;IFS
excenevex;ICONIFS;2026-10-18T08:00;IFS;12.60;22.00;23.0;12.1;0.00;100.0;IFS
excenevex;ICONIFS;2026-10-18T09:00;IFS;12.20;21.40;22.0;12.4;0.00;100.0;IFS
excenevex;ICONIFS;2026-10-18T10:00;IFS;11.70;20.80;23.0;12.8;0.00;100.0;IFS
excenevex;ICONIFS;2026-10-18T11:00;IFS;11.20;20.20;23.0;13.2;0.00;100.0;IFS
excenevex;ICONIFS;2026-10-18T12:00;IFS;10.80;19.40;23.0;13.6;0.00;100.0;IFS
excenevex;ICONIFS;2026-10-18T13:00;IFS;10.60;19.00;23.0;14.0;0.00;100.0;IFS
excenevex;ICONIFS;2026-10-18T14:00;IFS;10.50;18.70;23.0;14.3;0.00;100.0;IFS
excenevex;ICONIFS;2026-10-18T15:00;IFS;10.80;18.70;22.0;14.4;0.00;94.0;IFS
excenevex;ICONIFS;2026-10-18T16:00;IFS;11.40;18.70;21.0;14.4;0.00;85.0;IFS
excenevex;ICONIFS;2026-10-18T17:00;IFS;12.10;19.00;20.0;14.4;0.00;75.0;IFS
excenevex;ICONIFS;2026-10-18T18:00;IFS;12.80;19.40;19.0;14.4;0.00;65.0;IFS
excenevex;ICONIFS;2026-10-18T19:00;IFS;13.50;19.60;18.0;14.3;0.00;56.0;IFS
excenevex;ICONIFS;2026-10-18T20:00;IFS;13.80;20.00;17.0;14.1;0.00;49.0;IFS
excenevex;ICONIFS;2026-10-18T21:00;IFS;13.90;20.40;17.0;14.0;0.00;44.0;IFS
excenevex;ICONIFS;2026-10-18T22:00;IFS;13.90;20.80;17.0;13.8;0.00;41.0;IFS
excenevex;ICONIFS;2026-10-18T23:00;IFS;13.80;21.20;16.0;13.5;0.00;39.0;IFS
excenevex;ICONIFS;2026-10-19T00:00;IFS;13.60;21.60;17.0;13.3;0.00;38.0;IFS
excenevex;ICONIFS;2026-10-19T01:00;IFS;13.40;21.80;16.0;13.0;0.00;37.0;IFS
excenevex;ICONIFS;2026-10-19T02:00;IFS;13.20;21.80;17.0;12.6;0.00;38.0;IFS
excenevex;ICONIFS;2026-10-19T03:00;IFS;13.10;21.60;17.0;12.2;0.00;41.0;IFS
excenevex;ICONIFS;2026-10-19T04:00;IFS;13.00;21.00;17.0;11.6;0.00;46.0;IFS
excenevex;ICONIFS;2026-10-19T05:00;IFS;12.90;20.40;17.0;11.0;0.00;52.0;IFS
excenevex;ICONIFS;2026-10-19T06:00;IFS;12.90;19.80;18.0;10.4;0.00;57.0;IFS
excenevex;ICONIFS;2026-10-19T07:00;IFS;12.70;19.20;18.0;10.0;0.00;62.0;IFS
excenevex;ICONIFS;2026-10-19T08:00;IFS;12.50;18.90;19.0;9.9;0.00;63.0;IFS
excenevex;ICONIFS;2026-10-19T09:00;IFS;12.20;18.70;20.0;10.0;0.00;61.0;IFS
excenevex;ICONIFS;2026-10-19T10:00;IFS;11.70;18.90;21.0;10.4;0.00;57.0;IFS
excenevex;ICONIFS;2026-10-19T11:00;IFS;11.20;18.90;23.0;11.0;0.00;51.0;IFS
excenevex;ICONIFS;2026-10-19T12:00;IFS;10.70;19.00;24.0;11.6;0.00;44.0;IFS
excenevex;ICONIFS;2026-10-19T13:00;IFS;10.40;19.20;25.0;12.1;0.00;38.0;IFS
excenevex;ICONIFS;2026-10-19T14:00;IFS;10.30;19.40;26.0;12.4;0.00;32.0;IFS
excenevex;ICONIFS;2026-10-19T15:00;IFS;10.70;19.60;25.0;12.6;0.00;26.0;IFS
excenevex;ICONIFS;2026-10-19T16:00;IFS;11.10;19.80;25.0;12.8;0.00;19.0;IFS
excenevex;ICONIFS;2026-10-19T17:00;IFS;11.90;20.00;24.0;12.8;0.00;12.0;IFS
excenevex;ICONIFS;2026-10-19T18:00;IFS;12.50;20.00;23.0;12.8;0.00;7.0;IFS
excenevex;ICONIFS;2026-10-19T19:00;IFS;13.20;20.20;22.0;12.7;0.00;4.0;IFS
excenevex;ICONIFS;2026-10-19T20:00;IFS;13.70;20.40;21.0;12.6;0.00;5.0;IFS
excenevex;ICONIFS;2026-10-19T21:00;IFS;13.90;20.60;21.0;12.3;0.00;12.0;IFS
excenevex;ICONIFS;2026-10-19T22:00;IFS;14.10;20.60;21.0;11.9;0.00;25.0;IFS
excenevex;ICONIFS;2026-10-19T23:00;IFS;14.20;20.60;20.0;11.4;0.00;40.0;IFS
excenevex;ICONIFS;2026-10-20T00:00;IFS;14.20;20.80;20.0;11.0;0.00;55.0;IFS
excenevex;ICONIFS;2026-10-20T01:00;IFS;14.20;20.80;20.0;10.5;0.00;67.0;IFS
excenevex;ICONIFS;2026-10-20T02:00;IFS;14.20;20.80;20.0;10.1;0.00;75.0;IFS
excenevex;ICONIFS;2026-10-20T03:00;IFS;14.10;20.80;21.0;9.7;0.00;77.0;IFS
excenevex;ICONIFS;2026-10-20T04:00;IFS;14.00;20.80;21.0;9.2;0.00;75.0;IFS
excenevex;ICONIFS;2026-10-20T05:00;IFS;13.80;20.60;22.0;8.8;0.00;71.0;IFS
excenevex;ICONIFS;2026-10-20T06:00;IFS;13.70;20.60;23.0;8.5;0.00;65.0;IFS
excenevex;ICONIFS;2026-10-20T07:00;IFS;13.70;20.60;24.0;8.3;0.00;59.0;IFS
excenevex;ICONIFS;2026-10-20T08:00;IFS;13.90;20.80;24.0;8.3;0.00;54.0;IFS
excenevex;ICONIFS;2026-10-20T09:00;IFS;14.30;21.20;25.0;8.7;0.00;49.0;IFS
excenevex;ICONIFS;2026-10-20T10:00;IFS;14.90;21.60;26.0;9.3;0.00;42.0;IFS
excenevex;ICONIFS;2026-10-20T11:00;IFS;15.60;22.20;26.0;10.2;0.00;35.0;IFS
excenevex;ICONIFS;2026-10-20T12:00;IFS;16.10;22.50;26.0;11.0;0.00;29.0;IFS
excenevex;ICONIFS;2026-10-20T13:00;IFS;16.60;23.10;26.0;11.7;0.00;25.0;IFS
excenevex;ICONIFS;2026-10-20T14:00;IFS;16.80;23.30;26.0;12.2;0.00;23.0;IFS
excenevex;ICONIFS;2026-10-20T15:00;IFS;16.70;23.50;25.0;12.5;0.00;25.0;IFS
excenevex;ICONIFS;2026-10-20T16:00;IFS;16.40;23.50;23.0;12.7;0.00;30.0;IFS
excenevex;ICONIFS;2026-10-20T17:00;IFS;16.00;23.50;21.0;12.7;0.00;37.0;IFS
excenevex;ICONIFS;2026-10-20T18:00;IFS;15.30;23.30;19.0;12.7;0.00;44.0;IFS
excenevex;ICONIFS;2026-10-20T19:00;IFS;14.80;23.10;17.0;12.5;0.00;50.0;IFS
excenevex;ICONIFS;2026-10-20T20:00;IFS;14.20;22.90;16.0;12.3;0.00;53.0;IFS
excenevex;ICONIFS;2026-10-20T21:00;IFS;13.70;22.50;15.0;12.0;0.00;53.0;IFS
excenevex;ICONIFS;2026-10-20T22:00;IFS;12.90;22.20;14.0;11.5;0.00;52.0;IFS
excenevex;ICONIFS;2026-10-20T23:00;IFS;12.20;21.60;13.0;10.9;0.00;49.0;IFS
excenevex;ICONIFS;2026-10-21T00:00;IFS;11.30;21.00;12.0;10.3;0.00;46.0;IFS
excenevex;ICONIFS;2026-10-21T01:00;IFS;10.70;20.20;12.0;9.7;0.00;43.0;IFS
excenevex;ICONIFS;2026-10-21T02:00;IFS;10.10;19.60;12.0;9.3;0.00;40.0;IFS
excenevex;ICONIFS;2026-10-21T03:00;IFS;9.70;18.90;12.0;8.8;0.00;38.0;IFS
excenevex;ICONIFS;2026-10-21T04:00;IFS;9.40;18.10;11.0;8.4;0.00;35.0;IFS
excenevex;ICONIFS;2026-10-21T05:00;IFS;9.10;17.30;12.0;8.0;0.00;33.0;IFS
excenevex;ICONIFS;2026-10-21T06:00;IFS;9.00;16.30;13.0;7.7;0.00;30.0;IFS
excenevex;ICONIFS;2026-10-21T07:00;IFS;8.70;15.70;14.0;7.5;0.00;28.0;IFS
excenevex;ICONIFS;2026-10-21T08:00;IFS;8.50;15.20;15.0;7.6;0.00;25.0;IFS
excenevex;ICONIFS;2026-10-21T09:00;IFS;8.30;15.00;16.0;8.0;0.00;22.0;IFS
excenevex;ICONIFS;2026-10-21T10:00;IFS;8.10;14.80;19.0;8.6;0.00;19.0;IFS
excenevex;ICONIFS;2026-10-21T11:00;IFS;8.00;14.80;22.0;9.5;0.00;17.0;IFS
excenevex;ICONIFS;2026-10-21T12:00;IFS;7.90;14.80;25.0;10.4;0.00;14.0;IFS
excenevex;ICONIFS;2026-10-21T13:00;IFS;7.90;15.00;27.0;11.2;0.00;11.0;IFS
excenevex;ICONIFS;2026-10-21T14:00;IFS;7.80;14.80;28.0;11.7;0.00;9.0;IFS
excenevex;ICONIFS;2026-10-21T15:00;IFS;7.80;14.60;26.0;12.1;0.00;7.0;IFS
excenevex;ICONIFS;2026-10-21T16:00;IFS;7.80;14.20;23.0;12.4;0.00;5.0;IFS
excenevex;ICONIFS;2026-10-21T17:00;IFS;7.90;13.80;18.0;12.6;0.00;3.0;IFS
excenevex;ICONIFS;2026-10-21T18:00;IFS;8.00;13.40;14.0;12.7;0.00;2.0;IFS
excenevex;ICONIFS;2026-10-21T19:00;IFS;8.20;13.00;10.0;12.7;0.00;1.0;IFS
excenevex;ICONIFS;2026-10-21T20:00;IFS;8.30;12.80;9.0;12.7;0.00;1.0;IFS
excenevex;ICONIFS;2026-10-21T21:00;IFS;8.30;12.60;9.0;12.5;0.00;1.0;IFS
excenevex;ICONIFS;2026-10-21T22:00;IFS;8.20;12.40;10.0;12.1;0.00;2.0;IFS
excenevex;ICONIFS;2026-10-21T23:00;IFS;8.00;12.40;11.0;11.7;0.00;4.0;IFS
excenevex;ICONIFS;2026-10-22T00:00;IFS;7.90;12.20;13.0;11.2;0.00;6.0;IFS
excenevex;ICONIFS;2026-10-22T01:00;IFS;7.80;12.20;15.0;10.8;0.00;8.0;IFS
excenevex;ICONIFS;2026-10-22T02:00;IFS;7.70;12.20;17.0;10.4;0.00;11.0;IFS
excenevex;ICONIFS;2026-10-22T03:00;IFS;7.70;12.20;18.0;10.1;0.00;15.0;IFS
excenevex;ICONIFS;2026-10-22T04:00;IFS;7.70;12.20;20.0;9.7;0.00;20.0;IFS
excenevex;ICONIFS;2026-10-22T05:00;IFS;7.50;12.40;22.0;9.4;0.00;25.0;IFS
excenevex;ICONIFS;2026-10-22T06:00;IFS;7.50;12.40;24.0;9.1;0.00;31.0;IFS
excenevex;ICONIFS;2026-10-22T07:00;IFS;7.60;12.60;25.0;9.0;0.00;36.0;IFS
excenevex;ICONIFS;2026-10-22T08:00;IFS;7.70;12.80;26.0;9.0;0.00;39.0;IFS
excenevex;ICONIFS;2026-10-22T09:00;IFS;7.90;13.20;28.0;9.4;0.00;41.0;IFS
excenevex;ICONIFS;2026-10-22T10:00;IFS;8.20;13.60;30.0;10.0;0.00;43.0;IFS
excenevex;ICONIFS;2026-10-22T11:00;IFS;8.60;14.00;32.0;10.8;0.00;44.0;IFS
excenevex;ICONIFS;2026-10-22T12:00;IFS;8.90;14.60;33.0;11.6;0.00;44.0;IFS
excenevex;ICONIFS;2026-10-22T13:00;IFS;9.20;15.00;33.0;12.2;0.00;43.0;IFS
excenevex;ICONIFS;2026-10-22T14:00;IFS;9.40;15.20;33.0;12.7;0.00;42.0;IFS
excenevex;ICONIFS;2026-10-22T15:00;IFS;9.40;15.40;31.0;13.0;0.00;39.0;IFS
excenevex;ICONIFS;2026-10-22T16:00;IFS;9.30;15.40;27.0;13.1;0.00;34.0;IFS
excenevex;ICONIFS;2026-10-22T17:00;IFS;9.20;15.40;24.0;13.2;0.00;29.0;IFS
excenevex;ICONIFS;2026-10-22T18:00;IFS;9.20;15.40;19.0;13.2;0.00;24.0;IFS
excenevex;ICONIFS;2026-10-22T19:00;IFS;9.00;15.20;16.0;13.1;0.00;21.0;IFS
excenevex;ICONIFS;2026-10-22T20:00;IFS;8.80;15.00;13.0;13.0;0.00;20.0;IFS
excenevex;ICONIFS;2026-10-22T21:00;IFS;8.50;14.80;13.0;12.8;0.00;22.0;IFS
excenevex;ICONIFS;2026-10-22T22:00;IFS;8.00;14.40;13.0;12.6;0.00;27.0;IFS
excenevex;ICONIFS;2026-10-22T23:00;IFS;7.40;14.00;13.0;12.2;0.00;33.0;IFS
excenevex;ICONIFS;2026-10-23T00:00;IFS;6.80;13.40;15.0;11.9;0.00;39.0;IFS
excenevex;ICONIFS;2026-10-23T01:00;IFS;6.30;13.00;17.0;11.6;0.00;46.0;IFS
excenevex;ICONIFS;2026-10-23T02:00;IFS;6.00;12.60;19.0;11.3;0.00;53.0;IFS
excenevex;ICONIFS;2026-10-23T03:00;IFS;5.80;12.20;22.0;11.0;0.00;61.0;IFS
excenevex;ICONIFS;2026-10-23T04:00;IFS;5.70;11.90;26.0;10.7;0.00;70.0;IFS
excenevex;ICONIFS;2026-10-23T05:00;IFS;5.90;11.50;31.0;10.4;0.00;79.0;IFS
excenevex;ICONIFS;2026-10-23T06:00;IFS;6.00;11.10;34.0;10.1;0.00;88.0;IFS
excenevex;ICONIFS;2026-10-23T07:00;IFS;6.00;10.70;38.0;10.0;0.00;93.0;IFS
excenevex;ICONIFS;2026-10-23T08:00;IFS;5.90;10.50;40.0;10.0;0.00;95.0;IFS
excenevex;ICONIFS;2026-10-23T09:00;IFS;5.60;10.30;41.0;10.3;0.00;92.0;IFS
excenevex;ICONIFS;2026-10-23T10:00;IFS;5.00;10.30;43.0;10.7;0.00;84.0;IFS
excenevex;ICONIFS;2026-10-23T11:00;IFS;4.30;10.50;42.0;11.3;0.00;75.0;IFS
excenevex;ICONIFS;2026-10-23T12:00;IFS;3.70;10.50;43.0;11.9;0.00;64.0;IFS
excenevex;ICONIFS;2026-10-23T13:00;IFS;3.20;10.30;43.0;12.4;0.00;53.0;IFS
excenevex;ICONIFS;2026-10-23T14:00;IFS;2.80;10.10;42.0;12.9;0.00;44.0;IFS
excenevex;ICONIFS;2026-10-23T15:00;IFS;2.60;9.50;40.0;13.4;0.00;36.0;IFS
excenevex;ICONIFS;2026-10-23T16:00;IFS;2.50;8.70;39.0;13.8;0.00;26.0;IFS
excenevex;ICONIFS;2026-10-23T17:00;IFS;2.60;7.80;37.0;14.3;0.00;18.0;IFS
excenevex;ICONIFS;2026-10-23T18:00;IFS;2.70;7.00;33.0;14.7;0.00;10.0;IFS
excenevex;ICONIFS;2026-10-23T19:00;IFS;2.80;6.20;31.0;14.9;0.00;6.0;IFS
excenevex;ICONIFS;2026-10-23T20:00;IFS;3.00;5.80;32.0;15.0;0.00;5.0;IFS
excenevex;ICONIFS;2026-10-23T21:00;IFS;3.10;5.80;32.0;14.9;0.00;10.0;IFS
excenevex;ICONIFS;2026-10-23T22:00;IFS;3.30;6.20;34.0;14.6;0.00;20.0;IFS
excenevex;ICONIFS;2026-10-23T23:00;IFS;3.40;6.60;37.0;14.1;0.00;32.0;IFS
excenevex;ICONIFS;2026-10-24T00:00;IFS;3.60;7.20;38.0;13.6;0.00;45.0;IFS
excenevex;ICONIFS;2026-10-24T01:00;IFS;3.90;7.80;40.0;13.1;0.00;57.0;IFS
excenevex;ICONIFS;2026-10-24T02:00;IFS;4.10;8.20;39.0;12.7;0.00;64.0;IFS
excenevex;ICONIFS;2026-10-24T03:00;IFS;4.40;8.60;37.0;12.4;0.00;67.0;IFS
excenevex;ICONIFS;2026-10-24T04:00;IFS;4.70;8.70;34.0;12.0;0.00;68.0;IFS
excenevex;ICONIFS;2026-10-24T05:00;IFS;5.10;9.10;31.0;11.6;0.00;68.0;IFS
excenevex;ICONIFS;2026-10-24T06:00;IFS;5.40;9.30;28.0;11.3;0.00;66.0;IFS
excenevex;ICONIFS;2026-10-24T07:00;IFS;5.90;9.70;27.0;11.1;0.00;64.0;IFS
excenevex;ICONIFS;2026-10-24T08:00;IFS;6.30;10.30;27.0;11.1;0.00;61.0;IFS
excenevex;ICONIFS;2026-10-24T09:00;IFS;6.90;10.90;29.0;11.3;0.00;58.0;IFS
excenevex;ICONIFS;2026-10-24T10:00;IFS;7.40;11.70;32.0;11.7;0.00;54.0;IFS
excenevex;ICONIFS;2026-10-24T11:00;IFS;8.20;12.40;35.0;12.2;0.00;49.0;IFS
excenevex;ICONIFS;2026-10-24T12:00;IFS;8.90;13.40;37.0;12.7;0.00;44.0;IFS
excenevex;ICONIFS;2026-10-24T13:00;IFS;9.50;14.20;38.0;13.2;0.00;39.0;IFS
excenevex;ICONIFS;2026-10-24T14:00;IFS;10.00;14.80;38.0;13.4;0.00;34.0;IFS
excenevex;ICONIFS;2026-10-24T15:00;IFS;10.40;15.40;37.0;13.5;0.00;28.0;IFS
excenevex;ICONIFS;2026-10-24T16:00;IFS;10.80;15.70;34.0;13.5;0.00;20.0;IFS
excenevex;ICONIFS;2026-10-24T17:00;IFS;11.10;16.30;31.0;13.4;0.00;12.0;IFS
excenevex;ICONIFS;2026-10-24T18:00;IFS;11.40;16.70;28.0;13.3;0.00;6.0;IFS
excenevex;ICONIFS;2026-10-24T19:00;IFS;11.70;16.90;25.0;13.1;0.00;1.0;IFS
excenevex;ICONIFS;2026-10-24T20:00;IFS;12.00;17.30;23.0;12.8;0.00;1.0;IFS
excenevex;ICONIFS;2026-10-24T21:00;IFS;12.10;17.50;23.0;12.5;0.00;6.0;IFS
excenevex;ICONIFS;2026-10-24T22:00;IFS;12.30;17.90;22.0;12.2;0.00;16.0;IFS
excenevex;ICONIFS;2026-10-24T23:00;IFS;12.30;18.10;23.0;11.7;0.00;28.0;IFS
excenevex;ICONIFS;2026-10-25T00:00;IFS;12.30;18.30;23.0;11.3;0.00;40.0;IFS
excenevex;ICONIFS;2026-10-25T01:00;IFS;12.30;18.50;23.0;10.9;0.00;51.0;IFS
excenevex;ICONIFS;2026-10-25T02:00;IFS;12.10;18.50;24.0;10.6;0.00;57.0;IFS
excenevex;ICONIFS;2026-10-25T03:00;IFS;11.90;18.50;24.0;10.3;0.00;59.0;IFS
excenevex;ICONIFS;2026-10-25T04:00;IFS;11.60;18.50;25.0;9.9;0.00;57.0;IFS
excenevex;ICONIFS;2026-10-25T05:00;IFS;11.30;18.50;26.0;9.6;0.00;54.0;IFS
excenevex;ICONIFS;2026-10-25T06:00;IFS;10.90;18.50;27.0;9.4;0.00;50.0;IFS
excenevex;ICONIFS;2026-10-25T07:00;IFS;10.50;18.30;28.0;9.3;0.00;46.0;IFS
excenevex;ICONIFS;2026-10-25T08:00;IFS;10.10;18.10;29.0;9.5;0.00;42.0;IFS
excenevex;ICONIFS;2026-10-25T09:00;IFS;9.70;17.70;29.0;9.9;0.00;39.0;IFS
excenevex;ICONIFS;2026-10-25T10:00;IFS;9.20;17.30;30.0;10.6;0.00;35.0;IFS
excenevex;ICONIFS;2026-10-25T11:00;IFS;8.80;16.70;30.0;11.5;0.00;32.0;IFS
excenevex;ICONIFS;2026-10-25T12:00;IFS;8.20;16.10;30.0;12.4;0.00;28.0;IFS
excenevex;ICONIFS;2026-10-25T13:00;IFS;7.90;15.70;30.0;13.2;0.00;25.0;IFS
excenevex;ICONIFS;2026-10-25T14:00;IFS;7.60;15.40;31.0;13.7;0.00;23.0;IFS
hermance;ICONIFS;2026-10-10T00:00;ICONCH1;4.30;6.40;190.0;13.7;0.00;100.0;ICONCH1
hermance;ICONIFS;2026-10-10T01:00;ICONCH1;5.30;7.40;186.0;13.5;0.00;100.0;ICONCH1
hermance;ICONIFS;2026-10-10T02:00;ICONCH1;7.40;9.30;198.0;13.6;0.00;100.0;ICONCH1
hermance;ICONIFS;2026-10-10T03:00;ICONCH1;6.80;9.30;217.0;13.6;0.20;100.0;ICONCH1
hermance;ICONIFS;2026-10-10T04:00;ICONCH1;7.80;10.50;215.0;13.4;0.40;100.0;ICONCH1
hermance;ICONIFS;2026-10-10T05:00;ICONCH1;7.70;10.30;205.0;13.1;1.10;100.0;ICONCH1
hermance;ICONIFS;2026-10-10T06:00;ICONCH1;9.70;12.40;199.0;13.3;0.60;97.0;ICONCH1
hermance;ICONIFS;2026-10-10T07:00;ICONCH1;10.50;13.60;199.0;13.4;0.10;100.0;ICONCH1
hermance;ICONIFS;2026-10-10T08:00;ICONCH1;10.70;14.00;190.0;13.4;0.10;100.0;ICONCH1
hermance;ICONIFS;2026-10-10T09:00;ICONCH1;10.70;14.20;195.0;13.5;0.20;100.0;ICONCH1
hermance;ICONIFS;2026-10-10T10:00;ICONCH1;9.60;13.80;209.0;13.8;0.00;98.0;ICONCH1
hermance;ICONIFS;2026-10-10T11:00;ICONCH1;10.30;14.20;196.0;14.3;0.00;98.0;ICONCH1
hermance;ICONIFS;2026-10-10T12:00;ICONCH1;10.00;13.40;193.0;14.6;0.00;93.0;ICONCH1
hermance;ICONIFS;2026-10-10T13:00;ICONCH1;8.60;13.20;213.0;15.3;0.00;89.0;ICONCH1
hermance;ICONIFS;2026-10-10T14:00;ICONCH1;7.70;11.10;204.0;15.8;0.00;94.0;ICONCH1
hermance;ICONIFS;2026-10-10T15:00;ICONCH1;8.60;11.30;205.0;16.2;0.00;100.0;ICONCH1
hermance;ICONIFS;2026-10-10T16:00;ICONCH1;10.10;13.00;212.0;16.6;0.00;98.0;ICONCH1
hermance;ICONIFS;2026-10-10T17:00;ICONCH1;10.70;14.40;213.0;16.7;0.00;60.0;ICONCH1
hermance;ICONIFS;2026-10-10T18:00;ICONCH1;9.40;14.00;207.0;16.8;0.00;0.0;ICONCH1
hermance;ICONIFS;2026-10-10T19:00;ICONCH1;6.50;12.10;197.0;16.2;0.00;4.0;ICONCH1
hermance;ICONIFS;2026-10-10T20:00;ICONCH1;5.70;7.40;208.0;15.9;0.00;41.0;ICONCH1
hermance;ICONIFS;2026-10-10T21:00;ICONCH1;4.80;9.70;192.0;15.4;0.00;63.0;ICONCH1
hermance;ICONIFS;2026-10-10T22:00;ICONCH1;4.60;6.20;165.0;14.4;0.00;41.0;ICONCH1
hermance;ICONIFS;2026-10-10T23:00;ICONCH1;4.60;7.20;195.0;14.4;0.00;65.0;ICONCH1
hermance;ICONIFS;2026-10-11T00:00;ICONCH1;6.50;8.60;190.0;14.4;0.00;50.0;ICONCH1
hermance;ICONIFS;2026-10-11T01:00;ICONCH1;6.60;8.60;183.0;13.7;0.00;68.0;ICONCH1
hermance;ICONIFS;2026-10-11T02:00;ICONCH1;6.00;8.40;184.0;13.5;0.00;69.0;ICONCH1
hermance;ICONIFS;2026-10-11T03:00;ICONCH1;7.00;8.90;207.0;13.7;0.00;36.0;ICONCH1
hermance;ICONIFS;2026-10-11T04:00;ICONCH1;5.00;8.70;191.0;12.8;0.00;8.0;ICONCH1
hermance;ICONIFS;2026-10-11T05:00;ICONCH1;4.60;6.40;195.0;12.2;0.00;80.0;ICONCH1
hermance;ICONIFS;2026-10-11T06:00;ICONCH1;3.30;6.00;173.0;11.5;0.00;89.0;ICONCH1
hermance;ICONIFS;2026-10-11T07:00;ICONCH1;3.30;4.50;163.0;11.0;0.00;93.0;ICONCH1
hermance;ICONIFS;2026-10-11T08:00;ICONCH1;3.70;5.10;152.0;10.6;0.00;95.0;ICONCH1
hermance;ICONIFS;2026-10-11T09:00;ICONCH1;3.30;5.10;177.0;10.8;0.00;100.0;ICONCH1
hermance;ICONIFS;2026-10-11T10:00;ICONCH1;3.90;5.20;200.0;11.3;0.00;100.0;ICONCH1
hermance;ICONIFS;2026-10-11T11:00;ICONCH1;3.50;5.10;214.0;12.1;0.00;100.0;ICONCH1
hermance;ICONIFS;2026-10-11T12:00;ICONCH1;4.30;5.60;227.0;13.1;0.00;84.0;ICONCH1
hermance;ICONIFS;2026-10-11T13:00;ICONCH1;2.90;5.60;233.0;14.2;0.00;31.0;ICONCH1
hermance;ICONIFS;2026-10-11T14:00;ICONCH1;1.20;4.10;231.0;15.3;0.00;81.0;ICONCH1
hermance;ICONIFS;2026-10-11T15:00;ICONCH1;2.60;3.70;343.0;15.3;0.00;93.0;ICONCH1
hermance;ICONIFS;2026-10-11T16:00;ICONCH1;3.60;5.10;16.0;16.0;0.00;98.0;ICONCH1
hermance;ICONIFS;2026-10-11T17:00;ICONCH1;2.80;4.70;34.0;16.4;0.00;100.0;ICONCH1
hermance;ICONIFS;2026-10-11T18:00;ICONCH1;5.40;7.00;60.0;16.2;0.00;100.0;ICONCH1
hermance;ICONIFS;2026-10-11T19:00;ICONCH1;6.40;8.20;358.0;16.1;0.00;100.0;ICONCH1
hermance;ICONIFS;2026-10-11T20:00;ICONCH1;6.20;13.20;328.0;14.8;0.00;100.0;ICONCH1
hermance;ICONIFS;2026-10-11T21:00;ICONCH1;4.60;8.20;70.0;13.9;0.00;91.0;ICONCH1
hermance;ICONIFS;2026-10-11T22:00;ICONCH1;6.70;8.90;80.0;13.1;0.00;91.0;ICONCH1
hermance;ICONIFS;2026-10-11T23:00;ICONCH1;8.80;12.10;77.0;12.6;0.00;79.0;ICONCH1
hermance;ICONIFS;2026-10-12T00:00;ICONCH1;6.70;11.30;57.0;12.7;0.00;81.0;ICONCH1
hermance;ICONIFS;2026-10-12T01:00;ICONCH1;4.00;8.90;43.0;13.4;0.00;37.0;ICONCH1
hermance;ICONIFS;2026-10-12T02:00;ICONCH1;3.00;5.20;75.0;11.7;0.00;0.0;ICONCH1
hermance;ICONIFS;2026-10-12T03:00;ICONCH1;4.90;6.20;88.0;11.2;0.00;0.0;ICONCH1
hermance;ICONIFS;2026-10-12T04:00;ICONCH1;3.50;6.20;81.0;11.2;0.00;0.0;ICONCH1
hermance;ICONIFS;2026-10-12T05:00;ICONCH1;3.10;4.70;83.0;10.7;0.00;0.0;ICONCH1
hermance;ICONIFS;2026-10-12T06:00;ICONCH2;1.20;2.30;81.0;9.2;0.00;0.0;ICONCH2
hermance;ICONIFS;2026-10-12T07:00;ICONCH2;2.40;3.30;119.0;9.0;0.00;0.0;ICONCH2
hermance;ICONIFS;2026-10-12T08:00;ICONCH2;2.60;4.10;126.0;8.6;0.00;4.0;ICONCH2
hermance;ICONIFS;2026-10-12T09:00;ICONCH2;1.90;3.90;127.0;9.2;0.00;0.0;ICONCH2
hermance;ICONIFS;2026-10-12T10:00;ICONCH2;1.00;2.70;37.0;10.3;0.00;0.0;ICONCH2
hermance;ICONIFS;2026-10-12T11:00;ICONCH2;7.20;11.10;38.0;13.0;0.00;16.0;ICONCH2
hermance;ICONIFS;2026-10-12T12:00;ICONCH2;7.20;12.40;47.0;13.6;0.00;0.0;ICONCH2
hermance;ICONIFS;2026-10-12T13:00;ICONCH2;8.00;12.20;49.0;14.5;0.00;0.0;ICONCH2
hermance;ICONIFS;2026-10-12T14:00;ICONCH2;8.60;13.00;54.0;15.5;0.00;0.0;ICONCH2
hermance;ICONIFS;2026-10-12T15:00;ICONCH2;8.40;13.00;48.0;16.4;0.00;0.0;ICONCH2
hermance;ICONIFS;2026-10-12T16:00;ICONCH2;7.60;12.80;48.0;16.9;0.00;0.0;ICONCH2
hermance;ICONIFS;2026-10-12T17:00;ICONCH2;6.90;11.50;47.0;16.9;0.00;0.0;ICONCH2
hermance;ICONIFS;2026-10-12T18:00;ICONCH2;5.40;10.30;38.0;16.5;0.00;0.0;ICONCH2
hermance;ICONIFS;2026-10-12T19:00;ICONCH2;6.80;9.90;31.0;15.7;0.00;0.0;ICONCH2
hermance;ICONIFS;2026-10-12T20:00;ICONCH2;4.90;9.90;56.0;14.1;0.00;0.0;ICONCH2
hermance;ICONIFS;2026-10-12T21:00;ICONCH2;4.30;7.20;87.0;12.0;0.00;16.0;ICONCH2
hermance;ICONIFS;2026-10-12T22:00;ICONCH2;3.90;6.20;90.0;11.5;0.00;9.0;ICONCH2
hermance;ICONIFS;2026-10-12T23:00;ICONCH2;3.50;5.80;93.0;11.4;0.00;23.0;ICONCH2
hermance;ICONIFS;2026-10-13T00:00;ICONCH2;2.60;5.20;99.0;11.2;0.00;5.0;ICONCH2
hermance;ICONIFS;2026-10-13T01:00;ICONCH2;2.80;3.90;141.0;10.3;0.00;0.0;ICONCH2
hermance;ICONIFS;2026-10-13T02:00;ICONCH2;2.40;4.10;145.0;9.9;0.00;0.0;ICONCH2
hermance;ICONIFS;2026-10-13T03:00;ICONCH2;1.90;3.50;143.0;10.1;0.00;0.0;ICONCH2
hermance;ICONIFS;2026-10-13T04:00;ICONCH2;2.30;3.50;156.0;9.3;0.00;0.0;ICONCH2
hermance;ICONIFS;2026-10-13T05:00;ICONCH2;2.30;3.90;156.0;8.9;0.00;0.0;ICONCH2
hermance;ICONIFS;2026-10-13T06:00;ICONCH2;2.00;3.70;151.0;9.0;0.00;0.0;ICONCH2
hermance;ICONIFS;2026-10-13T07:00;ICONCH2;2.50;3.70;157.0;8.8;0.00;0.0;ICONCH2
hermance;ICONIFS;2026-10-13T08:00;ICONCH2;2.50;4.10;162.0;8.7;0.00;0.0;ICONCH2
hermance;ICONIFS;2026-10-13T09:00;ICONCH2;2.40;3.70;171.0;9.4;0.00;3.0;ICONCH2
hermance;ICONIFS;2026-10-13T10:00;ICONCH2;1.80;3.30;198.0;11.0;0.00;0.0;ICONCH2
hermance;ICONIFS;2026-10-13T11:00;ICONCH2;1.20;2.90;270.0;12.4;0.00;0.0;ICONCH2
hermance;ICONIFS;2026-10-13T12:00;ICONCH2;1.50;3.10;337.0;13.7;0.00;0.0;ICONCH2
hermance;ICONIFS;2026-10-13T13:00;ICONCH2;2.20;4.10;350.0;15.1;0.00;0.0;ICONCH2
hermance;ICONIFS;2026-10-13T14:00;ICONCH2;2.50;4.50;356.0;16.2;0.00;1.0;ICONCH2
hermance;ICONIFS;2026-10-13T15:00;ICONCH2;3.30;5.40;3.0;17.1;0.00;42.0;ICONCH2
hermance;ICONIFS;2026-10-13T16:00;ICONCH2;2.60;5.40;17.0;17.9;0.00;53.0;ICONCH2
hermance;ICONIFS;2026-10-13T17:00;ICONCH2;2.60;4.50;17.0;18.1;0.00;12.0;ICONCH2
hermance;ICONIFS;2026-10-13T18:00;ICONCH2;2.50;4.10;32.0;17.9;0.00;28.0;ICONCH2
hermance;ICONIFS;2026-10-13T19:00;ICONCH2;2.80;3.90;78.0;16.2;0.00;41.0;ICONCH2
hermance;ICONIFS;2026-10-13T20:00;ICONCH2;3.50;5.10;109.0;14.3;0.00;88.0;ICONCH2
hermance;ICONIFS;2026-10-13T21:00;ICONCH2;2.70;5.20;111.0;13.1;0.00;100.0;ICONCH2
hermance;ICONIFS;2026-10-13T22:00;ICONCH2;1.80;3.90;108.0;13.4;0.00;100.0;ICONCH2
hermance;ICONIFS;2026-10-13T23:00;ICONCH2;2.10;3.10;139.0;13.5;0.00;100.0;ICONCH2
hermance;ICONIFS;2026-10-14T00:00;ICONCH2;2.50;4.50;148.0;12.5;0.00;99.0;ICONCH2
hermance;ICONIFS;2026-10-14T01:00;ICONCH2;1.90;3.70;143.0;12.4;0.00;100.0;ICONCH2
hermance;ICONIFS;2026-10-14T02:00;ICONCH2;2.20;3.30;142.0;12.7;0.00;100.0;ICONCH2
hermance;ICONIFS;2026-10-14T03:00;ICONCH2;2.50;3.90;157.0;12.3;0.00;90.0;ICONCH2
hermance;ICONIFS;2026-10-14T04:00;ICONCH2;2.50;4.50;141.0;11.4;0.00;100.0;ICONCH2
hermance;ICONIFS;2026-10-14T05:00;ICONCH2;2.20;3.90;142.0;11.7;0.00;100.0;ICONCH2
hermance;ICONIFS;2026-10-14T06:00;ICONCH2;2.30;3.30;149.0;12.1;0.00;100.0;ICONCH2
hermance;ICONIFS;2026-10-14T07:00;ICONCH2;3.00;4.30;148.0;11.5;0.00;72.0;ICONCH2
hermance;ICONIFS;2026-10-14T08:00;ICONCH2;2.50;4.50;141.0;10.8;0.00;21.0;ICONCH2
hermance;ICONIFS;2026-10-14T09:00;ICONCH2;1.50;3.70;130.0;11.9;0.00;0.0;ICONCH2
hermance;ICONIFS;2026-10-14T10:00;ICONCH2;0.90;2.10;27.0;13.8;0.00;0.0;ICONCH2
hermance;ICONIFS;2026-10-14T11:00;ICONCH2;3.00;4.70;23.0;16.1;0.00;0.0;ICONCH2
hermance;ICONIFS;2026-10-14T12:00;ICONCH2;6.30;9.50;43.0;18.1;0.00;0.0;ICONCH2
hermance;ICONIFS;2026-10-14T13:00;ICONCH2;7.20;11.10;59.0;19.3;0.00;0.0;ICONCH2
hermance;ICONIFS;2026-10-14T14:00;ICONCH2;8.40;12.80;52.0;20.4;0.00;0.0;ICONCH2
hermance;ICONIFS;2026-10-14T15:00;ICON13KM;5.70;9.30;55.0;21.7;0.00;0.0;ICON13KM
hermance;ICONIFS;2026-10-14T16:00;ICON13KM;5.50;9.30;48.0;22.0;0.00;0.0;ICON13KM
hermance;ICONIFS;2026-10-14T17:00;ICON13KM;5.00;8.90;39.0;21.9;0.00;0.0;ICON13KM
hermance;ICONIFS;2026-10-14T18:00;ICON13KM;4.30;8.20;27.0;21.1;0.00;23.0;ICON13KM
hermance;ICONIFS;2026-10-14T19:00;ICON13KM;3.90;7.00;9.0;19.9;0.00;45.0;ICON13KM
hermance;ICONIFS;2026-10-14T20:00;ICON13KM;3.90;6.00;354.0;18.8;0.00;68.0;ICON13KM
hermance;ICONIFS;2026-10-14T21:00;ICON13KM;3.90;5.60;351.0;17.9;0.00;48.0;ICON13KM
hermance;ICONIFS;2026-10-14T22:00;ICON13KM;3.70;5.40;351.0;17.0;0.00;27.0;ICON13KM
hermance;ICONIFS;2026-10-14T23:00;ICON13KM;3.70;5.40;354.0;16.3;0.00;7.0;ICON13KM
hermance;ICONIFS;2026-10-15T00:00;ICON13KM;3.70;5.40;351.0;15.9;0.00;18.0;ICON13KM
hermance;ICONIFS;2026-10-15T01:00;ICON13KM;3.50;5.40;351.0;15.5;0.00;29.0;ICON13KM
hermance;ICONIFS;2026-10-15T02:00;ICON13KM;3.60;5.40;347.0;15.3;0.00;40.0;ICON13KM
hermance;ICONIFS;2026-10-15T03:00;ICON13KM;3.60;5.40;344.0;15.1;0.00;45.0;ICON13KM
hermance;ICONIFS;2026-10-15T04:00;ICON13KM;3.70;5.40;342.0;14.9;0.00;50.0;ICON13KM
hermance;ICONIFS;2026-10-15T05:00;ICON13KM;3.70;5.40;342.0;14.8;0.00;55.0;ICON13KM
hermance;ICONIFS;2026-10-15T06:00;ICON13KM;3.40;5.10;344.0;14.5;0.00;61.0;ICON13KM
hermance;ICONIFS;2026-10-15T07:00;ICON13KM;3.20;4.50;346.0;14.3;0.00;66.0;ICON13KM
hermance;ICONIFS;2026-10-15T08:00;ICON13KM;2.80;4.30;348.0;14.4;0.00;72.0;ICON13KM
hermance;ICONIFS;2026-10-15T09:00;ICON13KM;2.50;4.70;342.0;15.0;0.00;81.0;ICON13KM
hermance;ICONIFS;2026-10-15T10:00;ICON13KM;2.20;5.40;333.0;16.0;0.00;90.0;ICON13KM
hermance;ICONIFS;2026-10-15T11:00;ICON13KM;1.70;5.80;324.0;17.0;0.00;99.0;ICON13KM
hermance;ICONIFS;2026-10-15T12:00;ICON13KM;0.90;5.10;297.0;17.9;0.00;89.0;ICON13KM
hermance;ICONIFS;2026-10-15T13:00;ICON13KM;0.60;3.90;198.0;18.8;0.00;80.0;ICON13KM
hermance;ICONIFS;2026-10-15T14:00;ICON13KM;1.40;3.10;172.0;19.6;0.00;70.0;ICON13KM
hermance;ICONIFS;2026-10-15T15:00;ICON13KM;1.60;2.90;150.0;20.4;0.00;47.0;ICON13KM
hermance;ICONIFS;2026-10-15T16:00;ICON13KM;1.80;2.90;131.0;21.0;0.00;23.0;ICON13KM
hermance;ICONIFS;2026-10-15T17:00;ICON13KM;1.70;3.10;111.0;21.3;0.00;0.0;ICON13KM
hermance;ICONIFS;2026-10-15T18:00;ICON13KM;0.60;3.30;90.0;21.0;0.00;0.0;ICON13KM
hermance;ICONIFS;2026-10-15T19:00;ICON13KM;1.20;3.50;309.0;20.3;0.00;0.0;ICON13KM
hermance;ICONIFS;2026-10-15T20:00;ICON13KM;2.50;3.70;309.0;19.5;0.00;0.0;ICON13KM
hermance;ICONIFS;2026-10-15T21:00;ICON13KM;2.60;3.90;324.0;18.4;0.00;13.0;ICON13KM
hermance;ICONIFS;2026-10-15T22:00;ICON13KM;2.60;4.10;347.0;17.0;0.00;27.0;ICON13KM
hermance;ICONIFS;2026-10-15T23:00;ICON13KM;2.90;4.30;4.0;16.0;0.00;40.0;ICON13KM
hermance;ICONIFS;2026-10-16T00:00;ICON13KM;3.10;4.50;4.0;15.3;0.00;50.0;ICON13KM
hermance;ICONIFS;2026-10-16T01:00;ICON13KM;3.30;4.90;357.0;15.0;0.00;59.0;ICON13KM
hermance;ICONIFS;2026-10-16T02:00;ICON13KM;3.30;5.10;353.0;14.6;0.00;69.0;ICON13KM
hermance;ICONIFS;2026-10-16T03:00;ICON13KM;3.40;5.10;350.0;14.3;0.00;69.0;ICON13KM
hermance;ICONIFS;2026-10-16T04:00;ICON13KM;3.20;4.90;346.0;14.0;0.00;68.0;ICON13KM
hermance;ICONIFS;2026-10-16T05:00;ICON13KM;3.20;4.90;346.0;13.7;0.00;68.0;ICON13KM
hermance;ICONIFS;2026-10-16T06:00;ICON13KM;3.30;4.90;343.0;13.5;0.00;74.0;ICON13KM
hermance;ICONIFS;2026-10-16T07:00;ICON13KM;3.40;4.90;344.0;13.3;0.00;81.0;ICON13KM
hermance;ICONIFS;2026-10-16T08:00;ICON13KM;3.40;5.10;347.0;13.5;0.00;87.0;ICON13KM
hermance;ICONIFS;2026-10-16T09:00;ICON13KM;3.30;5.80;360.0;14.5;0.00;73.0;ICON13KM
hermance;ICONIFS;2026-10-16T10:00;ICON13KM;3.30;6.60;17.0;15.8;0.00;60.0;ICON13KM
hermance;ICONIFS;2026-10-16T11:00;ICON13KM;3.20;7.00;33.0;17.1;0.00;46.0;ICON13KM
hermance;ICONIFS;2026-10-16T12:00;ICON13KM;2.30;6.20;48.0;18.3;0.00;57.0;ICON13KM
hermance;ICONIFS;2026-10-16T13:00;ICON13KM;1.60;5.10;90.0;19.3;0.00;67.0;ICON13KM
hermance;ICONIFS;2026-10-16T14:00;ICON13KM;1.70;4.10;126.0;20.2;0.00;78.0;ICON13KM
hermance;ICONIFS;2026-10-16T15:00;ICON13KM;1.80;3.70;122.0;20.9;0.00;75.0;ICON13KM
hermance;ICONIFS;2026-10-16T16:00;ICON13KM;2.00;3.30;107.0;21.5;0.00;71.0;ICON13KM
hermance;ICONIFS;2026-10-16T17:00;ICON13KM;2.00;3.50;84.0;21.5;0.00;68.0;ICON13KM
hermance;ICONIFS;2026-10-16T18:00;ICON13KM;1.90;4.30;37.0;20.7;0.00;70.0;ICON13KM
hermance;ICONIFS;2026-10-16T19:00;ICON13KM;3.10;5.20;4.0;19.4;0.00;73.0;ICON13KM
hermance;ICONIFS;2026-10-16T20:00;ICON13KM;4.10;6.00;355.0;18.3;0.00;75.0;ICON13KM
hermance;ICONIFS;2026-10-16T21:00;ICON13KM;3.90;6.00;360.0;17.8;0.00;82.0;ICON13KM
hermance;ICONIFS;2026-10-16T22:00;ICON13KM;3.40;5.60;16.0;17.4;0.00;89.0;ICON13KM
hermance;ICONIFS;2026-10-16T23:00;ICON13KM;3.30;5.40;28.0;17.2;0.00;96.0;ICON13KM
hermance;ICONIFS;2026-10-17T00:00;ICON13KM;3.50;5.60;27.0;16.9;0.00;94.0;ICON13KM
hermance;ICONIFS;2026-10-17T01:00;ICON13KM;3.90;6.00;20.0;16.7;0.00;93.0;ICON13KM
hermance;ICONIFS;2026-10-17T02:00;ICON13KM;4.40;6.60;15.0;16.5;0.00;91.0;ICON13KM
hermance;ICONIFS;2026-10-17T03:00;ICON13KM;5.00;7.40;11.0;16.2;0.00;91.0;ICON13KM
hermance;ICONIFS;2026-10-17T04:00;ICON13KM;5.50;8.20;10.0;15.9;0.00;91.0;ICON13KM
hermance;ICONIFS;2026-10-17T05:00;ICON13KM;5.90;8.90;9.0;15.6;0.00;91.0;ICON13KM
hermance;ICONIFS;2026-10-17T06:00;ICON13KM;5.90;9.10;11.0;15.4;0.00;84.0;ICON13KM
hermance;ICONIFS;2026-10-17T07:00;ICON13KM;6.00;8.90;15.0;15.2;0.00;78.0;ICON13KM
hermance;ICONIFS;2026-10-17T08:00;ICON13KM;6.40;9.50;20.0;15.2;0.00;71.0;ICON13KM
hermance;ICONIFS;2026-10-17T09:00;ICON13KM;7.60;11.50;26.0;15.4;0.00;69.0;ICON13KM
hermance;ICONIFS;2026-10-17T10:00;ICON13KM;9.20;14.00;32.0;15.7;0.00;68.0;ICON13KM
hermance;ICONIFS;2026-10-17T11:00;ICON13KM;10.00;15.60;36.0;16.2;0.00;66.0;ICON13KM
hermance;ICONIFS;2026-10-17T12:00;ICON13KM;9.80;15.60;38.0;16.8;0.00;66.0;ICON13KM
hermance;ICONIFS;2026-10-17T13:00;ICON13KM;8.80;14.60;40.0;17.6;0.00;65.0;ICON13KM
hermance;ICONIFS;2026-10-17T14:00;ICON13KM;8.30;14.00;41.0;18.2;0.00;65.0;ICON13KM
hermance;ICONIFS;2026-10-17T15:00;ICON13KM;8.40;14.00;40.0;18.6;0.00;53.0;ICON13KM
hermance;ICONIFS;2026-10-17T16:00;ICON13KM;9.00;14.40;39.0;18.7;0.00;40.0;ICON13KM
hermance;ICONIFS;2026-10-17T17:00;ICON13KM;9.40;14.80;37.0;18.5;0.00;28.0;ICON13KM
hermance;ICONIFS;2026-10-17T18:00;ICON13KM;10.00;15.40;33.0;17.7;0.00;26.0;ICON13KM
hermance;ICONIFS;2026-10-17T19:00;ICON13KM;10.60;16.10;28.0;16.5;0.00;25.0;ICON13KM
hermance;ICONIFS;2026-10-17T20:00;ICON13KM;10.80;16.30;26.0;15.6;0.00;23.0;ICON13KM
hermance;ICONIFS;2026-10-17T21:00;ICON13KM;10.20;15.90;24.0;15.0;0.00;47.0;ICON13KM
hermance;ICONIFS;2026-10-17T22:00;ICON13KM;9.20;15.00;21.0;14.6;0.00;71.0;ICON13KM
hermance;ICONIFS;2026-10-17T23:00;ICON13KM;8.20;14.00;19.0;14.3;0.00;95.0;ICON13KM
hermance;ICONIFS;2026-10-18T00:00;ICON13KM;7.60;12.80;19.0;14.1;0.00;91.0;ICON13KM
hermance;ICONIFS;2026-10-18T01:00;ICON13KM;7.30;11.70;20.0;13.9;0.00;88.0;ICON13KM
hermance;ICONIFS;2026-10-18T02:00;ICON13KM;6.90;10.90;22.0;13.9;0.00;84.0;ICON13KM
hermance;ICONIFS;2026-10-18T03:00;IFS;15.70;23.50;27.0;11.6;0.00;99.0;IFS
hermance;ICONIFS;2026-10-18T04:00;IFS;15.60;23.50;27.0;11.4;0.00;100.0;IFS
hermance;ICONIFS;2026-10-18T05:00;IFS;15.50;23.50;27.0;11.3;0.00;100.0;IFS
hermance;ICONIFS;2026-10-18T06:00;IFS;15.20;23.50;27.0;11.3;0.00;100.0;IFS
hermance;ICONIFS;2026-10-18T07:00;IFS;14.80;23.30;27.0;11.4;0.00;100.0;IFS
hermance;ICONIFS;2026-10-18T08:00;IFS;14.40;23.10;28.0;11.5;0.00;99.0;IFS
hermance;ICONIFS;2026-10-18T09:00;IFS;13.90;22.90;29.0;11.7;0.00;94.0;IFS
hermance;ICONIFS;2026-10-18T10:00;IFS;13.40;22.50;31.0;12.1;0.00;88.0;IFS
hermance;ICONIFS;2026-10-18T11:00;IFS;12.70;22.20;33.0;12.5;0.00;80.0;IFS
hermance;ICONIFS;2026-10-18T12:00;IFS;12.10;21.80;35.0;12.9;0.00;72.0;IFS
hermance;ICONIFS;2026-10-18T13:00;IFS;11.70;21.40;37.0;13.3;0.00;66.0;IFS
hermance;ICONIFS;2026-10-18T14:00;IFS;11.50;21.00;37.0;13.6;0.00;62.0;IFS
hermance;ICONIFS;2026-10-18T15:00;IFS;11.50;20.60;36.0;13.8;0.00;61.0;IFS
hermance;ICONIFS;2026-10-18T16:00;IFS;11.90;20.20;34.0;13.9;0.00;62.0;IFS
hermance;ICONIFS;2026-10-18T17:00;IFS;12.40;19.80;31.0;14.0;0.00;65.0;IFS
hermance;ICONIFS;2026-10-18T18:00;IFS;13.00;19.60;28.0;14.0;0.00;68.0;IFS
hermance;ICONIFS;2026-10-18T19:00;IFS;13.60;19.40;25.0;13.9;0.00;70.0;IFS
hermance;ICONIFS;2026-10-18T20:00;IFS;13.90;19.40;24.0;13.8;0.00;72.0;IFS
hermance;ICONIFS;2026-10-18T21:00;IFS;14.20;19.80;23.0;13.6;0.00;73.0;IFS
hermance;ICONIFS;2026-10-18T22:00;IFS;14.30;20.40;22.0;13.3;0.00;74.0;IFS
hermance;ICONIFS;2026-10-18T23:00;IFS;14.60;21.20;21.0;13.0;0.00;75.0;IFS
hermance;ICONIFS;2026-10-19T00:00;IFS;14.60;21.80;21.0;12.6;0.00;75.0;IFS
hermance;ICONIFS;2026-10-19T01:00;IFS;14.60;22.40;21.0;12.1;0.00;75.0;IFS
hermance;ICONIFS;2026-10-19T02:00;IFS;14.50;22.70;21.0;11.8;0.00;74.0;IFS
hermance;ICONIFS;2026-10-19T03:00;IFS;14.40;22.70;21.0;11.4;0.00;73.0;IFS
hermance;ICONIFS;2026-10-19T04:00;IFS;14.10;22.40;22.0;10.9;0.00;71.0;IFS
hermance;ICONIFS;2026-10-19T05:00;IFS;13.70;22.00;24.0;10.4;0.00;69.0;IFS
hermance;ICONIFS;2026-10-19T06:00;IFS;13.30;21.40;25.0;10.0;0.00;66.0;IFS
hermance;ICONIFS;2026-10-19T07:00;IFS;12.90;21.00;27.0;9.7;0.00;63.0;IFS
hermance;ICONIFS;2026-10-19T08:00;IFS;12.60;20.60;29.0;9.6;0.00;59.0;IFS
hermance;ICONIFS;2026-10-19T09:00;IFS;12.10;20.40;32.0;9.9;0.00;54.0;IFS
hermance;ICONIFS;2026-10-19T10:00;IFS;11.60;20.20;35.0;10.3;0.00;47.0;IFS
hermance;ICONIFS;2026-10-19T11:00;IFS;11.20;20.00;39.0;11.0;0.00;39.0;IFS
hermance;ICONIFS;2026-10-19T12:00;IFS;10.80;19.80;43.0;11.6;0.00;32.0;IFS
hermance;ICONIFS;2026-10-19T13:00;IFS;10.70;19.80;45.0;12.2;0.00;25.0;IFS
hermance;ICONIFS;2026-10-19T14:00;IFS;10.70;19.80;46.0;12.6;0.00;19.0;IFS
hermance;ICONIFS;2026-10-19T15:00;IFS;10.90;19.80;44.0;12.8;0.00;14.0;IFS
hermance;ICONIFS;2026-10-19T16:00;IFS;11.40;19.80;39.0;12.8;0.00;8.0;IFS
hermance;ICONIFS;2026-10-19T17:00;IFS;12.10;20.00;34.0;12.8;0.00;3.0;IFS
hermance;ICONIFS;2026-10-19T18:00;IFS;13.00;20.20;29.0;12.7;0.00;0.0;IFS
hermance;ICONIFS;2026-10-19T19:00;IFS;13.80;20.40;25.0;12.6;0.00;0.0;IFS
hermance;ICONIFS;2026-10-19T20:00;IFS;14.50;20.60;22.0;12.4;0.00;2.0;IFS
hermance;ICONIFS;2026-10-19T21:00;IFS;14.90;21.00;21.0;12.2;0.00;10.0;IFS
hermance;ICONIFS;2026-10-19T22:00;IFS;15.30;21.60;21.0;11.8;0.00;24.0;IFS
hermance;ICONIFS;2026-10-19T23:00;IFS;15.50;22.00;21.0;11.5;0.00;41.0;IFS
hermance;ICONIFS;2026-10-20T00:00;IFS;15.60;22.50;21.0;11.0;0.00;57.0;IFS
hermance;ICONIFS;2026-10-20T01:00;IFS;15.60;22.90;21.0;10.7;0.00;70.0;IFS
hermance;ICONIFS;2026-10-20T02:00;IFS;15.60;23.30;21.0;10.3;0.00;76.0;IFS
hermance;ICONIFS;2026-10-20T03:00;IFS;15.50;23.30;21.0;10.0;0.00;75.0;IFS
hermance;ICONIFS;2026-10-20T04:00;IFS;15.40;23.30;22.0;9.6;0.00;68.0;IFS
hermance;ICONIFS;2026-10-20T05:00;IFS;15.10;23.10;22.0;9.3;0.00;57.0;IFS
hermance;ICONIFS;2026-10-20T06:00;IFS;14.90;22.90;23.0;9.0;0.00;45.0;IFS
hermance;ICONIFS;2026-10-20T07:00;IFS;14.80;22.90;24.0;8.9;0.00;35.0;IFS
hermance;ICONIFS;2026-10-20T08:00;IFS;14.70;22.90;25.0;8.9;0.00;27.0;IFS
hermance;ICONIFS;2026-10-20T09:00;IFS;15.00;23.30;26.0;9.3;0.00;22.0;IFS
hermance;ICONIFS;2026-10-20T10:00;IFS;15.50;23.70;27.0;9.8;0.00;18.0;IFS
hermance;ICONIFS;2026-10-20T11:00;IFS;16.20;24.30;29.0;10.6;0.00;15.0;IFS
hermance;ICONIFS;2026-10-20T12:00;IFS;16.80;24.90;30.0;11.3;0.00;13.0;IFS
hermance;ICONIFS;2026-10-20T13:00;IFS;17.30;25.30;30.0;11.9;0.00;12.0;IFS
hermance;ICONIFS;2026-10-20T14:00;IFS;17.50;25.50;30.0;12.3;0.00;12.0;IFS
hermance;ICONIFS;2026-10-20T15:00;IFS;17.40;25.50;29.0;12.4;0.00;14.0;IFS
hermance;ICONIFS;2026-10-20T16:00;IFS;17.20;25.30;27.0;12.4;0.00;18.0;IFS
hermance;ICONIFS;2026-10-20T17:00;IFS;16.80;24.90;24.0;12.3;0.00;23.0;IFS
hermance;ICONIFS;2026-10-20T18:00;IFS;16.30;24.50;21.0;12.1;0.00;28.0;IFS
hermance;ICONIFS;2026-10-20T19:00;IFS;16.00;24.10;18.0;11.8;0.00;33.0;IFS
hermance;ICONIFS;2026-10-20T20:00;IFS;15.70;23.90;17.0;11.6;0.00;38.0;IFS
hermance;ICONIFS;2026-10-20T21:00;IFS;15.40;23.70;16.0;11.3;0.00;43.0;IFS
hermance;ICONIFS;2026-10-20T22:00;IFS;15.10;23.50;16.0;10.9;0.00;48.0;IFS
hermance;ICONIFS;2026-10-20T23:00;IFS;14.80;23.50;16.0;10.4;0.00;54.0;IFS
hermance;ICONIFS;2026-10-21T00:00;IFS;14.60;23.30;16.0;10.0;0.00;59.0;IFS
hermance;ICONIFS;2026-10-21T01:00;IFS;14.20;23.10;17.0;9.6;0.00;61.0;IFS
hermance;ICONIFS;2026-10-21T02:00;IFS;13.70;22.70;17.0;9.2;0.00;61.0;IFS
hermance;ICONIFS;2026-10-21T03:00;IFS;13.30;22.40;18.0;8.9;0.00;57.0;IFS
hermance;ICONIFS;2026-10-21T04:00;IFS;12.80;21.80;18.0;8.5;0.00;49.0;IFS
hermance;ICONIFS;2026-10-21T05:00;IFS;12.20;21.20;19.0;8.2;0.00;40.0;IFS
hermance;ICONIFS;2026-10-21T06:00;IFS;11.70;20.60;20.0;7.9;0.00;30.0;IFS
hermance;ICONIFS;2026-10-21T07:00;IFS;11.00;20.20;21.0;7.8;0.00;21.0;IFS
hermance;ICONIFS;2026-10-21T08:00;IFS;10.40;19.60;24.0;7.8;0.00;14.0;IFS
hermance;ICONIFS;2026-10-21T09:00;IFS;9.70;19.20;28.0;8.2;0.00;10.0;IFS
hermance;ICONIFS;2026-10-21T10:00;IFS;8.90;18.70;35.0;8.8;0.00;8.0;IFS
hermance;ICONIFS;2026-10-21T11:00;IFS;8.30;18.30;43.0;9.5;0.00;6.0;IFS
hermance;ICONIFS;2026-10-21T12:00;IFS;7.90;17.90;52.0;10.3;0.00;5.0;IFS
hermance;ICONIFS;2026-10-21T13:00;IFS;7.70;17.50;58.0;11.0;0.00;5.0;IFS
hermance;ICONIFS;2026-10-21T14:00;IFS;7.60;17.10;60.0;11.5;0.00;4.0;IFS
hermance;ICONIFS;2026-10-21T15:00;IFS;7.50;16.70;55.0;11.8;0.00;3.0;IFS
hermance;ICONIFS;2026-10-21T16:00;IFS;7.60;16.30;47.0;12.0;0.00;3.0;IFS
hermance;ICONIFS;2026-10-21T17:00;IFS;8.10;15.90;34.0;12.1;0.00;2.0;IFS
hermance;ICONIFS;2026-10-21T18:00;IFS;9.00;15.60;24.0;12.2;0.00;2.0;IFS
hermance;ICONIFS;2026-10-21T19:00;IFS;9.80;15.20;17.0;12.2;0.00;2.0;IFS
hermance;ICONIFS;2026-10-21T20:00;IFS;10.40;15.00;14.0;12.2;0.00;2.0;IFS
hermance;ICONIFS;2026-10-21T21:00;IFS;10.60;15.00;14.0;12.0;0.00;2.0;IFS
hermance;ICONIFS;2026-10-21T22:00;IFS;10.60;15.00;15.0;11.8;0.00;2.0;IFS
hermance;ICONIFS;2026-10-21T23:00;IFS;10.30;15.20;18.0;11.5;0.00;2.0;IFS
hermance;ICONIFS;2026-10-22T00:00;IFS;10.10;15.40;21.0;11.2;0.00;1.0;IFS
hermance;ICONIFS;2026-10-22T01:00;IFS;9.80;15.60;24.0;10.9;0.00;2.0;IFS
hermance;ICONIFS;2026-10-22T02:00;IFS;9.60;15.60;26.0;10.6;0.00;2.0;IFS
hermance;ICONIFS;2026-10-22T03:00;IFS;9.50;15.40;27.0;10.4;0.00;2.0;IFS
hermance;ICONIFS;2026-10-22T04:00;IFS;9.50;15.20;28.0;10.1;0.00;3.0;IFS
hermance;ICONIFS;2026-10-22T05:00;IFS;9.30;14.80;29.0;9.9;0.00;4.0;IFS
hermance;ICONIFS;2026-10-22T06:00;IFS;9.20;14.40;29.0;9.7;0.00;5.0;IFS
hermance;ICONIFS;2026-10-22T07:00;IFS;9.10;14.20;30.0;9.7;0.00;6.0;IFS
hermance;ICONIFS;2026-10-22T08:00;IFS;9.00;14.20;32.0;9.8;0.00;8.0;IFS
hermance;ICONIFS;2026-10-22T09:00;IFS;8.80;14.40;36.0;10.1;0.00;11.0;IFS
hermance;ICONIFS;2026-10-22T10:00;IFS;8.80;14.80;41.0;10.6;0.00;15.0;IFS
hermance;ICONIFS;2026-10-22T11:00;IFS;8.90;15.20;47.0;11.3;0.00;20.0;IFS
hermance;ICONIFS;2026-10-22T12:00;IFS;9.00;15.70;52.0;11.9;0.00;25.0;IFS
hermance;ICONIFS;2026-10-22T13:00;IFS;9.20;16.10;56.0;12.5;0.00;28.0;IFS
hermance;ICONIFS;2026-10-22T14:00;IFS;9.20;16.30;56.0;12.9;0.00;30.0;IFS
hermance;ICONIFS;2026-10-22T15:00;IFS;9.30;16.30;53.0;13.1;0.00;30.0;IFS
hermance;ICONIFS;2026-10-22T16:00;IFS;9.40;16.30;47.0;13.2;0.00;27.0;IFS
hermance;ICONIFS;2026-10-22T17:00;IFS;9.60;16.10;39.0;13.2;0.00;24.0;IFS
hermance;ICONIFS;2026-10-22T18:00;IFS;10.00;16.10;32.0;13.2;0.00;21.0;IFS
hermance;ICONIFS;2026-10-22T19:00;IFS;10.30;15.90;26.0;13.1;0.00;19.0;IFS
hermance;ICONIFS;2026-10-22T20:00;IFS;10.50;15.70;22.0;13.0;0.00;19.0;IFS
hermance;ICONIFS;2026-10-22T21:00;IFS;10.30;15.70;21.0;12.9;0.00;22.0;IFS
hermance;ICONIFS;2026-10-22T22:00;IFS;10.00;15.70;21.0;12.6;0.00;27.0;IFS
hermance;ICONIFS;2026-10-22T23:00;IFS;9.50;15.60;22.0;12.3;0.00;32.0;IFS
hermance;ICONIFS;2026-10-23T00:00;IFS;8.80;15.60;24.0;12.0;0.00;39.0;IFS
hermance;ICONIFS;2026-10-23T01:00;IFS;8.20;15.40;26.0;11.7;0.00;45.0;IFS
hermance;ICONIFS;2026-10-23T02:00;IFS;7.70;15.20;27.0;11.4;0.00;50.0;IFS
hermance;ICONIFS;2026-10-23T03:00;IFS;7.40;14.80;27.0;11.1;0.00;55.0;IFS
hermance;ICONIFS;2026-10-23T04:00;IFS;7.10;14.20;27.0;10.7;0.00;60.0;IFS
hermance;ICONIFS;2026-10-23T05:00;IFS;6.80;13.60;26.0;10.4;0.00;65.0;IFS
hermance;ICONIFS;2026-10-23T06:00;IFS;6.60;12.80;25.0;10.1;0.00;69.0;IFS
hermance;ICONIFS;2026-10-23T07:00;IFS;6.30;12.20;26.0;10.0;0.00;72.0;IFS
hermance;ICONIFS;2026-10-23T08:00;IFS;5.80;11.70;27.0;10.0;0.00;72.0;IFS
hermance;ICONIFS;2026-10-23T09:00;IFS;5.10;11.30;31.0;10.2;0.00;70.0;IFS
hermance;ICONIFS;2026-10-23T10:00;IFS;4.40;10.90;38.0;10.5;0.00;65.0;IFS
hermance;ICONIFS;2026-10-23T11:00;IFS;3.70;10.70;49.0;11.0;0.00;58.0;IFS
hermance;ICONIFS;2026-10-23T12:00;IFS;3.10;10.30;64.0;11.5;0.00;51.0;IFS
hermance;ICONIFS;2026-10-23T13:00;IFS;3.00;9.90;79.0;12.1;0.00;44.0;IFS
hermance;ICONIFS;2026-10-23T14:00;IFS;2.80;9.50;86.0;12.6;0.00;38.0;IFS
hermance;ICONIFS;2026-10-23T15:00;IFS;2.60;8.90;86.0;13.1;0.00;32.0;IFS
hermance;ICONIFS;2026-10-23T16:00;IFS;2.30;8.40;75.0;13.8;0.00;26.0;IFS
hermance;ICONIFS;2026-10-23T17:00;IFS;2.20;7.60;58.0;14.4;0.00;19.0;IFS
hermance;ICONIFS;2026-10-23T18:00;IFS;2.40;6.80;38.0;15.0;0.00;14.0;IFS
hermance;ICONIFS;2026-10-23T19:00;IFS;2.80;6.40;25.0;15.5;0.00;9.0;IFS
hermance;ICONIFS;2026-10-23T20:00;IFS;3.10;6.00;18.0;15.7;0.00;6.0;IFS
hermance;ICONIFS;2026-10-23T21:00;IFS;3.30;6.00;17.0;15.6;0.00;5.0;IFS
hermance;ICONIFS;2026-10-23T22:00;IFS;3.40;6.20;18.0;15.3;0.00;5.0;IFS
hermance;ICONIFS;2026-10-23T23:00;IFS;3.50;6.40;21.0;14.8;0.00;6.0;IFS
hermance;ICONIFS;2026-10-24T00:00;IFS;3.70;7.00;25.0;14.3;0.00;8.0;IFS
hermance;ICONIFS;2026-10-24T01:00;IFS;3.90;7.40;28.0;13.8;0.00;11.0;IFS
hermance;ICONIFS;2026-10-24T02:00;IFS;4.10;7.80;30.0;13.4;0.00;13.0;IFS
hermance;ICONIFS;2026-10-24T03:00;IFS;4.50;8.20;30.0;13.1;0.00;16.0;IFS
hermance;ICONIFS;2026-10-24T04:00;IFS;5.00;8.60;29.0;12.8;0.00;19.0;IFS
hermance;ICONIFS;2026-10-24T05:00;IFS;5.50;9.10;27.0;12.4;0.00;23.0;IFS
hermance;ICONIFS;2026-10-24T06:00;IFS;6.00;9.50;28.0;12.2;0.00;27.0;IFS
hermance;ICONIFS;2026-10-24T07:00;IFS;6.40;10.10;29.0;12.0;0.00;29.0;IFS
hermance;ICONIFS;2026-10-24T08:00;IFS;6.90;10.70;32.0;12.0;0.00;31.0;IFS
hermance;ICONIFS;2026-10-24T09:00;IFS;7.10;11.30;38.0;12.1;0.00;31.0;IFS
hermance;ICONIFS;2026-10-24T10:00;IFS;7.40;11.90;46.0;12.5;0.00;30.0;IFS
hermance;ICONIFS;2026-10-24T11:00;IFS;8.00;12.40;54.0;12.9;0.00;29.0;IFS
hermance;ICONIFS;2026-10-24T12:00;IFS;8.70;13.00;61.0;13.3;0.00;27.0;IFS
hermance;ICONIFS;2026-10-24T13:00;IFS;9.30;13.60;65.0;13.7;0.00;24.0;IFS
hermance;ICONIFS;2026-10-24T14:00;IFS;9.80;14.40;64.0;14.0;0.00;22.0;IFS
hermance;ICONIFS;2026-10-24T15:00;IFS;10.20;15.20;59.0;14.1;0.00;19.0;IFS
hermance;ICONIFS;2026-10-24T16:00;IFS;10.80;15.90;51.0;14.1;0.00;14.0;IFS
hermance;ICONIFS;2026-10-24T17:00;IFS;11.60;16.70;41.0;14.1;0.00;9.0;IFS
hermance;ICONIFS;2026-10-24T18:00;IFS;12.70;17.50;33.0;14.0;0.00;5.0;IFS
hermance;ICONIFS;2026-10-24T19:00;IFS;13.80;18.30;27.0;13.9;0.00;2.0;IFS
hermance;ICONIFS;2026-10-24T20:00;IFS;14.60;19.00;23.0;13.7;0.00;2.0;IFS
hermance;ICONIFS;2026-10-24T21:00;IFS;15.20;19.60;22.0;13.5;0.00;5.0;IFS
hermance;ICONIFS;2026-10-24T22:00;IFS;15.40;20.40;21.0;13.2;0.00;12.0;IFS
hermance;ICONIFS;2026-10-24T23:00;IFS;15.40;21.00;20.0;12.9;0.00;19.0;IFS
hermance;ICONIFS;2026-10-25T00:00;IFS;15.30;21.40;20.0;12.5;0.00;27.0;IFS
hermance;ICONIFS;2026-10-25T01:00;IFS;15.20;21.80;21.0;12.2;0.00;34.0;IFS
hermance;ICONIFS;2026-10-25T02:00;IFS;15.00;22.20;21.0;12.0;0.00;38.0;IFS
hermance;ICONIFS;2026-10-25T03:00;IFS;14.70;22.40;21.0;11.8;0.00;39.0;IFS
hermance;ICONIFS;2026-10-25T04:00;IFS;14.40;22.50;22.0;11.5;0.00;38.0;IFS
hermance;ICONIFS;2026-10-25T05:00;IFS;14.00;22.50;24.0;11.3;0.00;36.0;IFS
hermance;ICONIFS;2026-10-25T06:00;IFS;13.50;22.40;25.0;11.2;0.00;33.0;IFS
hermance;ICONIFS;2026-10-25T07:00;IFS;13.00;22.20;27.0;11.1;0.00;30.0;IFS
hermance;ICONIFS;2026-10-25T08:00;IFS;12.30;22.00;29.0;11.2;0.00;27.0;IFS
hermance;ICONIFS;2026-10-25T09:00;IFS;11.50;21.60;31.0;11.5;0.00;25.0;IFS
hermance;ICONIFS;2026-10-25T10:00;IFS;10.50;20.80;35.0;12.0;0.00;22.0;IFS
hermance;ICONIFS;2026-10-25T11:00;IFS;9.50;20.00;40.0;12.6;0.00;19.0;IFS
hermance;ICONIFS;2026-10-25T12:00;IFS;8.60;19.40;45.0;13.2;0.00;16.0;IFS
hermance;ICONIFS;2026-10-25T13:00;IFS;7.90;18.70;50.0;13.7;0.00;14.0;IFS
hermance;ICONIFS;2026-10-25T14:00;IFS;7.40;18.30;55.0;14.1;0.00;12.0;IFS
loire_sur_rhone;ICONIFS;2026-10-10T00:00;ICONCH1;2.00;4.50;299.0;12.6;0.00;100.0;ICONCH1
loire_sur_rhone;ICONIFS;2026-10-10T01:00;ICONCH1;1.70;4.10;297.0;12.6;0.00;100.0;ICONCH1
loire_sur_rhone;ICONIFS;2026-10-10T02:00;ICONCH1;1.50;3.90;310.0;12.7;0.00;100.0;ICONCH1
loire_sur_rhone;ICONIFS;2026-10-10T03:00;ICONCH1;1.50;3.10;320.0;12.5;0.10;100.0;ICONCH1
loire_sur_rhone;ICONIFS;2026-10-10T04:00;ICONCH1;0.70;3.70;304.0;12.1;0.80;100.0;ICONCH1
loire_sur_rhone;ICONIFS;2026-10-10T05:00;ICONCH1;1.60;2.90;120.0;12.0;0.30;100.0;ICONCH1
loire_sur_rhone;ICONIFS;2026-10-10T06:00;ICONCH1;2.60;5.10;144.0;11.8;0.00;96.0;ICONCH1
loire_sur_rhone;ICONIFS;2026-10-10T07:00;ICONCH1;2.90;4.90;143.0;11.8;0.00;100.0;ICONCH1
loire_sur_rhone;ICONIFS;2026-10-10T08:00;ICONCH1;2.80;6.20;146.0;11.8;0.10;100.0;ICONCH1
loire_sur_rhone;ICONIFS;2026-10-10T09:00;ICONCH1;3.30;6.40;152.0;12.3;0.00;99.0;ICONCH1
loire_sur_rhone;ICONIFS;2026-10-10T10:00;ICONCH1;3.80;6.00;145.0;13.1;0.00;96.0;ICONCH1
loire_sur_rhone;ICONIFS;2026-10-10T11:00;ICONCH1;2.80;7.00;129.0;14.3;0.00;89.0;ICONCH1
loire_sur_rhone;ICONIFS;2026-10-10T12:00;ICONCH1;3.70;9.10;129.0;15.8;0.00;78.0;ICONCH1
loire_sur_rhone;ICONIFS;2026-10-10T13:00;ICONCH1;4.10;7.40;121.0;16.2;0.00;95.0;ICONCH1
loire_sur_rhone;ICONIFS;2026-10-10T14:00;ICONCH1;3.40;6.80;114.0;16.8;0.00;98.0;ICONCH1
loire_sur_rhone;ICONIFS;2026-10-10T15:00;ICONCH1;3.70;6.60;99.0;17.4;0.00;92.0;ICONCH1
loire_sur_rhone;ICONIFS;2026-10-10T16:00;ICONCH1;3.70;7.20;99.0;17.8;0.00;30.0;ICONCH1
loire_sur_rhone;ICONIFS;2026-10-10T17:00;ICONCH1;3.60;7.00;103.0;18.0;0.00;70.0;ICONCH1
loire_sur_rhone;ICONIFS;2026-10-10T18:00;ICONCH1;4.20;8.90;112.0;17.4;0.00;93.0;ICONCH1
loire_sur_rhone;ICONIFS;2026-10-10T19:00;ICONCH1;1.50;7.20;337.0;16.6;0.00;100.0;ICONCH1
loire_sur_rhone;ICONIFS;2026-10-10T20:00;ICONCH1;5.80;10.30;323.0;15.2;0.00;96.0;ICONCH1
loire_sur_rhone;ICONIFS;2026-10-10T21:00;ICONCH1;5.60;11.10;324.0;14.4;0.00;79.0;ICONCH1
loire_sur_rhone;ICONIFS;2026-10-10T22:00;ICONCH1;5.10;10.10;307.0;13.6;0.00;96.0;ICONCH1
loire_sur_rhone;ICONIFS;2026-10-10T23:00;ICONCH1;4.10;9.50;311.0;13.1;0.00;71.0;ICONCH1
loire_sur_rhone;ICONIFS;2026-10-11T00:00;ICONCH1;6.50;11.10;309.0;12.5;0.00;42.0;ICONCH1
loire_sur_rhone;ICONIFS;2026-10-11T01:00;ICONCH1;5.70;11.10;294.0;11.6;0.00;0.0;ICONCH1
loire_sur_rhone;ICONIFS;2026-10-11T02:00;ICONCH1;4.30;10.30;294.0;10.7;0.00;0.0;ICONCH1
loire_sur_rhone;ICONIFS;2026-10-11T03:00;ICONCH1;4.40;8.20;285.0;10.5;0.00;69.0;ICONCH1
loire_sur_rhone;ICONIFS;2026-10-11T04:00;ICONCH1;4.20;7.80;281.0;10.3;0.00;100.0;ICONCH1
loire_sur_rhone;ICONIFS;2026-10-11T05:00;ICONCH1;3.80;7.20;282.0;10.1;0.00;100.0;ICONCH1
loire_sur_rhone;ICONIFS;2026-10-11T06:00;ICONCH1;3.50;6.80;297.0;9.4;0.00;74.0;ICONCH1
loire_sur_rhone;ICONIFS;2026-10-11T07:00;ICONCH1;3.70;6.60;288.0;9.2;0.00;86.0;ICONCH1
loire_sur_rhone;ICONIFS;2026-10-11T08:00;ICONCH1;2.30;6.60;301.0;9.0;0.00;100.0;ICONCH1
loire_sur_rhone;ICONIFS;2026-10-11T09:00;ICONCH1;2.60;5.40;312.0;9.4;0.00;64.0;ICONCH1
loire_sur_rhone;ICONIFS;2026-10-11T10:00;ICONCH1;3.30;6.00;320.0;10.9;0.00;61.0;ICONCH1
loire_sur_rhone;ICONIFS;2026-10-11T11:00;ICONCH1;3.50;6.40;326.0;12.7;0.00;96.0;ICONCH1
loire_sur_rhone;ICONIFS;2026-10-11T12:00;ICONCH1;5.10;8.40;2.0;14.5;0.00;100.0;ICONCH1
loire_sur_rhone;ICONIFS;2026-10-11T13:00;ICONCH1;6.40;10.70;5.0;15.5;0.00;100.0;ICONCH1
loire_sur_rhone;ICONIFS;2026-10-11T14:00;ICONCH1;6.60;12.20;357.0;16.2;0.00;100.0;ICONCH1
loire_sur_rhone;ICONIFS;2026-10-11T15:00;ICONCH1;8.20;14.00;348.0;16.7;0.00;100.0;ICONCH1
loire_sur_rhone;ICONIFS;2026-10-11T16:00;ICONCH1;7.70;13.40;348.0;16.8;0.00;100.0;ICONCH1
loire_sur_rhone;ICONIFS;2026-10-11T17:00;ICONCH1;8.40;13.60;7.0;16.6;0.00;100.0;ICONCH1
loire_sur_rhone;ICONIFS;2026-10-11T18:00;ICONCH1;5.80;13.60;12.0;16.2;0.00;100.0;ICONCH1
loire_sur_rhone;ICONIFS;2026-10-11T19:00;ICONCH1;4.70;9.30;2.0;15.2;0.00;98.0;ICONCH1
loire_sur_rhone;ICONIFS;2026-10-11T20:00;ICONCH1;3.50;8.70;6.0;14.0;0.00;74.0;ICONCH1
loire_sur_rhone;ICONIFS;2026-10-11T21:00;ICONCH1;3.40;6.80;283.0;12.6;0.00;77.0;ICONCH1
loire_sur_rhone;ICONIFS;2026-10-11T22:00;ICONCH1;4.70;8.20;287.0;11.8;0.00;43.0;ICONCH1
loire_sur_rhone;ICONIFS;2026-10-11T23:00;ICONCH1;3.60;8.60;292.0;11.0;0.00;42.0;ICONCH1
loire_sur_rhone;ICONIFS;2026-10-12T00:00;ICONCH1;3.80;7.40;285.0;10.6;0.00;26.0;ICONCH1
loire_sur_rhone;ICONIFS;2026-10-12T01:00;ICONCH1;4.30;7.60;280.0;10.3;0.00;18.0;ICONCH1
loire_sur_rhone;ICONIFS;2026-10-12T02:00;ICONCH1;3.80;8.00;285.0;9.8;0.00;0.0;ICONCH1
loire_sur_rhone;ICONIFS;2026-10-12T03:00;ICONCH1;3.80;7.00;285.0;9.4;0.00;0.0;ICONCH1
loire_sur_rhone;ICONIFS;2026-10-12T04:00;ICONCH1;4.00;7.20;293.0;8.9;0.00;0.0;ICONCH1
loire_sur_rhone;ICONIFS;2026-10-12T05:00;ICONCH1;4.00;7.20;293.0;8.5;0.00;0.0;ICONCH1
loire_sur_rhone;ICONIFS;2026-10-12T06:00;ICONCH2;2.80;5.60;254.0;8.5;0.00;0.0;ICONCH2
loire_sur_rhone;ICONIFS;2026-10-12T07:00;ICONCH2;2.30;5.20;265.0;8.3;0.00;0.0;ICONCH2
loire_sur_rhone;ICONIFS;2026-10-12T08:00;ICONCH2;2.10;4.70;265.0;7.8;0.00;0.0;ICONCH2
loire_sur_rhone;ICONIFS;2026-10-12T09:00;ICONCH2;1.80;4.10;276.0;8.4;0.00;0.0;ICONCH2
loire_sur_rhone;ICONIFS;2026-10-12T10:00;ICONCH2;1.00;3.70;292.0;10.5;0.00;0.0;ICONCH2
loire_sur_rhone;ICONIFS;2026-10-12T11:00;ICONCH2;1.40;3.50;352.0;12.6;0.00;0.0;ICONCH2
loire_sur_rhone;ICONIFS;2026-10-12T12:00;ICONCH2;2.90;6.60;8.0;14.7;0.00;0.0;ICONCH2
loire_sur_rhone;ICONIFS;2026-10-12T13:00;ICONCH2;5.30;10.90;6.0;16.5;0.00;0.0;ICONCH2
loire_sur_rhone;ICONIFS;2026-10-12T14:00;ICONCH2;6.20;12.40;358.0;17.8;0.00;0.0;ICONCH2
loire_sur_rhone;ICONIFS;2026-10-12T15:00;ICONCH2;6.30;12.60;353.0;18.4;0.00;0.0;ICONCH2
loire_sur_rhone;ICONIFS;2026-10-12T16:00;ICONCH2;6.20;12.40;358.0;18.8;0.00;0.0;ICONCH2
loire_sur_rhone;ICONIFS;2026-10-12T17:00;ICONCH2;5.80;12.20;360.0;18.8;0.00;0.0;ICONCH2
loire_sur_rhone;ICONIFS;2026-10-12T18:00;ICONCH2;4.10;11.30;357.0;18.3;0.00;0.0;ICONCH2
loire_sur_rhone;ICONIFS;2026-10-12T19:00;ICONCH2;2.50;7.80;309.0;16.8;0.00;4.0;ICONCH2
loire_sur_rhone;ICONIFS;2026-10-12T20:00;ICONCH2;2.40;5.10;279.0;14.9;0.00;63.0;ICONCH2
loire_sur_rhone;ICONIFS;2026-10-12T21:00;ICONCH2;2.50;4.90;247.0;13.4;0.00;67.0;ICONCH2
loire_sur_rhone;ICONIFS;2026-10-12T22:00;ICONCH2;3.10;5.60;235.0;11.8;0.00;42.0;ICONCH2
loire_sur_rhone;ICONIFS;2026-10-12T23:00;ICONCH2;3.10;5.80;240.0;11.2;0.00;13.0;ICONCH2
loire_sur_rhone;ICONIFS;2026-10-13T00:00;ICONCH2;2.90;5.60;250.0;10.8;0.00;0.0;ICONCH2
loire_sur_rhone;ICONIFS;2026-10-13T01:00;ICONCH2;2.60;5.40;253.0;10.5;0.00;0.0;ICONCH2
loire_sur_rhone;ICONIFS;2026-10-13T02:00;ICONCH2;2.20;4.90;255.0;10.1;0.00;0.0;ICONCH2
loire_sur_rhone;ICONIFS;2026-10-13T03:00;ICONCH2;2.00;4.30;259.0;9.7;0.00;0.0;ICONCH2
loire_sur_rhone;ICONIFS;2026-10-13T04:00;ICONCH2;1.80;3.70;257.0;9.3;0.00;0.0;ICONCH2
loire_sur_rhone;ICONIFS;2026-10-13T05:00;ICONCH2;1.80;3.50;264.0;9.0;0.00;0.0;ICONCH2
loire_sur_rhone;ICONIFS;2026-10-13T06:00;ICONCH2;1.70;3.50;270.0;8.7;0.00;0.0;ICONCH2
loire_sur_rhone;ICONIFS;2026-10-13T07:00;ICONCH2;1.60;3.30;256.0;8.5;0.00;0.0;ICONCH2
loire_sur_rhone;ICONIFS;2026-10-13T08:00;ICONCH2;1.60;3.10;263.0;8.2;0.00;0.0;ICONCH2
loire_sur_rhone;ICONIFS;2026-10-13T09:00;ICONCH2;1.20;3.30;252.0;9.0;0.00;0.0;ICONCH2
loire_sur_rhone;ICONIFS;2026-10-13T10:00;ICONCH2;0.40;2.30;27.0;11.1;0.00;0.0;ICONCH2
loire_sur_rhone;ICONIFS;2026-10-13T11:00;ICONCH2;1.30;3.30;63.0;13.2;0.00;0.0;ICONCH2
loire_sur_rhone;ICONIFS;2026-10-13T12:00;ICONCH2;1.70;4.30;63.0;16.0;0.00;0.0;ICONCH2
loire_sur_rhone;ICONIFS;2026-10-13T13:00;ICONCH2;1.60;4.30;45.0;17.8;0.00;36.0;ICONCH2
loire_sur_rhone;ICONIFS;2026-10-13T14:00;ICONCH2;1.90;4.90;45.0;19.1;0.00;83.0;ICONCH2
loire_sur_rhone;ICONIFS;2026-10-13T15:00;ICONCH2;2.70;6.00;45.0;20.1;0.00;47.0;ICONCH2
loire_sur_rhone;ICONIFS;2026-10-13T16:00;ICONCH2;3.20;6.60;38.0;20.6;0.00;100.0;ICONCH2
loire_sur_rhone;ICONIFS;2026-10-13T17:00;ICONCH2;3.00;6.60;27.0;20.6;0.00;100.0;ICONCH2
loire_sur_rhone;ICONIFS;2026-10-13T18:00;ICONCH2;1.80;6.00;32.0;20.1;0.00;100.0;ICONCH2
loire_sur_rhone;ICONIFS;2026-10-13T19:00;ICONCH2;0.60;3.70;360.0;19.3;0.00;100.0;ICONCH2
loire_sur_rhone;ICONIFS;2026-10-13T20:00;ICONCH2;1.40;1.90;278.0;17.9;0.00;100.0;ICONCH2
loire_sur_rhone;ICONIFS;2026-10-13T21:00;ICONCH2;2.90;5.40;242.0;14.6;0.00;100.0;ICONCH2
loire_sur_rhone;ICONIFS;2026-10-13T22:00;ICONCH2;3.00;5.60;243.0;14.0;0.00;100.0;ICONCH2
loire_sur_rhone;ICONIFS;2026-10-13T23:00;ICONCH2;2.90;5.80;250.0;14.2;0.00;100.0;ICONCH2
loire_sur_rhone;ICONIFS;2026-10-14T00:00;ICONCH2;3.10;5.80;252.0;14.4;0.00;100.0;ICONCH2
loire_sur_rhone;ICONIFS;2026-10-14T01:00;ICONCH2;2.40;5.80;261.0;14.5;0.00;100.0;ICONCH2
loire_sur_rhone;ICONIFS;2026-10-14T02:00;ICONCH2;2.10;4.70;265.0;14.0;0.00;100.0;ICONCH2
loire_sur_rhone;ICONIFS;2026-10-14T03:00;ICONCH2;2.20;4.10;260.0;13.3;0.00;100.0;ICONCH2
loire_sur_rhone;ICONIFS;2026-10-14T04:00;ICONCH2;2.20;4.30;255.0;13.0;0.00;100.0;ICONCH2
loire_sur_rhone;ICONIFS;2026-10-14T05:00;ICONCH2;2.10;4.50;265.0;12.9;0.00;83.0;ICONCH2
loire_sur_rhone;ICONIFS;2026-10-14T06:00;ICONCH2;2.10;4.50;270.0;12.6;0.00;100.0;ICONCH2
loire_sur_rhone;ICONIFS;2026-10-14T07:00;ICONCH2;2.30;4.70;265.0;12.6;0.00;100.0;ICONCH2
loire_sur_rhone;ICONIFS;2026-10-14T08:00;ICONCH2;2.10;4.90;265.0;12.6;0.00;100.0;ICONCH2
loire_sur_rhone;ICONIFS;2026-10-14T09:00;ICONCH2;2.10;4.50;270.0;13.5;0.00;100.0;ICONCH2
loire_sur_rhone;ICONIFS;2026-10-14T10:00;ICONCH2;1.50;4.10;310.0;15.4;0.00;62.0;ICONCH2
loire_sur_rhone;ICONIFS;2026-10-14T11:00;ICONCH2;2.10;4.70;311.0;17.6;0.00;56.0;ICONCH2
loire_sur_rhone;ICONIFS;2026-10-14T12:00;ICONCH2;5.10;10.10;358.0;20.4;0.00;14.0;ICONCH2
loire_sur_rhone;ICONIFS;2026-10-14T13:00;ICONCH2;6.60;13.20;355.0;21.5;0.00;0.0;ICONCH2
loire_sur_rhone;ICONIFS;2026-10-14T14:00;ICONCH2;6.10;13.00;7.0;22.5;0.00;0.0;ICONCH2
loire_sur_rhone;ICONIFS;2026-10-14T15:00;ICON13KM;8.00;15.00;1.0;21.8;0.00;44.0;ICON13KM
loire_sur_rhone;ICONIFS;2026-10-14T16:00;ICON13KM;7.30;14.20;8.0;22.0;0.00;27.0;ICON13KM
loire_sur_rhone;ICONIFS;2026-10-14T17:00;ICON13KM;6.40;12.60;14.0;21.6;0.00;9.0;ICON13KM
loire_sur_rhone;ICONIFS;2026-10-14T18:00;ICON13KM;4.90;10.10;18.0;20.3;0.00;39.0;ICON13KM
loire_sur_rhone;ICONIFS;2026-10-14T19:00;ICON13KM;3.10;6.80;22.0;18.4;0.00;70.0;ICON13KM
loire_sur_rhone;ICONIFS;2026-10-14T20:00;ICON13KM;1.60;4.30;30.0;16.9;0.00;100.0;ICON13KM
loire_sur_rhone;ICONIFS;2026-10-14T21:00;ICON13KM;0.70;2.70;56.0;16.0;0.00;69.0;ICON13KM
loire_sur_rhone;ICONIFS;2026-10-14T22:00;ICON13KM;0.60;1.70;108.0;15.5;0.00;38.0;ICON13KM
loire_sur_rhone;ICONIFS;2026-10-14T23:00;ICON13KM;1.00;1.40;143.0;14.9;0.00;7.0;ICON13KM
loire_sur_rhone;ICONIFS;2026-10-15T00:00;ICON13KM;1.30;1.40;153.0;13.9;0.00;15.0;ICON13KM
loire_sur_rhone;ICONIFS;2026-10-15T01:00;ICON13KM;1.40;1.90;146.0;12.9;0.00;24.0;ICON13KM
loire_sur_rhone;ICONIFS;2026-10-15T02:00;ICON13KM;1.70;2.50;144.0;12.1;0.00;32.0;ICON13KM
loire_sur_rhone;ICONIFS;2026-10-15T03:00;ICON13KM;1.80;3.10;148.0;11.7;0.00;44.0;ICON13KM
loire_sur_rhone;ICONIFS;2026-10-15T04:00;ICON13KM;1.90;3.70;143.0;11.6;0.00;57.0;ICON13KM
loire_sur_rhone;ICONIFS;2026-10-15T05:00;ICON13KM;2.10;4.10;146.0;11.5;0.00;69.0;ICON13KM
loire_sur_rhone;ICONIFS;2026-10-15T06:00;ICON13KM;2.10;4.30;146.0;11.2;0.00;72.0;ICON13KM
loire_sur_rhone;ICONIFS;2026-10-15T07:00;ICON13KM;2.30;4.30;149.0;10.9;0.00;76.0;ICON13KM
loire_sur_rhone;ICONIFS;2026-10-15T08:00;ICON13KM;2.20;4.30;153.0;11.1;0.00;79.0;ICON13KM
loire_sur_rhone;ICONIFS;2026-10-15T09:00;ICON13KM;1.80;4.10;162.0;12.3;0.00;73.0;ICON13KM
loire_sur_rhone;ICONIFS;2026-10-15T10:00;ICON13KM;1.60;3.90;180.0;13.9;0.00;66.0;ICON13KM
loire_sur_rhone;ICONIFS;2026-10-15T11:00;ICON13KM;1.80;4.30;193.0;15.7;0.00;60.0;ICON13KM
loire_sur_rhone;ICONIFS;2026-10-15T12:00;ICON13KM;2.70;5.80;188.0;17.7;0.00;45.0;ICON13KM
loire_sur_rhone;ICONIFS;2026-10-15T13:00;ICON13KM;4.10;8.00;183.0;19.8;0.00;30.0;ICON13KM
loire_sur_rhone;ICONIFS;2026-10-15T14:00;ICON13KM;5.10;9.70;180.0;21.3;0.00;15.0;ICON13KM
loire_sur_rhone;ICONIFS;2026-10-15T15:00;ICON13KM;5.40;10.50;178.0;22.3;0.00;10.0;ICON13KM
loire_sur_rhone;ICONIFS;2026-10-15T16:00;ICON13KM;5.70;10.70;176.0;22.7;0.00;5.0;ICON13KM
loire_sur_rhone;ICONIFS;2026-10-15T17:00;ICON13KM;5.30;10.30;172.0;22.3;0.00;0.0;ICON13KM
loire_sur_rhone;ICONIFS;2026-10-15T18:00;ICON13KM;4.50;8.90;162.0;20.8;0.00;4.0;ICON13KM
loire_sur_rhone;ICONIFS;2026-10-15T19:00;ICON13KM;3.80;7.20;145.0;18.5;0.00;7.0;ICON13KM
loire_sur_rhone;ICONIFS;2026-10-15T20:00;ICON13KM;3.30;5.80;130.0;16.5;0.00;11.0;ICON13KM
loire_sur_rhone;ICONIFS;2026-10-15T21:00;ICON13KM;3.20;5.60;128.0;15.3;0.00;15.0;ICON13KM
loire_sur_rhone;ICONIFS;2026-10-15T22:00;ICON13KM;3.30;6.00;135.0;14.4;0.00;18.0;ICON13KM
loire_sur_rhone;ICONIFS;2026-10-15T23:00;ICON13KM;3.30;6.20;140.0;13.6;0.00;22.0;ICON13KM
loire_sur_rhone;ICONIFS;2026-10-16T00:00;ICON13KM;3.30;6.20;140.0;12.9;0.00;35.0;ICON13KM
loire_sur_rhone;ICONIFS;2026-10-16T01:00;ICON13KM;3.20;6.00;137.0;12.3;0.00;48.0;ICON13KM
loire_sur_rhone;ICONIFS;2026-10-16T02:00;ICON13KM;3.20;5.80;137.0;11.7;0.00;61.0;ICON13KM
loire_sur_rhone;ICONIFS;2026-10-16T03:00;ICON13KM;3.20;5.60;137.0;11.1;0.00;58.0;ICON13KM
loire_sur_rhone;ICONIFS;2026-10-16T04:00;ICON13KM;3.00;5.40;135.0;10.5;0.00;54.0;ICON13KM
loire_sur_rhone;ICONIFS;2026-10-16T05:00;ICON13KM;2.90;5.20;138.0;10.1;0.00;51.0;ICON13KM
loire_sur_rhone;ICONIFS;2026-10-16T06:00;ICON13KM;2.80;5.10;141.0;9.9;0.00;58.0;ICON13KM
loire_sur_rhone;ICONIFS;2026-10-16T07:00;ICON13KM;2.60;4.70;138.0;9.8;0.00;64.0;ICON13KM
loire_sur_rhone;ICONIFS;2026-10-16T08:00;ICON13KM;2.20;4.30;142.0;10.3;0.00;71.0;ICON13KM
loire_sur_rhone;ICONIFS;2026-10-16T09:00;ICON13KM;1.60;3.50;150.0;11.4;0.00;65.0;ICON13KM
loire_sur_rhone;ICONIFS;2026-10-16T10:00;ICON13KM;0.60;2.30;162.0;13.1;0.00;59.0;ICON13KM
loire_sur_rhone;ICONIFS;2026-10-16T11:00;ICON13KM;0.40;1.90;270.0;14.8;0.00;53.0;ICON13KM
loire_sur_rhone;ICONIFS;2026-10-16T12:00;ICON13KM;0.80;2.50;315.0;16.6;0.00;45.0;ICON13KM
loire_sur_rhone;ICONIFS;2026-10-16T13:00;ICON13KM;1.50;3.70;337.0;18.5;0.00;36.0;ICON13KM
loire_sur_rhone;ICONIFS;2026-10-16T14:00;ICON13KM;2.00;4.90;349.0;19.9;0.00;28.0;ICON13KM
loire_sur_rhone;ICONIFS;2026-10-16T15:00;ICON13KM;2.90;6.00;360.0;20.6;0.00;26.0;ICON13KM
loire_sur_rhone;ICONIFS;2026-10-16T16:00;ICON13KM;3.70;7.40;9.0;20.8;0.00;25.0;ICON13KM
loire_sur_rhone;ICONIFS;2026-10-16T17:00;ICON13KM;4.20;7.80;13.0;20.5;0.00;23.0;ICON13KM
loire_sur_rhone;ICONIFS;2026-10-16T18:00;ICON13KM;3.70;6.60;18.0;19.3;0.00;15.0;ICON13KM
loire_sur_rhone;ICONIFS;2026-10-16T19:00;ICON13KM;2.60;4.90;27.0;17.6;0.00;8.0;ICON13KM
loire_sur_rhone;ICONIFS;2026-10-16T20:00;ICON13KM;1.70;3.30;36.0;16.1;0.00;0.0;ICON13KM
loire_sur_rhone;ICONIFS;2026-10-16T21:00;ICON13KM;1.30;2.70;27.0;15.3;0.00;7.0;ICON13KM
loire_sur_rhone;ICONIFS;2026-10-16T22:00;ICON13KM;1.20;2.50;9.0;14.7;0.00;13.0;ICON13KM
loire_sur_rhone;ICONIFS;2026-10-16T23:00;ICON13KM;1.40;2.50;360.0;14.2;0.00;20.0;ICON13KM
loire_sur_rhone;ICONIFS;2026-10-17T00:00;ICON13KM;1.40;2.30;360.0;13.6;0.00;45.0;ICON13KM
loire_sur_rhone;ICONIFS;2026-10-17T01:00;ICON13KM;1.40;2.30;8.0;13.1;0.00;71.0;ICON13KM
loire_sur_rhone;ICONIFS;2026-10-17T02:00;ICON13KM;1.40;2.30;8.0;12.7;0.00;96.0;ICON13KM
loire_sur_rhone;ICONIFS;2026-10-17T03:00;ICON13KM;1.40;2.50;360.0;12.4;0.00;93.0;ICON13KM
loire_sur_rhone;ICONIFS;2026-10-17T04:00;ICON13KM;1.20;2.50;351.0;12.3;0.00;90.0;ICON13KM
loire_sur_rhone;ICONIFS;2026-10-17T05:00;ICON13KM;1.20;2.70;351.0;12.3;0.00;87.0;ICON13KM
loire_sur_rhone;ICONIFS;2026-10-17T06:00;ICON13KM;1.20;2.70;351.0;12.2;0.00;90.0;ICON13KM
loire_sur_rhone;ICONIFS;2026-10-17T07:00;ICON13KM;1.20;2.50;360.0;12.1;0.00;94.0;ICON13KM
loire_sur_rhone;ICONIFS;2026-10-17T08:00;ICON13KM;1.20;2.50;9.0;12.2;0.00;97.0;ICON13KM
loire_sur_rhone;ICONIFS;2026-10-17T09:00;ICON13KM;1.20;2.70;9.0;12.7;0.00;98.0;ICON13KM
loire_sur_rhone;ICONIFS;2026-10-17T10:00;ICON13KM;1.40;2.90;360.0;13.5;0.00;99.0;ICON13KM
loire_sur_rhone;ICONIFS;2026-10-17T11:00;ICON13KM;1.70;3.70;360.0;14.3;0.00;100.0;ICON13KM
loire_sur_rhone;ICONIFS;2026-10-17T12:00;ICON13KM;2.50;5.20;4.0;15.3;0.00;97.0;ICON13KM
loire_sur_rhone;ICONIFS;2026-10-17T13:00;ICON13KM;3.70;7.20;6.0;16.4;0.00;94.0;ICON13KM
loire_sur_rhone;ICONIFS;2026-10-17T14:00;ICON13KM;4.50;8.70;7.0;17.3;0.00;91.0;ICON13KM
loire_sur_rhone;ICONIFS;2026-10-17T15:00;ICON13KM;5.00;9.70;11.0;17.9;0.00;91.0;ICON13KM
loire_sur_rhone;ICONIFS;2026-10-17T16:00;ICON13KM;5.30;10.10;17.0;18.3;0.00;90.0;ICON13KM
loire_sur_rhone;ICONIFS;2026-10-17T17:00;ICON13KM;5.20;9.70;20.0;18.2;0.00;90.0;ICON13KM
loire_sur_rhone;ICONIFS;2026-10-17T18:00;ICON13KM;4.00;8.00;23.0;17.1;0.00;93.0;ICON13KM
loire_sur_rhone;ICONIFS;2026-10-17T19:00;ICON13KM;2.30;5.40;24.0;15.5;0.00;97.0;ICON13KM
loire_sur_rhone;ICONIFS;2026-10-17T20:00;ICON13KM;1.00;3.30;37.0;14.2;0.00;100.0;ICON13KM
loire_sur_rhone;ICONIFS;2026-10-17T21:00;ICON13KM;0.40;1.90;90.0;13.6;0.00;100.0;ICON13KM
loire_sur_rhone;ICONIFS;2026-10-17T22:00;ICON13KM;0.40;1.20;153.0;13.2;0.00;100.0;ICON13KM
loire_sur_rhone;ICONIFS;2026-10-17T23:00;ICON13KM;0.60;0.80;162.0;12.9;0.00;100.0;ICON13KM
loire_sur_rhone;ICONIFS;2026-10-18T00:00;ICON13KM;0.90;1.20;153.0;12.3;0.00;99.0;ICON13KM
loire_sur_rhone;ICONIFS;2026-10-18T01:00;ICON13KM;1.20;1.90;141.0;11.6;0.00;98.0;ICON13KM
loire_sur_rhone;ICONIFS;2026-10-18T02:00;ICON13KM;1.40;2.50;135.0;11.2;0.00;97.0;ICON13KM
messery;ICONIFS;2026-10-10T00:00;ICONCH1;4.80;6.80;230.0;14.1;0.10;100.0;ICONCH1
messery;ICONIFS;2026-10-10T01:00;ICONCH1;5.80;7.60;206.0;13.9;0.00;100.0;ICONCH1
messery;ICONIFS;2026-10-10T02:00;ICONCH1;7.60;9.70;220.0;14.0;0.00;100.0;ICONCH1
messery;ICONIFS;2026-10-10T03:00;ICONCH1;8.10;10.30;228.0;13.8;0.20;100.0;ICONCH1
messery;ICONIFS;2026-10-10T04:00;ICONCH1;10.50;13.60;222.0;13.6;0.50;100.0;ICONCH1
messery;ICONIFS;2026-10-10T05:00;ICONCH1;10.30;13.60;217.0;13.3;0.60;100.0;ICONCH1
messery;ICONIFS;2026-10-10T06:00;ICONCH1;11.10;14.60;218.0;13.5;0.40;99.0;ICONCH1
messery;ICONIFS;2026-10-10T07:00;ICONCH1;11.90;15.70;218.0;13.7;0.10;100.0;ICONCH1
messery;ICONIFS;2026-10-10T08:00;ICONCH1;12.30;17.10;207.0;13.9;0.10;100.0;ICONCH1
messery;ICONIFS;2026-10-10T09:00;ICONCH1;12.80;17.10;212.0;14.0;0.30;100.0;ICONCH1
messery;ICONIFS;2026-10-10T10:00;ICONCH1;11.70;17.10;224.0;13.8;0.00;100.0;ICONCH1
messery;ICONIFS;2026-10-10T11:00;ICONCH1;11.80;15.90;218.0;14.3;0.00;96.0;ICONCH1
messery;ICONIFS;2026-10-10T12:00;ICONCH1;11.30;15.70;215.0;14.6;0.00;82.0;ICONCH1
messery;ICONIFS;2026-10-10T13:00;ICONCH1;11.20;15.90;217.0;15.0;0.00;96.0;ICONCH1
messery;ICONIFS;2026-10-10T14:00;ICONCH1;10.50;15.60;215.0;15.6;0.00;79.0;ICONCH1
messery;ICONIFS;2026-10-10T15:00;ICONCH1;9.40;14.20;217.0;16.1;0.00;100.0;ICONCH1
messery;ICONIFS;2026-10-10T16:00;ICONCH1;11.20;14.60;220.0;16.4;0.00;77.0;ICONCH1
messery;ICONIFS;2026-10-10T17:00;ICONCH1;10.70;15.40;222.0;16.6;0.00;78.0;ICONCH1
messery;ICONIFS;2026-10-10T18:00;ICONCH1;10.20;14.40;222.0;16.8;0.00;42.0;ICONCH1
messery;ICONIFS;2026-10-10T19:00;ICONCH1;8.70;13.20;219.0;16.6;0.00;41.0;ICONCH1
messery;ICONIFS;2026-10-10T20:00;ICONCH1;10.30;13.40;244.0;15.9;0.00;80.0;ICONCH1
messery;ICONIFS;2026-10-10T21:00;ICONCH1;5.40;13.60;210.0;16.0;0.00;80.0;ICONCH1
messery;ICONIFS;2026-10-10T22:00;ICONCH1;4.00;8.90;223.0;15.4;0.00;44.0;ICONCH1
messery;ICONIFS;2026-10-10T23:00;ICONCH1;6.80;8.90;204.0;14.8;0.00;62.0;ICONCH1
messery;ICONIFS;2026-10-11T00:00;ICONCH1;10.10;13.20;197.0;14.8;0.00;72.0;ICONCH1
messery;ICONIFS;2026-10-11T01:00;ICONCH1;9.00;13.40;205.0;14.5;0.00;79.0;ICONCH1
messery;ICONIFS;2026-10-11T02:00;ICONCH1;8.50;11.50;200.0;14.0;0.00;67.0;ICONCH1
messery;ICONIFS;2026-10-11T03:00;ICONCH1;7.70;10.90;210.0;13.9;0.00;68.0;ICONCH1
messery;ICONIFS;2026-10-11T04:00;ICONCH1;3.90;9.90;229.0;13.8;0.00;20.0;ICONCH1
messery;ICONIFS;2026-10-11T05:00;ICONCH1;2.20;5.10;135.0;12.7;0.00;64.0;ICONCH1
messery;ICONIFS;2026-10-11T06:00;ICONCH1;3.70;5.10;171.0;12.3;0.00;79.0;ICONCH1
messery;ICONIFS;2026-10-11T07:00;ICONCH1;3.90;5.20;186.0;12.0;0.00;96.0;ICONCH1
messery;ICONIFS;2026-10-11T08:00;ICONCH1;3.90;5.20;177.0;11.7;0.00;95.0;ICONCH1
messery;ICONIFS;2026-10-11T09:00;ICONCH1;3.80;5.40;210.0;11.7;0.00;100.0;ICONCH1
messery;ICONIFS;2026-10-11T10:00;ICONCH1;5.10;6.80;209.0;11.8;0.00;100.0;ICONCH1
messery;ICONIFS;2026-10-11T11:00;ICONCH1;5.60;7.60;214.0;12.2;0.00;100.0;ICONCH1
messery;ICONIFS;2026-10-11T12:00;ICONCH1;5.10;7.40;223.0;13.0;0.00;93.0;ICONCH1
messery;ICONIFS;2026-10-11T13:00;ICONCH1;3.60;6.60;216.0;14.0;0.00;60.0;ICONCH1
messery;ICONIFS;2026-10-11T14:00;ICONCH1;3.00;4.90;50.0;14.6;0.00;80.0;ICONCH1
messery;ICONIFS;2026-10-11T15:00;ICONCH1;3.70;5.20;47.0;15.3;0.00;89.0;ICONCH1
messery;ICONIFS;2026-10-11T16:00;ICONCH1;5.20;6.60;63.0;15.8;0.00;100.0;ICONCH1
messery;ICONIFS;2026-10-11T17:00;ICONCH1;4.50;7.20;72.0;16.1;0.00;100.0;ICONCH1
messery;ICONIFS;2026-10-11T18:00;ICONCH1;4.30;6.00;63.0;16.2;0.00;100.0;ICONCH1
messery;ICONIFS;2026-10-11T19:00;ICONCH1;9.60;12.60;318.0;15.5;0.00;100.0;ICONCH1
messery;ICONIFS;2026-10-11T20:00;ICONCH1;10.80;17.90;326.0;14.4;0.00;100.0;ICONCH1
messery;ICONIFS;2026-10-11T21:00;ICONCH1;8.30;14.00;349.0;14.0;0.00;81.0;ICONCH1
messery;ICONIFS;2026-10-11T22:00;ICONCH1;5.20;10.50;117.0;13.1;0.00;90.0;ICONCH1
messery;ICONIFS;2026-10-11T23:00;ICONCH1;10.40;13.60;66.0;14.2;0.00;85.0;ICONCH1
messery;ICONIFS;2026-10-12T00:00;ICONCH1;5.80;13.60;360.0;13.1;0.00;73.0;ICONCH1
messery;ICONIFS;2026-10-12T01:00;ICONCH1;5.50;7.60;354.0;13.0;0.00;4.0;ICONCH1
messery;ICONIFS;2026-10-12T02:00;ICONCH1;4.30;7.20;8.0;12.6;0.00;0.0;ICONCH1
messery;ICONIFS;2026-10-12T03:00;ICONCH1;4.20;5.80;338.0;12.3;0.00;0.0;ICONCH1
messery;ICONIFS;2026-10-12T04:00;ICONCH1;3.80;5.60;305.0;11.9;0.00;0.0;ICONCH1
messery;ICONIFS;2026-10-12T05:00;ICONCH1;3.20;5.10;313.0;11.7;0.00;0.0;ICONCH1
messery;ICONIFS;2026-10-12T06:00;ICONCH2;2.90;3.90;298.0;10.1;0.00;0.0;ICONCH2
messery;ICONIFS;2026-10-12T07:00;ICONCH2;2.00;3.70;281.0;10.3;0.00;0.0;ICONCH2
messery;ICONIFS;2026-10-12T08:00;ICONCH2;2.50;3.50;231.0;10.4;0.00;0.0;ICONCH2
messery;ICONIFS;2026-10-12T09:00;ICONCH2;2.70;3.90;240.0;10.6;0.00;0.0;ICONCH2
messery;ICONIFS;2026-10-12T10:00;ICONCH2;1.10;3.70;315.0;11.3;0.00;0.0;ICONCH2
messery;ICONIFS;2026-10-12T11:00;ICONCH2;10.70;13.80;52.0;13.4;0.00;2.0;ICONCH2
messery;ICONIFS;2026-10-12T12:00;ICONCH2;9.50;14.60;59.0;13.6;0.00;0.0;ICONCH2
messery;ICONIFS;2026-10-12T13:00;ICONCH2;8.70;12.20;69.0;14.1;0.00;0.0;ICONCH2
messery;ICONIFS;2026-10-12T14:00;ICONCH2;8.10;11.30;73.0;15.1;0.00;0.0;ICONCH2
messery;ICONIFS;2026-10-12T15:00;ICONCH2;6.80;10.30;72.0;15.7;0.00;0.0;ICONCH2
messery;ICONIFS;2026-10-12T16:00;ICONCH2;5.70;8.60;68.0;16.4;0.00;0.0;ICONCH2
messery;ICONIFS;2026-10-12T17:00;ICONCH2;5.60;7.40;61.0;16.8;0.00;0.0;ICONCH2
messery;ICONIFS;2026-10-12T18:00;ICONCH2;7.30;9.30;42.0;17.2;0.00;0.0;ICONCH2
messery;ICONIFS;2026-10-12T19:00;ICONCH2;9.70;13.20;20.0;16.5;0.00;0.0;ICONCH2
messery;ICONIFS;2026-10-12T20:00;ICONCH2;7.40;12.40;6.0;15.4;0.00;0.0;ICONCH2
messery;ICONIFS;2026-10-12T21:00;ICONCH2;3.70;9.50;6.0;14.6;0.00;29.0;ICONCH2
messery;ICONIFS;2026-10-12T22:00;ICONCH2;2.10;5.10;360.0;14.0;0.00;8.0;ICONCH2
messery;ICONIFS;2026-10-12T23:00;ICONCH2;2.30;3.30;5.0;14.1;0.00;16.0;ICONCH2
messery;ICONIFS;2026-10-13T00:00;ICONCH2;1.70;3.10;306.0;13.2;0.00;3.0;ICONCH2
messery;ICONIFS;2026-10-13T01:00;ICONCH2;2.40;3.10;261.0;12.7;0.00;0.0;ICONCH2
messery;ICONIFS;2026-10-13T02:00;ICONCH2;2.80;3.70;231.0;12.3;0.00;0.0;ICONCH2
messery;ICONIFS;2026-10-13T03:00;ICONCH2;2.50;3.70;247.0;11.8;0.00;0.0;ICONCH2
messery;ICONIFS;2026-10-13T04:00;ICONCH2;2.70;3.70;274.0;11.5;0.00;0.0;ICONCH2
messery;ICONIFS;2026-10-13T05:00;ICONCH2;2.50;3.70;274.0;11.3;0.00;0.0;ICONCH2
messery;ICONIFS;2026-10-13T06:00;ICONCH2;2.50;3.50;270.0;11.1;0.00;0.0;ICONCH2
messery;ICONIFS;2026-10-13T07:00;ICONCH2;2.50;3.70;266.0;11.1;0.00;0.0;ICONCH2
messery;ICONIFS;2026-10-13T08:00;ICONCH2;2.60;3.50;257.0;11.0;0.00;0.0;ICONCH2
messery;ICONIFS;2026-10-13T09:00;ICONCH2;2.50;3.50;247.0;11.1;0.00;0.0;ICONCH2
messery;ICONIFS;2026-10-13T10:00;ICONCH2;2.30;3.50;211.0;11.8;0.00;0.0;ICONCH2
messery;ICONIFS;2026-10-13T11:00;ICONCH2;1.20;3.10;198.0;12.4;0.00;0.0;ICONCH2
messery;ICONIFS;2026-10-13T12:00;ICONCH2;0.40;1.70;90.0;13.1;0.00;0.0;ICONCH2
messery;ICONIFS;2026-10-13T13:00;ICONCH2;1.20;1.70;39.0;13.8;0.00;0.0;ICONCH2
messery;ICONIFS;2026-10-13T14:00;ICONCH2;1.80;2.50;41.0;15.0;0.00;1.0;ICONCH2
messery;ICONIFS;2026-10-13T15:00;ICONCH2;2.50;3.30;45.0;16.0;0.00;50.0;ICONCH2
messery;ICONIFS;2026-10-13T16:00;ICONCH2;2.10;3.30;49.0;16.9;0.00;56.0;ICONCH2
messery;ICONIFS;2026-10-13T17:00;ICONCH2;1.90;2.90;45.0;17.5;0.00;11.0;ICONCH2
messery;ICONIFS;2026-10-13T18:00;ICONCH2;1.60;2.70;45.0;17.9;0.00;31.0;ICONCH2
messery;ICONIFS;2026-10-13T19:00;ICONCH2;1.80;2.50;72.0;18.1;0.00;51.0;ICONCH2
messery;ICONIFS;2026-10-13T20:00;ICONCH2;1.60;2.90;90.0;17.4;0.00;96.0;ICONCH2
messery;ICONIFS;2026-10-13T21:00;ICONCH2;1.20;2.30;351.0;16.3;0.00;100.0;ICONCH2
messery;ICONIFS;2026-10-13T22:00;ICONCH2;1.40;1.90;315.0;15.8;0.00;100.0;ICONCH2
messery;ICONIFS;2026-10-13T23:00;ICONCH2;1.50;2.10;293.0;15.5;0.00;100.0;ICONCH2
messery;ICONIFS;2026-10-14T00:00;ICONCH2;1.30;2.10;243.0;15.7;0.00;100.0;ICONCH2
messery;ICONIFS;2026-10-14T01:00;ICONCH2;1.70;2.30;291.0;15.3;0.00;100.0;ICONCH2
messery;ICONIFS;2026-10-14T02:00;ICONCH2;1.50;2.10;293.0;15.3;0.00;100.0;ICONCH2
messery;ICONIFS;2026-10-14T03:00;ICONCH2;1.20;2.30;252.0;15.3;0.00;98.0;ICONCH2
messery;ICONIFS;2026-10-14T04:00;ICONCH2;1.00;1.90;259.0;14.9;0.00;100.0;ICONCH2
messery;ICONIFS;2026-10-14T05:00;ICONCH2;1.50;2.10;293.0;14.7;0.00;100.0;ICONCH2
messery;ICONIFS;2026-10-14T06:00;ICONCH2;1.90;2.90;307.0;14.7;0.00;85.0;ICONCH2
messery;ICONIFS;2026-10-14T07:00;ICONCH2;1.50;2.90;247.0;14.7;0.00;48.0;ICONCH2
messery;ICONIFS;2026-10-14T08:00;ICONCH2;1.20;2.10;198.0;14.3;0.00;20.0;ICONCH2
messery;ICONIFS;2026-10-14T09:00;ICONCH2;0.50;1.70;225.0;14.4;0.00;0.0;ICONCH2
messery;ICONIFS;2026-10-14T10:00;ICONCH2;0.60;1.40;198.0;14.6;0.00;0.0;ICONCH2
messery;ICONIFS;2026-10-14T11:00;ICONCH2;2.10;2.90;34.0;16.6;0.00;0.0;ICONCH2
messery;ICONIFS;2026-10-14T12:00;ICONCH2;6.80;8.70;66.0;18.3;0.00;0.0;ICONCH2
messery;ICONIFS;2026-10-14T13:00;ICONCH2;7.30;10.50;81.0;18.3;0.00;0.0;ICONCH2
messery;ICONIFS;2026-10-14T14:00;ICONCH2;8.00;10.30;72.0;19.3;0.00;0.0;ICONCH2
messery;ICONIFS;2026-10-14T15:00;ICON13KM;5.70;9.30;55.0;21.7;0.00;0.0;ICON13KM
messery;ICONIFS;2026-10-14T16:00;ICON13KM;5.50;9.30;48.0;22.0;0.00;0.0;ICON13KM
messery;ICONIFS;2026-10-14T17:00;ICON13KM;5.00;8.90;39.0;21.9;0.00;0.0;ICON13KM
messery;ICONIFS;2026-10-14T18:00;ICON13KM;4.30;8.20;27.0;21.1;0.00;23.0;ICON13KM
messery;ICONIFS;2026-10-14T19:00;ICON13KM;3.90;7.00;9.0;19.9;0.00;45.0;ICON13KM
messery;ICONIFS;2026-10-14T20:00;ICON13KM;3.90;6.00;354.0;18.8;0.00;68.0;ICON13KM
messery;ICONIFS;2026-10-14T21:00;ICON13KM;3.90;5.60;351.0;17.9;0.00;48.0;ICON13KM
messery;ICONIFS;2026-10-14T22:00;ICON13KM;3.70;5.40;351.0;17.0;0.00;27.0;ICON13KM
messery;ICONIFS;2026-10-14T23:00;ICON13KM;3.70;5.40;354.0;16.3;0.00;7.0;ICON13KM
messery;ICONIFS;2026-10-15T00:00;ICON13KM;3.70;5.40;351.0;15.9;0.00;18.0;ICON13KM
messery;ICONIFS;2026-10-15T01:00;ICON13KM;3.50;5.40;351.0;15.5;0.00;29.0;ICON13KM
messery;ICONIFS;2026-10-15T02:00;ICON13KM;3.60;5.40;347.0;15.3;0.00;40.0;ICON13KM
messery;ICONIFS;2026-10-15T03:00;ICON13KM;3.60;5.40;344.0;15.1;0.00;45.0;ICON13KM
messery;ICONIFS;2026-10-15T04:00;ICON13KM;3.70;5.40;342.0;14.9;0.00;50.0;ICON13KM
messery;ICONIFS;2026-10-15T05:00;ICON13KM;3.70;5.40;342.0;14.8;0.00;55.0;ICON13KM
messery;ICONIFS;2026-10-15T06:00;ICON13KM;3.40;5.10;344.0;14.5;0.00;61.0;ICON13KM
messery;ICONIFS;2026-10-15T07:00;ICON13KM;3.20;4.50;346.0;14.3;0.00;66.0;ICON13KM
messery;ICONIFS;2026-10-15T08:00;ICON13KM;2.80;4.30;348.0;14.4;0.00;72.0;ICON13KM
messery;ICONIFS;2026-10-15T09:00;ICON13KM;2.50;4.70;342.0;15.0;0.00;81.0;ICON13KM
messery;ICONIFS;2026-10-15T10:00;ICON13KM;2.20;5.40;333.0;16.0;0.00;90.0;ICON13KM
messery;ICONIFS;2026-10-15T11:00;ICON13KM;1.70;5.80;324.0;17.0;0.00;99.0;ICON13KM
messery;ICONIFS;2026-10-15T12:00;ICON13KM;0.90;5.10;297.0;17.9;0.00;89.0;ICON13KM
messery;ICONIFS;2026-10-15T13:00;ICON13KM;0.60;3.90;198.0;18.8;0.00;80.0;ICON13KM
messery;ICONIFS;2026-10-15T14:00;ICON13KM;1.40;3.10;172.0;19.6;0.00;70.0;ICON13KM
messery;ICONIFS;2026-10-15T15:00;ICON13KM;1.60;2.90;150.0;20.4;0.00;47.0;ICON13KM
messery;ICONIFS;2026-10-15T16:00;ICON13KM;1.80;2.90;131.0;21.0;0.00;23.0;ICON13KM
messery;ICONIFS;2026-10-15T17:00;ICON13KM;1.70;3.10;111.0;21.3;0.00;0.0;ICON13KM
messery;ICONIFS;2026-10-15T18:00;ICON13KM;0.60;3.30;90.0;21.0;0.00;0.0;ICON13KM
messery;ICONIFS;2026-10-15T19:00;ICON13KM;1.20;3.50;309.0;20.3;0.00;0.0;ICON13KM
messery;ICONIFS;2026-10-15T20:00;ICON13KM;2.50;3.70;309.0;19.5;0.00;0.0;ICON13KM
messery;ICONIFS;2026-10-15T21:00;ICON13KM;2.60;3.90;324.0;18.4;0.00;13.0;ICON13KM
messery;ICONIFS;2026-10-15T22:00;ICON13KM;2.60;4.10;347.0;17.0;0.00;27.0;ICON13KM
messery;ICONIFS;2026-10-15T23:00;ICON13KM;2.90;4.30;4.0;16.0;0.00;40.0;ICON13KM
messery;ICONIFS;2026-10-16T00:00;ICON13KM;3.10;4.50;4.0;15.3;0.00;50.0;ICON13KM
messery;ICONIFS;2026-10-16T01:00;ICON13KM;3.30;4.90;357.0;15.0;0.00;59.0;ICON13KM
messery;ICONIFS;2026-10-16T02:00;ICON13KM;3.30;5.10;353.0;14.6;0.00;69.0;ICON13KM
messery;ICONIFS;2026-10-16T03:00;ICON13KM;3.40;5.10;350.0;14.3;0.00;69.0;ICON13KM
messery;ICONIFS;2026-10-16T04:00;ICON13KM;3.20;4.90;346.0;14.0;0.00;68.0;ICON13KM
messery;ICONIFS;2026-10-16T05:00;ICON13KM;3.20;4.90;346.0;13.7;0.00;68.0;ICON13KM
messery;ICONIFS;2026-10-16T06:00;ICON13KM;3.30;4.90;343.0;13.5;0.00;74.0;ICON13KM
messery;ICONIFS;2026-10-16T07:00;ICON13KM;3.40;4.90;344.0;13.3;0.00;81.0;ICON13KM
messery;ICONIFS;2026-10-16T08:00;ICON13KM;3.40;5.10;347.0;13.5;0.00;87.0;ICON13KM
messery;ICONIFS;2026-10-16T09:00;ICON13KM;3.30;5.80;360.0;14.5;0.00;73.0;ICON13KM
messery;ICONIFS;2026-10-16T10:00;ICON13KM;3.30;6.60;17.0;15.8;0.00;60.0;ICON13KM
messery;ICONIFS;2026-10-16T11:00;ICON13KM;3.20;7.00;33.0;17.1;0.00;46.0;ICON13KM
messery;ICONIFS;2026-10-16T12:00;ICON13KM;2.30;6.20;48.0;18.3;0.00;57.0;ICON13KM
messery;ICONIFS;2026-10-16T13:00;ICON13KM;1.60;5.10;90.0;19.3;0.00;67.0;ICON13KM
messery;ICONIFS;2026-10-16T14:00;ICON13KM;1.70;4.10;126.0;20.2;0.00;78.0;ICON13KM
messery;ICONIFS;2026-10-16T15:00;ICON13KM;1.80;3.70;122.0;20.9;0.00;75.0;ICON13KM
messery;ICONIFS;2026-10-16T16:00;ICON13KM;2.00;3.30;107.0;21.5;0.00;71.0;ICON13KM
messery;ICONIFS;2026-10-16T17:00;ICON13KM;2.00;3.50;84.0;21.5;0.00;68.0;ICON13KM
messery;ICONIFS;2026-10-16T18:00;ICON13KM;1.90;4.30;37.0;20.7;0.00;70.0;ICON13KM
messery;ICONIFS;2026-10-16T19:00;ICON13KM;3.10;5.20;4.0;19.4;0.00;73.0;ICON13KM
messery;ICONIFS;2026-10-16T20:00;ICON13KM;4.10;6.00;355.0;18.3;0.00;75.0;ICON13KM
messery;ICONIFS;2026-10-16T21:00;ICON13KM;3.90;6.00;360.0;17.8;0.00;82.0;ICON13KM
messery;ICONIFS;2026-10-16T22:00;ICON13KM;3.40;5.60;16.0;17.4;0.00;89.0;ICON13KM
messery;ICONIFS;2026-10-16T23:00;ICON13KM;3.30;5.40;28.0;17.2;0.00;96.0;ICON13KM
messery;ICONIFS;2026-10-17T00:00;ICON13KM;3.50;5.60;27.0;16.9;0.00;94.0;ICON13KM
messery;ICONIFS;2026-10-17T01:00;ICON13KM;3.90;6.00;20.0;16.7;0.00;93.0;ICON13KM
messery;ICONIFS;2026-10-17T02:00;ICON13KM;4.40;6.60;15.0;16.5;0.00;91.0;ICON13KM
messery;ICONIFS;2026-10-17T03:00;ICON13KM;5.00;7.40;11.0;16.2;0.00;91.0;ICON13KM
messery;ICONIFS;2026-10-17T04:00;ICON13KM;5.50;8.20;10.0;15.9;0.00;91.0;ICON13KM
messery;ICONIFS;2026-10-17T05:00;ICON13KM;5.90;8.90;9.0;15.6;0.00;91.0;ICON13KM
messery;ICONIFS;2026-10-17T06:00;ICON13KM;5.90;9.10;11.0;15.4;0.00;84.0;ICON13KM
messery;ICONIFS;2026-10-17T07:00;ICON13KM;6.00;8.90;15.0;15.2;0.00;78.0;ICON13KM
messery;ICONIFS;2026-10-17T08:00;ICON13KM;6.40;9.50;20.0;15.2;0.00;71.0;ICON13KM
messery;ICONIFS;2026-10-17T09:00;ICON13KM;7.60;11.50;26.0;15.4;0.00;69.0;ICON13KM
messery;ICONIFS;2026-10-17T10:00;ICON13KM;9.20;14.00;32.0;15.7;0.00;68.0;ICON13KM
messery;ICONIFS;2026-10-17T11:00;ICON13KM;10.00;15.60;36.0;16.2;0.00;66.0;ICON13KM
messery;ICONIFS;2026-10-17T12:00;ICON13KM;9.80;15.60;38.0;16.8;0.00;66.0;ICON13KM
messery;ICONIFS;2026-10-17T13:00;ICON13KM;8.80;14.60;40.0;17.6;0.00;65.0;ICON13KM
messery;ICONIFS;2026-10-17T14:00;ICON13KM;8.30;14.00;41.0;18.2;0.00;65.0;ICON13KM
messery;ICONIFS;2026-10-17T15:00;ICON13KM;8.40;14.00;40.0;18.6;0.00;53.0;ICON13KM
messery;ICONIFS;2026-10-17T16:00;ICON13KM;9.00;14.40;39.0;18.7;0.00;40.0;ICON13KM
messery;ICONIFS;2026-10-17T17:00;ICON13KM;9.40;14.80;37.0;18.5;0.00;28.0;ICON13KM
messery;ICONIFS;2026-10-17T18:00;ICON13KM;10.00;15.40;33.0;17.7;0.00;26.0;ICON13KM
messery;ICONIFS;2026-10-17T19:00;ICON13KM;10.60;16.10;28.0;16.5;0.00;25.0;ICON13KM
messery;ICONIFS;2026-10-17T20:00;ICON13KM;10.80;16.30;26.0;15.6;0.00;23.0;ICON13KM
messery;ICONIFS;2026-10-17T21:00;ICON13KM;10.20;15.90;24.0;15.0;0.00;47.0;ICON13KM
messery;ICONIFS;2026-10-17T22:00;ICON13KM;9.20;15.00;21.0;14.6;0.00;71.0;ICON13KM
messery;ICONIFS;2026-10-17T23:00;ICON13KM;8.20;14.00;19.0;14.3;0.00;95.0;ICON13KM
messery;ICONIFS;2026-10-18T00:00;ICON13KM;7.60;12.80;19.0;14.1;0.00;91.0;ICON13KM
messery;ICONIFS;2026-10-18T01:00;ICON13KM;7.30;11.70;20.0;13.9;0.00;88.0;ICON13KM
messery;ICONIFS;2026-10-18T02:00;ICON13KM;6.90;10.90;22.0;13.9;0.00;84.0;ICON13KM
messery;ICONIFS;2026-10-18T03:00;IFS;15.70;23.50;27.0;11.6;0.00;99.0;IFS
messery;ICONIFS;2026-10-18T04:00;IFS;15.60;23.50;27.0;11.4;0.00;100.0;IFS
messery;ICONIFS;2026-10-18T05:00;IFS;15.50;23.50;27.0;11.3;0.00;100.0;IFS
messery;ICONIFS;2026-10-18T06:00;IFS;15.20;23.50;27.0;11.3;0.00;100.0;IFS
messery;ICONIFS;2026-10-18T07:00;IFS;14.80;23.30;27.0;11.4;0.00;100.0;IFS
messery;ICONIFS;2026-10-18T08:00;IFS;14.40;23.10;28.0;11.5;0.00;99.0;IFS
messery;ICONIFS;2026-10-18T09:00;IFS;13.90;22.90;29.0;11.7;0.00;94.0;IFS
messery;ICONIFS;2026-10-18T10:00;IFS;13.40;22.50;31.0;12.1;0.00;88.0;IFS
messery;ICONIFS;2026-10-18T11:00;IFS;12.70;22.20;33.0;12.5;0.00;80.0;IFS
messery;ICONIFS;2026-10-18T12:00;IFS;12.10;21.80;35.0;12.9;0.00;72.0;IFS
messery;ICONIFS;2026-10-18T13:00;IFS;11.70;21.40;37.0;13.3;0.00;66.0;IFS
messery;ICONIFS;2026-10-18T14:00;IFS;11.50;21.00;37.0;13.6;0.00;62.0;IFS
messery;ICONIFS;2026-10-18T15:00;IFS;11.50;20.60;36.0;13.8;0.00;61.0;IFS
messery;ICONIFS;2026-10-18T16:00;IFS;11.90;20.20;34.0;13.9;0.00;62.0;IFS
messery;ICONIFS;2026-10-18T17:00;IFS;12.40;19.80;31.0;14.0;0.00;65.0;IFS
messery;ICONIFS;2026-10-18T18:00;IFS;13.00;19.60;28.0;14.0;0.00;68.0;IFS
messery;ICONIFS;2026-10-18T19:00;IFS;13.60;19.40;25.0;13.9;0.00;70.0;IFS
messery;ICONIFS;2026-10-18T20:00;IFS;13.90;19.40;24.0;13.8;0.00;72.0;IFS
messery;ICONIFS;2026-10-18T21:00;IFS;14.20;19.80;23.0;13.6;0.00;73.0;IFS
messery;ICONIFS;2026-10-18T22:00;IFS;14.30;20.40;22.0;13.3;0.00;74.0;IFS
messery;ICONIFS;2026-10-18T23:00;IFS;14.60;21.20;21.0;13.0;0.00;75.0;IFS
messery;ICONIFS;2026-10-19T00:00;IFS;14.60;21.80;21.0;12.6;0.00;75.0;IFS
messery;ICONIFS;2026-10-19T01:00;IFS;14.60;22.40;21.0;12.1;0.00;75.0;IFS
messery;ICONIFS;2026-10-19T02:00;IFS;14.50;22.70;21.0;11.8;0.00;74.0;IFS
messery;ICONIFS;2026-10-19T03:00;IFS;14.40;22.70;21.0;11.4;0.00;73.0;IFS
messery;ICONIFS;2026-10-19T04:00;IFS;14.10;22.40;22.0;10.9;0.00;71.0;IFS
messery;ICONIFS;2026-10-19T05:00;IFS;13.70;22.00;24.0;10.4;0.00;69.0;IFS
messery;ICONIFS;2026-10-19T06:00;IFS;13.30;21.40;25.0;10.0;0.00;66.0;IFS
messery;ICONIFS;2026-10-19T07:00;IFS;12.90;21.00;27.0;9.7;0.00;63.0;IFS
messery;ICONIFS;2026-10-19T08:00;IFS;12.60;20.60;29.0;9.6;0.00;59.0;IFS
messery;ICONIFS;2026-10-19T09:00;IFS;12.10;20.40;32.0;9.9;0.00;54.0;IFS
messery;ICONIFS;2026-10-19T10:00;IFS;11.60;20.20;35.0;10.3;0.00;47.0;IFS
messery;ICONIFS;2026-10-19T11:00;IFS;11.20;20.00;39.0;11.0;0.00;39.0;IFS
messery;ICONIFS;2026-10-19T12:00;IFS;10.80;19.80;43.0;11.6;0.00;32.0;IFS
messery;ICONIFS;2026-10-19T13:00;IFS;10.70;19.80;45.0;12.2;0.00;25.0;IFS
messery;ICONIFS;2026-10-19T14:00;IFS;10.70;19.80;46.0;12.6;0.00;19.0;IFS
messery;ICONIFS;2026-10-19T15:00;IFS;10.90;19.80;44.0;12.8;0.00;14.0;IFS
messery;ICONIFS;2026-10-19T16:00;IFS;11.40;19.80;39.0;12.8;0.00;8.0;IFS
messery;ICONIFS;2026-10-19T17:00;IFS;12.10;20.00;34.0;12.8;0.00;3.0;IFS
messery;ICONIFS;2026-10-19T18:00;IFS;13.00;20.20;29.0;12.7;0.00;0.0;IFS
messery;ICONIFS;2026-10-19T19:00;IFS;13.80;20.40;25.0;12.6;0.00;0.0;IFS
messery;ICONIFS;2026-10-19T20:00;IFS;14.50;20.60;22.0;12.4;0.00;2.0;IFS
messery;ICONIFS;2026-10-19T21:00;IFS;14.90;21.00;21.0;12.2;0.00;10.0;IFS
messery;ICONIFS;2026-10-19T22:00;IFS;15.30;21.60;21.0;11.8;0.00;24.0;IFS
messery;ICONIFS;2026-10-19T23:00;IFS;15.50;22.00;21.0;11.5;0.00;41.0;IFS
messery;ICONIFS;2026-10-20T00:00;IFS;15.60;22.50;21.0;11.0;0.00;57.0;IFS
messery;ICONIFS;2026-10-20T01:00;IFS;15.60;22.90;21.0;10.7;0.00;70.0;IFS
messery;ICONIFS;2026-10-20T02:00;IFS;15.60;23.30;21.0;10.3;0.00;76.0;IFS
messery;ICONIFS;2026-10-20T03:00;IFS;15.50;23.30;21.0;10.0;0.00;75.0;IFS
messery;ICONIFS;2026-10-20T04:00;IFS;15.40;23.30;22.0;9.6;0.00;68.0;IFS
messery;ICONIFS;2026-10-20T05:00;IFS;15.10;23.10;22.0;9.3;0.00;57.0;IFS
messery;ICONIFS;2026-10-20T06:00;IFS;14.90;22.90;23.0;9.0;0.00;45.0;IFS
messery;ICONIFS;2026-10-20T07:00;IFS;14.80;22.90;24.0;8.9;0.00;35.0;IFS
messery;ICONIFS;2026-10-20T08:00;IFS;14.70;22.90;25.0;8.9;0.00;27.0;IFS
messery;ICONIFS;2026-10-20T09:00;IFS;15.00;23.30;26.0;9.3;0.00;22.0;IFS
messery;ICONIFS;2026-10-20T10:00;IFS;15.50;23.70;27.0;9.8;0.00;18.0;IFS
messery;ICONIFS;2026-10-20T11:00;IFS;16.20;24.30;29.0;10.6;0.00;15.0;IFS
messery;ICONIFS;2026-10-20T12:00;IFS;16.80;24.90;30.0;11.3;0.00;13.0;IFS
messery;ICONIFS;2026-10-20T13:00;IFS;17.30;25.30;30.0;11.9;0.00;12.0;IFS
messery;ICONIFS;2026-10-20T14:00;IFS;17.50;25.50;30.0;12.3;0.00;12.0;IFS
messery;ICONIFS;2026-10-20T15:00;IFS;17.40;25.50;29.0;12.4;0.00;14.0;IFS
messery;ICONIFS;2026-10-20T16:00;IFS;17.20;25.30;27.0;12.4;0.00;18.0;IFS
messery;ICONIFS;2026-10-20T17:00;IFS;16.80;24.90;24.0;12.3;0.00;23.0;IFS
messery;ICONIFS;2026-10-20T18:00;IFS;16.30;24.50;21.0;12.1;0.00;28.0;IFS
messery;ICONIFS;2026-10-20T19:00;IFS;16.00;24.10;18.0;11.8;0.00;33.0;IFS
messery;ICONIFS;2026-10-20T20:00;IFS;15.70;23.90;17.0;11.6;0.00;38.0;IFS
messery;ICONIFS;2026-10-20T21:00;IFS;15.40;23.70;16.0;11.3;0.00;43.0;IFS
messery;ICONIFS;2026-10-20T22:00;IFS;15.10;23.50;16.0;10.9;0.00;48.0;IFS
messery;ICONIFS;2026-10-20T23:00;IFS;14.80;23.50;16.0;10.4;0.00;54.0;IFS
messery;ICONIFS;2026-10-21T00:00;IFS;14.60;23.30;16.0;10.0;0.00;59.0;IFS
messery;ICONIFS;2026-10-21T01:00;IFS;14.20;23.10;17.0;9.6;0.00;61.0;IFS
messery;ICONIFS;2026-10-21T02:00;IFS;13.70;22.70;17.0;9.2;0.00;61.0;IFS
messery;ICONIFS;2026-10-21T03:00;IFS;13.30;22.40;18.0;8.9;0.00;57.0;IFS
messery;ICONIFS;2026-10-21T04:00;IFS;12.80;21.80;18.0;8.5;0.00;49.0;IFS
messery;ICONIFS;2026-10-21T05:00;IFS;12.20;21.20;19.0;8.2;0.00;40.0;IFS
messery;ICONIFS;2026-10-21T06:00;IFS;11.70;20.60;20.0;7.9;0.00;30.0;IFS
messery;ICONIFS;2026-10-21T07:00;IFS;11.00;20.20;21.0;7.8;0.00;21.0;IFS
messery;ICONIFS;2026-10-21T08:00;IFS;10.40;19.60;24.0;7.8;0.00;14.0;IFS
messery;ICONIFS;2026-10-21T09:00;IFS;9.70;19.20;28.0;8.2;0.00;10.0;IFS
messery;ICONIFS;2026-10-21T10:00;IFS;8.90;18.70;35.0;8.8;0.00;8.0;IFS
messery;ICONIFS;2026-10-21T11:00;IFS;8.30;18.30;43.0;9.5;0.00;6.0;IFS
messery;ICONIFS;2026-10-21T12:00;IFS;7.90;17.90;52.0;10.3;0.00;5.0;IFS
messery;ICONIFS;2026-10-21T13:00;IFS;7.70;17.50;58.0;11.0;0.00;5.0;IFS
messery;ICONIFS;2026-10-21T14:00;IFS;7.60;17.10;60.0;11.5;0.00;4.0;IFS
messery;ICONIFS;2026-10-21T15:00;IFS;7.50;16.70;55.0;11.8;0.00;3.0;IFS
messery;ICONIFS;2026-10-21T16:00;IFS;7.60;16.30;47.0;12.0;0.00;3.0;IFS
messery;ICONIFS;2026-10-21T17:00;IFS;8.10;15.90;34.0;12.1;0.00;2.0;IFS
messery;ICONIFS;2026-10-21T18:00;IFS;9.00;15.60;24.0;12.2;0.00;2.0;IFS
messery;ICONIFS;2026-10-21T19:00;IFS;9.80;15.20;17.0;12.2;0.00;2.0;IFS
messery;ICONIFS;2026-10-21T20:00;IFS;10.40;15.00;14.0;12.2;0.00;2.0;IFS
messery;ICONIFS;2026-10-21T21:00;IFS;10.60;15.00;14.0;12.0;0.00;2.0;IFS
messery;ICONIFS;2026-10-21T22:00;IFS;10.60;15.00;15.0;11.8;0.00;2.0;IFS
messery;ICONIFS;2026-10-21T23:00;IFS;10.30;15.20;18.0;11.5;0.00;2.0;IFS
messery;ICONIFS;2026-10-22T00:00;IFS;10.10;15.40;21.0;11.2;0.00;1.0;IFS
messery;ICONIFS;2026-10-22T01:00;IFS;9.80;15.60;24.0;10.9;0.00;2.0;IFS
messery;ICONIFS;2026-10-22T02:00;IFS;9.60;15.60;26.0;10.6;0.00;2.0;IFS
messery;ICONIFS;2026-10-22T03:00;IFS;9.50;15.40;27.0;10.4;0.00;2.0;IFS
messery;ICONIFS;2026-10-22T04:00;IFS;9.50;15.20;28.0;10.1;0.00;3.0;IFS
messery;ICONIFS;2026-10-22T05:00;IFS;9.30;14.80;29.0;9.9;0.00;4.0;IFS
messery;ICONIFS;2026-10-22T06:00;IFS;9.20;14.40;29.0;9.7;0.00;5.0;IFS
messery;ICONIFS;2026-10-22T07:00;IFS;9.10;14.20;30.0;9.7;0.00;6.0;IFS
messery;ICONIFS;2026-10-22T08:00;IFS;9.00;14.20;32.0;9.8;0.00;8.0;IFS
messery;ICONIFS;2026-10-22T09:00;IFS;8.80;14.40;36.0;10.1;0.00;11.0;IFS
messery;ICONIFS;2026-10-22T10:00;IFS;8.80;14.80;41.0;10.6;0.00;15.0;IFS
messery;ICONIFS;2026-10-22T11:00;IFS;8.90;15.20;47.0;11.3;0.00;20.0;IFS
messery;ICONIFS;2026-10-22T12:00;IFS;9.00;15.70;52.0;11.9;0.00;25.0;IFS
messery;ICONIFS;2026-10-22T13:00;IFS;9.20;16.10;56.0;12.5;0.00;28.0;IFS
messery;ICONIFS;2026-10-22T14:00;IFS;9.20;16.30;56.0;12.9;0.00;30.0;IFS
messery;ICONIFS;2026-10-22T15:00;IFS;9.30;16.30;53.0;13.1;0.00;30.0;IFS
messery;ICONIFS;2026-10-22T16:00;IFS;9.40;16.30;47.0;13.2;0.00;27.0;IFS
messery;ICONIFS;2026-10-22T17:00;IFS;9.60;16.10;39.0;13.2;0.00;24.0;IFS
messery;ICONIFS;2026-10-22T18:00;IFS;10.00;16.10;32.0;13.2;0.00;21.0;IFS
messery;ICONIFS;2026-10-22T19:00;IFS;10.30;15.90;26.0;13.1;0.00;19.0;IFS
messery;ICONIFS;2026-10-22T20:00;IFS;10.50;15.70;22.0;13.0;0.00;19.0;IFS
messery;ICONIFS;2026-10-22T21:00;IFS;10.30;15.70;21.0;12.9;0.00;22.0;IFS
messery;ICONIFS;2026-10-22T22:00;IFS;10.00;15.70;21.0;12.6;0.00;27.0;IFS
messery;ICONIFS;2026-10-22T23:00;IFS;9.50;15.60;22.0;12.3;0.00;32.0;IFS
messery;ICONIFS;2026-10-23T00:00;IFS;8.80;15.60;24.0;12.0;0.00;39.0;IFS
messery;ICONIFS;2026-10-23T01:00;IFS;8.20;15.40;26.0;11.7;0.00;45.0;IFS
messery;ICONIFS;2026-10-23T02:00;IFS;7.70;15.20;27.0;11.4;0.00;50.0;IFS
messery;ICONIFS;2026-10-23T03:00;IFS;7.40;14.80;27.0;11.1;0.00;55.0;IFS
messery;ICONIFS;2026-10-23T04:00;IFS;7.10;14.20;27.0;10.7;0.00;60.0;IFS
messery;ICONIFS;2026-10-23T05:00;IFS;6.80;13.60;26.0;10.4;0.00;65.0;IFS
messery;ICONIFS;2026-10-23T06:00;IFS;6.60;12.80;25.0;10.1;0.00;69.0;IFS
messery;ICONIFS;2026-10-23T07:00;IFS;6.30;12.20;26.0;10.0;0.00;72.0;IFS
messery;ICONIFS;2026-10-23T08:00;IFS;5.80;11.70;27.0;10.0;0.00;72.0;IFS
messery;ICONIFS;2026-10-23T09:00;IFS;5.10;11.30;31.0;10.2;0.00;70.0;IFS
messery;ICONIFS;2026-10-23T10:00;IFS;4.40;10.90;38.0;10.5;0.00;65.0;IFS
messery;ICONIFS;2026-10-23T11:00;IFS;3.70;10.70;49.0;11.0;0.00;58.0;IFS
messery;ICONIFS;2026-10-23T12:00;IFS;3.10;10.30;64.0;11.5;0.00;51.0;IFS
messery;ICONIFS;2026-10-23T13:00;IFS;3.00;9.90;79.0;12.1;0.00;44.0;IFS
messery;ICONIFS;2026-10-23T14:00;IFS;2.80;9.50;86.0;12.6;0.00;38.0;IFS
messery;ICONIFS;2026-10-23T15:00;IFS;2.60;8.90;86.0;13.1;0.00;32.0;IFS
messery;ICONIFS;2026-10-23T16:00;IFS;2.30;8.40;75.0;13.8;0.00;26.0;IFS
messery;ICONIFS;2026-10-23T17:00;IFS;2.20;7.60;58.0;14.4;0.00;19.0;IFS
messery;ICONIFS;2026-10-23T18:00;IFS;2.40;6.80;38.0;15.0;0.00;14.0;IFS
messery;ICONIFS;2026-10-23T19:00;IFS;2.80;6.40;25.0;15.5;0.00;9.0;IFS
messery;ICONIFS;2026-10-23T20:00;IFS;3.10;6.00;18.0;15.7;0.00;6.0;IFS
messery;ICONIFS;2026-10-23T21:00;IFS;3.30;6.00;17.0;15.6;0.00;5.0;IFS
messery;ICONIFS;2026-10-23T22:00;IFS;3.40;6.20;18.0;15.3;0.00;5.0;IFS
messery;ICONIFS;2026-10-23T23:00;IFS;3.50;6.40;21.0;14.8;0.00;6.0;IFS
messery;ICONIFS;2026-10-24T00:00;IFS;3.70;7.00;25.0;14.3;0.00;8.0;IFS
messery;ICONIFS;2026-10-24T01:00;IFS;3.90;7.40;28.0;13.8;0.00;11.0;IFS
messery;ICONIFS;2026-10-24T02:00;IFS;4.10;7.80;30.0;13.4;0.00;13.0;IFS
messery;ICONIFS;2026-10-24T03:00;IFS;4.50;8.20;30.0;13.1;0.00;16.0;IFS
messery;ICONIFS;2026-10-24T04:00;IFS;5.00;8.60;29.0;12.8;0.00;19.0;IFS
messery;ICONIFS;2026-10-24T05:00;IFS;5.50;9.10;27.0;12.4;0.00;23.0;IFS
messery;ICONIFS;2026-10-24T06:00;IFS;6.00;9.50;28.0;12.2;0.00;27.0;IFS
messery;ICONIFS;2026-10-24T07:00;IFS;6.40;10.10;29.0;12.0;0.00;29.0;IFS
messery;ICONIFS;2026-10-24T08:00;IFS;6.90;10.70;32.0;12.0;0.00;31.0;IFS
messery;ICONIFS;2026-10-24T09:00;IFS;7.10;11.30;38.0;12.1;0.00;31.0;IFS
messery;ICONIFS;2026-10-24T10:00;IFS;7.40;11.90;46.0;12.5;0.00;30.0;IFS
messery;ICONIFS;2026-10-24T11:00;IFS;8.00;12.40;54.0;12.9;0.00;29.0;IFS
messery;ICONIFS;2026-10-24T12:00;IFS;8.70;13.00;61.0;13.3;0.00;27.0;IFS
messery;ICONIFS;2026-10-24T13:00;IFS;9.30;13.60;65.0;13.7;0.00;24.0;IFS
messery;ICONIFS;2026-10-24T14:00;IFS;9.80;14.40;64.0;14.0;0.00;22.0;IFS
messery;ICONIFS;2026-10-24T15:00;IFS;10.20;15.20;59.0;14.1;0.00;19.0;IFS
messery;ICONIFS;2026-10-24T16:00;IFS;10.80;15.90;51.0;14.1;0.00;14.0;IFS
messery;ICONIFS;2026-10-24T17:00;IFS;11.60;16.70;41.0;14.1;0.00;9.0;IFS
messery;ICONIFS;2026-10-24T18:00;IFS;12.70;17.50;33.0;14.0;0.00;5.0;IFS
messery;ICONIFS;2026-10-24T19:00;IFS;13.80;18.30;27.0;13.9;0.00;2.0;IFS
messery;ICONIFS;2026-10-24T20:00;IFS;14.60;19.00;23.0;13.7;0.00;2.0;IFS
messery;ICONIFS;2026-10-24T21:00;IFS;15.20;19.60;22.0;13.5;0.00;5.0;IFS
messery;ICONIFS;2026-10-24T22:00;IFS;15.40;20.40;21.0;13.2;0.00;12.0;IFS
messery;ICONIFS;2026-10-24T23:00;IFS;15.40;21.00;20.0;12.9;0.00;19.0;IFS
messery;ICONIFS;2026-10-25T00:00;IFS;15.30;21.40;20.0;12.5;0.00;27.0;IFS
messery;ICONIFS;2026-10-25T01:00;IFS;15.20;21.80;21.0;12.2;0.00;34.0;IFS
messery;ICONIFS;2026-10-25T02:00;IFS;15.00;22.20;21.0;12.0;0.00;38.0;IFS
messery;ICONIFS;2026-10-25T03:00;IFS;14.70;22.40;21.0;11.8;0.00;39.0;IFS
messery;ICONIFS;2026-10-25T04:00;IFS;14.40;22.50;22.0;11.5;0.00;38.0;IFS
messery;ICONIFS;2026-10-25T05:00;IFS;14.00;22.50;24.0;11.3;0.00;36.0;IFS
messery;ICONIFS;2026-10-25T06:00;IFS;13.50;22.40;25.0;11.2;0.00;33.0;IFS
messery;ICONIFS;2026-10-25T07:00;IFS;13.00;22.20;27.0;11.1;0.00;30.0;IFS
messery;ICONIFS;2026-10-25T08:00;IFS;12.30;22.00;29.0;11.2;0.00;27.0;IFS
messery;ICONIFS;2026-10-25T09:00;IFS;11.50;21.60;31.0;11.5;0.00;25.0;IFS
messery;ICONIFS;2026-10-25T10:00;IFS;10.50;20.80;35.0;12.0;0.00;22.0;IFS
messery;ICONIFS;2026-10-25T11:00;IFS;9.50;20.00;40.0;12.6;0.00;19.0;IFS
messery;ICONIFS;2026-10-25T12:00;IFS;8.60;19.40;45.0;13.2;0.00;16.0;IFS
messery;ICONIFS;2026-10-25T13:00;IFS;7.90;18.70;50.0;13.7;0.00;14.0;IFS
messery;ICONIFS;2026-10-25T14:00;IFS;7.40;18.30;55.0;14.1;0.00;12.0;IFS
parking_pre_rencontre;ICONIFS;2026-10-10T00:00;ICONCH1;7.80;14.20;357.0;6.8;0.00;100.0;ICONCH1
parking_pre_rencontre;ICONIFS;2026-10-10T01:00;ICONCH1;7.00;14.20;360.0;6.9;0.00;99.0;ICONCH1
parking_pre_rencontre;ICONIFS;2026-10-10T02:00;ICONCH1;7.40;13.60;354.0;7.0;0.00;100.0;ICONCH1
parking_pre_rencontre;ICONIFS;2026-10-10T03:00;ICONCH1;7.80;14.80;359.0;6.7;0.00;100.0;ICONCH1
parking_pre_rencontre;ICONIFS;2026-10-10T04:00;ICONCH1;7.40;14.40;357.0;6.8;0.00;100.0;ICONCH1
parking_pre_rencontre;ICONIFS;2026-10-10T05:00;ICONCH1;9.00;16.30;354.0;7.5;0.00;100.0;ICONCH1
parking_pre_rencontre;ICONIFS;2026-10-10T06:00;ICONCH1;8.60;16.90;354.0;7.8;0.10;100.0;ICONCH1
parking_pre_rencontre;ICONIFS;2026-10-10T07:00;ICONCH1;7.80;15.70;353.0;7.8;0.20;100.0;ICONCH1
parking_pre_rencontre;ICONIFS;2026-10-10T08:00;ICONCH1;7.50;14.60;345.0;7.8;0.10;100.0;ICONCH1
parking_pre_rencontre;ICONIFS;2026-10-10T09:00;ICONCH1;7.30;13.60;352.0;8.2;0.10;99.0;ICONCH1
parking_pre_rencontre;ICONIFS;2026-10-10T10:00;ICONCH1;7.40;14.20;2.0;8.9;0.00;87.0;ICONCH1
parking_pre_rencontre;ICONIFS;2026-10-10T11:00;ICONCH1;8.10;15.70;349.0;9.1;0.20;99.0;ICONCH1
parking_pre_rencontre;ICONIFS;2026-10-10T12:00;ICONCH1;8.60;16.90;359.0;9.5;0.10;89.0;ICONCH1
parking_pre_rencontre;ICONIFS;2026-10-10T13:00;ICONCH1;8.70;17.90;359.0;9.8;0.00;85.0;ICONCH1
parking_pre_rencontre;ICONIFS;2026-10-10T14:00;ICONCH1;9.20;19.60;5.0;10.5;0.00;73.0;ICONCH1
parking_pre_rencontre;ICONIFS;2026-10-10T15:00;ICONCH1;9.20;18.10;4.0;10.7;0.00;52.0;ICONCH1
parking_pre_rencontre;ICONIFS;2026-10-10T16:00;ICONCH1;8.60;17.50;360.0;10.8;0.00;74.0;ICONCH1
parking_pre_rencontre;ICONIFS;2026-10-10T17:00;ICONCH1;8.00;16.30;1.0;10.8;0.00;37.0;ICONCH1
parking_pre_rencontre;ICONIFS;2026-10-10T18:00;ICONCH1;7.80;15.00;360.0;10.3;0.00;28.0;ICONCH1
parking_pre_rencontre;ICONIFS;2026-10-10T19:00;ICONCH1;6.40;14.20;355.0;9.4;0.00;8.0;ICONCH1
parking_pre_rencontre;ICONIFS;2026-10-10T20:00;ICONCH1;5.20;9.50;360.0;10.1;0.00;65.0;ICONCH1
parking_pre_rencontre;ICONIFS;2026-10-10T21:00;ICONCH1;6.20;11.50;356.0;10.1;0.00;68.0;ICONCH1
parking_pre_rencontre;ICONIFS;2026-10-10T22:00;ICONCH1;7.00;13.00;355.0;10.2;0.00;85.0;ICONCH1
parking_pre_rencontre;ICONIFS;2026-10-10T23:00;ICONCH1;7.10;14.40;352.0;10.0;0.00;83.0;ICONCH1
parking_pre_rencontre;ICONIFS;2026-10-11T00:00;ICONCH1;8.40;15.70;357.0;9.8;0.00;100.0;ICONCH1
parking_pre_rencontre;ICONIFS;2026-10-11T01:00;ICONCH1;10.20;20.40;347.0;8.6;0.00;100.0;ICONCH1
parking_pre_rencontre;ICONIFS;2026-10-11T02:00;ICONCH1;9.20;19.00;348.0;8.2;0.00;100.0;ICONCH1
parking_pre_rencontre;ICONIFS;2026-10-11T03:00;ICONCH1;10.20;19.00;347.0;7.9;0.00;100.0;ICONCH1
parking_pre_rencontre;ICONIFS;2026-10-11T04:00;ICONCH1;8.90;19.20;345.0;7.5;0.00;100.0;ICONCH1
parking_pre_rencontre;ICONIFS;2026-10-11T05:00;ICONCH1;7.70;16.30;350.0;7.3;0.00;100.0;ICONCH1
parking_pre_rencontre;ICONIFS;2026-10-11T06:00;ICONCH1;7.30;14.60;352.0;7.0;0.00;100.0;ICONCH1
parking_pre_rencontre;ICONIFS;2026-10-11T07:00;ICONCH1;7.30;13.60;352.0;6.8;0.00;99.0;ICONCH1
parking_pre_rencontre;ICONIFS;2026-10-11T08:00;ICONCH1;7.30;13.40;352.0;6.7;0.00;100.0;ICONCH1
parking_pre_rencontre;ICONIFS;2026-10-11T09:00;ICONCH1;7.00;13.40;355.0;7.1;0.00;100.0;ICONCH1
parking_pre_rencontre;ICONIFS;2026-10-11T10:00;ICONCH1;7.60;14.80;359.0;7.4;0.00;100.0;ICONCH1
parking_pre_rencontre;ICONIFS;2026-10-11T11:00;ICONCH1;8.60;16.50;356.0;7.8;0.00;94.0;ICONCH1
parking_pre_rencontre;ICONIFS;2026-10-11T12:00;ICONCH1;8.90;17.50;359.0;8.4;0.00;98.0;ICONCH1
parking_pre_rencontre;ICONIFS;2026-10-11T13:00;ICONCH1;9.20;18.30;8.0;9.4;0.00;100.0;ICONCH1
parking_pre_rencontre;ICONIFS;2026-10-11T14:00;ICONCH1;9.00;18.50;5.0;9.8;0.00;100.0;ICONCH1
parking_pre_rencontre;ICONIFS;2026-10-11T15:00;ICONCH1;9.20;18.30;6.0;10.0;0.00;100.0;ICONCH1
parking_pre_rencontre;ICONIFS;2026-10-11T16:00;ICONCH1;9.50;18.30;4.0;9.8;0.00;100.0;ICONCH1
parking_pre_rencontre;ICONIFS;2026-10-11T17:00;ICONCH1;9.60;18.10;7.0;9.4;0.00;100.0;ICONCH1
parking_pre_rencontre;ICONIFS;2026-10-11T18:00;ICONCH1;9.00;18.10;4.0;8.9;0.00;100.0;ICONCH1
parking_pre_rencontre;ICONIFS;2026-10-11T19:00;ICONCH1;8.00;16.90;1.0;8.2;0.00;100.0;ICONCH1
parking_pre_rencontre;ICONIFS;2026-10-11T20:00;ICONCH1;7.00;14.60;2.0;7.8;0.00;95.0;ICONCH1
parking_pre_rencontre;ICONIFS;2026-10-11T21:00;ICONCH1;6.40;12.60;358.0;7.6;0.00;87.0;ICONCH1
parking_pre_rencontre;ICONIFS;2026-10-11T22:00;ICONCH1;6.30;12.80;351.0;7.3;0.00;91.0;ICONCH1
parking_pre_rencontre;ICONIFS;2026-10-11T23:00;ICONCH1;6.10;12.10;354.0;7.1;0.00;84.0;ICONCH1
parking_pre_rencontre;ICONIFS;2026-10-12T00:00;ICONCH1;6.20;11.30;356.0;6.9;0.00;75.0;ICONCH1
parking_pre_rencontre;ICONIFS;2026-10-12T01:00;ICONCH1;6.60;12.10;355.0;7.0;0.00;87.0;ICONCH1
parking_pre_rencontre;ICONIFS;2026-10-12T02:00;ICONCH1;6.80;12.60;358.0;7.2;0.00;77.0;ICONCH1
parking_pre_rencontre;ICONIFS;2026-10-12T03:00;ICONCH1;7.30;13.60;352.0;7.0;0.00;62.0;ICONCH1
parking_pre_rencontre;ICONIFS;2026-10-12T04:00;ICONCH1;7.50;13.80;351.0;6.7;0.00;74.0;ICONCH1
parking_pre_rencontre;ICONIFS;2026-10-12T05:00;ICONCH1;8.30;15.60;351.0;6.6;0.00;62.0;ICONCH1
parking_pre_rencontre;ICONIFS;2026-10-12T06:00;ICONCH2;3.50;8.20;38.0;5.6;0.00;56.0;ICONCH2
parking_pre_rencontre;ICONIFS;2026-10-12T07:00;ICONCH2;2.60;7.20;27.0;5.0;0.00;59.0;ICONCH2
parking_pre_rencontre;ICONIFS;2026-10-12T08:00;ICONCH2;4.80;9.70;32.0;5.2;0.00;75.0;ICONCH2
parking_pre_rencontre;ICONIFS;2026-10-12T09:00;ICONCH2;4.60;9.90;33.0;5.6;0.00;75.0;ICONCH2
parking_pre_rencontre;ICONIFS;2026-10-12T10:00;ICONCH2;4.60;10.50;28.0;6.8;0.00;65.0;ICONCH2
parking_pre_rencontre;ICONIFS;2026-10-12T11:00;ICONCH2;5.00;10.70;26.0;8.1;0.00;22.0;ICONCH2
parking_pre_rencontre;ICONIFS;2026-10-12T12:00;ICONCH2;5.30;11.30;17.0;9.1;0.00;0.0;ICONCH2
parking_pre_rencontre;ICONIFS;2026-10-12T13:00;ICONCH2;6.40;13.60;14.0;9.9;0.00;0.0;ICONCH2
parking_pre_rencontre;ICONIFS;2026-10-12T14:00;ICONCH2;6.10;13.60;11.0;10.7;0.00;0.0;ICONCH2
parking_pre_rencontre;ICONIFS;2026-10-12T15:00;ICONCH2;6.70;14.00;12.0;11.1;0.00;0.0;ICONCH2
parking_pre_rencontre;ICONIFS;2026-10-12T16:00;ICONCH2;7.20;15.00;14.0;11.0;0.00;0.0;ICONCH2
parking_pre_rencontre;ICONIFS;2026-10-12T17:00;ICONCH2;7.40;15.20;18.0;10.5;0.00;0.0;ICONCH2
parking_pre_rencontre;ICONIFS;2026-10-12T18:00;ICONCH2;6.30;14.80;26.0;9.8;0.00;0.0;ICONCH2
parking_pre_rencontre;ICONIFS;2026-10-12T19:00;ICONCH2;4.00;12.20;35.0;8.5;0.00;20.0;ICONCH2
parking_pre_rencontre;ICONIFS;2026-10-12T20:00;ICONCH2;3.30;8.40;36.0;8.1;0.00;17.0;ICONCH2
parking_pre_rencontre;ICONIFS;2026-10-12T21:00;ICONCH2;2.80;6.80;39.0;7.9;0.00;48.0;ICONCH2
parking_pre_rencontre;ICONIFS;2026-10-12T22:00;ICONCH2;1.50;5.60;67.0;7.7;0.00;46.0;ICONCH2
parking_pre_rencontre;ICONIFS;2026-10-12T23:00;ICONCH2;2.20;3.50;170.0;7.0;0.00;10.0;ICONCH2
parking_pre_rencontre;ICONIFS;2026-10-13T00:00;ICONCH2;3.30;6.40;187.0;7.2;0.00;0.0;ICONCH2
parking_pre_rencontre;ICONIFS;2026-10-13T01:00;ICONCH2;2.70;5.80;188.0;7.3;0.00;0.0;ICONCH2
parking_pre_rencontre;ICONIFS;2026-10-13T02:00;ICONCH2;3.30;5.80;187.0;6.9;0.00;0.0;ICONCH2
parking_pre_rencontre;ICONIFS;2026-10-13T03:00;ICONCH2;3.70;6.40;186.0;6.7;0.00;0.0;ICONCH2
parking_pre_rencontre;ICONIFS;2026-10-13T04:00;ICONCH2;3.30;6.60;183.0;6.6;0.00;0.0;ICONCH2
parking_pre_rencontre;ICONIFS;2026-10-13T05:00;ICONCH2;3.50;6.20;180.0;6.5;0.00;0.0;ICONCH2
parking_pre_rencontre;ICONIFS;2026-10-13T06:00;ICONCH2;3.50;6.60;180.0;6.3;0.00;0.0;ICONCH2
parking_pre_rencontre;ICONIFS;2026-10-13T07:00;ICONCH2;3.70;6.40;177.0;6.1;0.00;0.0;ICONCH2
parking_pre_rencontre;ICONIFS;2026-10-13T08:00;ICONCH2;2.90;6.40;172.0;6.3;0.00;0.0;ICONCH2
parking_pre_rencontre;ICONIFS;2026-10-13T09:00;ICONCH2;2.90;5.10;180.0;6.8;0.00;0.0;ICONCH2
parking_pre_rencontre;ICONIFS;2026-10-13T10:00;ICONCH2;2.20;5.20;135.0;9.4;0.00;0.0;ICONCH2
parking_pre_rencontre;ICONIFS;2026-10-13T11:00;ICONCH2;0.60;4.10;108.0;12.5;0.00;0.0;ICONCH2
parking_pre_rencontre;ICONIFS;2026-10-13T12:00;ICONCH2;1.90;4.50;24.0;13.1;0.00;0.0;ICONCH2
parking_pre_rencontre;ICONIFS;2026-10-13T13:00;ICONCH2;3.60;7.80;29.0;13.6;0.00;0.0;ICONCH2
parking_pre_rencontre;ICONIFS;2026-10-13T14:00;ICONCH2;4.70;9.70;30.0;14.1;0.00;17.0;ICONCH2
parking_pre_rencontre;ICONIFS;2026-10-13T15:00;ICONCH2;5.60;11.30;29.0;14.3;0.00;59.0;ICONCH2
parking_pre_rencontre;ICONIFS;2026-10-13T16:00;ICONCH2;6.40;13.00;31.0;14.1;0.00;12.0;ICONCH2
parking_pre_rencontre;ICONIFS;2026-10-13T17:00;ICONCH2;6.90;14.00;32.0;13.7;0.00;48.0;ICONCH2
parking_pre_rencontre;ICONIFS;2026-10-13T18:00;ICONCH2;6.50;14.00;37.0;12.7;0.00;63.0;ICONCH2
parking_pre_rencontre;ICONIFS;2026-10-13T19:00;ICONCH2;6.60;13.00;43.0;11.4;0.00;100.0;ICONCH2
parking_pre_rencontre;ICONIFS;2026-10-13T20:00;ICONCH2;7.40;14.40;47.0;11.1;0.00;100.0;ICONCH2
parking_pre_rencontre;ICONIFS;2026-10-13T21:00;ICONCH2;7.30;15.00;46.0;10.9;0.00;100.0;ICONCH2
parking_pre_rencontre;ICONIFS;2026-10-13T22:00;ICONCH2;7.20;14.60;43.0;10.6;0.00;100.0;ICONCH2
parking_pre_rencontre;ICONIFS;2026-10-13T23:00;ICONCH2;7.30;14.40;42.0;10.4;0.00;100.0;ICONCH2
parking_pre_rencontre;ICONIFS;2026-10-14T00:00;ICONCH2;7.30;14.60;42.0;10.3;0.00;100.0;ICONCH2
parking_pre_rencontre;ICONIFS;2026-10-14T01:00;ICONCH2;7.00;14.40;42.0;10.3;0.00;100.0;ICONCH2
parking_pre_rencontre;ICONIFS;2026-10-14T02:00;ICONCH2;7.00;14.00;42.0;10.2;0.00;100.0;ICONCH2
parking_pre_rencontre;ICONIFS;2026-10-14T03:00;ICONCH2;7.00;14.20;42.0;10.1;0.00;100.0;ICONCH2
parking_pre_rencontre;ICONIFS;2026-10-14T04:00;ICONCH2;6.30;14.20;40.0;9.9;0.00;93.0;ICONCH2
parking_pre_rencontre;ICONIFS;2026-10-14T05:00;ICONCH2;4.70;13.00;45.0;9.6;0.00;46.0;ICONCH2
parking_pre_rencontre;ICONIFS;2026-10-14T06:00;ICONCH2;3.80;9.50;55.0;9.4;0.00;71.0;ICONCH2
parking_pre_rencontre;ICONIFS;2026-10-14T07:00;ICONCH2;3.60;8.20;54.0;9.1;0.00;59.0;ICONCH2
parking_pre_rencontre;ICONIFS;2026-10-14T08:00;ICONCH2;2.10;7.40;95.0;8.7;0.00;51.0;ICONCH2
parking_pre_rencontre;ICONIFS;2026-10-14T09:00;ICONCH2;2.90;5.60;70.0;9.1;0.00;11.0;ICONCH2
parking_pre_rencontre;ICONIFS;2026-10-14T10:00;ICONCH2;2.90;6.60;53.0;10.9;0.00;54.0;ICONCH2
parking_pre_rencontre;ICONIFS;2026-10-14T11:00;ICONCH2;2.60;6.80;36.0;12.2;0.00;15.0;ICONCH2
parking_pre_rencontre;ICONIFS;2026-10-14T12:00;ICONCH2;2.50;6.20;18.0;13.4;0.00;0.0;ICONCH2
parking_pre_rencontre;ICONIFS;2026-10-14T13:00;ICONCH2;2.10;6.00;360.0;14.3;0.00;0.0;ICONCH2
parking_pre_rencontre;ICONIFS;2026-10-14T14:00;ICONCH2;2.30;5.80;5.0;15.0;0.00;0.0;ICONCH2
parking_pre_rencontre;ICONIFS;2026-10-14T15:00;ICON13KM;3.30;8.70;315.0;17.2;0.00;13.0;ICON13KM
parking_pre_rencontre;ICONIFS;2026-10-14T16:00;ICON13KM;3.50;9.10;322.0;17.0;0.00;7.0;ICON13KM
parking_pre_rencontre;ICONIFS;2026-10-14T17:00;ICON13KM;3.20;8.70;327.0;16.4;0.00;0.0;ICON13KM
parking_pre_rencontre;ICONIFS;2026-10-14T18:00;ICON13KM;2.10;7.20;338.0;15.2;0.00;0.0;ICON13KM
parking_pre_rencontre;ICONIFS;2026-10-14T19:00;ICON13KM;0.80;5.10;45.0;13.7;0.00;0.0;ICON13KM
parking_pre_rencontre;ICONIFS;2026-10-14T20:00;ICON13KM;1.60;3.70;104.0;12.5;0.00;0.0;ICON13KM
parking_pre_rencontre;ICONIFS;2026-10-14T21:00;ICON13KM;2.30;3.50;121.0;12.0;0.00;21.0;ICON13KM
parking_pre_rencontre;ICONIFS;2026-10-14T22:00;ICON13KM;2.60;4.10;126.0;11.9;0.00;41.0;ICON13KM
parking_pre_rencontre;ICONIFS;2026-10-14T23:00;ICON13KM;2.90;4.50;132.0;11.8;0.00;62.0;ICON13KM
parking_pre_rencontre;ICONIFS;2026-10-15T00:00;ICON13KM;3.00;4.70;130.0;11.6;0.00;41.0;ICON13KM
parking_pre_rencontre;ICONIFS;2026-10-15T01:00;ICON13KM;2.90;5.10;127.0;11.4;0.00;21.0;ICON13KM
parking_pre_rencontre;ICONIFS;2026-10-15T02:00;ICON13KM;3.00;5.20;122.0;11.2;0.00;0.0;ICON13KM
parking_pre_rencontre;ICONIFS;2026-10-15T03:00;ICON13KM;3.00;5.20;122.0;11.0;0.00;0.0;ICON13KM
parking_pre_rencontre;ICONIFS;2026-10-15T04:00;ICON13KM;3.10;5.20;120.0;10.9;0.00;0.0;ICON13KM
parking_pre_rencontre;ICONIFS;2026-10-15T05:00;ICON13KM;3.10;5.20;120.0;10.8;0.00;0.0;ICON13KM
parking_pre_rencontre;ICONIFS;2026-10-15T06:00;ICON13KM;3.10;5.20;120.0;10.5;0.00;0.0;ICON13KM
parking_pre_rencontre;ICONIFS;2026-10-15T07:00;ICON13KM;3.30;5.40;118.0;10.1;0.00;0.0;ICON13KM
parking_pre_rencontre;ICONIFS;2026-10-15T08:00;ICON13KM;3.10;5.40;120.0;10.4;0.00;0.0;ICON13KM
parking_pre_rencontre;ICONIFS;2026-10-15T09:00;ICON13KM;2.60;5.40;126.0;12.1;0.00;3.0;ICON13KM
parking_pre_rencontre;ICONIFS;2026-10-15T10:00;ICON13KM;2.10;5.20;139.0;14.4;0.00;6.0;ICON13KM
parking_pre_rencontre;ICONIFS;2026-10-15T11:00;ICON13KM;1.70;5.20;159.0;16.4;0.00;9.0;ICON13KM
parking_pre_rencontre;ICONIFS;2026-10-15T12:00;ICON13KM;1.40;5.20;188.0;17.6;0.00;12.0;ICON13KM
parking_pre_rencontre;ICONIFS;2026-10-15T13:00;ICON13KM;1.50;5.20;220.0;18.6;0.00;15.0;ICON13KM
parking_pre_rencontre;ICONIFS;2026-10-15T14:00;ICON13KM;1.70;5.20;243.0;19.1;0.00;18.0;ICON13KM
parking_pre_rencontre;ICONIFS;2026-10-15T15:00;ICON13KM;1.80;5.60;276.0;19.2;0.00;19.0;ICON13KM
parking_pre_rencontre;ICONIFS;2026-10-15T16:00;ICON13KM;2.20;6.20;308.0;18.9;0.00;21.0;ICON13KM
parking_pre_rencontre;ICONIFS;2026-10-15T17:00;ICON13KM;2.50;6.40;328.0;18.2;0.00;22.0;ICON13KM
parking_pre_rencontre;ICONIFS;2026-10-15T18:00;ICON13KM;2.20;6.20;350.0;16.8;0.00;24.0;ICON13KM
parking_pre_rencontre;ICONIFS;2026-10-15T19:00;ICON13KM;2.00;5.60;29.0;15.0;0.00;27.0;ICON13KM
parking_pre_rencontre;ICONIFS;2026-10-15T20:00;ICON13KM;2.40;4.90;55.0;13.5;0.00;29.0;ICON13KM
parking_pre_rencontre;ICONIFS;2026-10-15T21:00;ICON13KM;2.20;3.90;63.0;12.6;0.00;23.0;ICON13KM
parking_pre_rencontre;ICONIFS;2026-10-15T22:00;ICON13KM;1.80;2.70;77.0;12.1;0.00;16.0;ICON13KM
parking_pre_rencontre;ICONIFS;2026-10-15T23:00;ICON13KM;1.60;2.30;97.0;11.5;0.00;10.0;ICON13KM
parking_pre_rencontre;ICONIFS;2026-10-16T00:00;ICON13KM;2.20;3.10;105.0;10.6;0.00;31.0;ICON13KM
parking_pre_rencontre;ICONIFS;2026-10-16T01:00;ICON13KM;2.90;4.30;110.0;9.7;0.00;53.0;ICON13KM
parking_pre_rencontre;ICONIFS;2026-10-16T02:00;ICON13KM;3.50;5.40;109.0;9.0;0.00;74.0;ICON13KM
parking_pre_rencontre;ICONIFS;2026-10-16T03:00;ICON13KM;3.50;6.00;109.0;8.7;0.00;70.0;ICON13KM
parking_pre_rencontre;ICONIFS;2026-10-16T04:00;ICON13KM;3.40;6.60;106.0;8.6;0.00;67.0;ICON13KM
parking_pre_rencontre;ICONIFS;2026-10-16T05:00;ICON13KM;3.30;6.80;107.0;8.5;0.00;63.0;ICON13KM
parking_pre_rencontre;ICONIFS;2026-10-16T06:00;ICON13KM;3.30;6.80;107.0;8.2;0.00;58.0;ICON13KM
parking_pre_rencontre;ICONIFS;2026-10-16T07:00;ICON13KM;3.30;6.40;111.0;7.8;0.00;53.0;ICON13KM
parking_pre_rencontre;ICONIFS;2026-10-16T08:00;ICON13KM;3.00;6.00;113.0;8.3;0.00;48.0;ICON13KM
parking_pre_rencontre;ICONIFS;2026-10-16T09:00;ICON13KM;2.00;5.10;119.0;10.2;0.00;33.0;ICON13KM
parking_pre_rencontre;ICONIFS;2026-10-16T10:00;ICON13KM;0.70;4.10;146.0;12.8;0.00;18.0;ICON13KM
parking_pre_rencontre;ICONIFS;2026-10-16T11:00;ICON13KM;0.80;3.70;256.0;15.0;0.00;3.0;ICON13KM
parking_pre_rencontre;ICONIFS;2026-10-16T12:00;ICON13KM;1.40;4.70;286.0;16.4;0.00;15.0;ICON13KM
parking_pre_rencontre;ICONIFS;2026-10-16T13:00;ICON13KM;2.10;6.20;311.0;17.3;0.00;27.0;ICON13KM
parking_pre_rencontre;ICONIFS;2026-10-16T14:00;ICON13KM;2.60;7.60;318.0;17.8;0.00;39.0;ICON13KM
parking_pre_rencontre;ICONIFS;2026-10-16T15:00;ICON13KM;2.90;8.20;323.0;18.0;0.00;51.0;ICON13KM
parking_pre_rencontre;ICONIFS;2026-10-16T16:00;ICON13KM;3.20;8.60;327.0;17.8;0.00;63.0;ICON13KM
parking_pre_rencontre;ICONIFS;2026-10-16T17:00;ICON13KM;3.30;8.40;332.0;17.2;0.00;75.0;ICON13KM
parking_pre_rencontre;ICONIFS;2026-10-16T18:00;ICON13KM;3.10;7.80;342.0;15.8;0.00;83.0;ICON13KM
parking_pre_rencontre;ICONIFS;2026-10-16T19:00;ICON13KM;2.50;6.60;360.0;14.1;0.00;92.0;ICON13KM
parking_pre_rencontre;ICONIFS;2026-10-16T20:00;ICON13KM;2.40;5.60;14.0;12.7;0.00;100.0;ICON13KM
parking_pre_rencontre;ICONIFS;2026-10-16T21:00;ICON13KM;2.30;4.90;20.0;12.2;0.00;98.0;ICON13KM
parking_pre_rencontre;ICONIFS;2026-10-16T22:00;ICON13KM;1.90;4.30;24.0;12.2;0.00;96.0;ICON13KM
parking_pre_rencontre;ICONIFS;2026-10-16T23:00;ICON13KM;1.70;3.70;27.0;12.0;0.00;94.0;ICON13KM
parking_pre_rencontre;ICONIFS;2026-10-17T00:00;ICON13KM;1.70;3.10;36.0;11.5;0.00;96.0;ICON13KM
parking_pre_rencontre;ICONIFS;2026-10-17T01:00;ICON13KM;1.60;2.70;45.0;10.8;0.00;98.0;ICON13KM
parking_pre_rencontre;ICONIFS;2026-10-17T02:00;ICON13KM;1.80;2.70;49.0;10.4;0.00;100.0;ICON13KM
parking_pre_rencontre;ICONIFS;2026-10-17T03:00;ICON13KM;1.90;3.50;45.0;10.7;0.00;99.0;ICON13KM
parking_pre_rencontre;ICONIFS;2026-10-17T04:00;ICON13KM;2.20;4.70;38.0;11.3;0.00;97.0;ICON13KM
parking_pre_rencontre;ICONIFS;2026-10-17T05:00;ICON13KM;2.30;5.40;31.0;11.6;0.00;96.0;ICON13KM
parking_pre_rencontre;ICONIFS;2026-10-17T06:00;ICON13KM;2.00;5.10;29.0;11.3;0.00;97.0;ICON13KM
parking_pre_rencontre;ICONIFS;2026-10-17T07:00;ICON13KM;1.60;4.10;30.0;10.7;0.00;99.0;ICON13KM
parking_pre_rencontre;ICONIFS;2026-10-17T08:00;ICON13KM;1.00;3.50;22.0;10.5;0.00;100.0;ICON13KM
parking_pre_rencontre;ICONIFS;2026-10-17T09:00;ICON13KM;0.80;3.70;360.0;11.1;0.00;100.0;ICON13KM
parking_pre_rencontre;ICONIFS;2026-10-17T10:00;ICON13KM;0.80;4.30;315.0;12.2;0.00;100.0;ICON13KM
parking_pre_rencontre;ICONIFS;2026-10-17T11:00;ICON13KM;1.00;4.90;292.0;13.3;0.00;100.0;ICON13KM
parking_pre_rencontre;ICONIFS;2026-10-17T12:00;ICON13KM;1.20;5.60;288.0;14.5;0.00;95.0;ICON13KM
parking_pre_rencontre;ICONIFS;2026-10-17T13:00;ICON13KM;1.50;6.40;293.0;15.7;0.00;91.0;ICON13KM
parking_pre_rencontre;ICONIFS;2026-10-17T14:00;ICON13KM;1.60;7.00;300.0;16.6;0.00;86.0;ICON13KM
parking_pre_rencontre;ICONIFS;2026-10-17T15:00;ICON13KM;1.60;7.20;315.0;16.8;0.00;91.0;ICON13KM
parking_pre_rencontre;ICONIFS;2026-10-17T16:00;ICON13KM;1.70;7.00;333.0;16.5;0.00;95.0;ICON13KM
parking_pre_rencontre;ICONIFS;2026-10-17T17:00;ICON13KM;2.00;6.80;349.0;16.0;0.00;100.0;ICON13KM
parking_pre_rencontre;ICONIFS;2026-10-17T18:00;ICON13KM;1.90;6.60;360.0;15.0;0.00;100.0;ICON13KM
parking_pre_rencontre;ICONIFS;2026-10-17T19:00;ICON13KM;2.00;6.40;17.0;13.7;0.00;100.0;ICON13KM
parking_pre_rencontre;ICONIFS;2026-10-17T20:00;ICON13KM;1.80;6.20;32.0;12.7;0.00;100.0;ICON13KM
parking_pre_rencontre;ICONIFS;2026-10-17T21:00;ICON13KM;1.50;5.80;67.0;12.3;0.00;100.0;ICON13KM
parking_pre_rencontre;ICONIFS;2026-10-17T22:00;ICON13KM;1.60;5.40;104.0;12.2;0.00;100.0;ICON13KM
parking_pre_rencontre;ICONIFS;2026-10-17T23:00;ICON13KM;2.40;5.40;125.0;12.1;0.00;100.0;ICON13KM
parking_pre_rencontre;ICONIFS;2026-10-18T00:00;ICON13KM;2.90;6.20;127.0;11.7;0.00;100.0;ICON13KM
parking_pre_rencontre;ICONIFS;2026-10-18T01:00;ICON13KM;3.20;7.20;123.0;11.2;0.00;100.0;ICON13KM
parking_pre_rencontre;ICONIFS;2026-10-18T02:00;ICON13KM;3.60;8.00;119.0;10.9;0.00;100.0;ICON13KM
parking_pre_rencontre;ICONIFS;2026-10-18T03:00;IFS;2.10;9.90;347.0;8.1;0.00;100.0;IFS
parking_pre_rencontre;ICONIFS;2026-10-18T04:00;IFS;1.90;9.10;348.0;7.8;0.00;100.0;IFS
parking_pre_rencontre;ICONIFS;2026-10-18T05:00;IFS;1.70;8.20;353.0;7.5;0.00;100.0;IFS
parking_pre_rencontre;ICONIFS;2026-10-18T06:00;IFS;1.60;7.40;356.0;7.3;0.00;100.0;IFS
parking_pre_rencontre;ICONIFS;2026-10-18T07:00;IFS;1.50;6.80;4.0;7.2;0.00;100.0;IFS
parking_pre_rencontre;ICONIFS;2026-10-18T08:00;IFS;1.50;6.60;4.0;7.4;0.00;100.0;IFS
parking_pre_rencontre;ICONIFS;2026-10-18T09:00;IFS;1.60;6.60;4.0;7.9;0.00;99.0;IFS
parking_pre_rencontre;ICONIFS;2026-10-18T10:00;IFS;1.80;6.80;360.0;8.8;0.00;99.0;IFS
parking_pre_rencontre;ICONIFS;2026-10-18T11:00;IFS;2.10;7.40;357.0;9.8;0.00;98.0;IFS
parking_pre_rencontre;ICONIFS;2026-10-18T12:00;IFS;2.40;8.00;353.0;10.8;0.00;96.0;IFS
parking_pre_rencontre;ICONIFS;2026-10-18T13:00;IFS;2.70;8.60;352.0;11.6;0.00;93.0;IFS
parking_pre_rencontre;ICONIFS;2026-10-18T14:00;IFS;2.70;9.30;350.0;12.0;0.00;89.0;IFS
parking_pre_rencontre;ICONIFS;2026-10-18T15:00;IFS;2.60;10.30;347.0;11.8;0.00;82.0;IFS
parking_pre_rencontre;ICONIFS;2026-10-18T16:00;IFS;2.30;11.70;345.0;11.3;0.00;71.0;IFS
parking_pre_rencontre;ICONIFS;2026-10-18T17:00;IFS;2.00;13.20;340.0;10.5;0.00;59.0;IFS
parking_pre_rencontre;ICONIFS;2026-10-18T18:00;IFS;1.70;14.60;332.0;9.6;0.00;48.0;IFS
parking_pre_rencontre;ICONIFS;2026-10-18T19:00;IFS;1.30;15.40;324.0;8.9;0.00;40.0;IFS
parking_pre_rencontre;ICONIFS;2026-10-18T20:00;IFS;1.10;15.60;315.0;8.4;0.00;38.0;IFS
parking_pre_rencontre;ICONIFS;2026-10-18T21:00;IFS;1.00;14.80;307.0;8.2;0.00;43.0;IFS
parking_pre_rencontre;ICONIFS;2026-10-18T22:00;IFS;0.70;13.20;293.0;8.1;0.00;53.0;IFS
parking_pre_rencontre;ICONIFS;2026-10-18T23:00;IFS;0.70;11.30;286.0;8.2;0.00;66.0;IFS
parking_pre_rencontre;ICONIFS;2026-10-19T00:00;IFS;0.60;9.10;270.0;8.2;0.00;80.0;IFS
parking_pre_rencontre;ICONIFS;2026-10-19T01:00;IFS;0.60;7.20;261.0;8.3;0.00;92.0;IFS
parking_pre_rencontre;ICONIFS;2026-10-19T02:00;IFS;0.50;6.00;259.0;8.3;0.00;100.0;IFS
parking_pre_rencontre;ICONIFS;2026-10-19T03:00;IFS;0.50;5.40;270.0;8.1;0.00;100.0;IFS
parking_pre_rencontre;ICONIFS;2026-10-19T04:00;IFS;0.40;5.10;284.0;7.8;0.00;100.0;IFS
parking_pre_rencontre;ICONIFS;2026-10-19T05:00;IFS;0.50;5.10;315.0;7.5;0.00;100.0;IFS
parking_pre_rencontre;ICONIFS;2026-10-19T06:00;IFS;0.70;5.20;326.0;7.2;0.00;100.0;IFS
parking_pre_rencontre;ICONIFS;2026-10-19T07:00;IFS;1.00;5.40;336.0;7.1;0.00;100.0;IFS
parking_pre_rencontre;ICONIFS;2026-10-19T08:00;IFS;1.10;5.80;345.0;7.3;0.00;100.0;IFS
parking_pre_rencontre;ICONIFS;2026-10-19T09:00;IFS;1.30;6.20;351.0;7.9;0.00;91.0;IFS
parking_pre_rencontre;ICONIFS;2026-10-19T10:00;IFS;1.60;6.80;356.0;8.9;0.00;77.0;IFS
parking_pre_rencontre;ICONIFS;2026-10-19T11:00;IFS;1.80;7.40;3.0;10.0;0.00;61.0;IFS
parking_pre_rencontre;ICONIFS;2026-10-19T12:00;IFS;2.10;8.20;5.0;11.1;0.00;46.0;IFS
parking_pre_rencontre;ICONIFS;2026-10-19T13:00;IFS;2.30;8.90;7.0;11.9;0.00;35.0;IFS
parking_pre_rencontre;ICONIFS;2026-10-19T14:00;IFS;2.40;9.70;7.0;12.4;0.00;30.0;IFS
parking_pre_rencontre;ICONIFS;2026-10-19T15:00;IFS;2.50;10.70;4.0;12.3;0.00;34.0;IFS
parking_pre_rencontre;ICONIFS;2026-10-19T16:00;IFS;2.50;12.10;358.0;11.9;0.00;45.0;IFS
parking_pre_rencontre;ICONIFS;2026-10-19T17:00;IFS;2.70;13.40;352.0;11.3;0.00;59.0;IFS
parking_pre_rencontre;ICONIFS;2026-10-19T18:00;IFS;2.60;14.60;345.0;10.5;0.00;74.0;IFS
parking_pre_rencontre;ICONIFS;2026-10-19T19:00;IFS;2.70;15.60;339.0;9.8;0.00;88.0;IFS
parking_pre_rencontre;ICONIFS;2026-10-19T20:00;IFS;2.70;15.70;336.0;9.1;0.00;97.0;IFS
parking_pre_rencontre;ICONIFS;2026-10-19T21:00;IFS;2.60;15.20;335.0;8.6;0.00;100.0;IFS
parking_pre_rencontre;ICONIFS;2026-10-19T22:00;IFS;2.30;14.00;336.0;8.0;0.00;100.0;IFS
parking_pre_rencontre;ICONIFS;2026-10-19T23:00;IFS;2.10;12.20;336.0;7.4;0.00;100.0;IFS
parking_pre_rencontre;ICONIFS;2026-10-20T00:00;IFS;1.90;10.70;339.0;6.9;0.00;100.0;IFS
parking_pre_rencontre;ICONIFS;2026-10-20T01:00;IFS;1.60;9.10;343.0;6.4;0.00;100.0;IFS
parking_pre_rencontre;ICONIFS;2026-10-20T02:00;IFS;1.50;8.20;345.0;6.0;0.00;100.0;IFS
parking_pre_rencontre;ICONIFS;2026-10-20T03:00;IFS;1.50;7.80;349.0;5.7;0.00;100.0;IFS
parking_pre_rencontre;ICONIFS;2026-10-20T04:00;IFS;1.50;7.80;349.0;5.4;0.00;100.0;IFS
parking_pre_rencontre;ICONIFS;2026-10-20T05:00;IFS;1.60;8.00;349.0;5.1;0.00;100.0;IFS
parking_pre_rencontre;ICONIFS;2026-10-20T06:00;IFS;1.70;8.20;350.0;5.0;0.00;100.0;IFS
parking_pre_rencontre;ICONIFS;2026-10-20T07:00;IFS;1.80;8.40;354.0;5.1;0.00;100.0;IFS
parking_pre_rencontre;ICONIFS;2026-10-20T08:00;IFS;1.80;8.60;357.0;5.5;0.00;100.0;IFS
parking_pre_rencontre;ICONIFS;2026-10-20T09:00;IFS;1.80;8.60;3.0;6.4;0.00;92.0;IFS
parking_pre_rencontre;ICONIFS;2026-10-20T10:00;IFS;1.90;8.20;12.0;7.8;0.00;81.0;IFS
parking_pre_rencontre;ICONIFS;2026-10-20T11:00;IFS;2.00;8.00;20.0;9.5;0.00;68.0;IFS
parking_pre_rencontre;ICONIFS;2026-10-20T12:00;IFS;2.10;7.80;28.0;11.1;0.00;55.0;IFS
parking_pre_rencontre;ICONIFS;2026-10-20T13:00;IFS;2.20;8.00;34.0;12.3;0.00;44.0;IFS
parking_pre_rencontre;ICONIFS;2026-10-20T14:00;IFS;2.20;8.60;36.0;12.9;0.00;36.0;IFS
parking_pre_rencontre;ICONIFS;2026-10-20T15:00;IFS;2.00;9.90;33.0;12.8;0.00;32.0;IFS
parking_pre_rencontre;ICONIFS;2026-10-20T16:00;IFS;1.70;11.90;27.0;12.0;0.00;31.0;IFS
parking_pre_rencontre;ICONIFS;2026-10-20T17:00;IFS;1.40;14.20;12.0;11.0;0.00;31.0;IFS
parking_pre_rencontre;ICONIFS;2026-10-20T18:00;IFS;1.20;16.30;355.0;9.7;0.00;32.0;IFS
parking_pre_rencontre;ICONIFS;2026-10-20T19:00;IFS;1.10;17.90;333.0;8.6;0.00;35.0;IFS
parking_pre_rencontre;ICONIFS;2026-10-20T20:00;IFS;1.00;18.30;319.0;7.8;0.00;37.0;IFS
parking_pre_rencontre;ICONIFS;2026-10-20T21:00;IFS;0.90;17.10;311.0;7.2;0.00;40.0;IFS
parking_pre_rencontre;ICONIFS;2026-10-20T22:00;IFS;0.60;15.00;309.0;6.7;0.00;43.0;IFS
parking_pre_rencontre;ICONIFS;2026-10-20T23:00;IFS;0.40;12.10;304.0;6.4;0.00;47.0;IFS
parking_pre_rencontre;ICONIFS;2026-10-21T00:00;IFS;0.10;8.90;180.0;6.0;0.00;52.0;IFS
parking_pre_rencontre;ICONIFS;2026-10-21T01:00;IFS;0.40;6.40;146.0;5.7;0.00;57.0;IFS
parking_pre_rencontre;ICONIFS;2026-10-21T02:00;IFS;0.60;4.70;141.0;5.5;0.00;62.0;IFS
parking_pre_rencontre;ICONIFS;2026-10-21T03:00;IFS;0.90;3.90;148.0;5.1;0.00;69.0;IFS
parking_pre_rencontre;ICONIFS;2026-10-21T04:00;IFS;1.20;3.70;156.0;4.7;0.00;79.0;IFS
parking_pre_rencontre;ICONIFS;2026-10-21T05:00;IFS;1.50;3.90;157.0;4.3;0.00;89.0;IFS
parking_pre_rencontre;ICONIFS;2026-10-21T06:00;IFS;1.70;4.50;159.0;4.0;0.00;97.0;IFS
parking_pre_rencontre;ICONIFS;2026-10-21T07:00;IFS;1.80;4.90;164.0;4.1;0.00;100.0;IFS
parking_pre_rencontre;ICONIFS;2026-10-21T08:00;IFS;1.70;5.20;164.0;4.5;0.00;100.0;IFS
parking_pre_rencontre;ICONIFS;2026-10-21T09:00;IFS;1.40;5.40;164.0;5.7;0.00;90.0;IFS
parking_pre_rencontre;ICONIFS;2026-10-21T10:00;IFS;0.80;5.80;159.0;7.5;0.00;74.0;IFS
parking_pre_rencontre;ICONIFS;2026-10-21T11:00;IFS;0.10;6.00;135.0;9.6;0.00;53.0;IFS
parking_pre_rencontre;ICONIFS;2026-10-21T12:00;IFS;0.60;6.40;351.0;11.7;0.00;33.0;IFS
parking_pre_rencontre;ICONIFS;2026-10-21T13:00;IFS;1.20;7.00;351.0;13.3;0.00;14.0;IFS
parking_pre_rencontre;ICONIFS;2026-10-21T14:00;IFS;1.60;7.60;349.0;14.1;0.00;2.0;IFS
parking_pre_rencontre;ICONIFS;2026-10-21T15:00;IFS;1.70;8.60;350.0;14.0;0.00;0.0;IFS
parking_pre_rencontre;ICONIFS;2026-10-21T16:00;IFS;1.80;9.70;351.0;13.3;0.00;0.0;IFS
parking_pre_rencontre;ICONIFS;2026-10-21T17:00;IFS;1.70;11.10;350.0;12.1;0.00;0.0;IFS
parking_pre_rencontre;ICONIFS;2026-10-21T18:00;IFS;1.50;12.20;349.0;10.7;0.00;0.0;IFS
parking_pre_rencontre;ICONIFS;2026-10-21T19:00;IFS;1.30;13.00;351.0;9.4;0.00;0.0;IFS
parking_pre_rencontre;ICONIFS;2026-10-21T20:00;IFS;1.10;13.20;350.0;8.4;0.00;1.0;IFS
parking_pre_rencontre;ICONIFS;2026-10-21T21:00;IFS;0.90;12.60;347.0;7.7;0.00;13.0;IFS
parking_pre_rencontre;ICONIFS;2026-10-21T22:00;IFS;0.70;11.30;344.0;7.1;0.00;32.0;IFS
parking_pre_rencontre;ICONIFS;2026-10-21T23:00;IFS;0.40;9.50;333.0;6.6;0.00;54.0;IFS
parking_pre_rencontre;ICONIFS;2026-10-22T00:00;IFS;0.30;7.60;288.0;6.2;0.00;74.0;IFS
parking_pre_rencontre;ICONIFS;2026-10-22T01:00;IFS;0.40;6.00;236.0;5.8;0.00;90.0;IFS
parking_pre_rencontre;ICONIFS;2026-10-22T02:00;IFS;0.50;4.90;217.0;5.5;0.00;98.0;IFS
parking_pre_rencontre;ICONIFS;2026-10-22T03:00;IFS;0.70;4.10;203.0;5.2;0.00;96.0;IFS
parking_pre_rencontre;ICONIFS;2026-10-22T04:00;IFS;1.00;3.50;202.0;4.9;0.00;86.0;IFS
parking_pre_rencontre;ICONIFS;2026-10-22T05:00;IFS;1.20;3.10;198.0;4.6;0.00;71.0;IFS
parking_pre_rencontre;ICONIFS;2026-10-22T06:00;IFS;1.50;2.90;195.0;4.6;0.00;55.0;IFS
parking_pre_rencontre;ICONIFS;2026-10-22T07:00;IFS;1.50;3.10;195.0;4.8;0.00;40.0;IFS
parking_pre_rencontre;ICONIFS;2026-10-22T08:00;IFS;1.40;3.30;196.0;5.5;0.00;29.0;IFS
parking_pre_rencontre;ICONIFS;2026-10-22T09:00;IFS;0.90;3.90;198.0;7.0;0.00;22.0;IFS
parking_pre_rencontre;ICONIFS;2026-10-22T10:00;IFS;0.30;5.10;225.0;9.1;0.00;16.0;IFS
parking_pre_rencontre;ICONIFS;2026-10-22T11:00;IFS;0.70;6.20;360.0;11.6;0.00;11.0;IFS
parking_pre_rencontre;ICONIFS;2026-10-22T12:00;IFS;1.50;7.60;4.0;14.0;0.00;7.0;IFS
parking_pre_rencontre;ICONIFS;2026-10-22T13:00;IFS;2.10;8.70;5.0;15.8;0.00;4.0;IFS
parking_pre_rencontre;ICONIFS;2026-10-22T14:00;IFS;2.50;9.50;7.0;16.8;0.00;1.0;IFS
parking_pre_rencontre;ICONIFS;2026-10-22T15:00;IFS;2.50;10.10;7.0;16.7;0.00;0.0;IFS
parking_pre_rencontre;ICONIFS;2026-10-22T16:00;IFS;2.20;10.30;5.0;15.8;0.00;0.0;IFS
parking_pre_rencontre;ICONIFS;2026-10-22T17:00;IFS;1.80;10.70;3.0;14.5;0.00;0.0;IFS
parking_pre_rencontre;ICONIFS;2026-10-22T18:00;IFS;1.20;10.70;360.0;12.9;0.00;0.0;IFS
parking_pre_rencontre;ICONIFS;2026-10-22T19:00;IFS;0.70;10.50;352.0;11.4;0.00;1.0;IFS
parking_pre_rencontre;ICONIFS;2026-10-22T20:00;IFS;0.40;10.30;326.0;10.3;0.00;1.0;IFS
parking_pre_rencontre;ICONIFS;2026-10-22T21:00;IFS;0.30;9.70;270.0;9.5;0.00;1.0;IFS
parking_pre_rencontre;ICONIFS;2026-10-22T22:00;IFS;0.40;8.90;225.0;8.9;0.00;1.0;IFS
parking_pre_rencontre;ICONIFS;2026-10-22T23:00;IFS;0.60;8.00;219.0;8.3;0.00;1.0;IFS
parking_pre_rencontre;ICONIFS;2026-10-23T00:00;IFS;0.80;6.80;216.0;7.9;0.00;1.0;IFS
parking_pre_rencontre;ICONIFS;2026-10-23T01:00;IFS;1.00;6.00;209.0;7.5;0.00;1.0;IFS
parking_pre_rencontre;ICONIFS;2026-10-23T02:00;IFS;1.10;5.40;207.0;7.1;0.00;1.0;IFS
parking_pre_rencontre;ICONIFS;2026-10-23T03:00;IFS;1.20;5.20;204.0;6.7;0.00;1.0;IFS
parking_pre_rencontre;ICONIFS;2026-10-23T04:00;IFS;1.10;5.20;200.0;6.2;0.00;1.0;IFS
parking_pre_rencontre;ICONIFS;2026-10-23T05:00;IFS;1.20;5.20;194.0;5.7;0.00;1.0;IFS
parking_pre_rencontre;ICONIFS;2026-10-23T06:00;IFS;1.10;5.40;195.0;5.5;0.00;0.0;IFS
parking_pre_rencontre;ICONIFS;2026-10-23T07:00;IFS;1.10;5.60;190.0;5.7;0.00;0.0;IFS
parking_pre_rencontre;ICONIFS;2026-10-23T08:00;IFS;1.00;5.80;186.0;6.6;0.00;0.0;IFS
parking_pre_rencontre;ICONIFS;2026-10-23T09:00;IFS;0.90;6.00;180.0;8.4;0.00;0.0;IFS
parking_pre_rencontre;ICONIFS;2026-10-23T10:00;IFS;0.70;6.20;180.0;11.2;0.00;0.0;IFS
parking_pre_rencontre;ICONIFS;2026-10-23T11:00;IFS;0.40;6.40;166.0;14.5;0.00;0.0;IFS
parking_pre_rencontre;ICONIFS;2026-10-23T12:00;IFS;0.30;6.60;135.0;17.6;0.00;0.0;IFS
parking_pre_rencontre;ICONIFS;2026-10-23T13:00;IFS;0.20;6.80;90.0;20.1;0.00;0.0;IFS
parking_pre_rencontre;ICONIFS;2026-10-23T14:00;IFS;0.30;7.00;45.0;21.4;0.00;0.0;IFS
parking_pre_rencontre;ICONIFS;2026-10-23T15:00;IFS;0.40;7.40;27.0;21.3;0.00;0.0;IFS
parking_pre_rencontre;ICONIFS;2026-10-23T16:00;IFS;0.50;7.80;11.0;20.1;0.00;0.0;IFS
parking_pre_rencontre;ICONIFS;2026-10-23T17:00;IFS;0.70;8.40;360.0;18.4;0.00;0.0;IFS
parking_pre_rencontre;ICONIFS;2026-10-23T18:00;IFS;0.80;8.70;353.0;16.3;0.00;0.0;IFS
parking_pre_rencontre;ICONIFS;2026-10-23T19:00;IFS;0.80;8.90;346.0;14.4;0.00;0.0;IFS
parking_pre_rencontre;ICONIFS;2026-10-23T20:00;IFS;0.80;8.90;339.0;12.9;0.00;0.0;IFS
parking_pre_rencontre;ICONIFS;2026-10-23T21:00;IFS;0.70;8.60;333.0;11.9;0.00;0.0;IFS
parking_pre_rencontre;ICONIFS;2026-10-23T22:00;IFS;0.50;7.80;323.0;11.0;0.00;0.0;IFS
parking_pre_rencontre;ICONIFS;2026-10-23T23:00;IFS;0.30;6.80;270.0;10.2;0.00;0.0;IFS
parking_pre_rencontre;ICONIFS;2026-10-24T00:00;IFS;0.50;5.60;217.0;9.5;0.00;0.0;IFS
parking_pre_rencontre;ICONIFS;2026-10-24T01:00;IFS;0.70;4.90;203.0;8.8;0.00;0.0;IFS
parking_pre_rencontre;ICONIFS;2026-10-24T02:00;IFS;0.90;4.30;198.0;8.2;0.00;0.0;IFS
parking_pre_rencontre;ICONIFS;2026-10-24T03:00;IFS;1.10;3.90;195.0;7.5;0.00;0.0;IFS
parking_pre_rencontre;ICONIFS;2026-10-24T04:00;IFS;1.30;3.70;193.0;6.7;0.00;0.0;IFS
parking_pre_rencontre;ICONIFS;2026-10-24T05:00;IFS;1.40;3.50;192.0;6.0;0.00;0.0;IFS
parking_pre_rencontre;ICONIFS;2026-10-24T06:00;IFS;1.50;3.50;191.0;5.5;0.00;0.0;IFS
parking_pre_rencontre;ICONIFS;2026-10-24T07:00;IFS;1.40;3.90;192.0;5.4;0.00;0.0;IFS
parking_pre_rencontre;ICONIFS;2026-10-24T08:00;IFS;1.20;4.30;194.0;5.8;0.00;0.0;IFS
parking_pre_rencontre;ICONIFS;2026-10-24T09:00;IFS;0.70;5.10;196.0;7.1;0.00;3.0;IFS
parking_pre_rencontre;ICONIFS;2026-10-24T10:00;IFS;0.20;6.20;333.0;9.3;0.00;8.0;IFS
parking_pre_rencontre;ICONIFS;2026-10-24T11:00;IFS;1.10;7.80;360.0;11.8;0.00;14.0;IFS
parking_pre_rencontre;ICONIFS;2026-10-24T12:00;IFS;1.90;9.10;3.0;14.3;0.00;19.0;IFS
parking_pre_rencontre;ICONIFS;2026-10-24T13:00;IFS;2.70;10.50;4.0;16.2;0.00;23.0;IFS
parking_pre_rencontre;ICONIFS;2026-10-24T14:00;IFS;3.20;11.50;3.0;17.2;0.00;25.0;IFS
parking_pre_rencontre;ICONIFS;2026-10-24T15:00;IFS;3.40;12.20;3.0;16.9;0.00;22.0;IFS
parking_pre_rencontre;ICONIFS;2026-10-24T16:00;IFS;3.30;13.20;2.0;15.8;0.00;16.0;IFS
parking_pre_rencontre;ICONIFS;2026-10-24T17:00;IFS;3.10;13.80;360.0;14.1;0.00;8.0;IFS
parking_pre_rencontre;ICONIFS;2026-10-24T18:00;IFS;2.80;14.40;358.0;12.3;0.00;2.0;IFS
parking_pre_rencontre;ICONIFS;2026-10-24T19:00;IFS;2.40;14.60;353.0;10.6;0.00;0.0;IFS
parking_pre_rencontre;ICONIFS;2026-10-24T20:00;IFS;2.10;14.60;349.0;9.4;0.00;1.0;IFS
parking_pre_rencontre;ICONIFS;2026-10-24T21:00;IFS;1.60;14.20;343.0;8.8;0.00;12.0;IFS
parking_pre_rencontre;ICONIFS;2026-10-24T22:00;IFS;1.20;13.20;325.0;8.3;0.00;29.0;IFS
parking_pre_rencontre;ICONIFS;2026-10-24T23:00;IFS;0.90;12.20;288.0;8.0;0.00;49.0;IFS
parking_pre_rencontre;ICONIFS;2026-10-25T00:00;IFS;1.00;11.10;253.0;7.9;0.00;70.0;IFS
parking_pre_rencontre;ICONIFS;2026-10-25T01:00;IFS;1.40;9.90;236.0;7.7;0.00;88.0;IFS
parking_pre_rencontre;ICONIFS;2026-10-25T02:00;IFS;1.60;9.10;225.0;7.6;0.00;100.0;IFS
parking_pre_rencontre;ICONIFS;2026-10-25T03:00;IFS;1.80;8.40;221.0;7.3;0.00;100.0;IFS
parking_pre_rencontre;ICONIFS;2026-10-25T04:00;IFS;1.70;7.80;218.0;6.9;0.00;100.0;IFS
parking_pre_rencontre;ICONIFS;2026-10-25T05:00;IFS;1.70;7.20;216.0;6.5;0.00;100.0;IFS
parking_pre_rencontre;ICONIFS;2026-10-25T06:00;IFS;1.40;6.80;214.0;6.4;0.00;100.0;IFS
parking_pre_rencontre;ICONIFS;2026-10-25T07:00;IFS;1.10;6.40;211.0;6.6;0.00;100.0;IFS
parking_pre_rencontre;ICONIFS;2026-10-25T08:00;IFS;0.90;6.20;207.0;7.2;0.00;100.0;IFS
parking_pre_rencontre;ICONIFS;2026-10-25T09:00;IFS;0.40;6.20;207.0;8.6;0.00;88.0;IFS
parking_pre_rencontre;ICONIFS;2026-10-25T10:00;IFS;0.10;6.40;45.0;10.7;0.00;70.0;IFS
parking_pre_rencontre;ICONIFS;2026-10-25T11:00;IFS;0.80;6.80;40.0;13.1;0.00;50.0;IFS
parking_pre_rencontre;ICONIFS;2026-10-25T12:00;IFS;1.40;7.20;34.0;15.6;0.00;30.0;IFS
parking_pre_rencontre;ICONIFS;2026-10-25T13:00;IFS;1.90;7.60;30.0;17.6;0.00;12.0;IFS
parking_pre_rencontre;ICONIFS;2026-10-25T14:00;IFS;2.30;7.80;31.0;19.1;0.00;0.0;IFS
plage_de_sevrier;ICONIFS;2026-10-10T00:00;ICONCH1;1.10;8.70;239.0;13.4;0.00;100.0;ICONCH1
plage_de_sevrier;ICONIFS;2026-10-10T01:00;ICONCH1;1.40;2.90;352.0;13.4;0.00;100.0;ICONCH1
plage_de_sevrier;ICONIFS;2026-10-10T02:00;ICONCH1;2.30;3.70;318.0;13.5;0.00;100.0;ICONCH1
plage_de_sevrier;ICONIFS;2026-10-10T03:00;ICONCH1;3.50;5.40;6.0;13.2;0.00;100.0;ICONCH1
plage_de_sevrier;ICONIFS;2026-10-10T04:00;ICONCH1;2.50;4.70;342.0;13.5;0.10;100.0;ICONCH1
plage_de_sevrier;ICONIFS;2026-10-10T05:00;ICONCH1;1.70;4.50;333.0;13.2;0.30;100.0;ICONCH1
plage_de_sevrier;ICONIFS;2026-10-10T06:00;ICONCH1;2.10;2.90;338.0;12.8;0.90;100.0;ICONCH1
plage_de_sevrier;ICONIFS;2026-10-10T07:00;ICONCH1;1.20;3.50;309.0;12.8;0.80;100.0;ICONCH1
plage_de_sevrier;ICONIFS;2026-10-10T08:00;ICONCH1;3.50;4.70;171.0;13.2;0.40;100.0;ICONCH1
plage_de_sevrier;ICONIFS;2026-10-10T09:00;ICONCH1;2.80;5.20;141.0;13.1;0.40;100.0;ICONCH1
plage_de_sevrier;ICONIFS;2026-10-10T10:00;ICONCH1;1.90;4.10;143.0;13.0;1.30;100.0;ICONCH1
plage_de_sevrier;ICONIFS;2026-10-10T11:00;ICONCH1;2.10;4.10;175.0;13.1;0.30;100.0;ICONCH1
plage_de_sevrier;ICONIFS;2026-10-10T12:00;ICONCH1;2.90;5.10;172.0;13.3;0.20;100.0;ICONCH1
plage_de_sevrier;ICONIFS;2026-10-10T13:00;ICONCH1;0.20;4.10;180.0;13.7;0.00;100.0;ICONCH1
plage_de_sevrier;ICONIFS;2026-10-10T14:00;ICONCH1;0.80;2.50;14.0;14.1;0.00;100.0;ICONCH1
plage_de_sevrier;ICONIFS;2026-10-10T15:00;ICONCH1;1.60;2.90;353.0;14.5;0.10;100.0;ICONCH1
plage_de_sevrier;ICONIFS;2026-10-10T16:00;ICONCH1;1.20;2.10;309.0;14.9;0.00;91.0;ICONCH1
plage_de_sevrier;ICONIFS;2026-10-10T17:00;ICONCH1;1.60;3.30;353.0;15.4;0.00;92.0;ICONCH1
plage_de_sevrier;ICONIFS;2026-10-10T18:00;ICONCH1;1.00;2.10;217.0;15.5;0.00;53.0;ICONCH1
plage_de_sevrier;ICONIFS;2026-10-10T19:00;ICONCH1;2.10;3.70;185.0;15.5;0.00;57.0;ICONCH1
plage_de_sevrier;ICONIFS;2026-10-10T20:00;ICONCH1;2.40;3.10;9.0;16.0;0.00;69.0;ICONCH1
plage_de_sevrier;ICONIFS;2026-10-10T21:00;ICONCH1;4.00;5.40;321.0;15.6;0.00;91.0;ICONCH1
plage_de_sevrier;ICONIFS;2026-10-10T22:00;ICONCH1;2.60;5.60;228.0;14.9;0.00;64.0;ICONCH1
plage_de_sevrier;ICONIFS;2026-10-10T23:00;ICONCH1;6.40;8.40;2.0;14.7;0.00;78.0;ICONCH1
plage_de_sevrier;ICONIFS;2026-10-11T00:00;ICONCH1;9.20;11.90;348.0;14.1;0.00;82.0;ICONCH1
plage_de_sevrier;ICONIFS;2026-10-11T01:00;ICONCH1;10.80;14.20;351.0;13.8;0.00;81.0;ICONCH1
plage_de_sevrier;ICONIFS;2026-10-11T02:00;ICONCH1;10.10;14.60;344.0;13.4;0.00;69.0;ICONCH1
plage_de_sevrier;ICONIFS;2026-10-11T03:00;ICONCH1;9.20;13.00;342.0;13.0;0.00;85.0;ICONCH1
plage_de_sevrier;ICONIFS;2026-10-11T04:00;ICONCH1;7.40;11.90;340.0;12.6;0.00;60.0;ICONCH1
plage_de_sevrier;ICONIFS;2026-10-11T05:00;ICONCH1;6.60;9.50;336.0;12.4;0.00;99.0;ICONCH1
plage_de_sevrier;ICONIFS;2026-10-11T06:00;ICONCH1;7.90;10.10;343.0;12.1;0.00;100.0;ICONCH1
plage_de_sevrier;ICONIFS;2026-10-11T07:00;ICONCH1;7.60;10.50;345.0;11.7;0.00;100.0;ICONCH1
plage_de_sevrier;ICONIFS;2026-10-11T08:00;ICONCH1;6.50;9.70;339.0;11.5;0.00;100.0;ICONCH1
plage_de_sevrier;ICONIFS;2026-10-11T09:00;ICONCH1;4.90;8.20;344.0;11.4;0.00;100.0;ICONCH1
plage_de_sevrier;ICONIFS;2026-10-11T10:00;ICONCH1;4.70;7.20;341.0;11.6;0.00;100.0;ICONCH1
plage_de_sevrier;ICONIFS;2026-10-11T11:00;ICONCH1;7.00;8.70;347.0;12.1;0.00;100.0;ICONCH1
plage_de_sevrier;ICONIFS;2026-10-11T12:00;ICONCH1;6.10;8.70;354.0;12.9;0.00;100.0;ICONCH1
plage_de_sevrier;ICONIFS;2026-10-11T13:00;ICONCH1;5.80;8.20;346.0;14.0;0.00;86.0;ICONCH1
plage_de_sevrier;ICONIFS;2026-10-11T14:00;ICONCH1;5.40;7.40;339.0;14.7;0.00;78.0;ICONCH1
plage_de_sevrier;ICONIFS;2026-10-11T15:00;ICONCH1;4.50;7.00;326.0;15.3;0.00;97.0;ICONCH1
plage_de_sevrier;ICONIFS;2026-10-11T16:00;ICONCH1;5.20;6.80;301.0;15.9;0.00;100.0;ICONCH1
plage_de_sevrier;ICONIFS;2026-10-11T17:00;ICONCH1;5.50;7.60;288.0;16.1;0.00;100.0;ICONCH1
plage_de_sevrier;ICONIFS;2026-10-11T18:00;ICONCH1;7.20;9.10;308.0;16.0;0.00;100.0;ICONCH1
plage_de_sevrier;ICONIFS;2026-10-11T19:00;ICONCH1;5.00;9.90;318.0;15.1;0.00;100.0;ICONCH1
plage_de_sevrier;ICONIFS;2026-10-11T20:00;ICONCH1;3.80;6.60;325.0;15.0;0.00;97.0;ICONCH1
plage_de_sevrier;ICONIFS;2026-10-11T21:00;ICONCH1;3.90;5.40;342.0;14.4;0.00;56.0;ICONCH1
plage_de_sevrier;ICONIFS;2026-10-11T22:00;ICONCH1;4.70;6.20;351.0;13.4;0.00;74.0;ICONCH1
plage_de_sevrier;ICONIFS;2026-10-11T23:00;ICONCH1;5.70;7.20;344.0;12.8;0.00;68.0;ICONCH1
plage_de_sevrier;ICONIFS;2026-10-12T00:00;ICONCH1;3.50;7.20;351.0;12.6;0.00;69.0;ICONCH1
plage_de_sevrier;ICONIFS;2026-10-12T01:00;ICONCH1;5.00;6.40;344.0;12.1;0.00;21.0;ICONCH1
plage_de_sevrier;ICONIFS;2026-10-12T02:00;ICONCH1;4.90;7.80;353.0;11.6;0.00;0.0;ICONCH1
plage_de_sevrier;ICONIFS;2026-10-12T03:00;ICONCH1;4.10;6.40;343.0;11.4;0.00;0.0;ICONCH1
plage_de_sevrier;ICONIFS;2026-10-12T04:00;ICONCH1;4.80;6.60;346.0;11.2;0.00;0.0;ICONCH1
plage_de_sevrier;ICONIFS;2026-10-12T05:00;ICONCH1;3.30;6.40;357.0;11.0;0.00;0.0;ICONCH1
plage_de_sevrier;ICONIFS;2026-10-12T06:00;ICONCH2;1.60;2.10;330.0;10.6;0.00;17.0;ICONCH2
plage_de_sevrier;ICONIFS;2026-10-12T07:00;ICONCH2;2.60;3.70;347.0;10.4;0.00;37.0;ICONCH2
plage_de_sevrier;ICONIFS;2026-10-12T08:00;ICONCH2;0.50;3.50;315.0;10.0;0.00;39.0;ICONCH2
plage_de_sevrier;ICONIFS;2026-10-12T09:00;ICONCH2;1.00;1.40;349.0;10.2;0.00;44.0;ICONCH2
plage_de_sevrier;ICONIFS;2026-10-12T10:00;ICONCH2;1.00;1.90;292.0;10.8;0.00;48.0;ICONCH2
plage_de_sevrier;ICONIFS;2026-10-12T11:00;ICONCH2;1.20;2.30;270.0;11.5;0.00;0.0;ICONCH2
plage_de_sevrier;ICONIFS;2026-10-12T12:00;ICONCH2;1.40;2.90;262.0;12.8;0.00;0.0;ICONCH2
plage_de_sevrier;ICONIFS;2026-10-12T13:00;ICONCH2;1.60;3.10;256.0;14.1;0.00;0.0;ICONCH2
plage_de_sevrier;ICONIFS;2026-10-12T14:00;ICONCH2;3.20;5.60;284.0;15.6;0.00;0.0;ICONCH2
plage_de_sevrier;ICONIFS;2026-10-12T15:00;ICONCH2;4.40;7.40;285.0;16.8;0.00;0.0;ICONCH2
plage_de_sevrier;ICONIFS;2026-10-12T16:00;ICONCH2;4.70;8.20;289.0;17.3;0.00;0.0;ICONCH2
plage_de_sevrier;ICONIFS;2026-10-12T17:00;ICONCH2;4.10;7.80;287.0;17.4;0.00;0.0;ICONCH2
plage_de_sevrier;ICONIFS;2026-10-12T18:00;ICONCH2;4.10;6.80;287.0;17.2;0.00;0.0;ICONCH2
plage_de_sevrier;ICONIFS;2026-10-12T19:00;ICONCH2;2.60;6.60;297.0;16.1;0.00;0.0;ICONCH2
plage_de_sevrier;ICONIFS;2026-10-12T20:00;ICONCH2;0.80;4.10;14.0;15.3;0.00;0.0;ICONCH2
plage_de_sevrier;ICONIFS;2026-10-12T21:00;ICONCH2;1.60;2.30;120.0;13.1;0.00;0.0;ICONCH2
plage_de_sevrier;ICONIFS;2026-10-12T22:00;ICONCH2;1.00;2.50;68.0;12.9;0.00;16.0;ICONCH2
plage_de_sevrier;ICONIFS;2026-10-12T23:00;ICONCH2;1.00;1.70;349.0;13.6;0.00;7.0;ICONCH2
plage_de_sevrier;ICONIFS;2026-10-13T00:00;ICONCH2;0.40;1.40;360.0;13.0;0.00;1.0;ICONCH2
plage_de_sevrier;ICONIFS;2026-10-13T01:00;ICONCH2;1.30;1.70;333.0;12.8;0.00;0.0;ICONCH2
plage_de_sevrier;ICONIFS;2026-10-13T02:00;ICONCH2;2.50;3.50;342.0;12.5;0.00;0.0;ICONCH2
plage_de_sevrier;ICONIFS;2026-10-13T03:00;ICONCH2;1.20;3.50;342.0;12.4;0.00;0.0;ICONCH2
plage_de_sevrier;ICONIFS;2026-10-13T04:00;ICONCH2;0.40;1.70;27.0;12.1;0.00;0.0;ICONCH2
plage_de_sevrier;ICONIFS;2026-10-13T05:00;ICONCH2;0.80;1.20;315.0;11.9;0.00;0.0;ICONCH2
plage_de_sevrier;ICONIFS;2026-10-13T06:00;ICONCH2;2.20;3.10;322.0;11.4;0.00;0.0;ICONCH2
plage_de_sevrier;ICONIFS;2026-10-13T07:00;ICONCH2;1.20;3.30;360.0;11.3;0.00;0.0;ICONCH2
plage_de_sevrier;ICONIFS;2026-10-13T08:00;ICONCH2;1.70;2.30;333.0;11.3;0.00;0.0;ICONCH2
plage_de_sevrier;ICONIFS;2026-10-13T09:00;ICONCH2;1.00;2.30;338.0;11.4;0.00;0.0;ICONCH2
plage_de_sevrier;ICONIFS;2026-10-13T10:00;ICONCH2;0.20;1.40;360.0;12.0;0.00;0.0;ICONCH2
plage_de_sevrier;ICONIFS;2026-10-13T11:00;ICONCH2;0.80;1.60;270.0;12.7;0.00;0.0;ICONCH2
plage_de_sevrier;ICONIFS;2026-10-13T12:00;ICONCH2;1.20;2.70;288.0;13.9;0.00;0.0;ICONCH2
plage_de_sevrier;ICONIFS;2026-10-13T13:00;ICONCH2;2.10;3.90;304.0;15.9;0.00;0.0;ICONCH2
plage_de_sevrier;ICONIFS;2026-10-13T14:00;ICONCH2;2.30;4.10;290.0;17.3;0.00;8.0;ICONCH2
plage_de_sevrier;ICONIFS;2026-10-13T15:00;ICONCH2;2.50;4.30;293.0;18.1;0.00;34.0;ICONCH2
plage_de_sevrier;ICONIFS;2026-10-13T16:00;ICONCH2;3.20;5.40;303.0;18.7;0.00;33.0;ICONCH2
plage_de_sevrier;ICONIFS;2026-10-13T17:00;ICONCH2;3.00;5.40;297.0;18.9;0.00;27.0;ICONCH2
plage_de_sevrier;ICONIFS;2026-10-13T18:00;ICONCH2;2.90;5.10;307.0;18.7;0.00;47.0;ICONCH2
plage_de_sevrier;ICONIFS;2026-10-13T19:00;ICONCH2;1.90;4.90;24.0;17.6;0.00;44.0;ICONCH2
plage_de_sevrier;ICONIFS;2026-10-13T20:00;ICONCH2;3.00;4.50;50.0;15.9;0.00;87.0;ICONCH2
plage_de_sevrier;ICONIFS;2026-10-13T21:00;ICONCH2;2.90;4.50;94.0;15.1;0.00;100.0;ICONCH2
plage_de_sevrier;ICONIFS;2026-10-13T22:00;ICONCH2;1.60;4.30;104.0;15.0;0.00;100.0;ICONCH2
plage_de_sevrier;ICONIFS;2026-10-13T23:00;ICONCH2;1.40;2.30;124.0;14.3;0.00;100.0;ICONCH2
plage_de_sevrier;ICONIFS;2026-10-14T00:00;ICONCH2;1.50;2.10;113.0;14.2;0.00;100.0;ICONCH2
plage_de_sevrier;ICONIFS;2026-10-14T01:00;ICONCH2;0.80;1.90;76.0;14.4;0.00;100.0;ICONCH2
plage_de_sevrier;ICONIFS;2026-10-14T02:00;ICONCH2;1.00;1.90;90.0;14.4;0.00;100.0;ICONCH2
plage_de_sevrier;ICONIFS;2026-10-14T03:00;ICONCH2;1.40;1.90;98.0;14.1;0.00;89.0;ICONCH2
plage_de_sevrier;ICONIFS;2026-10-14T04:00;ICONCH2;1.60;2.30;104.0;13.9;0.00;85.0;ICONCH2
plage_de_sevrier;ICONIFS;2026-10-14T05:00;ICONCH2;0.60;2.30;72.0;14.0;0.00;100.0;ICONCH2
plage_de_sevrier;ICONIFS;2026-10-14T06:00;ICONCH2;1.60;2.10;90.0;13.6;0.00;100.0;ICONCH2
plage_de_sevrier;ICONIFS;2026-10-14T07:00;ICONCH2;0.90;2.10;63.0;13.9;0.00;100.0;ICONCH2
plage_de_sevrier;ICONIFS;2026-10-14T08:00;ICONCH2;0.60;1.90;342.0;14.1;0.00;100.0;ICONCH2
plage_de_sevrier;ICONIFS;2026-10-14T09:00;ICONCH2;0.60;1.00;90.0;14.2;0.00;100.0;ICONCH2
plage_de_sevrier;ICONIFS;2026-10-14T10:00;ICONCH2;0.90;1.60;117.0;14.9;0.00;0.0;ICONCH2
plage_de_sevrier;ICONIFS;2026-10-14T11:00;ICONCH2;1.00;2.10;202.0;15.5;0.00;0.0;ICONCH2
plage_de_sevrier;ICONIFS;2026-10-14T12:00;ICONCH2;0.60;2.10;252.0;16.2;0.00;0.0;ICONCH2
plage_de_sevrier;ICONIFS;2026-10-14T13:00;ICONCH2;0.60;1.60;270.0;17.5;0.00;0.0;ICONCH2
plage_de_sevrier;ICONIFS;2026-10-14T14:00;ICONCH2;1.60;2.90;263.0;18.8;0.00;0.0;ICONCH2
plage_de_sevrier;ICONIFS;2026-10-14T15:00;ICON13KM;3.60;8.70;315.0;19.2;0.00;0.0;ICON13KM
plage_de_sevrier;ICONIFS;2026-10-14T16:00;ICON13KM;3.60;8.70;315.0;19.5;0.00;0.0;ICON13KM
plage_de_sevrier;ICONIFS;2026-10-14T17:00;ICON13KM;3.00;8.00;315.0;19.2;0.00;0.0;ICON13KM
plage_de_sevrier;ICONIFS;2026-10-14T18:00;ICON13KM;1.60;6.20;315.0;18.0;0.00;2.0;ICON13KM
plage_de_sevrier;ICONIFS;2026-10-14T19:00;ICON13KM;0.30;3.70;135.0;16.4;0.00;5.0;ICON13KM
plage_de_sevrier;ICONIFS;2026-10-14T20:00;ICON13KM;1.80;2.10;131.0;15.0;0.00;7.0;ICON13KM
plage_de_sevrier;ICONIFS;2026-10-14T21:00;ICON13KM;2.40;2.30;125.0;14.2;0.00;7.0;ICON13KM
plage_de_sevrier;ICONIFS;2026-10-14T22:00;ICON13KM;2.50;3.30;113.0;13.6;0.00;6.0;ICON13KM
plage_de_sevrier;ICONIFS;2026-10-14T23:00;ICON13KM;2.80;4.30;106.0;13.1;0.00;6.0;ICON13KM
plage_de_sevrier;ICONIFS;2026-10-15T00:00;ICON13KM;3.00;4.70;105.0;12.7;0.00;4.0;ICON13KM
plage_de_sevrier;ICONIFS;2026-10-15T01:00;ICON13KM;3.30;5.10;107.0;12.5;0.00;2.0;ICON13KM
plage_de_sevrier;ICONIFS;2026-10-15T02:00;ICON13KM;3.30;5.40;107.0;12.3;0.00;0.0;ICON13KM
plage_de_sevrier;ICONIFS;2026-10-15T03:00;ICON13KM;3.30;5.80;107.0;12.2;0.00;5.0;ICON13KM
plage_de_sevrier;ICONIFS;2026-10-15T04:00;ICON13KM;3.50;6.00;109.0;12.1;0.00;10.0;ICON13KM
plage_de_sevrier;ICONIFS;2026-10-15T05:00;ICON13KM;3.50;6.20;109.0;12.0;0.00;15.0;ICON13KM
plage_de_sevrier;ICONIFS;2026-10-15T06:00;ICON13KM;3.50;6.20;109.0;11.5;0.00;15.0;ICON13KM
plage_de_sevrier;ICONIFS;2026-10-15T07:00;ICON13KM;3.50;6.00;109.0;10.9;0.00;15.0;ICON13KM
plage_de_sevrier;ICONIFS;2026-10-15T08:00;ICON13KM;3.30;5.80;111.0;11.2;0.00;15.0;ICON13KM
plage_de_sevrier;ICONIFS;2026-10-15T09:00;ICON13KM;2.60;5.20;117.0;12.9;0.00;11.0;ICON13KM
plage_de_sevrier;ICONIFS;2026-10-15T10:00;ICON13KM;1.50;4.70;130.0;15.3;0.00;8.0;ICON13KM
plage_de_sevrier;ICONIFS;2026-10-15T11:00;ICON13KM;0.60;4.50;162.0;17.4;0.00;4.0;ICON13KM
plage_de_sevrier;ICONIFS;2026-10-15T12:00;ICON13KM;0.80;5.10;284.0;18.5;0.00;4.0;ICON13KM
plage_de_sevrier;ICONIFS;2026-10-15T13:00;ICON13KM;1.80;6.20;302.0;19.2;0.00;4.0;ICON13KM
plage_de_sevrier;ICONIFS;2026-10-15T14:00;ICON13KM;2.60;6.80;306.0;19.7;0.00;4.0;ICON13KM
plage_de_sevrier;ICONIFS;2026-10-15T15:00;ICON13KM;2.90;6.60;307.0;20.1;0.00;3.0;ICON13KM
plage_de_sevrier;ICONIFS;2026-10-15T16:00;ICON13KM;2.80;6.00;304.0;20.3;0.00;2.0;ICON13KM
plage_de_sevrier;ICONIFS;2026-10-15T17:00;ICON13KM;2.10;5.40;304.0;19.9;0.00;1.0;ICON13KM
plage_de_sevrier;ICONIFS;2026-10-15T18:00;ICON13KM;0.70;4.70;326.0;18.7;0.00;6.0;ICON13KM
plage_de_sevrier;ICONIFS;2026-10-15T19:00;ICON13KM;1.40;4.10;98.0;16.9;0.00;10.0;ICON13KM
plage_de_sevrier;ICONIFS;2026-10-15T20:00;ICON13KM;2.60;3.50;107.0;15.4;0.00;15.0;ICON13KM
plage_de_sevrier;ICONIFS;2026-10-15T21:00;ICON13KM;3.00;3.50;113.0;14.7;0.00;14.0;ICON13KM
plage_de_sevrier;ICONIFS;2026-10-15T22:00;ICON13KM;3.00;3.50;117.0;14.4;0.00;14.0;ICON13KM
plage_de_sevrier;ICONIFS;2026-10-15T23:00;ICON13KM;2.90;3.90;118.0;14.1;0.00;13.0;ICON13KM
plage_de_sevrier;ICONIFS;2026-10-16T00:00;ICON13KM;3.00;4.30;117.0;13.7;0.00;20.0;ICON13KM
plage_de_sevrier;ICONIFS;2026-10-16T01:00;ICON13KM;3.30;5.10;111.0;13.4;0.00;27.0;ICON13KM
plage_de_sevrier;ICONIFS;2026-10-16T02:00;ICON13KM;3.50;5.40;109.0;13.0;0.00;34.0;ICON13KM
plage_de_sevrier;ICONIFS;2026-10-16T03:00;ICON13KM;3.50;5.60;109.0;12.6;0.00;28.0;ICON13KM
plage_de_sevrier;ICONIFS;2026-10-16T04:00;ICON13KM;3.30;5.60;107.0;12.2;0.00;21.0;ICON13KM
plage_de_sevrier;ICONIFS;2026-10-16T05:00;ICON13KM;3.10;5.60;108.0;11.8;0.00;15.0;ICON13KM
plage_de_sevrier;ICONIFS;2026-10-16T06:00;ICON13KM;3.30;5.60;107.0;11.2;0.00;10.0;ICON13KM
plage_de_sevrier;ICONIFS;2026-10-16T07:00;ICON13KM;3.40;5.60;106.0;10.6;0.00;5.0;ICON13KM
plage_de_sevrier;ICONIFS;2026-10-16T08:00;ICON13KM;3.00;5.60;105.0;10.8;0.00;0.0;ICON13KM
plage_de_sevrier;ICONIFS;2026-10-16T09:00;ICON13KM;1.60;5.60;97.0;12.3;0.00;2.0;ICON13KM
plage_de_sevrier;ICONIFS;2026-10-16T10:00;ICON13KM;0.90;5.60;333.0;14.6;0.00;4.0;ICON13KM
plage_de_sevrier;ICONIFS;2026-10-16T11:00;ICON13KM;2.40;5.80;305.0;16.5;0.00;6.0;ICON13KM
plage_de_sevrier;ICONIFS;2026-10-16T12:00;ICON13KM;3.00;6.20;302.0;17.7;0.00;29.0;ICON13KM
plage_de_sevrier;ICONIFS;2026-10-16T13:00;ICON13KM;2.70;6.40;300.0;18.5;0.00;53.0;ICON13KM
plage_de_sevrier;ICONIFS;2026-10-16T14:00;ICON13KM;2.70;6.80;300.0;19.0;0.00;76.0;ICON13KM
plage_de_sevrier;ICONIFS;2026-10-16T15:00;ICON13KM;2.80;7.20;304.0;19.4;0.00;63.0;ICON13KM
plage_de_sevrier;ICONIFS;2026-10-16T16:00;ICON13KM;2.90;7.40;307.0;19.5;0.00;49.0;ICON13KM
plage_de_sevrier;ICONIFS;2026-10-16T17:00;ICON13KM;2.60;7.00;312.0;19.1;0.00;36.0;ICON13KM
plage_de_sevrier;ICONIFS;2026-10-16T18:00;ICON13KM;1.70;5.20;306.0;17.9;0.00;46.0;ICON13KM
plage_de_sevrier;ICONIFS;2026-10-16T19:00;ICON13KM;0.40;2.90;243.0;16.4;0.00;56.0;ICON13KM
plage_de_sevrier;ICONIFS;2026-10-16T20:00;ICON13KM;1.00;1.40;158.0;15.1;0.00;66.0;ICON13KM
plage_de_sevrier;ICONIFS;2026-10-16T21:00;ICON13KM;1.80;1.60;139.0;14.4;0.00;72.0;ICON13KM
plage_de_sevrier;ICONIFS;2026-10-16T22:00;ICON13KM;2.20;2.70;128.0;13.9;0.00;79.0;ICON13KM
plage_de_sevrier;ICONIFS;2026-10-16T23:00;ICON13KM;2.60;3.50;117.0;13.6;0.00;85.0;ICON13KM
plage_de_sevrier;ICONIFS;2026-10-17T00:00;ICON13KM;2.60;3.50;107.0;13.4;0.00;88.0;ICON13KM
plage_de_sevrier;ICONIFS;2026-10-17T01:00;ICON13KM;2.50;3.30;94.0;13.3;0.00;91.0;ICON13KM
plage_de_sevrier;ICONIFS;2026-10-17T02:00;ICON13KM;2.30;3.10;85.0;13.1;0.00;94.0;ICON13KM
plage_de_sevrier;ICONIFS;2026-10-17T03:00;ICON13KM;2.20;2.90;75.0;12.8;0.00;88.0;ICON13KM
plage_de_sevrier;ICONIFS;2026-10-17T04:00;ICON13KM;2.10;2.90;68.0;12.3;0.00;83.0;ICON13KM
plage_de_sevrier;ICONIFS;2026-10-17T05:00;ICON13KM;2.00;2.90;61.0;11.9;0.00;77.0;ICON13KM
plage_de_sevrier;ICONIFS;2026-10-17T06:00;ICON13KM;2.00;2.90;61.0;11.4;0.00;79.0;ICON13KM
plage_de_sevrier;ICONIFS;2026-10-17T07:00;ICON13KM;2.10;3.10;68.0;10.9;0.00;81.0;ICON13KM
plage_de_sevrier;ICONIFS;2026-10-17T08:00;ICON13KM;2.00;3.50;61.0;11.0;0.00;83.0;ICON13KM
plage_de_sevrier;ICONIFS;2026-10-17T09:00;ICON13KM;1.80;4.70;32.0;12.1;0.00;79.0;ICON13KM
plage_de_sevrier;ICONIFS;2026-10-17T10:00;ICON13KM;2.10;6.20;360.0;13.7;0.00;74.0;ICON13KM
plage_de_sevrier;ICONIFS;2026-10-17T11:00;ICON13KM;2.90;7.40;340.0;15.1;0.00;70.0;ICON13KM
plage_de_sevrier;ICONIFS;2026-10-17T12:00;ICON13KM;3.30;8.00;332.0;16.1;0.00;75.0;ICON13KM
plage_de_sevrier;ICONIFS;2026-10-17T13:00;ICON13KM;3.20;8.20;327.0;16.9;0.00;80.0;ICON13KM
plage_de_sevrier;ICONIFS;2026-10-17T14:00;ICON13KM;3.30;8.20;324.0;17.4;0.00;85.0;ICON13KM
plage_de_sevrier;ICONIFS;2026-10-17T15:00;ICON13KM;3.50;8.20;326.0;17.7;0.00;85.0;ICON13KM
plage_de_sevrier;ICONIFS;2026-10-17T16:00;ICON13KM;3.50;8.00;333.0;17.7;0.00;85.0;ICON13KM
plage_de_sevrier;ICONIFS;2026-10-17T17:00;ICON13KM;3.30;7.60;339.0;17.2;0.00;85.0;ICON13KM
plage_de_sevrier;ICONIFS;2026-10-17T18:00;ICON13KM;2.70;6.80;356.0;16.0;0.00;90.0;ICON13KM
plage_de_sevrier;ICONIFS;2026-10-17T19:00;ICON13KM;2.50;5.60;23.0;14.3;0.00;95.0;ICON13KM
plage_de_sevrier;ICONIFS;2026-10-17T20:00;ICON13KM;2.60;4.90;42.0;12.9;0.00;100.0;ICON13KM
plage_de_sevrier;ICONIFS;2026-10-17T21:00;ICON13KM;2.60;4.70;48.0;12.2;0.00;100.0;ICON13KM
plage_de_sevrier;ICONIFS;2026-10-17T22:00;ICON13KM;2.50;4.70;45.0;11.8;0.00;100.0;ICON13KM
plage_de_sevrier;ICONIFS;2026-10-17T23:00;ICON13KM;2.30;4.70;42.0;11.5;0.00;100.0;ICON13KM
plage_de_sevrier;ICONIFS;2026-10-18T00:00;ICON13KM;2.30;4.50;42.0;11.2;0.00;100.0;ICON13KM
plage_de_sevrier;ICONIFS;2026-10-18T01:00;ICON13KM;2.20;4.30;45.0;10.9;0.00;100.0;ICON13KM
plage_de_sevrier;ICONIFS;2026-10-18T02:00;ICON13KM;2.20;4.10;45.0;10.8;0.00;100.0;ICON13KM
plage_de_sevrier;ICONIFS;2026-10-18T03:00;IFS;3.80;14.00;331.0;9.1;0.00;99.0;IFS
plage_de_sevrier;ICONIFS;2026-10-18T04:00;IFS;3.60;12.80;327.0;8.9;0.00;100.0;IFS
plage_de_sevrier;ICONIFS;2026-10-18T05:00;IFS;3.30;11.50;323.0;8.7;0.00;100.0;IFS
plage_de_sevrier;ICONIFS;2026-10-18T06:00;IFS;3.10;10.30;319.0;8.7;0.00;100.0;IFS
plage_de_sevrier;ICONIFS;2026-10-18T07:00;IFS;3.00;9.10;316.0;8.7;0.00;100.0;IFS
plage_de_sevrier;ICONIFS;2026-10-18T08:00;IFS;3.00;8.70;316.0;9.0;0.00;100.0;IFS
plage_de_sevrier;ICONIFS;2026-10-18T09:00;IFS;3.10;8.90;321.0;9.5;0.00;99.0;IFS
plage_de_sevrier;ICONIFS;2026-10-18T10:00;IFS;3.50;9.50;328.0;10.3;0.00;97.0;IFS
plage_de_sevrier;ICONIFS;2026-10-18T11:00;IFS;4.00;10.50;336.0;11.3;0.00;95.0;IFS
plage_de_sevrier;ICONIFS;2026-10-18T12:00;IFS;4.60;11.50;342.0;12.2;0.00;92.0;IFS
plage_de_sevrier;ICONIFS;2026-10-18T13:00;IFS;5.00;12.60;345.0;12.9;0.00;88.0;IFS
plage_de_sevrier;ICONIFS;2026-10-18T14:00;IFS;5.30;13.40;348.0;13.2;0.00;84.0;IFS
plage_de_sevrier;ICONIFS;2026-10-18T15:00;IFS;5.20;14.20;350.0;13.1;0.00;78.0;IFS
plage_de_sevrier;ICONIFS;2026-10-18T16:00;IFS;4.90;15.20;351.0;12.8;0.00;70.0;IFS
plage_de_sevrier;ICONIFS;2026-10-18T17:00;IFS;4.50;16.10;353.0;12.2;0.00;61.0;IFS
plage_de_sevrier;ICONIFS;2026-10-18T18:00;IFS;4.10;16.90;355.0;11.5;0.00;53.0;IFS
plage_de_sevrier;ICONIFS;2026-10-18T19:00;IFS;3.60;17.30;355.0;10.9;0.00;47.0;IFS
plage_de_sevrier;ICONIFS;2026-10-18T20:00;IFS;3.30;17.10;355.0;10.4;0.00;45.0;IFS
plage_de_sevrier;ICONIFS;2026-10-18T21:00;IFS;3.10;16.30;355.0;10.0;0.00;47.0;IFS
plage_de_sevrier;ICONIFS;2026-10-18T22:00;IFS;3.00;14.80;351.0;9.7;0.00;52.0;IFS
plage_de_sevrier;ICONIFS;2026-10-18T23:00;IFS;2.80;13.00;348.0;9.4;0.00;60.0;IFS
plage_de_sevrier;ICONIFS;2026-10-19T00:00;IFS;2.60;11.10;343.0;9.2;0.00;68.0;IFS
plage_de_sevrier;ICONIFS;2026-10-19T01:00;IFS;2.60;9.30;340.0;8.9;0.00;75.0;IFS
plage_de_sevrier;ICONIFS;2026-10-19T02:00;IFS;2.50;8.20;337.0;8.7;0.00;80.0;IFS
plage_de_sevrier;ICONIFS;2026-10-19T03:00;IFS;2.50;7.40;337.0;8.4;0.00;82.0;IFS
plage_de_sevrier;ICONIFS;2026-10-19T04:00;IFS;2.40;6.80;337.0;8.0;0.00;84.0;IFS
plage_de_sevrier;ICONIFS;2026-10-19T05:00;IFS;2.50;6.60;339.0;7.6;0.00;84.0;IFS
plage_de_sevrier;ICONIFS;2026-10-19T06:00;IFS;2.50;6.40;342.0;7.3;0.00;83.0;IFS
plage_de_sevrier;ICONIFS;2026-10-19T07:00;IFS;2.60;6.60;342.0;7.2;0.00;82.0;IFS
plage_de_sevrier;ICONIFS;2026-10-19T08:00;IFS;2.70;7.00;343.0;7.3;0.00;80.0;IFS
plage_de_sevrier;ICONIFS;2026-10-19T09:00;IFS;3.00;7.80;343.0;7.9;0.00;77.0;IFS
plage_de_sevrier;ICONIFS;2026-10-19T10:00;IFS;3.50;8.90;342.0;8.9;0.00;74.0;IFS
plage_de_sevrier;ICONIFS;2026-10-19T11:00;IFS;4.00;10.30;342.0;10.0;0.00;70.0;IFS
plage_de_sevrier;ICONIFS;2026-10-19T12:00;IFS;4.50;11.70;341.0;11.1;0.00;65.0;IFS
plage_de_sevrier;ICONIFS;2026-10-19T13:00;IFS;4.80;13.00;341.0;11.9;0.00;59.0;IFS
plage_de_sevrier;ICONIFS;2026-10-19T14:00;IFS;5.00;14.00;342.0;12.3;0.00;53.0;IFS
plage_de_sevrier;ICONIFS;2026-10-19T15:00;IFS;4.90;14.80;344.0;12.1;0.00;44.0;IFS
plage_de_sevrier;ICONIFS;2026-10-19T16:00;IFS;4.60;15.60;348.0;11.5;0.00;32.0;IFS
plage_de_sevrier;ICONIFS;2026-10-19T17:00;IFS;4.10;16.10;352.0;10.6;0.00;20.0;IFS
plage_de_sevrier;ICONIFS;2026-10-19T18:00;IFS;3.70;16.70;358.0;9.6;0.00;9.0;IFS
plage_de_sevrier;ICONIFS;2026-10-19T19:00;IFS;3.30;16.70;3.0;8.7;0.00;2.0;IFS
plage_de_sevrier;ICONIFS;2026-10-19T20:00;IFS;2.90;16.50;8.0;8.0;0.00;0.0;IFS
plage_de_sevrier;ICONIFS;2026-10-19T21:00;IFS;2.70;15.70;8.0;7.4;0.00;6.0;IFS
plage_de_sevrier;ICONIFS;2026-10-19T22:00;IFS;2.20;14.20;5.0;6.9;0.00;20.0;IFS
plage_de_sevrier;ICONIFS;2026-10-19T23:00;IFS;1.90;12.60;360.0;6.5;0.00;37.0;IFS
plage_de_sevrier;ICONIFS;2026-10-20T00:00;IFS;1.70;10.90;350.0;6.0;0.00;54.0;IFS
plage_de_sevrier;ICONIFS;2026-10-20T01:00;IFS;1.40;9.30;340.0;5.6;0.00;69.0;IFS
plage_de_sevrier;ICONIFS;2026-10-20T02:00;IFS;1.40;8.40;335.0;5.2;0.00;77.0;IFS
plage_de_sevrier;ICONIFS;2026-10-20T03:00;IFS;1.40;7.80;335.0;4.7;0.00;79.0;IFS
plage_de_sevrier;ICONIFS;2026-10-20T04:00;IFS;1.40;7.60;344.0;4.2;0.00;76.0;IFS
plage_de_sevrier;ICONIFS;2026-10-20T05:00;IFS;1.60;7.60;353.0;3.6;0.00;71.0;IFS
plage_de_sevrier;ICONIFS;2026-10-20T06:00;IFS;1.80;7.80;357.0;3.2;0.00;64.0;IFS
plage_de_sevrier;ICONIFS;2026-10-20T07:00;IFS;2.00;8.20;360.0;3.1;0.00;58.0;IFS
plage_de_sevrier;ICONIFS;2026-10-20T08:00;IFS;2.30;8.70;358.0;3.3;0.00;52.0;IFS
plage_de_sevrier;ICONIFS;2026-10-20T09:00;IFS;2.70;9.70;350.0;4.2;0.00;47.0;IFS
plage_de_sevrier;ICONIFS;2026-10-20T10:00;IFS;3.20;10.90;340.0;5.7;0.00;41.0;IFS
plage_de_sevrier;ICONIFS;2026-10-20T11:00;IFS;3.90;12.40;333.0;7.5;0.00;35.0;IFS
plage_de_sevrier;ICONIFS;2026-10-20T12:00;IFS;4.50;13.80;329.0;9.2;0.00;30.0;IFS
plage_de_sevrier;ICONIFS;2026-10-20T13:00;IFS;5.00;15.00;326.0;10.6;0.00;26.0;IFS
plage_de_sevrier;ICONIFS;2026-10-20T14:00;IFS;5.20;15.70;325.0;11.3;0.00;24.0;IFS
plage_de_sevrier;ICONIFS;2026-10-20T15:00;IFS;5.00;16.10;326.0;11.4;0.00;24.0;IFS
plage_de_sevrier;ICONIFS;2026-10-20T16:00;IFS;4.60;16.10;330.0;10.9;0.00;27.0;IFS
plage_de_sevrier;ICONIFS;2026-10-20T17:00;IFS;4.00;16.10;334.0;10.1;0.00;31.0;IFS
plage_de_sevrier;ICONIFS;2026-10-20T18:00;IFS;3.40;15.70;342.0;9.1;0.00;35.0;IFS
plage_de_sevrier;ICONIFS;2026-10-20T19:00;IFS;2.90;15.40;350.0;8.2;0.00;39.0;IFS
plage_de_sevrier;ICONIFS;2026-10-20T20:00;IFS;2.40;14.60;360.0;7.4;0.00;43.0;IFS
plage_de_sevrier;ICONIFS;2026-10-20T21:00;IFS;2.10;13.60;8.0;6.7;0.00;46.0;IFS
plage_de_sevrier;ICONIFS;2026-10-20T22:00;IFS;1.80;12.20;19.0;6.0;0.00;51.0;IFS
plage_de_sevrier;ICONIFS;2026-10-20T23:00;IFS;1.50;10.70;35.0;5.3;0.00;55.0;IFS
plage_de_sevrier;ICONIFS;2026-10-21T00:00;IFS;1.40;9.10;45.0;4.6;0.00;58.0;IFS
plage_de_sevrier;ICONIFS;2026-10-21T01:00;IFS;1.40;7.80;60.0;4.1;0.00;60.0;IFS
plage_de_sevrier;ICONIFS;2026-10-21T02:00;IFS;1.30;6.60;67.0;3.7;0.00;59.0;IFS
plage_de_sevrier;ICONIFS;2026-10-21T03:00;IFS;1.20;5.80;72.0;3.5;0.00;55.0;IFS
plage_de_sevrier;ICONIFS;2026-10-21T04:00;IFS;1.10;5.10;63.0;3.3;0.00;49.0;IFS
plage_de_sevrier;ICONIFS;2026-10-21T05:00;IFS;1.00;4.70;53.0;3.2;0.00;41.0;IFS
plage_de_sevrier;ICONIFS;2026-10-21T06:00;IFS;0.90;4.30;41.0;3.3;0.00;33.0;IFS
plage_de_sevrier;ICONIFS;2026-10-21T07:00;IFS;0.90;4.30;18.0;3.6;0.00;25.0;IFS
plage_de_sevrier;ICONIFS;2026-10-21T08:00;IFS;1.10;4.50;360.0;4.1;0.00;19.0;IFS
plage_de_sevrier;ICONIFS;2026-10-21T09:00;IFS;1.40;5.20;344.0;5.1;0.00;15.0;IFS
plage_de_sevrier;ICONIFS;2026-10-21T10:00;IFS;2.00;6.40;333.0;6.4;0.00;11.0;IFS
plage_de_sevrier;ICONIFS;2026-10-21T11:00;IFS;2.70;7.80;327.0;8.0;0.00;8.0;IFS
plage_de_sevrier;ICONIFS;2026-10-21T12:00;IFS;3.30;9.10;323.0;9.5;0.00;6.0;IFS
plage_de_sevrier;ICONIFS;2026-10-21T13:00;IFS;3.70;10.50;321.0;10.7;0.00;4.0;IFS
plage_de_sevrier;ICONIFS;2026-10-21T14:00;IFS;3.90;11.30;321.0;11.3;0.00;2.0;IFS
plage_de_sevrier;ICONIFS;2026-10-21T15:00;IFS;3.60;11.70;322.0;11.3;0.00;0.0;IFS
plage_de_sevrier;ICONIFS;2026-10-21T16:00;IFS;3.10;12.10;325.0;10.8;0.00;0.0;IFS
plage_de_sevrier;ICONIFS;2026-10-21T17:00;IFS;2.40;12.20;330.0;10.0;0.00;0.0;IFS
plage_de_sevrier;ICONIFS;2026-10-21T18:00;IFS;1.50;12.10;342.0;9.0;0.00;0.0;IFS
plage_de_sevrier;ICONIFS;2026-10-21T19:00;IFS;1.00;11.90;6.0;8.1;0.00;0.0;IFS
plage_de_sevrier;ICONIFS;2026-10-21T20:00;IFS;0.80;11.30;36.0;7.5;0.00;0.0;IFS
plage_de_sevrier;ICONIFS;2026-10-21T21:00;IFS;0.80;10.30;54.0;7.0;0.00;4.0;IFS
plage_de_sevrier;ICONIFS;2026-10-21T22:00;IFS;0.90;9.10;72.0;6.6;0.00;10.0;IFS
plage_de_sevrier;ICONIFS;2026-10-21T23:00;IFS;0.90;7.60;77.0;6.2;0.00;17.0;IFS
plage_de_sevrier;ICONIFS;2026-10-22T00:00;IFS;1.00;6.00;84.0;5.9;0.00;23.0;IFS
plage_de_sevrier;ICONIFS;2026-10-22T01:00;IFS;1.00;4.70;84.0;5.6;0.00;28.0;IFS
plage_de_sevrier;ICONIFS;2026-10-22T02:00;IFS;1.00;3.90;84.0;5.4;0.00;30.0;IFS
plage_de_sevrier;ICONIFS;2026-10-22T03:00;IFS;1.10;3.50;85.0;5.2;0.00;28.0;IFS
plage_de_sevrier;ICONIFS;2026-10-22T04:00;IFS;1.10;3.10;80.0;5.0;0.00;23.0;IFS
plage_de_sevrier;ICONIFS;2026-10-22T05:00;IFS;1.20;3.10;72.0;4.8;0.00;16.0;IFS
plage_de_sevrier;ICONIFS;2026-10-22T06:00;IFS;1.30;3.30;67.0;4.8;0.00;9.0;IFS
plage_de_sevrier;ICONIFS;2026-10-22T07:00;IFS;1.30;3.70;58.0;5.0;0.00;3.0;IFS
plage_de_sevrier;ICONIFS;2026-10-22T08:00;IFS;1.30;4.30;42.0;5.5;0.00;0.0;IFS
plage_de_sevrier;ICONIFS;2026-10-22T09:00;IFS;1.40;5.10;20.0;6.5;0.00;0.0;IFS
plage_de_sevrier;ICONIFS;2026-10-22T10:00;IFS;1.80;6.40;357.0;8.0;0.00;0.0;IFS
plage_de_sevrier;ICONIFS;2026-10-22T11:00;IFS;2.50;7.80;342.0;9.7;0.00;3.0;IFS
plage_de_sevrier;ICONIFS;2026-10-22T12:00;IFS;3.10;9.10;334.0;11.3;0.00;5.0;IFS
plage_de_sevrier;ICONIFS;2026-10-22T13:00;IFS;3.70;10.50;330.0;12.7;0.00;8.0;IFS
plage_de_sevrier;ICONIFS;2026-10-22T14:00;IFS;3.90;11.30;328.0;13.3;0.00;9.0;IFS
plage_de_sevrier;ICONIFS;2026-10-22T15:00;IFS;3.70;11.70;328.0;13.2;0.00;9.0;IFS
plage_de_sevrier;ICONIFS;2026-10-22T16:00;IFS;3.10;12.10;330.0;12.6;0.00;10.0;IFS
plage_de_sevrier;ICONIFS;2026-10-22T17:00;IFS;2.30;12.10;336.0;11.6;0.00;9.0;IFS
plage_de_sevrier;ICONIFS;2026-10-22T18:00;IFS;1.50;12.10;345.0;10.4;0.00;9.0;IFS
plage_de_sevrier;ICONIFS;2026-10-22T19:00;IFS;1.00;11.70;11.0;9.4;0.00;9.0;IFS
plage_de_sevrier;ICONIFS;2026-10-22T20:00;IFS;0.80;11.10;40.0;8.6;0.00;9.0;IFS
plage_de_sevrier;ICONIFS;2026-10-22T21:00;IFS;0.70;10.10;56.0;8.2;0.00;10.0;IFS
plage_de_sevrier;ICONIFS;2026-10-22T22:00;IFS;0.70;8.70;67.0;7.8;0.00;10.0;IFS
plage_de_sevrier;ICONIFS;2026-10-22T23:00;IFS;0.60;7.20;72.0;7.6;0.00;11.0;IFS
plage_de_sevrier;ICONIFS;2026-10-23T00:00;IFS;0.50;5.60;68.0;7.4;0.00;12.0;IFS
plage_de_sevrier;ICONIFS;2026-10-23T01:00;IFS;0.60;4.30;59.0;7.3;0.00;12.0;IFS
plage_de_sevrier;ICONIFS;2026-10-23T02:00;IFS;0.60;3.30;59.0;7.1;0.00;12.0;IFS
plage_de_sevrier;ICONIFS;2026-10-23T03:00;IFS;0.70;2.90;63.0;6.9;0.00;10.0;IFS
plage_de_sevrier;ICONIFS;2026-10-23T04:00;IFS;0.90;2.50;63.0;6.6;0.00;7.0;IFS
plage_de_sevrier;ICONIFS;2026-10-23T05:00;IFS;1.20;2.70;66.0;6.3;0.00;4.0;IFS
plage_de_sevrier;ICONIFS;2026-10-23T06:00;IFS;1.30;2.90;63.0;6.2;0.00;1.0;IFS
plage_de_sevrier;ICONIFS;2026-10-23T07:00;IFS;1.40;3.10;62.0;6.3;0.00;0.0;IFS
plage_de_sevrier;ICONIFS;2026-10-23T08:00;IFS;1.40;3.50;56.0;6.9;0.00;0.0;IFS
plage_de_sevrier;ICONIFS;2026-10-23T09:00;IFS;1.10;4.10;45.0;8.1;0.00;4.0;IFS
plage_de_sevrier;ICONIFS;2026-10-23T10:00;IFS;0.90;4.90;13.0;10.0;0.00;10.0;IFS
plage_de_sevrier;ICONIFS;2026-10-23T11:00;IFS;1.10;5.60;326.0;12.1;0.00;18.0;IFS
plage_de_sevrier;ICONIFS;2026-10-23T12:00;IFS;1.50;6.60;305.0;14.2;0.00;26.0;IFS
plage_de_sevrier;ICONIFS;2026-10-23T13:00;IFS;2.00;7.40;297.0;15.9;0.00;32.0;IFS
plage_de_sevrier;ICONIFS;2026-10-23T14:00;IFS;2.10;8.00;294.0;16.8;0.00;34.0;IFS
plage_de_sevrier;ICONIFS;2026-10-23T15:00;IFS;2.00;8.40;297.0;16.8;0.00;32.0;IFS
plage_de_sevrier;ICONIFS;2026-10-23T16:00;IFS;1.40;8.60;304.0;16.2;0.00;26.0;IFS
plage_de_sevrier;ICONIFS;2026-10-23T17:00;IFS;0.80;8.60;330.0;15.2;0.00;19.0;IFS
plage_de_sevrier;ICONIFS;2026-10-23T18:00;IFS;0.70;8.60;34.0;14.0;0.00;11.0;IFS
plage_de_sevrier;ICONIFS;2026-10-23T19:00;IFS;1.20;8.40;66.0;12.9;0.00;4.0;IFS
plage_de_sevrier;ICONIFS;2026-10-23T20:00;IFS;1.50;8.20;72.0;12.1;0.00;0.0;IFS
plage_de_sevrier;ICONIFS;2026-10-23T21:00;IFS;1.70;7.80;74.0;11.6;0.00;0.0;IFS
plage_de_sevrier;ICONIFS;2026-10-23T22:00;IFS;1.70;7.00;74.0;11.1;0.00;0.0;IFS
plage_de_sevrier;ICONIFS;2026-10-23T23:00;IFS;1.60;6.20;73.0;10.8;0.00;0.0;IFS
plage_de_sevrier;ICONIFS;2026-10-24T00:00;IFS;1.40;5.40;70.0;10.5;0.00;0.0;IFS
plage_de_sevrier;ICONIFS;2026-10-24T01:00;IFS;1.40;4.70;69.0;10.2;0.00;0.0;IFS
plage_de_sevrier;ICONIFS;2026-10-24T02:00;IFS;1.30;4.30;67.0;9.8;0.00;0.0;IFS
plage_de_sevrier;ICONIFS;2026-10-24T03:00;IFS;1.30;4.10;67.0;9.4;0.00;3.0;IFS
plage_de_sevrier;ICONIFS;2026-10-24T04:00;IFS;1.40;3.90;69.0;8.8;0.00;7.0;IFS
plage_de_sevrier;ICONIFS;2026-10-24T05:00;IFS;1.40;3.70;74.0;8.2;0.00;11.0;IFS
plage_de_sevrier;ICONIFS;2026-10-24T06:00;IFS;1.40;3.90;70.0;7.7;0.00;16.0;IFS
plage_de_sevrier;ICONIFS;2026-10-24T07:00;IFS;1.50;4.10;67.0;7.5;0.00;20.0;IFS
plage_de_sevrier;ICONIFS;2026-10-24T08:00;IFS;1.40;4.70;56.0;7.7;0.00;22.0;IFS
plage_de_sevrier;ICONIFS;2026-10-24T09:00;IFS;1.40;5.60;30.0;8.6;0.00;23.0;IFS
plage_de_sevrier;ICONIFS;2026-10-24T10:00;IFS;1.80;7.00;3.0;10.0;0.00;22.0;IFS
plage_de_sevrier;ICONIFS;2026-10-24T11:00;IFS;2.60;8.70;345.0;11.7;0.00;21.0;IFS
plage_de_sevrier;ICONIFS;2026-10-24T12:00;IFS;3.50;10.30;336.0;13.3;0.00;19.0;IFS
plage_de_sevrier;ICONIFS;2026-10-24T13:00;IFS;4.30;11.70;332.0;14.6;0.00;17.0;IFS
plage_de_sevrier;ICONIFS;2026-10-24T14:00;IFS;4.70;12.60;331.0;15.2;0.00;15.0;IFS
plage_de_sevrier;ICONIFS;2026-10-24T15:00;IFS;4.60;13.20;333.0;14.9;0.00;13.0;IFS
plage_de_sevrier;ICONIFS;2026-10-24T16:00;IFS;4.10;13.40;336.0;14.0;0.00;10.0;IFS
plage_de_sevrier;ICONIFS;2026-10-24T17:00;IFS;3.50;13.40;344.0;12.7;0.00;7.0;IFS
plage_de_sevrier;ICONIFS;2026-10-24T18:00;IFS;3.00;13.20;354.0;11.3;0.00;5.0;IFS
plage_de_sevrier;ICONIFS;2026-10-24T19:00;IFS;2.60;13.00;6.0;9.9;0.00;2.0;IFS
plage_de_sevrier;ICONIFS;2026-10-24T20:00;IFS;2.40;12.60;16.0;9.0;0.00;1.0;IFS
plage_de_sevrier;ICONIFS;2026-10-24T21:00;IFS;2.40;12.10;19.0;8.4;0.00;1.0;IFS
plage_de_sevrier;ICONIFS;2026-10-24T22:00;IFS;2.30;11.30;20.0;7.9;0.00;1.0;IFS
plage_de_sevrier;ICONIFS;2026-10-24T23:00;IFS;2.20;10.10;15.0;7.5;0.00;2.0;IFS
plage_de_sevrier;ICONIFS;2026-10-25T00:00;IFS;2.20;9.10;13.0;7.3;0.00;4.0;IFS
plage_de_sevrier;ICONIFS;2026-10-25T01:00;IFS;2.10;8.20;8.0;7.0;0.00;5.0;IFS
plage_de_sevrier;ICONIFS;2026-10-25T02:00;IFS;2.00;7.60;6.0;6.7;0.00;5.0;IFS
plage_de_sevrier;ICONIFS;2026-10-25T03:00;IFS;1.80;7.20;6.0;6.3;0.00;4.0;IFS
plage_de_sevrier;ICONIFS;2026-10-25T04:00;IFS;1.50;6.80;11.0;5.9;0.00;3.0;IFS
plage_de_sevrier;ICONIFS;2026-10-25T05:00;IFS;1.10;6.60;20.0;5.4;0.00;2.0;IFS
plage_de_sevrier;ICONIFS;2026-10-25T06:00;IFS;0.90;6.40;27.0;5.1;0.00;0.0;IFS
plage_de_sevrier;ICONIFS;2026-10-25T07:00;IFS;0.70;6.40;34.0;5.1;0.00;0.0;IFS
plage_de_sevrier;ICONIFS;2026-10-25T08:00;IFS;0.60;6.40;31.0;5.5;0.00;0.0;IFS
plage_de_sevrier;ICONIFS;2026-10-25T09:00;IFS;0.60;6.60;360.0;6.4;0.00;2.0;IFS
plage_de_sevrier;ICONIFS;2026-10-25T10:00;IFS;0.90;7.00;333.0;7.9;0.00;4.0;IFS
plage_de_sevrier;ICONIFS;2026-10-25T11:00;IFS;1.40;7.60;321.0;9.7;0.00;8.0;IFS
plage_de_sevrier;ICONIFS;2026-10-25T12:00;IFS;1.90;8.20;315.0;11.5;0.00;11.0;IFS
plage_de_sevrier;ICONIFS;2026-10-25T13:00;IFS;2.30;8.60;312.0;13.0;0.00;14.0;IFS
plage_de_sevrier;ICONIFS;2026-10-25T14:00;IFS;2.70;8.90;311.0;14.1;0.00;16.0;IFS
pont_darciat;ICONIFS;2026-10-10T00:00;ICONCH1;4.00;6.40;194.0;12.4;0.00;100.0;ICONCH1
pont_darciat;ICONIFS;2026-10-10T01:00;ICONCH1;4.20;6.80;193.0;12.2;0.10;100.0;ICONCH1
pont_darciat;ICONIFS;2026-10-10T02:00;ICONCH1;4.60;7.20;200.0;11.6;0.80;100.0;ICONCH1
pont_darciat;ICONIFS;2026-10-10T03:00;ICONCH1;4.20;7.40;191.0;11.4;0.70;100.0;ICONCH1
pont_darciat;ICONIFS;2026-10-10T04:00;ICONCH1;4.70;7.60;187.0;11.4;0.00;99.0;ICONCH1
pont_darciat;ICONIFS;2026-10-10T05:00;ICONCH1;5.00;8.20;191.0;11.4;0.00;99.0;ICONCH1
pont_darciat;ICONIFS;2026-10-10T06:00;ICONCH1;5.10;8.60;184.0;11.6;0.00;100.0;ICONCH1
pont_darciat;ICONIFS;2026-10-10T07:00;ICONCH1;5.00;8.20;191.0;11.7;0.10;100.0;ICONCH1
pont_darciat;ICONIFS;2026-10-10T08:00;ICONCH1;5.50;8.90;188.0;11.8;0.00;100.0;ICONCH1
pont_darciat;ICONIFS;2026-10-10T09:00;ICONCH1;5.80;10.10;192.0;12.0;0.10;100.0;ICONCH1
pont_darciat;ICONIFS;2026-10-10T10:00;ICONCH1;5.90;9.30;207.0;12.6;0.00;92.0;ICONCH1
pont_darciat;ICONIFS;2026-10-10T11:00;ICONCH1;6.30;10.70;187.0;13.5;0.00;100.0;ICONCH1
pont_darciat;ICONIFS;2026-10-10T12:00;ICONCH1;5.00;9.70;196.0;14.7;0.00;100.0;ICONCH1
pont_darciat;ICONIFS;2026-10-10T13:00;ICONCH1;4.50;8.90;190.0;15.3;0.00;98.0;ICONCH1
pont_darciat;ICONIFS;2026-10-10T14:00;ICONCH1;4.50;9.10;182.0;16.5;0.00;98.0;ICONCH1
pont_darciat;ICONIFS;2026-10-10T15:00;ICONCH1;4.90;7.80;182.0;17.2;0.00;90.0;ICONCH1
pont_darciat;ICONIFS;2026-10-10T16:00;ICONCH1;2.40;7.80;235.0;17.6;0.00;94.0;ICONCH1
pont_darciat;ICONIFS;2026-10-10T17:00;ICONCH1;1.00;5.80;292.0;18.0;0.00;74.0;ICONCH1
pont_darciat;ICONIFS;2026-10-10T18:00;ICONCH1;4.90;10.30;304.0;17.6;0.00;27.0;ICONCH1
pont_darciat;ICONIFS;2026-10-10T19:00;ICONCH1;3.20;7.60;303.0;15.9;0.00;60.0;ICONCH1
pont_darciat;ICONIFS;2026-10-10T20:00;ICONCH1;5.10;7.80;302.0;12.5;0.00;0.0;ICONCH1
pont_darciat;ICONIFS;2026-10-10T21:00;ICONCH1;2.00;9.10;281.0;11.8;0.00;17.0;ICONCH1
pont_darciat;ICONIFS;2026-10-10T22:00;ICONCH1;2.80;4.30;304.0;11.2;0.00;18.0;ICONCH1
pont_darciat;ICONIFS;2026-10-10T23:00;ICONCH1;2.20;4.90;308.0;11.0;0.00;55.0;ICONCH1
pont_darciat;ICONIFS;2026-10-11T00:00;ICONCH1;1.60;3.70;346.0;10.7;0.00;100.0;ICONCH1
pont_darciat;ICONIFS;2026-10-11T01:00;ICONCH1;0.70;2.30;124.0;11.2;0.00;52.0;ICONCH1
pont_darciat;ICONIFS;2026-10-11T02:00;ICONCH1;1.70;2.70;90.0;10.9;0.00;15.0;ICONCH1
pont_darciat;ICONIFS;2026-10-11T03:00;ICONCH1;1.10;3.50;45.0;10.1;0.00;100.0;ICONCH1
pont_darciat;ICONIFS;2026-10-11T04:00;ICONCH1;0.80;1.60;14.0;9.1;0.00;100.0;ICONCH1
pont_darciat;ICONIFS;2026-10-11T05:00;ICONCH1;1.80;2.50;186.0;7.7;0.00;100.0;ICONCH1
pont_darciat;ICONIFS;2026-10-11T06:00;ICONCH1;1.40;2.70;180.0;6.7;0.00;100.0;ICONCH1
pont_darciat;ICONIFS;2026-10-11T07:00;ICONCH1;0.90;2.10;243.0;6.7;0.00;100.0;ICONCH1
pont_darciat;ICONIFS;2026-10-11T08:00;ICONCH1;0.60;1.00;162.0;7.3;0.00;100.0;ICONCH1
pont_darciat;ICONIFS;2026-10-11T09:00;ICONCH1;1.00;1.40;233.0;7.6;0.00;100.0;ICONCH1
pont_darciat;ICONIFS;2026-10-11T10:00;ICONCH1;1.40;2.30;188.0;9.3;0.00;100.0;ICONCH1
pont_darciat;ICONIFS;2026-10-11T11:00;ICONCH1;0.50;2.50;135.0;11.3;0.00;100.0;ICONCH1
pont_darciat;ICONIFS;2026-10-11T12:00;ICONCH1;2.50;4.90;58.0;13.9;0.00;66.0;ICONCH1
pont_darciat;ICONIFS;2026-10-11T13:00;ICONCH1;6.30;10.30;351.0;16.0;0.00;47.0;ICONCH1
pont_darciat;ICONIFS;2026-10-11T14:00;ICONCH1;6.20;10.70;347.0;16.4;0.00;100.0;ICONCH1
pont_darciat;ICONIFS;2026-10-11T15:00;ICONCH1;6.70;10.90;338.0;16.6;0.00;100.0;ICONCH1
pont_darciat;ICONIFS;2026-10-11T16:00;ICONCH1;7.50;11.90;353.0;16.4;0.00;100.0;ICONCH1
pont_darciat;ICONIFS;2026-10-11T17:00;ICONCH1;6.50;13.60;333.0;16.1;0.00;100.0;ICONCH1
pont_darciat;ICONIFS;2026-10-11T18:00;ICONCH1;5.70;12.10;333.0;15.1;0.00;100.0;ICONCH1
pont_darciat;ICONIFS;2026-10-11T19:00;ICONCH1;3.40;8.40;336.0;13.5;0.00;95.0;ICONCH1
pont_darciat;ICONIFS;2026-10-11T20:00;ICONCH1;2.70;5.10;339.0;12.2;0.00;92.0;ICONCH1
pont_darciat;ICONIFS;2026-10-11T21:00;ICONCH1;2.70;4.30;8.0;11.2;0.00;81.0;ICONCH1
pont_darciat;ICONIFS;2026-10-11T22:00;ICONCH1;3.30;4.90;357.0;10.5;0.00;72.0;ICONCH1
pont_darciat;ICONIFS;2026-10-11T23:00;ICONCH1;3.90;5.80;360.0;10.0;0.00;66.0;ICONCH1
pont_darciat;ICONIFS;2026-10-12T00:00;ICONCH1;4.00;6.20;349.0;9.8;0.00;65.0;ICONCH1
pont_darciat;ICONIFS;2026-10-12T01:00;ICONCH1;3.80;6.60;348.0;9.4;0.00;61.0;ICONCH1
pont_darciat;ICONIFS;2026-10-12T02:00;ICONCH1;3.10;5.60;30.0;8.8;0.00;12.0;ICONCH1
pont_darciat;ICONIFS;2026-10-12T03:00;ICONCH1;2.90;4.90;20.0;8.4;0.00;0.0;ICONCH1
pont_darciat;ICONIFS;2026-10-12T04:00;ICONCH1;2.10;4.50;22.0;7.9;0.00;0.0;ICONCH1
pont_darciat;ICONIFS;2026-10-12T05:00;ICONCH1;1.90;3.30;24.0;7.1;0.00;0.0;ICONCH1
pont_darciat;ICONIFS;2026-10-12T06:00;ICONCH2;1.40;2.10;8.0;7.3;0.00;0.0;ICONCH2
pont_darciat;ICONIFS;2026-10-12T07:00;ICONCH2;1.80;2.70;354.0;7.1;0.00;0.0;ICONCH2
pont_darciat;ICONIFS;2026-10-12T08:00;ICONCH2;1.40;2.70;16.0;6.8;0.00;0.0;ICONCH2
pont_darciat;ICONIFS;2026-10-12T09:00;ICONCH2;1.10;2.50;31.0;7.3;0.00;0.0;ICONCH2
pont_darciat;ICONIFS;2026-10-12T10:00;ICONCH2;1.00;2.30;53.0;9.4;0.00;0.0;ICONCH2
pont_darciat;ICONIFS;2026-10-12T11:00;ICONCH2;3.20;5.40;38.0;12.1;0.00;0.0;ICONCH2
pont_darciat;ICONIFS;2026-10-12T12:00;ICONCH2;4.60;7.80;22.0;14.5;0.00;0.0;ICONCH2
pont_darciat;ICONIFS;2026-10-12T13:00;ICONCH2;5.20;8.70;22.0;16.5;0.00;0.0;ICONCH2
pont_darciat;ICONIFS;2026-10-12T14:00;ICONCH2;6.40;10.70;20.0;17.6;0.00;0.0;ICONCH2
pont_darciat;ICONIFS;2026-10-12T15:00;ICONCH2;6.80;11.50;24.0;18.2;0.00;0.0;ICONCH2
pont_darciat;ICONIFS;2026-10-12T16:00;ICONCH2;7.00;11.70;23.0;18.5;0.00;0.0;ICONCH2
pont_darciat;ICONIFS;2026-10-12T17:00;ICONCH2;6.00;11.30;13.0;18.5;0.00;0.0;ICONCH2
pont_darciat;ICONIFS;2026-10-12T18:00;ICONCH2;4.50;9.90;7.0;18.0;0.00;1.0;ICONCH2
pont_darciat;ICONIFS;2026-10-12T19:00;ICONCH2;3.30;7.20;17.0;16.1;0.00;0.0;ICONCH2
pont_darciat;ICONIFS;2026-10-12T20:00;ICONCH2;2.30;4.90;340.0;14.1;0.00;12.0;ICONCH2
pont_darciat;ICONIFS;2026-10-12T21:00;ICONCH2;2.10;3.50;311.0;12.5;0.00;23.0;ICONCH2
pont_darciat;ICONIFS;2026-10-12T22:00;ICONCH2;1.40;3.10;304.0;11.8;0.00;50.0;ICONCH2
pont_darciat;ICONIFS;2026-10-12T23:00;ICONCH2;0.40;1.70;153.0;11.5;0.00;2.0;ICONCH2
pont_darciat;ICONIFS;2026-10-13T00:00;ICONCH2;1.40;1.70;278.0;11.0;0.00;0.0;ICONCH2
pont_darciat;ICONIFS;2026-10-13T01:00;ICONCH2;0.40;1.60;243.0;10.6;0.00;0.0;ICONCH2
pont_darciat;ICONIFS;2026-10-13T02:00;ICONCH2;0.90;1.00;243.0;9.9;0.00;0.0;ICONCH2
pont_darciat;ICONIFS;2026-10-13T03:00;ICONCH2;0.40;1.00;180.0;9.1;0.00;0.0;ICONCH2
pont_darciat;ICONIFS;2026-10-13T04:00;ICONCH2;0.30;0.40;315.0;8.5;0.00;0.0;ICONCH2
pont_darciat;ICONIFS;2026-10-13T05:00;ICONCH2;1.00;1.00;360.0;8.2;0.00;0.0;ICONCH2
pont_darciat;ICONIFS;2026-10-13T06:00;ICONCH2;1.00;1.20;349.0;8.0;0.00;0.0;ICONCH2
pont_darciat;ICONIFS;2026-10-13T07:00;ICONCH2;1.20;1.60;351.0;8.0;0.00;0.0;ICONCH2
pont_darciat;ICONIFS;2026-10-13T08:00;ICONCH2;0.40;1.60;270.0;8.0;0.00;0.0;ICONCH2
pont_darciat;ICONIFS;2026-10-13T09:00;ICONCH2;2.60;3.90;193.0;7.9;0.00;0.0;ICONCH2
pont_darciat;ICONIFS;2026-10-13T10:00;ICONCH2;2.50;4.70;184.0;10.4;0.00;4.0;ICONCH2
pont_darciat;ICONIFS;2026-10-13T11:00;ICONCH2;1.10;4.30;149.0;13.3;0.00;0.0;ICONCH2
pont_darciat;ICONIFS;2026-10-13T12:00;ICONCH2;1.00;3.10;143.0;16.0;0.00;0.0;ICONCH2
pont_darciat;ICONIFS;2026-10-13T13:00;ICONCH2;0.50;2.70;135.0;17.9;0.00;78.0;ICONCH2
pont_darciat;ICONIFS;2026-10-13T14:00;ICONCH2;0.60;1.90;108.0;19.3;0.00;67.0;ICONCH2
pont_darciat;ICONIFS;2026-10-13T15:00;ICONCH2;1.10;2.70;31.0;20.4;0.00;70.0;ICONCH2
pont_darciat;ICONIFS;2026-10-13T16:00;ICONCH2;2.60;4.70;27.0;21.0;0.00;100.0;ICONCH2
pont_darciat;ICONIFS;2026-10-13T17:00;ICONCH2;3.10;5.40;30.0;21.0;0.00;93.0;ICONCH2
pont_darciat;ICONIFS;2026-10-13T18:00;ICONCH2;2.80;5.60;39.0;20.3;0.00;95.0;ICONCH2
pont_darciat;ICONIFS;2026-10-13T19:00;ICONCH2;2.60;4.30;48.0;18.8;0.00;100.0;ICONCH2
pont_darciat;ICONIFS;2026-10-13T20:00;ICONCH2;1.00;3.90;79.0;17.4;0.00;100.0;ICONCH2
pont_darciat;ICONIFS;2026-10-13T21:00;ICONCH2;1.20;1.60;270.0;16.8;0.00;100.0;ICONCH2
pont_darciat;ICONIFS;2026-10-13T22:00;ICONCH2;1.40;2.30;286.0;15.3;0.00;88.0;ICONCH2
pont_darciat;ICONIFS;2026-10-13T23:00;ICONCH2;1.40;2.10;326.0;14.9;0.00;67.0;ICONCH2
pont_darciat;ICONIFS;2026-10-14T00:00;ICONCH2;1.40;2.10;326.0;14.8;0.00;100.0;ICONCH2
pont_darciat;ICONIFS;2026-10-14T01:00;ICONCH2;1.20;2.10;9.0;14.8;0.00;100.0;ICONCH2
pont_darciat;ICONIFS;2026-10-14T02:00;ICONCH2;1.80;2.70;13.0;14.4;0.00;100.0;ICONCH2
pont_darciat;ICONIFS;2026-10-14T03:00;ICONCH2;1.70;2.90;27.0;13.9;0.00;100.0;ICONCH2
pont_darciat;ICONIFS;2026-10-14T04:00;ICONCH2;1.90;2.90;37.0;13.2;0.00;98.0;ICONCH2
pont_darciat;ICONIFS;2026-10-14T05:00;ICONCH2;2.00;3.30;354.0;12.6;0.00;100.0;ICONCH2
pont_darciat;ICONIFS;2026-10-14T06:00;ICONCH2;1.80;3.10;18.0;12.7;0.00;100.0;ICONCH2
pont_darciat;ICONIFS;2026-10-14T07:00;ICONCH2;2.00;2.90;61.0;13.1;0.00;100.0;ICONCH2
pont_darciat;ICONIFS;2026-10-14T08:00;ICONCH2;1.90;4.10;66.0;13.3;0.00;81.0;ICONCH2
pont_darciat;ICONIFS;2026-10-14T09:00;ICONCH2;2.10;3.50;34.0;13.5;0.00;9.0;ICONCH2
pont_darciat;ICONIFS;2026-10-14T10:00;ICONCH2;4.20;7.00;16.0;16.0;0.00;34.0;ICONCH2
pont_darciat;ICONIFS;2026-10-14T11:00;ICONCH2;7.00;11.70;355.0;19.3;0.00;14.0;ICONCH2
pont_darciat;ICONIFS;2026-10-14T12:00;ICONCH2;8.60;14.20;5.0;20.9;0.00;0.0;ICONCH2
pont_darciat;ICONIFS;2026-10-14T13:00;ICONCH2;8.60;14.20;4.0;22.0;0.00;0.0;ICONCH2
pont_darciat;ICONIFS;2026-10-14T14:00;ICONCH2;8.50;14.00;9.0;22.9;0.00;0.0;ICONCH2
pont_darciat;ICONIFS;2026-10-14T15:00;ICON13KM;5.20;11.50;20.0;20.2;0.00;71.0;ICON13KM
pont_darciat;ICONIFS;2026-10-14T16:00;ICON13KM;4.70;11.50;30.0;20.1;0.00;61.0;ICON13KM
pont_darciat;ICONIFS;2026-10-14T17:00;ICON13KM;4.20;10.50;37.0;19.6;0.00;51.0;ICON13KM
pont_darciat;ICONIFS;2026-10-14T18:00;ICON13KM;3.00;8.00;32.0;18.5;0.00;34.0;ICON13KM
pont_darciat;ICONIFS;2026-10-14T19:00;ICON13KM;1.70;4.50;360.0;17.0;0.00;17.0;ICON13KM
pont_darciat;ICONIFS;2026-10-14T20:00;ICON13KM;1.50;2.10;310.0;15.7;0.00;0.0;ICON13KM
pont_darciat;ICONIFS;2026-10-14T21:00;ICON13KM;1.80;1.90;283.0;14.7;0.00;1.0;ICON13KM
pont_darciat;ICONIFS;2026-10-14T22:00;ICON13KM;1.90;2.70;270.0;13.9;0.00;2.0;ICON13KM
pont_darciat;ICONIFS;2026-10-14T23:00;ICON13KM;2.20;3.50;260.0;13.2;0.00;3.0;ICON13KM
pont_darciat;ICONIFS;2026-10-15T00:00;ICON13KM;2.40;4.10;256.0;12.8;0.00;15.0;ICON13KM
pont_darciat;ICONIFS;2026-10-15T01:00;ICON13KM;2.50;4.90;252.0;12.5;0.00;26.0;ICON13KM
pont_darciat;ICONIFS;2026-10-15T02:00;ICON13KM;2.50;5.40;252.0;12.2;0.00;38.0;ICON13KM
pont_darciat;ICONIFS;2026-10-15T03:00;ICON13KM;2.50;6.00;247.0;12.0;0.00;41.0;ICON13KM
pont_darciat;ICONIFS;2026-10-15T04:00;ICON13KM;2.30;6.60;246.0;11.7;0.00;45.0;ICON13KM
pont_darciat;ICONIFS;2026-10-15T05:00;ICON13KM;2.30;7.20;239.0;11.5;0.00;48.0;ICON13KM
pont_darciat;ICONIFS;2026-10-15T06:00;ICON13KM;2.40;7.80;235.0;11.0;0.00;59.0;ICON13KM
pont_darciat;ICONIFS;2026-10-15T07:00;ICON13KM;2.40;8.20;235.0;10.6;0.00;71.0;ICON13KM
pont_darciat;ICONIFS;2026-10-15T08:00;ICON13KM;2.20;8.70;225.0;10.8;0.00;82.0;ICON13KM
pont_darciat;ICONIFS;2026-10-15T09:00;ICON13KM;1.80;9.30;198.0;12.1;0.00;66.0;ICON13KM
pont_darciat;ICONIFS;2026-10-15T10:00;ICON13KM;2.30;9.90;160.0;14.0;0.00;49.0;ICON13KM
pont_darciat;ICONIFS;2026-10-15T11:00;ICON13KM;2.90;10.30;143.0;15.7;0.00;33.0;ICON13KM
pont_darciat;ICONIFS;2026-10-15T12:00;ICON13KM;3.00;10.50;135.0;17.1;0.00;22.0;ICON13KM
pont_darciat;ICONIFS;2026-10-15T13:00;ICON13KM;3.00;10.70;130.0;18.3;0.00;11.0;ICON13KM
pont_darciat;ICONIFS;2026-10-15T14:00;ICON13KM;3.10;10.30;125.0;19.2;0.00;0.0;ICON13KM
pont_darciat;ICONIFS;2026-10-15T15:00;ICON13KM;3.20;9.10;123.0;20.0;0.00;12.0;ICON13KM
pont_darciat;ICONIFS;2026-10-15T16:00;ICON13KM;3.20;7.80;123.0;20.6;0.00;25.0;ICON13KM
pont_darciat;ICONIFS;2026-10-15T17:00;ICON13KM;3.10;6.40;125.0;20.5;0.00;37.0;ICON13KM
pont_darciat;ICONIFS;2026-10-15T18:00;ICON13KM;2.20;5.40;135.0;19.4;0.00;28.0;ICON13KM
pont_darciat;ICONIFS;2026-10-15T19:00;ICON13KM;1.20;4.70;171.0;17.7;0.00;20.0;ICON13KM
pont_darciat;ICONIFS;2026-10-15T20:00;ICON13KM;1.40;4.50;225.0;16.1;0.00;11.0;ICON13KM
pont_darciat;ICONIFS;2026-10-15T21:00;ICON13KM;1.90;5.40;246.0;14.9;0.00;15.0;ICON13KM
pont_darciat;ICONIFS;2026-10-15T22:00;ICON13KM;2.30;6.80;250.0;13.9;0.00;20.0;ICON13KM
pont_darciat;ICONIFS;2026-10-15T23:00;ICON13KM;2.60;7.80;257.0;13.1;0.00;24.0;ICON13KM
pont_darciat;ICONIFS;2026-10-16T00:00;ICON13KM;2.60;7.80;257.0;12.7;0.00;31.0;ICON13KM
pont_darciat;ICONIFS;2026-10-16T01:00;ICON13KM;2.60;7.20;261.0;12.4;0.00;37.0;ICON13KM
pont_darciat;ICONIFS;2026-10-16T02:00;ICON13KM;2.40;6.40;261.0;12.3;0.00;44.0;ICON13KM
pont_darciat;ICONIFS;2026-10-16T03:00;ICON13KM;2.20;5.60;260.0;12.1;0.00;51.0;ICON13KM
pont_darciat;ICONIFS;2026-10-16T04:00;ICON13KM;2.00;4.90;259.0;11.9;0.00;58.0;ICON13KM
pont_darciat;ICONIFS;2026-10-16T05:00;ICON13KM;1.80;4.10;257.0;11.9;0.00;65.0;ICON13KM
pont_darciat;ICONIFS;2026-10-16T06:00;ICON13KM;1.60;3.50;263.0;12.0;0.00;65.0;ICON13KM
pont_darciat;ICONIFS;2026-10-16T07:00;ICON13KM;1.40;3.10;270.0;12.2;0.00;66.0;ICON13KM
pont_darciat;ICONIFS;2026-10-16T08:00;ICON13KM;1.00;2.90;281.0;12.6;0.00;66.0;ICON13KM
pont_darciat;ICONIFS;2026-10-16T09:00;ICON13KM;0.40;2.90;297.0;13.1;0.00;69.0;ICON13KM
pont_darciat;ICONIFS;2026-10-16T10:00;ICON13KM;0.60;3.30;72.0;13.7;0.00;73.0;ICON13KM
pont_darciat;ICONIFS;2026-10-16T11:00;ICON13KM;1.20;3.70;81.0;14.6;0.00;76.0;ICON13KM
pont_darciat;ICONIFS;2026-10-16T12:00;ICON13KM;1.70;4.30;69.0;15.8;0.00;62.0;ICON13KM
pont_darciat;ICONIFS;2026-10-16T13:00;ICON13KM;2.00;4.90;61.0;17.3;0.00;49.0;ICON13KM
pont_darciat;ICONIFS;2026-10-16T14:00;ICON13KM;2.20;5.40;52.0;18.3;0.00;35.0;ICON13KM
pont_darciat;ICONIFS;2026-10-16T15:00;ICON13KM;2.60;5.80;48.0;18.9;0.00;40.0;ICON13KM
pont_darciat;ICONIFS;2026-10-16T16:00;ICON13KM;2.90;6.00;42.0;19.1;0.00;46.0;ICON13KM
pont_darciat;ICONIFS;2026-10-16T17:00;ICON13KM;2.80;6.20;34.0;18.7;0.00;51.0;ICON13KM
pont_darciat;ICONIFS;2026-10-16T18:00;ICON13KM;2.40;6.40;14.0;17.2;0.00;45.0;ICON13KM
pont_darciat;ICONIFS;2026-10-16T19:00;ICON13KM;2.30;6.60;340.0;15.1;0.00;38.0;ICON13KM
pont_darciat;ICONIFS;2026-10-16T20:00;ICON13KM;2.70;6.80;315.0;13.4;0.00;32.0;ICON13KM
pont_darciat;ICONIFS;2026-10-16T21:00;ICON13KM;3.10;7.40;305.0;12.5;0.00;33.0;ICON13KM
pont_darciat;ICONIFS;2026-10-16T22:00;ICON13KM;3.30;8.00;298.0;11.9;0.00;35.0;ICON13KM
pont_darciat;ICONIFS;2026-10-16T23:00;ICON13KM;3.40;8.60;294.0;11.5;0.00;36.0;ICON13KM
pont_darciat;ICONIFS;2026-10-17T00:00;ICON13KM;3.40;8.70;294.0;11.1;0.00;40.0;ICON13KM
pont_darciat;ICONIFS;2026-10-17T01:00;ICON13KM;3.40;8.90;294.0;10.9;0.00;43.0;ICON13KM
pont_darciat;ICONIFS;2026-10-17T02:00;ICON13KM;3.20;8.90;295.0;10.8;0.00;47.0;ICON13KM
pont_darciat;ICONIFS;2026-10-17T03:00;ICON13KM;3.00;8.70;297.0;11.2;0.00;61.0;ICON13KM
pont_darciat;ICONIFS;2026-10-17T04:00;ICON13KM;3.10;8.40;300.0;11.9;0.00;75.0;ICON13KM
pont_darciat;ICONIFS;2026-10-17T05:00;ICON13KM;3.00;8.20;302.0;12.3;0.00;89.0;ICON13KM
pont_darciat;ICONIFS;2026-10-17T06:00;ICON13KM;2.80;8.20;304.0;12.3;0.00;88.0;ICON13KM
pont_darciat;ICONIFS;2026-10-17T07:00;ICON13KM;2.80;8.20;309.0;12.1;0.00;88.0;ICON13KM
pont_darciat;ICONIFS;2026-10-17T08:00;ICON13KM;2.60;8.40;318.0;12.1;0.00;87.0;ICON13KM
pont_darciat;ICONIFS;2026-10-17T09:00;ICON13KM;2.90;8.70;332.0;12.8;0.00;84.0;ICON13KM
pont_darciat;ICONIFS;2026-10-17T10:00;ICON13KM;3.20;9.10;346.0;13.7;0.00;82.0;ICON13KM
pont_darciat;ICONIFS;2026-10-17T11:00;ICON13KM;3.70;9.30;357.0;14.5;0.00;79.0;ICON13KM
pont_darciat;ICONIFS;2026-10-17T12:00;ICON13KM;3.90;9.10;6.0;15.0;0.00;77.0;ICON13KM
pont_darciat;ICONIFS;2026-10-17T13:00;ICON13KM;3.90;8.70;18.0;15.5;0.00;75.0;ICON13KM
pont_darciat;ICONIFS;2026-10-17T14:00;ICON13KM;3.90;8.40;27.0;15.9;0.00;73.0;ICON13KM
pont_darciat;ICONIFS;2026-10-17T15:00;ICON13KM;3.90;8.60;41.0;16.4;0.00;64.0;ICON13KM
pont_darciat;ICONIFS;2026-10-17T16:00;ICON13KM;3.90;8.70;57.0;16.9;0.00;55.0;ICON13KM
pont_darciat;ICONIFS;2026-10-17T17:00;ICON13KM;3.60;8.60;68.0;16.9;0.00;46.0;ICON13KM
pont_darciat;ICONIFS;2026-10-17T18:00;ICON13KM;2.50;7.40;72.0;16.1;0.00;48.0;ICON13KM
pont_darciat;ICONIFS;2026-10-17T19:00;ICON13KM;0.70;5.80;56.0;14.8;0.00;49.0;ICON13KM
pont_darciat;ICONIFS;2026-10-17T20:00;ICON13KM;0.80;4.90;270.0;13.6;0.00;51.0;ICON13KM
pont_darciat;ICONIFS;2026-10-17T21:00;ICON13KM;1.40;5.10;262.0;12.7;0.00;62.0;ICON13KM
pont_darciat;ICONIFS;2026-10-17T22:00;ICON13KM;1.80;5.60;257.0;12.0;0.00;74.0;ICON13KM
pont_darciat;ICONIFS;2026-10-17T23:00;ICON13KM;2.00;6.40;253.0;11.3;0.00;85.0;ICON13KM
pont_darciat;ICONIFS;2026-10-18T00:00;ICON13KM;2.10;6.80;248.0;10.8;0.00;90.0;ICON13KM
pont_darciat;ICONIFS;2026-10-18T01:00;ICON13KM;2.10;7.40;248.0;10.3;0.00;94.0;ICON13KM
pont_darciat;ICONIFS;2026-10-18T02:00;ICON13KM;1.90;7.60;246.0;10.0;0.00;99.0;ICON13KM
pont_de_chavanay;ICONIFS;2026-10-10T00:00;ICONCH1;2.60;3.90;81.0;13.6;0.00;100.0;ICONCH1
pont_de_chavanay;ICONIFS;2026-10-10T01:00;ICONCH1;2.20;4.30;38.0;13.5;0.00;100.0;ICONCH1
pont_de_chavanay;ICONIFS;2026-10-10T02:00;ICONCH1;2.00;3.90;61.0;13.4;0.00;100.0;ICONCH1
pont_de_chavanay;ICONIFS;2026-10-10T03:00;ICONCH1;1.40;3.10;196.0;13.1;0.10;100.0;ICONCH1
pont_de_chavanay;ICONIFS;2026-10-10T04:00;ICONCH1;1.70;3.50;201.0;12.8;0.40;100.0;ICONCH1
pont_de_chavanay;ICONIFS;2026-10-10T05:00;ICONCH1;1.80;3.50;186.0;12.6;0.20;100.0;ICONCH1
pont_de_chavanay;ICONIFS;2026-10-10T06:00;ICONCH1;1.70;2.70;201.0;12.4;0.00;98.0;ICONCH1
pont_de_chavanay;ICONIFS;2026-10-10T07:00;ICONCH1;2.30;3.70;250.0;12.2;0.00;99.0;ICONCH1
pont_de_chavanay;ICONIFS;2026-10-10T08:00;ICONCH1;2.20;4.10;260.0;12.4;0.00;100.0;ICONCH1
pont_de_chavanay;ICONIFS;2026-10-10T09:00;ICONCH1;0.40;3.30;207.0;12.9;0.00;94.0;ICONCH1
pont_de_chavanay;ICONIFS;2026-10-10T10:00;ICONCH1;1.50;3.70;140.0;13.0;0.00;91.0;ICONCH1
pont_de_chavanay;ICONIFS;2026-10-10T11:00;ICONCH1;1.40;2.50;90.0;13.8;0.00;64.0;ICONCH1
pont_de_chavanay;ICONIFS;2026-10-10T12:00;ICONCH1;1.30;3.50;117.0;15.2;0.00;71.0;ICONCH1
pont_de_chavanay;ICONIFS;2026-10-10T13:00;ICONCH1;1.70;4.10;90.0;16.3;0.00;93.0;ICONCH1
pont_de_chavanay;ICONIFS;2026-10-10T14:00;ICONCH1;1.00;3.10;53.0;17.1;0.00;87.0;ICONCH1
pont_de_chavanay;ICONIFS;2026-10-10T15:00;ICONCH1;1.70;3.30;69.0;17.8;0.00;100.0;ICONCH1
pont_de_chavanay;ICONIFS;2026-10-10T16:00;ICONCH1;1.60;3.90;60.0;18.3;0.00;58.0;ICONCH1
pont_de_chavanay;ICONIFS;2026-10-10T17:00;ICONCH1;1.60;3.30;60.0;18.9;0.00;69.0;ICONCH1
pont_de_chavanay;ICONIFS;2026-10-10T18:00;ICONCH1;2.60;4.10;81.0;18.6;0.00;84.0;ICONCH1
pont_de_chavanay;ICONIFS;2026-10-10T19:00;ICONCH1;1.00;3.90;360.0;18.1;0.00;96.0;ICONCH1
pont_de_chavanay;ICONIFS;2026-10-10T20:00;ICONCH1;4.70;7.00;351.0;16.9;0.00;100.0;ICONCH1
pont_de_chavanay;ICONIFS;2026-10-10T21:00;ICONCH1;2.90;8.00;360.0;16.4;0.00;89.0;ICONCH1
pont_de_chavanay;ICONIFS;2026-10-10T22:00;ICONCH1;3.40;6.00;344.0;15.7;0.00;73.0;ICONCH1
pont_de_chavanay;ICONIFS;2026-10-10T23:00;ICONCH1;8.00;11.90;323.0;14.9;0.00;65.0;ICONCH1
pont_de_chavanay;ICONIFS;2026-10-11T00:00;ICONCH1;5.80;13.20;320.0;14.3;0.00;48.0;ICONCH1
pont_de_chavanay;ICONIFS;2026-10-11T01:00;ICONCH1;2.10;8.60;355.0;12.8;0.00;24.0;ICONCH1
pont_de_chavanay;ICONIFS;2026-10-11T02:00;ICONCH1;3.70;5.40;302.0;12.1;0.00;0.0;ICONCH1
pont_de_chavanay;ICONIFS;2026-10-11T03:00;ICONCH1;6.10;9.30;307.0;12.7;0.00;53.0;ICONCH1
pont_de_chavanay;ICONIFS;2026-10-11T04:00;ICONCH1;8.40;12.60;304.0;13.0;0.00;100.0;ICONCH1
pont_de_chavanay;ICONIFS;2026-10-11T05:00;ICONCH1;3.20;12.60;327.0;11.7;0.00;100.0;ICONCH1
pont_de_chavanay;ICONIFS;2026-10-11T06:00;ICONCH1;1.40;4.90;8.0;10.0;0.00;100.0;ICONCH1
pont_de_chavanay;ICONIFS;2026-10-11T07:00;ICONCH1;1.40;2.10;98.0;8.9;0.00;100.0;ICONCH1
pont_de_chavanay;ICONIFS;2026-10-11T08:00;ICONCH1;2.10;3.10;124.0;8.1;0.00;100.0;ICONCH1
pont_de_chavanay;ICONIFS;2026-10-11T09:00;ICONCH1;2.50;3.70;141.0;9.9;0.00;94.0;ICONCH1
pont_de_chavanay;ICONIFS;2026-10-11T10:00;ICONCH1;2.40;3.70;104.0;12.2;0.00;85.0;ICONCH1
pont_de_chavanay;ICONIFS;2026-10-11T11:00;ICONCH1;7.40;11.50;348.0;15.5;0.00;100.0;ICONCH1
pont_de_chavanay;ICONIFS;2026-10-11T12:00;ICONCH1;8.20;12.60;14.0;16.2;0.00;100.0;ICONCH1
pont_de_chavanay;ICONIFS;2026-10-11T13:00;ICONCH1;8.80;13.80;22.0;16.7;0.00;100.0;ICONCH1
pont_de_chavanay;ICONIFS;2026-10-11T14:00;ICONCH1;7.60;14.20;18.0;16.7;0.00;100.0;ICONCH1
pont_de_chavanay;ICONIFS;2026-10-11T15:00;ICONCH1;9.20;14.20;25.0;17.2;0.00;100.0;ICONCH1
pont_de_chavanay;ICONIFS;2026-10-11T16:00;ICONCH1;8.30;14.60;27.0;17.3;0.00;98.0;ICONCH1
pont_de_chavanay;ICONIFS;2026-10-11T17:00;ICONCH1;8.30;13.60;27.0;17.3;0.00;100.0;ICONCH1
pont_de_chavanay;ICONIFS;2026-10-11T18:00;ICONCH1;7.00;12.40;14.0;16.8;0.00;100.0;ICONCH1
pont_de_chavanay;ICONIFS;2026-10-11T19:00;ICONCH1;4.10;10.70;355.0;15.9;0.00;99.0;ICONCH1
pont_de_chavanay;ICONIFS;2026-10-11T20:00;ICONCH1;4.70;7.00;341.0;14.7;0.00;91.0;ICONCH1
pont_de_chavanay;ICONIFS;2026-10-11T21:00;ICONCH1;4.30;7.40;330.0;14.2;0.00;75.0;ICONCH1
pont_de_chavanay;ICONIFS;2026-10-11T22:00;ICONCH1;4.30;6.80;294.0;13.3;0.00;80.0;ICONCH1
pont_de_chavanay;ICONIFS;2026-10-11T23:00;ICONCH1;3.10;6.80;300.0;12.8;0.00;41.0;ICONCH1
pont_de_chavanay;ICONIFS;2026-10-12T00:00;ICONCH1;3.40;5.40;313.0;13.0;0.00;37.0;ICONCH1
pont_de_chavanay;ICONIFS;2026-10-12T01:00;ICONCH1;2.40;5.20;305.0;12.1;0.00;0.0;ICONCH1
pont_de_chavanay;ICONIFS;2026-10-12T02:00;ICONCH1;0.40;3.50;243.0;10.8;0.00;0.0;ICONCH1
pont_de_chavanay;ICONIFS;2026-10-12T03:00;ICONCH1;1.40;1.90;135.0;9.1;0.00;0.0;ICONCH1
pont_de_chavanay;ICONIFS;2026-10-12T04:00;ICONCH1;1.20;1.90;141.0;8.8;0.00;0.0;ICONCH1
pont_de_chavanay;ICONIFS;2026-10-12T05:00;ICONCH1;2.30;3.50;149.0;8.8;0.00;0.0;ICONCH1
pont_de_chavanay;ICONIFS;2026-10-12T06:00;ICONCH2;2.30;3.70;360.0;10.5;0.00;0.0;ICONCH2
pont_de_chavanay;ICONIFS;2026-10-12T07:00;ICONCH2;2.40;3.70;9.0;10.3;0.00;0.0;ICONCH2
pont_de_chavanay;ICONIFS;2026-10-12T08:00;ICONCH2;2.30;3.90;24.0;10.0;0.00;0.0;ICONCH2
pont_de_chavanay;ICONIFS;2026-10-12T09:00;ICONCH2;2.60;4.30;48.0;10.1;0.00;0.0;ICONCH2
pont_de_chavanay;ICONIFS;2026-10-12T10:00;ICONCH2;3.90;6.40;41.0;13.5;0.00;0.0;ICONCH2
pont_de_chavanay;ICONIFS;2026-10-12T11:00;ICONCH2;7.20;12.20;2.0;15.4;0.00;0.0;ICONCH2
pont_de_chavanay;ICONIFS;2026-10-12T12:00;ICONCH2;8.40;14.00;3.0;16.2;0.00;0.0;ICONCH2
pont_de_chavanay;ICONIFS;2026-10-12T13:00;ICONCH2;9.20;15.60;5.0;17.0;0.00;0.0;ICONCH2
pont_de_chavanay;ICONIFS;2026-10-12T14:00;ICONCH2;8.70;15.60;1.0;17.9;0.00;0.0;ICONCH2
pont_de_chavanay;ICONIFS;2026-10-12T15:00;ICONCH2;8.60;14.80;360.0;18.5;0.00;0.0;ICONCH2
pont_de_chavanay;ICONIFS;2026-10-12T16:00;ICONCH2;8.60;14.60;4.0;18.7;0.00;0.0;ICONCH2
pont_de_chavanay;ICONIFS;2026-10-12T17:00;ICONCH2;8.00;14.40;4.0;18.6;0.00;0.0;ICONCH2
pont_de_chavanay;ICONIFS;2026-10-12T18:00;ICONCH2;5.60;13.00;2.0;17.7;0.00;0.0;ICONCH2
pont_de_chavanay;ICONIFS;2026-10-12T19:00;ICONCH2;4.30;8.90;333.0;15.8;0.00;12.0;ICONCH2
pont_de_chavanay;ICONIFS;2026-10-12T20:00;ICONCH2;4.30;6.80;336.0;14.6;0.00;63.0;ICONCH2
pont_de_chavanay;ICONIFS;2026-10-12T21:00;ICONCH2;3.90;6.80;333.0;14.1;0.00;63.0;ICONCH2
pont_de_chavanay;ICONIFS;2026-10-12T22:00;ICONCH2;3.00;6.20;333.0;13.5;0.00;48.0;ICONCH2
pont_de_chavanay;ICONIFS;2026-10-12T23:00;ICONCH2;2.40;4.90;331.0;12.9;0.00;0.0;ICONCH2
pont_de_chavanay;ICONIFS;2026-10-13T00:00;ICONCH2;2.00;3.70;349.0;12.2;0.00;0.0;ICONCH2
pont_de_chavanay;ICONIFS;2026-10-13T01:00;ICONCH2;1.60;2.90;7.0;11.6;0.00;0.0;ICONCH2
pont_de_chavanay;ICONIFS;2026-10-13T02:00;ICONCH2;1.00;1.90;11.0;10.7;0.00;0.0;ICONCH2
pont_de_chavanay;ICONIFS;2026-10-13T03:00;ICONCH2;0.30;1.40;45.0;9.8;0.00;0.0;ICONCH2
pont_de_chavanay;ICONIFS;2026-10-13T04:00;ICONCH2;0.30;0.40;135.0;9.2;0.00;0.0;ICONCH2
pont_de_chavanay;ICONIFS;2026-10-13T05:00;ICONCH2;0.20;0.40;180.0;9.0;0.00;0.0;ICONCH2
pont_de_chavanay;ICONIFS;2026-10-13T06:00;ICONCH2;0.50;0.80;135.0;8.7;0.00;0.0;ICONCH2
pont_de_chavanay;ICONIFS;2026-10-13T07:00;ICONCH2;0.60;0.80;198.0;8.9;0.00;0.0;ICONCH2
pont_de_chavanay;ICONIFS;2026-10-13T08:00;ICONCH2;0.40;1.00;243.0;9.0;0.00;0.0;ICONCH2
pont_de_chavanay;ICONIFS;2026-10-13T09:00;ICONCH2;0.90;1.00;153.0;9.6;0.00;0.0;ICONCH2
pont_de_chavanay;ICONIFS;2026-10-13T10:00;ICONCH2;1.80;3.30;174.0;10.8;0.00;0.0;ICONCH2
pont_de_chavanay;ICONIFS;2026-10-13T11:00;ICONCH2;1.40;3.50;164.0;13.1;0.00;0.0;ICONCH2
pont_de_chavanay;ICONIFS;2026-10-13T12:00;ICONCH2;1.10;3.30;149.0;15.4;0.00;0.0;ICONCH2
pont_de_chavanay;ICONIFS;2026-10-13T13:00;ICONCH2;1.40;3.10;90.0;17.6;0.00;25.0;ICONCH2
pont_de_chavanay;ICONIFS;2026-10-13T14:00;ICONCH2;2.70;4.90;60.0;19.3;0.00;75.0;ICONCH2
pont_de_chavanay;ICONIFS;2026-10-13T15:00;ICONCH2;3.80;6.60;60.0;20.3;0.00;37.0;ICONCH2
pont_de_chavanay;ICONIFS;2026-10-13T16:00;ICONCH2;4.80;8.40;50.0;20.7;0.00;100.0;ICONCH2
pont_de_chavanay;ICONIFS;2026-10-13T17:00;ICONCH2;5.00;8.40;36.0;20.5;0.00;100.0;ICONCH2
pont_de_chavanay;ICONIFS;2026-10-13T18:00;ICONCH2;4.30;8.20;24.0;19.4;0.00;100.0;ICONCH2
pont_de_chavanay;ICONIFS;2026-10-13T19:00;ICONCH2;3.40;6.80;336.0;17.4;0.00;100.0;ICONCH2
pont_de_chavanay;ICONIFS;2026-10-13T20:00;ICONCH2;3.50;6.00;326.0;15.7;0.00;100.0;ICONCH2
pont_de_chavanay;ICONIFS;2026-10-13T21:00;ICONCH2;3.00;5.40;333.0;15.0;0.00;100.0;ICONCH2
pont_de_chavanay;ICONIFS;2026-10-13T22:00;ICONCH2;2.60;4.70;347.0;15.0;0.00;100.0;ICONCH2
pont_de_chavanay;ICONIFS;2026-10-13T23:00;ICONCH2;2.50;3.90;4.0;15.2;0.00;100.0;ICONCH2
pont_de_chavanay;ICONIFS;2026-10-14T00:00;ICONCH2;2.30;3.70;31.0;14.8;0.00;100.0;ICONCH2
pont_de_chavanay;ICONIFS;2026-10-14T01:00;ICONCH2;1.90;3.30;37.0;14.7;0.00;100.0;ICONCH2
pont_de_chavanay;ICONIFS;2026-10-14T02:00;ICONCH2;1.90;2.90;37.0;14.6;0.00;100.0;ICONCH2
pont_de_chavanay;ICONIFS;2026-10-14T03:00;ICONCH2;2.20;3.50;38.0;14.4;0.00;100.0;ICONCH2
pont_de_chavanay;ICONIFS;2026-10-14T04:00;ICONCH2;1.90;3.50;37.0;14.1;0.00;100.0;ICONCH2
pont_de_chavanay;ICONIFS;2026-10-14T05:00;ICONCH2;1.40;2.90;56.0;14.2;0.00;100.0;ICONCH2
pont_de_chavanay;ICONIFS;2026-10-14T06:00;ICONCH2;1.70;2.30;69.0;13.2;0.00;100.0;ICONCH2
pont_de_chavanay;ICONIFS;2026-10-14T07:00;ICONCH2;2.00;2.70;29.0;13.9;0.00;100.0;ICONCH2
pont_de_chavanay;ICONIFS;2026-10-14T08:00;ICONCH2;2.70;4.10;360.0;14.9;0.00;97.0;ICONCH2
pont_de_chavanay;ICONIFS;2026-10-14T09:00;ICONCH2;2.30;4.50;360.0;16.0;0.00;100.0;ICONCH2
pont_de_chavanay;ICONIFS;2026-10-14T10:00;ICONCH2;2.30;3.70;355.0;18.3;0.00;51.0;ICONCH2
pont_de_chavanay;ICONIFS;2026-10-14T11:00;ICONCH2;9.20;15.20;338.0;19.8;0.00;47.0;ICONCH2
pont_de_chavanay;ICONIFS;2026-10-14T12:00;ICONCH2;8.30;15.20;351.0;20.8;0.00;35.0;ICONCH2
pont_de_chavanay;ICONIFS;2026-10-14T13:00;ICONCH2;8.60;14.60;359.0;21.9;0.00;6.0;ICONCH2
pont_de_chavanay;ICONIFS;2026-10-14T14:00;ICONCH2;8.40;14.60;8.0;22.6;0.00;0.0;ICONCH2
pont_de_chavanay;ICONIFS;2026-10-14T15:00;ICON13KM;7.90;15.20;11.0;22.6;0.00;45.0;ICON13KM
pont_de_chavanay;ICONIFS;2026-10-14T16:00;ICON13KM;7.50;15.00;17.0;22.7;0.00;30.0;ICON13KM
pont_de_chavanay;ICONIFS;2026-10-14T17:00;ICON13KM;6.80;13.80;20.0;22.3;0.00;16.0;ICON13KM
pont_de_chavanay;ICONIFS;2026-10-14T18:00;ICON13KM;5.30;10.90;17.0;20.8;0.00;22.0;ICON13KM
pont_de_chavanay;ICONIFS;2026-10-14T19:00;ICON13KM;3.30;7.00;3.0;18.7;0.00;28.0;ICON13KM
pont_de_chavanay;ICONIFS;2026-10-14T20:00;ICON13KM;2.20;4.10;333.0;16.8;0.00;34.0;ICON13KM
pont_de_chavanay;ICONIFS;2026-10-14T21:00;ICON13KM;2.10;3.30;311.0;15.3;0.00;39.0;ICON13KM
pont_de_chavanay;ICONIFS;2026-10-14T22:00;ICON13KM;2.10;3.50;304.0;13.9;0.00;45.0;ICON13KM
pont_de_chavanay;ICONIFS;2026-10-14T23:00;ICON13KM;2.10;3.70;304.0;12.8;0.00;50.0;ICON13KM
pont_de_chavanay;ICONIFS;2026-10-15T00:00;ICON13KM;2.10;3.50;304.0;12.0;0.00;55.0;ICON13KM
pont_de_chavanay;ICONIFS;2026-10-15T01:00;ICON13KM;1.90;3.30;307.0;11.5;0.00;60.0;ICON13KM
pont_de_chavanay;ICONIFS;2026-10-15T02:00;ICON13KM;1.80;3.10;311.0;11.2;0.00;65.0;ICON13KM
pont_de_chavanay;ICONIFS;2026-10-15T03:00;ICON13KM;1.50;2.70;310.0;11.0;0.00;67.0;ICON13KM
pont_de_chavanay;ICONIFS;2026-10-15T04:00;ICON13KM;1.20;1.90;309.0;11.0;0.00;68.0;ICON13KM
pont_de_chavanay;ICONIFS;2026-10-15T05:00;ICON13KM;1.00;1.60;307.0;10.9;0.00;70.0;ICON13KM
pont_de_chavanay;ICONIFS;2026-10-15T06:00;ICON13KM;0.90;1.20;297.0;10.5;0.00;80.0;ICON13KM
pont_de_chavanay;ICONIFS;2026-10-15T07:00;ICON13KM;0.90;0.80;297.0;10.0;0.00;90.0;ICON13KM
pont_de_chavanay;ICONIFS;2026-10-15T08:00;ICON13KM;0.60;1.00;288.0;10.1;0.00;100.0;ICON13KM
pont_de_chavanay;ICONIFS;2026-10-15T09:00;ICON13KM;0.30;1.70;225.0;11.0;0.00;96.0;ICON13KM
pont_de_chavanay;ICONIFS;2026-10-15T10:00;ICON13KM;0.90;2.90;153.0;12.5;0.00;91.0;ICON13KM
pont_de_chavanay;ICONIFS;2026-10-15T11:00;ICON13KM;1.60;4.10;150.0;14.3;0.00;87.0;ICON13KM
pont_de_chavanay;ICONIFS;2026-10-15T12:00;ICON13KM;2.30;5.20;156.0;16.5;0.00;62.0;ICON13KM
pont_de_chavanay;ICONIFS;2026-10-15T13:00;ICON13KM;3.10;6.60;158.0;19.0;0.00;36.0;ICON13KM
pont_de_chavanay;ICONIFS;2026-10-15T14:00;ICON13KM;3.90;7.80;160.0;20.9;0.00;11.0;ICON13KM
pont_de_chavanay;ICONIFS;2026-10-15T15:00;ICON13KM;4.70;8.90;163.0;22.1;0.00;10.0;ICON13KM
pont_de_chavanay;ICONIFS;2026-10-15T16:00;ICON13KM;5.40;10.10;165.0;22.8;0.00;8.0;ICON13KM
pont_de_chavanay;ICONIFS;2026-10-15T17:00;ICON13KM;5.40;10.30;165.0;22.7;0.00;7.0;ICON13KM
pont_de_chavanay;ICONIFS;2026-10-15T18:00;ICON13KM;4.20;8.90;164.0;21.4;0.00;7.0;ICON13KM
pont_de_chavanay;ICONIFS;2026-10-15T19:00;ICON13KM;2.70;6.60;159.0;19.3;0.00;8.0;ICON13KM
pont_de_chavanay;ICONIFS;2026-10-15T20:00;ICON13KM;1.40;4.70;146.0;17.6;0.00;8.0;ICON13KM
pont_de_chavanay;ICONIFS;2026-10-15T21:00;ICON13KM;0.90;3.30;153.0;16.6;0.00;19.0;ICON13KM
pont_de_chavanay;ICONIFS;2026-10-15T22:00;ICON13KM;0.80;2.30;194.0;15.9;0.00;29.0;ICON13KM
pont_de_chavanay;ICONIFS;2026-10-15T23:00;ICON13KM;1.00;1.60;217.0;15.1;0.00;40.0;ICON13KM
pont_de_chavanay;ICONIFS;2026-10-16T00:00;ICON13KM;0.80;1.40;225.0;14.2;0.00;44.0;ICON13KM
pont_de_chavanay;ICONIFS;2026-10-16T01:00;ICON13KM;0.70;1.40;236.0;13.2;0.00;47.0;ICON13KM
pont_de_chavanay;ICONIFS;2026-10-16T02:00;ICON13KM;0.60;1.40;252.0;12.4;0.00;51.0;ICON13KM
pont_de_chavanay;ICONIFS;2026-10-16T03:00;ICON13KM;0.80;1.40;270.0;12.0;0.00;59.0;ICON13KM
pont_de_chavanay;ICONIFS;2026-10-16T04:00;ICON13KM;1.00;1.40;270.0;11.7;0.00;66.0;ICON13KM
pont_de_chavanay;ICONIFS;2026-10-16T05:00;ICON13KM;1.00;1.40;281.0;11.5;0.00;74.0;ICON13KM
pont_de_chavanay;ICONIFS;2026-10-16T06:00;ICON13KM;1.10;1.40;301.0;11.3;0.00;81.0;ICON13KM
pont_de_chavanay;ICONIFS;2026-10-16T07:00;ICON13KM;1.10;1.20;315.0;11.1;0.00;87.0;ICON13KM
pont_de_chavanay;ICONIFS;2026-10-16T08:00;ICON13KM;1.00;1.40;338.0;11.4;0.00;94.0;ICON13KM
pont_de_chavanay;ICONIFS;2026-10-16T09:00;ICON13KM;0.60;2.10;18.0;12.4;0.00;82.0;ICON13KM
pont_de_chavanay;ICONIFS;2026-10-16T10:00;ICON13KM;1.00;3.10;101.0;13.9;0.00;71.0;ICON13KM
pont_de_chavanay;ICONIFS;2026-10-16T11:00;ICON13KM;1.70;3.90;111.0;15.6;0.00;59.0;ICON13KM
pont_de_chavanay;ICONIFS;2026-10-16T12:00;ICON13KM;1.80;4.10;96.0;17.5;0.00;40.0;ICON13KM
pont_de_chavanay;ICONIFS;2026-10-16T13:00;ICON13KM;1.60;4.30;76.0;19.5;0.00;22.0;ICON13KM
pont_de_chavanay;ICONIFS;2026-10-16T14:00;ICON13KM;1.90;4.70;53.0;21.0;0.00;3.0;ICON13KM
pont_de_chavanay;ICONIFS;2026-10-16T15:00;ICON13KM;2.80;5.80;39.0;21.8;0.00;3.0;ICON13KM
pont_de_chavanay;ICONIFS;2026-10-16T16:00;ICON13KM;3.80;7.60;30.0;22.0;0.00;3.0;ICON13KM
pont_de_chavanay;ICONIFS;2026-10-16T17:00;ICON13KM;4.30;8.20;27.0;21.5;0.00;3.0;ICON13KM
pont_de_chavanay;ICONIFS;2026-10-16T18:00;ICON13KM;3.80;7.00;21.0;20.1;0.00;2.0;ICON13KM
pont_de_chavanay;ICONIFS;2026-10-16T19:00;ICON13KM;2.70;5.10;8.0;18.0;0.00;1.0;ICON13KM
pont_de_chavanay;ICONIFS;2026-10-16T20:00;ICON13KM;2.20;3.70;350.0;16.2;0.00;0.0;ICON13KM
pont_de_chavanay;ICONIFS;2026-10-16T21:00;ICON13KM;2.30;3.50;340.0;14.9;0.00;21.0;ICON13KM
pont_de_chavanay;ICONIFS;2026-10-16T22:00;ICON13KM;2.30;4.10;340.0;14.0;0.00;41.0;ICON13KM
pont_de_chavanay;ICONIFS;2026-10-16T23:00;ICON13KM;2.50;4.50;342.0;13.2;0.00;62.0;ICON13KM
pont_de_chavanay;ICONIFS;2026-10-17T00:00;ICON13KM;2.50;4.50;342.0;12.6;0.00;74.0;ICON13KM
pont_de_chavanay;ICONIFS;2026-10-17T01:00;ICON13KM;2.40;4.50;346.0;12.2;0.00;86.0;ICON13KM
pont_de_chavanay;ICONIFS;2026-10-17T02:00;ICON13KM;2.40;4.50;346.0;12.0;0.00;98.0;ICON13KM
pont_de_chavanay;ICONIFS;2026-10-17T03:00;ICON13KM;2.40;4.50;346.0;11.9;0.00;89.0;ICON13KM
pont_de_chavanay;ICONIFS;2026-10-17T04:00;ICON13KM;2.60;4.70;347.0;12.0;0.00;79.0;ICON13KM
pont_de_chavanay;ICONIFS;2026-10-17T05:00;ICON13KM;2.60;4.70;343.0;12.1;0.00;70.0;ICON13KM
pont_de_chavanay;ICONIFS;2026-10-17T06:00;ICON13KM;2.60;4.70;333.0;12.3;0.00;74.0;ICON13KM
pont_de_chavanay;ICONIFS;2026-10-17T07:00;ICON13KM;2.80;4.70;321.0;12.7;0.00;77.0;ICON13KM
pont_de_chavanay;ICONIFS;2026-10-17T08:00;ICON13KM;2.80;4.90;321.0;13.2;0.00;81.0;ICON13KM
pont_de_chavanay;ICONIFS;2026-10-17T09:00;ICON13KM;2.60;5.10;333.0;14.2;0.00;83.0;ICON13KM
pont_de_chavanay;ICONIFS;2026-10-17T10:00;ICON13KM;2.50;5.20;356.0;15.3;0.00;86.0;ICON13KM
pont_de_chavanay;ICONIFS;2026-10-17T11:00;ICON13KM;3.00;5.80;15.0;16.4;0.00;88.0;ICON13KM
pont_de_chavanay;ICONIFS;2026-10-17T12:00;ICON13KM;3.90;7.20;20.0;17.3;0.00;76.0;ICON13KM
pont_de_chavanay;ICONIFS;2026-10-17T13:00;ICON13KM;4.80;8.90;21.0;18.1;0.00;63.0;ICON13KM
pont_de_chavanay;ICONIFS;2026-10-17T14:00;ICON13KM;5.50;10.30;23.0;18.7;0.00;51.0;ICON13KM
pont_de_chavanay;ICONIFS;2026-10-17T15:00;ICON13KM;5.80;11.30;26.0;19.2;0.00;67.0;ICON13KM
pont_de_chavanay;ICONIFS;2026-10-17T16:00;ICON13KM;6.10;11.70;27.0;19.5;0.00;82.0;ICON13KM
pont_de_chavanay;ICONIFS;2026-10-17T17:00;ICON13KM;5.70;11.30;27.0;19.2;0.00;98.0;ICON13KM
pont_de_chavanay;ICONIFS;2026-10-17T18:00;ICON13KM;4.60;9.30;20.0;18.0;0.00;99.0;ICON13KM
pont_de_chavanay;ICONIFS;2026-10-17T19:00;ICON13KM;3.10;6.40;4.0;16.2;0.00;99.0;ICON13KM
pont_de_chavanay;ICONIFS;2026-10-17T20:00;ICON13KM;2.30;4.30;340.0;14.6;0.00;100.0;ICON13KM
pont_de_chavanay;ICONIFS;2026-10-17T21:00;ICON13KM;2.10;3.50;319.0;13.2;0.00;100.0;ICON13KM
pont_de_chavanay;ICONIFS;2026-10-17T22:00;ICON13KM;2.10;3.50;311.0;12.0;0.00;100.0;ICON13KM
pont_de_chavanay;ICONIFS;2026-10-17T23:00;ICON13KM;2.10;3.50;304.0;11.0;0.00;100.0;ICON13KM
pont_de_chavanay;ICONIFS;2026-10-18T00:00;ICON13KM;1.90;3.30;307.0;10.4;0.00;93.0;ICON13KM
pont_de_chavanay;ICONIFS;2026-10-18T01:00;ICON13KM;1.80;3.10;311.0;10.0;0.00;86.0;ICON13KM
pont_de_chavanay;ICONIFS;2026-10-18T02:00;ICON13KM;1.60;2.90;315.0;9.7;0.00;79.0;ICON13KM
portes_les_valence;ICONIFS;2026-10-10T00:00;ICONCH1;7.90;13.00;17.0;12.3;0.00;100.0;ICONCH1
portes_les_valence;ICONIFS;2026-10-10T01:00;ICONCH1;8.10;12.80;30.0;12.3;0.00;98.0;ICONCH1
portes_les_valence;ICONIFS;2026-10-10T02:00;ICONCH1;9.60;15.60;8.0;12.7;0.00;100.0;ICONCH1
portes_les_valence;ICONIFS;2026-10-10T03:00;ICONCH1;7.80;15.00;360.0;12.9;0.00;100.0;ICONCH1
portes_les_valence;ICONIFS;2026-10-10T04:00;ICONCH1;8.00;12.80;356.0;13.2;0.00;98.0;ICONCH1
portes_les_valence;ICONIFS;2026-10-10T05:00;ICONCH1;7.80;12.60;353.0;13.4;0.00;100.0;ICONCH1
portes_les_valence;ICONIFS;2026-10-10T06:00;ICONCH1;8.50;13.60;348.0;13.6;0.00;94.0;ICONCH1
portes_les_valence;ICONIFS;2026-10-10T07:00;ICONCH1;9.40;14.80;347.0;13.7;0.00;86.0;ICONCH1
portes_les_valence;ICONIFS;2026-10-10T08:00;ICONCH1;6.80;14.80;355.0;13.2;0.00;56.0;ICONCH1
portes_les_valence;ICONIFS;2026-10-10T09:00;ICONCH1;5.50;10.50;4.0;13.5;0.00;95.0;ICONCH1
portes_les_valence;ICONIFS;2026-10-10T10:00;ICONCH1;7.20;11.50;14.0;14.5;0.00;70.0;ICONCH1
portes_les_valence;ICONIFS;2026-10-10T11:00;ICONCH1;9.90;16.70;2.0;16.0;0.00;97.0;ICONCH1
portes_les_valence;ICONIFS;2026-10-10T12:00;ICONCH1;10.30;17.30;4.0;16.9;0.00;47.0;ICONCH1
portes_les_valence;ICONIFS;2026-10-10T13:00;ICONCH1;10.00;16.90;13.0;18.0;0.00;42.0;ICONCH1
portes_les_valence;ICONIFS;2026-10-10T14:00;ICONCH1;8.50;16.30;12.0;18.7;0.00;90.0;ICONCH1
portes_les_valence;ICONIFS;2026-10-10T15:00;ICONCH1;9.90;15.70;357.0;19.1;0.00;98.0;ICONCH1
portes_les_valence;ICONIFS;2026-10-10T16:00;ICONCH1;9.50;16.30;11.0;19.4;0.00;54.0;ICONCH1
portes_les_valence;ICONIFS;2026-10-10T17:00;ICONCH1;7.20;15.70;13.0;19.0;0.10;94.0;ICONCH1
portes_les_valence;ICONIFS;2026-10-10T18:00;ICONCH1;7.00;11.70;24.0;18.6;0.00;77.0;ICONCH1
portes_les_valence;ICONIFS;2026-10-10T19:00;ICONCH1;4.90;11.10;353.0;17.4;0.00;85.0;ICONCH1
portes_les_valence;ICONIFS;2026-10-10T20:00;ICONCH1;5.60;8.70;360.0;17.1;0.00;35.0;ICONCH1
portes_les_valence;ICONIFS;2026-10-10T21:00;ICONCH1;7.20;11.30;354.0;16.8;0.00;100.0;ICONCH1
portes_les_valence;ICONIFS;2026-10-10T22:00;ICONCH1;14.80;23.10;358.0;16.5;0.00;68.0;ICONCH1
portes_les_valence;ICONIFS;2026-10-10T23:00;ICONCH1;13.10;23.10;7.0;15.7;0.00;59.0;ICONCH1
portes_les_valence;ICONIFS;2026-10-11T00:00;ICONCH1;10.30;20.60;12.0;14.8;0.00;86.0;ICONCH1
portes_les_valence;ICONIFS;2026-10-11T01:00;ICONCH1;10.20;16.70;13.0;14.1;0.00;70.0;ICONCH1
portes_les_valence;ICONIFS;2026-10-11T02:00;ICONCH1;9.60;16.70;7.0;13.3;0.00;42.0;ICONCH1
portes_les_valence;ICONIFS;2026-10-11T03:00;ICONCH1;9.50;15.00;4.0;12.7;0.00;100.0;ICONCH1
portes_les_valence;ICONIFS;2026-10-11T04:00;ICONCH1;8.80;14.80;8.0;12.0;0.00;100.0;ICONCH1
portes_les_valence;ICONIFS;2026-10-11T05:00;ICONCH1;9.40;14.80;6.0;11.3;0.00;100.0;ICONCH1
portes_les_valence;ICONIFS;2026-10-11T06:00;ICONCH1;8.90;14.80;10.0;11.1;0.00;100.0;ICONCH1
portes_les_valence;ICONIFS;2026-10-11T07:00;ICONCH1;9.20;14.40;7.0;10.7;0.00;100.0;ICONCH1
portes_les_valence;ICONIFS;2026-10-11T08:00;ICONCH1;10.50;16.30;12.0;10.6;0.00;100.0;ICONCH1
portes_les_valence;ICONIFS;2026-10-11T09:00;ICONCH1;10.70;16.70;16.0;11.0;0.00;98.0;ICONCH1
portes_les_valence;ICONIFS;2026-10-11T10:00;ICONCH1;12.40;19.80;14.0;12.3;0.00;100.0;ICONCH1
portes_les_valence;ICONIFS;2026-10-11T11:00;ICONCH1;14.60;23.30;9.0;13.9;0.00;87.0;ICONCH1
portes_les_valence;ICONIFS;2026-10-11T12:00;ICONCH1;15.20;24.50;11.0;15.5;0.00;100.0;ICONCH1
portes_les_valence;ICONIFS;2026-10-11T13:00;ICONCH1;16.50;26.20;12.0;16.3;0.00;100.0;ICONCH1
portes_les_valence;ICONIFS;2026-10-11T14:00;ICONCH1;15.80;26.80;6.0;16.8;0.00;100.0;ICONCH1
portes_les_valence;ICONIFS;2026-10-11T15:00;ICONCH1;16.30;26.40;8.0;17.3;0.00;99.0;ICONCH1
portes_les_valence;ICONIFS;2026-10-11T16:00;ICONCH1;14.80;25.90;14.0;17.3;0.00;100.0;ICONCH1
portes_les_valence;ICONIFS;2026-10-11T17:00;ICONCH1;14.40;23.70;14.0;17.2;0.00;100.0;ICONCH1
portes_les_valence;ICONIFS;2026-10-11T18:00;ICONCH1;13.00;22.90;10.0;16.8;0.00;100.0;ICONCH1
portes_les_valence;ICONIFS;2026-10-11T19:00;ICONCH1;10.50;20.40;2.0;15.9;0.00;100.0;ICONCH1
portes_les_valence;ICONIFS;2026-10-11T20:00;ICONCH1;10.10;16.10;3.0;15.0;0.00;79.0;ICONCH1
portes_les_valence;ICONIFS;2026-10-11T21:00;ICONCH1;10.00;17.50;8.0;14.3;0.00;78.0;ICONCH1
portes_les_valence;ICONIFS;2026-10-11T22:00;ICONCH1;8.10;15.60;11.0;13.6;0.00;38.0;ICONCH1
portes_les_valence;ICONIFS;2026-10-11T23:00;ICONCH1;8.40;13.80;13.0;12.6;0.00;26.0;ICONCH1
portes_les_valence;ICONIFS;2026-10-12T00:00;ICONCH1;8.40;13.60;8.0;11.8;0.00;0.0;ICONCH1
portes_les_valence;ICONIFS;2026-10-12T01:00;ICONCH1;9.50;14.80;9.0;11.3;0.00;0.0;ICONCH1
portes_les_valence;ICONIFS;2026-10-12T02:00;ICONCH1;10.30;16.10;11.0;10.8;0.00;0.0;ICONCH1
portes_les_valence;ICONIFS;2026-10-12T03:00;ICONCH1;9.90;16.10;10.0;10.5;0.00;0.0;ICONCH1
portes_les_valence;ICONIFS;2026-10-12T04:00;ICONCH1;10.30;15.90;10.0;10.2;0.00;0.0;ICONCH1
portes_les_valence;ICONIFS;2026-10-12T05:00;ICONCH1;9.30;15.90;12.0;10.0;0.00;0.0;ICONCH1
portes_les_valence;ICONIFS;2026-10-12T06:00;ICONCH2;8.90;14.60;10.0;10.5;0.00;0.0;ICONCH2
portes_les_valence;ICONIFS;2026-10-12T07:00;ICONCH2;8.80;14.80;18.0;10.1;0.00;0.0;ICONCH2
portes_les_valence;ICONIFS;2026-10-12T08:00;ICONCH2;9.30;15.70;20.0;9.5;0.00;0.0;ICONCH2
portes_les_valence;ICONIFS;2026-10-12T09:00;ICONCH2;10.00;16.70;15.0;10.2;0.00;0.0;ICONCH2
portes_les_valence;ICONIFS;2026-10-12T10:00;ICONCH2;12.80;20.60;9.0;12.2;0.00;0.0;ICONCH2
portes_les_valence;ICONIFS;2026-10-12T11:00;ICONCH2;13.90;22.40;8.0;13.6;0.00;0.0;ICONCH2
portes_les_valence;ICONIFS;2026-10-12T12:00;ICONCH2;14.40;23.10;5.0;15.2;0.00;0.0;ICONCH2
portes_les_valence;ICONIFS;2026-10-12T13:00;ICONCH2;15.80;25.30;5.0;16.6;0.00;0.0;ICONCH2
portes_les_valence;ICONIFS;2026-10-12T14:00;ICONCH2;15.80;25.90;5.0;17.4;0.00;0.0;ICONCH2
portes_les_valence;ICONIFS;2026-10-12T15:00;ICONCH2;14.80;25.50;5.0;18.0;0.00;0.0;ICONCH2
portes_les_valence;ICONIFS;2026-10-12T16:00;ICONCH2;13.70;23.70;7.0;18.2;0.00;0.0;ICONCH2
portes_les_valence;ICONIFS;2026-10-12T17:00;ICONCH2;12.70;21.80;7.0;18.0;0.00;7.0;ICONCH2
portes_les_valence;ICONIFS;2026-10-12T18:00;ICONCH2;10.90;20.20;6.0;17.2;0.00;23.0;ICONCH2
portes_les_valence;ICONIFS;2026-10-12T19:00;ICONCH2;8.60;17.30;355.0;15.5;0.00;41.0;ICONCH2
portes_les_valence;ICONIFS;2026-10-12T20:00;ICONCH2;7.50;14.00;351.0;14.3;0.00;100.0;ICONCH2
portes_les_valence;ICONIFS;2026-10-12T21:00;ICONCH2;6.80;12.20;360.0;13.6;0.00;100.0;ICONCH2
portes_les_valence;ICONIFS;2026-10-12T22:00;ICONCH2;6.40;11.50;2.0;13.0;0.00;100.0;ICONCH2
portes_les_valence;ICONIFS;2026-10-12T23:00;ICONCH2;5.60;10.70;2.0;12.5;0.00;21.0;ICONCH2
portes_les_valence;ICONIFS;2026-10-13T00:00;ICONCH2;4.70;9.50;358.0;11.9;0.00;0.0;ICONCH2
portes_les_valence;ICONIFS;2026-10-13T01:00;ICONCH2;4.70;8.00;2.0;11.4;0.00;0.0;ICONCH2
portes_les_valence;ICONIFS;2026-10-13T02:00;ICONCH2;4.70;8.20;2.0;11.1;0.00;0.0;ICONCH2
portes_les_valence;ICONIFS;2026-10-13T03:00;ICONCH2;4.70;8.20;358.0;10.7;0.00;0.0;ICONCH2
portes_les_valence;ICONIFS;2026-10-13T04:00;ICONCH2;4.30;8.20;355.0;10.6;0.00;0.0;ICONCH2
portes_les_valence;ICONIFS;2026-10-13T05:00;ICONCH2;4.10;7.60;355.0;10.4;0.00;0.0;ICONCH2
portes_les_valence;ICONIFS;2026-10-13T06:00;ICONCH2;3.90;7.20;360.0;10.3;0.00;0.0;ICONCH2
portes_les_valence;ICONIFS;2026-10-13T07:00;ICONCH2;3.90;7.00;360.0;10.0;0.00;0.0;ICONCH2
portes_les_valence;ICONIFS;2026-10-13T08:00;ICONCH2;4.20;7.20;349.0;9.7;0.00;0.0;ICONCH2
portes_les_valence;ICONIFS;2026-10-13T09:00;ICONCH2;3.90;7.40;357.0;10.7;0.00;0.0;ICONCH2
portes_les_valence;ICONIFS;2026-10-13T10:00;ICONCH2;4.30;7.80;18.0;12.9;0.00;0.0;ICONCH2
portes_les_valence;ICONIFS;2026-10-13T11:00;ICONCH2;5.20;9.10;22.0;15.1;0.00;0.0;ICONCH2
portes_les_valence;ICONIFS;2026-10-13T12:00;ICONCH2;7.10;11.70;21.0;16.8;0.00;0.0;ICONCH2
portes_les_valence;ICONIFS;2026-10-13T13:00;ICONCH2;7.20;12.10;14.0;18.1;0.00;3.0;ICONCH2
portes_les_valence;ICONIFS;2026-10-13T14:00;ICONCH2;6.90;11.90;10.0;19.3;0.00;13.0;ICONCH2
portes_les_valence;ICONIFS;2026-10-13T15:00;ICONCH2;6.40;11.30;14.0;20.1;0.00;8.0;ICONCH2
portes_les_valence;ICONIFS;2026-10-13T16:00;ICONCH2;6.20;10.70;13.0;20.4;0.00;49.0;ICONCH2
portes_les_valence;ICONIFS;2026-10-13T17:00;ICONCH2;6.00;10.10;360.0;20.3;0.00;69.0;ICONCH2
portes_les_valence;ICONIFS;2026-10-13T18:00;ICONCH2;5.90;9.70;343.0;19.2;0.00;100.0;ICONCH2
portes_les_valence;ICONIFS;2026-10-13T19:00;ICONCH2;6.00;10.10;327.0;17.3;0.00;100.0;ICONCH2
portes_les_valence;ICONIFS;2026-10-13T20:00;ICONCH2;6.00;9.90;331.0;16.3;0.00;100.0;ICONCH2
portes_les_valence;ICONIFS;2026-10-13T21:00;ICONCH2;6.30;10.50;338.0;15.8;0.00;100.0;ICONCH2
portes_les_valence;ICONIFS;2026-10-13T22:00;ICONCH2;7.10;11.70;344.0;15.6;0.00;100.0;ICONCH2
portes_les_valence;ICONIFS;2026-10-13T23:00;ICONCH2;6.90;11.90;352.0;15.2;0.00;100.0;ICONCH2
portes_les_valence;ICONIFS;2026-10-14T00:00;ICONCH2;6.60;11.50;2.0;14.4;0.00;100.0;ICONCH2
portes_les_valence;ICONIFS;2026-10-14T01:00;ICONCH2;6.80;11.50;7.0;14.0;0.00;100.0;ICONCH2
portes_les_valence;ICONIFS;2026-10-14T02:00;ICONCH2;7.30;12.40;11.0;14.1;0.00;100.0;ICONCH2
portes_les_valence;ICONIFS;2026-10-14T03:00;ICONCH2;9.10;15.00;10.0;14.4;0.00;100.0;ICONCH2
portes_les_valence;ICONIFS;2026-10-14T04:00;ICONCH2;8.60;15.60;5.0;14.5;0.00;100.0;ICONCH2
portes_les_valence;ICONIFS;2026-10-14T05:00;ICONCH2;6.70;14.20;10.0;14.1;0.00;60.0;ICONCH2
portes_les_valence;ICONIFS;2026-10-14T06:00;ICONCH2;5.80;11.30;20.0;13.6;0.00;84.0;ICONCH2
portes_les_valence;ICONIFS;2026-10-14T07:00;ICONCH2;6.50;11.10;17.0;13.2;0.00;87.0;ICONCH2
portes_les_valence;ICONIFS;2026-10-14T08:00;ICONCH2;7.10;11.90;16.0;13.2;0.00;100.0;ICONCH2
portes_les_valence;ICONIFS;2026-10-14T09:00;ICONCH2;7.40;12.60;18.0;13.8;0.00;74.0;ICONCH2
portes_les_valence;ICONIFS;2026-10-14T10:00;ICONCH2;8.30;13.80;21.0;15.3;0.00;92.0;ICONCH2
portes_les_valence;ICONIFS;2026-10-14T11:00;ICONCH2;9.20;14.80;17.0;17.1;0.00;100.0;ICONCH2
portes_les_valence;ICONIFS;2026-10-14T12:00;ICONCH2;11.40;18.30;7.0;18.8;0.00;5.0;ICONCH2
portes_les_valence;ICONIFS;2026-10-14T13:00;ICONCH2;11.50;19.00;4.0;20.3;0.00;0.0;ICONCH2
portes_les_valence;ICONIFS;2026-10-14T14:00;ICONCH2;11.20;18.70;8.0;21.5;0.00;0.0;ICONCH2
portes_les_valence;ICONIFS;2026-10-14T15:00;ICON13KM;12.20;23.10;10.0;23.3;0.00;2.0;ICON13KM
portes_les_valence;ICONIFS;2026-10-14T16:00;ICON13KM;11.70;22.70;12.0;23.4;0.00;3.0;ICON13KM
portes_les_valence;ICONIFS;2026-10-14T17:00;ICON13KM;10.60;21.40;14.0;23.0;0.00;5.0;ICON13KM
portes_les_valence;ICONIFS;2026-10-14T18:00;ICON13KM;8.50;18.10;11.0;21.7;0.00;3.0;ICON13KM
portes_les_valence;ICONIFS;2026-10-14T19:00;ICON13KM;5.80;13.80;2.0;19.8;0.00;2.0;ICON13KM
portes_les_valence;ICONIFS;2026-10-14T20:00;ICON13KM;4.00;10.10;349.0;18.0;0.00;0.0;ICON13KM
portes_les_valence;ICONIFS;2026-10-14T21:00;ICON13KM;3.10;7.80;342.0;16.7;0.00;0.0;ICON13KM
portes_les_valence;ICONIFS;2026-10-14T22:00;ICON13KM;2.50;6.40;342.0;15.6;0.00;1.0;ICON13KM
portes_les_valence;ICONIFS;2026-10-14T23:00;ICON13KM;2.00;5.10;343.0;14.7;0.00;1.0;ICON13KM
portes_les_valence;ICONIFS;2026-10-15T00:00;ICON13KM;1.70;3.90;339.0;13.9;0.00;1.0;ICON13KM
portes_les_valence;ICONIFS;2026-10-15T01:00;ICON13KM;1.20;3.10;321.0;13.3;0.00;0.0;ICON13KM
portes_les_valence;ICONIFS;2026-10-15T02:00;ICON13KM;1.20;2.50;309.0;12.7;0.00;0.0;ICON13KM
portes_les_valence;ICONIFS;2026-10-15T03:00;ICON13KM;1.10;2.10;301.0;12.1;0.00;18.0;ICON13KM
portes_les_valence;ICONIFS;2026-10-15T04:00;ICON13KM;1.30;2.10;297.0;11.6;0.00;37.0;ICON13KM
portes_les_valence;ICONIFS;2026-10-15T05:00;ICON13KM;1.30;2.10;297.0;11.2;0.00;55.0;ICON13KM
portes_les_valence;ICONIFS;2026-10-15T06:00;ICON13KM;1.40;2.10;304.0;10.7;0.00;58.0;ICON13KM
portes_les_valence;ICONIFS;2026-10-15T07:00;ICON13KM;1.40;2.10;304.0;10.3;0.00;61.0;ICON13KM
portes_les_valence;ICONIFS;2026-10-15T08:00;ICON13KM;1.20;2.30;309.0;10.6;0.00;64.0;ICON13KM
portes_les_valence;ICONIFS;2026-10-15T09:00;ICON13KM;0.70;2.30;304.0;11.9;0.00;52.0;ICON13KM
portes_les_valence;ICONIFS;2026-10-15T10:00;ICON13KM;0.30;2.50;225.0;13.8;0.00;40.0;ICON13KM
portes_les_valence;ICONIFS;2026-10-15T11:00;ICON13KM;1.00;3.30;180.0;15.8;0.00;28.0;ICON13KM
portes_les_valence;ICONIFS;2026-10-15T12:00;ICON13KM;2.30;5.20;185.0;18.1;0.00;21.0;ICON13KM
portes_les_valence;ICONIFS;2026-10-15T13:00;ICON13KM;4.20;8.00;191.0;20.5;0.00;14.0;ICON13KM
portes_les_valence;ICONIFS;2026-10-15T14:00;ICON13KM;5.60;10.30;192.0;22.2;0.00;7.0;ICON13KM
portes_les_valence;ICONIFS;2026-10-15T15:00;ICON13KM;6.80;12.60;193.0;23.1;0.00;9.0;ICON13KM
portes_les_valence;ICONIFS;2026-10-15T16:00;ICON13KM;7.80;14.60;193.0;23.2;0.00;12.0;ICON13KM
portes_les_valence;ICONIFS;2026-10-15T17:00;ICON13KM;8.00;15.20;193.0;22.8;0.00;14.0;ICON13KM
portes_les_valence;ICONIFS;2026-10-15T18:00;ICON13KM;6.70;13.40;190.0;21.3;0.00;22.0;ICON13KM
portes_les_valence;ICONIFS;2026-10-15T19:00;ICON13KM;4.70;10.30;182.0;19.2;0.00;30.0;ICON13KM
portes_les_valence;ICONIFS;2026-10-15T20:00;ICON13KM;2.90;7.40;172.0;17.4;0.00;38.0;ICON13KM
portes_les_valence;ICONIFS;2026-10-15T21:00;ICON13KM;2.10;5.40;175.0;16.3;0.00;44.0;ICON13KM
portes_les_valence;ICONIFS;2026-10-15T22:00;ICON13KM;1.60;3.70;187.0;15.5;0.00;51.0;ICON13KM
portes_les_valence;ICONIFS;2026-10-15T23:00;ICON13KM;1.30;2.70;207.0;14.7;0.00;57.0;ICON13KM
portes_les_valence;ICONIFS;2026-10-16T00:00;ICON13KM;1.40;2.50;225.0;13.7;0.00;54.0;ICON13KM
portes_les_valence;ICONIFS;2026-10-16T01:00;ICON13KM;1.40;2.90;236.0;12.8;0.00;52.0;ICON13KM
portes_les_valence;ICONIFS;2026-10-16T02:00;ICON13KM;1.50;3.10;247.0;12.0;0.00;49.0;ICON13KM
portes_les_valence;ICONIFS;2026-10-16T03:00;ICON13KM;1.60;3.10;263.0;11.6;0.00;49.0;ICON13KM
portes_les_valence;ICONIFS;2026-10-16T04:00;ICON13KM;1.60;2.90;270.0;11.4;0.00;49.0;ICON13KM
portes_les_valence;ICONIFS;2026-10-16T05:00;ICON13KM;1.60;2.70;284.0;11.1;0.00;49.0;ICON13KM
portes_les_valence;ICONIFS;2026-10-16T06:00;ICON13KM;1.70;2.70;291.0;10.4;0.00;52.0;ICON13KM
portes_les_valence;ICONIFS;2026-10-16T07:00;ICON13KM;1.60;2.90;300.0;9.7;0.00;55.0;ICON13KM
portes_les_valence;ICONIFS;2026-10-16T08:00;ICON13KM;1.40;2.90;304.0;9.9;0.00;58.0;ICON13KM
portes_les_valence;ICONIFS;2026-10-16T09:00;ICON13KM;1.00;2.30;307.0;11.6;0.00;49.0;ICON13KM
portes_les_valence;ICONIFS;2026-10-16T10:00;ICON13KM;0.40;1.70;297.0;14.2;0.00;39.0;ICON13KM
portes_les_valence;ICONIFS;2026-10-16T11:00;ICON13KM;0.20;1.60;360.0;16.6;0.00;30.0;ICON13KM
portes_les_valence;ICONIFS;2026-10-16T12:00;ICON13KM;0.60;2.30;18.0;18.4;0.00;28.0;ICON13KM
portes_les_valence;ICONIFS;2026-10-16T13:00;ICON13KM;1.20;3.50;18.0;20.0;0.00;27.0;ICON13KM
portes_les_valence;ICONIFS;2026-10-16T14:00;ICON13KM;1.80;4.70;18.0;21.2;0.00;25.0;ICON13KM
portes_les_valence;ICONIFS;2026-10-16T15:00;ICON13KM;2.50;5.40;18.0;22.1;0.00;22.0;ICON13KM
portes_les_valence;ICONIFS;2026-10-16T16:00;ICON13KM;3.10;6.00;18.0;22.6;0.00;19.0;ICON13KM
portes_les_valence;ICONIFS;2026-10-16T17:00;ICON13KM;3.40;6.40;16.0;22.3;0.00;16.0;ICON13KM
portes_les_valence;ICONIFS;2026-10-16T18:00;ICON13KM;3.30;6.20;7.0;20.7;0.00;39.0;ICON13KM
portes_les_valence;ICONIFS;2026-10-16T19:00;ICON13KM;2.90;5.40;356.0;18.3;0.00;63.0;ICON13KM
portes_les_valence;ICONIFS;2026-10-16T20:00;ICON13KM;2.80;5.10;344.0;16.3;0.00;86.0;ICON13KM
portes_les_valence;ICONIFS;2026-10-16T21:00;ICON13KM;2.80;5.10;344.0;15.2;0.00;80.0;ICON13KM
portes_les_valence;ICONIFS;2026-10-16T22:00;ICON13KM;2.80;5.10;348.0;14.6;0.00;75.0;ICON13KM
portes_les_valence;ICONIFS;2026-10-16T23:00;ICON13KM;2.70;5.20;352.0;14.1;0.00;69.0;ICON13KM
portes_les_valence;ICONIFS;2026-10-17T00:00;ICON13KM;2.90;5.40;356.0;13.9;0.00;79.0;ICON13KM
portes_les_valence;ICONIFS;2026-10-17T01:00;ICON13KM;3.10;5.80;356.0;13.9;0.00;90.0;ICON13KM
portes_les_valence;ICONIFS;2026-10-17T02:00;ICON13KM;3.30;6.20;360.0;13.8;0.00;100.0;ICON13KM
portes_les_valence;ICONIFS;2026-10-17T03:00;ICON13KM;3.50;6.60;360.0;13.5;0.00;88.0;ICON13KM
portes_les_valence;ICONIFS;2026-10-17T04:00;ICON13KM;3.70;7.00;360.0;13.1;0.00;76.0;ICON13KM
portes_les_valence;ICONIFS;2026-10-17T05:00;ICON13KM;3.90;7.40;360.0;12.9;0.00;64.0;ICON13KM
portes_les_valence;ICONIFS;2026-10-17T06:00;ICON13KM;3.90;7.40;360.0;13.0;0.00;70.0;ICON13KM
portes_les_valence;ICONIFS;2026-10-17T07:00;ICON13KM;3.90;7.40;360.0;13.3;0.00;75.0;ICON13KM
portes_les_valence;ICONIFS;2026-10-17T08:00;ICON13KM;4.10;7.80;360.0;13.9;0.00;81.0;ICON13KM
portes_les_valence;ICONIFS;2026-10-17T09:00;ICON13KM;4.90;9.30;360.0;14.9;0.00;80.0;ICON13KM
portes_les_valence;ICONIFS;2026-10-17T10:00;ICON13KM;6.00;11.50;360.0;16.2;0.00;78.0;ICON13KM
portes_les_valence;ICONIFS;2026-10-17T11:00;ICON13KM;7.00;13.20;2.0;17.5;0.00;77.0;ICON13KM
portes_les_valence;ICONIFS;2026-10-17T12:00;ICON13KM;7.40;14.20;5.0;18.7;0.00;75.0;ICON13KM
portes_les_valence;ICONIFS;2026-10-17T13:00;ICON13KM;7.70;14.60;9.0;19.8;0.00;72.0;ICON13KM
portes_les_valence;ICONIFS;2026-10-17T14:00;ICON13KM;7.70;14.80;12.0;20.6;0.00;70.0;ICON13KM
portes_les_valence;ICONIFS;2026-10-17T15:00;ICON13KM;7.80;14.80;13.0;21.0;0.00;80.0;ICON13KM
portes_les_valence;ICONIFS;2026-10-17T16:00;ICON13KM;7.50;14.80;12.0;21.0;0.00;90.0;ICON13KM
portes_les_valence;ICONIFS;2026-10-17T17:00;ICON13KM;6.90;13.80;11.0;20.6;0.00;100.0;ICON13KM
portes_les_valence;ICONIFS;2026-10-17T18:00;ICON13KM;5.70;11.70;8.0;19.5;0.00;100.0;ICON13KM
portes_les_valence;ICONIFS;2026-10-17T19:00;ICON13KM;4.30;8.70;3.0;17.8;0.00;100.0;ICON13KM
portes_les_valence;ICONIFS;2026-10-17T20:00;ICON13KM;3.10;6.60;353.0;16.4;0.00;100.0;ICON13KM
portes_les_valence;ICONIFS;2026-10-17T21:00;ICON13KM;2.60;5.60;343.0;15.3;0.00;100.0;ICON13KM
portes_les_valence;ICONIFS;2026-10-17T22:00;ICON13KM;2.50;5.20;337.0;14.3;0.00;100.0;ICON13KM
portes_les_valence;ICONIFS;2026-10-17T23:00;ICON13KM;2.40;4.90;331.0;13.5;0.00;100.0;ICON13KM
portes_les_valence;ICONIFS;2026-10-18T00:00;ICON13KM;2.30;4.30;329.0;12.8;0.00;94.0;ICON13KM
portes_les_valence;ICONIFS;2026-10-18T01:00;ICON13KM;2.00;3.90;331.0;12.2;0.00;88.0;ICON13KM
portes_les_valence;ICONIFS;2026-10-18T02:00;ICON13KM;1.80;3.50;328.0;11.8;0.00;82.0;ICON13KM
portes_les_valence;ICONIFS;2026-10-18T03:00;IFS;12.60;28.80;6.0;11.4;0.00;100.0;IFS
portes_les_valence;ICONIFS;2026-10-18T04:00;IFS;12.10;28.40;6.0;11.2;0.00;100.0;IFS
portes_les_valence;ICONIFS;2026-10-18T05:00;IFS;11.60;28.00;7.0;10.9;0.00;100.0;IFS
portes_les_valence;ICONIFS;2026-10-18T06:00;IFS;11.20;27.60;7.0;10.7;0.00;100.0;IFS
portes_les_valence;ICONIFS;2026-10-18T07:00;IFS;10.80;27.20;8.0;10.6;0.00;100.0;IFS
portes_les_valence;ICONIFS;2026-10-18T08:00;IFS;10.60;27.00;8.0;10.7;0.00;100.0;IFS
portes_les_valence;ICONIFS;2026-10-18T09:00;IFS;10.60;26.80;8.0;11.0;0.20;100.0;IFS
portes_les_valence;ICONIFS;2026-10-18T10:00;IFS;10.90;26.40;9.0;11.6;0.20;100.0;IFS
portes_les_valence;ICONIFS;2026-10-18T11:00;IFS;11.30;26.20;9.0;12.4;0.20;100.0;IFS
portes_les_valence;ICONIFS;2026-10-18T12:00;IFS;11.60;26.00;9.0;13.1;0.20;100.0;IFS
portes_les_valence;ICONIFS;2026-10-18T13:00;IFS;11.90;26.00;9.0;13.7;0.20;100.0;IFS
portes_les_valence;ICONIFS;2026-10-18T14:00;IFS;12.00;26.00;8.0;14.1;0.20;98.0;IFS
portes_les_valence;ICONIFS;2026-10-18T15:00;IFS;11.90;26.40;8.0;14.3;0.00;90.0;IFS
portes_les_valence;ICONIFS;2026-10-18T16:00;IFS;11.50;27.00;6.0;14.3;0.00;78.0;IFS
portes_les_valence;ICONIFS;2026-10-18T17:00;IFS;11.20;27.80;4.0;14.1;0.00;64.0;IFS
portes_les_valence;ICONIFS;2026-10-18T18:00;IFS;10.80;28.40;2.0;13.9;0.00;50.0;IFS
portes_les_valence;ICONIFS;2026-10-18T19:00;IFS;10.40;28.80;1.0;13.7;0.00;37.0;IFS
portes_les_valence;ICONIFS;2026-10-18T20:00;IFS;10.10;28.60;359.0;13.4;0.00;27.0;IFS
portes_les_valence;ICONIFS;2026-10-18T21:00;IFS;9.80;27.80;360.0;13.1;0.00;19.0;IFS
portes_les_valence;ICONIFS;2026-10-18T22:00;IFS;9.40;26.60;1.0;12.8;0.00;12.0;IFS
portes_les_valence;ICONIFS;2026-10-18T23:00;IFS;9.10;25.10;3.0;12.4;0.00;6.0;IFS
portes_les_valence;ICONIFS;2026-10-19T00:00;IFS;8.70;23.30;6.0;11.9;0.00;3.0;IFS
portes_les_valence;ICONIFS;2026-10-19T01:00;IFS;8.50;22.00;8.0;11.5;0.00;2.0;IFS
portes_les_valence;ICONIFS;2026-10-19T02:00;IFS;8.40;20.80;9.0;11.2;0.00;6.0;IFS
portes_les_valence;ICONIFS;2026-10-19T03:00;IFS;8.30;20.00;8.0;10.9;0.00;17.0;IFS
portes_les_valence;ICONIFS;2026-10-19T04:00;IFS;8.40;19.40;7.0;10.5;0.00;34.0;IFS
portes_les_valence;ICONIFS;2026-10-19T05:00;IFS;8.50;18.90;5.0;10.2;0.00;55.0;IFS
portes_les_valence;ICONIFS;2026-10-19T06:00;IFS;8.80;18.50;3.0;10.0;0.00;75.0;IFS
portes_les_valence;ICONIFS;2026-10-19T07:00;IFS;9.00;18.50;2.0;9.9;0.00;91.0;IFS
portes_les_valence;ICONIFS;2026-10-19T08:00;IFS;9.20;18.70;2.0;10.1;0.00;100.0;IFS
portes_les_valence;ICONIFS;2026-10-19T09:00;IFS;9.50;19.20;2.0;10.7;0.00;100.0;IFS
portes_les_valence;ICONIFS;2026-10-19T10:00;IFS;9.90;20.40;4.0;11.6;0.00;95.0;IFS
portes_les_valence;ICONIFS;2026-10-19T11:00;IFS;10.40;21.80;5.0;12.7;0.00;85.0;IFS
portes_les_valence;ICONIFS;2026-10-19T12:00;IFS;10.90;23.10;7.0;13.8;0.00;73.0;IFS
portes_les_valence;ICONIFS;2026-10-19T13:00;IFS;11.30;24.30;8.0;14.7;0.00;62.0;IFS
portes_les_valence;ICONIFS;2026-10-19T14:00;IFS;11.50;25.30;8.0;15.2;0.00;52.0;IFS
portes_les_valence;ICONIFS;2026-10-19T15:00;IFS;11.60;25.90;8.0;15.3;0.00;42.0;IFS
portes_les_valence;ICONIFS;2026-10-19T16:00;IFS;11.60;26.20;8.0;15.0;0.00;30.0;IFS
portes_les_valence;ICONIFS;2026-10-19T17:00;IFS;11.50;26.40;7.0;14.5;0.00;18.0;IFS
portes_les_valence;ICONIFS;2026-10-19T18:00;IFS;11.30;26.60;6.0;14.0;0.00;8.0;IFS
portes_les_valence;ICONIFS;2026-10-19T19:00;IFS;11.10;26.60;6.0;13.3;0.00;2.0;IFS
portes_les_valence;ICONIFS;2026-10-19T20:00;IFS;11.00;26.40;6.0;12.8;0.00;1.0;IFS
portes_les_valence;ICONIFS;2026-10-19T21:00;IFS;10.90;26.00;6.0;12.4;0.00;9.0;IFS
portes_les_valence;ICONIFS;2026-10-19T22:00;IFS;10.90;25.50;6.0;11.8;0.00;24.0;IFS
portes_les_valence;ICONIFS;2026-10-19T23:00;IFS;10.70;24.50;7.0;11.3;0.00;43.0;IFS
portes_les_valence;ICONIFS;2026-10-20T00:00;IFS;10.60;23.70;8.0;10.8;0.00;62.0;IFS
portes_les_valence;ICONIFS;2026-10-20T01:00;IFS;10.50;23.10;9.0;10.3;0.00;78.0;IFS
portes_les_valence;ICONIFS;2026-10-20T02:00;IFS;10.40;22.50;9.0;9.8;0.00;88.0;IFS
portes_les_valence;ICONIFS;2026-10-20T03:00;IFS;10.40;22.40;10.0;9.2;0.00;91.0;IFS
portes_les_valence;ICONIFS;2026-10-20T04:00;IFS;10.50;22.20;10.0;8.5;0.00;89.0;IFS
portes_les_valence;ICONIFS;2026-10-20T05:00;IFS;10.50;22.00;11.0;7.7;0.00;84.0;IFS
portes_les_valence;ICONIFS;2026-10-20T06:00;IFS;10.50;22.00;11.0;7.2;0.00;78.0;IFS
portes_les_valence;ICONIFS;2026-10-20T07:00;IFS;10.50;22.20;12.0;6.8;0.00;70.0;IFS
portes_les_valence;ICONIFS;2026-10-20T08:00;IFS;10.50;22.40;12.0;6.9;0.00;63.0;IFS
portes_les_valence;ICONIFS;2026-10-20T09:00;IFS;10.60;22.70;13.0;7.6;0.00;55.0;IFS
portes_les_valence;ICONIFS;2026-10-20T10:00;IFS;10.60;23.30;13.0;8.8;0.00;45.0;IFS
portes_les_valence;ICONIFS;2026-10-20T11:00;IFS;10.70;24.10;13.0;10.3;0.00;35.0;IFS
portes_les_valence;ICONIFS;2026-10-20T12:00;IFS;10.60;24.70;13.0;11.7;0.00;24.0;IFS
portes_les_valence;ICONIFS;2026-10-20T13:00;IFS;10.50;25.30;13.0;12.9;0.00;15.0;IFS
portes_les_valence;ICONIFS;2026-10-20T14:00;IFS;10.30;25.50;13.0;13.7;0.00;9.0;IFS
portes_les_valence;ICONIFS;2026-10-20T15:00;IFS;9.80;25.50;12.0;13.9;0.00;5.0;IFS
portes_les_valence;ICONIFS;2026-10-20T16:00;IFS;9.30;25.30;11.0;13.7;0.00;3.0;IFS
portes_les_valence;ICONIFS;2026-10-20T17:00;IFS;8.70;24.90;10.0;13.3;0.00;2.0;IFS
portes_les_valence;ICONIFS;2026-10-20T18:00;IFS;8.10;24.50;8.0;12.8;0.00;2.0;IFS
portes_les_valence;ICONIFS;2026-10-20T19:00;IFS;7.30;23.70;7.0;12.2;0.00;3.0;IFS
portes_les_valence;ICONIFS;2026-10-20T20:00;IFS;6.70;22.90;6.0;11.6;0.00;5.0;IFS
portes_les_valence;ICONIFS;2026-10-20T21:00;IFS;6.10;21.80;6.0;11.1;0.00;8.0;IFS
portes_les_valence;ICONIFS;2026-10-20T22:00;IFS;5.30;20.20;5.0;10.4;0.00;14.0;IFS
portes_les_valence;ICONIFS;2026-10-20T23:00;IFS;4.50;18.50;6.0;9.7;0.00;21.0;IFS
portes_les_valence;ICONIFS;2026-10-21T00:00;IFS;3.80;16.70;7.0;9.0;0.00;27.0;IFS
portes_les_valence;ICONIFS;2026-10-21T01:00;IFS;3.20;15.20;9.0;8.4;0.00;31.0;IFS
portes_les_valence;ICONIFS;2026-10-21T02:00;IFS;3.00;13.80;9.0;7.9;0.00;33.0;IFS
portes_les_valence;ICONIFS;2026-10-21T03:00;IFS;3.00;12.60;9.0;7.4;0.00;31.0;IFS
portes_les_valence;ICONIFS;2026-10-21T04:00;IFS;3.20;11.50;11.0;6.9;0.00;26.0;IFS
portes_les_valence;ICONIFS;2026-10-21T05:00;IFS;3.50;10.50;10.0;6.4;0.00;20.0;IFS
portes_les_valence;ICONIFS;2026-10-21T06:00;IFS;3.90;9.70;10.0;6.1;0.00;13.0;IFS
portes_les_valence;ICONIFS;2026-10-21T07:00;IFS;4.30;9.10;9.0;6.1;0.00;7.0;IFS
portes_les_valence;ICONIFS;2026-10-21T08:00;IFS;4.60;9.10;8.0;6.5;0.00;3.0;IFS
portes_les_valence;ICONIFS;2026-10-21T09:00;IFS;4.80;9.70;7.0;7.5;0.00;1.0;IFS
portes_les_valence;ICONIFS;2026-10-21T10:00;IFS;5.00;10.70;6.0;9.2;0.00;0.0;IFS
portes_les_valence;ICONIFS;2026-10-21T11:00;IFS;5.10;12.10;3.0;11.1;0.00;0.0;IFS
portes_les_valence;ICONIFS;2026-10-21T12:00;IFS;5.20;13.60;1.0;12.9;0.00;0.0;IFS
portes_les_valence;ICONIFS;2026-10-21T13:00;IFS;5.30;14.80;359.0;14.5;0.00;0.0;IFS
portes_les_valence;ICONIFS;2026-10-21T14:00;IFS;5.40;15.60;358.0;15.4;0.00;0.0;IFS
portes_les_valence;ICONIFS;2026-10-21T15:00;IFS;5.50;15.70;357.0;15.6;0.00;0.0;IFS
portes_les_valence;ICONIFS;2026-10-21T16:00;IFS;5.70;15.70;356.0;15.3;0.00;0.0;IFS
portes_les_valence;ICONIFS;2026-10-21T17:00;IFS;5.90;15.40;355.0;14.6;0.00;0.0;IFS
portes_les_valence;ICONIFS;2026-10-21T18:00;IFS;6.10;15.00;354.0;13.8;0.00;0.0;IFS
portes_les_valence;ICONIFS;2026-10-21T19:00;IFS;6.10;14.60;354.0;13.0;0.00;0.0;IFS
portes_les_valence;ICONIFS;2026-10-21T20:00;IFS;6.00;14.20;355.0;12.3;0.00;0.0;IFS
portes_les_valence;ICONIFS;2026-10-21T21:00;IFS;5.80;14.00;357.0;11.7;0.00;0.0;IFS
portes_les_valence;ICONIFS;2026-10-21T22:00;IFS;5.40;13.60;359.0;11.1;0.00;1.0;IFS
portes_les_valence;ICONIFS;2026-10-21T23:00;IFS;5.10;13.20;3.0;10.4;0.00;2.0;IFS
portes_les_valence;ICONIFS;2026-10-22T00:00;IFS;4.70;13.00;7.0;9.7;0.00;2.0;IFS
portes_les_valence;ICONIFS;2026-10-22T01:00;IFS;4.50;12.60;11.0;9.2;0.00;3.0;IFS
portes_les_valence;ICONIFS;2026-10-22T02:00;IFS;4.30;12.40;14.0;8.7;0.00;3.0;IFS
portes_les_valence;ICONIFS;2026-10-22T03:00;IFS;4.30;12.10;16.0;8.2;0.00;3.0;IFS
portes_les_valence;ICONIFS;2026-10-22T04:00;IFS;4.40;11.70;17.0;7.7;0.00;3.0;IFS
portes_les_valence;ICONIFS;2026-10-22T05:00;IFS;4.60;11.10;17.0;7.2;0.00;2.0;IFS
portes_les_valence;ICONIFS;2026-10-22T06:00;IFS;4.80;10.70;17.0;6.9;0.00;2.0;IFS
portes_les_valence;ICONIFS;2026-10-22T07:00;IFS;5.10;10.70;15.0;6.9;0.00;1.0;IFS
portes_les_valence;ICONIFS;2026-10-22T08:00;IFS;5.50;11.30;14.0;7.3;0.00;1.0;IFS
portes_les_valence;ICONIFS;2026-10-22T09:00;IFS;6.20;12.40;12.0;8.4;0.00;1.0;IFS
portes_les_valence;ICONIFS;2026-10-22T10:00;IFS;7.00;14.40;10.0;10.1;0.00;1.0;IFS
portes_les_valence;ICONIFS;2026-10-22T11:00;IFS;7.90;16.50;7.0;12.2;0.00;0.0;IFS
portes_les_valence;ICONIFS;2026-10-22T12:00;IFS;8.80;18.70;5.0;14.1;0.00;0.0;IFS
portes_les_valence;ICONIFS;2026-10-22T13:00;IFS;9.40;20.60;4.0;15.8;0.00;0.0;IFS
portes_les_valence;ICONIFS;2026-10-22T14:00;IFS;9.80;22.00;2.0;16.7;0.00;0.0;IFS
portes_les_valence;ICONIFS;2026-10-22T15:00;IFS;9.80;22.70;1.0;16.8;0.00;0.0;IFS
portes_les_valence;ICONIFS;2026-10-22T16:00;IFS;9.40;22.90;1.0;16.3;0.00;0.0;IFS
portes_les_valence;ICONIFS;2026-10-22T17:00;IFS;8.90;23.10;359.0;15.5;0.00;0.0;IFS
portes_les_valence;ICONIFS;2026-10-22T18:00;IFS;8.30;22.90;359.0;14.5;0.00;0.0;IFS
portes_les_valence;ICONIFS;2026-10-22T19:00;IFS;7.70;22.50;358.0;13.6;0.00;0.0;IFS
portes_les_valence;ICONIFS;2026-10-22T20:00;IFS;7.10;22.00;358.0;12.8;0.00;0.0;IFS
portes_les_valence;ICONIFS;2026-10-22T21:00;IFS;6.60;21.20;358.0;12.2;0.00;0.0;IFS
portes_les_valence;ICONIFS;2026-10-22T22:00;IFS;6.10;20.00;360.0;11.5;0.00;0.0;IFS
portes_les_valence;ICONIFS;2026-10-22T23:00;IFS;5.50;18.70;2.0;10.9;0.00;0.0;IFS
portes_les_valence;ICONIFS;2026-10-23T00:00;IFS;5.10;17.10;4.0;10.3;0.00;0.0;IFS
portes_les_valence;ICONIFS;2026-10-23T01:00;IFS;4.60;15.70;7.0;9.8;0.00;0.0;IFS
portes_les_valence;ICONIFS;2026-10-23T02:00;IFS;4.20;14.60;9.0;9.3;0.00;0.0;IFS
portes_les_valence;ICONIFS;2026-10-23T03:00;IFS;3.80;13.40;9.0;8.7;0.00;0.0;IFS
portes_les_valence;ICONIFS;2026-10-23T04:00;IFS;3.50;12.20;8.0;8.0;0.00;0.0;IFS
portes_les_valence;ICONIFS;2026-10-23T05:00;IFS;3.20;11.10;5.0;7.3;0.00;0.0;IFS
portes_les_valence;ICONIFS;2026-10-23T06:00;IFS;2.90;10.10;2.0;6.8;0.00;0.0;IFS
portes_les_valence;ICONIFS;2026-10-23T07:00;IFS;2.70;9.30;358.0;6.7;0.00;0.0;IFS
portes_les_valence;ICONIFS;2026-10-23T08:00;IFS;2.50;8.70;356.0;7.1;0.00;0.0;IFS
portes_les_valence;ICONIFS;2026-10-23T09:00;IFS;2.30;8.60;355.0;8.3;0.00;0.0;IFS
portes_les_valence;ICONIFS;2026-10-23T10:00;IFS;2.10;8.70;357.0;10.3;0.00;0.0;IFS
portes_les_valence;ICONIFS;2026-10-23T11:00;IFS;1.90;9.10;360.0;12.6;0.00;0.0;IFS
portes_les_valence;ICONIFS;2026-10-23T12:00;IFS;1.90;9.50;6.0;14.8;0.00;0.0;IFS
portes_les_valence;ICONIFS;2026-10-23T13:00;IFS;1.80;9.90;9.0;16.7;0.00;0.0;IFS
portes_les_valence;ICONIFS;2026-10-23T14:00;IFS;1.90;9.90;12.0;17.8;0.00;0.0;IFS
portes_les_valence;ICONIFS;2026-10-23T15:00;IFS;2.10;9.70;11.0;18.1;0.00;0.0;IFS
portes_les_valence;ICONIFS;2026-10-23T16:00;IFS;2.50;9.30;9.0;17.7;0.00;1.0;IFS
portes_les_valence;ICONIFS;2026-10-23T17:00;IFS;2.90;8.90;8.0;17.0;0.00;1.0;IFS
portes_les_valence;ICONIFS;2026-10-23T18:00;IFS;3.30;8.40;7.0;16.1;0.00;2.0;IFS
portes_les_valence;ICONIFS;2026-10-23T19:00;IFS;3.80;8.20;6.0;15.1;0.00;2.0;IFS
portes_les_valence;ICONIFS;2026-10-23T20:00;IFS;4.10;8.00;5.0;14.4;0.00;2.0;IFS
portes_les_valence;ICONIFS;2026-10-23T21:00;IFS;4.30;8.00;6.0;13.7;0.00;1.0;IFS
portes_les_valence;ICONIFS;2026-10-23T22:00;IFS;4.40;8.20;8.0;13.1;0.00;0.0;IFS
portes_les_valence;ICONIFS;2026-10-23T23:00;IFS;4.50;8.60;9.0;12.4;0.00;0.0;IFS
portes_les_valence;ICONIFS;2026-10-24T00:00;IFS;4.60;8.90;10.0;11.8;0.00;0.0;IFS
portes_les_valence;ICONIFS;2026-10-24T01:00;IFS;4.70;9.30;11.0;11.2;0.00;0.0;IFS
portes_les_valence;ICONIFS;2026-10-24T02:00;IFS;5.00;9.90;11.0;10.7;0.00;0.0;IFS
portes_les_valence;ICONIFS;2026-10-24T03:00;IFS;5.30;10.50;12.0;10.2;0.00;5.0;IFS
portes_les_valence;ICONIFS;2026-10-24T04:00;IFS;5.50;11.10;11.0;9.7;0.00;12.0;IFS
portes_les_valence;ICONIFS;2026-10-24T05:00;IFS;5.90;11.90;11.0;9.3;0.00;20.0;IFS
portes_les_valence;ICONIFS;2026-10-24T06:00;IFS;6.30;12.60;11.0;9.0;0.00;29.0;IFS
portes_les_valence;ICONIFS;2026-10-24T07:00;IFS;6.70;13.60;11.0;9.0;0.00;35.0;IFS
portes_les_valence;ICONIFS;2026-10-24T08:00;IFS;7.20;14.60;10.0;9.2;0.00;38.0;IFS
portes_les_valence;ICONIFS;2026-10-24T09:00;IFS;7.70;15.90;9.0;10.0;0.00;37.0;IFS
portes_les_valence;ICONIFS;2026-10-24T10:00;IFS;8.20;17.50;8.0;11.3;0.00;34.0;IFS
portes_les_valence;ICONIFS;2026-10-24T11:00;IFS;8.80;19.20;8.0;12.8;0.00;28.0;IFS
portes_les_valence;ICONIFS;2026-10-24T12:00;IFS;9.40;21.00;7.0;14.3;0.00;22.0;IFS
portes_les_valence;ICONIFS;2026-10-24T13:00;IFS;10.00;22.40;6.0;15.5;0.00;17.0;IFS
portes_les_valence;ICONIFS;2026-10-24T14:00;IFS;10.40;23.50;5.0;16.1;0.00;13.0;IFS
portes_les_valence;ICONIFS;2026-10-24T15:00;IFS;10.80;24.30;5.0;16.0;0.00;11.0;IFS
portes_les_valence;ICONIFS;2026-10-24T16:00;IFS;11.30;24.70;5.0;15.4;0.00;10.0;IFS
portes_les_valence;ICONIFS;2026-10-24T17:00;IFS;11.70;25.10;5.0;14.5;0.00;9.0;IFS
portes_les_valence;ICONIFS;2026-10-24T18:00;IFS;12.00;25.30;5.0;13.5;0.00;8.0;IFS
portes_les_valence;ICONIFS;2026-10-24T19:00;IFS;12.20;25.30;5.0;12.6;0.00;8.0;IFS
portes_les_valence;ICONIFS;2026-10-24T20:00;IFS;12.20;25.50;5.0;11.9;0.00;7.0;IFS
portes_les_valence;ICONIFS;2026-10-24T21:00;IFS;12.00;25.70;6.0;11.4;0.00;6.0;IFS
portes_les_valence;ICONIFS;2026-10-24T22:00;IFS;11.80;25.90;9.0;11.1;0.00;4.0;IFS
portes_les_valence;ICONIFS;2026-10-24T23:00;IFS;11.40;25.90;11.0;10.9;0.00;3.0;IFS
portes_les_valence;ICONIFS;2026-10-25T00:00;IFS;10.90;25.90;13.0;10.6;0.00;1.0;IFS
portes_les_valence;ICONIFS;2026-10-25T01:00;IFS;10.40;25.90;15.0;10.4;0.00;1.0;IFS
portes_les_valence;ICONIFS;2026-10-25T02:00;IFS;10.00;25.50;15.0;10.1;0.00;1.0;IFS
portes_les_valence;ICONIFS;2026-10-25T03:00;IFS;9.40;24.90;14.0;9.7;0.00;3.0;IFS
portes_les_valence;ICONIFS;2026-10-25T04:00;IFS;8.80;24.10;12.0;9.2;0.00;6.0;IFS
portes_les_valence;ICONIFS;2026-10-25T05:00;IFS;8.20;23.10;8.0;8.6;0.00;10.0;IFS
portes_les_valence;ICONIFS;2026-10-25T06:00;IFS;7.70;22.20;4.0;8.2;0.00;14.0;IFS
portes_les_valence;ICONIFS;2026-10-25T07:00;IFS;7.20;21.20;360.0;8.0;0.00;17.0;IFS
portes_les_valence;ICONIFS;2026-10-25T08:00;IFS;6.90;20.40;358.0;8.2;0.00;18.0;IFS
portes_les_valence;ICONIFS;2026-10-25T09:00;IFS;6.70;19.80;358.0;8.9;0.00;17.0;IFS
portes_les_valence;ICONIFS;2026-10-25T10:00;IFS;6.60;19.20;358.0;10.1;0.00;14.0;IFS
portes_les_valence;ICONIFS;2026-10-25T11:00;IFS;6.50;18.70;1.0;11.5;0.00;11.0;IFS
portes_les_valence;ICONIFS;2026-10-25T12:00;IFS;6.50;18.30;3.0;12.9;0.00;7.0;IFS
portes_les_valence;ICONIFS;2026-10-25T13:00;IFS;6.50;17.90;5.0;14.2;0.00;3.0;IFS
portes_les_valence;ICONIFS;2026-10-25T14:00;IFS;6.60;17.70;7.0;15.0;0.00;1.0;IFS
roche_de_glun;ICONIFS;2026-10-10T00:00;ICONCH1;4.90;12.40;331.0;12.4;0.00;92.0;ICONCH1
roche_de_glun;ICONIFS;2026-10-10T01:00;ICONCH1;3.30;7.60;339.0;12.6;0.00;100.0;ICONCH1
roche_de_glun;ICONIFS;2026-10-10T02:00;ICONCH1;3.60;6.00;324.0;12.6;0.00;93.0;ICONCH1
roche_de_glun;ICONIFS;2026-10-10T03:00;ICONCH1;3.70;7.20;335.0;12.7;0.00;98.0;ICONCH1
roche_de_glun;ICONIFS;2026-10-10T04:00;ICONCH1;5.80;9.10;327.0;12.9;0.00;100.0;ICONCH1
roche_de_glun;ICONIFS;2026-10-10T05:00;ICONCH1;7.80;12.40;325.0;13.1;0.00;100.0;ICONCH1
roche_de_glun;ICONIFS;2026-10-10T06:00;ICONCH1;6.40;12.20;322.0;13.1;0.00;98.0;ICONCH1
roche_de_glun;ICONIFS;2026-10-10T07:00;ICONCH1;5.90;10.30;319.0;13.1;0.00;80.0;ICONCH1
roche_de_glun;ICONIFS;2026-10-10T08:00;ICONCH1;5.40;9.30;322.0;12.9;0.00;88.0;ICONCH1
roche_de_glun;ICONIFS;2026-10-10T09:00;ICONCH1;5.70;9.30;332.0;13.5;0.00;99.0;ICONCH1
roche_de_glun;ICONIFS;2026-10-10T10:00;ICONCH1;7.20;11.70;336.0;14.5;0.00;93.0;ICONCH1
roche_de_glun;ICONIFS;2026-10-10T11:00;ICONCH1;6.40;12.20;335.0;15.0;0.00;91.0;ICONCH1
roche_de_glun;ICONIFS;2026-10-10T12:00;ICONCH1;8.30;13.60;336.0;16.6;0.00;51.0;ICONCH1
roche_de_glun;ICONIFS;2026-10-10T13:00;ICONCH1;7.80;13.80;337.0;17.7;0.00;71.0;ICONCH1
roche_de_glun;ICONIFS;2026-10-10T14:00;ICONCH1;6.90;13.20;328.0;18.2;0.00;82.0;ICONCH1
roche_de_glun;ICONIFS;2026-10-10T15:00;ICONCH1;6.70;12.60;330.0;18.3;0.10;89.0;ICONCH1
roche_de_glun;ICONIFS;2026-10-10T16:00;ICONCH1;6.40;12.20;357.0;19.0;0.00;87.0;ICONCH1
roche_de_glun;ICONIFS;2026-10-10T17:00;ICONCH1;6.00;11.50;356.0;19.0;0.00;56.0;ICONCH1
roche_de_glun;ICONIFS;2026-10-10T18:00;ICONCH1;4.80;10.10;348.0;18.7;0.00;95.0;ICONCH1
roche_de_glun;ICONIFS;2026-10-10T19:00;ICONCH1;3.70;8.00;335.0;17.6;0.00;81.0;ICONCH1
roche_de_glun;ICONIFS;2026-10-10T20:00;ICONCH1;4.70;7.20;343.0;17.5;0.00;68.0;ICONCH1
roche_de_glun;ICONIFS;2026-10-10T21:00;ICONCH1;8.80;13.80;332.0;16.9;0.00;98.0;ICONCH1
roche_de_glun;ICONIFS;2026-10-10T22:00;ICONCH1;9.30;16.90;340.0;16.0;0.00;85.0;ICONCH1
roche_de_glun;ICONIFS;2026-10-10T23:00;ICONCH1;8.20;14.80;341.0;15.2;0.00;63.0;ICONCH1
roche_de_glun;ICONIFS;2026-10-11T00:00;ICONCH1;8.40;13.00;345.0;14.5;0.00;98.0;ICONCH1
roche_de_glun;ICONIFS;2026-10-11T01:00;ICONCH1;5.20;13.20;360.0;13.8;0.00;86.0;ICONCH1
roche_de_glun;ICONIFS;2026-10-11T02:00;ICONCH1;3.80;8.40;348.0;12.9;0.00;43.0;ICONCH1
roche_de_glun;ICONIFS;2026-10-11T03:00;ICONCH1;3.80;6.20;339.0;11.9;0.00;100.0;ICONCH1
roche_de_glun;ICONIFS;2026-10-11T04:00;ICONCH1;3.80;6.00;345.0;11.0;0.00;100.0;ICONCH1
roche_de_glun;ICONIFS;2026-10-11T05:00;ICONCH1;4.40;6.80;345.0;10.5;0.00;100.0;ICONCH1
roche_de_glun;ICONIFS;2026-10-11T06:00;ICONCH1;4.50;7.20;350.0;10.2;0.00;100.0;ICONCH1
roche_de_glun;ICONIFS;2026-10-11T07:00;ICONCH1;4.90;7.60;358.0;9.9;0.00;100.0;ICONCH1
roche_de_glun;ICONIFS;2026-10-11T08:00;ICONCH1;5.50;8.60;356.0;9.8;0.00;100.0;ICONCH1
roche_de_glun;ICONIFS;2026-10-11T09:00;ICONCH1;8.00;12.40;346.0;10.9;0.00;100.0;ICONCH1
roche_de_glun;ICONIFS;2026-10-11T10:00;ICONCH1;10.20;16.50;347.0;12.3;0.00;94.0;ICONCH1
roche_de_glun;ICONIFS;2026-10-11T11:00;ICONCH1;11.60;18.90;347.0;14.0;0.00;99.0;ICONCH1
roche_de_glun;ICONIFS;2026-10-11T12:00;ICONCH1;12.90;20.80;3.0;15.6;0.00;100.0;ICONCH1
roche_de_glun;ICONIFS;2026-10-11T13:00;ICONCH1;12.90;21.60;3.0;16.3;0.00;100.0;ICONCH1
roche_de_glun;ICONIFS;2026-10-11T14:00;ICONCH1;13.40;22.70;2.0;17.0;0.00;98.0;ICONCH1
roche_de_glun;ICONIFS;2026-10-11T15:00;ICONCH1;12.90;21.80;5.0;17.5;0.00;100.0;ICONCH1
roche_de_glun;ICONIFS;2026-10-11T16:00;ICONCH1;12.50;20.80;12.0;17.6;0.00;100.0;ICONCH1
roche_de_glun;ICONIFS;2026-10-11T17:00;ICONCH1;11.30;20.40;12.0;17.5;0.00;100.0;ICONCH1
roche_de_glun;ICONIFS;2026-10-11T18:00;ICONCH1;9.20;18.10;15.0;16.8;0.00;100.0;ICONCH1
roche_de_glun;ICONIFS;2026-10-11T19:00;ICONCH1;6.40;14.80;355.0;15.7;0.00;100.0;ICONCH1
roche_de_glun;ICONIFS;2026-10-11T20:00;ICONCH1;6.00;9.90;331.0;14.6;0.00;89.0;ICONCH1
roche_de_glun;ICONIFS;2026-10-11T21:00;ICONCH1;7.10;11.10;331.0;14.0;0.00;75.0;ICONCH1
roche_de_glun;ICONIFS;2026-10-11T22:00;ICONCH1;7.60;11.90;331.0;13.4;0.00;58.0;ICONCH1
roche_de_glun;ICONIFS;2026-10-11T23:00;ICONCH1;8.40;13.60;331.0;12.8;0.00;44.0;ICONCH1
roche_de_glun;ICONIFS;2026-10-12T00:00;ICONCH1;7.70;13.20;335.0;12.3;0.00;5.0;ICONCH1
roche_de_glun;ICONIFS;2026-10-12T01:00;ICONCH1;6.60;11.90;346.0;11.6;0.00;0.0;ICONCH1
roche_de_glun;ICONIFS;2026-10-12T02:00;ICONCH1;5.30;10.30;354.0;11.1;0.00;0.0;ICONCH1
roche_de_glun;ICONIFS;2026-10-12T03:00;ICONCH1;6.20;9.70;14.0;10.6;0.00;0.0;ICONCH1
roche_de_glun;ICONIFS;2026-10-12T04:00;ICONCH1;6.80;11.30;15.0;9.9;0.00;0.0;ICONCH1
roche_de_glun;ICONIFS;2026-10-12T05:00;ICONCH1;6.60;10.50;355.0;9.7;0.00;0.0;ICONCH1
roche_de_glun;ICONIFS;2026-10-12T06:00;ICONCH2;8.30;13.20;335.0;10.6;0.00;0.0;ICONCH2
roche_de_glun;ICONIFS;2026-10-12T07:00;ICONCH2;7.40;13.20;342.0;10.3;0.00;0.0;ICONCH2
roche_de_glun;ICONIFS;2026-10-12T08:00;ICONCH2;6.70;11.70;348.0;9.8;0.00;0.0;ICONCH2
roche_de_glun;ICONIFS;2026-10-12T09:00;ICONCH2;6.90;10.90;349.0;10.5;0.00;0.0;ICONCH2
roche_de_glun;ICONIFS;2026-10-12T10:00;ICONCH2;8.70;14.20;348.0;12.2;0.00;0.0;ICONCH2
roche_de_glun;ICONIFS;2026-10-12T11:00;ICONCH2;10.00;16.70;352.0;13.9;0.00;0.0;ICONCH2
roche_de_glun;ICONIFS;2026-10-12T12:00;ICONCH2;11.90;19.80;354.0;15.7;0.00;0.0;ICONCH2
roche_de_glun;ICONIFS;2026-10-12T13:00;ICONCH2;13.60;22.50;358.0;17.1;0.00;0.0;ICONCH2
roche_de_glun;ICONIFS;2026-10-12T14:00;ICONCH2;13.60;22.90;359.0;18.0;0.00;0.0;ICONCH2
roche_de_glun;ICONIFS;2026-10-12T15:00;ICONCH2;12.80;22.50;359.0;18.6;0.00;0.0;ICONCH2
roche_de_glun;ICONIFS;2026-10-12T16:00;ICONCH2;11.90;21.20;2.0;18.9;0.00;0.0;ICONCH2
roche_de_glun;ICONIFS;2026-10-12T17:00;ICONCH2;10.90;19.40;2.0;18.7;0.00;0.0;ICONCH2
roche_de_glun;ICONIFS;2026-10-12T18:00;ICONCH2;8.20;17.70;360.0;17.8;0.00;6.0;ICONCH2
roche_de_glun;ICONIFS;2026-10-12T19:00;ICONCH2;5.80;12.80;330.0;15.6;0.00;29.0;ICONCH2
roche_de_glun;ICONIFS;2026-10-12T20:00;ICONCH2;5.60;9.10;316.0;14.4;0.00;96.0;ICONCH2
roche_de_glun;ICONIFS;2026-10-12T21:00;ICONCH2;5.30;8.70;324.0;13.7;0.00;72.0;ICONCH2
roche_de_glun;ICONIFS;2026-10-12T22:00;ICONCH2;5.40;8.60;330.0;13.3;0.00;57.0;ICONCH2
roche_de_glun;ICONIFS;2026-10-12T23:00;ICONCH2;5.20;8.60;333.0;13.0;0.00;32.0;ICONCH2
roche_de_glun;ICONIFS;2026-10-13T00:00;ICONCH2;5.00;8.20;339.0;12.6;0.00;8.0;ICONCH2
roche_de_glun;ICONIFS;2026-10-13T01:00;ICONCH2;4.70;7.80;343.0;12.2;0.00;0.0;ICONCH2
roche_de_glun;ICONIFS;2026-10-13T02:00;ICONCH2;4.40;7.40;347.0;11.8;0.00;0.0;ICONCH2
roche_de_glun;ICONIFS;2026-10-13T03:00;ICONCH2;4.40;7.00;347.0;11.4;0.00;0.0;ICONCH2
roche_de_glun;ICONIFS;2026-10-13T04:00;ICONCH2;4.60;7.20;345.0;11.4;0.00;0.0;ICONCH2
roche_de_glun;ICONIFS;2026-10-13T05:00;ICONCH2;4.50;7.20;342.0;11.3;0.00;0.0;ICONCH2
roche_de_glun;ICONIFS;2026-10-13T06:00;ICONCH2;4.20;7.20;344.0;11.0;0.00;0.0;ICONCH2
roche_de_glun;ICONIFS;2026-10-13T07:00;ICONCH2;3.90;6.80;354.0;10.5;0.00;0.0;ICONCH2
roche_de_glun;ICONIFS;2026-10-13T08:00;ICONCH2;4.00;6.20;349.0;10.1;0.00;0.0;ICONCH2
roche_de_glun;ICONIFS;2026-10-13T09:00;ICONCH2;4.20;6.60;349.0;11.3;0.00;0.0;ICONCH2
roche_de_glun;ICONIFS;2026-10-13T10:00;ICONCH2;4.50;7.60;5.0;13.8;0.00;0.0;ICONCH2
roche_de_glun;ICONIFS;2026-10-13T11:00;ICONCH2;4.90;8.20;360.0;15.8;0.00;0.0;ICONCH2
roche_de_glun;ICONIFS;2026-10-13T12:00;ICONCH2;5.10;8.70;353.0;17.4;0.00;0.0;ICONCH2
roche_de_glun;ICONIFS;2026-10-13T13:00;ICONCH2;5.40;9.30;345.0;18.8;0.00;2.0;ICONCH2
roche_de_glun;ICONIFS;2026-10-13T14:00;ICONCH2;5.80;9.90;340.0;19.8;0.00;17.0;ICONCH2
roche_de_glun;ICONIFS;2026-10-13T15:00;ICONCH2;5.20;9.70;345.0;20.7;0.00;13.0;ICONCH2
roche_de_glun;ICONIFS;2026-10-13T16:00;ICONCH2;5.10;8.90;349.0;21.1;0.00;53.0;ICONCH2
roche_de_glun;ICONIFS;2026-10-13T17:00;ICONCH2;6.00;9.90;341.0;21.0;0.00;82.0;ICONCH2
roche_de_glun;ICONIFS;2026-10-13T18:00;ICONCH2;5.40;9.90;319.0;19.7;0.00;100.0;ICONCH2
roche_de_glun;ICONIFS;2026-10-13T19:00;ICONCH2;6.20;9.50;314.0;17.8;0.00;100.0;ICONCH2
roche_de_glun;ICONIFS;2026-10-13T20:00;ICONCH2;6.20;9.90;316.0;17.0;0.00;100.0;ICONCH2
roche_de_glun;ICONIFS;2026-10-13T21:00;ICONCH2;5.80;9.70;323.0;16.3;0.00;100.0;ICONCH2
roche_de_glun;ICONIFS;2026-10-13T22:00;ICONCH2;5.40;9.10;330.0;15.7;0.00;100.0;ICONCH2
roche_de_glun;ICONIFS;2026-10-13T23:00;ICONCH2;4.90;8.40;344.0;15.1;0.00;100.0;ICONCH2
roche_de_glun;ICONIFS;2026-10-14T00:00;ICONCH2;4.90;7.80;351.0;14.8;0.00;100.0;ICONCH2
roche_de_glun;ICONIFS;2026-10-14T01:00;ICONCH2;5.10;8.00;351.0;14.6;0.00;100.0;ICONCH2
roche_de_glun;ICONIFS;2026-10-14T02:00;ICONCH2;4.80;8.00;348.0;14.4;0.00;100.0;ICONCH2
roche_de_glun;ICONIFS;2026-10-14T03:00;ICONCH2;4.20;7.40;349.0;14.0;0.00;100.0;ICONCH2
roche_de_glun;ICONIFS;2026-10-14T04:00;ICONCH2;3.90;6.60;342.0;14.0;0.00;100.0;ICONCH2
roche_de_glun;ICONIFS;2026-10-14T05:00;ICONCH2;4.60;7.00;340.0;13.8;0.00;70.0;ICONCH2
roche_de_glun;ICONIFS;2026-10-14T06:00;ICONCH2;4.90;7.60;344.0;13.8;0.00;53.0;ICONCH2
roche_de_glun;ICONIFS;2026-10-14T07:00;ICONCH2;4.50;7.60;350.0;13.6;0.00;52.0;ICONCH2
roche_de_glun;ICONIFS;2026-10-14T08:00;ICONCH2;4.70;7.60;351.0;13.4;0.00;91.0;ICONCH2
roche_de_glun;ICONIFS;2026-10-14T09:00;ICONCH2;4.30;7.40;357.0;14.1;0.00;40.0;ICONCH2
roche_de_glun;ICONIFS;2026-10-14T10:00;ICONCH2;4.50;7.40;355.0;16.0;0.00;98.0;ICONCH2
roche_de_glun;ICONIFS;2026-10-14T11:00;ICONCH2;6.00;10.10;347.0;17.7;0.00;46.0;ICONCH2
roche_de_glun;ICONIFS;2026-10-14T12:00;ICONCH2;6.50;10.90;344.0;19.5;0.00;16.0;ICONCH2
roche_de_glun;ICONIFS;2026-10-14T13:00;ICONCH2;8.20;14.00;352.0;21.3;0.00;0.0;ICONCH2
roche_de_glun;ICONIFS;2026-10-14T14:00;ICONCH2;9.90;16.70;357.0;22.2;0.00;0.0;ICONCH2
roche_de_glun;ICONIFS;2026-10-14T15:00;ICON13KM;9.70;18.30;15.0;22.1;0.00;25.0;ICON13KM
roche_de_glun;ICONIFS;2026-10-14T16:00;ICON13KM;9.30;18.10;20.0;22.2;0.00;18.0;ICON13KM
roche_de_glun;ICONIFS;2026-10-14T17:00;ICON13KM;8.30;16.70;21.0;21.8;0.00;10.0;ICON13KM
roche_de_glun;ICONIFS;2026-10-14T18:00;ICON13KM;6.00;13.40;13.0;20.4;0.00;7.0;ICON13KM
roche_de_glun;ICONIFS;2026-10-14T19:00;ICON13KM;3.60;9.10;344.0;18.5;0.00;3.0;ICON13KM
roche_de_glun;ICONIFS;2026-10-14T20:00;ICON13KM;3.10;6.00;300.0;16.7;0.00;0.0;ICON13KM
roche_de_glun;ICONIFS;2026-10-14T21:00;ICON13KM;3.60;5.40;283.0;15.4;0.00;7.0;ICON13KM
roche_de_glun;ICONIFS;2026-10-14T22:00;ICON13KM;3.80;6.20;282.0;14.3;0.00;15.0;ICON13KM
roche_de_glun;ICONIFS;2026-10-14T23:00;ICON13KM;3.70;6.80;279.0;13.4;0.00;22.0;ICON13KM
roche_de_glun;ICONIFS;2026-10-15T00:00;ICON13KM;3.70;6.60;276.0;12.8;0.00;28.0;ICON13KM
roche_de_glun;ICONIFS;2026-10-15T01:00;ICON13KM;3.30;6.20;273.0;12.4;0.00;35.0;ICON13KM
roche_de_glun;ICONIFS;2026-10-15T02:00;ICON13KM;3.10;5.80;270.0;12.0;0.00;41.0;ICON13KM
roche_de_glun;ICONIFS;2026-10-15T03:00;ICON13KM;3.10;5.60;270.0;11.5;0.00;44.0;ICON13KM
roche_de_glun;ICONIFS;2026-10-15T04:00;ICON13KM;2.90;5.40;266.0;11.0;0.00;48.0;ICON13KM
roche_de_glun;ICONIFS;2026-10-15T05:00;ICON13KM;2.90;5.20;266.0;10.6;0.00;51.0;ICON13KM
roche_de_glun;ICONIFS;2026-10-15T06:00;ICON13KM;2.90;5.20;266.0;10.0;0.00;52.0;ICON13KM
roche_de_glun;ICONIFS;2026-10-15T07:00;ICON13KM;2.90;5.20;266.0;9.4;0.00;52.0;ICON13KM
roche_de_glun;ICONIFS;2026-10-15T08:00;ICON13KM;2.60;5.20;261.0;9.7;0.00;53.0;ICON13KM
roche_de_glun;ICONIFS;2026-10-15T09:00;ICON13KM;1.50;5.10;247.0;11.5;0.00;35.0;ICON13KM
roche_de_glun;ICONIFS;2026-10-15T10:00;ICON13KM;1.00;5.10;169.0;14.2;0.00;18.0;ICON13KM
roche_de_glun;ICONIFS;2026-10-15T11:00;ICON13KM;1.90;5.20;135.0;16.7;0.00;0.0;ICON13KM
roche_de_glun;ICONIFS;2026-10-15T12:00;ICON13KM;2.60;6.00;138.0;18.6;0.00;10.0;ICON13KM
roche_de_glun;ICONIFS;2026-10-15T13:00;ICON13KM;3.10;7.00;145.0;20.3;0.00;20.0;ICON13KM
roche_de_glun;ICONIFS;2026-10-15T14:00;ICON13KM;3.70;8.40;155.0;21.6;0.00;30.0;ICON13KM
roche_de_glun;ICONIFS;2026-10-15T15:00;ICON13KM;4.80;10.30;166.0;22.3;0.00;28.0;ICON13KM
roche_de_glun;ICONIFS;2026-10-15T16:00;ICON13KM;6.20;12.60;176.0;22.5;0.00;27.0;ICON13KM
roche_de_glun;ICONIFS;2026-10-15T17:00;ICON13KM;7.00;13.40;182.0;22.1;0.00;25.0;ICON13KM
roche_de_glun;ICONIFS;2026-10-15T18:00;ICON13KM;6.10;11.70;186.0;20.6;0.00;27.0;ICON13KM
roche_de_glun;ICONIFS;2026-10-15T19:00;ICON13KM;4.20;8.40;191.0;18.5;0.00;29.0;ICON13KM
roche_de_glun;ICONIFS;2026-10-15T20:00;ICON13KM;2.80;6.00;205.0;16.6;0.00;31.0;ICON13KM
roche_de_glun;ICONIFS;2026-10-15T21:00;ICON13KM;2.60;5.60;228.0;15.2;0.00;46.0;ICON13KM
roche_de_glun;ICONIFS;2026-10-15T22:00;ICON13KM;3.00;6.00;243.0;13.9;0.00;60.0;ICON13KM
roche_de_glun;ICONIFS;2026-10-15T23:00;ICON13KM;3.50;6.40;251.0;12.9;0.00;75.0;ICON13KM
roche_de_glun;ICONIFS;2026-10-16T00:00;ICON13KM;3.60;6.60;254.0;12.1;0.00;70.0;ICON13KM
roche_de_glun;ICONIFS;2026-10-16T01:00;ICON13KM;3.40;7.00;257.0;11.6;0.00;64.0;ICON13KM
roche_de_glun;ICONIFS;2026-10-16T02:00;ICON13KM;3.40;7.00;257.0;11.2;0.00;59.0;ICON13KM
roche_de_glun;ICONIFS;2026-10-16T03:00;ICON13KM;3.40;6.80;260.0;10.7;0.00;57.0;ICON13KM
roche_de_glun;ICONIFS;2026-10-16T04:00;ICON13KM;3.40;6.40;260.0;10.3;0.00;56.0;ICON13KM
roche_de_glun;ICONIFS;2026-10-16T05:00;ICON13KM;3.30;6.00;263.0;10.0;0.00;54.0;ICON13KM
roche_de_glun;ICONIFS;2026-10-16T06:00;ICON13KM;3.30;5.80;267.0;9.4;0.00;56.0;ICON13KM
roche_de_glun;ICONIFS;2026-10-16T07:00;ICON13KM;3.50;5.80;267.0;8.8;0.00;59.0;ICON13KM
roche_de_glun;ICONIFS;2026-10-16T08:00;ICON13KM;2.90;5.60;270.0;9.1;0.00;61.0;ICON13KM
roche_de_glun;ICONIFS;2026-10-16T09:00;ICON13KM;1.40;5.20;278.0;10.8;0.00;57.0;ICON13KM
roche_de_glun;ICONIFS;2026-10-16T10:00;ICON13KM;1.00;5.10;53.0;13.3;0.00;54.0;ICON13KM
roche_de_glun;ICONIFS;2026-10-16T11:00;ICON13KM;2.30;4.90;70.0;15.7;0.00;50.0;ICON13KM
roche_de_glun;ICONIFS;2026-10-16T12:00;ICON13KM;2.60;5.10;63.0;17.6;0.00;42.0;ICON13KM
roche_de_glun;ICONIFS;2026-10-16T13:00;ICON13KM;2.50;5.60;58.0;19.2;0.00;33.0;ICON13KM
roche_de_glun;ICONIFS;2026-10-16T14:00;ICON13KM;2.50;6.00;45.0;20.5;0.00;25.0;ICON13KM
roche_de_glun;ICONIFS;2026-10-16T15:00;ICON13KM;2.90;6.40;42.0;21.3;0.00;23.0;ICON13KM
roche_de_glun;ICONIFS;2026-10-16T16:00;ICON13KM;3.30;6.80;36.0;21.6;0.00;20.0;ICON13KM
roche_de_glun;ICONIFS;2026-10-16T17:00;ICON13KM;3.40;6.80;31.0;21.4;0.00;18.0;ICON13KM
roche_de_glun;ICONIFS;2026-10-16T18:00;ICON13KM;2.60;6.00;17.0;20.1;0.00;18.0;ICON13KM
roche_de_glun;ICONIFS;2026-10-16T19:00;ICON13KM;2.10;4.90;338.0;18.2;0.00;19.0;ICON13KM
roche_de_glun;ICONIFS;2026-10-16T20:00;ICON13KM;2.40;4.30;305.0;16.6;0.00;19.0;ICON13KM
roche_de_glun;ICONIFS;2026-10-16T21:00;ICON13KM;2.80;4.50;295.0;15.5;0.00;33.0;ICON13KM
roche_de_glun;ICONIFS;2026-10-16T22:00;ICON13KM;3.00;5.20;293.0;14.8;0.00;46.0;ICON13KM
roche_de_glun;ICONIFS;2026-10-16T23:00;ICON13KM;3.00;5.80;293.0;14.2;0.00;60.0;ICON13KM
roche_de_glun;ICONIFS;2026-10-17T00:00;ICON13KM;3.00;6.00;293.0;13.7;0.00;73.0;ICON13KM
roche_de_glun;ICONIFS;2026-10-17T01:00;ICON13KM;3.00;6.00;297.0;13.5;0.00;87.0;ICON13KM
roche_de_glun;ICONIFS;2026-10-17T02:00;ICON13KM;3.00;6.00;297.0;13.2;0.00;100.0;ICON13KM
roche_de_glun;ICONIFS;2026-10-17T03:00;ICON13KM;2.90;5.80;298.0;12.8;0.00;84.0;ICON13KM
roche_de_glun;ICONIFS;2026-10-17T04:00;ICON13KM;2.80;5.60;304.0;12.4;0.00;69.0;ICON13KM
roche_de_glun;ICONIFS;2026-10-17T05:00;ICON13KM;2.60;5.60;306.0;12.2;0.00;53.0;ICON13KM
roche_de_glun;ICONIFS;2026-10-17T06:00;ICON13KM;2.80;5.60;304.0;11.9;0.00;57.0;ICON13KM
roche_de_glun;ICONIFS;2026-10-17T07:00;ICON13KM;3.00;5.60;302.0;11.8;0.00;62.0;ICON13KM
roche_de_glun;ICONIFS;2026-10-17T08:00;ICON13KM;2.90;6.00;307.0;12.1;0.00;66.0;ICON13KM
roche_de_glun;ICONIFS;2026-10-17T09:00;ICON13KM;3.00;7.00;328.0;13.4;0.00;71.0;ICON13KM
roche_de_glun;ICONIFS;2026-10-17T10:00;ICON13KM;3.70;8.20;351.0;15.3;0.00;76.0;ICON13KM
roche_de_glun;ICONIFS;2026-10-17T11:00;ICON13KM;4.50;9.30;5.0;16.9;0.00;81.0;ICON13KM
roche_de_glun;ICONIFS;2026-10-17T12:00;ICON13KM;5.20;10.30;13.0;18.0;0.00;73.0;ICON13KM
roche_de_glun;ICONIFS;2026-10-17T13:00;ICON13KM;5.60;11.10;20.0;19.0;0.00;66.0;ICON13KM
roche_de_glun;ICONIFS;2026-10-17T14:00;ICON13KM;5.90;11.50;23.0;19.6;0.00;58.0;ICON13KM
roche_de_glun;ICONIFS;2026-10-17T15:00;ICON13KM;6.00;11.70;25.0;19.9;0.00;72.0;ICON13KM
roche_de_glun;ICONIFS;2026-10-17T16:00;ICON13KM;5.60;11.50;25.0;19.8;0.00;86.0;ICON13KM
roche_de_glun;ICONIFS;2026-10-17T17:00;ICON13KM;5.00;10.70;21.0;19.4;0.00;100.0;ICON13KM
roche_de_glun;ICONIFS;2026-10-17T18:00;ICON13KM;3.80;8.90;12.0;18.2;0.00;100.0;ICON13KM
roche_de_glun;ICONIFS;2026-10-17T19:00;ICON13KM;2.80;6.40;348.0;16.6;0.00;100.0;ICON13KM
roche_de_glun;ICONIFS;2026-10-17T20:00;ICON13KM;2.50;4.90;315.0;15.1;0.00;100.0;ICON13KM
roche_de_glun;ICONIFS;2026-10-17T21:00;ICON13KM;2.80;4.90;295.0;14.0;0.00;100.0;ICON13KM
roche_de_glun;ICONIFS;2026-10-17T22:00;ICON13KM;3.00;5.40;285.0;12.9;0.00;100.0;ICON13KM
roche_de_glun;ICONIFS;2026-10-17T23:00;ICON13KM;3.40;6.00;280.0;12.1;0.00;100.0;ICON13KM
roche_de_glun;ICONIFS;2026-10-18T00:00;ICON13KM;3.30;6.00;277.0;11.3;0.00;92.0;ICON13KM
roche_de_glun;ICONIFS;2026-10-18T01:00;ICON13KM;3.10;5.60;274.0;10.8;0.00;85.0;ICON13KM
roche_de_glun;ICONIFS;2026-10-18T02:00;ICON13KM;2.90;5.40;274.0;10.4;0.00;77.0;ICON13KM
roche_de_glun;ICONIFS;2026-10-18T03:00;IFS;11.70;26.40;351.0;11.1;0.00;100.0;IFS
roche_de_glun;ICONIFS;2026-10-18T04:00;IFS;11.30;26.00;351.0;10.8;0.00;100.0;IFS
roche_de_glun;ICONIFS;2026-10-18T05:00;IFS;10.80;25.70;352.0;10.6;0.00;100.0;IFS
roche_de_glun;ICONIFS;2026-10-18T06:00;IFS;10.30;25.30;352.0;10.4;0.00;100.0;IFS
roche_de_glun;ICONIFS;2026-10-18T07:00;IFS;9.90;24.90;353.0;10.4;0.00;100.0;IFS
roche_de_glun;ICONIFS;2026-10-18T08:00;IFS;9.60;24.50;354.0;10.5;0.00;100.0;IFS
roche_de_glun;ICONIFS;2026-10-18T09:00;IFS;9.50;23.90;355.0;10.9;0.10;100.0;IFS
roche_de_glun;ICONIFS;2026-10-18T10:00;IFS;9.50;23.10;357.0;11.5;0.10;100.0;IFS
roche_de_glun;ICONIFS;2026-10-18T11:00;IFS;9.70;22.50;359.0;12.3;0.10;100.0;IFS
roche_de_glun;ICONIFS;2026-10-18T12:00;IFS;9.90;21.80;360.0;13.0;0.10;100.0;IFS
roche_de_glun;ICONIFS;2026-10-18T13:00;IFS;10.00;21.20;1.0;13.7;0.10;100.0;IFS
roche_de_glun;ICONIFS;2026-10-18T14:00;IFS;10.00;21.00;1.0;14.0;0.10;100.0;IFS
roche_de_glun;ICONIFS;2026-10-18T15:00;IFS;9.90;21.20;360.0;14.1;0.00;92.0;IFS
roche_de_glun;ICONIFS;2026-10-18T16:00;IFS;9.60;21.60;358.0;14.1;0.00;81.0;IFS
roche_de_glun;ICONIFS;2026-10-18T17:00;IFS;9.50;22.40;356.0;13.9;0.00;67.0;IFS
roche_de_glun;ICONIFS;2026-10-18T18:00;IFS;9.10;22.90;354.0;13.6;0.00;54.0;IFS
roche_de_glun;ICONIFS;2026-10-18T19:00;IFS;8.90;23.30;351.0;13.4;0.00;42.0;IFS
roche_de_glun;ICONIFS;2026-10-18T20:00;IFS;8.60;23.30;350.0;13.1;0.00;33.0;IFS
roche_de_glun;ICONIFS;2026-10-18T21:00;IFS;8.30;22.70;351.0;12.8;0.00;27.0;IFS
roche_de_glun;ICONIFS;2026-10-18T22:00;IFS;7.80;21.80;351.0;12.4;0.00;22.0;IFS
roche_de_glun;ICONIFS;2026-10-18T23:00;IFS;7.30;20.40;354.0;12.0;0.00;19.0;IFS
roche_de_glun;ICONIFS;2026-10-19T00:00;IFS;6.90;19.00;356.0;11.6;0.00;18.0;IFS
roche_de_glun;ICONIFS;2026-10-19T01:00;IFS;6.60;17.90;357.0;11.3;0.00;19.0;IFS
roche_de_glun;ICONIFS;2026-10-19T02:00;IFS;6.50;17.10;358.0;11.0;0.00;23.0;IFS
roche_de_glun;ICONIFS;2026-10-19T03:00;IFS;6.50;16.50;357.0;10.7;0.00;31.0;IFS
roche_de_glun;ICONIFS;2026-10-19T04:00;IFS;6.80;16.10;353.0;10.3;0.00;45.0;IFS
roche_de_glun;ICONIFS;2026-10-19T05:00;IFS;7.00;15.90;350.0;10.0;0.00;61.0;IFS
roche_de_glun;ICONIFS;2026-10-19T06:00;IFS;7.40;15.70;346.0;9.8;0.00;76.0;IFS
roche_de_glun;ICONIFS;2026-10-19T07:00;IFS;7.90;15.90;345.0;9.8;0.00;88.0;IFS
roche_de_glun;ICONIFS;2026-10-19T08:00;IFS;8.10;16.10;345.0;10.0;0.00;94.0;IFS
roche_de_glun;ICONIFS;2026-10-19T09:00;IFS;8.40;16.70;349.0;10.5;0.00;94.0;IFS
roche_de_glun;ICONIFS;2026-10-19T10:00;IFS;8.70;17.70;353.0;11.4;0.00;88.0;IFS
roche_de_glun;ICONIFS;2026-10-19T11:00;IFS;9.10;18.90;358.0;12.4;0.00;80.0;IFS
roche_de_glun;ICONIFS;2026-10-19T12:00;IFS;9.50;19.80;3.0;13.5;0.00;70.0;IFS
roche_de_glun;ICONIFS;2026-10-19T13:00;IFS;10.00;20.80;7.0;14.3;0.00;60.0;IFS
roche_de_glun;ICONIFS;2026-10-19T14:00;IFS;10.20;21.60;8.0;14.7;0.00;51.0;IFS
roche_de_glun;ICONIFS;2026-10-19T15:00;IFS;10.20;22.00;8.0;14.7;0.00;42.0;IFS
roche_de_glun;ICONIFS;2026-10-19T16:00;IFS;10.10;22.20;6.0;14.4;0.00;32.0;IFS
roche_de_glun;ICONIFS;2026-10-19T17:00;IFS;9.80;22.40;2.0;13.9;0.00;21.0;IFS
roche_de_glun;ICONIFS;2026-10-19T18:00;IFS;9.50;22.20;359.0;13.3;0.00;12.0;IFS
roche_de_glun;ICONIFS;2026-10-19T19:00;IFS;9.40;22.20;356.0;12.6;0.00;5.0;IFS
roche_de_glun;ICONIFS;2026-10-19T20:00;IFS;9.20;22.00;354.0;12.1;0.00;2.0;IFS
roche_de_glun;ICONIFS;2026-10-19T21:00;IFS;9.00;21.80;354.0;11.7;0.00;4.0;IFS
roche_de_glun;ICONIFS;2026-10-19T22:00;IFS;8.90;21.20;355.0;11.2;0.00;10.0;IFS
roche_de_glun;ICONIFS;2026-10-19T23:00;IFS;8.70;20.80;357.0;10.8;0.00;18.0;IFS
roche_de_glun;ICONIFS;2026-10-20T00:00;IFS;8.60;20.20;359.0;10.3;0.00;28.0;IFS
roche_de_glun;ICONIFS;2026-10-20T01:00;IFS;8.50;19.60;1.0;9.9;0.00;37.0;IFS
roche_de_glun;ICONIFS;2026-10-20T02:00;IFS;8.50;19.40;2.0;9.4;0.00;44.0;IFS
roche_de_glun;ICONIFS;2026-10-20T03:00;IFS;8.60;19.20;3.0;8.9;0.00;50.0;IFS
roche_de_glun;ICONIFS;2026-10-20T04:00;IFS;8.80;19.20;3.0;8.2;0.00;57.0;IFS
roche_de_glun;ICONIFS;2026-10-20T05:00;IFS;9.00;19.40;2.0;7.5;0.00;63.0;IFS
roche_de_glun;ICONIFS;2026-10-20T06:00;IFS;9.20;19.40;2.0;6.9;0.00;68.0;IFS
roche_de_glun;ICONIFS;2026-10-20T07:00;IFS;9.40;19.60;2.0;6.6;0.00;70.0;IFS
roche_de_glun;ICONIFS;2026-10-20T08:00;IFS;9.40;19.80;2.0;6.7;0.00;69.0;IFS
roche_de_glun;ICONIFS;2026-10-20T09:00;IFS;9.20;20.00;3.0;7.4;0.00;63.0;IFS
roche_de_glun;ICONIFS;2026-10-20T10:00;IFS;9.00;20.60;4.0;8.6;0.00;53.0;IFS
roche_de_glun;ICONIFS;2026-10-20T11:00;IFS;8.60;21.00;5.0;10.1;0.00;40.0;IFS
roche_de_glun;ICONIFS;2026-10-20T12:00;IFS;8.10;21.40;6.0;11.6;0.00;27.0;IFS
roche_de_glun;ICONIFS;2026-10-20T13:00;IFS;7.60;21.60;6.0;12.8;0.00;16.0;IFS
roche_de_glun;ICONIFS;2026-10-20T14:00;IFS;7.20;21.60;6.0;13.5;0.00;9.0;IFS
roche_de_glun;ICONIFS;2026-10-20T15:00;IFS;6.80;21.20;6.0;13.6;0.00;7.0;IFS
roche_de_glun;ICONIFS;2026-10-20T16:00;IFS;6.40;20.60;4.0;13.3;0.00;8.0;IFS
roche_de_glun;ICONIFS;2026-10-20T17:00;IFS;5.90;20.00;3.0;12.8;0.00;11.0;IFS
roche_de_glun;ICONIFS;2026-10-20T18:00;IFS;5.50;19.00;1.0;12.1;0.00;14.0;IFS
roche_de_glun;ICONIFS;2026-10-20T19:00;IFS;5.10;18.10;359.0;11.4;0.00;18.0;IFS
roche_de_glun;ICONIFS;2026-10-20T20:00;IFS;4.70;17.10;356.0;10.8;0.00;21.0;IFS
roche_de_glun;ICONIFS;2026-10-20T21:00;IFS;4.20;15.90;353.0;10.2;0.00;23.0;IFS
roche_de_glun;ICONIFS;2026-10-20T22:00;IFS;3.80;14.60;350.0;9.6;0.00;26.0;IFS
roche_de_glun;ICONIFS;2026-10-20T23:00;IFS;3.30;13.20;346.0;8.9;0.00;28.0;IFS
roche_de_glun;ICONIFS;2026-10-21T00:00;IFS;3.00;11.90;341.0;8.3;0.00;30.0;IFS
roche_de_glun;ICONIFS;2026-10-21T01:00;IFS;2.70;10.50;334.0;7.7;0.00;31.0;IFS
roche_de_glun;ICONIFS;2026-10-21T02:00;IFS;2.50;9.50;329.0;7.2;0.00;31.0;IFS
roche_de_glun;ICONIFS;2026-10-21T03:00;IFS;2.40;8.60;325.0;6.7;0.00;28.0;IFS
roche_de_glun;ICONIFS;2026-10-21T04:00;IFS;2.40;7.60;322.0;6.1;0.00;24.0;IFS
roche_de_glun;ICONIFS;2026-10-21T05:00;IFS;2.40;6.80;320.0;5.6;0.00;18.0;IFS
roche_de_glun;ICONIFS;2026-10-21T06:00;IFS;2.60;6.20;320.0;5.3;0.00;13.0;IFS
roche_de_glun;ICONIFS;2026-10-21T07:00;IFS;2.60;5.80;321.0;5.3;0.00;8.0;IFS
roche_de_glun;ICONIFS;2026-10-21T08:00;IFS;2.80;6.00;324.0;5.7;0.00;4.0;IFS
roche_de_glun;ICONIFS;2026-10-21T09:00;IFS;3.00;6.80;328.0;6.8;0.00;2.0;IFS
roche_de_glun;ICONIFS;2026-10-21T10:00;IFS;3.30;8.00;333.0;8.5;0.00;1.0;IFS
roche_de_glun;ICONIFS;2026-10-21T11:00;IFS;3.70;9.70;338.0;10.6;0.00;0.0;IFS
roche_de_glun;ICONIFS;2026-10-21T12:00;IFS;4.10;11.30;343.0;12.6;0.00;0.0;IFS
roche_de_glun;ICONIFS;2026-10-21T13:00;IFS;4.50;12.60;346.0;14.3;0.00;0.0;IFS
roche_de_glun;ICONIFS;2026-10-21T14:00;IFS;4.80;13.60;347.0;15.2;0.00;0.0;IFS
roche_de_glun;ICONIFS;2026-10-21T15:00;IFS;5.10;14.00;347.0;15.4;0.00;0.0;IFS
roche_de_glun;ICONIFS;2026-10-21T16:00;IFS;5.40;14.20;344.0;15.0;0.00;0.0;IFS
roche_de_glun;ICONIFS;2026-10-21T17:00;IFS;5.50;14.00;342.0;14.3;0.00;0.0;IFS
roche_de_glun;ICONIFS;2026-10-21T18:00;IFS;5.70;13.80;339.0;13.4;0.00;0.0;IFS
roche_de_glun;ICONIFS;2026-10-21T19:00;IFS;5.80;13.40;337.0;12.5;0.00;0.0;IFS
roche_de_glun;ICONIFS;2026-10-21T20:00;IFS;5.70;13.20;337.0;11.7;0.00;0.0;IFS
roche_de_glun;ICONIFS;2026-10-21T21:00;IFS;5.40;13.00;338.0;11.1;0.00;0.0;IFS
roche_de_glun;ICONIFS;2026-10-21T22:00;IFS;4.70;12.80;339.0;10.3;0.00;0.0;IFS
roche_de_glun;ICONIFS;2026-10-21T23:00;IFS;4.00;12.40;343.0;9.6;0.00;0.0;IFS
roche_de_glun;ICONIFS;2026-10-22T00:00;IFS;3.20;12.10;348.0;8.9;0.00;0.0;IFS
roche_de_glun;ICONIFS;2026-10-22T01:00;IFS;2.60;11.70;356.0;8.3;0.00;0.0;IFS
roche_de_glun;ICONIFS;2026-10-22T02:00;IFS;2.30;11.30;360.0;7.8;0.00;0.0;IFS
roche_de_glun;ICONIFS;2026-10-22T03:00;IFS;2.20;10.70;360.0;7.4;0.00;0.0;IFS
roche_de_glun;ICONIFS;2026-10-22T04:00;IFS;2.30;9.70;358.0;6.9;0.00;0.0;IFS
roche_de_glun;ICONIFS;2026-10-22T05:00;IFS;2.50;8.90;353.0;6.5;0.00;0.0;IFS
roche_de_glun;ICONIFS;2026-10-22T06:00;IFS;2.80;8.20;348.0;6.2;0.00;0.0;IFS
roche_de_glun;ICONIFS;2026-10-22T07:00;IFS;3.20;7.80;346.0;6.3;0.00;0.0;IFS
roche_de_glun;ICONIFS;2026-10-22T08:00;IFS;3.70;8.00;345.0;6.8;0.00;0.0;IFS
roche_de_glun;ICONIFS;2026-10-22T09:00;IFS;4.40;9.10;346.0;7.9;0.00;0.0;IFS
roche_de_glun;ICONIFS;2026-10-22T10:00;IFS;5.40;10.90;347.0;9.6;0.00;0.0;IFS
roche_de_glun;ICONIFS;2026-10-22T11:00;IFS;6.50;13.00;348.0;11.7;0.00;0.0;IFS
roche_de_glun;ICONIFS;2026-10-22T12:00;IFS;7.40;15.20;349.0;13.7;0.00;0.0;IFS
roche_de_glun;ICONIFS;2026-10-22T13:00;IFS;8.10;17.10;350.0;15.3;0.00;0.0;IFS
roche_de_glun;ICONIFS;2026-10-22T14:00;IFS;8.50;18.50;349.0;16.2;0.00;0.0;IFS
roche_de_glun;ICONIFS;2026-10-22T15:00;IFS;8.40;19.20;349.0;16.3;0.00;0.0;IFS
roche_de_glun;ICONIFS;2026-10-22T16:00;IFS;7.90;19.40;348.0;15.8;0.00;0.0;IFS
roche_de_glun;ICONIFS;2026-10-22T17:00;IFS;7.30;19.60;347.0;15.0;0.00;1.0;IFS
roche_de_glun;ICONIFS;2026-10-22T18:00;IFS;6.50;19.40;345.0;14.0;0.00;1.0;IFS
roche_de_glun;ICONIFS;2026-10-22T19:00;IFS;5.80;19.00;343.0;12.9;0.00;1.0;IFS
roche_de_glun;ICONIFS;2026-10-22T20:00;IFS;5.10;18.50;341.0;12.1;0.00;1.0;IFS
roche_de_glun;ICONIFS;2026-10-22T21:00;IFS;4.70;17.70;339.0;11.4;0.00;1.0;IFS
roche_de_glun;ICONIFS;2026-10-22T22:00;IFS;4.10;16.30;336.0;10.7;0.00;1.0;IFS
roche_de_glun;ICONIFS;2026-10-22T23:00;IFS;3.70;15.00;333.0;10.0;0.00;1.0;IFS
roche_de_glun;ICONIFS;2026-10-23T00:00;IFS;3.20;13.40;331.0;9.3;0.00;0.0;IFS
roche_de_glun;ICONIFS;2026-10-23T01:00;IFS;2.80;11.90;326.0;8.7;0.00;0.0;IFS
roche_de_glun;ICONIFS;2026-10-23T02:00;IFS;2.50;10.70;324.0;8.2;0.00;0.0;IFS
roche_de_glun;ICONIFS;2026-10-23T03:00;IFS;2.20;9.50;322.0;7.7;0.00;0.0;IFS
roche_de_glun;ICONIFS;2026-10-23T04:00;IFS;2.00;8.40;325.0;7.1;0.00;0.0;IFS
roche_de_glun;ICONIFS;2026-10-23T05:00;IFS;1.80;7.20;324.0;6.5;0.00;0.0;IFS
roche_de_glun;ICONIFS;2026-10-23T06:00;IFS;1.60;6.20;327.0;6.2;0.00;0.0;IFS
roche_de_glun;ICONIFS;2026-10-23T07:00;IFS;1.50;5.60;333.0;6.2;0.00;0.0;IFS
roche_de_glun;ICONIFS;2026-10-23T08:00;IFS;1.40;5.20;340.0;6.7;0.00;0.0;IFS
roche_de_glun;ICONIFS;2026-10-23T09:00;IFS;1.40;5.40;348.0;8.0;0.00;0.0;IFS
roche_de_glun;ICONIFS;2026-10-23T10:00;IFS;1.50;5.80;360.0;10.0;0.00;0.0;IFS
roche_de_glun;ICONIFS;2026-10-23T11:00;IFS;1.60;6.80;11.0;12.4;0.00;1.0;IFS
roche_de_glun;ICONIFS;2026-10-23T12:00;IFS;1.80;7.60;16.0;14.7;0.00;1.0;IFS
roche_de_glun;ICONIFS;2026-10-23T13:00;IFS;1.90;8.40;18.0;16.6;0.00;1.0;IFS
roche_de_glun;ICONIFS;2026-10-23T14:00;IFS;2.10;8.70;16.0;17.7;0.00;1.0;IFS
roche_de_glun;ICONIFS;2026-10-23T15:00;IFS;2.30;8.70;7.0;17.8;0.00;1.0;IFS
roche_de_glun;ICONIFS;2026-10-23T16:00;IFS;2.50;8.70;356.0;17.2;0.00;1.0;IFS
roche_de_glun;ICONIFS;2026-10-23T17:00;IFS;2.90;8.60;346.0;16.2;0.00;1.0;IFS
roche_de_glun;ICONIFS;2026-10-23T18:00;IFS;3.30;8.20;337.0;15.0;0.00;0.0;IFS
roche_de_glun;ICONIFS;2026-10-23T19:00;IFS;3.70;8.00;331.0;13.8;0.00;0.0;IFS
roche_de_glun;ICONIFS;2026-10-23T20:00;IFS;4.00;7.80;329.0;13.0;0.00;0.0;IFS
roche_de_glun;ICONIFS;2026-10-23T21:00;IFS;4.00;7.80;329.0;12.4;0.00;0.0;IFS
roche_de_glun;ICONIFS;2026-10-23T22:00;IFS;3.90;7.60;330.0;11.9;0.00;0.0;IFS
roche_de_glun;ICONIFS;2026-10-23T23:00;IFS;3.70;7.60;332.0;11.4;0.00;0.0;IFS
roche_de_glun;ICONIFS;2026-10-24T00:00;IFS;3.50;7.60;336.0;11.0;0.00;0.0;IFS
roche_de_glun;ICONIFS;2026-10-24T01:00;IFS;3.40;7.80;338.0;10.7;0.00;0.0;IFS
roche_de_glun;ICONIFS;2026-10-24T02:00;IFS;3.50;8.00;341.0;10.3;0.00;0.0;IFS
roche_de_glun;ICONIFS;2026-10-24T03:00;IFS;3.70;8.40;340.0;9.9;0.00;10.0;IFS
roche_de_glun;ICONIFS;2026-10-24T04:00;IFS;4.10;8.70;339.0;9.5;0.00;25.0;IFS
roche_de_glun;ICONIFS;2026-10-24T05:00;IFS;4.50;9.30;338.0;9.0;0.00;43.0;IFS
roche_de_glun;ICONIFS;2026-10-24T06:00;IFS;5.00;9.90;337.0;8.7;0.00;60.0;IFS
roche_de_glun;ICONIFS;2026-10-24T07:00;IFS;5.40;10.70;338.0;8.6;0.00;72.0;IFS
roche_de_glun;ICONIFS;2026-10-24T08:00;IFS;5.80;11.70;339.0;8.9;0.00;78.0;IFS
roche_de_glun;ICONIFS;2026-10-24T09:00;IFS;6.30;12.80;341.0;9.6;0.00;75.0;IFS
roche_de_glun;ICONIFS;2026-10-24T10:00;IFS;6.80;14.20;344.0;10.9;0.00;65.0;IFS
roche_de_glun;ICONIFS;2026-10-24T11:00;IFS;7.40;15.60;347.0;12.3;0.00;51.0;IFS
roche_de_glun;ICONIFS;2026-10-24T12:00;IFS;7.90;17.10;350.0;13.7;0.00;36.0;IFS
roche_de_glun;ICONIFS;2026-10-24T13:00;IFS;8.40;18.50;352.0;14.9;0.00;23.0;IFS
roche_de_glun;ICONIFS;2026-10-24T14:00;IFS;8.90;19.40;354.0;15.4;0.00;14.0;IFS
roche_de_glun;ICONIFS;2026-10-24T15:00;IFS;9.30;20.20;356.0;15.3;0.00;10.0;IFS
roche_de_glun;ICONIFS;2026-10-24T16:00;IFS;9.70;20.80;358.0;14.7;0.00;8.0;IFS
roche_de_glun;ICONIFS;2026-10-24T17:00;IFS;10.20;21.20;360.0;13.8;0.00;8.0;IFS
roche_de_glun;ICONIFS;2026-10-24T18:00;IFS;10.50;21.40;2.0;12.8;0.00;8.0;IFS
roche_de_glun;ICONIFS;2026-10-24T19:00;IFS;10.70;21.60;3.0;11.8;0.00;8.0;IFS
roche_de_glun;ICONIFS;2026-10-24T20:00;IFS;10.70;21.80;4.0;11.2;0.00;8.0;IFS
roche_de_glun;ICONIFS;2026-10-24T21:00;IFS;10.40;22.00;4.0;10.8;0.00;6.0;IFS
roche_de_glun;ICONIFS;2026-10-24T22:00;IFS;9.90;22.20;4.0;10.6;0.00;2.0;IFS
roche_de_glun;ICONIFS;2026-10-24T23:00;IFS;9.40;22.40;5.0;10.4;0.00;0.0;IFS
roche_de_glun;ICONIFS;2026-10-25T00:00;IFS;8.70;22.40;4.0;10.3;0.00;0.0;IFS
roche_de_glun;ICONIFS;2026-10-25T01:00;IFS;8.00;22.20;3.0;10.2;0.00;0.0;IFS
roche_de_glun;ICONIFS;2026-10-25T02:00;IFS;7.40;21.80;2.0;10.0;0.00;0.0;IFS
roche_de_glun;ICONIFS;2026-10-25T03:00;IFS;6.80;21.00;359.0;9.6;0.00;10.0;IFS
roche_de_glun;ICONIFS;2026-10-25T04:00;IFS;6.40;19.80;354.0;9.1;0.00;25.0;IFS
roche_de_glun;ICONIFS;2026-10-25T05:00;IFS;5.90;18.50;347.0;8.5;0.00;42.0;IFS
roche_de_glun;ICONIFS;2026-10-25T06:00;IFS;5.60;17.30;340.0;8.1;0.00;59.0;IFS
roche_de_glun;ICONIFS;2026-10-25T07:00;IFS;5.30;15.90;333.0;7.9;0.00;71.0;IFS
roche_de_glun;ICONIFS;2026-10-25T08:00;IFS;5.20;15.20;329.0;8.0;0.00;76.0;IFS
roche_de_glun;ICONIFS;2026-10-25T09:00;IFS;5.10;14.60;328.0;8.7;0.00;71.0;IFS
roche_de_glun;ICONIFS;2026-10-25T10:00;IFS;4.90;14.20;329.0;9.9;0.00;60.0;IFS
roche_de_glun;ICONIFS;2026-10-25T11:00;IFS;4.80;14.00;333.0;11.3;0.00;44.0;IFS
roche_de_glun;ICONIFS;2026-10-25T12:00;IFS;4.60;14.00;338.0;12.7;0.00;27.0;IFS
roche_de_glun;ICONIFS;2026-10-25T13:00;IFS;4.60;13.80;343.0;14.0;0.00;12.0;IFS
roche_de_glun;ICONIFS;2026-10-25T14:00;IFS;4.50;13.80;345.0;14.8;0.00;2.0;IFS
st_alban_du_rhone;ICONIFS;2026-10-10T00:00;ICONCH1;4.70;7.60;35.0;13.4;0.00;100.0;ICONCH1
st_alban_du_rhone;ICONIFS;2026-10-10T01:00;ICONCH1;3.90;8.00;27.0;13.3;0.00;100.0;ICONCH1
st_alban_du_rhone;ICONIFS;2026-10-10T02:00;ICONCH1;2.80;6.80;25.0;13.4;0.00;100.0;ICONCH1
st_alban_du_rhone;ICONIFS;2026-10-10T03:00;ICONCH1;0.40;4.70;243.0;13.4;0.10;100.0;ICONCH1
st_alban_du_rhone;ICONIFS;2026-10-10T04:00;ICONCH1;1.20;1.90;171.0;12.9;0.50;100.0;ICONCH1
st_alban_du_rhone;ICONIFS;2026-10-10T05:00;ICONCH1;1.00;2.90;180.0;12.6;0.30;97.0;ICONCH1
st_alban_du_rhone;ICONIFS;2026-10-10T06:00;ICONCH1;0.80;2.30;180.0;12.6;0.00;89.0;ICONCH1
st_alban_du_rhone;ICONIFS;2026-10-10T07:00;ICONCH1;1.10;1.90;225.0;12.4;0.00;100.0;ICONCH1
st_alban_du_rhone;ICONIFS;2026-10-10T08:00;ICONCH1;0.80;2.30;270.0;12.5;0.00;100.0;ICONCH1
st_alban_du_rhone;ICONIFS;2026-10-10T09:00;ICONCH1;1.40;2.30;82.0;12.5;0.00;94.0;ICONCH1
st_alban_du_rhone;ICONIFS;2026-10-10T10:00;ICONCH1;1.50;3.10;113.0;12.8;0.00;92.0;ICONCH1
st_alban_du_rhone;ICONIFS;2026-10-10T11:00;ICONCH1;1.40;2.90;82.0;13.7;0.00;80.0;ICONCH1
st_alban_du_rhone;ICONIFS;2026-10-10T12:00;ICONCH1;0.80;3.10;76.0;15.2;0.00;76.0;ICONCH1
st_alban_du_rhone;ICONIFS;2026-10-10T13:00;ICONCH1;1.20;2.70;39.0;16.5;0.00;99.0;ICONCH1
st_alban_du_rhone;ICONIFS;2026-10-10T14:00;ICONCH1;1.60;2.90;353.0;17.1;0.00;84.0;ICONCH1
st_alban_du_rhone;ICONIFS;2026-10-10T15:00;ICONCH1;2.00;4.30;6.0;17.7;0.00;75.0;ICONCH1
st_alban_du_rhone;ICONIFS;2026-10-10T16:00;ICONCH1;1.60;3.50;7.0;18.4;0.00;77.0;ICONCH1
st_alban_du_rhone;ICONIFS;2026-10-10T17:00;ICONCH1;2.10;3.70;34.0;19.0;0.00;77.0;ICONCH1
st_alban_du_rhone;ICONIFS;2026-10-10T18:00;ICONCH1;2.10;4.70;68.0;18.7;0.00;85.0;ICONCH1
st_alban_du_rhone;ICONIFS;2026-10-10T19:00;ICONCH1;1.40;3.70;8.0;17.9;0.00;76.0;ICONCH1
st_alban_du_rhone;ICONIFS;2026-10-10T20:00;ICONCH1;4.50;7.20;360.0;16.7;0.00;92.0;ICONCH1
st_alban_du_rhone;ICONIFS;2026-10-10T21:00;ICONCH1;4.90;8.00;34.0;15.8;0.00;81.0;ICONCH1
st_alban_du_rhone;ICONIFS;2026-10-10T22:00;ICONCH1;6.80;11.70;7.0;15.5;0.00;87.0;ICONCH1
st_alban_du_rhone;ICONIFS;2026-10-10T23:00;ICONCH1;7.60;15.00;341.0;14.5;0.00;45.0;ICONCH1
st_alban_du_rhone;ICONIFS;2026-10-11T00:00;ICONCH1;5.00;11.90;11.0;13.6;0.00;78.0;ICONCH1
st_alban_du_rhone;ICONIFS;2026-10-11T01:00;ICONCH1;4.80;8.20;12.0;12.4;0.00;26.0;ICONCH1
st_alban_du_rhone;ICONIFS;2026-10-11T02:00;ICONCH1;3.90;7.40;351.0;11.2;0.00;0.0;ICONCH1
st_alban_du_rhone;ICONIFS;2026-10-11T03:00;ICONCH1;4.00;6.20;23.0;11.2;0.00;71.0;ICONCH1
st_alban_du_rhone;ICONIFS;2026-10-11T04:00;ICONCH1;3.30;6.00;45.0;11.0;0.00;100.0;ICONCH1
st_alban_du_rhone;ICONIFS;2026-10-11T05:00;ICONCH1;2.70;5.60;82.0;10.4;0.00;100.0;ICONCH1
st_alban_du_rhone;ICONIFS;2026-10-11T06:00;ICONCH1;2.50;4.30;86.0;9.8;0.00;100.0;ICONCH1
st_alban_du_rhone;ICONIFS;2026-10-11T07:00;ICONCH1;1.40;3.70;82.0;9.6;0.00;100.0;ICONCH1
st_alban_du_rhone;ICONIFS;2026-10-11T08:00;ICONCH1;1.10;2.30;31.0;9.5;0.00;100.0;ICONCH1
st_alban_du_rhone;ICONIFS;2026-10-11T09:00;ICONCH1;1.50;2.70;23.0;10.3;0.00;100.0;ICONCH1
st_alban_du_rhone;ICONIFS;2026-10-11T10:00;ICONCH1;2.10;3.70;22.0;12.1;0.00;91.0;ICONCH1
st_alban_du_rhone;ICONIFS;2026-10-11T11:00;ICONCH1;3.50;6.20;6.0;14.8;0.00;100.0;ICONCH1
st_alban_du_rhone;ICONIFS;2026-10-11T12:00;ICONCH1;9.30;15.40;10.0;15.9;0.00;100.0;ICONCH1
st_alban_du_rhone;ICONIFS;2026-10-11T13:00;ICONCH1;9.60;15.70;18.0;16.5;0.00;100.0;ICONCH1
st_alban_du_rhone;ICONIFS;2026-10-11T14:00;ICONCH1;8.40;16.10;8.0;16.8;0.00;100.0;ICONCH1
st_alban_du_rhone;ICONIFS;2026-10-11T15:00;ICONCH1;9.00;15.40;19.0;17.1;0.00;100.0;ICONCH1
st_alban_du_rhone;ICONIFS;2026-10-11T16:00;ICONCH1;8.80;16.30;13.0;17.5;0.00;100.0;ICONCH1
st_alban_du_rhone;ICONIFS;2026-10-11T17:00;ICONCH1;8.50;14.80;17.0;17.4;0.00;100.0;ICONCH1
st_alban_du_rhone;ICONIFS;2026-10-11T18:00;ICONCH1;7.90;13.60;9.0;16.9;0.00;100.0;ICONCH1
st_alban_du_rhone;ICONIFS;2026-10-11T19:00;ICONCH1;4.70;12.20;2.0;15.7;0.00;99.0;ICONCH1
st_alban_du_rhone;ICONIFS;2026-10-11T20:00;ICONCH1;3.60;7.40;315.0;14.4;0.00;93.0;ICONCH1
st_alban_du_rhone;ICONIFS;2026-10-11T21:00;ICONCH1;2.70;6.00;315.0;13.5;0.00;73.0;ICONCH1
st_alban_du_rhone;ICONIFS;2026-10-11T22:00;ICONCH1;3.30;5.40;310.0;12.5;0.00;63.0;ICONCH1
st_alban_du_rhone;ICONIFS;2026-10-11T23:00;ICONCH1;1.40;5.40;326.0;12.0;0.00;42.0;ICONCH1
st_alban_du_rhone;ICONIFS;2026-10-12T00:00;ICONCH1;2.40;3.50;9.0;10.6;0.00;28.0;ICONCH1
st_alban_du_rhone;ICONIFS;2026-10-12T01:00;ICONCH1;2.60;3.90;351.0;10.4;0.00;0.0;ICONCH1
st_alban_du_rhone;ICONIFS;2026-10-12T02:00;ICONCH1;1.90;3.90;360.0;10.3;0.00;0.0;ICONCH1
st_alban_du_rhone;ICONIFS;2026-10-12T03:00;ICONCH1;1.20;3.30;18.0;10.2;0.00;0.0;ICONCH1
st_alban_du_rhone;ICONIFS;2026-10-12T04:00;ICONCH1;1.20;1.70;51.0;9.6;0.00;0.0;ICONCH1
st_alban_du_rhone;ICONIFS;2026-10-12T05:00;ICONCH1;1.00;1.70;360.0;9.3;0.00;0.0;ICONCH1
st_alban_du_rhone;ICONIFS;2026-10-12T06:00;ICONCH2;1.60;2.10;30.0;8.8;0.00;0.0;ICONCH2
st_alban_du_rhone;ICONIFS;2026-10-12T07:00;ICONCH2;1.70;2.30;36.0;8.7;0.00;0.0;ICONCH2
st_alban_du_rhone;ICONIFS;2026-10-12T08:00;ICONCH2;1.50;2.50;50.0;8.7;0.00;0.0;ICONCH2
st_alban_du_rhone;ICONIFS;2026-10-12T09:00;ICONCH2;1.50;2.30;40.0;9.5;0.00;0.0;ICONCH2
st_alban_du_rhone;ICONIFS;2026-10-12T10:00;ICONCH2;2.80;4.70;51.0;12.0;0.00;0.0;ICONCH2
st_alban_du_rhone;ICONIFS;2026-10-12T11:00;ICONCH2;6.50;10.90;46.0;14.6;0.00;0.0;ICONCH2
st_alban_du_rhone;ICONIFS;2026-10-12T12:00;ICONCH2;8.70;14.80;21.0;16.5;0.00;0.0;ICONCH2
st_alban_du_rhone;ICONIFS;2026-10-12T13:00;ICONCH2;10.00;16.90;15.0;17.3;0.00;0.0;ICONCH2
st_alban_du_rhone;ICONIFS;2026-10-12T14:00;ICONCH2;9.60;17.10;7.0;18.1;0.00;0.0;ICONCH2
st_alban_du_rhone;ICONIFS;2026-10-12T15:00;ICONCH2;9.20;15.90;4.0;18.8;0.00;0.0;ICONCH2
st_alban_du_rhone;ICONIFS;2026-10-12T16:00;ICONCH2;9.20;15.40;8.0;19.0;0.00;0.0;ICONCH2
st_alban_du_rhone;ICONIFS;2026-10-12T17:00;ICONCH2;8.80;15.40;8.0;18.8;0.00;0.0;ICONCH2
st_alban_du_rhone;ICONIFS;2026-10-12T18:00;ICONCH2;6.10;14.40;6.0;17.9;0.00;0.0;ICONCH2
st_alban_du_rhone;ICONIFS;2026-10-12T19:00;ICONCH2;4.40;9.90;322.0;15.8;0.00;14.0;ICONCH2
st_alban_du_rhone;ICONIFS;2026-10-12T20:00;ICONCH2;4.10;7.20;311.0;13.9;0.00;66.0;ICONCH2
st_alban_du_rhone;ICONIFS;2026-10-12T21:00;ICONCH2;3.30;6.60;324.0;13.3;0.00;61.0;ICONCH2
st_alban_du_rhone;ICONIFS;2026-10-12T22:00;ICONCH2;2.70;5.20;315.0;12.7;0.00;51.0;ICONCH2
st_alban_du_rhone;ICONIFS;2026-10-12T23:00;ICONCH2;2.50;4.30;309.0;12.0;0.00;0.0;ICONCH2
st_alban_du_rhone;ICONIFS;2026-10-13T00:00;ICONCH2;1.90;3.70;307.0;11.3;0.00;0.0;ICONCH2
st_alban_du_rhone;ICONIFS;2026-10-13T01:00;ICONCH2;1.40;2.90;315.0;11.0;0.00;0.0;ICONCH2
st_alban_du_rhone;ICONIFS;2026-10-13T02:00;ICONCH2;0.80;1.70;284.0;11.1;0.00;0.0;ICONCH2
st_alban_du_rhone;ICONIFS;2026-10-13T03:00;ICONCH2;0.90;1.00;243.0;11.1;0.00;0.0;ICONCH2
st_alban_du_rhone;ICONIFS;2026-10-13T04:00;ICONCH2;0.60;1.00;252.0;10.5;0.00;0.0;ICONCH2
st_alban_du_rhone;ICONIFS;2026-10-13T05:00;ICONCH2;0.50;0.80;225.0;10.1;0.00;0.0;ICONCH2
st_alban_du_rhone;ICONIFS;2026-10-13T06:00;ICONCH2;0.30;0.60;135.0;9.6;0.00;0.0;ICONCH2
st_alban_du_rhone;ICONIFS;2026-10-13T07:00;ICONCH2;0.00;0.20;270.0;9.3;0.00;0.0;ICONCH2
st_alban_du_rhone;ICONIFS;2026-10-13T08:00;ICONCH2;0.30;0.40;135.0;9.1;0.00;0.0;ICONCH2
st_alban_du_rhone;ICONIFS;2026-10-13T09:00;ICONCH2;0.60;0.60;162.0;9.7;0.00;0.0;ICONCH2
st_alban_du_rhone;ICONIFS;2026-10-13T10:00;ICONCH2;1.10;2.50;135.0;10.9;0.00;0.0;ICONCH2
st_alban_du_rhone;ICONIFS;2026-10-13T11:00;ICONCH2;0.90;2.50;117.0;13.1;0.00;0.0;ICONCH2
st_alban_du_rhone;ICONIFS;2026-10-13T12:00;ICONCH2;0.60;2.50;72.0;15.7;0.00;0.0;ICONCH2
st_alban_du_rhone;ICONIFS;2026-10-13T13:00;ICONCH2;1.40;3.50;45.0;17.8;0.00;16.0;ICONCH2
st_alban_du_rhone;ICONIFS;2026-10-13T14:00;ICONCH2;2.30;4.70;42.0;19.3;0.00;72.0;ICONCH2
st_alban_du_rhone;ICONIFS;2026-10-13T15:00;ICONCH2;3.30;6.00;36.0;20.4;0.00;31.0;ICONCH2
st_alban_du_rhone;ICONIFS;2026-10-13T16:00;ICONCH2;4.20;7.20;34.0;20.9;0.00;100.0;ICONCH2
st_alban_du_rhone;ICONIFS;2026-10-13T17:00;ICONCH2;4.60;7.80;33.0;20.7;0.00;100.0;ICONCH2
st_alban_du_rhone;ICONIFS;2026-10-13T18:00;ICONCH2;3.70;7.80;32.0;19.7;0.00;100.0;ICONCH2
st_alban_du_rhone;ICONIFS;2026-10-13T19:00;ICONCH2;2.50;5.80;342.0;17.7;0.00;100.0;ICONCH2
st_alban_du_rhone;ICONIFS;2026-10-13T20:00;ICONCH2;2.90;4.90;290.0;15.4;0.00;100.0;ICONCH2
st_alban_du_rhone;ICONIFS;2026-10-13T21:00;ICONCH2;2.30;4.70;294.0;14.7;0.00;100.0;ICONCH2
st_alban_du_rhone;ICONIFS;2026-10-13T22:00;ICONCH2;2.20;3.70;315.0;14.2;0.00;100.0;ICONCH2
st_alban_du_rhone;ICONIFS;2026-10-13T23:00;ICONCH2;1.70;3.30;333.0;13.9;0.00;100.0;ICONCH2
st_alban_du_rhone;ICONIFS;2026-10-14T00:00;ICONCH2;1.20;2.70;360.0;14.2;0.00;100.0;ICONCH2
st_alban_du_rhone;ICONIFS;2026-10-14T01:00;ICONCH2;1.00;1.40;53.0;14.2;0.00;100.0;ICONCH2
st_alban_du_rhone;ICONIFS;2026-10-14T02:00;ICONCH2;1.00;1.40;68.0;14.2;0.00;100.0;ICONCH2
st_alban_du_rhone;ICONIFS;2026-10-14T03:00;ICONCH2;1.10;1.60;45.0;13.8;0.00;100.0;ICONCH2
st_alban_du_rhone;ICONIFS;2026-10-14T04:00;ICONCH2;0.90;1.60;117.0;13.9;0.00;100.0;ICONCH2
st_alban_du_rhone;ICONIFS;2026-10-14T05:00;ICONCH2;2.10;3.10;158.0;12.6;0.00;100.0;ICONCH2
st_alban_du_rhone;ICONIFS;2026-10-14T06:00;ICONCH2;1.40;3.10;180.0;12.7;0.00;100.0;ICONCH2
st_alban_du_rhone;ICONIFS;2026-10-14T07:00;ICONCH2;0.70;1.70;124.0;13.2;0.00;100.0;ICONCH2
st_alban_du_rhone;ICONIFS;2026-10-14T08:00;ICONCH2;1.30;1.60;63.0;13.3;0.00;100.0;ICONCH2
st_alban_du_rhone;ICONIFS;2026-10-14T09:00;ICONCH2;1.40;1.90;82.0;13.5;0.00;99.0;ICONCH2
st_alban_du_rhone;ICONIFS;2026-10-14T10:00;ICONCH2;2.80;4.70;129.0;15.2;0.00;58.0;ICONCH2
st_alban_du_rhone;ICONIFS;2026-10-14T11:00;ICONCH2;1.70;5.10;21.0;17.4;0.00;62.0;ICONCH2
st_alban_du_rhone;ICONIFS;2026-10-14T12:00;ICONCH2;8.60;14.80;4.0;21.1;0.00;42.0;ICONCH2
st_alban_du_rhone;ICONIFS;2026-10-14T13:00;ICONCH2;8.40;14.60;4.0;22.2;0.00;10.0;ICONCH2
st_alban_du_rhone;ICONIFS;2026-10-14T14:00;ICONCH2;8.50;14.40;17.0;22.9;0.00;0.0;ICONCH2
st_alban_du_rhone;ICONIFS;2026-10-14T15:00;ICON13KM;7.90;15.20;11.0;22.6;0.00;45.0;ICON13KM
st_alban_du_rhone;ICONIFS;2026-10-14T16:00;ICON13KM;7.50;15.00;17.0;22.7;0.00;30.0;ICON13KM
st_alban_du_rhone;ICONIFS;2026-10-14T17:00;ICON13KM;6.80;13.80;20.0;22.3;0.00;16.0;ICON13KM
st_alban_du_rhone;ICONIFS;2026-10-14T18:00;ICON13KM;5.30;10.90;17.0;20.8;0.00;22.0;ICON13KM
st_alban_du_rhone;ICONIFS;2026-10-14T19:00;ICON13KM;3.30;7.00;3.0;18.7;0.00;28.0;ICON13KM
st_alban_du_rhone;ICONIFS;2026-10-14T20:00;ICON13KM;2.20;4.10;333.0;16.8;0.00;34.0;ICON13KM
st_alban_du_rhone;ICONIFS;2026-10-14T21:00;ICON13KM;2.10;3.30;311.0;15.3;0.00;39.0;ICON13KM
st_alban_du_rhone;ICONIFS;2026-10-14T22:00;ICON13KM;2.10;3.50;304.0;13.9;0.00;45.0;ICON13KM
st_alban_du_rhone;ICONIFS;2026-10-14T23:00;ICON13KM;2.10;3.70;304.0;12.8;0.00;50.0;ICON13KM
st_alban_du_rhone;ICONIFS;2026-10-15T00:00;ICON13KM;2.10;3.50;304.0;12.0;0.00;55.0;ICON13KM
st_alban_du_rhone;ICONIFS;2026-10-15T01:00;ICON13KM;1.90;3.30;307.0;11.5;0.00;60.0;ICON13KM
st_alban_du_rhone;ICONIFS;2026-10-15T02:00;ICON13KM;1.80;3.10;311.0;11.2;0.00;65.0;ICON13KM
st_alban_du_rhone;ICONIFS;2026-10-15T03:00;ICON13KM;1.50;2.70;310.0;11.0;0.00;67.0;ICON13KM
st_alban_du_rhone;ICONIFS;2026-10-15T04:00;ICON13KM;1.20;1.90;309.0;11.0;0.00;68.0;ICON13KM
st_alban_du_rhone;ICONIFS;2026-10-15T05:00;ICON13KM;1.00;1.60;307.0;10.9;0.00;70.0;ICON13KM
st_alban_du_rhone;ICONIFS;2026-10-15T06:00;ICON13KM;0.90;1.20;297.0;10.5;0.00;80.0;ICON13KM
st_alban_du_rhone;ICONIFS;2026-10-15T07:00;ICON13KM;0.90;0.80;297.0;10.0;0.00;90.0;ICON13KM
st_alban_du_rhone;ICONIFS;2026-10-15T08:00;ICON13KM;0.60;1.00;288.0;10.1;0.00;100.0;ICON13KM
st_alban_du_rhone;ICONIFS;2026-10-15T09:00;ICON13KM;0.30;1.70;225.0;11.0;0.00;96.0;ICON13KM
st_alban_du_rhone;ICONIFS;2026-10-15T10:00;ICON13KM;0.90;2.90;153.0;12.5;0.00;91.0;ICON13KM
st_alban_du_rhone;ICONIFS;2026-10-15T11:00;ICON13KM;1.60;4.10;150.0;14.3;0.00;87.0;ICON13KM
st_alban_du_rhone;ICONIFS;2026-10-15T12:00;ICON13KM;2.30;5.20;156.0;16.5;0.00;62.0;ICON13KM
st_alban_du_rhone;ICONIFS;2026-10-15T13:00;ICON13KM;3.10;6.60;158.0;19.0;0.00;36.0;ICON13KM
st_alban_du_rhone;ICONIFS;2026-10-15T14:00;ICON13KM;3.90;7.80;160.0;20.9;0.00;11.0;ICON13KM
st_alban_du_rhone;ICONIFS;2026-10-15T15:00;ICON13KM;4.70;8.90;163.0;22.1;0.00;10.0;ICON13KM
st_alban_du_rhone;ICONIFS;2026-10-15T16:00;ICON13KM;5.40;10.10;165.0;22.8;0.00;8.0;ICON13KM
st_alban_du_rhone;ICONIFS;2026-10-15T17:00;ICON13KM;5.40;10.30;165.0;22.7;0.00;7.0;ICON13KM
st_alban_du_rhone;ICONIFS;2026-10-15T18:00;ICON13KM;4.20;8.90;164.0;21.4;0.00;7.0;ICON13KM
st_alban_du_rhone;ICONIFS;2026-10-15T19:00;ICON13KM;2.70;6.60;159.0;19.3;0.00;8.0;ICON13KM
st_alban_du_rhone;ICONIFS;2026-10-15T20:00;ICON13KM;1.40;4.70;146.0;17.6;0.00;8.0;ICON13KM
st_alban_du_rhone;ICONIFS;2026-10-15T21:00;ICON13KM;0.90;3.30;153.0;16.6;0.00;19.0;ICON13KM
st_alban_du_rhone;ICONIFS;2026-10-15T22:00;ICON13KM;0.80;2.30;194.0;15.9;0.00;29.0;ICON13KM
st_alban_du_rhone;ICONIFS;2026-10-15T23:00;ICON13KM;1.00;1.60;217.0;15.1;0.00;40.0;ICON13KM
st_alban_du_rhone;ICONIFS;2026-10-16T00:00;ICON13KM;0.80;1.40;225.0;14.2;0.00;44.0;ICON13KM
st_alban_du_rhone;ICONIFS;2026-10-16T01:00;ICON13KM;0.70;1.40;236.0;13.2;0.00;47.0;ICON13KM
st_alban_du_rhone;ICONIFS;2026-10-16T02:00;ICON13KM;0.60;1.40;252.0;12.4;0.00;51.0;ICON13KM
st_alban_du_rhone;ICONIFS;2026-10-16T03:00;ICON13KM;0.80;1.40;270.0;12.0;0.00;59.0;ICON13KM
st_alban_du_rhone;ICONIFS;2026-10-16T04:00;ICON13KM;1.00;1.40;270.0;11.7;0.00;66.0;ICON13KM
st_alban_du_rhone;ICONIFS;2026-10-16T05:00;ICON13KM;1.00;1.40;281.0;11.5;0.00;74.0;ICON13KM
st_alban_du_rhone;ICONIFS;2026-10-16T06:00;ICON13KM;1.10;1.40;301.0;11.3;0.00;81.0;ICON13KM
st_alban_du_rhone;ICONIFS;2026-10-16T07:00;ICON13KM;1.10;1.20;315.0;11.1;0.00;87.0;ICON13KM
st_alban_du_rhone;ICONIFS;2026-10-16T08:00;ICON13KM;1.00;1.40;338.0;11.4;0.00;94.0;ICON13KM
st_alban_du_rhone;ICONIFS;2026-10-16T09:00;ICON13KM;0.60;2.10;18.0;12.4;0.00;82.0;ICON13KM
st_alban_du_rhone;ICONIFS;2026-10-16T10:00;ICON13KM;1.00;3.10;101.0;13.9;0.00;71.0;ICON13KM
st_alban_du_rhone;ICONIFS;2026-10-16T11:00;ICON13KM;1.70;3.90;111.0;15.6;0.00;59.0;ICON13KM
st_alban_du_rhone;ICONIFS;2026-10-16T12:00;ICON13KM;1.80;4.10;96.0;17.5;0.00;40.0;ICON13KM
st_alban_du_rhone;ICONIFS;2026-10-16T13:00;ICON13KM;1.60;4.30;76.0;19.5;0.00;22.0;ICON13KM
st_alban_du_rhone;ICONIFS;2026-10-16T14:00;ICON13KM;1.90;4.70;53.0;21.0;0.00;3.0;ICON13KM
st_alban_du_rhone;ICONIFS;2026-10-16T15:00;ICON13KM;2.80;5.80;39.0;21.8;0.00;3.0;ICON13KM
st_alban_du_rhone;ICONIFS;2026-10-16T16:00;ICON13KM;3.80;7.60;30.0;22.0;0.00;3.0;ICON13KM
st_alban_du_rhone;ICONIFS;2026-10-16T17:00;ICON13KM;4.30;8.20;27.0;21.5;0.00;3.0;ICON13KM
st_alban_du_rhone;ICONIFS;2026-10-16T18:00;ICON13KM;3.80;7.00;21.0;20.1;0.00;2.0;ICON13KM
st_alban_du_rhone;ICONIFS;2026-10-16T19:00;ICON13KM;2.70;5.10;8.0;18.0;0.00;1.0;ICON13KM
st_alban_du_rhone;ICONIFS;2026-10-16T20:00;ICON13KM;2.20;3.70;350.0;16.2;0.00;0.0;ICON13KM
st_alban_du_rhone;ICONIFS;2026-10-16T21:00;ICON13KM;2.30;3.50;340.0;14.9;0.00;21.0;ICON13KM
st_alban_du_rhone;ICONIFS;2026-10-16T22:00;ICON13KM;2.30;4.10;340.0;14.0;0.00;41.0;ICON13KM
st_alban_du_rhone;ICONIFS;2026-10-16T23:00;ICON13KM;2.50;4.50;342.0;13.2;0.00;62.0;ICON13KM
st_alban_du_rhone;ICONIFS;2026-10-17T00:00;ICON13KM;2.50;4.50;342.0;12.6;0.00;74.0;ICON13KM
st_alban_du_rhone;ICONIFS;2026-10-17T01:00;ICON13KM;2.40;4.50;346.0;12.2;0.00;86.0;ICON13KM
st_alban_du_rhone;ICONIFS;2026-10-17T02:00;ICON13KM;2.40;4.50;346.0;12.0;0.00;98.0;ICON13KM
st_alban_du_rhone;ICONIFS;2026-10-17T03:00;ICON13KM;2.40;4.50;346.0;11.9;0.00;89.0;ICON13KM
st_alban_du_rhone;ICONIFS;2026-10-17T04:00;ICON13KM;2.60;4.70;347.0;12.0;0.00;79.0;ICON13KM
st_alban_du_rhone;ICONIFS;2026-10-17T05:00;ICON13KM;2.60;4.70;343.0;12.1;0.00;70.0;ICON13KM
st_alban_du_rhone;ICONIFS;2026-10-17T06:00;ICON13KM;2.60;4.70;333.0;12.3;0.00;74.0;ICON13KM
st_alban_du_rhone;ICONIFS;2026-10-17T07:00;ICON13KM;2.80;4.70;321.0;12.7;0.00;77.0;ICON13KM
st_alban_du_rhone;ICONIFS;2026-10-17T08:00;ICON13KM;2.80;4.90;321.0;13.2;0.00;81.0;ICON13KM
st_alban_du_rhone;ICONIFS;2026-10-17T09:00;ICON13KM;2.60;5.10;333.0;14.2;0.00;83.0;ICON13KM
st_alban_du_rhone;ICONIFS;2026-10-17T10:00;ICON13KM;2.50;5.20;356.0;15.3;0.00;86.0;ICON13KM
st_alban_du_rhone;ICONIFS;2026-10-17T11:00;ICON13KM;3.00;5.80;15.0;16.4;0.00;88.0;ICON13KM
st_alban_du_rhone;ICONIFS;2026-10-17T12:00;ICON13KM;3.90;7.20;20.0;17.3;0.00;76.0;ICON13KM
st_alban_du_rhone;ICONIFS;2026-10-17T13:00;ICON13KM;4.80;8.90;21.0;18.1;0.00;63.0;ICON13KM
st_alban_du_rhone;ICONIFS;2026-10-17T14:00;ICON13KM;5.50;10.30;23.0;18.7;0.00;51.0;ICON13KM
st_alban_du_rhone;ICONIFS;2026-10-17T15:00;ICON13KM;5.80;11.30;26.0;19.2;0.00;67.0;ICON13KM
st_alban_du_rhone;ICONIFS;2026-10-17T16:00;ICON13KM;6.10;11.70;27.0;19.5;0.00;82.0;ICON13KM
st_alban_du_rhone;ICONIFS;2026-10-17T17:00;ICON13KM;5.70;11.30;27.0;19.2;0.00;98.0;ICON13KM
st_alban_du_rhone;ICONIFS;2026-10-17T18:00;ICON13KM;4.60;9.30;20.0;18.0;0.00;99.0;ICON13KM
st_alban_du_rhone;ICONIFS;2026-10-17T19:00;ICON13KM;3.10;6.40;4.0;16.2;0.00;99.0;ICON13KM
st_alban_du_rhone;ICONIFS;2026-10-17T20:00;ICON13KM;2.30;4.30;340.0;14.6;0.00;100.0;ICON13KM
st_alban_du_rhone;ICONIFS;2026-10-17T21:00;ICON13KM;2.10;3.50;319.0;13.2;0.00;100.0;ICON13KM
st_alban_du_rhone;ICONIFS;2026-10-17T22:00;ICON13KM;2.10;3.50;311.0;12.0;0.00;100.0;ICON13KM
st_alban_du_rhone;ICONIFS;2026-10-17T23:00;ICON13KM;2.10;3.50;304.0;11.0;0.00;100.0;ICON13KM
st_alban_du_rhone;ICONIFS;2026-10-18T00:00;ICON13KM;1.90;3.30;307.0;10.4;0.00;93.0;ICON13KM
st_alban_du_rhone;ICONIFS;2026-10-18T01:00;ICON13KM;1.80;3.10;311.0;10.0;0.00;86.0;ICON13KM
st_alban_du_rhone;ICONIFS;2026-10-18T02:00;ICON13KM;1.60;2.90;315.0;9.7;0.00;79.0;ICON13KM
st_cyr_sur_le_rhone;ICONIFS;2026-10-10T00:00;ICONCH1;2.60;5.10;54.0;12.4;0.00;100.0;ICONCH1
st_cyr_sur_le_rhone;ICONIFS;2026-10-10T01:00;ICONCH1;2.20;4.90;45.0;12.4;0.00;100.0;ICONCH1
st_cyr_sur_le_rhone;ICONIFS;2026-10-10T02:00;ICONCH1;2.30;4.30;42.0;12.4;0.00;100.0;ICONCH1
st_cyr_sur_le_rhone;ICONIFS;2026-10-10T03:00;ICONCH1;2.80;4.70;39.0;12.4;0.00;100.0;ICONCH1
st_cyr_sur_le_rhone;ICONIFS;2026-10-10T04:00;ICONCH1;2.50;4.70;51.0;12.1;0.50;100.0;ICONCH1
st_cyr_sur_le_rhone;ICONIFS;2026-10-10T05:00;ICONCH1;2.60;4.50;54.0;11.8;0.50;100.0;ICONCH1
st_cyr_sur_le_rhone;ICONIFS;2026-10-10T06:00;ICONCH1;2.60;5.40;54.0;11.7;0.00;91.0;ICONCH1
st_cyr_sur_le_rhone;ICONIFS;2026-10-10T07:00;ICONCH1;1.80;4.30;58.0;11.5;0.00;100.0;ICONCH1
st_cyr_sur_le_rhone;ICONIFS;2026-10-10T08:00;ICONCH1;0.70;3.10;34.0;11.7;0.10;100.0;ICONCH1
st_cyr_sur_le_rhone;ICONIFS;2026-10-10T09:00;ICONCH1;2.40;3.70;215.0;12.1;0.00;100.0;ICONCH1
st_cyr_sur_le_rhone;ICONIFS;2026-10-10T10:00;ICONCH1;2.40;4.10;209.0;12.5;0.00;99.0;ICONCH1
st_cyr_sur_le_rhone;ICONIFS;2026-10-10T11:00;ICONCH1;3.00;5.10;212.0;13.3;0.00;73.0;ICONCH1
st_cyr_sur_le_rhone;ICONIFS;2026-10-10T12:00;ICONCH1;2.20;4.90;232.0;15.4;0.00;84.0;ICONCH1
st_cyr_sur_le_rhone;ICONIFS;2026-10-10T13:00;ICONCH1;0.80;4.30;180.0;16.3;0.00;89.0;ICONCH1
st_cyr_sur_le_rhone;ICONIFS;2026-10-10T14:00;ICONCH1;3.10;5.20;97.0;17.4;0.00;100.0;ICONCH1
st_cyr_sur_le_rhone;ICONIFS;2026-10-10T15:00;ICONCH1;4.00;6.60;79.0;17.6;0.00;56.0;ICONCH1
st_cyr_sur_le_rhone;ICONIFS;2026-10-10T16:00;ICONCH1;4.30;8.20;85.0;18.0;0.00;96.0;ICONCH1
st_cyr_sur_le_rhone;ICONIFS;2026-10-10T17:00;ICONCH1;4.70;8.40;92.0;18.2;0.00;49.0;ICONCH1
st_cyr_sur_le_rhone;ICONIFS;2026-10-10T18:00;ICONCH1;4.70;8.90;90.0;17.7;0.00;60.0;ICONCH1
st_cyr_sur_le_rhone;ICONIFS;2026-10-10T19:00;ICONCH1;2.20;7.40;75.0;16.7;0.00;100.0;ICONCH1
st_cyr_sur_le_rhone;ICONIFS;2026-10-10T20:00;ICONCH1;5.80;9.70;358.0;15.4;0.00;74.0;ICONCH1
st_cyr_sur_le_rhone;ICONIFS;2026-10-10T21:00;ICONCH1;4.30;10.70;3.0;14.4;0.00;83.0;ICONCH1
st_cyr_sur_le_rhone;ICONIFS;2026-10-10T22:00;ICONCH1;3.30;7.80;3.0;13.9;0.00;95.0;ICONCH1
st_cyr_sur_le_rhone;ICONIFS;2026-10-10T23:00;ICONCH1;3.40;6.00;10.0;13.4;0.00;75.0;ICONCH1
st_cyr_sur_le_rhone;ICONIFS;2026-10-11T00:00;ICONCH1;3.70;7.00;3.0;12.7;0.00;76.0;ICONCH1
st_cyr_sur_le_rhone;ICONIFS;2026-10-11T01:00;ICONCH1;2.10;6.40;34.0;11.9;0.00;7.0;ICONCH1
st_cyr_sur_le_rhone;ICONIFS;2026-10-11T02:00;ICONCH1;3.10;6.20;360.0;11.2;0.00;0.0;ICONCH1
st_cyr_sur_le_rhone;ICONIFS;2026-10-11T03:00;ICONCH1;1.90;5.40;24.0;10.5;0.00;65.0;ICONCH1
st_cyr_sur_le_rhone;ICONIFS;2026-10-11T04:00;ICONCH1;2.60;4.70;36.0;9.9;0.00;100.0;ICONCH1
st_cyr_sur_le_rhone;ICONIFS;2026-10-11T05:00;ICONCH1;2.90;5.10;53.0;9.4;0.00;100.0;ICONCH1
st_cyr_sur_le_rhone;ICONIFS;2026-10-11T06:00;ICONCH1;3.20;5.40;52.0;8.9;0.00;57.0;ICONCH1
st_cyr_sur_le_rhone;ICONIFS;2026-10-11T07:00;ICONCH1;3.20;5.40;57.0;8.6;0.00;63.0;ICONCH1
st_cyr_sur_le_rhone;ICONIFS;2026-10-11T08:00;ICONCH1;3.60;6.00;54.0;8.3;0.00;100.0;ICONCH1
st_cyr_sur_le_rhone;ICONIFS;2026-10-11T09:00;ICONCH1;3.70;6.40;51.0;8.9;0.00;86.0;ICONCH1
st_cyr_sur_le_rhone;ICONIFS;2026-10-11T10:00;ICONCH1;4.30;7.80;27.0;10.8;0.00;80.0;ICONCH1
st_cyr_sur_le_rhone;ICONIFS;2026-10-11T11:00;ICONCH1;4.30;8.20;10.0;12.7;0.00;98.0;ICONCH1
st_cyr_sur_le_rhone;ICONIFS;2026-10-11T12:00;ICONCH1;6.10;10.30;22.0;14.3;0.00;100.0;ICONCH1
st_cyr_sur_le_rhone;ICONIFS;2026-10-11T13:00;ICONCH1;7.00;11.90;19.0;15.4;0.00;100.0;ICONCH1
st_cyr_sur_le_rhone;ICONIFS;2026-10-11T14:00;ICONCH1;7.30;12.20;20.0;16.2;0.00;100.0;ICONCH1
st_cyr_sur_le_rhone;ICONIFS;2026-10-11T15:00;ICONCH1;7.00;12.40;24.0;16.7;0.00;100.0;ICONCH1
st_cyr_sur_le_rhone;ICONIFS;2026-10-11T16:00;ICONCH1;7.70;12.40;27.0;16.8;0.00;100.0;ICONCH1
st_cyr_sur_le_rhone;ICONIFS;2026-10-11T17:00;ICONCH1;7.30;13.20;20.0;16.7;0.00;100.0;ICONCH1
st_cyr_sur_le_rhone;ICONIFS;2026-10-11T18:00;ICONCH1;6.80;11.70;31.0;16.0;0.00;100.0;ICONCH1
st_cyr_sur_le_rhone;ICONIFS;2026-10-11T19:00;ICONCH1;5.10;11.50;32.0;14.8;0.00;99.0;ICONCH1
st_cyr_sur_le_rhone;ICONIFS;2026-10-11T20:00;ICONCH1;4.30;8.20;24.0;13.4;0.00;81.0;ICONCH1
st_cyr_sur_le_rhone;ICONIFS;2026-10-11T21:00;ICONCH1;2.60;7.40;9.0;12.3;0.00;83.0;ICONCH1
st_cyr_sur_le_rhone;ICONIFS;2026-10-11T22:00;ICONCH1;2.90;5.40;8.0;11.7;0.00;44.0;ICONCH1
st_cyr_sur_le_rhone;ICONIFS;2026-10-11T23:00;ICONCH1;3.00;5.20;15.0;10.9;0.00;38.0;ICONCH1
st_cyr_sur_le_rhone;ICONIFS;2026-10-12T00:00;ICONCH1;3.40;6.00;24.0;10.3;0.00;28.0;ICONCH1
st_cyr_sur_le_rhone;ICONIFS;2026-10-12T01:00;ICONCH1;3.30;5.80;17.0;10.0;0.00;28.0;ICONCH1
st_cyr_sur_le_rhone;ICONIFS;2026-10-12T02:00;ICONCH1;3.80;6.20;35.0;9.5;0.00;0.0;ICONCH1
st_cyr_sur_le_rhone;ICONIFS;2026-10-12T03:00;ICONCH1;3.70;6.40;25.0;9.1;0.00;0.0;ICONCH1
st_cyr_sur_le_rhone;ICONIFS;2026-10-12T04:00;ICONCH1;4.30;7.40;43.0;8.7;0.00;0.0;ICONCH1
st_cyr_sur_le_rhone;ICONIFS;2026-10-12T05:00;ICONCH1;4.10;7.60;31.0;8.4;0.00;0.0;ICONCH1
st_cyr_sur_le_rhone;ICONIFS;2026-10-12T06:00;ICONCH2;3.00;5.80;45.0;8.6;0.00;0.0;ICONCH2
st_cyr_sur_le_rhone;ICONIFS;2026-10-12T07:00;ICONCH2;3.60;6.40;49.0;8.2;0.00;0.0;ICONCH2
st_cyr_sur_le_rhone;ICONIFS;2026-10-12T08:00;ICONCH2;3.90;6.80;57.0;7.8;0.00;0.0;ICONCH2
st_cyr_sur_le_rhone;ICONIFS;2026-10-12T09:00;ICONCH2;4.20;7.20;53.0;8.5;0.00;0.0;ICONCH2
st_cyr_sur_le_rhone;ICONIFS;2026-10-12T10:00;ICONCH2;4.80;8.60;43.0;10.6;0.00;0.0;ICONCH2
st_cyr_sur_le_rhone;ICONIFS;2026-10-12T11:00;ICONCH2;6.10;10.90;27.0;12.4;0.00;0.0;ICONCH2
st_cyr_sur_le_rhone;ICONIFS;2026-10-12T12:00;ICONCH2;7.50;13.20;9.0;14.3;0.00;0.0;ICONCH2
st_cyr_sur_le_rhone;ICONIFS;2026-10-12T13:00;ICONCH2;8.80;15.40;5.0;15.7;0.00;0.0;ICONCH2
st_cyr_sur_le_rhone;ICONIFS;2026-10-12T14:00;ICONCH2;8.90;15.70;1.0;16.8;0.00;0.0;ICONCH2
st_cyr_sur_le_rhone;ICONIFS;2026-10-12T15:00;ICONCH2;8.40;15.60;3.0;17.6;0.00;0.0;ICONCH2
st_cyr_sur_le_rhone;ICONIFS;2026-10-12T16:00;ICONCH2;8.40;14.80;4.0;17.9;0.00;0.0;ICONCH2
st_cyr_sur_le_rhone;ICONIFS;2026-10-12T17:00;ICONCH2;7.80;14.40;4.0;17.8;0.00;0.0;ICONCH2
st_cyr_sur_le_rhone;ICONIFS;2026-10-12T18:00;ICONCH2;5.50;13.20;8.0;17.1;0.00;0.0;ICONCH2
st_cyr_sur_le_rhone;ICONIFS;2026-10-12T19:00;ICONCH2;3.00;8.90;11.0;15.2;0.00;4.0;ICONCH2
st_cyr_sur_le_rhone;ICONIFS;2026-10-12T20:00;ICONCH2;2.60;5.20;27.0;13.4;0.00;70.0;ICONCH2
st_cyr_sur_le_rhone;ICONIFS;2026-10-12T21:00;ICONCH2;2.30;4.70;31.0;12.3;0.00;68.0;ICONCH2
st_cyr_sur_le_rhone;ICONIFS;2026-10-12T22:00;ICONCH2;1.90;4.30;37.0;11.8;0.00;66.0;ICONCH2
st_cyr_sur_le_rhone;ICONIFS;2026-10-12T23:00;ICONCH2;1.50;3.50;50.0;11.6;0.00;17.0;ICONCH2
st_cyr_sur_le_rhone;ICONIFS;2026-10-13T00:00;ICONCH2;1.90;3.30;53.0;11.1;0.00;0.0;ICONCH2
st_cyr_sur_le_rhone;ICONIFS;2026-10-13T01:00;ICONCH2;2.70;4.70;69.0;10.3;0.00;0.0;ICONCH2
st_cyr_sur_le_rhone;ICONIFS;2026-10-13T02:00;ICONCH2;3.00;5.20;63.0;9.7;0.00;0.0;ICONCH2
st_cyr_sur_le_rhone;ICONIFS;2026-10-13T03:00;ICONCH2;3.60;6.00;61.0;9.4;0.00;0.0;ICONCH2
st_cyr_sur_le_rhone;ICONIFS;2026-10-13T04:00;ICONCH2;3.60;6.20;61.0;9.1;0.00;0.0;ICONCH2
st_cyr_sur_le_rhone;ICONIFS;2026-10-13T05:00;ICONCH2;3.40;6.20;59.0;8.9;0.00;0.0;ICONCH2
st_cyr_sur_le_rhone;ICONIFS;2026-10-13T06:00;ICONCH2;3.90;6.80;57.0;8.8;0.00;0.0;ICONCH2
st_cyr_sur_le_rhone;ICONIFS;2026-10-13T07:00;ICONCH2;3.80;7.00;60.0;8.7;0.00;0.0;ICONCH2
st_cyr_sur_le_rhone;ICONIFS;2026-10-13T08:00;ICONCH2;3.30;6.60;62.0;8.5;0.00;0.0;ICONCH2
st_cyr_sur_le_rhone;ICONIFS;2026-10-13T09:00;ICONCH2;2.30;5.60;66.0;9.1;0.00;0.0;ICONCH2
st_cyr_sur_le_rhone;ICONIFS;2026-10-13T10:00;ICONCH2;2.20;4.10;63.0;11.5;0.00;0.0;ICONCH2
st_cyr_sur_le_rhone;ICONIFS;2026-10-13T11:00;ICONCH2;2.40;4.70;55.0;13.7;0.00;0.0;ICONCH2
st_cyr_sur_le_rhone;ICONIFS;2026-10-13T12:00;ICONCH2;3.20;6.00;47.0;15.8;0.00;0.0;ICONCH2
st_cyr_sur_le_rhone;ICONIFS;2026-10-13T13:00;ICONCH2;2.80;6.00;39.0;17.3;0.00;15.0;ICONCH2
st_cyr_sur_le_rhone;ICONIFS;2026-10-13T14:00;ICONCH2;3.60;6.60;36.0;18.6;0.00;86.0;ICONCH2
st_cyr_sur_le_rhone;ICONIFS;2026-10-13T15:00;ICONCH2;4.90;8.60;34.0;19.6;0.00;27.0;ICONCH2
st_cyr_sur_le_rhone;ICONIFS;2026-10-13T16:00;ICONCH2;5.40;9.70;35.0;19.9;0.00;100.0;ICONCH2
st_cyr_sur_le_rhone;ICONIFS;2026-10-13T17:00;ICONCH2;5.30;9.70;28.0;19.8;0.00;100.0;ICONCH2
st_cyr_sur_le_rhone;ICONIFS;2026-10-13T18:00;ICONCH2;3.70;9.10;28.0;18.8;0.00;100.0;ICONCH2
st_cyr_sur_le_rhone;ICONIFS;2026-10-13T19:00;ICONCH2;2.50;6.60;23.0;16.9;0.00;100.0;ICONCH2
st_cyr_sur_le_rhone;ICONIFS;2026-10-13T20:00;ICONCH2;1.70;4.50;27.0;15.4;0.00;100.0;ICONCH2
st_cyr_sur_le_rhone;ICONIFS;2026-10-13T21:00;ICONCH2;1.20;3.10;9.0;14.6;0.00;100.0;ICONCH2
st_cyr_sur_le_rhone;ICONIFS;2026-10-13T22:00;ICONCH2;1.90;3.50;37.0;14.2;0.00;100.0;ICONCH2
st_cyr_sur_le_rhone;ICONIFS;2026-10-13T23:00;ICONCH2;2.50;4.50;45.0;14.0;0.00;100.0;ICONCH2
st_cyr_sur_le_rhone;ICONIFS;2026-10-14T00:00;ICONCH2;3.20;5.80;57.0;13.6;0.00;100.0;ICONCH2
st_cyr_sur_le_rhone;ICONIFS;2026-10-14T01:00;ICONCH2;3.90;6.80;57.0;13.3;0.00;100.0;ICONCH2
st_cyr_sur_le_rhone;ICONIFS;2026-10-14T02:00;ICONCH2;4.30;7.40;54.0;13.1;0.00;100.0;ICONCH2
st_cyr_sur_le_rhone;ICONIFS;2026-10-14T03:00;ICONCH2;4.40;7.80;52.0;13.0;0.00;100.0;ICONCH2
st_cyr_sur_le_rhone;ICONIFS;2026-10-14T04:00;ICONCH2;4.30;7.80;47.0;13.0;0.00;100.0;ICONCH2
st_cyr_sur_le_rhone;ICONIFS;2026-10-14T05:00;ICONCH2;4.40;7.60;52.0;12.8;0.00;84.0;ICONCH2
st_cyr_sur_le_rhone;ICONIFS;2026-10-14T06:00;ICONCH2;4.30;8.20;51.0;12.5;0.00;100.0;ICONCH2
st_cyr_sur_le_rhone;ICONIFS;2026-10-14T07:00;ICONCH2;4.00;7.60;47.0;12.5;0.00;100.0;ICONCH2
st_cyr_sur_le_rhone;ICONIFS;2026-10-14T08:00;ICONCH2;4.40;7.80;45.0;12.6;0.00;100.0;ICONCH2
st_cyr_sur_le_rhone;ICONIFS;2026-10-14T09:00;ICONCH2;4.30;8.00;47.0;13.4;0.00;100.0;ICONCH2
st_cyr_sur_le_rhone;ICONIFS;2026-10-14T10:00;ICONCH2;5.30;9.50;36.0;15.3;0.00;62.0;ICONCH2
st_cyr_sur_le_rhone;ICONIFS;2026-10-14T11:00;ICONCH2;7.30;12.60;8.0;17.9;0.00;30.0;ICONCH2
st_cyr_sur_le_rhone;ICONIFS;2026-10-14T12:00;ICONCH2;8.60;15.00;5.0;19.3;0.00;8.0;ICONCH2
st_cyr_sur_le_rhone;ICONIFS;2026-10-14T13:00;ICONCH2;8.40;15.20;3.0;20.7;0.00;0.0;ICONCH2
st_cyr_sur_le_rhone;ICONIFS;2026-10-14T14:00;ICONCH2;8.10;14.60;10.0;21.7;0.00;0.0;ICONCH2
st_cyr_sur_le_rhone;ICONIFS;2026-10-14T15:00;ICON13KM;8.00;15.00;1.0;21.8;0.00;44.0;ICON13KM
st_cyr_sur_le_rhone;ICONIFS;2026-10-14T16:00;ICON13KM;7.30;14.20;8.0;22.0;0.00;27.0;ICON13KM
st_cyr_sur_le_rhone;ICONIFS;2026-10-14T17:00;ICON13KM;6.40;12.60;14.0;21.6;0.00;9.0;ICON13KM
st_cyr_sur_le_rhone;ICONIFS;2026-10-14T18:00;ICON13KM;4.90;10.10;18.0;20.3;0.00;39.0;ICON13KM
st_cyr_sur_le_rhone;ICONIFS;2026-10-14T19:00;ICON13KM;3.10;6.80;22.0;18.4;0.00;70.0;ICON13KM
st_cyr_sur_le_rhone;ICONIFS;2026-10-14T20:00;ICON13KM;1.60;4.30;30.0;16.9;0.00;100.0;ICON13KM
st_cyr_sur_le_rhone;ICONIFS;2026-10-14T21:00;ICON13KM;0.70;2.70;56.0;16.0;0.00;69.0;ICON13KM
st_cyr_sur_le_rhone;ICONIFS;2026-10-14T22:00;ICON13KM;0.60;1.70;108.0;15.5;0.00;38.0;ICON13KM
st_cyr_sur_le_rhone;ICONIFS;2026-10-14T23:00;ICON13KM;1.00;1.40;143.0;14.9;0.00;7.0;ICON13KM
st_cyr_sur_le_rhone;ICONIFS;2026-10-15T00:00;ICON13KM;1.30;1.40;153.0;13.9;0.00;15.0;ICON13KM
st_cyr_sur_le_rhone;ICONIFS;2026-10-15T01:00;ICON13KM;1.40;1.90;146.0;12.9;0.00;24.0;ICON13KM
st_cyr_sur_le_rhone;ICONIFS;2026-10-15T02:00;ICON13KM;1.70;2.50;144.0;12.1;0.00;32.0;ICON13KM
st_cyr_sur_le_rhone;ICONIFS;2026-10-15T03:00;ICON13KM;1.80;3.10;148.0;11.7;0.00;44.0;ICON13KM
st_cyr_sur_le_rhone;ICONIFS;2026-10-15T04:00;ICON13KM;1.90;3.70;143.0;11.6;0.00;57.0;ICON13KM
st_cyr_sur_le_rhone;ICONIFS;2026-10-15T05:00;ICON13KM;2.10;4.10;146.0;11.5;0.00;69.0;ICON13KM
st_cyr_sur_le_rhone;ICONIFS;2026-10-15T06:00;ICON13KM;2.10;4.30;146.0;11.2;0.00;72.0;ICON13KM
st_cyr_sur_le_rhone;ICONIFS;2026-10-15T07:00;ICON13KM;2.30;4.30;149.0;10.9;0.00;76.0;ICON13KM
st_cyr_sur_le_rhone;ICONIFS;2026-10-15T08:00;ICON13KM;2.20;4.30;153.0;11.1;0.00;79.0;ICON13KM
st_cyr_sur_le_rhone;ICONIFS;2026-10-15T09:00;ICON13KM;1.80;4.10;162.0;12.3;0.00;73.0;ICON13KM
st_cyr_sur_le_rhone;ICONIFS;2026-10-15T10:00;ICON13KM;1.60;3.90;180.0;13.9;0.00;66.0;ICON13KM
st_cyr_sur_le_rhone;ICONIFS;2026-10-15T11:00;ICON13KM;1.80;4.30;193.0;15.7;0.00;60.0;ICON13KM
st_cyr_sur_le_rhone;ICONIFS;2026-10-15T12:00;ICON13KM;2.70;5.80;188.0;17.7;0.00;45.0;ICON13KM
st_cyr_sur_le_rhone;ICONIFS;2026-10-15T13:00;ICON13KM;4.10;8.00;183.0;19.8;0.00;30.0;ICON13KM
st_cyr_sur_le_rhone;ICONIFS;2026-10-15T14:00;ICON13KM;5.10;9.70;180.0;21.3;0.00;15.0;ICON13KM
st_cyr_sur_le_rhone;ICONIFS;2026-10-15T15:00;ICON13KM;5.40;10.50;178.0;22.3;0.00;10.0;ICON13KM
st_cyr_sur_le_rhone;ICONIFS;2026-10-15T16:00;ICON13KM;5.70;10.70;176.0;22.7;0.00;5.0;ICON13KM
st_cyr_sur_le_rhone;ICONIFS;2026-10-15T17:00;ICON13KM;5.30;10.30;172.0;22.3;0.00;0.0;ICON13KM
st_cyr_sur_le_rhone;ICONIFS;2026-10-15T18:00;ICON13KM;4.50;8.90;162.0;20.8;0.00;4.0;ICON13KM
st_cyr_sur_le_rhone;ICONIFS;2026-10-15T19:00;ICON13KM;3.80;7.20;145.0;18.5;0.00;7.0;ICON13KM
st_cyr_sur_le_rhone;ICONIFS;2026-10-15T20:00;ICON13KM;3.30;5.80;130.0;16.5;0.00;11.0;ICON13KM
st_cyr_sur_le_rhone;ICONIFS;2026-10-15T21:00;ICON13KM;3.20;5.60;128.0;15.3;0.00;15.0;ICON13KM
st_cyr_sur_le_rhone;ICONIFS;2026-10-15T22:00;ICON13KM;3.30;6.00;135.0;14.4;0.00;18.0;ICON13KM
st_cyr_sur_le_rhone;ICONIFS;2026-10-15T23:00;ICON13KM;3.30;6.20;140.0;13.6;0.00;22.0;ICON13KM
st_cyr_sur_le_rhone;ICONIFS;2026-10-16T00:00;ICON13KM;3.30;6.20;140.0;12.9;0.00;35.0;ICON13KM
st_cyr_sur_le_rhone;ICONIFS;2026-10-16T01:00;ICON13KM;3.20;6.00;137.0;12.3;0.00;48.0;ICON13KM
st_cyr_sur_le_rhone;ICONIFS;2026-10-16T02:00;ICON13KM;3.20;5.80;137.0;11.7;0.00;61.0;ICON13KM
st_cyr_sur_le_rhone;ICONIFS;2026-10-16T03:00;ICON13KM;3.20;5.60;137.0;11.1;0.00;58.0;ICON13KM
st_cyr_sur_le_rhone;ICONIFS;2026-10-16T04:00;ICON13KM;3.00;5.40;135.0;10.5;0.00;54.0;ICON13KM
st_cyr_sur_le_rhone;ICONIFS;2026-10-16T05:00;ICON13KM;2.90;5.20;138.0;10.1;0.00;51.0;ICON13KM
st_cyr_sur_le_rhone;ICONIFS;2026-10-16T06:00;ICON13KM;2.80;5.10;141.0;9.9;0.00;58.0;ICON13KM
st_cyr_sur_le_rhone;ICONIFS;2026-10-16T07:00;ICON13KM;2.60;4.70;138.0;9.8;0.00;64.0;ICON13KM
st_cyr_sur_le_rhone;ICONIFS;2026-10-16T08:00;ICON13KM;2.20;4.30;142.0;10.3;0.00;71.0;ICON13KM
st_cyr_sur_le_rhone;ICONIFS;2026-10-16T09:00;ICON13KM;1.60;3.50;150.0;11.4;0.00;65.0;ICON13KM
st_cyr_sur_le_rhone;ICONIFS;2026-10-16T10:00;ICON13KM;0.60;2.30;162.0;13.1;0.00;59.0;ICON13KM
st_cyr_sur_le_rhone;ICONIFS;2026-10-16T11:00;ICON13KM;0.40;1.90;270.0;14.8;0.00;53.0;ICON13KM
st_cyr_sur_le_rhone;ICONIFS;2026-10-16T12:00;ICON13KM;0.80;2.50;315.0;16.6;0.00;45.0;ICON13KM
st_cyr_sur_le_rhone;ICONIFS;2026-10-16T13:00;ICON13KM;1.50;3.70;337.0;18.5;0.00;36.0;ICON13KM
st_cyr_sur_le_rhone;ICONIFS;2026-10-16T14:00;ICON13KM;2.00;4.90;349.0;19.9;0.00;28.0;ICON13KM
st_cyr_sur_le_rhone;ICONIFS;2026-10-16T15:00;ICON13KM;2.90;6.00;360.0;20.6;0.00;26.0;ICON13KM
st_cyr_sur_le_rhone;ICONIFS;2026-10-16T16:00;ICON13KM;3.70;7.40;9.0;20.8;0.00;25.0;ICON13KM
st_cyr_sur_le_rhone;ICONIFS;2026-10-16T17:00;ICON13KM;4.20;7.80;13.0;20.5;0.00;23.0;ICON13KM
st_cyr_sur_le_rhone;ICONIFS;2026-10-16T18:00;ICON13KM;3.70;6.60;18.0;19.3;0.00;15.0;ICON13KM
st_cyr_sur_le_rhone;ICONIFS;2026-10-16T19:00;ICON13KM;2.60;4.90;27.0;17.6;0.00;8.0;ICON13KM
st_cyr_sur_le_rhone;ICONIFS;2026-10-16T20:00;ICON13KM;1.70;3.30;36.0;16.1;0.00;0.0;ICON13KM
st_cyr_sur_le_rhone;ICONIFS;2026-10-16T21:00;ICON13KM;1.30;2.70;27.0;15.3;0.00;7.0;ICON13KM
st_cyr_sur_le_rhone;ICONIFS;2026-10-16T22:00;ICON13KM;1.20;2.50;9.0;14.7;0.00;13.0;ICON13KM
st_cyr_sur_le_rhone;ICONIFS;2026-10-16T23:00;ICON13KM;1.40;2.50;360.0;14.2;0.00;20.0;ICON13KM
st_cyr_sur_le_rhone;ICONIFS;2026-10-17T00:00;ICON13KM;1.40;2.30;360.0;13.6;0.00;45.0;ICON13KM
st_cyr_sur_le_rhone;ICONIFS;2026-10-17T01:00;ICON13KM;1.40;2.30;8.0;13.1;0.00;71.0;ICON13KM
st_cyr_sur_le_rhone;ICONIFS;2026-10-17T02:00;ICON13KM;1.40;2.30;8.0;12.7;0.00;96.0;ICON13KM
st_cyr_sur_le_rhone;ICONIFS;2026-10-17T03:00;ICON13KM;1.40;2.50;360.0;12.4;0.00;93.0;ICON13KM
st_cyr_sur_le_rhone;ICONIFS;2026-10-17T04:00;ICON13KM;1.20;2.50;351.0;12.3;0.00;90.0;ICON13KM
st_cyr_sur_le_rhone;ICONIFS;2026-10-17T05:00;ICON13KM;1.20;2.70;351.0;12.3;0.00;87.0;ICON13KM
st_cyr_sur_le_rhone;ICONIFS;2026-10-17T06:00;ICON13KM;1.20;2.70;351.0;12.2;0.00;90.0;ICON13KM
st_cyr_sur_le_rhone;ICONIFS;2026-10-17T07:00;ICON13KM;1.20;2.50;360.0;12.1;0.00;94.0;ICON13KM
st_cyr_sur_le_rhone;ICONIFS;2026-10-17T08:00;ICON13KM;1.20;2.50;9.0;12.2;0.00;97.0;ICON13KM
st_cyr_sur_le_rhone;ICONIFS;2026-10-17T09:00;ICON13KM;1.20;2.70;9.0;12.7;0.00;98.0;ICON13KM
st_cyr_sur_le_rhone;ICONIFS;2026-10-17T10:00;ICON13KM;1.40;2.90;360.0;13.5;0.00;99.0;ICON13KM
st_cyr_sur_le_rhone;ICONIFS;2026-10-17T11:00;ICON13KM;1.70;3.70;360.0;14.3;0.00;100.0;ICON13KM
st_cyr_sur_le_rhone;ICONIFS;2026-10-17T12:00;ICON13KM;2.50;5.20;4.0;15.3;0.00;97.0;ICON13KM
st_cyr_sur_le_rhone;ICONIFS;2026-10-17T13:00;ICON13KM;3.70;7.20;6.0;16.4;0.00;94.0;ICON13KM
st_cyr_sur_le_rhone;ICONIFS;2026-10-17T14:00;ICON13KM;4.50;8.70;7.0;17.3;0.00;91.0;ICON13KM
st_cyr_sur_le_rhone;ICONIFS;2026-10-17T15:00;ICON13KM;5.00;9.70;11.0;17.9;0.00;91.0;ICON13KM
st_cyr_sur_le_rhone;ICONIFS;2026-10-17T16:00;ICON13KM;5.30;10.10;17.0;18.3;0.00;90.0;ICON13KM
st_cyr_sur_le_rhone;ICONIFS;2026-10-17T17:00;ICON13KM;5.20;9.70;20.0;18.2;0.00;90.0;ICON13KM
st_cyr_sur_le_rhone;ICONIFS;2026-10-17T18:00;ICON13KM;4.00;8.00;23.0;17.1;0.00;93.0;ICON13KM
st_cyr_sur_le_rhone;ICONIFS;2026-10-17T19:00;ICON13KM;2.30;5.40;24.0;15.5;0.00;97.0;ICON13KM
st_cyr_sur_le_rhone;ICONIFS;2026-10-17T20:00;ICON13KM;1.00;3.30;37.0;14.2;0.00;100.0;ICON13KM
st_cyr_sur_le_rhone;ICONIFS;2026-10-17T21:00;ICON13KM;0.40;1.90;90.0;13.6;0.00;100.0;ICON13KM
st_cyr_sur_le_rhone;ICONIFS;2026-10-17T22:00;ICON13KM;0.40;1.20;153.0;13.2;0.00;100.0;ICON13KM
st_cyr_sur_le_rhone;ICONIFS;2026-10-17T23:00;ICON13KM;0.60;0.80;162.0;12.9;0.00;100.0;ICON13KM
st_cyr_sur_le_rhone;ICONIFS;2026-10-18T00:00;ICON13KM;0.90;1.20;153.0;12.3;0.00;99.0;ICON13KM
st_cyr_sur_le_rhone;ICONIFS;2026-10-18T01:00;ICON13KM;1.20;1.90;141.0;11.6;0.00;98.0;ICON13KM
st_cyr_sur_le_rhone;ICONIFS;2026-10-18T02:00;ICON13KM;1.40;2.50;135.0;11.2;0.00;97.0;ICON13KM
st_romain_des_iles;ICONIFS;2026-10-10T00:00;ICONCH1;3.00;4.90;191.0;12.6;0.00;98.0;ICONCH1
st_romain_des_iles;ICONIFS;2026-10-10T01:00;ICONCH1;2.60;4.90;197.0;12.3;0.20;100.0;ICONCH1
st_romain_des_iles;ICONIFS;2026-10-10T02:00;ICONCH1;3.10;5.20;187.0;11.8;1.50;100.0;ICONCH1
st_romain_des_iles;ICONIFS;2026-10-10T03:00;ICONCH1;2.70;5.80;188.0;11.6;0.80;100.0;ICONCH1
st_romain_des_iles;ICONIFS;2026-10-10T04:00;ICONCH1;3.10;6.40;184.0;11.6;0.20;100.0;ICONCH1
st_romain_des_iles;ICONIFS;2026-10-10T05:00;ICONCH1;3.50;6.20;186.0;11.7;0.00;88.0;ICONCH1
st_romain_des_iles;ICONIFS;2026-10-10T06:00;ICONCH1;3.50;5.80;177.0;11.8;0.00;100.0;ICONCH1
st_romain_des_iles;ICONIFS;2026-10-10T07:00;ICONCH1;4.00;7.00;194.0;11.9;0.10;100.0;ICONCH1
st_romain_des_iles;ICONIFS;2026-10-10T08:00;ICONCH1;4.10;7.40;180.0;12.0;0.00;100.0;ICONCH1
st_romain_des_iles;ICONIFS;2026-10-10T09:00;ICONCH1;4.70;7.60;178.0;12.2;0.10;100.0;ICONCH1
st_romain_des_iles;ICONIFS;2026-10-10T10:00;ICONCH1;3.80;8.00;201.0;12.7;0.00;88.0;ICONCH1
st_romain_des_iles;ICONIFS;2026-10-10T11:00;ICONCH1;5.30;9.70;176.0;14.0;0.00;89.0;ICONCH1
st_romain_des_iles;ICONIFS;2026-10-10T12:00;ICONCH1;3.50;8.70;189.0;14.9;0.00;95.0;ICONCH1
st_romain_des_iles;ICONIFS;2026-10-10T13:00;ICONCH1;3.70;7.60;186.0;16.0;0.00;93.0;ICONCH1
st_romain_des_iles;ICONIFS;2026-10-10T14:00;ICONCH1;4.90;9.30;171.0;16.7;0.00;100.0;ICONCH1
st_romain_des_iles;ICONIFS;2026-10-10T15:00;ICONCH1;5.00;9.70;167.0;17.5;0.00;79.0;ICONCH1
st_romain_des_iles;ICONIFS;2026-10-10T16:00;ICONCH1;4.70;9.90;161.0;18.2;0.00;85.0;ICONCH1
st_romain_des_iles;ICONIFS;2026-10-10T17:00;ICONCH1;3.90;8.00;319.0;18.2;0.00;71.0;ICONCH1
st_romain_des_iles;ICONIFS;2026-10-10T18:00;ICONCH1;5.80;12.10;320.0;17.6;0.00;64.0;ICONCH1
st_romain_des_iles;ICONIFS;2026-10-10T19:00;ICONCH1;4.00;9.30;305.0;15.9;0.00;4.0;ICONCH1
st_romain_des_iles;ICONIFS;2026-10-10T20:00;ICONCH1;3.20;5.10;308.0;12.9;0.00;0.0;ICONCH1
st_romain_des_iles;ICONIFS;2026-10-10T21:00;ICONCH1;2.10;5.10;229.0;12.1;0.00;7.0;ICONCH1
st_romain_des_iles;ICONIFS;2026-10-10T22:00;ICONCH1;2.20;3.90;297.0;11.1;0.00;52.0;ICONCH1
st_romain_des_iles;ICONIFS;2026-10-10T23:00;ICONCH1;1.00;3.10;127.0;11.6;0.00;52.0;ICONCH1
st_romain_des_iles;ICONIFS;2026-10-11T00:00;ICONCH1;2.20;3.90;135.0;10.7;0.00;74.0;ICONCH1
st_romain_des_iles;ICONIFS;2026-10-11T01:00;ICONCH1;1.70;3.50;180.0;11.1;0.00;71.0;ICONCH1
st_romain_des_iles;ICONIFS;2026-10-11T02:00;ICONCH1;0.40;2.50;90.0;11.1;0.00;41.0;ICONCH1
st_romain_des_iles;ICONIFS;2026-10-11T03:00;ICONCH1;1.80;2.30;193.0;9.6;0.00;100.0;ICONCH1
st_romain_des_iles;ICONIFS;2026-10-11T04:00;ICONCH1;1.80;3.10;193.0;8.0;0.00;100.0;ICONCH1
st_romain_des_iles;ICONIFS;2026-10-11T05:00;ICONCH1;2.10;3.30;175.0;7.0;0.00;100.0;ICONCH1
st_romain_des_iles;ICONIFS;2026-10-11T06:00;ICONCH1;1.00;3.30;169.0;6.7;0.00;100.0;ICONCH1
st_romain_des_iles;ICONIFS;2026-10-11T07:00;ICONCH1;0.40;2.10;180.0;7.0;0.00;100.0;ICONCH1
st_romain_des_iles;ICONIFS;2026-10-11T08:00;ICONCH1;0.60;1.20;180.0;6.8;0.00;100.0;ICONCH1
st_romain_des_iles;ICONIFS;2026-10-11T09:00;ICONCH1;0.60;1.20;180.0;7.8;0.00;100.0;ICONCH1
st_romain_des_iles;ICONIFS;2026-10-11T10:00;ICONCH1;0.80;1.90;194.0;9.1;0.00;100.0;ICONCH1
st_romain_des_iles;ICONIFS;2026-10-11T11:00;ICONCH1;0.70;2.50;56.0;11.3;0.00;100.0;ICONCH1
st_romain_des_iles;ICONIFS;2026-10-11T12:00;ICONCH1;3.20;5.60;57.0;13.8;0.00;87.0;ICONCH1
st_romain_des_iles;ICONIFS;2026-10-11T13:00;ICONCH1;4.30;7.40;39.0;15.7;0.00;83.0;ICONCH1
st_romain_des_iles;ICONIFS;2026-10-11T14:00;ICONCH1;7.70;12.80;18.0;16.2;0.00;100.0;ICONCH1
st_romain_des_iles;ICONIFS;2026-10-11T15:00;ICONCH1;7.50;13.40;10.0;16.3;0.00;100.0;ICONCH1
st_romain_des_iles;ICONIFS;2026-10-11T16:00;ICONCH1;6.90;12.40;342.0;16.6;0.00;100.0;ICONCH1
st_romain_des_iles;ICONIFS;2026-10-11T17:00;ICONCH1;6.60;11.70;341.0;16.2;0.00;100.0;ICONCH1
st_romain_des_iles;ICONIFS;2026-10-11T18:00;ICONCH1;5.50;10.70;333.0;15.1;0.00;100.0;ICONCH1
st_romain_des_iles;ICONIFS;2026-10-11T19:00;ICONCH1;2.50;8.60;356.0;13.7;0.00;90.0;ICONCH1
st_romain_des_iles;ICONIFS;2026-10-11T20:00;ICONCH1;2.60;4.50;347.0;12.3;0.00;88.0;ICONCH1
st_romain_des_iles;ICONIFS;2026-10-11T21:00;ICONCH1;1.70;3.90;21.0;11.7;0.00;79.0;ICONCH1
st_romain_des_iles;ICONIFS;2026-10-11T22:00;ICONCH1;1.60;2.70;14.0;11.2;0.00;72.0;ICONCH1
st_romain_des_iles;ICONIFS;2026-10-11T23:00;ICONCH1;1.80;3.30;49.0;10.0;0.00;64.0;ICONCH1
st_romain_des_iles;ICONIFS;2026-10-12T00:00;ICONCH1;0.50;2.50;45.0;10.0;0.00;62.0;ICONCH1
st_romain_des_iles;ICONIFS;2026-10-12T01:00;ICONCH1;0.70;1.00;34.0;9.9;0.00;39.0;ICONCH1
st_romain_des_iles;ICONIFS;2026-10-12T02:00;ICONCH1;1.80;2.30;77.0;8.7;0.00;23.0;ICONCH1
st_romain_des_iles;ICONIFS;2026-10-12T03:00;ICONCH1;1.80;3.50;18.0;8.1;0.00;0.0;ICONCH1
st_romain_des_iles;ICONIFS;2026-10-12T04:00;ICONCH1;1.40;2.70;326.0;7.6;0.00;0.0;ICONCH1
st_romain_des_iles;ICONIFS;2026-10-12T05:00;ICONCH1;1.90;2.70;24.0;7.3;0.00;0.0;ICONCH1
st_romain_des_iles;ICONIFS;2026-10-12T06:00;ICONCH2;1.20;1.70;18.0;6.8;0.00;0.0;ICONCH2
st_romain_des_iles;ICONIFS;2026-10-12T07:00;ICONCH2;1.60;2.50;7.0;6.4;0.00;0.0;ICONCH2
st_romain_des_iles;ICONIFS;2026-10-12T08:00;ICONCH2;1.40;2.50;16.0;6.1;0.00;0.0;ICONCH2
st_romain_des_iles;ICONIFS;2026-10-12T09:00;ICONCH2;0.90;2.30;27.0;6.7;0.00;0.0;ICONCH2
st_romain_des_iles;ICONIFS;2026-10-12T10:00;ICONCH2;0.70;1.60;34.0;9.2;0.00;0.0;ICONCH2
st_romain_des_iles;ICONIFS;2026-10-12T11:00;ICONCH2;3.00;5.40;32.0;12.1;0.00;0.0;ICONCH2
st_romain_des_iles;ICONIFS;2026-10-12T12:00;ICONCH2;4.90;8.70;18.0;14.7;0.00;0.0;ICONCH2
st_romain_des_iles;ICONIFS;2026-10-12T13:00;ICONCH2;5.40;9.50;15.0;16.5;0.00;0.0;ICONCH2
st_romain_des_iles;ICONIFS;2026-10-12T14:00;ICONCH2;6.60;11.30;14.0;17.7;0.00;0.0;ICONCH2
st_romain_des_iles;ICONIFS;2026-10-12T15:00;ICONCH2;7.00;12.10;19.0;18.3;0.00;0.0;ICONCH2
st_romain_des_iles;ICONIFS;2026-10-12T16:00;ICONCH2;7.10;12.20;22.0;18.6;0.00;0.0;ICONCH2
st_romain_des_iles;ICONIFS;2026-10-12T17:00;ICONCH2;6.20;12.10;14.0;18.5;0.00;0.0;ICONCH2
st_romain_des_iles;ICONIFS;2026-10-12T18:00;ICONCH2;4.60;10.70;12.0;18.0;0.00;0.0;ICONCH2
st_romain_des_iles;ICONIFS;2026-10-12T19:00;ICONCH2;3.20;7.60;25.0;16.0;0.00;0.0;ICONCH2
st_romain_des_iles;ICONIFS;2026-10-12T20:00;ICONCH2;2.50;5.10;356.0;13.8;0.00;16.0;ICONCH2
st_romain_des_iles;ICONIFS;2026-10-12T21:00;ICONCH2;1.50;3.90;320.0;12.1;0.00;25.0;ICONCH2
st_romain_des_iles;ICONIFS;2026-10-12T22:00;ICONCH2;0.90;2.10;243.0;11.4;0.00;19.0;ICONCH2
st_romain_des_iles;ICONIFS;2026-10-12T23:00;ICONCH2;1.20;1.70;198.0;10.4;0.00;2.0;ICONCH2
st_romain_des_iles;ICONIFS;2026-10-13T00:00;ICONCH2;1.40;2.30;254.0;9.4;0.00;0.0;ICONCH2
st_romain_des_iles;ICONIFS;2026-10-13T01:00;ICONCH2;1.00;2.10;169.0;9.2;0.00;0.0;ICONCH2
st_romain_des_iles;ICONIFS;2026-10-13T02:00;ICONCH2;1.30;1.70;207.0;8.9;0.00;0.0;ICONCH2
st_romain_des_iles;ICONIFS;2026-10-13T03:00;ICONCH2;1.00;1.70;191.0;8.2;0.00;0.0;ICONCH2
st_romain_des_iles;ICONIFS;2026-10-13T04:00;ICONCH2;0.70;1.40;214.0;8.1;0.00;0.0;ICONCH2
st_romain_des_iles;ICONIFS;2026-10-13T05:00;ICONCH2;0.30;1.00;315.0;8.1;0.00;0.0;ICONCH2
st_romain_des_iles;ICONIFS;2026-10-13T06:00;ICONCH2;0.50;0.60;315.0;7.8;0.00;0.0;ICONCH2
st_romain_des_iles;ICONIFS;2026-10-13T07:00;ICONCH2;0.60;1.00;288.0;7.5;0.00;0.0;ICONCH2
st_romain_des_iles;ICONIFS;2026-10-13T08:00;ICONCH2;0.60;0.60;162.0;7.5;0.00;0.0;ICONCH2
st_romain_des_iles;ICONIFS;2026-10-13T09:00;ICONCH2;2.20;3.30;190.0;7.8;0.00;0.0;ICONCH2
st_romain_des_iles;ICONIFS;2026-10-13T10:00;ICONCH2;2.30;4.10;180.0;10.4;0.00;4.0;ICONCH2
st_romain_des_iles;ICONIFS;2026-10-13T11:00;ICONCH2;1.00;4.10;169.0;13.6;0.00;0.0;ICONCH2
st_romain_des_iles;ICONIFS;2026-10-13T12:00;ICONCH2;0.90;2.70;153.0;16.2;0.00;0.0;ICONCH2
st_romain_des_iles;ICONIFS;2026-10-13T13:00;ICONCH2;0.60;2.50;198.0;18.0;0.00;78.0;ICONCH2
st_romain_des_iles;ICONIFS;2026-10-13T14:00;ICONCH2;0.40;2.10;180.0;19.5;0.00;66.0;ICONCH2
st_romain_des_iles;ICONIFS;2026-10-13T15:00;ICONCH2;0.60;2.10;72.0;20.6;0.00;77.0;ICONCH2
st_romain_des_iles;ICONIFS;2026-10-13T16:00;ICONCH2;2.00;3.90;29.0;21.3;0.00;100.0;ICONCH2
st_romain_des_iles;ICONIFS;2026-10-13T17:00;ICONCH2;3.20;5.60;25.0;21.2;0.00;95.0;ICONCH2
st_romain_des_iles;ICONIFS;2026-10-13T18:00;ICONCH2;3.20;5.60;38.0;20.5;0.00;91.0;ICONCH2
st_romain_des_iles;ICONIFS;2026-10-13T19:00;ICONCH2;2.40;5.10;55.0;18.6;0.00;100.0;ICONCH2
st_romain_des_iles;ICONIFS;2026-10-13T20:00;ICONCH2;1.50;3.50;50.0;17.1;0.00;100.0;ICONCH2
st_romain_des_iles;ICONIFS;2026-10-13T21:00;ICONCH2;1.20;2.10;288.0;15.7;0.00;100.0;ICONCH2
st_romain_des_iles;ICONIFS;2026-10-13T22:00;ICONCH2;0.70;1.70;304.0;14.6;0.00;85.0;ICONCH2
st_romain_des_iles;ICONIFS;2026-10-13T23:00;ICONCH2;0.70;1.00;304.0;14.0;0.00;90.0;ICONCH2
st_romain_des_iles;ICONIFS;2026-10-14T00:00;ICONCH2;0.70;1.20;304.0;13.6;0.00;100.0;ICONCH2
st_romain_des_iles;ICONIFS;2026-10-14T01:00;ICONCH2;0.40;1.00;297.0;13.9;0.00;100.0;ICONCH2
st_romain_des_iles;ICONIFS;2026-10-14T02:00;ICONCH2;1.20;1.60;360.0;14.1;0.00;100.0;ICONCH2
st_romain_des_iles;ICONIFS;2026-10-14T03:00;ICONCH2;1.60;2.30;30.0;13.8;0.00;100.0;ICONCH2
st_romain_des_iles;ICONIFS;2026-10-14T04:00;ICONCH2;1.50;2.30;23.0;13.0;0.00;84.0;ICONCH2
st_romain_des_iles;ICONIFS;2026-10-14T05:00;ICONCH2;2.00;3.10;11.0;12.0;0.00;100.0;ICONCH2
st_romain_des_iles;ICONIFS;2026-10-14T06:00;ICONCH2;1.40;3.10;34.0;12.0;0.00;100.0;ICONCH2
st_romain_des_iles;ICONIFS;2026-10-14T07:00;ICONCH2;0.80;2.10;104.0;12.7;0.00;100.0;ICONCH2
st_romain_des_iles;ICONIFS;2026-10-14T08:00;ICONCH2;0.80;1.70;90.0;12.9;0.00;97.0;ICONCH2
st_romain_des_iles;ICONIFS;2026-10-14T09:00;ICONCH2;1.80;2.90;6.0;13.1;0.00;22.0;ICONCH2
st_romain_des_iles;ICONIFS;2026-10-14T10:00;ICONCH2;3.00;5.10;11.0;15.5;0.00;16.0;ICONCH2
st_romain_des_iles;ICONIFS;2026-10-14T11:00;ICONCH2;6.40;11.10;5.0;19.0;0.00;11.0;ICONCH2
st_romain_des_iles;ICONIFS;2026-10-14T12:00;ICONCH2;8.60;14.80;4.0;21.0;0.00;0.0;ICONCH2
st_romain_des_iles;ICONIFS;2026-10-14T13:00;ICONCH2;8.40;14.80;5.0;22.1;0.00;0.0;ICONCH2
st_romain_des_iles;ICONIFS;2026-10-14T14:00;ICONCH2;8.70;14.80;9.0;23.1;0.00;0.0;ICONCH2
st_romain_des_iles;ICONIFS;2026-10-14T15:00;ICON13KM;5.20;11.50;20.0;20.2;0.00;71.0;ICON13KM
st_romain_des_iles;ICONIFS;2026-10-14T16:00;ICON13KM;4.70;11.50;30.0;20.1;0.00;61.0;ICON13KM
st_romain_des_iles;ICONIFS;2026-10-14T17:00;ICON13KM;4.20;10.50;37.0;19.6;0.00;51.0;ICON13KM
st_romain_des_iles;ICONIFS;2026-10-14T18:00;ICON13KM;3.00;8.00;32.0;18.5;0.00;34.0;ICON13KM
st_romain_des_iles;ICONIFS;2026-10-14T19:00;ICON13KM;1.70;4.50;360.0;17.0;0.00;17.0;ICON13KM
st_romain_des_iles;ICONIFS;2026-10-14T20:00;ICON13KM;1.50;2.10;310.0;15.7;0.00;0.0;ICON13KM
st_romain_des_iles;ICONIFS;2026-10-14T21:00;ICON13KM;1.80;1.90;283.0;14.7;0.00;1.0;ICON13KM
st_romain_des_iles;ICONIFS;2026-10-14T22:00;ICON13KM;1.90;2.70;270.0;13.9;0.00;2.0;ICON13KM
st_romain_des_iles;ICONIFS;2026-10-14T23:00;ICON13KM;2.20;3.50;260.0;13.2;0.00;3.0;ICON13KM
st_romain_des_iles;ICONIFS;2026-10-15T00:00;ICON13KM;2.40;4.10;256.0;12.8;0.00;15.0;ICON13KM
st_romain_des_iles;ICONIFS;2026-10-15T01:00;ICON13KM;2.50;4.90;252.0;12.5;0.00;26.0;ICON13KM
st_romain_des_iles;ICONIFS;2026-10-15T02:00;ICON13KM;2.50;5.40;252.0;12.2;0.00;38.0;ICON13KM
st_romain_des_iles;ICONIFS;2026-10-15T03:00;ICON13KM;2.50;6.00;247.0;12.0;0.00;41.0;ICON13KM
st_romain_des_iles;ICONIFS;2026-10-15T04:00;ICON13KM;2.30;6.60;246.0;11.7;0.00;45.0;ICON13KM
st_romain_des_iles;ICONIFS;2026-10-15T05:00;ICON13KM;2.30;7.20;239.0;11.5;0.00;48.0;ICON13KM
st_romain_des_iles;ICONIFS;2026-10-15T06:00;ICON13KM;2.40;7.80;235.0;11.0;0.00;59.0;ICON13KM
st_romain_des_iles;ICONIFS;2026-10-15T07:00;ICON13KM;2.40;8.20;235.0;10.6;0.00;71.0;ICON13KM
st_romain_des_iles;ICONIFS;2026-10-15T08:00;ICON13KM;2.20;8.70;225.0;10.8;0.00;82.0;ICON13KM
st_romain_des_iles;ICONIFS;2026-10-15T09:00;ICON13KM;1.80;9.30;198.0;12.1;0.00;66.0;ICON13KM
st_romain_des_iles;ICONIFS;2026-10-15T10:00;ICON13KM;2.30;9.90;160.0;14.0;0.00;49.0;ICON13KM
st_romain_des_iles;ICONIFS;2026-10-15T11:00;ICON13KM;2.90;10.30;143.0;15.7;0.00;33.0;ICON13KM
st_romain_des_iles;ICONIFS;2026-10-15T12:00;ICON13KM;3.00;10.50;135.0;17.1;0.00;22.0;ICON13KM
st_romain_des_iles;ICONIFS;2026-10-15T13:00;ICON13KM;3.00;10.70;130.0;18.3;0.00;11.0;ICON13KM
st_romain_des_iles;ICONIFS;2026-10-15T14:00;ICON13KM;3.10;10.30;125.0;19.2;0.00;0.0;ICON13KM
st_romain_des_iles;ICONIFS;2026-10-15T15:00;ICON13KM;3.20;9.10;123.0;20.0;0.00;12.0;ICON13KM
st_romain_des_iles;ICONIFS;2026-10-15T16:00;ICON13KM;3.20;7.80;123.0;20.6;0.00;25.0;ICON13KM
st_romain_des_iles;ICONIFS;2026-10-15T17:00;ICON13KM;3.10;6.40;125.0;20.5;0.00;37.0;ICON13KM
st_romain_des_iles;ICONIFS;2026-10-15T18:00;ICON13KM;2.20;5.40;135.0;19.4;0.00;28.0;ICON13KM
st_romain_des_iles;ICONIFS;2026-10-15T19:00;ICON13KM;1.20;4.70;171.0;17.7;0.00;20.0;ICON13KM
st_romain_des_iles;ICONIFS;2026-10-15T20:00;ICON13KM;1.40;4.50;225.0;16.1;0.00;11.0;ICON13KM
st_romain_des_iles;ICONIFS;2026-10-15T21:00;ICON13KM;1.90;5.40;246.0;14.9;0.00;15.0;ICON13KM
st_romain_des_iles;ICONIFS;2026-10-15T22:00;ICON13KM;2.30;6.80;250.0;13.9;0.00;20.0;ICON13KM
st_romain_des_iles;ICONIFS;2026-10-15T23:00;ICON13KM;2.60;7.80;257.0;13.1;0.00;24.0;ICON13KM
st_romain_des_iles;ICONIFS;2026-10-16T00:00;ICON13KM;2.60;7.80;257.0;12.7;0.00;31.0;ICON13KM
st_romain_des_iles;ICONIFS;2026-10-16T01:00;ICON13KM;2.60;7.20;261.0;12.4;0.00;37.0;ICON13KM
st_romain_des_iles;ICONIFS;2026-10-16T02:00;ICON13KM;2.40;6.40;261.0;12.3;0.00;44.0;ICON13KM
st_romain_des_iles;ICONIFS;2026-10-16T03:00;ICON13KM;2.20;5.60;260.0;12.1;0.00;51.0;ICON13KM
st_romain_des_iles;ICONIFS;2026-10-16T04:00;ICON13KM;2.00;4.90;259.0;11.9;0.00;58.0;ICON13KM
st_romain_des_iles;ICONIFS;2026-10-16T05:00;ICON13KM;1.80;4.10;257.0;11.9;0.00;65.0;ICON13KM
st_romain_des_iles;ICONIFS;2026-10-16T06:00;ICON13KM;1.60;3.50;263.0;12.0;0.00;65.0;ICON13KM
st_romain_des_iles;ICONIFS;2026-10-16T07:00;ICON13KM;1.40;3.10;270.0;12.2;0.00;66.0;ICON13KM
st_romain_des_iles;ICONIFS;2026-10-16T08:00;ICON13KM;1.00;2.90;281.0;12.6;0.00;66.0;ICON13KM
st_romain_des_iles;ICONIFS;2026-10-16T09:00;ICON13KM;0.40;2.90;297.0;13.1;0.00;69.0;ICON13KM
st_romain_des_iles;ICONIFS;2026-10-16T10:00;ICON13KM;0.60;3.30;72.0;13.7;0.00;73.0;ICON13KM
st_romain_des_iles;ICONIFS;2026-10-16T11:00;ICON13KM;1.20;3.70;81.0;14.6;0.00;76.0;ICON13KM
st_romain_des_iles;ICONIFS;2026-10-16T12:00;ICON13KM;1.70;4.30;69.0;15.8;0.00;62.0;ICON13KM
st_romain_des_iles;ICONIFS;2026-10-16T13:00;ICON13KM;2.00;4.90;61.0;17.3;0.00;49.0;ICON13KM
st_romain_des_iles;ICONIFS;2026-10-16T14:00;ICON13KM;2.20;5.40;52.0;18.3;0.00;35.0;ICON13KM
st_romain_des_iles;ICONIFS;2026-10-16T15:00;ICON13KM;2.60;5.80;48.0;18.9;0.00;40.0;ICON13KM
st_romain_des_iles;ICONIFS;2026-10-16T16:00;ICON13KM;2.90;6.00;42.0;19.1;0.00;46.0;ICON13KM
st_romain_des_iles;ICONIFS;2026-10-16T17:00;ICON13KM;2.80;6.20;34.0;18.7;0.00;51.0;ICON13KM
st_romain_des_iles;ICONIFS;2026-10-16T18:00;ICON13KM;2.40;6.40;14.0;17.2;0.00;45.0;ICON13KM
st_romain_des_iles;ICONIFS;2026-10-16T19:00;ICON13KM;2.30;6.60;340.0;15.1;0.00;38.0;ICON13KM
st_romain_des_iles;ICONIFS;2026-10-16T20:00;ICON13KM;2.70;6.80;315.0;13.4;0.00;32.0;ICON13KM
st_romain_des_iles;ICONIFS;2026-10-16T21:00;ICON13KM;3.10;7.40;305.0;12.5;0.00;33.0;ICON13KM
st_romain_des_iles;ICONIFS;2026-10-16T22:00;ICON13KM;3.30;8.00;298.0;11.9;0.00;35.0;ICON13KM
st_romain_des_iles;ICONIFS;2026-10-16T23:00;ICON13KM;3.40;8.60;294.0;11.5;0.00;36.0;ICON13KM
st_romain_des_iles;ICONIFS;2026-10-17T00:00;ICON13KM;3.40;8.70;294.0;11.1;0.00;40.0;ICON13KM
st_romain_des_iles;ICONIFS;2026-10-17T01:00;ICON13KM;3.40;8.90;294.0;10.9;0.00;43.0;ICON13KM
st_romain_des_iles;ICONIFS;2026-10-17T02:00;ICON13KM;3.20;8.90;295.0;10.8;0.00;47.0;ICON13KM
st_romain_des_iles;ICONIFS;2026-10-17T03:00;ICON13KM;3.00;8.70;297.0;11.2;0.00;61.0;ICON13KM
st_romain_des_iles;ICONIFS;2026-10-17T04:00;ICON13KM;3.10;8.40;300.0;11.9;0.00;75.0;ICON13KM
st_romain_des_iles;ICONIFS;2026-10-17T05:00;ICON13KM;3.00;8.20;302.0;12.3;0.00;89.0;ICON13KM
st_romain_des_iles;ICONIFS;2026-10-17T06:00;ICON13KM;2.80;8.20;304.0;12.3;0.00;88.0;ICON13KM
st_romain_des_iles;ICONIFS;2026-10-17T07:00;ICON13KM;2.80;8.20;309.0;12.1;0.00;88.0;ICON13KM
st_romain_des_iles;ICONIFS;2026-10-17T08:00;ICON13KM;2.60;8.40;318.0;12.1;0.00;87.0;ICON13KM
st_romain_des_iles;ICONIFS;2026-10-17T09:00;ICON13KM;2.90;8.70;332.0;12.8;0.00;84.0;ICON13KM
st_romain_des_iles;ICONIFS;2026-10-17T10:00;ICON13KM;3.20;9.10;346.0;13.7;0.00;82.0;ICON13KM
st_romain_des_iles;ICONIFS;2026-10-17T11:00;ICON13KM;3.70;9.30;357.0;14.5;0.00;79.0;ICON13KM
st_romain_des_iles;ICONIFS;2026-10-17T12:00;ICON13KM;3.90;9.10;6.0;15.0;0.00;77.0;ICON13KM
st_romain_des_iles;ICONIFS;2026-10-17T13:00;ICON13KM;3.90;8.70;18.0;15.5;0.00;75.0;ICON13KM
st_romain_des_iles;ICONIFS;2026-10-17T14:00;ICON13KM;3.90;8.40;27.0;15.9;0.00;73.0;ICON13KM
st_romain_des_iles;ICONIFS;2026-10-17T15:00;ICON13KM;3.90;8.60;41.0;16.4;0.00;64.0;ICON13KM
st_romain_des_iles;ICONIFS;2026-10-17T16:00;ICON13KM;3.90;8.70;57.0;16.9;0.00;55.0;ICON13KM
st_romain_des_iles;ICONIFS;2026-10-17T17:00;ICON13KM;3.60;8.60;68.0;16.9;0.00;46.0;ICON13KM
st_romain_des_iles;ICONIFS;2026-10-17T18:00;ICON13KM;2.50;7.40;72.0;16.1;0.00;48.0;ICON13KM
st_romain_des_iles;ICONIFS;2026-10-17T19:00;ICON13KM;0.70;5.80;56.0;14.8;0.00;49.0;ICON13KM
st_romain_des_iles;ICONIFS;2026-10-17T20:00;ICON13KM;0.80;4.90;270.0;13.6;0.00;51.0;ICON13KM
st_romain_des_iles;ICONIFS;2026-10-17T21:00;ICON13KM;1.40;5.10;262.0;12.7;0.00;62.0;ICON13KM
st_romain_des_iles;ICONIFS;2026-10-17T22:00;ICON13KM;1.80;5.60;257.0;12.0;0.00;74.0;ICON13KM
st_romain_des_iles;ICONIFS;2026-10-17T23:00;ICON13KM;2.00;6.40;253.0;11.3;0.00;85.0;ICON13KM
st_romain_des_iles;ICONIFS;2026-10-18T00:00;ICON13KM;2.10;6.80;248.0;10.8;0.00;90.0;ICON13KM
st_romain_des_iles;ICONIFS;2026-10-18T01:00;ICON13KM;2.10;7.40;248.0;10.3;0.00;94.0;ICON13KM
st_romain_des_iles;ICONIFS;2026-10-18T02:00;ICON13KM;1.90;7.60;246.0;10.0;0.00;99.0;ICON13KM
treffort;ICONIFS;2026-10-10T00:00;ICONCH1;1.20;8.60;309.0;11.0;0.00;100.0;ICONCH1
treffort;ICONIFS;2026-10-10T01:00;ICONCH1;1.00;2.30;127.0;9.7;0.00;98.0;ICONCH1
treffort;ICONIFS;2026-10-10T02:00;ICONCH1;3.60;6.00;144.0;9.5;0.00;100.0;ICONCH1
treffort;ICONIFS;2026-10-10T03:00;ICONCH1;1.60;6.00;173.0;9.3;0.00;100.0;ICONCH1
treffort;ICONIFS;2026-10-10T04:00;ICONCH1;1.40;2.30;315.0;10.1;0.00;100.0;ICONCH1
treffort;ICONIFS;2026-10-10T05:00;ICONCH1;3.30;5.40;310.0;10.4;0.00;100.0;ICONCH1
treffort;ICONIFS;2026-10-10T06:00;ICONCH1;4.40;7.40;322.0;11.1;0.00;100.0;ICONCH1
treffort;ICONIFS;2026-10-10T07:00;ICONCH1;5.80;9.70;310.0;11.2;0.00;100.0;ICONCH1
treffort;ICONIFS;2026-10-10T08:00;ICONCH1;6.20;11.50;309.0;11.4;0.00;100.0;ICONCH1
treffort;ICONIFS;2026-10-10T09:00;ICONCH1;6.20;11.50;309.0;11.5;0.00;99.0;ICONCH1
treffort;ICONIFS;2026-10-10T10:00;ICONCH1;8.60;14.80;327.0;12.4;0.00;89.0;ICONCH1
treffort;ICONIFS;2026-10-10T11:00;ICONCH1;9.20;17.70;338.0;13.1;0.00;75.0;ICONCH1
treffort;ICONIFS;2026-10-10T12:00;ICONCH1;9.30;17.30;340.0;13.5;0.00;83.0;ICONCH1
treffort;ICONIFS;2026-10-10T13:00;ICONCH1;10.00;18.10;345.0;13.9;0.00;73.0;ICONCH1
treffort;ICONIFS;2026-10-10T14:00;ICONCH1;11.00;20.00;353.0;14.4;0.00;55.0;ICONCH1
treffort;ICONIFS;2026-10-10T15:00;ICONCH1;11.30;19.80;354.0;15.3;0.00;72.0;ICONCH1
treffort;ICONIFS;2026-10-10T16:00;ICONCH1;10.50;19.80;338.0;15.0;0.00;69.0;ICONCH1
treffort;ICONIFS;2026-10-10T17:00;ICONCH1;9.00;17.90;336.0;15.0;0.00;5.0;ICONCH1
treffort;ICONIFS;2026-10-10T18:00;ICONCH1;7.80;15.40;328.0;14.3;0.00;19.0;ICONCH1
treffort;ICONIFS;2026-10-10T19:00;ICONCH1;6.50;13.00;321.0;13.5;0.00;36.0;ICONCH1
treffort;ICONIFS;2026-10-10T20:00;ICONCH1;6.10;10.10;320.0;14.0;0.00;11.0;ICONCH1
treffort;ICONIFS;2026-10-10T21:00;ICONCH1;5.50;10.50;309.0;13.4;0.00;45.0;ICONCH1
treffort;ICONIFS;2026-10-10T22:00;ICONCH1;4.10;9.50;329.0;13.3;0.00;81.0;ICONCH1
treffort;ICONIFS;2026-10-10T23:00;ICONCH1;4.60;7.80;310.0;13.5;0.00;77.0;ICONCH1
treffort;ICONIFS;2026-10-11T00:00;ICONCH1;5.70;9.50;311.0;13.3;0.00;81.0;ICONCH1
treffort;ICONIFS;2026-10-11T01:00;ICONCH1;7.30;12.40;328.0;12.9;0.00;60.0;ICONCH1
treffort;ICONIFS;2026-10-11T02:00;ICONCH1;7.20;12.40;322.0;12.3;0.00;77.0;ICONCH1
treffort;ICONIFS;2026-10-11T03:00;ICONCH1;7.30;12.60;312.0;11.9;0.00;60.0;ICONCH1
treffort;ICONIFS;2026-10-11T04:00;ICONCH1;5.80;12.20;310.0;11.7;0.00;100.0;ICONCH1
treffort;ICONIFS;2026-10-11T05:00;ICONCH1;4.90;9.90;315.0;11.5;0.00;100.0;ICONCH1
treffort;ICONIFS;2026-10-11T06:00;ICONCH1;4.60;8.40;320.0;11.4;0.00;100.0;ICONCH1
treffort;ICONIFS;2026-10-11T07:00;ICONCH1;4.70;8.20;322.0;11.2;0.00;100.0;ICONCH1
treffort;ICONIFS;2026-10-11T08:00;ICONCH1;5.80;10.10;320.0;10.9;0.00;100.0;ICONCH1
treffort;ICONIFS;2026-10-11T09:00;ICONCH1;6.00;10.70;327.0;10.9;0.00;99.0;ICONCH1
treffort;ICONIFS;2026-10-11T10:00;ICONCH1;6.30;11.10;342.0;11.2;0.00;100.0;ICONCH1
treffort;ICONIFS;2026-10-11T11:00;ICONCH1;6.50;11.90;351.0;11.7;0.00;98.0;ICONCH1
treffort;ICONIFS;2026-10-11T12:00;ICONCH1;8.90;15.60;350.0;12.7;0.00;100.0;ICONCH1
treffort;ICONIFS;2026-10-11T13:00;ICONCH1;10.80;18.90;354.0;13.6;0.00;100.0;ICONCH1
treffort;ICONIFS;2026-10-11T14:00;ICONCH1;10.80;19.40;354.0;14.3;0.00;100.0;ICONCH1
treffort;ICONIFS;2026-10-11T15:00;ICONCH1;11.00;19.20;346.0;14.6;0.00;100.0;ICONCH1
treffort;ICONIFS;2026-10-11T16:00;ICONCH1;9.90;19.40;356.0;14.2;0.00;100.0;ICONCH1
treffort;ICONIFS;2026-10-11T17:00;ICONCH1;10.50;18.50;345.0;13.9;0.00;96.0;ICONCH1
treffort;ICONIFS;2026-10-11T18:00;ICONCH1;8.30;17.90;339.0;13.3;0.00;100.0;ICONCH1
treffort;ICONIFS;2026-10-11T19:00;ICONCH1;7.30;14.20;320.0;12.7;0.00;100.0;ICONCH1
treffort;ICONIFS;2026-10-11T20:00;ICONCH1;6.90;12.40;315.0;12.2;0.00;95.0;ICONCH1
treffort;ICONIFS;2026-10-11T21:00;ICONCH1;2.80;11.50;326.0;11.8;0.00;81.0;ICONCH1
treffort;ICONIFS;2026-10-11T22:00;ICONCH1;2.10;4.70;275.0;11.1;0.00;81.0;ICONCH1
treffort;ICONIFS;2026-10-11T23:00;ICONCH1;0.60;3.30;288.0;10.5;0.00;81.0;ICONCH1
treffort;ICONIFS;2026-10-12T00:00;ICONCH1;1.00;1.20;259.0;10.1;0.00;69.0;ICONCH1
treffort;ICONIFS;2026-10-12T01:00;ICONCH1;0.20;1.90;270.0;10.0;0.00;88.0;ICONCH1
treffort;ICONIFS;2026-10-12T02:00;ICONCH1;1.00;1.60;127.0;9.3;0.00;96.0;ICONCH1
treffort;ICONIFS;2026-10-12T03:00;ICONCH1;3.10;5.20;145.0;8.5;0.00;100.0;ICONCH1
treffort;ICONIFS;2026-10-12T04:00;ICONCH1;2.90;5.40;143.0;9.0;0.00;100.0;ICONCH1
treffort;ICONIFS;2026-10-12T05:00;ICONCH1;1.20;5.40;141.0;9.2;0.00;98.0;ICONCH1
treffort;ICONIFS;2026-10-12T06:00;ICONCH2;1.60;3.30;315.0;8.4;0.00;68.0;ICONCH2
treffort;ICONIFS;2026-10-12T07:00;ICONCH2;1.20;3.10;342.0;8.0;0.00;59.0;ICONCH2
treffort;ICONIFS;2026-10-12T08:00;ICONCH2;2.10;3.90;326.0;7.2;0.00;57.0;ICONCH2
treffort;ICONIFS;2026-10-12T09:00;ICONCH2;2.10;4.50;311.0;8.3;0.00;72.0;ICONCH2
treffort;ICONIFS;2026-10-12T10:00;ICONCH2;3.00;6.00;320.0;10.4;0.00;50.0;ICONCH2
treffort;ICONIFS;2026-10-12T11:00;ICONCH2;3.20;6.60;327.0;11.9;0.00;56.0;ICONCH2
treffort;ICONIFS;2026-10-12T12:00;ICONCH2;4.40;8.70;331.0;13.1;0.00;3.0;ICONCH2
treffort;ICONIFS;2026-10-12T13:00;ICONCH2;6.40;12.20;335.0;14.1;0.00;0.0;ICONCH2
treffort;ICONIFS;2026-10-12T14:00;ICONCH2;7.10;13.60;334.0;14.6;0.00;0.0;ICONCH2
treffort;ICONIFS;2026-10-12T15:00;ICONCH2;7.40;13.60;333.0;15.1;0.00;0.0;ICONCH2
treffort;ICONIFS;2026-10-12T16:00;ICONCH2;7.50;13.80;335.0;15.0;0.00;0.0;ICONCH2
treffort;ICONIFS;2026-10-12T17:00;ICONCH2;6.60;13.80;332.0;14.5;0.00;0.0;ICONCH2
treffort;ICONIFS;2026-10-12T18:00;ICONCH2;4.90;12.20;326.0;13.6;0.00;0.0;ICONCH2
treffort;ICONIFS;2026-10-12T19:00;ICONCH2;3.00;9.90;328.0;12.0;0.00;33.0;ICONCH2
treffort;ICONIFS;2026-10-12T20:00;ICONCH2;1.60;6.00;330.0;11.0;0.00;53.0;ICONCH2
treffort;ICONIFS;2026-10-12T21:00;ICONCH2;1.20;3.70;351.0;10.9;0.00;62.0;ICONCH2
treffort;ICONIFS;2026-10-12T22:00;ICONCH2;0.60;2.50;90.0;10.6;0.00;68.0;ICONCH2
treffort;ICONIFS;2026-10-12T23:00;ICONCH2;2.60;3.30;171.0;10.6;0.00;47.0;ICONCH2
treffort;ICONIFS;2026-10-13T00:00;ICONCH2;2.30;4.30;204.0;9.8;0.00;55.0;ICONCH2
treffort;ICONIFS;2026-10-13T01:00;ICONCH2;2.30;4.90;211.0;8.6;0.00;62.0;ICONCH2
treffort;ICONIFS;2026-10-13T02:00;ICONCH2;2.90;4.50;208.0;8.5;0.00;46.0;ICONCH2
treffort;ICONIFS;2026-10-13T03:00;ICONCH2;3.50;5.40;214.0;8.4;0.00;26.0;ICONCH2
treffort;ICONIFS;2026-10-13T04:00;ICONCH2;3.70;6.40;212.0;8.7;0.00;16.0;ICONCH2
treffort;ICONIFS;2026-10-13T05:00;ICONCH2;3.90;6.60;198.0;8.7;0.00;18.0;ICONCH2
treffort;ICONIFS;2026-10-13T06:00;ICONCH2;4.40;8.00;195.0;8.9;0.00;5.0;ICONCH2
treffort;ICONIFS;2026-10-13T07:00;ICONCH2;4.80;8.40;194.0;9.0;0.00;55.0;ICONCH2
treffort;ICONIFS;2026-10-13T08:00;ICONCH2;4.50;8.60;198.0;8.9;0.00;71.0;ICONCH2
treffort;ICONIFS;2026-10-13T09:00;ICONCH2;4.30;8.00;185.0;9.3;0.00;45.0;ICONCH2
treffort;ICONIFS;2026-10-13T10:00;ICONCH2;4.50;8.60;182.0;10.3;0.00;0.0;ICONCH2
treffort;ICONIFS;2026-10-13T11:00;ICONCH2;3.90;8.70;189.0;12.5;0.00;0.0;ICONCH2
treffort;ICONIFS;2026-10-13T12:00;ICONCH2;1.00;7.80;180.0;15.2;0.00;0.0;ICONCH2
treffort;ICONIFS;2026-10-13T13:00;ICONCH2;1.80;4.30;354.0;16.7;0.00;0.0;ICONCH2
treffort;ICONIFS;2026-10-13T14:00;ICONCH2;5.10;9.90;349.0;17.9;0.00;13.0;ICONCH2
treffort;ICONIFS;2026-10-13T15:00;ICONCH2;6.00;11.70;345.0;17.9;0.00;54.0;ICONCH2
treffort;ICONIFS;2026-10-13T16:00;ICONCH2;6.10;12.20;343.0;17.7;0.00;11.0;ICONCH2
treffort;ICONIFS;2026-10-13T17:00;ICONCH2;6.30;12.80;338.0;16.8;0.00;45.0;ICONCH2
treffort;ICONIFS;2026-10-13T18:00;ICONCH2;5.40;12.60;334.0;15.4;0.00;60.0;ICONCH2
treffort;ICONIFS;2026-10-13T19:00;ICONCH2;3.70;10.90;332.0;13.3;0.00;100.0;ICONCH2
treffort;ICONIFS;2026-10-13T20:00;ICONCH2;3.00;8.00;320.0;12.2;0.00;100.0;ICONCH2
treffort;ICONIFS;2026-10-13T21:00;ICONCH2;2.60;6.40;312.0;12.1;0.00;100.0;ICONCH2
treffort;ICONIFS;2026-10-13T22:00;ICONCH2;2.60;5.60;306.0;11.8;0.00;100.0;ICONCH2
treffort;ICONIFS;2026-10-13T23:00;ICONCH2;2.50;5.20;293.0;11.6;0.00;100.0;ICONCH2
treffort;ICONIFS;2026-10-14T00:00;ICONCH2;2.20;5.20;297.0;11.5;0.00;100.0;ICONCH2
treffort;ICONIFS;2026-10-14T01:00;ICONCH2;2.20;4.50;315.0;11.1;0.00;100.0;ICONCH2
treffort;ICONIFS;2026-10-14T02:00;ICONCH2;1.80;4.30;302.0;11.3;0.00;100.0;ICONCH2
treffort;ICONIFS;2026-10-14T03:00;ICONCH2;2.30;3.90;301.0;11.6;0.00;100.0;ICONCH2
treffort;ICONIFS;2026-10-14T04:00;ICONCH2;1.80;3.90;288.0;11.7;0.00;100.0;ICONCH2
treffort;ICONIFS;2026-10-14T05:00;ICONCH2;3.20;5.20;237.0;11.8;0.00;100.0;ICONCH2
treffort;ICONIFS;2026-10-14T06:00;ICONCH2;3.00;6.60;220.0;8.9;0.00;100.0;ICONCH2
treffort;ICONIFS;2026-10-14T07:00;ICONCH2;2.70;5.20;210.0;9.1;0.00;100.0;ICONCH2
treffort;ICONIFS;2026-10-14T08:00;ICONCH2;3.30;5.40;225.0;8.9;0.00;78.0;ICONCH2
treffort;ICONIFS;2026-10-14T09:00;ICONCH2;2.10;5.40;221.0;10.2;0.00;39.0;ICONCH2
treffort;ICONIFS;2026-10-14T10:00;ICONCH2;1.90;3.70;204.0;12.6;0.00;100.0;ICONCH2
treffort;ICONIFS;2026-10-14T11:00;ICONCH2;1.40;4.50;172.0;14.7;0.00;100.0;ICONCH2
treffort;ICONIFS;2026-10-14T12:00;ICONCH2;0.40;3.50;153.0;16.2;0.00;0.0;ICONCH2
treffort;ICONIFS;2026-10-14T13:00;ICONCH2;0.40;2.30;297.0;17.5;0.00;0.0;ICONCH2
treffort;ICONIFS;2026-10-14T14:00;ICONCH2;3.10;6.40;338.0;19.0;0.00;0.0;ICONCH2
treffort;ICONIFS;2026-10-14T15:00;ICON13KM;3.00;7.40;15.0;18.7;0.00;0.0;ICON13KM
treffort;ICONIFS;2026-10-14T16:00;ICON13KM;3.20;7.60;11.0;18.8;0.00;0.0;ICON13KM
treffort;ICONIFS;2026-10-14T17:00;ICON13KM;3.10;7.40;7.0;18.3;0.00;0.0;ICON13KM
treffort;ICONIFS;2026-10-14T18:00;ICON13KM;2.30;6.00;5.0;16.6;0.00;0.0;ICON13KM
treffort;ICONIFS;2026-10-14T19:00;ICON13KM;1.00;4.50;11.0;14.2;0.00;0.0;ICON13KM
treffort;ICONIFS;2026-10-14T20:00;ICON13KM;0.00;3.10;270.0;12.1;0.00;0.0;ICON13KM
treffort;ICONIFS;2026-10-14T21:00;ICON13KM;0.70;2.70;214.0;10.9;0.00;16.0;ICON13KM
treffort;ICONIFS;2026-10-14T22:00;ICON13KM;1.40;2.90;225.0;10.0;0.00;32.0;ICON13KM
treffort;ICONIFS;2026-10-14T23:00;ICON13KM;1.80;3.10;221.0;9.4;0.00;48.0;ICON13KM
treffort;ICONIFS;2026-10-15T00:00;ICON13KM;1.90;3.30;217.0;9.0;0.00;44.0;ICON13KM
treffort;ICONIFS;2026-10-15T01:00;ICON13KM;1.70;3.50;207.0;8.9;0.00;40.0;ICON13KM
treffort;ICONIFS;2026-10-15T02:00;ICON13KM;1.70;3.70;201.0;8.8;0.00;36.0;ICON13KM
treffort;ICONIFS;2026-10-15T03:00;ICON13KM;1.70;3.70;201.0;8.6;0.00;33.0;ICON13KM
treffort;ICONIFS;2026-10-15T04:00;ICON13KM;1.90;3.50;204.0;8.4;0.00;29.0;ICON13KM
treffort;ICONIFS;2026-10-15T05:00;ICON13KM;1.90;3.50;204.0;8.3;0.00;26.0;ICON13KM
treffort;ICONIFS;2026-10-15T06:00;ICON13KM;2.00;3.70;209.0;7.8;0.00;22.0;ICON13KM
treffort;ICONIFS;2026-10-15T07:00;ICON13KM;2.00;3.90;209.0;7.3;0.00;19.0;ICON13KM
treffort;ICONIFS;2026-10-15T08:00;ICON13KM;2.00;4.10;209.0;7.8;0.00;15.0;ICON13KM
treffort;ICONIFS;2026-10-15T09:00;ICON13KM;1.60;4.30;210.0;9.8;0.00;10.0;ICON13KM
treffort;ICONIFS;2026-10-15T10:00;ICON13KM;1.00;4.30;202.0;12.8;0.00;5.0;ICON13KM
treffort;ICONIFS;2026-10-15T11:00;ICON13KM;0.60;4.50;198.0;15.5;0.00;0.0;ICON13KM
treffort;ICONIFS;2026-10-15T12:00;ICON13KM;0.80;5.10;194.0;17.4;0.00;6.0;ICON13KM
treffort;ICONIFS;2026-10-15T13:00;ICON13KM;1.00;5.80;191.0;19.1;0.00;11.0;ICON13KM
treffort;ICONIFS;2026-10-15T14:00;ICON13KM;1.20;6.00;198.0;20.2;0.00;17.0;ICON13KM
treffort;ICONIFS;2026-10-15T15:00;ICON13KM;1.00;5.40;217.0;20.9;0.00;24.0;ICON13KM
treffort;ICONIFS;2026-10-15T16:00;ICON13KM;0.80;4.70;270.0;21.1;0.00;31.0;ICON13KM
treffort;ICONIFS;2026-10-15T17:00;ICON13KM;1.00;3.70;292.0;20.6;0.00;38.0;ICON13KM
treffort;ICONIFS;2026-10-15T18:00;ICON13KM;0.80;2.90;284.0;19.0;0.00;38.0;ICON13KM
treffort;ICONIFS;2026-10-15T19:00;ICON13KM;0.70;2.10;236.0;16.7;0.00;38.0;ICON13KM
treffort;ICONIFS;2026-10-15T20:00;ICON13KM;1.00;1.70;202.0;14.6;0.00;38.0;ICON13KM
treffort;ICONIFS;2026-10-15T21:00;ICON13KM;1.20;1.90;198.0;13.2;0.00;49.0;ICON13KM
treffort;ICONIFS;2026-10-15T22:00;ICON13KM;1.40;2.50;196.0;12.1;0.00;59.0;ICON13KM
treffort;ICONIFS;2026-10-15T23:00;ICON13KM;1.40;2.70;196.0;11.2;0.00;70.0;ICON13KM
treffort;ICONIFS;2026-10-16T00:00;ICON13KM;1.00;2.50;217.0;10.5;0.00;80.0;ICON13KM
treffort;ICONIFS;2026-10-16T01:00;ICON13KM;0.80;1.90;270.0;10.1;0.00;90.0;ICON13KM
treffort;ICONIFS;2026-10-16T02:00;ICON13KM;1.10;1.60;301.0;9.5;0.00;100.0;ICON13KM
treffort;ICONIFS;2026-10-16T03:00;ICON13KM;1.00;1.40;307.0;8.6;0.00;100.0;ICON13KM
treffort;ICONIFS;2026-10-16T04:00;ICON13KM;0.70;1.20;304.0;7.5;0.00;100.0;ICON13KM
treffort;ICONIFS;2026-10-16T05:00;ICON13KM;0.40;1.20;297.0;6.8;0.00;100.0;ICON13KM
treffort;ICONIFS;2026-10-16T06:00;ICON13KM;0.40;1.20;243.0;6.3;0.00;100.0;ICON13KM
treffort;ICONIFS;2026-10-16T07:00;ICON13KM;0.80;1.20;225.0;6.2;0.00;100.0;ICON13KM
treffort;ICONIFS;2026-10-16T08:00;ICON13KM;1.00;1.60;217.0;7.0;0.00;100.0;ICON13KM
treffort;ICONIFS;2026-10-16T09:00;ICON13KM;0.30;2.50;225.0;9.4;0.00;79.0;ICON13KM
treffort;ICONIFS;2026-10-16T10:00;ICON13KM;0.60;3.70;18.0;12.6;0.00;58.0;ICON13KM
treffort;ICONIFS;2026-10-16T11:00;ICON13KM;1.30;4.70;27.0;15.4;0.00;37.0;ICON13KM
treffort;ICONIFS;2026-10-16T12:00;ICON13KM;1.50;5.20;23.0;17.3;0.00;32.0;ICON13KM
treffort;ICONIFS;2026-10-16T13:00;ICON13KM;1.50;5.60;23.0;18.8;0.00;26.0;ICON13KM
treffort;ICONIFS;2026-10-16T14:00;ICON13KM;1.70;5.80;21.0;19.7;0.00;21.0;ICON13KM
treffort;ICONIFS;2026-10-16T15:00;ICON13KM;2.00;6.20;17.0;20.3;0.00;35.0;ICON13KM
treffort;ICONIFS;2026-10-16T16:00;ICON13KM;2.60;6.60;17.0;20.4;0.00;49.0;ICON13KM
treffort;ICONIFS;2026-10-16T17:00;ICON13KM;2.80;6.60;16.0;19.7;0.00;63.0;ICON13KM
treffort;ICONIFS;2026-10-16T18:00;ICON13KM;2.80;6.00;12.0;17.6;0.00;75.0;ICON13KM
treffort;ICONIFS;2026-10-16T19:00;ICON13KM;2.30;5.10;360.0;14.8;0.00;88.0;ICON13KM
treffort;ICONIFS;2026-10-16T20:00;ICON13KM;2.10;4.10;355.0;12.6;0.00;100.0;ICON13KM
treffort;ICONIFS;2026-10-16T21:00;ICON13KM;2.00;3.50;354.0;11.5;0.00;99.0;ICON13KM
treffort;ICONIFS;2026-10-16T22:00;ICON13KM;1.70;3.10;360.0;11.1;0.00;99.0;ICON13KM
treffort;ICONIFS;2026-10-16T23:00;ICON13KM;1.60;2.70;7.0;10.7;0.00;98.0;ICON13KM
treffort;ICONIFS;2026-10-17T00:00;ICON13KM;1.20;2.50;9.0;10.4;0.00;99.0;ICON13KM
treffort;ICONIFS;2026-10-17T01:00;ICON13KM;0.80;2.70;14.0;10.2;0.00;99.0;ICON13KM
treffort;ICONIFS;2026-10-17T02:00;ICON13KM;0.60;2.70;18.0;10.0;0.00;100.0;ICON13KM
treffort;ICONIFS;2026-10-17T03:00;ICON13KM;0.70;2.70;34.0;9.8;0.00;100.0;ICON13KM
treffort;ICONIFS;2026-10-17T04:00;ICON13KM;0.70;2.90;34.0;9.6;0.00;100.0;ICON13KM
treffort;ICONIFS;2026-10-17T05:00;ICON13KM;1.00;2.90;37.0;9.4;0.00;100.0;ICON13KM
treffort;ICONIFS;2026-10-17T06:00;ICON13KM;1.00;2.70;37.0;9.0;0.00;100.0;ICON13KM
treffort;ICONIFS;2026-10-17T07:00;ICON13KM;1.10;2.30;31.0;8.6;0.00;100.0;ICON13KM
treffort;ICONIFS;2026-10-17T08:00;ICON13KM;1.10;2.50;31.0;8.7;0.00;100.0;ICON13KM
treffort;ICONIFS;2026-10-17T09:00;ICON13KM;1.30;3.50;27.0;9.8;0.00;100.0;ICON13KM
treffort;ICONIFS;2026-10-17T10:00;ICON13KM;1.60;5.10;14.0;11.5;0.00;100.0;ICON13KM
treffort;ICONIFS;2026-10-17T11:00;ICON13KM;1.60;6.00;14.0;13.2;0.00;100.0;ICON13KM
treffort;ICONIFS;2026-10-17T12:00;ICON13KM;1.40;6.20;16.0;14.9;0.00;98.0;ICON13KM
treffort;ICONIFS;2026-10-17T13:00;ICON13KM;1.10;6.00;31.0;16.5;0.00;95.0;ICON13KM
treffort;ICONIFS;2026-10-17T14:00;ICON13KM;1.00;5.60;53.0;17.7;0.00;93.0;ICON13KM
treffort;ICONIFS;2026-10-17T15:00;ICON13KM;1.10;5.40;59.0;18.4;0.00;95.0;ICON13KM
treffort;ICONIFS;2026-10-17T16:00;ICON13KM;1.30;5.10;63.0;18.7;0.00;98.0;ICON13KM
treffort;ICONIFS;2026-10-17T17:00;ICON13KM;1.30;4.90;63.0;18.3;0.00;100.0;ICON13KM
treffort;ICONIFS;2026-10-17T18:00;ICON13KM;1.20;4.50;51.0;16.9;0.00;100.0;ICON13KM
treffort;ICONIFS;2026-10-17T19:00;ICON13KM;1.20;4.30;18.0;14.8;0.00;100.0;ICON13KM
treffort;ICONIFS;2026-10-17T20:00;ICON13KM;1.20;4.10;360.0;13.1;0.00;100.0;ICON13KM
treffort;ICONIFS;2026-10-17T21:00;ICON13KM;0.50;4.10;315.0;12.0;0.00;100.0;ICON13KM
treffort;ICONIFS;2026-10-17T22:00;ICON13KM;1.10;4.30;225.0;11.3;0.00;100.0;ICON13KM
treffort;ICONIFS;2026-10-17T23:00;ICON13KM;2.00;4.50;209.0;10.7;0.00;100.0;ICON13KM
treffort;ICONIFS;2026-10-18T00:00;ICON13KM;2.20;4.70;207.0;10.1;0.00;100.0;ICON13KM
treffort;ICONIFS;2026-10-18T01:00;ICON13KM;2.20;4.90;207.0;9.5;0.00;100.0;ICON13KM
treffort;ICONIFS;2026-10-18T02:00;ICON13KM;2.20;5.10;207.0;9.2;0.00;100.0;ICON13KM
treffort;ICONIFS;2026-10-18T03:00;IFS;1.70;10.70;324.0;7.9;0.10;100.0;IFS
treffort;ICONIFS;2026-10-18T04:00;IFS;1.40;9.50;321.0;7.6;0.10;100.0;IFS
treffort;ICONIFS;2026-10-18T05:00;IFS;1.00;8.40;311.0;7.2;0.10;100.0;IFS
treffort;ICONIFS;2026-10-18T06:00;IFS;0.90;7.40;302.0;6.9;0.10;100.0;IFS
treffort;ICONIFS;2026-10-18T07:00;IFS;0.70;6.60;293.0;6.8;0.10;100.0;IFS
treffort;ICONIFS;2026-10-18T08:00;IFS;0.70;6.20;286.0;7.0;0.10;100.0;IFS
treffort;ICONIFS;2026-10-18T09:00;IFS;0.70;6.00;293.0;7.5;0.00;98.0;IFS
treffort;ICONIFS;2026-10-18T10:00;IFS;1.00;6.20;311.0;8.4;0.00;95.0;IFS
treffort;ICONIFS;2026-10-18T11:00;IFS;1.40;6.60;321.0;9.4;0.00;91.0;IFS
treffort;ICONIFS;2026-10-18T12:00;IFS;1.70;7.20;329.0;10.4;0.00;88.0;IFS
treffort;ICONIFS;2026-10-18T13:00;IFS;2.00;7.80;331.0;11.2;0.00;85.0;IFS
treffort;ICONIFS;2026-10-18T14:00;IFS;2.10;8.60;330.0;11.5;0.00;84.0;IFS
treffort;ICONIFS;2026-10-18T15:00;IFS;2.10;9.70;326.0;11.4;0.00;84.0;IFS
treffort;ICONIFS;2026-10-18T16:00;IFS;1.90;11.10;321.0;10.8;0.00;86.0;IFS
treffort;ICONIFS;2026-10-18T17:00;IFS;1.70;12.80;310.0;10.1;0.00;88.0;IFS
treffort;ICONIFS;2026-10-18T18:00;IFS;1.50;14.20;293.0;9.3;0.00;90.0;IFS
treffort;ICONIFS;2026-10-18T19:00;IFS;1.40;15.40;278.0;8.6;0.00;92.0;IFS
treffort;ICONIFS;2026-10-18T20:00;IFS;1.40;15.60;266.0;8.1;0.00;94.0;IFS
treffort;ICONIFS;2026-10-18T21:00;IFS;1.30;14.80;257.0;7.9;0.00;95.0;IFS
treffort;ICONIFS;2026-10-18T22:00;IFS;1.30;13.40;247.0;7.8;0.00;97.0;IFS
treffort;ICONIFS;2026-10-18T23:00;IFS;1.30;11.50;238.0;7.8;0.00;98.0;IFS
treffort;ICONIFS;2026-10-19T00:00;IFS;1.20;9.30;231.0;7.9;0.00;99.0;IFS
treffort;ICONIFS;2026-10-19T01:00;IFS;1.20;7.60;225.0;7.9;0.00;99.0;IFS
treffort;ICONIFS;2026-10-19T02:00;IFS;1.20;6.40;222.0;7.9;0.00;100.0;IFS
treffort;ICONIFS;2026-10-19T03:00;IFS;1.10;5.80;225.0;7.8;0.00;100.0;IFS
treffort;ICONIFS;2026-10-19T04:00;IFS;1.00;5.40;229.0;7.5;0.00;100.0;IFS
treffort;ICONIFS;2026-10-19T05:00;IFS;1.00;5.20;233.0;7.2;0.00;100.0;IFS
treffort;ICONIFS;2026-10-19T06:00;IFS;0.90;5.40;243.0;7.0;0.00;100.0;IFS
treffort;ICONIFS;2026-10-19T07:00;IFS;0.70;5.60;262.0;6.9;0.00;100.0;IFS
treffort;ICONIFS;2026-10-19T08:00;IFS;0.70;5.80;278.0;7.1;0.00;100.0;IFS
treffort;ICONIFS;2026-10-19T09:00;IFS;0.70;6.20;304.0;7.7;0.00;89.0;IFS
treffort;ICONIFS;2026-10-19T10:00;IFS;0.90;6.80;333.0;8.7;0.00;73.0;IFS
treffort;ICONIFS;2026-10-19T11:00;IFS;1.20;7.40;351.0;9.8;0.00;54.0;IFS
treffort;ICONIFS;2026-10-19T12:00;IFS;1.60;8.20;356.0;10.9;0.00;36.0;IFS
treffort;ICONIFS;2026-10-19T13:00;IFS;1.80;8.70;360.0;11.7;0.00;23.0;IFS
treffort;ICONIFS;2026-10-19T14:00;IFS;2.00;9.50;360.0;12.2;0.00;18.0;IFS
treffort;ICONIFS;2026-10-19T15:00;IFS;2.10;10.30;355.0;12.1;0.00;23.0;IFS
treffort;ICONIFS;2026-10-19T16:00;IFS;2.10;11.30;344.0;11.8;0.00;36.0;IFS
treffort;ICONIFS;2026-10-19T17:00;IFS;2.20;12.10;333.0;11.2;0.00;54.0;IFS
treffort;ICONIFS;2026-10-19T18:00;IFS;2.40;12.80;322.0;10.5;0.00;73.0;IFS
treffort;ICONIFS;2026-10-19T19:00;IFS;2.40;13.40;313.0;9.8;0.00;89.0;IFS
treffort;ICONIFS;2026-10-19T20:00;IFS;2.50;13.60;309.0;9.3;0.00;100.0;IFS
treffort;ICONIFS;2026-10-19T21:00;IFS;2.40;13.20;308.0;8.8;0.00;100.0;IFS
treffort;ICONIFS;2026-10-19T22:00;IFS;2.10;12.40;309.0;8.4;0.00;100.0;IFS
treffort;ICONIFS;2026-10-19T23:00;IFS;1.90;11.50;313.0;7.9;0.00;100.0;IFS
treffort;ICONIFS;2026-10-20T00:00;IFS;1.60;10.30;317.0;7.5;0.00;100.0;IFS
treffort;ICONIFS;2026-10-20T01:00;IFS;1.30;9.30;324.0;7.2;0.00;100.0;IFS
treffort;ICONIFS;2026-10-20T02:00;IFS;1.10;8.60;329.0;6.8;0.00;100.0;IFS
treffort;ICONIFS;2026-10-20T03:00;IFS;1.10;8.20;326.0;6.5;0.00;100.0;IFS
treffort;ICONIFS;2026-10-20T04:00;IFS;0.90;8.00;319.0;6.0;0.00;100.0;IFS
treffort;ICONIFS;2026-10-20T05:00;IFS;1.00;7.80;307.0;5.6;0.00;100.0;IFS
treffort;ICONIFS;2026-10-20T06:00;IFS;1.00;7.80;299.0;5.4;0.00;100.0;IFS
treffort;ICONIFS;2026-10-20T07:00;IFS;1.00;7.80;292.0;5.4;0.00;100.0;IFS
treffort;ICONIFS;2026-10-20T08:00;IFS;1.10;7.80;297.0;5.7;0.00;100.0;IFS
treffort;ICONIFS;2026-10-20T09:00;IFS;1.10;7.60;308.0;6.5;0.00;94.0;IFS
treffort;ICONIFS;2026-10-20T10:00;IFS;1.30;7.40;328.0;7.9;0.00;85.0;IFS
treffort;ICONIFS;2026-10-20T11:00;IFS;1.50;7.00;342.0;9.5;0.00;74.0;IFS
treffort;ICONIFS;2026-10-20T12:00;IFS;1.90;7.00;351.0;11.1;0.00;63.0;IFS
treffort;ICONIFS;2026-10-20T13:00;IFS;2.10;7.20;355.0;12.3;0.00;53.0;IFS
treffort;ICONIFS;2026-10-20T14:00;IFS;2.20;7.80;358.0;12.9;0.00;46.0;IFS
treffort;ICONIFS;2026-10-20T15:00;IFS;2.10;9.10;357.0;12.8;0.00;40.0;IFS
treffort;ICONIFS;2026-10-20T16:00;IFS;1.90;11.50;354.0;12.1;0.00;36.0;IFS
treffort;ICONIFS;2026-10-20T17:00;IFS;1.60;13.80;346.0;11.0;0.00;32.0;IFS
treffort;ICONIFS;2026-10-20T18:00;IFS;1.30;16.10;337.0;9.8;0.00;30.0;IFS
treffort;ICONIFS;2026-10-20T19:00;IFS;1.00;17.90;319.0;8.7;0.00;29.0;IFS
treffort;ICONIFS;2026-10-20T20:00;IFS;0.80;18.30;306.0;7.9;0.00;30.0;IFS
treffort;ICONIFS;2026-10-20T21:00;IFS;0.70;17.30;293.0;7.3;0.00;34.0;IFS
treffort;ICONIFS;2026-10-20T22:00;IFS;0.60;15.00;279.0;6.7;0.00;41.0;IFS
treffort;ICONIFS;2026-10-20T23:00;IFS;0.50;12.10;270.0;6.2;0.00;49.0;IFS
treffort;ICONIFS;2026-10-21T00:00;IFS;0.40;8.90;236.0;5.8;0.00;58.0;IFS
treffort;ICONIFS;2026-10-21T01:00;IFS;0.30;6.20;198.0;5.4;0.00;66.0;IFS
treffort;ICONIFS;2026-10-21T02:00;IFS;0.50;4.50;180.0;5.1;0.00;73.0;IFS
treffort;ICONIFS;2026-10-21T03:00;IFS;0.70;3.70;164.0;4.8;0.00;80.0;IFS
treffort;ICONIFS;2026-10-21T04:00;IFS;1.10;3.70;160.0;4.4;0.00;88.0;IFS
treffort;ICONIFS;2026-10-21T05:00;IFS;1.50;3.90;157.0;4.0;0.00;95.0;IFS
treffort;ICONIFS;2026-10-21T06:00;IFS;1.70;4.50;153.0;3.8;0.00;100.0;IFS
treffort;ICONIFS;2026-10-21T07:00;IFS;2.00;5.10;153.0;3.9;0.00;100.0;IFS
treffort;ICONIFS;2026-10-21T08:00;IFS;1.90;5.40;150.0;4.4;0.00;100.0;IFS
treffort;ICONIFS;2026-10-21T09:00;IFS;1.70;5.80;144.0;5.6;0.00;90.0;IFS
treffort;ICONIFS;2026-10-21T10:00;IFS;1.10;6.20;135.0;7.4;0.00;73.0;IFS
treffort;ICONIFS;2026-10-21T11:00;IFS;0.70;6.60;98.0;9.6;0.00;53.0;IFS
treffort;ICONIFS;2026-10-21T12:00;IFS;0.80;7.00;36.0;11.6;0.00;32.0;IFS
treffort;ICONIFS;2026-10-21T13:00;IFS;1.30;7.60;13.0;13.3;0.00;14.0;IFS
treffort;ICONIFS;2026-10-21T14:00;IFS;1.60;8.20;7.0;14.1;0.00;2.0;IFS
treffort;ICONIFS;2026-10-21T15:00;IFS;1.70;8.90;3.0;14.1;0.00;0.0;IFS
treffort;ICONIFS;2026-10-21T16:00;IFS;1.60;10.10;4.0;13.4;0.00;0.0;IFS
treffort;ICONIFS;2026-10-21T17:00;IFS;1.30;11.30;4.0;12.2;0.00;0.0;IFS
treffort;ICONIFS;2026-10-21T18:00;IFS;1.00;12.40;360.0;10.9;0.00;0.0;IFS
treffort;ICONIFS;2026-10-21T19:00;IFS;0.70;13.00;360.0;9.7;0.00;0.0;IFS
treffort;ICONIFS;2026-10-21T20:00;IFS;0.50;13.00;360.0;8.7;0.00;1.0;IFS
treffort;ICONIFS;2026-10-21T21:00;IFS;0.30;12.20;360.0;7.9;0.00;2.0;IFS
treffort;ICONIFS;2026-10-21T22:00;IFS;0.10;10.70;315.0;7.2;0.00;4.0;IFS
treffort;ICONIFS;2026-10-21T23:00;IFS;0.20;8.90;207.0;6.5;0.00;6.0;IFS
treffort;ICONIFS;2026-10-22T00:00;IFS;0.40;7.00;194.0;5.9;0.00;8.0;IFS
treffort;ICONIFS;2026-10-22T01:00;IFS;0.60;5.20;198.0;5.3;0.00;9.0;IFS
treffort;ICONIFS;2026-10-22T02:00;IFS;0.80;4.10;194.0;4.9;0.00;10.0;IFS
treffort;ICONIFS;2026-10-22T03:00;IFS;1.00;3.50;197.0;4.5;0.00;10.0;IFS
treffort;ICONIFS;2026-10-22T04:00;IFS;1.20;3.10;194.0;4.0;0.00;9.0;IFS
treffort;ICONIFS;2026-10-22T05:00;IFS;1.50;2.90;195.0;3.7;0.00;7.0;IFS
treffort;ICONIFS;2026-10-22T06:00;IFS;1.60;3.10;197.0;3.5;0.00;6.0;IFS
treffort;ICONIFS;2026-10-22T07:00;IFS;1.70;3.30;196.0;3.7;0.00;4.0;IFS
treffort;ICONIFS;2026-10-22T08:00;IFS;1.50;3.70;198.0;4.4;0.00;3.0;IFS
treffort;ICONIFS;2026-10-22T09:00;IFS;1.10;4.30;200.0;6.0;0.00;2.0;IFS
treffort;ICONIFS;2026-10-22T10:00;IFS;0.40;5.20;225.0;8.3;0.00;2.0;IFS
treffort;ICONIFS;2026-10-22T11:00;IFS;0.50;6.40;349.0;11.1;0.00;2.0;IFS
treffort;ICONIFS;2026-10-22T12:00;IFS;1.30;7.40;4.0;13.7;0.00;1.0;IFS
treffort;ICONIFS;2026-10-22T13:00;IFS;2.00;8.40;6.0;15.8;0.00;1.0;IFS
treffort;ICONIFS;2026-10-22T14:00;IFS;2.30;9.10;7.0;16.9;0.00;1.0;IFS
treffort;ICONIFS;2026-10-22T15:00;IFS;2.20;9.50;8.0;16.9;0.00;1.0;IFS
treffort;ICONIFS;2026-10-22T16:00;IFS;1.90;9.70;6.0;16.1;0.00;1.0;IFS
treffort;ICONIFS;2026-10-22T17:00;IFS;1.40;9.90;8.0;14.7;0.00;1.0;IFS
treffort;ICONIFS;2026-10-22T18:00;IFS;0.80;9.90;7.0;13.1;0.00;1.0;IFS
treffort;ICONIFS;2026-10-22T19:00;IFS;0.30;9.70;360.0;11.5;0.00;1.0;IFS
treffort;ICONIFS;2026-10-22T20:00;IFS;0.10;9.50;225.0;10.4;0.00;1.0;IFS
treffort;ICONIFS;2026-10-22T21:00;IFS;0.30;8.90;198.0;9.5;0.00;1.0;IFS
treffort;ICONIFS;2026-10-22T22:00;IFS;0.50;8.20;202.0;8.7;0.00;1.0;IFS
treffort;ICONIFS;2026-10-22T23:00;IFS;0.70;7.40;196.0;8.0;0.00;1.0;IFS
treffort;ICONIFS;2026-10-23T00:00;IFS;0.80;6.40;201.0;7.4;0.00;1.0;IFS
treffort;ICONIFS;2026-10-23T01:00;IFS;0.90;5.60;198.0;6.9;0.00;1.0;IFS
treffort;ICONIFS;2026-10-23T02:00;IFS;1.00;5.20;197.0;6.4;0.00;1.0;IFS
treffort;ICONIFS;2026-10-23T03:00;IFS;1.10;5.10;195.0;5.9;0.00;1.0;IFS
treffort;ICONIFS;2026-10-23T04:00;IFS;1.20;5.20;189.0;5.3;0.00;1.0;IFS
treffort;ICONIFS;2026-10-23T05:00;IFS;1.20;5.40;189.0;4.8;0.00;1.0;IFS
treffort;ICONIFS;2026-10-23T06:00;IFS;1.20;5.80;185.0;4.6;0.00;0.0;IFS
treffort;ICONIFS;2026-10-23T07:00;IFS;1.20;6.00;185.0;4.8;0.00;0.0;IFS
treffort;ICONIFS;2026-10-23T08:00;IFS;1.20;6.20;185.0;5.7;0.00;0.0;IFS
treffort;ICONIFS;2026-10-23T09:00;IFS;1.10;6.40;190.0;7.6;0.00;0.0;IFS
treffort;ICONIFS;2026-10-23T10:00;IFS;1.00;6.40;197.0;10.7;0.00;0.0;IFS
treffort;ICONIFS;2026-10-23T11:00;IFS;1.00;6.40;209.0;14.1;0.00;0.0;IFS
treffort;ICONIFS;2026-10-23T12:00;IFS;1.00;6.60;221.0;17.5;0.00;0.0;IFS
treffort;ICONIFS;2026-10-23T13:00;IFS;1.00;6.60;233.0;20.2;0.00;0.0;IFS
treffort;ICONIFS;2026-10-23T14:00;IFS;1.00;6.60;241.0;21.6;0.00;0.0;IFS
treffort;ICONIFS;2026-10-23T15:00;IFS;0.90;6.60;252.0;21.6;0.00;0.0;IFS
treffort;ICONIFS;2026-10-23T16:00;IFS;0.90;6.80;257.0;20.5;0.00;0.0;IFS
treffort;ICONIFS;2026-10-23T17:00;IFS;0.80;7.00;270.0;18.8;0.00;0.0;IFS
treffort;ICONIFS;2026-10-23T18:00;IFS;0.70;7.00;286.0;16.7;0.00;0.0;IFS
treffort;ICONIFS;2026-10-23T19:00;IFS;0.70;7.00;293.0;14.8;0.00;0.0;IFS
treffort;ICONIFS;2026-10-23T20:00;IFS;0.70;6.80;297.0;13.3;0.00;0.0;IFS
treffort;ICONIFS;2026-10-23T21:00;IFS;0.50;6.40;292.0;12.2;0.00;0.0;IFS
treffort;ICONIFS;2026-10-23T22:00;IFS;0.50;6.00;270.0;11.2;0.00;0.0;IFS
treffort;ICONIFS;2026-10-23T23:00;IFS;0.40;5.40;243.0;10.3;0.00;0.0;IFS
treffort;ICONIFS;2026-10-24T00:00;IFS;0.60;4.90;211.0;9.4;0.00;0.0;IFS
treffort;ICONIFS;2026-10-24T01:00;IFS;0.70;4.50;196.0;8.7;0.00;0.0;IFS
treffort;ICONIFS;2026-10-24T02:00;IFS;0.90;4.10;193.0;8.0;0.00;0.0;IFS
treffort;ICONIFS;2026-10-24T03:00;IFS;1.10;3.90;190.0;7.3;0.00;0.0;IFS
treffort;ICONIFS;2026-10-24T04:00;IFS;1.40;3.90;188.0;6.5;0.00;0.0;IFS
treffort;ICONIFS;2026-10-24T05:00;IFS;1.60;3.90;187.0;5.8;0.00;0.0;IFS
treffort;ICONIFS;2026-10-24T06:00;IFS;1.80;3.90;189.0;5.3;0.00;0.0;IFS
treffort;ICONIFS;2026-10-24T07:00;IFS;1.80;4.30;189.0;5.2;0.00;0.0;IFS
treffort;ICONIFS;2026-10-24T08:00;IFS;1.70;4.70;190.0;5.6;0.00;0.0;IFS
treffort;ICONIFS;2026-10-24T09:00;IFS;1.30;5.20;193.0;6.9;0.00;5.0;IFS
treffort;ICONIFS;2026-10-24T10:00;IFS;0.50;6.20;202.0;9.0;0.00;12.0;IFS
treffort;ICONIFS;2026-10-24T11:00;IFS;0.40;7.40;326.0;11.5;0.00;21.0;IFS
treffort;ICONIFS;2026-10-24T12:00;IFS;1.20;8.40;351.0;13.9;0.00;29.0;IFS
treffort;ICONIFS;2026-10-24T13:00;IFS;1.90;9.50;354.0;15.9;0.00;35.0;IFS
treffort;ICONIFS;2026-10-24T14:00;IFS;2.20;10.30;355.0;16.8;0.00;37.0;IFS
treffort;ICONIFS;2026-10-24T15:00;IFS;2.40;11.10;353.0;16.7;0.00;34.0;IFS
treffort;ICONIFS;2026-10-24T16:00;IFS;2.30;11.90;350.0;15.7;0.00;25.0;IFS
treffort;ICONIFS;2026-10-24T17:00;IFS;2.10;12.40;344.0;14.2;0.00;15.0;IFS
treffort;ICONIFS;2026-10-24T18:00;IFS;1.90;13.00;339.0;12.5;0.00;6.0;IFS
treffort;ICONIFS;2026-10-24T19:00;IFS;1.70;13.40;329.0;10.9;0.00;0.0;IFS
treffort;ICONIFS;2026-10-24T20:00;IFS;1.40;13.40;318.0;9.7;0.00;1.0;IFS
treffort;ICONIFS;2026-10-24T21:00;IFS;1.30;13.00;302.0;9.0;0.00;11.0;IFS
treffort;ICONIFS;2026-10-24T22:00;IFS;1.20;12.20;275.0;8.3;0.00;28.0;IFS
treffort;ICONIFS;2026-10-24T23:00;IFS;1.20;11.30;252.0;7.8;0.00;48.0;IFS
treffort;ICONIFS;2026-10-25T00:00;IFS;1.60;10.10;232.0;7.4;0.00;69.0;IFS
treffort;ICONIFS;2026-10-25T01:00;IFS;1.90;9.10;223.0;7.0;0.00;88.0;IFS
treffort;ICONIFS;2026-10-25T02:00;IFS;2.10;8.40;217.0;6.7;0.00;100.0;IFS
treffort;ICONIFS;2026-10-25T03:00;IFS;2.10;7.80;214.0;6.2;0.00;100.0;IFS
treffort;ICONIFS;2026-10-25T04:00;IFS;2.00;7.40;215.0;5.6;0.00;100.0;IFS
treffort;ICONIFS;2026-10-25T05:00;IFS;1.80;7.00;214.0;5.1;0.00;100.0;IFS
treffort;ICONIFS;2026-10-25T06:00;IFS;1.50;6.60;217.0;4.8;0.00;100.0;IFS
treffort;ICONIFS;2026-10-25T07:00;IFS;1.20;6.40;222.0;4.9;0.00;100.0;IFS
treffort;ICONIFS;2026-10-25T08:00;IFS;0.80;6.20;225.0;5.7;0.00;99.0;IFS
treffort;ICONIFS;2026-10-25T09:00;IFS;0.50;6.20;233.0;7.3;0.00;87.0;IFS
treffort;ICONIFS;2026-10-25T10:00;IFS;0.20;6.20;297.0;9.8;0.00;70.0;IFS
treffort;ICONIFS;2026-10-25T11:00;IFS;0.50;6.40;360.0;12.7;0.00;49.0;IFS
treffort;ICONIFS;2026-10-25T12:00;IFS;0.90;6.60;18.0;15.6;0.00;29.0;IFS
treffort;ICONIFS;2026-10-25T13:00;IFS;1.40;6.80;21.0;18.1;0.00;12.0;IFS
treffort;ICONIFS;2026-10-25T14:00;IFS;1.60;7.00;22.0;19.8;0.00;0.0;IFS
vengeron;ICONIFS;2026-10-10T00:00;ICONCH1;2.20;4.50;218.0;14.0;0.10;100.0;ICONCH1
vengeron;ICONIFS;2026-10-10T01:00;ICONCH1;2.50;3.90;231.0;14.1;0.00;100.0;ICONCH1
vengeron;ICONIFS;2026-10-10T02:00;ICONCH1;3.90;5.10;252.0;13.6;0.00;100.0;ICONCH1
vengeron;ICONIFS;2026-10-10T03:00;ICONCH1;4.50;6.20;239.0;13.2;0.10;100.0;ICONCH1
vengeron;ICONIFS;2026-10-10T04:00;ICONCH1;3.50;6.00;232.0;13.1;0.30;100.0;ICONCH1
vengeron;ICONIFS;2026-10-10T05:00;ICONCH1;3.30;5.20;216.0;12.9;0.40;100.0;ICONCH1
vengeron;ICONIFS;2026-10-10T06:00;ICONCH1;3.90;5.40;186.0;13.3;0.30;100.0;ICONCH1
vengeron;ICONIFS;2026-10-10T07:00;ICONCH1;3.70;5.40;186.0;13.3;0.10;100.0;ICONCH1
vengeron;ICONIFS;2026-10-10T08:00;ICONCH1;6.10;8.00;171.0;13.5;0.10;100.0;ICONCH1
vengeron;ICONIFS;2026-10-10T09:00;ICONCH1;3.00;8.20;195.0;13.4;0.30;97.0;ICONCH1
vengeron;ICONIFS;2026-10-10T10:00;ICONCH1;3.30;6.00;201.0;13.6;0.10;100.0;ICONCH1
vengeron;ICONIFS;2026-10-10T11:00;ICONCH1;5.00;7.80;169.0;14.0;0.40;100.0;ICONCH1
vengeron;ICONIFS;2026-10-10T12:00;ICONCH1;3.90;6.40;177.0;14.4;0.00;85.0;ICONCH1
vengeron;ICONIFS;2026-10-10T13:00;ICONCH1;5.10;6.80;169.0;15.0;0.00;76.0;ICONCH1
vengeron;ICONIFS;2026-10-10T14:00;ICONCH1;7.10;9.10;206.0;16.1;0.00;100.0;ICONCH1
vengeron;ICONIFS;2026-10-10T15:00;ICONCH1;7.70;10.50;214.0;16.4;0.00;85.0;ICONCH1
vengeron;ICONIFS;2026-10-10T16:00;ICONCH1;9.20;12.10;215.0;16.6;0.00;88.0;ICONCH1
vengeron;ICONIFS;2026-10-10T17:00;ICONCH1;9.40;12.80;207.0;16.7;0.00;36.0;ICONCH1
vengeron;ICONIFS;2026-10-10T18:00;ICONCH1;7.80;12.40;210.0;16.7;0.00;15.0;ICONCH1
vengeron;ICONIFS;2026-10-10T19:00;ICONCH1;6.10;10.10;228.0;16.2;0.00;22.0;ICONCH1
vengeron;ICONIFS;2026-10-10T20:00;ICONCH1;4.30;5.60;198.0;15.8;0.00;49.0;ICONCH1
vengeron;ICONIFS;2026-10-10T21:00;ICONCH1;3.10;5.60;187.0;15.1;0.00;17.0;ICONCH1
vengeron;ICONIFS;2026-10-10T22:00;ICONCH1;3.20;5.20;218.0;14.8;0.00;39.0;ICONCH1
vengeron;ICONIFS;2026-10-10T23:00;ICONCH1;3.60;5.10;248.0;13.8;0.00;8.0;ICONCH1
vengeron;ICONIFS;2026-10-11T00:00;ICONCH1;2.90;4.90;242.0;13.6;0.00;0.0;ICONCH1
vengeron;ICONIFS;2026-10-11T01:00;ICONCH1;2.80;4.30;236.0;12.9;0.00;59.0;ICONCH1
vengeron;ICONIFS;2026-10-11T02:00;ICONCH1;2.80;3.90;236.0;12.8;0.00;51.0;ICONCH1
vengeron;ICONIFS;2026-10-11T03:00;ICONCH1;1.80;3.90;238.0;12.4;0.00;0.0;ICONCH1
vengeron;ICONIFS;2026-10-11T04:00;ICONCH1;2.50;3.50;203.0;12.6;0.00;0.0;ICONCH1
vengeron;ICONIFS;2026-10-11T05:00;ICONCH1;3.70;5.10;231.0;11.9;0.00;54.0;ICONCH1
vengeron;ICONIFS;2026-10-11T06:00;ICONCH1;4.40;5.60;232.0;11.5;0.00;95.0;ICONCH1
vengeron;ICONIFS;2026-10-11T07:00;ICONCH1;4.00;5.80;235.0;11.1;0.00;96.0;ICONCH1
vengeron;ICONIFS;2026-10-11T08:00;ICONCH1;3.60;5.40;257.0;10.3;0.00;97.0;ICONCH1
vengeron;ICONIFS;2026-10-11T09:00;ICONCH1;3.70;4.90;252.0;10.0;0.00;100.0;ICONCH1
vengeron;ICONIFS;2026-10-11T10:00;ICONCH1;3.30;4.90;216.0;10.8;0.00;100.0;ICONCH1
vengeron;ICONIFS;2026-10-11T11:00;ICONCH1;2.70;4.50;184.0;11.9;0.00;100.0;ICONCH1
vengeron;ICONIFS;2026-10-11T12:00;ICONCH1;2.30;4.50;185.0;13.2;0.00;81.0;ICONCH1
vengeron;ICONIFS;2026-10-11T13:00;ICONCH1;1.90;3.30;156.0;14.3;0.00;81.0;ICONCH1
vengeron;ICONIFS;2026-10-11T14:00;ICONCH1;1.80;2.70;139.0;15.1;0.00;98.0;ICONCH1
vengeron;ICONIFS;2026-10-11T15:00;ICONCH1;4.00;5.20;104.0;15.8;0.00;89.0;ICONCH1
vengeron;ICONIFS;2026-10-11T16:00;ICONCH1;4.30;6.00;80.0;16.5;0.00;84.0;ICONCH1
vengeron;ICONIFS;2026-10-11T17:00;ICONCH1;2.60;5.60;73.0;16.5;0.00;61.0;ICONCH1
vengeron;ICONIFS;2026-10-11T18:00;ICONCH1;3.60;4.90;45.0;16.7;0.00;100.0;ICONCH1
vengeron;ICONIFS;2026-10-11T19:00;ICONCH1;6.00;8.00;335.0;15.3;0.00;99.0;ICONCH1
vengeron;ICONIFS;2026-10-11T20:00;ICONCH1;8.60;11.10;324.0;14.3;0.00;100.0;ICONCH1
vengeron;ICONIFS;2026-10-11T21:00;ICONCH1;3.70;11.30;354.0;13.9;0.00;92.0;ICONCH1
vengeron;ICONIFS;2026-10-11T22:00;ICONCH1;4.90;6.60;67.0;13.7;0.00;94.0;ICONCH1
vengeron;ICONIFS;2026-10-11T23:00;ICONCH1;6.80;9.30;59.0;13.1;0.00;90.0;ICONCH1
vengeron;ICONIFS;2026-10-12T00:00;ICONCH1;4.20;8.70;28.0;13.2;0.00;69.0;ICONCH1
vengeron;ICONIFS;2026-10-12T01:00;ICONCH1;3.70;5.80;72.0;12.4;0.00;34.0;ICONCH1
vengeron;ICONIFS;2026-10-12T02:00;ICONCH1;3.70;5.10;65.0;12.1;0.00;0.0;ICONCH1
vengeron;ICONIFS;2026-10-12T03:00;ICONCH1;2.60;4.90;297.0;11.0;0.00;23.0;ICONCH1
vengeron;ICONIFS;2026-10-12T04:00;ICONCH1;3.80;5.10;285.0;9.7;0.00;0.0;ICONCH1
vengeron;ICONIFS;2026-10-12T05:00;ICONCH1;3.80;5.10;282.0;9.5;0.00;11.0;ICONCH1
vengeron;ICONIFS;2026-10-12T06:00;ICONCH2;0.50;0.80;225.0;10.2;0.00;0.0;ICONCH2
vengeron;ICONIFS;2026-10-12T07:00;ICONCH2;1.00;1.60;233.0;10.4;0.00;0.0;ICONCH2
vengeron;ICONIFS;2026-10-12T08:00;ICONCH2;1.70;2.30;243.0;10.3;0.00;0.0;ICONCH2
vengeron;ICONIFS;2026-10-12T09:00;ICONCH2;2.10;2.70;229.0;10.2;0.00;0.0;ICONCH2
vengeron;ICONIFS;2026-10-12T10:00;ICONCH2;0.80;2.70;225.0;10.7;0.00;0.0;ICONCH2
vengeron;ICONIFS;2026-10-12T11:00;ICONCH2;1.60;2.10;353.0;11.5;0.00;8.0;ICONCH2
vengeron;ICONIFS;2026-10-12T12:00;ICONCH2;5.50;7.00;27.0;13.6;0.00;0.0;ICONCH2
vengeron;ICONIFS;2026-10-12T13:00;ICONCH2;8.00;10.30;29.0;14.5;0.00;0.0;ICONCH2
vengeron;ICONIFS;2026-10-12T14:00;ICONCH2;9.90;12.80;35.0;15.4;0.00;0.0;ICONCH2
vengeron;ICONIFS;2026-10-12T15:00;ICONCH2;9.70;13.00;34.0;16.3;0.00;0.0;ICONCH2
vengeron;ICONIFS;2026-10-12T16:00;ICONCH2;8.80;12.40;33.0;16.9;0.00;0.0;ICONCH2
vengeron;ICONIFS;2026-10-12T17:00;ICONCH2;9.10;11.70;35.0;17.2;0.00;0.0;ICONCH2
vengeron;ICONIFS;2026-10-12T18:00;ICONCH2;7.20;11.50;31.0;17.2;0.00;0.0;ICONCH2
vengeron;ICONIFS;2026-10-12T19:00;ICONCH2;6.60;9.10;19.0;16.8;0.00;0.0;ICONCH2
vengeron;ICONIFS;2026-10-12T20:00;ICONCH2;5.70;8.70;28.0;15.6;0.00;0.0;ICONCH2
vengeron;ICONIFS;2026-10-12T21:00;ICONCH2;3.20;7.20;33.0;14.4;0.00;0.0;ICONCH2
vengeron;ICONIFS;2026-10-12T22:00;ICONCH2;1.80;4.30;32.0;13.3;0.00;13.0;ICONCH2
vengeron;ICONIFS;2026-10-12T23:00;ICONCH2;1.00;2.30;11.0;12.7;0.00;24.0;ICONCH2
vengeron;ICONIFS;2026-10-13T00:00;ICONCH2;0.80;1.40;284.0;12.5;0.00;0.0;ICONCH2
vengeron;ICONIFS;2026-10-13T01:00;ICONCH2;0.80;1.20;194.0;12.4;0.00;0.0;ICONCH2
vengeron;ICONIFS;2026-10-13T02:00;ICONCH2;1.40;1.90;214.0;12.5;0.00;0.0;ICONCH2
vengeron;ICONIFS;2026-10-13T03:00;ICONCH2;1.50;2.30;230.0;12.0;0.00;0.0;ICONCH2
vengeron;ICONIFS;2026-10-13T04:00;ICONCH2;1.70;2.50;207.0;11.6;0.00;0.0;ICONCH2
vengeron;ICONIFS;2026-10-13T05:00;ICONCH2;1.70;2.50;207.0;11.2;0.00;0.0;ICONCH2
vengeron;ICONIFS;2026-10-13T06:00;ICONCH2;2.20;2.90;225.0;11.0;0.00;24.0;ICONCH2
vengeron;ICONIFS;2026-10-13T07:00;ICONCH2;2.30;3.10;204.0;10.8;0.00;0.0;ICONCH2
vengeron;ICONIFS;2026-10-13T08:00;ICONCH2;2.20;3.30;207.0;10.3;0.00;45.0;ICONCH2
vengeron;ICONIFS;2026-10-13T09:00;ICONCH2;2.20;2.90;207.0;10.4;0.00;60.0;ICONCH2
vengeron;ICONIFS;2026-10-13T10:00;ICONCH2;2.00;3.10;197.0;10.7;0.00;54.0;ICONCH2
vengeron;ICONIFS;2026-10-13T11:00;ICONCH2;1.00;2.70;217.0;11.7;0.00;0.0;ICONCH2
vengeron;ICONIFS;2026-10-13T12:00;ICONCH2;0.60;1.40;360.0;12.7;0.00;0.0;ICONCH2
vengeron;ICONIFS;2026-10-13T13:00;ICONCH2;1.20;1.70;18.0;14.3;0.00;0.0;ICONCH2
vengeron;ICONIFS;2026-10-13T14:00;ICONCH2;1.70;2.30;21.0;15.6;0.00;7.0;ICONCH2
vengeron;ICONIFS;2026-10-13T15:00;ICONCH2;2.30;3.10;20.0;16.7;0.00;45.0;ICONCH2
vengeron;ICONIFS;2026-10-13T16:00;ICONCH2;2.20;3.10;27.0;17.6;0.00;46.0;ICONCH2
vengeron;ICONIFS;2026-10-13T17:00;ICONCH2;2.40;3.30;29.0;18.1;0.00;6.0;ICONCH2
vengeron;ICONIFS;2026-10-13T18:00;ICONCH2;2.20;3.30;27.0;18.3;0.00;24.0;ICONCH2
vengeron;ICONIFS;2026-10-13T19:00;ICONCH2;2.20;2.90;45.0;18.0;0.00;38.0;ICONCH2
vengeron;ICONIFS;2026-10-13T20:00;ICONCH2;2.30;3.10;70.0;16.4;0.00;92.0;ICONCH2
vengeron;ICONIFS;2026-10-13T21:00;ICONCH2;1.20;3.10;51.0;15.5;0.00;100.0;ICONCH2
vengeron;ICONIFS;2026-10-13T22:00;ICONCH2;0.20;1.70;360.0;15.0;0.00;100.0;ICONCH2
vengeron;ICONIFS;2026-10-13T23:00;ICONCH2;0.80;1.20;194.0;15.0;0.00;100.0;ICONCH2
vengeron;ICONIFS;2026-10-14T00:00;ICONCH2;2.10;2.90;180.0;15.2;0.00;92.0;ICONCH2
vengeron;ICONIFS;2026-10-14T01:00;ICONCH2;1.00;2.90;202.0;14.9;0.00;96.0;ICONCH2
vengeron;ICONIFS;2026-10-14T02:00;ICONCH2;1.80;2.70;167.0;14.5;0.00;100.0;ICONCH2
vengeron;ICONIFS;2026-10-14T03:00;ICONCH2;2.30;3.10;200.0;14.4;0.00;78.0;ICONCH2
vengeron;ICONIFS;2026-10-14T04:00;ICONCH2;1.80;3.10;174.0;14.2;0.00;100.0;ICONCH2
vengeron;ICONIFS;2026-10-14T05:00;ICONCH2;1.40;2.30;196.0;14.0;0.00;100.0;ICONCH2
vengeron;ICONIFS;2026-10-14T06:00;ICONCH2;1.70;2.10;216.0;14.2;0.00;100.0;ICONCH2
vengeron;ICONIFS;2026-10-14T07:00;ICONCH2;1.90;2.90;217.0;13.8;0.00;91.0;ICONCH2
vengeron;ICONIFS;2026-10-14T08:00;ICONCH2;1.50;2.50;220.0;13.8;0.00;46.0;ICONCH2
vengeron;ICONIFS;2026-10-14T09:00;ICONCH2;1.00;2.10;259.0;13.9;0.00;0.0;ICONCH2
vengeron;ICONIFS;2026-10-14T10:00;ICONCH2;0.60;1.60;288.0;14.3;0.00;0.0;ICONCH2
vengeron;ICONIFS;2026-10-14T11:00;ICONCH2;2.10;3.10;355.0;15.3;0.00;0.0;ICONCH2
vengeron;ICONIFS;2026-10-14T12:00;ICONCH2;3.30;4.50;3.0;16.7;0.00;0.0;ICONCH2
vengeron;ICONIFS;2026-10-14T13:00;ICONCH2;4.60;6.20;28.0;18.6;0.00;0.0;ICONCH2
vengeron;ICONIFS;2026-10-14T14:00;ICONCH2;8.10;10.10;35.0;20.1;0.00;0.0;ICONCH2
vengeron;ICONIFS;2026-10-14T15:00;ICON13KM;5.70;9.30;55.0;21.7;0.00;0.0;ICON13KM
vengeron;ICONIFS;2026-10-14T16:00;ICON13KM;5.50;9.30;48.0;22.0;0.00;0.0;ICON13KM
vengeron;ICONIFS;2026-10-14T17:00;ICON13KM;5.00;8.90;39.0;21.9;0.00;0.0;ICON13KM
vengeron;ICONIFS;2026-10-14T18:00;ICON13KM;4.30;8.20;27.0;21.1;0.00;23.0;ICON13KM
vengeron;ICONIFS;2026-10-14T19:00;ICON13KM;3.90;7.00;9.0;19.9;0.00;45.0;ICON13KM
vengeron;ICONIFS;2026-10-14T20:00;ICON13KM;3.90;6.00;354.0;18.8;0.00;68.0;ICON13KM
vengeron;ICONIFS;2026-10-14T21:00;ICON13KM;3.90;5.60;351.0;17.9;0.00;48.0;ICON13KM
vengeron;ICONIFS;2026-10-14T22:00;ICON13KM;3.70;5.40;351.0;17.0;0.00;27.0;ICON13KM
vengeron;ICONIFS;2026-10-14T23:00;ICON13KM;3.70;5.40;354.0;16.3;0.00;7.0;ICON13KM
vengeron;ICONIFS;2026-10-15T00:00;ICON13KM;3.70;5.40;351.0;15.9;0.00;18.0;ICON13KM
vengeron;ICONIFS;2026-10-15T01:00;ICON13KM;3.50;5.40;351.0;15.5;0.00;29.0;ICON13KM
vengeron;ICONIFS;2026-10-15T02:00;ICON13KM;3.60;5.40;347.0;15.3;0.00;40.0;ICON13KM
vengeron;ICONIFS;2026-10-15T03:00;ICON13KM;3.60;5.40;344.0;15.1;0.00;45.0;ICON13KM
vengeron;ICONIFS;2026-10-15T04:00;ICON13KM;3.70;5.40;342.0;14.9;0.00;50.0;ICON13KM
vengeron;ICONIFS;2026-10-15T05:00;ICON13KM;3.70;5.40;342.0;14.8;0.00;55.0;ICON13KM
vengeron;ICONIFS;2026-10-15T06:00;ICON13KM;3.40;5.10;344.0;14.5;0.00;61.0;ICON13KM
vengeron;ICONIFS;2026-10-15T07:00;ICON13KM;3.20;4.50;346.0;14.3;0.00;66.0;ICON13KM
vengeron;ICONIFS;2026-10-15T08:00;ICON13KM;2.80;4.30;348.0;14.4;0.00;72.0;ICON13KM
vengeron;ICONIFS;2026-10-15T09:00;ICON13KM;2.50;4.70;342.0;15.0;0.00;81.0;ICON13KM
vengeron;ICONIFS;2026-10-15T10:00;ICON13KM;2.20;5.40;333.0;16.0;0.00;90.0;ICON13KM
vengeron;ICONIFS;2026-10-15T11:00;ICON13KM;1.70;5.80;324.0;17.0;0.00;99.0;ICON13KM
vengeron;ICONIFS;2026-10-15T12:00;ICON13KM;0.90;5.10;297.0;17.9;0.00;89.0;ICON13KM
vengeron;ICONIFS;2026-10-15T13:00;ICON13KM;0.60;3.90;198.0;18.8;0.00;80.0;ICON13KM
vengeron;ICONIFS;2026-10-15T14:00;ICON13KM;1.40;3.10;172.0;19.6;0.00;70.0;ICON13KM
vengeron;ICONIFS;2026-10-15T15:00;ICON13KM;1.60;2.90;150.0;20.4;0.00;47.0;ICON13KM
vengeron;ICONIFS;2026-10-15T16:00;ICON13KM;1.80;2.90;131.0;21.0;0.00;23.0;ICON13KM
vengeron;ICONIFS;2026-10-15T17:00;ICON13KM;1.70;3.10;111.0;21.3;0.00;0.0;ICON13KM
vengeron;ICONIFS;2026-10-15T18:00;ICON13KM;0.60;3.30;90.0;21.0;0.00;0.0;ICON13KM
vengeron;ICONIFS;2026-10-15T19:00;ICON13KM;1.20;3.50;309.0;20.3;0.00;0.0;ICON13KM
vengeron;ICONIFS;2026-10-15T20:00;ICON13KM;2.50;3.70;309.0;19.5;0.00;0.0;ICON13KM
vengeron;ICONIFS;2026-10-15T21:00;ICON13KM;2.60;3.90;324.0;18.4;0.00;13.0;ICON13KM
vengeron;ICONIFS;2026-10-15T22:00;ICON13KM;2.60;4.10;347.0;17.0;0.00;27.0;ICON13KM
vengeron;ICONIFS;2026-10-15T23:00;ICON13KM;2.90;4.30;4.0;16.0;0.00;40.0;ICON13KM
vengeron;ICONIFS;2026-10-16T00:00;ICON13KM;3.10;4.50;4.0;15.3;0.00;50.0;ICON13KM
vengeron;ICONIFS;2026-10-16T01:00;ICON13KM;3.30;4.90;357.0;15.0;0.00;59.0;ICON13KM
vengeron;ICONIFS;2026-10-16T02:00;ICON13KM;3.30;5.10;353.0;14.6;0.00;69.0;ICON13KM
vengeron;ICONIFS;2026-10-16T03:00;ICON13KM;3.40;5.10;350.0;14.3;0.00;69.0;ICON13KM
vengeron;ICONIFS;2026-10-16T04:00;ICON13KM;3.20;4.90;346.0;14.0;0.00;68.0;ICON13KM
vengeron;ICONIFS;2026-10-16T05:00;ICON13KM;3.20;4.90;346.0;13.7;0.00;68.0;ICON13KM
vengeron;ICONIFS;2026-10-16T06:00;ICON13KM;3.30;4.90;343.0;13.5;0.00;74.0;ICON13KM
vengeron;ICONIFS;2026-10-16T07:00;ICON13KM;3.40;4.90;344.0;13.3;0.00;81.0;ICON13KM
vengeron;ICONIFS;2026-10-16T08:00;ICON13KM;3.40;5.10;347.0;13.5;0.00;87.0;ICON13KM
vengeron;ICONIFS;2026-10-16T09:00;ICON13KM;3.30;5.80;360.0;14.5;0.00;73.0;ICON13KM
vengeron;ICONIFS;2026-10-16T10:00;ICON13KM;3.30;6.60;17.0;15.8;0.00;60.0;ICON13KM
vengeron;ICONIFS;2026-10-16T11:00;ICON13KM;3.20;7.00;33.0;17.1;0.00;46.0;ICON13KM
vengeron;ICONIFS;2026-10-16T12:00;ICON13KM;2.30;6.20;48.0;18.3;0.00;57.0;ICON13KM
vengeron;ICONIFS;2026-10-16T13:00;ICON13KM;1.60;5.10;90.0;19.3;0.00;67.0;ICON13KM
vengeron;ICONIFS;2026-10-16T14:00;ICON13KM;1.70;4.10;126.0;20.2;0.00;78.0;ICON13KM
vengeron;ICONIFS;2026-10-16T15:00;ICON13KM;1.80;3.70;122.0;20.9;0.00;75.0;ICON13KM
vengeron;ICONIFS;2026-10-16T16:00;ICON13KM;2.00;3.30;107.0;21.5;0.00;71.0;ICON13KM
vengeron;ICONIFS;2026-10-16T17:00;ICON13KM;2.00;3.50;84.0;21.5;0.00;68.0;ICON13KM
vengeron;ICONIFS;2026-10-16T18:00;ICON13KM;1.90;4.30;37.0;20.7;0.00;70.0;ICON13KM
vengeron;ICONIFS;2026-10-16T19:00;ICON13KM;3.10;5.20;4.0;19.4;0.00;73.0;ICON13KM
vengeron;ICONIFS;2026-10-16T20:00;ICON13KM;4.10;6.00;355.0;18.3;0.00;75.0;ICON13KM
vengeron;ICONIFS;2026-10-16T21:00;ICON13KM;3.90;6.00;360.0;17.8;0.00;82.0;ICON13KM
vengeron;ICONIFS;2026-10-16T22:00;ICON13KM;3.40;5.60;16.0;17.4;0.00;89.0;ICON13KM
vengeron;ICONIFS;2026-10-16T23:00;ICON13KM;3.30;5.40;28.0;17.2;0.00;96.0;ICON13KM
vengeron;ICONIFS;2026-10-17T00:00;ICON13KM;3.50;5.60;27.0;16.9;0.00;94.0;ICON13KM
vengeron;ICONIFS;2026-10-17T01:00;ICON13KM;3.90;6.00;20.0;16.7;0.00;93.0;ICON13KM
vengeron;ICONIFS;2026-10-17T02:00;ICON13KM;4.40;6.60;15.0;16.5;0.00;91.0;ICON13KM
vengeron;ICONIFS;2026-10-17T03:00;ICON13KM;5.00;7.40;11.0;16.2;0.00;91.0;ICON13KM
vengeron;ICONIFS;2026-10-17T04:00;ICON13KM;5.50;8.20;10.0;15.9;0.00;91.0;ICON13KM
vengeron;ICONIFS;2026-10-17T05:00;ICON13KM;5.90;8.90;9.0;15.6;0.00;91.0;ICON13KM
vengeron;ICONIFS;2026-10-17T06:00;ICON13KM;5.90;9.10;11.0;15.4;0.00;84.0;ICON13KM
vengeron;ICONIFS;2026-10-17T07:00;ICON13KM;6.00;8.90;15.0;15.2;0.00;78.0;ICON13KM
vengeron;ICONIFS;2026-10-17T08:00;ICON13KM;6.40;9.50;20.0;15.2;0.00;71.0;ICON13KM
vengeron;ICONIFS;2026-10-17T09:00;ICON13KM;7.60;11.50;26.0;15.4;0.00;69.0;ICON13KM
vengeron;ICONIFS;2026-10-17T10:00;ICON13KM;9.20;14.00;32.0;15.7;0.00;68.0;ICON13KM
vengeron;ICONIFS;2026-10-17T11:00;ICON13KM;10.00;15.60;36.0;16.2;0.00;66.0;ICON13KM
vengeron;ICONIFS;2026-10-17T12:00;ICON13KM;9.80;15.60;38.0;16.8;0.00;66.0;ICON13KM
vengeron;ICONIFS;2026-10-17T13:00;ICON13KM;8.80;14.60;40.0;17.6;0.00;65.0;ICON13KM
vengeron;ICONIFS;2026-10-17T14:00;ICON13KM;8.30;14.00;41.0;18.2;0.00;65.0;ICON13KM
vengeron;ICONIFS;2026-10-17T15:00;ICON13KM;8.40;14.00;40.0;18.6;0.00;53.0;ICON13KM
vengeron;ICONIFS;2026-10-17T16:00;ICON13KM;9.00;14.40;39.0;18.7;0.00;40.0;ICON13KM
vengeron;ICONIFS;2026-10-17T17:00;ICON13KM;9.40;14.80;37.0;18.5;0.00;28.0;ICON13KM
vengeron;ICONIFS;2026-10-17T18:00;ICON13KM;10.00;15.40;33.0;17.7;0.00;26.0;ICON13KM
vengeron;ICONIFS;2026-10-17T19:00;ICON13KM;10.60;16.10;28.0;16.5;0.00;25.0;ICON13KM
vengeron;ICONIFS;2026-10-17T20:00;ICON13KM;10.80;16.30;26.0;15.6;0.00;23.0;ICON13KM
vengeron;ICONIFS;2026-10-17T21:00;ICON13KM;10.20;15.90;24.0;15.0;0.00;47.0;ICON13KM
vengeron;ICONIFS;2026-10-17T22:00;ICON13KM;9.20;15.00;21.0;14.6;0.00;71.0;ICON13KM
vengeron;ICONIFS;2026-10-17T23:00;ICON13KM;8.20;14.00;19.0;14.3;0.00;95.0;ICON13KM
vengeron;ICONIFS;2026-10-18T00:00;ICON13KM;7.60;12.80;19.0;14.1;0.00;91.0;ICON13KM
vengeron;ICONIFS;2026-10-18T01:00;ICON13KM;7.30;11.70;20.0;13.9;0.00;88.0;ICON13KM
vengeron;ICONIFS;2026-10-18T02:00;ICON13KM;6.90;10.90;22.0;13.9;0.00;84.0;ICON13KM
vengeron;ICONIFS;2026-10-18T03:00;IFS;15.70;23.50;27.0;11.6;0.00;99.0;IFS
vengeron;ICONIFS;2026-10-18T04:00;IFS;15.60;23.50;27.0;11.4;0.00;100.0;IFS
vengeron;ICONIFS;2026-10-18T05:00;IFS;15.50;23.50;27.0;11.3;0.00;100.0;IFS
vengeron;ICONIFS;2026-10-18T06:00;IFS;15.20;23.50;27.0;11.3;0.00;100.0;IFS
vengeron;ICONIFS;2026-10-18T07:00;IFS;14.80;23.30;27.0;11.4;0.00;100.0;IFS
vengeron;ICONIFS;2026-10-18T08:00;IFS;14.40;23.10;28.0;11.5;0.00;99.0;IFS
vengeron;ICONIFS;2026-10-18T09:00;IFS;13.90;22.90;29.0;11.7;0.00;94.0;IFS
vengeron;ICONIFS;2026-10-18T10:00;IFS;13.40;22.50;31.0;12.1;0.00;88.0;IFS
vengeron;ICONIFS;2026-10-18T11:00;IFS;12.70;22.20;33.0;12.5;0.00;80.0;IFS
vengeron;ICONIFS;2026-10-18T12:00;IFS;12.10;21.80;35.0;12.9;0.00;72.0;IFS
vengeron;ICONIFS;2026-10-18T13:00;IFS;11.70;21.40;37.0;13.3;0.00;66.0;IFS
vengeron;ICONIFS;2026-10-18T14:00;IFS;11.50;21.00;37.0;13.6;0.00;62.0;IFS
vengeron;ICONIFS;2026-10-18T15:00;IFS;11.50;20.60;36.0;13.8;0.00;61.0;IFS
vengeron;ICONIFS;2026-10-18T16:00;IFS;11.90;20.20;34.0;13.9;0.00;62.0;IFS
vengeron;ICONIFS;2026-10-18T17:00;IFS;12.40;19.80;31.0;14.0;0.00;65.0;IFS
vengeron;ICONIFS;2026-10-18T18:00;IFS;13.00;19.60;28.0;14.0;0.00;68.0;IFS
vengeron;ICONIFS;2026-10-18T19:00;IFS;13.60;19.40;25.0;13.9;0.00;70.0;IFS
vengeron;ICONIFS;2026-10-18T20:00;IFS;13.90;19.40;24.0;13.8;0.00;72.0;IFS
vengeron;ICONIFS;2026-10-18T21:00;IFS;14.20;19.80;23.0;13.6;0.00;73.0;IFS
vengeron;ICONIFS;2026-10-18T22:00;IFS;14.30;20.40;22.0;13.3;0.00;74.0;IFS
vengeron;ICONIFS;2026-10-18T23:00;IFS;14.60;21.20;21.0;13.0;0.00;75.0;IFS
vengeron;ICONIFS;2026-10-19T00:00;IFS;14.60;21.80;21.0;12.6;0.00;75.0;IFS
vengeron;ICONIFS;2026-10-19T01:00;IFS;14.60;22.40;21.0;12.1;0.00;75.0;IFS
vengeron;ICONIFS;2026-10-19T02:00;IFS;14.50;22.70;21.0;11.8;0.00;74.0;IFS
vengeron;ICONIFS;2026-10-19T03:00;IFS;14.40;22.70;21.0;11.4;0.00;73.0;IFS
vengeron;ICONIFS;2026-10-19T04:00;IFS;14.10;22.40;22.0;10.9;0.00;71.0;IFS
vengeron;ICONIFS;2026-10-19T05:00;IFS;13.70;22.00;24.0;10.4;0.00;69.0;IFS
vengeron;ICONIFS;2026-10-19T06:00;IFS;13.30;21.40;25.0;10.0;0.00;66.0;IFS
vengeron;ICONIFS;2026-10-19T07:00;IFS;12.90;21.00;27.0;9.7;0.00;63.0;IFS
vengeron;ICONIFS;2026-10-19T08:00;IFS;12.60;20.60;29.0;9.6;0.00;59.0;IFS
vengeron;ICONIFS;2026-10-19T09:00;IFS;12.10;20.40;32.0;9.9;0.00;54.0;IFS
vengeron;ICONIFS;2026-10-19T10:00;IFS;11.60;20.20;35.0;10.3;0.00;47.0;IFS
vengeron;ICONIFS;2026-10-19T11:00;IFS;11.20;20.00;39.0;11.0;0.00;39.0;IFS
vengeron;ICONIFS;2026-10-19T12:00;IFS;10.80;19.80;43.0;11.6;0.00;32.0;IFS
vengeron;ICONIFS;2026-10-19T13:00;IFS;10.70;19.80;45.0;12.2;0.00;25.0;IFS
vengeron;ICONIFS;2026-10-19T14:00;IFS;10.70;19.80;46.0;12.6;0.00;19.0;IFS
vengeron;ICONIFS;2026-10-19T15:00;IFS;10.90;19.80;44.0;12.8;0.00;14.0;IFS
vengeron;ICONIFS;2026-10-19T16:00;IFS;11.40;19.80;39.0;12.8;0.00;8.0;IFS
vengeron;ICONIFS;2026-10-19T17:00;IFS;12.10;20.00;34.0;12.8;0.00;3.0;IFS
vengeron;ICONIFS;2026-10-19T18:00;IFS;13.00;20.20;29.0;12.7;0.00;0.0;IFS
vengeron;ICONIFS;2026-10-19T19:00;IFS;13.80;20.40;25.0;12.6;0.00;0.0;IFS
vengeron;ICONIFS;2026-10-19T20:00;IFS;14.50;20.60;22.0;12.4;0.00;2.0;IFS
vengeron;ICONIFS;2026-10-19T21:00;IFS;14.90;21.00;21.0;12.2;0.00;10.0;IFS
vengeron;ICONIFS;2026-10-19T22:00;IFS;15.30;21.60;21.0;11.8;0.00;24.0;IFS
vengeron;ICONIFS;2026-10-19T23:00;IFS;15.50;22.00;21.0;11.5;0.00;41.0;IFS
vengeron;ICONIFS;2026-10-20T00:00;IFS;15.60;22.50;21.0;11.0;0.00;57.0;IFS
vengeron;ICONIFS;2026-10-20T01:00;IFS;15.60;22.90;21.0;10.7;0.00;70.0;IFS
vengeron;ICONIFS;2026-10-20T02:00;IFS;15.60;23.30;21.0;10.3;0.00;76.0;IFS
vengeron;ICONIFS;2026-10-20T03:00;IFS;15.50;23.30;21.0;10.0;0.00;75.0;IFS
vengeron;ICONIFS;2026-10-20T04:00;IFS;15.40;23.30;22.0;9.6;0.00;68.0;IFS
vengeron;ICONIFS;2026-10-20T05:00;IFS;15.10;23.10;22.0;9.3;0.00;57.0;IFS
vengeron;ICONIFS;2026-10-20T06:00;IFS;14.90;22.90;23.0;9.0;0.00;45.0;IFS
vengeron;ICONIFS;2026-10-20T07:00;IFS;14.80;22.90;24.0;8.9;0.00;35.0;IFS
vengeron;ICONIFS;2026-10-20T08:00;IFS;14.70;22.90;25.0;8.9;0.00;27.0;IFS
vengeron;ICONIFS;2026-10-20T09:00;IFS;15.00;23.30;26.0;9.3;0.00;22.0;IFS
vengeron;ICONIFS;2026-10-20T10:00;IFS;15.50;23.70;27.0;9.8;0.00;18.0;IFS
vengeron;ICONIFS;2026-10-20T11:00;IFS;16.20;24.30;29.0;10.6;0.00;15.0;IFS
vengeron;ICONIFS;2026-10-20T12:00;IFS;16.80;24.90;30.0;11.3;0.00;13.0;IFS
vengeron;ICONIFS;2026-10-20T13:00;IFS;17.30;25.30;30.0;11.9;0.00;12.0;IFS
vengeron;ICONIFS;2026-10-20T14:00;IFS;17.50;25.50;30.0;12.3;0.00;12.0;IFS
vengeron;ICONIFS;2026-10-20T15:00;IFS;17.40;25.50;29.0;12.4;0.00;14.0;IFS
vengeron;ICONIFS;2026-10-20T16:00;IFS;17.20;25.30;27.0;12.4;0.00;18.0;IFS
vengeron;ICONIFS;2026-10-20T17:00;IFS;16.80;24.90;24.0;12.3;0.00;23.0;IFS
vengeron;ICONIFS;2026-10-20T18:00;IFS;16.30;24.50;21.0;12.1;0.00;28.0;IFS
vengeron;ICONIFS;2026-10-20T19:00;IFS;16.00;24.10;18.0;11.8;0.00;33.0;IFS
vengeron;ICONIFS;2026-10-20T20:00;IFS;15.70;23.90;17.0;11.6;0.00;38.0;IFS
vengeron;ICONIFS;2026-10-20T21:00;IFS;15.40;23.70;16.0;11.3;0.00;43.0;IFS
vengeron;ICONIFS;2026-10-20T22:00;IFS;15.10;23.50;16.0;10.9;0.00;48.0;IFS
vengeron;ICONIFS;2026-10-20T23:00;IFS;14.80;23.50;16.0;10.4;0.00;54.0;IFS
vengeron;ICONIFS;2026-10-21T00:00;IFS;14.60;23.30;16.0;10.0;0.00;59.0;IFS
vengeron;ICONIFS;2026-10-21T01:00;IFS;14.20;23.10;17.0;9.6;0.00;61.0;IFS
vengeron;ICONIFS;2026-10-21T02:00;IFS;13.70;22.70;17.0;9.2;0.00;61.0;IFS
vengeron;ICONIFS;2026-10-21T03:00;IFS;13.30;22.40;18.0;8.9;0.00;57.0;IFS
vengeron;ICONIFS;2026-10-21T04:00;IFS;12.80;21.80;18.0;8.5;0.00;49.0;IFS
vengeron;ICONIFS;2026-10-21T05:00;IFS;12.20;21.20;19.0;8.2;0.00;40.0;IFS
vengeron;ICONIFS;2026-10-21T06:00;IFS;11.70;20.60;20.0;7.9;0.00;30.0;IFS
vengeron;ICONIFS;2026-10-21T07:00;IFS;11.00;20.20;21.0;7.8;0.00;21.0;IFS
vengeron;ICONIFS;2026-10-21T08:00;IFS;10.40;19.60;24.0;7.8;0.00;14.0;IFS
vengeron;ICONIFS;2026-10-21T09:00;IFS;9.70;19.20;28.0;8.2;0.00;10.0;IFS
vengeron;ICONIFS;2026-10-21T10:00;IFS;8.90;18.70;35.0;8.8;0.00;8.0;IFS
vengeron;ICONIFS;2026-10-21T11:00;IFS;8.30;18.30;43.0;9.5;0.00;6.0;IFS
vengeron;ICONIFS;2026-10-21T12:00;IFS;7.90;17.90;52.0;10.3;0.00;5.0;IFS
vengeron;ICONIFS;2026-10-21T13:00;IFS;7.70;17.50;58.0;11.0;0.00;5.0;IFS
vengeron;ICONIFS;2026-10-21T14:00;IFS;7.60;17.10;60.0;11.5;0.00;4.0;IFS
vengeron;ICONIFS;2026-10-21T15:00;IFS;7.50;16.70;55.0;11.8;0.00;3.0;IFS
vengeron;ICONIFS;2026-10-21T16:00;IFS;7.60;16.30;47.0;12.0;0.00;3.0;IFS
vengeron;ICONIFS;2026-10-21T17:00;IFS;8.10;15.90;34.0;12.1;0.00;2.0;IFS
vengeron;ICONIFS;2026-10-21T18:00;IFS;9.00;15.60;24.0;12.2;0.00;2.0;IFS
vengeron;ICONIFS;2026-10-21T19:00;IFS;9.80;15.20;17.0;12.2;0.00;2.0;IFS
vengeron;ICONIFS;2026-10-21T20:00;IFS;10.40;15.00;14.0;12.2;0.00;2.0;IFS
vengeron;ICONIFS;2026-10-21T21:00;IFS;10.60;15.00;14.0;12.0;0.00;2.0;IFS
vengeron;ICONIFS;2026-10-21T22:00;IFS;10.60;15.00;15.0;11.8;0.00;2.0;IFS
vengeron;ICONIFS;2026-10-21T23:00;IFS;10.30;15.20;18.0;11.5;0.00;2.0;IFS
vengeron;ICONIFS;2026-10-22T00:00;IFS;10.10;15.40;21.0;11.2;0.00;1.0;IFS
vengeron;ICONIFS;2026-10-22T01:00;IFS;9.80;15.60;24.0;10.9;0.00;2.0;IFS
vengeron;ICONIFS;2026-10-22T02:00;IFS;9.60;15.60;26.0;10.6;0.00;2.0;IFS
vengeron;ICONIFS;2026-10-22T03:00;IFS;9.50;15.40;27.0;10.4;0.00;2.0;IFS
vengeron;ICONIFS;2026-10-22T04:00;IFS;9.50;15.20;28.0;10.1;0.00;3.0;IFS
vengeron;ICONIFS;2026-10-22T05:00;IFS;9.30;14.80;29.0;9.9;0.00;4.0;IFS
vengeron;ICONIFS;2026-10-22T06:00;IFS;9.20;14.40;29.0;9.7;0.00;5.0;IFS
vengeron;ICONIFS;2026-10-22T07:00;IFS;9.10;14.20;30.0;9.7;0.00;6.0;IFS
vengeron;ICONIFS;2026-10-22T08:00;IFS;9.00;14.20;32.0;9.8;0.00;8.0;IFS
vengeron;ICONIFS;2026-10-22T09:00;IFS;8.80;14.40;36.0;10.1;0.00;11.0;IFS
vengeron;ICONIFS;2026-10-22T10:00;IFS;8.80;14.80;41.0;10.6;0.00;15.0;IFS
vengeron;ICONIFS;2026-10-22T11:00;IFS;8.90;15.20;47.0;11.3;0.00;20.0;IFS
vengeron;ICONIFS;2026-10-22T12:00;IFS;9.00;15.70;52.0;11.9;0.00;25.0;IFS
vengeron;ICONIFS;2026-10-22T13:00;IFS;9.20;16.10;56.0;12.5;0.00;28.0;IFS
vengeron;ICONIFS;2026-10-22T14:00;IFS;9.20;16.30;56.0;12.9;0.00;30.0;IFS
vengeron;ICONIFS;2026-10-22T15:00;IFS;9.30;16.30;53.0;13.1;0.00;30.0;IFS
vengeron;ICONIFS;2026-10-22T16:00;IFS;9.40;16.30;47.0;13.2;0.00;27.0;IFS
vengeron;ICONIFS;2026-10-22T17:00;IFS;9.60;16.10;39.0;13.2;0.00;24.0;IFS
vengeron;ICONIFS;2026-10-22T18:00;IFS;10.00;16.10;32.0;13.2;0.00;21.0;IFS
vengeron;ICONIFS;2026-10-22T19:00;IFS;10.30;15.90;26.0;13.1;0.00;19.0;IFS
vengeron;ICONIFS;2026-10-22T20:00;IFS;10.50;15.70;22.0;13.0;0.00;19.0;IFS
vengeron;ICONIFS;2026-10-22T21:00;IFS;10.30;15.70;21.0;12.9;0.00;22.0;IFS
vengeron;ICONIFS;2026-10-22T22:00;IFS;10.00;15.70;21.0;12.6;0.00;27.0;IFS
vengeron;ICONIFS;2026-10-22T23:00;IFS;9.50;15.60;22.0;12.3;0.00;32.0;IFS
vengeron;ICONIFS;2026-10-23T00:00;IFS;8.80;15.60;24.0;12.0;0.00;39.0;IFS
vengeron;ICONIFS;2026-10-23T01:00;IFS;8.20;15.40;26.0;11.7;0.00;45.0;IFS
vengeron;ICONIFS;2026-10-23T02:00;IFS;7.70;15.20;27.0;11.4;0.00;50.0;IFS
vengeron;ICONIFS;2026-10-23T03:00;IFS;7.40;14.80;27.0;11.1;0.00;55.0;IFS
vengeron;ICONIFS;2026-10-23T04:00;IFS;7.10;14.20;27.0;10.7;0.00;60.0;IFS
vengeron;ICONIFS;2026-10-23T05:00;IFS;6.80;13.60;26.0;10.4;0.00;65.0;IFS
vengeron;ICONIFS;2026-10-23T06:00;IFS;6.60;12.80;25.0;10.1;0.00;69.0;IFS
vengeron;ICONIFS;2026-10-23T07:00;IFS;6.30;12.20;26.0;10.0;0.00;72.0;IFS
vengeron;ICONIFS;2026-10-23T08:00;IFS;5.80;11.70;27.0;10.0;0.00;72.0;IFS
vengeron;ICONIFS;2026-10-23T09:00;IFS;5.10;11.30;31.0;10.2;0.00;70.0;IFS
vengeron;ICONIFS;2026-10-23T10:00;IFS;4.40;10.90;38.0;10.5;0.00;65.0;IFS
vengeron;ICONIFS;2026-10-23T11:00;IFS;3.70;10.70;49.0;11.0;0.00;58.0;IFS
vengeron;ICONIFS;2026-10-23T12:00;IFS;3.10;10.30;64.0;11.5;0.00;51.0;IFS
vengeron;ICONIFS;2026-10-23T13:00;IFS;3.00;9.90;79.0;12.1;0.00;44.0;IFS
vengeron;ICONIFS;2026-10-23T14:00;IFS;2.80;9.50;86.0;12.6;0.00;38.0;IFS
vengeron;ICONIFS;2026-10-23T15:00;IFS;2.60;8.90;86.0;13.1;0.00;32.0;IFS
vengeron;ICONIFS;2026-10-23T16:00;IFS;2.30;8.40;75.0;13.8;0.00;26.0;IFS
vengeron;ICONIFS;2026-10-23T17:00;IFS;2.20;7.60;58.0;14.4;0.00;19.0;IFS
vengeron;ICONIFS;2026-10-23T18:00;IFS;2.40;6.80;38.0;15.0;0.00;14.0;IFS
vengeron;ICONIFS;2026-10-23T19:00;IFS;2.80;6.40;25.0;15.5;0.00;9.0;IFS
vengeron;ICONIFS;2026-10-23T20:00;IFS;3.10;6.00;18.0;15.7;0.00;6.0;IFS
vengeron;ICONIFS;2026-10-23T21:00;IFS;3.30;6.00;17.0;15.6;0.00;5.0;IFS
vengeron;ICONIFS;2026-10-23T22:00;IFS;3.40;6.20;18.0;15.3;0.00;5.0;IFS
vengeron;ICONIFS;2026-10-23T23:00;IFS;3.50;6.40;21.0;14.8;0.00;6.0;IFS
vengeron;ICONIFS;2026-10-24T00:00;IFS;3.70;7.00;25.0;14.3;0.00;8.0;IFS
vengeron;ICONIFS;2026-10-24T01:00;IFS;3.90;7.40;28.0;13.8;0.00;11.0;IFS
vengeron;ICONIFS;2026-10-24T02:00;IFS;4.10;7.80;30.0;13.4;0.00;13.0;IFS
vengeron;ICONIFS;2026-10-24T03:00;IFS;4.50;8.20;30.0;13.1;0.00;16.0;IFS
vengeron;ICONIFS;2026-10-24T04:00;IFS;5.00;8.60;29.0;12.8;0.00;19.0;IFS
vengeron;ICONIFS;2026-10-24T05:00;IFS;5.50;9.10;27.0;12.4;0.00;23.0;IFS
vengeron;ICONIFS;2026-10-24T06:00;IFS;6.00;9.50;28.0;12.2;0.00;27.0;IFS
vengeron;ICONIFS;2026-10-24T07:00;IFS;6.40;10.10;29.0;12.0;0.00;29.0;IFS
vengeron;ICONIFS;2026-10-24T08:00;IFS;6.90;10.70;32.0;12.0;0.00;31.0;IFS
vengeron;ICONIFS;2026-10-24T09:00;IFS;7.10;11.30;38.0;12.1;0.00;31.0;IFS
vengeron;ICONIFS;2026-10-24T10:00;IFS;7.40;11.90;46.0;12.5;0.00;30.0;IFS
vengeron;ICONIFS;2026-10-24T11:00;IFS;8.00;12.40;54.0;12.9;0.00;29.0;IFS
vengeron;ICONIFS;2026-10-24T12:00;IFS;8.70;13.00;61.0;13.3;0.00;27.0;IFS
vengeron;ICONIFS;2026-10-24T13:00;IFS;9.30;13.60;65.0;13.7;0.00;24.0;IFS
vengeron;ICONIFS;2026-10-24T14:00;IFS;9.80;14.40;64.0;14.0;0.00;22.0;IFS
vengeron;ICONIFS;2026-10-24T15:00;IFS;10.20;15.20;59.0;14.1;0.00;19.0;IFS
vengeron;ICONIFS;2026-10-24T16:00;IFS;10.80;15.90;51.0;14.1;0.00;14.0;IFS
vengeron;ICONIFS;2026-10-24T17:00;IFS;11.60;16.70;41.0;14.1;0.00;9.0;IFS
vengeron;ICONIFS;2026-10-24T18:00;IFS;12.70;17.50;33.0;14.0;0.00;5.0;IFS
vengeron;ICONIFS;2026-10-24T19:00;IFS;13.80;18.30;27.0;13.9;0.00;2.0;IFS
vengeron;ICONIFS;2026-10-24T20:00;IFS;14.60;19.00;23.0;13.7;0.00;2.0;IFS
vengeron;ICONIFS;2026-10-24T21:00;IFS;15.20;19.60;22.0;13.5;0.00;5.0;IFS
vengeron;ICONIFS;2026-10-24T22:00;IFS;15.40;20.40;21.0;13.2;0.00;12.0;IFS
vengeron;ICONIFS;2026-10-24T23:00;IFS;15.40;21.00;20.0;12.9;0.00;19.0;IFS
vengeron;ICONIFS;2026-10-25T00:00;IFS;15.30;21.40;20.0;12.5;0.00;27.0;IFS
vengeron;ICONIFS;2026-10-25T01:00;IFS;15.20;21.80;21.0;12.2;0.00;34.0;IFS
vengeron;ICONIFS;2026-10-25T02:00;IFS;15.00;22.20;21.0;12.0;0.00;38.0;IFS
vengeron;ICONIFS;2026-10-25T03:00;IFS;14.70;22.40;21.0;11.8;0.00;39.0;IFS
vengeron;ICONIFS;2026-10-25T04:00;IFS;14.40;22.50;22.0;11.5;0.00;38.0;IFS
vengeron;ICONIFS;2026-10-25T05:00;IFS;14.00;22.50;24.0;11.3;0.00;36.0;IFS
vengeron;ICONIFS;2026-10-25T06:00;IFS;13.50;22.40;25.0;11.2;0.00;33.0;IFS
vengeron;ICONIFS;2026-10-25T07:00;IFS;13.00;22.20;27.0;11.1;0.00;30.0;IFS
vengeron;ICONIFS;2026-10-25T08:00;IFS;12.30;22.00;29.0;11.2;0.00;27.0;IFS
vengeron;ICONIFS;2026-10-25T09:00;IFS;11.50;21.60;31.0;11.5;0.00;25.0;IFS
vengeron;ICONIFS;2026-10-25T10:00;IFS;10.50;20.80;35.0;12.0;0.00;22.0;IFS
vengeron;ICONIFS;2026-10-25T11:00;IFS;9.50;20.00;40.0;12.6;0.00;19.0;IFS
vengeron;ICONIFS;2026-10-25T12:00;IFS;8.60;19.40;45.0;13.2;0.00;16.0;IFS
vengeron;ICONIFS;2026-10-25T13:00;IFS;7.90;18.70;50.0;13.7;0.00;14.0;IFS
vengeron;ICONIFS;2026-10-25T14:00;IFS;7.40;18.30;55.0;14.1;0.00;12.0;IFS
wwmeyzieu;ICONIFS;2026-10-10T00:00;ICONCH1;0.20;3.10;360.0;13.3;0.00;100.0;ICONCH1
wwmeyzieu;ICONIFS;2026-10-10T01:00;ICONCH1;1.30;2.10;153.0;13.5;0.00;100.0;ICONCH1
wwmeyzieu;ICONIFS;2026-10-10T02:00;ICONCH1;0.40;2.10;153.0;13.3;0.00;100.0;ICONCH1
wwmeyzieu;ICONIFS;2026-10-10T03:00;ICONCH1;0.70;1.20;236.0;13.2;0.20;100.0;ICONCH1
wwmeyzieu;ICONIFS;2026-10-10T04:00;ICONCH1;1.40;2.50;188.0;12.6;0.70;100.0;ICONCH1
wwmeyzieu;ICONIFS;2026-10-10T05:00;ICONCH1;2.10;3.70;202.0;12.4;0.40;97.0;ICONCH1
wwmeyzieu;ICONIFS;2026-10-10T06:00;ICONCH1;2.60;5.10;163.0;12.3;0.00;94.0;ICONCH1
wwmeyzieu;ICONIFS;2026-10-10T07:00;ICONCH1;2.20;4.30;165.0;12.2;0.00;100.0;ICONCH1
wwmeyzieu;ICONIFS;2026-10-10T08:00;ICONCH1;1.80;4.30;174.0;12.2;0.10;100.0;ICONCH1
wwmeyzieu;ICONIFS;2026-10-10T09:00;ICONCH1;1.70;4.30;159.0;12.4;0.00;96.0;ICONCH1
wwmeyzieu;ICONIFS;2026-10-10T10:00;ICONCH1;2.10;4.50;131.0;12.6;0.30;95.0;ICONCH1
wwmeyzieu;ICONIFS;2026-10-10T11:00;ICONCH1;1.60;5.60;135.0;13.3;0.00;90.0;ICONCH1
wwmeyzieu;ICONIFS;2026-10-10T12:00;ICONCH1;2.30;8.20;156.0;14.8;0.00;98.0;ICONCH1
wwmeyzieu;ICONIFS;2026-10-10T13:00;ICONCH1;3.00;5.20;148.0;15.9;0.00;99.0;ICONCH1
wwmeyzieu;ICONIFS;2026-10-10T14:00;ICONCH1;3.00;5.40;135.0;16.8;0.00;100.0;ICONCH1
wwmeyzieu;ICONIFS;2026-10-10T15:00;ICONCH1;3.20;5.80;137.0;17.3;0.00;44.0;ICONCH1
wwmeyzieu;ICONIFS;2026-10-10T16:00;ICONCH1;3.50;6.20;146.0;17.7;0.00;88.0;ICONCH1
wwmeyzieu;ICONIFS;2026-10-10T17:00;ICONCH1;3.80;6.80;135.0;18.1;0.00;59.0;ICONCH1
wwmeyzieu;ICONIFS;2026-10-10T18:00;ICONCH1;3.30;7.60;135.0;18.0;0.00;91.0;ICONCH1
wwmeyzieu;ICONIFS;2026-10-10T19:00;ICONCH1;2.30;6.60;90.0;17.6;0.00;80.0;ICONCH1
wwmeyzieu;ICONIFS;2026-10-10T20:00;ICONCH1;4.90;7.80;351.0;15.9;0.00;92.0;ICONCH1
wwmeyzieu;ICONIFS;2026-10-10T21:00;ICONCH1;4.50;7.80;313.0;15.0;0.00;76.0;ICONCH1
wwmeyzieu;ICONIFS;2026-10-10T22:00;ICONCH1;4.30;8.40;324.0;14.3;0.00;86.0;ICONCH1
wwmeyzieu;ICONIFS;2026-10-10T23:00;ICONCH1;4.10;7.00;319.0;13.7;0.00;70.0;ICONCH1
wwmeyzieu;ICONIFS;2026-10-11T00:00;ICONCH1;3.50;6.60;289.0;13.1;0.00;48.0;ICONCH1
wwmeyzieu;ICONIFS;2026-10-11T01:00;ICONCH1;2.90;5.40;250.0;12.5;0.00;72.0;ICONCH1
wwmeyzieu;ICONIFS;2026-10-11T02:00;ICONCH1;1.40;4.90;262.0;12.4;0.00;51.0;ICONCH1
wwmeyzieu;ICONIFS;2026-10-11T03:00;ICONCH1;1.40;2.70;286.0;12.0;0.00;95.0;ICONCH1
wwmeyzieu;ICONIFS;2026-10-11T04:00;ICONCH1;2.50;3.50;288.0;11.1;0.00;100.0;ICONCH1
wwmeyzieu;ICONIFS;2026-10-11T05:00;ICONCH1;0.80;3.90;270.0;11.0;0.00;100.0;ICONCH1
wwmeyzieu;ICONIFS;2026-10-11T06:00;ICONCH1;1.20;1.70;81.0;11.0;0.00;89.0;ICONCH1
wwmeyzieu;ICONIFS;2026-10-11T07:00;ICONCH1;2.20;3.10;75.0;9.6;0.00;93.0;ICONCH1
wwmeyzieu;ICONIFS;2026-10-11T08:00;ICONCH1;3.00;4.70;75.0;8.5;0.00;100.0;ICONCH1
wwmeyzieu;ICONIFS;2026-10-11T09:00;ICONCH1;2.70;4.70;69.0;8.3;0.00;100.0;ICONCH1
wwmeyzieu;ICONIFS;2026-10-11T10:00;ICONCH1;1.10;4.50;31.0;10.0;0.00;95.0;ICONCH1
wwmeyzieu;ICONIFS;2026-10-11T11:00;ICONCH1;1.90;3.90;360.0;12.3;0.00;63.0;ICONCH1
wwmeyzieu;ICONIFS;2026-10-11T12:00;ICONCH1;3.50;6.00;3.0;14.2;0.00;90.0;ICONCH1
wwmeyzieu;ICONIFS;2026-10-11T13:00;ICONCH1;6.40;10.50;12.0;15.5;0.00;93.0;ICONCH1
wwmeyzieu;ICONIFS;2026-10-11T14:00;ICONCH1;7.30;11.90;9.0;16.2;0.00;63.0;ICONCH1
wwmeyzieu;ICONIFS;2026-10-11T15:00;ICONCH1;7.40;12.40;360.0;16.6;0.00;93.0;ICONCH1
wwmeyzieu;ICONIFS;2026-10-11T16:00;ICONCH1;7.40;12.40;20.0;16.8;0.00;100.0;ICONCH1
wwmeyzieu;ICONIFS;2026-10-11T17:00;ICONCH1;6.70;13.60;12.0;16.7;0.00;100.0;ICONCH1
wwmeyzieu;ICONIFS;2026-10-11T18:00;ICONCH1;7.50;12.40;28.0;16.1;0.00;100.0;ICONCH1
wwmeyzieu;ICONIFS;2026-10-11T19:00;ICONCH1;5.20;11.50;15.0;15.1;0.00;99.0;ICONCH1
wwmeyzieu;ICONIFS;2026-10-11T20:00;ICONCH1;3.90;8.00;360.0;14.0;0.00;88.0;ICONCH1
wwmeyzieu;ICONIFS;2026-10-11T21:00;ICONCH1;4.10;6.40;352.0;13.3;0.00;75.0;ICONCH1
wwmeyzieu;ICONIFS;2026-10-11T22:00;ICONCH1;3.50;6.80;3.0;12.6;0.00;47.0;ICONCH1
wwmeyzieu;ICONIFS;2026-10-11T23:00;ICONCH1;2.90;5.20;360.0;12.0;0.00;33.0;ICONCH1
wwmeyzieu;ICONIFS;2026-10-12T00:00;ICONCH1;2.10;4.70;5.0;11.7;0.00;31.0;ICONCH1
wwmeyzieu;ICONIFS;2026-10-12T01:00;ICONCH1;1.80;3.50;13.0;11.4;0.00;37.0;ICONCH1
wwmeyzieu;ICONIFS;2026-10-12T02:00;ICONCH1;2.20;3.50;345.0;11.0;0.00;0.0;ICONCH1
wwmeyzieu;ICONIFS;2026-10-12T03:00;ICONCH1;1.70;3.30;339.0;10.8;0.00;0.0;ICONCH1
wwmeyzieu;ICONIFS;2026-10-12T04:00;ICONCH1;2.40;3.70;346.0;10.3;0.00;0.0;ICONCH1
wwmeyzieu;ICONIFS;2026-10-12T05:00;ICONCH1;2.70;4.10;356.0;10.0;0.00;0.0;ICONCH1
wwmeyzieu;ICONIFS;2026-10-12T06:00;ICONCH2;1.40;3.50;344.0;10.2;0.00;0.0;ICONCH2
wwmeyzieu;ICONIFS;2026-10-12T07:00;ICONCH2;1.70;3.30;27.0;10.1;0.00;0.0;ICONCH2
wwmeyzieu;ICONIFS;2026-10-12T08:00;ICONCH2;1.80;3.30;58.0;9.4;0.00;0.0;ICONCH2
wwmeyzieu;ICONIFS;2026-10-12T09:00;ICONCH2;1.60;3.30;14.0;9.6;0.00;0.0;ICONCH2
wwmeyzieu;ICONIFS;2026-10-12T10:00;ICONCH2;2.40;5.10;351.0;10.5;0.00;0.0;ICONCH2
wwmeyzieu;ICONIFS;2026-10-12T11:00;ICONCH2;2.90;6.40;356.0;12.2;0.00;0.0;ICONCH2
wwmeyzieu;ICONIFS;2026-10-12T12:00;ICONCH2;4.30;9.30;352.0;14.4;0.00;0.0;ICONCH2
wwmeyzieu;ICONIFS;2026-10-12T13:00;ICONCH2;5.70;11.90;352.0;16.1;0.00;0.0;ICONCH2
wwmeyzieu;ICONIFS;2026-10-12T14:00;ICONCH2;6.80;13.80;353.0;17.3;0.00;0.0;ICONCH2
wwmeyzieu;ICONIFS;2026-10-12T15:00;ICONCH2;6.80;13.80;355.0;18.0;0.00;0.0;ICONCH2
wwmeyzieu;ICONIFS;2026-10-12T16:00;ICONCH2;6.80;13.60;357.0;18.3;0.00;0.0;ICONCH2
wwmeyzieu;ICONIFS;2026-10-12T17:00;ICONCH2;6.40;13.40;355.0;18.4;0.00;0.0;ICONCH2
wwmeyzieu;ICONIFS;2026-10-12T18:00;ICONCH2;5.10;12.60;360.0;18.0;0.00;0.0;ICONCH2
wwmeyzieu;ICONIFS;2026-10-12T19:00;ICONCH2;3.10;9.70;4.0;16.8;0.00;0.0;ICONCH2
wwmeyzieu;ICONIFS;2026-10-12T20:00;ICONCH2;2.60;5.60;13.0;15.5;0.00;10.0;ICONCH2
wwmeyzieu;ICONIFS;2026-10-12T21:00;ICONCH2;1.70;4.50;360.0;14.7;0.00;17.0;ICONCH2
wwmeyzieu;ICONIFS;2026-10-12T22:00;ICONCH2;1.00;2.90;292.0;14.3;0.00;7.0;ICONCH2
wwmeyzieu;ICONIFS;2026-10-12T23:00;ICONCH2;1.60;2.90;256.0;12.9;0.00;1.0;ICONCH2
wwmeyzieu;ICONIFS;2026-10-13T00:00;ICONCH2;1.00;2.70;248.0;12.7;0.00;0.0;ICONCH2
wwmeyzieu;ICONIFS;2026-10-13T01:00;ICONCH2;0.40;1.60;297.0;12.2;0.00;0.0;ICONCH2
wwmeyzieu;ICONIFS;2026-10-13T02:00;ICONCH2;1.00;1.20;53.0;12.0;0.00;0.0;ICONCH2
wwmeyzieu;ICONIFS;2026-10-13T03:00;ICONCH2;1.20;1.70;81.0;10.5;0.00;0.0;ICONCH2
wwmeyzieu;ICONIFS;2026-10-13T04:00;ICONCH2;1.20;2.10;81.0;9.9;0.00;0.0;ICONCH2
wwmeyzieu;ICONIFS;2026-10-13T05:00;ICONCH2;1.00;1.70;53.0;9.7;0.00;0.0;ICONCH2
wwmeyzieu;ICONIFS;2026-10-13T06:00;ICONCH2;1.20;1.70;90.0;9.6;0.00;0.0;ICONCH2
wwmeyzieu;ICONIFS;2026-10-13T07:00;ICONCH2;0.60;1.70;108.0;9.4;0.00;0.0;ICONCH2
wwmeyzieu;ICONIFS;2026-10-13T08:00;ICONCH2;0.40;1.00;117.0;9.4;0.00;0.0;ICONCH2
wwmeyzieu;ICONIFS;2026-10-13T09:00;ICONCH2;0.40;0.60;180.0;9.8;0.00;0.0;ICONCH2
wwmeyzieu;ICONIFS;2026-10-13T10:00;ICONCH2;0.30;1.20;135.0;10.7;0.00;0.0;ICONCH2
wwmeyzieu;ICONIFS;2026-10-13T11:00;ICONCH2;1.00;2.70;79.0;12.4;0.00;0.0;ICONCH2
wwmeyzieu;ICONIFS;2026-10-13T12:00;ICONCH2;1.20;3.70;81.0;14.5;0.00;0.0;ICONCH2
wwmeyzieu;ICONIFS;2026-10-13T13:00;ICONCH2;0.50;3.50;45.0;16.4;0.00;22.0;ICONCH2
wwmeyzieu;ICONIFS;2026-10-13T14:00;ICONCH2;0.80;2.70;14.0;17.9;0.00;100.0;ICONCH2
wwmeyzieu;ICONIFS;2026-10-13T15:00;ICONCH2;1.20;3.50;9.0;19.0;0.00;40.0;ICONCH2
wwmeyzieu;ICONIFS;2026-10-13T16:00;ICONCH2;1.20;3.50;39.0;19.7;0.00;100.0;ICONCH2
wwmeyzieu;ICONIFS;2026-10-13T17:00;ICONCH2;1.40;3.30;34.0;20.1;0.00;100.0;ICONCH2
wwmeyzieu;ICONIFS;2026-10-13T18:00;ICONCH2;2.80;5.40;34.0;20.2;0.00;100.0;ICONCH2
wwmeyzieu;ICONIFS;2026-10-13T19:00;ICONCH2;2.30;5.60;20.0;19.0;0.00;100.0;ICONCH2
wwmeyzieu;ICONIFS;2026-10-13T20:00;ICONCH2;2.00;4.70;17.0;17.7;0.00;100.0;ICONCH2
wwmeyzieu;ICONIFS;2026-10-13T21:00;ICONCH2;1.60;3.70;353.0;16.6;0.00;100.0;ICONCH2
wwmeyzieu;ICONIFS;2026-10-13T22:00;ICONCH2;1.40;2.70;315.0;15.8;0.00;100.0;ICONCH2
wwmeyzieu;ICONIFS;2026-10-13T23:00;ICONCH2;1.50;2.90;293.0;15.3;0.00;100.0;ICONCH2
wwmeyzieu;ICONIFS;2026-10-14T00:00;ICONCH2;0.80;2.50;284.0;15.7;0.00;100.0;ICONCH2
wwmeyzieu;ICONIFS;2026-10-14T01:00;ICONCH2;0.70;1.00;34.0;16.2;0.00;100.0;ICONCH2
wwmeyzieu;ICONIFS;2026-10-14T02:00;ICONCH2;1.40;2.10;45.0;16.1;0.00;100.0;ICONCH2
wwmeyzieu;ICONIFS;2026-10-14T03:00;ICONCH2;1.40;2.30;34.0;15.5;0.00;100.0;ICONCH2
wwmeyzieu;ICONIFS;2026-10-14T04:00;ICONCH2;1.40;2.30;352.0;15.3;0.00;98.0;ICONCH2
wwmeyzieu;ICONIFS;2026-10-14T05:00;ICONCH2;1.80;2.70;319.0;14.7;0.00;67.0;ICONCH2
wwmeyzieu;ICONIFS;2026-10-14T06:00;ICONCH2;1.80;3.30;311.0;14.1;0.00;100.0;ICONCH2
wwmeyzieu;ICONIFS;2026-10-14T07:00;ICONCH2;1.40;2.90;326.0;14.3;0.00;100.0;ICONCH2
wwmeyzieu;ICONIFS;2026-10-14T08:00;ICONCH2;1.20;2.70;351.0;14.4;0.00;99.0;ICONCH2
wwmeyzieu;ICONIFS;2026-10-14T09:00;ICONCH2;1.20;2.10;39.0;14.5;0.00;76.0;ICONCH2
wwmeyzieu;ICONIFS;2026-10-14T10:00;ICONCH2;1.40;2.90;344.0;15.2;0.00;35.0;ICONCH2
wwmeyzieu;ICONIFS;2026-10-14T11:00;ICONCH2;4.70;9.50;343.0;17.5;0.00;27.0;ICONCH2
wwmeyzieu;ICONIFS;2026-10-14T12:00;ICONCH2;5.70;11.50;350.0;19.6;0.00;0.0;ICONCH2
wwmeyzieu;ICONIFS;2026-10-14T13:00;ICONCH2;6.20;12.40;360.0;21.0;0.00;0.0;ICONCH2
wwmeyzieu;ICONIFS;2026-10-14T14:00;ICONCH2;5.80;12.40;4.0;22.0;0.00;0.0;ICONCH2
wwmeyzieu;ICONIFS;2026-10-14T15:00;ICON13KM;7.00;14.00;360.0;22.3;0.00;30.0;ICON13KM
wwmeyzieu;ICONIFS;2026-10-14T16:00;ICON13KM;6.80;13.60;7.0;22.5;0.00;25.0;ICON13KM
wwmeyzieu;ICONIFS;2026-10-14T17:00;ICON13KM;6.10;12.40;11.0;22.2;0.00;19.0;ICON13KM
wwmeyzieu;ICONIFS;2026-10-14T18:00;ICON13KM;4.80;9.90;12.0;21.0;0.00;46.0;ICON13KM
wwmeyzieu;ICONIFS;2026-10-14T19:00;ICON13KM;2.70;6.60;8.0;19.3;0.00;73.0;ICON13KM
wwmeyzieu;ICONIFS;2026-10-14T20:00;ICON13KM;1.40;3.90;360.0;17.7;0.00;100.0;ICON13KM
wwmeyzieu;ICONIFS;2026-10-14T21:00;ICON13KM;0.80;2.50;346.0;16.5;0.00;67.0;ICON13KM
wwmeyzieu;ICONIFS;2026-10-14T22:00;ICON13KM;0.60;1.70;342.0;15.4;0.00;33.0;ICON13KM
wwmeyzieu;ICONIFS;2026-10-14T23:00;ICON13KM;0.40;1.40;333.0;14.5;0.00;0.0;ICON13KM
wwmeyzieu;ICONIFS;2026-10-15T00:00;ICON13KM;0.20;1.00;360.0;13.8;0.00;24.0;ICON13KM
wwmeyzieu;ICONIFS;2026-10-15T01:00;ICON13KM;0.40;0.80;90.0;13.3;0.00;47.0;ICON13KM
wwmeyzieu;ICONIFS;2026-10-15T02:00;ICON13KM;0.60;0.80;90.0;12.8;0.00;71.0;ICON13KM
wwmeyzieu;ICONIFS;2026-10-15T03:00;ICON13KM;0.80;1.20;90.0;12.2;0.00;81.0;ICON13KM
wwmeyzieu;ICONIFS;2026-10-15T04:00;ICON13KM;0.80;1.70;104.0;11.6;0.00;90.0;ICON13KM
wwmeyzieu;ICONIFS;2026-10-15T05:00;ICON13KM;0.80;2.10;104.0;11.2;0.00;100.0;ICON13KM
wwmeyzieu;ICONIFS;2026-10-15T06:00;ICON13KM;0.70;2.10;124.0;11.0;0.00;100.0;ICON13KM
wwmeyzieu;ICONIFS;2026-10-15T07:00;ICON13KM;0.40;1.90;180.0;11.0;0.00;100.0;ICON13KM
wwmeyzieu;ICONIFS;2026-10-15T08:00;ICON13KM;0.60;1.70;198.0;11.3;0.00;100.0;ICON13KM
wwmeyzieu;ICONIFS;2026-10-15T09:00;ICON13KM;0.60;1.70;198.0;11.9;0.00;97.0;ICON13KM
wwmeyzieu;ICONIFS;2026-10-15T10:00;ICON13KM;0.40;1.90;207.0;12.7;0.00;94.0;ICON13KM
wwmeyzieu;ICONIFS;2026-10-15T11:00;ICON13KM;0.60;2.50;180.0;14.1;0.00;91.0;ICON13KM
wwmeyzieu;ICONIFS;2026-10-15T12:00;ICON13KM;1.20;3.50;180.0;16.3;0.00;69.0;ICON13KM
wwmeyzieu;ICONIFS;2026-10-15T13:00;ICON13KM;2.00;4.90;174.0;18.9;0.00;48.0;ICON13KM
wwmeyzieu;ICONIFS;2026-10-15T14:00;ICON13KM;2.60;6.00;171.0;21.1;0.00;26.0;ICON13KM
wwmeyzieu;ICONIFS;2026-10-15T15:00;ICON13KM;3.20;7.00;166.0;22.4;0.00;17.0;ICON13KM
wwmeyzieu;ICONIFS;2026-10-15T16:00;ICON13KM;3.80;8.00;165.0;23.2;0.00;9.0;ICON13KM
wwmeyzieu;ICONIFS;2026-10-15T17:00;ICON13KM;3.90;8.00;160.0;23.2;0.00;0.0;ICON13KM
wwmeyzieu;ICONIFS;2026-10-15T18:00;ICON13KM;3.30;6.60;152.0;22.0;0.00;4.0;ICON13KM
wwmeyzieu;ICONIFS;2026-10-15T19:00;ICON13KM;2.50;4.70;135.0;20.1;0.00;8.0;ICON13KM
wwmeyzieu;ICONIFS;2026-10-15T20:00;ICON13KM;2.00;3.10;119.0;18.1;0.00;12.0;ICON13KM
wwmeyzieu;ICONIFS;2026-10-15T21:00;ICON13KM;1.90;2.90;114.0;16.4;0.00;24.0;ICON13KM
wwmeyzieu;ICONIFS;2026-10-15T22:00;ICON13KM;1.80;3.30;122.0;14.6;0.00;36.0;ICON13KM
wwmeyzieu;ICONIFS;2026-10-15T23:00;ICON13KM;1.70;3.50;126.0;13.2;0.00;48.0;ICON13KM
wwmeyzieu;ICONIFS;2026-10-16T00:00;ICON13KM;1.60;3.30;120.0;12.2;0.00;56.0;ICON13KM
wwmeyzieu;ICONIFS;2026-10-16T01:00;ICON13KM;1.60;2.70;120.0;11.6;0.00;65.0;ICON13KM
wwmeyzieu;ICONIFS;2026-10-16T02:00;ICON13KM;1.30;2.30;117.0;11.2;0.00;73.0;ICON13KM
wwmeyzieu;ICONIFS;2026-10-16T03:00;ICON13KM;1.10;1.70;121.0;11.1;0.00;70.0;ICON13KM
wwmeyzieu;ICONIFS;2026-10-16T04:00;ICON13KM;0.80;1.40;135.0;11.1;0.00;66.0;ICON13KM
wwmeyzieu;ICONIFS;2026-10-16T05:00;ICON13KM;0.50;1.00;135.0;10.9;0.00;63.0;ICON13KM
wwmeyzieu;ICONIFS;2026-10-16T06:00;ICON13KM;0.40;1.00;90.0;10.2;0.00;75.0;ICON13KM
wwmeyzieu;ICONIFS;2026-10-16T07:00;ICON13KM;0.70;1.40;56.0;9.3;0.00;88.0;ICON13KM
wwmeyzieu;ICONIFS;2026-10-16T08:00;ICON13KM;1.00;1.70;37.0;9.0;0.00;100.0;ICON13KM
wwmeyzieu;ICONIFS;2026-10-16T09:00;ICON13KM;1.00;2.10;37.0;9.7;0.00;97.0;ICON13KM
wwmeyzieu;ICONIFS;2026-10-16T10:00;ICON13KM;0.70;2.50;34.0;11.1;0.00;95.0;ICON13KM
wwmeyzieu;ICONIFS;2026-10-16T11:00;ICON13KM;0.40;2.90;27.0;12.8;0.00;92.0;ICON13KM
wwmeyzieu;ICONIFS;2026-10-16T12:00;ICON13KM;0.60;3.30;342.0;15.1;0.00;73.0;ICON13KM
wwmeyzieu;ICONIFS;2026-10-16T13:00;ICON13KM;1.00;3.70;323.0;17.7;0.00;53.0;ICON13KM
wwmeyzieu;ICONIFS;2026-10-16T14:00;ICON13KM;1.40;4.30;326.0;19.8;0.00;34.0;ICON13KM
wwmeyzieu;ICONIFS;2026-10-16T15:00;ICON13KM;2.00;5.40;349.0;21.0;0.00;31.0;ICON13KM
wwmeyzieu;ICONIFS;2026-10-16T16:00;ICON13KM;2.90;6.60;8.0;21.6;0.00;29.0;ICON13KM
wwmeyzieu;ICONIFS;2026-10-16T17:00;ICON13KM;3.60;7.40;13.0;21.4;0.00;26.0;ICON13KM
wwmeyzieu;ICONIFS;2026-10-16T18:00;ICON13KM;3.40;7.00;13.0;20.2;0.00;17.0;ICON13KM
wwmeyzieu;ICONIFS;2026-10-16T19:00;ICON13KM;2.90;6.00;8.0;18.3;0.00;9.0;ICON13KM
wwmeyzieu;ICONIFS;2026-10-16T20:00;ICON13KM;2.30;5.10;360.0;16.5;0.00;0.0;ICON13KM
wwmeyzieu;ICONIFS;2026-10-16T21:00;ICON13KM;2.00;4.30;354.0;15.2;0.00;20.0;ICON13KM
wwmeyzieu;ICONIFS;2026-10-16T22:00;ICON13KM;1.60;3.70;346.0;14.1;0.00;39.0;ICON13KM
wwmeyzieu;ICONIFS;2026-10-16T23:00;ICON13KM;1.50;3.30;337.0;13.2;0.00;59.0;ICON13KM
wwmeyzieu;ICONIFS;2026-10-17T00:00;ICON13KM;1.50;3.10;337.0;12.6;0.00;66.0;ICON13KM
wwmeyzieu;ICONIFS;2026-10-17T01:00;ICON13KM;1.60;3.10;346.0;12.3;0.00;74.0;ICON13KM
wwmeyzieu;ICONIFS;2026-10-17T02:00;ICON13KM;1.60;3.10;353.0;12.1;0.00;81.0;ICON13KM
wwmeyzieu;ICONIFS;2026-10-17T03:00;ICON13KM;1.40;2.70;352.0;12.2;0.00;85.0;ICON13KM
wwmeyzieu;ICONIFS;2026-10-17T04:00;ICON13KM;0.90;2.30;333.0;12.5;0.00;89.0;ICON13KM
wwmeyzieu;ICONIFS;2026-10-17T05:00;ICON13KM;0.70;1.90;326.0;12.7;0.00;93.0;ICON13KM
wwmeyzieu;ICONIFS;2026-10-17T06:00;ICON13KM;0.50;1.60;315.0;12.9;0.00;95.0;ICON13KM
wwmeyzieu;ICONIFS;2026-10-17T07:00;ICON13KM;0.60;1.20;342.0;13.0;0.00;98.0;ICON13KM
wwmeyzieu;ICONIFS;2026-10-17T08:00;ICON13KM;0.80;1.60;346.0;13.2;0.00;100.0;ICON13KM
wwmeyzieu;ICONIFS;2026-10-17T09:00;ICON13KM;1.60;3.10;346.0;13.6;0.00;100.0;ICON13KM
wwmeyzieu;ICONIFS;2026-10-17T10:00;ICON13KM;2.60;5.10;347.0;14.1;0.00;100.0;ICON13KM
wwmeyzieu;ICONIFS;2026-10-17T11:00;ICON13KM;3.40;6.80;350.0;14.8;0.00;100.0;ICON13KM
wwmeyzieu;ICONIFS;2026-10-17T12:00;ICON13KM;3.50;7.60;354.0;15.6;0.00;95.0;ICON13KM
wwmeyzieu;ICONIFS;2026-10-17T13:00;ICON13KM;3.70;8.00;357.0;16.6;0.00;90.0;ICON13KM
wwmeyzieu;ICONIFS;2026-10-17T14:00;ICON13KM;3.70;8.20;3.0;17.4;0.00;85.0;ICON13KM
wwmeyzieu;ICONIFS;2026-10-17T15:00;ICON13KM;3.90;8.60;9.0;18.0;0.00;78.0;ICON13KM
wwmeyzieu;ICONIFS;2026-10-17T16:00;ICON13KM;4.40;8.90;13.0;18.4;0.00;72.0;ICON13KM
wwmeyzieu;ICONIFS;2026-10-17T17:00;ICON13KM;4.20;8.70;16.0;18.3;0.00;65.0;ICON13KM
wwmeyzieu;ICONIFS;2026-10-17T18:00;ICON13KM;3.40;7.20;16.0;17.5;0.00;49.0;ICON13KM
wwmeyzieu;ICONIFS;2026-10-17T19:00;ICON13KM;2.20;5.10;15.0;16.2;0.00;32.0;ICON13KM
wwmeyzieu;ICONIFS;2026-10-17T20:00;ICON13KM;1.20;3.30;9.0;15.0;0.00;16.0;ICON13KM
wwmeyzieu;ICONIFS;2026-10-17T21:00;ICON13KM;0.80;2.10;360.0;14.0;0.00;35.0;ICON13KM
wwmeyzieu;ICONIFS;2026-10-17T22:00;ICON13KM;0.60;1.20;360.0;13.1;0.00;53.0;ICON13KM
wwmeyzieu;ICONIFS;2026-10-17T23:00;ICON13KM;0.40;0.60;360.0;12.3;0.00;72.0;ICON13KM
wwmeyzieu;ICONIFS;2026-10-18T00:00;ICON13KM;0.30;0.60;45.0;11.6;0.00;81.0;ICON13KM
wwmeyzieu;ICONIFS;2026-10-18T01:00;ICON13KM;0.20;1.00;90.0;11.0;0.00;91.0;ICON13KM
wwmeyzieu;ICONIFS;2026-10-18T02:00;ICON13KM;0.40;1.20;117.0;10.5;0.00;100.0;ICON13KM
wwmeyzieu;ICONIFS;2026-10-18T03:00;IFS;9.60;25.30;348.0;10.0;0.00;99.0;IFS
wwmeyzieu;ICONIFS;2026-10-18T04:00;IFS;8.70;24.50;345.0;9.7;0.00;99.0;IFS
wwmeyzieu;ICONIFS;2026-10-18T05:00;IFS;7.80;23.70;341.0;9.4;0.00;99.0;IFS
wwmeyzieu;ICONIFS;2026-10-18T06:00;IFS;7.00;22.90;337.0;9.2;0.00;99.0;IFS
wwmeyzieu;ICONIFS;2026-10-18T07:00;IFS;6.30;22.00;332.0;9.1;0.00;99.0;IFS
wwmeyzieu;ICONIFS;2026-10-18T08:00;IFS;5.70;21.00;329.0;9.3;0.00;99.0;IFS
wwmeyzieu;ICONIFS;2026-10-18T09:00;IFS;5.20;19.80;327.0;9.9;0.00;100.0;IFS
wwmeyzieu;ICONIFS;2026-10-18T10:00;IFS;4.80;18.70;328.0;10.7;0.00;100.0;IFS
wwmeyzieu;ICONIFS;2026-10-18T11:00;IFS;4.50;17.30;330.0;11.8;0.00;100.0;IFS
wwmeyzieu;ICONIFS;2026-10-18T12:00;IFS;4.20;15.90;334.0;12.8;0.00;100.0;IFS
wwmeyzieu;ICONIFS;2026-10-18T13:00;IFS;4.10;15.00;338.0;13.7;0.00;100.0;IFS
wwmeyzieu;ICONIFS;2026-10-18T14:00;IFS;4.00;14.00;340.0;14.2;0.00;99.0;IFS
wwmeyzieu;ICONIFS;2026-10-18T15:00;IFS;4.10;13.40;342.0;14.4;0.00;91.0;IFS
wwmeyzieu;ICONIFS;2026-10-18T16:00;IFS;4.30;13.00;343.0;14.5;0.00;80.0;IFS
wwmeyzieu;ICONIFS;2026-10-18T17:00;IFS;4.60;12.80;344.0;14.3;0.00;67.0;IFS
wwmeyzieu;ICONIFS;2026-10-18T18:00;IFS;4.90;12.60;344.0;14.1;0.00;54.0;IFS
wwmeyzieu;ICONIFS;2026-10-18T19:00;IFS;5.10;12.60;345.0;13.8;0.00;42.0;IFS
wwmeyzieu;ICONIFS;2026-10-18T20:00;IFS;5.30;12.40;344.0;13.4;0.00;33.0;IFS
wwmeyzieu;ICONIFS;2026-10-18T21:00;IFS;5.30;12.20;343.0;12.9;0.00;26.0;IFS
wwmeyzieu;ICONIFS;2026-10-18T22:00;IFS;5.20;12.10;340.0;12.3;0.00;21.0;IFS
wwmeyzieu;ICONIFS;2026-10-18T23:00;IFS;5.00;12.10;338.0;11.6;0.00;17.0;IFS
wwmeyzieu;ICONIFS;2026-10-19T00:00;IFS;4.90;11.90;335.0;10.8;0.00;14.0;IFS
wwmeyzieu;ICONIFS;2026-10-19T01:00;IFS;4.80;11.90;333.0;10.2;0.00;12.0;IFS
wwmeyzieu;ICONIFS;2026-10-19T02:00;IFS;4.70;11.70;332.0;9.6;0.00;13.0;IFS
wwmeyzieu;ICONIFS;2026-10-19T03:00;IFS;4.80;11.50;332.0;9.1;0.00;17.0;IFS
wwmeyzieu;ICONIFS;2026-10-19T04:00;IFS;4.90;11.10;334.0;8.6;0.00;24.0;IFS
wwmeyzieu;ICONIFS;2026-10-19T05:00;IFS;5.10;10.90;336.0;8.1;0.00;33.0;IFS
wwmeyzieu;ICONIFS;2026-10-19T06:00;IFS;5.20;10.70;338.0;7.8;0.00;41.0;IFS
wwmeyzieu;ICONIFS;2026-10-19T07:00;IFS;5.30;10.50;340.0;7.7;0.00;48.0;IFS
wwmeyzieu;ICONIFS;2026-10-19T08:00;IFS;5.30;10.50;340.0;7.9;0.00;51.0;IFS
wwmeyzieu;ICONIFS;2026-10-19T09:00;IFS;5.10;10.70;339.0;8.5;0.00;50.0;IFS
wwmeyzieu;ICONIFS;2026-10-19T10:00;IFS;4.80;11.10;336.0;9.6;0.00;45.0;IFS
wwmeyzieu;ICONIFS;2026-10-19T11:00;IFS;4.50;11.50;333.0;10.8;0.00;39.0;IFS
wwmeyzieu;ICONIFS;2026-10-19T12:00;IFS;4.20;11.90;329.0;12.1;0.00;31.0;IFS
wwmeyzieu;ICONIFS;2026-10-19T13:00;IFS;4.00;12.40;326.0;13.1;0.00;24.0;IFS
wwmeyzieu;ICONIFS;2026-10-19T14:00;IFS;4.00;13.00;325.0;13.8;0.00;19.0;IFS
wwmeyzieu;ICONIFS;2026-10-19T15:00;IFS;4.30;13.60;326.0;14.0;0.00;14.0;IFS
wwmeyzieu;ICONIFS;2026-10-19T16:00;IFS;4.90;14.40;329.0;13.8;0.00;8.0;IFS
wwmeyzieu;ICONIFS;2026-10-19T17:00;IFS;5.60;15.20;332.0;13.5;0.00;2.0;IFS
wwmeyzieu;ICONIFS;2026-10-19T18:00;IFS;6.30;15.90;334.0;13.1;0.00;0.0;IFS
wwmeyzieu;ICONIFS;2026-10-19T19:00;IFS;6.80;16.50;336.0;12.5;0.00;0.0;IFS
wwmeyzieu;ICONIFS;2026-10-19T20:00;IFS;7.10;16.90;337.0;12.0;0.00;1.0;IFS
wwmeyzieu;ICONIFS;2026-10-19T21:00;IFS;7.10;16.90;337.0;11.4;0.00;12.0;IFS
wwmeyzieu;ICONIFS;2026-10-19T22:00;IFS;6.80;16.70;336.0;10.7;0.00;29.0;IFS
wwmeyzieu;ICONIFS;2026-10-19T23:00;IFS;6.30;16.30;335.0;10.0;0.00;49.0;IFS
wwmeyzieu;ICONIFS;2026-10-20T00:00;IFS;5.80;15.90;334.0;9.2;0.00;70.0;IFS
wwmeyzieu;ICONIFS;2026-10-20T01:00;IFS;5.40;15.40;333.0;8.4;0.00;87.0;IFS
wwmeyzieu;ICONIFS;2026-10-20T02:00;IFS;5.10;14.80;333.0;7.8;0.00;99.0;IFS
wwmeyzieu;ICONIFS;2026-10-20T03:00;IFS;5.00;14.20;333.0;7.2;0.00;100.0;IFS
wwmeyzieu;ICONIFS;2026-10-20T04:00;IFS;5.00;13.20;333.0;6.6;0.00;100.0;IFS
wwmeyzieu;ICONIFS;2026-10-20T05:00;IFS;5.00;12.40;335.0;6.0;0.00;100.0;IFS
wwmeyzieu;ICONIFS;2026-10-20T06:00;IFS;5.10;11.70;335.0;5.6;0.00;100.0;IFS
wwmeyzieu;ICONIFS;2026-10-20T07:00;IFS;5.10;10.90;336.0;5.4;0.00;100.0;IFS
wwmeyzieu;ICONIFS;2026-10-20T08:00;IFS;4.90;10.70;335.0;5.6;0.00;95.0;IFS
wwmeyzieu;ICONIFS;2026-10-20T09:00;IFS;4.60;10.90;333.0;6.4;0.00;83.0;IFS
wwmeyzieu;ICONIFS;2026-10-20T10:00;IFS;4.10;11.50;330.0;7.7;0.00;65.0;IFS
wwmeyzieu;ICONIFS;2026-10-20T11:00;IFS;3.70;12.20;325.0;9.2;0.00;44.0;IFS
wwmeyzieu;ICONIFS;2026-10-20T12:00;IFS;3.30;13.20;320.0;10.8;0.00;24.0;IFS
wwmeyzieu;ICONIFS;2026-10-20T13:00;IFS;3.00;13.80;314.0;12.1;0.00;9.0;IFS
wwmeyzieu;ICONIFS;2026-10-20T14:00;IFS;2.80;14.00;309.0;12.8;0.00;1.0;IFS
wwmeyzieu;ICONIFS;2026-10-20T15:00;IFS;2.70;13.80;311.0;13.0;0.00;4.0;IFS
wwmeyzieu;ICONIFS;2026-10-20T16:00;IFS;2.80;13.20;312.0;12.9;0.00;14.0;IFS
wwmeyzieu;ICONIFS;2026-10-20T17:00;IFS;2.80;12.40;318.0;12.4;0.00;29.0;IFS
wwmeyzieu;ICONIFS;2026-10-20T18:00;IFS;2.90;11.70;323.0;11.8;0.00;45.0;IFS
wwmeyzieu;ICONIFS;2026-10-20T19:00;IFS;3.00;10.90;327.0;11.2;0.00;57.0;IFS
wwmeyzieu;ICONIFS;2026-10-20T20:00;IFS;3.20;10.30;329.0;10.7;0.00;63.0;IFS
wwmeyzieu;ICONIFS;2026-10-20T21:00;IFS;3.30;9.70;330.0;10.1;0.00;60.0;IFS
wwmeyzieu;ICONIFS;2026-10-20T22:00;IFS;3.30;9.30;328.0;9.5;0.00;52.0;IFS
wwmeyzieu;ICONIFS;2026-10-20T23:00;IFS;3.50;8.90;328.0;8.8;0.00;40.0;IFS
wwmeyzieu;ICONIFS;2026-10-21T00:00;IFS;3.50;8.60;326.0;8.2;0.00;28.0;IFS
wwmeyzieu;ICONIFS;2026-10-21T01:00;IFS;3.50;8.20;326.0;7.6;0.00;17.0;IFS
wwmeyzieu;ICONIFS;2026-10-21T02:00;IFS;3.50;7.80;328.0;7.0;0.00;12.0;IFS
wwmeyzieu;ICONIFS;2026-10-21T03:00;IFS;3.40;7.60;331.0;6.5;0.00;12.0;IFS
wwmeyzieu;ICONIFS;2026-10-21T04:00;IFS;3.40;7.20;338.0;5.8;0.00;17.0;IFS
wwmeyzieu;ICONIFS;2026-10-21T05:00;IFS;3.30;7.00;346.0;5.2;0.00;23.0;IFS
wwmeyzieu;ICONIFS;2026-10-21T06:00;IFS;3.20;6.80;353.0;4.8;0.00;30.0;IFS
wwmeyzieu;ICONIFS;2026-10-21T07:00;IFS;3.20;6.60;360.0;4.7;0.00;35.0;IFS
wwmeyzieu;ICONIFS;2026-10-21T08:00;IFS;3.10;6.60;4.0;5.0;0.00;36.0;IFS
wwmeyzieu;ICONIFS;2026-10-21T09:00;IFS;2.80;6.60;6.0;6.0;0.00;33.0;IFS
wwmeyzieu;ICONIFS;2026-10-21T10:00;IFS;2.30;6.60;5.0;7.6;0.00;27.0;IFS
wwmeyzieu;ICONIFS;2026-10-21T11:00;IFS;1.80;6.60;3.0;9.5;0.00;20.0;IFS
wwmeyzieu;ICONIFS;2026-10-21T12:00;IFS;1.30;6.80;356.0;11.4;0.00;12.0;IFS
wwmeyzieu;ICONIFS;2026-10-21T13:00;IFS;0.90;6.80;342.0;13.0;0.00;5.0;IFS
wwmeyzieu;ICONIFS;2026-10-21T14:00;IFS;0.90;7.00;333.0;13.9;0.00;0.0;IFS
wwmeyzieu;ICONIFS;2026-10-21T15:00;IFS;1.20;7.20;336.0;14.1;0.00;0.0;IFS
wwmeyzieu;ICONIFS;2026-10-21T16:00;IFS;1.70;7.40;336.0;13.8;0.00;0.0;IFS
wwmeyzieu;ICONIFS;2026-10-21T17:00;IFS;2.50;7.60;339.0;13.2;0.00;0.0;IFS
wwmeyzieu;ICONIFS;2026-10-21T18:00;IFS;3.20;8.00;340.0;12.4;0.00;0.0;IFS
wwmeyzieu;ICONIFS;2026-10-21T19:00;IFS;3.80;8.00;342.0;11.6;0.00;0.0;IFS
wwmeyzieu;ICONIFS;2026-10-21T20:00;IFS;3.90;8.20;344.0;10.9;0.00;0.0;IFS
wwmeyzieu;ICONIFS;2026-10-21T21:00;IFS;3.70;8.20;348.0;10.3;0.00;1.0;IFS
wwmeyzieu;ICONIFS;2026-10-21T22:00;IFS;3.10;8.20;353.0;9.6;0.00;2.0;IFS
wwmeyzieu;ICONIFS;2026-10-21T23:00;IFS;2.50;8.20;4.0;9.0;0.00;3.0;IFS
wwmeyzieu;ICONIFS;2026-10-22T00:00;IFS;2.00;8.00;20.0;8.3;0.00;5.0;IFS
wwmeyzieu;ICONIFS;2026-10-22T01:00;IFS;1.70;7.80;43.0;7.7;0.00;9.0;IFS
wwmeyzieu;ICONIFS;2026-10-22T02:00;IFS;1.70;7.60;54.0;7.2;0.00;15.0;IFS
wwmeyzieu;ICONIFS;2026-10-22T03:00;IFS;1.70;7.00;54.0;6.7;0.00;26.0;IFS
wwmeyzieu;ICONIFS;2026-10-22T04:00;IFS;1.60;6.20;47.0;6.0;0.00;43.0;IFS
wwmeyzieu;ICONIFS;2026-10-22T05:00;IFS;1.70;5.40;36.0;5.4;0.00;61.0;IFS
wwmeyzieu;ICONIFS;2026-10-22T06:00;IFS;1.80;4.70;19.0;5.0;0.00;78.0;IFS
wwmeyzieu;ICONIFS;2026-10-22T07:00;IFS;1.90;4.30;9.0;4.9;0.00;90.0;IFS
wwmeyzieu;ICONIFS;2026-10-22T08:00;IFS;2.00;4.10;360.0;5.3;0.00;94.0;IFS
wwmeyzieu;ICONIFS;2026-10-22T09:00;IFS;2.20;4.50;352.0;6.4;0.00;87.0;IFS
wwmeyzieu;ICONIFS;2026-10-22T10:00;IFS;2.20;5.20;342.0;8.2;0.00;72.0;IFS
wwmeyzieu;ICONIFS;2026-10-22T11:00;IFS;2.30;6.40;335.0;10.3;0.00;52.0;IFS
wwmeyzieu;ICONIFS;2026-10-22T12:00;IFS;2.50;7.60;326.0;12.4;0.00;31.0;IFS
wwmeyzieu;ICONIFS;2026-10-22T13:00;IFS;2.60;8.60;321.0;14.1;0.00;12.0;IFS
wwmeyzieu;ICONIFS;2026-10-22T14:00;IFS;2.80;9.30;319.0;15.1;0.00;0.0;IFS
wwmeyzieu;ICONIFS;2026-10-22T15:00;IFS;3.10;9.90;319.0;15.3;0.00;0.0;IFS
wwmeyzieu;ICONIFS;2026-10-22T16:00;IFS;3.50;10.50;322.0;14.9;0.00;0.0;IFS
wwmeyzieu;ICONIFS;2026-10-22T17:00;IFS;3.80;10.90;324.0;14.2;0.00;0.0;IFS
wwmeyzieu;ICONIFS;2026-10-22T18:00;IFS;4.20;11.10;327.0;13.3;0.00;0.0;IFS
wwmeyzieu;ICONIFS;2026-10-22T19:00;IFS;4.30;11.30;329.0;12.4;0.00;2.0;IFS
wwmeyzieu;ICONIFS;2026-10-22T20:00;IFS;4.20;11.30;331.0;11.7;0.00;3.0;IFS
wwmeyzieu;ICONIFS;2026-10-22T21:00;IFS;3.80;11.10;333.0;11.1;0.00;2.0;IFS
wwmeyzieu;ICONIFS;2026-10-22T22:00;IFS;3.10;10.50;336.0;10.4;0.00;0.0;IFS
wwmeyzieu;ICONIFS;2026-10-22T23:00;IFS;2.20;9.90;342.0;9.7;0.00;0.0;IFS
wwmeyzieu;ICONIFS;2026-10-23T00:00;IFS;1.50;9.10;356.0;9.1;0.00;0.0;IFS
wwmeyzieu;ICONIFS;2026-10-23T01:00;IFS;1.00;8.40;24.0;8.6;0.00;0.0;IFS
wwmeyzieu;ICONIFS;2026-10-23T02:00;IFS;0.80;7.80;54.0;8.1;0.00;2.0;IFS
wwmeyzieu;ICONIFS;2026-10-23T03:00;IFS;0.90;7.00;63.0;7.6;0.00;15.0;IFS
wwmeyzieu;ICONIFS;2026-10-23T04:00;IFS;0.80;6.20;60.0;7.1;0.00;34.0;IFS
wwmeyzieu;ICONIFS;2026-10-23T05:00;IFS;0.80;5.40;50.0;6.6;0.00;56.0;IFS
wwmeyzieu;ICONIFS;2026-10-23T06:00;IFS;0.70;4.90;34.0;6.3;0.00;77.0;IFS
wwmeyzieu;ICONIFS;2026-10-23T07:00;IFS;0.80;4.30;14.0;6.3;0.00;93.0;IFS
wwmeyzieu;ICONIFS;2026-10-23T08:00;IFS;0.80;3.90;7.0;6.7;0.00;100.0;IFS
wwmeyzieu;ICONIFS;2026-10-23T09:00;IFS;0.70;3.90;8.0;7.7;0.00;97.0;IFS
wwmeyzieu;ICONIFS;2026-10-23T10:00;IFS;0.50;4.10;11.0;9.2;0.00;85.0;IFS
wwmeyzieu;ICONIFS;2026-10-23T11:00;IFS;0.30;4.50;18.0;11.1;0.00;69.0;IFS
wwmeyzieu;ICONIFS;2026-10-23T12:00;IFS;0.10;4.90;45.0;12.9;0.00;51.0;IFS
wwmeyzieu;ICONIFS;2026-10-23T13:00;IFS;0.10;5.40;45.0;14.4;0.00;35.0;IFS
wwmeyzieu;ICONIFS;2026-10-23T14:00;IFS;0.30;5.80;18.0;15.3;0.00;23.0;IFS
wwmeyzieu;ICONIFS;2026-10-23T15:00;IFS;0.80;6.20;7.0;15.5;0.00;16.0;IFS
wwmeyzieu;ICONIFS;2026-10-23T16:00;IFS;1.60;6.80;360.0;15.2;0.00;10.0;IFS
wwmeyzieu;ICONIFS;2026-10-23T17:00;IFS;2.50;7.40;360.0;14.6;0.00;7.0;IFS
wwmeyzieu;ICONIFS;2026-10-23T18:00;IFS;3.40;7.80;358.0;13.8;0.00;4.0;IFS
wwmeyzieu;ICONIFS;2026-10-23T19:00;IFS;4.20;8.20;357.0;13.0;0.00;2.0;IFS
wwmeyzieu;ICONIFS;2026-10-23T20:00;IFS;4.60;8.60;358.0;12.3;0.00;0.0;IFS
wwmeyzieu;ICONIFS;2026-10-23T21:00;IFS;4.60;8.70;358.0;11.8;0.00;0.0;IFS
wwmeyzieu;ICONIFS;2026-10-23T22:00;IFS;4.30;8.90;356.0;11.1;0.00;0.0;IFS
wwmeyzieu;ICONIFS;2026-10-23T23:00;IFS;3.80;8.90;356.0;10.5;0.00;0.0;IFS
wwmeyzieu;ICONIFS;2026-10-24T00:00;IFS;3.30;8.90;353.0;9.9;0.00;0.0;IFS
wwmeyzieu;ICONIFS;2026-10-24T01:00;IFS;2.80;8.70;352.0;9.4;0.00;0.0;IFS
wwmeyzieu;ICONIFS;2026-10-24T02:00;IFS;2.60;8.60;351.0;8.9;0.00;0.0;IFS
wwmeyzieu;ICONIFS;2026-10-24T03:00;IFS;2.40;8.20;351.0;8.4;0.00;13.0;IFS
wwmeyzieu;ICONIFS;2026-10-24T04:00;IFS;2.30;7.40;350.0;7.9;0.00;31.0;IFS
wwmeyzieu;ICONIFS;2026-10-24T05:00;IFS;2.30;6.60;353.0;7.4;0.00;53.0;IFS
wwmeyzieu;ICONIFS;2026-10-24T06:00;IFS;2.30;6.00;353.0;7.1;0.00;74.0;IFS
wwmeyzieu;ICONIFS;2026-10-24T07:00;IFS;2.40;5.60;353.0;6.9;0.00;91.0;IFS
wwmeyzieu;ICONIFS;2026-10-24T08:00;IFS;2.50;5.60;353.0;7.1;0.00;100.0;IFS
wwmeyzieu;ICONIFS;2026-10-24T09:00;IFS;2.80;6.40;352.0;7.8;0.00;100.0;IFS
wwmeyzieu;ICONIFS;2026-10-24T10:00;IFS;3.30;7.60;352.0;8.9;0.00;96.0;IFS
wwmeyzieu;ICONIFS;2026-10-24T11:00;IFS;3.90;9.10;351.0;10.3;0.00;87.0;IFS
wwmeyzieu;ICONIFS;2026-10-24T12:00;IFS;4.50;10.70;351.0;11.6;0.00;76.0;IFS
wwmeyzieu;ICONIFS;2026-10-24T13:00;IFS;4.90;12.20;350.0;12.7;0.00;65.0;IFS
wwmeyzieu;ICONIFS;2026-10-24T14:00;IFS;5.30;13.20;347.0;13.3;0.00;55.0;IFS
wwmeyzieu;ICONIFS;2026-10-24T15:00;IFS;5.50;14.00;343.0;13.4;0.00;46.0;IFS
wwmeyzieu;ICONIFS;2026-10-24T16:00;IFS;5.60;14.60;337.0;13.2;0.00;36.0;IFS
wwmeyzieu;ICONIFS;2026-10-24T17:00;IFS;5.70;15.00;332.0;12.7;0.00;25.0;IFS
wwmeyzieu;ICONIFS;2026-10-24T18:00;IFS;5.90;15.20;326.0;12.1;0.00;15.0;IFS
wwmeyzieu;ICONIFS;2026-10-24T19:00;IFS;6.00;15.20;322.0;11.5;0.00;7.0;IFS
wwmeyzieu;ICONIFS;2026-10-24T20:00;IFS;5.90;15.20;320.0;11.0;0.00;1.0;IFS
wwmeyzieu;ICONIFS;2026-10-24T21:00;IFS;5.70;15.00;321.0;10.6;0.00;0.0;IFS
wwmeyzieu;ICONIFS;2026-10-24T22:00;IFS;5.30;14.40;324.0;10.1;0.00;0.0;IFS
wwmeyzieu;ICONIFS;2026-10-24T23:00;IFS;4.90;13.80;329.0;9.7;0.00;0.0;IFS
wwmeyzieu;ICONIFS;2026-10-25T00:00;IFS;4.40;13.00;335.0;9.3;0.00;0.0;IFS
wwmeyzieu;ICONIFS;2026-10-25T01:00;IFS;4.10;12.20;342.0;8.9;0.00;0.0;IFS
wwmeyzieu;ICONIFS;2026-10-25T02:00;IFS;3.80;11.50;348.0;8.4;0.00;0.0;IFS
wwmeyzieu;ICONIFS;2026-10-25T03:00;IFS;3.50;10.70;354.0;7.9;0.00;12.0;IFS
wwmeyzieu;ICONIFS;2026-10-25T04:00;IFS;3.20;9.90;358.0;7.1;0.00;31.0;IFS
wwmeyzieu;ICONIFS;2026-10-25T05:00;IFS;2.90;8.90;4.0;6.4;0.00;53.0;IFS
wwmeyzieu;ICONIFS;2026-10-25T06:00;IFS;2.70;8.20;8.0;5.8;0.00;74.0;IFS
wwmeyzieu;ICONIFS;2026-10-25T07:00;IFS;2.40;7.60;14.0;5.5;0.00;89.0;IFS
wwmeyzieu;ICONIFS;2026-10-25T08:00;IFS;2.10;7.00;22.0;5.7;0.00;95.0;IFS
wwmeyzieu;ICONIFS;2026-10-25T09:00;IFS;1.80;6.80;29.0;6.4;0.00;89.0;IFS
wwmeyzieu;ICONIFS;2026-10-25T10:00;IFS;1.40;6.60;39.0;7.8;0.00;75.0;IFS
wwmeyzieu;ICONIFS;2026-10-25T11:00;IFS;1.10;6.60;59.0;9.4;0.00;55.0;IFS
wwmeyzieu;ICONIFS;2026-10-25T12:00;IFS;0.90;6.60;77.0;11.0;0.00;34.0;IFS
wwmeyzieu;ICONIFS;2026-10-25T13:00;IFS;0.90;6.80;103.0;12.4;0.00;15.0;IFS
wwmeyzieu;ICONIFS;2026-10-25T14:00;IFS;1.00;6.80;119.0;13.4;0.00;3.0;IFS
