target_day;spot_key;model_key;valid_at;wind_speed_10m_kn;wind_gusts_10m_kn;wind_direction_10m_deg;temperature_2m_c;precipitation_mm;cloud_cover_pct;cloud_cover_low_pct;cloud_cover_mid_pct;cloud_cover_high_pct;cloud_cover_max_pct;grid_latitude;grid_longitude;grid_elevation_m;collecte_run_id;collecte_fetched_at;collecte_commit
2026-10-04;cap_des_seselets;AROMEHD;2026-10-04T01:00;1.2;1.9;90.0;17.2;0.0;;0.0;0.0;67.0;67.0;45.66;5.879999;0.0;2026-10-03T19:15:00+02:00;2026-10-03T22:05:27+02:00;9ba9d8508d1e
2026-10-04;cap_des_seselets;AROMEHD;2026-10-04T02:00;0.8;1.4;135.0;17.2;0.0;;0.0;0.0;5.0;5.0;45.66;5.879999;0.0;2026-10-03T19:15:00+02:00;2026-10-03T22:05:27+02:00;9ba9d8508d1e
2026-10-04;cap_des_seselets;AROMEHD;2026-10-04T03:00;1.2;1.9;108.0;16.9;0.0;;0.0;0.0;93.0;93.0;45.66;5.879999;0.0;2026-10-03T19:15:00+02:00;2026-10-03T22:05:27+02:00;9ba9d8508d1e
2026-10-04;cap_des_seselets;AROMEHD;2026-10-04T04:00;2.5;2.7;162.0;16.4;0.0;;0.0;0.0;71.0;71.0;45.66;5.879999;0.0;2026-10-03T19:15:00+02:00;2026-10-03T22:05:27+02:00;9ba9d8508d1e
2026-10-04;cap_des_seselets;AROMEHD;2026-10-04T05:00;0.9;2.7;153.0;16.0;0.0;;0.0;0.0;43.0;43.0;45.66;5.879999;0.0;2026-10-03T19:15:00+02:00;2026-10-03T22:05:27+02:00;9ba9d8508d1e
2026-10-04;cap_des_seselets;AROMEHD;2026-10-04T06:00;1.6;1.7;166.0;15.9;0.0;;0.0;0.0;99.0;99.0;45.66;5.879999;0.0;2026-10-03T19:15:00+02:00;2026-10-03T22:05:27+02:00;9ba9d8508d1e
2026-10-04;cap_des_seselets;AROMEHD;2026-10-04T07:00;1.6;2.7;187.0;15.6;0.0;;0.0;0.0;100.0;100.0;45.66;5.879999;0.0;2026-10-03T19:15:00+02:00;2026-10-03T22:05:27+02:00;9ba9d8508d1e
2026-10-04;cap_des_seselets;AROMEHD;2026-10-04T08:00;1.4;1.9;172.0;15.5;0.0;;0.0;0.0;100.0;100.0;45.66;5.879999;0.0;2026-10-03T19:15:00+02:00;2026-10-03T22:05:27+02:00;9ba9d8508d1e
2026-10-04;cap_des_seselets;AROMEHD;2026-10-04T09:00;1.6;1.9;194.0;15.7;0.0;;0.0;0.0;100.0;100.0;45.66;5.879999;0.0;2026-10-03T19:15:00+02:00;2026-10-03T22:05:27+02:00;9ba9d8508d1e
2026-10-04;cap_des_seselets;AROMEHD;2026-10-04T10:00;1.0;2.1;217.0;16.4;0.0;;0.0;0.0;100.0;100.0;45.66;5.879999;0.0;2026-10-03T19:15:00+02:00;2026-10-03T22:05:27+02:00;9ba9d8508d1e
2026-10-04;cap_des_seselets;AROMEHD;2026-10-04T11:00;1.4;1.6;315.0;17.0;0.0;;0.0;0.0;100.0;100.0;45.66;5.879999;0.0;2026-10-03T19:15:00+02:00;2026-10-03T22:05:27+02:00;9ba9d8508d1e
2026-10-04;cap_des_seselets;AROMEHD;2026-10-04T12:00;2.0;2.5;343.0;17.7;0.0;;0.0;0.0;41.0;41.0;45.66;5.879999;0.0;2026-10-03T19:15:00+02:00;2026-10-03T22:05:27+02:00;9ba9d8508d1e
2026-10-04;cap_des_seselets;AROMEHD;2026-10-04T13:00;1.2;2.5;18.0;19.2;0.0;;0.0;0.0;41.0;41.0;45.66;5.879999;0.0;2026-10-03T19:15:00+02:00;2026-10-03T22:05:27+02:00;9ba9d8508d1e
2026-10-04;cap_des_seselets;AROMEHD;2026-10-04T14:00;1.5;2.3;40.0;19.9;0.0;;0.0;0.0;76.0;76.0;45.66;5.879999;0.0;2026-10-03T19:15:00+02:00;2026-10-03T22:05:27+02:00;9ba9d8508d1e
2026-10-04;cap_des_seselets;AROMEHD;2026-10-04T15:00;2.7;3.7;8.0;20.4;0.0;;0.0;0.0;100.0;100.0;45.66;5.879999;0.0;2026-10-03T19:15:00+02:00;2026-10-03T22:05:27+02:00;9ba9d8508d1e
2026-10-04;cap_des_seselets;AROMEHD;2026-10-04T16:00;2.3;3.5;20.0;20.7;0.0;;0.0;0.0;100.0;100.0;45.66;5.879999;0.0;2026-10-03T19:15:00+02:00;2026-10-03T22:05:27+02:00;9ba9d8508d1e
2026-10-04;cap_des_seselets;AROMEHD;2026-10-04T17:00;2.1;3.1;49.0;21.1;0.0;;0.0;0.0;100.0;100.0;45.66;5.879999;0.0;2026-10-03T19:15:00+02:00;2026-10-03T22:05:27+02:00;9ba9d8508d1e
2026-10-04;cap_des_seselets;AROMEHD;2026-10-04T18:00;2.4;3.7;29.0;21.0;0.0;;0.0;0.0;100.0;100.0;45.66;5.879999;0.0;2026-10-03T19:15:00+02:00;2026-10-03T22:05:27+02:00;9ba9d8508d1e
2026-10-04;cap_des_seselets;AROMEHD;2026-10-04T19:00;0.6;2.9;198.0;20.9;0.0;;0.0;0.0;100.0;100.0;45.66;5.879999;0.0;2026-10-03T19:15:00+02:00;2026-10-03T22:05:27+02:00;9ba9d8508d1e
2026-10-04;cap_des_seselets;AROMEHD;2026-10-04T20:00;1.5;1.9;337.0;20.7;0.0;;0.0;0.0;100.0;100.0;45.66;5.879999;0.0;2026-10-03T19:15:00+02:00;2026-10-03T22:05:27+02:00;9ba9d8508d1e
2026-10-04;cap_des_seselets;AROMEHD;2026-10-04T21:00;1.8;1.0;131.0;20.4;0.0;;0.0;0.0;100.0;100.0;45.66;5.879999;0.0;2026-10-03T19:15:00+02:00;2026-10-03T22:05:27+02:00;9ba9d8508d1e
2026-10-04;cap_des_seselets;AROMEHD;2026-10-04T22:00;1.2;3.9;90.0;19.5;0.0;;0.0;0.0;95.0;95.0;45.66;5.879999;0.0;2026-10-03T19:15:00+02:00;2026-10-03T22:05:27+02:00;9ba9d8508d1e
2026-10-04;cap_des_seselets;AROMEHD;2026-10-04T23:00;1.3;2.3;117.0;18.5;0.0;;0.0;0.0;100.0;100.0;45.66;5.879999;0.0;2026-10-03T19:15:00+02:00;2026-10-03T22:05:27+02:00;9ba9d8508d1e
2026-10-04;cap_des_seselets;AROMEHD;2026-10-05T00:00;2.0;2.3;107.0;18.0;0.0;;0.0;0.0;100.0;100.0;45.66;5.879999;0.0;2026-10-03T19:15:00+02:00;2026-10-03T22:05:27+02:00;9ba9d8508d1e
2026-10-04;cap_des_seselets;ICONCH1;2026-10-04T01:00;2.0;2.5;119.0;19.7;0.0;70.0;0.0;69.0;12.0;70.0;45.66424;5.878174;0.0;2026-10-03T19:15:00+02:00;2026-10-03T22:05:27+02:00;9ba9d8508d1e
2026-10-04;cap_des_seselets;ICONCH1;2026-10-04T02:00;2.6;3.9;126.0;18.7;0.0;72.0;0.0;71.0;4.0;72.0;45.66424;5.878174;0.0;2026-10-03T19:15:00+02:00;2026-10-03T22:05:27+02:00;9ba9d8508d1e
2026-10-04;cap_des_seselets;ICONCH1;2026-10-04T03:00;1.4;3.7;98.0;18.7;0.0;100.0;0.0;86.0;100.0;100.0;45.66424;5.878174;0.0;2026-10-03T19:15:00+02:00;2026-10-03T22:05:27+02:00;9ba9d8508d1e
2026-10-04;cap_des_seselets;ICONCH1;2026-10-04T04:00;1.7;2.5;126.0;18.4;0.0;89.0;0.0;89.0;2.0;89.0;45.66424;5.878174;0.0;2026-10-03T19:15:00+02:00;2026-10-03T22:05:27+02:00;9ba9d8508d1e
2026-10-04;cap_des_seselets;ICONCH1;2026-10-04T05:00;1.5;2.3;140.0;18.4;0.0;100.0;19.0;100.0;5.0;100.0;45.66424;5.878174;0.0;2026-10-03T19:15:00+02:00;2026-10-03T22:05:27+02:00;9ba9d8508d1e
2026-10-04;cap_des_seselets;ICONCH1;2026-10-04T06:00;1.6;2.5;104.0;18.3;0.0;96.0;30.0;88.0;40.0;96.0;45.66424;5.878174;0.0;2026-10-03T19:15:00+02:00;2026-10-03T22:05:27+02:00;9ba9d8508d1e
2026-10-04;cap_des_seselets;ICONCH1;2026-10-04T07:00;1.0;2.1;90.0;18.5;0.0;100.0;24.0;86.0;97.0;100.0;45.66424;5.878174;0.0;2026-10-03T19:15:00+02:00;2026-10-03T22:05:27+02:00;9ba9d8508d1e
2026-10-04;cap_des_seselets;ICONCH1;2026-10-04T08:00;1.9;2.5;135.0;18.0;0.0;96.0;30.0;84.0;41.0;96.0;45.66424;5.878174;0.0;2026-10-03T19:15:00+02:00;2026-10-03T22:05:27+02:00;9ba9d8508d1e
2026-10-04;cap_des_seselets;ICONCH1;2026-10-04T09:00;0.4;2.5;63.0;18.3;0.0;100.0;8.0;72.0;100.0;100.0;45.66424;5.878174;0.0;2026-10-03T19:15:00+02:00;2026-10-03T22:05:27+02:00;9ba9d8508d1e
2026-10-04;cap_des_seselets;ICONCH1;2026-10-04T10:00;0.5;1.4;135.0;18.7;0.0;100.0;13.0;71.0;100.0;100.0;45.66424;5.878174;0.0;2026-10-03T19:15:00+02:00;2026-10-03T22:05:27+02:00;9ba9d8508d1e
2026-10-04;cap_des_seselets;ICONCH1;2026-10-04T11:00;0.7;1.2;304.0;19.1;0.0;100.0;0.0;54.0;100.0;100.0;45.66424;5.878174;0.0;2026-10-03T19:15:00+02:00;2026-10-03T22:05:27+02:00;9ba9d8508d1e
2026-10-04;cap_des_seselets;ICONCH1;2026-10-04T12:00;0.9;1.6;243.0;19.8;0.0;72.0;0.0;33.0;48.0;72.0;45.66424;5.878174;0.0;2026-10-03T19:15:00+02:00;2026-10-03T22:05:27+02:00;9ba9d8508d1e
2026-10-04;cap_des_seselets;ICONCH1;2026-10-04T13:00;1.0;1.6;307.0;20.8;0.0;100.0;0.0;14.0;100.0;100.0;45.66424;5.878174;0.0;2026-10-03T19:15:00+02:00;2026-10-03T22:05:27+02:00;9ba9d8508d1e
2026-10-04;cap_des_seselets;ICONCH1;2026-10-04T14:00;1.0;1.6;323.0;21.6;0.0;14.0;0.0;10.0;6.0;14.0;45.66424;5.878174;0.0;2026-10-03T19:15:00+02:00;2026-10-03T22:05:27+02:00;9ba9d8508d1e
2026-10-04;cap_des_seselets;ICONCH1;2026-10-04T15:00;2.6;3.7;312.0;21.9;0.0;7.0;0.0;0.0;7.0;7.0;45.66424;5.878174;0.0;2026-10-03T19:15:00+02:00;2026-10-03T22:05:27+02:00;9ba9d8508d1e
2026-10-04;cap_des_seselets;ICONCH1;2026-10-04T16:00;2.2;3.9;333.0;22.6;0.0;6.0;0.0;0.0;6.0;6.0;45.66424;5.878174;0.0;2026-10-03T19:15:00+02:00;2026-10-03T22:05:27+02:00;9ba9d8508d1e
2026-10-04;cap_des_seselets;ICONCH1;2026-10-04T17:00;3.4;4.5;329.0;23.3;0.0;6.0;0.0;6.0;0.0;6.0;45.66424;5.878174;0.0;2026-10-03T19:15:00+02:00;2026-10-03T22:05:27+02:00;9ba9d8508d1e
2026-10-04;cap_des_seselets;ICONCH1;2026-10-04T18:00;1.0;4.7;292.0;23.0;0.0;40.0;0.0;40.0;0.0;40.0;45.66424;5.878174;0.0;2026-10-03T19:15:00+02:00;2026-10-03T22:05:27+02:00;9ba9d8508d1e
2026-10-04;cap_des_seselets;ICONCH1;2026-10-04T19:00;0.5;2.1;315.0;23.0;0.0;100.0;3.0;57.0;100.0;100.0;45.66424;5.878174;0.0;2026-10-03T19:15:00+02:00;2026-10-03T22:05:27+02:00;9ba9d8508d1e
2026-10-04;cap_des_seselets;ICONCH1;2026-10-04T20:00;2.8;4.1;146.0;21.0;0.0;100.0;53.0;46.0;100.0;100.0;45.66424;5.878174;0.0;2026-10-03T19:15:00+02:00;2026-10-03T22:05:27+02:00;9ba9d8508d1e
2026-10-04;cap_des_seselets;ICONCH1;2026-10-04T21:00;3.2;4.5;133.0;20.4;0.0;100.0;4.0;71.0;100.0;100.0;45.66424;5.878174;0.0;2026-10-03T19:15:00+02:00;2026-10-03T22:05:27+02:00;9ba9d8508d1e
2026-10-04;cap_des_seselets;ICONCH1;2026-10-04T22:00;3.0;4.3;148.0;20.2;0.0;100.0;41.0;71.0;100.0;100.0;45.66424;5.878174;0.0;2026-10-03T19:15:00+02:00;2026-10-03T22:05:27+02:00;9ba9d8508d1e
2026-10-04;cap_des_seselets;ICONCH1;2026-10-04T23:00;2.6;3.9;117.0;19.9;0.0;100.0;0.0;64.0;100.0;100.0;45.66424;5.878174;0.0;2026-10-03T19:15:00+02:00;2026-10-03T22:05:27+02:00;9ba9d8508d1e
2026-10-04;cap_des_seselets;ICONCH1;2026-10-05T00:00;2.3;4.1;138.0;19.0;0.0;100.0;0.0;38.0;100.0;100.0;45.66424;5.878174;0.0;2026-10-03T19:15:00+02:00;2026-10-03T22:05:27+02:00;9ba9d8508d1e
2026-10-04;excenevex;AROMEHD;2026-10-04T01:00;2.2;2.5;195.0;15.0;0.0;;0.0;0.0;21.0;21.0;46.35;6.369999;0.0;2026-10-03T19:15:00+02:00;2026-10-03T22:05:27+02:00;9ba9d8508d1e
2026-10-04;excenevex;AROMEHD;2026-10-04T02:00;1.7;2.3;180.0;15.0;0.0;;0.0;0.0;77.0;77.0;46.35;6.369999;0.0;2026-10-03T19:15:00+02:00;2026-10-03T22:05:27+02:00;9ba9d8508d1e
2026-10-04;excenevex;AROMEHD;2026-10-04T03:00;1.7;2.9;180.0;14.8;0.0;;0.0;0.0;0.0;0.0;46.35;6.369999;0.0;2026-10-03T19:15:00+02:00;2026-10-03T22:05:27+02:00;9ba9d8508d1e
2026-10-04;excenevex;AROMEHD;2026-10-04T04:00;2.1;2.7;180.0;14.5;0.0;;0.0;1.0;0.0;1.0;46.35;6.369999;0.0;2026-10-03T19:15:00+02:00;2026-10-03T22:05:27+02:00;9ba9d8508d1e
2026-10-04;excenevex;AROMEHD;2026-10-04T05:00;2.2;2.5;195.0;14.2;0.0;;0.0;53.0;18.0;53.0;46.35;6.369999;0.0;2026-10-03T19:15:00+02:00;2026-10-03T22:05:27+02:00;9ba9d8508d1e
2026-10-04;excenevex;AROMEHD;2026-10-04T06:00;2.5;2.7;184.0;14.1;0.0;;0.0;100.0;21.0;100.0;46.35;6.369999;0.0;2026-10-03T19:15:00+02:00;2026-10-03T22:05:27+02:00;9ba9d8508d1e
2026-10-04;excenevex;AROMEHD;2026-10-04T07:00;2.2;2.7;190.0;14.0;0.0;;0.0;73.0;100.0;100.0;46.35;6.369999;0.0;2026-10-03T19:15:00+02:00;2026-10-03T22:05:27+02:00;9ba9d8508d1e
2026-10-04;excenevex;AROMEHD;2026-10-04T08:00;2.6;3.3;216.0;14.1;0.0;;0.0;2.0;100.0;100.0;46.35;6.369999;0.0;2026-10-03T19:15:00+02:00;2026-10-03T22:05:27+02:00;9ba9d8508d1e
2026-10-04;excenevex;AROMEHD;2026-10-04T09:00;2.3;2.9;200.0;13.7;0.0;;0.0;4.0;100.0;100.0;46.35;6.369999;0.0;2026-10-03T19:15:00+02:00;2026-10-03T22:05:27+02:00;9ba9d8508d1e
2026-10-04;excenevex;AROMEHD;2026-10-04T10:00;1.8;2.5;221.0;15.4;0.0;;0.0;0.0;100.0;100.0;46.35;6.369999;0.0;2026-10-03T19:15:00+02:00;2026-10-03T22:05:27+02:00;9ba9d8508d1e
2026-10-04;excenevex;AROMEHD;2026-10-04T11:00;0.8;2.7;225.0;16.8;0.0;;0.0;1.0;100.0;100.0;46.35;6.369999;0.0;2026-10-03T19:15:00+02:00;2026-10-03T22:05:27+02:00;9ba9d8508d1e
2026-10-04;excenevex;AROMEHD;2026-10-04T12:00;2.2;1.6;10.0;16.9;0.0;;0.0;0.0;77.0;77.0;46.35;6.369999;0.0;2026-10-03T19:15:00+02:00;2026-10-03T22:05:27+02:00;9ba9d8508d1e
2026-10-04;excenevex;AROMEHD;2026-10-04T13:00;2.5;2.7;23.0;17.4;0.0;;0.0;0.0;100.0;100.0;46.35;6.369999;0.0;2026-10-03T19:15:00+02:00;2026-10-03T22:05:27+02:00;9ba9d8508d1e
2026-10-04;excenevex;AROMEHD;2026-10-04T14:00;3.2;3.5;38.0;18.1;0.0;;0.0;0.0;100.0;100.0;46.35;6.369999;0.0;2026-10-03T19:15:00+02:00;2026-10-03T22:05:27+02:00;9ba9d8508d1e
2026-10-04;excenevex;AROMEHD;2026-10-04T15:00;3.9;4.9;37.0;18.6;0.0;;0.0;0.0;100.0;100.0;46.35;6.369999;0.0;2026-10-03T19:15:00+02:00;2026-10-03T22:05:27+02:00;9ba9d8508d1e
2026-10-04;excenevex;AROMEHD;2026-10-04T16:00;3.5;4.5;19.0;19.4;0.0;;0.0;0.0;94.0;94.0;46.35;6.369999;0.0;2026-10-03T19:15:00+02:00;2026-10-03T22:05:27+02:00;9ba9d8508d1e
2026-10-04;excenevex;AROMEHD;2026-10-04T17:00;4.1;4.5;357.0;19.3;0.0;;0.0;0.0;100.0;100.0;46.35;6.369999;0.0;2026-10-03T19:15:00+02:00;2026-10-03T22:05:27+02:00;9ba9d8508d1e
2026-10-04;excenevex;AROMEHD;2026-10-04T18:00;2.5;4.5;356.0;19.2;0.0;;0.0;0.0;100.0;100.0;46.35;6.369999;0.0;2026-10-03T19:15:00+02:00;2026-10-03T22:05:27+02:00;9ba9d8508d1e
2026-10-04;excenevex;AROMEHD;2026-10-04T19:00;2.1;3.9;338.0;19.7;0.0;;0.0;0.0;100.0;100.0;46.35;6.369999;0.0;2026-10-03T19:15:00+02:00;2026-10-03T22:05:27+02:00;9ba9d8508d1e
2026-10-04;excenevex;AROMEHD;2026-10-04T20:00;1.1;2.3;239.0;19.3;0.0;;0.0;0.0;54.0;54.0;46.35;6.369999;0.0;2026-10-03T19:15:00+02:00;2026-10-03T22:05:27+02:00;9ba9d8508d1e
2026-10-04;excenevex;AROMEHD;2026-10-04T21:00;0.9;1.2;207.0;18.9;0.0;;0.0;0.0;100.0;100.0;46.35;6.369999;0.0;2026-10-03T19:15:00+02:00;2026-10-03T22:05:27+02:00;9ba9d8508d1e
2026-10-04;excenevex;AROMEHD;2026-10-04T22:00;1.8;1.7;167.0;17.7;0.0;;0.0;0.0;83.0;83.0;46.35;6.369999;0.0;2026-10-03T19:15:00+02:00;2026-10-03T22:05:27+02:00;9ba9d8508d1e
2026-10-04;excenevex;AROMEHD;2026-10-04T23:00;2.1;2.1;175.0;16.9;0.0;;0.0;0.0;100.0;100.0;46.35;6.369999;0.0;2026-10-03T19:15:00+02:00;2026-10-03T22:05:27+02:00;9ba9d8508d1e
2026-10-04;excenevex;AROMEHD;2026-10-05T00:00;2.4;2.7;189.0;16.5;0.0;;0.0;0.0;100.0;100.0;46.35;6.369999;0.0;2026-10-03T19:15:00+02:00;2026-10-03T22:05:27+02:00;9ba9d8508d1e
2026-10-04;excenevex;ICONCH1;2026-10-04T01:00;2.8;5.2;196.0;16.7;0.0;87.0;0.0;87.0;43.0;87.0;46.351723;6.3624268;0.0;2026-10-03T19:15:00+02:00;2026-10-03T22:05:27+02:00;9ba9d8508d1e
2026-10-04;excenevex;ICONCH1;2026-10-04T02:00;2.3;4.1;175.0;16.7;0.0;82.0;0.0;67.0;42.0;82.0;46.351723;6.3624268;0.0;2026-10-03T19:15:00+02:00;2026-10-03T22:05:27+02:00;9ba9d8508d1e
2026-10-04;excenevex;ICONCH1;2026-10-04T03:00;1.0;3.9;217.0;17.7;0.0;97.0;0.0;95.0;31.0;97.0;46.351723;6.3624268;0.0;2026-10-03T19:15:00+02:00;2026-10-03T22:05:27+02:00;9ba9d8508d1e
2026-10-04;excenevex;ICONCH1;2026-10-04T04:00;3.5;5.1;207.0;16.8;0.0;97.0;3.0;95.0;0.0;97.0;46.351723;6.3624268;0.0;2026-10-03T19:15:00+02:00;2026-10-03T22:05:27+02:00;9ba9d8508d1e
2026-10-04;excenevex;ICONCH1;2026-10-04T05:00;2.2;4.9;195.0;17.1;0.0;100.0;10.0;100.0;81.0;100.0;46.351723;6.3624268;0.0;2026-10-03T19:15:00+02:00;2026-10-03T22:05:27+02:00;9ba9d8508d1e
2026-10-04;excenevex;ICONCH1;2026-10-04T06:00;1.6;3.3;180.0;17.5;0.0;99.0;34.0;93.0;92.0;99.0;46.351723;6.3624268;0.0;2026-10-03T19:15:00+02:00;2026-10-03T22:05:27+02:00;9ba9d8508d1e
2026-10-04;excenevex;ICONCH1;2026-10-04T07:00;2.1;3.9;221.0;17.1;0.0;100.0;52.0;100.0;51.0;100.0;46.351723;6.3624268;0.0;2026-10-03T19:15:00+02:00;2026-10-03T22:05:27+02:00;9ba9d8508d1e
2026-10-04;excenevex;ICONCH1;2026-10-04T08:00;1.0;3.7;169.0;17.2;0.1;100.0;48.0;100.0;76.0;100.0;46.351723;6.3624268;0.0;2026-10-03T19:15:00+02:00;2026-10-03T22:05:27+02:00;9ba9d8508d1e
2026-10-04;excenevex;ICONCH1;2026-10-04T09:00;1.8;2.9;174.0;16.9;0.0;100.0;52.0;76.0;100.0;100.0;46.351723;6.3624268;0.0;2026-10-03T19:15:00+02:00;2026-10-03T22:05:27+02:00;9ba9d8508d1e
2026-10-04;excenevex;ICONCH1;2026-10-04T10:00;4.2;6.0;62.0;18.1;0.0;97.0;56.0;58.0;83.0;97.0;46.351723;6.3624268;0.0;2026-10-03T19:15:00+02:00;2026-10-03T22:05:27+02:00;9ba9d8508d1e
2026-10-04;excenevex;ICONCH1;2026-10-04T11:00;3.7;6.6;62.0;18.4;0.0;100.0;65.0;59.0;100.0;100.0;46.351723;6.3624268;0.0;2026-10-03T19:15:00+02:00;2026-10-03T22:05:27+02:00;9ba9d8508d1e
2026-10-04;excenevex;ICONCH1;2026-10-04T12:00;3.1;5.4;60.0;18.7;0.0;100.0;47.0;25.0;100.0;100.0;46.351723;6.3624268;0.0;2026-10-03T19:15:00+02:00;2026-10-03T22:05:27+02:00;9ba9d8508d1e
2026-10-04;excenevex;ICONCH1;2026-10-04T13:00;2.9;5.1;48.0;19.1;0.0;100.0;0.0;35.0;100.0;100.0;46.351723;6.3624268;0.0;2026-10-03T19:15:00+02:00;2026-10-03T22:05:27+02:00;9ba9d8508d1e
2026-10-04;excenevex;ICONCH1;2026-10-04T14:00;3.4;5.6;59.0;19.6;0.0;100.0;0.0;34.0;100.0;100.0;46.351723;6.3624268;0.0;2026-10-03T19:15:00+02:00;2026-10-03T22:05:27+02:00;9ba9d8508d1e
2026-10-04;excenevex;ICONCH1;2026-10-04T15:00;3.7;5.6;51.0;20.4;0.0;100.0;0.0;39.0;100.0;100.0;46.351723;6.3624268;0.0;2026-10-03T19:15:00+02:00;2026-10-03T22:05:27+02:00;9ba9d8508d1e
2026-10-04;excenevex;ICONCH1;2026-10-04T16:00;3.1;5.8;68.0;21.2;0.0;69.0;0.0;36.0;46.0;69.0;46.351723;6.3624268;0.0;2026-10-03T19:15:00+02:00;2026-10-03T22:05:27+02:00;9ba9d8508d1e
2026-10-04;excenevex;ICONCH1;2026-10-04T17:00;3.3;4.9;3.0;21.7;0.0;53.0;0.0;12.0;43.0;53.0;46.351723;6.3624268;0.0;2026-10-03T19:15:00+02:00;2026-10-03T22:05:27+02:00;9ba9d8508d1e
2026-10-04;excenevex;ICONCH1;2026-10-04T18:00;4.8;7.0;302.0;21.9;0.0;100.0;8.0;63.0;100.0;100.0;46.351723;6.3624268;0.0;2026-10-03T19:15:00+02:00;2026-10-03T22:05:27+02:00;9ba9d8508d1e
2026-10-04;excenevex;ICONCH1;2026-10-04T19:00;3.0;11.5;255.0;20.3;0.3;100.0;0.0;100.0;46.0;100.0;46.351723;6.3624268;0.0;2026-10-03T19:15:00+02:00;2026-10-03T22:05:27+02:00;9ba9d8508d1e
2026-10-04;excenevex;ICONCH1;2026-10-04T20:00;0.7;4.3;214.0;20.2;0.2;78.0;2.0;73.0;25.0;78.0;46.351723;6.3624268;0.0;2026-10-03T19:15:00+02:00;2026-10-03T22:05:27+02:00;9ba9d8508d1e
2026-10-04;excenevex;ICONCH1;2026-10-04T21:00;2.0;4.3;174.0;19.1;0.0;98.0;17.0;22.0;96.0;98.0;46.351723;6.3624268;0.0;2026-10-03T19:15:00+02:00;2026-10-03T22:05:27+02:00;9ba9d8508d1e
2026-10-04;excenevex;ICONCH1;2026-10-04T22:00;2.0;3.9;174.0;18.4;0.0;99.0;13.0;0.0;98.0;99.0;46.351723;6.3624268;0.0;2026-10-03T19:15:00+02:00;2026-10-03T22:05:27+02:00;9ba9d8508d1e
2026-10-04;excenevex;ICONCH1;2026-10-04T23:00;3.4;5.1;193.0;17.6;0.0;100.0;3.0;0.0;100.0;100.0;46.351723;6.3624268;0.0;2026-10-03T19:15:00+02:00;2026-10-03T22:05:27+02:00;9ba9d8508d1e
2026-10-04;excenevex;ICONCH1;2026-10-05T00:00;2.3;5.1;222.0;17.9;0.0;100.0;0.0;0.0;100.0;100.0;46.351723;6.3624268;0.0;2026-10-03T19:15:00+02:00;2026-10-03T22:05:27+02:00;9ba9d8508d1e
2026-10-04;hermance;AROMEHD;2026-10-04T01:00;1.0;1.9;360.0;16.9;0.0;;0.0;0.0;68.0;68.0;46.309998;6.24;0.0;2026-10-03T19:15:00+02:00;2026-10-03T22:05:27+02:00;9ba9d8508d1e
2026-10-04;hermance;AROMEHD;2026-10-04T02:00;2.1;3.1;355.0;16.7;0.0;;0.0;0.0;14.0;14.0;46.309998;6.24;0.0;2026-10-03T19:15:00+02:00;2026-10-03T22:05:27+02:00;9ba9d8508d1e
2026-10-04;hermance;AROMEHD;2026-10-04T03:00;1.2;3.1;129.0;15.8;0.0;;0.0;18.0;0.0;18.0;46.309998;6.24;0.0;2026-10-03T19:15:00+02:00;2026-10-03T22:05:27+02:00;9ba9d8508d1e
2026-10-04;hermance;AROMEHD;2026-10-04T04:00;1.5;2.1;140.0;15.6;0.0;;0.0;22.0;3.0;22.0;46.309998;6.24;0.0;2026-10-03T19:15:00+02:00;2026-10-03T22:05:27+02:00;9ba9d8508d1e
2026-10-04;hermance;AROMEHD;2026-10-04T05:00;2.1;2.7;146.0;15.3;0.0;;0.0;16.0;31.0;31.0;46.309998;6.24;0.0;2026-10-03T19:15:00+02:00;2026-10-03T22:05:27+02:00;9ba9d8508d1e
2026-10-04;hermance;AROMEHD;2026-10-04T06:00;2.1;2.9;139.0;15.0;0.0;;0.0;19.0;43.0;43.0;46.309998;6.24;0.0;2026-10-03T19:15:00+02:00;2026-10-03T22:05:27+02:00;9ba9d8508d1e
2026-10-04;hermance;AROMEHD;2026-10-04T07:00;1.9;2.7;143.0;14.9;0.0;;0.0;1.0;100.0;100.0;46.309998;6.24;0.0;2026-10-03T19:15:00+02:00;2026-10-03T22:05:27+02:00;9ba9d8508d1e
2026-10-04;hermance;AROMEHD;2026-10-04T08:00;3.3;3.9;163.0;14.5;0.0;;0.0;0.0;100.0;100.0;46.309998;6.24;0.0;2026-10-03T19:15:00+02:00;2026-10-03T22:05:27+02:00;9ba9d8508d1e
2026-10-04;hermance;AROMEHD;2026-10-04T09:00;3.3;4.9;159.0;14.7;0.0;;0.0;3.0;100.0;100.0;46.309998;6.24;0.0;2026-10-03T19:15:00+02:00;2026-10-03T22:05:27+02:00;9ba9d8508d1e
2026-10-04;hermance;AROMEHD;2026-10-04T10:00;3.5;5.1;207.0;15.6;0.0;;0.0;0.0;100.0;100.0;46.309998;6.24;0.0;2026-10-03T19:15:00+02:00;2026-10-03T22:05:27+02:00;9ba9d8508d1e
2026-10-04;hermance;AROMEHD;2026-10-04T11:00;2.7;5.4;225.0;16.4;0.0;;0.0;2.0;95.0;95.0;46.309998;6.24;0.0;2026-10-03T19:15:00+02:00;2026-10-03T22:05:27+02:00;9ba9d8508d1e
2026-10-04;hermance;AROMEHD;2026-10-04T12:00;2.5;4.1;288.0;16.8;0.0;;0.0;0.0;88.0;88.0;46.309998;6.24;0.0;2026-10-03T19:15:00+02:00;2026-10-03T22:05:27+02:00;9ba9d8508d1e
2026-10-04;hermance;AROMEHD;2026-10-04T13:00;1.6;2.7;300.0;17.8;0.0;;0.0;0.0;100.0;100.0;46.309998;6.24;0.0;2026-10-03T19:15:00+02:00;2026-10-03T22:05:27+02:00;9ba9d8508d1e
2026-10-04;hermance;AROMEHD;2026-10-04T14:00;3.9;4.7;354.0;18.1;0.0;;0.0;0.0;100.0;100.0;46.309998;6.24;0.0;2026-10-03T19:15:00+02:00;2026-10-03T22:05:27+02:00;9ba9d8508d1e
2026-10-04;hermance;AROMEHD;2026-10-04T15:00;6.8;8.0;357.0;19.4;0.0;;0.0;0.0;100.0;100.0;46.309998;6.24;0.0;2026-10-03T19:15:00+02:00;2026-10-03T22:05:27+02:00;9ba9d8508d1e
2026-10-04;hermance;AROMEHD;2026-10-04T16:00;6.8;8.7;360.0;19.1;0.0;;0.0;0.0;95.0;95.0;46.309998;6.24;0.0;2026-10-03T19:15:00+02:00;2026-10-03T22:05:27+02:00;9ba9d8508d1e
2026-10-04;hermance;AROMEHD;2026-10-04T17:00;5.8;7.8;4.0;19.7;0.0;;0.0;0.0;100.0;100.0;46.309998;6.24;0.0;2026-10-03T19:15:00+02:00;2026-10-03T22:05:27+02:00;9ba9d8508d1e
2026-10-04;hermance;AROMEHD;2026-10-04T18:00;4.9;6.4;7.0;20.0;0.0;;0.0;0.0;100.0;100.0;46.309998;6.24;0.0;2026-10-03T19:15:00+02:00;2026-10-03T22:05:27+02:00;9ba9d8508d1e
2026-10-04;hermance;AROMEHD;2026-10-04T19:00;4.2;5.4;28.0;20.2;0.0;;0.0;0.0;100.0;100.0;46.309998;6.24;0.0;2026-10-03T19:15:00+02:00;2026-10-03T22:05:27+02:00;9ba9d8508d1e
2026-10-04;hermance;AROMEHD;2026-10-04T20:00;2.6;4.9;63.0;19.5;0.0;;0.0;0.0;99.0;99.0;46.309998;6.24;0.0;2026-10-03T19:15:00+02:00;2026-10-03T22:05:27+02:00;9ba9d8508d1e
2026-10-04;hermance;AROMEHD;2026-10-04T21:00;1.2;3.3;39.0;19.1;0.0;;0.0;0.0;100.0;100.0;46.309998;6.24;0.0;2026-10-03T19:15:00+02:00;2026-10-03T22:05:27+02:00;9ba9d8508d1e
2026-10-04;hermance;AROMEHD;2026-10-04T22:00;1.4;1.9;90.0;18.4;0.0;;0.0;0.0;100.0;100.0;46.309998;6.24;0.0;2026-10-03T19:15:00+02:00;2026-10-03T22:05:27+02:00;9ba9d8508d1e
2026-10-04;hermance;AROMEHD;2026-10-04T23:00;2.5;2.7;135.0;17.1;0.0;;0.0;0.0;100.0;100.0;46.309998;6.24;0.0;2026-10-03T19:15:00+02:00;2026-10-03T22:05:27+02:00;9ba9d8508d1e
2026-10-04;hermance;AROMEHD;2026-10-05T00:00;2.9;2.9;152.0;16.5;0.0;;0.0;0.0;31.0;31.0;46.309998;6.24;0.0;2026-10-03T19:15:00+02:00;2026-10-03T22:05:27+02:00;9ba9d8508d1e
2026-10-04;hermance;ICONCH1;2026-10-04T01:00;2.3;4.5;149.0;17.2;0.0;88.0;0.0;88.0;41.0;88.0;46.30753;6.2349854;0.0;2026-10-03T19:15:00+02:00;2026-10-03T22:05:27+02:00;9ba9d8508d1e
2026-10-04;hermance;ICONCH1;2026-10-04T02:00;1.5;3.1;130.0;17.6;0.0;86.0;0.0;84.0;46.0;86.0;46.30753;6.2349854;0.0;2026-10-03T19:15:00+02:00;2026-10-03T22:05:27+02:00;9ba9d8508d1e
2026-10-04;hermance;ICONCH1;2026-10-04T03:00;0.6;2.3;180.0;17.7;0.0;99.0;0.0;99.0;10.0;99.0;46.30753;6.2349854;0.0;2026-10-03T19:15:00+02:00;2026-10-03T22:05:27+02:00;9ba9d8508d1e
2026-10-04;hermance;ICONCH1;2026-10-04T04:00;1.8;2.5;162.0;17.4;0.0;78.0;0.0;78.0;0.0;78.0;46.30753;6.2349854;0.0;2026-10-03T19:15:00+02:00;2026-10-03T22:05:27+02:00;9ba9d8508d1e
2026-10-04;hermance;ICONCH1;2026-10-04T05:00;1.9;2.9;135.0;17.2;0.0;100.0;0.0;100.0;93.0;100.0;46.30753;6.2349854;0.0;2026-10-03T19:15:00+02:00;2026-10-03T22:05:27+02:00;9ba9d8508d1e
2026-10-04;hermance;ICONCH1;2026-10-04T06:00;1.8;2.5;174.0;17.3;0.0;100.0;15.0;89.0;100.0;100.0;46.30753;6.2349854;0.0;2026-10-03T19:15:00+02:00;2026-10-03T22:05:27+02:00;9ba9d8508d1e
2026-10-04;hermance;ICONCH1;2026-10-04T07:00;1.8;2.7;162.0;17.0;0.0;100.0;22.0;100.0;83.0;100.0;46.30753;6.2349854;0.0;2026-10-03T19:15:00+02:00;2026-10-03T22:05:27+02:00;9ba9d8508d1e
2026-10-04;hermance;ICONCH1;2026-10-04T08:00;1.1;2.9;135.0;17.2;0.1;99.0;25.0;83.0;95.0;99.0;46.30753;6.2349854;0.0;2026-10-03T19:15:00+02:00;2026-10-03T22:05:27+02:00;9ba9d8508d1e
2026-10-04;hermance;ICONCH1;2026-10-04T09:00;1.7;2.3;117.0;17.3;0.0;100.0;33.0;75.0;100.0;100.0;46.30753;6.2349854;0.0;2026-10-03T19:15:00+02:00;2026-10-03T22:05:27+02:00;9ba9d8508d1e
2026-10-04;hermance;ICONCH1;2026-10-04T10:00;0.3;2.3;225.0;17.6;0.0;98.0;53.0;87.0;56.0;98.0;46.30753;6.2349854;0.0;2026-10-03T19:15:00+02:00;2026-10-03T22:05:27+02:00;9ba9d8508d1e
2026-10-04;hermance;ICONCH1;2026-10-04T11:00;1.1;1.7;301.0;18.1;0.0;98.0;54.0;37.0;92.0;98.0;46.30753;6.2349854;0.0;2026-10-03T19:15:00+02:00;2026-10-03T22:05:27+02:00;9ba9d8508d1e
2026-10-04;hermance;ICONCH1;2026-10-04T12:00;3.0;4.1;333.0;18.5;0.0;100.0;4.0;32.0;100.0;100.0;46.30753;6.2349854;0.0;2026-10-03T19:15:00+02:00;2026-10-03T22:05:27+02:00;9ba9d8508d1e
2026-10-04;hermance;ICONCH1;2026-10-04T13:00;5.1;6.6;356.0;19.6;0.0;100.0;0.0;27.0;100.0;100.0;46.30753;6.2349854;0.0;2026-10-03T19:15:00+02:00;2026-10-03T22:05:27+02:00;9ba9d8508d1e
2026-10-04;hermance;ICONCH1;2026-10-04T14:00;5.7;7.6;4.0;20.1;0.0;75.0;0.0;44.0;50.0;75.0;46.30753;6.2349854;0.0;2026-10-03T19:15:00+02:00;2026-10-03T22:05:27+02:00;9ba9d8508d1e
2026-10-04;hermance;ICONCH1;2026-10-04T15:00;6.9;8.7;8.0;21.0;0.0;100.0;0.0;67.0;100.0;100.0;46.30753;6.2349854;0.0;2026-10-03T19:15:00+02:00;2026-10-03T22:05:27+02:00;9ba9d8508d1e
2026-10-04;hermance;ICONCH1;2026-10-04T16:00;5.3;8.9;2.0;21.8;0.0;76.0;8.0;35.0;48.0;76.0;46.30753;6.2349854;0.0;2026-10-03T19:15:00+02:00;2026-10-03T22:05:27+02:00;9ba9d8508d1e
2026-10-04;hermance;ICONCH1;2026-10-04T17:00;7.1;9.1;352.0;21.5;0.0;72.0;11.0;33.0;41.0;72.0;46.30753;6.2349854;0.0;2026-10-03T19:15:00+02:00;2026-10-03T22:05:27+02:00;9ba9d8508d1e
2026-10-04;hermance;ICONCH1;2026-10-04T18:00;10.9;14.4;340.0;20.7;0.0;100.0;53.0;100.0;78.0;100.0;46.30753;6.2349854;0.0;2026-10-03T19:15:00+02:00;2026-10-03T22:05:27+02:00;9ba9d8508d1e
2026-10-04;hermance;ICONCH1;2026-10-04T19:00;3.9;16.3;360.0;21.0;1.5;100.0;5.0;100.0;26.0;100.0;46.30753;6.2349854;0.0;2026-10-03T19:15:00+02:00;2026-10-03T22:05:27+02:00;9ba9d8508d1e
2026-10-04;hermance;ICONCH1;2026-10-04T20:00;2.3;5.2;110.0;19.8;0.0;85.0;43.0;48.0;49.0;85.0;46.30753;6.2349854;0.0;2026-10-03T19:15:00+02:00;2026-10-03T22:05:27+02:00;9ba9d8508d1e
2026-10-04;hermance;ICONCH1;2026-10-04T21:00;1.8;3.1;13.0;19.5;0.0;80.0;11.0;0.0;73.0;80.0;46.30753;6.2349854;0.0;2026-10-03T19:15:00+02:00;2026-10-03T22:05:27+02:00;9ba9d8508d1e
2026-10-04;hermance;ICONCH1;2026-10-04T22:00;1.0;2.5;169.0;18.7;0.0;92.0;36.0;0.0;82.0;92.0;46.30753;6.2349854;0.0;2026-10-03T19:15:00+02:00;2026-10-03T22:05:27+02:00;9ba9d8508d1e
2026-10-04;hermance;ICONCH1;2026-10-04T23:00;0.9;1.6;117.0;18.9;0.0;100.0;0.0;0.0;100.0;100.0;46.30753;6.2349854;0.0;2026-10-03T19:15:00+02:00;2026-10-03T22:05:27+02:00;9ba9d8508d1e
2026-10-04;hermance;ICONCH1;2026-10-05T00:00;0.5;1.6;135.0;18.7;0.0;100.0;0.0;0.0;100.0;100.0;46.30753;6.2349854;0.0;2026-10-03T19:15:00+02:00;2026-10-03T22:05:27+02:00;9ba9d8508d1e
2026-10-04;loire_sur_rhone;AROMEHD;2026-10-04T01:00;2.2;3.5;100.0;17.4;0.0;;0.0;100.0;99.0;100.0;45.559998;4.8199997;170.0;2026-10-03T19:15:00+02:00;2026-10-03T22:05:27+02:00;9ba9d8508d1e
2026-10-04;loire_sur_rhone;AROMEHD;2026-10-04T02:00;1.5;3.7;113.0;17.2;0.0;;0.0;100.0;100.0;100.0;45.559998;4.8199997;170.0;2026-10-03T19:15:00+02:00;2026-10-03T22:05:27+02:00;9ba9d8508d1e
2026-10-04;loire_sur_rhone;AROMEHD;2026-10-04T03:00;2.3;3.9;114.0;16.8;0.0;;0.0;100.0;100.0;100.0;45.559998;4.8199997;170.0;2026-10-03T19:15:00+02:00;2026-10-03T22:05:27+02:00;9ba9d8508d1e
2026-10-04;loire_sur_rhone;AROMEHD;2026-10-04T04:00;1.8;5.1;108.0;16.7;0.0;;0.0;100.0;100.0;100.0;45.559998;4.8199997;170.0;2026-10-03T19:15:00+02:00;2026-10-03T22:05:27+02:00;9ba9d8508d1e
2026-10-04;loire_sur_rhone;AROMEHD;2026-10-04T05:00;1.4;3.1;124.0;16.3;0.0;;0.0;100.0;38.0;100.0;45.559998;4.8199997;170.0;2026-10-03T19:15:00+02:00;2026-10-03T22:05:27+02:00;9ba9d8508d1e
2026-10-04;loire_sur_rhone;AROMEHD;2026-10-04T06:00;1.4;2.1;90.0;16.2;0.0;;0.0;89.0;100.0;100.0;45.559998;4.8199997;170.0;2026-10-03T19:15:00+02:00;2026-10-03T22:05:27+02:00;9ba9d8508d1e
2026-10-04;loire_sur_rhone;AROMEHD;2026-10-04T07:00;0.4;1.7;90.0;15.8;0.0;;0.0;0.0;100.0;100.0;45.559998;4.8199997;170.0;2026-10-03T19:15:00+02:00;2026-10-03T22:05:27+02:00;9ba9d8508d1e
2026-10-04;loire_sur_rhone;AROMEHD;2026-10-04T08:00;2.1;3.5;124.0;15.4;0.0;;0.0;0.0;100.0;100.0;45.559998;4.8199997;170.0;2026-10-03T19:15:00+02:00;2026-10-03T22:05:27+02:00;9ba9d8508d1e
2026-10-04;loire_sur_rhone;AROMEHD;2026-10-04T09:00;1.3;3.5;117.0;16.2;0.0;;0.0;1.0;100.0;100.0;45.559998;4.8199997;170.0;2026-10-03T19:15:00+02:00;2026-10-03T22:05:27+02:00;9ba9d8508d1e
2026-10-04;loire_sur_rhone;AROMEHD;2026-10-04T10:00;1.2;3.1;81.0;17.8;0.0;;0.0;0.0;99.0;99.0;45.559998;4.8199997;170.0;2026-10-03T19:15:00+02:00;2026-10-03T22:05:27+02:00;9ba9d8508d1e
2026-10-04;loire_sur_rhone;AROMEHD;2026-10-04T11:00;0.2;1.2;360.0;19.7;0.0;;0.0;0.0;17.0;17.0;45.559998;4.8199997;170.0;2026-10-03T19:15:00+02:00;2026-10-03T22:05:27+02:00;9ba9d8508d1e
2026-10-04;loire_sur_rhone;AROMEHD;2026-10-04T12:00;0.6;1.9;108.0;21.4;0.0;;0.0;0.0;100.0;100.0;45.559998;4.8199997;170.0;2026-10-03T19:15:00+02:00;2026-10-03T22:05:27+02:00;9ba9d8508d1e
2026-10-04;loire_sur_rhone;AROMEHD;2026-10-04T13:00;2.0;6.8;73.0;22.8;0.0;;0.0;0.0;100.0;100.0;45.559998;4.8199997;170.0;2026-10-03T19:15:00+02:00;2026-10-03T22:05:27+02:00;9ba9d8508d1e
2026-10-04;loire_sur_rhone;AROMEHD;2026-10-04T14:00;1.0;6.8;79.0;23.8;0.0;;0.0;0.0;33.0;33.0;45.559998;4.8199997;170.0;2026-10-03T19:15:00+02:00;2026-10-03T22:05:27+02:00;9ba9d8508d1e
2026-10-04;loire_sur_rhone;AROMEHD;2026-10-04T15:00;1.1;5.6;59.0;24.6;0.0;;0.0;0.0;100.0;100.0;45.559998;4.8199997;170.0;2026-10-03T19:15:00+02:00;2026-10-03T22:05:27+02:00;9ba9d8508d1e
2026-10-04;loire_sur_rhone;AROMEHD;2026-10-04T16:00;2.1;6.8;49.0;24.9;0.0;;0.0;0.0;100.0;100.0;45.559998;4.8199997;170.0;2026-10-03T19:15:00+02:00;2026-10-03T22:05:27+02:00;9ba9d8508d1e
2026-10-04;loire_sur_rhone;AROMEHD;2026-10-04T17:00;1.9;6.6;53.0;25.0;0.0;;0.0;0.0;100.0;100.0;45.559998;4.8199997;170.0;2026-10-03T19:15:00+02:00;2026-10-03T22:05:27+02:00;9ba9d8508d1e
2026-10-04;loire_sur_rhone;AROMEHD;2026-10-04T18:00;1.8;5.4;18.0;24.4;0.0;;0.0;0.0;100.0;100.0;45.559998;4.8199997;170.0;2026-10-03T19:15:00+02:00;2026-10-03T22:05:27+02:00;9ba9d8508d1e
2026-10-04;loire_sur_rhone;AROMEHD;2026-10-04T19:00;1.9;4.1;45.0;23.4;0.0;;0.0;0.0;100.0;100.0;45.559998;4.8199997;170.0;2026-10-03T19:15:00+02:00;2026-10-03T22:05:27+02:00;9ba9d8508d1e
2026-10-04;loire_sur_rhone;AROMEHD;2026-10-04T20:00;1.4;3.9;90.0;21.7;0.0;;0.0;0.0;98.0;98.0;45.559998;4.8199997;170.0;2026-10-03T19:15:00+02:00;2026-10-03T22:05:27+02:00;9ba9d8508d1e
2026-10-04;loire_sur_rhone;AROMEHD;2026-10-04T21:00;0.2;2.1;180.0;20.5;0.0;;0.0;0.0;100.0;100.0;45.559998;4.8199997;170.0;2026-10-03T19:15:00+02:00;2026-10-03T22:05:27+02:00;9ba9d8508d1e
2026-10-04;loire_sur_rhone;AROMEHD;2026-10-04T22:00;0.2;1.2;360.0;19.4;0.0;;0.0;3.0;98.0;98.0;45.559998;4.8199997;170.0;2026-10-03T19:15:00+02:00;2026-10-03T22:05:27+02:00;9ba9d8508d1e
2026-10-04;loire_sur_rhone;AROMEHD;2026-10-04T23:00;0.2;0.0;360.0;18.6;0.0;;0.0;10.0;98.0;98.0;45.559998;4.8199997;170.0;2026-10-03T19:15:00+02:00;2026-10-03T22:05:27+02:00;9ba9d8508d1e
2026-10-04;loire_sur_rhone;AROMEHD;2026-10-05T00:00;0.3;0.2;45.0;17.8;0.0;;0.0;0.0;100.0;100.0;45.559998;4.8199997;170.0;2026-10-03T19:15:00+02:00;2026-10-03T22:05:27+02:00;9ba9d8508d1e
2026-10-04;loire_sur_rhone;ICONCH1;2026-10-04T01:00;3.1;7.2;187.0;17.6;0.0;64.0;0.0;53.0;27.0;64.0;45.550514;4.828491;200.0;2026-10-03T19:15:00+02:00;2026-10-03T22:05:27+02:00;9ba9d8508d1e
2026-10-04;loire_sur_rhone;ICONCH1;2026-10-04T02:00;1.9;6.8;143.0;17.0;0.0;91.0;0.0;86.0;76.0;91.0;45.550514;4.828491;200.0;2026-10-03T19:15:00+02:00;2026-10-03T22:05:27+02:00;9ba9d8508d1e
2026-10-04;loire_sur_rhone;ICONCH1;2026-10-04T03:00;1.2;3.9;141.0;16.8;0.0;91.0;0.0;91.0;30.0;91.0;45.550514;4.828491;200.0;2026-10-03T19:15:00+02:00;2026-10-03T22:05:27+02:00;9ba9d8508d1e
2026-10-04;loire_sur_rhone;ICONCH1;2026-10-04T04:00;1.6;3.7;173.0;16.6;0.0;100.0;0.0;86.0;100.0;100.0;45.550514;4.828491;200.0;2026-10-03T19:15:00+02:00;2026-10-03T22:05:27+02:00;9ba9d8508d1e
2026-10-04;loire_sur_rhone;ICONCH1;2026-10-04T05:00;0.9;4.9;153.0;16.2;0.0;88.0;0.0;48.0;67.0;88.0;45.550514;4.828491;200.0;2026-10-03T19:15:00+02:00;2026-10-03T22:05:27+02:00;9ba9d8508d1e
2026-10-04;loire_sur_rhone;ICONCH1;2026-10-04T06:00;1.2;3.7;231.0;15.8;0.0;98.0;0.0;85.0;92.0;98.0;45.550514;4.828491;200.0;2026-10-03T19:15:00+02:00;2026-10-03T22:05:27+02:00;9ba9d8508d1e
2026-10-04;loire_sur_rhone;ICONCH1;2026-10-04T07:00;2.0;3.5;186.0;16.0;0.0;86.0;0.0;82.0;53.0;86.0;45.550514;4.828491;200.0;2026-10-03T19:15:00+02:00;2026-10-03T22:05:27+02:00;9ba9d8508d1e
2026-10-04;loire_sur_rhone;ICONCH1;2026-10-04T08:00;1.2;3.9;198.0;15.8;0.0;100.0;0.0;85.0;100.0;100.0;45.550514;4.828491;200.0;2026-10-03T19:15:00+02:00;2026-10-03T22:05:27+02:00;9ba9d8508d1e
2026-10-04;loire_sur_rhone;ICONCH1;2026-10-04T09:00;0.4;2.5;207.0;16.5;0.0;84.0;0.0;79.0;29.0;84.0;45.550514;4.828491;200.0;2026-10-03T19:15:00+02:00;2026-10-03T22:05:27+02:00;9ba9d8508d1e
2026-10-04;loire_sur_rhone;ICONCH1;2026-10-04T10:00;0.4;2.1;117.0;17.5;0.0;100.0;0.0;70.0;100.0;100.0;45.550514;4.828491;200.0;2026-10-03T19:15:00+02:00;2026-10-03T22:05:27+02:00;9ba9d8508d1e
2026-10-04;loire_sur_rhone;ICONCH1;2026-10-04T11:00;1.0;2.5;349.0;18.1;0.0;100.0;0.0;65.0;100.0;100.0;45.550514;4.828491;200.0;2026-10-03T19:15:00+02:00;2026-10-03T22:05:27+02:00;9ba9d8508d1e
2026-10-04;loire_sur_rhone;ICONCH1;2026-10-04T12:00;0.8;2.5;104.0;19.5;0.0;100.0;0.0;52.0;100.0;100.0;45.550514;4.828491;200.0;2026-10-03T19:15:00+02:00;2026-10-03T22:05:27+02:00;9ba9d8508d1e
2026-10-04;loire_sur_rhone;ICONCH1;2026-10-04T13:00;1.9;4.3;90.0;21.6;0.0;47.0;0.0;47.0;4.0;47.0;45.550514;4.828491;200.0;2026-10-03T19:15:00+02:00;2026-10-03T22:05:27+02:00;9ba9d8508d1e
2026-10-04;loire_sur_rhone;ICONCH1;2026-10-04T14:00;2.5;4.7;94.0;23.1;0.0;32.0;0.0;32.0;0.0;32.0;45.550514;4.828491;200.0;2026-10-03T19:15:00+02:00;2026-10-03T22:05:27+02:00;9ba9d8508d1e
2026-10-04;loire_sur_rhone;ICONCH1;2026-10-04T15:00;3.1;5.4;108.0;23.8;0.0;64.0;31.0;47.0;0.0;64.0;45.550514;4.828491;200.0;2026-10-03T19:15:00+02:00;2026-10-03T22:05:27+02:00;9ba9d8508d1e
2026-10-04;loire_sur_rhone;ICONCH1;2026-10-04T16:00;3.7;6.4;118.0;24.3;0.0;100.0;0.0;28.0;100.0;100.0;45.550514;4.828491;200.0;2026-10-03T19:15:00+02:00;2026-10-03T22:05:27+02:00;9ba9d8508d1e
2026-10-04;loire_sur_rhone;ICONCH1;2026-10-04T17:00;4.3;7.6;108.0;24.2;0.0;100.0;0.0;29.0;100.0;100.0;45.550514;4.828491;200.0;2026-10-03T19:15:00+02:00;2026-10-03T22:05:27+02:00;9ba9d8508d1e
2026-10-04;loire_sur_rhone;ICONCH1;2026-10-04T18:00;3.3;8.4;107.0;23.6;0.0;100.0;0.0;5.0;100.0;100.0;45.550514;4.828491;200.0;2026-10-03T19:15:00+02:00;2026-10-03T22:05:27+02:00;9ba9d8508d1e
2026-10-04;loire_sur_rhone;ICONCH1;2026-10-04T19:00;3.3;5.8;163.0;22.3;0.0;100.0;0.0;24.0;100.0;100.0;45.550514;4.828491;200.0;2026-10-03T19:15:00+02:00;2026-10-03T22:05:27+02:00;9ba9d8508d1e
2026-10-04;loire_sur_rhone;ICONCH1;2026-10-04T20:00;3.4;6.0;196.0;21.1;0.0;100.0;0.0;60.0;100.0;100.0;45.550514;4.828491;200.0;2026-10-03T19:15:00+02:00;2026-10-03T22:05:27+02:00;9ba9d8508d1e
2026-10-04;loire_sur_rhone;ICONCH1;2026-10-04T21:00;4.1;7.0;180.0;20.0;0.0;100.0;0.0;55.0;98.0;100.0;45.550514;4.828491;200.0;2026-10-03T19:15:00+02:00;2026-10-03T22:05:27+02:00;9ba9d8508d1e
2026-10-04;loire_sur_rhone;ICONCH1;2026-10-04T22:00;2.3;6.6;228.0;19.1;0.0;100.0;0.0;23.0;100.0;100.0;45.550514;4.828491;200.0;2026-10-03T19:15:00+02:00;2026-10-03T22:05:27+02:00;9ba9d8508d1e
2026-10-04;loire_sur_rhone;ICONCH1;2026-10-04T23:00;2.7;4.5;180.0;18.3;0.0;100.0;0.0;0.0;100.0;100.0;45.550514;4.828491;200.0;2026-10-03T19:15:00+02:00;2026-10-03T22:05:27+02:00;9ba9d8508d1e
2026-10-04;loire_sur_rhone;ICONCH1;2026-10-05T00:00;1.0;4.7;191.0;17.5;0.0;100.0;0.0;0.0;100.0;100.0;45.550514;4.828491;200.0;2026-10-03T19:15:00+02:00;2026-10-03T22:05:27+02:00;9ba9d8508d1e
2026-10-04;messery;AROMEHD;2026-10-04T01:00;1.0;2.5;307.0;16.9;0.0;;0.0;0.0;45.0;45.0;46.35;6.2700005;0.0;2026-10-03T19:15:00+02:00;2026-10-03T22:05:27+02:00;9ba9d8508d1e
2026-10-04;messery;AROMEHD;2026-10-04T02:00;1.6;2.7;30.0;16.5;0.0;;0.0;0.0;52.0;52.0;46.35;6.2700005;0.0;2026-10-03T19:15:00+02:00;2026-10-03T22:05:27+02:00;9ba9d8508d1e
2026-10-04;messery;AROMEHD;2026-10-04T03:00;1.8;2.1;122.0;15.6;0.0;;0.0;5.0;0.0;5.0;46.35;6.2700005;0.0;2026-10-03T19:15:00+02:00;2026-10-03T22:05:27+02:00;9ba9d8508d1e
2026-10-04;messery;AROMEHD;2026-10-04T04:00;1.7;2.3;153.0;15.5;0.0;;0.0;48.0;0.0;48.0;46.35;6.2700005;0.0;2026-10-03T19:15:00+02:00;2026-10-03T22:05:27+02:00;9ba9d8508d1e
2026-10-04;messery;AROMEHD;2026-10-04T05:00;1.5;2.3;157.0;15.5;0.0;;0.0;36.0;19.0;36.0;46.35;6.2700005;0.0;2026-10-03T19:15:00+02:00;2026-10-03T22:05:27+02:00;9ba9d8508d1e
2026-10-04;messery;AROMEHD;2026-10-04T06:00;1.2;2.5;171.0;15.4;0.0;;0.0;52.0;29.0;52.0;46.35;6.2700005;0.0;2026-10-03T19:15:00+02:00;2026-10-03T22:05:27+02:00;9ba9d8508d1e
2026-10-04;messery;AROMEHD;2026-10-04T07:00;0.8;1.7;284.0;16.0;0.0;;0.0;12.0;100.0;100.0;46.35;6.2700005;0.0;2026-10-03T19:15:00+02:00;2026-10-03T22:05:27+02:00;9ba9d8508d1e
2026-10-04;messery;AROMEHD;2026-10-04T08:00;2.8;4.1;245.0;15.8;0.0;;0.0;0.0;100.0;100.0;46.35;6.2700005;0.0;2026-10-03T19:15:00+02:00;2026-10-03T22:05:27+02:00;9ba9d8508d1e
2026-10-04;messery;AROMEHD;2026-10-04T09:00;3.6;5.2;193.0;15.6;0.0;;0.0;1.0;100.0;100.0;46.35;6.2700005;0.0;2026-10-03T19:15:00+02:00;2026-10-03T22:05:27+02:00;9ba9d8508d1e
2026-10-04;messery;AROMEHD;2026-10-04T10:00;4.0;5.6;219.0;15.8;0.0;;0.0;0.0;100.0;100.0;46.35;6.2700005;0.0;2026-10-03T19:15:00+02:00;2026-10-03T22:05:27+02:00;9ba9d8508d1e
2026-10-04;messery;AROMEHD;2026-10-04T11:00;4.1;6.6;211.0;16.4;0.0;;0.0;3.0;69.0;69.0;46.35;6.2700005;0.0;2026-10-03T19:15:00+02:00;2026-10-03T22:05:27+02:00;9ba9d8508d1e
2026-10-04;messery;AROMEHD;2026-10-04T12:00;2.7;5.6;266.0;16.6;0.0;;0.0;0.0;55.0;55.0;46.35;6.2700005;0.0;2026-10-03T19:15:00+02:00;2026-10-03T22:05:27+02:00;9ba9d8508d1e
2026-10-04;messery;AROMEHD;2026-10-04T13:00;1.2;3.1;321.0;17.1;0.0;;0.0;0.0;100.0;100.0;46.35;6.2700005;0.0;2026-10-03T19:15:00+02:00;2026-10-03T22:05:27+02:00;9ba9d8508d1e
2026-10-04;messery;AROMEHD;2026-10-04T14:00;4.9;7.4;45.0;19.8;0.0;;0.0;0.0;100.0;100.0;46.35;6.2700005;0.0;2026-10-03T19:15:00+02:00;2026-10-03T22:05:27+02:00;9ba9d8508d1e
2026-10-04;messery;AROMEHD;2026-10-04T15:00;4.6;8.4;36.0;20.0;0.0;;0.0;0.0;100.0;100.0;46.35;6.2700005;0.0;2026-10-03T19:15:00+02:00;2026-10-03T22:05:27+02:00;9ba9d8508d1e
2026-10-04;messery;AROMEHD;2026-10-04T16:00;4.8;6.6;14.0;19.3;0.0;;0.0;0.0;95.0;95.0;46.35;6.2700005;0.0;2026-10-03T19:15:00+02:00;2026-10-03T22:05:27+02:00;9ba9d8508d1e
2026-10-04;messery;AROMEHD;2026-10-04T17:00;3.5;6.0;19.0;19.7;0.0;;0.0;0.0;100.0;100.0;46.35;6.2700005;0.0;2026-10-03T19:15:00+02:00;2026-10-03T22:05:27+02:00;9ba9d8508d1e
2026-10-04;messery;AROMEHD;2026-10-04T18:00;3.3;4.7;21.0;19.9;0.0;;0.0;0.0;100.0;100.0;46.35;6.2700005;0.0;2026-10-03T19:15:00+02:00;2026-10-03T22:05:27+02:00;9ba9d8508d1e
2026-10-04;messery;AROMEHD;2026-10-04T19:00;3.3;4.9;50.0;19.8;0.0;;0.0;0.0;100.0;100.0;46.35;6.2700005;0.0;2026-10-03T19:15:00+02:00;2026-10-03T22:05:27+02:00;9ba9d8508d1e
2026-10-04;messery;AROMEHD;2026-10-04T20:00;2.7;4.1;90.0;19.2;0.0;;0.0;0.0;58.0;58.0;46.35;6.2700005;0.0;2026-10-03T19:15:00+02:00;2026-10-03T22:05:27+02:00;9ba9d8508d1e
2026-10-04;messery;AROMEHD;2026-10-04T21:00;1.6;3.1;83.0;18.4;0.0;;0.0;0.0;100.0;100.0;46.35;6.2700005;0.0;2026-10-03T19:15:00+02:00;2026-10-03T22:05:27+02:00;9ba9d8508d1e
2026-10-04;messery;AROMEHD;2026-10-04T22:00;1.4;1.9;124.0;17.8;0.0;;0.0;0.0;87.0;87.0;46.35;6.2700005;0.0;2026-10-03T19:15:00+02:00;2026-10-03T22:05:27+02:00;9ba9d8508d1e
2026-10-04;messery;AROMEHD;2026-10-04T23:00;1.7;1.9;153.0;17.1;0.0;;0.0;0.0;100.0;100.0;46.35;6.2700005;0.0;2026-10-03T19:15:00+02:00;2026-10-03T22:05:27+02:00;9ba9d8508d1e
2026-10-04;messery;AROMEHD;2026-10-05T00:00;1.4;1.7;188.0;17.3;0.0;;0.0;0.0;97.0;97.0;46.35;6.2700005;0.0;2026-10-03T19:15:00+02:00;2026-10-03T22:05:27+02:00;9ba9d8508d1e
2026-10-04;messery;ICONCH1;2026-10-04T01:00;2.7;4.5;315.0;18.0;0.0;93.0;0.0;90.0;44.0;93.0;46.3589;6.2749023;0.0;2026-10-03T19:15:00+02:00;2026-10-03T22:05:27+02:00;9ba9d8508d1e
2026-10-04;messery;ICONCH1;2026-10-04T02:00;1.8;3.7;328.0;18.0;0.0;91.0;0.0;86.0;42.0;91.0;46.3589;6.2749023;0.0;2026-10-03T19:15:00+02:00;2026-10-03T22:05:27+02:00;9ba9d8508d1e
2026-10-04;messery;ICONCH1;2026-10-04T03:00;2.0;4.5;331.0;18.1;0.0;95.0;0.0;95.0;24.0;95.0;46.3589;6.2749023;0.0;2026-10-03T19:15:00+02:00;2026-10-03T22:05:27+02:00;9ba9d8508d1e
2026-10-04;messery;ICONCH1;2026-10-04T04:00;1.2;3.3;342.0;18.2;0.0;100.0;0.0;100.0;0.0;100.0;46.3589;6.2749023;0.0;2026-10-03T19:15:00+02:00;2026-10-03T22:05:27+02:00;9ba9d8508d1e
2026-10-04;messery;ICONCH1;2026-10-04T05:00;0.8;3.1;346.0;18.0;0.0;100.0;0.0;85.0;100.0;100.0;46.3589;6.2749023;0.0;2026-10-03T19:15:00+02:00;2026-10-03T22:05:27+02:00;9ba9d8508d1e
2026-10-04;messery;ICONCH1;2026-10-04T06:00;1.4;1.9;304.0;17.9;0.0;100.0;26.0;100.0;100.0;100.0;46.3589;6.2749023;0.0;2026-10-03T19:15:00+02:00;2026-10-03T22:05:27+02:00;9ba9d8508d1e
2026-10-04;messery;ICONCH1;2026-10-04T07:00;1.4;2.7;315.0;17.9;0.0;100.0;38.0;99.0;86.0;100.0;46.3589;6.2749023;0.0;2026-10-03T19:15:00+02:00;2026-10-03T22:05:27+02:00;9ba9d8508d1e
2026-10-04;messery;ICONCH1;2026-10-04T08:00;1.2;1.9;342.0;17.8;0.1;100.0;38.0;92.0;100.0;100.0;46.3589;6.2749023;0.0;2026-10-03T19:15:00+02:00;2026-10-03T22:05:27+02:00;9ba9d8508d1e
2026-10-04;messery;ICONCH1;2026-10-04T09:00;0.6;2.3;72.0;17.8;0.0;100.0;38.0;81.0;100.0;100.0;46.3589;6.2749023;0.0;2026-10-03T19:15:00+02:00;2026-10-03T22:05:27+02:00;9ba9d8508d1e
2026-10-04;messery;ICONCH1;2026-10-04T10:00;1.1;1.6;211.0;18.1;0.0;100.0;35.0;82.0;100.0;100.0;46.3589;6.2749023;0.0;2026-10-03T19:15:00+02:00;2026-10-03T22:05:27+02:00;9ba9d8508d1e
2026-10-04;messery;ICONCH1;2026-10-04T11:00;0.0;1.6;270.0;18.6;0.0;100.0;23.0;77.0;100.0;100.0;46.3589;6.2749023;0.0;2026-10-03T19:15:00+02:00;2026-10-03T22:05:27+02:00;9ba9d8508d1e
2026-10-04;messery;ICONCH1;2026-10-04T12:00;3.9;5.2;63.0;19.2;0.0;100.0;0.0;32.0;100.0;100.0;46.3589;6.2749023;0.0;2026-10-03T19:15:00+02:00;2026-10-03T22:05:27+02:00;9ba9d8508d1e
2026-10-04;messery;ICONCH1;2026-10-04T13:00;3.9;5.8;53.0;19.5;0.0;100.0;0.0;42.0;100.0;100.0;46.3589;6.2749023;0.0;2026-10-03T19:15:00+02:00;2026-10-03T22:05:27+02:00;9ba9d8508d1e
2026-10-04;messery;ICONCH1;2026-10-04T14:00;3.6;5.2;45.0;20.0;0.0;72.0;0.0;49.0;43.0;72.0;46.3589;6.2749023;0.0;2026-10-03T19:15:00+02:00;2026-10-03T22:05:27+02:00;9ba9d8508d1e
2026-10-04;messery;ICONCH1;2026-10-04T15:00;6.0;8.0;61.0;20.9;0.0;96.0;19.0;72.0;78.0;96.0;46.3589;6.2749023;0.0;2026-10-03T19:15:00+02:00;2026-10-03T22:05:27+02:00;9ba9d8508d1e
2026-10-04;messery;ICONCH1;2026-10-04T16:00;3.7;7.8;39.0;21.4;0.0;76.0;10.0;37.0;46.0;76.0;46.3589;6.2749023;0.0;2026-10-03T19:15:00+02:00;2026-10-03T22:05:27+02:00;9ba9d8508d1e
2026-10-04;messery;ICONCH1;2026-10-04T17:00;4.6;6.0;348.0;21.7;0.0;93.0;22.0;83.0;37.0;93.0;46.3589;6.2749023;0.0;2026-10-03T19:15:00+02:00;2026-10-03T22:05:27+02:00;9ba9d8508d1e
2026-10-04;messery;ICONCH1;2026-10-04T18:00;9.4;16.3;308.0;20.4;0.0;100.0;27.0;100.0;100.0;100.0;46.3589;6.2749023;0.0;2026-10-03T19:15:00+02:00;2026-10-03T22:05:27+02:00;9ba9d8508d1e
2026-10-04;messery;ICONCH1;2026-10-04T19:00;2.2;12.8;333.0;20.3;1.0;100.0;15.0;100.0;39.0;100.0;46.3589;6.2749023;0.0;2026-10-03T19:15:00+02:00;2026-10-03T22:05:27+02:00;9ba9d8508d1e
2026-10-04;messery;ICONCH1;2026-10-04T20:00;1.2;3.1;18.0;20.4;0.0;58.0;3.0;29.0;33.0;58.0;46.3589;6.2749023;0.0;2026-10-03T19:15:00+02:00;2026-10-03T22:05:27+02:00;9ba9d8508d1e
2026-10-04;messery;ICONCH1;2026-10-04T21:00;2.7;4.1;339.0;19.1;0.0;91.0;24.0;0.0;80.0;91.0;46.3589;6.2749023;0.0;2026-10-03T19:15:00+02:00;2026-10-03T22:05:27+02:00;9ba9d8508d1e
2026-10-04;messery;ICONCH1;2026-10-04T22:00;3.0;4.1;320.0;18.4;0.0;100.0;14.0;0.0;99.0;100.0;46.3589;6.2749023;0.0;2026-10-03T19:15:00+02:00;2026-10-03T22:05:27+02:00;9ba9d8508d1e
2026-10-04;messery;ICONCH1;2026-10-04T23:00;2.2;5.1;315.0;17.9;0.0;100.0;12.0;0.0;100.0;100.0;46.3589;6.2749023;0.0;2026-10-03T19:15:00+02:00;2026-10-03T22:05:27+02:00;9ba9d8508d1e
2026-10-04;messery;ICONCH1;2026-10-05T00:00;2.5;4.1;328.0;17.0;0.0;83.0;0.0;0.0;83.0;83.0;46.3589;6.2749023;0.0;2026-10-03T19:15:00+02:00;2026-10-03T22:05:27+02:00;9ba9d8508d1e
2026-10-04;parking_pre_rencontre;AROMEHD;2026-10-04T01:00;0.5;0.8;45.0;12.8;0.0;;0.0;0.0;2.0;2.0;45.01;5.779999;0.0;2026-10-03T19:15:00+02:00;2026-10-03T22:05:27+02:00;9ba9d8508d1e
2026-10-04;parking_pre_rencontre;AROMEHD;2026-10-04T02:00;1.0;1.0;53.0;12.5;0.0;;0.0;0.0;100.0;100.0;45.01;5.779999;0.0;2026-10-03T19:15:00+02:00;2026-10-03T22:05:27+02:00;9ba9d8508d1e
2026-10-04;parking_pre_rencontre;AROMEHD;2026-10-04T03:00;0.3;1.2;45.0;12.4;0.0;;0.0;0.0;83.0;83.0;45.01;5.779999;0.0;2026-10-03T19:15:00+02:00;2026-10-03T22:05:27+02:00;9ba9d8508d1e
2026-10-04;parking_pre_rencontre;AROMEHD;2026-10-04T04:00;0.7;0.8;56.0;12.1;0.0;;0.0;0.0;99.0;99.0;45.01;5.779999;0.0;2026-10-03T19:15:00+02:00;2026-10-03T22:05:27+02:00;9ba9d8508d1e
2026-10-04;parking_pre_rencontre;AROMEHD;2026-10-04T05:00;0.4;1.0;63.0;12.0;0.0;;0.0;0.0;96.0;96.0;45.01;5.779999;0.0;2026-10-03T19:15:00+02:00;2026-10-03T22:05:27+02:00;9ba9d8508d1e
2026-10-04;parking_pre_rencontre;AROMEHD;2026-10-04T06:00;0.6;1.2;18.0;11.7;0.0;;0.0;0.0;100.0;100.0;45.01;5.779999;0.0;2026-10-03T19:15:00+02:00;2026-10-03T22:05:27+02:00;9ba9d8508d1e
2026-10-04;parking_pre_rencontre;AROMEHD;2026-10-04T07:00;0.9;1.2;27.0;11.5;0.0;;0.0;0.0;100.0;100.0;45.01;5.779999;0.0;2026-10-03T19:15:00+02:00;2026-10-03T22:05:27+02:00;9ba9d8508d1e
2026-10-04;parking_pre_rencontre;AROMEHD;2026-10-04T08:00;0.4;1.0;360.0;11.5;0.0;;0.0;0.0;100.0;100.0;45.01;5.779999;0.0;2026-10-03T19:15:00+02:00;2026-10-03T22:05:27+02:00;9ba9d8508d1e
2026-10-04;parking_pre_rencontre;AROMEHD;2026-10-04T09:00;0.2;1.0;360.0;12.3;0.0;;0.0;0.0;100.0;100.0;45.01;5.779999;0.0;2026-10-03T19:15:00+02:00;2026-10-03T22:05:27+02:00;9ba9d8508d1e
2026-10-04;parking_pre_rencontre;AROMEHD;2026-10-04T10:00;1.6;3.5;166.0;15.1;0.0;;0.0;0.0;100.0;100.0;45.01;5.779999;0.0;2026-10-03T19:15:00+02:00;2026-10-03T22:05:27+02:00;9ba9d8508d1e
2026-10-04;parking_pre_rencontre;AROMEHD;2026-10-04T11:00;2.2;5.6;170.0;17.4;0.0;;0.0;0.0;100.0;100.0;45.01;5.779999;0.0;2026-10-03T19:15:00+02:00;2026-10-03T22:05:27+02:00;9ba9d8508d1e
2026-10-04;parking_pre_rencontre;AROMEHD;2026-10-04T12:00;2.5;7.0;176.0;18.6;0.0;;0.0;0.0;100.0;100.0;45.01;5.779999;0.0;2026-10-03T19:15:00+02:00;2026-10-03T22:05:27+02:00;9ba9d8508d1e
2026-10-04;parking_pre_rencontre;AROMEHD;2026-10-04T13:00;3.9;9.5;360.0;19.2;0.0;;0.0;0.0;100.0;100.0;45.01;5.779999;0.0;2026-10-03T19:15:00+02:00;2026-10-03T22:05:27+02:00;9ba9d8508d1e
2026-10-04;parking_pre_rencontre;AROMEHD;2026-10-04T14:00;5.1;12.1;2.0;19.1;0.0;;0.0;0.0;100.0;100.0;45.01;5.779999;0.0;2026-10-03T19:15:00+02:00;2026-10-03T22:05:27+02:00;9ba9d8508d1e
2026-10-04;parking_pre_rencontre;AROMEHD;2026-10-04T15:00;5.4;13.2;358.0;18.7;0.0;;0.0;0.0;100.0;100.0;45.01;5.779999;0.0;2026-10-03T19:15:00+02:00;2026-10-03T22:05:27+02:00;9ba9d8508d1e
2026-10-04;parking_pre_rencontre;AROMEHD;2026-10-04T16:00;5.1;13.2;358.0;18.7;0.0;;1.0;0.0;100.0;100.0;45.01;5.779999;0.0;2026-10-03T19:15:00+02:00;2026-10-03T22:05:27+02:00;9ba9d8508d1e
2026-10-04;parking_pre_rencontre;AROMEHD;2026-10-04T17:00;4.5;12.2;7.0;18.4;0.0;;0.0;0.0;100.0;100.0;45.01;5.779999;0.0;2026-10-03T19:15:00+02:00;2026-10-03T22:05:27+02:00;9ba9d8508d1e
2026-10-04;parking_pre_rencontre;AROMEHD;2026-10-04T18:00;3.8;10.9;12.0;17.9;0.0;;0.0;0.0;100.0;100.0;45.01;5.779999;0.0;2026-10-03T19:15:00+02:00;2026-10-03T22:05:27+02:00;9ba9d8508d1e
2026-10-04;parking_pre_rencontre;AROMEHD;2026-10-04T19:00;3.3;8.9;357.0;17.2;0.0;;0.0;0.0;99.0;99.0;45.01;5.779999;0.0;2026-10-03T19:15:00+02:00;2026-10-03T22:05:27+02:00;9ba9d8508d1e
2026-10-04;parking_pre_rencontre;AROMEHD;2026-10-04T20:00;2.9;7.6;4.0;16.1;0.0;;0.0;0.0;100.0;100.0;45.01;5.779999;0.0;2026-10-03T19:15:00+02:00;2026-10-03T22:05:27+02:00;9ba9d8508d1e
2026-10-04;parking_pre_rencontre;AROMEHD;2026-10-04T21:00;1.4;6.0;45.0;15.2;0.0;;0.0;0.0;100.0;100.0;45.01;5.779999;0.0;2026-10-03T19:15:00+02:00;2026-10-03T22:05:27+02:00;9ba9d8508d1e
2026-10-04;parking_pre_rencontre;AROMEHD;2026-10-04T22:00;0.8;0.8;194.0;14.3;0.0;;0.0;0.0;100.0;100.0;45.01;5.779999;0.0;2026-10-03T19:15:00+02:00;2026-10-03T22:05:27+02:00;9ba9d8508d1e
2026-10-04;parking_pre_rencontre;AROMEHD;2026-10-04T23:00;0.2;1.7;360.0;13.3;0.0;;0.0;0.0;100.0;100.0;45.01;5.779999;0.0;2026-10-03T19:15:00+02:00;2026-10-03T22:05:27+02:00;9ba9d8508d1e
2026-10-04;parking_pre_rencontre;AROMEHD;2026-10-05T00:00;0.3;1.0;45.0;13.1;0.0;;0.0;0.0;100.0;100.0;45.01;5.779999;0.0;2026-10-03T19:15:00+02:00;2026-10-03T22:05:27+02:00;9ba9d8508d1e
2026-10-04;parking_pre_rencontre;ICONCH1;2026-10-04T01:00;2.5;3.3;212.0;13.9;0.0;61.0;0.0;60.0;2.0;61.0;45.0093;5.77124;1002.0;2026-10-03T19:15:00+02:00;2026-10-03T22:05:27+02:00;9ba9d8508d1e
2026-10-04;parking_pre_rencontre;ICONCH1;2026-10-04T02:00;3.0;5.1;212.0;13.6;0.0;100.0;0.0;100.0;100.0;100.0;45.0093;5.77124;1002.0;2026-10-03T19:15:00+02:00;2026-10-03T22:05:27+02:00;9ba9d8508d1e
2026-10-04;parking_pre_rencontre;ICONCH1;2026-10-04T03:00;3.0;4.9;212.0;13.5;0.0;82.0;0.0;82.0;1.0;82.0;45.0093;5.77124;1002.0;2026-10-03T19:15:00+02:00;2026-10-03T22:05:27+02:00;9ba9d8508d1e
2026-10-04;parking_pre_rencontre;ICONCH1;2026-10-04T04:00;2.9;5.1;208.0;13.5;0.0;78.0;0.0;77.0;5.0;78.0;45.0093;5.77124;1002.0;2026-10-03T19:15:00+02:00;2026-10-03T22:05:27+02:00;9ba9d8508d1e
2026-10-04;parking_pre_rencontre;ICONCH1;2026-10-04T05:00;2.5;5.1;203.0;13.5;0.0;80.0;0.0;80.0;27.0;80.0;45.0093;5.77124;1002.0;2026-10-03T19:15:00+02:00;2026-10-03T22:05:27+02:00;9ba9d8508d1e
2026-10-04;parking_pre_rencontre;ICONCH1;2026-10-04T06:00;2.2;4.3;195.0;13.4;0.0;83.0;0.0;68.0;43.0;83.0;45.0093;5.77124;1002.0;2026-10-03T19:15:00+02:00;2026-10-03T22:05:27+02:00;9ba9d8508d1e
2026-10-04;parking_pre_rencontre;ICONCH1;2026-10-04T07:00;2.6;4.5;222.0;13.4;0.0;94.0;0.0;71.0;73.0;94.0;45.0093;5.77124;1002.0;2026-10-03T19:15:00+02:00;2026-10-03T22:05:27+02:00;9ba9d8508d1e
2026-10-04;parking_pre_rencontre;ICONCH1;2026-10-04T08:00;2.1;3.9;221.0;13.4;0.0;100.0;0.0;36.0;100.0;100.0;45.0093;5.77124;1002.0;2026-10-03T19:15:00+02:00;2026-10-03T22:05:27+02:00;9ba9d8508d1e
2026-10-04;parking_pre_rencontre;ICONCH1;2026-10-04T09:00;1.8;2.9;198.0;13.9;0.0;89.0;0.0;24.0;78.0;89.0;45.0093;5.77124;1002.0;2026-10-03T19:15:00+02:00;2026-10-03T22:05:27+02:00;9ba9d8508d1e
2026-10-04;parking_pre_rencontre;ICONCH1;2026-10-04T10:00;2.6;5.2;171.0;15.2;0.0;100.0;0.0;12.0;100.0;100.0;45.0093;5.77124;1002.0;2026-10-03T19:15:00+02:00;2026-10-03T22:05:27+02:00;9ba9d8508d1e
2026-10-04;parking_pre_rencontre;ICONCH1;2026-10-04T11:00;2.3;5.6;149.0;16.6;0.0;100.0;0.0;31.0;100.0;100.0;45.0093;5.77124;1002.0;2026-10-03T19:15:00+02:00;2026-10-03T22:05:27+02:00;9ba9d8508d1e
2026-10-04;parking_pre_rencontre;ICONCH1;2026-10-04T12:00;1.2;4.9;129.0;17.5;0.0;100.0;0.0;0.0;100.0;100.0;45.0093;5.77124;1002.0;2026-10-03T19:15:00+02:00;2026-10-03T22:05:27+02:00;9ba9d8508d1e
2026-10-04;parking_pre_rencontre;ICONCH1;2026-10-04T13:00;3.1;6.8;35.0;18.3;0.0;100.0;0.0;0.0;100.0;100.0;45.0093;5.77124;1002.0;2026-10-03T19:15:00+02:00;2026-10-03T22:05:27+02:00;9ba9d8508d1e
2026-10-04;parking_pre_rencontre;ICONCH1;2026-10-04T14:00;6.2;12.4;13.0;18.2;0.0;0.0;0.0;0.0;0.0;0.0;45.0093;5.77124;1002.0;2026-10-03T19:15:00+02:00;2026-10-03T22:05:27+02:00;9ba9d8508d1e
2026-10-04;parking_pre_rencontre;ICONCH1;2026-10-04T15:00;7.2;14.2;13.0;18.2;0.0;9.0;0.0;0.0;9.0;9.0;45.0093;5.77124;1002.0;2026-10-03T19:15:00+02:00;2026-10-03T22:05:27+02:00;9ba9d8508d1e
2026-10-04;parking_pre_rencontre;ICONCH1;2026-10-04T16:00;7.1;14.4;9.0;18.0;0.0;71.0;42.0;40.0;18.0;71.0;45.0093;5.77124;1002.0;2026-10-03T19:15:00+02:00;2026-10-03T22:05:27+02:00;9ba9d8508d1e
2026-10-04;parking_pre_rencontre;ICONCH1;2026-10-04T17:00;5.6;13.8;2.0;17.5;0.0;91.0;77.0;85.0;1.0;91.0;45.0093;5.77124;1002.0;2026-10-03T19:15:00+02:00;2026-10-03T22:05:27+02:00;9ba9d8508d1e
2026-10-04;parking_pre_rencontre;ICONCH1;2026-10-04T18:00;5.5;11.1;6.0;17.0;0.0;70.0;39.0;54.0;0.0;70.0;45.0093;5.77124;1002.0;2026-10-03T19:15:00+02:00;2026-10-03T22:05:27+02:00;9ba9d8508d1e
2026-10-04;parking_pre_rencontre;ICONCH1;2026-10-04T19:00;4.3;10.1;355.0;16.0;0.0;92.0;63.0;49.0;54.0;92.0;45.0093;5.77124;1002.0;2026-10-03T19:15:00+02:00;2026-10-03T22:05:27+02:00;9ba9d8508d1e
2026-10-04;parking_pre_rencontre;ICONCH1;2026-10-04T20:00;4.2;7.8;349.0;15.2;0.0;99.0;52.0;60.0;93.0;99.0;45.0093;5.77124;1002.0;2026-10-03T19:15:00+02:00;2026-10-03T22:05:27+02:00;9ba9d8508d1e
2026-10-04;parking_pre_rencontre;ICONCH1;2026-10-04T21:00;3.8;7.6;345.0;14.8;0.0;100.0;24.0;54.0;100.0;100.0;45.0093;5.77124;1002.0;2026-10-03T19:15:00+02:00;2026-10-03T22:05:27+02:00;9ba9d8508d1e
2026-10-04;parking_pre_rencontre;ICONCH1;2026-10-04T22:00;3.2;7.0;335.0;14.6;0.0;90.0;38.0;14.0;77.0;90.0;45.0093;5.77124;1002.0;2026-10-03T19:15:00+02:00;2026-10-03T22:05:27+02:00;9ba9d8508d1e
2026-10-04;parking_pre_rencontre;ICONCH1;2026-10-04T23:00;2.8;5.2;192.0;13.9;0.0;100.0;2.0;0.0;100.0;100.0;45.0093;5.77124;1002.0;2026-10-03T19:15:00+02:00;2026-10-03T22:05:27+02:00;9ba9d8508d1e
2026-10-04;parking_pre_rencontre;ICONCH1;2026-10-05T00:00;1.8;3.7;186.0;13.7;0.0;100.0;0.0;0.0;100.0;100.0;45.0093;5.77124;1002.0;2026-10-03T19:15:00+02:00;2026-10-03T22:05:27+02:00;9ba9d8508d1e
2026-10-04;plage_de_sevrier;AROMEHD;2026-10-04T01:00;3.5;4.7;186.0;17.3;0.0;;0.0;15.0;99.0;99.0;45.86;6.16;0.0;2026-10-03T19:15:00+02:00;2026-10-03T22:05:27+02:00;9ba9d8508d1e
2026-10-04;plage_de_sevrier;AROMEHD;2026-10-04T02:00;3.7;4.7;162.0;16.8;0.0;;0.0;28.0;0.0;28.0;45.86;6.16;0.0;2026-10-03T19:15:00+02:00;2026-10-03T22:05:27+02:00;9ba9d8508d1e
2026-10-04;plage_de_sevrier;AROMEHD;2026-10-04T03:00;2.8;4.5;155.0;16.5;0.0;;0.0;22.0;0.0;22.0;45.86;6.16;0.0;2026-10-03T19:15:00+02:00;2026-10-03T22:05:27+02:00;9ba9d8508d1e
2026-10-04;plage_de_sevrier;AROMEHD;2026-10-04T04:00;3.3;4.5;152.0;16.3;0.0;;0.0;7.0;0.0;7.0;45.86;6.16;0.0;2026-10-03T19:15:00+02:00;2026-10-03T22:05:27+02:00;9ba9d8508d1e
2026-10-04;plage_de_sevrier;AROMEHD;2026-10-04T05:00;3.2;4.3;147.0;16.3;0.0;;0.0;58.0;1.0;58.0;45.86;6.16;0.0;2026-10-03T19:15:00+02:00;2026-10-03T22:05:27+02:00;9ba9d8508d1e
2026-10-04;plage_de_sevrier;AROMEHD;2026-10-04T06:00;2.9;4.1;143.0;15.9;0.0;;0.0;25.0;100.0;100.0;45.86;6.16;0.0;2026-10-03T19:15:00+02:00;2026-10-03T22:05:27+02:00;9ba9d8508d1e
2026-10-04;plage_de_sevrier;AROMEHD;2026-10-04T07:00;2.8;3.7;129.0;15.8;0.0;;0.0;9.0;100.0;100.0;45.86;6.16;0.0;2026-10-03T19:15:00+02:00;2026-10-03T22:05:27+02:00;9ba9d8508d1e
2026-10-04;plage_de_sevrier;AROMEHD;2026-10-04T08:00;3.2;3.9;137.0;15.8;0.0;;0.0;0.0;100.0;100.0;45.86;6.16;0.0;2026-10-03T19:15:00+02:00;2026-10-03T22:05:27+02:00;9ba9d8508d1e
2026-10-04;plage_de_sevrier;AROMEHD;2026-10-04T09:00;3.2;4.5;142.0;15.9;0.0;;0.0;0.0;100.0;100.0;45.86;6.16;0.0;2026-10-03T19:15:00+02:00;2026-10-03T22:05:27+02:00;9ba9d8508d1e
2026-10-04;plage_de_sevrier;AROMEHD;2026-10-04T10:00;0.8;4.3;180.0;16.3;0.0;;0.0;4.0;100.0;100.0;45.86;6.16;0.0;2026-10-03T19:15:00+02:00;2026-10-03T22:05:27+02:00;9ba9d8508d1e
2026-10-04;plage_de_sevrier;AROMEHD;2026-10-04T11:00;1.8;1.9;328.0;16.0;0.0;;0.0;0.0;100.0;100.0;45.86;6.16;0.0;2026-10-03T19:15:00+02:00;2026-10-03T22:05:27+02:00;9ba9d8508d1e
2026-10-04;plage_de_sevrier;AROMEHD;2026-10-04T12:00;1.2;2.1;351.0;16.5;0.0;;0.0;0.0;100.0;100.0;45.86;6.16;0.0;2026-10-03T19:15:00+02:00;2026-10-03T22:05:27+02:00;9ba9d8508d1e
2026-10-04;plage_de_sevrier;AROMEHD;2026-10-04T13:00;0.6;0.8;90.0;17.1;0.0;;0.0;0.0;100.0;100.0;45.86;6.16;0.0;2026-10-03T19:15:00+02:00;2026-10-03T22:05:27+02:00;9ba9d8508d1e
2026-10-04;plage_de_sevrier;AROMEHD;2026-10-04T14:00;0.8;0.8;194.0;17.7;0.0;;0.0;0.0;83.0;83.0;45.86;6.16;0.0;2026-10-03T19:15:00+02:00;2026-10-03T22:05:27+02:00;9ba9d8508d1e
2026-10-04;plage_de_sevrier;AROMEHD;2026-10-04T15:00;1.4;1.6;135.0;18.7;0.0;;0.0;0.0;100.0;100.0;45.86;6.16;0.0;2026-10-03T19:15:00+02:00;2026-10-03T22:05:27+02:00;9ba9d8508d1e
2026-10-04;plage_de_sevrier;AROMEHD;2026-10-04T16:00;1.6;2.1;187.0;19.3;0.0;;0.0;0.0;100.0;100.0;45.86;6.16;0.0;2026-10-03T19:15:00+02:00;2026-10-03T22:05:27+02:00;9ba9d8508d1e
2026-10-04;plage_de_sevrier;AROMEHD;2026-10-04T17:00;1.3;1.9;117.0;19.9;0.0;;0.0;0.0;100.0;100.0;45.86;6.16;0.0;2026-10-03T19:15:00+02:00;2026-10-03T22:05:27+02:00;9ba9d8508d1e
2026-10-04;plage_de_sevrier;AROMEHD;2026-10-04T18:00;1.7;2.3;207.0;20.0;0.0;;0.0;0.0;100.0;100.0;45.86;6.16;0.0;2026-10-03T19:15:00+02:00;2026-10-03T22:05:27+02:00;9ba9d8508d1e
2026-10-04;plage_de_sevrier;AROMEHD;2026-10-04T19:00;3.3;3.7;180.0;19.9;0.0;;0.0;0.0;100.0;100.0;45.86;6.16;0.0;2026-10-03T19:15:00+02:00;2026-10-03T22:05:27+02:00;9ba9d8508d1e
2026-10-04;plage_de_sevrier;AROMEHD;2026-10-04T20:00;2.3;3.7;204.0;19.1;0.0;;0.0;0.0;97.0;97.0;45.86;6.16;0.0;2026-10-03T19:15:00+02:00;2026-10-03T22:05:27+02:00;9ba9d8508d1e
2026-10-04;plage_de_sevrier;AROMEHD;2026-10-04T21:00;2.9;4.9;160.0;19.0;0.0;;0.0;0.0;100.0;100.0;45.86;6.16;0.0;2026-10-03T19:15:00+02:00;2026-10-03T22:05:27+02:00;9ba9d8508d1e
2026-10-04;plage_de_sevrier;AROMEHD;2026-10-04T22:00;2.7;3.7;150.0;18.8;0.0;;0.0;0.0;72.0;72.0;45.86;6.16;0.0;2026-10-03T19:15:00+02:00;2026-10-03T22:05:27+02:00;9ba9d8508d1e
2026-10-04;plage_de_sevrier;AROMEHD;2026-10-04T23:00;3.8;4.1;156.0;18.1;0.0;;0.0;0.0;94.0;94.0;45.86;6.16;0.0;2026-10-03T19:15:00+02:00;2026-10-03T22:05:27+02:00;9ba9d8508d1e
2026-10-04;plage_de_sevrier;AROMEHD;2026-10-05T00:00;3.7;5.2;162.0;17.6;0.0;;0.0;0.0;100.0;100.0;45.86;6.16;0.0;2026-10-03T19:15:00+02:00;2026-10-03T22:05:27+02:00;9ba9d8508d1e
2026-10-04;plage_de_sevrier;ICONCH1;2026-10-04T01:00;2.1;3.3;221.0;19.6;0.0;91.0;0.0;91.0;30.0;91.0;45.86465;6.164917;0.0;2026-10-03T19:15:00+02:00;2026-10-03T22:05:27+02:00;9ba9d8508d1e
2026-10-04;plage_de_sevrier;ICONCH1;2026-10-04T02:00;2.0;3.5;331.0;18.8;0.0;54.0;0.0;55.0;6.0;55.0;45.86465;6.164917;0.0;2026-10-03T19:15:00+02:00;2026-10-03T22:05:27+02:00;9ba9d8508d1e
2026-10-04;plage_de_sevrier;ICONCH1;2026-10-04T03:00;1.0;3.1;259.0;19.1;0.0;100.0;0.0;70.0;100.0;100.0;45.86465;6.164917;0.0;2026-10-03T19:15:00+02:00;2026-10-03T22:05:27+02:00;9ba9d8508d1e
2026-10-04;plage_de_sevrier;ICONCH1;2026-10-04T04:00;2.0;3.1;343.0;18.5;0.0;95.0;16.0;83.0;46.0;95.0;45.86465;6.164917;0.0;2026-10-03T19:15:00+02:00;2026-10-03T22:05:27+02:00;9ba9d8508d1e
2026-10-04;plage_de_sevrier;ICONCH1;2026-10-04T05:00;1.4;2.7;360.0;18.5;0.0;100.0;17.0;100.0;3.0;100.0;45.86465;6.164917;0.0;2026-10-03T19:15:00+02:00;2026-10-03T22:05:27+02:00;9ba9d8508d1e
2026-10-04;plage_de_sevrier;ICONCH1;2026-10-04T06:00;0.9;2.9;297.0;18.5;0.0;94.0;6.0;90.0;23.0;94.0;45.86465;6.164917;0.0;2026-10-03T19:15:00+02:00;2026-10-03T22:05:27+02:00;9ba9d8508d1e
2026-10-04;plage_de_sevrier;ICONCH1;2026-10-04T07:00;1.4;2.7;352.0;18.2;0.0;89.0;4.0;84.0;22.0;89.0;45.86465;6.164917;0.0;2026-10-03T19:15:00+02:00;2026-10-03T22:05:27+02:00;9ba9d8508d1e
2026-10-04;plage_de_sevrier;ICONCH1;2026-10-04T08:00;0.7;1.9;236.0;18.5;0.0;99.0;5.0;90.0;90.0;99.0;45.86465;6.164917;0.0;2026-10-03T19:15:00+02:00;2026-10-03T22:05:27+02:00;9ba9d8508d1e
2026-10-04;plage_de_sevrier;ICONCH1;2026-10-04T09:00;1.7;2.5;333.0;18.3;0.0;99.0;15.0;74.0;97.0;99.0;45.86465;6.164917;0.0;2026-10-03T19:15:00+02:00;2026-10-03T22:05:27+02:00;9ba9d8508d1e
2026-10-04;plage_de_sevrier;ICONCH1;2026-10-04T10:00;2.5;3.9;356.0;18.0;0.0;100.0;0.0;42.0;100.0;100.0;45.86465;6.164917;0.0;2026-10-03T19:15:00+02:00;2026-10-03T22:05:27+02:00;9ba9d8508d1e
2026-10-04;plage_de_sevrier;ICONCH1;2026-10-04T11:00;1.7;3.3;360.0;18.5;0.0;100.0;0.0;31.0;100.0;100.0;45.86465;6.164917;0.0;2026-10-03T19:15:00+02:00;2026-10-03T22:05:27+02:00;9ba9d8508d1e
2026-10-04;plage_de_sevrier;ICONCH1;2026-10-04T12:00;3.1;4.1;4.0;19.4;0.0;100.0;0.0;30.0;100.0;100.0;45.86465;6.164917;0.0;2026-10-03T19:15:00+02:00;2026-10-03T22:05:27+02:00;9ba9d8508d1e
2026-10-04;plage_de_sevrier;ICONCH1;2026-10-04T13:00;4.7;6.4;351.0;20.7;0.0;92.0;0.0;36.0;81.0;92.0;45.86465;6.164917;0.0;2026-10-03T19:15:00+02:00;2026-10-03T22:05:27+02:00;9ba9d8508d1e
2026-10-04;plage_de_sevrier;ICONCH1;2026-10-04T14:00;4.9;6.4;337.0;21.7;0.0;92.0;0.0;35.0;82.0;92.0;45.86465;6.164917;0.0;2026-10-03T19:15:00+02:00;2026-10-03T22:05:27+02:00;9ba9d8508d1e
2026-10-04;plage_de_sevrier;ICONCH1;2026-10-04T15:00;5.2;8.6;326.0;22.5;0.0;100.0;0.0;0.0;100.0;100.0;45.86465;6.164917;0.0;2026-10-03T19:15:00+02:00;2026-10-03T22:05:27+02:00;9ba9d8508d1e
2026-10-04;plage_de_sevrier;ICONCH1;2026-10-04T16:00;3.4;7.2;286.0;23.0;0.0;55.0;39.0;34.0;0.0;55.0;45.86465;6.164917;0.0;2026-10-03T19:15:00+02:00;2026-10-03T22:05:27+02:00;9ba9d8508d1e
2026-10-04;plage_de_sevrier;ICONCH1;2026-10-04T17:00;4.4;5.8;308.0;23.4;0.0;6.0;2.0;4.0;0.0;6.0;45.86465;6.164917;0.0;2026-10-03T19:15:00+02:00;2026-10-03T22:05:27+02:00;9ba9d8508d1e
2026-10-04;plage_de_sevrier;ICONCH1;2026-10-04T18:00;4.0;6.8;284.0;23.1;0.0;31.0;0.0;31.0;0.0;31.0;45.86465;6.164917;0.0;2026-10-03T19:15:00+02:00;2026-10-03T22:05:27+02:00;9ba9d8508d1e
2026-10-04;plage_de_sevrier;ICONCH1;2026-10-04T19:00;6.0;7.8;291.0;22.7;0.0;100.0;32.0;63.0;100.0;100.0;45.86465;6.164917;0.0;2026-10-03T19:15:00+02:00;2026-10-03T22:05:27+02:00;9ba9d8508d1e
2026-10-04;plage_de_sevrier;ICONCH1;2026-10-04T20:00;3.5;7.8;308.0;21.9;0.0;100.0;26.0;23.0;100.0;100.0;45.86465;6.164917;0.0;2026-10-03T19:15:00+02:00;2026-10-03T22:05:27+02:00;9ba9d8508d1e
2026-10-04;plage_de_sevrier;ICONCH1;2026-10-04T21:00;0.9;4.5;333.0;21.0;0.0;100.0;0.0;27.0;100.0;100.0;45.86465;6.164917;0.0;2026-10-03T19:15:00+02:00;2026-10-03T22:05:27+02:00;9ba9d8508d1e
2026-10-04;plage_de_sevrier;ICONCH1;2026-10-04T22:00;1.8;3.1;193.0;20.0;0.0;28.0;0.0;0.0;28.0;28.0;45.86465;6.164917;0.0;2026-10-03T19:15:00+02:00;2026-10-03T22:05:27+02:00;9ba9d8508d1e
2026-10-04;plage_de_sevrier;ICONCH1;2026-10-04T23:00;2.1;3.5;202.0;19.4;0.0;100.0;0.0;6.0;100.0;100.0;45.86465;6.164917;0.0;2026-10-03T19:15:00+02:00;2026-10-03T22:05:27+02:00;9ba9d8508d1e
2026-10-04;plage_de_sevrier;ICONCH1;2026-10-05T00:00;0.6;2.7;270.0;19.9;0.0;75.0;0.0;47.0;45.0;75.0;45.86465;6.164917;0.0;2026-10-03T19:15:00+02:00;2026-10-03T22:05:27+02:00;9ba9d8508d1e
2026-10-04;pont_darciat;AROMEHD;2026-10-04T01:00;1.8;3.3;198.0;16.1;0.0;;0.0;100.0;100.0;100.0;46.25;4.8099995;169.0;2026-10-03T19:15:00+02:00;2026-10-03T22:05:27+02:00;9ba9d8508d1e
2026-10-04;pont_darciat;AROMEHD;2026-10-04T02:00;1.8;1.7;174.0;16.0;0.0;;0.0;100.0;100.0;100.0;46.25;4.8099995;169.0;2026-10-03T19:15:00+02:00;2026-10-03T22:05:27+02:00;9ba9d8508d1e
2026-10-04;pont_darciat;AROMEHD;2026-10-04T03:00;1.4;2.1;360.0;15.8;0.0;;0.0;100.0;99.0;100.0;46.25;4.8099995;169.0;2026-10-03T19:15:00+02:00;2026-10-03T22:05:27+02:00;9ba9d8508d1e
2026-10-04;pont_darciat;AROMEHD;2026-10-04T04:00;0.7;1.6;146.0;15.4;0.0;;1.0;43.0;99.0;99.0;46.25;4.8099995;169.0;2026-10-03T19:15:00+02:00;2026-10-03T22:05:27+02:00;9ba9d8508d1e
2026-10-04;pont_darciat;AROMEHD;2026-10-04T05:00;1.6;2.1;173.0;14.3;0.0;;16.0;59.0;59.0;59.0;46.25;4.8099995;169.0;2026-10-03T19:15:00+02:00;2026-10-03T22:05:27+02:00;9ba9d8508d1e
2026-10-04;pont_darciat;AROMEHD;2026-10-04T06:00;0.8;1.6;284.0;13.7;0.0;;40.0;32.0;100.0;100.0;46.25;4.8099995;169.0;2026-10-03T19:15:00+02:00;2026-10-03T22:05:27+02:00;9ba9d8508d1e
2026-10-04;pont_darciat;AROMEHD;2026-10-04T07:00;0.8;1.2;135.0;13.3;0.0;;82.0;100.0;100.0;100.0;46.25;4.8099995;169.0;2026-10-03T19:15:00+02:00;2026-10-03T22:05:27+02:00;9ba9d8508d1e
2026-10-04;pont_darciat;AROMEHD;2026-10-04T08:00;1.0;1.0;53.0;13.6;0.0;;86.0;80.0;100.0;100.0;46.25;4.8099995;169.0;2026-10-03T19:15:00+02:00;2026-10-03T22:05:27+02:00;9ba9d8508d1e
2026-10-04;pont_darciat;AROMEHD;2026-10-04T09:00;0.7;1.6;146.0;14.1;0.0;;96.0;100.0;100.0;100.0;46.25;4.8099995;169.0;2026-10-03T19:15:00+02:00;2026-10-03T22:05:27+02:00;9ba9d8508d1e
2026-10-04;pont_darciat;AROMEHD;2026-10-04T10:00;0.4;0.8;63.0;15.4;0.0;;55.0;100.0;100.0;100.0;46.25;4.8099995;169.0;2026-10-03T19:15:00+02:00;2026-10-03T22:05:27+02:00;9ba9d8508d1e
2026-10-04;pont_darciat;AROMEHD;2026-10-04T11:00;1.2;3.7;39.0;17.5;0.0;;0.0;100.0;100.0;100.0;46.25;4.8099995;169.0;2026-10-03T19:15:00+02:00;2026-10-03T22:05:27+02:00;9ba9d8508d1e
2026-10-04;pont_darciat;AROMEHD;2026-10-04T12:00;0.9;3.7;27.0;19.3;0.0;;0.0;37.0;100.0;100.0;46.25;4.8099995;169.0;2026-10-03T19:15:00+02:00;2026-10-03T22:05:27+02:00;9ba9d8508d1e
2026-10-04;pont_darciat;AROMEHD;2026-10-04T13:00;0.4;0.6;180.0;20.7;0.0;;0.0;31.0;100.0;100.0;46.25;4.8099995;169.0;2026-10-03T19:15:00+02:00;2026-10-03T22:05:27+02:00;9ba9d8508d1e
2026-10-04;pont_darciat;AROMEHD;2026-10-04T14:00;0.6;1.9;360.0;21.7;0.0;;0.0;5.0;100.0;100.0;46.25;4.8099995;169.0;2026-10-03T19:15:00+02:00;2026-10-03T22:05:27+02:00;9ba9d8508d1e
2026-10-04;pont_darciat;AROMEHD;2026-10-04T15:00;0.4;1.6;333.0;22.6;0.0;;0.0;0.0;100.0;100.0;46.25;4.8099995;169.0;2026-10-03T19:15:00+02:00;2026-10-03T22:05:27+02:00;9ba9d8508d1e
2026-10-04;pont_darciat;AROMEHD;2026-10-04T16:00;1.8;5.6;72.0;23.3;0.0;;0.0;0.0;99.0;99.0;46.25;4.8099995;169.0;2026-10-03T19:15:00+02:00;2026-10-03T22:05:27+02:00;9ba9d8508d1e
2026-10-04;pont_darciat;AROMEHD;2026-10-04T17:00;3.0;6.4;50.0;23.6;0.0;;0.0;0.0;100.0;100.0;46.25;4.8099995;169.0;2026-10-03T19:15:00+02:00;2026-10-03T22:05:27+02:00;9ba9d8508d1e
2026-10-04;pont_darciat;AROMEHD;2026-10-04T18:00;3.3;7.4;69.0;23.5;0.0;;0.0;0.0;100.0;100.0;46.25;4.8099995;169.0;2026-10-03T19:15:00+02:00;2026-10-03T22:05:27+02:00;9ba9d8508d1e
2026-10-04;pont_darciat;AROMEHD;2026-10-04T19:00;1.8;5.2;77.0;22.3;0.0;;0.0;1.0;100.0;100.0;46.25;4.8099995;169.0;2026-10-03T19:15:00+02:00;2026-10-03T22:05:27+02:00;9ba9d8508d1e
2026-10-04;pont_darciat;AROMEHD;2026-10-04T20:00;0.2;1.9;270.0;20.5;0.0;;0.0;0.0;98.0;98.0;46.25;4.8099995;169.0;2026-10-03T19:15:00+02:00;2026-10-03T22:05:27+02:00;9ba9d8508d1e
2026-10-04;pont_darciat;AROMEHD;2026-10-04T21:00;1.2;1.6;342.0;19.1;0.0;;0.0;0.0;97.0;97.0;46.25;4.8099995;169.0;2026-10-03T19:15:00+02:00;2026-10-03T22:05:27+02:00;9ba9d8508d1e
2026-10-04;pont_darciat;AROMEHD;2026-10-04T22:00;2.0;2.3;349.0;17.8;0.0;;0.0;0.0;100.0;100.0;46.25;4.8099995;169.0;2026-10-03T19:15:00+02:00;2026-10-03T22:05:27+02:00;9ba9d8508d1e
2026-10-04;pont_darciat;AROMEHD;2026-10-04T23:00;2.1;3.7;360.0;17.3;0.0;;0.0;0.0;93.0;93.0;46.25;4.8099995;169.0;2026-10-03T19:15:00+02:00;2026-10-03T22:05:27+02:00;9ba9d8508d1e
2026-10-04;pont_darciat;AROMEHD;2026-10-05T00:00;1.1;2.9;329.0;16.9;0.0;;0.0;0.0;96.0;96.0;46.25;4.8099995;169.0;2026-10-03T19:15:00+02:00;2026-10-03T22:05:27+02:00;9ba9d8508d1e
2026-10-04;pont_darciat;ICONCH1;2026-10-04T01:00;0.4;1.9;207.0;17.0;0.0;100.0;12.0;88.0;100.0;100.0;46.25097;4.8050537;172.0;2026-10-03T19:15:00+02:00;2026-10-03T22:05:27+02:00;9ba9d8508d1e
2026-10-04;pont_darciat;ICONCH1;2026-10-04T02:00;1.3;1.9;207.0;16.5;0.0;100.0;14.0;91.0;100.0;100.0;46.25097;4.8050537;172.0;2026-10-03T19:15:00+02:00;2026-10-03T22:05:27+02:00;9ba9d8508d1e
2026-10-04;pont_darciat;ICONCH1;2026-10-04T03:00;2.4;3.7;189.0;16.3;0.0;100.0;41.0;74.0;100.0;100.0;46.25097;4.8050537;172.0;2026-10-03T19:15:00+02:00;2026-10-03T22:05:27+02:00;9ba9d8508d1e
2026-10-04;pont_darciat;ICONCH1;2026-10-04T04:00;2.3;4.9;180.0;16.1;0.0;97.0;62.0;81.0;51.0;97.0;46.25097;4.8050537;172.0;2026-10-03T19:15:00+02:00;2026-10-03T22:05:27+02:00;9ba9d8508d1e
2026-10-04;pont_darciat;ICONCH1;2026-10-04T05:00;1.6;4.1;173.0;15.8;0.0;100.0;73.0;88.0;100.0;100.0;46.25097;4.8050537;172.0;2026-10-03T19:15:00+02:00;2026-10-03T22:05:27+02:00;9ba9d8508d1e
2026-10-04;pont_darciat;ICONCH1;2026-10-04T06:00;1.0;2.5;323.0;15.4;0.0;100.0;99.0;58.0;100.0;100.0;46.25097;4.8050537;172.0;2026-10-03T19:15:00+02:00;2026-10-03T22:05:27+02:00;9ba9d8508d1e
2026-10-04;pont_darciat;ICONCH1;2026-10-04T07:00;1.4;3.3;196.0;15.2;0.0;100.0;93.0;65.0;100.0;100.0;46.25097;4.8050537;172.0;2026-10-03T19:15:00+02:00;2026-10-03T22:05:27+02:00;9ba9d8508d1e
2026-10-04;pont_darciat;ICONCH1;2026-10-04T08:00;3.0;5.2;207.0;14.8;0.0;100.0;100.0;32.0;96.0;100.0;46.25097;4.8050537;172.0;2026-10-03T19:15:00+02:00;2026-10-03T22:05:27+02:00;9ba9d8508d1e
2026-10-04;pont_darciat;ICONCH1;2026-10-04T09:00;0.3;4.9;315.0;15.0;0.0;100.0;100.0;34.0;28.0;100.0;46.25097;4.8050537;172.0;2026-10-03T19:15:00+02:00;2026-10-03T22:05:27+02:00;9ba9d8508d1e
2026-10-04;pont_darciat;ICONCH1;2026-10-04T10:00;1.0;2.5;53.0;16.2;0.0;100.0;84.0;31.0;100.0;100.0;46.25097;4.8050537;172.0;2026-10-03T19:15:00+02:00;2026-10-03T22:05:27+02:00;9ba9d8508d1e
2026-10-04;pont_darciat;ICONCH1;2026-10-04T11:00;1.0;2.5;101.0;18.5;0.0;94.0;12.0;79.0;73.0;94.0;46.25097;4.8050537;172.0;2026-10-03T19:15:00+02:00;2026-10-03T22:05:27+02:00;9ba9d8508d1e
2026-10-04;pont_darciat;ICONCH1;2026-10-04T12:00;1.7;3.7;153.0;20.9;0.0;100.0;0.0;75.0;100.0;100.0;46.25097;4.8050537;172.0;2026-10-03T19:15:00+02:00;2026-10-03T22:05:27+02:00;9ba9d8508d1e
2026-10-04;pont_darciat;ICONCH1;2026-10-04T13:00;1.9;4.7;180.0;22.6;0.0;96.0;26.0;86.0;47.0;96.0;46.25097;4.8050537;172.0;2026-10-03T19:15:00+02:00;2026-10-03T22:05:27+02:00;9ba9d8508d1e
2026-10-04;pont_darciat;ICONCH1;2026-10-04T14:00;1.8;4.3;186.0;23.8;0.0;94.0;5.0;91.0;26.0;94.0;46.25097;4.8050537;172.0;2026-10-03T19:15:00+02:00;2026-10-03T22:05:27+02:00;9ba9d8508d1e
2026-10-04;pont_darciat;ICONCH1;2026-10-04T15:00;0.8;4.1;194.0;24.7;0.0;77.0;0.0;75.0;10.0;77.0;46.25097;4.8050537;172.0;2026-10-03T19:15:00+02:00;2026-10-03T22:05:27+02:00;9ba9d8508d1e
2026-10-04;pont_darciat;ICONCH1;2026-10-04T16:00;1.1;2.9;59.0;25.5;0.0;69.0;3.0;66.0;0.0;69.0;46.25097;4.8050537;172.0;2026-10-03T19:15:00+02:00;2026-10-03T22:05:27+02:00;9ba9d8508d1e
2026-10-04;pont_darciat;ICONCH1;2026-10-04T17:00;2.5;5.1;67.0;25.8;0.0;43.0;0.0;39.0;14.0;43.0;46.25097;4.8050537;172.0;2026-10-03T19:15:00+02:00;2026-10-03T22:05:27+02:00;9ba9d8508d1e
2026-10-04;pont_darciat;ICONCH1;2026-10-04T18:00;2.9;5.1;94.0;25.4;0.0;51.0;0.0;44.0;20.0;51.0;46.25097;4.8050537;172.0;2026-10-03T19:15:00+02:00;2026-10-03T22:05:27+02:00;9ba9d8508d1e
2026-10-04;pont_darciat;ICONCH1;2026-10-04T19:00;3.1;5.6;86.0;24.0;0.0;56.0;0.0;33.0;29.0;56.0;46.25097;4.8050537;172.0;2026-10-03T19:15:00+02:00;2026-10-03T22:05:27+02:00;9ba9d8508d1e
2026-10-04;pont_darciat;ICONCH1;2026-10-04T20:00;3.3;5.2;73.0;21.3;0.0;59.0;0.0;45.0;27.0;59.0;46.25097;4.8050537;172.0;2026-10-03T19:15:00+02:00;2026-10-03T22:05:27+02:00;9ba9d8508d1e
2026-10-04;pont_darciat;ICONCH1;2026-10-04T21:00;2.4;4.9;331.0;20.2;0.0;61.0;0.0;60.0;8.0;61.0;46.25097;4.8050537;172.0;2026-10-03T19:15:00+02:00;2026-10-03T22:05:27+02:00;9ba9d8508d1e
2026-10-04;pont_darciat;ICONCH1;2026-10-04T22:00;2.0;4.5;331.0;17.6;0.0;71.0;16.0;16.0;48.0;71.0;46.25097;4.8050537;172.0;2026-10-03T19:15:00+02:00;2026-10-03T22:05:27+02:00;9ba9d8508d1e
2026-10-04;pont_darciat;ICONCH1;2026-10-04T23:00;2.0;3.5;343.0;17.0;0.0;100.0;0.0;5.0;100.0;100.0;46.25097;4.8050537;172.0;2026-10-03T19:15:00+02:00;2026-10-03T22:05:27+02:00;9ba9d8508d1e
2026-10-04;pont_darciat;ICONCH1;2026-10-05T00:00;2.2;3.9;350.0;16.0;0.0;62.0;0.0;0.0;62.0;62.0;46.25097;4.8050537;172.0;2026-10-03T19:15:00+02:00;2026-10-03T22:05:27+02:00;9ba9d8508d1e
2026-10-04;pont_de_chavanay;AROMEHD;2026-10-04T01:00;1.0;1.7;22.0;16.8;0.0;;0.0;100.0;99.0;100.0;45.42;4.75;141.0;2026-10-03T19:15:00+02:00;2026-10-03T22:05:27+02:00;9ba9d8508d1e
2026-10-04;pont_de_chavanay;AROMEHD;2026-10-04T02:00;1.0;1.4;360.0;16.4;0.0;;0.0;100.0;98.0;100.0;45.42;4.75;141.0;2026-10-03T19:15:00+02:00;2026-10-03T22:05:27+02:00;9ba9d8508d1e
2026-10-04;pont_de_chavanay;AROMEHD;2026-10-04T03:00;0.8;1.0;76.0;16.4;0.0;;0.0;100.0;93.0;100.0;45.42;4.75;141.0;2026-10-03T19:15:00+02:00;2026-10-03T22:05:27+02:00;9ba9d8508d1e
2026-10-04;pont_de_chavanay;AROMEHD;2026-10-04T04:00;0.5;1.4;45.0;15.9;0.0;;0.0;100.0;100.0;100.0;45.42;4.75;141.0;2026-10-03T19:15:00+02:00;2026-10-03T22:05:27+02:00;9ba9d8508d1e
2026-10-04;pont_de_chavanay;AROMEHD;2026-10-04T05:00;0.8;1.0;76.0;15.7;0.0;;0.0;100.0;99.0;100.0;45.42;4.75;141.0;2026-10-03T19:15:00+02:00;2026-10-03T22:05:27+02:00;9ba9d8508d1e
2026-10-04;pont_de_chavanay;AROMEHD;2026-10-04T06:00;1.1;1.0;45.0;15.1;0.0;;0.0;31.0;100.0;100.0;45.42;4.75;141.0;2026-10-03T19:15:00+02:00;2026-10-03T22:05:27+02:00;9ba9d8508d1e
2026-10-04;pont_de_chavanay;AROMEHD;2026-10-04T07:00;0.7;0.8;124.0;14.9;0.0;;4.0;0.0;100.0;100.0;45.42;4.75;141.0;2026-10-03T19:15:00+02:00;2026-10-03T22:05:27+02:00;9ba9d8508d1e
2026-10-04;pont_de_chavanay;AROMEHD;2026-10-04T08:00;0.8;1.2;14.0;14.8;0.0;;5.0;0.0;99.0;99.0;45.42;4.75;141.0;2026-10-03T19:15:00+02:00;2026-10-03T22:05:27+02:00;9ba9d8508d1e
2026-10-04;pont_de_chavanay;AROMEHD;2026-10-04T09:00;0.7;1.6;56.0;15.3;0.0;;1.0;3.0;96.0;96.0;45.42;4.75;141.0;2026-10-03T19:15:00+02:00;2026-10-03T22:05:27+02:00;9ba9d8508d1e
2026-10-04;pont_de_chavanay;AROMEHD;2026-10-04T10:00;1.4;3.7;98.0;17.5;0.0;;0.0;3.0;81.0;81.0;45.42;4.75;141.0;2026-10-03T19:15:00+02:00;2026-10-03T22:05:27+02:00;9ba9d8508d1e
2026-10-04;pont_de_chavanay;AROMEHD;2026-10-04T11:00;0.8;2.7;135.0;19.6;0.0;;0.0;0.0;25.0;25.0;45.42;4.75;141.0;2026-10-03T19:15:00+02:00;2026-10-03T22:05:27+02:00;9ba9d8508d1e
2026-10-04;pont_de_chavanay;AROMEHD;2026-10-04T12:00;0.7;2.3;56.0;21.3;0.0;;0.0;0.0;100.0;100.0;45.42;4.75;141.0;2026-10-03T19:15:00+02:00;2026-10-03T22:05:27+02:00;9ba9d8508d1e
2026-10-04;pont_de_chavanay;AROMEHD;2026-10-04T13:00;1.3;5.8;27.0;23.2;0.0;;0.0;0.0;85.0;85.0;45.42;4.75;141.0;2026-10-03T19:15:00+02:00;2026-10-03T22:05:27+02:00;9ba9d8508d1e
2026-10-04;pont_de_chavanay;AROMEHD;2026-10-04T14:00;1.6;7.2;90.0;24.6;0.0;;0.0;0.0;27.0;27.0;45.42;4.75;141.0;2026-10-03T19:15:00+02:00;2026-10-03T22:05:27+02:00;9ba9d8508d1e
2026-10-04;pont_de_chavanay;AROMEHD;2026-10-04T15:00;1.7;7.8;126.0;25.4;0.0;;0.0;0.0;100.0;100.0;45.42;4.75;141.0;2026-10-03T19:15:00+02:00;2026-10-03T22:05:27+02:00;9ba9d8508d1e
2026-10-04;pont_de_chavanay;AROMEHD;2026-10-04T16:00;1.4;7.2;82.0;25.8;0.0;;0.0;0.0;100.0;100.0;45.42;4.75;141.0;2026-10-03T19:15:00+02:00;2026-10-03T22:05:27+02:00;9ba9d8508d1e
2026-10-04;pont_de_chavanay;AROMEHD;2026-10-04T17:00;2.6;7.4;77.0;26.0;0.0;;0.0;0.0;100.0;100.0;45.42;4.75;141.0;2026-10-03T19:15:00+02:00;2026-10-03T22:05:27+02:00;9ba9d8508d1e
2026-10-04;pont_de_chavanay;AROMEHD;2026-10-04T18:00;2.4;7.2;76.0;25.6;0.0;;0.0;0.0;100.0;100.0;45.42;4.75;141.0;2026-10-03T19:15:00+02:00;2026-10-03T22:05:27+02:00;9ba9d8508d1e
2026-10-04;pont_de_chavanay;AROMEHD;2026-10-04T19:00;4.2;8.0;11.0;24.3;0.0;;0.0;0.0;100.0;100.0;45.42;4.75;141.0;2026-10-03T19:15:00+02:00;2026-10-03T22:05:27+02:00;9ba9d8508d1e
2026-10-04;pont_de_chavanay;AROMEHD;2026-10-04T20:00;3.3;6.6;343.0;22.7;0.0;;0.0;0.0;99.0;99.0;45.42;4.75;141.0;2026-10-03T19:15:00+02:00;2026-10-03T22:05:27+02:00;9ba9d8508d1e
2026-10-04;pont_de_chavanay;AROMEHD;2026-10-04T21:00;2.7;4.9;300.0;21.4;0.0;;0.0;1.0;100.0;100.0;45.42;4.75;141.0;2026-10-03T19:15:00+02:00;2026-10-03T22:05:27+02:00;9ba9d8508d1e
2026-10-04;pont_de_chavanay;AROMEHD;2026-10-04T22:00;2.1;3.9;304.0;20.4;0.0;;0.0;1.0;100.0;100.0;45.42;4.75;141.0;2026-10-03T19:15:00+02:00;2026-10-03T22:05:27+02:00;9ba9d8508d1e
2026-10-04;pont_de_chavanay;AROMEHD;2026-10-04T23:00;1.6;2.7;330.0;19.8;0.0;;0.0;0.0;100.0;100.0;45.42;4.75;141.0;2026-10-03T19:15:00+02:00;2026-10-03T22:05:27+02:00;9ba9d8508d1e
2026-10-04;pont_de_chavanay;AROMEHD;2026-10-05T00:00;1.4;2.1;360.0;19.0;0.0;;0.0;0.0;100.0;100.0;45.42;4.75;141.0;2026-10-03T19:15:00+02:00;2026-10-03T22:05:27+02:00;9ba9d8508d1e
2026-10-04;pont_de_chavanay;ICONCH1;2026-10-04T01:00;4.1;6.0;273.0;16.3;0.0;100.0;0.0;37.0;100.0;100.0;45.416153;4.741211;147.0;2026-10-03T19:15:00+02:00;2026-10-03T22:05:27+02:00;9ba9d8508d1e
2026-10-04;pont_de_chavanay;ICONCH1;2026-10-04T02:00;3.1;6.4;277.0;16.3;0.0;100.0;0.0;86.0;100.0;100.0;45.416153;4.741211;147.0;2026-10-03T19:15:00+02:00;2026-10-03T22:05:27+02:00;9ba9d8508d1e
2026-10-04;pont_de_chavanay;ICONCH1;2026-10-04T03:00;1.0;4.5;270.0;16.7;0.0;97.0;0.0;97.0;9.0;97.0;45.416153;4.741211;147.0;2026-10-03T19:15:00+02:00;2026-10-03T22:05:27+02:00;9ba9d8508d1e
2026-10-04;pont_de_chavanay;ICONCH1;2026-10-04T04:00;0.2;1.2;90.0;16.2;0.0;78.0;0.0;72.0;20.0;78.0;45.416153;4.741211;147.0;2026-10-03T19:15:00+02:00;2026-10-03T22:05:27+02:00;9ba9d8508d1e
2026-10-04;pont_de_chavanay;ICONCH1;2026-10-04T05:00;1.0;1.4;270.0;16.3;0.0;97.0;0.0;67.0;87.0;97.0;45.416153;4.741211;147.0;2026-10-03T19:15:00+02:00;2026-10-03T22:05:27+02:00;9ba9d8508d1e
2026-10-04;pont_de_chavanay;ICONCH1;2026-10-04T06:00;1.2;2.1;261.0;16.1;0.0;100.0;0.0;98.0;100.0;100.0;45.416153;4.741211;147.0;2026-10-03T19:15:00+02:00;2026-10-03T22:05:27+02:00;9ba9d8508d1e
2026-10-04;pont_de_chavanay;ICONCH1;2026-10-04T07:00;1.0;2.1;259.0;16.0;0.0;100.0;0.0;88.0;99.0;100.0;45.416153;4.741211;147.0;2026-10-03T19:15:00+02:00;2026-10-03T22:05:27+02:00;9ba9d8508d1e
2026-10-04;pont_de_chavanay;ICONCH1;2026-10-04T08:00;1.4;2.1;278.0;15.9;0.0;99.0;0.0;73.0;96.0;99.0;45.416153;4.741211;147.0;2026-10-03T19:15:00+02:00;2026-10-03T22:05:27+02:00;9ba9d8508d1e
2026-10-04;pont_de_chavanay;ICONCH1;2026-10-04T09:00;0.4;1.9;117.0;16.1;0.0;100.0;0.0;85.0;100.0;100.0;45.416153;4.741211;147.0;2026-10-03T19:15:00+02:00;2026-10-03T22:05:27+02:00;9ba9d8508d1e
2026-10-04;pont_de_chavanay;ICONCH1;2026-10-04T10:00;0.6;1.6;108.0;16.7;0.0;100.0;0.0;66.0;100.0;100.0;45.416153;4.741211;147.0;2026-10-03T19:15:00+02:00;2026-10-03T22:05:27+02:00;9ba9d8508d1e
2026-10-04;pont_de_chavanay;ICONCH1;2026-10-04T11:00;0.6;1.6;72.0;18.2;0.0;100.0;0.0;68.0;100.0;100.0;45.416153;4.741211;147.0;2026-10-03T19:15:00+02:00;2026-10-03T22:05:27+02:00;9ba9d8508d1e
2026-10-04;pont_de_chavanay;ICONCH1;2026-10-04T12:00;1.2;2.7;72.0;20.4;0.0;100.0;0.0;41.0;100.0;100.0;45.416153;4.741211;147.0;2026-10-03T19:15:00+02:00;2026-10-03T22:05:27+02:00;9ba9d8508d1e
2026-10-04;pont_de_chavanay;ICONCH1;2026-10-04T13:00;1.2;2.9;99.0;22.5;0.0;32.0;0.0;32.0;1.0;32.0;45.416153;4.741211;147.0;2026-10-03T19:15:00+02:00;2026-10-03T22:05:27+02:00;9ba9d8508d1e
2026-10-04;pont_de_chavanay;ICONCH1;2026-10-04T14:00;2.6;4.9;132.0;24.1;0.0;47.0;0.0;45.0;10.0;47.0;45.416153;4.741211;147.0;2026-10-03T19:15:00+02:00;2026-10-03T22:05:27+02:00;9ba9d8508d1e
2026-10-04;pont_de_chavanay;ICONCH1;2026-10-04T15:00;4.1;6.4;131.0;25.1;0.0;35.0;0.0;35.0;0.0;35.0;45.416153;4.741211;147.0;2026-10-03T19:15:00+02:00;2026-10-03T22:05:27+02:00;9ba9d8508d1e
2026-10-04;pont_de_chavanay;ICONCH1;2026-10-04T16:00;4.7;7.4;138.0;25.6;0.0;89.0;0.0;36.0;74.0;89.0;45.416153;4.741211;147.0;2026-10-03T19:15:00+02:00;2026-10-03T22:05:27+02:00;9ba9d8508d1e
2026-10-04;pont_de_chavanay;ICONCH1;2026-10-04T17:00;4.0;7.8;151.0;25.3;0.0;100.0;0.0;14.0;100.0;100.0;45.416153;4.741211;147.0;2026-10-03T19:15:00+02:00;2026-10-03T22:05:27+02:00;9ba9d8508d1e
2026-10-04;pont_de_chavanay;ICONCH1;2026-10-04T18:00;3.3;6.2;163.0;24.9;0.0;100.0;0.0;25.0;100.0;100.0;45.416153;4.741211;147.0;2026-10-03T19:15:00+02:00;2026-10-03T22:05:27+02:00;9ba9d8508d1e
2026-10-04;pont_de_chavanay;ICONCH1;2026-10-04T19:00;5.9;8.7;276.0;22.0;0.0;66.0;0.0;11.0;57.0;66.0;45.416153;4.741211;147.0;2026-10-03T19:15:00+02:00;2026-10-03T22:05:27+02:00;9ba9d8508d1e
2026-10-04;pont_de_chavanay;ICONCH1;2026-10-04T20:00;5.9;10.1;279.0;19.9;0.0;88.0;0.0;78.0;57.0;88.0;45.416153;4.741211;147.0;2026-10-03T19:15:00+02:00;2026-10-03T22:05:27+02:00;9ba9d8508d1e
2026-10-04;pont_de_chavanay;ICONCH1;2026-10-04T21:00;5.5;8.7;276.0;19.5;0.0;99.0;0.0;57.0;98.0;99.0;45.416153;4.741211;147.0;2026-10-03T19:15:00+02:00;2026-10-03T22:05:27+02:00;9ba9d8508d1e
2026-10-04;pont_de_chavanay;ICONCH1;2026-10-04T22:00;4.7;8.2;279.0;18.5;0.0;100.0;0.0;3.0;100.0;100.0;45.416153;4.741211;147.0;2026-10-03T19:15:00+02:00;2026-10-03T22:05:27+02:00;9ba9d8508d1e
2026-10-04;pont_de_chavanay;ICONCH1;2026-10-04T23:00;4.4;7.4;285.0;18.1;0.0;100.0;0.0;0.0;100.0;100.0;45.416153;4.741211;147.0;2026-10-03T19:15:00+02:00;2026-10-03T22:05:27+02:00;9ba9d8508d1e
2026-10-04;pont_de_chavanay;ICONCH1;2026-10-05T00:00;3.7;6.6;279.0;17.6;0.0;100.0;0.0;0.0;100.0;100.0;45.416153;4.741211;147.0;2026-10-03T19:15:00+02:00;2026-10-03T22:05:27+02:00;9ba9d8508d1e
2026-10-04;portes_les_valence;AROMEHD;2026-10-04T01:00;0.0;0.6;270.0;16.3;0.0;;0.0;3.0;100.0;100.0;44.87;4.8599987;101.0;2026-10-03T19:15:00+02:00;2026-10-03T22:05:27+02:00;9ba9d8508d1e
2026-10-04;portes_les_valence;AROMEHD;2026-10-04T02:00;1.0;1.0;37.0;15.9;0.0;;0.0;3.0;100.0;100.0;44.87;4.8599987;101.0;2026-10-03T19:15:00+02:00;2026-10-03T22:05:27+02:00;9ba9d8508d1e
2026-10-04;portes_les_valence;AROMEHD;2026-10-04T03:00;0.6;0.6;180.0;15.4;0.0;;0.0;6.0;96.0;96.0;44.87;4.8599987;101.0;2026-10-03T19:15:00+02:00;2026-10-03T22:05:27+02:00;9ba9d8508d1e
2026-10-04;portes_les_valence;AROMEHD;2026-10-04T04:00;0.2;1.6;270.0;15.4;0.0;;0.0;8.0;100.0;100.0;44.87;4.8599987;101.0;2026-10-03T19:15:00+02:00;2026-10-03T22:05:27+02:00;9ba9d8508d1e
2026-10-04;portes_les_valence;AROMEHD;2026-10-04T05:00;0.5;0.6;225.0;14.8;0.0;;0.0;0.0;100.0;100.0;44.87;4.8599987;101.0;2026-10-03T19:15:00+02:00;2026-10-03T22:05:27+02:00;9ba9d8508d1e
2026-10-04;portes_les_valence;AROMEHD;2026-10-04T06:00;1.2;1.2;39.0;14.3;0.0;;3.0;41.0;100.0;100.0;44.87;4.8599987;101.0;2026-10-03T19:15:00+02:00;2026-10-03T22:05:27+02:00;9ba9d8508d1e
2026-10-04;portes_les_valence;AROMEHD;2026-10-04T07:00;0.8;0.8;194.0;13.8;0.0;;6.0;87.0;100.0;100.0;44.87;4.8599987;101.0;2026-10-03T19:15:00+02:00;2026-10-03T22:05:27+02:00;9ba9d8508d1e
2026-10-04;portes_les_valence;AROMEHD;2026-10-04T08:00;0.2;0.8;180.0;13.6;0.0;;6.0;63.0;100.0;100.0;44.87;4.8599987;101.0;2026-10-03T19:15:00+02:00;2026-10-03T22:05:27+02:00;9ba9d8508d1e
2026-10-04;portes_les_valence;AROMEHD;2026-10-04T09:00;0.8;0.6;76.0;15.1;0.0;;1.0;4.0;100.0;100.0;44.87;4.8599987;101.0;2026-10-03T19:15:00+02:00;2026-10-03T22:05:27+02:00;9ba9d8508d1e
2026-10-04;portes_les_valence;AROMEHD;2026-10-04T10:00;0.8;3.1;76.0;17.4;0.0;;0.0;0.0;100.0;100.0;44.87;4.8599987;101.0;2026-10-03T19:15:00+02:00;2026-10-03T22:05:27+02:00;9ba9d8508d1e
2026-10-04;portes_les_valence;AROMEHD;2026-10-04T11:00;2.6;7.0;27.0;20.3;0.0;;0.0;0.0;100.0;100.0;44.87;4.8599987;101.0;2026-10-03T19:15:00+02:00;2026-10-03T22:05:27+02:00;9ba9d8508d1e
2026-10-04;portes_les_valence;AROMEHD;2026-10-04T12:00;3.0;7.8;23.0;22.4;0.0;;0.0;0.0;100.0;100.0;44.87;4.8599987;101.0;2026-10-03T19:15:00+02:00;2026-10-03T22:05:27+02:00;9ba9d8508d1e
2026-10-04;portes_les_valence;AROMEHD;2026-10-04T13:00;0.5;7.6;45.0;24.0;0.0;;0.0;0.0;100.0;100.0;44.87;4.8599987;101.0;2026-10-03T19:15:00+02:00;2026-10-03T22:05:27+02:00;9ba9d8508d1e
2026-10-04;portes_les_valence;AROMEHD;2026-10-04T14:00;1.4;1.6;172.0;25.4;0.0;;0.0;0.0;100.0;100.0;44.87;4.8599987;101.0;2026-10-03T19:15:00+02:00;2026-10-03T22:05:27+02:00;9ba9d8508d1e
2026-10-04;portes_les_valence;AROMEHD;2026-10-04T15:00;2.6;7.0;189.0;26.1;0.0;;0.0;0.0;100.0;100.0;44.87;4.8599987;101.0;2026-10-03T19:15:00+02:00;2026-10-03T22:05:27+02:00;9ba9d8508d1e
2026-10-04;portes_les_valence;AROMEHD;2026-10-04T16:00;2.4;8.0;215.0;26.4;0.0;;0.0;0.0;100.0;100.0;44.87;4.8599987;101.0;2026-10-03T19:15:00+02:00;2026-10-03T22:05:27+02:00;9ba9d8508d1e
2026-10-04;portes_les_valence;AROMEHD;2026-10-04T17:00;2.5;6.2;288.0;26.7;0.0;;0.0;0.0;100.0;100.0;44.87;4.8599987;101.0;2026-10-03T19:15:00+02:00;2026-10-03T22:05:27+02:00;9ba9d8508d1e
2026-10-04;portes_les_valence;AROMEHD;2026-10-04T18:00;2.9;7.8;298.0;26.4;0.0;;0.0;0.0;100.0;100.0;44.87;4.8599987;101.0;2026-10-03T19:15:00+02:00;2026-10-03T22:05:27+02:00;9ba9d8508d1e
2026-10-04;portes_les_valence;AROMEHD;2026-10-04T19:00;4.4;6.8;315.0;25.3;0.0;;0.0;0.0;100.0;100.0;44.87;4.8599987;101.0;2026-10-03T19:15:00+02:00;2026-10-03T22:05:27+02:00;9ba9d8508d1e
2026-10-04;portes_les_valence;AROMEHD;2026-10-04T20:00;4.6;7.0;345.0;23.5;0.0;;0.0;0.0;100.0;100.0;44.87;4.8599987;101.0;2026-10-03T19:15:00+02:00;2026-10-03T22:05:27+02:00;9ba9d8508d1e
2026-10-04;portes_les_valence;AROMEHD;2026-10-04T21:00;4.0;6.6;325.0;22.2;0.0;;0.0;0.0;100.0;100.0;44.87;4.8599987;101.0;2026-10-03T19:15:00+02:00;2026-10-03T22:05:27+02:00;9ba9d8508d1e
2026-10-04;portes_les_valence;AROMEHD;2026-10-04T22:00;3.7;6.0;328.0;21.2;0.0;;0.0;0.0;100.0;100.0;44.87;4.8599987;101.0;2026-10-03T19:15:00+02:00;2026-10-03T22:05:27+02:00;9ba9d8508d1e
2026-10-04;portes_les_valence;AROMEHD;2026-10-04T23:00;2.6;3.9;153.0;19.2;0.0;;0.0;0.0;100.0;100.0;44.87;4.8599987;101.0;2026-10-03T19:15:00+02:00;2026-10-03T22:05:27+02:00;9ba9d8508d1e
2026-10-04;portes_les_valence;AROMEHD;2026-10-05T00:00;0.9;4.3;243.0;18.4;0.0;;0.0;44.0;99.0;99.0;44.87;4.8599987;101.0;2026-10-03T19:15:00+02:00;2026-10-03T22:05:27+02:00;9ba9d8508d1e
2026-10-04;portes_les_valence;ICONCH1;2026-10-04T01:00;1.9;2.9;336.0;16.2;0.0;100.0;0.0;76.0;100.0;100.0;44.870667;4.8635864;103.0;2026-10-03T19:15:00+02:00;2026-10-03T22:05:27+02:00;9ba9d8508d1e
2026-10-04;portes_les_valence;ICONCH1;2026-10-04T02:00;1.7;3.3;333.0;15.7;0.0;100.0;0.0;68.0;100.0;100.0;44.870667;4.8635864;103.0;2026-10-03T19:15:00+02:00;2026-10-03T22:05:27+02:00;9ba9d8508d1e
2026-10-04;portes_les_valence;ICONCH1;2026-10-04T03:00;0.5;2.7;315.0;15.5;0.0;100.0;0.0;82.0;100.0;100.0;44.870667;4.8635864;103.0;2026-10-03T19:15:00+02:00;2026-10-03T22:05:27+02:00;9ba9d8508d1e
2026-10-04;portes_les_valence;ICONCH1;2026-10-04T04:00;1.0;1.2;360.0;15.4;0.0;100.0;0.0;75.0;100.0;100.0;44.870667;4.8635864;103.0;2026-10-03T19:15:00+02:00;2026-10-03T22:05:27+02:00;9ba9d8508d1e
2026-10-04;portes_les_valence;ICONCH1;2026-10-04T05:00;1.4;1.9;8.0;15.7;0.0;84.0;0.0;81.0;15.0;84.0;44.870667;4.8635864;103.0;2026-10-03T19:15:00+02:00;2026-10-03T22:05:27+02:00;9ba9d8508d1e
2026-10-04;portes_les_valence;ICONCH1;2026-10-04T06:00;1.6;2.3;360.0;15.4;0.0;92.0;0.0;88.0;73.0;92.0;44.870667;4.8635864;103.0;2026-10-03T19:15:00+02:00;2026-10-03T22:05:27+02:00;9ba9d8508d1e
2026-10-04;portes_les_valence;ICONCH1;2026-10-04T07:00;2.1;3.1;360.0;15.5;0.0;100.0;0.0;71.0;100.0;100.0;44.870667;4.8635864;103.0;2026-10-03T19:15:00+02:00;2026-10-03T22:05:27+02:00;9ba9d8508d1e
2026-10-04;portes_les_valence;ICONCH1;2026-10-04T08:00;2.3;3.5;355.0;15.8;0.0;96.0;82.0;76.0;47.0;96.0;44.870667;4.8635864;103.0;2026-10-03T19:15:00+02:00;2026-10-03T22:05:27+02:00;9ba9d8508d1e
2026-10-04;portes_les_valence;ICONCH1;2026-10-04T09:00;2.2;3.9;10.0;16.6;0.0;97.0;80.0;75.0;58.0;97.0;44.870667;4.8635864;103.0;2026-10-03T19:15:00+02:00;2026-10-03T22:05:27+02:00;9ba9d8508d1e
2026-10-04;portes_les_valence;ICONCH1;2026-10-04T10:00;1.7;3.7;21.0;17.4;0.0;100.0;9.0;60.0;100.0;100.0;44.870667;4.8635864;103.0;2026-10-03T19:15:00+02:00;2026-10-03T22:05:27+02:00;9ba9d8508d1e
2026-10-04;portes_les_valence;ICONCH1;2026-10-04T11:00;1.4;3.1;45.0;19.1;0.0;88.0;0.0;46.0;66.0;88.0;44.870667;4.8635864;103.0;2026-10-03T19:15:00+02:00;2026-10-03T22:05:27+02:00;9ba9d8508d1e
2026-10-04;portes_les_valence;ICONCH1;2026-10-04T12:00;1.3;3.1;27.0;20.7;0.0;100.0;0.0;28.0;100.0;100.0;44.870667;4.8635864;103.0;2026-10-03T19:15:00+02:00;2026-10-03T22:05:27+02:00;9ba9d8508d1e
2026-10-04;portes_les_valence;ICONCH1;2026-10-04T13:00;1.9;3.9;24.0;22.3;0.0;100.0;0.0;5.0;100.0;100.0;44.870667;4.8635864;103.0;2026-10-03T19:15:00+02:00;2026-10-03T22:05:27+02:00;9ba9d8508d1e
2026-10-04;portes_les_valence;ICONCH1;2026-10-04T14:00;2.3;4.9;31.0;23.9;0.0;3.0;0.0;0.0;3.0;3.0;44.870667;4.8635864;103.0;2026-10-03T19:15:00+02:00;2026-10-03T22:05:27+02:00;9ba9d8508d1e
2026-10-04;portes_les_valence;ICONCH1;2026-10-04T15:00;0.0;4.3;270.0;24.9;0.0;100.0;0.0;0.0;100.0;100.0;44.870667;4.8635864;103.0;2026-10-03T19:15:00+02:00;2026-10-03T22:05:27+02:00;9ba9d8508d1e
2026-10-04;portes_les_valence;ICONCH1;2026-10-04T16:00;0.4;1.2;117.0;25.1;0.0;9.0;0.0;0.0;9.0;9.0;44.870667;4.8635864;103.0;2026-10-03T19:15:00+02:00;2026-10-03T22:05:27+02:00;9ba9d8508d1e
2026-10-04;portes_les_valence;ICONCH1;2026-10-04T17:00;2.7;4.7;184.0;25.6;0.0;17.0;0.0;17.0;0.0;17.0;44.870667;4.8635864;103.0;2026-10-03T19:15:00+02:00;2026-10-03T22:05:27+02:00;9ba9d8508d1e
2026-10-04;portes_les_valence;ICONCH1;2026-10-04T18:00;1.4;5.2;254.0;24.5;0.0;55.0;0.0;0.0;55.0;55.0;44.870667;4.8635864;103.0;2026-10-03T19:15:00+02:00;2026-10-03T22:05:27+02:00;9ba9d8508d1e
2026-10-04;portes_les_valence;ICONCH1;2026-10-04T19:00;2.8;4.5;326.0;22.4;0.0;100.0;0.0;0.0;100.0;100.0;44.870667;4.8635864;103.0;2026-10-03T19:15:00+02:00;2026-10-03T22:05:27+02:00;9ba9d8508d1e
2026-10-04;portes_les_valence;ICONCH1;2026-10-04T20:00;4.3;6.6;317.0;19.6;0.0;100.0;0.0;8.0;100.0;100.0;44.870667;4.8635864;103.0;2026-10-03T19:15:00+02:00;2026-10-03T22:05:27+02:00;9ba9d8508d1e
2026-10-04;portes_les_valence;ICONCH1;2026-10-04T21:00;4.7;7.8;330.0;19.5;0.0;100.0;10.0;5.0;100.0;100.0;44.870667;4.8635864;103.0;2026-10-03T19:15:00+02:00;2026-10-03T22:05:27+02:00;9ba9d8508d1e
2026-10-04;portes_les_valence;ICONCH1;2026-10-04T22:00;2.2;7.4;322.0;17.5;0.0;100.0;0.0;0.0;100.0;100.0;44.870667;4.8635864;103.0;2026-10-03T19:15:00+02:00;2026-10-03T22:05:27+02:00;9ba9d8508d1e
2026-10-04;portes_les_valence;ICONCH1;2026-10-04T23:00;0.8;3.3;284.0;17.2;0.0;100.0;0.0;0.0;100.0;100.0;44.870667;4.8635864;103.0;2026-10-03T19:15:00+02:00;2026-10-03T22:05:27+02:00;9ba9d8508d1e
2026-10-04;portes_les_valence;ICONCH1;2026-10-05T00:00;0.6;1.2;162.0;17.1;0.0;100.0;0.0;0.0;100.0;100.0;44.870667;4.8635864;103.0;2026-10-03T19:15:00+02:00;2026-10-03T22:05:27+02:00;9ba9d8508d1e
2026-10-04;roche_de_glun;AROMEHD;2026-10-04T01:00;0.4;1.0;180.0;16.1;0.0;;1.0;56.0;100.0;100.0;45.03;4.84;116.0;2026-10-03T19:15:00+02:00;2026-10-03T22:05:27+02:00;9ba9d8508d1e
2026-10-04;roche_de_glun;AROMEHD;2026-10-04T02:00;1.5;1.6;157.0;15.8;0.0;;0.0;15.0;100.0;100.0;45.03;4.84;116.0;2026-10-03T19:15:00+02:00;2026-10-03T22:05:27+02:00;9ba9d8508d1e
2026-10-04;roche_de_glun;AROMEHD;2026-10-04T03:00;1.6;1.7;194.0;15.4;0.0;;1.0;6.0;100.0;100.0;45.03;4.84;116.0;2026-10-03T19:15:00+02:00;2026-10-03T22:05:27+02:00;9ba9d8508d1e
2026-10-04;roche_de_glun;AROMEHD;2026-10-04T04:00;0.5;1.7;135.0;15.0;0.0;;2.0;55.0;65.0;65.0;45.03;4.84;116.0;2026-10-03T19:15:00+02:00;2026-10-03T22:05:27+02:00;9ba9d8508d1e
2026-10-04;roche_de_glun;AROMEHD;2026-10-04T05:00;0.9;1.2;297.0;14.5;0.0;;8.0;51.0;100.0;100.0;45.03;4.84;116.0;2026-10-03T19:15:00+02:00;2026-10-03T22:05:27+02:00;9ba9d8508d1e
2026-10-04;roche_de_glun;AROMEHD;2026-10-04T06:00;0.6;0.4;252.0;14.0;0.0;;43.0;11.0;100.0;100.0;45.03;4.84;116.0;2026-10-03T19:15:00+02:00;2026-10-03T22:05:27+02:00;9ba9d8508d1e
2026-10-04;roche_de_glun;AROMEHD;2026-10-04T07:00;0.8;0.8;225.0;13.9;0.0;;23.0;21.0;100.0;100.0;45.03;4.84;116.0;2026-10-03T19:15:00+02:00;2026-10-03T22:05:27+02:00;9ba9d8508d1e
2026-10-04;roche_de_glun;AROMEHD;2026-10-04T08:00;0.2;0.8;360.0;13.5;0.0;;56.0;86.0;100.0;100.0;45.03;4.84;116.0;2026-10-03T19:15:00+02:00;2026-10-03T22:05:27+02:00;9ba9d8508d1e
2026-10-04;roche_de_glun;AROMEHD;2026-10-04T09:00;0.4;1.0;63.0;14.5;0.0;;19.0;8.0;100.0;100.0;45.03;4.84;116.0;2026-10-03T19:15:00+02:00;2026-10-03T22:05:27+02:00;9ba9d8508d1e
2026-10-04;roche_de_glun;AROMEHD;2026-10-04T10:00;0.7;2.9;56.0;17.0;0.0;;0.0;0.0;100.0;100.0;45.03;4.84;116.0;2026-10-03T19:15:00+02:00;2026-10-03T22:05:27+02:00;9ba9d8508d1e
2026-10-04;roche_de_glun;AROMEHD;2026-10-04T11:00;1.0;4.5;68.0;19.7;0.0;;0.0;0.0;100.0;100.0;45.03;4.84;116.0;2026-10-03T19:15:00+02:00;2026-10-03T22:05:27+02:00;9ba9d8508d1e
2026-10-04;roche_de_glun;AROMEHD;2026-10-04T12:00;1.4;5.8;56.0;22.5;0.0;;0.0;0.0;95.0;95.0;45.03;4.84;116.0;2026-10-03T19:15:00+02:00;2026-10-03T22:05:27+02:00;9ba9d8508d1e
2026-10-04;roche_de_glun;AROMEHD;2026-10-04T13:00;0.9;5.4;117.0;24.5;0.0;;0.0;0.0;99.0;99.0;45.03;4.84;116.0;2026-10-03T19:15:00+02:00;2026-10-03T22:05:27+02:00;9ba9d8508d1e
2026-10-04;roche_de_glun;AROMEHD;2026-10-04T14:00;1.4;7.2;106.0;26.2;0.0;;0.0;0.0;100.0;100.0;45.03;4.84;116.0;2026-10-03T19:15:00+02:00;2026-10-03T22:05:27+02:00;9ba9d8508d1e
2026-10-04;roche_de_glun;AROMEHD;2026-10-04T15:00;2.1;8.0;139.0;26.9;0.0;;0.0;0.0;100.0;100.0;45.03;4.84;116.0;2026-10-03T19:15:00+02:00;2026-10-03T22:05:27+02:00;9ba9d8508d1e
2026-10-04;roche_de_glun;AROMEHD;2026-10-04T16:00;2.3;8.0;160.0;26.7;0.0;;0.0;0.0;100.0;100.0;45.03;4.84;116.0;2026-10-03T19:15:00+02:00;2026-10-03T22:05:27+02:00;9ba9d8508d1e
2026-10-04;roche_de_glun;AROMEHD;2026-10-04T17:00;2.9;4.7;270.0;26.4;0.0;;0.0;0.0;100.0;100.0;45.03;4.84;116.0;2026-10-03T19:15:00+02:00;2026-10-03T22:05:27+02:00;9ba9d8508d1e
2026-10-04;roche_de_glun;AROMEHD;2026-10-04T18:00;2.0;6.6;276.0;26.1;0.0;;0.0;0.0;99.0;99.0;45.03;4.84;116.0;2026-10-03T19:15:00+02:00;2026-10-03T22:05:27+02:00;9ba9d8508d1e
2026-10-04;roche_de_glun;AROMEHD;2026-10-04T19:00;1.9;4.1;315.0;24.5;0.0;;0.0;0.0;92.0;92.0;45.03;4.84;116.0;2026-10-03T19:15:00+02:00;2026-10-03T22:05:27+02:00;9ba9d8508d1e
2026-10-04;roche_de_glun;AROMEHD;2026-10-04T20:00;2.1;3.1;270.0;21.9;0.0;;0.0;0.0;100.0;100.0;45.03;4.84;116.0;2026-10-03T19:15:00+02:00;2026-10-03T22:05:27+02:00;9ba9d8508d1e
2026-10-04;roche_de_glun;AROMEHD;2026-10-04T21:00;2.1;3.5;265.0;20.0;0.0;;0.0;0.0;89.0;89.0;45.03;4.84;116.0;2026-10-03T19:15:00+02:00;2026-10-03T22:05:27+02:00;9ba9d8508d1e
2026-10-04;roche_de_glun;AROMEHD;2026-10-04T22:00;1.9;3.5;270.0;19.2;0.0;;0.0;0.0;90.0;90.0;45.03;4.84;116.0;2026-10-03T19:15:00+02:00;2026-10-03T22:05:27+02:00;9ba9d8508d1e
2026-10-04;roche_de_glun;AROMEHD;2026-10-04T23:00;1.9;3.7;307.0;19.0;0.0;;0.0;0.0;99.0;99.0;45.03;4.84;116.0;2026-10-03T19:15:00+02:00;2026-10-03T22:05:27+02:00;9ba9d8508d1e
2026-10-04;roche_de_glun;AROMEHD;2026-10-05T00:00;0.7;3.7;56.0;18.2;0.0;;0.0;0.0;100.0;100.0;45.03;4.84;116.0;2026-10-03T19:15:00+02:00;2026-10-03T22:05:27+02:00;9ba9d8508d1e
2026-10-04;roche_de_glun;ICONCH1;2026-10-04T01:00;1.1;1.6;45.0;15.7;0.0;78.0;11.0;59.0;40.0;78.0;45.020344;4.8496704;118.0;2026-10-03T19:15:00+02:00;2026-10-03T22:05:27+02:00;9ba9d8508d1e
2026-10-04;roche_de_glun;ICONCH1;2026-10-04T02:00;1.3;1.7;63.0;15.4;0.0;100.0;14.0;69.0;100.0;100.0;45.020344;4.8496704;118.0;2026-10-03T19:15:00+02:00;2026-10-03T22:05:27+02:00;9ba9d8508d1e
2026-10-04;roche_de_glun;ICONCH1;2026-10-04T03:00;1.6;2.7;97.0;15.2;0.0;98.0;6.0;68.0;92.0;98.0;45.020344;4.8496704;118.0;2026-10-03T19:15:00+02:00;2026-10-03T22:05:27+02:00;9ba9d8508d1e
2026-10-04;roche_de_glun;ICONCH1;2026-10-04T04:00;1.4;2.1;90.0;15.3;0.0;100.0;0.0;66.0;100.0;100.0;45.020344;4.8496704;118.0;2026-10-03T19:15:00+02:00;2026-10-03T22:05:27+02:00;9ba9d8508d1e
2026-10-04;roche_de_glun;ICONCH1;2026-10-04T05:00;1.4;2.7;106.0;15.3;0.0;74.0;0.0;69.0;28.0;74.0;45.020344;4.8496704;118.0;2026-10-03T19:15:00+02:00;2026-10-03T22:05:27+02:00;9ba9d8508d1e
2026-10-04;roche_de_glun;ICONCH1;2026-10-04T06:00;0.8;2.1;90.0;15.3;0.0;100.0;0.0;100.0;16.0;100.0;45.020344;4.8496704;118.0;2026-10-03T19:15:00+02:00;2026-10-03T22:05:27+02:00;9ba9d8508d1e
2026-10-04;roche_de_glun;ICONCH1;2026-10-04T07:00;0.9;1.4;63.0;15.2;0.0;100.0;0.0;95.0;100.0;100.0;45.020344;4.8496704;118.0;2026-10-03T19:15:00+02:00;2026-10-03T22:05:27+02:00;9ba9d8508d1e
2026-10-04;roche_de_glun;ICONCH1;2026-10-04T08:00;0.7;1.6;56.0;15.1;0.0;100.0;0.0;77.0;100.0;100.0;45.020344;4.8496704;118.0;2026-10-03T19:15:00+02:00;2026-10-03T22:05:27+02:00;9ba9d8508d1e
2026-10-04;roche_de_glun;ICONCH1;2026-10-04T09:00;1.1;1.7;31.0;15.5;0.0;66.0;0.0;64.0;11.0;66.0;45.020344;4.8496704;118.0;2026-10-03T19:15:00+02:00;2026-10-03T22:05:27+02:00;9ba9d8508d1e
2026-10-04;roche_de_glun;ICONCH1;2026-10-04T10:00;0.6;1.7;72.0;17.4;0.0;100.0;0.0;63.0;100.0;100.0;45.020344;4.8496704;118.0;2026-10-03T19:15:00+02:00;2026-10-03T22:05:27+02:00;9ba9d8508d1e
2026-10-04;roche_de_glun;ICONCH1;2026-10-04T11:00;0.7;1.9;124.0;19.3;0.0;100.0;0.0;39.0;100.0;100.0;45.020344;4.8496704;118.0;2026-10-03T19:15:00+02:00;2026-10-03T22:05:27+02:00;9ba9d8508d1e
2026-10-04;roche_de_glun;ICONCH1;2026-10-04T12:00;0.3;1.7;135.0;21.0;0.0;100.0;0.0;7.0;100.0;100.0;45.020344;4.8496704;118.0;2026-10-03T19:15:00+02:00;2026-10-03T22:05:27+02:00;9ba9d8508d1e
2026-10-04;roche_de_glun;ICONCH1;2026-10-04T13:00;0.2;1.2;360.0;22.6;0.0;100.0;0.0;30.0;100.0;100.0;45.020344;4.8496704;118.0;2026-10-03T19:15:00+02:00;2026-10-03T22:05:27+02:00;9ba9d8508d1e
2026-10-04;roche_de_glun;ICONCH1;2026-10-04T14:00;1.0;2.5;37.0;24.4;0.0;41.0;0.0;0.0;41.0;41.0;45.020344;4.8496704;118.0;2026-10-03T19:15:00+02:00;2026-10-03T22:05:27+02:00;9ba9d8508d1e
2026-10-04;roche_de_glun;ICONCH1;2026-10-04T15:00;1.9;3.7;114.0;25.6;0.0;13.0;0.0;0.0;13.0;13.0;45.020344;4.8496704;118.0;2026-10-03T19:15:00+02:00;2026-10-03T22:05:27+02:00;9ba9d8508d1e
2026-10-04;roche_de_glun;ICONCH1;2026-10-04T16:00;1.2;4.3;162.0;25.7;0.0;16.0;0.0;0.0;16.0;16.0;45.020344;4.8496704;118.0;2026-10-03T19:15:00+02:00;2026-10-03T22:05:27+02:00;9ba9d8508d1e
2026-10-04;roche_de_glun;ICONCH1;2026-10-04T17:00;3.7;6.2;148.0;25.7;0.0;100.0;0.0;0.0;100.0;100.0;45.020344;4.8496704;118.0;2026-10-03T19:15:00+02:00;2026-10-03T22:05:27+02:00;9ba9d8508d1e
2026-10-04;roche_de_glun;ICONCH1;2026-10-04T18:00;2.5;6.6;148.0;25.0;0.0;50.0;0.0;0.0;50.0;50.0;45.020344;4.8496704;118.0;2026-10-03T19:15:00+02:00;2026-10-03T22:05:27+02:00;9ba9d8508d1e
2026-10-04;roche_de_glun;ICONCH1;2026-10-04T19:00;2.1;4.1;236.0;22.4;0.0;100.0;0.0;0.0;100.0;100.0;45.020344;4.8496704;118.0;2026-10-03T19:15:00+02:00;2026-10-03T22:05:27+02:00;9ba9d8508d1e
2026-10-04;roche_de_glun;ICONCH1;2026-10-04T20:00;2.1;3.5;265.0;20.7;0.0;100.0;0.0;0.0;100.0;100.0;45.020344;4.8496704;118.0;2026-10-03T19:15:00+02:00;2026-10-03T22:05:27+02:00;9ba9d8508d1e
2026-10-04;roche_de_glun;ICONCH1;2026-10-04T21:00;2.3;7.4;250.0;20.0;0.0;84.0;0.0;0.0;84.0;84.0;45.020344;4.8496704;118.0;2026-10-03T19:15:00+02:00;2026-10-03T22:05:27+02:00;9ba9d8508d1e
2026-10-04;roche_de_glun;ICONCH1;2026-10-04T22:00;1.6;3.3;225.0;19.6;0.0;100.0;0.0;7.0;100.0;100.0;45.020344;4.8496704;118.0;2026-10-03T19:15:00+02:00;2026-10-03T22:05:27+02:00;9ba9d8508d1e
2026-10-04;roche_de_glun;ICONCH1;2026-10-04T23:00;2.3;3.9;31.0;17.0;0.0;100.0;0.0;0.0;100.0;100.0;45.020344;4.8496704;118.0;2026-10-03T19:15:00+02:00;2026-10-03T22:05:27+02:00;9ba9d8508d1e
2026-10-04;roche_de_glun;ICONCH1;2026-10-05T00:00;2.3;4.5;114.0;15.8;0.0;100.0;0.0;7.0;100.0;100.0;45.020344;4.8496704;118.0;2026-10-03T19:15:00+02:00;2026-10-03T22:05:27+02:00;9ba9d8508d1e
2026-10-04;st_alban_du_rhone;AROMEHD;2026-10-04T01:00;1.0;1.4;248.0;16.1;0.0;;0.0;100.0;100.0;100.0;45.39;4.76;140.0;2026-10-03T19:15:00+02:00;2026-10-03T22:05:27+02:00;9ba9d8508d1e
2026-10-04;st_alban_du_rhone;AROMEHD;2026-10-04T02:00;0.8;1.2;166.0;16.0;0.0;;0.0;100.0;100.0;100.0;45.39;4.76;140.0;2026-10-03T19:15:00+02:00;2026-10-03T22:05:27+02:00;9ba9d8508d1e
2026-10-04;st_alban_du_rhone;AROMEHD;2026-10-04T03:00;1.0;0.8;143.0;15.7;0.0;;0.0;99.0;99.0;99.0;45.39;4.76;140.0;2026-10-03T19:15:00+02:00;2026-10-03T22:05:27+02:00;9ba9d8508d1e
2026-10-04;st_alban_du_rhone;AROMEHD;2026-10-04T04:00;0.6;1.0;198.0;15.4;0.0;;1.0;100.0;100.0;100.0;45.39;4.76;140.0;2026-10-03T19:15:00+02:00;2026-10-03T22:05:27+02:00;9ba9d8508d1e
2026-10-04;st_alban_du_rhone;AROMEHD;2026-10-04T05:00;1.0;1.2;158.0;15.1;0.0;;3.0;98.0;100.0;100.0;45.39;4.76;140.0;2026-10-03T19:15:00+02:00;2026-10-03T22:05:27+02:00;9ba9d8508d1e
2026-10-04;st_alban_du_rhone;AROMEHD;2026-10-04T06:00;1.0;0.6;307.0;14.8;0.0;;8.0;57.0;100.0;100.0;45.39;4.76;140.0;2026-10-03T19:15:00+02:00;2026-10-03T22:05:27+02:00;9ba9d8508d1e
2026-10-04;st_alban_du_rhone;AROMEHD;2026-10-04T07:00;1.0;1.4;202.0;14.3;0.0;;1.0;1.0;100.0;100.0;45.39;4.76;140.0;2026-10-03T19:15:00+02:00;2026-10-03T22:05:27+02:00;9ba9d8508d1e
2026-10-04;st_alban_du_rhone;AROMEHD;2026-10-04T08:00;0.7;2.1;214.0;13.9;0.0;;2.0;0.0;99.0;99.0;45.39;4.76;140.0;2026-10-03T19:15:00+02:00;2026-10-03T22:05:27+02:00;9ba9d8508d1e
2026-10-04;st_alban_du_rhone;AROMEHD;2026-10-04T09:00;0.4;1.2;117.0;15.1;0.0;;0.0;6.0;97.0;97.0;45.39;4.76;140.0;2026-10-03T19:15:00+02:00;2026-10-03T22:05:27+02:00;9ba9d8508d1e
2026-10-04;st_alban_du_rhone;AROMEHD;2026-10-04T10:00;1.1;2.9;135.0;17.0;0.0;;0.0;5.0;79.0;79.0;45.39;4.76;140.0;2026-10-03T19:15:00+02:00;2026-10-03T22:05:27+02:00;9ba9d8508d1e
2026-10-04;st_alban_du_rhone;AROMEHD;2026-10-04T11:00;0.8;2.5;180.0;19.3;0.0;;0.0;0.0;27.0;27.0;45.39;4.76;140.0;2026-10-03T19:15:00+02:00;2026-10-03T22:05:27+02:00;9ba9d8508d1e
2026-10-04;st_alban_du_rhone;AROMEHD;2026-10-04T12:00;0.2;2.3;90.0;21.1;0.0;;0.0;0.0;100.0;100.0;45.39;4.76;140.0;2026-10-03T19:15:00+02:00;2026-10-03T22:05:27+02:00;9ba9d8508d1e
2026-10-04;st_alban_du_rhone;AROMEHD;2026-10-04T13:00;0.8;4.9;14.0;23.1;0.0;;0.0;0.0;97.0;97.0;45.39;4.76;140.0;2026-10-03T19:15:00+02:00;2026-10-03T22:05:27+02:00;9ba9d8508d1e
2026-10-04;st_alban_du_rhone;AROMEHD;2026-10-04T14:00;0.9;5.2;117.0;24.3;0.0;;0.0;0.0;38.0;38.0;45.39;4.76;140.0;2026-10-03T19:15:00+02:00;2026-10-03T22:05:27+02:00;9ba9d8508d1e
2026-10-04;st_alban_du_rhone;AROMEHD;2026-10-04T15:00;0.6;3.9;180.0;25.1;0.0;;0.0;0.0;100.0;100.0;45.39;4.76;140.0;2026-10-03T19:15:00+02:00;2026-10-03T22:05:27+02:00;9ba9d8508d1e
2026-10-04;st_alban_du_rhone;AROMEHD;2026-10-04T16:00;0.3;3.7;225.0;25.7;0.0;;0.0;0.0;100.0;100.0;45.39;4.76;140.0;2026-10-03T19:15:00+02:00;2026-10-03T22:05:27+02:00;9ba9d8508d1e
2026-10-04;st_alban_du_rhone;AROMEHD;2026-10-04T17:00;1.3;4.3;117.0;26.0;0.0;;0.0;0.0;100.0;100.0;45.39;4.76;140.0;2026-10-03T19:15:00+02:00;2026-10-03T22:05:27+02:00;9ba9d8508d1e
2026-10-04;st_alban_du_rhone;AROMEHD;2026-10-04T18:00;2.7;6.4;150.0;25.8;0.0;;0.0;0.0;100.0;100.0;45.39;4.76;140.0;2026-10-03T19:15:00+02:00;2026-10-03T22:05:27+02:00;9ba9d8508d1e
2026-10-04;st_alban_du_rhone;AROMEHD;2026-10-04T19:00;4.0;6.4;39.0;24.4;0.0;;0.0;0.0;100.0;100.0;45.39;4.76;140.0;2026-10-03T19:15:00+02:00;2026-10-03T22:05:27+02:00;9ba9d8508d1e
2026-10-04;st_alban_du_rhone;AROMEHD;2026-10-04T20:00;2.6;6.6;351.0;22.5;0.0;;0.0;4.0;100.0;100.0;45.39;4.76;140.0;2026-10-03T19:15:00+02:00;2026-10-03T22:05:27+02:00;9ba9d8508d1e
2026-10-04;st_alban_du_rhone;AROMEHD;2026-10-04T21:00;3.1;4.1;300.0;20.9;0.0;;0.0;8.0;100.0;100.0;45.39;4.76;140.0;2026-10-03T19:15:00+02:00;2026-10-03T22:05:27+02:00;9ba9d8508d1e
2026-10-04;st_alban_du_rhone;AROMEHD;2026-10-04T22:00;2.1;4.3;304.0;20.2;0.0;;0.0;86.0;100.0;100.0;45.39;4.76;140.0;2026-10-03T19:15:00+02:00;2026-10-03T22:05:27+02:00;9ba9d8508d1e
2026-10-04;st_alban_du_rhone;AROMEHD;2026-10-04T23:00;1.8;2.9;319.0;19.3;0.0;;0.0;0.0;100.0;100.0;45.39;4.76;140.0;2026-10-03T19:15:00+02:00;2026-10-03T22:05:27+02:00;9ba9d8508d1e
2026-10-04;st_alban_du_rhone;AROMEHD;2026-10-05T00:00;1.6;2.5;353.0;18.6;0.0;;0.0;0.0;100.0;100.0;45.39;4.76;140.0;2026-10-03T19:15:00+02:00;2026-10-03T22:05:27+02:00;9ba9d8508d1e
2026-10-04;st_alban_du_rhone;ICONCH1;2026-10-04T01:00;2.7;4.5;262.0;16.0;0.0;100.0;0.0;47.0;100.0;100.0;45.386887;4.758301;141.0;2026-10-03T19:15:00+02:00;2026-10-03T22:05:27+02:00;9ba9d8508d1e
2026-10-04;st_alban_du_rhone;ICONCH1;2026-10-04T02:00;1.9;4.7;246.0;15.4;0.0;100.0;0.0;94.0;100.0;100.0;45.386887;4.758301;141.0;2026-10-03T19:15:00+02:00;2026-10-03T22:05:27+02:00;9ba9d8508d1e
2026-10-04;st_alban_du_rhone;ICONCH1;2026-10-04T03:00;1.0;2.7;202.0;16.1;0.0;93.0;0.0;68.0;76.0;93.0;45.386887;4.758301;141.0;2026-10-03T19:15:00+02:00;2026-10-03T22:05:27+02:00;9ba9d8508d1e
2026-10-04;st_alban_du_rhone;ICONCH1;2026-10-04T04:00;0.2;1.6;180.0;15.9;0.0;77.0;0.0;76.0;17.0;77.0;45.386887;4.758301;141.0;2026-10-03T19:15:00+02:00;2026-10-03T22:05:27+02:00;9ba9d8508d1e
2026-10-04;st_alban_du_rhone;ICONCH1;2026-10-04T05:00;0.4;0.8;333.0;15.9;0.0;96.0;0.0;65.0;81.0;96.0;45.386887;4.758301;141.0;2026-10-03T19:15:00+02:00;2026-10-03T22:05:27+02:00;9ba9d8508d1e
2026-10-04;st_alban_du_rhone;ICONCH1;2026-10-04T06:00;0.6;0.8;180.0;16.0;0.0;96.0;0.0;94.0;75.0;96.0;45.386887;4.758301;141.0;2026-10-03T19:15:00+02:00;2026-10-03T22:05:27+02:00;9ba9d8508d1e
2026-10-04;st_alban_du_rhone;ICONCH1;2026-10-04T07:00;0.2;1.2;180.0;15.7;0.0;84.0;0.0;72.0;54.0;84.0;45.386887;4.758301;141.0;2026-10-03T19:15:00+02:00;2026-10-03T22:05:27+02:00;9ba9d8508d1e
2026-10-04;st_alban_du_rhone;ICONCH1;2026-10-04T08:00;1.0;1.6;202.0;15.6;0.0;100.0;0.0;79.0;100.0;100.0;45.386887;4.758301;141.0;2026-10-03T19:15:00+02:00;2026-10-03T22:05:27+02:00;9ba9d8508d1e
2026-10-04;st_alban_du_rhone;ICONCH1;2026-10-04T09:00;0.9;1.6;153.0;15.6;0.0;100.0;0.0;84.0;100.0;100.0;45.386887;4.758301;141.0;2026-10-03T19:15:00+02:00;2026-10-03T22:05:27+02:00;9ba9d8508d1e
2026-10-04;st_alban_du_rhone;ICONCH1;2026-10-04T10:00;0.7;2.1;146.0;16.6;0.0;100.0;0.0;60.0;100.0;100.0;45.386887;4.758301;141.0;2026-10-03T19:15:00+02:00;2026-10-03T22:05:27+02:00;9ba9d8508d1e
2026-10-04;st_alban_du_rhone;ICONCH1;2026-10-04T11:00;0.3;1.7;45.0;18.3;0.0;100.0;0.0;64.0;100.0;100.0;45.386887;4.758301;141.0;2026-10-03T19:15:00+02:00;2026-10-03T22:05:27+02:00;9ba9d8508d1e
2026-10-04;st_alban_du_rhone;ICONCH1;2026-10-04T12:00;0.8;2.1;90.0;20.8;0.0;100.0;0.0;32.0;100.0;100.0;45.386887;4.758301;141.0;2026-10-03T19:15:00+02:00;2026-10-03T22:05:27+02:00;9ba9d8508d1e
2026-10-04;st_alban_du_rhone;ICONCH1;2026-10-04T13:00;1.8;4.1;148.0;23.0;0.0;38.0;0.0;36.0;8.0;38.0;45.386887;4.758301;141.0;2026-10-03T19:15:00+02:00;2026-10-03T22:05:27+02:00;9ba9d8508d1e
2026-10-04;st_alban_du_rhone;ICONCH1;2026-10-04T14:00;3.0;6.0;153.0;24.4;0.0;58.0;0.0;43.0;22.0;58.0;45.386887;4.758301;141.0;2026-10-03T19:15:00+02:00;2026-10-03T22:05:27+02:00;9ba9d8508d1e
2026-10-04;st_alban_du_rhone;ICONCH1;2026-10-04T15:00;4.3;7.6;144.0;25.5;0.0;39.0;0.0;39.0;0.0;39.0;45.386887;4.758301;141.0;2026-10-03T19:15:00+02:00;2026-10-03T22:05:27+02:00;9ba9d8508d1e
2026-10-04;st_alban_du_rhone;ICONCH1;2026-10-04T16:00;5.1;8.7;143.0;26.0;0.0;92.0;0.0;31.0;84.0;92.0;45.386887;4.758301;141.0;2026-10-03T19:15:00+02:00;2026-10-03T22:05:27+02:00;9ba9d8508d1e
2026-10-04;st_alban_du_rhone;ICONCH1;2026-10-04T17:00;3.8;8.7;159.0;25.7;0.0;100.0;0.0;9.0;100.0;100.0;45.386887;4.758301;141.0;2026-10-03T19:15:00+02:00;2026-10-03T22:05:27+02:00;9ba9d8508d1e
2026-10-04;st_alban_du_rhone;ICONCH1;2026-10-04T18:00;3.7;6.8;152.0;25.3;0.0;100.0;0.0;20.0;100.0;100.0;45.386887;4.758301;141.0;2026-10-03T19:15:00+02:00;2026-10-03T22:05:27+02:00;9ba9d8508d1e
2026-10-04;st_alban_du_rhone;ICONCH1;2026-10-04T19:00;3.6;6.2;234.0;22.9;0.0;92.0;0.0;42.0;81.0;92.0;45.386887;4.758301;141.0;2026-10-03T19:15:00+02:00;2026-10-03T22:05:27+02:00;9ba9d8508d1e
2026-10-04;st_alban_du_rhone;ICONCH1;2026-10-04T20:00;3.3;7.4;253.0;19.9;0.0;96.0;0.0;77.0;81.0;96.0;45.386887;4.758301;141.0;2026-10-03T19:15:00+02:00;2026-10-03T22:05:27+02:00;9ba9d8508d1e
2026-10-04;st_alban_du_rhone;ICONCH1;2026-10-04T21:00;3.6;5.6;254.0;18.9;0.0;100.0;0.0;69.0;100.0;100.0;45.386887;4.758301;141.0;2026-10-03T19:15:00+02:00;2026-10-03T22:05:27+02:00;9ba9d8508d1e
2026-10-04;st_alban_du_rhone;ICONCH1;2026-10-04T22:00;2.5;5.8;252.0;17.7;0.0;100.0;0.0;0.0;100.0;100.0;45.386887;4.758301;141.0;2026-10-03T19:15:00+02:00;2026-10-03T22:05:27+02:00;9ba9d8508d1e
2026-10-04;st_alban_du_rhone;ICONCH1;2026-10-04T23:00;2.6;5.2;257.0;17.3;0.0;100.0;0.0;0.0;100.0;100.0;45.386887;4.758301;141.0;2026-10-03T19:15:00+02:00;2026-10-03T22:05:27+02:00;9ba9d8508d1e
2026-10-04;st_alban_du_rhone;ICONCH1;2026-10-05T00:00;2.4;4.1;256.0;16.7;0.0;100.0;0.0;4.0;100.0;100.0;45.386887;4.758301;141.0;2026-10-03T19:15:00+02:00;2026-10-03T22:05:27+02:00;9ba9d8508d1e
2026-10-04;st_cyr_sur_le_rhone;AROMEHD;2026-10-04T01:00;0.5;1.9;225.0;16.6;0.0;;0.0;93.0;99.0;99.0;45.510002;4.8500004;190.0;2026-10-03T19:15:00+02:00;2026-10-03T22:05:27+02:00;9ba9d8508d1e
2026-10-04;st_cyr_sur_le_rhone;AROMEHD;2026-10-04T02:00;0.4;0.8;360.0;16.5;0.0;;0.0;100.0;100.0;100.0;45.510002;4.8500004;190.0;2026-10-03T19:15:00+02:00;2026-10-03T22:05:27+02:00;9ba9d8508d1e
2026-10-04;st_cyr_sur_le_rhone;AROMEHD;2026-10-04T03:00;0.7;1.2;214.0;16.2;0.0;;0.0;100.0;100.0;100.0;45.510002;4.8500004;190.0;2026-10-03T19:15:00+02:00;2026-10-03T22:05:27+02:00;9ba9d8508d1e
2026-10-04;st_cyr_sur_le_rhone;AROMEHD;2026-10-04T04:00;0.9;0.2;207.0;15.9;0.0;;0.0;100.0;100.0;100.0;45.510002;4.8500004;190.0;2026-10-03T19:15:00+02:00;2026-10-03T22:05:27+02:00;9ba9d8508d1e
2026-10-04;st_cyr_sur_le_rhone;AROMEHD;2026-10-04T05:00;0.9;0.8;207.0;15.8;0.0;;0.0;100.0;30.0;100.0;45.510002;4.8500004;190.0;2026-10-03T19:15:00+02:00;2026-10-03T22:05:27+02:00;9ba9d8508d1e
2026-10-04;st_cyr_sur_le_rhone;AROMEHD;2026-10-04T06:00;1.9;3.3;204.0;15.8;0.0;;0.0;92.0;100.0;100.0;45.510002;4.8500004;190.0;2026-10-03T19:15:00+02:00;2026-10-03T22:05:27+02:00;9ba9d8508d1e
2026-10-04;st_cyr_sur_le_rhone;AROMEHD;2026-10-04T07:00;0.4;2.9;333.0;15.4;0.0;;0.0;0.0;100.0;100.0;45.510002;4.8500004;190.0;2026-10-03T19:15:00+02:00;2026-10-03T22:05:27+02:00;9ba9d8508d1e
2026-10-04;st_cyr_sur_le_rhone;AROMEHD;2026-10-04T08:00;0.4;0.8;243.0;14.9;0.0;;0.0;0.0;100.0;100.0;45.510002;4.8500004;190.0;2026-10-03T19:15:00+02:00;2026-10-03T22:05:27+02:00;9ba9d8508d1e
2026-10-04;st_cyr_sur_le_rhone;AROMEHD;2026-10-04T09:00;1.0;1.7;180.0;16.0;0.0;;0.0;0.0;100.0;100.0;45.510002;4.8500004;190.0;2026-10-03T19:15:00+02:00;2026-10-03T22:05:27+02:00;9ba9d8508d1e
2026-10-04;st_cyr_sur_le_rhone;AROMEHD;2026-10-04T10:00;3.1;7.0;210.0;17.8;0.0;;0.0;1.0;93.0;93.0;45.510002;4.8500004;190.0;2026-10-03T19:15:00+02:00;2026-10-03T22:05:27+02:00;9ba9d8508d1e
2026-10-04;st_cyr_sur_le_rhone;AROMEHD;2026-10-04T11:00;1.3;6.8;153.0;19.8;0.0;;0.0;0.0;64.0;64.0;45.510002;4.8500004;190.0;2026-10-03T19:15:00+02:00;2026-10-03T22:05:27+02:00;9ba9d8508d1e
2026-10-04;st_cyr_sur_le_rhone;AROMEHD;2026-10-04T12:00;1.6;6.4;45.0;22.1;0.0;;0.0;0.0;100.0;100.0;45.510002;4.8500004;190.0;2026-10-03T19:15:00+02:00;2026-10-03T22:05:27+02:00;9ba9d8508d1e
2026-10-04;st_cyr_sur_le_rhone;AROMEHD;2026-10-04T13:00;2.9;8.6;48.0;23.6;0.0;;0.0;0.0;96.0;96.0;45.510002;4.8500004;190.0;2026-10-03T19:15:00+02:00;2026-10-03T22:05:27+02:00;9ba9d8508d1e
2026-10-04;st_cyr_sur_le_rhone;AROMEHD;2026-10-04T14:00;1.7;8.6;63.0;24.7;0.0;;0.0;0.0;17.0;17.0;45.510002;4.8500004;190.0;2026-10-03T19:15:00+02:00;2026-10-03T22:05:27+02:00;9ba9d8508d1e
2026-10-04;st_cyr_sur_le_rhone;AROMEHD;2026-10-04T15:00;1.5;7.4;40.0;25.6;0.0;;0.0;0.0;100.0;100.0;45.510002;4.8500004;190.0;2026-10-03T19:15:00+02:00;2026-10-03T22:05:27+02:00;9ba9d8508d1e
2026-10-04;st_cyr_sur_le_rhone;AROMEHD;2026-10-04T16:00;2.5;8.2;23.0;26.0;0.0;;1.0;0.0;100.0;100.0;45.510002;4.8500004;190.0;2026-10-03T19:15:00+02:00;2026-10-03T22:05:27+02:00;9ba9d8508d1e
2026-10-04;st_cyr_sur_le_rhone;AROMEHD;2026-10-04T17:00;3.2;8.9;25.0;25.6;0.0;;0.0;0.0;100.0;100.0;45.510002;4.8500004;190.0;2026-10-03T19:15:00+02:00;2026-10-03T22:05:27+02:00;9ba9d8508d1e
2026-10-04;st_cyr_sur_le_rhone;AROMEHD;2026-10-04T18:00;3.3;8.2;7.0;25.0;0.0;;0.0;0.0;100.0;100.0;45.510002;4.8500004;190.0;2026-10-03T19:15:00+02:00;2026-10-03T22:05:27+02:00;9ba9d8508d1e
2026-10-04;st_cyr_sur_le_rhone;AROMEHD;2026-10-04T19:00;2.9;7.0;8.0;23.7;0.0;;0.0;0.0;97.0;97.0;45.510002;4.8500004;190.0;2026-10-03T19:15:00+02:00;2026-10-03T22:05:27+02:00;9ba9d8508d1e
2026-10-04;st_cyr_sur_le_rhone;AROMEHD;2026-10-04T20:00;2.0;5.8;6.0;21.8;0.0;;0.0;0.0;98.0;98.0;45.510002;4.8500004;190.0;2026-10-03T19:15:00+02:00;2026-10-03T22:05:27+02:00;9ba9d8508d1e
2026-10-04;st_cyr_sur_le_rhone;AROMEHD;2026-10-04T21:00;1.6;3.1;14.0;20.4;0.0;;0.0;0.0;100.0;100.0;45.510002;4.8500004;190.0;2026-10-03T19:15:00+02:00;2026-10-03T22:05:27+02:00;9ba9d8508d1e
2026-10-04;st_cyr_sur_le_rhone;AROMEHD;2026-10-04T22:00;2.4;3.7;9.0;19.8;0.0;;0.0;11.0;100.0;100.0;45.510002;4.8500004;190.0;2026-10-03T19:15:00+02:00;2026-10-03T22:05:27+02:00;9ba9d8508d1e
2026-10-04;st_cyr_sur_le_rhone;AROMEHD;2026-10-04T23:00;2.2;3.3;27.0;18.9;0.0;;0.0;0.0;100.0;100.0;45.510002;4.8500004;190.0;2026-10-03T19:15:00+02:00;2026-10-03T22:05:27+02:00;9ba9d8508d1e
2026-10-04;st_cyr_sur_le_rhone;AROMEHD;2026-10-05T00:00;0.7;3.3;34.0;18.0;0.0;;0.0;0.0;100.0;100.0;45.510002;4.8500004;190.0;2026-10-03T19:15:00+02:00;2026-10-03T22:05:27+02:00;9ba9d8508d1e
2026-10-04;st_cyr_sur_le_rhone;ICONCH1;2026-10-04T01:00;3.0;5.4;230.0;16.6;0.0;100.0;0.0;49.0;100.0;100.0;45.511913;4.860718;186.0;2026-10-03T19:15:00+02:00;2026-10-03T22:05:27+02:00;9ba9d8508d1e
2026-10-04;st_cyr_sur_le_rhone;ICONCH1;2026-10-04T02:00;3.2;5.8;218.0;16.4;0.0;100.0;0.0;90.0;100.0;100.0;45.511913;4.860718;186.0;2026-10-03T19:15:00+02:00;2026-10-03T22:05:27+02:00;9ba9d8508d1e
2026-10-04;st_cyr_sur_le_rhone;ICONCH1;2026-10-04T03:00;1.8;5.6;229.0;16.5;0.0;100.0;0.0;73.0;100.0;100.0;45.511913;4.860718;186.0;2026-10-03T19:15:00+02:00;2026-10-03T22:05:27+02:00;9ba9d8508d1e
2026-10-04;st_cyr_sur_le_rhone;ICONCH1;2026-10-04T04:00;2.5;4.5;225.0;16.4;0.0;100.0;0.0;100.0;30.0;100.0;45.511913;4.860718;186.0;2026-10-03T19:15:00+02:00;2026-10-03T22:05:27+02:00;9ba9d8508d1e
2026-10-04;st_cyr_sur_le_rhone;ICONCH1;2026-10-04T05:00;2.9;5.1;222.0;16.2;0.0;100.0;0.0;95.0;100.0;100.0;45.511913;4.860718;186.0;2026-10-03T19:15:00+02:00;2026-10-03T22:05:27+02:00;9ba9d8508d1e
2026-10-04;st_cyr_sur_le_rhone;ICONCH1;2026-10-04T06:00;2.6;4.9;234.0;15.8;0.0;100.0;0.0;100.0;100.0;100.0;45.511913;4.860718;186.0;2026-10-03T19:15:00+02:00;2026-10-03T22:05:27+02:00;9ba9d8508d1e
2026-10-04;st_cyr_sur_le_rhone;ICONCH1;2026-10-04T07:00;2.8;4.7;231.0;15.8;0.0;80.0;0.0;77.0;36.0;80.0;45.511913;4.860718;186.0;2026-10-03T19:15:00+02:00;2026-10-03T22:05:27+02:00;9ba9d8508d1e
2026-10-04;st_cyr_sur_le_rhone;ICONCH1;2026-10-04T08:00;2.5;4.7;231.0;15.7;0.0;100.0;0.0;86.0;100.0;100.0;45.511913;4.860718;186.0;2026-10-03T19:15:00+02:00;2026-10-03T22:05:27+02:00;9ba9d8508d1e
2026-10-04;st_cyr_sur_le_rhone;ICONCH1;2026-10-04T09:00;1.2;4.1;231.0;16.4;0.0;82.0;0.0;80.0;45.0;82.0;45.511913;4.860718;186.0;2026-10-03T19:15:00+02:00;2026-10-03T22:05:27+02:00;9ba9d8508d1e
2026-10-04;st_cyr_sur_le_rhone;ICONCH1;2026-10-04T10:00;1.0;2.3;233.0;17.4;0.0;96.0;0.0;85.0;81.0;96.0;45.511913;4.860718;186.0;2026-10-03T19:15:00+02:00;2026-10-03T22:05:27+02:00;9ba9d8508d1e
2026-10-04;st_cyr_sur_le_rhone;ICONCH1;2026-10-04T11:00;0.6;1.9;198.0;18.7;0.0;97.0;5.0;90.0;85.0;97.0;45.511913;4.860718;186.0;2026-10-03T19:15:00+02:00;2026-10-03T22:05:27+02:00;9ba9d8508d1e
2026-10-04;st_cyr_sur_le_rhone;ICONCH1;2026-10-04T12:00;0.2;1.6;90.0;20.1;0.0;100.0;0.0;44.0;100.0;100.0;45.511913;4.860718;186.0;2026-10-03T19:15:00+02:00;2026-10-03T22:05:27+02:00;9ba9d8508d1e
2026-10-04;st_cyr_sur_le_rhone;ICONCH1;2026-10-04T13:00;1.0;2.5;37.0;22.0;0.0;35.0;0.0;35.0;2.0;35.0;45.511913;4.860718;186.0;2026-10-03T19:15:00+02:00;2026-10-03T22:05:27+02:00;9ba9d8508d1e
2026-10-04;st_cyr_sur_le_rhone;ICONCH1;2026-10-04T14:00;1.6;3.9;14.0;23.2;0.0;60.0;20.0;47.0;2.0;60.0;45.511913;4.860718;186.0;2026-10-03T19:15:00+02:00;2026-10-03T22:05:27+02:00;9ba9d8508d1e
2026-10-04;st_cyr_sur_le_rhone;ICONCH1;2026-10-04T15:00;0.8;3.9;45.0;24.1;0.0;37.0;2.0;35.0;0.0;37.0;45.511913;4.860718;186.0;2026-10-03T19:15:00+02:00;2026-10-03T22:05:27+02:00;9ba9d8508d1e
2026-10-04;st_cyr_sur_le_rhone;ICONCH1;2026-10-04T16:00;1.4;3.1;56.0;24.6;0.0;100.0;0.0;37.0;100.0;100.0;45.511913;4.860718;186.0;2026-10-03T19:15:00+02:00;2026-10-03T22:05:27+02:00;9ba9d8508d1e
2026-10-04;st_cyr_sur_le_rhone;ICONCH1;2026-10-04T17:00;1.0;3.1;127.0;25.1;0.0;100.0;0.0;33.0;100.0;100.0;45.511913;4.860718;186.0;2026-10-03T19:15:00+02:00;2026-10-03T22:05:27+02:00;9ba9d8508d1e
2026-10-04;st_cyr_sur_le_rhone;ICONCH1;2026-10-04T18:00;3.0;4.7;153.0;24.7;0.0;100.0;0.0;6.0;100.0;100.0;45.511913;4.860718;186.0;2026-10-03T19:15:00+02:00;2026-10-03T22:05:27+02:00;9ba9d8508d1e
2026-10-04;st_cyr_sur_le_rhone;ICONCH1;2026-10-04T19:00;1.8;4.9;148.0;23.1;0.0;100.0;0.0;47.0;100.0;100.0;45.511913;4.860718;186.0;2026-10-03T19:15:00+02:00;2026-10-03T22:05:27+02:00;9ba9d8508d1e
2026-10-04;st_cyr_sur_le_rhone;ICONCH1;2026-10-04T20:00;1.0;3.9;233.0;20.9;0.0;94.0;0.0;77.0;82.0;94.0;45.511913;4.860718;186.0;2026-10-03T19:15:00+02:00;2026-10-03T22:05:27+02:00;9ba9d8508d1e
2026-10-04;st_cyr_sur_le_rhone;ICONCH1;2026-10-04T21:00;2.0;4.9;253.0;20.0;0.0;100.0;0.0;45.0;100.0;100.0;45.511913;4.860718;186.0;2026-10-03T19:15:00+02:00;2026-10-03T22:05:27+02:00;9ba9d8508d1e
2026-10-04;st_cyr_sur_le_rhone;ICONCH1;2026-10-04T22:00;2.9;5.2;222.0;18.4;0.0;100.0;0.0;28.0;100.0;100.0;45.511913;4.860718;186.0;2026-10-03T19:15:00+02:00;2026-10-03T22:05:27+02:00;9ba9d8508d1e
2026-10-04;st_cyr_sur_le_rhone;ICONCH1;2026-10-04T23:00;3.0;4.9;220.0;17.5;0.0;100.0;0.0;0.0;100.0;100.0;45.511913;4.860718;186.0;2026-10-03T19:15:00+02:00;2026-10-03T22:05:27+02:00;9ba9d8508d1e
2026-10-04;st_cyr_sur_le_rhone;ICONCH1;2026-10-05T00:00;3.0;5.8;225.0;17.1;0.0;100.0;0.0;0.0;100.0;100.0;45.511913;4.860718;186.0;2026-10-03T19:15:00+02:00;2026-10-03T22:05:27+02:00;9ba9d8508d1e
2026-10-04;st_romain_des_iles;AROMEHD;2026-10-04T01:00;1.4;2.3;98.0;15.1;0.0;;1.0;99.0;36.0;99.0;46.18;4.779999;169.0;2026-10-03T19:15:00+02:00;2026-10-03T22:05:27+02:00;9ba9d8508d1e
2026-10-04;st_romain_des_iles;AROMEHD;2026-10-04T02:00;1.1;1.4;135.0;14.6;0.0;;2.0;100.0;100.0;100.0;46.18;4.779999;169.0;2026-10-03T19:15:00+02:00;2026-10-03T22:05:27+02:00;9ba9d8508d1e
2026-10-04;st_romain_des_iles;AROMEHD;2026-10-04T03:00;1.0;1.9;292.0;14.4;0.0;;5.0;100.0;98.0;100.0;46.18;4.779999;169.0;2026-10-03T19:15:00+02:00;2026-10-03T22:05:27+02:00;9ba9d8508d1e
2026-10-04;st_romain_des_iles;AROMEHD;2026-10-04T04:00;1.0;1.4;158.0;13.8;0.0;;20.0;82.0;78.0;82.0;46.18;4.779999;169.0;2026-10-03T19:15:00+02:00;2026-10-03T22:05:27+02:00;9ba9d8508d1e
2026-10-04;st_romain_des_iles;AROMEHD;2026-10-04T05:00;1.1;1.4;149.0;13.2;0.0;;41.0;99.0;98.0;99.0;46.18;4.779999;169.0;2026-10-03T19:15:00+02:00;2026-10-03T22:05:27+02:00;9ba9d8508d1e
2026-10-04;st_romain_des_iles;AROMEHD;2026-10-04T06:00;0.2;1.6;180.0;12.8;0.0;;59.0;47.0;100.0;100.0;46.18;4.779999;169.0;2026-10-03T19:15:00+02:00;2026-10-03T22:05:27+02:00;9ba9d8508d1e
2026-10-04;st_romain_des_iles;AROMEHD;2026-10-04T07:00;0.3;1.0;45.0;12.4;0.0;;94.0;100.0;100.0;100.0;46.18;4.779999;169.0;2026-10-03T19:15:00+02:00;2026-10-03T22:05:27+02:00;9ba9d8508d1e
2026-10-04;st_romain_des_iles;AROMEHD;2026-10-04T08:00;1.8;1.7;18.0;12.6;0.0;;76.0;79.0;100.0;100.0;46.18;4.779999;169.0;2026-10-03T19:15:00+02:00;2026-10-03T22:05:27+02:00;9ba9d8508d1e
2026-10-04;st_romain_des_iles;AROMEHD;2026-10-04T09:00;0.4;1.9;207.0;13.3;0.0;;96.0;100.0;100.0;100.0;46.18;4.779999;169.0;2026-10-03T19:15:00+02:00;2026-10-03T22:05:27+02:00;9ba9d8508d1e
2026-10-04;st_romain_des_iles;AROMEHD;2026-10-04T10:00;0.4;1.9;63.0;15.8;0.0;;11.0;100.0;100.0;100.0;46.18;4.779999;169.0;2026-10-03T19:15:00+02:00;2026-10-03T22:05:27+02:00;9ba9d8508d1e
2026-10-04;st_romain_des_iles;AROMEHD;2026-10-04T11:00;0.6;3.1;18.0;18.3;0.0;;0.0;100.0;99.0;100.0;46.18;4.779999;169.0;2026-10-03T19:15:00+02:00;2026-10-03T22:05:27+02:00;9ba9d8508d1e
2026-10-04;st_romain_des_iles;AROMEHD;2026-10-04T12:00;1.3;5.1;27.0;20.6;0.0;;0.0;50.0;35.0;50.0;46.18;4.779999;169.0;2026-10-03T19:15:00+02:00;2026-10-03T22:05:27+02:00;9ba9d8508d1e
2026-10-04;st_romain_des_iles;AROMEHD;2026-10-04T13:00;1.0;3.3;158.0;22.1;0.0;;0.0;10.0;100.0;100.0;46.18;4.779999;169.0;2026-10-03T19:15:00+02:00;2026-10-03T22:05:27+02:00;9ba9d8508d1e
2026-10-04;st_romain_des_iles;AROMEHD;2026-10-04T14:00;1.3;6.0;63.0;23.3;0.0;;0.0;7.0;100.0;100.0;46.18;4.779999;169.0;2026-10-03T19:15:00+02:00;2026-10-03T22:05:27+02:00;9ba9d8508d1e
2026-10-04;st_romain_des_iles;AROMEHD;2026-10-04T15:00;1.6;6.8;45.0;24.2;0.0;;0.0;0.0;100.0;100.0;46.18;4.779999;169.0;2026-10-03T19:15:00+02:00;2026-10-03T22:05:27+02:00;9ba9d8508d1e
2026-10-04;st_romain_des_iles;AROMEHD;2026-10-04T16:00;2.2;7.8;38.0;24.7;0.0;;0.0;0.0;100.0;100.0;46.18;4.779999;169.0;2026-10-03T19:15:00+02:00;2026-10-03T22:05:27+02:00;9ba9d8508d1e
2026-10-04;st_romain_des_iles;AROMEHD;2026-10-04T17:00;3.2;7.2;43.0;24.9;0.0;;0.0;0.0;100.0;100.0;46.18;4.779999;169.0;2026-10-03T19:15:00+02:00;2026-10-03T22:05:27+02:00;9ba9d8508d1e
2026-10-04;st_romain_des_iles;AROMEHD;2026-10-04T18:00;2.3;6.8;66.0;24.7;0.0;;0.0;0.0;100.0;100.0;46.18;4.779999;169.0;2026-10-03T19:15:00+02:00;2026-10-03T22:05:27+02:00;9ba9d8508d1e
2026-10-04;st_romain_des_iles;AROMEHD;2026-10-04T19:00;1.6;5.2;97.0;22.7;0.0;;0.0;6.0;100.0;100.0;46.18;4.779999;169.0;2026-10-03T19:15:00+02:00;2026-10-03T22:05:27+02:00;9ba9d8508d1e
2026-10-04;st_romain_des_iles;AROMEHD;2026-10-04T20:00;0.7;1.7;326.0;20.1;0.0;;0.0;0.0;99.0;99.0;46.18;4.779999;169.0;2026-10-03T19:15:00+02:00;2026-10-03T22:05:27+02:00;9ba9d8508d1e
2026-10-04;st_romain_des_iles;AROMEHD;2026-10-04T21:00;1.2;1.0;39.0;18.0;0.0;;0.0;0.0;100.0;100.0;46.18;4.779999;169.0;2026-10-03T19:15:00+02:00;2026-10-03T22:05:27+02:00;9ba9d8508d1e
2026-10-04;st_romain_des_iles;AROMEHD;2026-10-04T22:00;0.6;1.2;108.0;16.6;0.0;;0.0;0.0;100.0;100.0;46.18;4.779999;169.0;2026-10-03T19:15:00+02:00;2026-10-03T22:05:27+02:00;9ba9d8508d1e
2026-10-04;st_romain_des_iles;AROMEHD;2026-10-04T23:00;0.8;1.0;135.0;15.6;0.0;;0.0;0.0;73.0;73.0;46.18;4.779999;169.0;2026-10-03T19:15:00+02:00;2026-10-03T22:05:27+02:00;9ba9d8508d1e
2026-10-04;st_romain_des_iles;AROMEHD;2026-10-05T00:00;0.7;1.0;146.0;14.7;0.0;;0.0;0.0;100.0;100.0;46.18;4.779999;169.0;2026-10-03T19:15:00+02:00;2026-10-03T22:05:27+02:00;9ba9d8508d1e
2026-10-04;st_romain_des_iles;ICONCH1;2026-10-04T01:00;1.2;1.7;129.0;16.9;0.0;100.0;20.0;82.0;100.0;100.0;46.179794;4.782837;176.0;2026-10-03T19:15:00+02:00;2026-10-03T22:05:27+02:00;9ba9d8508d1e
2026-10-04;st_romain_des_iles;ICONCH1;2026-10-04T02:00;1.4;2.9;214.0;15.9;0.0;100.0;59.0;83.0;100.0;100.0;46.179794;4.782837;176.0;2026-10-03T19:15:00+02:00;2026-10-03T22:05:27+02:00;9ba9d8508d1e
2026-10-04;st_romain_des_iles;ICONCH1;2026-10-04T03:00;1.6;2.5;194.0;15.7;0.0;100.0;60.0;72.0;100.0;100.0;46.179794;4.782837;176.0;2026-10-03T19:15:00+02:00;2026-10-03T22:05:27+02:00;9ba9d8508d1e
2026-10-04;st_romain_des_iles;ICONCH1;2026-10-04T04:00;1.7;4.3;201.0;15.5;0.0;95.0;62.0;82.0;35.0;95.0;46.179794;4.782837;176.0;2026-10-03T19:15:00+02:00;2026-10-03T22:05:27+02:00;9ba9d8508d1e
2026-10-04;st_romain_des_iles;ICONCH1;2026-10-04T05:00;2.2;4.1;165.0;15.4;0.0;100.0;99.0;87.0;100.0;100.0;46.179794;4.782837;176.0;2026-10-03T19:15:00+02:00;2026-10-03T22:05:27+02:00;9ba9d8508d1e
2026-10-04;st_romain_des_iles;ICONCH1;2026-10-04T06:00;1.0;4.1;217.0;15.5;0.0;100.0;100.0;71.0;100.0;100.0;46.179794;4.782837;176.0;2026-10-03T19:15:00+02:00;2026-10-03T22:05:27+02:00;9ba9d8508d1e
2026-10-04;st_romain_des_iles;ICONCH1;2026-10-04T07:00;1.2;3.1;279.0;15.2;0.0;100.0;100.0;51.0;75.0;100.0;46.179794;4.782837;176.0;2026-10-03T19:15:00+02:00;2026-10-03T22:05:27+02:00;9ba9d8508d1e
2026-10-04;st_romain_des_iles;ICONCH1;2026-10-04T08:00;2.4;4.7;215.0;15.0;0.0;100.0;100.0;57.0;53.0;100.0;46.179794;4.782837;176.0;2026-10-03T19:15:00+02:00;2026-10-03T22:05:27+02:00;9ba9d8508d1e
2026-10-04;st_romain_des_iles;ICONCH1;2026-10-04T09:00;2.6;5.2;207.0;15.2;0.0;100.0;100.0;39.0;100.0;100.0;46.179794;4.782837;176.0;2026-10-03T19:15:00+02:00;2026-10-03T22:05:27+02:00;9ba9d8508d1e
2026-10-04;st_romain_des_iles;ICONCH1;2026-10-04T10:00;1.0;4.7;101.0;15.7;0.0;100.0;100.0;61.0;100.0;100.0;46.179794;4.782837;176.0;2026-10-03T19:15:00+02:00;2026-10-03T22:05:27+02:00;9ba9d8508d1e
2026-10-04;st_romain_des_iles;ICONCH1;2026-10-04T11:00;0.8;2.7;76.0;17.8;0.0;100.0;50.0;69.0;100.0;100.0;46.179794;4.782837;176.0;2026-10-03T19:15:00+02:00;2026-10-03T22:05:27+02:00;9ba9d8508d1e
2026-10-04;st_romain_des_iles;ICONCH1;2026-10-04T12:00;0.5;2.5;135.0;20.1;0.0;100.0;0.0;64.0;100.0;100.0;46.179794;4.782837;176.0;2026-10-03T19:15:00+02:00;2026-10-03T22:05:27+02:00;9ba9d8508d1e
2026-10-04;st_romain_des_iles;ICONCH1;2026-10-04T13:00;0.8;2.7;180.0;22.0;0.0;66.0;0.0;60.0;14.0;66.0;46.179794;4.782837;176.0;2026-10-03T19:15:00+02:00;2026-10-03T22:05:27+02:00;9ba9d8508d1e
2026-10-04;st_romain_des_iles;ICONCH1;2026-10-04T14:00;1.6;3.9;166.0;23.4;0.0;70.0;0.0;68.0;18.0;70.0;46.179794;4.782837;176.0;2026-10-03T19:15:00+02:00;2026-10-03T22:05:27+02:00;9ba9d8508d1e
2026-10-04;st_romain_des_iles;ICONCH1;2026-10-04T15:00;0.9;3.9;153.0;24.4;0.0;65.0;3.0;62.0;0.0;65.0;46.179794;4.782837;176.0;2026-10-03T19:15:00+02:00;2026-10-03T22:05:27+02:00;9ba9d8508d1e
2026-10-04;st_romain_des_iles;ICONCH1;2026-10-04T16:00;0.8;2.7;45.0;25.1;0.0;96.0;11.0;67.0;78.0;96.0;46.179794;4.782837;176.0;2026-10-03T19:15:00+02:00;2026-10-03T22:05:27+02:00;9ba9d8508d1e
2026-10-04;st_romain_des_iles;ICONCH1;2026-10-04T17:00;2.0;3.9;354.0;25.4;0.0;100.0;0.0;17.0;100.0;100.0;46.179794;4.782837;176.0;2026-10-03T19:15:00+02:00;2026-10-03T22:05:27+02:00;9ba9d8508d1e
2026-10-04;st_romain_des_iles;ICONCH1;2026-10-04T18:00;1.9;3.9;37.0;25.4;0.0;55.0;5.0;47.0;17.0;55.0;46.179794;4.782837;176.0;2026-10-03T19:15:00+02:00;2026-10-03T22:05:27+02:00;9ba9d8508d1e
2026-10-04;st_romain_des_iles;ICONCH1;2026-10-04T19:00;3.9;6.0;72.0;24.0;0.0;57.0;8.0;44.0;15.0;57.0;46.179794;4.782837;176.0;2026-10-03T19:15:00+02:00;2026-10-03T22:05:27+02:00;9ba9d8508d1e
2026-10-04;st_romain_des_iles;ICONCH1;2026-10-04T20:00;3.0;6.2;75.0;21.7;0.0;73.0;0.0;55.0;36.0;73.0;46.179794;4.782837;176.0;2026-10-03T19:15:00+02:00;2026-10-03T22:05:27+02:00;9ba9d8508d1e
2026-10-04;st_romain_des_iles;ICONCH1;2026-10-04T21:00;2.2;4.7;297.0;20.3;0.0;48.0;0.0;48.0;10.0;48.0;46.179794;4.782837;176.0;2026-10-03T19:15:00+02:00;2026-10-03T22:05:27+02:00;9ba9d8508d1e
2026-10-04;st_romain_des_iles;ICONCH1;2026-10-04T22:00;2.0;4.3;354.0;17.7;0.0;67.0;0.0;28.0;46.0;67.0;46.179794;4.782837;176.0;2026-10-03T19:15:00+02:00;2026-10-03T22:05:27+02:00;9ba9d8508d1e
2026-10-04;st_romain_des_iles;ICONCH1;2026-10-04T23:00;1.7;2.9;21.0;17.6;0.0;100.0;0.0;0.0;100.0;100.0;46.179794;4.782837;176.0;2026-10-03T19:15:00+02:00;2026-10-03T22:05:27+02:00;9ba9d8508d1e
2026-10-04;st_romain_des_iles;ICONCH1;2026-10-05T00:00;1.0;2.7;22.0;16.8;0.0;100.0;0.0;0.0;100.0;100.0;46.179794;4.782837;176.0;2026-10-03T19:15:00+02:00;2026-10-03T22:05:27+02:00;9ba9d8508d1e
2026-10-04;treffort;AROMEHD;2026-10-04T01:00;1.0;2.7;127.0;15.1;0.0;;0.0;0.0;73.0;73.0;44.91;5.6800003;0.0;2026-10-03T19:15:00+02:00;2026-10-03T22:05:27+02:00;9ba9d8508d1e
2026-10-04;treffort;AROMEHD;2026-10-04T02:00;0.3;1.4;135.0;14.9;0.0;;0.0;0.0;100.0;100.0;44.91;5.6800003;0.0;2026-10-03T19:15:00+02:00;2026-10-03T22:05:27+02:00;9ba9d8508d1e
2026-10-04;treffort;AROMEHD;2026-10-04T03:00;0.7;2.1;146.0;14.6;0.0;;0.0;0.0;2.0;2.0;44.91;5.6800003;0.0;2026-10-03T19:15:00+02:00;2026-10-03T22:05:27+02:00;9ba9d8508d1e
2026-10-04;treffort;AROMEHD;2026-10-04T04:00;0.6;2.7;72.0;14.1;0.0;;0.0;0.0;0.0;0.0;44.91;5.6800003;0.0;2026-10-03T19:15:00+02:00;2026-10-03T22:05:27+02:00;9ba9d8508d1e
2026-10-04;treffort;AROMEHD;2026-10-04T05:00;1.0;3.9;158.0;14.1;0.0;;0.0;0.0;28.0;28.0;44.91;5.6800003;0.0;2026-10-03T19:15:00+02:00;2026-10-03T22:05:27+02:00;9ba9d8508d1e
2026-10-04;treffort;AROMEHD;2026-10-04T06:00;1.2;3.7;180.0;13.9;0.0;;0.0;0.0;100.0;100.0;44.91;5.6800003;0.0;2026-10-03T19:15:00+02:00;2026-10-03T22:05:27+02:00;9ba9d8508d1e
2026-10-04;treffort;AROMEHD;2026-10-04T07:00;0.7;3.5;146.0;14.0;0.0;;0.0;0.0;100.0;100.0;44.91;5.6800003;0.0;2026-10-03T19:15:00+02:00;2026-10-03T22:05:27+02:00;9ba9d8508d1e
2026-10-04;treffort;AROMEHD;2026-10-04T08:00;0.7;3.3;146.0;13.9;0.0;;0.0;0.0;99.0;99.0;44.91;5.6800003;0.0;2026-10-03T19:15:00+02:00;2026-10-03T22:05:27+02:00;9ba9d8508d1e
2026-10-04;treffort;AROMEHD;2026-10-04T09:00;1.4;3.7;172.0;14.1;0.0;;0.0;0.0;90.0;90.0;44.91;5.6800003;0.0;2026-10-03T19:15:00+02:00;2026-10-03T22:05:27+02:00;9ba9d8508d1e
2026-10-04;treffort;AROMEHD;2026-10-04T10:00;0.6;4.9;162.0;16.1;0.0;;0.0;0.0;99.0;99.0;44.91;5.6800003;0.0;2026-10-03T19:15:00+02:00;2026-10-03T22:05:27+02:00;9ba9d8508d1e
2026-10-04;treffort;AROMEHD;2026-10-04T11:00;1.4;4.7;135.0;17.8;0.0;;0.0;0.0;99.0;99.0;44.91;5.6800003;0.0;2026-10-03T19:15:00+02:00;2026-10-03T22:05:27+02:00;9ba9d8508d1e
2026-10-04;treffort;AROMEHD;2026-10-04T12:00;0.4;4.7;117.0;18.7;0.0;;0.0;0.0;100.0;100.0;44.91;5.6800003;0.0;2026-10-03T19:15:00+02:00;2026-10-03T22:05:27+02:00;9ba9d8508d1e
2026-10-04;treffort;AROMEHD;2026-10-04T13:00;1.5;3.7;320.0;19.4;0.0;;0.0;0.0;100.0;100.0;44.91;5.6800003;0.0;2026-10-03T19:15:00+02:00;2026-10-03T22:05:27+02:00;9ba9d8508d1e
2026-10-04;treffort;AROMEHD;2026-10-04T14:00;5.4;10.5;347.0;20.7;0.0;;0.0;0.0;100.0;100.0;44.91;5.6800003;0.0;2026-10-03T19:15:00+02:00;2026-10-03T22:05:27+02:00;9ba9d8508d1e
2026-10-04;treffort;AROMEHD;2026-10-04T15:00;6.1;12.4;349.0;20.4;0.0;;0.0;0.0;100.0;100.0;44.91;5.6800003;0.0;2026-10-03T19:15:00+02:00;2026-10-03T22:05:27+02:00;9ba9d8508d1e
2026-10-04;treffort;AROMEHD;2026-10-04T16:00;5.8;12.6;345.0;20.4;0.0;;0.0;0.0;100.0;100.0;44.91;5.6800003;0.0;2026-10-03T19:15:00+02:00;2026-10-03T22:05:27+02:00;9ba9d8508d1e
2026-10-04;treffort;AROMEHD;2026-10-04T17:00;4.6;12.1;348.0;20.0;0.0;;0.0;0.0;100.0;100.0;44.91;5.6800003;0.0;2026-10-03T19:15:00+02:00;2026-10-03T22:05:27+02:00;9ba9d8508d1e
2026-10-04;treffort;AROMEHD;2026-10-04T18:00;3.5;8.9;322.0;19.7;0.0;;0.0;0.0;100.0;100.0;44.91;5.6800003;0.0;2026-10-03T19:15:00+02:00;2026-10-03T22:05:27+02:00;9ba9d8508d1e
2026-10-04;treffort;AROMEHD;2026-10-04T19:00;3.4;6.2;329.0;19.0;0.0;;0.0;0.0;100.0;100.0;44.91;5.6800003;0.0;2026-10-03T19:15:00+02:00;2026-10-03T22:05:27+02:00;9ba9d8508d1e
2026-10-04;treffort;AROMEHD;2026-10-04T20:00;1.8;6.0;354.0;18.0;0.0;;0.0;0.0;100.0;100.0;44.91;5.6800003;0.0;2026-10-03T19:15:00+02:00;2026-10-03T22:05:27+02:00;9ba9d8508d1e
2026-10-04;treffort;AROMEHD;2026-10-04T21:00;2.2;3.1;135.0;17.2;0.0;;0.0;0.0;100.0;100.0;44.91;5.6800003;0.0;2026-10-03T19:15:00+02:00;2026-10-03T22:05:27+02:00;9ba9d8508d1e
2026-10-04;treffort;AROMEHD;2026-10-04T22:00;1.0;2.9;101.0;16.7;0.0;;0.0;0.0;100.0;100.0;44.91;5.6800003;0.0;2026-10-03T19:15:00+02:00;2026-10-03T22:05:27+02:00;9ba9d8508d1e
2026-10-04;treffort;AROMEHD;2026-10-04T23:00;1.3;1.7;117.0;16.2;0.0;;0.0;0.0;100.0;100.0;44.91;5.6800003;0.0;2026-10-03T19:15:00+02:00;2026-10-03T22:05:27+02:00;9ba9d8508d1e
2026-10-04;treffort;AROMEHD;2026-10-05T00:00;0.6;1.6;90.0;16.3;0.0;;0.0;0.0;100.0;100.0;44.91;5.6800003;0.0;2026-10-03T19:15:00+02:00;2026-10-03T22:05:27+02:00;9ba9d8508d1e
2026-10-04;treffort;ICONCH1;2026-10-04T01:00;2.7;6.2;172.0;14.8;0.0;82.0;10.0;77.0;14.0;82.0;44.905636;5.680298;502.0;2026-10-03T19:15:00+02:00;2026-10-03T22:05:27+02:00;9ba9d8508d1e
2026-10-04;treffort;ICONCH1;2026-10-04T02:00;2.1;4.9;175.0;14.9;0.0;98.0;0.0;98.0;23.0;98.0;44.905636;5.680298;502.0;2026-10-03T19:15:00+02:00;2026-10-03T22:05:27+02:00;9ba9d8508d1e
2026-10-04;treffort;ICONCH1;2026-10-04T03:00;2.3;4.5;138.0;14.6;0.0;80.0;0.0;80.0;4.0;80.0;44.905636;5.680298;502.0;2026-10-03T19:15:00+02:00;2026-10-03T22:05:27+02:00;9ba9d8508d1e
2026-10-04;treffort;ICONCH1;2026-10-04T04:00;2.1;3.9;158.0;14.6;0.0;89.0;0.0;89.0;10.0;89.0;44.905636;5.680298;502.0;2026-10-03T19:15:00+02:00;2026-10-03T22:05:27+02:00;9ba9d8508d1e
2026-10-04;treffort;ICONCH1;2026-10-04T05:00;1.6;4.1;166.0;14.7;0.0;73.0;0.0;70.0;19.0;73.0;44.905636;5.680298;502.0;2026-10-03T19:15:00+02:00;2026-10-03T22:05:27+02:00;9ba9d8508d1e
2026-10-04;treffort;ICONCH1;2026-10-04T06:00;2.3;3.1;160.0;14.2;0.0;86.0;0.0;68.0;56.0;86.0;44.905636;5.680298;502.0;2026-10-03T19:15:00+02:00;2026-10-03T22:05:27+02:00;9ba9d8508d1e
2026-10-04;treffort;ICONCH1;2026-10-04T07:00;2.4;4.1;171.0;13.9;0.0;63.0;0.0;35.0;37.0;63.0;44.905636;5.680298;502.0;2026-10-03T19:15:00+02:00;2026-10-03T22:05:27+02:00;9ba9d8508d1e
2026-10-04;treffort;ICONCH1;2026-10-04T08:00;2.8;4.3;164.0;13.4;0.0;96.0;0.0;17.0;91.0;96.0;44.905636;5.680298;502.0;2026-10-03T19:15:00+02:00;2026-10-03T22:05:27+02:00;9ba9d8508d1e
2026-10-04;treffort;ICONCH1;2026-10-04T09:00;2.1;4.5;139.0;14.7;0.0;15.0;0.0;0.0;15.0;15.0;44.905636;5.680298;502.0;2026-10-03T19:15:00+02:00;2026-10-03T22:05:27+02:00;9ba9d8508d1e
2026-10-04;treffort;ICONCH1;2026-10-04T10:00;1.9;4.1;143.0;17.2;0.0;99.0;0.0;18.0;99.0;99.0;44.905636;5.680298;502.0;2026-10-03T19:15:00+02:00;2026-10-03T22:05:27+02:00;9ba9d8508d1e
2026-10-04;treffort;ICONCH1;2026-10-04T11:00;1.6;4.1;120.0;19.6;0.0;100.0;0.0;0.0;100.0;100.0;44.905636;5.680298;502.0;2026-10-03T19:15:00+02:00;2026-10-03T22:05:27+02:00;9ba9d8508d1e
2026-10-04;treffort;ICONCH1;2026-10-04T12:00;1.4;3.7;45.0;21.8;0.0;100.0;0.0;0.0;100.0;100.0;44.905636;5.680298;502.0;2026-10-03T19:15:00+02:00;2026-10-03T22:05:27+02:00;9ba9d8508d1e
2026-10-04;treffort;ICONCH1;2026-10-04T13:00;2.9;6.0;28.0;23.1;0.0;100.0;0.0;0.0;100.0;100.0;44.905636;5.680298;502.0;2026-10-03T19:15:00+02:00;2026-10-03T22:05:27+02:00;9ba9d8508d1e
2026-10-04;treffort;ICONCH1;2026-10-04T14:00;7.2;13.0;5.0;23.8;0.0;56.0;12.0;47.0;23.0;56.0;44.905636;5.680298;502.0;2026-10-03T19:15:00+02:00;2026-10-03T22:05:27+02:00;9ba9d8508d1e
2026-10-04;treffort;ICONCH1;2026-10-04T15:00;9.1;16.1;360.0;23.3;0.0;95.0;2.0;94.0;11.0;95.0;44.905636;5.680298;502.0;2026-10-03T19:15:00+02:00;2026-10-03T22:05:27+02:00;9ba9d8508d1e
2026-10-04;treffort;ICONCH1;2026-10-04T16:00;8.8;16.9;357.0;22.8;0.0;79.0;7.0;63.0;42.0;79.0;44.905636;5.680298;502.0;2026-10-03T19:15:00+02:00;2026-10-03T22:05:27+02:00;9ba9d8508d1e
2026-10-04;treffort;ICONCH1;2026-10-04T17:00;8.2;15.7;5.0;22.2;0.0;67.0;0.0;65.0;7.0;67.0;44.905636;5.680298;502.0;2026-10-03T19:15:00+02:00;2026-10-03T22:05:27+02:00;9ba9d8508d1e
2026-10-04;treffort;ICONCH1;2026-10-04T18:00;7.3;14.2;351.0;21.8;0.0;85.0;30.0;73.0;0.0;85.0;44.905636;5.680298;502.0;2026-10-03T19:15:00+02:00;2026-10-03T22:05:27+02:00;9ba9d8508d1e
2026-10-04;treffort;ICONCH1;2026-10-04T19:00;5.1;12.2;302.0;20.4;0.0;100.0;42.0;70.0;100.0;100.0;44.905636;5.680298;502.0;2026-10-03T19:15:00+02:00;2026-10-03T22:05:27+02:00;9ba9d8508d1e
2026-10-04;treffort;ICONCH1;2026-10-04T20:00;5.1;9.5;313.0;19.5;0.0;92.0;44.0;32.0;79.0;92.0;44.905636;5.680298;502.0;2026-10-03T19:15:00+02:00;2026-10-03T22:05:27+02:00;9ba9d8508d1e
2026-10-04;treffort;ICONCH1;2026-10-04T21:00;3.3;8.6;298.0;18.4;0.0;71.0;51.0;0.0;42.0;71.0;44.905636;5.680298;502.0;2026-10-03T19:15:00+02:00;2026-10-03T22:05:27+02:00;9ba9d8508d1e
2026-10-04;treffort;ICONCH1;2026-10-04T22:00;2.8;5.4;168.0;17.5;0.0;81.0;42.0;0.0;57.0;81.0;44.905636;5.680298;502.0;2026-10-03T19:15:00+02:00;2026-10-03T22:05:27+02:00;9ba9d8508d1e
2026-10-04;treffort;ICONCH1;2026-10-04T23:00;3.1;6.0;162.0;16.2;0.0;32.0;29.0;0.0;5.0;32.0;44.905636;5.680298;502.0;2026-10-03T19:15:00+02:00;2026-10-03T22:05:27+02:00;9ba9d8508d1e
2026-10-04;treffort;ICONCH1;2026-10-05T00:00;2.3;5.1;175.0;15.7;0.0;100.0;3.0;0.0;100.0;100.0;44.905636;5.680298;502.0;2026-10-03T19:15:00+02:00;2026-10-03T22:05:27+02:00;9ba9d8508d1e
2026-10-04;vengeron;AROMEHD;2026-10-04T01:00;2.3;3.5;340.0;16.2;0.0;;0.0;0.0;21.0;21.0;46.25;6.17;0.0;2026-10-03T19:15:00+02:00;2026-10-03T22:05:27+02:00;9ba9d8508d1e
2026-10-04;vengeron;AROMEHD;2026-10-04T02:00;1.6;3.1;7.0;16.3;0.0;;0.0;4.0;1.0;4.0;46.25;6.17;0.0;2026-10-03T19:15:00+02:00;2026-10-03T22:05:27+02:00;9ba9d8508d1e
2026-10-04;vengeron;AROMEHD;2026-10-04T03:00;0.8;2.1;135.0;16.2;0.0;;0.0;37.0;0.0;37.0;46.25;6.17;0.0;2026-10-03T19:15:00+02:00;2026-10-03T22:05:27+02:00;9ba9d8508d1e
2026-10-04;vengeron;AROMEHD;2026-10-04T04:00;1.0;2.1;158.0;16.3;0.0;;0.0;1.0;16.0;16.0;46.25;6.17;0.0;2026-10-03T19:15:00+02:00;2026-10-03T22:05:27+02:00;9ba9d8508d1e
2026-10-04;vengeron;AROMEHD;2026-10-04T05:00;0.7;1.6;304.0;15.3;0.0;;0.0;3.0;59.0;59.0;46.25;6.17;0.0;2026-10-03T19:15:00+02:00;2026-10-03T22:05:27+02:00;9ba9d8508d1e
2026-10-04;vengeron;AROMEHD;2026-10-04T06:00;1.7;1.9;297.0;14.3;0.0;;0.0;0.0;37.0;37.0;46.25;6.17;0.0;2026-10-03T19:15:00+02:00;2026-10-03T22:05:27+02:00;9ba9d8508d1e
2026-10-04;vengeron;AROMEHD;2026-10-04T07:00;2.1;2.5;292.0;13.6;0.0;;0.0;0.0;100.0;100.0;46.25;6.17;0.0;2026-10-03T19:15:00+02:00;2026-10-03T22:05:27+02:00;9ba9d8508d1e
2026-10-04;vengeron;AROMEHD;2026-10-04T08:00;2.5;2.9;270.0;13.6;0.0;;0.0;4.0;100.0;100.0;46.25;6.17;0.0;2026-10-03T19:15:00+02:00;2026-10-03T22:05:27+02:00;9ba9d8508d1e
2026-10-04;vengeron;AROMEHD;2026-10-04T09:00;2.3;3.3;239.0;14.7;0.0;;0.0;0.0;100.0;100.0;46.25;6.17;0.0;2026-10-03T19:15:00+02:00;2026-10-03T22:05:27+02:00;9ba9d8508d1e
2026-10-04;vengeron;AROMEHD;2026-10-04T10:00;1.7;3.3;216.0;15.5;0.0;;0.0;0.0;100.0;100.0;46.25;6.17;0.0;2026-10-03T19:15:00+02:00;2026-10-03T22:05:27+02:00;9ba9d8508d1e
2026-10-04;vengeron;AROMEHD;2026-10-04T11:00;1.3;2.5;117.0;16.1;0.0;;0.0;2.0;100.0;100.0;46.25;6.17;0.0;2026-10-03T19:15:00+02:00;2026-10-03T22:05:27+02:00;9ba9d8508d1e
2026-10-04;vengeron;AROMEHD;2026-10-04T12:00;1.5;1.7;50.0;16.6;0.0;;0.0;0.0;100.0;100.0;46.25;6.17;0.0;2026-10-03T19:15:00+02:00;2026-10-03T22:05:27+02:00;9ba9d8508d1e
2026-10-04;vengeron;AROMEHD;2026-10-04T13:00;2.2;2.5;38.0;17.6;0.0;;0.0;0.0;100.0;100.0;46.25;6.17;0.0;2026-10-03T19:15:00+02:00;2026-10-03T22:05:27+02:00;9ba9d8508d1e
2026-10-04;vengeron;AROMEHD;2026-10-04T14:00;2.9;3.1;37.0;18.4;0.0;;0.0;0.0;100.0;100.0;46.25;6.17;0.0;2026-10-03T19:15:00+02:00;2026-10-03T22:05:27+02:00;9ba9d8508d1e
2026-10-04;vengeron;AROMEHD;2026-10-04T15:00;4.7;5.2;30.0;19.2;0.0;;0.0;0.0;100.0;100.0;46.25;6.17;0.0;2026-10-03T19:15:00+02:00;2026-10-03T22:05:27+02:00;9ba9d8508d1e
2026-10-04;vengeron;AROMEHD;2026-10-04T16:00;5.9;6.6;17.0;20.5;0.0;;0.0;0.0;98.0;98.0;46.25;6.17;0.0;2026-10-03T19:15:00+02:00;2026-10-03T22:05:27+02:00;9ba9d8508d1e
2026-10-04;vengeron;AROMEHD;2026-10-04T17:00;6.6;7.8;21.0;20.8;0.0;;0.0;0.0;100.0;100.0;46.25;6.17;0.0;2026-10-03T19:15:00+02:00;2026-10-03T22:05:27+02:00;9ba9d8508d1e
2026-10-04;vengeron;AROMEHD;2026-10-04T18:00;5.5;7.6;23.0;20.8;0.0;;0.0;0.0;100.0;100.0;46.25;6.17;0.0;2026-10-03T19:15:00+02:00;2026-10-03T22:05:27+02:00;9ba9d8508d1e
2026-10-04;vengeron;AROMEHD;2026-10-04T19:00;4.4;6.2;21.0;20.4;0.0;;0.0;0.0;100.0;100.0;46.25;6.17;0.0;2026-10-03T19:15:00+02:00;2026-10-03T22:05:27+02:00;9ba9d8508d1e
2026-10-04;vengeron;AROMEHD;2026-10-04T20:00;3.8;5.1;15.0;20.1;0.0;;0.0;0.0;81.0;81.0;46.25;6.17;0.0;2026-10-03T19:15:00+02:00;2026-10-03T22:05:27+02:00;9ba9d8508d1e
2026-10-04;vengeron;AROMEHD;2026-10-04T21:00;4.0;5.2;14.0;19.7;0.0;;0.0;0.0;100.0;100.0;46.25;6.17;0.0;2026-10-03T19:15:00+02:00;2026-10-03T22:05:27+02:00;9ba9d8508d1e
2026-10-04;vengeron;AROMEHD;2026-10-04T22:00;1.8;5.1;32.0;18.9;0.0;;0.0;0.0;100.0;100.0;46.25;6.17;0.0;2026-10-03T19:15:00+02:00;2026-10-03T22:05:27+02:00;9ba9d8508d1e
2026-10-04;vengeron;AROMEHD;2026-10-04T23:00;1.2;2.7;99.0;18.4;0.0;;0.0;0.0;100.0;100.0;46.25;6.17;0.0;2026-10-03T19:15:00+02:00;2026-10-03T22:05:27+02:00;9ba9d8508d1e
2026-10-04;vengeron;AROMEHD;2026-10-05T00:00;1.2;1.9;261.0;17.3;0.0;;0.0;0.0;27.0;27.0;46.25;6.17;0.0;2026-10-03T19:15:00+02:00;2026-10-03T22:05:27+02:00;9ba9d8508d1e
2026-10-04;vengeron;ICONCH1;2026-10-04T01:00;3.5;4.5;297.0;17.4;0.0;100.0;0.0;100.0;20.0;100.0;46.24517;6.166931;0.0;2026-10-03T19:15:00+02:00;2026-10-03T22:05:27+02:00;9ba9d8508d1e
2026-10-04;vengeron;ICONCH1;2026-10-04T02:00;1.7;4.5;291.0;17.8;0.0;95.0;0.0;95.0;39.0;95.0;46.24517;6.166931;0.0;2026-10-03T19:15:00+02:00;2026-10-03T22:05:27+02:00;9ba9d8508d1e
2026-10-04;vengeron;ICONCH1;2026-10-04T03:00;3.0;4.3;293.0;17.4;0.0;89.0;0.0;89.0;4.0;89.0;46.24517;6.166931;0.0;2026-10-03T19:15:00+02:00;2026-10-03T22:05:27+02:00;9ba9d8508d1e
2026-10-04;vengeron;ICONCH1;2026-10-04T04:00;1.6;4.1;277.0;17.5;0.0;94.0;39.0;86.0;1.0;94.0;46.24517;6.166931;0.0;2026-10-03T19:15:00+02:00;2026-10-03T22:05:27+02:00;9ba9d8508d1e
2026-10-04;vengeron;ICONCH1;2026-10-04T05:00;1.5;2.7;293.0;17.3;0.0;95.0;15.0;85.0;47.0;95.0;46.24517;6.166931;0.0;2026-10-03T19:15:00+02:00;2026-10-03T22:05:27+02:00;9ba9d8508d1e
2026-10-04;vengeron;ICONCH1;2026-10-04T06:00;2.8;4.1;286.0;16.9;0.0;100.0;34.0;100.0;100.0;100.0;46.24517;6.166931;0.0;2026-10-03T19:15:00+02:00;2026-10-03T22:05:27+02:00;9ba9d8508d1e
2026-10-04;vengeron;ICONCH1;2026-10-04T07:00;1.6;3.9;300.0;17.0;0.0;100.0;3.0;100.0;100.0;100.0;46.24517;6.166931;0.0;2026-10-03T19:15:00+02:00;2026-10-03T22:05:27+02:00;9ba9d8508d1e
2026-10-04;vengeron;ICONCH1;2026-10-04T08:00;2.3;3.3;275.0;16.9;0.0;100.0;12.0;92.0;100.0;100.0;46.24517;6.166931;0.0;2026-10-03T19:15:00+02:00;2026-10-03T22:05:27+02:00;9ba9d8508d1e
2026-10-04;vengeron;ICONCH1;2026-10-04T09:00;2.2;3.5;280.0;17.0;0.0;99.0;6.0;87.0;92.0;99.0;46.24517;6.166931;0.0;2026-10-03T19:15:00+02:00;2026-10-03T22:05:27+02:00;9ba9d8508d1e
2026-10-04;vengeron;ICONCH1;2026-10-04T10:00;1.0;2.9;233.0;17.5;0.0;100.0;18.0;68.0;100.0;100.0;46.24517;6.166931;0.0;2026-10-03T19:15:00+02:00;2026-10-03T22:05:27+02:00;9ba9d8508d1e
2026-10-04;vengeron;ICONCH1;2026-10-04T11:00;0.6;1.4;72.0;18.1;0.0;100.0;42.0;36.0;100.0;100.0;46.24517;6.166931;0.0;2026-10-03T19:15:00+02:00;2026-10-03T22:05:27+02:00;9ba9d8508d1e
2026-10-04;vengeron;ICONCH1;2026-10-04T12:00;2.2;3.3;45.0;19.0;0.0;100.0;39.0;62.0;100.0;100.0;46.24517;6.166931;0.0;2026-10-03T19:15:00+02:00;2026-10-03T22:05:27+02:00;9ba9d8508d1e
2026-10-04;vengeron;ICONCH1;2026-10-04T13:00;1.9;3.1;45.0;19.7;0.0;100.0;0.0;38.0;100.0;100.0;46.24517;6.166931;0.0;2026-10-03T19:15:00+02:00;2026-10-03T22:05:27+02:00;9ba9d8508d1e
2026-10-04;vengeron;ICONCH1;2026-10-04T14:00;3.4;4.7;47.0;20.6;0.0;93.0;0.0;36.0;85.0;93.0;46.24517;6.166931;0.0;2026-10-03T19:15:00+02:00;2026-10-03T22:05:27+02:00;9ba9d8508d1e
2026-10-04;vengeron;ICONCH1;2026-10-04T15:00;4.9;6.4;23.0;21.6;0.0;100.0;0.0;37.0;100.0;100.0;46.24517;6.166931;0.0;2026-10-03T19:15:00+02:00;2026-10-03T22:05:27+02:00;9ba9d8508d1e
2026-10-04;vengeron;ICONCH1;2026-10-04T16:00;5.7;7.4;27.0;22.1;0.0;47.0;0.0;35.0;18.0;47.0;46.24517;6.166931;0.0;2026-10-03T19:15:00+02:00;2026-10-03T22:05:27+02:00;9ba9d8508d1e
2026-10-04;vengeron;ICONCH1;2026-10-04T17:00;4.9;7.4;7.0;22.6;0.0;86.0;4.0;46.0;64.0;86.0;46.24517;6.166931;0.0;2026-10-03T19:15:00+02:00;2026-10-03T22:05:27+02:00;9ba9d8508d1e
2026-10-04;vengeron;ICONCH1;2026-10-04T18:00;7.5;12.1;345.0;21.8;0.0;100.0;35.0;60.0;100.0;100.0;46.24517;6.166931;0.0;2026-10-03T19:15:00+02:00;2026-10-03T22:05:27+02:00;9ba9d8508d1e
2026-10-04;vengeron;ICONCH1;2026-10-04T19:00;4.5;9.5;353.0;20.9;0.0;100.0;0.0;100.0;73.0;100.0;46.24517;6.166931;0.0;2026-10-03T19:15:00+02:00;2026-10-03T22:05:27+02:00;9ba9d8508d1e
2026-10-04;vengeron;ICONCH1;2026-10-04T20:00;0.6;5.8;18.0;21.0;0.0;81.0;41.0;42.0;44.0;81.0;46.24517;6.166931;0.0;2026-10-03T19:15:00+02:00;2026-10-03T22:05:27+02:00;9ba9d8508d1e
2026-10-04;vengeron;ICONCH1;2026-10-04T21:00;2.1;2.9;319.0;19.7;0.0;68.0;4.0;0.0;65.0;68.0;46.24517;6.166931;0.0;2026-10-03T19:15:00+02:00;2026-10-03T22:05:27+02:00;9ba9d8508d1e
2026-10-04;vengeron;ICONCH1;2026-10-04T22:00;3.2;4.1;317.0;18.4;0.0;100.0;0.0;64.0;100.0;100.0;46.24517;6.166931;0.0;2026-10-03T19:15:00+02:00;2026-10-03T22:05:27+02:00;9ba9d8508d1e
2026-10-04;vengeron;ICONCH1;2026-10-04T23:00;2.3;4.3;336.0;18.2;0.0;100.0;7.0;0.0;100.0;100.0;46.24517;6.166931;0.0;2026-10-03T19:15:00+02:00;2026-10-03T22:05:27+02:00;9ba9d8508d1e
2026-10-04;vengeron;ICONCH1;2026-10-05T00:00;3.0;3.9;315.0;17.8;0.0;100.0;10.0;7.0;100.0;100.0;46.24517;6.166931;0.0;2026-10-03T19:15:00+02:00;2026-10-03T22:05:27+02:00;9ba9d8508d1e
2026-10-04;wwmeyzieu;AROMEHD;2026-10-04T01:00;0.4;1.0;63.0;16.5;0.0;;0.0;29.0;15.0;29.0;45.78;4.9799995;0.0;2026-10-03T19:15:00+02:00;2026-10-03T22:05:27+02:00;9ba9d8508d1e
2026-10-04;wwmeyzieu;AROMEHD;2026-10-04T02:00;0.9;1.0;63.0;16.5;0.0;;0.0;100.0;81.0;100.0;45.78;4.9799995;0.0;2026-10-03T19:15:00+02:00;2026-10-03T22:05:27+02:00;9ba9d8508d1e
2026-10-04;wwmeyzieu;AROMEHD;2026-10-04T03:00;2.6;3.1;42.0;15.8;0.0;;0.0;100.0;100.0;100.0;45.78;4.9799995;0.0;2026-10-03T19:15:00+02:00;2026-10-03T22:05:27+02:00;9ba9d8508d1e
2026-10-04;wwmeyzieu;AROMEHD;2026-10-04T04:00;2.2;3.1;45.0;15.9;0.0;;1.0;100.0;99.0;100.0;45.78;4.9799995;0.0;2026-10-03T19:15:00+02:00;2026-10-03T22:05:27+02:00;9ba9d8508d1e
2026-10-04;wwmeyzieu;AROMEHD;2026-10-04T05:00;2.0;2.3;349.0;14.8;0.0;;6.0;95.0;100.0;100.0;45.78;4.9799995;0.0;2026-10-03T19:15:00+02:00;2026-10-03T22:05:27+02:00;9ba9d8508d1e
2026-10-04;wwmeyzieu;AROMEHD;2026-10-04T06:00;2.6;3.1;36.0;14.7;0.0;;3.0;98.0;95.0;98.0;45.78;4.9799995;0.0;2026-10-03T19:15:00+02:00;2026-10-03T22:05:27+02:00;9ba9d8508d1e
2026-10-04;wwmeyzieu;AROMEHD;2026-10-04T07:00;2.1;3.1;68.0;14.9;0.0;;3.0;11.0;100.0;100.0;45.78;4.9799995;0.0;2026-10-03T19:15:00+02:00;2026-10-03T22:05:27+02:00;9ba9d8508d1e
2026-10-04;wwmeyzieu;AROMEHD;2026-10-04T08:00;2.3;2.9;70.0;15.1;0.0;;2.0;0.0;100.0;100.0;45.78;4.9799995;0.0;2026-10-03T19:15:00+02:00;2026-10-03T22:05:27+02:00;9ba9d8508d1e
2026-10-04;wwmeyzieu;AROMEHD;2026-10-04T09:00;2.2;2.9;27.0;15.6;0.0;;1.0;0.0;100.0;100.0;45.78;4.9799995;0.0;2026-10-03T19:15:00+02:00;2026-10-03T22:05:27+02:00;9ba9d8508d1e
2026-10-04;wwmeyzieu;AROMEHD;2026-10-04T10:00;2.1;4.3;49.0;17.0;0.0;;0.0;11.0;100.0;100.0;45.78;4.9799995;0.0;2026-10-03T19:15:00+02:00;2026-10-03T22:05:27+02:00;9ba9d8508d1e
2026-10-04;wwmeyzieu;AROMEHD;2026-10-04T11:00;1.1;3.9;45.0;19.2;0.0;;0.0;0.0;100.0;100.0;45.78;4.9799995;0.0;2026-10-03T19:15:00+02:00;2026-10-03T22:05:27+02:00;9ba9d8508d1e
2026-10-04;wwmeyzieu;AROMEHD;2026-10-04T12:00;1.4;4.9;56.0;20.2;0.0;;0.0;0.0;100.0;100.0;45.78;4.9799995;0.0;2026-10-03T19:15:00+02:00;2026-10-03T22:05:27+02:00;9ba9d8508d1e
2026-10-04;wwmeyzieu;AROMEHD;2026-10-04T13:00;3.5;7.6;38.0;21.2;0.0;;0.0;0.0;98.0;98.0;45.78;4.9799995;0.0;2026-10-03T19:15:00+02:00;2026-10-03T22:05:27+02:00;9ba9d8508d1e
2026-10-04;wwmeyzieu;AROMEHD;2026-10-04T14:00;2.8;7.8;34.0;21.7;0.0;;0.0;0.0;98.0;98.0;45.78;4.9799995;0.0;2026-10-03T19:15:00+02:00;2026-10-03T22:05:27+02:00;9ba9d8508d1e
2026-10-04;wwmeyzieu;AROMEHD;2026-10-04T15:00;2.8;7.4;34.0;22.3;0.0;;0.0;0.0;100.0;100.0;45.78;4.9799995;0.0;2026-10-03T19:15:00+02:00;2026-10-03T22:05:27+02:00;9ba9d8508d1e
2026-10-04;wwmeyzieu;AROMEHD;2026-10-04T16:00;1.6;6.4;30.0;22.6;0.0;;0.0;0.0;100.0;100.0;45.78;4.9799995;0.0;2026-10-03T19:15:00+02:00;2026-10-03T22:05:27+02:00;9ba9d8508d1e
2026-10-04;wwmeyzieu;AROMEHD;2026-10-04T17:00;2.1;5.2;49.0;22.9;0.0;;0.0;0.0;100.0;100.0;45.78;4.9799995;0.0;2026-10-03T19:15:00+02:00;2026-10-03T22:05:27+02:00;9ba9d8508d1e
2026-10-04;wwmeyzieu;AROMEHD;2026-10-04T18:00;2.2;5.6;52.0;22.9;0.0;;0.0;0.0;100.0;100.0;45.78;4.9799995;0.0;2026-10-03T19:15:00+02:00;2026-10-03T22:05:27+02:00;9ba9d8508d1e
2026-10-04;wwmeyzieu;AROMEHD;2026-10-04T19:00;2.2;4.3;38.0;22.2;0.0;;0.0;0.0;100.0;100.0;45.78;4.9799995;0.0;2026-10-03T19:15:00+02:00;2026-10-03T22:05:27+02:00;9ba9d8508d1e
2026-10-04;wwmeyzieu;AROMEHD;2026-10-04T20:00;3.5;4.3;19.0;20.9;0.0;;0.0;0.0;100.0;100.0;45.78;4.9799995;0.0;2026-10-03T19:15:00+02:00;2026-10-03T22:05:27+02:00;9ba9d8508d1e
2026-10-04;wwmeyzieu;AROMEHD;2026-10-04T21:00;1.1;4.3;59.0;19.9;0.0;;0.0;0.0;98.0;98.0;45.78;4.9799995;0.0;2026-10-03T19:15:00+02:00;2026-10-03T22:05:27+02:00;9ba9d8508d1e
2026-10-04;wwmeyzieu;AROMEHD;2026-10-04T22:00;1.2;1.4;90.0;19.3;0.0;;0.0;0.0;97.0;97.0;45.78;4.9799995;0.0;2026-10-03T19:15:00+02:00;2026-10-03T22:05:27+02:00;9ba9d8508d1e
2026-10-04;wwmeyzieu;AROMEHD;2026-10-04T23:00;1.4;1.6;106.0;18.8;0.0;;0.0;0.0;100.0;100.0;45.78;4.9799995;0.0;2026-10-03T19:15:00+02:00;2026-10-03T22:05:27+02:00;9ba9d8508d1e
2026-10-04;wwmeyzieu;AROMEHD;2026-10-05T00:00;2.4;2.5;209.0;18.6;0.0;;0.0;0.0;100.0;100.0;45.78;4.9799995;0.0;2026-10-03T19:15:00+02:00;2026-10-03T22:05:27+02:00;9ba9d8508d1e
2026-10-04;wwmeyzieu;ICONCH1;2026-10-04T01:00;0.4;2.7;360.0;18.0;0.0;85.0;5.0;75.0;37.0;85.0;45.787823;4.9783936;0.0;2026-10-03T19:15:00+02:00;2026-10-03T22:05:27+02:00;9ba9d8508d1e
2026-10-04;wwmeyzieu;ICONCH1;2026-10-04T02:00;1.0;2.5;143.0;17.9;0.0;100.0;38.0;48.0;100.0;100.0;45.787823;4.9783936;0.0;2026-10-03T19:15:00+02:00;2026-10-03T22:05:27+02:00;9ba9d8508d1e
2026-10-04;wwmeyzieu;ICONCH1;2026-10-04T03:00;0.7;1.6;146.0;17.9;0.0;100.0;4.0;94.0;100.0;100.0;45.787823;4.9783936;0.0;2026-10-03T19:15:00+02:00;2026-10-03T22:05:27+02:00;9ba9d8508d1e
2026-10-04;wwmeyzieu;ICONCH1;2026-10-04T04:00;0.4;1.6;63.0;17.7;0.0;71.0;6.0;64.0;18.0;71.0;45.787823;4.9783936;0.0;2026-10-03T19:15:00+02:00;2026-10-03T22:05:27+02:00;9ba9d8508d1e
2026-10-04;wwmeyzieu;ICONCH1;2026-10-04T05:00;0.5;1.9;45.0;17.3;0.0;100.0;19.0;85.0;100.0;100.0;45.787823;4.9783936;0.0;2026-10-03T19:15:00+02:00;2026-10-03T22:05:27+02:00;9ba9d8508d1e
2026-10-04;wwmeyzieu;ICONCH1;2026-10-04T06:00;1.6;2.5;360.0;15.9;0.0;95.0;94.0;82.0;30.0;95.0;45.787823;4.9783936;0.0;2026-10-03T19:15:00+02:00;2026-10-03T22:05:27+02:00;9ba9d8508d1e
2026-10-04;wwmeyzieu;ICONCH1;2026-10-04T07:00;0.5;2.5;315.0;16.3;0.0;98.0;83.0;83.0;47.0;98.0;45.787823;4.9783936;0.0;2026-10-03T19:15:00+02:00;2026-10-03T22:05:27+02:00;9ba9d8508d1e
2026-10-04;wwmeyzieu;ICONCH1;2026-10-04T08:00;1.2;1.7;279.0;16.4;0.0;100.0;84.0;96.0;51.0;100.0;45.787823;4.9783936;0.0;2026-10-03T19:15:00+02:00;2026-10-03T22:05:27+02:00;9ba9d8508d1e
2026-10-04;wwmeyzieu;ICONCH1;2026-10-04T09:00;0.7;1.7;34.0;16.5;0.0;100.0;94.0;71.0;100.0;100.0;45.787823;4.9783936;0.0;2026-10-03T19:15:00+02:00;2026-10-03T22:05:27+02:00;9ba9d8508d1e
2026-10-04;wwmeyzieu;ICONCH1;2026-10-04T10:00;0.4;2.5;243.0;16.9;0.0;100.0;90.0;72.0;100.0;100.0;45.787823;4.9783936;0.0;2026-10-03T19:15:00+02:00;2026-10-03T22:05:27+02:00;9ba9d8508d1e
2026-10-04;wwmeyzieu;ICONCH1;2026-10-04T11:00;1.0;2.9;259.0;18.1;0.0;100.0;34.0;86.0;100.0;100.0;45.787823;4.9783936;0.0;2026-10-03T19:15:00+02:00;2026-10-03T22:05:27+02:00;9ba9d8508d1e
2026-10-04;wwmeyzieu;ICONCH1;2026-10-04T12:00;1.0;2.5;259.0;19.7;0.0;100.0;0.0;38.0;100.0;100.0;45.787823;4.9783936;0.0;2026-10-03T19:15:00+02:00;2026-10-03T22:05:27+02:00;9ba9d8508d1e
2026-10-04;wwmeyzieu;ICONCH1;2026-10-04T13:00;0.8;2.3;180.0;20.9;0.0;97.0;0.0;28.0;94.0;97.0;45.787823;4.9783936;0.0;2026-10-03T19:15:00+02:00;2026-10-03T22:05:27+02:00;9ba9d8508d1e
2026-10-04;wwmeyzieu;ICONCH1;2026-10-04T14:00;0.0;2.1;270.0;22.2;0.0;84.0;0.0;34.0;65.0;84.0;45.787823;4.9783936;0.0;2026-10-03T19:15:00+02:00;2026-10-03T22:05:27+02:00;9ba9d8508d1e
2026-10-04;wwmeyzieu;ICONCH1;2026-10-04T15:00;0.3;1.6;225.0;23.4;0.0;38.0;0.0;38.0;2.0;38.0;45.787823;4.9783936;0.0;2026-10-03T19:15:00+02:00;2026-10-03T22:05:27+02:00;9ba9d8508d1e
2026-10-04;wwmeyzieu;ICONCH1;2026-10-04T16:00;0.2;1.4;270.0;24.4;0.0;33.0;0.0;33.0;0.0;33.0;45.787823;4.9783936;0.0;2026-10-03T19:15:00+02:00;2026-10-03T22:05:27+02:00;9ba9d8508d1e
2026-10-04;wwmeyzieu;ICONCH1;2026-10-04T17:00;0.3;1.6;45.0;25.1;0.0;15.0;0.0;14.0;2.0;15.0;45.787823;4.9783936;0.0;2026-10-03T19:15:00+02:00;2026-10-03T22:05:27+02:00;9ba9d8508d1e
2026-10-04;wwmeyzieu;ICONCH1;2026-10-04T18:00;0.3;1.7;45.0;24.8;0.0;100.0;0.0;33.0;100.0;100.0;45.787823;4.9783936;0.0;2026-10-03T19:15:00+02:00;2026-10-03T22:05:27+02:00;9ba9d8508d1e
2026-10-04;wwmeyzieu;ICONCH1;2026-10-04T19:00;0.0;0.8;270.0;24.1;0.0;100.0;0.0;12.0;100.0;100.0;45.787823;4.9783936;0.0;2026-10-03T19:15:00+02:00;2026-10-03T22:05:27+02:00;9ba9d8508d1e
2026-10-04;wwmeyzieu;ICONCH1;2026-10-04T20:00;1.6;2.3;97.0;23.0;0.0;100.0;0.0;35.0;100.0;100.0;45.787823;4.9783936;0.0;2026-10-03T19:15:00+02:00;2026-10-03T22:05:27+02:00;9ba9d8508d1e
2026-10-04;wwmeyzieu;ICONCH1;2026-10-04T21:00;1.6;2.3;76.0;21.8;0.0;100.0;0.0;39.0;99.0;100.0;45.787823;4.9783936;0.0;2026-10-03T19:15:00+02:00;2026-10-03T22:05:27+02:00;9ba9d8508d1e
2026-10-04;wwmeyzieu;ICONCH1;2026-10-04T22:00;1.6;4.1;30.0;19.0;0.0;100.0;0.0;4.0;100.0;100.0;45.787823;4.9783936;0.0;2026-10-03T19:15:00+02:00;2026-10-03T22:05:27+02:00;9ba9d8508d1e
2026-10-04;wwmeyzieu;ICONCH1;2026-10-04T23:00;1.0;2.3;79.0;19.7;0.0;100.0;0.0;9.0;100.0;100.0;45.787823;4.9783936;0.0;2026-10-03T19:15:00+02:00;2026-10-03T22:05:27+02:00;9ba9d8508d1e
2026-10-04;wwmeyzieu;ICONCH1;2026-10-05T00:00;1.8;3.3;58.0;17.8;0.0;87.0;0.0;25.0;74.0;87.0;45.787823;4.9783936;0.0;2026-10-03T19:15:00+02:00;2026-10-03T22:05:27+02:00;9ba9d8508d1e
