target_day;spot_key;model_key;valid_at;wind_speed_10m_kn;wind_gusts_10m_kn;wind_direction_10m_deg;temperature_2m_c;precipitation_mm;cloud_cover_pct;cloud_cover_low_pct;cloud_cover_mid_pct;cloud_cover_high_pct;cloud_cover_max_pct;grid_latitude;grid_longitude;grid_elevation_m;collecte_run_id;collecte_fetched_at;collecte_commit
2026-10-10;cap_des_seselets;AROMEHD;2026-10-10T01:00;3.7;5.1;171.0;13.0;0.0;;100.0;74.0;100.0;100.0;45.66;5.879999;0.0;2026-10-09T13:15:00+02:00;2026-10-09T14:01:44+02:00;4fc446c41564
2026-10-10;cap_des_seselets;AROMEHD;2026-10-10T02:00;2.3;5.1;149.0;12.9;0.0;;100.0;82.0;100.0;100.0;45.66;5.879999;0.0;2026-10-09T13:15:00+02:00;2026-10-09T14:01:44+02:00;4fc446c41564
2026-10-10;cap_des_seselets;AROMEHD;2026-10-10T03:00;1.2;3.3;198.0;12.9;0.0;;100.0;100.0;100.0;100.0;45.66;5.879999;0.0;2026-10-09T13:15:00+02:00;2026-10-09T14:01:44+02:00;4fc446c41564
2026-10-10;cap_des_seselets;AROMEHD;2026-10-10T04:00;3.1;4.3;162.0;13.1;0.0;;100.0;100.0;100.0;100.0;45.66;5.879999;0.0;2026-10-09T13:15:00+02:00;2026-10-09T14:01:44+02:00;4fc446c41564
2026-10-10;cap_des_seselets;AROMEHD;2026-10-10T05:00;0.7;4.7;56.0;13.0;0.0;;20.0;15.0;100.0;100.0;45.66;5.879999;0.0;2026-10-09T13:15:00+02:00;2026-10-09T14:01:44+02:00;4fc446c41564
2026-10-10;cap_des_seselets;AROMEHD;2026-10-10T06:00;3.3;5.1;173.0;12.7;0.0;;79.0;100.0;100.0;100.0;45.66;5.879999;0.0;2026-10-09T13:15:00+02:00;2026-10-09T14:01:44+02:00;4fc446c41564
2026-10-10;cap_des_seselets;AROMEHD;2026-10-10T07:00;0.7;4.7;34.0;12.7;0.0;;100.0;100.0;90.0;100.0;45.66;5.879999;0.0;2026-10-09T13:15:00+02:00;2026-10-09T14:01:44+02:00;4fc446c41564
2026-10-10;cap_des_seselets;AROMEHD;2026-10-10T08:00;2.0;3.5;343.0;12.3;1.0;;85.0;100.0;92.0;100.0;45.66;5.879999;0.0;2026-10-09T13:15:00+02:00;2026-10-09T14:01:44+02:00;4fc446c41564
2026-10-10;cap_des_seselets;AROMEHD;2026-10-10T09:00;1.4;1.6;180.0;11.9;0.3;;1.0;100.0;0.0;100.0;45.66;5.879999;0.0;2026-10-09T13:15:00+02:00;2026-10-09T14:01:44+02:00;4fc446c41564
2026-10-10;cap_des_seselets;AROMEHD;2026-10-10T10:00;2.0;4.9;191.0;12.3;0.0;;3.0;100.0;0.0;100.0;45.66;5.879999;0.0;2026-10-09T13:15:00+02:00;2026-10-09T14:01:44+02:00;4fc446c41564
2026-10-10;cap_des_seselets;AROMEHD;2026-10-10T11:00;0.2;3.7;180.0;12.9;0.0;;0.0;11.0;0.0;11.0;45.66;5.879999;0.0;2026-10-09T13:15:00+02:00;2026-10-09T14:01:44+02:00;4fc446c41564
2026-10-10;cap_des_seselets;AROMEHD;2026-10-10T12:00;2.9;1.9;8.0;13.6;0.0;;7.0;54.0;0.0;54.0;45.66;5.879999;0.0;2026-10-09T13:15:00+02:00;2026-10-09T14:01:44+02:00;4fc446c41564
2026-10-10;cap_des_seselets;AROMEHD;2026-10-10T13:00;4.9;6.4;351.0;14.4;0.0;;76.0;100.0;0.0;100.0;45.66;5.879999;0.0;2026-10-09T13:15:00+02:00;2026-10-09T14:01:44+02:00;4fc446c41564
2026-10-10;cap_des_seselets;AROMEHD;2026-10-10T14:00;2.6;7.0;312.0;14.6;0.1;;41.0;73.0;0.0;73.0;45.66;5.879999;0.0;2026-10-09T13:15:00+02:00;2026-10-09T14:01:44+02:00;4fc446c41564
2026-10-10;cap_des_seselets;AROMEHD;2026-10-10T15:00;1.4;3.7;344.0;15.0;0.0;;1.0;7.0;0.0;7.0;45.66;5.879999;0.0;2026-10-09T13:15:00+02:00;2026-10-09T14:01:44+02:00;4fc446c41564
2026-10-10;cap_des_seselets;AROMEHD;2026-10-10T16:00;2.0;3.3;281.0;15.1;0.1;;23.0;5.0;0.0;23.0;45.66;5.879999;0.0;2026-10-09T13:15:00+02:00;2026-10-09T14:01:44+02:00;4fc446c41564
2026-10-10;cap_des_seselets;AROMEHD;2026-10-10T17:00;2.2;2.7;27.0;15.9;0.0;;100.0;100.0;0.0;100.0;45.66;5.879999;0.0;2026-10-09T13:15:00+02:00;2026-10-09T14:01:44+02:00;4fc446c41564
2026-10-10;cap_des_seselets;AROMEHD;2026-10-10T18:00;1.6;1.7;7.0;16.3;0.0;;0.0;0.0;0.0;0.0;45.66;5.879999;0.0;2026-10-09T13:15:00+02:00;2026-10-09T14:01:44+02:00;4fc446c41564
2026-10-10;cap_des_seselets;AROMEHD;2026-10-10T19:00;5.9;7.6;9.0;16.2;0.0;;29.0;1.0;0.0;29.0;45.66;5.879999;0.0;2026-10-09T13:15:00+02:00;2026-10-09T14:01:44+02:00;4fc446c41564
2026-10-10;cap_des_seselets;AROMEHD;2026-10-10T20:00;5.3;9.3;24.0;16.0;0.3;;100.0;100.0;0.0;100.0;45.66;5.879999;0.0;2026-10-09T13:15:00+02:00;2026-10-09T14:01:44+02:00;4fc446c41564
2026-10-10;cap_des_seselets;AROMEHD;2026-10-10T21:00;1.4;4.9;270.0;15.6;0.0;;42.0;0.0;0.0;42.0;45.66;5.879999;0.0;2026-10-09T13:15:00+02:00;2026-10-09T14:01:44+02:00;4fc446c41564
2026-10-10;cap_des_seselets;AROMEHD;2026-10-10T22:00;2.1;3.3;180.0;14.8;0.0;;11.0;0.0;0.0;11.0;45.66;5.879999;0.0;2026-10-09T13:15:00+02:00;2026-10-09T14:01:44+02:00;4fc446c41564
2026-10-10;cap_des_seselets;AROMEHD;2026-10-10T23:00;4.3;5.4;93.0;14.3;0.0;;27.0;0.0;0.0;27.0;45.66;5.879999;0.0;2026-10-09T13:15:00+02:00;2026-10-09T14:01:44+02:00;4fc446c41564
2026-10-10;cap_des_seselets;AROMEHD;2026-10-11T00:00;2.7;4.3;225.0;13.9;0.0;;100.0;0.0;0.0;100.0;45.66;5.879999;0.0;2026-10-09T13:15:00+02:00;2026-10-09T14:01:44+02:00;4fc446c41564
2026-10-10;cap_des_seselets;ICONCH1;2026-10-10T01:00;1.8;5.1;108.0;14.5;0.0;100.0;53.0;99.0;100.0;100.0;45.66424;5.878174;0.0;2026-10-09T13:15:00+02:00;2026-10-09T14:01:44+02:00;4fc446c41564
2026-10-10;cap_des_seselets;ICONCH1;2026-10-10T02:00;1.4;3.9;124.0;13.8;0.0;100.0;55.0;72.0;100.0;100.0;45.66424;5.878174;0.0;2026-10-09T13:15:00+02:00;2026-10-09T14:01:44+02:00;4fc446c41564
2026-10-10;cap_des_seselets;ICONCH1;2026-10-10T03:00;1.9;3.5;66.0;14.0;0.0;97.0;88.0;85.0;70.0;97.0;45.66424;5.878174;0.0;2026-10-09T13:15:00+02:00;2026-10-09T14:01:44+02:00;4fc446c41564
2026-10-10;cap_des_seselets;ICONCH1;2026-10-10T04:00;1.9;3.3;114.0;14.0;0.0;100.0;85.0;100.0;99.0;100.0;45.66424;5.878174;0.0;2026-10-09T13:15:00+02:00;2026-10-09T14:01:44+02:00;4fc446c41564
2026-10-10;cap_des_seselets;ICONCH1;2026-10-10T05:00;1.9;2.7;156.0;13.4;0.1;100.0;99.0;98.0;100.0;100.0;45.66424;5.878174;0.0;2026-10-09T13:15:00+02:00;2026-10-09T14:01:44+02:00;4fc446c41564
2026-10-10;cap_des_seselets;ICONCH1;2026-10-10T06:00;1.4;2.7;164.0;13.2;0.4;100.0;89.0;94.0;100.0;100.0;45.66424;5.878174;0.0;2026-10-09T13:15:00+02:00;2026-10-09T14:01:44+02:00;4fc446c41564
2026-10-10;cap_des_seselets;ICONCH1;2026-10-10T07:00;2.2;3.1;117.0;13.0;0.6;100.0;93.0;99.0;0.0;100.0;45.66424;5.878174;0.0;2026-10-09T13:15:00+02:00;2026-10-09T14:01:44+02:00;4fc446c41564
2026-10-10;cap_des_seselets;ICONCH1;2026-10-10T08:00;2.1;3.3;180.0;12.8;0.4;100.0;63.0;100.0;0.0;100.0;45.66424;5.878174;0.0;2026-10-09T13:15:00+02:00;2026-10-09T14:01:44+02:00;4fc446c41564
2026-10-10;cap_des_seselets;ICONCH1;2026-10-10T09:00;2.7;4.3;159.0;12.9;0.0;100.0;81.0;100.0;0.0;100.0;45.66424;5.878174;0.0;2026-10-09T13:15:00+02:00;2026-10-09T14:01:44+02:00;4fc446c41564
2026-10-10;cap_des_seselets;ICONCH1;2026-10-10T10:00;2.3;3.9;160.0;13.1;0.3;100.0;99.0;100.0;0.0;100.0;45.66424;5.878174;0.0;2026-10-09T13:15:00+02:00;2026-10-09T14:01:44+02:00;4fc446c41564
2026-10-10;cap_des_seselets;ICONCH1;2026-10-10T11:00;2.4;3.7;145.0;13.2;0.7;96.0;82.0;91.0;0.0;96.0;45.66424;5.878174;0.0;2026-10-09T13:15:00+02:00;2026-10-09T14:01:44+02:00;4fc446c41564
2026-10-10;cap_des_seselets;ICONCH1;2026-10-10T12:00;2.2;3.5;153.0;13.5;0.0;100.0;100.0;100.0;0.0;100.0;45.66424;5.878174;0.0;2026-10-09T13:15:00+02:00;2026-10-09T14:01:44+02:00;4fc446c41564
2026-10-10;cap_des_seselets;ICONCH1;2026-10-10T13:00;0.3;3.1;225.0;14.0;0.0;100.0;100.0;98.0;0.0;100.0;45.66424;5.878174;0.0;2026-10-09T13:15:00+02:00;2026-10-09T14:01:44+02:00;4fc446c41564
2026-10-10;cap_des_seselets;ICONCH1;2026-10-10T14:00;0.6;2.7;162.0;14.4;0.0;98.0;68.0;92.0;0.0;98.0;45.66424;5.878174;0.0;2026-10-09T13:15:00+02:00;2026-10-09T14:01:44+02:00;4fc446c41564
2026-10-10;cap_des_seselets;ICONCH1;2026-10-10T15:00;0.5;2.3;45.0;14.9;0.0;100.0;79.0;100.0;0.0;100.0;45.66424;5.878174;0.0;2026-10-09T13:15:00+02:00;2026-10-09T14:01:44+02:00;4fc446c41564
2026-10-10;cap_des_seselets;ICONCH1;2026-10-10T16:00;0.7;1.9;326.0;15.4;0.0;100.0;76.0;100.0;0.0;100.0;45.66424;5.878174;0.0;2026-10-09T13:15:00+02:00;2026-10-09T14:01:44+02:00;4fc446c41564
2026-10-10;cap_des_seselets;ICONCH1;2026-10-10T17:00;0.4;1.4;243.0;15.8;0.0;91.0;57.0;77.0;0.0;91.0;45.66424;5.878174;0.0;2026-10-09T13:15:00+02:00;2026-10-09T14:01:44+02:00;4fc446c41564
2026-10-10;cap_des_seselets;ICONCH1;2026-10-10T18:00;0.9;1.4;153.0;16.0;0.0;21.0;0.0;21.0;0.0;21.0;45.66424;5.878174;0.0;2026-10-09T13:15:00+02:00;2026-10-09T14:01:44+02:00;4fc446c41564
2026-10-10;cap_des_seselets;ICONCH1;2026-10-10T19:00;1.5;2.1;157.0;16.0;0.0;0.0;0.0;0.0;0.0;0.0;45.66424;5.878174;0.0;2026-10-09T13:15:00+02:00;2026-10-09T14:01:44+02:00;4fc446c41564
2026-10-10;cap_des_seselets;ICONCH1;2026-10-10T20:00;2.2;2.9;135.0;15.3;0.0;0.0;0.0;0.0;0.0;0.0;45.66424;5.878174;0.0;2026-10-09T13:15:00+02:00;2026-10-09T14:01:44+02:00;4fc446c41564
2026-10-10;excenevex;AROMEHD;2026-10-10T01:00;3.9;6.0;229.0;14.4;0.0;;100.0;71.0;100.0;100.0;46.35;6.369999;0.0;2026-10-09T13:15:00+02:00;2026-10-09T14:01:44+02:00;4fc446c41564
2026-10-10;excenevex;AROMEHD;2026-10-10T02:00;4.3;6.0;234.0;14.2;0.0;;100.0;83.0;100.0;100.0;46.35;6.369999;0.0;2026-10-09T13:15:00+02:00;2026-10-09T14:01:44+02:00;4fc446c41564
2026-10-10;excenevex;AROMEHD;2026-10-10T03:00;6.0;8.7;234.0;13.8;0.0;;100.0;73.0;100.0;100.0;46.35;6.369999;0.0;2026-10-09T13:15:00+02:00;2026-10-09T14:01:44+02:00;4fc446c41564
2026-10-10;excenevex;AROMEHD;2026-10-10T04:00;8.3;11.7;242.0;13.8;0.0;;100.0;34.0;100.0;100.0;46.35;6.369999;0.0;2026-10-09T13:15:00+02:00;2026-10-09T14:01:44+02:00;4fc446c41564
2026-10-10;excenevex;AROMEHD;2026-10-10T05:00;7.5;11.9;239.0;13.3;0.0;;86.0;100.0;100.0;100.0;46.35;6.369999;0.0;2026-10-09T13:15:00+02:00;2026-10-09T14:01:44+02:00;4fc446c41564
2026-10-10;excenevex;AROMEHD;2026-10-10T06:00;7.5;11.9;239.0;12.7;0.3;;85.0;100.0;100.0;100.0;46.35;6.369999;0.0;2026-10-09T13:15:00+02:00;2026-10-09T14:01:44+02:00;4fc446c41564
2026-10-10;excenevex;AROMEHD;2026-10-10T07:00;5.5;10.7;228.0;12.2;1.0;;72.0;100.0;100.0;100.0;46.35;6.369999;0.0;2026-10-09T13:15:00+02:00;2026-10-09T14:01:44+02:00;4fc446c41564
2026-10-10;excenevex;AROMEHD;2026-10-10T08:00;5.9;9.5;221.0;12.4;0.3;;59.0;100.0;0.0;100.0;46.35;6.369999;0.0;2026-10-09T13:15:00+02:00;2026-10-09T14:01:44+02:00;4fc446c41564
2026-10-10;excenevex;AROMEHD;2026-10-10T09:00;4.7;8.9;218.0;12.8;0.1;;0.0;100.0;0.0;100.0;46.35;6.369999;0.0;2026-10-09T13:15:00+02:00;2026-10-09T14:01:44+02:00;4fc446c41564
2026-10-10;excenevex;AROMEHD;2026-10-10T10:00;3.0;7.2;220.0;13.9;0.0;;97.0;100.0;0.0;100.0;46.35;6.369999;0.0;2026-10-09T13:15:00+02:00;2026-10-09T14:01:44+02:00;4fc446c41564
2026-10-10;excenevex;AROMEHD;2026-10-10T11:00;4.2;8.0;236.0;14.7;0.0;;100.0;47.0;0.0;100.0;46.35;6.369999;0.0;2026-10-09T13:15:00+02:00;2026-10-09T14:01:44+02:00;4fc446c41564
2026-10-10;excenevex;AROMEHD;2026-10-10T12:00;8.3;13.0;246.0;15.0;0.0;;100.0;100.0;0.0;100.0;46.35;6.369999;0.0;2026-10-09T13:15:00+02:00;2026-10-09T14:01:44+02:00;4fc446c41564
2026-10-10;excenevex;AROMEHD;2026-10-10T13:00;9.4;14.6;236.0;15.0;0.0;;100.0;100.0;0.0;100.0;46.35;6.369999;0.0;2026-10-09T13:15:00+02:00;2026-10-09T14:01:44+02:00;4fc446c41564
2026-10-10;excenevex;AROMEHD;2026-10-10T14:00;9.6;15.6;225.0;15.7;0.0;;17.0;11.0;0.0;17.0;46.35;6.369999;0.0;2026-10-09T13:15:00+02:00;2026-10-09T14:01:44+02:00;4fc446c41564
2026-10-10;excenevex;AROMEHD;2026-10-10T15:00;10.0;16.1;234.0;16.6;0.0;;100.0;100.0;5.0;100.0;46.35;6.369999;0.0;2026-10-09T13:15:00+02:00;2026-10-09T14:01:44+02:00;4fc446c41564
2026-10-10;excenevex;AROMEHD;2026-10-10T16:00;10.2;16.3;235.0;16.6;0.4;;9.0;0.0;0.0;9.0;46.35;6.369999;0.0;2026-10-09T13:15:00+02:00;2026-10-09T14:01:44+02:00;4fc446c41564
2026-10-10;excenevex;AROMEHD;2026-10-10T17:00;10.6;17.1;238.0;16.7;0.0;;0.0;0.0;0.0;0.0;46.35;6.369999;0.0;2026-10-09T13:15:00+02:00;2026-10-09T14:01:44+02:00;4fc446c41564
2026-10-10;excenevex;AROMEHD;2026-10-10T18:00;8.1;16.3;230.0;16.2;0.0;;0.0;0.0;0.0;0.0;46.35;6.369999;0.0;2026-10-09T13:15:00+02:00;2026-10-09T14:01:44+02:00;4fc446c41564
2026-10-10;excenevex;AROMEHD;2026-10-10T19:00;8.6;13.0;252.0;15.6;0.0;;24.0;1.0;0.0;24.0;46.35;6.369999;0.0;2026-10-09T13:15:00+02:00;2026-10-09T14:01:44+02:00;4fc446c41564
2026-10-10;excenevex;AROMEHD;2026-10-10T20:00;5.0;13.0;242.0;15.2;0.0;;13.0;0.0;0.0;13.0;46.35;6.369999;0.0;2026-10-09T13:15:00+02:00;2026-10-09T14:01:44+02:00;4fc446c41564
2026-10-10;excenevex;AROMEHD;2026-10-10T21:00;4.1;6.8;225.0;14.6;0.0;;1.0;0.0;0.0;1.0;46.35;6.369999;0.0;2026-10-09T13:15:00+02:00;2026-10-09T14:01:44+02:00;4fc446c41564
2026-10-10;excenevex;AROMEHD;2026-10-10T22:00;6.6;10.7;246.0;13.6;0.0;;0.0;0.0;0.0;0.0;46.35;6.369999;0.0;2026-10-09T13:15:00+02:00;2026-10-09T14:01:44+02:00;4fc446c41564
2026-10-10;excenevex;AROMEHD;2026-10-10T23:00;7.0;10.9;234.0;12.7;0.0;;0.0;0.0;0.0;0.0;46.35;6.369999;0.0;2026-10-09T13:15:00+02:00;2026-10-09T14:01:44+02:00;4fc446c41564
2026-10-10;excenevex;AROMEHD;2026-10-11T00:00;5.1;9.9;241.0;12.5;0.0;;93.0;0.0;0.0;93.0;46.35;6.369999;0.0;2026-10-09T13:15:00+02:00;2026-10-09T14:01:44+02:00;4fc446c41564
2026-10-10;excenevex;ICONCH1;2026-10-10T01:00;5.0;7.0;239.0;13.4;0.0;100.0;66.0;100.0;100.0;100.0;46.351723;6.3624268;0.0;2026-10-09T13:15:00+02:00;2026-10-09T14:01:44+02:00;4fc446c41564
2026-10-10;excenevex;ICONCH1;2026-10-10T02:00;6.0;8.4;232.0;13.0;0.0;100.0;74.0;87.0;100.0;100.0;46.351723;6.3624268;0.0;2026-10-09T13:15:00+02:00;2026-10-09T14:01:44+02:00;4fc446c41564
2026-10-10;excenevex;ICONCH1;2026-10-10T03:00;6.7;9.5;221.0;12.6;0.0;100.0;52.0;100.0;100.0;100.0;46.351723;6.3624268;0.0;2026-10-09T13:15:00+02:00;2026-10-09T14:01:44+02:00;4fc446c41564
2026-10-10;excenevex;ICONCH1;2026-10-10T04:00;7.7;10.7;236.0;12.6;0.0;100.0;92.0;100.0;100.0;100.0;46.351723;6.3624268;0.0;2026-10-09T13:15:00+02:00;2026-10-09T14:01:44+02:00;4fc446c41564
2026-10-10;excenevex;ICONCH1;2026-10-10T05:00;8.5;12.4;233.0;12.5;0.4;100.0;90.0;100.0;100.0;100.0;46.351723;6.3624268;0.0;2026-10-09T13:15:00+02:00;2026-10-09T14:01:44+02:00;4fc446c41564
2026-10-10;excenevex;ICONCH1;2026-10-10T06:00;5.9;11.9;229.0;12.2;0.7;100.0;100.0;100.0;92.0;100.0;46.351723;6.3624268;0.0;2026-10-09T13:15:00+02:00;2026-10-09T14:01:44+02:00;4fc446c41564
2026-10-10;excenevex;ICONCH1;2026-10-10T07:00;4.0;8.4;231.0;12.4;0.2;100.0;69.0;100.0;0.0;100.0;46.351723;6.3624268;0.0;2026-10-09T13:15:00+02:00;2026-10-09T14:01:44+02:00;4fc446c41564
2026-10-10;excenevex;ICONCH1;2026-10-10T08:00;5.9;8.4;221.0;12.5;0.0;100.0;62.0;100.0;0.0;100.0;46.351723;6.3624268;0.0;2026-10-09T13:15:00+02:00;2026-10-09T14:01:44+02:00;4fc446c41564
2026-10-10;excenevex;ICONCH1;2026-10-10T09:00;7.2;10.1;227.0;12.7;0.4;100.0;89.0;100.0;0.0;100.0;46.351723;6.3624268;0.0;2026-10-09T13:15:00+02:00;2026-10-09T14:01:44+02:00;4fc446c41564
2026-10-10;excenevex;ICONCH1;2026-10-10T10:00;8.2;11.5;239.0;13.1;0.3;100.0;100.0;100.0;0.0;100.0;46.351723;6.3624268;0.0;2026-10-09T13:15:00+02:00;2026-10-09T14:01:44+02:00;4fc446c41564
2026-10-10;excenevex;ICONCH1;2026-10-10T11:00;9.8;14.0;227.0;13.6;0.1;100.0;84.0;100.0;0.0;100.0;46.351723;6.3624268;0.0;2026-10-09T13:15:00+02:00;2026-10-09T14:01:44+02:00;4fc446c41564
2026-10-10;excenevex;ICONCH1;2026-10-10T12:00;8.6;13.6;232.0;14.0;0.0;100.0;100.0;86.0;0.0;100.0;46.351723;6.3624268;0.0;2026-10-09T13:15:00+02:00;2026-10-09T14:01:44+02:00;4fc446c41564
2026-10-10;excenevex;ICONCH1;2026-10-10T13:00;8.9;13.4;224.0;14.8;0.0;82.0;73.0;52.0;0.0;82.0;46.351723;6.3624268;0.0;2026-10-09T13:15:00+02:00;2026-10-09T14:01:44+02:00;4fc446c41564
2026-10-10;excenevex;ICONCH1;2026-10-10T14:00;10.0;14.8;226.0;15.6;0.0;88.0;80.0;38.0;0.0;88.0;46.351723;6.3624268;0.0;2026-10-09T13:15:00+02:00;2026-10-09T14:01:44+02:00;4fc446c41564
2026-10-10;excenevex;ICONCH1;2026-10-10T15:00;8.6;14.8;218.0;15.8;0.0;96.0;77.0;94.0;0.0;96.0;46.351723;6.3624268;0.0;2026-10-09T13:15:00+02:00;2026-10-09T14:01:44+02:00;4fc446c41564
2026-10-10;excenevex;ICONCH1;2026-10-10T16:00;8.2;12.1;218.0;16.1;0.0;95.0;94.0;83.0;0.0;95.0;46.351723;6.3624268;0.0;2026-10-09T13:15:00+02:00;2026-10-09T14:01:44+02:00;4fc446c41564
2026-10-10;excenevex;ICONCH1;2026-10-10T17:00;8.0;12.1;212.0;16.2;0.0;93.0;67.0;87.0;0.0;93.0;46.351723;6.3624268;0.0;2026-10-09T13:15:00+02:00;2026-10-09T14:01:44+02:00;4fc446c41564
2026-10-10;excenevex;ICONCH1;2026-10-10T18:00;7.3;11.3;226.0;15.9;0.0;10.0;10.0;0.0;0.0;10.0;46.351723;6.3624268;0.0;2026-10-09T13:15:00+02:00;2026-10-09T14:01:44+02:00;4fc446c41564
2026-10-10;excenevex;ICONCH1;2026-10-10T19:00;6.2;10.3;226.0;15.0;0.0;78.0;14.0;70.0;0.0;78.0;46.351723;6.3624268;0.0;2026-10-09T13:15:00+02:00;2026-10-09T14:01:44+02:00;4fc446c41564
2026-10-10;excenevex;ICONCH1;2026-10-10T20:00;5.4;8.7;229.0;13.9;0.0;10.0;10.0;0.0;0.0;10.0;46.351723;6.3624268;0.0;2026-10-09T13:15:00+02:00;2026-10-09T14:01:44+02:00;4fc446c41564
2026-10-10;hermance;AROMEHD;2026-10-10T01:00;6.7;9.1;213.0;15.1;0.0;;100.0;100.0;100.0;100.0;46.309998;6.24;0.0;2026-10-09T13:15:00+02:00;2026-10-09T14:01:44+02:00;4fc446c41564
2026-10-10;hermance;AROMEHD;2026-10-10T02:00;8.3;11.3;210.0;14.8;0.0;;91.0;23.0;100.0;100.0;46.309998;6.24;0.0;2026-10-09T13:15:00+02:00;2026-10-09T14:01:44+02:00;4fc446c41564
2026-10-10;hermance;AROMEHD;2026-10-10T03:00;7.7;11.5;223.0;14.5;0.0;;100.0;0.0;100.0;100.0;46.309998;6.24;0.0;2026-10-09T13:15:00+02:00;2026-10-09T14:01:44+02:00;4fc446c41564
2026-10-10;hermance;AROMEHD;2026-10-10T04:00;8.5;11.5;233.0;14.0;0.0;;50.0;3.0;100.0;100.0;46.309998;6.24;0.0;2026-10-09T13:15:00+02:00;2026-10-09T14:01:44+02:00;4fc446c41564
2026-10-10;hermance;AROMEHD;2026-10-10T05:00;8.6;11.3;242.0;13.7;0.0;;89.0;100.0;100.0;100.0;46.309998;6.24;0.0;2026-10-09T13:15:00+02:00;2026-10-09T14:01:44+02:00;4fc446c41564
2026-10-10;hermance;AROMEHD;2026-10-10T06:00;9.2;12.2;238.0;13.3;0.3;;100.0;100.0;100.0;100.0;46.309998;6.24;0.0;2026-10-09T13:15:00+02:00;2026-10-09T14:01:44+02:00;4fc446c41564
2026-10-10;hermance;AROMEHD;2026-10-10T07:00;9.4;12.2;227.0;13.0;1.0;;100.0;100.0;100.0;100.0;46.309998;6.24;0.0;2026-10-09T13:15:00+02:00;2026-10-09T14:01:44+02:00;4fc446c41564
2026-10-10;hermance;AROMEHD;2026-10-10T08:00;8.6;12.2;216.0;13.0;0.1;;7.0;100.0;0.0;100.0;46.309998;6.24;0.0;2026-10-09T13:15:00+02:00;2026-10-09T14:01:44+02:00;4fc446c41564
2026-10-10;hermance;AROMEHD;2026-10-10T09:00;8.9;12.1;200.0;13.7;0.0;;0.0;100.0;4.0;100.0;46.309998;6.24;0.0;2026-10-09T13:15:00+02:00;2026-10-09T14:01:44+02:00;4fc446c41564
2026-10-10;hermance;AROMEHD;2026-10-10T10:00;10.3;13.6;206.0;14.1;0.0;;99.0;98.0;0.0;99.0;46.309998;6.24;0.0;2026-10-09T13:15:00+02:00;2026-10-09T14:01:44+02:00;4fc446c41564
2026-10-10;hermance;AROMEHD;2026-10-10T11:00;9.3;13.6;217.0;14.4;0.0;;92.0;55.0;0.0;92.0;46.309998;6.24;0.0;2026-10-09T13:15:00+02:00;2026-10-09T14:01:44+02:00;4fc446c41564
2026-10-10;hermance;AROMEHD;2026-10-10T12:00;8.3;12.4;221.0;14.9;0.0;;100.0;100.0;0.0;100.0;46.309998;6.24;0.0;2026-10-09T13:15:00+02:00;2026-10-09T14:01:44+02:00;4fc446c41564
2026-10-10;hermance;AROMEHD;2026-10-10T13:00;12.4;16.1;226.0;15.4;0.1;;100.0;100.0;0.0;100.0;46.309998;6.24;0.0;2026-10-09T13:15:00+02:00;2026-10-09T14:01:44+02:00;4fc446c41564
2026-10-10;hermance;AROMEHD;2026-10-10T14:00;11.1;16.7;218.0;15.8;0.3;;60.0;44.0;0.0;60.0;46.309998;6.24;0.0;2026-10-09T13:15:00+02:00;2026-10-09T14:01:44+02:00;4fc446c41564
2026-10-10;hermance;AROMEHD;2026-10-10T15:00;10.9;15.4;219.0;16.6;0.0;;99.0;11.0;35.0;99.0;46.309998;6.24;0.0;2026-10-09T13:15:00+02:00;2026-10-09T14:01:44+02:00;4fc446c41564
2026-10-10;hermance;AROMEHD;2026-10-10T16:00;12.8;16.5;229.0;17.0;0.0;;59.0;0.0;0.0;59.0;46.309998;6.24;0.0;2026-10-09T13:15:00+02:00;2026-10-09T14:01:44+02:00;4fc446c41564
2026-10-10;hermance;AROMEHD;2026-10-10T17:00;12.0;17.5;230.0;16.8;0.0;;0.0;0.0;0.0;0.0;46.309998;6.24;0.0;2026-10-09T13:15:00+02:00;2026-10-09T14:01:44+02:00;4fc446c41564
2026-10-10;hermance;AROMEHD;2026-10-10T18:00;9.9;15.6;225.0;16.8;0.0;;0.0;0.0;0.0;0.0;46.309998;6.24;0.0;2026-10-09T13:15:00+02:00;2026-10-09T14:01:44+02:00;4fc446c41564
2026-10-10;hermance;AROMEHD;2026-10-10T19:00;12.4;16.1;284.0;15.8;0.0;;100.0;100.0;0.0;100.0;46.309998;6.24;0.0;2026-10-09T13:15:00+02:00;2026-10-09T14:01:44+02:00;4fc446c41564
2026-10-10;hermance;AROMEHD;2026-10-10T20:00;6.1;16.1;259.0;15.8;0.0;;4.0;0.0;0.0;4.0;46.309998;6.24;0.0;2026-10-09T13:15:00+02:00;2026-10-09T14:01:44+02:00;4fc446c41564
2026-10-10;hermance;AROMEHD;2026-10-10T21:00;6.4;9.5;232.0;15.3;0.0;;0.0;0.0;0.0;0.0;46.309998;6.24;0.0;2026-10-09T13:15:00+02:00;2026-10-09T14:01:44+02:00;4fc446c41564
2026-10-10;hermance;AROMEHD;2026-10-10T22:00;8.3;11.9;233.0;14.5;0.0;;0.0;0.0;0.0;0.0;46.309998;6.24;0.0;2026-10-09T13:15:00+02:00;2026-10-09T14:01:44+02:00;4fc446c41564
2026-10-10;hermance;AROMEHD;2026-10-10T23:00;8.5;12.2;212.0;14.1;0.0;;0.0;0.0;0.0;0.0;46.309998;6.24;0.0;2026-10-09T13:15:00+02:00;2026-10-09T14:01:44+02:00;4fc446c41564
2026-10-10;hermance;AROMEHD;2026-10-11T00:00;6.8;12.1;207.0;13.9;0.0;;4.0;0.0;0.0;4.0;46.309998;6.24;0.0;2026-10-09T13:15:00+02:00;2026-10-09T14:01:44+02:00;4fc446c41564
2026-10-10;hermance;ICONCH1;2026-10-10T01:00;7.5;9.5;231.0;14.0;0.0;100.0;78.0;100.0;100.0;100.0;46.30753;6.2349854;0.0;2026-10-09T13:15:00+02:00;2026-10-09T14:01:44+02:00;4fc446c41564
2026-10-10;hermance;ICONCH1;2026-10-10T02:00;8.9;11.5;241.0;13.7;0.0;100.0;65.0;98.0;100.0;100.0;46.30753;6.2349854;0.0;2026-10-09T13:15:00+02:00;2026-10-09T14:01:44+02:00;4fc446c41564
2026-10-10;hermance;ICONCH1;2026-10-10T03:00;9.1;11.9;228.0;13.5;0.0;100.0;40.0;100.0;100.0;100.0;46.30753;6.2349854;0.0;2026-10-09T13:15:00+02:00;2026-10-09T14:01:44+02:00;4fc446c41564
2026-10-10;hermance;ICONCH1;2026-10-10T04:00;9.2;11.9;226.0;13.3;0.1;100.0;93.0;100.0;100.0;100.0;46.30753;6.2349854;0.0;2026-10-09T13:15:00+02:00;2026-10-09T14:01:44+02:00;4fc446c41564
2026-10-10;hermance;ICONCH1;2026-10-10T05:00;8.9;11.9;222.0;12.9;0.6;100.0;86.0;99.0;100.0;100.0;46.30753;6.2349854;0.0;2026-10-09T13:15:00+02:00;2026-10-09T14:01:44+02:00;4fc446c41564
2026-10-10;hermance;ICONCH1;2026-10-10T06:00;8.2;11.5;208.0;13.0;1.0;100.0;96.0;100.0;1.0;100.0;46.30753;6.2349854;0.0;2026-10-09T13:15:00+02:00;2026-10-09T14:01:44+02:00;4fc446c41564
2026-10-10;hermance;ICONCH1;2026-10-10T07:00;9.5;12.2;199.0;13.1;0.3;100.0;66.0;100.0;0.0;100.0;46.30753;6.2349854;0.0;2026-10-09T13:15:00+02:00;2026-10-09T14:01:44+02:00;4fc446c41564
2026-10-10;hermance;ICONCH1;2026-10-10T08:00;10.5;14.0;191.0;13.2;0.0;100.0;79.0;100.0;0.0;100.0;46.30753;6.2349854;0.0;2026-10-09T13:15:00+02:00;2026-10-09T14:01:44+02:00;4fc446c41564
2026-10-10;hermance;ICONCH1;2026-10-10T09:00;11.1;14.6;199.0;13.4;0.4;100.0;74.0;100.0;0.0;100.0;46.30753;6.2349854;0.0;2026-10-09T13:15:00+02:00;2026-10-09T14:01:44+02:00;4fc446c41564
2026-10-10;hermance;ICONCH1;2026-10-10T10:00;9.7;14.6;218.0;13.3;0.2;100.0;100.0;100.0;0.0;100.0;46.30753;6.2349854;0.0;2026-10-09T13:15:00+02:00;2026-10-09T14:01:44+02:00;4fc446c41564
2026-10-10;hermance;ICONCH1;2026-10-10T11:00;9.7;12.6;208.0;13.8;0.1;95.0;86.0;91.0;0.0;95.0;46.30753;6.2349854;0.0;2026-10-09T13:15:00+02:00;2026-10-09T14:01:44+02:00;4fc446c41564
2026-10-10;hermance;ICONCH1;2026-10-10T12:00;8.9;13.2;216.0;14.1;0.0;100.0;100.0;96.0;0.0;100.0;46.30753;6.2349854;0.0;2026-10-09T13:15:00+02:00;2026-10-09T14:01:44+02:00;4fc446c41564
2026-10-10;hermance;ICONCH1;2026-10-10T13:00;9.5;12.2;203.0;14.5;0.0;97.0;88.0;88.0;0.0;97.0;46.30753;6.2349854;0.0;2026-10-09T13:15:00+02:00;2026-10-09T14:01:44+02:00;4fc446c41564
2026-10-10;hermance;ICONCH1;2026-10-10T14:00;9.2;13.4;205.0;15.2;0.0;98.0;89.0;93.0;0.0;98.0;46.30753;6.2349854;0.0;2026-10-09T13:15:00+02:00;2026-10-09T14:01:44+02:00;4fc446c41564
2026-10-10;hermance;ICONCH1;2026-10-10T15:00;8.9;13.2;200.0;15.7;0.0;95.0;75.0;90.0;0.0;95.0;46.30753;6.2349854;0.0;2026-10-09T13:15:00+02:00;2026-10-09T14:01:44+02:00;4fc446c41564
2026-10-10;hermance;ICONCH1;2026-10-10T16:00;9.1;12.1;196.0;16.0;0.0;91.0;82.0;86.0;0.0;91.0;46.30753;6.2349854;0.0;2026-10-09T13:15:00+02:00;2026-10-09T14:01:44+02:00;4fc446c41564
2026-10-10;hermance;ICONCH1;2026-10-10T17:00;10.0;12.8;201.0;16.3;0.0;67.0;54.0;37.0;0.0;67.0;46.30753;6.2349854;0.0;2026-10-09T13:15:00+02:00;2026-10-09T14:01:44+02:00;4fc446c41564
2026-10-10;hermance;ICONCH1;2026-10-10T18:00;9.8;13.8;214.0;16.4;0.0;25.0;25.0;0.0;0.0;25.0;46.30753;6.2349854;0.0;2026-10-09T13:15:00+02:00;2026-10-09T14:01:44+02:00;4fc446c41564
2026-10-10;hermance;ICONCH1;2026-10-10T19:00;6.7;13.0;202.0;15.7;0.0;56.0;24.0;41.0;0.0;56.0;46.30753;6.2349854;0.0;2026-10-09T13:15:00+02:00;2026-10-09T14:01:44+02:00;4fc446c41564
2026-10-10;hermance;ICONCH1;2026-10-10T20:00;5.4;8.6;218.0;14.7;0.0;12.0;12.0;0.0;0.0;12.0;46.30753;6.2349854;0.0;2026-10-09T13:15:00+02:00;2026-10-09T14:01:44+02:00;4fc446c41564
2026-10-10;loire_sur_rhone;AROMEHD;2026-10-10T01:00;3.1;5.2;360.0;13.7;0.0;;73.0;93.0;100.0;100.0;45.559998;4.8199997;170.0;2026-10-09T13:15:00+02:00;2026-10-09T14:01:44+02:00;4fc446c41564
2026-10-10;loire_sur_rhone;AROMEHD;2026-10-10T02:00;2.3;5.2;48.0;13.1;0.0;;61.0;94.0;100.0;100.0;45.559998;4.8199997;170.0;2026-10-09T13:15:00+02:00;2026-10-09T14:01:44+02:00;4fc446c41564
2026-10-10;loire_sur_rhone;AROMEHD;2026-10-10T03:00;2.6;3.5;138.0;12.7;0.0;;100.0;0.0;100.0;100.0;45.559998;4.8199997;170.0;2026-10-09T13:15:00+02:00;2026-10-09T14:01:44+02:00;4fc446c41564
2026-10-10;loire_sur_rhone;AROMEHD;2026-10-10T04:00;2.4;5.2;151.0;12.5;0.0;;97.0;75.0;91.0;97.0;45.559998;4.8199997;170.0;2026-10-09T13:15:00+02:00;2026-10-09T14:01:44+02:00;4fc446c41564
2026-10-10;loire_sur_rhone;AROMEHD;2026-10-10T05:00;1.5;4.5;130.0;12.6;0.1;;100.0;100.0;5.0;100.0;45.559998;4.8199997;170.0;2026-10-09T13:15:00+02:00;2026-10-09T14:01:44+02:00;4fc446c41564
2026-10-10;loire_sur_rhone;AROMEHD;2026-10-10T06:00;2.0;3.7;119.0;12.1;2.0;;100.0;100.0;0.0;100.0;45.559998;4.8199997;170.0;2026-10-09T13:15:00+02:00;2026-10-09T14:01:44+02:00;4fc446c41564
2026-10-10;loire_sur_rhone;AROMEHD;2026-10-10T07:00;2.2;4.5;117.0;11.8;0.4;;57.0;100.0;0.0;100.0;45.559998;4.8199997;170.0;2026-10-09T13:15:00+02:00;2026-10-09T14:01:44+02:00;4fc446c41564
2026-10-10;loire_sur_rhone;AROMEHD;2026-10-10T08:00;2.5;4.9;122.0;11.9;0.0;;91.0;100.0;0.0;100.0;45.559998;4.8199997;170.0;2026-10-09T13:15:00+02:00;2026-10-09T14:01:44+02:00;4fc446c41564
2026-10-10;loire_sur_rhone;AROMEHD;2026-10-10T09:00;2.9;5.4;127.0;12.2;0.0;;20.0;100.0;0.0;100.0;45.559998;4.8199997;170.0;2026-10-09T13:15:00+02:00;2026-10-09T14:01:44+02:00;4fc446c41564
2026-10-10;loire_sur_rhone;AROMEHD;2026-10-10T10:00;2.6;6.2;126.0;13.0;0.0;;31.0;39.0;0.0;39.0;45.559998;4.8199997;170.0;2026-10-09T13:15:00+02:00;2026-10-09T14:01:44+02:00;4fc446c41564
2026-10-10;loire_sur_rhone;AROMEHD;2026-10-10T11:00;3.2;6.4;123.0;14.5;0.0;;92.0;100.0;0.0;100.0;45.559998;4.8199997;170.0;2026-10-09T13:15:00+02:00;2026-10-09T14:01:44+02:00;4fc446c41564
2026-10-10;loire_sur_rhone;AROMEHD;2026-10-10T12:00;3.1;8.0;120.0;14.6;0.0;;100.0;100.0;0.0;100.0;45.559998;4.8199997;170.0;2026-10-09T13:15:00+02:00;2026-10-09T14:01:44+02:00;4fc446c41564
2026-10-10;loire_sur_rhone;AROMEHD;2026-10-10T13:00;3.1;6.6;125.0;15.3;0.1;;98.0;84.0;0.0;98.0;45.559998;4.8199997;170.0;2026-10-09T13:15:00+02:00;2026-10-09T14:01:44+02:00;4fc446c41564
2026-10-10;loire_sur_rhone;AROMEHD;2026-10-10T14:00;2.5;7.0;129.0;16.7;0.0;;43.0;84.0;0.0;84.0;45.559998;4.8199997;170.0;2026-10-09T13:15:00+02:00;2026-10-09T14:01:44+02:00;4fc446c41564
2026-10-10;loire_sur_rhone;AROMEHD;2026-10-10T15:00;1.5;6.6;40.0;17.1;0.0;;100.0;100.0;0.0;100.0;45.559998;4.8199997;170.0;2026-10-09T13:15:00+02:00;2026-10-09T14:01:44+02:00;4fc446c41564
2026-10-10;loire_sur_rhone;AROMEHD;2026-10-10T16:00;2.1;5.1;124.0;17.2;0.0;;100.0;3.0;0.0;100.0;45.559998;4.8199997;170.0;2026-10-09T13:15:00+02:00;2026-10-09T14:01:44+02:00;4fc446c41564
2026-10-10;loire_sur_rhone;AROMEHD;2026-10-10T17:00;1.8;5.2;96.0;17.2;0.0;;44.0;5.0;0.0;44.0;45.559998;4.8199997;170.0;2026-10-09T13:15:00+02:00;2026-10-09T14:01:44+02:00;4fc446c41564
2026-10-10;loire_sur_rhone;AROMEHD;2026-10-10T18:00;6.3;17.7;353.0;15.7;0.0;;87.0;62.0;0.0;87.0;45.559998;4.8199997;170.0;2026-10-09T13:15:00+02:00;2026-10-09T14:01:44+02:00;4fc446c41564
2026-10-10;loire_sur_rhone;AROMEHD;2026-10-10T19:00;4.9;13.2;7.0;14.7;0.0;;5.0;0.0;0.0;5.0;45.559998;4.8199997;170.0;2026-10-09T13:15:00+02:00;2026-10-09T14:01:44+02:00;4fc446c41564
2026-10-10;loire_sur_rhone;AROMEHD;2026-10-10T20:00;2.5;9.7;356.0;13.7;0.0;;100.0;0.0;0.0;100.0;45.559998;4.8199997;170.0;2026-10-09T13:15:00+02:00;2026-10-09T14:01:44+02:00;4fc446c41564
2026-10-10;loire_sur_rhone;AROMEHD;2026-10-10T21:00;1.5;5.1;293.0;13.0;0.0;;0.0;0.0;0.0;0.0;45.559998;4.8199997;170.0;2026-10-09T13:15:00+02:00;2026-10-09T14:01:44+02:00;4fc446c41564
2026-10-10;loire_sur_rhone;AROMEHD;2026-10-10T22:00;2.4;3.7;325.0;11.7;0.0;;0.0;0.0;0.0;0.0;45.559998;4.8199997;170.0;2026-10-09T13:15:00+02:00;2026-10-09T14:01:44+02:00;4fc446c41564
2026-10-10;loire_sur_rhone;AROMEHD;2026-10-10T23:00;1.6;3.9;7.0;10.8;0.0;;0.0;0.0;0.0;0.0;45.559998;4.8199997;170.0;2026-10-09T13:15:00+02:00;2026-10-09T14:01:44+02:00;4fc446c41564
2026-10-10;loire_sur_rhone;AROMEHD;2026-10-11T00:00;1.6;2.5;353.0;10.3;0.0;;0.0;0.0;0.0;0.0;45.559998;4.8199997;170.0;2026-10-09T13:15:00+02:00;2026-10-09T14:01:44+02:00;4fc446c41564
2026-10-10;loire_sur_rhone;ICONCH1;2026-10-10T01:00;1.0;5.6;338.0;12.3;0.0;100.0;83.0;97.0;100.0;100.0;45.550514;4.828491;200.0;2026-10-09T13:15:00+02:00;2026-10-09T14:01:44+02:00;4fc446c41564
2026-10-10;loire_sur_rhone;ICONCH1;2026-10-10T02:00;1.0;3.9;11.0;12.4;0.0;100.0;94.0;100.0;100.0;100.0;45.550514;4.828491;200.0;2026-10-09T13:15:00+02:00;2026-10-09T14:01:44+02:00;4fc446c41564
2026-10-10;loire_sur_rhone;ICONCH1;2026-10-10T03:00;1.2;3.1;51.0;12.4;0.1;100.0;87.0;100.0;100.0;100.0;45.550514;4.828491;200.0;2026-10-09T13:15:00+02:00;2026-10-09T14:01:44+02:00;4fc446c41564
2026-10-10;loire_sur_rhone;ICONCH1;2026-10-10T04:00;1.1;2.9;59.0;12.1;0.3;100.0;88.0;97.0;100.0;100.0;45.550514;4.828491;200.0;2026-10-09T13:15:00+02:00;2026-10-09T14:01:44+02:00;4fc446c41564
2026-10-10;loire_sur_rhone;ICONCH1;2026-10-10T05:00;1.6;3.3;120.0;11.7;0.6;99.0;92.0;98.0;0.0;99.0;45.550514;4.828491;200.0;2026-10-09T13:15:00+02:00;2026-10-09T14:01:44+02:00;4fc446c41564
2026-10-10;loire_sur_rhone;ICONCH1;2026-10-10T06:00;3.2;5.6;133.0;11.5;0.3;100.0;80.0;100.0;0.0;100.0;45.550514;4.828491;200.0;2026-10-09T13:15:00+02:00;2026-10-09T14:01:44+02:00;4fc446c41564
2026-10-10;loire_sur_rhone;ICONCH1;2026-10-10T07:00;3.2;5.2;137.0;11.3;0.0;84.0;67.0;55.0;0.0;84.0;45.550514;4.828491;200.0;2026-10-09T13:15:00+02:00;2026-10-09T14:01:44+02:00;4fc446c41564
2026-10-10;loire_sur_rhone;ICONCH1;2026-10-10T08:00;3.2;5.8;147.0;11.3;0.0;100.0;80.0;100.0;0.0;100.0;45.550514;4.828491;200.0;2026-10-09T13:15:00+02:00;2026-10-09T14:01:44+02:00;4fc446c41564
2026-10-10;loire_sur_rhone;ICONCH1;2026-10-10T09:00;2.5;5.8;157.0;12.1;0.0;100.0;98.0;100.0;0.0;100.0;45.550514;4.828491;200.0;2026-10-09T13:15:00+02:00;2026-10-09T14:01:44+02:00;4fc446c41564
2026-10-10;loire_sur_rhone;ICONCH1;2026-10-10T10:00;2.9;5.2;143.0;12.8;0.0;100.0;94.0;100.0;0.0;100.0;45.550514;4.828491;200.0;2026-10-09T13:15:00+02:00;2026-10-09T14:01:44+02:00;4fc446c41564
2026-10-10;loire_sur_rhone;ICONCH1;2026-10-10T11:00;2.8;4.9;124.0;13.2;0.0;97.0;75.0;91.0;0.0;97.0;45.550514;4.828491;200.0;2026-10-09T13:15:00+02:00;2026-10-09T14:01:44+02:00;4fc446c41564
2026-10-10;loire_sur_rhone;ICONCH1;2026-10-10T12:00;4.0;7.0;137.0;14.2;0.0;90.0;83.0;44.0;0.0;90.0;45.550514;4.828491;200.0;2026-10-09T13:15:00+02:00;2026-10-09T14:01:44+02:00;4fc446c41564
2026-10-10;loire_sur_rhone;ICONCH1;2026-10-10T13:00;3.5;7.8;124.0;15.5;0.0;96.0;76.0;86.0;0.0;96.0;45.550514;4.828491;200.0;2026-10-09T13:15:00+02:00;2026-10-09T14:01:44+02:00;4fc446c41564
2026-10-10;loire_sur_rhone;ICONCH1;2026-10-10T14:00;3.5;6.6;109.0;16.3;0.0;91.0;61.0;72.0;0.0;91.0;45.550514;4.828491;200.0;2026-10-09T13:15:00+02:00;2026-10-09T14:01:44+02:00;4fc446c41564
2026-10-10;loire_sur_rhone;ICONCH1;2026-10-10T15:00;4.5;7.6;108.0;16.9;0.0;85.0;36.0;71.0;0.0;85.0;45.550514;4.828491;200.0;2026-10-09T13:15:00+02:00;2026-10-09T14:01:44+02:00;4fc446c41564
2026-10-10;loire_sur_rhone;ICONCH1;2026-10-10T16:00;4.3;8.0;100.0;17.3;0.0;67.0;47.0;42.0;0.0;67.0;45.550514;4.828491;200.0;2026-10-09T13:15:00+02:00;2026-10-09T14:01:44+02:00;4fc446c41564
2026-10-10;loire_sur_rhone;ICONCH1;2026-10-10T17:00;4.6;8.4;110.0;17.4;0.0;55.0;38.0;34.0;0.0;55.0;45.550514;4.828491;200.0;2026-10-09T13:15:00+02:00;2026-10-09T14:01:44+02:00;4fc446c41564
2026-10-10;loire_sur_rhone;ICONCH1;2026-10-10T18:00;3.7;8.2;129.0;17.0;0.0;38.0;38.0;0.0;0.0;38.0;45.550514;4.828491;200.0;2026-10-09T13:15:00+02:00;2026-10-09T14:01:44+02:00;4fc446c41564
2026-10-10;loire_sur_rhone;ICONCH1;2026-10-10T19:00;3.7;6.2;155.0;15.9;0.0;54.0;17.0;42.0;0.0;54.0;45.550514;4.828491;200.0;2026-10-09T13:15:00+02:00;2026-10-09T14:01:44+02:00;4fc446c41564
2026-10-10;loire_sur_rhone;ICONCH1;2026-10-10T20:00;1.0;7.2;180.0;15.3;0.0;72.0;59.0;30.0;0.0;72.0;45.550514;4.828491;200.0;2026-10-09T13:15:00+02:00;2026-10-09T14:01:44+02:00;4fc446c41564
2026-10-10;messery;AROMEHD;2026-10-10T01:00;7.4;10.9;207.0;15.3;0.0;;100.0;99.0;100.0;100.0;46.35;6.2700005;0.0;2026-10-09T13:15:00+02:00;2026-10-09T14:01:44+02:00;4fc446c41564
2026-10-10;messery;AROMEHD;2026-10-10T02:00;11.1;14.2;213.0;15.2;0.0;;100.0;19.0;100.0;100.0;46.35;6.2700005;0.0;2026-10-09T13:15:00+02:00;2026-10-09T14:01:44+02:00;4fc446c41564
2026-10-10;messery;AROMEHD;2026-10-10T03:00;10.6;14.8;216.0;14.8;0.0;;100.0;2.0;100.0;100.0;46.35;6.2700005;0.0;2026-10-09T13:15:00+02:00;2026-10-09T14:01:44+02:00;4fc446c41564
2026-10-10;messery;AROMEHD;2026-10-10T04:00;10.6;14.0;227.0;14.4;0.0;;99.0;18.0;100.0;100.0;46.35;6.2700005;0.0;2026-10-09T13:15:00+02:00;2026-10-09T14:01:44+02:00;4fc446c41564
2026-10-10;messery;AROMEHD;2026-10-10T05:00;10.0;13.6;233.0;14.0;0.0;;89.0;100.0;100.0;100.0;46.35;6.2700005;0.0;2026-10-09T13:15:00+02:00;2026-10-09T14:01:44+02:00;4fc446c41564
2026-10-10;messery;AROMEHD;2026-10-10T06:00;10.8;14.2;236.0;13.6;0.3;;100.0;100.0;100.0;100.0;46.35;6.2700005;0.0;2026-10-09T13:15:00+02:00;2026-10-09T14:01:44+02:00;4fc446c41564
2026-10-10;messery;AROMEHD;2026-10-10T07:00;11.4;14.8;224.0;13.4;0.8;;100.0;100.0;100.0;100.0;46.35;6.2700005;0.0;2026-10-09T13:15:00+02:00;2026-10-09T14:01:44+02:00;4fc446c41564
2026-10-10;messery;AROMEHD;2026-10-10T08:00;11.2;15.4;214.0;13.2;0.0;;3.0;100.0;0.0;100.0;46.35;6.2700005;0.0;2026-10-09T13:15:00+02:00;2026-10-09T14:01:44+02:00;4fc446c41564
2026-10-10;messery;AROMEHD;2026-10-10T09:00;10.3;15.0;223.0;13.6;0.0;;0.0;100.0;7.0;100.0;46.35;6.2700005;0.0;2026-10-09T13:15:00+02:00;2026-10-09T14:01:44+02:00;4fc446c41564
2026-10-10;messery;AROMEHD;2026-10-10T10:00;11.3;14.8;221.0;14.0;0.0;;100.0;65.0;0.0;100.0;46.35;6.2700005;0.0;2026-10-09T13:15:00+02:00;2026-10-09T14:01:44+02:00;4fc446c41564
2026-10-10;messery;AROMEHD;2026-10-10T11:00;10.9;15.2;231.0;14.3;0.0;;97.0;34.0;0.0;97.0;46.35;6.2700005;0.0;2026-10-09T13:15:00+02:00;2026-10-09T14:01:44+02:00;4fc446c41564
2026-10-10;messery;AROMEHD;2026-10-10T12:00;10.6;14.4;226.0;14.8;0.1;;99.0;96.0;0.0;99.0;46.35;6.2700005;0.0;2026-10-09T13:15:00+02:00;2026-10-09T14:01:44+02:00;4fc446c41564
2026-10-10;messery;AROMEHD;2026-10-10T13:00;12.9;16.5;226.0;15.3;0.1;;100.0;100.0;0.0;100.0;46.35;6.2700005;0.0;2026-10-09T13:15:00+02:00;2026-10-09T14:01:44+02:00;4fc446c41564
2026-10-10;messery;AROMEHD;2026-10-10T14:00;13.6;17.7;222.0;15.6;0.1;;83.0;62.0;0.0;83.0;46.35;6.2700005;0.0;2026-10-09T13:15:00+02:00;2026-10-09T14:01:44+02:00;4fc446c41564
2026-10-10;messery;AROMEHD;2026-10-10T15:00;12.1;17.1;224.0;16.5;0.0;;100.0;100.0;78.0;100.0;46.35;6.2700005;0.0;2026-10-09T13:15:00+02:00;2026-10-09T14:01:44+02:00;4fc446c41564
2026-10-10;messery;AROMEHD;2026-10-10T16:00;13.2;16.9;223.0;16.9;0.6;;99.0;1.0;0.0;99.0;46.35;6.2700005;0.0;2026-10-09T13:15:00+02:00;2026-10-09T14:01:44+02:00;4fc446c41564
2026-10-10;messery;AROMEHD;2026-10-10T17:00;11.9;17.1;244.0;16.9;0.0;;5.0;0.0;0.0;5.0;46.35;6.2700005;0.0;2026-10-09T13:15:00+02:00;2026-10-09T14:01:44+02:00;4fc446c41564
2026-10-10;messery;AROMEHD;2026-10-10T18:00;10.7;15.0;224.0;16.8;0.0;;0.0;0.0;0.0;0.0;46.35;6.2700005;0.0;2026-10-09T13:15:00+02:00;2026-10-09T14:01:44+02:00;4fc446c41564
2026-10-10;messery;AROMEHD;2026-10-10T19:00;15.4;18.9;274.0;16.0;0.0;;97.0;11.0;0.0;97.0;46.35;6.2700005;0.0;2026-10-09T13:15:00+02:00;2026-10-09T14:01:44+02:00;4fc446c41564
2026-10-10;messery;AROMEHD;2026-10-10T20:00;9.1;18.7;254.0;15.7;0.0;;11.0;0.0;0.0;11.0;46.35;6.2700005;0.0;2026-10-09T13:15:00+02:00;2026-10-09T14:01:44+02:00;4fc446c41564
2026-10-10;messery;AROMEHD;2026-10-10T21:00;7.2;12.6;246.0;15.5;0.0;;24.0;0.0;0.0;24.0;46.35;6.2700005;0.0;2026-10-09T13:15:00+02:00;2026-10-09T14:01:44+02:00;4fc446c41564
2026-10-10;messery;AROMEHD;2026-10-10T22:00;7.8;10.9;224.0;14.8;0.0;;0.0;0.0;0.0;0.0;46.35;6.2700005;0.0;2026-10-09T13:15:00+02:00;2026-10-09T14:01:44+02:00;4fc446c41564
2026-10-10;messery;AROMEHD;2026-10-10T23:00;8.7;12.8;214.0;14.3;0.0;;15.0;0.0;0.0;15.0;46.35;6.2700005;0.0;2026-10-09T13:15:00+02:00;2026-10-09T14:01:44+02:00;4fc446c41564
2026-10-10;messery;AROMEHD;2026-10-11T00:00;6.5;12.1;187.0;13.8;0.0;;8.0;0.0;0.0;8.0;46.35;6.2700005;0.0;2026-10-09T13:15:00+02:00;2026-10-09T14:01:44+02:00;4fc446c41564
2026-10-10;messery;ICONCH1;2026-10-10T01:00;8.4;10.9;244.0;14.1;0.0;100.0;76.0;100.0;100.0;100.0;46.3589;6.2749023;0.0;2026-10-09T13:15:00+02:00;2026-10-09T14:01:44+02:00;4fc446c41564
2026-10-10;messery;ICONCH1;2026-10-10T02:00;10.0;12.8;237.0;14.0;0.0;100.0;63.0;93.0;100.0;100.0;46.3589;6.2749023;0.0;2026-10-09T13:15:00+02:00;2026-10-09T14:01:44+02:00;4fc446c41564
2026-10-10;messery;ICONCH1;2026-10-10T03:00;11.4;14.8;232.0;13.7;0.0;100.0;39.0;100.0;100.0;100.0;46.3589;6.2749023;0.0;2026-10-09T13:15:00+02:00;2026-10-09T14:01:44+02:00;4fc446c41564
2026-10-10;messery;ICONCH1;2026-10-10T04:00;12.2;15.9;227.0;13.5;0.1;100.0;75.0;100.0;100.0;100.0;46.3589;6.2749023;0.0;2026-10-09T13:15:00+02:00;2026-10-09T14:01:44+02:00;4fc446c41564
2026-10-10;messery;ICONCH1;2026-10-10T05:00;11.7;16.3;220.0;13.1;0.6;100.0;76.0;100.0;100.0;100.0;46.3589;6.2749023;0.0;2026-10-09T13:15:00+02:00;2026-10-09T14:01:44+02:00;4fc446c41564
2026-10-10;messery;ICONCH1;2026-10-10T06:00;10.9;15.4;223.0;13.0;0.6;100.0;100.0;95.0;0.0;100.0;46.3589;6.2749023;0.0;2026-10-09T13:15:00+02:00;2026-10-09T14:01:44+02:00;4fc446c41564
2026-10-10;messery;ICONCH1;2026-10-10T07:00;11.0;14.4;221.0;13.5;0.2;99.0;67.0;96.0;0.0;99.0;46.3589;6.2749023;0.0;2026-10-09T13:15:00+02:00;2026-10-09T14:01:44+02:00;4fc446c41564
2026-10-10;messery;ICONCH1;2026-10-10T08:00;12.1;16.3;213.0;13.8;0.0;100.0;60.0;100.0;0.0;100.0;46.3589;6.2749023;0.0;2026-10-09T13:15:00+02:00;2026-10-09T14:01:44+02:00;4fc446c41564
2026-10-10;messery;ICONCH1;2026-10-10T09:00;12.1;16.1;220.0;13.6;0.3;100.0;66.0;100.0;0.0;100.0;46.3589;6.2749023;0.0;2026-10-09T13:15:00+02:00;2026-10-09T14:01:44+02:00;4fc446c41564
2026-10-10;messery;ICONCH1;2026-10-10T10:00;12.2;16.5;227.0;13.3;0.2;100.0;100.0;100.0;0.0;100.0;46.3589;6.2749023;0.0;2026-10-09T13:15:00+02:00;2026-10-09T14:01:44+02:00;4fc446c41564
2026-10-10;messery;ICONCH1;2026-10-10T11:00;12.6;16.5;219.0;13.8;0.1;100.0;92.0;100.0;0.0;100.0;46.3589;6.2749023;0.0;2026-10-09T13:15:00+02:00;2026-10-09T14:01:44+02:00;4fc446c41564
2026-10-10;messery;ICONCH1;2026-10-10T12:00;12.2;16.7;227.0;13.9;0.0;100.0;100.0;50.0;0.0;100.0;46.3589;6.2749023;0.0;2026-10-09T13:15:00+02:00;2026-10-09T14:01:44+02:00;4fc446c41564
2026-10-10;messery;ICONCH1;2026-10-10T13:00;12.6;16.5;211.0;14.5;0.0;90.0;70.0;68.0;0.0;90.0;46.3589;6.2749023;0.0;2026-10-09T13:15:00+02:00;2026-10-09T14:01:44+02:00;4fc446c41564
2026-10-10;messery;ICONCH1;2026-10-10T14:00;12.6;16.5;207.0;15.2;0.0;78.0;60.0;64.0;0.0;78.0;46.3589;6.2749023;0.0;2026-10-09T13:15:00+02:00;2026-10-09T14:01:44+02:00;4fc446c41564
2026-10-10;messery;ICONCH1;2026-10-10T15:00;9.5;17.7;215.0;15.7;0.0;96.0;95.0;83.0;0.0;96.0;46.3589;6.2749023;0.0;2026-10-09T13:15:00+02:00;2026-10-09T14:01:44+02:00;4fc446c41564
2026-10-10;messery;ICONCH1;2026-10-10T16:00;11.4;14.8;210.0;16.0;0.0;88.0;65.0;78.0;0.0;88.0;46.3589;6.2749023;0.0;2026-10-09T13:15:00+02:00;2026-10-09T14:01:44+02:00;4fc446c41564
2026-10-10;messery;ICONCH1;2026-10-10T17:00;10.9;15.2;209.0;16.2;0.0;79.0;61.0;51.0;0.0;79.0;46.3589;6.2749023;0.0;2026-10-09T13:15:00+02:00;2026-10-09T14:01:44+02:00;4fc446c41564
2026-10-10;messery;ICONCH1;2026-10-10T18:00;12.2;16.1;224.0;16.4;0.0;46.0;46.0;0.0;0.0;46.0;46.3589;6.2749023;0.0;2026-10-09T13:15:00+02:00;2026-10-09T14:01:44+02:00;4fc446c41564
2026-10-10;messery;ICONCH1;2026-10-10T19:00;9.9;16.1;227.0;16.1;0.0;61.0;18.0;49.0;0.0;61.0;46.3589;6.2749023;0.0;2026-10-09T13:15:00+02:00;2026-10-09T14:01:44+02:00;4fc446c41564
2026-10-10;messery;ICONCH1;2026-10-10T20:00;9.7;12.8;237.0;15.1;0.0;0.0;0.0;0.0;0.0;0.0;46.3589;6.2749023;0.0;2026-10-09T13:15:00+02:00;2026-10-09T14:01:44+02:00;4fc446c41564
2026-10-10;parking_pre_rencontre;AROMEHD;2026-10-10T01:00;6.0;16.5;13.0;6.7;0.0;;0.0;0.0;100.0;100.0;45.01;5.779999;0.0;2026-10-09T13:15:00+02:00;2026-10-09T14:01:44+02:00;4fc446c41564
2026-10-10;parking_pre_rencontre;AROMEHD;2026-10-10T02:00;5.9;15.9;9.0;6.9;0.0;;0.0;100.0;100.0;100.0;45.01;5.779999;0.0;2026-10-09T13:15:00+02:00;2026-10-09T14:01:44+02:00;4fc446c41564
2026-10-10;parking_pre_rencontre;AROMEHD;2026-10-10T03:00;6.5;14.8;9.0;7.3;0.0;;0.0;0.0;100.0;100.0;45.01;5.779999;0.0;2026-10-09T13:15:00+02:00;2026-10-09T14:01:44+02:00;4fc446c41564
2026-10-10;parking_pre_rencontre;AROMEHD;2026-10-10T04:00;6.9;15.7;8.0;7.5;0.0;;0.0;0.0;100.0;100.0;45.01;5.779999;0.0;2026-10-09T13:15:00+02:00;2026-10-09T14:01:44+02:00;4fc446c41564
2026-10-10;parking_pre_rencontre;AROMEHD;2026-10-10T05:00;5.9;16.1;11.0;7.7;0.0;;0.0;0.0;100.0;100.0;45.01;5.779999;0.0;2026-10-09T13:15:00+02:00;2026-10-09T14:01:44+02:00;4fc446c41564
2026-10-10;parking_pre_rencontre;AROMEHD;2026-10-10T06:00;5.9;14.4;6.0;7.9;0.0;;0.0;0.0;100.0;100.0;45.01;5.779999;0.0;2026-10-09T13:15:00+02:00;2026-10-09T14:01:44+02:00;4fc446c41564
2026-10-10;parking_pre_rencontre;AROMEHD;2026-10-10T07:00;5.3;13.0;4.0;8.0;0.0;;0.0;0.0;100.0;100.0;45.01;5.779999;0.0;2026-10-09T13:15:00+02:00;2026-10-09T14:01:44+02:00;4fc446c41564
2026-10-10;parking_pre_rencontre;AROMEHD;2026-10-10T08:00;5.5;11.9;4.0;8.1;0.0;;0.0;0.0;0.0;0.0;45.01;5.779999;0.0;2026-10-09T13:15:00+02:00;2026-10-09T14:01:44+02:00;4fc446c41564
2026-10-10;parking_pre_rencontre;AROMEHD;2026-10-10T09:00;5.7;13.6;6.0;8.3;0.0;;63.0;100.0;0.0;100.0;45.01;5.779999;0.0;2026-10-09T13:15:00+02:00;2026-10-09T14:01:44+02:00;4fc446c41564
2026-10-10;parking_pre_rencontre;AROMEHD;2026-10-10T10:00;5.8;14.0;2.0;9.2;0.0;;0.0;0.0;0.0;0.0;45.01;5.779999;0.0;2026-10-09T13:15:00+02:00;2026-10-09T14:01:44+02:00;4fc446c41564
2026-10-10;parking_pre_rencontre;AROMEHD;2026-10-10T11:00;6.6;15.4;2.0;10.5;0.0;;0.0;0.0;0.0;0.0;45.01;5.779999;0.0;2026-10-09T13:15:00+02:00;2026-10-09T14:01:44+02:00;4fc446c41564
2026-10-10;parking_pre_rencontre;AROMEHD;2026-10-10T12:00;6.6;15.7;358.0;11.3;0.0;;0.0;0.0;0.0;0.0;45.01;5.779999;0.0;2026-10-09T13:15:00+02:00;2026-10-09T14:01:44+02:00;4fc446c41564
2026-10-10;parking_pre_rencontre;AROMEHD;2026-10-10T13:00;6.6;16.7;358.0;11.5;0.0;;37.0;0.0;0.0;37.0;45.01;5.779999;0.0;2026-10-09T13:15:00+02:00;2026-10-09T14:01:44+02:00;4fc446c41564
2026-10-10;parking_pre_rencontre;AROMEHD;2026-10-10T14:00;7.2;17.9;360.0;11.9;0.0;;75.0;1.0;0.0;75.0;45.01;5.779999;0.0;2026-10-09T13:15:00+02:00;2026-10-09T14:01:44+02:00;4fc446c41564
2026-10-10;parking_pre_rencontre;AROMEHD;2026-10-10T15:00;7.0;17.9;357.0;12.4;0.0;;44.0;0.0;0.0;44.0;45.01;5.779999;0.0;2026-10-09T13:15:00+02:00;2026-10-09T14:01:44+02:00;4fc446c41564
2026-10-10;parking_pre_rencontre;AROMEHD;2026-10-10T16:00;6.8;18.9;357.0;12.3;0.0;;6.0;0.0;0.0;6.0;45.01;5.779999;0.0;2026-10-09T13:15:00+02:00;2026-10-09T14:01:44+02:00;4fc446c41564
2026-10-10;parking_pre_rencontre;AROMEHD;2026-10-10T17:00;6.5;18.3;353.0;11.9;0.0;;57.0;0.0;0.0;57.0;45.01;5.779999;0.0;2026-10-09T13:15:00+02:00;2026-10-09T14:01:44+02:00;4fc446c41564
2026-10-10;parking_pre_rencontre;AROMEHD;2026-10-10T18:00;6.2;16.7;358.0;11.4;0.0;;59.0;0.0;0.0;59.0;45.01;5.779999;0.0;2026-10-09T13:15:00+02:00;2026-10-09T14:01:44+02:00;4fc446c41564
2026-10-10;parking_pre_rencontre;AROMEHD;2026-10-10T19:00;4.5;14.8;7.0;10.5;0.0;;99.0;0.0;0.0;99.0;45.01;5.779999;0.0;2026-10-09T13:15:00+02:00;2026-10-09T14:01:44+02:00;4fc446c41564
2026-10-10;parking_pre_rencontre;AROMEHD;2026-10-10T20:00;5.2;12.8;13.0;10.5;0.0;;99.0;0.0;0.0;99.0;45.01;5.779999;0.0;2026-10-09T13:15:00+02:00;2026-10-09T14:01:44+02:00;4fc446c41564
2026-10-10;parking_pre_rencontre;AROMEHD;2026-10-10T21:00;5.8;15.9;2.0;10.0;0.0;;100.0;0.0;0.0;100.0;45.01;5.779999;0.0;2026-10-09T13:15:00+02:00;2026-10-09T14:01:44+02:00;4fc446c41564
2026-10-10;parking_pre_rencontre;AROMEHD;2026-10-10T22:00;4.7;14.0;9.0;9.7;0.0;;100.0;0.0;0.0;100.0;45.01;5.779999;0.0;2026-10-09T13:15:00+02:00;2026-10-09T14:01:44+02:00;4fc446c41564
2026-10-10;parking_pre_rencontre;AROMEHD;2026-10-10T23:00;5.4;15.0;360.0;9.1;0.0;;98.0;0.0;0.0;98.0;45.01;5.779999;0.0;2026-10-09T13:15:00+02:00;2026-10-09T14:01:44+02:00;4fc446c41564
2026-10-10;parking_pre_rencontre;AROMEHD;2026-10-11T00:00;6.6;15.9;355.0;8.3;0.0;;88.0;0.0;0.0;88.0;45.01;5.779999;0.0;2026-10-09T13:15:00+02:00;2026-10-09T14:01:44+02:00;4fc446c41564
2026-10-10;parking_pre_rencontre;ICONCH1;2026-10-10T01:00;6.1;15.0;354.0;6.7;0.0;92.0;47.0;83.0;14.0;92.0;45.0093;5.77124;1002.0;2026-10-09T13:15:00+02:00;2026-10-09T14:01:44+02:00;4fc446c41564
2026-10-10;parking_pre_rencontre;ICONCH1;2026-10-10T02:00;5.1;10.9;356.0;6.9;0.0;98.0;35.0;66.0;93.0;98.0;45.0093;5.77124;1002.0;2026-10-09T13:15:00+02:00;2026-10-09T14:01:44+02:00;4fc446c41564
2026-10-10;parking_pre_rencontre;ICONCH1;2026-10-10T03:00;8.0;14.4;357.0;6.5;0.0;100.0;14.0;76.0;100.0;100.0;45.0093;5.77124;1002.0;2026-10-09T13:15:00+02:00;2026-10-09T14:01:44+02:00;4fc446c41564
2026-10-10;parking_pre_rencontre;ICONCH1;2026-10-10T04:00;7.4;14.4;357.0;6.5;0.0;100.0;6.0;71.0;100.0;100.0;45.0093;5.77124;1002.0;2026-10-09T13:15:00+02:00;2026-10-09T14:01:44+02:00;4fc446c41564
2026-10-10;parking_pre_rencontre;ICONCH1;2026-10-10T05:00;8.0;14.8;354.0;6.9;0.0;100.0;34.0;100.0;100.0;100.0;45.0093;5.77124;1002.0;2026-10-09T13:15:00+02:00;2026-10-09T14:01:44+02:00;4fc446c41564
2026-10-10;parking_pre_rencontre;ICONCH1;2026-10-10T06:00;8.8;16.1;357.0;7.4;0.0;100.0;81.0;88.0;100.0;100.0;45.0093;5.77124;1002.0;2026-10-09T13:15:00+02:00;2026-10-09T14:01:44+02:00;4fc446c41564
2026-10-10;parking_pre_rencontre;ICONCH1;2026-10-10T07:00;8.6;16.3;354.0;7.6;0.1;100.0;89.0;83.0;100.0;100.0;45.0093;5.77124;1002.0;2026-10-09T13:15:00+02:00;2026-10-09T14:01:44+02:00;4fc446c41564
2026-10-10;parking_pre_rencontre;ICONCH1;2026-10-10T08:00;8.2;15.6;353.0;7.6;0.1;98.0;97.0;81.0;0.0;98.0;45.0093;5.77124;1002.0;2026-10-09T13:15:00+02:00;2026-10-09T14:01:44+02:00;4fc446c41564
2026-10-10;parking_pre_rencontre;ICONCH1;2026-10-10T09:00;7.5;14.8;348.0;8.0;0.1;100.0;100.0;76.0;0.0;100.0;45.0093;5.77124;1002.0;2026-10-09T13:15:00+02:00;2026-10-09T14:01:44+02:00;4fc446c41564
2026-10-10;parking_pre_rencontre;ICONCH1;2026-10-10T10:00;5.4;14.0;2.0;8.4;0.1;90.0;87.0;67.0;0.0;90.0;45.0093;5.77124;1002.0;2026-10-09T13:15:00+02:00;2026-10-09T14:01:44+02:00;4fc446c41564
2026-10-10;parking_pre_rencontre;ICONCH1;2026-10-10T11:00;8.8;16.3;356.0;9.5;0.0;88.0;61.0;77.0;0.0;88.0;45.0093;5.77124;1002.0;2026-10-09T13:15:00+02:00;2026-10-09T14:01:44+02:00;4fc446c41564
2026-10-10;parking_pre_rencontre;ICONCH1;2026-10-10T12:00;9.0;18.3;354.0;9.7;0.0;95.0;91.0;47.0;0.0;95.0;45.0093;5.77124;1002.0;2026-10-09T13:15:00+02:00;2026-10-09T14:01:44+02:00;4fc446c41564
2026-10-10;parking_pre_rencontre;ICONCH1;2026-10-10T13:00;8.9;17.5;359.0;9.9;0.2;94.0;89.0;51.0;0.0;94.0;45.0093;5.77124;1002.0;2026-10-09T13:15:00+02:00;2026-10-09T14:01:44+02:00;4fc446c41564
2026-10-10;parking_pre_rencontre;ICONCH1;2026-10-10T14:00;9.3;18.3;1.0;9.8;0.1;81.0;74.0;62.0;0.0;81.0;45.0093;5.77124;1002.0;2026-10-09T13:15:00+02:00;2026-10-09T14:01:44+02:00;4fc446c41564
2026-10-10;parking_pre_rencontre;ICONCH1;2026-10-10T15:00;9.1;18.1;1.0;10.6;0.0;81.0;75.0;55.0;0.0;81.0;45.0093;5.77124;1002.0;2026-10-09T13:15:00+02:00;2026-10-09T14:01:44+02:00;4fc446c41564
2026-10-10;parking_pre_rencontre;ICONCH1;2026-10-10T16:00;8.4;18.1;5.0;10.4;0.0;87.0;59.0;67.0;0.0;87.0;45.0093;5.77124;1002.0;2026-10-09T13:15:00+02:00;2026-10-09T14:01:44+02:00;4fc446c41564
2026-10-10;parking_pre_rencontre;ICONCH1;2026-10-10T17:00;7.4;16.5;2.0;10.1;0.0;78.0;68.0;54.0;0.0;78.0;45.0093;5.77124;1002.0;2026-10-09T13:15:00+02:00;2026-10-09T14:01:44+02:00;4fc446c41564
2026-10-10;parking_pre_rencontre;ICONCH1;2026-10-10T18:00;6.8;14.4;358.0;9.9;0.0;37.0;37.0;0.0;0.0;37.0;45.0093;5.77124;1002.0;2026-10-09T13:15:00+02:00;2026-10-09T14:01:44+02:00;4fc446c41564
2026-10-10;parking_pre_rencontre;ICONCH1;2026-10-10T19:00;5.7;12.6;356.0;9.0;0.0;41.0;39.0;4.0;0.0;41.0;45.0093;5.77124;1002.0;2026-10-09T13:15:00+02:00;2026-10-09T14:01:44+02:00;4fc446c41564
2026-10-10;parking_pre_rencontre;ICONCH1;2026-10-10T20:00;5.5;10.5;352.0;8.9;0.0;55.0;55.0;0.0;0.0;55.0;45.0093;5.77124;1002.0;2026-10-09T13:15:00+02:00;2026-10-09T14:01:44+02:00;4fc446c41564
2026-10-10;plage_de_sevrier;AROMEHD;2026-10-10T01:00;2.9;4.5;188.0;12.4;0.0;;100.0;48.0;100.0;100.0;45.86;6.16;0.0;2026-10-09T13:15:00+02:00;2026-10-09T14:01:44+02:00;4fc446c41564
2026-10-10;plage_de_sevrier;AROMEHD;2026-10-10T02:00;2.3;4.7;160.0;12.6;0.0;;100.0;100.0;100.0;100.0;45.86;6.16;0.0;2026-10-09T13:15:00+02:00;2026-10-09T14:01:44+02:00;4fc446c41564
2026-10-10;plage_de_sevrier;AROMEHD;2026-10-10T03:00;1.6;4.1;187.0;12.6;0.0;;100.0;100.0;100.0;100.0;45.86;6.16;0.0;2026-10-09T13:15:00+02:00;2026-10-09T14:01:44+02:00;4fc446c41564
2026-10-10;plage_de_sevrier;AROMEHD;2026-10-10T04:00;3.4;4.9;156.0;12.7;0.0;;48.0;3.0;100.0;100.0;45.86;6.16;0.0;2026-10-09T13:15:00+02:00;2026-10-09T14:01:44+02:00;4fc446c41564
2026-10-10;plage_de_sevrier;AROMEHD;2026-10-10T05:00;1.5;4.9;130.0;12.9;0.0;;49.0;44.0;100.0;100.0;45.86;6.16;0.0;2026-10-09T13:15:00+02:00;2026-10-09T14:01:44+02:00;4fc446c41564
2026-10-10;plage_de_sevrier;AROMEHD;2026-10-10T06:00;2.0;4.5;151.0;12.7;0.0;;62.0;100.0;100.0;100.0;45.86;6.16;0.0;2026-10-09T13:15:00+02:00;2026-10-09T14:01:44+02:00;4fc446c41564
2026-10-10;plage_de_sevrier;AROMEHD;2026-10-10T07:00;0.4;3.3;63.0;13.0;0.0;;100.0;100.0;36.0;100.0;45.86;6.16;0.0;2026-10-09T13:15:00+02:00;2026-10-09T14:01:44+02:00;4fc446c41564
2026-10-10;plage_de_sevrier;AROMEHD;2026-10-10T08:00;5.3;8.6;350.0;12.0;0.8;;100.0;100.0;6.0;100.0;45.86;6.16;0.0;2026-10-09T13:15:00+02:00;2026-10-09T14:01:44+02:00;4fc446c41564
2026-10-10;plage_de_sevrier;AROMEHD;2026-10-10T09:00;2.5;7.0;157.0;11.7;0.4;;21.0;100.0;0.0;100.0;45.86;6.16;0.0;2026-10-09T13:15:00+02:00;2026-10-09T14:01:44+02:00;4fc446c41564
2026-10-10;plage_de_sevrier;AROMEHD;2026-10-10T10:00;2.1;4.9;131.0;12.1;0.0;;1.0;100.0;0.0;100.0;45.86;6.16;0.0;2026-10-09T13:15:00+02:00;2026-10-09T14:01:44+02:00;4fc446c41564
2026-10-10;plage_de_sevrier;AROMEHD;2026-10-10T11:00;1.2;3.5;252.0;12.6;0.0;;6.0;29.0;0.0;29.0;45.86;6.16;0.0;2026-10-09T13:15:00+02:00;2026-10-09T14:01:44+02:00;4fc446c41564
2026-10-10;plage_de_sevrier;AROMEHD;2026-10-10T12:00;2.8;3.5;335.0;13.2;0.0;;43.0;76.0;0.0;76.0;45.86;6.16;0.0;2026-10-09T13:15:00+02:00;2026-10-09T14:01:44+02:00;4fc446c41564
2026-10-10;plage_de_sevrier;AROMEHD;2026-10-10T13:00;7.8;9.9;6.0;14.9;0.0;;91.0;100.0;0.0;100.0;45.86;6.16;0.0;2026-10-09T13:15:00+02:00;2026-10-09T14:01:44+02:00;4fc446c41564
2026-10-10;plage_de_sevrier;AROMEHD;2026-10-10T14:00;8.0;12.4;14.0;15.1;0.0;;83.0;100.0;0.0;100.0;45.86;6.16;0.0;2026-10-09T13:15:00+02:00;2026-10-09T14:01:44+02:00;4fc446c41564
2026-10-10;plage_de_sevrier;AROMEHD;2026-10-10T15:00;4.7;10.3;341.0;15.5;0.0;;100.0;100.0;0.0;100.0;45.86;6.16;0.0;2026-10-09T13:15:00+02:00;2026-10-09T14:01:44+02:00;4fc446c41564
2026-10-10;plage_de_sevrier;AROMEHD;2026-10-10T16:00;4.5;5.8;7.0;16.1;0.0;;19.0;1.0;0.0;19.0;45.86;6.16;0.0;2026-10-09T13:15:00+02:00;2026-10-09T14:01:44+02:00;4fc446c41564
2026-10-10;plage_de_sevrier;AROMEHD;2026-10-10T17:00;5.4;7.2;334.0;16.3;0.0;;80.0;7.0;0.0;80.0;45.86;6.16;0.0;2026-10-09T13:15:00+02:00;2026-10-09T14:01:44+02:00;4fc446c41564
2026-10-10;plage_de_sevrier;AROMEHD;2026-10-10T18:00;5.9;10.1;6.0;15.7;0.0;;15.0;0.0;0.0;15.0;45.86;6.16;0.0;2026-10-09T13:15:00+02:00;2026-10-09T14:01:44+02:00;4fc446c41564
2026-10-10;plage_de_sevrier;AROMEHD;2026-10-10T19:00;5.2;9.7;345.0;15.7;0.0;;54.0;0.0;0.0;54.0;45.86;6.16;0.0;2026-10-09T13:15:00+02:00;2026-10-09T14:01:44+02:00;4fc446c41564
2026-10-10;plage_de_sevrier;AROMEHD;2026-10-10T20:00;5.5;8.2;280.0;15.1;0.0;;29.0;0.0;0.0;29.0;45.86;6.16;0.0;2026-10-09T13:15:00+02:00;2026-10-09T14:01:44+02:00;4fc446c41564
2026-10-10;plage_de_sevrier;AROMEHD;2026-10-10T21:00;8.7;9.9;1.0;14.4;0.0;;61.0;0.0;0.0;61.0;45.86;6.16;0.0;2026-10-09T13:15:00+02:00;2026-10-09T14:01:44+02:00;4fc446c41564
2026-10-10;plage_de_sevrier;AROMEHD;2026-10-10T22:00;5.0;12.1;347.0;14.3;0.0;;1.0;0.0;0.0;1.0;45.86;6.16;0.0;2026-10-09T13:15:00+02:00;2026-10-09T14:01:44+02:00;4fc446c41564
2026-10-10;plage_de_sevrier;AROMEHD;2026-10-10T23:00;6.4;9.7;335.0;13.6;0.0;;29.0;0.0;0.0;29.0;45.86;6.16;0.0;2026-10-09T13:15:00+02:00;2026-10-09T14:01:44+02:00;4fc446c41564
2026-10-10;plage_de_sevrier;AROMEHD;2026-10-11T00:00;10.3;14.6;348.0;12.8;0.0;;100.0;0.0;0.0;100.0;45.86;6.16;0.0;2026-10-09T13:15:00+02:00;2026-10-09T14:01:44+02:00;4fc446c41564
2026-10-10;plage_de_sevrier;ICONCH1;2026-10-10T01:00;1.1;3.5;225.0;13.6;0.0;100.0;64.0;100.0;100.0;100.0;45.86465;6.164917;0.0;2026-10-09T13:15:00+02:00;2026-10-09T14:01:44+02:00;4fc446c41564
2026-10-10;plage_de_sevrier;ICONCH1;2026-10-10T02:00;2.1;2.9;229.0;13.8;0.0;100.0;76.0;85.0;100.0;100.0;45.86465;6.164917;0.0;2026-10-09T13:15:00+02:00;2026-10-09T14:01:44+02:00;4fc446c41564
2026-10-10;plage_de_sevrier;ICONCH1;2026-10-10T03:00;4.1;8.0;3.0;12.9;0.0;100.0;87.0;84.0;94.0;100.0;45.86465;6.164917;0.0;2026-10-09T13:15:00+02:00;2026-10-09T14:01:44+02:00;4fc446c41564
2026-10-10;plage_de_sevrier;ICONCH1;2026-10-10T04:00;4.4;5.8;345.0;12.8;0.0;100.0;100.0;100.0;98.0;100.0;45.86465;6.164917;0.0;2026-10-09T13:15:00+02:00;2026-10-09T14:01:44+02:00;4fc446c41564
2026-10-10;plage_de_sevrier;ICONCH1;2026-10-10T05:00;4.0;6.0;349.0;12.7;0.1;100.0;100.0;100.0;100.0;100.0;45.86465;6.164917;0.0;2026-10-09T13:15:00+02:00;2026-10-09T14:01:44+02:00;4fc446c41564
2026-10-10;plage_de_sevrier;ICONCH1;2026-10-10T06:00;2.8;5.2;348.0;12.4;0.9;100.0;100.0;99.0;100.0;100.0;45.86465;6.164917;0.0;2026-10-09T13:15:00+02:00;2026-10-09T14:01:44+02:00;4fc446c41564
2026-10-10;plage_de_sevrier;ICONCH1;2026-10-10T07:00;1.8;3.7;6.0;12.5;0.8;100.0;100.0;100.0;0.0;100.0;45.86465;6.164917;0.0;2026-10-09T13:15:00+02:00;2026-10-09T14:01:44+02:00;4fc446c41564
2026-10-10;plage_de_sevrier;ICONCH1;2026-10-10T08:00;1.6;2.5;166.0;12.8;0.6;100.0;94.0;100.0;0.0;100.0;45.86465;6.164917;0.0;2026-10-09T13:15:00+02:00;2026-10-09T14:01:44+02:00;4fc446c41564
2026-10-10;plage_de_sevrier;ICONCH1;2026-10-10T09:00;3.1;5.2;158.0;13.0;0.0;99.0;76.0;94.0;0.0;99.0;45.86465;6.164917;0.0;2026-10-09T13:15:00+02:00;2026-10-09T14:01:44+02:00;4fc446c41564
2026-10-10;plage_de_sevrier;ICONCH1;2026-10-10T10:00;2.6;4.1;171.0;13.1;0.4;100.0;83.0;100.0;0.0;100.0;45.86465;6.164917;0.0;2026-10-09T13:15:00+02:00;2026-10-09T14:01:44+02:00;4fc446c41564
2026-10-10;plage_de_sevrier;ICONCH1;2026-10-10T11:00;1.1;5.2;211.0;13.1;0.9;100.0;100.0;100.0;0.0;100.0;45.86465;6.164917;0.0;2026-10-09T13:15:00+02:00;2026-10-09T14:01:44+02:00;4fc446c41564
2026-10-10;plage_de_sevrier;ICONCH1;2026-10-10T12:00;1.0;3.3;191.0;13.4;0.2;99.0;87.0;98.0;0.0;99.0;45.86465;6.164917;0.0;2026-10-09T13:15:00+02:00;2026-10-09T14:01:44+02:00;4fc446c41564
2026-10-10;plage_de_sevrier;ICONCH1;2026-10-10T13:00;2.4;3.1;305.0;13.7;0.1;100.0;100.0;100.0;0.0;100.0;45.86465;6.164917;0.0;2026-10-09T13:15:00+02:00;2026-10-09T14:01:44+02:00;4fc446c41564
2026-10-10;plage_de_sevrier;ICONCH1;2026-10-10T14:00;1.1;3.9;315.0;13.6;0.0;96.0;89.0;93.0;0.0;96.0;45.86465;6.164917;0.0;2026-10-09T13:15:00+02:00;2026-10-09T14:01:44+02:00;4fc446c41564
2026-10-10;plage_de_sevrier;ICONCH1;2026-10-10T15:00;2.3;4.3;318.0;14.0;0.0;100.0;75.0;100.0;0.0;100.0;45.86465;6.164917;0.0;2026-10-09T13:15:00+02:00;2026-10-09T14:01:44+02:00;4fc446c41564
2026-10-10;plage_de_sevrier;ICONCH1;2026-10-10T16:00;0.6;4.5;198.0;14.5;0.0;94.0;78.0;84.0;0.0;94.0;45.86465;6.164917;0.0;2026-10-09T13:15:00+02:00;2026-10-09T14:01:44+02:00;4fc446c41564
2026-10-10;plage_de_sevrier;ICONCH1;2026-10-10T17:00;1.0;1.9;68.0;14.8;0.0;90.0;61.0;78.0;0.0;90.0;45.86465;6.164917;0.0;2026-10-09T13:15:00+02:00;2026-10-09T14:01:44+02:00;4fc446c41564
2026-10-10;plage_de_sevrier;ICONCH1;2026-10-10T18:00;1.2;2.3;351.0;15.1;0.0;90.0;83.0;78.0;0.0;90.0;45.86465;6.164917;0.0;2026-10-09T13:15:00+02:00;2026-10-09T14:01:44+02:00;4fc446c41564
2026-10-10;plage_de_sevrier;ICONCH1;2026-10-10T19:00;2.0;2.9;197.0;15.3;0.0;86.0;63.0;63.0;0.0;86.0;45.86465;6.164917;0.0;2026-10-09T13:15:00+02:00;2026-10-09T14:01:44+02:00;4fc446c41564
2026-10-10;plage_de_sevrier;ICONCH1;2026-10-10T20:00;1.8;3.9;167.0;15.2;0.0;63.0;47.0;32.0;0.0;63.0;45.86465;6.164917;0.0;2026-10-09T13:15:00+02:00;2026-10-09T14:01:44+02:00;4fc446c41564
2026-10-10;pont_darciat;AROMEHD;2026-10-10T01:00;2.6;3.5;193.0;12.3;0.0;;100.0;17.0;100.0;100.0;46.25;4.8099995;169.0;2026-10-09T13:15:00+02:00;2026-10-09T14:01:44+02:00;4fc446c41564
2026-10-10;pont_darciat;AROMEHD;2026-10-10T02:00;3.7;5.1;205.0;12.1;0.0;;99.0;100.0;100.0;100.0;46.25;4.8099995;169.0;2026-10-09T13:15:00+02:00;2026-10-09T14:01:44+02:00;4fc446c41564
2026-10-10;pont_darciat;AROMEHD;2026-10-10T03:00;3.3;5.6;197.0;11.9;0.1;;100.0;100.0;100.0;100.0;46.25;4.8099995;169.0;2026-10-09T13:15:00+02:00;2026-10-09T14:01:44+02:00;4fc446c41564
2026-10-10;pont_darciat;AROMEHD;2026-10-10T04:00;2.6;4.3;193.0;11.4;0.7;;100.0;100.0;100.0;100.0;46.25;4.8099995;169.0;2026-10-09T13:15:00+02:00;2026-10-09T14:01:44+02:00;4fc446c41564
2026-10-10;pont_darciat;AROMEHD;2026-10-10T05:00;3.0;4.1;191.0;11.0;1.2;;100.0;100.0;100.0;100.0;46.25;4.8099995;169.0;2026-10-09T13:15:00+02:00;2026-10-09T14:01:44+02:00;4fc446c41564
2026-10-10;pont_darciat;AROMEHD;2026-10-10T06:00;2.7;4.7;188.0;10.9;0.1;;100.0;100.0;0.0;100.0;46.25;4.8099995;169.0;2026-10-09T13:15:00+02:00;2026-10-09T14:01:44+02:00;4fc446c41564
2026-10-10;pont_darciat;AROMEHD;2026-10-10T07:00;4.1;5.4;180.0;10.9;0.0;;98.0;100.0;0.0;100.0;46.25;4.8099995;169.0;2026-10-09T13:15:00+02:00;2026-10-09T14:01:44+02:00;4fc446c41564
2026-10-10;pont_darciat;AROMEHD;2026-10-10T08:00;4.6;6.8;202.0;11.0;0.0;;100.0;100.0;0.0;100.0;46.25;4.8099995;169.0;2026-10-09T13:15:00+02:00;2026-10-09T14:01:44+02:00;4fc446c41564
2026-10-10;pont_darciat;AROMEHD;2026-10-10T09:00;5.3;8.0;208.0;11.4;0.0;;100.0;100.0;0.0;100.0;46.25;4.8099995;169.0;2026-10-09T13:15:00+02:00;2026-10-09T14:01:44+02:00;4fc446c41564
2026-10-10;pont_darciat;AROMEHD;2026-10-10T10:00;6.6;9.7;192.0;11.8;0.2;;100.0;100.0;0.0;100.0;46.25;4.8099995;169.0;2026-10-09T13:15:00+02:00;2026-10-09T14:01:44+02:00;4fc446c41564
2026-10-10;pont_darciat;AROMEHD;2026-10-10T11:00;5.7;9.9;207.0;12.5;0.2;;100.0;100.0;0.0;100.0;46.25;4.8099995;169.0;2026-10-09T13:15:00+02:00;2026-10-09T14:01:44+02:00;4fc446c41564
2026-10-10;pont_darciat;AROMEHD;2026-10-10T12:00;6.6;9.9;201.0;13.2;0.1;;100.0;15.0;0.0;100.0;46.25;4.8099995;169.0;2026-10-09T13:15:00+02:00;2026-10-09T14:01:44+02:00;4fc446c41564
2026-10-10;pont_darciat;AROMEHD;2026-10-10T13:00;6.2;11.5;204.0;14.5;0.0;;100.0;1.0;0.0;100.0;46.25;4.8099995;169.0;2026-10-09T13:15:00+02:00;2026-10-09T14:01:44+02:00;4fc446c41564
2026-10-10;pont_darciat;AROMEHD;2026-10-10T14:00;3.2;9.7;218.0;15.4;0.0;;100.0;0.0;0.0;100.0;46.25;4.8099995;169.0;2026-10-09T13:15:00+02:00;2026-10-09T14:01:44+02:00;4fc446c41564
2026-10-10;pont_darciat;AROMEHD;2026-10-10T15:00;10.2;15.9;310.0;14.8;0.2;;100.0;6.0;0.0;100.0;46.25;4.8099995;169.0;2026-10-09T13:15:00+02:00;2026-10-09T14:01:44+02:00;4fc446c41564
2026-10-10;pont_darciat;AROMEHD;2026-10-10T16:00;6.2;15.6;284.0;14.9;0.0;;5.0;0.0;0.0;5.0;46.25;4.8099995;169.0;2026-10-09T13:15:00+02:00;2026-10-09T14:01:44+02:00;4fc446c41564
2026-10-10;pont_darciat;AROMEHD;2026-10-10T17:00;4.7;9.9;300.0;15.2;0.0;;5.0;0.0;0.0;5.0;46.25;4.8099995;169.0;2026-10-09T13:15:00+02:00;2026-10-09T14:01:44+02:00;4fc446c41564
2026-10-10;pont_darciat;AROMEHD;2026-10-10T18:00;3.3;9.1;273.0;15.0;0.0;;0.0;0.0;0.0;0.0;46.25;4.8099995;169.0;2026-10-09T13:15:00+02:00;2026-10-09T14:01:44+02:00;4fc446c41564
2026-10-10;pont_darciat;AROMEHD;2026-10-10T19:00;3.1;6.6;263.0;13.9;0.0;;0.0;0.0;0.0;0.0;46.25;4.8099995;169.0;2026-10-09T13:15:00+02:00;2026-10-09T14:01:44+02:00;4fc446c41564
2026-10-10;pont_darciat;AROMEHD;2026-10-10T20:00;2.0;3.9;209.0;12.1;0.0;;1.0;0.0;0.0;1.0;46.25;4.8099995;169.0;2026-10-09T13:15:00+02:00;2026-10-09T14:01:44+02:00;4fc446c41564
2026-10-10;pont_darciat;AROMEHD;2026-10-10T21:00;2.3;2.7;204.0;10.3;0.0;;0.0;0.0;0.0;0.0;46.25;4.8099995;169.0;2026-10-09T13:15:00+02:00;2026-10-09T14:01:44+02:00;4fc446c41564
2026-10-10;pont_darciat;AROMEHD;2026-10-10T22:00;3.2;3.1;166.0;8.2;0.0;;0.0;0.0;0.0;0.0;46.25;4.8099995;169.0;2026-10-09T13:15:00+02:00;2026-10-09T14:01:44+02:00;4fc446c41564
2026-10-10;pont_darciat;AROMEHD;2026-10-10T23:00;2.8;3.7;205.0;7.5;0.0;;0.0;0.0;0.0;0.0;46.25;4.8099995;169.0;2026-10-09T13:15:00+02:00;2026-10-09T14:01:44+02:00;4fc446c41564
2026-10-10;pont_darciat;AROMEHD;2026-10-11T00:00;2.1;2.7;175.0;6.7;0.0;;0.0;0.0;0.0;0.0;46.25;4.8099995;169.0;2026-10-09T13:15:00+02:00;2026-10-09T14:01:44+02:00;4fc446c41564
2026-10-10;pont_darciat;ICONCH1;2026-10-10T01:00;4.0;7.4;191.0;11.5;0.3;100.0;87.0;100.0;100.0;100.0;46.25097;4.8050537;172.0;2026-10-09T13:15:00+02:00;2026-10-09T14:01:44+02:00;4fc446c41564
2026-10-10;pont_darciat;ICONCH1;2026-10-10T02:00;4.0;6.8;194.0;11.2;0.8;100.0;82.0;100.0;100.0;100.0;46.25097;4.8050537;172.0;2026-10-09T13:15:00+02:00;2026-10-09T14:01:44+02:00;4fc446c41564
2026-10-10;pont_darciat;ICONCH1;2026-10-10T03:00;4.3;6.8;185.0;11.1;1.6;100.0;100.0;100.0;100.0;100.0;46.25097;4.8050537;172.0;2026-10-09T13:15:00+02:00;2026-10-09T14:01:44+02:00;4fc446c41564
2026-10-10;pont_darciat;ICONCH1;2026-10-10T04:00;4.1;6.8;188.0;11.1;0.9;98.0;92.0;96.0;0.0;98.0;46.25097;4.8050537;172.0;2026-10-09T13:15:00+02:00;2026-10-09T14:01:44+02:00;4fc446c41564
2026-10-10;pont_darciat;ICONCH1;2026-10-10T05:00;3.8;7.2;192.0;11.1;0.0;89.0;79.0;48.0;0.0;89.0;46.25097;4.8050537;172.0;2026-10-09T13:15:00+02:00;2026-10-09T14:01:44+02:00;4fc446c41564
2026-10-10;pont_darciat;ICONCH1;2026-10-10T06:00;4.8;7.6;194.0;11.3;0.0;100.0;90.0;100.0;0.0;100.0;46.25097;4.8050537;172.0;2026-10-09T13:15:00+02:00;2026-10-09T14:01:44+02:00;4fc446c41564
2026-10-10;pont_darciat;ICONCH1;2026-10-10T07:00;4.8;8.0;194.0;11.4;0.0;100.0;91.0;100.0;0.0;100.0;46.25097;4.8050537;172.0;2026-10-09T13:15:00+02:00;2026-10-09T14:01:44+02:00;4fc446c41564
2026-10-10;pont_darciat;ICONCH1;2026-10-10T08:00;5.5;8.9;197.0;11.6;0.0;95.0;84.0;88.0;0.0;95.0;46.25097;4.8050537;172.0;2026-10-09T13:15:00+02:00;2026-10-09T14:01:44+02:00;4fc446c41564
2026-10-10;pont_darciat;ICONCH1;2026-10-10T09:00;6.3;9.7;187.0;11.8;0.1;99.0;76.0;98.0;0.0;99.0;46.25097;4.8050537;172.0;2026-10-09T13:15:00+02:00;2026-10-09T14:01:44+02:00;4fc446c41564
2026-10-10;pont_darciat;ICONCH1;2026-10-10T10:00;6.1;10.1;189.0;12.0;0.0;100.0;100.0;77.0;0.0;100.0;46.25097;4.8050537;172.0;2026-10-09T13:15:00+02:00;2026-10-09T14:01:44+02:00;4fc446c41564
2026-10-10;pont_darciat;ICONCH1;2026-10-10T11:00;5.9;9.9;191.0;12.7;0.0;100.0;88.0;100.0;0.0;100.0;46.25097;4.8050537;172.0;2026-10-09T13:15:00+02:00;2026-10-09T14:01:44+02:00;4fc446c41564
2026-10-10;pont_darciat;ICONCH1;2026-10-10T12:00;6.4;10.5;192.0;13.7;0.0;97.0;96.0;95.0;0.0;97.0;46.25097;4.8050537;172.0;2026-10-09T13:15:00+02:00;2026-10-09T14:01:44+02:00;4fc446c41564
2026-10-10;pont_darciat;ICONCH1;2026-10-10T13:00;5.6;10.3;200.0;14.4;0.0;100.0;91.0;100.0;0.0;100.0;46.25097;4.8050537;172.0;2026-10-09T13:15:00+02:00;2026-10-09T14:01:44+02:00;4fc446c41564
2026-10-10;pont_darciat;ICONCH1;2026-10-10T14:00;5.5;10.5;188.0;14.9;0.0;89.0;80.0;80.0;0.0;89.0;46.25097;4.8050537;172.0;2026-10-09T13:15:00+02:00;2026-10-09T14:01:44+02:00;4fc446c41564
2026-10-10;pont_darciat;ICONCH1;2026-10-10T15:00;5.1;9.3;173.0;16.1;0.0;96.0;64.0;89.0;0.0;96.0;46.25097;4.8050537;172.0;2026-10-09T13:15:00+02:00;2026-10-09T14:01:44+02:00;4fc446c41564
2026-10-10;pont_darciat;ICONCH1;2026-10-10T16:00;4.7;9.7;180.0;17.0;0.0;92.0;72.0;74.0;0.0;92.0;46.25097;4.8050537;172.0;2026-10-09T13:15:00+02:00;2026-10-09T14:01:44+02:00;4fc446c41564
2026-10-10;pont_darciat;ICONCH1;2026-10-10T17:00;2.1;10.1;214.0;17.3;0.0;59.0;59.0;0.0;0.0;59.0;46.25097;4.8050537;172.0;2026-10-09T13:15:00+02:00;2026-10-09T14:01:44+02:00;4fc446c41564
2026-10-10;pont_darciat;ICONCH1;2026-10-10T18:00;3.5;5.6;297.0;17.1;0.0;77.0;67.0;61.0;0.0;77.0;46.25097;4.8050537;172.0;2026-10-09T13:15:00+02:00;2026-10-09T14:01:44+02:00;4fc446c41564
2026-10-10;pont_darciat;ICONCH1;2026-10-10T19:00;2.1;5.2;319.0;16.1;0.0;56.0;45.0;24.0;0.0;56.0;46.25097;4.8050537;172.0;2026-10-09T13:15:00+02:00;2026-10-09T14:01:44+02:00;4fc446c41564
2026-10-10;pont_darciat;ICONCH1;2026-10-10T20:00;3.1;4.7;292.0;13.7;0.0;0.0;0.0;0.0;0.0;0.0;46.25097;4.8050537;172.0;2026-10-09T13:15:00+02:00;2026-10-09T14:01:44+02:00;4fc446c41564
2026-10-10;pont_de_chavanay;AROMEHD;2026-10-10T01:00;4.8;8.0;58.0;13.8;0.0;;39.0;56.0;100.0;100.0;45.42;4.75;141.0;2026-10-09T13:15:00+02:00;2026-10-09T14:01:44+02:00;4fc446c41564
2026-10-10;pont_de_chavanay;AROMEHD;2026-10-10T02:00;4.8;8.4;58.0;13.3;0.0;;37.0;27.0;100.0;100.0;45.42;4.75;141.0;2026-10-09T13:15:00+02:00;2026-10-09T14:01:44+02:00;4fc446c41564
2026-10-10;pont_de_chavanay;AROMEHD;2026-10-10T03:00;1.2;8.2;39.0;12.6;0.0;;100.0;62.0;85.0;100.0;45.42;4.75;141.0;2026-10-09T13:15:00+02:00;2026-10-09T14:01:44+02:00;4fc446c41564
2026-10-10;pont_de_chavanay;AROMEHD;2026-10-10T04:00;3.0;3.5;259.0;12.7;0.0;;100.0;79.0;100.0;100.0;45.42;4.75;141.0;2026-10-09T13:15:00+02:00;2026-10-09T14:01:44+02:00;4fc446c41564
2026-10-10;pont_de_chavanay;AROMEHD;2026-10-10T05:00;2.4;5.1;284.0;12.8;0.0;;100.0;100.0;40.0;100.0;45.42;4.75;141.0;2026-10-09T13:15:00+02:00;2026-10-09T14:01:44+02:00;4fc446c41564
2026-10-10;pont_de_chavanay;AROMEHD;2026-10-10T06:00;1.2;3.5;18.0;12.6;0.1;;100.0;100.0;0.0;100.0;45.42;4.75;141.0;2026-10-09T13:15:00+02:00;2026-10-09T14:01:44+02:00;4fc446c41564
2026-10-10;pont_de_chavanay;AROMEHD;2026-10-10T07:00;0.6;2.9;18.0;12.2;1.2;;100.0;100.0;0.0;100.0;45.42;4.75;141.0;2026-10-09T13:15:00+02:00;2026-10-09T14:01:44+02:00;4fc446c41564
2026-10-10;pont_de_chavanay;AROMEHD;2026-10-10T08:00;1.6;1.2;83.0;12.0;0.1;;21.0;100.0;0.0;100.0;45.42;4.75;141.0;2026-10-09T13:15:00+02:00;2026-10-09T14:01:44+02:00;4fc446c41564
2026-10-10;pont_de_chavanay;AROMEHD;2026-10-10T09:00;0.8;1.4;346.0;12.3;0.0;;1.0;99.0;0.0;99.0;45.42;4.75;141.0;2026-10-09T13:15:00+02:00;2026-10-09T14:01:44+02:00;4fc446c41564
2026-10-10;pont_de_chavanay;AROMEHD;2026-10-10T10:00;0.5;2.7;315.0;13.3;0.0;;19.0;7.0;0.0;19.0;45.42;4.75;141.0;2026-10-09T13:15:00+02:00;2026-10-09T14:01:44+02:00;4fc446c41564
2026-10-10;pont_de_chavanay;AROMEHD;2026-10-10T11:00;1.6;4.5;150.0;14.5;0.0;;7.0;85.0;0.0;85.0;45.42;4.75;141.0;2026-10-09T13:15:00+02:00;2026-10-09T14:01:44+02:00;4fc446c41564
2026-10-10;pont_de_chavanay;AROMEHD;2026-10-10T12:00;1.2;4.5;162.0;15.0;0.0;;100.0;100.0;0.0;100.0;45.42;4.75;141.0;2026-10-09T13:15:00+02:00;2026-10-09T14:01:44+02:00;4fc446c41564
2026-10-10;pont_de_chavanay;AROMEHD;2026-10-10T13:00;0.8;3.3;104.0;15.5;0.0;;100.0;100.0;0.0;100.0;45.42;4.75;141.0;2026-10-09T13:15:00+02:00;2026-10-09T14:01:44+02:00;4fc446c41564
2026-10-10;pont_de_chavanay;AROMEHD;2026-10-10T14:00;0.7;3.3;124.0;16.4;0.0;;31.0;7.0;0.0;31.0;45.42;4.75;141.0;2026-10-09T13:15:00+02:00;2026-10-09T14:01:44+02:00;4fc446c41564
2026-10-10;pont_de_chavanay;AROMEHD;2026-10-10T15:00;0.6;4.9;270.0;16.9;0.2;;100.0;100.0;0.0;100.0;45.42;4.75;141.0;2026-10-09T13:15:00+02:00;2026-10-09T14:01:44+02:00;4fc446c41564
2026-10-10;pont_de_chavanay;AROMEHD;2026-10-10T16:00;0.4;2.3;90.0;16.8;0.8;;87.0;47.0;0.0;87.0;45.42;4.75;141.0;2026-10-09T13:15:00+02:00;2026-10-09T14:01:44+02:00;4fc446c41564
2026-10-10;pont_de_chavanay;AROMEHD;2026-10-10T17:00;1.2;3.9;81.0;17.4;0.0;;1.0;0.0;0.0;1.0;45.42;4.75;141.0;2026-10-09T13:15:00+02:00;2026-10-09T14:01:44+02:00;4fc446c41564
2026-10-10;pont_de_chavanay;AROMEHD;2026-10-10T18:00;4.1;12.6;8.0;16.2;0.4;;13.0;0.0;0.0;13.0;45.42;4.75;141.0;2026-10-09T13:15:00+02:00;2026-10-09T14:01:44+02:00;4fc446c41564
2026-10-10;pont_de_chavanay;AROMEHD;2026-10-10T19:00;6.6;12.2;5.0;15.1;0.0;;12.0;0.0;0.0;12.0;45.42;4.75;141.0;2026-10-09T13:15:00+02:00;2026-10-09T14:01:44+02:00;4fc446c41564
2026-10-10;pont_de_chavanay;AROMEHD;2026-10-10T20:00;4.7;10.9;351.0;14.5;0.0;;77.0;0.0;0.0;77.0;45.42;4.75;141.0;2026-10-09T13:15:00+02:00;2026-10-09T14:01:44+02:00;4fc446c41564
2026-10-10;pont_de_chavanay;AROMEHD;2026-10-10T21:00;2.7;7.4;21.0;13.3;0.0;;2.0;0.0;0.0;2.0;45.42;4.75;141.0;2026-10-09T13:15:00+02:00;2026-10-09T14:01:44+02:00;4fc446c41564
2026-10-10;pont_de_chavanay;AROMEHD;2026-10-10T22:00;0.8;3.7;76.0;12.2;0.0;;0.0;0.0;0.0;0.0;45.42;4.75;141.0;2026-10-09T13:15:00+02:00;2026-10-09T14:01:44+02:00;4fc446c41564
2026-10-10;pont_de_chavanay;AROMEHD;2026-10-10T23:00;0.8;1.7;346.0;10.9;0.0;;0.0;0.0;0.0;0.0;45.42;4.75;141.0;2026-10-09T13:15:00+02:00;2026-10-09T14:01:44+02:00;4fc446c41564
2026-10-10;pont_de_chavanay;AROMEHD;2026-10-11T00:00;3.0;6.2;320.0;11.7;0.0;;0.0;0.0;0.0;0.0;45.42;4.75;141.0;2026-10-09T13:15:00+02:00;2026-10-09T14:01:44+02:00;4fc446c41564
2026-10-10;pont_de_chavanay;ICONCH1;2026-10-10T01:00;2.2;4.3;52.0;12.9;0.0;96.0;86.0;85.0;21.0;96.0;45.416153;4.741211;147.0;2026-10-09T13:15:00+02:00;2026-10-09T14:01:44+02:00;4fc446c41564
2026-10-10;pont_de_chavanay;ICONCH1;2026-10-10T02:00;3.1;4.9;173.0;12.7;0.0;100.0;93.0;98.0;100.0;100.0;45.416153;4.741211;147.0;2026-10-09T13:15:00+02:00;2026-10-09T14:01:44+02:00;4fc446c41564
2026-10-10;pont_de_chavanay;ICONCH1;2026-10-10T03:00;1.8;4.9;162.0;12.6;0.1;100.0;92.0;99.0;100.0;100.0;45.416153;4.741211;147.0;2026-10-09T13:15:00+02:00;2026-10-09T14:01:44+02:00;4fc446c41564
2026-10-10;pont_de_chavanay;ICONCH1;2026-10-10T04:00;1.4;3.3;188.0;12.5;0.2;100.0;94.0;92.0;100.0;100.0;45.416153;4.741211;147.0;2026-10-09T13:15:00+02:00;2026-10-09T14:01:44+02:00;4fc446c41564
2026-10-10;pont_de_chavanay;ICONCH1;2026-10-10T05:00;1.4;2.5;180.0;12.4;0.3;100.0;97.0;100.0;0.0;100.0;45.416153;4.741211;147.0;2026-10-09T13:15:00+02:00;2026-10-09T14:01:44+02:00;4fc446c41564
2026-10-10;pont_de_chavanay;ICONCH1;2026-10-10T06:00;1.6;3.1;150.0;12.4;0.2;97.0;50.0;92.0;0.0;97.0;45.416153;4.741211;147.0;2026-10-09T13:15:00+02:00;2026-10-09T14:01:44+02:00;4fc446c41564
2026-10-10;pont_de_chavanay;ICONCH1;2026-10-10T07:00;1.7;2.7;243.0;12.0;0.0;91.0;50.0;78.0;0.0;91.0;45.416153;4.741211;147.0;2026-10-09T13:15:00+02:00;2026-10-09T14:01:44+02:00;4fc446c41564
2026-10-10;pont_de_chavanay;ICONCH1;2026-10-10T08:00;2.7;4.5;262.0;11.9;0.0;100.0;45.0;100.0;0.0;100.0;45.416153;4.741211;147.0;2026-10-09T13:15:00+02:00;2026-10-09T14:01:44+02:00;4fc446c41564
2026-10-10;pont_de_chavanay;ICONCH1;2026-10-10T09:00;0.8;4.1;225.0;12.5;0.0;92.0;75.0;87.0;0.0;92.0;45.416153;4.741211;147.0;2026-10-09T13:15:00+02:00;2026-10-09T14:01:44+02:00;4fc446c41564
2026-10-10;pont_de_chavanay;ICONCH1;2026-10-10T10:00;1.4;3.9;146.0;12.6;0.0;100.0;97.0;100.0;0.0;100.0;45.416153;4.741211;147.0;2026-10-09T13:15:00+02:00;2026-10-09T14:01:44+02:00;4fc446c41564
2026-10-10;pont_de_chavanay;ICONCH1;2026-10-10T11:00;1.1;2.7;121.0;13.0;0.2;100.0;100.0;97.0;0.0;100.0;45.416153;4.741211;147.0;2026-10-09T13:15:00+02:00;2026-10-09T14:01:44+02:00;4fc446c41564
2026-10-10;pont_de_chavanay;ICONCH1;2026-10-10T12:00;1.2;2.7;129.0;13.5;0.0;84.0;45.0;69.0;0.0;84.0;45.416153;4.741211;147.0;2026-10-09T13:15:00+02:00;2026-10-09T14:01:44+02:00;4fc446c41564
2026-10-10;pont_de_chavanay;ICONCH1;2026-10-10T13:00;1.7;3.1;117.0;14.9;0.0;95.0;76.0;85.0;0.0;95.0;45.416153;4.741211;147.0;2026-10-09T13:15:00+02:00;2026-10-09T14:01:44+02:00;4fc446c41564
2026-10-10;pont_de_chavanay;ICONCH1;2026-10-10T14:00;1.7;4.1;111.0;16.0;0.0;100.0;70.0;100.0;0.0;100.0;45.416153;4.741211;147.0;2026-10-09T13:15:00+02:00;2026-10-09T14:01:44+02:00;4fc446c41564
2026-10-10;pont_de_chavanay;ICONCH1;2026-10-10T15:00;1.0;3.3;101.0;17.0;0.0;95.0;56.0;88.0;0.0;95.0;45.416153;4.741211;147.0;2026-10-09T13:15:00+02:00;2026-10-09T14:01:44+02:00;4fc446c41564
2026-10-10;pont_de_chavanay;ICONCH1;2026-10-10T16:00;1.0;2.9;68.0;17.6;0.0;71.0;36.0;53.0;0.0;71.0;45.416153;4.741211;147.0;2026-10-09T13:15:00+02:00;2026-10-09T14:01:44+02:00;4fc446c41564
2026-10-10;pont_de_chavanay;ICONCH1;2026-10-10T17:00;0.3;2.5;135.0;18.0;0.0;82.0;47.0;62.0;0.0;82.0;45.416153;4.741211;147.0;2026-10-09T13:15:00+02:00;2026-10-09T14:01:44+02:00;4fc446c41564
2026-10-10;pont_de_chavanay;ICONCH1;2026-10-10T18:00;2.3;3.5;250.0;17.9;0.0;72.0;60.0;31.0;0.0;72.0;45.416153;4.741211;147.0;2026-10-09T13:15:00+02:00;2026-10-09T14:01:44+02:00;4fc446c41564
2026-10-10;pont_de_chavanay;ICONCH1;2026-10-10T19:00;2.8;5.2;282.0;17.0;0.0;81.0;62.0;52.0;0.0;81.0;45.416153;4.741211;147.0;2026-10-09T13:15:00+02:00;2026-10-09T14:01:44+02:00;4fc446c41564
2026-10-10;pont_de_chavanay;ICONCH1;2026-10-10T20:00;4.7;7.0;277.0;16.0;0.0;93.0;61.0;84.0;0.0;93.0;45.416153;4.741211;147.0;2026-10-09T13:15:00+02:00;2026-10-09T14:01:44+02:00;4fc446c41564
2026-10-10;portes_les_valence;AROMEHD;2026-10-10T01:00;9.1;15.6;10.0;12.9;0.0;;100.0;0.0;100.0;100.0;44.87;4.8599987;101.0;2026-10-09T13:15:00+02:00;2026-10-09T14:01:44+02:00;4fc446c41564
2026-10-10;portes_les_valence;AROMEHD;2026-10-10T02:00;9.1;15.6;360.0;13.0;0.0;;100.0;0.0;100.0;100.0;44.87;4.8599987;101.0;2026-10-09T13:15:00+02:00;2026-10-09T14:01:44+02:00;4fc446c41564
2026-10-10;portes_les_valence;AROMEHD;2026-10-10T03:00;8.4;15.7;356.0;13.3;0.0;;21.0;0.0;100.0;100.0;44.87;4.8599987;101.0;2026-10-09T13:15:00+02:00;2026-10-09T14:01:44+02:00;4fc446c41564
2026-10-10;portes_les_valence;AROMEHD;2026-10-10T04:00;8.6;15.2;355.0;13.5;0.0;;15.0;0.0;100.0;100.0;44.87;4.8599987;101.0;2026-10-09T13:15:00+02:00;2026-10-09T14:01:44+02:00;4fc446c41564
2026-10-10;portes_les_valence;AROMEHD;2026-10-10T05:00;7.5;15.2;348.0;13.7;0.0;;27.0;5.0;100.0;100.0;44.87;4.8599987;101.0;2026-10-09T13:15:00+02:00;2026-10-09T14:01:44+02:00;4fc446c41564
2026-10-10;portes_les_valence;AROMEHD;2026-10-10T06:00;7.0;13.0;341.0;13.9;0.0;;99.0;99.0;100.0;100.0;44.87;4.8599987;101.0;2026-10-09T13:15:00+02:00;2026-10-09T14:01:44+02:00;4fc446c41564
2026-10-10;portes_les_valence;AROMEHD;2026-10-10T07:00;7.7;13.2;350.0;14.5;0.0;;100.0;25.0;0.0;100.0;44.87;4.8599987;101.0;2026-10-09T13:15:00+02:00;2026-10-09T14:01:44+02:00;4fc446c41564
2026-10-10;portes_les_valence;AROMEHD;2026-10-10T08:00;8.2;14.0;357.0;14.4;0.0;;100.0;100.0;0.0;100.0;44.87;4.8599987;101.0;2026-10-09T13:15:00+02:00;2026-10-09T14:01:44+02:00;4fc446c41564
2026-10-10;portes_les_valence;AROMEHD;2026-10-10T09:00;6.9;14.0;10.0;14.3;0.0;;100.0;96.0;0.0;100.0;44.87;4.8599987;101.0;2026-10-09T13:15:00+02:00;2026-10-09T14:01:44+02:00;4fc446c41564
2026-10-10;portes_les_valence;AROMEHD;2026-10-10T10:00;8.0;14.0;6.0;15.1;0.0;;4.0;0.0;0.0;4.0;44.87;4.8599987;101.0;2026-10-09T13:15:00+02:00;2026-10-09T14:01:44+02:00;4fc446c41564
2026-10-10;portes_les_valence;AROMEHD;2026-10-10T11:00;8.1;14.8;10.0;16.4;0.0;;4.0;0.0;0.0;4.0;44.87;4.8599987;101.0;2026-10-09T13:15:00+02:00;2026-10-09T14:01:44+02:00;4fc446c41564
2026-10-10;portes_les_valence;AROMEHD;2026-10-10T12:00;8.7;15.7;12.0;17.7;0.0;;0.0;11.0;0.0;11.0;44.87;4.8599987;101.0;2026-10-09T13:15:00+02:00;2026-10-09T14:01:44+02:00;4fc446c41564
2026-10-10;portes_les_valence;AROMEHD;2026-10-10T13:00;9.2;16.9;4.0;18.6;0.0;;12.0;2.0;0.0;12.0;44.87;4.8599987;101.0;2026-10-09T13:15:00+02:00;2026-10-09T14:01:44+02:00;4fc446c41564
2026-10-10;portes_les_valence;AROMEHD;2026-10-10T14:00;9.8;17.5;6.0;19.1;0.0;;2.0;0.0;0.0;2.0;44.87;4.8599987;101.0;2026-10-09T13:15:00+02:00;2026-10-09T14:01:44+02:00;4fc446c41564
2026-10-10;portes_les_valence;AROMEHD;2026-10-10T15:00;9.2;17.5;12.0;19.2;0.0;;0.0;26.0;0.0;26.0;44.87;4.8599987;101.0;2026-10-09T13:15:00+02:00;2026-10-09T14:01:44+02:00;4fc446c41564
2026-10-10;portes_les_valence;AROMEHD;2026-10-10T16:00;9.0;16.1;30.0;18.8;0.0;;8.0;17.0;0.0;17.0;44.87;4.8599987;101.0;2026-10-09T13:15:00+02:00;2026-10-09T14:01:44+02:00;4fc446c41564
2026-10-10;portes_les_valence;AROMEHD;2026-10-10T17:00;8.0;15.7;29.0;18.5;0.0;;0.0;0.0;0.0;0.0;44.87;4.8599987;101.0;2026-10-09T13:15:00+02:00;2026-10-09T14:01:44+02:00;4fc446c41564
2026-10-10;portes_les_valence;AROMEHD;2026-10-10T18:00;6.8;14.2;27.0;18.0;0.0;;0.0;0.0;0.0;0.0;44.87;4.8599987;101.0;2026-10-09T13:15:00+02:00;2026-10-09T14:01:44+02:00;4fc446c41564
2026-10-10;portes_les_valence;AROMEHD;2026-10-10T19:00;6.7;12.1;10.0;17.0;0.0;;0.0;0.0;0.0;0.0;44.87;4.8599987;101.0;2026-10-09T13:15:00+02:00;2026-10-09T14:01:44+02:00;4fc446c41564
2026-10-10;portes_les_valence;AROMEHD;2026-10-10T20:00;6.6;11.5;14.0;16.5;0.0;;100.0;100.0;0.0;100.0;44.87;4.8599987;101.0;2026-10-09T13:15:00+02:00;2026-10-09T14:01:44+02:00;4fc446c41564
2026-10-10;portes_les_valence;AROMEHD;2026-10-10T21:00;9.8;19.6;9.0;15.9;0.0;;13.0;0.0;0.0;13.0;44.87;4.8599987;101.0;2026-10-09T13:15:00+02:00;2026-10-09T14:01:44+02:00;4fc446c41564
2026-10-10;portes_les_valence;AROMEHD;2026-10-10T22:00;9.2;17.1;4.0;15.2;0.0;;35.0;0.0;0.0;35.0;44.87;4.8599987;101.0;2026-10-09T13:15:00+02:00;2026-10-09T14:01:44+02:00;4fc446c41564
2026-10-10;portes_les_valence;AROMEHD;2026-10-10T23:00;7.6;16.1;4.0;14.3;0.0;;62.0;0.0;0.0;62.0;44.87;4.8599987;101.0;2026-10-09T13:15:00+02:00;2026-10-09T14:01:44+02:00;4fc446c41564
2026-10-10;portes_les_valence;AROMEHD;2026-10-11T00:00;7.4;13.0;5.0;13.4;0.0;;4.0;0.0;0.0;4.0;44.87;4.8599987;101.0;2026-10-09T13:15:00+02:00;2026-10-09T14:01:44+02:00;4fc446c41564
2026-10-10;portes_les_valence;ICONCH1;2026-10-10T01:00;10.4;17.1;13.0;11.7;0.0;73.0;73.0;0.0;5.0;73.0;44.870667;4.8635864;103.0;2026-10-09T13:15:00+02:00;2026-10-09T14:01:44+02:00;4fc446c41564
2026-10-10;portes_les_valence;ICONCH1;2026-10-10T02:00;10.0;16.3;8.0;11.8;0.0;94.0;78.0;79.0;7.0;94.0;44.870667;4.8635864;103.0;2026-10-09T13:15:00+02:00;2026-10-09T14:01:44+02:00;4fc446c41564
2026-10-10;portes_les_valence;ICONCH1;2026-10-10T03:00;8.6;15.6;5.0;11.9;0.0;100.0;52.0;76.0;100.0;100.0;44.870667;4.8635864;103.0;2026-10-09T13:15:00+02:00;2026-10-09T14:01:44+02:00;4fc446c41564
2026-10-10;portes_les_valence;ICONCH1;2026-10-10T04:00;7.6;13.4;354.0;12.5;0.0;100.0;91.0;94.0;100.0;100.0;44.870667;4.8635864;103.0;2026-10-09T13:15:00+02:00;2026-10-09T14:01:44+02:00;4fc446c41564
2026-10-10;portes_les_valence;ICONCH1;2026-10-10T05:00;9.4;14.8;354.0;13.0;0.0;100.0;71.0;91.0;100.0;100.0;44.870667;4.8635864;103.0;2026-10-09T13:15:00+02:00;2026-10-09T14:01:44+02:00;4fc446c41564
2026-10-10;portes_les_valence;ICONCH1;2026-10-10T06:00;9.7;15.6;358.0;13.2;0.0;100.0;71.0;100.0;0.0;100.0;44.870667;4.8635864;103.0;2026-10-09T13:15:00+02:00;2026-10-09T14:01:44+02:00;4fc446c41564
2026-10-10;portes_les_valence;ICONCH1;2026-10-10T07:00;8.8;15.9;354.0;13.3;0.0;100.0;55.0;100.0;0.0;100.0;44.870667;4.8635864;103.0;2026-10-09T13:15:00+02:00;2026-10-09T14:01:44+02:00;4fc446c41564
2026-10-10;portes_les_valence;ICONCH1;2026-10-10T08:00;8.4;13.8;360.0;13.0;0.0;33.0;30.0;5.0;0.0;33.0;44.870667;4.8635864;103.0;2026-10-09T13:15:00+02:00;2026-10-09T14:01:44+02:00;4fc446c41564
2026-10-10;portes_les_valence;ICONCH1;2026-10-10T09:00;7.0;13.0;358.0;13.3;0.0;80.0;38.0;64.0;0.0;80.0;44.870667;4.8635864;103.0;2026-10-09T13:15:00+02:00;2026-10-09T14:01:44+02:00;4fc446c41564
2026-10-10;portes_les_valence;ICONCH1;2026-10-10T10:00;7.0;11.1;3.0;14.4;0.0;74.0;57.0;49.0;0.0;74.0;44.870667;4.8635864;103.0;2026-10-09T13:15:00+02:00;2026-10-09T14:01:44+02:00;4fc446c41564
2026-10-10;portes_les_valence;ICONCH1;2026-10-10T11:00;10.1;15.9;2.0;15.6;0.0;81.0;43.0;69.0;0.0;81.0;44.870667;4.8635864;103.0;2026-10-09T13:15:00+02:00;2026-10-09T14:01:44+02:00;4fc446c41564
2026-10-10;portes_les_valence;ICONCH1;2026-10-10T12:00;10.1;16.7;359.0;16.3;0.0;74.0;46.0;60.0;0.0;74.0;44.870667;4.8635864;103.0;2026-10-09T13:15:00+02:00;2026-10-09T14:01:44+02:00;4fc446c41564
2026-10-10;portes_les_valence;ICONCH1;2026-10-10T13:00;10.4;17.1;9.0;17.1;0.0;87.0;25.0;76.0;0.0;87.0;44.870667;4.8635864;103.0;2026-10-09T13:15:00+02:00;2026-10-09T14:01:44+02:00;4fc446c41564
2026-10-10;portes_les_valence;ICONCH1;2026-10-10T14:00;10.3;17.3;11.0;17.9;0.0;86.0;5.0;83.0;0.0;86.0;44.870667;4.8635864;103.0;2026-10-09T13:15:00+02:00;2026-10-09T14:01:44+02:00;4fc446c41564
2026-10-10;portes_les_valence;ICONCH1;2026-10-10T15:00;9.3;16.7;17.0;18.5;0.0;63.0;59.0;6.0;0.0;63.0;44.870667;4.8635864;103.0;2026-10-09T13:15:00+02:00;2026-10-09T14:01:44+02:00;4fc446c41564
2026-10-10;portes_les_valence;ICONCH1;2026-10-10T16:00;9.4;15.2;24.0;19.0;0.0;87.0;76.0;35.0;0.0;87.0;44.870667;4.8635864;103.0;2026-10-09T13:15:00+02:00;2026-10-09T14:01:44+02:00;4fc446c41564
2026-10-10;portes_les_valence;ICONCH1;2026-10-10T17:00;8.7;14.8;34.0;18.8;0.0;75.0;62.0;33.0;0.0;75.0;44.870667;4.8635864;103.0;2026-10-09T13:15:00+02:00;2026-10-09T14:01:44+02:00;4fc446c41564
2026-10-10;portes_les_valence;ICONCH1;2026-10-10T18:00;7.3;14.0;25.0;18.2;0.0;81.0;27.0;69.0;0.0;81.0;44.870667;4.8635864;103.0;2026-10-09T13:15:00+02:00;2026-10-09T14:01:44+02:00;4fc446c41564
2026-10-10;portes_les_valence;ICONCH1;2026-10-10T19:00;6.6;11.5;345.0;16.9;0.0;68.0;45.0;47.0;0.0;68.0;44.870667;4.8635864;103.0;2026-10-09T13:15:00+02:00;2026-10-09T14:01:44+02:00;4fc446c41564
2026-10-10;portes_les_valence;ICONCH1;2026-10-10T20:00;5.2;10.5;338.0;16.1;0.0;30.0;30.0;0.0;0.0;30.0;44.870667;4.8635864;103.0;2026-10-09T13:15:00+02:00;2026-10-09T14:01:44+02:00;4fc446c41564
2026-10-10;roche_de_glun;AROMEHD;2026-10-10T01:00;2.7;5.1;330.0;12.9;0.0;;99.0;37.0;100.0;100.0;45.03;4.84;116.0;2026-10-09T13:15:00+02:00;2026-10-09T14:01:44+02:00;4fc446c41564
2026-10-10;roche_de_glun;AROMEHD;2026-10-10T02:00;3.3;6.0;315.0;12.8;0.0;;100.0;6.0;100.0;100.0;45.03;4.84;116.0;2026-10-09T13:15:00+02:00;2026-10-09T14:01:44+02:00;4fc446c41564
2026-10-10;roche_de_glun;AROMEHD;2026-10-10T03:00;4.1;8.2;315.0;12.6;0.0;;33.0;7.0;100.0;100.0;45.03;4.84;116.0;2026-10-09T13:15:00+02:00;2026-10-09T14:01:44+02:00;4fc446c41564
2026-10-10;roche_de_glun;AROMEHD;2026-10-10T04:00;5.1;10.1;310.0;12.7;0.0;;46.0;20.0;100.0;100.0;45.03;4.84;116.0;2026-10-09T13:15:00+02:00;2026-10-09T14:01:44+02:00;4fc446c41564
2026-10-10;roche_de_glun;AROMEHD;2026-10-10T05:00;5.6;11.5;304.0;12.7;0.0;;99.0;100.0;100.0;100.0;45.03;4.84;116.0;2026-10-09T13:15:00+02:00;2026-10-09T14:01:44+02:00;4fc446c41564
2026-10-10;roche_de_glun;AROMEHD;2026-10-10T06:00;4.5;11.7;304.0;13.3;0.0;;100.0;100.0;92.0;100.0;45.03;4.84;116.0;2026-10-09T13:15:00+02:00;2026-10-09T14:01:44+02:00;4fc446c41564
2026-10-10;roche_de_glun;AROMEHD;2026-10-10T07:00;4.4;9.7;311.0;13.5;0.0;;100.0;53.0;0.0;100.0;45.03;4.84;116.0;2026-10-09T13:15:00+02:00;2026-10-09T14:01:44+02:00;4fc446c41564
2026-10-10;roche_de_glun;AROMEHD;2026-10-10T08:00;4.3;9.5;330.0;13.4;0.0;;77.0;68.0;0.0;77.0;45.03;4.84;116.0;2026-10-09T13:15:00+02:00;2026-10-09T14:01:44+02:00;4fc446c41564
2026-10-10;roche_de_glun;AROMEHD;2026-10-10T09:00;3.6;8.6;338.0;13.6;0.0;;24.0;49.0;0.0;49.0;45.03;4.84;116.0;2026-10-09T13:15:00+02:00;2026-10-09T14:01:44+02:00;4fc446c41564
2026-10-10;roche_de_glun;AROMEHD;2026-10-10T10:00;3.6;8.0;344.0;15.0;0.0;;2.0;42.0;0.0;42.0;45.03;4.84;116.0;2026-10-09T13:15:00+02:00;2026-10-09T14:01:44+02:00;4fc446c41564
2026-10-10;roche_de_glun;AROMEHD;2026-10-10T11:00;4.4;9.7;347.0;16.6;0.0;;0.0;7.0;0.0;7.0;45.03;4.84;116.0;2026-10-09T13:15:00+02:00;2026-10-09T14:01:44+02:00;4fc446c41564
2026-10-10;roche_de_glun;AROMEHD;2026-10-10T12:00;4.6;10.7;345.0;17.5;0.0;;9.0;100.0;0.0;100.0;45.03;4.84;116.0;2026-10-09T13:15:00+02:00;2026-10-09T14:01:44+02:00;4fc446c41564
2026-10-10;roche_de_glun;AROMEHD;2026-10-10T13:00;3.5;10.3;351.0;18.0;0.0;;95.0;100.0;0.0;100.0;45.03;4.84;116.0;2026-10-09T13:15:00+02:00;2026-10-09T14:01:44+02:00;4fc446c41564
2026-10-10;roche_de_glun;AROMEHD;2026-10-10T14:00;3.9;9.5;357.0;18.0;0.0;;100.0;100.0;0.0;100.0;45.03;4.84;116.0;2026-10-09T13:15:00+02:00;2026-10-09T14:01:44+02:00;4fc446c41564
2026-10-10;roche_de_glun;AROMEHD;2026-10-10T15:00;2.6;8.7;343.0;18.8;0.0;;28.0;98.0;0.0;98.0;45.03;4.84;116.0;2026-10-09T13:15:00+02:00;2026-10-09T14:01:44+02:00;4fc446c41564
2026-10-10;roche_de_glun;AROMEHD;2026-10-10T16:00;4.4;9.5;38.0;18.5;0.0;;95.0;57.0;0.0;95.0;45.03;4.84;116.0;2026-10-09T13:15:00+02:00;2026-10-09T14:01:44+02:00;4fc446c41564
2026-10-10;roche_de_glun;AROMEHD;2026-10-10T17:00;3.2;9.3;38.0;18.8;0.0;;12.0;0.0;0.0;12.0;45.03;4.84;116.0;2026-10-09T13:15:00+02:00;2026-10-09T14:01:44+02:00;4fc446c41564
2026-10-10;roche_de_glun;AROMEHD;2026-10-10T18:00;2.6;8.2;42.0;18.2;0.0;;3.0;0.0;0.0;3.0;45.03;4.84;116.0;2026-10-09T13:15:00+02:00;2026-10-09T14:01:44+02:00;4fc446c41564
2026-10-10;roche_de_glun;AROMEHD;2026-10-10T19:00;2.4;5.4;9.0;16.9;0.0;;100.0;0.0;0.0;100.0;45.03;4.84;116.0;2026-10-09T13:15:00+02:00;2026-10-09T14:01:44+02:00;4fc446c41564
2026-10-10;roche_de_glun;AROMEHD;2026-10-10T20:00;6.1;13.4;6.0;16.3;0.0;;89.0;36.0;0.0;89.0;45.03;4.84;116.0;2026-10-09T13:15:00+02:00;2026-10-09T14:01:44+02:00;4fc446c41564
2026-10-10;roche_de_glun;AROMEHD;2026-10-10T21:00;5.3;14.8;350.0;15.2;0.0;;100.0;0.0;0.0;100.0;45.03;4.84;116.0;2026-10-09T13:15:00+02:00;2026-10-09T14:01:44+02:00;4fc446c41564
2026-10-10;roche_de_glun;AROMEHD;2026-10-10T22:00;4.3;11.5;333.0;14.3;0.0;;10.0;0.0;0.0;10.0;45.03;4.84;116.0;2026-10-09T13:15:00+02:00;2026-10-09T14:01:44+02:00;4fc446c41564
2026-10-10;roche_de_glun;AROMEHD;2026-10-10T23:00;4.4;9.1;331.0;13.1;0.0;;22.0;0.0;0.0;22.0;45.03;4.84;116.0;2026-10-09T13:15:00+02:00;2026-10-09T14:01:44+02:00;4fc446c41564
2026-10-10;roche_de_glun;AROMEHD;2026-10-11T00:00;3.8;8.7;345.0;12.2;0.0;;0.0;0.0;0.0;0.0;45.03;4.84;116.0;2026-10-09T13:15:00+02:00;2026-10-09T14:01:44+02:00;4fc446c41564
2026-10-10;roche_de_glun;ICONCH1;2026-10-10T01:00;4.9;9.1;337.0;12.1;0.0;95.0;91.0;62.0;32.0;95.0;45.020344;4.8496704;118.0;2026-10-09T13:15:00+02:00;2026-10-09T14:01:44+02:00;4fc446c41564
2026-10-10;roche_de_glun;ICONCH1;2026-10-10T02:00;5.3;8.9;332.0;12.0;0.0;96.0;78.0;86.0;0.0;96.0;45.020344;4.8496704;118.0;2026-10-09T13:15:00+02:00;2026-10-09T14:01:44+02:00;4fc446c41564
2026-10-10;roche_de_glun;ICONCH1;2026-10-10T03:00;5.0;8.7;321.0;12.1;0.0;96.0;86.0;85.0;19.0;96.0;45.020344;4.8496704;118.0;2026-10-09T13:15:00+02:00;2026-10-09T14:01:44+02:00;4fc446c41564
2026-10-10;roche_de_glun;ICONCH1;2026-10-10T04:00;6.5;10.3;316.0;12.5;0.0;100.0;100.0;94.0;93.0;100.0;45.020344;4.8496704;118.0;2026-10-09T13:15:00+02:00;2026-10-09T14:01:44+02:00;4fc446c41564
2026-10-10;roche_de_glun;ICONCH1;2026-10-10T05:00;6.2;10.3;321.0;12.6;0.0;98.0;95.0;92.0;25.0;98.0;45.020344;4.8496704;118.0;2026-10-09T13:15:00+02:00;2026-10-09T14:01:44+02:00;4fc446c41564
2026-10-10;roche_de_glun;ICONCH1;2026-10-10T06:00;6.7;10.7;327.0;12.6;0.0;100.0;86.0;100.0;0.0;100.0;45.020344;4.8496704;118.0;2026-10-09T13:15:00+02:00;2026-10-09T14:01:44+02:00;4fc446c41564
2026-10-10;roche_de_glun;ICONCH1;2026-10-10T07:00;6.5;10.7;330.0;12.6;0.0;100.0;59.0;100.0;0.0;100.0;45.020344;4.8496704;118.0;2026-10-09T13:15:00+02:00;2026-10-09T14:01:44+02:00;4fc446c41564
2026-10-10;roche_de_glun;ICONCH1;2026-10-10T08:00;6.1;10.5;320.0;12.3;0.0;32.0;32.0;0.0;0.0;32.0;45.020344;4.8496704;118.0;2026-10-09T13:15:00+02:00;2026-10-09T14:01:44+02:00;4fc446c41564
2026-10-10;roche_de_glun;ICONCH1;2026-10-10T09:00;5.9;9.7;328.0;13.2;0.0;96.0;36.0;92.0;0.0;96.0;45.020344;4.8496704;118.0;2026-10-09T13:15:00+02:00;2026-10-09T14:01:44+02:00;4fc446c41564
2026-10-10;roche_de_glun;ICONCH1;2026-10-10T10:00;6.8;10.9;336.0;14.4;0.0;72.0;59.0;63.0;0.0;72.0;45.020344;4.8496704;118.0;2026-10-09T13:15:00+02:00;2026-10-09T14:01:44+02:00;4fc446c41564
2026-10-10;roche_de_glun;ICONCH1;2026-10-10T11:00;7.1;11.9;339.0;15.0;0.0;100.0;62.0;100.0;0.0;100.0;45.020344;4.8496704;118.0;2026-10-09T13:15:00+02:00;2026-10-09T14:01:44+02:00;4fc446c41564
2026-10-10;roche_de_glun;ICONCH1;2026-10-10T12:00;8.0;12.8;337.0;15.5;0.0;95.0;76.0;89.0;0.0;95.0;45.020344;4.8496704;118.0;2026-10-09T13:15:00+02:00;2026-10-09T14:01:44+02:00;4fc446c41564
2026-10-10;roche_de_glun;ICONCH1;2026-10-10T13:00;7.8;13.6;337.0;16.4;0.0;78.0;55.0;53.0;0.0;78.0;45.020344;4.8496704;118.0;2026-10-09T13:15:00+02:00;2026-10-09T14:01:44+02:00;4fc446c41564
2026-10-10;roche_de_glun;ICONCH1;2026-10-10T14:00;7.4;13.0;342.0;17.4;0.0;81.0;20.0;70.0;0.0;81.0;45.020344;4.8496704;118.0;2026-10-09T13:15:00+02:00;2026-10-09T14:01:44+02:00;4fc446c41564
2026-10-10;roche_de_glun;ICONCH1;2026-10-10T15:00;6.9;12.2;352.0;18.1;0.0;79.0;74.0;63.0;0.0;79.0;45.020344;4.8496704;118.0;2026-10-09T13:15:00+02:00;2026-10-09T14:01:44+02:00;4fc446c41564
2026-10-10;roche_de_glun;ICONCH1;2026-10-10T16:00;6.7;11.7;7.0;18.9;0.0;92.0;48.0;81.0;0.0;92.0;45.020344;4.8496704;118.0;2026-10-09T13:15:00+02:00;2026-10-09T14:01:44+02:00;4fc446c41564
2026-10-10;roche_de_glun;ICONCH1;2026-10-10T17:00;6.4;11.1;3.0;19.0;0.0;90.0;64.0;73.0;0.0;90.0;45.020344;4.8496704;118.0;2026-10-09T13:15:00+02:00;2026-10-09T14:01:44+02:00;4fc446c41564
2026-10-10;roche_de_glun;ICONCH1;2026-10-10T18:00;5.6;10.7;346.0;18.4;0.0;89.0;68.0;66.0;0.0;89.0;45.020344;4.8496704;118.0;2026-10-09T13:15:00+02:00;2026-10-09T14:01:44+02:00;4fc446c41564
2026-10-10;roche_de_glun;ICONCH1;2026-10-10T19:00;2.1;8.6;319.0;17.3;0.0;97.0;66.0;89.0;0.0;97.0;45.020344;4.8496704;118.0;2026-10-09T13:15:00+02:00;2026-10-09T14:01:44+02:00;4fc446c41564
2026-10-10;roche_de_glun;ICONCH1;2026-10-10T20:00;3.4;5.2;347.0;16.2;0.0;81.0;78.0;67.0;0.0;81.0;45.020344;4.8496704;118.0;2026-10-09T13:15:00+02:00;2026-10-09T14:01:44+02:00;4fc446c41564
2026-10-10;st_alban_du_rhone;AROMEHD;2026-10-10T01:00;4.3;10.9;47.0;13.5;0.0;;24.0;5.0;100.0;100.0;45.39;4.76;140.0;2026-10-09T13:15:00+02:00;2026-10-09T14:01:44+02:00;4fc446c41564
2026-10-10;st_alban_du_rhone;AROMEHD;2026-10-10T02:00;4.1;8.7;49.0;12.6;0.0;;14.0;28.0;100.0;100.0;45.39;4.76;140.0;2026-10-09T13:15:00+02:00;2026-10-09T14:01:44+02:00;4fc446c41564
2026-10-10;st_alban_du_rhone;AROMEHD;2026-10-10T03:00;1.4;8.7;225.0;12.0;0.0;;100.0;99.0;100.0;100.0;45.39;4.76;140.0;2026-10-09T13:15:00+02:00;2026-10-09T14:01:44+02:00;4fc446c41564
2026-10-10;st_alban_du_rhone;AROMEHD;2026-10-10T04:00;2.4;4.7;261.0;12.3;0.0;;100.0;52.0;100.0;100.0;45.39;4.76;140.0;2026-10-09T13:15:00+02:00;2026-10-09T14:01:44+02:00;4fc446c41564
2026-10-10;st_alban_du_rhone;AROMEHD;2026-10-10T05:00;1.2;3.9;279.0;12.6;0.0;;100.0;100.0;100.0;100.0;45.39;4.76;140.0;2026-10-09T13:15:00+02:00;2026-10-09T14:01:44+02:00;4fc446c41564
2026-10-10;st_alban_du_rhone;AROMEHD;2026-10-10T06:00;1.5;1.2;40.0;12.5;0.0;;100.0;100.0;0.0;100.0;45.39;4.76;140.0;2026-10-09T13:15:00+02:00;2026-10-09T14:01:44+02:00;4fc446c41564
2026-10-10;st_alban_du_rhone;AROMEHD;2026-10-10T07:00;1.7;3.5;21.0;12.0;0.8;;100.0;100.0;0.0;100.0;45.39;4.76;140.0;2026-10-09T13:15:00+02:00;2026-10-09T14:01:44+02:00;4fc446c41564
2026-10-10;st_alban_du_rhone;AROMEHD;2026-10-10T08:00;1.0;2.3;53.0;11.8;0.2;;13.0;100.0;0.0;100.0;45.39;4.76;140.0;2026-10-09T13:15:00+02:00;2026-10-09T14:01:44+02:00;4fc446c41564
2026-10-10;st_alban_du_rhone;AROMEHD;2026-10-10T09:00;0.8;1.2;14.0;12.1;0.0;;0.0;100.0;0.0;100.0;45.39;4.76;140.0;2026-10-09T13:15:00+02:00;2026-10-09T14:01:44+02:00;4fc446c41564
2026-10-10;st_alban_du_rhone;AROMEHD;2026-10-10T10:00;1.4;3.1;8.0;13.2;0.0;;36.0;37.0;0.0;37.0;45.39;4.76;140.0;2026-10-09T13:15:00+02:00;2026-10-09T14:01:44+02:00;4fc446c41564
2026-10-10;st_alban_du_rhone;AROMEHD;2026-10-10T11:00;1.5;4.1;140.0;14.3;0.0;;6.0;99.0;0.0;99.0;45.39;4.76;140.0;2026-10-09T13:15:00+02:00;2026-10-09T14:01:44+02:00;4fc446c41564
2026-10-10;st_alban_du_rhone;AROMEHD;2026-10-10T12:00;1.4;4.3;135.0;14.6;0.0;;100.0;100.0;0.0;100.0;45.39;4.76;140.0;2026-10-09T13:15:00+02:00;2026-10-09T14:01:44+02:00;4fc446c41564
2026-10-10;st_alban_du_rhone;AROMEHD;2026-10-10T13:00;1.0;2.9;68.0;15.3;0.0;;100.0;88.0;0.0;100.0;45.39;4.76;140.0;2026-10-09T13:15:00+02:00;2026-10-09T14:01:44+02:00;4fc446c41564
2026-10-10;st_alban_du_rhone;AROMEHD;2026-10-10T14:00;1.0;3.7;127.0;16.3;0.0;;27.0;4.0;0.0;27.0;45.39;4.76;140.0;2026-10-09T13:15:00+02:00;2026-10-09T14:01:44+02:00;4fc446c41564
2026-10-10;st_alban_du_rhone;AROMEHD;2026-10-10T15:00;0.6;5.4;288.0;17.1;0.1;;100.0;100.0;0.0;100.0;45.39;4.76;140.0;2026-10-09T13:15:00+02:00;2026-10-09T14:01:44+02:00;4fc446c41564
2026-10-10;st_alban_du_rhone;AROMEHD;2026-10-10T16:00;0.6;2.7;252.0;16.8;0.9;;63.0;6.0;0.0;63.0;45.39;4.76;140.0;2026-10-09T13:15:00+02:00;2026-10-09T14:01:44+02:00;4fc446c41564
2026-10-10;st_alban_du_rhone;AROMEHD;2026-10-10T17:00;0.6;2.7;342.0;17.4;0.0;;2.0;0.0;0.0;2.0;45.39;4.76;140.0;2026-10-09T13:15:00+02:00;2026-10-09T14:01:44+02:00;4fc446c41564
2026-10-10;st_alban_du_rhone;AROMEHD;2026-10-10T18:00;5.4;14.4;15.0;16.5;0.1;;26.0;14.0;0.0;26.0;45.39;4.76;140.0;2026-10-09T13:15:00+02:00;2026-10-09T14:01:44+02:00;4fc446c41564
2026-10-10;st_alban_du_rhone;AROMEHD;2026-10-10T19:00;6.6;11.7;19.0;15.1;0.0;;15.0;0.0;0.0;15.0;45.39;4.76;140.0;2026-10-09T13:15:00+02:00;2026-10-09T14:01:44+02:00;4fc446c41564
2026-10-10;st_alban_du_rhone;AROMEHD;2026-10-10T20:00;5.2;11.3;15.0;14.0;0.0;;2.0;0.0;0.0;2.0;45.39;4.76;140.0;2026-10-09T13:15:00+02:00;2026-10-09T14:01:44+02:00;4fc446c41564
2026-10-10;st_alban_du_rhone;AROMEHD;2026-10-10T21:00;3.5;8.4;34.0;12.8;0.0;;9.0;0.0;0.0;9.0;45.39;4.76;140.0;2026-10-09T13:15:00+02:00;2026-10-09T14:01:44+02:00;4fc446c41564
2026-10-10;st_alban_du_rhone;AROMEHD;2026-10-10T22:00;1.2;5.4;261.0;11.5;0.0;;0.0;0.0;0.0;0.0;45.39;4.76;140.0;2026-10-09T13:15:00+02:00;2026-10-09T14:01:44+02:00;4fc446c41564
2026-10-10;st_alban_du_rhone;AROMEHD;2026-10-10T23:00;2.3;2.3;290.0;10.5;0.0;;0.0;0.0;0.0;0.0;45.39;4.76;140.0;2026-10-09T13:15:00+02:00;2026-10-09T14:01:44+02:00;4fc446c41564
2026-10-10;st_alban_du_rhone;AROMEHD;2026-10-11T00:00;2.1;1.2;112.0;9.5;0.0;;0.0;0.0;0.0;0.0;45.39;4.76;140.0;2026-10-09T13:15:00+02:00;2026-10-09T14:01:44+02:00;4fc446c41564
2026-10-10;st_alban_du_rhone;ICONCH1;2026-10-10T01:00;3.1;6.6;22.0;12.9;0.0;100.0;80.0;96.0;95.0;100.0;45.386887;4.758301;141.0;2026-10-09T13:15:00+02:00;2026-10-09T14:01:44+02:00;4fc446c41564
2026-10-10;st_alban_du_rhone;ICONCH1;2026-10-10T02:00;3.4;5.8;164.0;12.6;0.0;100.0;91.0;98.0;100.0;100.0;45.386887;4.758301;141.0;2026-10-09T13:15:00+02:00;2026-10-09T14:01:44+02:00;4fc446c41564
2026-10-10;st_alban_du_rhone;ICONCH1;2026-10-10T03:00;1.9;6.2;156.0;12.6;0.1;100.0;89.0;100.0;100.0;100.0;45.386887;4.758301;141.0;2026-10-09T13:15:00+02:00;2026-10-09T14:01:44+02:00;4fc446c41564
2026-10-10;st_alban_du_rhone;ICONCH1;2026-10-10T04:00;1.2;3.5;198.0;12.5;0.2;100.0;86.0;96.0;100.0;100.0;45.386887;4.758301;141.0;2026-10-09T13:15:00+02:00;2026-10-09T14:01:44+02:00;4fc446c41564
2026-10-10;st_alban_du_rhone;ICONCH1;2026-10-10T05:00;0.8;1.9;180.0;12.4;0.3;100.0;100.0;100.0;9.0;100.0;45.386887;4.758301;141.0;2026-10-09T13:15:00+02:00;2026-10-09T14:01:44+02:00;4fc446c41564
2026-10-10;st_alban_du_rhone;ICONCH1;2026-10-10T06:00;1.0;2.5;143.0;12.3;0.2;100.0;58.0;100.0;0.0;100.0;45.386887;4.758301;141.0;2026-10-09T13:15:00+02:00;2026-10-09T14:01:44+02:00;4fc446c41564
2026-10-10;st_alban_du_rhone;ICONCH1;2026-10-10T07:00;0.7;2.7;236.0;12.3;0.0;85.0;58.0;60.0;0.0;85.0;45.386887;4.758301;141.0;2026-10-09T13:15:00+02:00;2026-10-09T14:01:44+02:00;4fc446c41564
2026-10-10;st_alban_du_rhone;ICONCH1;2026-10-10T08:00;0.7;1.4;236.0;12.1;0.0;100.0;66.0;100.0;0.0;100.0;45.386887;4.758301;141.0;2026-10-09T13:15:00+02:00;2026-10-09T14:01:44+02:00;4fc446c41564
2026-10-10;st_alban_du_rhone;ICONCH1;2026-10-10T09:00;0.6;1.7;72.0;12.1;0.0;100.0;87.0;100.0;0.0;100.0;45.386887;4.758301;141.0;2026-10-09T13:15:00+02:00;2026-10-09T14:01:44+02:00;4fc446c41564
2026-10-10;st_alban_du_rhone;ICONCH1;2026-10-10T10:00;1.8;3.3;122.0;12.6;0.0;100.0;81.0;100.0;0.0;100.0;45.386887;4.758301;141.0;2026-10-09T13:15:00+02:00;2026-10-09T14:01:44+02:00;4fc446c41564
2026-10-10;st_alban_du_rhone;ICONCH1;2026-10-10T11:00;1.6;3.1;104.0;13.0;0.2;99.0;99.0;99.0;0.0;99.0;45.386887;4.758301;141.0;2026-10-09T13:15:00+02:00;2026-10-09T14:01:44+02:00;4fc446c41564
2026-10-10;st_alban_du_rhone;ICONCH1;2026-10-10T12:00;1.2;2.9;129.0;13.7;0.0;95.0;52.0;89.0;0.0;95.0;45.386887;4.758301;141.0;2026-10-09T13:15:00+02:00;2026-10-09T14:01:44+02:00;4fc446c41564
2026-10-10;st_alban_du_rhone;ICONCH1;2026-10-10T13:00;1.0;2.5;79.0;14.8;0.0;97.0;53.0;93.0;0.0;97.0;45.386887;4.758301;141.0;2026-10-09T13:15:00+02:00;2026-10-09T14:01:44+02:00;4fc446c41564
2026-10-10;st_alban_du_rhone;ICONCH1;2026-10-10T14:00;1.0;3.1;101.0;16.0;0.0;97.0;42.0;93.0;0.0;97.0;45.386887;4.758301;141.0;2026-10-09T13:15:00+02:00;2026-10-09T14:01:44+02:00;4fc446c41564
2026-10-10;st_alban_du_rhone;ICONCH1;2026-10-10T15:00;0.4;2.3;180.0;16.8;0.0;97.0;50.0;93.0;0.0;97.0;45.386887;4.758301;141.0;2026-10-09T13:15:00+02:00;2026-10-09T14:01:44+02:00;4fc446c41564
2026-10-10;st_alban_du_rhone;ICONCH1;2026-10-10T16:00;0.3;1.9;315.0;17.5;0.0;85.0;13.0;77.0;0.0;85.0;45.386887;4.758301;141.0;2026-10-09T13:15:00+02:00;2026-10-09T14:01:44+02:00;4fc446c41564
2026-10-10;st_alban_du_rhone;ICONCH1;2026-10-10T17:00;0.8;1.9;194.0;17.9;0.0;94.0;89.0;82.0;0.0;94.0;45.386887;4.758301;141.0;2026-10-09T13:15:00+02:00;2026-10-09T14:01:44+02:00;4fc446c41564
2026-10-10;st_alban_du_rhone;ICONCH1;2026-10-10T18:00;1.8;3.5;238.0;17.9;0.0;90.0;79.0;47.0;0.0;90.0;45.386887;4.758301;141.0;2026-10-09T13:15:00+02:00;2026-10-09T14:01:44+02:00;4fc446c41564
2026-10-10;st_alban_du_rhone;ICONCH1;2026-10-10T19:00;2.1;3.7;292.0;17.0;0.0;74.0;50.0;51.0;0.0;74.0;45.386887;4.758301;141.0;2026-10-09T13:15:00+02:00;2026-10-09T14:01:44+02:00;4fc446c41564
2026-10-10;st_alban_du_rhone;ICONCH1;2026-10-10T20:00;2.3;5.6;265.0;15.5;0.0;73.0;61.0;47.0;0.0;73.0;45.386887;4.758301;141.0;2026-10-09T13:15:00+02:00;2026-10-09T14:01:44+02:00;4fc446c41564
2026-10-10;st_cyr_sur_le_rhone;AROMEHD;2026-10-10T01:00;3.1;6.2;35.0;13.5;0.0;;98.0;99.0;100.0;100.0;45.510002;4.8500004;190.0;2026-10-09T13:15:00+02:00;2026-10-09T14:01:44+02:00;4fc446c41564
2026-10-10;st_cyr_sur_le_rhone;AROMEHD;2026-10-10T02:00;2.9;6.6;53.0;12.9;0.0;;25.0;51.0;100.0;100.0;45.510002;4.8500004;190.0;2026-10-09T13:15:00+02:00;2026-10-09T14:01:44+02:00;4fc446c41564
2026-10-10;st_cyr_sur_le_rhone;AROMEHD;2026-10-10T03:00;1.9;6.0;37.0;12.4;0.0;;100.0;14.0;100.0;100.0;45.510002;4.8500004;190.0;2026-10-09T13:15:00+02:00;2026-10-09T14:01:44+02:00;4fc446c41564
2026-10-10;st_cyr_sur_le_rhone;AROMEHD;2026-10-10T04:00;1.8;4.1;354.0;12.5;0.0;;99.0;89.0;100.0;100.0;45.510002;4.8500004;190.0;2026-10-09T13:15:00+02:00;2026-10-09T14:01:44+02:00;4fc446c41564
2026-10-10;st_cyr_sur_le_rhone;AROMEHD;2026-10-10T05:00;1.2;2.9;252.0;12.6;0.0;;100.0;100.0;65.0;100.0;45.510002;4.8500004;190.0;2026-10-09T13:15:00+02:00;2026-10-09T14:01:44+02:00;4fc446c41564
2026-10-10;st_cyr_sur_le_rhone;AROMEHD;2026-10-10T06:00;1.2;4.1;231.0;11.6;1.7;;100.0;100.0;0.0;100.0;45.510002;4.8500004;190.0;2026-10-09T13:15:00+02:00;2026-10-09T14:01:44+02:00;4fc446c41564
2026-10-10;st_cyr_sur_le_rhone;AROMEHD;2026-10-10T07:00;1.6;3.5;225.0;11.6;0.3;;91.0;100.0;0.0;100.0;45.510002;4.8500004;190.0;2026-10-09T13:15:00+02:00;2026-10-09T14:01:44+02:00;4fc446c41564
2026-10-10;st_cyr_sur_le_rhone;AROMEHD;2026-10-10T08:00;1.2;3.1;279.0;11.6;0.1;;99.0;100.0;0.0;100.0;45.510002;4.8500004;190.0;2026-10-09T13:15:00+02:00;2026-10-09T14:01:44+02:00;4fc446c41564
2026-10-10;st_cyr_sur_le_rhone;AROMEHD;2026-10-10T09:00;0.8;1.7;315.0;12.1;0.0;;11.0;100.0;0.0;100.0;45.510002;4.8500004;190.0;2026-10-09T13:15:00+02:00;2026-10-09T14:01:44+02:00;4fc446c41564
2026-10-10;st_cyr_sur_le_rhone;AROMEHD;2026-10-10T10:00;0.6;2.5;342.0;13.1;0.0;;22.0;53.0;0.0;53.0;45.510002;4.8500004;190.0;2026-10-09T13:15:00+02:00;2026-10-09T14:01:44+02:00;4fc446c41564
2026-10-10;st_cyr_sur_le_rhone;AROMEHD;2026-10-10T11:00;0.5;1.6;315.0;14.8;0.0;;84.0;100.0;0.0;100.0;45.510002;4.8500004;190.0;2026-10-09T13:15:00+02:00;2026-10-09T14:01:44+02:00;4fc446c41564
2026-10-10;st_cyr_sur_le_rhone;AROMEHD;2026-10-10T12:00;1.3;1.9;243.0;14.8;0.0;;100.0;100.0;0.0;100.0;45.510002;4.8500004;190.0;2026-10-09T13:15:00+02:00;2026-10-09T14:01:44+02:00;4fc446c41564
2026-10-10;st_cyr_sur_le_rhone;AROMEHD;2026-10-10T13:00;0.4;2.1;333.0;15.4;0.1;;97.0;100.0;0.0;100.0;45.510002;4.8500004;190.0;2026-10-09T13:15:00+02:00;2026-10-09T14:01:44+02:00;4fc446c41564
2026-10-10;st_cyr_sur_le_rhone;AROMEHD;2026-10-10T14:00;1.3;4.3;243.0;16.6;0.0;;49.0;79.0;0.0;79.0;45.510002;4.8500004;190.0;2026-10-09T13:15:00+02:00;2026-10-09T14:01:44+02:00;4fc446c41564
2026-10-10;st_cyr_sur_le_rhone;AROMEHD;2026-10-10T15:00;1.6;5.1;270.0;17.2;0.0;;100.0;100.0;0.0;100.0;45.510002;4.8500004;190.0;2026-10-09T13:15:00+02:00;2026-10-09T14:01:44+02:00;4fc446c41564
2026-10-10;st_cyr_sur_le_rhone;AROMEHD;2026-10-10T16:00;0.0;3.9;270.0;16.9;0.0;;100.0;31.0;0.0;100.0;45.510002;4.8500004;190.0;2026-10-09T13:15:00+02:00;2026-10-09T14:01:44+02:00;4fc446c41564
2026-10-10;st_cyr_sur_le_rhone;AROMEHD;2026-10-10T17:00;3.0;6.8;40.0;17.6;0.0;;39.0;0.0;0.0;39.0;45.510002;4.8500004;190.0;2026-10-09T13:15:00+02:00;2026-10-09T14:01:44+02:00;4fc446c41564
2026-10-10;st_cyr_sur_le_rhone;AROMEHD;2026-10-10T18:00;4.8;16.1;14.0;15.7;0.4;;12.0;99.0;0.0;99.0;45.510002;4.8500004;190.0;2026-10-09T13:15:00+02:00;2026-10-09T14:01:44+02:00;4fc446c41564
2026-10-10;st_cyr_sur_le_rhone;AROMEHD;2026-10-10T19:00;5.1;13.0;9.0;14.3;0.0;;3.0;0.0;0.0;3.0;45.510002;4.8500004;190.0;2026-10-09T13:15:00+02:00;2026-10-09T14:01:44+02:00;4fc446c41564
2026-10-10;st_cyr_sur_le_rhone;AROMEHD;2026-10-10T20:00;3.5;10.7;3.0;13.3;0.0;;36.0;0.0;0.0;36.0;45.510002;4.8500004;190.0;2026-10-09T13:15:00+02:00;2026-10-09T14:01:44+02:00;4fc446c41564
2026-10-10;st_cyr_sur_le_rhone;AROMEHD;2026-10-10T21:00;1.8;7.4;347.0;12.5;0.0;;0.0;0.0;0.0;0.0;45.510002;4.8500004;190.0;2026-10-09T13:15:00+02:00;2026-10-09T14:01:44+02:00;4fc446c41564
2026-10-10;st_cyr_sur_le_rhone;AROMEHD;2026-10-10T22:00;0.4;3.5;27.0;11.3;0.0;;0.0;0.0;0.0;0.0;45.510002;4.8500004;190.0;2026-10-09T13:15:00+02:00;2026-10-09T14:01:44+02:00;4fc446c41564
2026-10-10;st_cyr_sur_le_rhone;AROMEHD;2026-10-10T23:00;0.7;1.4;326.0;10.6;0.0;;0.0;0.0;0.0;0.0;45.510002;4.8500004;190.0;2026-10-09T13:15:00+02:00;2026-10-09T14:01:44+02:00;4fc446c41564
2026-10-10;st_cyr_sur_le_rhone;AROMEHD;2026-10-11T00:00;0.4;1.4;117.0;9.9;0.0;;0.0;0.0;0.0;0.0;45.510002;4.8500004;190.0;2026-10-09T13:15:00+02:00;2026-10-09T14:01:44+02:00;4fc446c41564
2026-10-10;st_cyr_sur_le_rhone;ICONCH1;2026-10-10T01:00;3.1;5.6;55.0;12.0;0.0;100.0;73.0;96.0;88.0;100.0;45.511913;4.860718;186.0;2026-10-09T13:15:00+02:00;2026-10-09T14:01:44+02:00;4fc446c41564
2026-10-10;st_cyr_sur_le_rhone;ICONCH1;2026-10-10T02:00;2.7;6.0;69.0;12.1;0.0;100.0;91.0;98.0;100.0;100.0;45.511913;4.860718;186.0;2026-10-09T13:15:00+02:00;2026-10-09T14:01:44+02:00;4fc446c41564
2026-10-10;st_cyr_sur_le_rhone;ICONCH1;2026-10-10T03:00;3.7;6.2;72.0;12.0;0.0;100.0;90.0;100.0;100.0;100.0;45.511913;4.860718;186.0;2026-10-09T13:15:00+02:00;2026-10-09T14:01:44+02:00;4fc446c41564
2026-10-10;st_cyr_sur_le_rhone;ICONCH1;2026-10-10T04:00;3.5;6.0;63.0;11.8;0.2;100.0;87.0;94.0;100.0;100.0;45.511913;4.860718;186.0;2026-10-09T13:15:00+02:00;2026-10-09T14:01:44+02:00;4fc446c41564
2026-10-10;st_cyr_sur_le_rhone;ICONCH1;2026-10-10T05:00;3.1;5.8;68.0;11.5;0.5;99.0;95.0;98.0;0.0;99.0;45.511913;4.860718;186.0;2026-10-09T13:15:00+02:00;2026-10-09T14:01:44+02:00;4fc446c41564
2026-10-10;st_cyr_sur_le_rhone;ICONCH1;2026-10-10T06:00;2.9;5.6;53.0;11.5;0.3;100.0;84.0;100.0;0.0;100.0;45.511913;4.860718;186.0;2026-10-09T13:15:00+02:00;2026-10-09T14:01:44+02:00;4fc446c41564
2026-10-10;st_cyr_sur_le_rhone;ICONCH1;2026-10-10T07:00;2.2;5.2;45.0;11.1;0.0;77.0;60.0;39.0;0.0;77.0;45.511913;4.860718;186.0;2026-10-09T13:15:00+02:00;2026-10-09T14:01:44+02:00;4fc446c41564
2026-10-10;st_cyr_sur_le_rhone;ICONCH1;2026-10-10T08:00;1.5;4.3;23.0;11.0;0.0;100.0;49.0;100.0;0.0;100.0;45.511913;4.860718;186.0;2026-10-09T13:15:00+02:00;2026-10-09T14:01:44+02:00;4fc446c41564
2026-10-10;st_cyr_sur_le_rhone;ICONCH1;2026-10-10T09:00;2.3;3.7;222.0;11.7;0.0;98.0;76.0;94.0;0.0;98.0;45.511913;4.860718;186.0;2026-10-09T13:15:00+02:00;2026-10-09T14:01:44+02:00;4fc446c41564
2026-10-10;st_cyr_sur_le_rhone;ICONCH1;2026-10-10T10:00;3.3;5.6;220.0;12.0;0.0;100.0;83.0;100.0;0.0;100.0;45.511913;4.860718;186.0;2026-10-09T13:15:00+02:00;2026-10-09T14:01:44+02:00;4fc446c41564
2026-10-10;st_cyr_sur_le_rhone;ICONCH1;2026-10-10T11:00;2.5;5.6;212.0;12.6;0.0;100.0;100.0;100.0;0.0;100.0;45.511913;4.860718;186.0;2026-10-09T13:15:00+02:00;2026-10-09T14:01:44+02:00;4fc446c41564
2026-10-10;st_cyr_sur_le_rhone;ICONCH1;2026-10-10T12:00;2.5;5.4;203.0;13.4;0.0;99.0;74.0;96.0;0.0;99.0;45.511913;4.860718;186.0;2026-10-09T13:15:00+02:00;2026-10-09T14:01:44+02:00;4fc446c41564
2026-10-10;st_cyr_sur_le_rhone;ICONCH1;2026-10-10T13:00;1.7;5.4;201.0;15.0;0.0;91.0;60.0;77.0;0.0;91.0;45.511913;4.860718;186.0;2026-10-09T13:15:00+02:00;2026-10-09T14:01:44+02:00;4fc446c41564
2026-10-10;st_cyr_sur_le_rhone;ICONCH1;2026-10-10T14:00;0.4;3.9;153.0;15.9;0.0;85.0;61.0;58.0;0.0;85.0;45.511913;4.860718;186.0;2026-10-09T13:15:00+02:00;2026-10-09T14:01:44+02:00;4fc446c41564
2026-10-10;st_cyr_sur_le_rhone;ICONCH1;2026-10-10T15:00;4.2;6.8;79.0;17.3;0.0;98.0;39.0;96.0;0.0;98.0;45.511913;4.860718;186.0;2026-10-09T13:15:00+02:00;2026-10-09T14:01:44+02:00;4fc446c41564
2026-10-10;st_cyr_sur_le_rhone;ICONCH1;2026-10-10T16:00;4.2;7.4;79.0;17.6;0.0;71.0;46.0;48.0;0.0;71.0;45.511913;4.860718;186.0;2026-10-09T13:15:00+02:00;2026-10-09T14:01:44+02:00;4fc446c41564
2026-10-10;st_cyr_sur_le_rhone;ICONCH1;2026-10-10T17:00;4.7;7.8;92.0;17.8;0.0;82.0;12.0;75.0;0.0;82.0;45.511913;4.860718;186.0;2026-10-09T13:15:00+02:00;2026-10-09T14:01:44+02:00;4fc446c41564
2026-10-10;st_cyr_sur_le_rhone;ICONCH1;2026-10-10T18:00;4.0;8.7;104.0;17.4;0.0;45.0;45.0;0.0;0.0;45.0;45.511913;4.860718;186.0;2026-10-09T13:15:00+02:00;2026-10-09T14:01:44+02:00;4fc446c41564
2026-10-10;st_cyr_sur_le_rhone;ICONCH1;2026-10-10T19:00;2.5;6.8;113.0;16.2;0.0;64.0;51.0;31.0;0.0;64.0;45.511913;4.860718;186.0;2026-10-09T13:15:00+02:00;2026-10-09T14:01:44+02:00;4fc446c41564
2026-10-10;st_cyr_sur_le_rhone;ICONCH1;2026-10-10T20:00;3.5;7.0;19.0;15.2;0.0;70.0;56.0;33.0;0.0;70.0;45.511913;4.860718;186.0;2026-10-09T13:15:00+02:00;2026-10-09T14:01:44+02:00;4fc446c41564
2026-10-10;st_romain_des_iles;AROMEHD;2026-10-10T01:00;0.6;1.7;180.0;11.4;0.0;;100.0;87.0;100.0;100.0;46.18;4.779999;169.0;2026-10-09T13:15:00+02:00;2026-10-09T14:01:44+02:00;4fc446c41564
2026-10-10;st_romain_des_iles;AROMEHD;2026-10-10T02:00;2.0;2.3;197.0;11.5;0.0;;100.0;100.0;100.0;100.0;46.18;4.779999;169.0;2026-10-09T13:15:00+02:00;2026-10-09T14:01:44+02:00;4fc446c41564
2026-10-10;st_romain_des_iles;AROMEHD;2026-10-10T03:00;2.1;3.3;229.0;11.6;0.0;;100.0;100.0;100.0;100.0;46.18;4.779999;169.0;2026-10-09T13:15:00+02:00;2026-10-09T14:01:44+02:00;4fc446c41564
2026-10-10;st_romain_des_iles;AROMEHD;2026-10-10T04:00;0.6;2.7;162.0;11.3;0.5;;100.0;100.0;100.0;100.0;46.18;4.779999;169.0;2026-10-09T13:15:00+02:00;2026-10-09T14:01:44+02:00;4fc446c41564
2026-10-10;st_romain_des_iles;AROMEHD;2026-10-10T05:00;0.4;0.6;180.0;10.9;1.0;;100.0;100.0;99.0;100.0;46.18;4.779999;169.0;2026-10-09T13:15:00+02:00;2026-10-09T14:01:44+02:00;4fc446c41564
2026-10-10;st_romain_des_iles;AROMEHD;2026-10-10T06:00;1.5;1.7;203.0;10.7;0.1;;100.0;100.0;0.0;100.0;46.18;4.779999;169.0;2026-10-09T13:15:00+02:00;2026-10-09T14:01:44+02:00;4fc446c41564
2026-10-10;st_romain_des_iles;AROMEHD;2026-10-10T07:00;1.9;2.1;180.0;10.7;0.0;;60.0;100.0;0.0;100.0;46.18;4.779999;169.0;2026-10-09T13:15:00+02:00;2026-10-09T14:01:44+02:00;4fc446c41564
2026-10-10;st_romain_des_iles;AROMEHD;2026-10-10T08:00;1.9;2.7;225.0;10.7;0.0;;100.0;100.0;0.0;100.0;46.18;4.779999;169.0;2026-10-09T13:15:00+02:00;2026-10-09T14:01:44+02:00;4fc446c41564
2026-10-10;st_romain_des_iles;AROMEHD;2026-10-10T09:00;3.0;4.7;220.0;11.3;0.0;;100.0;43.0;0.0;100.0;46.18;4.779999;169.0;2026-10-09T13:15:00+02:00;2026-10-09T14:01:44+02:00;4fc446c41564
2026-10-10;st_romain_des_iles;AROMEHD;2026-10-10T10:00;4.5;7.6;190.0;12.2;0.1;;100.0;100.0;0.0;100.0;46.18;4.779999;169.0;2026-10-09T13:15:00+02:00;2026-10-09T14:01:44+02:00;4fc446c41564
2026-10-10;st_romain_des_iles;AROMEHD;2026-10-10T11:00;3.7;8.2;223.0;12.8;0.2;;100.0;100.0;0.0;100.0;46.18;4.779999;169.0;2026-10-09T13:15:00+02:00;2026-10-09T14:01:44+02:00;4fc446c41564
2026-10-10;st_romain_des_iles;AROMEHD;2026-10-10T12:00;5.6;9.3;192.0;13.6;0.7;;100.0;5.0;0.0;100.0;46.18;4.779999;169.0;2026-10-09T13:15:00+02:00;2026-10-09T14:01:44+02:00;4fc446c41564
2026-10-10;st_romain_des_iles;AROMEHD;2026-10-10T13:00;5.8;11.1;195.0;15.6;0.0;;100.0;88.0;0.0;100.0;46.18;4.779999;169.0;2026-10-09T13:15:00+02:00;2026-10-09T14:01:44+02:00;4fc446c41564
2026-10-10;st_romain_des_iles;AROMEHD;2026-10-10T14:00;5.1;8.2;277.0;16.3;0.0;;88.0;1.0;0.0;88.0;46.18;4.779999;169.0;2026-10-09T13:15:00+02:00;2026-10-09T14:01:44+02:00;4fc446c41564
2026-10-10;st_romain_des_iles;AROMEHD;2026-10-10T15:00;7.8;13.0;289.0;16.1;0.0;;97.0;1.0;0.0;97.0;46.18;4.779999;169.0;2026-10-09T13:15:00+02:00;2026-10-09T14:01:44+02:00;4fc446c41564
2026-10-10;st_romain_des_iles;AROMEHD;2026-10-10T16:00;5.7;17.5;288.0;15.7;0.0;;100.0;93.0;0.0;100.0;46.18;4.779999;169.0;2026-10-09T13:15:00+02:00;2026-10-09T14:01:44+02:00;4fc446c41564
2026-10-10;st_romain_des_iles;AROMEHD;2026-10-10T17:00;5.1;11.7;307.0;16.1;0.0;;1.0;0.0;0.0;1.0;46.18;4.779999;169.0;2026-10-09T13:15:00+02:00;2026-10-09T14:01:44+02:00;4fc446c41564
2026-10-10;st_romain_des_iles;AROMEHD;2026-10-10T18:00;4.6;9.9;298.0;15.6;0.0;;0.0;0.0;0.0;0.0;46.18;4.779999;169.0;2026-10-09T13:15:00+02:00;2026-10-09T14:01:44+02:00;4fc446c41564
2026-10-10;st_romain_des_iles;AROMEHD;2026-10-10T19:00;3.7;8.2;267.0;13.7;0.0;;0.0;0.0;0.0;0.0;46.18;4.779999;169.0;2026-10-09T13:15:00+02:00;2026-10-09T14:01:44+02:00;4fc446c41564
2026-10-10;st_romain_des_iles;AROMEHD;2026-10-10T20:00;2.9;4.9;176.0;10.8;0.0;;0.0;0.0;0.0;0.0;46.18;4.779999;169.0;2026-10-09T13:15:00+02:00;2026-10-09T14:01:44+02:00;4fc446c41564
2026-10-10;st_romain_des_iles;AROMEHD;2026-10-10T21:00;2.8;3.1;214.0;9.0;0.0;;0.0;0.0;0.0;0.0;46.18;4.779999;169.0;2026-10-09T13:15:00+02:00;2026-10-09T14:01:44+02:00;4fc446c41564
2026-10-10;st_romain_des_iles;AROMEHD;2026-10-10T22:00;2.7;2.7;180.0;7.5;0.0;;1.0;0.0;0.0;1.0;46.18;4.779999;169.0;2026-10-09T13:15:00+02:00;2026-10-09T14:01:44+02:00;4fc446c41564
2026-10-10;st_romain_des_iles;AROMEHD;2026-10-10T23:00;2.2;2.7;165.0;6.4;0.0;;0.0;0.0;0.0;0.0;46.18;4.779999;169.0;2026-10-09T13:15:00+02:00;2026-10-09T14:01:44+02:00;4fc446c41564
2026-10-10;st_romain_des_iles;AROMEHD;2026-10-11T00:00;1.4;2.3;164.0;5.6;0.0;;0.0;0.0;0.0;0.0;46.18;4.779999;169.0;2026-10-09T13:15:00+02:00;2026-10-09T14:01:44+02:00;4fc446c41564
2026-10-10;st_romain_des_iles;ICONCH1;2026-10-10T01:00;2.8;5.1;192.0;11.7;0.2;100.0;100.0;100.0;100.0;100.0;46.179794;4.782837;176.0;2026-10-09T13:15:00+02:00;2026-10-09T14:01:44+02:00;4fc446c41564
2026-10-10;st_romain_des_iles;ICONCH1;2026-10-10T02:00;2.6;5.1;193.0;11.4;0.9;100.0;84.0;100.0;100.0;100.0;46.179794;4.782837;176.0;2026-10-09T13:15:00+02:00;2026-10-09T14:01:44+02:00;4fc446c41564
2026-10-10;st_romain_des_iles;ICONCH1;2026-10-10T03:00;2.9;5.1;172.0;11.3;1.5;100.0;100.0;100.0;100.0;100.0;46.179794;4.782837;176.0;2026-10-09T13:15:00+02:00;2026-10-09T14:01:44+02:00;4fc446c41564
2026-10-10;st_romain_des_iles;ICONCH1;2026-10-10T04:00;2.9;5.8;184.0;11.3;1.0;100.0;93.0;99.0;0.0;100.0;46.179794;4.782837;176.0;2026-10-09T13:15:00+02:00;2026-10-09T14:01:44+02:00;4fc446c41564
2026-10-10;st_romain_des_iles;ICONCH1;2026-10-10T05:00;3.0;5.4;191.0;11.4;0.0;92.0;83.0;62.0;0.0;92.0;46.179794;4.782837;176.0;2026-10-09T13:15:00+02:00;2026-10-09T14:01:44+02:00;4fc446c41564
2026-10-10;st_romain_des_iles;ICONCH1;2026-10-10T06:00;3.0;5.1;191.0;11.4;0.0;98.0;84.0;94.0;0.0;98.0;46.179794;4.782837;176.0;2026-10-09T13:15:00+02:00;2026-10-09T14:01:44+02:00;4fc446c41564
2026-10-10;st_romain_des_iles;ICONCH1;2026-10-10T07:00;3.7;6.2;189.0;11.6;0.0;100.0;91.0;100.0;0.0;100.0;46.179794;4.782837;176.0;2026-10-09T13:15:00+02:00;2026-10-09T14:01:44+02:00;4fc446c41564
2026-10-10;st_romain_des_iles;ICONCH1;2026-10-10T08:00;4.1;7.2;183.0;11.8;0.0;99.0;83.0;95.0;0.0;99.0;46.179794;4.782837;176.0;2026-10-09T13:15:00+02:00;2026-10-09T14:01:44+02:00;4fc446c41564
2026-10-10;st_romain_des_iles;ICONCH1;2026-10-10T09:00;4.7;8.2;185.0;11.9;0.1;100.0;81.0;100.0;0.0;100.0;46.179794;4.782837;176.0;2026-10-09T13:15:00+02:00;2026-10-09T14:01:44+02:00;4fc446c41564
2026-10-10;st_romain_des_iles;ICONCH1;2026-10-10T10:00;4.7;8.6;178.0;12.3;0.0;100.0;100.0;97.0;0.0;100.0;46.179794;4.782837;176.0;2026-10-09T13:15:00+02:00;2026-10-09T14:01:44+02:00;4fc446c41564
2026-10-10;st_romain_des_iles;ICONCH1;2026-10-10T11:00;5.7;9.5;188.0;12.9;0.0;100.0;81.0;100.0;0.0;100.0;46.179794;4.782837;176.0;2026-10-09T13:15:00+02:00;2026-10-09T14:01:44+02:00;4fc446c41564
2026-10-10;st_romain_des_iles;ICONCH1;2026-10-10T12:00;4.3;9.3;185.0;13.9;0.0;93.0;86.0;64.0;0.0;93.0;46.179794;4.782837;176.0;2026-10-09T13:15:00+02:00;2026-10-09T14:01:44+02:00;4fc446c41564
2026-10-10;st_romain_des_iles;ICONCH1;2026-10-10T13:00;4.7;8.9;197.0;14.7;0.0;100.0;100.0;100.0;0.0;100.0;46.179794;4.782837;176.0;2026-10-09T13:15:00+02:00;2026-10-09T14:01:44+02:00;4fc446c41564
2026-10-10;st_romain_des_iles;ICONCH1;2026-10-10T14:00;4.3;8.0;185.0;15.5;0.0;99.0;94.0;98.0;0.0;99.0;46.179794;4.782837;176.0;2026-10-09T13:15:00+02:00;2026-10-09T14:01:44+02:00;4fc446c41564
2026-10-10;st_romain_des_iles;ICONCH1;2026-10-10T15:00;4.1;8.6;183.0;16.4;0.0;84.0;72.0;31.0;0.0;84.0;46.179794;4.782837;176.0;2026-10-09T13:15:00+02:00;2026-10-09T14:01:44+02:00;4fc446c41564
2026-10-10;st_romain_des_iles;ICONCH1;2026-10-10T16:00;4.5;8.0;178.0;17.3;0.0;92.0;62.0;73.0;0.0;92.0;46.179794;4.782837;176.0;2026-10-09T13:15:00+02:00;2026-10-09T14:01:44+02:00;4fc446c41564
2026-10-10;st_romain_des_iles;ICONCH1;2026-10-10T17:00;2.4;8.4;189.0;17.5;0.0;89.0;63.0;65.0;0.0;89.0;46.179794;4.782837;176.0;2026-10-09T13:15:00+02:00;2026-10-09T14:01:44+02:00;4fc446c41564
2026-10-10;st_romain_des_iles;ICONCH1;2026-10-10T18:00;2.1;5.1;175.0;17.3;0.0;89.0;75.0;79.0;0.0;89.0;46.179794;4.782837;176.0;2026-10-09T13:15:00+02:00;2026-10-09T14:01:44+02:00;4fc446c41564
2026-10-10;st_romain_des_iles;ICONCH1;2026-10-10T19:00;4.2;8.0;323.0;16.1;0.0;80.0;70.0;24.0;0.0;80.0;46.179794;4.782837;176.0;2026-10-09T13:15:00+02:00;2026-10-09T14:01:44+02:00;4fc446c41564
2026-10-10;st_romain_des_iles;ICONCH1;2026-10-10T20:00;3.6;7.4;315.0;14.4;0.0;25.0;25.0;0.0;0.0;25.0;46.179794;4.782837;176.0;2026-10-09T13:15:00+02:00;2026-10-09T14:01:44+02:00;4fc446c41564
2026-10-10;treffort;AROMEHD;2026-10-10T01:00;2.6;4.3;318.0;8.2;0.0;;0.0;0.0;100.0;100.0;44.91;5.6800003;0.0;2026-10-09T13:15:00+02:00;2026-10-09T14:01:44+02:00;4fc446c41564
2026-10-10;treffort;AROMEHD;2026-10-10T02:00;1.5;4.5;157.0;8.1;0.0;;0.0;0.0;100.0;100.0;44.91;5.6800003;0.0;2026-10-09T13:15:00+02:00;2026-10-09T14:01:44+02:00;4fc446c41564
2026-10-10;treffort;AROMEHD;2026-10-10T03:00;1.5;1.7;140.0;7.9;0.0;;0.0;0.0;100.0;100.0;44.91;5.6800003;0.0;2026-10-09T13:15:00+02:00;2026-10-09T14:01:44+02:00;4fc446c41564
2026-10-10;treffort;AROMEHD;2026-10-10T04:00;2.3;2.9;114.0;8.2;0.0;;0.0;0.0;100.0;100.0;44.91;5.6800003;0.0;2026-10-09T13:15:00+02:00;2026-10-09T14:01:44+02:00;4fc446c41564
2026-10-10;treffort;AROMEHD;2026-10-10T05:00;1.4;2.9;135.0;8.0;0.0;;0.0;0.0;100.0;100.0;44.91;5.6800003;0.0;2026-10-09T13:15:00+02:00;2026-10-09T14:01:44+02:00;4fc446c41564
2026-10-10;treffort;AROMEHD;2026-10-10T06:00;1.4;2.3;146.0;8.2;0.0;;0.0;0.0;100.0;100.0;44.91;5.6800003;0.0;2026-10-09T13:15:00+02:00;2026-10-09T14:01:44+02:00;4fc446c41564
2026-10-10;treffort;AROMEHD;2026-10-10T07:00;2.5;3.1;135.0;8.1;0.0;;0.0;0.0;99.0;99.0;44.91;5.6800003;0.0;2026-10-09T13:15:00+02:00;2026-10-09T14:01:44+02:00;4fc446c41564
2026-10-10;treffort;AROMEHD;2026-10-10T08:00;2.1;3.1;131.0;8.2;0.0;;0.0;0.0;0.0;0.0;44.91;5.6800003;0.0;2026-10-09T13:15:00+02:00;2026-10-09T14:01:44+02:00;4fc446c41564
2026-10-10;treffort;AROMEHD;2026-10-10T09:00;2.3;5.1;301.0;8.6;0.0;;49.0;0.0;0.0;49.0;44.91;5.6800003;0.0;2026-10-09T13:15:00+02:00;2026-10-09T14:01:44+02:00;4fc446c41564
2026-10-10;treffort;AROMEHD;2026-10-10T10:00;6.1;11.3;318.0;10.5;0.0;;100.0;0.0;0.0;100.0;44.91;5.6800003;0.0;2026-10-09T13:15:00+02:00;2026-10-09T14:01:44+02:00;4fc446c41564
2026-10-10;treffort;AROMEHD;2026-10-10T11:00;3.9;11.1;327.0;11.9;0.0;;3.0;0.0;0.0;3.0;44.91;5.6800003;0.0;2026-10-09T13:15:00+02:00;2026-10-09T14:01:44+02:00;4fc446c41564
2026-10-10;treffort;AROMEHD;2026-10-10T12:00;6.4;12.6;346.0;13.6;0.0;;0.0;0.0;0.0;0.0;44.91;5.6800003;0.0;2026-10-09T13:15:00+02:00;2026-10-09T14:01:44+02:00;4fc446c41564
2026-10-10;treffort;AROMEHD;2026-10-10T13:00;7.5;15.0;345.0;14.4;0.0;;0.0;0.0;0.0;0.0;44.91;5.6800003;0.0;2026-10-09T13:15:00+02:00;2026-10-09T14:01:44+02:00;4fc446c41564
2026-10-10;treffort;AROMEHD;2026-10-10T14:00;9.0;17.9;342.0;14.8;0.0;;0.0;0.0;0.0;0.0;44.91;5.6800003;0.0;2026-10-09T13:15:00+02:00;2026-10-09T14:01:44+02:00;4fc446c41564
2026-10-10;treffort;AROMEHD;2026-10-10T15:00;10.2;20.2;347.0;15.2;0.0;;0.0;0.0;0.0;0.0;44.91;5.6800003;0.0;2026-10-09T13:15:00+02:00;2026-10-09T14:01:44+02:00;4fc446c41564
2026-10-10;treffort;AROMEHD;2026-10-10T16:00;10.0;21.8;351.0;15.3;0.0;;0.0;0.0;0.0;0.0;44.91;5.6800003;0.0;2026-10-09T13:15:00+02:00;2026-10-09T14:01:44+02:00;4fc446c41564
2026-10-10;treffort;AROMEHD;2026-10-10T17:00;8.8;20.0;346.0;15.0;0.0;;0.0;0.0;0.0;0.0;44.91;5.6800003;0.0;2026-10-09T13:15:00+02:00;2026-10-09T14:01:44+02:00;4fc446c41564
2026-10-10;treffort;AROMEHD;2026-10-10T18:00;7.3;17.5;344.0;14.6;0.0;;0.0;0.0;0.0;0.0;44.91;5.6800003;0.0;2026-10-09T13:15:00+02:00;2026-10-09T14:01:44+02:00;4fc446c41564
2026-10-10;treffort;AROMEHD;2026-10-10T19:00;5.6;15.6;346.0;13.7;0.2;;1.0;0.0;0.0;1.0;44.91;5.6800003;0.0;2026-10-09T13:15:00+02:00;2026-10-09T14:01:44+02:00;4fc446c41564
2026-10-10;treffort;AROMEHD;2026-10-10T20:00;7.1;13.8;339.0;12.9;0.0;;3.0;0.0;0.0;3.0;44.91;5.6800003;0.0;2026-10-09T13:15:00+02:00;2026-10-09T14:01:44+02:00;4fc446c41564
2026-10-10;treffort;AROMEHD;2026-10-10T21:00;6.6;13.8;326.0;12.5;0.0;;1.0;0.0;0.0;1.0;44.91;5.6800003;0.0;2026-10-09T13:15:00+02:00;2026-10-09T14:01:44+02:00;4fc446c41564
2026-10-10;treffort;AROMEHD;2026-10-10T22:00;5.7;12.4;332.0;12.0;0.0;;5.0;0.0;0.0;5.0;44.91;5.6800003;0.0;2026-10-09T13:15:00+02:00;2026-10-09T14:01:44+02:00;4fc446c41564
2026-10-10;treffort;AROMEHD;2026-10-10T23:00;5.7;11.3;336.0;11.7;0.0;;0.0;0.0;0.0;0.0;44.91;5.6800003;0.0;2026-10-09T13:15:00+02:00;2026-10-09T14:01:44+02:00;4fc446c41564
2026-10-10;treffort;AROMEHD;2026-10-11T00:00;5.8;11.3;315.0;11.0;0.0;;0.0;0.0;0.0;0.0;44.91;5.6800003;0.0;2026-10-09T13:15:00+02:00;2026-10-09T14:01:44+02:00;4fc446c41564
2026-10-10;treffort;ICONCH1;2026-10-10T01:00;3.0;5.2;157.0;9.7;0.0;97.0;60.0;87.0;76.0;97.0;44.905636;5.680298;502.0;2026-10-09T13:15:00+02:00;2026-10-09T14:01:44+02:00;4fc446c41564
2026-10-10;treffort;ICONCH1;2026-10-10T02:00;3.4;6.2;137.0;9.4;0.0;100.0;39.0;82.0;100.0;100.0;44.905636;5.680298;502.0;2026-10-09T13:15:00+02:00;2026-10-09T14:01:44+02:00;4fc446c41564
2026-10-10;treffort;ICONCH1;2026-10-10T03:00;1.2;5.8;141.0;9.3;0.0;100.0;52.0;81.0;100.0;100.0;44.905636;5.680298;502.0;2026-10-09T13:15:00+02:00;2026-10-09T14:01:44+02:00;4fc446c41564
2026-10-10;treffort;ICONCH1;2026-10-10T04:00;1.6;2.3;277.0;10.0;0.0;100.0;0.0;76.0;100.0;100.0;44.905636;5.680298;502.0;2026-10-09T13:15:00+02:00;2026-10-09T14:01:44+02:00;4fc446c41564
2026-10-10;treffort;ICONCH1;2026-10-10T05:00;2.7;4.5;315.0;9.8;0.0;100.0;39.0;96.0;100.0;100.0;44.905636;5.680298;502.0;2026-10-09T13:15:00+02:00;2026-10-09T14:01:44+02:00;4fc446c41564
2026-10-10;treffort;ICONCH1;2026-10-10T06:00;2.6;4.3;333.0;10.2;0.0;100.0;86.0;100.0;100.0;100.0;44.905636;5.680298;502.0;2026-10-09T13:15:00+02:00;2026-10-09T14:01:44+02:00;4fc446c41564
2026-10-10;treffort;ICONCH1;2026-10-10T07:00;5.4;8.9;311.0;10.8;0.0;100.0;95.0;100.0;100.0;100.0;44.905636;5.680298;502.0;2026-10-09T13:15:00+02:00;2026-10-09T14:01:44+02:00;4fc446c41564
2026-10-10;treffort;ICONCH1;2026-10-10T08:00;6.2;10.7;311.0;10.9;0.0;100.0;100.0;87.0;0.0;100.0;44.905636;5.680298;502.0;2026-10-09T13:15:00+02:00;2026-10-09T14:01:44+02:00;4fc446c41564
2026-10-10;treffort;ICONCH1;2026-10-10T09:00;6.9;12.8;315.0;11.3;0.0;100.0;100.0;100.0;0.0;100.0;44.905636;5.680298;502.0;2026-10-09T13:15:00+02:00;2026-10-09T14:01:44+02:00;4fc446c41564
2026-10-10;treffort;ICONCH1;2026-10-10T10:00;6.7;12.2;319.0;12.1;0.0;67.0;54.0;31.0;0.0;67.0;44.905636;5.680298;502.0;2026-10-09T13:15:00+02:00;2026-10-09T14:01:44+02:00;4fc446c41564
2026-10-10;treffort;ICONCH1;2026-10-10T11:00;9.4;16.5;330.0;13.1;0.0;80.0;37.0;67.0;0.0;80.0;44.905636;5.680298;502.0;2026-10-09T13:15:00+02:00;2026-10-09T14:01:44+02:00;4fc446c41564
2026-10-10;treffort;ICONCH1;2026-10-10T12:00;9.9;17.5;332.0;13.4;0.0;94.0;81.0;91.0;0.0;94.0;44.905636;5.680298;502.0;2026-10-09T13:15:00+02:00;2026-10-09T14:01:44+02:00;4fc446c41564
2026-10-10;treffort;ICONCH1;2026-10-10T13:00;10.5;18.3;345.0;13.6;0.0;80.0;76.0;61.0;0.0;80.0;44.905636;5.680298;502.0;2026-10-09T13:15:00+02:00;2026-10-09T14:01:44+02:00;4fc446c41564
2026-10-10;treffort;ICONCH1;2026-10-10T14:00;11.9;21.4;348.0;14.1;0.0;89.0;46.0;76.0;0.0;89.0;44.905636;5.680298;502.0;2026-10-09T13:15:00+02:00;2026-10-09T14:01:44+02:00;4fc446c41564
2026-10-10;treffort;ICONCH1;2026-10-10T15:00;12.0;20.8;353.0;14.7;0.0;23.0;19.0;5.0;0.0;23.0;44.905636;5.680298;502.0;2026-10-09T13:15:00+02:00;2026-10-09T14:01:44+02:00;4fc446c41564
2026-10-10;treffort;ICONCH1;2026-10-10T16:00;11.4;21.0;347.0;14.6;0.0;100.0;57.0;100.0;0.0;100.0;44.905636;5.680298;502.0;2026-10-09T13:15:00+02:00;2026-10-09T14:01:44+02:00;4fc446c41564
2026-10-10;treffort;ICONCH1;2026-10-10T17:00;10.9;19.6;341.0;14.4;0.0;70.0;23.0;59.0;0.0;70.0;44.905636;5.680298;502.0;2026-10-09T13:15:00+02:00;2026-10-09T14:01:44+02:00;4fc446c41564
2026-10-10;treffort;ICONCH1;2026-10-10T18:00;9.1;18.5;329.0;13.9;0.0;11.0;11.0;0.0;0.0;11.0;44.905636;5.680298;502.0;2026-10-09T13:15:00+02:00;2026-10-09T14:01:44+02:00;4fc446c41564
2026-10-10;treffort;ICONCH1;2026-10-10T19:00;7.4;15.4;319.0;13.2;0.0;8.0;8.0;0.0;0.0;8.0;44.905636;5.680298;502.0;2026-10-09T13:15:00+02:00;2026-10-09T14:01:44+02:00;4fc446c41564
2026-10-10;treffort;ICONCH1;2026-10-10T20:00;5.4;12.4;319.0;12.6;0.0;24.0;24.0;0.0;0.0;24.0;44.905636;5.680298;502.0;2026-10-09T13:15:00+02:00;2026-10-09T14:01:44+02:00;4fc446c41564
2026-10-10;vengeron;AROMEHD;2026-10-10T01:00;1.8;4.9;229.0;14.7;0.0;;100.0;49.0;100.0;100.0;46.25;6.17;0.0;2026-10-09T13:15:00+02:00;2026-10-09T14:01:44+02:00;4fc446c41564
2026-10-10;vengeron;AROMEHD;2026-10-10T02:00;2.4;5.1;241.0;14.5;0.0;;98.0;5.0;100.0;100.0;46.25;6.17;0.0;2026-10-09T13:15:00+02:00;2026-10-09T14:01:44+02:00;4fc446c41564
2026-10-10;vengeron;AROMEHD;2026-10-10T03:00;3.3;5.4;253.0;14.0;0.0;;93.0;9.0;100.0;100.0;46.25;6.17;0.0;2026-10-09T13:15:00+02:00;2026-10-09T14:01:44+02:00;4fc446c41564
2026-10-10;vengeron;AROMEHD;2026-10-10T04:00;4.2;6.4;254.0;13.3;0.0;;25.0;6.0;100.0;100.0;46.25;6.17;0.0;2026-10-09T13:15:00+02:00;2026-10-09T14:01:44+02:00;4fc446c41564
2026-10-10;vengeron;AROMEHD;2026-10-10T05:00;4.3;6.6;265.0;12.9;0.0;;97.0;100.0;100.0;100.0;46.25;6.17;0.0;2026-10-09T13:15:00+02:00;2026-10-09T14:01:44+02:00;4fc446c41564
2026-10-10;vengeron;AROMEHD;2026-10-10T06:00;4.7;7.4;251.0;12.7;0.3;;93.0;100.0;98.0;100.0;46.25;6.17;0.0;2026-10-09T13:15:00+02:00;2026-10-09T14:01:44+02:00;4fc446c41564
2026-10-10;vengeron;AROMEHD;2026-10-10T07:00;4.9;8.0;233.0;12.5;0.6;;100.0;100.0;100.0;100.0;46.25;6.17;0.0;2026-10-09T13:15:00+02:00;2026-10-09T14:01:44+02:00;4fc446c41564
2026-10-10;vengeron;AROMEHD;2026-10-10T08:00;4.2;7.2;202.0;12.8;0.1;;1.0;100.0;0.0;100.0;46.25;6.17;0.0;2026-10-09T13:15:00+02:00;2026-10-09T14:01:44+02:00;4fc446c41564
2026-10-10;vengeron;AROMEHD;2026-10-10T09:00;9.7;13.4;165.0;13.5;0.0;;0.0;100.0;31.0;100.0;46.25;6.17;0.0;2026-10-09T13:15:00+02:00;2026-10-09T14:01:44+02:00;4fc446c41564
2026-10-10;vengeron;AROMEHD;2026-10-10T10:00;7.7;13.4;171.0;13.7;0.0;;25.0;87.0;0.0;87.0;46.25;6.17;0.0;2026-10-09T13:15:00+02:00;2026-10-09T14:01:44+02:00;4fc446c41564
2026-10-10;vengeron;AROMEHD;2026-10-10T11:00;6.2;10.9;175.0;14.3;0.0;;100.0;100.0;0.0;100.0;46.25;6.17;0.0;2026-10-09T13:15:00+02:00;2026-10-09T14:01:44+02:00;4fc446c41564
2026-10-10;vengeron;AROMEHD;2026-10-10T12:00;3.4;9.3;211.0;14.9;0.0;;99.0;100.0;0.0;100.0;46.25;6.17;0.0;2026-10-09T13:15:00+02:00;2026-10-09T14:01:44+02:00;4fc446c41564
2026-10-10;vengeron;AROMEHD;2026-10-10T13:00;10.4;15.0;227.0;15.4;0.1;;100.0;100.0;0.0;100.0;46.25;6.17;0.0;2026-10-09T13:15:00+02:00;2026-10-09T14:01:44+02:00;4fc446c41564
2026-10-10;vengeron;AROMEHD;2026-10-10T14:00;10.0;14.8;212.0;16.1;0.3;;46.0;76.0;0.0;76.0;46.25;6.17;0.0;2026-10-09T13:15:00+02:00;2026-10-09T14:01:44+02:00;4fc446c41564
2026-10-10;vengeron;AROMEHD;2026-10-10T15:00;9.9;15.0;220.0;16.8;0.0;;100.0;100.0;23.0;100.0;46.25;6.17;0.0;2026-10-09T13:15:00+02:00;2026-10-09T14:01:44+02:00;4fc446c41564
2026-10-10;vengeron;AROMEHD;2026-10-10T16:00;11.8;16.9;234.0;17.0;0.1;;10.0;0.0;0.0;10.0;46.25;6.17;0.0;2026-10-09T13:15:00+02:00;2026-10-09T14:01:44+02:00;4fc446c41564
2026-10-10;vengeron;AROMEHD;2026-10-10T17:00;9.9;17.5;235.0;16.6;0.0;;0.0;0.0;0.0;0.0;46.25;6.17;0.0;2026-10-09T13:15:00+02:00;2026-10-09T14:01:44+02:00;4fc446c41564
2026-10-10;vengeron;AROMEHD;2026-10-10T18:00;9.1;14.2;230.0;16.7;0.0;;0.0;0.0;0.0;0.0;46.25;6.17;0.0;2026-10-09T13:15:00+02:00;2026-10-09T14:01:44+02:00;4fc446c41564
2026-10-10;vengeron;AROMEHD;2026-10-10T19:00;7.8;14.0;247.0;16.2;0.0;;100.0;100.0;0.0;100.0;46.25;6.17;0.0;2026-10-09T13:15:00+02:00;2026-10-09T14:01:44+02:00;4fc446c41564
2026-10-10;vengeron;AROMEHD;2026-10-10T20:00;9.3;13.0;217.0;15.6;0.0;;72.0;0.0;0.0;72.0;46.25;6.17;0.0;2026-10-09T13:15:00+02:00;2026-10-09T14:01:44+02:00;4fc446c41564
2026-10-10;vengeron;AROMEHD;2026-10-10T21:00;9.6;12.8;201.0;15.0;0.0;;0.0;0.0;0.0;0.0;46.25;6.17;0.0;2026-10-09T13:15:00+02:00;2026-10-09T14:01:44+02:00;4fc446c41564
2026-10-10;vengeron;AROMEHD;2026-10-10T22:00;7.5;14.2;231.0;14.0;0.0;;0.0;0.0;0.0;0.0;46.25;6.17;0.0;2026-10-09T13:15:00+02:00;2026-10-09T14:01:44+02:00;4fc446c41564
2026-10-10;vengeron;AROMEHD;2026-10-10T23:00;3.7;10.7;219.0;13.2;0.0;;0.0;0.0;0.0;0.0;46.25;6.17;0.0;2026-10-09T13:15:00+02:00;2026-10-09T14:01:44+02:00;4fc446c41564
2026-10-10;vengeron;AROMEHD;2026-10-11T00:00;4.9;7.2;198.0;13.2;0.0;;0.0;0.0;0.0;0.0;46.25;6.17;0.0;2026-10-09T13:15:00+02:00;2026-10-09T14:01:44+02:00;4fc446c41564
2026-10-10;vengeron;ICONCH1;2026-10-10T01:00;5.1;7.0;252.0;13.4;0.0;100.0;67.0;100.0;100.0;100.0;46.24517;6.166931;0.0;2026-10-09T13:15:00+02:00;2026-10-09T14:01:44+02:00;4fc446c41564
2026-10-10;vengeron;ICONCH1;2026-10-10T02:00;6.1;8.0;253.0;13.0;0.0;100.0;75.0;100.0;100.0;100.0;46.24517;6.166931;0.0;2026-10-09T13:15:00+02:00;2026-10-09T14:01:44+02:00;4fc446c41564
2026-10-10;vengeron;ICONCH1;2026-10-10T03:00;5.2;8.0;239.0;13.1;0.0;100.0;54.0;100.0;100.0;100.0;46.24517;6.166931;0.0;2026-10-09T13:15:00+02:00;2026-10-09T14:01:44+02:00;4fc446c41564
2026-10-10;vengeron;ICONCH1;2026-10-10T04:00;4.6;7.0;242.0;12.8;0.1;100.0;82.0;99.0;100.0;100.0;46.24517;6.166931;0.0;2026-10-09T13:15:00+02:00;2026-10-09T14:01:44+02:00;4fc446c41564
2026-10-10;vengeron;ICONCH1;2026-10-10T05:00;4.3;6.4;219.0;12.6;0.4;100.0;79.0;97.0;100.0;100.0;46.24517;6.166931;0.0;2026-10-09T13:15:00+02:00;2026-10-09T14:01:44+02:00;4fc446c41564
2026-10-10;vengeron;ICONCH1;2026-10-10T06:00;3.6;5.6;196.0;12.9;0.6;96.0;94.0;93.0;0.0;96.0;46.24517;6.166931;0.0;2026-10-09T13:15:00+02:00;2026-10-09T14:01:44+02:00;4fc446c41564
2026-10-10;vengeron;ICONCH1;2026-10-10T07:00;4.7;6.2;187.0;13.3;0.2;99.0;66.0;96.0;0.0;99.0;46.24517;6.166931;0.0;2026-10-09T13:15:00+02:00;2026-10-09T14:01:44+02:00;4fc446c41564
2026-10-10;vengeron;ICONCH1;2026-10-10T08:00;5.4;7.0;165.0;13.3;0.0;100.0;56.0;100.0;0.0;100.0;46.24517;6.166931;0.0;2026-10-09T13:15:00+02:00;2026-10-09T14:01:44+02:00;4fc446c41564
2026-10-10;vengeron;ICONCH1;2026-10-10T09:00;2.9;7.0;208.0;13.0;0.2;100.0;67.0;100.0;0.0;100.0;46.24517;6.166931;0.0;2026-10-09T13:15:00+02:00;2026-10-09T14:01:44+02:00;4fc446c41564
2026-10-10;vengeron;ICONCH1;2026-10-10T10:00;3.7;6.0;223.0;12.9;0.1;100.0;98.0;100.0;0.0;100.0;46.24517;6.166931;0.0;2026-10-09T13:15:00+02:00;2026-10-09T14:01:44+02:00;4fc446c41564
2026-10-10;vengeron;ICONCH1;2026-10-10T11:00;3.1;5.6;198.0;13.4;0.3;93.0;80.0;83.0;0.0;93.0;46.24517;6.166931;0.0;2026-10-09T13:15:00+02:00;2026-10-09T14:01:44+02:00;4fc446c41564
2026-10-10;vengeron;ICONCH1;2026-10-10T12:00;2.9;4.5;208.0;13.8;0.0;100.0;100.0;67.0;0.0;100.0;46.24517;6.166931;0.0;2026-10-09T13:15:00+02:00;2026-10-09T14:01:44+02:00;4fc446c41564
2026-10-10;vengeron;ICONCH1;2026-10-10T13:00;4.3;5.8;172.0;14.4;0.0;95.0;90.0;37.0;0.0;95.0;46.24517;6.166931;0.0;2026-10-09T13:15:00+02:00;2026-10-09T14:01:44+02:00;4fc446c41564
2026-10-10;vengeron;ICONCH1;2026-10-10T14:00;4.7;7.6;187.0;15.2;0.0;87.0;79.0;74.0;0.0;87.0;46.24517;6.166931;0.0;2026-10-09T13:15:00+02:00;2026-10-09T14:01:44+02:00;4fc446c41564
2026-10-10;vengeron;ICONCH1;2026-10-10T15:00;6.5;9.1;210.0;16.2;0.0;100.0;89.0;100.0;0.0;100.0;46.24517;6.166931;0.0;2026-10-09T13:15:00+02:00;2026-10-09T14:01:44+02:00;4fc446c41564
2026-10-10;vengeron;ICONCH1;2026-10-10T16:00;8.2;11.3;211.0;16.2;0.0;81.0;76.0;73.0;0.0;81.0;46.24517;6.166931;0.0;2026-10-09T13:15:00+02:00;2026-10-09T14:01:44+02:00;4fc446c41564
2026-10-10;vengeron;ICONCH1;2026-10-10T17:00;9.2;12.4;212.0;16.3;0.0;81.0;77.0;59.0;0.0;81.0;46.24517;6.166931;0.0;2026-10-09T13:15:00+02:00;2026-10-09T14:01:44+02:00;4fc446c41564
2026-10-10;vengeron;ICONCH1;2026-10-10T18:00;8.5;12.6;225.0;16.2;0.0;67.0;56.0;27.0;0.0;67.0;46.24517;6.166931;0.0;2026-10-09T13:15:00+02:00;2026-10-09T14:01:44+02:00;4fc446c41564
2026-10-10;vengeron;ICONCH1;2026-10-10T19:00;5.5;10.9;222.0;15.7;0.0;7.0;7.0;0.0;0.0;7.0;46.24517;6.166931;0.0;2026-10-09T13:15:00+02:00;2026-10-09T14:01:44+02:00;4fc446c41564
2026-10-10;vengeron;ICONCH1;2026-10-10T20:00;3.0;7.2;207.0;15.2;0.0;0.0;0.0;0.0;0.0;0.0;46.24517;6.166931;0.0;2026-10-09T13:15:00+02:00;2026-10-09T14:01:44+02:00;4fc446c41564
2026-10-10;wwmeyzieu;AROMEHD;2026-10-10T01:00;1.4;2.7;56.0;12.8;0.0;;42.0;48.0;100.0;100.0;45.78;4.9799995;0.0;2026-10-09T13:15:00+02:00;2026-10-09T14:01:44+02:00;4fc446c41564
2026-10-10;wwmeyzieu;AROMEHD;2026-10-10T02:00;2.3;2.7;42.0;12.4;0.0;;98.0;72.0;100.0;100.0;45.78;4.9799995;0.0;2026-10-09T13:15:00+02:00;2026-10-09T14:01:44+02:00;4fc446c41564
2026-10-10;wwmeyzieu;AROMEHD;2026-10-10T03:00;2.3;3.3;90.0;12.7;0.0;;100.0;17.0;100.0;100.0;45.78;4.9799995;0.0;2026-10-09T13:15:00+02:00;2026-10-09T14:01:44+02:00;4fc446c41564
2026-10-10;wwmeyzieu;AROMEHD;2026-10-10T04:00;3.0;4.5;130.0;13.2;0.0;;100.0;100.0;100.0;100.0;45.78;4.9799995;0.0;2026-10-09T13:15:00+02:00;2026-10-09T14:01:44+02:00;4fc446c41564
2026-10-10;wwmeyzieu;AROMEHD;2026-10-10T05:00;2.0;4.7;259.0;12.7;0.1;;100.0;100.0;28.0;100.0;45.78;4.9799995;0.0;2026-10-09T13:15:00+02:00;2026-10-09T14:01:44+02:00;4fc446c41564
2026-10-10;wwmeyzieu;AROMEHD;2026-10-10T06:00;2.7;3.7;274.0;11.9;1.4;;100.0;100.0;0.0;100.0;45.78;4.9799995;0.0;2026-10-09T13:15:00+02:00;2026-10-09T14:01:44+02:00;4fc446c41564
2026-10-10;wwmeyzieu;AROMEHD;2026-10-10T07:00;1.2;3.7;252.0;11.9;0.2;;100.0;100.0;0.0;100.0;45.78;4.9799995;0.0;2026-10-09T13:15:00+02:00;2026-10-09T14:01:44+02:00;4fc446c41564
2026-10-10;wwmeyzieu;AROMEHD;2026-10-10T08:00;0.5;1.9;225.0;12.2;0.0;;98.0;100.0;0.0;100.0;45.78;4.9799995;0.0;2026-10-09T13:15:00+02:00;2026-10-09T14:01:44+02:00;4fc446c41564
2026-10-10;wwmeyzieu;AROMEHD;2026-10-10T09:00;1.1;2.5;135.0;12.5;0.0;;3.0;100.0;0.0;100.0;45.78;4.9799995;0.0;2026-10-09T13:15:00+02:00;2026-10-09T14:01:44+02:00;4fc446c41564
2026-10-10;wwmeyzieu;AROMEHD;2026-10-10T10:00;1.6;3.1;173.0;12.7;0.0;;100.0;100.0;0.0;100.0;45.78;4.9799995;0.0;2026-10-09T13:15:00+02:00;2026-10-09T14:01:44+02:00;4fc446c41564
2026-10-10;wwmeyzieu;AROMEHD;2026-10-10T11:00;2.2;4.3;128.0;13.1;0.1;;100.0;100.0;0.0;100.0;45.78;4.9799995;0.0;2026-10-09T13:15:00+02:00;2026-10-09T14:01:44+02:00;4fc446c41564
2026-10-10;wwmeyzieu;AROMEHD;2026-10-10T12:00;2.0;4.3;96.0;13.4;0.3;;100.0;100.0;0.0;100.0;45.78;4.9799995;0.0;2026-10-09T13:15:00+02:00;2026-10-09T14:01:44+02:00;4fc446c41564
2026-10-10;wwmeyzieu;AROMEHD;2026-10-10T13:00;2.0;4.1;84.0;13.8;0.3;;97.0;27.0;0.0;97.0;45.78;4.9799995;0.0;2026-10-09T13:15:00+02:00;2026-10-09T14:01:44+02:00;4fc446c41564
2026-10-10;wwmeyzieu;AROMEHD;2026-10-10T14:00;1.5;4.9;113.0;14.8;0.0;;56.0;100.0;0.0;100.0;45.78;4.9799995;0.0;2026-10-09T13:15:00+02:00;2026-10-09T14:01:44+02:00;4fc446c41564
2026-10-10;wwmeyzieu;AROMEHD;2026-10-10T15:00;1.4;4.1;45.0;15.2;0.0;;100.0;3.0;0.0;100.0;45.78;4.9799995;0.0;2026-10-09T13:15:00+02:00;2026-10-09T14:01:44+02:00;4fc446c41564
2026-10-10;wwmeyzieu;AROMEHD;2026-10-10T16:00;2.0;6.2;84.0;15.5;0.0;;100.0;100.0;0.0;100.0;45.78;4.9799995;0.0;2026-10-09T13:15:00+02:00;2026-10-09T14:01:44+02:00;4fc446c41564
2026-10-10;wwmeyzieu;AROMEHD;2026-10-10T17:00;6.8;12.1;325.0;15.5;1.4;;100.0;0.0;0.0;100.0;45.78;4.9799995;0.0;2026-10-09T13:15:00+02:00;2026-10-09T14:01:44+02:00;4fc446c41564
2026-10-10;wwmeyzieu;AROMEHD;2026-10-10T18:00;4.5;14.4;317.0;14.7;0.0;;71.0;0.0;0.0;71.0;45.78;4.9799995;0.0;2026-10-09T13:15:00+02:00;2026-10-09T14:01:44+02:00;4fc446c41564
2026-10-10;wwmeyzieu;AROMEHD;2026-10-10T19:00;1.0;7.0;323.0;14.1;0.0;;3.0;0.0;0.0;3.0;45.78;4.9799995;0.0;2026-10-09T13:15:00+02:00;2026-10-09T14:01:44+02:00;4fc446c41564
2026-10-10;wwmeyzieu;AROMEHD;2026-10-10T20:00;1.6;1.7;284.0;12.9;0.0;;0.0;0.0;0.0;0.0;45.78;4.9799995;0.0;2026-10-09T13:15:00+02:00;2026-10-09T14:01:44+02:00;4fc446c41564
2026-10-10;wwmeyzieu;AROMEHD;2026-10-10T21:00;2.6;3.1;253.0;12.2;0.0;;0.0;0.0;0.0;0.0;45.78;4.9799995;0.0;2026-10-09T13:15:00+02:00;2026-10-09T14:01:44+02:00;4fc446c41564
2026-10-10;wwmeyzieu;AROMEHD;2026-10-10T22:00;4.0;4.9;256.0;11.4;0.0;;0.0;0.0;0.0;0.0;45.78;4.9799995;0.0;2026-10-09T13:15:00+02:00;2026-10-09T14:01:44+02:00;4fc446c41564
2026-10-10;wwmeyzieu;AROMEHD;2026-10-10T23:00;3.8;5.4;258.0;11.0;0.0;;0.0;0.0;0.0;0.0;45.78;4.9799995;0.0;2026-10-09T13:15:00+02:00;2026-10-09T14:01:44+02:00;4fc446c41564
2026-10-10;wwmeyzieu;AROMEHD;2026-10-11T00:00;3.1;4.7;240.0;10.6;0.0;;0.0;0.0;0.0;0.0;45.78;4.9799995;0.0;2026-10-09T13:15:00+02:00;2026-10-09T14:01:44+02:00;4fc446c41564
2026-10-10;wwmeyzieu;ICONCH1;2026-10-10T01:00;0.5;2.1;225.0;12.8;0.0;100.0;87.0;90.0;100.0;100.0;45.787823;4.9783936;0.0;2026-10-09T13:15:00+02:00;2026-10-09T14:01:44+02:00;4fc446c41564
2026-10-10;wwmeyzieu;ICONCH1;2026-10-10T02:00;1.6;2.5;166.0;12.7;0.0;100.0;100.0;100.0;100.0;100.0;45.787823;4.9783936;0.0;2026-10-09T13:15:00+02:00;2026-10-09T14:01:44+02:00;4fc446c41564
2026-10-10;wwmeyzieu;ICONCH1;2026-10-10T03:00;1.4;2.5;172.0;12.6;0.1;100.0;83.0;100.0;100.0;100.0;45.787823;4.9783936;0.0;2026-10-09T13:15:00+02:00;2026-10-09T14:01:44+02:00;4fc446c41564
2026-10-10;wwmeyzieu;ICONCH1;2026-10-10T04:00;1.1;2.3;149.0;12.3;0.6;100.0;97.0;96.0;100.0;100.0;45.787823;4.9783936;0.0;2026-10-09T13:15:00+02:00;2026-10-09T14:01:44+02:00;4fc446c41564
2026-10-10;wwmeyzieu;ICONCH1;2026-10-10T05:00;2.0;3.9;151.0;11.9;0.9;100.0;100.0;100.0;0.0;100.0;45.787823;4.9783936;0.0;2026-10-09T13:15:00+02:00;2026-10-09T14:01:44+02:00;4fc446c41564
2026-10-10;wwmeyzieu;ICONCH1;2026-10-10T06:00;2.5;5.4;135.0;11.8;0.2;100.0;100.0;73.0;0.0;100.0;45.787823;4.9783936;0.0;2026-10-09T13:15:00+02:00;2026-10-09T14:01:44+02:00;4fc446c41564
2026-10-10;wwmeyzieu;ICONCH1;2026-10-10T07:00;3.2;6.0;137.0;11.8;0.0;90.0;60.0;74.0;0.0;90.0;45.787823;4.9783936;0.0;2026-10-09T13:15:00+02:00;2026-10-09T14:01:44+02:00;4fc446c41564
2026-10-10;wwmeyzieu;ICONCH1;2026-10-10T08:00;2.3;5.6;156.0;11.7;0.1;100.0;95.0;100.0;0.0;100.0;45.787823;4.9783936;0.0;2026-10-09T13:15:00+02:00;2026-10-09T14:01:44+02:00;4fc446c41564
2026-10-10;wwmeyzieu;ICONCH1;2026-10-10T09:00;1.7;4.7;180.0;11.8;0.0;99.0;93.0;97.0;0.0;99.0;45.787823;4.9783936;0.0;2026-10-09T13:15:00+02:00;2026-10-09T14:01:44+02:00;4fc446c41564
2026-10-10;wwmeyzieu;ICONCH1;2026-10-10T10:00;2.6;5.1;153.0;12.2;0.0;100.0;84.0;100.0;0.0;100.0;45.787823;4.9783936;0.0;2026-10-09T13:15:00+02:00;2026-10-09T14:01:44+02:00;4fc446c41564
2026-10-10;wwmeyzieu;ICONCH1;2026-10-10T11:00;1.8;4.9;148.0;12.7;0.0;100.0;100.0;96.0;0.0;100.0;45.787823;4.9783936;0.0;2026-10-09T13:15:00+02:00;2026-10-09T14:01:44+02:00;4fc446c41564
2026-10-10;wwmeyzieu;ICONCH1;2026-10-10T12:00;2.5;6.2;148.0;13.6;0.0;97.0;68.0;88.0;0.0;97.0;45.787823;4.9783936;0.0;2026-10-09T13:15:00+02:00;2026-10-09T14:01:44+02:00;4fc446c41564
2026-10-10;wwmeyzieu;ICONCH1;2026-10-10T13:00;1.6;4.7;135.0;14.6;0.0;100.0;91.0;100.0;0.0;100.0;45.787823;4.9783936;0.0;2026-10-09T13:15:00+02:00;2026-10-09T14:01:44+02:00;4fc446c41564
2026-10-10;wwmeyzieu;ICONCH1;2026-10-10T14:00;1.9;3.5;156.0;15.6;0.0;99.0;71.0;95.0;0.0;99.0;45.787823;4.9783936;0.0;2026-10-09T13:15:00+02:00;2026-10-09T14:01:44+02:00;4fc446c41564
2026-10-10;wwmeyzieu;ICONCH1;2026-10-10T15:00;2.9;5.2;143.0;16.3;0.0;96.0;61.0;86.0;0.0;96.0;45.787823;4.9783936;0.0;2026-10-09T13:15:00+02:00;2026-10-09T14:01:44+02:00;4fc446c41564
2026-10-10;wwmeyzieu;ICONCH1;2026-10-10T16:00;3.6;6.6;131.0;16.9;0.0;95.0;38.0;90.0;0.0;95.0;45.787823;4.9783936;0.0;2026-10-09T13:15:00+02:00;2026-10-09T14:01:44+02:00;4fc446c41564
2026-10-10;wwmeyzieu;ICONCH1;2026-10-10T17:00;4.6;7.6;126.0;17.4;0.0;27.0;27.0;0.0;0.0;27.0;45.787823;4.9783936;0.0;2026-10-09T13:15:00+02:00;2026-10-09T14:01:44+02:00;4fc446c41564
2026-10-10;wwmeyzieu;ICONCH1;2026-10-10T18:00;4.4;8.0;119.0;17.3;0.0;84.0;46.0;67.0;0.0;84.0;45.787823;4.9783936;0.0;2026-10-09T13:15:00+02:00;2026-10-09T14:01:44+02:00;4fc446c41564
2026-10-10;wwmeyzieu;ICONCH1;2026-10-10T19:00;4.3;8.2;80.0;16.7;0.0;100.0;69.0;100.0;0.0;100.0;45.787823;4.9783936;0.0;2026-10-09T13:15:00+02:00;2026-10-09T14:01:44+02:00;4fc446c41564
2026-10-10;wwmeyzieu;ICONCH1;2026-10-10T20:00;1.4;7.2;124.0;16.3;0.0;93.0;86.0;41.0;0.0;93.0;45.787823;4.9783936;0.0;2026-10-09T13:15:00+02:00;2026-10-09T14:01:44+02:00;4fc446c41564
