target_day;spot_key;model_key;valid_at;wind_speed_10m_kn;wind_gusts_10m_kn;wind_direction_10m_deg;temperature_2m_c;precipitation_mm;cloud_cover_pct;cloud_cover_low_pct;cloud_cover_mid_pct;cloud_cover_high_pct;cloud_cover_max_pct;grid_latitude;grid_longitude;grid_elevation_m;collecte_run_id;collecte_fetched_at;collecte_commit
2026-10-07;cap_des_seselets;AROMEHD;2026-10-07T01:00;1.6;5.4;135.0;18.2;0.0;;0.0;0.0;100.0;100.0;45.66;5.879999;0.0;2026-10-06T19:15:00+02:00;2026-10-06T21:21:19+02:00;5a1a1f6bfa69
2026-10-07;cap_des_seselets;AROMEHD;2026-10-07T02:00;1.2;1.7;108.0;17.9;0.0;;0.0;0.0;100.0;100.0;45.66;5.879999;0.0;2026-10-06T19:15:00+02:00;2026-10-06T21:21:19+02:00;5a1a1f6bfa69
2026-10-07;cap_des_seselets;AROMEHD;2026-10-07T03:00;2.4;2.7;145.0;17.0;0.0;;0.0;0.0;100.0;100.0;45.66;5.879999;0.0;2026-10-06T19:15:00+02:00;2026-10-06T21:21:19+02:00;5a1a1f6bfa69
2026-10-07;cap_des_seselets;AROMEHD;2026-10-07T04:00;1.8;3.9;103.0;16.6;0.0;;0.0;0.0;100.0;100.0;45.66;5.879999;0.0;2026-10-06T19:15:00+02:00;2026-10-06T21:21:19+02:00;5a1a1f6bfa69
2026-10-07;cap_des_seselets;AROMEHD;2026-10-07T05:00;2.8;2.7;115.0;16.4;0.0;;0.0;0.0;100.0;100.0;45.66;5.879999;0.0;2026-10-06T19:15:00+02:00;2026-10-06T21:21:19+02:00;5a1a1f6bfa69
2026-10-07;cap_des_seselets;AROMEHD;2026-10-07T06:00;1.8;2.9;186.0;16.0;0.0;;0.0;0.0;100.0;100.0;45.66;5.879999;0.0;2026-10-06T19:15:00+02:00;2026-10-06T21:21:19+02:00;5a1a1f6bfa69
2026-10-07;cap_des_seselets;AROMEHD;2026-10-07T07:00;2.2;2.5;100.0;15.8;0.0;;0.0;0.0;100.0;100.0;45.66;5.879999;0.0;2026-10-06T19:15:00+02:00;2026-10-06T21:21:19+02:00;5a1a1f6bfa69
2026-10-07;cap_des_seselets;AROMEHD;2026-10-07T08:00;2.0;2.7;151.0;15.8;0.0;;0.0;1.0;100.0;100.0;45.66;5.879999;0.0;2026-10-06T19:15:00+02:00;2026-10-06T21:21:19+02:00;5a1a1f6bfa69
2026-10-07;cap_des_seselets;AROMEHD;2026-10-07T09:00;2.2;3.9;165.0;16.2;0.0;;0.0;100.0;100.0;100.0;45.66;5.879999;0.0;2026-10-06T19:15:00+02:00;2026-10-06T21:21:19+02:00;5a1a1f6bfa69
2026-10-07;cap_des_seselets;AROMEHD;2026-10-07T10:00;2.1;3.5;146.0;16.8;0.0;;0.0;100.0;100.0;100.0;45.66;5.879999;0.0;2026-10-06T19:15:00+02:00;2026-10-06T21:21:19+02:00;5a1a1f6bfa69
2026-10-07;cap_des_seselets;AROMEHD;2026-10-07T11:00;2.1;3.5;158.0;17.0;0.1;;0.0;100.0;100.0;100.0;45.66;5.879999;0.0;2026-10-06T19:15:00+02:00;2026-10-06T21:21:19+02:00;5a1a1f6bfa69
2026-10-07;cap_des_seselets;AROMEHD;2026-10-07T12:00;2.0;4.9;169.0;17.1;0.3;;0.0;100.0;100.0;100.0;45.66;5.879999;0.0;2026-10-06T19:15:00+02:00;2026-10-06T21:21:19+02:00;5a1a1f6bfa69
2026-10-07;cap_des_seselets;AROMEHD;2026-10-07T13:00;1.2;0.8;351.0;16.6;0.0;;0.0;100.0;100.0;100.0;45.66;5.879999;0.0;2026-10-06T19:15:00+02:00;2026-10-06T21:21:19+02:00;5a1a1f6bfa69
2026-10-07;cap_des_seselets;AROMEHD;2026-10-07T14:00;1.3;2.9;27.0;17.2;0.0;;0.0;100.0;100.0;100.0;45.66;5.879999;0.0;2026-10-06T19:15:00+02:00;2026-10-06T21:21:19+02:00;5a1a1f6bfa69
2026-10-07;cap_des_seselets;AROMEHD;2026-10-07T15:00;0.7;1.4;304.0;17.3;0.6;;1.0;100.0;100.0;100.0;45.66;5.879999;0.0;2026-10-06T19:15:00+02:00;2026-10-06T21:21:19+02:00;5a1a1f6bfa69
2026-10-07;cap_des_seselets;AROMEHD;2026-10-07T16:00;2.5;1.7;342.0;16.9;1.2;;1.0;100.0;100.0;100.0;45.66;5.879999;0.0;2026-10-06T19:15:00+02:00;2026-10-06T21:21:19+02:00;5a1a1f6bfa69
2026-10-07;cap_des_seselets;AROMEHD;2026-10-07T17:00;3.9;4.7;357.0;16.5;0.3;;3.0;100.0;100.0;100.0;45.66;5.879999;0.0;2026-10-06T19:15:00+02:00;2026-10-06T21:21:19+02:00;5a1a1f6bfa69
2026-10-07;cap_des_seselets;AROMEHD;2026-10-07T18:00;3.8;6.8;339.0;17.0;0.0;;0.0;100.0;100.0;100.0;45.66;5.879999;0.0;2026-10-06T19:15:00+02:00;2026-10-06T21:21:19+02:00;5a1a1f6bfa69
2026-10-07;cap_des_seselets;AROMEHD;2026-10-07T19:00;2.0;5.6;354.0;17.1;0.0;;0.0;0.0;100.0;100.0;45.66;5.879999;0.0;2026-10-06T19:15:00+02:00;2026-10-06T21:21:19+02:00;5a1a1f6bfa69
2026-10-07;cap_des_seselets;AROMEHD;2026-10-07T20:00;1.2;2.5;351.0;17.0;0.0;;0.0;49.0;100.0;100.0;45.66;5.879999;0.0;2026-10-06T19:15:00+02:00;2026-10-06T21:21:19+02:00;5a1a1f6bfa69
2026-10-07;cap_des_seselets;AROMEHD;2026-10-07T21:00;2.3;2.5;132.0;16.5;0.0;;0.0;63.0;100.0;100.0;45.66;5.879999;0.0;2026-10-06T19:15:00+02:00;2026-10-06T21:21:19+02:00;5a1a1f6bfa69
2026-10-07;cap_des_seselets;AROMEHD;2026-10-07T22:00;1.0;4.5;143.0;16.6;0.0;;1.0;65.0;100.0;100.0;45.66;5.879999;0.0;2026-10-06T19:15:00+02:00;2026-10-06T21:21:19+02:00;5a1a1f6bfa69
2026-10-07;cap_des_seselets;AROMEHD;2026-10-07T23:00;2.7;2.3;94.0;16.8;0.0;;21.0;100.0;100.0;100.0;45.66;5.879999;0.0;2026-10-06T19:15:00+02:00;2026-10-06T21:21:19+02:00;5a1a1f6bfa69
2026-10-07;cap_des_seselets;AROMEHD;2026-10-08T00:00;1.2;3.3;171.0;17.4;0.7;;0.0;100.0;100.0;100.0;45.66;5.879999;0.0;2026-10-06T19:15:00+02:00;2026-10-06T21:21:19+02:00;5a1a1f6bfa69
2026-10-07;cap_des_seselets;ICONCH1;2026-10-07T01:00;2.8;4.1;141.0;18.2;0.0;55.0;0.0;47.0;15.0;55.0;45.66424;5.878174;0.0;2026-10-06T19:15:00+02:00;2026-10-06T21:21:19+02:00;5a1a1f6bfa69
2026-10-07;cap_des_seselets;ICONCH1;2026-10-07T02:00;2.9;4.5;127.0;17.6;0.0;100.0;0.0;26.0;100.0;100.0;45.66424;5.878174;0.0;2026-10-06T19:15:00+02:00;2026-10-06T21:21:19+02:00;5a1a1f6bfa69
2026-10-07;cap_des_seselets;ICONCH1;2026-10-07T03:00;2.5;3.9;148.0;17.7;0.0;100.0;0.0;27.0;100.0;100.0;45.66424;5.878174;0.0;2026-10-06T19:15:00+02:00;2026-10-06T21:21:19+02:00;5a1a1f6bfa69
2026-10-07;cap_des_seselets;ICONCH1;2026-10-07T04:00;2.3;3.7;160.0;16.6;0.0;96.0;28.0;90.0;60.0;96.0;45.66424;5.878174;0.0;2026-10-06T19:15:00+02:00;2026-10-06T21:21:19+02:00;5a1a1f6bfa69
2026-10-07;cap_des_seselets;ICONCH1;2026-10-07T05:00;1.8;3.7;139.0;16.9;0.0;100.0;0.0;59.0;100.0;100.0;45.66424;5.878174;0.0;2026-10-06T19:15:00+02:00;2026-10-06T21:21:19+02:00;5a1a1f6bfa69
2026-10-07;cap_des_seselets;ICONCH1;2026-10-07T06:00;1.6;2.5;83.0;17.5;0.0;100.0;0.0;88.0;100.0;100.0;45.66424;5.878174;0.0;2026-10-06T19:15:00+02:00;2026-10-06T21:21:19+02:00;5a1a1f6bfa69
2026-10-07;cap_des_seselets;ICONCH1;2026-10-07T07:00;0.5;2.9;315.0;17.7;0.0;100.0;5.0;41.0;100.0;100.0;45.66424;5.878174;0.0;2026-10-06T19:15:00+02:00;2026-10-06T21:21:19+02:00;5a1a1f6bfa69
2026-10-07;cap_des_seselets;ICONCH1;2026-10-07T08:00;0.8;2.7;166.0;16.6;0.0;100.0;4.0;71.0;100.0;100.0;45.66424;5.878174;0.0;2026-10-06T19:15:00+02:00;2026-10-06T21:21:19+02:00;5a1a1f6bfa69
2026-10-07;cap_des_seselets;ICONCH1;2026-10-07T09:00;2.5;3.5;176.0;16.5;0.0;100.0;0.0;82.0;100.0;100.0;45.66424;5.878174;0.0;2026-10-06T19:15:00+02:00;2026-10-06T21:21:19+02:00;5a1a1f6bfa69
2026-10-07;cap_des_seselets;ICONCH1;2026-10-07T10:00;0.8;3.5;194.0;17.1;0.0;100.0;0.0;92.0;100.0;100.0;45.66424;5.878174;0.0;2026-10-06T19:15:00+02:00;2026-10-06T21:21:19+02:00;5a1a1f6bfa69
2026-10-07;cap_des_seselets;ICONCH1;2026-10-07T11:00;1.0;2.5;158.0;17.7;0.0;100.0;0.0;100.0;100.0;100.0;45.66424;5.878174;0.0;2026-10-06T19:15:00+02:00;2026-10-06T21:21:19+02:00;5a1a1f6bfa69
2026-10-07;cap_des_seselets;ICONCH1;2026-10-07T12:00;2.0;2.7;174.0;18.2;0.3;100.0;0.0;100.0;100.0;100.0;45.66424;5.878174;0.0;2026-10-06T19:15:00+02:00;2026-10-06T21:21:19+02:00;5a1a1f6bfa69
2026-10-07;cap_des_seselets;ICONCH1;2026-10-07T13:00;2.9;3.9;172.0;18.3;1.1;100.0;0.0;100.0;100.0;100.0;45.66424;5.878174;0.0;2026-10-06T19:15:00+02:00;2026-10-06T21:21:19+02:00;5a1a1f6bfa69
2026-10-07;cap_des_seselets;ICONCH1;2026-10-07T14:00;3.0;4.5;153.0;18.7;0.4;100.0;0.0;100.0;100.0;100.0;45.66424;5.878174;0.0;2026-10-06T19:15:00+02:00;2026-10-06T21:21:19+02:00;5a1a1f6bfa69
2026-10-07;cap_des_seselets;ICONCH1;2026-10-07T15:00;2.2;4.7;117.0;18.5;0.3;100.0;10.0;100.0;100.0;100.0;45.66424;5.878174;0.0;2026-10-06T19:15:00+02:00;2026-10-06T21:21:19+02:00;5a1a1f6bfa69
2026-10-07;cap_des_seselets;ICONCH1;2026-10-07T16:00;1.6;4.1;104.0;18.8;0.1;100.0;13.0;100.0;100.0;100.0;45.66424;5.878174;0.0;2026-10-06T19:15:00+02:00;2026-10-06T21:21:19+02:00;5a1a1f6bfa69
2026-10-07;cap_des_seselets;ICONCH1;2026-10-07T17:00;1.7;2.3;54.0;19.0;0.0;100.0;0.0;100.0;100.0;100.0;45.66424;5.878174;0.0;2026-10-06T19:15:00+02:00;2026-10-06T21:21:19+02:00;5a1a1f6bfa69
2026-10-07;cap_des_seselets;ICONCH1;2026-10-07T18:00;1.7;2.5;153.0;19.3;0.0;100.0;2.0;87.0;100.0;100.0;45.66424;5.878174;0.0;2026-10-06T19:15:00+02:00;2026-10-06T21:21:19+02:00;5a1a1f6bfa69
2026-10-07;cap_des_seselets;ICONCH1;2026-10-07T19:00;2.4;3.5;151.0;19.0;0.1;100.0;0.0;100.0;100.0;100.0;45.66424;5.878174;0.0;2026-10-06T19:15:00+02:00;2026-10-06T21:21:19+02:00;5a1a1f6bfa69
2026-10-07;cap_des_seselets;ICONCH1;2026-10-07T20:00;2.7;3.9;184.0;18.5;2.1;100.0;5.0;100.0;100.0;100.0;45.66424;5.878174;0.0;2026-10-06T19:15:00+02:00;2026-10-06T21:21:19+02:00;5a1a1f6bfa69
2026-10-07;cap_des_seselets;ICONCH1;2026-10-07T21:00;2.7;3.9;172.0;18.1;1.4;100.0;2.0;100.0;100.0;100.0;45.66424;5.878174;0.0;2026-10-06T19:15:00+02:00;2026-10-06T21:21:19+02:00;5a1a1f6bfa69
2026-10-07;cap_des_seselets;ICONCH1;2026-10-07T22:00;4.0;5.4;145.0;17.6;0.4;100.0;15.0;82.0;100.0;100.0;45.66424;5.878174;0.0;2026-10-06T19:15:00+02:00;2026-10-06T21:21:19+02:00;5a1a1f6bfa69
2026-10-07;cap_des_seselets;ICONCH1;2026-10-07T23:00;8.1;10.5;204.0;18.5;0.3;100.0;0.0;93.0;100.0;100.0;45.66424;5.878174;0.0;2026-10-06T19:15:00+02:00;2026-10-06T21:21:19+02:00;5a1a1f6bfa69
2026-10-07;cap_des_seselets;ICONCH1;2026-10-08T00:00;4.3;10.3;183.0;17.9;0.2;100.0;0.0;85.0;100.0;100.0;45.66424;5.878174;0.0;2026-10-06T19:15:00+02:00;2026-10-06T21:21:19+02:00;5a1a1f6bfa69
2026-10-07;excenevex;AROMEHD;2026-10-07T01:00;2.3;2.9;185.0;14.9;0.0;;0.0;0.0;0.0;0.0;46.35;6.369999;0.0;2026-10-06T19:15:00+02:00;2026-10-06T21:21:19+02:00;5a1a1f6bfa69
2026-10-07;excenevex;AROMEHD;2026-10-07T02:00;2.5;3.3;212.0;14.8;0.0;;0.0;0.0;95.0;95.0;46.35;6.369999;0.0;2026-10-06T19:15:00+02:00;2026-10-06T21:21:19+02:00;5a1a1f6bfa69
2026-10-07;excenevex;AROMEHD;2026-10-07T03:00;1.8;2.9;198.0;14.7;0.0;;0.0;0.0;100.0;100.0;46.35;6.369999;0.0;2026-10-06T19:15:00+02:00;2026-10-06T21:21:19+02:00;5a1a1f6bfa69
2026-10-07;excenevex;AROMEHD;2026-10-07T04:00;2.4;2.7;209.0;14.1;0.0;;0.0;0.0;90.0;90.0;46.35;6.369999;0.0;2026-10-06T19:15:00+02:00;2026-10-06T21:21:19+02:00;5a1a1f6bfa69
2026-10-07;excenevex;AROMEHD;2026-10-07T05:00;1.9;3.5;204.0;14.4;0.0;;0.0;0.0;100.0;100.0;46.35;6.369999;0.0;2026-10-06T19:15:00+02:00;2026-10-06T21:21:19+02:00;5a1a1f6bfa69
2026-10-07;excenevex;AROMEHD;2026-10-07T06:00;1.6;2.5;166.0;14.2;0.0;;0.0;0.0;100.0;100.0;46.35;6.369999;0.0;2026-10-06T19:15:00+02:00;2026-10-06T21:21:19+02:00;5a1a1f6bfa69
2026-10-07;excenevex;AROMEHD;2026-10-07T07:00;2.1;2.3;175.0;13.8;0.0;;0.0;0.0;100.0;100.0;46.35;6.369999;0.0;2026-10-06T19:15:00+02:00;2026-10-06T21:21:19+02:00;5a1a1f6bfa69
2026-10-07;excenevex;AROMEHD;2026-10-07T08:00;2.7;3.5;184.0;13.5;0.0;;0.0;47.0;100.0;100.0;46.35;6.369999;0.0;2026-10-06T19:15:00+02:00;2026-10-06T21:21:19+02:00;5a1a1f6bfa69
2026-10-07;excenevex;AROMEHD;2026-10-07T09:00;3.0;3.5;203.0;13.5;0.0;;0.0;10.0;100.0;100.0;46.35;6.369999;0.0;2026-10-06T19:15:00+02:00;2026-10-06T21:21:19+02:00;5a1a1f6bfa69
2026-10-07;excenevex;AROMEHD;2026-10-07T10:00;2.0;3.1;197.0;14.5;0.0;;0.0;23.0;100.0;100.0;46.35;6.369999;0.0;2026-10-06T19:15:00+02:00;2026-10-06T21:21:19+02:00;5a1a1f6bfa69
2026-10-07;excenevex;AROMEHD;2026-10-07T11:00;1.9;3.5;225.0;16.1;0.0;;0.0;56.0;100.0;100.0;46.35;6.369999;0.0;2026-10-06T19:15:00+02:00;2026-10-06T21:21:19+02:00;5a1a1f6bfa69
2026-10-07;excenevex;AROMEHD;2026-10-07T12:00;2.4;3.5;235.0;16.9;0.0;;0.0;100.0;100.0;100.0;46.35;6.369999;0.0;2026-10-06T19:15:00+02:00;2026-10-06T21:21:19+02:00;5a1a1f6bfa69
2026-10-07;excenevex;AROMEHD;2026-10-07T13:00;1.6;5.1;270.0;17.5;0.0;;0.0;100.0;100.0;100.0;46.35;6.369999;0.0;2026-10-06T19:15:00+02:00;2026-10-06T21:21:19+02:00;5a1a1f6bfa69
2026-10-07;excenevex;AROMEHD;2026-10-07T14:00;3.5;4.5;56.0;17.6;0.0;;0.0;100.0;100.0;100.0;46.35;6.369999;0.0;2026-10-06T19:15:00+02:00;2026-10-06T21:21:19+02:00;5a1a1f6bfa69
2026-10-07;excenevex;AROMEHD;2026-10-07T15:00;2.1;4.5;22.0;17.6;0.0;;0.0;100.0;100.0;100.0;46.35;6.369999;0.0;2026-10-06T19:15:00+02:00;2026-10-06T21:21:19+02:00;5a1a1f6bfa69
2026-10-07;excenevex;AROMEHD;2026-10-07T16:00;0.8;3.7;14.0;17.9;0.0;;0.0;100.0;0.0;100.0;46.35;6.369999;0.0;2026-10-06T19:15:00+02:00;2026-10-06T21:21:19+02:00;5a1a1f6bfa69
2026-10-07;excenevex;AROMEHD;2026-10-07T17:00;4.8;6.8;302.0;17.5;0.4;;3.0;100.0;100.0;100.0;46.35;6.369999;0.0;2026-10-06T19:15:00+02:00;2026-10-06T21:21:19+02:00;5a1a1f6bfa69
2026-10-07;excenevex;AROMEHD;2026-10-07T18:00;5.2;9.7;236.0;16.2;1.6;;37.0;100.0;100.0;100.0;46.35;6.369999;0.0;2026-10-06T19:15:00+02:00;2026-10-06T21:21:19+02:00;5a1a1f6bfa69
2026-10-07;excenevex;AROMEHD;2026-10-07T19:00;5.8;8.9;244.0;15.7;1.6;;98.0;100.0;100.0;100.0;46.35;6.369999;0.0;2026-10-06T19:15:00+02:00;2026-10-06T21:21:19+02:00;5a1a1f6bfa69
2026-10-07;excenevex;AROMEHD;2026-10-07T20:00;3.4;8.2;257.0;15.3;2.8;;41.0;100.0;100.0;100.0;46.35;6.369999;0.0;2026-10-06T19:15:00+02:00;2026-10-06T21:21:19+02:00;5a1a1f6bfa69
2026-10-07;excenevex;AROMEHD;2026-10-07T21:00;1.3;4.3;207.0;15.5;0.8;;100.0;100.0;100.0;100.0;46.35;6.369999;0.0;2026-10-06T19:15:00+02:00;2026-10-06T21:21:19+02:00;5a1a1f6bfa69
2026-10-07;excenevex;AROMEHD;2026-10-07T22:00;1.2;3.7;198.0;15.3;0.2;;96.0;93.0;100.0;100.0;46.35;6.369999;0.0;2026-10-06T19:15:00+02:00;2026-10-06T21:21:19+02:00;5a1a1f6bfa69
2026-10-07;excenevex;AROMEHD;2026-10-07T23:00;4.3;4.9;141.0;15.0;4.4;;17.0;100.0;100.0;100.0;46.35;6.369999;0.0;2026-10-06T19:15:00+02:00;2026-10-06T21:21:19+02:00;5a1a1f6bfa69
2026-10-07;excenevex;AROMEHD;2026-10-08T00:00;1.3;5.1;207.0;15.3;0.3;;100.0;100.0;100.0;100.0;46.35;6.369999;0.0;2026-10-06T19:15:00+02:00;2026-10-06T21:21:19+02:00;5a1a1f6bfa69
2026-10-07;excenevex;ICONCH1;2026-10-07T01:00;3.1;5.6;198.0;15.2;0.0;100.0;59.0;0.0;100.0;100.0;46.351723;6.3624268;0.0;2026-10-06T19:15:00+02:00;2026-10-06T21:21:19+02:00;5a1a1f6bfa69
2026-10-07;excenevex;ICONCH1;2026-10-07T02:00;2.0;4.3;209.0;15.3;0.0;71.0;53.0;4.0;34.0;71.0;46.351723;6.3624268;0.0;2026-10-06T19:15:00+02:00;2026-10-06T21:21:19+02:00;5a1a1f6bfa69
2026-10-07;excenevex;ICONCH1;2026-10-07T03:00;3.2;4.5;191.0;14.8;0.0;100.0;46.0;10.0;100.0;100.0;46.351723;6.3624268;0.0;2026-10-06T19:15:00+02:00;2026-10-06T21:21:19+02:00;5a1a1f6bfa69
2026-10-07;excenevex;ICONCH1;2026-10-07T04:00;3.3;4.9;216.0;15.4;0.0;90.0;53.0;22.0;71.0;90.0;46.351723;6.3624268;0.0;2026-10-06T19:15:00+02:00;2026-10-06T21:21:19+02:00;5a1a1f6bfa69
2026-10-07;excenevex;ICONCH1;2026-10-07T05:00;2.9;4.9;208.0;15.4;0.0;74.0;57.0;43.0;3.0;74.0;46.351723;6.3624268;0.0;2026-10-06T19:15:00+02:00;2026-10-06T21:21:19+02:00;5a1a1f6bfa69
2026-10-07;excenevex;ICONCH1;2026-10-07T06:00;2.7;4.3;201.0;15.0;0.0;83.0;23.0;71.0;0.0;83.0;46.351723;6.3624268;0.0;2026-10-06T19:15:00+02:00;2026-10-06T21:21:19+02:00;5a1a1f6bfa69
2026-10-07;excenevex;ICONCH1;2026-10-07T07:00;2.6;4.1;193.0;15.6;0.0;99.0;10.0;90.0;87.0;99.0;46.351723;6.3624268;0.0;2026-10-06T19:15:00+02:00;2026-10-06T21:21:19+02:00;5a1a1f6bfa69
2026-10-07;excenevex;ICONCH1;2026-10-07T08:00;2.2;4.9;207.0;15.9;0.0;100.0;7.0;69.0;100.0;100.0;46.351723;6.3624268;0.0;2026-10-06T19:15:00+02:00;2026-10-06T21:21:19+02:00;5a1a1f6bfa69
2026-10-07;excenevex;ICONCH1;2026-10-07T09:00;2.2;4.5;207.0;16.1;0.0;100.0;17.0;93.0;100.0;100.0;46.351723;6.3624268;0.0;2026-10-06T19:15:00+02:00;2026-10-06T21:21:19+02:00;5a1a1f6bfa69
2026-10-07;excenevex;ICONCH1;2026-10-07T10:00;0.9;3.3;207.0;16.8;0.0;100.0;20.0;37.0;100.0;100.0;46.351723;6.3624268;0.0;2026-10-06T19:15:00+02:00;2026-10-06T21:21:19+02:00;5a1a1f6bfa69
2026-10-07;excenevex;ICONCH1;2026-10-07T11:00;1.0;2.1;68.0;17.3;0.0;100.0;0.0;47.0;100.0;100.0;46.351723;6.3624268;0.0;2026-10-06T19:15:00+02:00;2026-10-06T21:21:19+02:00;5a1a1f6bfa69
2026-10-07;excenevex;ICONCH1;2026-10-07T12:00;1.3;2.5;63.0;17.8;0.0;100.0;0.0;95.0;100.0;100.0;46.351723;6.3624268;0.0;2026-10-06T19:15:00+02:00;2026-10-06T21:21:19+02:00;5a1a1f6bfa69
2026-10-07;excenevex;ICONCH1;2026-10-07T13:00;1.2;2.3;39.0;18.2;0.0;100.0;0.0;99.0;100.0;100.0;46.351723;6.3624268;0.0;2026-10-06T19:15:00+02:00;2026-10-06T21:21:19+02:00;5a1a1f6bfa69
2026-10-07;excenevex;ICONCH1;2026-10-07T14:00;3.3;4.9;242.0;19.9;0.0;100.0;30.0;100.0;100.0;100.0;46.351723;6.3624268;0.0;2026-10-06T19:15:00+02:00;2026-10-06T21:21:19+02:00;5a1a1f6bfa69
2026-10-07;excenevex;ICONCH1;2026-10-07T15:00;4.9;8.2;247.0;19.0;0.5;100.0;0.0;100.0;100.0;100.0;46.351723;6.3624268;0.0;2026-10-06T19:15:00+02:00;2026-10-06T21:21:19+02:00;5a1a1f6bfa69
2026-10-07;excenevex;ICONCH1;2026-10-07T16:00;5.3;7.6;242.0;18.8;0.3;100.0;0.0;100.0;100.0;100.0;46.351723;6.3624268;0.0;2026-10-06T19:15:00+02:00;2026-10-06T21:21:19+02:00;5a1a1f6bfa69
2026-10-07;excenevex;ICONCH1;2026-10-07T17:00;4.2;7.8;248.0;18.2;0.5;100.0;3.0;100.0;100.0;100.0;46.351723;6.3624268;0.0;2026-10-06T19:15:00+02:00;2026-10-06T21:21:19+02:00;5a1a1f6bfa69
2026-10-07;excenevex;ICONCH1;2026-10-07T18:00;3.1;5.8;263.0;17.9;0.3;100.0;42.0;95.0;100.0;100.0;46.351723;6.3624268;0.0;2026-10-06T19:15:00+02:00;2026-10-06T21:21:19+02:00;5a1a1f6bfa69
2026-10-07;excenevex;ICONCH1;2026-10-07T19:00;3.3;4.9;220.0;17.6;0.0;100.0;12.0;100.0;100.0;100.0;46.351723;6.3624268;0.0;2026-10-06T19:15:00+02:00;2026-10-06T21:21:19+02:00;5a1a1f6bfa69
2026-10-07;excenevex;ICONCH1;2026-10-07T20:00;2.9;5.1;208.0;17.2;0.0;100.0;4.0;100.0;100.0;100.0;46.351723;6.3624268;0.0;2026-10-06T19:15:00+02:00;2026-10-06T21:21:19+02:00;5a1a1f6bfa69
2026-10-07;excenevex;ICONCH1;2026-10-07T21:00;5.7;8.0;235.0;17.1;0.8;100.0;25.0;100.0;100.0;100.0;46.351723;6.3624268;0.0;2026-10-06T19:15:00+02:00;2026-10-06T21:21:19+02:00;5a1a1f6bfa69
2026-10-07;excenevex;ICONCH1;2026-10-07T22:00;5.4;9.7;229.0;16.6;0.9;100.0;12.0;100.0;100.0;100.0;46.351723;6.3624268;0.0;2026-10-06T19:15:00+02:00;2026-10-06T21:21:19+02:00;5a1a1f6bfa69
2026-10-07;excenevex;ICONCH1;2026-10-07T23:00;7.4;10.7;240.0;16.4;1.1;100.0;0.0;100.0;100.0;100.0;46.351723;6.3624268;0.0;2026-10-06T19:15:00+02:00;2026-10-06T21:21:19+02:00;5a1a1f6bfa69
2026-10-07;excenevex;ICONCH1;2026-10-08T00:00;6.8;10.5;231.0;16.3;0.7;100.0;39.0;90.0;100.0;100.0;46.351723;6.3624268;0.0;2026-10-06T19:15:00+02:00;2026-10-06T21:21:19+02:00;5a1a1f6bfa69
2026-10-07;hermance;AROMEHD;2026-10-07T01:00;3.9;5.2;213.0;17.8;0.0;;0.0;0.0;0.0;0.0;46.309998;6.24;0.0;2026-10-06T19:15:00+02:00;2026-10-06T21:21:19+02:00;5a1a1f6bfa69
2026-10-07;hermance;AROMEHD;2026-10-07T02:00;4.6;6.0;192.0;17.4;0.0;;0.0;0.0;100.0;100.0;46.309998;6.24;0.0;2026-10-06T19:15:00+02:00;2026-10-06T21:21:19+02:00;5a1a1f6bfa69
2026-10-07;hermance;AROMEHD;2026-10-07T03:00;1.0;6.0;338.0;16.9;0.0;;0.0;0.0;100.0;100.0;46.309998;6.24;0.0;2026-10-06T19:15:00+02:00;2026-10-06T21:21:19+02:00;5a1a1f6bfa69
2026-10-07;hermance;AROMEHD;2026-10-07T04:00;2.6;2.9;107.0;15.3;0.0;;0.0;0.0;12.0;12.0;46.309998;6.24;0.0;2026-10-06T19:15:00+02:00;2026-10-06T21:21:19+02:00;5a1a1f6bfa69
2026-10-07;hermance;AROMEHD;2026-10-07T05:00;3.1;3.7;94.0;14.7;0.0;;0.0;0.0;81.0;81.0;46.309998;6.24;0.0;2026-10-06T19:15:00+02:00;2026-10-06T21:21:19+02:00;5a1a1f6bfa69
2026-10-07;hermance;AROMEHD;2026-10-07T06:00;1.0;2.3;112.0;15.4;0.0;;0.0;0.0;100.0;100.0;46.309998;6.24;0.0;2026-10-06T19:15:00+02:00;2026-10-06T21:21:19+02:00;5a1a1f6bfa69
2026-10-07;hermance;AROMEHD;2026-10-07T07:00;2.9;3.7;152.0;14.7;0.0;;0.0;6.0;100.0;100.0;46.309998;6.24;0.0;2026-10-06T19:15:00+02:00;2026-10-06T21:21:19+02:00;5a1a1f6bfa69
2026-10-07;hermance;AROMEHD;2026-10-07T08:00;2.9;4.3;143.0;14.2;0.0;;0.0;75.0;100.0;100.0;46.309998;6.24;0.0;2026-10-06T19:15:00+02:00;2026-10-06T21:21:19+02:00;5a1a1f6bfa69
2026-10-07;hermance;AROMEHD;2026-10-07T09:00;3.0;3.7;153.0;14.8;0.0;;0.0;42.0;100.0;100.0;46.309998;6.24;0.0;2026-10-06T19:15:00+02:00;2026-10-06T21:21:19+02:00;5a1a1f6bfa69
2026-10-07;hermance;AROMEHD;2026-10-07T10:00;2.6;3.9;189.0;15.5;0.0;;0.0;88.0;100.0;100.0;46.309998;6.24;0.0;2026-10-06T19:15:00+02:00;2026-10-06T21:21:19+02:00;5a1a1f6bfa69
2026-10-07;hermance;AROMEHD;2026-10-07T11:00;3.8;5.4;204.0;16.6;0.0;;0.0;100.0;100.0;100.0;46.309998;6.24;0.0;2026-10-06T19:15:00+02:00;2026-10-06T21:21:19+02:00;5a1a1f6bfa69
2026-10-07;hermance;AROMEHD;2026-10-07T12:00;4.0;5.6;223.0;16.9;0.0;;0.0;100.0;100.0;100.0;46.309998;6.24;0.0;2026-10-06T19:15:00+02:00;2026-10-06T21:21:19+02:00;5a1a1f6bfa69
2026-10-07;hermance;AROMEHD;2026-10-07T13:00;2.4;6.4;235.0;17.5;0.0;;0.0;100.0;100.0;100.0;46.309998;6.24;0.0;2026-10-06T19:15:00+02:00;2026-10-06T21:21:19+02:00;5a1a1f6bfa69
2026-10-07;hermance;AROMEHD;2026-10-07T14:00;1.5;3.3;50.0;18.1;0.0;;0.0;100.0;100.0;100.0;46.309998;6.24;0.0;2026-10-06T19:15:00+02:00;2026-10-06T21:21:19+02:00;5a1a1f6bfa69
2026-10-07;hermance;AROMEHD;2026-10-07T15:00;2.5;2.7;337.0;18.3;0.0;;0.0;100.0;100.0;100.0;46.309998;6.24;0.0;2026-10-06T19:15:00+02:00;2026-10-06T21:21:19+02:00;5a1a1f6bfa69
2026-10-07;hermance;AROMEHD;2026-10-07T16:00;2.1;4.3;311.0;18.4;0.0;;0.0;100.0;68.0;100.0;46.309998;6.24;0.0;2026-10-06T19:15:00+02:00;2026-10-06T21:21:19+02:00;5a1a1f6bfa69
2026-10-07;hermance;AROMEHD;2026-10-07T17:00;1.4;4.9;254.0;17.3;1.2;;100.0;100.0;100.0;100.0;46.309998;6.24;0.0;2026-10-06T19:15:00+02:00;2026-10-06T21:21:19+02:00;5a1a1f6bfa69
2026-10-07;hermance;AROMEHD;2026-10-07T18:00;5.8;8.9;256.0;16.3;3.4;;47.0;100.0;100.0;100.0;46.309998;6.24;0.0;2026-10-06T19:15:00+02:00;2026-10-06T21:21:19+02:00;5a1a1f6bfa69
2026-10-07;hermance;AROMEHD;2026-10-07T19:00;5.8;8.0;249.0;15.6;4.1;;100.0;100.0;100.0;100.0;46.309998;6.24;0.0;2026-10-06T19:15:00+02:00;2026-10-06T21:21:19+02:00;5a1a1f6bfa69
2026-10-07;hermance;AROMEHD;2026-10-07T20:00;2.5;7.4;238.0;15.5;3.5;;97.0;100.0;100.0;100.0;46.309998;6.24;0.0;2026-10-06T19:15:00+02:00;2026-10-06T21:21:19+02:00;5a1a1f6bfa69
2026-10-07;hermance;AROMEHD;2026-10-07T21:00;5.4;7.0;300.0;15.6;0.7;;100.0;100.0;100.0;100.0;46.309998;6.24;0.0;2026-10-06T19:15:00+02:00;2026-10-06T21:21:19+02:00;5a1a1f6bfa69
2026-10-07;hermance;AROMEHD;2026-10-07T22:00;1.6;7.2;225.0;15.9;1.9;;100.0;97.0;100.0;100.0;46.309998;6.24;0.0;2026-10-06T19:15:00+02:00;2026-10-06T21:21:19+02:00;5a1a1f6bfa69
2026-10-07;hermance;AROMEHD;2026-10-07T23:00;2.7;6.0;180.0;15.5;4.8;;100.0;100.0;100.0;100.0;46.309998;6.24;0.0;2026-10-06T19:15:00+02:00;2026-10-06T21:21:19+02:00;5a1a1f6bfa69
2026-10-07;hermance;AROMEHD;2026-10-08T00:00;4.2;4.9;233.0;15.9;0.1;;100.0;100.0;100.0;100.0;46.309998;6.24;0.0;2026-10-06T19:15:00+02:00;2026-10-06T21:21:19+02:00;5a1a1f6bfa69
2026-10-07;hermance;ICONCH1;2026-10-07T01:00;3.7;5.2;174.0;16.4;0.0;100.0;30.0;20.0;100.0;100.0;46.30753;6.2349854;0.0;2026-10-06T19:15:00+02:00;2026-10-06T21:21:19+02:00;5a1a1f6bfa69
2026-10-07;hermance;ICONCH1;2026-10-07T02:00;2.4;4.9;189.0;16.8;0.0;46.0;46.0;0.0;2.0;46.0;46.30753;6.2349854;0.0;2026-10-06T19:15:00+02:00;2026-10-06T21:21:19+02:00;5a1a1f6bfa69
2026-10-07;hermance;ICONCH1;2026-10-07T03:00;1.2;3.3;189.0;16.6;0.0;100.0;61.0;20.0;100.0;100.0;46.30753;6.2349854;0.0;2026-10-06T19:15:00+02:00;2026-10-06T21:21:19+02:00;5a1a1f6bfa69
2026-10-07;hermance;ICONCH1;2026-10-07T04:00;3.0;4.1;148.0;15.7;0.0;97.0;73.0;12.0;87.0;97.0;46.30753;6.2349854;0.0;2026-10-06T19:15:00+02:00;2026-10-06T21:21:19+02:00;5a1a1f6bfa69
2026-10-07;hermance;ICONCH1;2026-10-07T05:00;2.8;4.3;164.0;15.7;0.0;77.0;57.0;50.0;0.0;77.0;46.30753;6.2349854;0.0;2026-10-06T19:15:00+02:00;2026-10-06T21:21:19+02:00;5a1a1f6bfa69
2026-10-07;hermance;ICONCH1;2026-10-07T06:00;2.3;3.9;156.0;15.7;0.0;93.0;40.0;84.0;0.0;93.0;46.30753;6.2349854;0.0;2026-10-06T19:15:00+02:00;2026-10-06T21:21:19+02:00;5a1a1f6bfa69
2026-10-07;hermance;ICONCH1;2026-10-07T07:00;2.1;3.3;158.0;15.9;0.0;100.0;24.0;100.0;77.0;100.0;46.30753;6.2349854;0.0;2026-10-06T19:15:00+02:00;2026-10-06T21:21:19+02:00;5a1a1f6bfa69
2026-10-07;hermance;ICONCH1;2026-10-07T08:00;2.2;4.5;153.0;15.9;0.0;100.0;14.0;74.0;100.0;100.0;46.30753;6.2349854;0.0;2026-10-06T19:15:00+02:00;2026-10-06T21:21:19+02:00;5a1a1f6bfa69
2026-10-07;hermance;ICONCH1;2026-10-07T09:00;2.0;4.5;163.0;16.1;0.0;100.0;0.0;85.0;100.0;100.0;46.30753;6.2349854;0.0;2026-10-06T19:15:00+02:00;2026-10-06T21:21:19+02:00;5a1a1f6bfa69
2026-10-07;hermance;ICONCH1;2026-10-07T10:00;2.3;3.5;228.0;16.6;0.0;100.0;9.0;62.0;100.0;100.0;46.30753;6.2349854;0.0;2026-10-06T19:15:00+02:00;2026-10-06T21:21:19+02:00;5a1a1f6bfa69
2026-10-07;hermance;ICONCH1;2026-10-07T11:00;2.1;3.3;236.0;17.1;0.0;100.0;11.0;78.0;100.0;100.0;46.30753;6.2349854;0.0;2026-10-06T19:15:00+02:00;2026-10-06T21:21:19+02:00;5a1a1f6bfa69
2026-10-07;hermance;ICONCH1;2026-10-07T12:00;1.5;2.9;230.0;17.7;0.0;100.0;0.0;98.0;100.0;100.0;46.30753;6.2349854;0.0;2026-10-06T19:15:00+02:00;2026-10-06T21:21:19+02:00;5a1a1f6bfa69
2026-10-07;hermance;ICONCH1;2026-10-07T13:00;2.3;3.1;239.0;18.3;0.0;100.0;0.0;100.0;100.0;100.0;46.30753;6.2349854;0.0;2026-10-06T19:15:00+02:00;2026-10-06T21:21:19+02:00;5a1a1f6bfa69
2026-10-07;hermance;ICONCH1;2026-10-07T14:00;5.1;7.6;217.0;18.7;0.1;100.0;0.0;100.0;100.0;100.0;46.30753;6.2349854;0.0;2026-10-06T19:15:00+02:00;2026-10-06T21:21:19+02:00;5a1a1f6bfa69
2026-10-07;hermance;ICONCH1;2026-10-07T15:00;4.5;6.8;211.0;18.7;0.5;100.0;0.0;100.0;100.0;100.0;46.30753;6.2349854;0.0;2026-10-06T19:15:00+02:00;2026-10-06T21:21:19+02:00;5a1a1f6bfa69
2026-10-07;hermance;ICONCH1;2026-10-07T16:00;3.9;6.2;217.0;18.7;0.4;100.0;3.0;100.0;100.0;100.0;46.30753;6.2349854;0.0;2026-10-06T19:15:00+02:00;2026-10-06T21:21:19+02:00;5a1a1f6bfa69
2026-10-07;hermance;ICONCH1;2026-10-07T17:00;3.3;5.8;242.0;18.4;0.9;100.0;64.0;99.0;100.0;100.0;46.30753;6.2349854;0.0;2026-10-06T19:15:00+02:00;2026-10-06T21:21:19+02:00;5a1a1f6bfa69
2026-10-07;hermance;ICONCH1;2026-10-07T18:00;2.1;5.4;275.0;18.1;0.8;100.0;42.0;100.0;100.0;100.0;46.30753;6.2349854;0.0;2026-10-06T19:15:00+02:00;2026-10-06T21:21:19+02:00;5a1a1f6bfa69
2026-10-07;hermance;ICONCH1;2026-10-07T19:00;3.3;4.9;216.0;18.3;0.0;100.0;43.0;95.0;100.0;100.0;46.30753;6.2349854;0.0;2026-10-06T19:15:00+02:00;2026-10-06T21:21:19+02:00;5a1a1f6bfa69
2026-10-07;hermance;ICONCH1;2026-10-07T20:00;4.3;5.6;177.0;17.9;0.0;100.0;37.0;98.0;100.0;100.0;46.30753;6.2349854;0.0;2026-10-06T19:15:00+02:00;2026-10-06T21:21:19+02:00;5a1a1f6bfa69
2026-10-07;hermance;ICONCH1;2026-10-07T21:00;8.2;10.5;211.0;17.9;1.1;100.0;17.0;100.0;100.0;100.0;46.30753;6.2349854;0.0;2026-10-06T19:15:00+02:00;2026-10-06T21:21:19+02:00;5a1a1f6bfa69
2026-10-07;hermance;ICONCH1;2026-10-07T22:00;9.5;15.0;221.0;17.1;2.2;100.0;35.0;100.0;100.0;100.0;46.30753;6.2349854;0.0;2026-10-06T19:15:00+02:00;2026-10-06T21:21:19+02:00;5a1a1f6bfa69
2026-10-07;hermance;ICONCH1;2026-10-07T23:00;9.4;13.0;220.0;16.9;2.3;100.0;34.0;100.0;100.0;100.0;46.30753;6.2349854;0.0;2026-10-06T19:15:00+02:00;2026-10-06T21:21:19+02:00;5a1a1f6bfa69
2026-10-07;hermance;ICONCH1;2026-10-08T00:00;9.3;12.4;219.0;17.2;0.8;100.0;46.0;94.0;100.0;100.0;46.30753;6.2349854;0.0;2026-10-06T19:15:00+02:00;2026-10-06T21:21:19+02:00;5a1a1f6bfa69
2026-10-07;loire_sur_rhone;AROMEHD;2026-10-07T01:00;5.4;15.2;165.0;19.0;0.0;;0.0;7.0;100.0;100.0;45.559998;4.8199997;170.0;2026-10-06T19:15:00+02:00;2026-10-06T21:21:19+02:00;5a1a1f6bfa69
2026-10-07;loire_sur_rhone;AROMEHD;2026-10-07T02:00;5.1;13.8;151.0;18.5;0.0;;0.0;5.0;100.0;100.0;45.559998;4.8199997;170.0;2026-10-06T19:15:00+02:00;2026-10-06T21:21:19+02:00;5a1a1f6bfa69
2026-10-07;loire_sur_rhone;AROMEHD;2026-10-07T03:00;3.4;12.6;170.0;18.4;0.0;;0.0;100.0;100.0;100.0;45.559998;4.8199997;170.0;2026-10-06T19:15:00+02:00;2026-10-06T21:21:19+02:00;5a1a1f6bfa69
2026-10-07;loire_sur_rhone;AROMEHD;2026-10-07T04:00;3.1;8.9;180.0;18.1;0.0;;0.0;98.0;100.0;100.0;45.559998;4.8199997;170.0;2026-10-06T19:15:00+02:00;2026-10-06T21:21:19+02:00;5a1a1f6bfa69
2026-10-07;loire_sur_rhone;AROMEHD;2026-10-07T05:00;1.7;6.6;144.0;17.7;0.0;;0.0;63.0;100.0;100.0;45.559998;4.8199997;170.0;2026-10-06T19:15:00+02:00;2026-10-06T21:21:19+02:00;5a1a1f6bfa69
2026-10-07;loire_sur_rhone;AROMEHD;2026-10-07T06:00;0.6;3.7;90.0;17.2;0.0;;0.0;100.0;100.0;100.0;45.559998;4.8199997;170.0;2026-10-06T19:15:00+02:00;2026-10-06T21:21:19+02:00;5a1a1f6bfa69
2026-10-07;loire_sur_rhone;AROMEHD;2026-10-07T07:00;0.8;0.8;135.0;17.1;0.0;;0.0;100.0;100.0;100.0;45.559998;4.8199997;170.0;2026-10-06T19:15:00+02:00;2026-10-06T21:21:19+02:00;5a1a1f6bfa69
2026-10-07;loire_sur_rhone;AROMEHD;2026-10-07T08:00;2.1;4.7;146.0;17.3;0.0;;0.0;100.0;100.0;100.0;45.559998;4.8199997;170.0;2026-10-06T19:15:00+02:00;2026-10-06T21:21:19+02:00;5a1a1f6bfa69
2026-10-07;loire_sur_rhone;AROMEHD;2026-10-07T09:00;3.2;7.8;147.0;17.4;0.2;;0.0;100.0;100.0;100.0;45.559998;4.8199997;170.0;2026-10-06T19:15:00+02:00;2026-10-06T21:21:19+02:00;5a1a1f6bfa69
2026-10-07;loire_sur_rhone;AROMEHD;2026-10-07T10:00;5.0;11.7;159.0;17.5;0.2;;0.0;100.0;100.0;100.0;45.559998;4.8199997;170.0;2026-10-06T19:15:00+02:00;2026-10-06T21:21:19+02:00;5a1a1f6bfa69
2026-10-07;loire_sur_rhone;AROMEHD;2026-10-07T11:00;5.1;11.5;143.0;17.1;0.5;;98.0;100.0;100.0;100.0;45.559998;4.8199997;170.0;2026-10-06T19:15:00+02:00;2026-10-06T21:21:19+02:00;5a1a1f6bfa69
2026-10-07;loire_sur_rhone;AROMEHD;2026-10-07T12:00;2.5;11.3;122.0;17.0;0.8;;1.0;100.0;100.0;100.0;45.559998;4.8199997;170.0;2026-10-06T19:15:00+02:00;2026-10-06T21:21:19+02:00;5a1a1f6bfa69
2026-10-07;loire_sur_rhone;AROMEHD;2026-10-07T13:00;1.1;5.8;135.0;17.6;0.6;;37.0;100.0;0.0;100.0;45.559998;4.8199997;170.0;2026-10-06T19:15:00+02:00;2026-10-06T21:21:19+02:00;5a1a1f6bfa69
2026-10-07;loire_sur_rhone;AROMEHD;2026-10-07T14:00;2.8;6.2;141.0;18.1;0.4;;96.0;100.0;0.0;100.0;45.559998;4.8199997;170.0;2026-10-06T19:15:00+02:00;2026-10-06T21:21:19+02:00;5a1a1f6bfa69
2026-10-07;loire_sur_rhone;AROMEHD;2026-10-07T15:00;5.3;10.7;126.0;18.2;0.2;;100.0;100.0;100.0;100.0;45.559998;4.8199997;170.0;2026-10-06T19:15:00+02:00;2026-10-06T21:21:19+02:00;5a1a1f6bfa69
2026-10-07;loire_sur_rhone;AROMEHD;2026-10-07T16:00;6.8;14.0;141.0;17.8;0.3;;29.0;100.0;96.0;100.0;45.559998;4.8199997;170.0;2026-10-06T19:15:00+02:00;2026-10-06T21:21:19+02:00;5a1a1f6bfa69
2026-10-07;loire_sur_rhone;AROMEHD;2026-10-07T17:00;7.6;16.1;151.0;17.8;0.0;;5.0;66.0;100.0;100.0;45.559998;4.8199997;170.0;2026-10-06T19:15:00+02:00;2026-10-06T21:21:19+02:00;5a1a1f6bfa69
2026-10-07;loire_sur_rhone;AROMEHD;2026-10-07T18:00;7.3;17.7;158.0;17.8;0.0;;48.0;100.0;100.0;100.0;45.559998;4.8199997;170.0;2026-10-06T19:15:00+02:00;2026-10-06T21:21:19+02:00;5a1a1f6bfa69
2026-10-07;loire_sur_rhone;AROMEHD;2026-10-07T19:00;7.8;18.5;176.0;17.4;0.1;;5.0;100.0;100.0;100.0;45.559998;4.8199997;170.0;2026-10-06T19:15:00+02:00;2026-10-06T21:21:19+02:00;5a1a1f6bfa69
2026-10-07;loire_sur_rhone;AROMEHD;2026-10-07T20:00;6.7;17.7;168.0;17.3;0.5;;1.0;100.0;100.0;100.0;45.559998;4.8199997;170.0;2026-10-06T19:15:00+02:00;2026-10-06T21:21:19+02:00;5a1a1f6bfa69
2026-10-07;loire_sur_rhone;AROMEHD;2026-10-07T21:00;8.1;18.3;172.0;17.5;0.1;;0.0;100.0;100.0;100.0;45.559998;4.8199997;170.0;2026-10-06T19:15:00+02:00;2026-10-06T21:21:19+02:00;5a1a1f6bfa69
2026-10-07;loire_sur_rhone;AROMEHD;2026-10-07T22:00;9.9;21.2;176.0;17.7;0.0;;94.0;100.0;100.0;100.0;45.559998;4.8199997;170.0;2026-10-06T19:15:00+02:00;2026-10-06T21:21:19+02:00;5a1a1f6bfa69
2026-10-07;loire_sur_rhone;AROMEHD;2026-10-07T23:00;8.0;22.5;167.0;17.5;0.3;;1.0;100.0;100.0;100.0;45.559998;4.8199997;170.0;2026-10-06T19:15:00+02:00;2026-10-06T21:21:19+02:00;5a1a1f6bfa69
2026-10-07;loire_sur_rhone;AROMEHD;2026-10-08T00:00;9.4;19.6;175.0;17.2;0.0;;49.0;100.0;100.0;100.0;45.559998;4.8199997;170.0;2026-10-06T19:15:00+02:00;2026-10-06T21:21:19+02:00;5a1a1f6bfa69
2026-10-07;loire_sur_rhone;ICONCH1;2026-10-07T01:00;13.8;24.1;180.0;17.5;0.0;100.0;0.0;30.0;100.0;100.0;45.550514;4.828491;200.0;2026-10-06T19:15:00+02:00;2026-10-06T21:21:19+02:00;5a1a1f6bfa69
2026-10-07;loire_sur_rhone;ICONCH1;2026-10-07T02:00;15.2;25.9;179.0;17.4;0.0;100.0;0.0;83.0;100.0;100.0;45.550514;4.828491;200.0;2026-10-06T19:15:00+02:00;2026-10-06T21:21:19+02:00;5a1a1f6bfa69
2026-10-07;loire_sur_rhone;ICONCH1;2026-10-07T03:00;14.6;26.2;178.0;17.1;0.0;99.0;0.0;87.0;94.0;99.0;45.550514;4.828491;200.0;2026-10-06T19:15:00+02:00;2026-10-06T21:21:19+02:00;5a1a1f6bfa69
2026-10-07;loire_sur_rhone;ICONCH1;2026-10-07T04:00;13.6;24.5;178.0;16.9;0.0;100.0;0.0;86.0;100.0;100.0;45.550514;4.828491;200.0;2026-10-06T19:15:00+02:00;2026-10-06T21:21:19+02:00;5a1a1f6bfa69
2026-10-07;loire_sur_rhone;ICONCH1;2026-10-07T05:00;13.7;23.7;174.0;16.8;0.0;100.0;0.0;78.0;100.0;100.0;45.550514;4.828491;200.0;2026-10-06T19:15:00+02:00;2026-10-06T21:21:19+02:00;5a1a1f6bfa69
2026-10-07;loire_sur_rhone;ICONCH1;2026-10-07T06:00;12.5;24.1;176.0;16.7;0.0;100.0;0.0;73.0;100.0;100.0;45.550514;4.828491;200.0;2026-10-06T19:15:00+02:00;2026-10-06T21:21:19+02:00;5a1a1f6bfa69
2026-10-07;loire_sur_rhone;ICONCH1;2026-10-07T07:00;10.5;21.4;180.0;16.8;0.0;100.0;0.0;99.0;100.0;100.0;45.550514;4.828491;200.0;2026-10-06T19:15:00+02:00;2026-10-06T21:21:19+02:00;5a1a1f6bfa69
2026-10-07;loire_sur_rhone;ICONCH1;2026-10-07T08:00;12.1;21.4;174.0;16.8;0.0;100.0;0.0;100.0;100.0;100.0;45.550514;4.828491;200.0;2026-10-06T19:15:00+02:00;2026-10-06T21:21:19+02:00;5a1a1f6bfa69
2026-10-07;loire_sur_rhone;ICONCH1;2026-10-07T09:00;11.6;23.3;170.0;17.0;0.1;100.0;0.0;100.0;100.0;100.0;45.550514;4.828491;200.0;2026-10-06T19:15:00+02:00;2026-10-06T21:21:19+02:00;5a1a1f6bfa69
2026-10-07;loire_sur_rhone;ICONCH1;2026-10-07T10:00;13.8;21.8;170.0;17.3;0.3;100.0;0.0;100.0;100.0;100.0;45.550514;4.828491;200.0;2026-10-06T19:15:00+02:00;2026-10-06T21:21:19+02:00;5a1a1f6bfa69
2026-10-07;loire_sur_rhone;ICONCH1;2026-10-07T11:00;12.6;22.5;163.0;17.1;1.2;100.0;6.0;100.0;100.0;100.0;45.550514;4.828491;200.0;2026-10-06T19:15:00+02:00;2026-10-06T21:21:19+02:00;5a1a1f6bfa69
2026-10-07;loire_sur_rhone;ICONCH1;2026-10-07T12:00;12.2;21.0;153.0;17.2;2.3;100.0;32.0;100.0;100.0;100.0;45.550514;4.828491;200.0;2026-10-06T19:15:00+02:00;2026-10-06T21:21:19+02:00;5a1a1f6bfa69
2026-10-07;loire_sur_rhone;ICONCH1;2026-10-07T13:00;13.1;21.0;151.0;17.6;0.6;100.0;25.0;100.0;100.0;100.0;45.550514;4.828491;200.0;2026-10-06T19:15:00+02:00;2026-10-06T21:21:19+02:00;5a1a1f6bfa69
2026-10-07;loire_sur_rhone;ICONCH1;2026-10-07T14:00;13.0;23.1;161.0;18.1;0.2;100.0;49.0;90.0;92.0;100.0;45.550514;4.828491;200.0;2026-10-06T19:15:00+02:00;2026-10-06T21:21:19+02:00;5a1a1f6bfa69
2026-10-07;loire_sur_rhone;ICONCH1;2026-10-07T15:00;13.3;22.7;162.0;19.0;0.0;100.0;43.0;67.0;100.0;100.0;45.550514;4.828491;200.0;2026-10-06T19:15:00+02:00;2026-10-06T21:21:19+02:00;5a1a1f6bfa69
2026-10-07;loire_sur_rhone;ICONCH1;2026-10-07T16:00;13.9;22.7;165.0;20.0;0.0;100.0;20.0;32.0;100.0;100.0;45.550514;4.828491;200.0;2026-10-06T19:15:00+02:00;2026-10-06T21:21:19+02:00;5a1a1f6bfa69
2026-10-07;loire_sur_rhone;ICONCH1;2026-10-07T17:00;14.2;22.9;171.0;20.2;0.0;100.0;11.0;67.0;100.0;100.0;45.550514;4.828491;200.0;2026-10-06T19:15:00+02:00;2026-10-06T21:21:19+02:00;5a1a1f6bfa69
2026-10-07;loire_sur_rhone;ICONCH1;2026-10-07T18:00;16.2;25.9;176.0;19.9;0.0;100.0;7.0;47.0;100.0;100.0;45.550514;4.828491;200.0;2026-10-06T19:15:00+02:00;2026-10-06T21:21:19+02:00;5a1a1f6bfa69
2026-10-07;loire_sur_rhone;ICONCH1;2026-10-07T19:00;15.2;28.2;174.0;19.3;0.0;100.0;30.0;100.0;100.0;100.0;45.550514;4.828491;200.0;2026-10-06T19:15:00+02:00;2026-10-06T21:21:19+02:00;5a1a1f6bfa69
2026-10-07;loire_sur_rhone;ICONCH1;2026-10-07T20:00;10.2;26.4;185.0;18.0;3.1;100.0;64.0;100.0;100.0;100.0;45.550514;4.828491;200.0;2026-10-06T19:15:00+02:00;2026-10-06T21:21:19+02:00;5a1a1f6bfa69
2026-10-07;loire_sur_rhone;ICONCH1;2026-10-07T21:00;9.8;21.0;173.0;17.3;7.5;100.0;59.0;100.0;100.0;100.0;45.550514;4.828491;200.0;2026-10-06T19:15:00+02:00;2026-10-06T21:21:19+02:00;5a1a1f6bfa69
2026-10-07;loire_sur_rhone;ICONCH1;2026-10-07T22:00;14.8;24.5;181.0;16.8;0.9;100.0;0.0;100.0;100.0;100.0;45.550514;4.828491;200.0;2026-10-06T19:15:00+02:00;2026-10-06T21:21:19+02:00;5a1a1f6bfa69
2026-10-07;loire_sur_rhone;ICONCH1;2026-10-07T23:00;15.2;26.2;184.0;16.4;0.3;100.0;80.0;100.0;100.0;100.0;45.550514;4.828491;200.0;2026-10-06T19:15:00+02:00;2026-10-06T21:21:19+02:00;5a1a1f6bfa69
2026-10-07;loire_sur_rhone;ICONCH1;2026-10-08T00:00;9.7;25.9;200.0;16.3;0.3;100.0;77.0;100.0;100.0;100.0;45.550514;4.828491;200.0;2026-10-06T19:15:00+02:00;2026-10-06T21:21:19+02:00;5a1a1f6bfa69
2026-10-07;messery;AROMEHD;2026-10-07T01:00;2.4;4.9;261.0;17.7;0.0;;1.0;0.0;0.0;1.0;46.35;6.2700005;0.0;2026-10-06T19:15:00+02:00;2026-10-06T21:21:19+02:00;5a1a1f6bfa69
2026-10-07;messery;AROMEHD;2026-10-07T02:00;2.8;3.9;168.0;16.3;0.0;;0.0;0.0;100.0;100.0;46.35;6.2700005;0.0;2026-10-06T19:15:00+02:00;2026-10-06T21:21:19+02:00;5a1a1f6bfa69
2026-10-07;messery;AROMEHD;2026-10-07T03:00;0.7;4.9;124.0;16.4;0.0;;0.0;0.0;100.0;100.0;46.35;6.2700005;0.0;2026-10-06T19:15:00+02:00;2026-10-06T21:21:19+02:00;5a1a1f6bfa69
2026-10-07;messery;AROMEHD;2026-10-07T04:00;2.3;3.7;132.0;15.1;0.0;;0.0;0.0;3.0;3.0;46.35;6.2700005;0.0;2026-10-06T19:15:00+02:00;2026-10-06T21:21:19+02:00;5a1a1f6bfa69
2026-10-07;messery;AROMEHD;2026-10-07T05:00;2.5;3.1;94.0;15.0;0.0;;0.0;0.0;97.0;97.0;46.35;6.2700005;0.0;2026-10-06T19:15:00+02:00;2026-10-06T21:21:19+02:00;5a1a1f6bfa69
2026-10-07;messery;AROMEHD;2026-10-07T06:00;1.2;3.1;129.0;14.8;0.0;;0.0;0.0;100.0;100.0;46.35;6.2700005;0.0;2026-10-06T19:15:00+02:00;2026-10-06T21:21:19+02:00;5a1a1f6bfa69
2026-10-07;messery;AROMEHD;2026-10-07T07:00;1.3;2.3;153.0;15.0;0.0;;0.0;5.0;100.0;100.0;46.35;6.2700005;0.0;2026-10-06T19:15:00+02:00;2026-10-06T21:21:19+02:00;5a1a1f6bfa69
2026-10-07;messery;AROMEHD;2026-10-07T08:00;2.5;3.7;162.0;14.5;0.0;;0.0;96.0;100.0;100.0;46.35;6.2700005;0.0;2026-10-06T19:15:00+02:00;2026-10-06T21:21:19+02:00;5a1a1f6bfa69
2026-10-07;messery;AROMEHD;2026-10-07T09:00;1.0;3.5;248.0;15.8;0.0;;0.0;45.0;100.0;100.0;46.35;6.2700005;0.0;2026-10-06T19:15:00+02:00;2026-10-06T21:21:19+02:00;5a1a1f6bfa69
2026-10-07;messery;AROMEHD;2026-10-07T10:00;1.6;4.1;225.0;16.0;0.0;;0.0;100.0;100.0;100.0;46.35;6.2700005;0.0;2026-10-06T19:15:00+02:00;2026-10-06T21:21:19+02:00;5a1a1f6bfa69
2026-10-07;messery;AROMEHD;2026-10-07T11:00;3.9;5.6;213.0;16.4;0.0;;0.0;95.0;100.0;100.0;46.35;6.2700005;0.0;2026-10-06T19:15:00+02:00;2026-10-06T21:21:19+02:00;5a1a1f6bfa69
2026-10-07;messery;AROMEHD;2026-10-07T12:00;4.6;6.2;216.0;17.0;0.0;;0.0;100.0;100.0;100.0;46.35;6.2700005;0.0;2026-10-06T19:15:00+02:00;2026-10-06T21:21:19+02:00;5a1a1f6bfa69
2026-10-07;messery;AROMEHD;2026-10-07T13:00;3.0;7.4;220.0;17.5;0.0;;0.0;100.0;100.0;100.0;46.35;6.2700005;0.0;2026-10-06T19:15:00+02:00;2026-10-06T21:21:19+02:00;5a1a1f6bfa69
2026-10-07;messery;AROMEHD;2026-10-07T14:00;1.0;4.3;79.0;17.9;0.0;;0.0;100.0;100.0;100.0;46.35;6.2700005;0.0;2026-10-06T19:15:00+02:00;2026-10-06T21:21:19+02:00;5a1a1f6bfa69
2026-10-07;messery;AROMEHD;2026-10-07T15:00;1.4;3.3;360.0;18.6;0.0;;0.0;100.0;100.0;100.0;46.35;6.2700005;0.0;2026-10-06T19:15:00+02:00;2026-10-06T21:21:19+02:00;5a1a1f6bfa69
2026-10-07;messery;AROMEHD;2026-10-07T16:00;2.1;4.5;22.0;18.3;0.0;;0.0;100.0;0.0;100.0;46.35;6.2700005;0.0;2026-10-06T19:15:00+02:00;2026-10-06T21:21:19+02:00;5a1a1f6bfa69
2026-10-07;messery;AROMEHD;2026-10-07T17:00;1.0;4.5;259.0;17.0;1.2;;98.0;100.0;100.0;100.0;46.35;6.2700005;0.0;2026-10-06T19:15:00+02:00;2026-10-06T21:21:19+02:00;5a1a1f6bfa69
2026-10-07;messery;AROMEHD;2026-10-07T18:00;6.6;10.1;246.0;16.4;2.8;;10.0;100.0;100.0;100.0;46.35;6.2700005;0.0;2026-10-06T19:15:00+02:00;2026-10-06T21:21:19+02:00;5a1a1f6bfa69
2026-10-07;messery;AROMEHD;2026-10-07T19:00;6.4;9.7;245.0;15.7;3.6;;100.0;100.0;100.0;100.0;46.35;6.2700005;0.0;2026-10-06T19:15:00+02:00;2026-10-06T21:21:19+02:00;5a1a1f6bfa69
2026-10-07;messery;AROMEHD;2026-10-07T20:00;3.4;8.7;227.0;15.5;3.9;;100.0;100.0;100.0;100.0;46.35;6.2700005;0.0;2026-10-06T19:15:00+02:00;2026-10-06T21:21:19+02:00;5a1a1f6bfa69
2026-10-07;messery;AROMEHD;2026-10-07T21:00;3.9;6.0;311.0;15.4;1.0;;100.0;100.0;100.0;100.0;46.35;6.2700005;0.0;2026-10-06T19:15:00+02:00;2026-10-06T21:21:19+02:00;5a1a1f6bfa69
2026-10-07;messery;AROMEHD;2026-10-07T22:00;1.5;7.0;247.0;15.6;2.8;;100.0;94.0;100.0;100.0;46.35;6.2700005;0.0;2026-10-06T19:15:00+02:00;2026-10-06T21:21:19+02:00;5a1a1f6bfa69
2026-10-07;messery;AROMEHD;2026-10-07T23:00;3.1;7.0;198.0;15.6;3.8;;100.0;100.0;100.0;100.0;46.35;6.2700005;0.0;2026-10-06T19:15:00+02:00;2026-10-06T21:21:19+02:00;5a1a1f6bfa69
2026-10-07;messery;AROMEHD;2026-10-08T00:00;5.5;7.4;243.0;16.0;0.4;;100.0;100.0;100.0;100.0;46.35;6.2700005;0.0;2026-10-06T19:15:00+02:00;2026-10-06T21:21:19+02:00;5a1a1f6bfa69
2026-10-07;messery;ICONCH1;2026-10-07T01:00;2.3;4.9;204.0;17.2;0.0;100.0;14.0;26.0;100.0;100.0;46.3589;6.2749023;0.0;2026-10-06T19:15:00+02:00;2026-10-06T21:21:19+02:00;5a1a1f6bfa69
2026-10-07;messery;ICONCH1;2026-10-07T02:00;2.3;3.7;265.0;17.4;0.0;73.0;67.0;10.0;22.0;73.0;46.3589;6.2749023;0.0;2026-10-06T19:15:00+02:00;2026-10-06T21:21:19+02:00;5a1a1f6bfa69
2026-10-07;messery;ICONCH1;2026-10-07T03:00;0.8;3.7;315.0;17.2;0.0;100.0;56.0;0.0;100.0;100.0;46.3589;6.2749023;0.0;2026-10-06T19:15:00+02:00;2026-10-06T21:21:19+02:00;5a1a1f6bfa69
2026-10-07;messery;ICONCH1;2026-10-07T04:00;1.8;2.7;174.0;16.9;0.0;91.0;79.0;31.0;54.0;91.0;46.3589;6.2749023;0.0;2026-10-06T19:15:00+02:00;2026-10-06T21:21:19+02:00;5a1a1f6bfa69
2026-10-07;messery;ICONCH1;2026-10-07T05:00;1.2;2.5;252.0;17.2;0.0;79.0;56.0;53.0;0.0;79.0;46.3589;6.2749023;0.0;2026-10-06T19:15:00+02:00;2026-10-06T21:21:19+02:00;5a1a1f6bfa69
2026-10-07;messery;ICONCH1;2026-10-07T06:00;1.1;2.1;211.0;17.1;0.0;92.0;48.0;81.0;0.0;92.0;46.3589;6.2749023;0.0;2026-10-06T19:15:00+02:00;2026-10-06T21:21:19+02:00;5a1a1f6bfa69
2026-10-07;messery;ICONCH1;2026-10-07T07:00;0.6;2.1;270.0;17.1;0.0;100.0;32.0;78.0;100.0;100.0;46.3589;6.2749023;0.0;2026-10-06T19:15:00+02:00;2026-10-06T21:21:19+02:00;5a1a1f6bfa69
2026-10-07;messery;ICONCH1;2026-10-07T08:00;0.6;2.9;180.0;17.0;0.0;100.0;12.0;100.0;100.0;100.0;46.3589;6.2749023;0.0;2026-10-06T19:15:00+02:00;2026-10-06T21:21:19+02:00;5a1a1f6bfa69
2026-10-07;messery;ICONCH1;2026-10-07T09:00;2.0;3.9;186.0;16.9;0.0;100.0;9.0;86.0;100.0;100.0;46.3589;6.2749023;0.0;2026-10-06T19:15:00+02:00;2026-10-06T21:21:19+02:00;5a1a1f6bfa69
2026-10-07;messery;ICONCH1;2026-10-07T10:00;2.3;3.3;222.0;17.1;0.0;99.0;15.0;39.0;96.0;99.0;46.3589;6.2749023;0.0;2026-10-06T19:15:00+02:00;2026-10-06T21:21:19+02:00;5a1a1f6bfa69
2026-10-07;messery;ICONCH1;2026-10-07T11:00;1.6;3.5;225.0;17.3;0.0;100.0;7.0;74.0;100.0;100.0;46.3589;6.2749023;0.0;2026-10-06T19:15:00+02:00;2026-10-06T21:21:19+02:00;5a1a1f6bfa69
2026-10-07;messery;ICONCH1;2026-10-07T12:00;1.1;2.9;225.0;17.7;0.0;100.0;0.0;94.0;100.0;100.0;46.3589;6.2749023;0.0;2026-10-06T19:15:00+02:00;2026-10-06T21:21:19+02:00;5a1a1f6bfa69
2026-10-07;messery;ICONCH1;2026-10-07T13:00;1.8;2.5;238.0;18.3;0.0;100.0;0.0;98.0;100.0;100.0;46.3589;6.2749023;0.0;2026-10-06T19:15:00+02:00;2026-10-06T21:21:19+02:00;5a1a1f6bfa69
2026-10-07;messery;ICONCH1;2026-10-07T14:00;6.6;8.7;218.0;18.7;0.1;100.0;0.0;97.0;100.0;100.0;46.3589;6.2749023;0.0;2026-10-06T19:15:00+02:00;2026-10-06T21:21:19+02:00;5a1a1f6bfa69
2026-10-07;messery;ICONCH1;2026-10-07T15:00;6.0;8.6;213.0;18.7;0.5;100.0;0.0;100.0;100.0;100.0;46.3589;6.2749023;0.0;2026-10-06T19:15:00+02:00;2026-10-06T21:21:19+02:00;5a1a1f6bfa69
2026-10-07;messery;ICONCH1;2026-10-07T16:00;4.9;8.6;214.0;18.7;0.3;100.0;0.0;99.0;100.0;100.0;46.3589;6.2749023;0.0;2026-10-06T19:15:00+02:00;2026-10-06T21:21:19+02:00;5a1a1f6bfa69
2026-10-07;messery;ICONCH1;2026-10-07T17:00;5.0;7.6;249.0;18.4;0.8;100.0;28.0;100.0;100.0;100.0;46.3589;6.2749023;0.0;2026-10-06T19:15:00+02:00;2026-10-06T21:21:19+02:00;5a1a1f6bfa69
2026-10-07;messery;ICONCH1;2026-10-07T18:00;3.1;7.8;248.0;18.1;0.7;100.0;13.0;100.0;100.0;100.0;46.3589;6.2749023;0.0;2026-10-06T19:15:00+02:00;2026-10-06T21:21:19+02:00;5a1a1f6bfa69
2026-10-07;messery;ICONCH1;2026-10-07T19:00;4.3;7.0;216.0;18.5;0.0;100.0;40.0;100.0;100.0;100.0;46.3589;6.2749023;0.0;2026-10-06T19:15:00+02:00;2026-10-06T21:21:19+02:00;5a1a1f6bfa69
2026-10-07;messery;ICONCH1;2026-10-07T20:00;4.6;6.6;202.0;18.2;0.1;100.0;38.0;99.0;100.0;100.0;46.3589;6.2749023;0.0;2026-10-06T19:15:00+02:00;2026-10-06T21:21:19+02:00;5a1a1f6bfa69
2026-10-07;messery;ICONCH1;2026-10-07T21:00;9.8;12.6;226.0;18.2;0.1;100.0;54.0;100.0;100.0;100.0;46.3589;6.2749023;0.0;2026-10-06T19:15:00+02:00;2026-10-06T21:21:19+02:00;5a1a1f6bfa69
2026-10-07;messery;ICONCH1;2026-10-07T22:00;12.0;17.1;228.0;17.3;1.9;100.0;29.0;100.0;100.0;100.0;46.3589;6.2749023;0.0;2026-10-06T19:15:00+02:00;2026-10-06T21:21:19+02:00;5a1a1f6bfa69
2026-10-07;messery;ICONCH1;2026-10-07T23:00;12.0;16.1;230.0;17.0;2.1;100.0;57.0;100.0;100.0;100.0;46.3589;6.2749023;0.0;2026-10-06T19:15:00+02:00;2026-10-06T21:21:19+02:00;5a1a1f6bfa69
2026-10-07;messery;ICONCH1;2026-10-08T00:00;10.2;16.1;228.0;17.1;1.3;100.0;61.0;100.0;100.0;100.0;46.3589;6.2749023;0.0;2026-10-06T19:15:00+02:00;2026-10-06T21:21:19+02:00;5a1a1f6bfa69
2026-10-07;parking_pre_rencontre;AROMEHD;2026-10-07T01:00;5.3;12.2;182.0;13.5;0.0;;0.0;0.0;99.0;99.0;45.01;5.779999;0.0;2026-10-06T19:15:00+02:00;2026-10-06T21:21:19+02:00;5a1a1f6bfa69
2026-10-07;parking_pre_rencontre;AROMEHD;2026-10-07T02:00;4.1;11.3;175.0;13.2;0.0;;0.0;7.0;100.0;100.0;45.01;5.779999;0.0;2026-10-06T19:15:00+02:00;2026-10-06T21:21:19+02:00;5a1a1f6bfa69
2026-10-07;parking_pre_rencontre;AROMEHD;2026-10-07T03:00;4.3;10.1;172.0;13.3;0.0;;0.0;97.0;100.0;100.0;45.01;5.779999;0.0;2026-10-06T19:15:00+02:00;2026-10-06T21:21:19+02:00;5a1a1f6bfa69
2026-10-07;parking_pre_rencontre;AROMEHD;2026-10-07T04:00;4.3;11.9;190.0;13.5;0.0;;0.0;0.0;100.0;100.0;45.01;5.779999;0.0;2026-10-06T19:15:00+02:00;2026-10-06T21:21:19+02:00;5a1a1f6bfa69
2026-10-07;parking_pre_rencontre;AROMEHD;2026-10-07T05:00;4.3;11.1;198.0;13.6;0.0;;0.0;0.0;100.0;100.0;45.01;5.779999;0.0;2026-10-06T19:15:00+02:00;2026-10-06T21:21:19+02:00;5a1a1f6bfa69
2026-10-07;parking_pre_rencontre;AROMEHD;2026-10-07T06:00;4.7;12.1;210.0;13.9;0.0;;0.0;0.0;100.0;100.0;45.01;5.779999;0.0;2026-10-06T19:15:00+02:00;2026-10-06T21:21:19+02:00;5a1a1f6bfa69
2026-10-07;parking_pre_rencontre;AROMEHD;2026-10-07T07:00;5.2;12.4;207.0;14.1;0.0;;0.0;95.0;100.0;100.0;45.01;5.779999;0.0;2026-10-06T19:15:00+02:00;2026-10-06T21:21:19+02:00;5a1a1f6bfa69
2026-10-07;parking_pre_rencontre;AROMEHD;2026-10-07T08:00;6.2;13.8;204.0;14.1;0.0;;0.0;100.0;100.0;100.0;45.01;5.779999;0.0;2026-10-06T19:15:00+02:00;2026-10-06T21:21:19+02:00;5a1a1f6bfa69
2026-10-07;parking_pre_rencontre;AROMEHD;2026-10-07T09:00;6.2;15.2;200.0;12.4;0.8;;1.0;100.0;100.0;100.0;45.01;5.779999;0.0;2026-10-06T19:15:00+02:00;2026-10-06T21:21:19+02:00;5a1a1f6bfa69
2026-10-07;parking_pre_rencontre;AROMEHD;2026-10-07T10:00;5.2;14.2;202.0;12.2;2.0;;0.0;100.0;100.0;100.0;45.01;5.779999;0.0;2026-10-06T19:15:00+02:00;2026-10-06T21:21:19+02:00;5a1a1f6bfa69
2026-10-07;parking_pre_rencontre;AROMEHD;2026-10-07T11:00;2.2;12.4;165.0;12.6;0.9;;1.0;100.0;100.0;100.0;45.01;5.779999;0.0;2026-10-06T19:15:00+02:00;2026-10-06T21:21:19+02:00;5a1a1f6bfa69
2026-10-07;parking_pre_rencontre;AROMEHD;2026-10-07T12:00;3.7;10.7;208.0;13.0;0.4;;33.0;100.0;100.0;100.0;45.01;5.779999;0.0;2026-10-06T19:15:00+02:00;2026-10-06T21:21:19+02:00;5a1a1f6bfa69
2026-10-07;parking_pre_rencontre;AROMEHD;2026-10-07T13:00;9.0;21.0;199.0;14.4;0.1;;100.0;99.0;100.0;100.0;45.01;5.779999;0.0;2026-10-06T19:15:00+02:00;2026-10-06T21:21:19+02:00;5a1a1f6bfa69
2026-10-07;parking_pre_rencontre;AROMEHD;2026-10-07T14:00;11.0;25.5;189.0;15.4;0.3;;31.0;100.0;100.0;100.0;45.01;5.779999;0.0;2026-10-06T19:15:00+02:00;2026-10-06T21:21:19+02:00;5a1a1f6bfa69
2026-10-07;parking_pre_rencontre;AROMEHD;2026-10-07T15:00;10.9;25.7;185.0;16.1;0.4;;100.0;8.0;100.0;100.0;45.01;5.779999;0.0;2026-10-06T19:15:00+02:00;2026-10-06T21:21:19+02:00;5a1a1f6bfa69
2026-10-07;parking_pre_rencontre;AROMEHD;2026-10-07T16:00;10.3;26.0;180.0;15.9;0.1;;11.0;0.0;100.0;100.0;45.01;5.779999;0.0;2026-10-06T19:15:00+02:00;2026-10-06T21:21:19+02:00;5a1a1f6bfa69
2026-10-07;parking_pre_rencontre;AROMEHD;2026-10-07T17:00;10.5;25.1;177.0;16.4;0.0;;13.0;1.0;100.0;100.0;45.01;5.779999;0.0;2026-10-06T19:15:00+02:00;2026-10-06T21:21:19+02:00;5a1a1f6bfa69
2026-10-07;parking_pre_rencontre;AROMEHD;2026-10-07T18:00;10.3;24.3;180.0;16.1;0.0;;2.0;100.0;100.0;100.0;45.01;5.779999;0.0;2026-10-06T19:15:00+02:00;2026-10-06T21:21:19+02:00;5a1a1f6bfa69
2026-10-07;parking_pre_rencontre;AROMEHD;2026-10-07T19:00;8.0;23.5;193.0;14.7;0.2;;0.0;100.0;100.0;100.0;45.01;5.779999;0.0;2026-10-06T19:15:00+02:00;2026-10-06T21:21:19+02:00;5a1a1f6bfa69
2026-10-07;parking_pre_rencontre;AROMEHD;2026-10-07T20:00;7.5;18.3;192.0;14.4;0.0;;0.0;100.0;100.0;100.0;45.01;5.779999;0.0;2026-10-06T19:15:00+02:00;2026-10-06T21:21:19+02:00;5a1a1f6bfa69
2026-10-07;parking_pre_rencontre;AROMEHD;2026-10-07T21:00;7.8;17.5;184.0;13.8;0.0;;3.0;1.0;99.0;99.0;45.01;5.779999;0.0;2026-10-06T19:15:00+02:00;2026-10-06T21:21:19+02:00;5a1a1f6bfa69
2026-10-07;parking_pre_rencontre;AROMEHD;2026-10-07T22:00;8.2;19.2;192.0;13.8;0.1;;1.0;0.0;100.0;100.0;45.01;5.779999;0.0;2026-10-06T19:15:00+02:00;2026-10-06T21:21:19+02:00;5a1a1f6bfa69
2026-10-07;parking_pre_rencontre;AROMEHD;2026-10-07T23:00;7.7;18.5;196.0;13.4;0.0;;14.0;19.0;100.0;100.0;45.01;5.779999;0.0;2026-10-06T19:15:00+02:00;2026-10-06T21:21:19+02:00;5a1a1f6bfa69
2026-10-07;parking_pre_rencontre;AROMEHD;2026-10-08T00:00;7.7;17.5;192.0;13.1;0.1;;17.0;100.0;100.0;100.0;45.01;5.779999;0.0;2026-10-06T19:15:00+02:00;2026-10-06T21:21:19+02:00;5a1a1f6bfa69
2026-10-07;parking_pre_rencontre;ICONCH1;2026-10-07T01:00;5.6;11.3;216.0;13.2;0.0;100.0;3.0;85.0;100.0;100.0;45.0093;5.77124;1002.0;2026-10-06T19:15:00+02:00;2026-10-06T21:21:19+02:00;5a1a1f6bfa69
2026-10-07;parking_pre_rencontre;ICONCH1;2026-10-07T02:00;6.1;10.9;222.0;13.3;0.0;100.0;0.0;76.0;100.0;100.0;45.0093;5.77124;1002.0;2026-10-06T19:15:00+02:00;2026-10-06T21:21:19+02:00;5a1a1f6bfa69
2026-10-07;parking_pre_rencontre;ICONCH1;2026-10-07T03:00;5.7;11.1;221.0;13.3;0.0;98.0;0.0;73.0;90.0;98.0;45.0093;5.77124;1002.0;2026-10-06T19:15:00+02:00;2026-10-06T21:21:19+02:00;5a1a1f6bfa69
2026-10-07;parking_pre_rencontre;ICONCH1;2026-10-07T04:00;6.1;11.1;222.0;13.5;0.0;100.0;15.0;40.0;100.0;100.0;45.0093;5.77124;1002.0;2026-10-06T19:15:00+02:00;2026-10-06T21:21:19+02:00;5a1a1f6bfa69
2026-10-07;parking_pre_rencontre;ICONCH1;2026-10-07T05:00;5.4;10.9;229.0;13.2;0.0;100.0;0.0;9.0;100.0;100.0;45.0093;5.77124;1002.0;2026-10-06T19:15:00+02:00;2026-10-06T21:21:19+02:00;5a1a1f6bfa69
2026-10-07;parking_pre_rencontre;ICONCH1;2026-10-07T06:00;5.6;10.7;216.0;12.8;0.0;100.0;0.0;39.0;100.0;100.0;45.0093;5.77124;1002.0;2026-10-06T19:15:00+02:00;2026-10-06T21:21:19+02:00;5a1a1f6bfa69
2026-10-07;parking_pre_rencontre;ICONCH1;2026-10-07T07:00;5.4;10.5;218.0;13.0;0.0;100.0;0.0;100.0;100.0;100.0;45.0093;5.77124;1002.0;2026-10-06T19:15:00+02:00;2026-10-06T21:21:19+02:00;5a1a1f6bfa69
2026-10-07;parking_pre_rencontre;ICONCH1;2026-10-07T08:00;5.1;10.1;212.0;13.1;0.0;100.0;0.0;99.0;100.0;100.0;45.0093;5.77124;1002.0;2026-10-06T19:15:00+02:00;2026-10-06T21:21:19+02:00;5a1a1f6bfa69
2026-10-07;parking_pre_rencontre;ICONCH1;2026-10-07T09:00;6.6;12.2;212.0;13.7;0.2;100.0;0.0;100.0;100.0;100.0;45.0093;5.77124;1002.0;2026-10-06T19:15:00+02:00;2026-10-06T21:21:19+02:00;5a1a1f6bfa69
2026-10-07;parking_pre_rencontre;ICONCH1;2026-10-07T10:00;8.8;16.3;221.0;14.0;0.3;100.0;39.0;100.0;100.0;100.0;45.0093;5.77124;1002.0;2026-10-06T19:15:00+02:00;2026-10-06T21:21:19+02:00;5a1a1f6bfa69
2026-10-07;parking_pre_rencontre;ICONCH1;2026-10-07T11:00;11.0;20.8;221.0;13.3;1.6;100.0;43.0;100.0;100.0;100.0;45.0093;5.77124;1002.0;2026-10-06T19:15:00+02:00;2026-10-06T21:21:19+02:00;5a1a1f6bfa69
2026-10-07;parking_pre_rencontre;ICONCH1;2026-10-07T12:00;8.9;20.0;222.0;13.4;2.8;100.0;48.0;100.0;100.0;100.0;45.0093;5.77124;1002.0;2026-10-06T19:15:00+02:00;2026-10-06T21:21:19+02:00;5a1a1f6bfa69
2026-10-07;parking_pre_rencontre;ICONCH1;2026-10-07T13:00;11.5;21.6;214.0;13.6;0.9;100.0;83.0;100.0;100.0;100.0;45.0093;5.77124;1002.0;2026-10-06T19:15:00+02:00;2026-10-06T21:21:19+02:00;5a1a1f6bfa69
2026-10-07;parking_pre_rencontre;ICONCH1;2026-10-07T14:00;14.0;26.6;197.0;14.2;0.1;100.0;92.0;93.0;100.0;100.0;45.0093;5.77124;1002.0;2026-10-06T19:15:00+02:00;2026-10-06T21:21:19+02:00;5a1a1f6bfa69
2026-10-07;parking_pre_rencontre;ICONCH1;2026-10-07T15:00;14.4;26.8;194.0;15.0;0.0;100.0;6.0;91.0;100.0;100.0;45.0093;5.77124;1002.0;2026-10-06T19:15:00+02:00;2026-10-06T21:21:19+02:00;5a1a1f6bfa69
2026-10-07;parking_pre_rencontre;ICONCH1;2026-10-07T16:00;14.3;27.6;197.0;15.1;0.0;100.0;42.0;100.0;100.0;100.0;45.0093;5.77124;1002.0;2026-10-06T19:15:00+02:00;2026-10-06T21:21:19+02:00;5a1a1f6bfa69
2026-10-07;parking_pre_rencontre;ICONCH1;2026-10-07T17:00;15.1;28.0;200.0;14.2;0.7;100.0;26.0;100.0;100.0;100.0;45.0093;5.77124;1002.0;2026-10-06T19:15:00+02:00;2026-10-06T21:21:19+02:00;5a1a1f6bfa69
2026-10-07;parking_pre_rencontre;ICONCH1;2026-10-07T18:00;15.5;28.4;195.0;14.2;0.8;100.0;13.0;100.0;100.0;100.0;45.0093;5.77124;1002.0;2026-10-06T19:15:00+02:00;2026-10-06T21:21:19+02:00;5a1a1f6bfa69
2026-10-07;parking_pre_rencontre;ICONCH1;2026-10-07T19:00;14.9;29.0;198.0;13.7;0.2;100.0;45.0;100.0;100.0;100.0;45.0093;5.77124;1002.0;2026-10-06T19:15:00+02:00;2026-10-06T21:21:19+02:00;5a1a1f6bfa69
2026-10-07;parking_pre_rencontre;ICONCH1;2026-10-07T20:00;13.7;27.4;195.0;13.5;0.1;100.0;34.0;100.0;100.0;100.0;45.0093;5.77124;1002.0;2026-10-06T19:15:00+02:00;2026-10-06T21:21:19+02:00;5a1a1f6bfa69
2026-10-07;parking_pre_rencontre;ICONCH1;2026-10-07T21:00;14.1;28.2;187.0;12.4;0.9;100.0;67.0;100.0;100.0;100.0;45.0093;5.77124;1002.0;2026-10-06T19:15:00+02:00;2026-10-06T21:21:19+02:00;5a1a1f6bfa69
2026-10-07;parking_pre_rencontre;ICONCH1;2026-10-07T22:00;11.2;26.2;200.0;12.8;0.6;100.0;0.0;100.0;100.0;100.0;45.0093;5.77124;1002.0;2026-10-06T19:15:00+02:00;2026-10-06T21:21:19+02:00;5a1a1f6bfa69
2026-10-07;parking_pre_rencontre;ICONCH1;2026-10-07T23:00;9.1;21.0;209.0;12.4;0.6;100.0;56.0;100.0;100.0;100.0;45.0093;5.77124;1002.0;2026-10-06T19:15:00+02:00;2026-10-06T21:21:19+02:00;5a1a1f6bfa69
2026-10-07;parking_pre_rencontre;ICONCH1;2026-10-08T00:00;8.5;17.1;212.0;12.6;0.1;100.0;37.0;100.0;100.0;100.0;45.0093;5.77124;1002.0;2026-10-06T19:15:00+02:00;2026-10-06T21:21:19+02:00;5a1a1f6bfa69
2026-10-07;plage_de_sevrier;AROMEHD;2026-10-07T01:00;3.9;5.8;171.0;17.0;0.0;;0.0;0.0;11.0;11.0;45.86;6.16;0.0;2026-10-06T19:15:00+02:00;2026-10-06T21:21:19+02:00;5a1a1f6bfa69
2026-10-07;plage_de_sevrier;AROMEHD;2026-10-07T02:00;3.6;5.4;202.0;16.5;0.0;;0.0;0.0;100.0;100.0;45.86;6.16;0.0;2026-10-06T19:15:00+02:00;2026-10-06T21:21:19+02:00;5a1a1f6bfa69
2026-10-07;plage_de_sevrier;AROMEHD;2026-10-07T03:00;2.9;6.0;172.0;16.3;0.0;;0.0;0.0;42.0;42.0;45.86;6.16;0.0;2026-10-06T19:15:00+02:00;2026-10-06T21:21:19+02:00;5a1a1f6bfa69
2026-10-07;plage_de_sevrier;AROMEHD;2026-10-07T04:00;3.1;5.1;215.0;16.2;0.0;;0.0;0.0;87.0;87.0;45.86;6.16;0.0;2026-10-06T19:15:00+02:00;2026-10-06T21:21:19+02:00;5a1a1f6bfa69
2026-10-07;plage_de_sevrier;AROMEHD;2026-10-07T05:00;3.1;4.5;150.0;16.0;0.0;;0.0;0.0;100.0;100.0;45.86;6.16;0.0;2026-10-06T19:15:00+02:00;2026-10-06T21:21:19+02:00;5a1a1f6bfa69
2026-10-07;plage_de_sevrier;AROMEHD;2026-10-07T06:00;2.9;3.1;160.0;15.9;0.0;;0.0;7.0;100.0;100.0;45.86;6.16;0.0;2026-10-06T19:15:00+02:00;2026-10-06T21:21:19+02:00;5a1a1f6bfa69
2026-10-07;plage_de_sevrier;AROMEHD;2026-10-07T07:00;1.5;3.3;140.0;16.1;0.0;;0.0;0.0;100.0;100.0;45.86;6.16;0.0;2026-10-06T19:15:00+02:00;2026-10-06T21:21:19+02:00;5a1a1f6bfa69
2026-10-07;plage_de_sevrier;AROMEHD;2026-10-07T08:00;2.2;2.5;135.0;16.2;0.0;;0.0;1.0;100.0;100.0;45.86;6.16;0.0;2026-10-06T19:15:00+02:00;2026-10-06T21:21:19+02:00;5a1a1f6bfa69
2026-10-07;plage_de_sevrier;AROMEHD;2026-10-07T09:00;0.4;2.9;333.0;16.5;0.0;;0.0;27.0;100.0;100.0;45.86;6.16;0.0;2026-10-06T19:15:00+02:00;2026-10-06T21:21:19+02:00;5a1a1f6bfa69
2026-10-07;plage_de_sevrier;AROMEHD;2026-10-07T10:00;4.3;5.2;350.0;16.5;0.0;;0.0;100.0;100.0;100.0;45.86;6.16;0.0;2026-10-06T19:15:00+02:00;2026-10-06T21:21:19+02:00;5a1a1f6bfa69
2026-10-07;plage_de_sevrier;AROMEHD;2026-10-07T11:00;3.9;5.2;340.0;16.8;0.0;;0.0;100.0;100.0;100.0;45.86;6.16;0.0;2026-10-06T19:15:00+02:00;2026-10-06T21:21:19+02:00;5a1a1f6bfa69
2026-10-07;plage_de_sevrier;AROMEHD;2026-10-07T12:00;1.1;4.7;149.0;16.4;0.1;;0.0;100.0;100.0;100.0;45.86;6.16;0.0;2026-10-06T19:15:00+02:00;2026-10-06T21:21:19+02:00;5a1a1f6bfa69
2026-10-07;plage_de_sevrier;AROMEHD;2026-10-07T13:00;2.4;3.9;209.0;16.4;0.0;;0.0;100.0;100.0;100.0;45.86;6.16;0.0;2026-10-06T19:15:00+02:00;2026-10-06T21:21:19+02:00;5a1a1f6bfa69
2026-10-07;plage_de_sevrier;AROMEHD;2026-10-07T14:00;0.8;3.5;256.0;16.7;0.0;;0.0;100.0;100.0;100.0;45.86;6.16;0.0;2026-10-06T19:15:00+02:00;2026-10-06T21:21:19+02:00;5a1a1f6bfa69
2026-10-07;plage_de_sevrier;AROMEHD;2026-10-07T15:00;3.0;4.9;285.0;18.0;0.0;;1.0;100.0;0.0;100.0;45.86;6.16;0.0;2026-10-06T19:15:00+02:00;2026-10-06T21:21:19+02:00;5a1a1f6bfa69
2026-10-07;plage_de_sevrier;AROMEHD;2026-10-07T16:00;6.2;6.8;355.0;16.8;1.4;;2.0;100.0;100.0;100.0;45.86;6.16;0.0;2026-10-06T19:15:00+02:00;2026-10-06T21:21:19+02:00;5a1a1f6bfa69
2026-10-07;plage_de_sevrier;AROMEHD;2026-10-07T17:00;5.8;7.4;2.0;16.3;1.4;;100.0;100.0;100.0;100.0;45.86;6.16;0.0;2026-10-06T19:15:00+02:00;2026-10-06T21:21:19+02:00;5a1a1f6bfa69
2026-10-07;plage_de_sevrier;AROMEHD;2026-10-07T18:00;2.5;7.4;321.0;16.1;0.3;;72.0;100.0;100.0;100.0;45.86;6.16;0.0;2026-10-06T19:15:00+02:00;2026-10-06T21:21:19+02:00;5a1a1f6bfa69
2026-10-07;plage_de_sevrier;AROMEHD;2026-10-07T19:00;1.8;5.4;18.0;16.2;0.0;;89.0;100.0;100.0;100.0;45.86;6.16;0.0;2026-10-06T19:15:00+02:00;2026-10-06T21:21:19+02:00;5a1a1f6bfa69
2026-10-07;plage_de_sevrier;AROMEHD;2026-10-07T20:00;0.3;5.2;45.0;16.2;0.0;;74.0;100.0;100.0;100.0;45.86;6.16;0.0;2026-10-06T19:15:00+02:00;2026-10-06T21:21:19+02:00;5a1a1f6bfa69
2026-10-07;plage_de_sevrier;AROMEHD;2026-10-07T21:00;1.5;4.5;130.0;16.0;0.0;;36.0;100.0;100.0;100.0;45.86;6.16;0.0;2026-10-06T19:15:00+02:00;2026-10-06T21:21:19+02:00;5a1a1f6bfa69
2026-10-07;plage_de_sevrier;AROMEHD;2026-10-07T22:00;0.9;1.0;207.0;16.7;0.0;;99.0;100.0;100.0;100.0;45.86;6.16;0.0;2026-10-06T19:15:00+02:00;2026-10-06T21:21:19+02:00;5a1a1f6bfa69
2026-10-07;plage_de_sevrier;AROMEHD;2026-10-07T23:00;1.4;4.5;286.0;16.8;0.3;;99.0;100.0;99.0;100.0;45.86;6.16;0.0;2026-10-06T19:15:00+02:00;2026-10-06T21:21:19+02:00;5a1a1f6bfa69
2026-10-07;plage_de_sevrier;AROMEHD;2026-10-08T00:00;2.7;2.3;356.0;17.1;0.0;;89.0;100.0;100.0;100.0;45.86;6.16;0.0;2026-10-06T19:15:00+02:00;2026-10-06T21:21:19+02:00;5a1a1f6bfa69
2026-10-07;plage_de_sevrier;ICONCH1;2026-10-07T01:00;2.6;3.5;193.0;18.1;0.0;100.0;47.0;6.0;100.0;100.0;45.86465;6.164917;0.0;2026-10-06T19:15:00+02:00;2026-10-06T21:21:19+02:00;5a1a1f6bfa69
2026-10-07;plage_de_sevrier;ICONCH1;2026-10-07T02:00;4.0;5.1;191.0;17.8;0.0;100.0;11.0;21.0;100.0;100.0;45.86465;6.164917;0.0;2026-10-06T19:15:00+02:00;2026-10-06T21:21:19+02:00;5a1a1f6bfa69
2026-10-07;plage_de_sevrier;ICONCH1;2026-10-07T03:00;1.6;5.4;173.0;17.8;0.0;100.0;23.0;28.0;100.0;100.0;45.86465;6.164917;0.0;2026-10-06T19:15:00+02:00;2026-10-06T21:21:19+02:00;5a1a1f6bfa69
2026-10-07;plage_de_sevrier;ICONCH1;2026-10-07T04:00;3.0;4.1;15.0;17.7;0.0;100.0;20.0;45.0;100.0;100.0;45.86465;6.164917;0.0;2026-10-06T19:15:00+02:00;2026-10-06T21:21:19+02:00;5a1a1f6bfa69
2026-10-07;plage_de_sevrier;ICONCH1;2026-10-07T05:00;1.4;3.9;286.0;17.4;0.0;63.0;0.0;63.0;0.0;63.0;45.86465;6.164917;0.0;2026-10-06T19:15:00+02:00;2026-10-06T21:21:19+02:00;5a1a1f6bfa69
2026-10-07;plage_de_sevrier;ICONCH1;2026-10-07T06:00;0.6;2.7;180.0;17.8;0.0;100.0;0.0;93.0;100.0;100.0;45.86465;6.164917;0.0;2026-10-06T19:15:00+02:00;2026-10-06T21:21:19+02:00;5a1a1f6bfa69
2026-10-07;plage_de_sevrier;ICONCH1;2026-10-07T07:00;2.3;4.1;340.0;17.9;0.0;100.0;0.0;90.0;100.0;100.0;45.86465;6.164917;0.0;2026-10-06T19:15:00+02:00;2026-10-06T21:21:19+02:00;5a1a1f6bfa69
2026-10-07;plage_de_sevrier;ICONCH1;2026-10-07T08:00;4.5;5.8;355.0;17.1;0.0;100.0;0.0;56.0;100.0;100.0;45.86465;6.164917;0.0;2026-10-06T19:15:00+02:00;2026-10-06T21:21:19+02:00;5a1a1f6bfa69
2026-10-07;plage_de_sevrier;ICONCH1;2026-10-07T09:00;2.3;6.8;355.0;17.0;0.0;100.0;0.0;37.0;100.0;100.0;45.86465;6.164917;0.0;2026-10-06T19:15:00+02:00;2026-10-06T21:21:19+02:00;5a1a1f6bfa69
2026-10-07;plage_de_sevrier;ICONCH1;2026-10-07T10:00;2.5;4.5;342.0;17.0;0.0;100.0;0.0;68.0;100.0;100.0;45.86465;6.164917;0.0;2026-10-06T19:15:00+02:00;2026-10-06T21:21:19+02:00;5a1a1f6bfa69
2026-10-07;plage_de_sevrier;ICONCH1;2026-10-07T11:00;3.2;4.7;346.0;17.5;0.0;100.0;0.0;91.0;100.0;100.0;45.86465;6.164917;0.0;2026-10-06T19:15:00+02:00;2026-10-06T21:21:19+02:00;5a1a1f6bfa69
2026-10-07;plage_de_sevrier;ICONCH1;2026-10-07T12:00;4.7;6.2;351.0;18.3;0.0;100.0;0.0;98.0;100.0;100.0;45.86465;6.164917;0.0;2026-10-06T19:15:00+02:00;2026-10-06T21:21:19+02:00;5a1a1f6bfa69
2026-10-07;plage_de_sevrier;ICONCH1;2026-10-07T13:00;6.2;8.0;360.0;18.7;0.3;100.0;0.0;100.0;100.0;100.0;45.86465;6.164917;0.0;2026-10-06T19:15:00+02:00;2026-10-06T21:21:19+02:00;5a1a1f6bfa69
2026-10-07;plage_de_sevrier;ICONCH1;2026-10-07T14:00;2.0;8.0;287.0;18.5;0.5;100.0;7.0;87.0;100.0;100.0;45.86465;6.164917;0.0;2026-10-06T19:15:00+02:00;2026-10-06T21:21:19+02:00;5a1a1f6bfa69
2026-10-07;plage_de_sevrier;ICONCH1;2026-10-07T15:00;0.8;2.7;270.0;18.5;0.1;100.0;49.0;100.0;100.0;100.0;45.86465;6.164917;0.0;2026-10-06T19:15:00+02:00;2026-10-06T21:21:19+02:00;5a1a1f6bfa69
2026-10-07;plage_de_sevrier;ICONCH1;2026-10-07T16:00;2.3;3.1;318.0;18.4;0.1;100.0;41.0;88.0;100.0;100.0;45.86465;6.164917;0.0;2026-10-06T19:15:00+02:00;2026-10-06T21:21:19+02:00;5a1a1f6bfa69
2026-10-07;plage_de_sevrier;ICONCH1;2026-10-07T17:00;4.6;6.2;338.0;17.9;0.0;100.0;17.0;95.0;100.0;100.0;45.86465;6.164917;0.0;2026-10-06T19:15:00+02:00;2026-10-06T21:21:19+02:00;5a1a1f6bfa69
2026-10-07;plage_de_sevrier;ICONCH1;2026-10-07T18:00;2.2;6.2;333.0;18.0;0.0;100.0;0.0;82.0;100.0;100.0;45.86465;6.164917;0.0;2026-10-06T19:15:00+02:00;2026-10-06T21:21:19+02:00;5a1a1f6bfa69
2026-10-07;plage_de_sevrier;ICONCH1;2026-10-07T19:00;1.9;3.1;336.0;18.2;0.0;100.0;10.0;100.0;100.0;100.0;45.86465;6.164917;0.0;2026-10-06T19:15:00+02:00;2026-10-06T21:21:19+02:00;5a1a1f6bfa69
2026-10-07;plage_de_sevrier;ICONCH1;2026-10-07T20:00;4.0;5.4;14.0;17.9;0.4;100.0;23.0;100.0;100.0;100.0;45.86465;6.164917;0.0;2026-10-06T19:15:00+02:00;2026-10-06T21:21:19+02:00;5a1a1f6bfa69
2026-10-07;plage_de_sevrier;ICONCH1;2026-10-07T21:00;3.9;5.8;3.0;17.5;1.0;100.0;67.0;100.0;100.0;100.0;45.86465;6.164917;0.0;2026-10-06T19:15:00+02:00;2026-10-06T21:21:19+02:00;5a1a1f6bfa69
2026-10-07;plage_de_sevrier;ICONCH1;2026-10-07T22:00;1.5;5.1;230.0;17.6;0.9;100.0;66.0;98.0;100.0;100.0;45.86465;6.164917;0.0;2026-10-06T19:15:00+02:00;2026-10-06T21:21:19+02:00;5a1a1f6bfa69
2026-10-07;plage_de_sevrier;ICONCH1;2026-10-07T23:00;3.9;5.6;160.0;17.6;0.2;100.0;30.0;100.0;100.0;100.0;45.86465;6.164917;0.0;2026-10-06T19:15:00+02:00;2026-10-06T21:21:19+02:00;5a1a1f6bfa69
2026-10-07;plage_de_sevrier;ICONCH1;2026-10-08T00:00;2.1;6.6;131.0;17.8;0.1;100.0;25.0;93.0;100.0;100.0;45.86465;6.164917;0.0;2026-10-06T19:15:00+02:00;2026-10-06T21:21:19+02:00;5a1a1f6bfa69
2026-10-07;pont_darciat;AROMEHD;2026-10-07T01:00;6.1;8.7;191.0;17.3;0.0;;0.0;0.0;100.0;100.0;46.25;4.8099995;169.0;2026-10-06T19:15:00+02:00;2026-10-06T21:21:19+02:00;5a1a1f6bfa69
2026-10-07;pont_darciat;AROMEHD;2026-10-07T02:00;5.2;8.6;202.0;16.8;0.0;;0.0;0.0;100.0;100.0;46.25;4.8099995;169.0;2026-10-06T19:15:00+02:00;2026-10-06T21:21:19+02:00;5a1a1f6bfa69
2026-10-07;pont_darciat;AROMEHD;2026-10-07T03:00;3.7;7.0;208.0;15.9;0.0;;0.0;0.0;100.0;100.0;46.25;4.8099995;169.0;2026-10-06T19:15:00+02:00;2026-10-06T21:21:19+02:00;5a1a1f6bfa69
2026-10-07;pont_darciat;AROMEHD;2026-10-07T04:00;3.0;5.4;191.0;15.8;0.0;;0.0;53.0;100.0;100.0;46.25;4.8099995;169.0;2026-10-06T19:15:00+02:00;2026-10-06T21:21:19+02:00;5a1a1f6bfa69
2026-10-07;pont_darciat;AROMEHD;2026-10-07T05:00;5.9;8.6;197.0;16.4;0.0;;0.0;100.0;100.0;100.0;46.25;4.8099995;169.0;2026-10-06T19:15:00+02:00;2026-10-06T21:21:19+02:00;5a1a1f6bfa69
2026-10-07;pont_darciat;AROMEHD;2026-10-07T06:00;3.1;8.4;187.0;15.3;0.0;;0.0;100.0;100.0;100.0;46.25;4.8099995;169.0;2026-10-06T19:15:00+02:00;2026-10-06T21:21:19+02:00;5a1a1f6bfa69
2026-10-07;pont_darciat;AROMEHD;2026-10-07T07:00;2.1;4.3;180.0;15.3;0.0;;0.0;100.0;100.0;100.0;46.25;4.8099995;169.0;2026-10-06T19:15:00+02:00;2026-10-06T21:21:19+02:00;5a1a1f6bfa69
2026-10-07;pont_darciat;AROMEHD;2026-10-07T08:00;2.9;4.1;176.0;15.3;0.0;;0.0;100.0;100.0;100.0;46.25;4.8099995;169.0;2026-10-06T19:15:00+02:00;2026-10-06T21:21:19+02:00;5a1a1f6bfa69
2026-10-07;pont_darciat;AROMEHD;2026-10-07T09:00;3.2;5.1;194.0;16.0;0.0;;13.0;100.0;100.0;100.0;46.25;4.8099995;169.0;2026-10-06T19:15:00+02:00;2026-10-06T21:21:19+02:00;5a1a1f6bfa69
2026-10-07;pont_darciat;AROMEHD;2026-10-07T10:00;6.0;9.1;199.0;16.6;0.0;;3.0;100.0;100.0;100.0;46.25;4.8099995;169.0;2026-10-06T19:15:00+02:00;2026-10-06T21:21:19+02:00;5a1a1f6bfa69
2026-10-07;pont_darciat;AROMEHD;2026-10-07T11:00;6.2;9.9;200.0;17.4;0.4;;53.0;100.0;100.0;100.0;46.25;4.8099995;169.0;2026-10-06T19:15:00+02:00;2026-10-06T21:21:19+02:00;5a1a1f6bfa69
2026-10-07;pont_darciat;AROMEHD;2026-10-07T12:00;7.0;10.7;185.0;17.3;1.2;;47.0;100.0;100.0;100.0;46.25;4.8099995;169.0;2026-10-06T19:15:00+02:00;2026-10-06T21:21:19+02:00;5a1a1f6bfa69
2026-10-07;pont_darciat;AROMEHD;2026-10-07T13:00;5.9;10.7;191.0;17.5;0.3;;100.0;100.0;100.0;100.0;46.25;4.8099995;169.0;2026-10-06T19:15:00+02:00;2026-10-06T21:21:19+02:00;5a1a1f6bfa69
2026-10-07;pont_darciat;AROMEHD;2026-10-07T14:00;5.3;9.3;182.0;17.6;0.1;;82.0;100.0;0.0;100.0;46.25;4.8099995;169.0;2026-10-06T19:15:00+02:00;2026-10-06T21:21:19+02:00;5a1a1f6bfa69
2026-10-07;pont_darciat;AROMEHD;2026-10-07T15:00;6.6;10.5;185.0;18.4;0.0;;37.0;100.0;0.0;100.0;46.25;4.8099995;169.0;2026-10-06T19:15:00+02:00;2026-10-06T21:21:19+02:00;5a1a1f6bfa69
2026-10-07;pont_darciat;AROMEHD;2026-10-07T16:00;5.9;12.2;189.0;18.5;0.0;;85.0;69.0;100.0;100.0;46.25;4.8099995;169.0;2026-10-06T19:15:00+02:00;2026-10-06T21:21:19+02:00;5a1a1f6bfa69
2026-10-07;pont_darciat;AROMEHD;2026-10-07T17:00;9.3;14.2;169.0;19.4;0.0;;100.0;28.0;95.0;100.0;46.25;4.8099995;169.0;2026-10-06T19:15:00+02:00;2026-10-06T21:21:19+02:00;5a1a1f6bfa69
2026-10-07;pont_darciat;AROMEHD;2026-10-07T18:00;10.0;15.2;173.0;19.1;0.0;;23.0;100.0;100.0;100.0;46.25;4.8099995;169.0;2026-10-06T19:15:00+02:00;2026-10-06T21:21:19+02:00;5a1a1f6bfa69
2026-10-07;pont_darciat;AROMEHD;2026-10-07T19:00;10.3;15.7;185.0;18.0;0.1;;1.0;100.0;100.0;100.0;46.25;4.8099995;169.0;2026-10-06T19:15:00+02:00;2026-10-06T21:21:19+02:00;5a1a1f6bfa69
2026-10-07;pont_darciat;AROMEHD;2026-10-07T20:00;6.5;15.4;190.0;17.0;0.3;;71.0;100.0;100.0;100.0;46.25;4.8099995;169.0;2026-10-06T19:15:00+02:00;2026-10-06T21:21:19+02:00;5a1a1f6bfa69
2026-10-07;pont_darciat;AROMEHD;2026-10-07T21:00;5.8;9.5;195.0;16.7;0.0;;66.0;100.0;100.0;100.0;46.25;4.8099995;169.0;2026-10-06T19:15:00+02:00;2026-10-06T21:21:19+02:00;5a1a1f6bfa69
2026-10-07;pont_darciat;AROMEHD;2026-10-07T22:00;6.3;11.5;189.0;16.7;0.6;;87.0;100.0;100.0;100.0;46.25;4.8099995;169.0;2026-10-06T19:15:00+02:00;2026-10-06T21:21:19+02:00;5a1a1f6bfa69
2026-10-07;pont_darciat;AROMEHD;2026-10-07T23:00;4.4;9.1;165.0;16.3;0.3;;21.0;100.0;100.0;100.0;46.25;4.8099995;169.0;2026-10-06T19:15:00+02:00;2026-10-06T21:21:19+02:00;5a1a1f6bfa69
2026-10-07;pont_darciat;AROMEHD;2026-10-08T00:00;6.0;8.9;195.0;16.4;0.1;;1.0;100.0;100.0;100.0;46.25;4.8099995;169.0;2026-10-06T19:15:00+02:00;2026-10-06T21:21:19+02:00;5a1a1f6bfa69
2026-10-07;pont_darciat;ICONCH1;2026-10-07T01:00;4.9;8.2;196.0;15.3;0.0;100.0;0.0;0.0;100.0;100.0;46.25097;4.8050537;172.0;2026-10-06T19:15:00+02:00;2026-10-06T21:21:19+02:00;5a1a1f6bfa69
2026-10-07;pont_darciat;ICONCH1;2026-10-07T02:00;4.5;7.4;205.0;14.9;0.0;68.0;0.0;0.0;68.0;68.0;46.25097;4.8050537;172.0;2026-10-06T19:15:00+02:00;2026-10-06T21:21:19+02:00;5a1a1f6bfa69
2026-10-07;pont_darciat;ICONCH1;2026-10-07T03:00;4.6;7.2;216.0;14.5;0.0;100.0;0.0;18.0;100.0;100.0;46.25097;4.8050537;172.0;2026-10-06T19:15:00+02:00;2026-10-06T21:21:19+02:00;5a1a1f6bfa69
2026-10-07;pont_darciat;ICONCH1;2026-10-07T04:00;4.4;7.0;203.0;14.3;0.0;100.0;0.0;26.0;100.0;100.0;46.25097;4.8050537;172.0;2026-10-06T19:15:00+02:00;2026-10-06T21:21:19+02:00;5a1a1f6bfa69
2026-10-07;pont_darciat;ICONCH1;2026-10-07T05:00;3.3;6.8;225.0;14.4;0.0;97.0;0.0;82.0;83.0;97.0;46.25097;4.8050537;172.0;2026-10-06T19:15:00+02:00;2026-10-06T21:21:19+02:00;5a1a1f6bfa69
2026-10-07;pont_darciat;ICONCH1;2026-10-07T06:00;3.3;6.0;201.0;14.6;0.0;100.0;2.0;89.0;100.0;100.0;46.25097;4.8050537;172.0;2026-10-06T19:15:00+02:00;2026-10-06T21:21:19+02:00;5a1a1f6bfa69
2026-10-07;pont_darciat;ICONCH1;2026-10-07T07:00;4.1;6.6;197.0;15.0;0.0;100.0;0.0;92.0;100.0;100.0;46.25097;4.8050537;172.0;2026-10-06T19:15:00+02:00;2026-10-06T21:21:19+02:00;5a1a1f6bfa69
2026-10-07;pont_darciat;ICONCH1;2026-10-07T08:00;3.7;7.0;183.0;15.2;0.0;100.0;0.0;85.0;100.0;100.0;46.25097;4.8050537;172.0;2026-10-06T19:15:00+02:00;2026-10-06T21:21:19+02:00;5a1a1f6bfa69
2026-10-07;pont_darciat;ICONCH1;2026-10-07T09:00;5.0;8.6;196.0;15.8;0.0;100.0;0.0;78.0;100.0;100.0;46.25097;4.8050537;172.0;2026-10-06T19:15:00+02:00;2026-10-06T21:21:19+02:00;5a1a1f6bfa69
2026-10-07;pont_darciat;ICONCH1;2026-10-07T10:00;5.7;9.3;204.0;16.9;0.0;100.0;0.0;93.0;100.0;100.0;46.25097;4.8050537;172.0;2026-10-06T19:15:00+02:00;2026-10-06T21:21:19+02:00;5a1a1f6bfa69
2026-10-07;pont_darciat;ICONCH1;2026-10-07T11:00;6.2;9.9;200.0;18.4;0.0;100.0;0.0;95.0;100.0;100.0;46.25097;4.8050537;172.0;2026-10-06T19:15:00+02:00;2026-10-06T21:21:19+02:00;5a1a1f6bfa69
2026-10-07;pont_darciat;ICONCH1;2026-10-07T12:00;9.8;15.6;187.0;19.8;0.0;100.0;26.0;92.0;100.0;100.0;46.25097;4.8050537;172.0;2026-10-06T19:15:00+02:00;2026-10-06T21:21:19+02:00;5a1a1f6bfa69
2026-10-07;pont_darciat;ICONCH1;2026-10-07T13:00;12.1;19.0;178.0;19.9;0.0;100.0;37.0;95.0;100.0;100.0;46.25097;4.8050537;172.0;2026-10-06T19:15:00+02:00;2026-10-06T21:21:19+02:00;5a1a1f6bfa69
2026-10-07;pont_darciat;ICONCH1;2026-10-07T14:00;11.5;19.4;176.0;20.2;0.0;96.0;26.0;84.0;68.0;96.0;46.25097;4.8050537;172.0;2026-10-06T19:15:00+02:00;2026-10-06T21:21:19+02:00;5a1a1f6bfa69
2026-10-07;pont_darciat;ICONCH1;2026-10-07T15:00;12.2;19.4;172.0;20.9;0.0;100.0;78.0;76.0;100.0;100.0;46.25097;4.8050537;172.0;2026-10-06T19:15:00+02:00;2026-10-06T21:21:19+02:00;5a1a1f6bfa69
2026-10-07;pont_darciat;ICONCH1;2026-10-07T16:00;10.0;19.4;171.0;20.9;0.0;100.0;84.0;48.0;100.0;100.0;46.25097;4.8050537;172.0;2026-10-06T19:15:00+02:00;2026-10-06T21:21:19+02:00;5a1a1f6bfa69
2026-10-07;pont_darciat;ICONCH1;2026-10-07T17:00;11.6;18.1;172.0;21.3;0.0;100.0;54.0;7.0;100.0;100.0;46.25097;4.8050537;172.0;2026-10-06T19:15:00+02:00;2026-10-06T21:21:19+02:00;5a1a1f6bfa69
2026-10-07;pont_darciat;ICONCH1;2026-10-07T18:00;8.7;18.1;180.0;20.8;0.0;100.0;44.0;87.0;100.0;100.0;46.25097;4.8050537;172.0;2026-10-06T19:15:00+02:00;2026-10-06T21:21:19+02:00;5a1a1f6bfa69
2026-10-07;pont_darciat;ICONCH1;2026-10-07T19:00;17.7;30.7;279.0;17.3;0.2;100.0;100.0;100.0;100.0;100.0;46.25097;4.8050537;172.0;2026-10-06T19:15:00+02:00;2026-10-06T21:21:19+02:00;5a1a1f6bfa69
2026-10-07;pont_darciat;ICONCH1;2026-10-07T20:00;4.9;27.4;151.0;16.1;7.9;100.0;0.0;100.0;100.0;100.0;46.25097;4.8050537;172.0;2026-10-06T19:15:00+02:00;2026-10-06T21:21:19+02:00;5a1a1f6bfa69
2026-10-07;pont_darciat;ICONCH1;2026-10-07T21:00;6.0;9.5;180.0;15.9;0.3;100.0;18.0;100.0;100.0;100.0;46.25097;4.8050537;172.0;2026-10-06T19:15:00+02:00;2026-10-06T21:21:19+02:00;5a1a1f6bfa69
2026-10-07;pont_darciat;ICONCH1;2026-10-07T22:00;5.4;10.9;215.0;15.4;1.8;100.0;40.0;100.0;100.0;100.0;46.25097;4.8050537;172.0;2026-10-06T19:15:00+02:00;2026-10-06T21:21:19+02:00;5a1a1f6bfa69
2026-10-07;pont_darciat;ICONCH1;2026-10-07T23:00;5.1;8.7;182.0;15.5;0.4;100.0;58.0;99.0;100.0;100.0;46.25097;4.8050537;172.0;2026-10-06T19:15:00+02:00;2026-10-06T21:21:19+02:00;5a1a1f6bfa69
2026-10-07;pont_darciat;ICONCH1;2026-10-08T00:00;5.7;8.7;188.0;15.8;0.9;100.0;87.0;100.0;100.0;100.0;46.25097;4.8050537;172.0;2026-10-06T19:15:00+02:00;2026-10-06T21:21:19+02:00;5a1a1f6bfa69
2026-10-07;pont_de_chavanay;AROMEHD;2026-10-07T01:00;5.7;10.7;174.0;18.2;0.0;;0.0;0.0;100.0;100.0;45.42;4.75;141.0;2026-10-06T19:15:00+02:00;2026-10-06T21:21:19+02:00;5a1a1f6bfa69
2026-10-07;pont_de_chavanay;AROMEHD;2026-10-07T02:00;4.3;10.1;180.0;17.8;0.0;;0.0;0.0;100.0;100.0;45.42;4.75;141.0;2026-10-06T19:15:00+02:00;2026-10-06T21:21:19+02:00;5a1a1f6bfa69
2026-10-07;pont_de_chavanay;AROMEHD;2026-10-07T03:00;4.5;9.7;178.0;17.5;0.0;;16.0;100.0;100.0;100.0;45.42;4.75;141.0;2026-10-06T19:15:00+02:00;2026-10-06T21:21:19+02:00;5a1a1f6bfa69
2026-10-07;pont_de_chavanay;AROMEHD;2026-10-07T04:00;4.5;8.9;182.0;17.6;0.0;;39.0;100.0;100.0;100.0;45.42;4.75;141.0;2026-10-06T19:15:00+02:00;2026-10-06T21:21:19+02:00;5a1a1f6bfa69
2026-10-07;pont_de_chavanay;AROMEHD;2026-10-07T05:00;3.1;8.0;173.0;17.3;0.0;;7.0;0.0;100.0;100.0;45.42;4.75;141.0;2026-10-06T19:15:00+02:00;2026-10-06T21:21:19+02:00;5a1a1f6bfa69
2026-10-07;pont_de_chavanay;AROMEHD;2026-10-07T06:00;4.3;8.4;177.0;17.0;0.0;;1.0;14.0;100.0;100.0;45.42;4.75;141.0;2026-10-06T19:15:00+02:00;2026-10-06T21:21:19+02:00;5a1a1f6bfa69
2026-10-07;pont_de_chavanay;AROMEHD;2026-10-07T07:00;2.1;8.6;158.0;16.9;0.0;;1.0;100.0;100.0;100.0;45.42;4.75;141.0;2026-10-06T19:15:00+02:00;2026-10-06T21:21:19+02:00;5a1a1f6bfa69
2026-10-07;pont_de_chavanay;AROMEHD;2026-10-07T08:00;1.4;8.0;188.0;16.5;0.0;;0.0;100.0;100.0;100.0;45.42;4.75;141.0;2026-10-06T19:15:00+02:00;2026-10-06T21:21:19+02:00;5a1a1f6bfa69
2026-10-07;pont_de_chavanay;AROMEHD;2026-10-07T09:00;8.4;15.2;184.0;18.6;0.0;;95.0;100.0;100.0;100.0;45.42;4.75;141.0;2026-10-06T19:15:00+02:00;2026-10-06T21:21:19+02:00;5a1a1f6bfa69
2026-10-07;pont_de_chavanay;AROMEHD;2026-10-07T10:00;5.3;15.4;156.0;17.8;0.6;;3.0;100.0;100.0;100.0;45.42;4.75;141.0;2026-10-06T19:15:00+02:00;2026-10-06T21:21:19+02:00;5a1a1f6bfa69
2026-10-07;pont_de_chavanay;AROMEHD;2026-10-07T11:00;4.2;9.3;152.0;17.2;1.2;;93.0;100.0;100.0;100.0;45.42;4.75;141.0;2026-10-06T19:15:00+02:00;2026-10-06T21:21:19+02:00;5a1a1f6bfa69
2026-10-07;pont_de_chavanay;AROMEHD;2026-10-07T12:00;2.6;7.6;167.0;17.1;0.4;;86.0;100.0;100.0;100.0;45.42;4.75;141.0;2026-10-06T19:15:00+02:00;2026-10-06T21:21:19+02:00;5a1a1f6bfa69
2026-10-07;pont_de_chavanay;AROMEHD;2026-10-07T13:00;3.0;6.0;157.0;17.9;0.1;;99.0;100.0;0.0;100.0;45.42;4.75;141.0;2026-10-06T19:15:00+02:00;2026-10-06T21:21:19+02:00;5a1a1f6bfa69
2026-10-07;pont_de_chavanay;AROMEHD;2026-10-07T14:00;2.4;6.0;171.0;18.3;0.2;;100.0;100.0;0.0;100.0;45.42;4.75;141.0;2026-10-06T19:15:00+02:00;2026-10-06T21:21:19+02:00;5a1a1f6bfa69
2026-10-07;pont_de_chavanay;AROMEHD;2026-10-07T15:00;3.5;7.0;171.0;17.8;1.7;;100.0;100.0;100.0;100.0;45.42;4.75;141.0;2026-10-06T19:15:00+02:00;2026-10-06T21:21:19+02:00;5a1a1f6bfa69
2026-10-07;pont_de_chavanay;AROMEHD;2026-10-07T16:00;4.5;8.9;173.0;17.9;0.1;;70.0;100.0;93.0;100.0;45.42;4.75;141.0;2026-10-06T19:15:00+02:00;2026-10-06T21:21:19+02:00;5a1a1f6bfa69
2026-10-07;pont_de_chavanay;AROMEHD;2026-10-07T17:00;6.1;10.9;162.0;18.1;0.0;;95.0;100.0;100.0;100.0;45.42;4.75;141.0;2026-10-06T19:15:00+02:00;2026-10-06T21:21:19+02:00;5a1a1f6bfa69
2026-10-07;pont_de_chavanay;AROMEHD;2026-10-07T18:00;6.6;12.6;166.0;17.8;0.0;;100.0;16.0;100.0;100.0;45.42;4.75;141.0;2026-10-06T19:15:00+02:00;2026-10-06T21:21:19+02:00;5a1a1f6bfa69
2026-10-07;pont_de_chavanay;AROMEHD;2026-10-07T19:00;4.7;11.9;171.0;17.5;0.4;;81.0;100.0;100.0;100.0;45.42;4.75;141.0;2026-10-06T19:15:00+02:00;2026-10-06T21:21:19+02:00;5a1a1f6bfa69
2026-10-07;pont_de_chavanay;AROMEHD;2026-10-07T20:00;4.3;8.7;183.0;17.2;0.9;;36.0;100.0;100.0;100.0;45.42;4.75;141.0;2026-10-06T19:15:00+02:00;2026-10-06T21:21:19+02:00;5a1a1f6bfa69
2026-10-07;pont_de_chavanay;AROMEHD;2026-10-07T21:00;3.5;7.8;180.0;17.1;0.1;;21.0;100.0;100.0;100.0;45.42;4.75;141.0;2026-10-06T19:15:00+02:00;2026-10-06T21:21:19+02:00;5a1a1f6bfa69
2026-10-07;pont_de_chavanay;AROMEHD;2026-10-07T22:00;3.1;6.8;180.0;17.3;0.0;;7.0;100.0;100.0;100.0;45.42;4.75;141.0;2026-10-06T19:15:00+02:00;2026-10-06T21:21:19+02:00;5a1a1f6bfa69
2026-10-07;pont_de_chavanay;AROMEHD;2026-10-07T23:00;2.3;6.6;160.0;17.3;0.0;;0.0;100.0;100.0;100.0;45.42;4.75;141.0;2026-10-06T19:15:00+02:00;2026-10-06T21:21:19+02:00;5a1a1f6bfa69
2026-10-07;pont_de_chavanay;AROMEHD;2026-10-08T00:00;3.9;7.2;174.0;16.9;0.4;;88.0;100.0;100.0;100.0;45.42;4.75;141.0;2026-10-06T19:15:00+02:00;2026-10-06T21:21:19+02:00;5a1a1f6bfa69
2026-10-07;pont_de_chavanay;ICONCH1;2026-10-07T01:00;3.1;4.7;180.0;16.6;0.0;100.0;0.0;6.0;100.0;100.0;45.416153;4.741211;147.0;2026-10-06T19:15:00+02:00;2026-10-06T21:21:19+02:00;5a1a1f6bfa69
2026-10-07;pont_de_chavanay;ICONCH1;2026-10-07T02:00;2.5;4.9;180.0;16.5;0.0;96.0;39.0;68.0;74.0;96.0;45.416153;4.741211;147.0;2026-10-06T19:15:00+02:00;2026-10-06T21:21:19+02:00;5a1a1f6bfa69
2026-10-07;pont_de_chavanay;ICONCH1;2026-10-07T03:00;4.5;6.8;170.0;16.2;0.0;100.0;0.0;38.0;100.0;100.0;45.416153;4.741211;147.0;2026-10-06T19:15:00+02:00;2026-10-06T21:21:19+02:00;5a1a1f6bfa69
2026-10-07;pont_de_chavanay;ICONCH1;2026-10-07T04:00;3.7;7.2;171.0;15.9;0.0;100.0;0.0;0.0;100.0;100.0;45.416153;4.741211;147.0;2026-10-06T19:15:00+02:00;2026-10-06T21:21:19+02:00;5a1a1f6bfa69
2026-10-07;pont_de_chavanay;ICONCH1;2026-10-07T05:00;0.6;5.6;180.0;15.5;0.0;100.0;6.0;8.0;100.0;100.0;45.416153;4.741211;147.0;2026-10-06T19:15:00+02:00;2026-10-06T21:21:19+02:00;5a1a1f6bfa69
2026-10-07;pont_de_chavanay;ICONCH1;2026-10-07T06:00;1.4;1.9;262.0;15.2;0.0;100.0;25.0;87.0;100.0;100.0;45.416153;4.741211;147.0;2026-10-06T19:15:00+02:00;2026-10-06T21:21:19+02:00;5a1a1f6bfa69
2026-10-07;pont_de_chavanay;ICONCH1;2026-10-07T07:00;1.2;1.9;261.0;15.4;0.0;100.0;0.0;100.0;100.0;100.0;45.416153;4.741211;147.0;2026-10-06T19:15:00+02:00;2026-10-06T21:21:19+02:00;5a1a1f6bfa69
2026-10-07;pont_de_chavanay;ICONCH1;2026-10-07T08:00;1.0;1.6;158.0;15.7;0.1;100.0;0.0;100.0;100.0;100.0;45.416153;4.741211;147.0;2026-10-06T19:15:00+02:00;2026-10-06T21:21:19+02:00;5a1a1f6bfa69
2026-10-07;pont_de_chavanay;ICONCH1;2026-10-07T09:00;4.1;6.2;149.0;16.8;0.4;100.0;0.0;100.0;100.0;100.0;45.416153;4.741211;147.0;2026-10-06T19:15:00+02:00;2026-10-06T21:21:19+02:00;5a1a1f6bfa69
2026-10-07;pont_de_chavanay;ICONCH1;2026-10-07T10:00;6.7;10.3;150.0;17.2;1.5;100.0;4.0;100.0;100.0;100.0;45.416153;4.741211;147.0;2026-10-06T19:15:00+02:00;2026-10-06T21:21:19+02:00;5a1a1f6bfa69
2026-10-07;pont_de_chavanay;ICONCH1;2026-10-07T11:00;5.6;10.3;146.0;17.4;2.7;100.0;57.0;100.0;100.0;100.0;45.416153;4.741211;147.0;2026-10-06T19:15:00+02:00;2026-10-06T21:21:19+02:00;5a1a1f6bfa69
2026-10-07;pont_de_chavanay;ICONCH1;2026-10-07T12:00;6.3;9.5;144.0;17.8;2.7;100.0;78.0;100.0;17.0;100.0;45.416153;4.741211;147.0;2026-10-06T19:15:00+02:00;2026-10-06T21:21:19+02:00;5a1a1f6bfa69
2026-10-07;pont_de_chavanay;ICONCH1;2026-10-07T13:00;8.0;12.6;146.0;17.9;0.9;99.0;71.0;86.0;83.0;99.0;45.416153;4.741211;147.0;2026-10-06T19:15:00+02:00;2026-10-06T21:21:19+02:00;5a1a1f6bfa69
2026-10-07;pont_de_chavanay;ICONCH1;2026-10-07T14:00;8.3;12.6;150.0;17.9;0.0;98.0;79.0;84.0;83.0;98.0;45.416153;4.741211;147.0;2026-10-06T19:15:00+02:00;2026-10-06T21:21:19+02:00;5a1a1f6bfa69
2026-10-07;pont_de_chavanay;ICONCH1;2026-10-07T15:00;11.1;17.3;149.0;19.1;0.0;100.0;56.0;23.0;99.0;100.0;45.416153;4.741211;147.0;2026-10-06T19:15:00+02:00;2026-10-06T21:21:19+02:00;5a1a1f6bfa69
2026-10-07;pont_de_chavanay;ICONCH1;2026-10-07T16:00;10.3;17.1;151.0;19.9;0.0;100.0;41.0;68.0;100.0;100.0;45.416153;4.741211;147.0;2026-10-06T19:15:00+02:00;2026-10-06T21:21:19+02:00;5a1a1f6bfa69
2026-10-07;pont_de_chavanay;ICONCH1;2026-10-07T17:00;9.2;16.1;150.0;20.5;0.0;100.0;45.0;30.0;100.0;100.0;45.416153;4.741211;147.0;2026-10-06T19:15:00+02:00;2026-10-06T21:21:19+02:00;5a1a1f6bfa69
2026-10-07;pont_de_chavanay;ICONCH1;2026-10-07T18:00;9.2;15.0;167.0;20.7;0.0;100.0;9.0;65.0;100.0;100.0;45.416153;4.741211;147.0;2026-10-06T19:15:00+02:00;2026-10-06T21:21:19+02:00;5a1a1f6bfa69
2026-10-07;pont_de_chavanay;ICONCH1;2026-10-07T19:00;10.4;15.6;162.0;19.8;0.0;100.0;15.0;100.0;100.0;100.0;45.416153;4.741211;147.0;2026-10-06T19:15:00+02:00;2026-10-06T21:21:19+02:00;5a1a1f6bfa69
2026-10-07;pont_de_chavanay;ICONCH1;2026-10-07T20:00;7.7;15.7;144.0;18.2;3.4;100.0;40.0;100.0;100.0;100.0;45.416153;4.741211;147.0;2026-10-06T19:15:00+02:00;2026-10-06T21:21:19+02:00;5a1a1f6bfa69
2026-10-07;pont_de_chavanay;ICONCH1;2026-10-07T21:00;4.3;12.2;129.0;17.7;9.4;100.0;73.0;100.0;100.0;100.0;45.416153;4.741211;147.0;2026-10-06T19:15:00+02:00;2026-10-06T21:21:19+02:00;5a1a1f6bfa69
2026-10-07;pont_de_chavanay;ICONCH1;2026-10-07T22:00;1.2;7.4;171.0;17.2;1.8;100.0;17.0;100.0;100.0;100.0;45.416153;4.741211;147.0;2026-10-06T19:15:00+02:00;2026-10-06T21:21:19+02:00;5a1a1f6bfa69
2026-10-07;pont_de_chavanay;ICONCH1;2026-10-07T23:00;2.3;5.6;149.0;16.5;1.6;100.0;61.0;100.0;100.0;100.0;45.416153;4.741211;147.0;2026-10-06T19:15:00+02:00;2026-10-06T21:21:19+02:00;5a1a1f6bfa69
2026-10-07;pont_de_chavanay;ICONCH1;2026-10-08T00:00;1.5;6.4;320.0;16.2;0.5;100.0;47.0;91.0;100.0;100.0;45.416153;4.741211;147.0;2026-10-06T19:15:00+02:00;2026-10-06T21:21:19+02:00;5a1a1f6bfa69
2026-10-07;portes_les_valence;AROMEHD;2026-10-07T01:00;5.0;12.4;191.0;18.9;1.9;;27.0;100.0;100.0;100.0;44.87;4.8599987;101.0;2026-10-06T19:15:00+02:00;2026-10-06T21:21:19+02:00;5a1a1f6bfa69
2026-10-07;portes_les_valence;AROMEHD;2026-10-07T02:00;5.1;9.7;184.0;18.3;0.0;;6.0;9.0;100.0;100.0;44.87;4.8599987;101.0;2026-10-06T19:15:00+02:00;2026-10-06T21:21:19+02:00;5a1a1f6bfa69
2026-10-07;portes_les_valence;AROMEHD;2026-10-07T03:00;4.4;8.6;195.0;17.9;0.0;;5.0;0.0;100.0;100.0;44.87;4.8599987;101.0;2026-10-06T19:15:00+02:00;2026-10-06T21:21:19+02:00;5a1a1f6bfa69
2026-10-07;portes_les_valence;AROMEHD;2026-10-07T04:00;4.2;8.4;193.0;17.6;0.0;;0.0;6.0;100.0;100.0;44.87;4.8599987;101.0;2026-10-06T19:15:00+02:00;2026-10-06T21:21:19+02:00;5a1a1f6bfa69
2026-10-07;portes_les_valence;AROMEHD;2026-10-07T05:00;3.7;7.0;171.0;17.4;0.0;;0.0;100.0;100.0;100.0;44.87;4.8599987;101.0;2026-10-06T19:15:00+02:00;2026-10-06T21:21:19+02:00;5a1a1f6bfa69
2026-10-07;portes_les_valence;AROMEHD;2026-10-07T06:00;4.7;7.2;187.0;17.2;0.0;;0.0;100.0;100.0;100.0;44.87;4.8599987;101.0;2026-10-06T19:15:00+02:00;2026-10-06T21:21:19+02:00;5a1a1f6bfa69
2026-10-07;portes_les_valence;AROMEHD;2026-10-07T07:00;6.2;9.9;200.0;17.1;0.2;;0.0;100.0;100.0;100.0;44.87;4.8599987;101.0;2026-10-06T19:15:00+02:00;2026-10-06T21:21:19+02:00;5a1a1f6bfa69
2026-10-07;portes_les_valence;AROMEHD;2026-10-07T08:00;6.2;11.5;229.0;17.1;1.1;;56.0;100.0;100.0;100.0;44.87;4.8599987;101.0;2026-10-06T19:15:00+02:00;2026-10-06T21:21:19+02:00;5a1a1f6bfa69
2026-10-07;portes_les_valence;AROMEHD;2026-10-07T09:00;4.2;10.1;233.0;17.2;0.8;;7.0;100.0;100.0;100.0;44.87;4.8599987;101.0;2026-10-06T19:15:00+02:00;2026-10-06T21:21:19+02:00;5a1a1f6bfa69
2026-10-07;portes_les_valence;AROMEHD;2026-10-07T10:00;3.7;6.8;267.0;17.1;1.8;;34.0;100.0;100.0;100.0;44.87;4.8599987;101.0;2026-10-06T19:15:00+02:00;2026-10-06T21:21:19+02:00;5a1a1f6bfa69
2026-10-07;portes_les_valence;AROMEHD;2026-10-07T11:00;2.5;5.1;23.0;17.3;0.6;;77.0;100.0;100.0;100.0;44.87;4.8599987;101.0;2026-10-06T19:15:00+02:00;2026-10-06T21:21:19+02:00;5a1a1f6bfa69
2026-10-07;portes_les_valence;AROMEHD;2026-10-07T12:00;3.3;5.2;339.0;17.2;2.1;;100.0;100.0;93.0;100.0;44.87;4.8599987;101.0;2026-10-06T19:15:00+02:00;2026-10-06T21:21:19+02:00;5a1a1f6bfa69
2026-10-07;portes_les_valence;AROMEHD;2026-10-07T13:00;3.1;4.9;30.0;17.3;3.1;;100.0;100.0;99.0;100.0;44.87;4.8599987;101.0;2026-10-06T19:15:00+02:00;2026-10-06T21:21:19+02:00;5a1a1f6bfa69
2026-10-07;portes_les_valence;AROMEHD;2026-10-07T14:00;1.6;5.8;104.0;17.3;1.0;;100.0;100.0;89.0;100.0;44.87;4.8599987;101.0;2026-10-06T19:15:00+02:00;2026-10-06T21:21:19+02:00;5a1a1f6bfa69
2026-10-07;portes_les_valence;AROMEHD;2026-10-07T15:00;2.3;4.7;149.0;17.4;0.6;;100.0;100.0;100.0;100.0;44.87;4.8599987;101.0;2026-10-06T19:15:00+02:00;2026-10-06T21:21:19+02:00;5a1a1f6bfa69
2026-10-07;portes_les_valence;AROMEHD;2026-10-07T16:00;3.4;7.2;190.0;17.8;0.4;;100.0;0.0;100.0;100.0;44.87;4.8599987;101.0;2026-10-06T19:15:00+02:00;2026-10-06T21:21:19+02:00;5a1a1f6bfa69
2026-10-07;portes_les_valence;AROMEHD;2026-10-07T17:00;5.1;8.4;178.0;18.0;0.0;;100.0;0.0;100.0;100.0;44.87;4.8599987;101.0;2026-10-06T19:15:00+02:00;2026-10-06T21:21:19+02:00;5a1a1f6bfa69
2026-10-07;portes_les_valence;AROMEHD;2026-10-07T18:00;5.8;9.7;206.0;18.1;0.0;;100.0;0.0;100.0;100.0;44.87;4.8599987;101.0;2026-10-06T19:15:00+02:00;2026-10-06T21:21:19+02:00;5a1a1f6bfa69
2026-10-07;portes_les_valence;AROMEHD;2026-10-07T19:00;6.6;11.9;201.0;18.1;0.4;;76.0;70.0;100.0;100.0;44.87;4.8599987;101.0;2026-10-06T19:15:00+02:00;2026-10-06T21:21:19+02:00;5a1a1f6bfa69
2026-10-07;portes_les_valence;AROMEHD;2026-10-07T20:00;7.6;11.7;203.0;17.9;0.3;;58.0;100.0;100.0;100.0;44.87;4.8599987;101.0;2026-10-06T19:15:00+02:00;2026-10-06T21:21:19+02:00;5a1a1f6bfa69
2026-10-07;portes_les_valence;AROMEHD;2026-10-07T21:00;4.0;12.8;157.0;17.7;11.3;;17.0;100.0;100.0;100.0;44.87;4.8599987;101.0;2026-10-06T19:15:00+02:00;2026-10-06T21:21:19+02:00;5a1a1f6bfa69
2026-10-07;portes_les_valence;AROMEHD;2026-10-07T22:00;2.8;6.2;214.0;17.4;0.1;;48.0;100.0;100.0;100.0;44.87;4.8599987;101.0;2026-10-06T19:15:00+02:00;2026-10-06T21:21:19+02:00;5a1a1f6bfa69
2026-10-07;portes_les_valence;AROMEHD;2026-10-07T23:00;3.7;6.0;189.0;17.5;0.1;;14.0;100.0;100.0;100.0;44.87;4.8599987;101.0;2026-10-06T19:15:00+02:00;2026-10-06T21:21:19+02:00;5a1a1f6bfa69
2026-10-07;portes_les_valence;AROMEHD;2026-10-08T00:00;5.7;15.2;176.0;17.7;0.0;;11.0;100.0;100.0;100.0;44.87;4.8599987;101.0;2026-10-06T19:15:00+02:00;2026-10-06T21:21:19+02:00;5a1a1f6bfa69
2026-10-07;portes_les_valence;ICONCH1;2026-10-07T01:00;6.1;9.5;215.0;18.7;0.0;100.0;46.0;100.0;61.0;100.0;44.870667;4.8635864;103.0;2026-10-06T19:15:00+02:00;2026-10-06T21:21:19+02:00;5a1a1f6bfa69
2026-10-07;portes_les_valence;ICONCH1;2026-10-07T02:00;6.8;11.5;198.0;18.0;0.0;100.0;47.0;0.0;100.0;100.0;44.870667;4.8635864;103.0;2026-10-06T19:15:00+02:00;2026-10-06T21:21:19+02:00;5a1a1f6bfa69
2026-10-07;portes_les_valence;ICONCH1;2026-10-07T03:00;4.4;10.7;195.0;17.2;0.0;100.0;22.0;8.0;100.0;100.0;44.870667;4.8635864;103.0;2026-10-06T19:15:00+02:00;2026-10-06T21:21:19+02:00;5a1a1f6bfa69
2026-10-07;portes_les_valence;ICONCH1;2026-10-07T04:00;4.9;8.0;217.0;16.9;0.0;100.0;5.0;14.0;100.0;100.0;44.870667;4.8635864;103.0;2026-10-06T19:15:00+02:00;2026-10-06T21:21:19+02:00;5a1a1f6bfa69
2026-10-07;portes_les_valence;ICONCH1;2026-10-07T05:00;3.7;7.6;171.0;16.8;0.0;100.0;0.0;91.0;100.0;100.0;44.870667;4.8635864;103.0;2026-10-06T19:15:00+02:00;2026-10-06T21:21:19+02:00;5a1a1f6bfa69
2026-10-07;portes_les_valence;ICONCH1;2026-10-07T06:00;4.3;6.6;177.0;16.9;0.0;100.0;0.0;100.0;100.0;100.0;44.870667;4.8635864;103.0;2026-10-06T19:15:00+02:00;2026-10-06T21:21:19+02:00;5a1a1f6bfa69
2026-10-07;portes_les_valence;ICONCH1;2026-10-07T07:00;4.3;8.0;170.0;17.1;0.1;100.0;0.0;100.0;100.0;100.0;44.870667;4.8635864;103.0;2026-10-06T19:15:00+02:00;2026-10-06T21:21:19+02:00;5a1a1f6bfa69
2026-10-07;portes_les_valence;ICONCH1;2026-10-07T08:00;5.5;8.6;184.0;17.1;0.5;100.0;0.0;100.0;100.0;100.0;44.870667;4.8635864;103.0;2026-10-06T19:15:00+02:00;2026-10-06T21:21:19+02:00;5a1a1f6bfa69
2026-10-07;portes_les_valence;ICONCH1;2026-10-07T09:00;3.4;8.4;170.0;16.9;2.4;100.0;15.0;100.0;100.0;100.0;44.870667;4.8635864;103.0;2026-10-06T19:15:00+02:00;2026-10-06T21:21:19+02:00;5a1a1f6bfa69
2026-10-07;portes_les_valence;ICONCH1;2026-10-07T10:00;3.1;7.6;150.0;16.8;5.2;100.0;57.0;100.0;100.0;100.0;44.870667;4.8635864;103.0;2026-10-06T19:15:00+02:00;2026-10-06T21:21:19+02:00;5a1a1f6bfa69
2026-10-07;portes_les_valence;ICONCH1;2026-10-07T11:00;1.7;6.2;216.0;17.1;7.3;100.0;91.0;100.0;100.0;100.0;44.870667;4.8635864;103.0;2026-10-06T19:15:00+02:00;2026-10-06T21:21:19+02:00;5a1a1f6bfa69
2026-10-07;portes_les_valence;ICONCH1;2026-10-07T12:00;3.1;5.1;162.0;17.5;0.5;100.0;98.0;100.0;0.0;100.0;44.870667;4.8635864;103.0;2026-10-06T19:15:00+02:00;2026-10-06T21:21:19+02:00;5a1a1f6bfa69
2026-10-07;portes_les_valence;ICONCH1;2026-10-07T13:00;3.5;6.2;142.0;18.0;0.0;100.0;84.0;100.0;93.0;100.0;44.870667;4.8635864;103.0;2026-10-06T19:15:00+02:00;2026-10-06T21:21:19+02:00;5a1a1f6bfa69
2026-10-07;portes_les_valence;ICONCH1;2026-10-07T14:00;3.7;7.6;162.0;18.3;0.0;100.0;100.0;100.0;44.0;100.0;44.870667;4.8635864;103.0;2026-10-06T19:15:00+02:00;2026-10-06T21:21:19+02:00;5a1a1f6bfa69
2026-10-07;portes_les_valence;ICONCH1;2026-10-07T15:00;5.1;8.4;191.0;19.0;0.0;100.0;94.0;88.0;100.0;100.0;44.870667;4.8635864;103.0;2026-10-06T19:15:00+02:00;2026-10-06T21:21:19+02:00;5a1a1f6bfa69
2026-10-07;portes_les_valence;ICONCH1;2026-10-07T16:00;9.2;14.6;197.0;19.2;0.0;100.0;83.0;100.0;100.0;100.0;44.870667;4.8635864;103.0;2026-10-06T19:15:00+02:00;2026-10-06T21:21:19+02:00;5a1a1f6bfa69
2026-10-07;portes_les_valence;ICONCH1;2026-10-07T17:00;8.6;14.4;201.0;19.1;0.1;100.0;81.0;100.0;100.0;100.0;44.870667;4.8635864;103.0;2026-10-06T19:15:00+02:00;2026-10-06T21:21:19+02:00;5a1a1f6bfa69
2026-10-07;portes_les_valence;ICONCH1;2026-10-07T18:00;6.4;14.2;215.0;18.4;5.4;100.0;77.0;100.0;100.0;100.0;44.870667;4.8635864;103.0;2026-10-06T19:15:00+02:00;2026-10-06T21:21:19+02:00;5a1a1f6bfa69
2026-10-07;portes_les_valence;ICONCH1;2026-10-07T19:00;4.0;12.4;227.0;18.0;11.3;100.0;73.0;97.0;100.0;100.0;44.870667;4.8635864;103.0;2026-10-06T19:15:00+02:00;2026-10-06T21:21:19+02:00;5a1a1f6bfa69
2026-10-07;portes_les_valence;ICONCH1;2026-10-07T20:00;6.1;9.7;230.0;18.4;0.3;100.0;100.0;100.0;100.0;100.0;44.870667;4.8635864;103.0;2026-10-06T19:15:00+02:00;2026-10-06T21:21:19+02:00;5a1a1f6bfa69
2026-10-07;portes_les_valence;ICONCH1;2026-10-07T21:00;7.8;22.7;180.0;16.0;3.8;100.0;72.0;100.0;100.0;100.0;44.870667;4.8635864;103.0;2026-10-06T19:15:00+02:00;2026-10-06T21:21:19+02:00;5a1a1f6bfa69
2026-10-07;portes_les_valence;ICONCH1;2026-10-07T22:00;6.4;13.8;194.0;15.9;0.3;100.0;66.0;69.0;100.0;100.0;44.870667;4.8635864;103.0;2026-10-06T19:15:00+02:00;2026-10-06T21:21:19+02:00;5a1a1f6bfa69
2026-10-07;portes_les_valence;ICONCH1;2026-10-07T23:00;8.8;13.8;194.0;16.0;0.0;100.0;53.0;100.0;100.0;100.0;44.870667;4.8635864;103.0;2026-10-06T19:15:00+02:00;2026-10-06T21:21:19+02:00;5a1a1f6bfa69
2026-10-07;portes_les_valence;ICONCH1;2026-10-08T00:00;7.3;16.3;209.0;15.6;0.1;100.0;63.0;100.0;100.0;100.0;44.870667;4.8635864;103.0;2026-10-06T19:15:00+02:00;2026-10-06T21:21:19+02:00;5a1a1f6bfa69
2026-10-07;roche_de_glun;AROMEHD;2026-10-07T01:00;3.3;11.3;159.0;19.1;0.2;;15.0;100.0;98.0;100.0;45.03;4.84;116.0;2026-10-06T19:15:00+02:00;2026-10-06T21:21:19+02:00;5a1a1f6bfa69
2026-10-07;roche_de_glun;AROMEHD;2026-10-07T02:00;3.7;9.3;133.0;18.5;0.0;;4.0;88.0;100.0;100.0;45.03;4.84;116.0;2026-10-06T19:15:00+02:00;2026-10-06T21:21:19+02:00;5a1a1f6bfa69
2026-10-07;roche_de_glun;AROMEHD;2026-10-07T03:00;3.4;7.4;149.0;18.0;0.0;;5.0;13.0;100.0;100.0;45.03;4.84;116.0;2026-10-06T19:15:00+02:00;2026-10-06T21:21:19+02:00;5a1a1f6bfa69
2026-10-07;roche_de_glun;AROMEHD;2026-10-07T04:00;2.4;7.0;125.0;17.4;0.0;;4.0;0.0;100.0;100.0;45.03;4.84;116.0;2026-10-06T19:15:00+02:00;2026-10-06T21:21:19+02:00;5a1a1f6bfa69
2026-10-07;roche_de_glun;AROMEHD;2026-10-07T05:00;0.5;4.3;225.0;16.7;0.0;;15.0;24.0;100.0;100.0;45.03;4.84;116.0;2026-10-06T19:15:00+02:00;2026-10-06T21:21:19+02:00;5a1a1f6bfa69
2026-10-07;roche_de_glun;AROMEHD;2026-10-07T06:00;0.7;2.5;124.0;16.5;0.0;;2.0;94.0;100.0;100.0;45.03;4.84;116.0;2026-10-06T19:15:00+02:00;2026-10-06T21:21:19+02:00;5a1a1f6bfa69
2026-10-07;roche_de_glun;AROMEHD;2026-10-07T07:00;3.3;7.6;173.0;17.3;0.0;;0.0;100.0;100.0;100.0;45.03;4.84;116.0;2026-10-06T19:15:00+02:00;2026-10-06T21:21:19+02:00;5a1a1f6bfa69
2026-10-07;roche_de_glun;AROMEHD;2026-10-07T08:00;5.3;12.4;208.0;17.3;0.4;;100.0;100.0;100.0;100.0;45.03;4.84;116.0;2026-10-06T19:15:00+02:00;2026-10-06T21:21:19+02:00;5a1a1f6bfa69
2026-10-07;roche_de_glun;AROMEHD;2026-10-07T09:00;2.1;11.3;158.0;17.0;0.8;;91.0;100.0;100.0;100.0;45.03;4.84;116.0;2026-10-06T19:15:00+02:00;2026-10-06T21:21:19+02:00;5a1a1f6bfa69
2026-10-07;roche_de_glun;AROMEHD;2026-10-07T10:00;1.0;4.7;53.0;16.9;1.4;;8.0;100.0;100.0;100.0;45.03;4.84;116.0;2026-10-06T19:15:00+02:00;2026-10-06T21:21:19+02:00;5a1a1f6bfa69
2026-10-07;roche_de_glun;AROMEHD;2026-10-07T11:00;1.0;4.3;11.0;16.8;1.1;;100.0;100.0;100.0;100.0;45.03;4.84;116.0;2026-10-06T19:15:00+02:00;2026-10-06T21:21:19+02:00;5a1a1f6bfa69
2026-10-07;roche_de_glun;AROMEHD;2026-10-07T12:00;1.7;3.9;69.0;17.2;0.1;;100.0;100.0;100.0;100.0;45.03;4.84;116.0;2026-10-06T19:15:00+02:00;2026-10-06T21:21:19+02:00;5a1a1f6bfa69
2026-10-07;roche_de_glun;AROMEHD;2026-10-07T13:00;2.0;3.3;73.0;17.2;0.7;;100.0;100.0;28.0;100.0;45.03;4.84;116.0;2026-10-06T19:15:00+02:00;2026-10-06T21:21:19+02:00;5a1a1f6bfa69
2026-10-07;roche_de_glun;AROMEHD;2026-10-07T14:00;1.2;4.5;99.0;17.3;1.5;;100.0;100.0;3.0;100.0;45.03;4.84;116.0;2026-10-06T19:15:00+02:00;2026-10-06T21:21:19+02:00;5a1a1f6bfa69
2026-10-07;roche_de_glun;AROMEHD;2026-10-07T15:00;2.3;4.9;149.0;17.3;2.6;;100.0;65.0;100.0;100.0;45.03;4.84;116.0;2026-10-06T19:15:00+02:00;2026-10-06T21:21:19+02:00;5a1a1f6bfa69
2026-10-07;roche_de_glun;AROMEHD;2026-10-07T16:00;3.7;8.0;162.0;17.5;0.3;;100.0;9.0;100.0;100.0;45.03;4.84;116.0;2026-10-06T19:15:00+02:00;2026-10-06T21:21:19+02:00;5a1a1f6bfa69
2026-10-07;roche_de_glun;AROMEHD;2026-10-07T17:00;4.6;11.1;147.0;17.8;0.0;;84.0;0.0;100.0;100.0;45.03;4.84;116.0;2026-10-06T19:15:00+02:00;2026-10-06T21:21:19+02:00;5a1a1f6bfa69
2026-10-07;roche_de_glun;AROMEHD;2026-10-07T18:00;3.0;10.5;148.0;18.0;0.0;;83.0;1.0;100.0;100.0;45.03;4.84;116.0;2026-10-06T19:15:00+02:00;2026-10-06T21:21:19+02:00;5a1a1f6bfa69
2026-10-07;roche_de_glun;AROMEHD;2026-10-07T19:00;5.0;13.0;149.0;17.8;0.0;;28.0;100.0;100.0;100.0;45.03;4.84;116.0;2026-10-06T19:15:00+02:00;2026-10-06T21:21:19+02:00;5a1a1f6bfa69
2026-10-07;roche_de_glun;AROMEHD;2026-10-07T20:00;2.8;11.1;146.0;18.3;0.0;;1.0;100.0;100.0;100.0;45.03;4.84;116.0;2026-10-06T19:15:00+02:00;2026-10-06T21:21:19+02:00;5a1a1f6bfa69
2026-10-07;roche_de_glun;AROMEHD;2026-10-07T21:00;5.2;13.6;165.0;17.8;0.4;;0.0;100.0;100.0;100.0;45.03;4.84;116.0;2026-10-06T19:15:00+02:00;2026-10-06T21:21:19+02:00;5a1a1f6bfa69
2026-10-07;roche_de_glun;AROMEHD;2026-10-07T22:00;3.5;11.7;142.0;17.3;0.4;;0.0;100.0;100.0;100.0;45.03;4.84;116.0;2026-10-06T19:15:00+02:00;2026-10-06T21:21:19+02:00;5a1a1f6bfa69
2026-10-07;roche_de_glun;AROMEHD;2026-10-07T23:00;4.8;11.1;159.0;17.4;0.1;;49.0;100.0;100.0;100.0;45.03;4.84;116.0;2026-10-06T19:15:00+02:00;2026-10-06T21:21:19+02:00;5a1a1f6bfa69
2026-10-07;roche_de_glun;AROMEHD;2026-10-08T00:00;7.6;16.9;173.0;17.8;0.5;;97.0;100.0;100.0;100.0;45.03;4.84;116.0;2026-10-06T19:15:00+02:00;2026-10-06T21:21:19+02:00;5a1a1f6bfa69
2026-10-07;roche_de_glun;ICONCH1;2026-10-07T01:00;6.9;10.9;164.0;18.0;0.0;100.0;51.0;73.0;100.0;100.0;45.020344;4.8496704;118.0;2026-10-06T19:15:00+02:00;2026-10-06T21:21:19+02:00;5a1a1f6bfa69
2026-10-07;roche_de_glun;ICONCH1;2026-10-07T02:00;5.2;10.9;135.0;17.5;0.0;100.0;0.0;4.0;100.0;100.0;45.020344;4.8496704;118.0;2026-10-06T19:15:00+02:00;2026-10-06T21:21:19+02:00;5a1a1f6bfa69
2026-10-07;roche_de_glun;ICONCH1;2026-10-07T03:00;3.7;8.0;129.0;17.0;0.0;100.0;0.0;0.0;100.0;100.0;45.020344;4.8496704;118.0;2026-10-06T19:15:00+02:00;2026-10-06T21:21:19+02:00;5a1a1f6bfa69
2026-10-07;roche_de_glun;ICONCH1;2026-10-07T04:00;0.8;5.8;166.0;16.6;0.0;100.0;0.0;41.0;100.0;100.0;45.020344;4.8496704;118.0;2026-10-06T19:15:00+02:00;2026-10-06T21:21:19+02:00;5a1a1f6bfa69
2026-10-07;roche_de_glun;ICONCH1;2026-10-07T05:00;1.1;1.7;121.0;16.2;0.0;100.0;0.0;73.0;100.0;100.0;45.020344;4.8496704;118.0;2026-10-06T19:15:00+02:00;2026-10-06T21:21:19+02:00;5a1a1f6bfa69
2026-10-07;roche_de_glun;ICONCH1;2026-10-07T06:00;1.4;2.7;180.0;16.4;0.0;100.0;0.0;99.0;100.0;100.0;45.020344;4.8496704;118.0;2026-10-06T19:15:00+02:00;2026-10-06T21:21:19+02:00;5a1a1f6bfa69
2026-10-07;roche_de_glun;ICONCH1;2026-10-07T07:00;2.4;4.1;119.0;16.6;0.1;100.0;0.0;100.0;100.0;100.0;45.020344;4.8496704;118.0;2026-10-06T19:15:00+02:00;2026-10-06T21:21:19+02:00;5a1a1f6bfa69
2026-10-07;roche_de_glun;ICONCH1;2026-10-07T08:00;3.0;4.9;105.0;16.8;0.4;100.0;0.0;100.0;100.0;100.0;45.020344;4.8496704;118.0;2026-10-06T19:15:00+02:00;2026-10-06T21:21:19+02:00;5a1a1f6bfa69
2026-10-07;roche_de_glun;ICONCH1;2026-10-07T09:00;2.4;5.1;76.0;16.7;1.7;100.0;7.0;100.0;100.0;100.0;45.020344;4.8496704;118.0;2026-10-06T19:15:00+02:00;2026-10-06T21:21:19+02:00;5a1a1f6bfa69
2026-10-07;roche_de_glun;ICONCH1;2026-10-07T10:00;1.6;3.9;45.0;16.7;3.6;100.0;51.0;100.0;100.0;100.0;45.020344;4.8496704;118.0;2026-10-06T19:15:00+02:00;2026-10-06T21:21:19+02:00;5a1a1f6bfa69
2026-10-07;roche_de_glun;ICONCH1;2026-10-07T11:00;1.2;3.7;108.0;17.0;3.7;100.0;73.0;100.0;100.0;100.0;45.020344;4.8496704;118.0;2026-10-06T19:15:00+02:00;2026-10-06T21:21:19+02:00;5a1a1f6bfa69
2026-10-07;roche_de_glun;ICONCH1;2026-10-07T12:00;2.5;5.2;72.0;17.3;2.2;100.0;100.0;100.0;0.0;100.0;45.020344;4.8496704;118.0;2026-10-06T19:15:00+02:00;2026-10-06T21:21:19+02:00;5a1a1f6bfa69
2026-10-07;roche_de_glun;ICONCH1;2026-10-07T13:00;2.2;5.1;135.0;17.4;0.1;98.0;93.0;96.0;25.0;98.0;45.020344;4.8496704;118.0;2026-10-06T19:15:00+02:00;2026-10-06T21:21:19+02:00;5a1a1f6bfa69
2026-10-07;roche_de_glun;ICONCH1;2026-10-07T14:00;5.1;8.6;148.0;18.2;0.0;100.0;100.0;91.0;63.0;100.0;45.020344;4.8496704;118.0;2026-10-06T19:15:00+02:00;2026-10-06T21:21:19+02:00;5a1a1f6bfa69
2026-10-07;roche_de_glun;ICONCH1;2026-10-07T15:00;4.4;8.6;148.0;18.8;0.0;99.0;88.0;54.0;93.0;99.0;45.020344;4.8496704;118.0;2026-10-06T19:15:00+02:00;2026-10-06T21:21:19+02:00;5a1a1f6bfa69
2026-10-07;roche_de_glun;ICONCH1;2026-10-07T16:00;6.5;10.7;157.0;20.0;0.0;100.0;90.0;71.0;100.0;100.0;45.020344;4.8496704;118.0;2026-10-06T19:15:00+02:00;2026-10-06T21:21:19+02:00;5a1a1f6bfa69
2026-10-07;roche_de_glun;ICONCH1;2026-10-07T17:00;10.3;16.9;184.0;19.9;0.0;100.0;85.0;94.0;100.0;100.0;45.020344;4.8496704;118.0;2026-10-06T19:15:00+02:00;2026-10-06T21:21:19+02:00;5a1a1f6bfa69
2026-10-07;roche_de_glun;ICONCH1;2026-10-07T18:00;8.5;16.3;191.0;19.3;0.1;100.0;83.0;100.0;100.0;100.0;45.020344;4.8496704;118.0;2026-10-06T19:15:00+02:00;2026-10-06T21:21:19+02:00;5a1a1f6bfa69
2026-10-07;roche_de_glun;ICONCH1;2026-10-07T19:00;9.9;15.4;165.0;18.5;4.7;100.0;54.0;100.0;100.0;100.0;45.020344;4.8496704;118.0;2026-10-06T19:15:00+02:00;2026-10-06T21:21:19+02:00;5a1a1f6bfa69
2026-10-07;roche_de_glun;ICONCH1;2026-10-07T20:00;7.9;15.9;196.0;18.9;0.2;100.0;80.0;100.0;100.0;100.0;45.020344;4.8496704;118.0;2026-10-06T19:15:00+02:00;2026-10-06T21:21:19+02:00;5a1a1f6bfa69
2026-10-07;roche_de_glun;ICONCH1;2026-10-07T21:00;7.2;21.8;161.0;17.2;9.2;100.0;18.0;100.0;100.0;100.0;45.020344;4.8496704;118.0;2026-10-06T19:15:00+02:00;2026-10-06T21:21:19+02:00;5a1a1f6bfa69
2026-10-07;roche_de_glun;ICONCH1;2026-10-07T22:00;9.3;14.8;163.0;15.6;0.0;100.0;11.0;60.0;100.0;100.0;45.020344;4.8496704;118.0;2026-10-06T19:15:00+02:00;2026-10-06T21:21:19+02:00;5a1a1f6bfa69
2026-10-07;roche_de_glun;ICONCH1;2026-10-07T23:00;4.9;14.6;127.0;15.9;0.0;100.0;6.0;100.0;100.0;100.0;45.020344;4.8496704;118.0;2026-10-06T19:15:00+02:00;2026-10-06T21:21:19+02:00;5a1a1f6bfa69
2026-10-07;roche_de_glun;ICONCH1;2026-10-08T00:00;8.7;13.6;151.0;15.7;0.0;100.0;82.0;100.0;100.0;100.0;45.020344;4.8496704;118.0;2026-10-06T19:15:00+02:00;2026-10-06T21:21:19+02:00;5a1a1f6bfa69
2026-10-07;st_alban_du_rhone;AROMEHD;2026-10-07T01:00;5.5;9.3;163.0;17.5;0.0;;0.0;0.0;100.0;100.0;45.39;4.76;140.0;2026-10-06T19:15:00+02:00;2026-10-06T21:21:19+02:00;5a1a1f6bfa69
2026-10-07;st_alban_du_rhone;AROMEHD;2026-10-07T02:00;5.4;8.2;167.0;17.3;0.0;;0.0;0.0;100.0;100.0;45.39;4.76;140.0;2026-10-06T19:15:00+02:00;2026-10-06T21:21:19+02:00;5a1a1f6bfa69
2026-10-07;st_alban_du_rhone;AROMEHD;2026-10-07T03:00;5.6;9.3;166.0;17.3;0.0;;17.0;100.0;100.0;100.0;45.39;4.76;140.0;2026-10-06T19:15:00+02:00;2026-10-06T21:21:19+02:00;5a1a1f6bfa69
2026-10-07;st_alban_du_rhone;AROMEHD;2026-10-07T04:00;5.6;9.5;178.0;17.5;0.0;;21.0;100.0;100.0;100.0;45.39;4.76;140.0;2026-10-06T19:15:00+02:00;2026-10-06T21:21:19+02:00;5a1a1f6bfa69
2026-10-07;st_alban_du_rhone;AROMEHD;2026-10-07T05:00;4.7;8.6;173.0;16.9;0.0;;2.0;0.0;100.0;100.0;45.39;4.76;140.0;2026-10-06T19:15:00+02:00;2026-10-06T21:21:19+02:00;5a1a1f6bfa69
2026-10-07;st_alban_du_rhone;AROMEHD;2026-10-07T06:00;6.6;9.7;182.0;16.7;0.0;;1.0;21.0;100.0;100.0;45.39;4.76;140.0;2026-10-06T19:15:00+02:00;2026-10-06T21:21:19+02:00;5a1a1f6bfa69
2026-10-07;st_alban_du_rhone;AROMEHD;2026-10-07T07:00;6.4;9.9;180.0;16.6;0.0;;0.0;100.0;100.0;100.0;45.39;4.76;140.0;2026-10-06T19:15:00+02:00;2026-10-06T21:21:19+02:00;5a1a1f6bfa69
2026-10-07;st_alban_du_rhone;AROMEHD;2026-10-07T08:00;6.9;10.9;151.0;16.9;0.0;;0.0;100.0;100.0;100.0;45.39;4.76;140.0;2026-10-06T19:15:00+02:00;2026-10-06T21:21:19+02:00;5a1a1f6bfa69
2026-10-07;st_alban_du_rhone;AROMEHD;2026-10-07T09:00;8.8;14.8;183.0;18.3;0.1;;100.0;100.0;100.0;100.0;45.39;4.76;140.0;2026-10-06T19:15:00+02:00;2026-10-06T21:21:19+02:00;5a1a1f6bfa69
2026-10-07;st_alban_du_rhone;AROMEHD;2026-10-07T10:00;5.6;14.4;146.0;17.3;0.8;;1.0;100.0;100.0;100.0;45.39;4.76;140.0;2026-10-06T19:15:00+02:00;2026-10-06T21:21:19+02:00;5a1a1f6bfa69
2026-10-07;st_alban_du_rhone;AROMEHD;2026-10-07T11:00;4.4;9.1;148.0;17.0;1.2;;34.0;100.0;100.0;100.0;45.39;4.76;140.0;2026-10-06T19:15:00+02:00;2026-10-06T21:21:19+02:00;5a1a1f6bfa69
2026-10-07;st_alban_du_rhone;AROMEHD;2026-10-07T12:00;2.8;7.2;155.0;17.0;0.6;;67.0;100.0;100.0;100.0;45.39;4.76;140.0;2026-10-06T19:15:00+02:00;2026-10-06T21:21:19+02:00;5a1a1f6bfa69
2026-10-07;st_alban_du_rhone;AROMEHD;2026-10-07T13:00;3.6;6.6;151.0;17.7;0.4;;100.0;100.0;0.0;100.0;45.39;4.76;140.0;2026-10-06T19:15:00+02:00;2026-10-06T21:21:19+02:00;5a1a1f6bfa69
2026-10-07;st_alban_du_rhone;AROMEHD;2026-10-07T14:00;3.1;6.2;187.0;17.8;0.1;;100.0;100.0;0.0;100.0;45.39;4.76;140.0;2026-10-06T19:15:00+02:00;2026-10-06T21:21:19+02:00;5a1a1f6bfa69
2026-10-07;st_alban_du_rhone;AROMEHD;2026-10-07T15:00;4.1;6.6;161.0;17.4;2.4;;100.0;100.0;100.0;100.0;45.39;4.76;140.0;2026-10-06T19:15:00+02:00;2026-10-06T21:21:19+02:00;5a1a1f6bfa69
2026-10-07;st_alban_du_rhone;AROMEHD;2026-10-07T16:00;4.6;8.6;160.0;17.8;0.2;;81.0;100.0;100.0;100.0;45.39;4.76;140.0;2026-10-06T19:15:00+02:00;2026-10-06T21:21:19+02:00;5a1a1f6bfa69
2026-10-07;st_alban_du_rhone;AROMEHD;2026-10-07T17:00;7.5;12.2;152.0;18.0;0.0;;100.0;79.0;100.0;100.0;45.39;4.76;140.0;2026-10-06T19:15:00+02:00;2026-10-06T21:21:19+02:00;5a1a1f6bfa69
2026-10-07;st_alban_du_rhone;AROMEHD;2026-10-07T18:00;6.3;12.6;162.0;17.7;0.0;;100.0;6.0;100.0;100.0;45.39;4.76;140.0;2026-10-06T19:15:00+02:00;2026-10-06T21:21:19+02:00;5a1a1f6bfa69
2026-10-07;st_alban_du_rhone;AROMEHD;2026-10-07T19:00;5.5;11.9;153.0;17.3;0.9;;99.0;100.0;100.0;100.0;45.39;4.76;140.0;2026-10-06T19:15:00+02:00;2026-10-06T21:21:19+02:00;5a1a1f6bfa69
2026-10-07;st_alban_du_rhone;AROMEHD;2026-10-07T20:00;4.8;8.7;168.0;17.0;0.6;;19.0;100.0;100.0;100.0;45.39;4.76;140.0;2026-10-06T19:15:00+02:00;2026-10-06T21:21:19+02:00;5a1a1f6bfa69
2026-10-07;st_alban_du_rhone;AROMEHD;2026-10-07T21:00;5.3;8.7;174.0;17.0;0.1;;8.0;100.0;100.0;100.0;45.39;4.76;140.0;2026-10-06T19:15:00+02:00;2026-10-06T21:21:19+02:00;5a1a1f6bfa69
2026-10-07;st_alban_du_rhone;AROMEHD;2026-10-07T22:00;5.7;10.5;170.0;17.2;0.0;;4.0;100.0;100.0;100.0;45.39;4.76;140.0;2026-10-06T19:15:00+02:00;2026-10-06T21:21:19+02:00;5a1a1f6bfa69
2026-10-07;st_alban_du_rhone;AROMEHD;2026-10-07T23:00;5.0;8.9;154.0;17.1;0.0;;0.0;100.0;100.0;100.0;45.39;4.76;140.0;2026-10-06T19:15:00+02:00;2026-10-06T21:21:19+02:00;5a1a1f6bfa69
2026-10-07;st_alban_du_rhone;AROMEHD;2026-10-08T00:00;5.1;8.6;176.0;17.0;0.3;;99.0;100.0;100.0;100.0;45.39;4.76;140.0;2026-10-06T19:15:00+02:00;2026-10-06T21:21:19+02:00;5a1a1f6bfa69
2026-10-07;st_alban_du_rhone;ICONCH1;2026-10-07T01:00;6.0;11.5;176.0;16.7;0.0;72.0;0.0;26.0;52.0;72.0;45.386887;4.758301;141.0;2026-10-06T19:15:00+02:00;2026-10-06T21:21:19+02:00;5a1a1f6bfa69
2026-10-07;st_alban_du_rhone;ICONCH1;2026-10-07T02:00;3.9;10.1;177.0;16.4;0.0;98.0;75.0;79.0;83.0;98.0;45.386887;4.758301;141.0;2026-10-06T19:15:00+02:00;2026-10-06T21:21:19+02:00;5a1a1f6bfa69
2026-10-07;st_alban_du_rhone;ICONCH1;2026-10-07T03:00;6.3;9.9;162.0;16.2;0.0;100.0;0.0;38.0;100.0;100.0;45.386887;4.758301;141.0;2026-10-06T19:15:00+02:00;2026-10-06T21:21:19+02:00;5a1a1f6bfa69
2026-10-07;st_alban_du_rhone;ICONCH1;2026-10-07T04:00;5.5;9.9;170.0;15.7;0.0;100.0;0.0;12.0;100.0;100.0;45.386887;4.758301;141.0;2026-10-06T19:15:00+02:00;2026-10-06T21:21:19+02:00;5a1a1f6bfa69
2026-10-07;st_alban_du_rhone;ICONCH1;2026-10-07T05:00;4.8;8.6;166.0;15.5;0.0;100.0;0.0;25.0;100.0;100.0;45.386887;4.758301;141.0;2026-10-06T19:15:00+02:00;2026-10-06T21:21:19+02:00;5a1a1f6bfa69
2026-10-07;st_alban_du_rhone;ICONCH1;2026-10-07T06:00;4.7;8.4;175.0;15.6;0.0;100.0;0.0;86.0;100.0;100.0;45.386887;4.758301;141.0;2026-10-06T19:15:00+02:00;2026-10-06T21:21:19+02:00;5a1a1f6bfa69
2026-10-07;st_alban_du_rhone;ICONCH1;2026-10-07T07:00;5.7;8.9;174.0;15.8;0.0;100.0;0.0;100.0;100.0;100.0;45.386887;4.758301;141.0;2026-10-06T19:15:00+02:00;2026-10-06T21:21:19+02:00;5a1a1f6bfa69
2026-10-07;st_alban_du_rhone;ICONCH1;2026-10-07T08:00;6.0;9.3;165.0;16.2;0.0;100.0;0.0;100.0;100.0;100.0;45.386887;4.758301;141.0;2026-10-06T19:15:00+02:00;2026-10-06T21:21:19+02:00;5a1a1f6bfa69
2026-10-07;st_alban_du_rhone;ICONCH1;2026-10-07T09:00;6.5;10.3;164.0;16.9;0.2;100.0;0.0;100.0;100.0;100.0;45.386887;4.758301;141.0;2026-10-06T19:15:00+02:00;2026-10-06T21:21:19+02:00;5a1a1f6bfa69
2026-10-07;st_alban_du_rhone;ICONCH1;2026-10-07T10:00;8.2;13.0;162.0;17.2;0.8;100.0;3.0;100.0;100.0;100.0;45.386887;4.758301;141.0;2026-10-06T19:15:00+02:00;2026-10-06T21:21:19+02:00;5a1a1f6bfa69
2026-10-07;st_alban_du_rhone;ICONCH1;2026-10-07T11:00;6.7;13.0;158.0;17.4;2.6;100.0;46.0;100.0;100.0;100.0;45.386887;4.758301;141.0;2026-10-06T19:15:00+02:00;2026-10-06T21:21:19+02:00;5a1a1f6bfa69
2026-10-07;st_alban_du_rhone;ICONCH1;2026-10-07T12:00;7.5;12.2;152.0;17.9;2.2;100.0;80.0;100.0;6.0;100.0;45.386887;4.758301;141.0;2026-10-06T19:15:00+02:00;2026-10-06T21:21:19+02:00;5a1a1f6bfa69
2026-10-07;st_alban_du_rhone;ICONCH1;2026-10-07T13:00;7.9;14.4;152.0;17.8;0.8;97.0;86.0;84.0;46.0;97.0;45.386887;4.758301;141.0;2026-10-06T19:15:00+02:00;2026-10-06T21:21:19+02:00;5a1a1f6bfa69
2026-10-07;st_alban_du_rhone;ICONCH1;2026-10-07T14:00;8.4;14.6;154.0;18.0;0.0;99.0;93.0;82.0;89.0;99.0;45.386887;4.758301;141.0;2026-10-06T19:15:00+02:00;2026-10-06T21:21:19+02:00;5a1a1f6bfa69
2026-10-07;st_alban_du_rhone;ICONCH1;2026-10-07T15:00;12.1;20.0;150.0;19.2;0.0;100.0;47.0;19.0;100.0;100.0;45.386887;4.758301;141.0;2026-10-06T19:15:00+02:00;2026-10-06T21:21:19+02:00;5a1a1f6bfa69
2026-10-07;st_alban_du_rhone;ICONCH1;2026-10-07T16:00;11.0;20.4;154.0;20.0;0.0;100.0;34.0;63.0;100.0;100.0;45.386887;4.758301;141.0;2026-10-06T19:15:00+02:00;2026-10-06T21:21:19+02:00;5a1a1f6bfa69
2026-10-07;st_alban_du_rhone;ICONCH1;2026-10-07T17:00;10.9;18.1;151.0;20.6;0.0;100.0;40.0;0.0;100.0;100.0;45.386887;4.758301;141.0;2026-10-06T19:15:00+02:00;2026-10-06T21:21:19+02:00;5a1a1f6bfa69
2026-10-07;st_alban_du_rhone;ICONCH1;2026-10-07T18:00;11.6;19.4;167.0;20.7;0.0;100.0;10.0;75.0;100.0;100.0;45.386887;4.758301;141.0;2026-10-06T19:15:00+02:00;2026-10-06T21:21:19+02:00;5a1a1f6bfa69
2026-10-07;st_alban_du_rhone;ICONCH1;2026-10-07T19:00;11.6;19.0;160.0;19.6;0.0;100.0;46.0;100.0;100.0;100.0;45.386887;4.758301;141.0;2026-10-06T19:15:00+02:00;2026-10-06T21:21:19+02:00;5a1a1f6bfa69
2026-10-07;st_alban_du_rhone;ICONCH1;2026-10-07T20:00;10.5;18.5;142.0;18.5;5.1;100.0;73.0;100.0;100.0;100.0;45.386887;4.758301;141.0;2026-10-06T19:15:00+02:00;2026-10-06T21:21:19+02:00;5a1a1f6bfa69
2026-10-07;st_alban_du_rhone;ICONCH1;2026-10-07T21:00;4.9;16.3;127.0;17.9;15.6;100.0;85.0;100.0;100.0;100.0;45.386887;4.758301;141.0;2026-10-06T19:15:00+02:00;2026-10-06T21:21:19+02:00;5a1a1f6bfa69
2026-10-07;st_alban_du_rhone;ICONCH1;2026-10-07T22:00;3.7;11.5;152.0;17.1;1.4;100.0;12.0;100.0;100.0;100.0;45.386887;4.758301;141.0;2026-10-06T19:15:00+02:00;2026-10-06T21:21:19+02:00;5a1a1f6bfa69
2026-10-07;st_alban_du_rhone;ICONCH1;2026-10-07T23:00;5.9;9.3;153.0;16.5;0.5;100.0;39.0;99.0;100.0;100.0;45.386887;4.758301;141.0;2026-10-06T19:15:00+02:00;2026-10-06T21:21:19+02:00;5a1a1f6bfa69
2026-10-07;st_alban_du_rhone;ICONCH1;2026-10-08T00:00;0.7;10.9;124.0;16.1;0.4;100.0;48.0;100.0;100.0;100.0;45.386887;4.758301;141.0;2026-10-06T19:15:00+02:00;2026-10-06T21:21:19+02:00;5a1a1f6bfa69
2026-10-07;st_cyr_sur_le_rhone;AROMEHD;2026-10-07T01:00;9.0;20.0;187.0;19.4;0.0;;0.0;0.0;100.0;100.0;45.510002;4.8500004;190.0;2026-10-06T19:15:00+02:00;2026-10-06T21:21:19+02:00;5a1a1f6bfa69
2026-10-07;st_cyr_sur_le_rhone;AROMEHD;2026-10-07T02:00;8.1;20.2;188.0;18.8;0.0;;0.0;0.0;100.0;100.0;45.510002;4.8500004;190.0;2026-10-06T19:15:00+02:00;2026-10-06T21:21:19+02:00;5a1a1f6bfa69
2026-10-07;st_cyr_sur_le_rhone;AROMEHD;2026-10-07T03:00;7.4;18.5;178.0;19.0;0.0;;0.0;8.0;100.0;100.0;45.510002;4.8500004;190.0;2026-10-06T19:15:00+02:00;2026-10-06T21:21:19+02:00;5a1a1f6bfa69
2026-10-07;st_cyr_sur_le_rhone;AROMEHD;2026-10-07T04:00;5.8;16.5;192.0;18.9;0.0;;0.0;100.0;100.0;100.0;45.510002;4.8500004;190.0;2026-10-06T19:15:00+02:00;2026-10-06T21:21:19+02:00;5a1a1f6bfa69
2026-10-07;st_cyr_sur_le_rhone;AROMEHD;2026-10-07T05:00;3.3;13.4;201.0;18.3;0.0;;0.0;2.0;100.0;100.0;45.510002;4.8500004;190.0;2026-10-06T19:15:00+02:00;2026-10-06T21:21:19+02:00;5a1a1f6bfa69
2026-10-07;st_cyr_sur_le_rhone;AROMEHD;2026-10-07T06:00;3.4;8.4;193.0;17.9;0.0;;0.0;6.0;100.0;100.0;45.510002;4.8500004;190.0;2026-10-06T19:15:00+02:00;2026-10-06T21:21:19+02:00;5a1a1f6bfa69
2026-10-07;st_cyr_sur_le_rhone;AROMEHD;2026-10-07T07:00;3.0;8.9;255.0;17.4;0.0;;0.0;100.0;100.0;100.0;45.510002;4.8500004;190.0;2026-10-06T19:15:00+02:00;2026-10-06T21:21:19+02:00;5a1a1f6bfa69
2026-10-07;st_cyr_sur_le_rhone;AROMEHD;2026-10-07T08:00;3.7;8.4;227.0;17.5;0.0;;0.0;100.0;100.0;100.0;45.510002;4.8500004;190.0;2026-10-06T19:15:00+02:00;2026-10-06T21:21:19+02:00;5a1a1f6bfa69
2026-10-07;st_cyr_sur_le_rhone;AROMEHD;2026-10-07T09:00;5.2;13.0;193.0;17.5;0.2;;0.0;100.0;100.0;100.0;45.510002;4.8500004;190.0;2026-10-06T19:15:00+02:00;2026-10-06T21:21:19+02:00;5a1a1f6bfa69
2026-10-07;st_cyr_sur_le_rhone;AROMEHD;2026-10-07T10:00;5.1;13.6;191.0;17.0;0.2;;0.0;100.0;100.0;100.0;45.510002;4.8500004;190.0;2026-10-06T19:15:00+02:00;2026-10-06T21:21:19+02:00;5a1a1f6bfa69
2026-10-07;st_cyr_sur_le_rhone;AROMEHD;2026-10-07T11:00;3.6;11.3;196.0;16.7;0.6;;100.0;100.0;100.0;100.0;45.510002;4.8500004;190.0;2026-10-06T19:15:00+02:00;2026-10-06T21:21:19+02:00;5a1a1f6bfa69
2026-10-07;st_cyr_sur_le_rhone;AROMEHD;2026-10-07T12:00;1.7;8.2;216.0;16.8;0.8;;1.0;100.0;100.0;100.0;45.510002;4.8500004;190.0;2026-10-06T19:15:00+02:00;2026-10-06T21:21:19+02:00;5a1a1f6bfa69
2026-10-07;st_cyr_sur_le_rhone;AROMEHD;2026-10-07T13:00;1.6;4.1;240.0;17.5;0.5;;91.0;100.0;0.0;100.0;45.510002;4.8500004;190.0;2026-10-06T19:15:00+02:00;2026-10-06T21:21:19+02:00;5a1a1f6bfa69
2026-10-07;st_cyr_sur_le_rhone;AROMEHD;2026-10-07T14:00;0.6;3.9;270.0;18.1;0.6;;100.0;100.0;0.0;100.0;45.510002;4.8500004;190.0;2026-10-06T19:15:00+02:00;2026-10-06T21:21:19+02:00;5a1a1f6bfa69
2026-10-07;st_cyr_sur_le_rhone;AROMEHD;2026-10-07T15:00;3.0;7.6;169.0;17.7;1.4;;99.0;100.0;100.0;100.0;45.510002;4.8500004;190.0;2026-10-06T19:15:00+02:00;2026-10-06T21:21:19+02:00;5a1a1f6bfa69
2026-10-07;st_cyr_sur_le_rhone;AROMEHD;2026-10-07T16:00;3.9;9.3;186.0;17.8;0.5;;40.0;100.0;84.0;100.0;45.510002;4.8500004;190.0;2026-10-06T19:15:00+02:00;2026-10-06T21:21:19+02:00;5a1a1f6bfa69
2026-10-07;st_cyr_sur_le_rhone;AROMEHD;2026-10-07T17:00;5.4;12.2;195.0;17.9;0.0;;35.0;44.0;100.0;100.0;45.510002;4.8500004;190.0;2026-10-06T19:15:00+02:00;2026-10-06T21:21:19+02:00;5a1a1f6bfa69
2026-10-07;st_cyr_sur_le_rhone;AROMEHD;2026-10-07T18:00;7.4;16.3;198.0;17.6;0.0;;41.0;96.0;100.0;100.0;45.510002;4.8500004;190.0;2026-10-06T19:15:00+02:00;2026-10-06T21:21:19+02:00;5a1a1f6bfa69
2026-10-07;st_cyr_sur_le_rhone;AROMEHD;2026-10-07T19:00;7.0;16.9;207.0;17.1;0.1;;20.0;100.0;100.0;100.0;45.510002;4.8500004;190.0;2026-10-06T19:15:00+02:00;2026-10-06T21:21:19+02:00;5a1a1f6bfa69
2026-10-07;st_cyr_sur_le_rhone;AROMEHD;2026-10-07T20:00;6.4;15.6;211.0;16.9;1.4;;9.0;100.0;100.0;100.0;45.510002;4.8500004;190.0;2026-10-06T19:15:00+02:00;2026-10-06T21:21:19+02:00;5a1a1f6bfa69
2026-10-07;st_cyr_sur_le_rhone;AROMEHD;2026-10-07T21:00;5.8;14.4;225.0;16.8;0.1;;7.0;100.0;100.0;100.0;45.510002;4.8500004;190.0;2026-10-06T19:15:00+02:00;2026-10-06T21:21:19+02:00;5a1a1f6bfa69
2026-10-07;st_cyr_sur_le_rhone;AROMEHD;2026-10-07T22:00;7.2;15.6;213.0;17.2;0.0;;6.0;100.0;100.0;100.0;45.510002;4.8500004;190.0;2026-10-06T19:15:00+02:00;2026-10-06T21:21:19+02:00;5a1a1f6bfa69
2026-10-07;st_cyr_sur_le_rhone;AROMEHD;2026-10-07T23:00;5.5;15.7;207.0;16.8;0.0;;1.0;99.0;100.0;100.0;45.510002;4.8500004;190.0;2026-10-06T19:15:00+02:00;2026-10-06T21:21:19+02:00;5a1a1f6bfa69
2026-10-07;st_cyr_sur_le_rhone;AROMEHD;2026-10-08T00:00;6.5;13.6;213.0;16.7;0.0;;100.0;100.0;100.0;100.0;45.510002;4.8500004;190.0;2026-10-06T19:15:00+02:00;2026-10-06T21:21:19+02:00;5a1a1f6bfa69
2026-10-07;st_cyr_sur_le_rhone;ICONCH1;2026-10-07T01:00;11.9;18.9;183.0;18.4;0.0;100.0;0.0;0.0;100.0;100.0;45.511913;4.860718;186.0;2026-10-06T19:15:00+02:00;2026-10-06T21:21:19+02:00;5a1a1f6bfa69
2026-10-07;st_cyr_sur_le_rhone;ICONCH1;2026-10-07T02:00;12.7;21.4;187.0;18.0;0.0;100.0;0.0;83.0;100.0;100.0;45.511913;4.860718;186.0;2026-10-06T19:15:00+02:00;2026-10-06T21:21:19+02:00;5a1a1f6bfa69
2026-10-07;st_cyr_sur_le_rhone;ICONCH1;2026-10-07T03:00;11.7;20.2;184.0;17.7;0.0;96.0;0.0;44.0;88.0;96.0;45.511913;4.860718;186.0;2026-10-06T19:15:00+02:00;2026-10-06T21:21:19+02:00;5a1a1f6bfa69
2026-10-07;st_cyr_sur_le_rhone;ICONCH1;2026-10-07T04:00;11.3;19.4;181.0;17.7;0.0;100.0;0.0;54.0;100.0;100.0;45.511913;4.860718;186.0;2026-10-06T19:15:00+02:00;2026-10-06T21:21:19+02:00;5a1a1f6bfa69
2026-10-07;st_cyr_sur_le_rhone;ICONCH1;2026-10-07T05:00;9.2;18.1;185.0;17.7;0.0;100.0;0.0;70.0;100.0;100.0;45.511913;4.860718;186.0;2026-10-06T19:15:00+02:00;2026-10-06T21:21:19+02:00;5a1a1f6bfa69
2026-10-07;st_cyr_sur_le_rhone;ICONCH1;2026-10-07T06:00;7.5;15.4;197.0;17.3;0.0;100.0;0.0;79.0;100.0;100.0;45.511913;4.860718;186.0;2026-10-06T19:15:00+02:00;2026-10-06T21:21:19+02:00;5a1a1f6bfa69
2026-10-07;st_cyr_sur_le_rhone;ICONCH1;2026-10-07T07:00;9.0;14.8;193.0;17.8;0.0;100.0;0.0;99.0;100.0;100.0;45.511913;4.860718;186.0;2026-10-06T19:15:00+02:00;2026-10-06T21:21:19+02:00;5a1a1f6bfa69
2026-10-07;st_cyr_sur_le_rhone;ICONCH1;2026-10-07T08:00;8.7;15.0;192.0;17.4;0.0;100.0;0.0;100.0;100.0;100.0;45.511913;4.860718;186.0;2026-10-06T19:15:00+02:00;2026-10-06T21:21:19+02:00;5a1a1f6bfa69
2026-10-07;st_cyr_sur_le_rhone;ICONCH1;2026-10-07T09:00;9.1;15.4;190.0;17.7;0.1;100.0;0.0;100.0;100.0;100.0;45.511913;4.860718;186.0;2026-10-06T19:15:00+02:00;2026-10-06T21:21:19+02:00;5a1a1f6bfa69
2026-10-07;st_cyr_sur_le_rhone;ICONCH1;2026-10-07T10:00;11.5;18.5;186.0;17.6;0.3;100.0;0.0;100.0;100.0;100.0;45.511913;4.860718;186.0;2026-10-06T19:15:00+02:00;2026-10-06T21:21:19+02:00;5a1a1f6bfa69
2026-10-07;st_cyr_sur_le_rhone;ICONCH1;2026-10-07T11:00;10.1;18.5;190.0;17.4;1.6;100.0;0.0;100.0;100.0;100.0;45.511913;4.860718;186.0;2026-10-06T19:15:00+02:00;2026-10-06T21:21:19+02:00;5a1a1f6bfa69
2026-10-07;st_cyr_sur_le_rhone;ICONCH1;2026-10-07T12:00;8.1;15.9;188.0;17.5;2.4;100.0;30.0;100.0;100.0;100.0;45.511913;4.860718;186.0;2026-10-06T19:15:00+02:00;2026-10-06T21:21:19+02:00;5a1a1f6bfa69
2026-10-07;st_cyr_sur_le_rhone;ICONCH1;2026-10-07T13:00;8.8;14.2;175.0;17.9;0.4;100.0;55.0;93.0;98.0;100.0;45.511913;4.860718;186.0;2026-10-06T19:15:00+02:00;2026-10-06T21:21:19+02:00;5a1a1f6bfa69
2026-10-07;st_cyr_sur_le_rhone;ICONCH1;2026-10-07T14:00;9.1;14.8;181.0;18.2;0.2;100.0;61.0;100.0;87.0;100.0;45.511913;4.860718;186.0;2026-10-06T19:15:00+02:00;2026-10-06T21:21:19+02:00;5a1a1f6bfa69
2026-10-07;st_cyr_sur_le_rhone;ICONCH1;2026-10-07T15:00;12.3;20.2;173.0;19.4;0.0;100.0;63.0;42.0;100.0;100.0;45.511913;4.860718;186.0;2026-10-06T19:15:00+02:00;2026-10-06T21:21:19+02:00;5a1a1f6bfa69
2026-10-07;st_cyr_sur_le_rhone;ICONCH1;2026-10-07T16:00;11.3;20.4;179.0;20.2;0.0;100.0;25.0;55.0;100.0;100.0;45.511913;4.860718;186.0;2026-10-06T19:15:00+02:00;2026-10-06T21:21:19+02:00;5a1a1f6bfa69
2026-10-07;st_cyr_sur_le_rhone;ICONCH1;2026-10-07T17:00;12.3;19.8;186.0;20.4;0.0;100.0;0.0;70.0;100.0;100.0;45.511913;4.860718;186.0;2026-10-06T19:15:00+02:00;2026-10-06T21:21:19+02:00;5a1a1f6bfa69
2026-10-07;st_cyr_sur_le_rhone;ICONCH1;2026-10-07T18:00;16.1;25.9;188.0;19.9;0.0;100.0;0.0;30.0;100.0;100.0;45.511913;4.860718;186.0;2026-10-06T19:15:00+02:00;2026-10-06T21:21:19+02:00;5a1a1f6bfa69
2026-10-07;st_cyr_sur_le_rhone;ICONCH1;2026-10-07T19:00;12.5;27.2;193.0;19.3;0.0;100.0;11.0;100.0;100.0;100.0;45.511913;4.860718;186.0;2026-10-06T19:15:00+02:00;2026-10-06T21:21:19+02:00;5a1a1f6bfa69
2026-10-07;st_cyr_sur_le_rhone;ICONCH1;2026-10-07T20:00;11.6;22.0;209.0;18.0;0.4;100.0;85.0;100.0;100.0;100.0;45.511913;4.860718;186.0;2026-10-06T19:15:00+02:00;2026-10-06T21:21:19+02:00;5a1a1f6bfa69
2026-10-07;st_cyr_sur_le_rhone;ICONCH1;2026-10-07T21:00;6.2;20.8;200.0;17.4;12.6;100.0;44.0;100.0;100.0;100.0;45.511913;4.860718;186.0;2026-10-06T19:15:00+02:00;2026-10-06T21:21:19+02:00;5a1a1f6bfa69
2026-10-07;st_cyr_sur_le_rhone;ICONCH1;2026-10-07T22:00;8.4;15.0;203.0;16.8;1.2;100.0;39.0;100.0;100.0;100.0;45.511913;4.860718;186.0;2026-10-06T19:15:00+02:00;2026-10-06T21:21:19+02:00;5a1a1f6bfa69
2026-10-07;st_cyr_sur_le_rhone;ICONCH1;2026-10-07T23:00;9.6;15.4;201.0;16.2;0.9;100.0;20.0;100.0;100.0;100.0;45.511913;4.860718;186.0;2026-10-06T19:15:00+02:00;2026-10-06T21:21:19+02:00;5a1a1f6bfa69
2026-10-07;st_cyr_sur_le_rhone;ICONCH1;2026-10-08T00:00;8.3;15.6;217.0;15.7;0.4;100.0;0.0;100.0;100.0;100.0;45.511913;4.860718;186.0;2026-10-06T19:15:00+02:00;2026-10-06T21:21:19+02:00;5a1a1f6bfa69
2026-10-07;st_romain_des_iles;AROMEHD;2026-10-07T01:00;5.3;7.6;184.0;16.5;0.0;;0.0;0.0;100.0;100.0;46.18;4.779999;169.0;2026-10-06T19:15:00+02:00;2026-10-06T21:21:19+02:00;5a1a1f6bfa69
2026-10-07;st_romain_des_iles;AROMEHD;2026-10-07T02:00;4.1;9.5;199.0;16.2;0.0;;0.0;0.0;100.0;100.0;46.18;4.779999;169.0;2026-10-06T19:15:00+02:00;2026-10-06T21:21:19+02:00;5a1a1f6bfa69
2026-10-07;st_romain_des_iles;AROMEHD;2026-10-07T03:00;1.8;5.8;198.0;14.6;0.0;;0.0;0.0;100.0;100.0;46.18;4.779999;169.0;2026-10-06T19:15:00+02:00;2026-10-06T21:21:19+02:00;5a1a1f6bfa69
2026-10-07;st_romain_des_iles;AROMEHD;2026-10-07T04:00;1.4;2.3;172.0;13.9;0.0;;0.0;86.0;100.0;100.0;46.18;4.779999;169.0;2026-10-06T19:15:00+02:00;2026-10-06T21:21:19+02:00;5a1a1f6bfa69
2026-10-07;st_romain_des_iles;AROMEHD;2026-10-07T05:00;3.6;5.2;209.0;14.5;0.0;;0.0;76.0;100.0;100.0;46.18;4.779999;169.0;2026-10-06T19:15:00+02:00;2026-10-06T21:21:19+02:00;5a1a1f6bfa69
2026-10-07;st_romain_des_iles;AROMEHD;2026-10-07T06:00;2.7;4.3;184.0;14.1;0.0;;0.0;93.0;100.0;100.0;46.18;4.779999;169.0;2026-10-06T19:15:00+02:00;2026-10-06T21:21:19+02:00;5a1a1f6bfa69
2026-10-07;st_romain_des_iles;AROMEHD;2026-10-07T07:00;3.0;3.9;195.0;14.3;0.0;;0.0;100.0;100.0;100.0;46.18;4.779999;169.0;2026-10-06T19:15:00+02:00;2026-10-06T21:21:19+02:00;5a1a1f6bfa69
2026-10-07;st_romain_des_iles;AROMEHD;2026-10-07T08:00;2.6;4.9;197.0;14.8;0.0;;0.0;100.0;100.0;100.0;46.18;4.779999;169.0;2026-10-06T19:15:00+02:00;2026-10-06T21:21:19+02:00;5a1a1f6bfa69
2026-10-07;st_romain_des_iles;AROMEHD;2026-10-07T09:00;3.7;5.1;208.0;15.6;0.0;;19.0;100.0;100.0;100.0;46.18;4.779999;169.0;2026-10-06T19:15:00+02:00;2026-10-06T21:21:19+02:00;5a1a1f6bfa69
2026-10-07;st_romain_des_iles;AROMEHD;2026-10-07T10:00;4.5;7.0;211.0;16.6;0.1;;3.0;100.0;100.0;100.0;46.18;4.779999;169.0;2026-10-06T19:15:00+02:00;2026-10-06T21:21:19+02:00;5a1a1f6bfa69
2026-10-07;st_romain_des_iles;AROMEHD;2026-10-07T11:00;4.9;8.2;209.0;17.3;0.6;;100.0;100.0;100.0;100.0;46.18;4.779999;169.0;2026-10-06T19:15:00+02:00;2026-10-06T21:21:19+02:00;5a1a1f6bfa69
2026-10-07;st_romain_des_iles;AROMEHD;2026-10-07T12:00;5.1;10.1;182.0;17.2;1.3;;26.0;100.0;100.0;100.0;46.18;4.779999;169.0;2026-10-06T19:15:00+02:00;2026-10-06T21:21:19+02:00;5a1a1f6bfa69
2026-10-07;st_romain_des_iles;AROMEHD;2026-10-07T13:00;5.3;9.7;199.0;17.4;0.6;;100.0;100.0;100.0;100.0;46.18;4.779999;169.0;2026-10-06T19:15:00+02:00;2026-10-06T21:21:19+02:00;5a1a1f6bfa69
2026-10-07;st_romain_des_iles;AROMEHD;2026-10-07T14:00;3.9;8.6;180.0;17.8;0.1;;100.0;100.0;0.0;100.0;46.18;4.779999;169.0;2026-10-06T19:15:00+02:00;2026-10-06T21:21:19+02:00;5a1a1f6bfa69
2026-10-07;st_romain_des_iles;AROMEHD;2026-10-07T15:00;6.0;10.3;176.0;18.6;0.1;;65.0;100.0;0.0;100.0;46.18;4.779999;169.0;2026-10-06T19:15:00+02:00;2026-10-06T21:21:19+02:00;5a1a1f6bfa69
2026-10-07;st_romain_des_iles;AROMEHD;2026-10-07T16:00;4.9;10.3;189.0;18.9;0.0;;84.0;23.0;100.0;100.0;46.18;4.779999;169.0;2026-10-06T19:15:00+02:00;2026-10-06T21:21:19+02:00;5a1a1f6bfa69
2026-10-07;st_romain_des_iles;AROMEHD;2026-10-07T17:00;8.4;14.2;167.0;19.2;0.0;;93.0;7.0;100.0;100.0;46.18;4.779999;169.0;2026-10-06T19:15:00+02:00;2026-10-06T21:21:19+02:00;5a1a1f6bfa69
2026-10-07;st_romain_des_iles;AROMEHD;2026-10-07T18:00;9.5;16.3;169.0;18.9;0.0;;1.0;100.0;100.0;100.0;46.18;4.779999;169.0;2026-10-06T19:15:00+02:00;2026-10-06T21:21:19+02:00;5a1a1f6bfa69
2026-10-07;st_romain_des_iles;AROMEHD;2026-10-07T19:00;8.2;15.9;176.0;17.7;0.1;;3.0;100.0;100.0;100.0;46.18;4.779999;169.0;2026-10-06T19:15:00+02:00;2026-10-06T21:21:19+02:00;5a1a1f6bfa69
2026-10-07;st_romain_des_iles;AROMEHD;2026-10-07T20:00;4.9;13.2;187.0;16.7;0.1;;90.0;100.0;100.0;100.0;46.18;4.779999;169.0;2026-10-06T19:15:00+02:00;2026-10-06T21:21:19+02:00;5a1a1f6bfa69
2026-10-07;st_romain_des_iles;AROMEHD;2026-10-07T21:00;3.7;7.4;198.0;16.4;0.0;;58.0;100.0;100.0;100.0;46.18;4.779999;169.0;2026-10-06T19:15:00+02:00;2026-10-06T21:21:19+02:00;5a1a1f6bfa69
2026-10-07;st_romain_des_iles;AROMEHD;2026-10-07T22:00;4.3;7.4;198.0;16.4;0.0;;49.0;100.0;100.0;100.0;46.18;4.779999;169.0;2026-10-06T19:15:00+02:00;2026-10-06T21:21:19+02:00;5a1a1f6bfa69
2026-10-07;st_romain_des_iles;AROMEHD;2026-10-07T23:00;4.3;6.6;170.0;16.2;0.1;;10.0;100.0;100.0;100.0;46.18;4.779999;169.0;2026-10-06T19:15:00+02:00;2026-10-06T21:21:19+02:00;5a1a1f6bfa69
2026-10-07;st_romain_des_iles;AROMEHD;2026-10-08T00:00;5.8;9.3;178.0;16.3;0.1;;0.0;100.0;100.0;100.0;46.18;4.779999;169.0;2026-10-06T19:15:00+02:00;2026-10-06T21:21:19+02:00;5a1a1f6bfa69
2026-10-07;st_romain_des_iles;ICONCH1;2026-10-07T01:00;3.9;8.6;207.0;15.5;0.0;100.0;0.0;10.0;100.0;100.0;46.179794;4.782837;176.0;2026-10-06T19:15:00+02:00;2026-10-06T21:21:19+02:00;5a1a1f6bfa69
2026-10-07;st_romain_des_iles;ICONCH1;2026-10-07T02:00;3.9;6.6;213.0;15.1;0.0;100.0;0.0;30.0;100.0;100.0;46.179794;4.782837;176.0;2026-10-06T19:15:00+02:00;2026-10-06T21:21:19+02:00;5a1a1f6bfa69
2026-10-07;st_romain_des_iles;ICONCH1;2026-10-07T03:00;3.6;6.2;225.0;14.5;0.0;100.0;0.0;18.0;100.0;100.0;46.179794;4.782837;176.0;2026-10-06T19:15:00+02:00;2026-10-06T21:21:19+02:00;5a1a1f6bfa69
2026-10-07;st_romain_des_iles;ICONCH1;2026-10-07T04:00;2.8;5.4;219.0;14.1;0.0;100.0;0.0;94.0;100.0;100.0;46.179794;4.782837;176.0;2026-10-06T19:15:00+02:00;2026-10-06T21:21:19+02:00;5a1a1f6bfa69
2026-10-07;st_romain_des_iles;ICONCH1;2026-10-07T05:00;3.2;5.1;259.0;13.8;0.0;100.0;0.0;62.0;100.0;100.0;46.179794;4.782837;176.0;2026-10-06T19:15:00+02:00;2026-10-06T21:21:19+02:00;5a1a1f6bfa69
2026-10-07;st_romain_des_iles;ICONCH1;2026-10-07T06:00;2.6;5.6;234.0;14.0;0.0;100.0;0.0;84.0;100.0;100.0;46.179794;4.782837;176.0;2026-10-06T19:15:00+02:00;2026-10-06T21:21:19+02:00;5a1a1f6bfa69
2026-10-07;st_romain_des_iles;ICONCH1;2026-10-07T07:00;3.7;6.2;205.0;14.7;0.0;100.0;0.0;97.0;100.0;100.0;46.179794;4.782837;176.0;2026-10-06T19:15:00+02:00;2026-10-06T21:21:19+02:00;5a1a1f6bfa69
2026-10-07;st_romain_des_iles;ICONCH1;2026-10-07T08:00;3.4;6.0;204.0;14.8;0.0;100.0;0.0;93.0;100.0;100.0;46.179794;4.782837;176.0;2026-10-06T19:15:00+02:00;2026-10-06T21:21:19+02:00;5a1a1f6bfa69
2026-10-07;st_romain_des_iles;ICONCH1;2026-10-07T09:00;4.3;6.6;204.0;15.5;0.0;100.0;0.0;100.0;100.0;100.0;46.179794;4.782837;176.0;2026-10-06T19:15:00+02:00;2026-10-06T21:21:19+02:00;5a1a1f6bfa69
2026-10-07;st_romain_des_iles;ICONCH1;2026-10-07T10:00;5.3;8.7;204.0;17.0;0.0;100.0;0.0;95.0;100.0;100.0;46.179794;4.782837;176.0;2026-10-06T19:15:00+02:00;2026-10-06T21:21:19+02:00;5a1a1f6bfa69
2026-10-07;st_romain_des_iles;ICONCH1;2026-10-07T11:00;6.9;11.9;196.0;18.5;0.0;100.0;5.0;94.0;100.0;100.0;46.179794;4.782837;176.0;2026-10-06T19:15:00+02:00;2026-10-06T21:21:19+02:00;5a1a1f6bfa69
2026-10-07;st_romain_des_iles;ICONCH1;2026-10-07T12:00;9.6;15.6;185.0;19.6;0.0;100.0;37.0;94.0;100.0;100.0;46.179794;4.782837;176.0;2026-10-06T19:15:00+02:00;2026-10-06T21:21:19+02:00;5a1a1f6bfa69
2026-10-07;st_romain_des_iles;ICONCH1;2026-10-07T13:00;11.5;18.9;179.0;19.6;0.0;100.0;44.0;91.0;100.0;100.0;46.179794;4.782837;176.0;2026-10-06T19:15:00+02:00;2026-10-06T21:21:19+02:00;5a1a1f6bfa69
2026-10-07;st_romain_des_iles;ICONCH1;2026-10-07T14:00;11.4;19.2;173.0;19.9;0.0;100.0;24.0;100.0;87.0;100.0;46.179794;4.782837;176.0;2026-10-06T19:15:00+02:00;2026-10-06T21:21:19+02:00;5a1a1f6bfa69
2026-10-07;st_romain_des_iles;ICONCH1;2026-10-07T15:00;10.1;18.5;163.0;20.7;0.0;100.0;63.0;69.0;100.0;100.0;46.179794;4.782837;176.0;2026-10-06T19:15:00+02:00;2026-10-06T21:21:19+02:00;5a1a1f6bfa69
2026-10-07;st_romain_des_iles;ICONCH1;2026-10-07T16:00;10.4;18.5;172.0;20.8;0.0;100.0;73.0;65.0;100.0;100.0;46.179794;4.782837;176.0;2026-10-06T19:15:00+02:00;2026-10-06T21:21:19+02:00;5a1a1f6bfa69
2026-10-07;st_romain_des_iles;ICONCH1;2026-10-07T17:00;9.9;17.7;170.0;21.3;0.0;100.0;55.0;35.0;100.0;100.0;46.179794;4.782837;176.0;2026-10-06T19:15:00+02:00;2026-10-06T21:21:19+02:00;5a1a1f6bfa69
2026-10-07;st_romain_des_iles;ICONCH1;2026-10-07T18:00;8.6;17.9;177.0;21.0;0.0;100.0;32.0;82.0;100.0;100.0;46.179794;4.782837;176.0;2026-10-06T19:15:00+02:00;2026-10-06T21:21:19+02:00;5a1a1f6bfa69
2026-10-07;st_romain_des_iles;ICONCH1;2026-10-07T19:00;13.1;36.7;319.0;16.1;5.0;100.0;100.0;100.0;100.0;100.0;46.179794;4.782837;176.0;2026-10-06T19:15:00+02:00;2026-10-06T21:21:19+02:00;5a1a1f6bfa69
2026-10-07;st_romain_des_iles;ICONCH1;2026-10-07T20:00;5.4;20.8;111.0;15.9;2.9;100.0;0.0;100.0;100.0;100.0;46.179794;4.782837;176.0;2026-10-06T19:15:00+02:00;2026-10-06T21:21:19+02:00;5a1a1f6bfa69
2026-10-07;st_romain_des_iles;ICONCH1;2026-10-07T21:00;4.7;8.4;175.0;16.0;0.1;100.0;7.0;100.0;100.0;100.0;46.179794;4.782837;176.0;2026-10-06T19:15:00+02:00;2026-10-06T21:21:19+02:00;5a1a1f6bfa69
2026-10-07;st_romain_des_iles;ICONCH1;2026-10-07T22:00;4.1;8.4;225.0;15.4;1.7;100.0;49.0;100.0;100.0;100.0;46.179794;4.782837;176.0;2026-10-06T19:15:00+02:00;2026-10-06T21:21:19+02:00;5a1a1f6bfa69
2026-10-07;st_romain_des_iles;ICONCH1;2026-10-07T23:00;3.0;6.6;169.0;15.6;0.2;100.0;48.0;99.0;100.0;100.0;46.179794;4.782837;176.0;2026-10-06T19:15:00+02:00;2026-10-06T21:21:19+02:00;5a1a1f6bfa69
2026-10-07;st_romain_des_iles;ICONCH1;2026-10-08T00:00;3.5;6.6;207.0;15.9;0.2;100.0;80.0;100.0;100.0;100.0;46.179794;4.782837;176.0;2026-10-06T19:15:00+02:00;2026-10-06T21:21:19+02:00;5a1a1f6bfa69
2026-10-07;treffort;AROMEHD;2026-10-07T01:00;2.0;5.1;209.0;15.1;0.0;;0.0;17.0;100.0;100.0;44.91;5.6800003;0.0;2026-10-06T19:15:00+02:00;2026-10-06T21:21:19+02:00;5a1a1f6bfa69
2026-10-07;treffort;AROMEHD;2026-10-07T02:00;0.8;4.9;180.0;14.9;0.0;;0.0;40.0;100.0;100.0;44.91;5.6800003;0.0;2026-10-06T19:15:00+02:00;2026-10-06T21:21:19+02:00;5a1a1f6bfa69
2026-10-07;treffort;AROMEHD;2026-10-07T03:00;1.4;3.5;254.0;14.7;0.0;;0.0;0.0;100.0;100.0;44.91;5.6800003;0.0;2026-10-06T19:15:00+02:00;2026-10-06T21:21:19+02:00;5a1a1f6bfa69
2026-10-07;treffort;AROMEHD;2026-10-07T04:00;1.2;4.1;342.0;14.2;0.0;;0.0;0.0;100.0;100.0;44.91;5.6800003;0.0;2026-10-06T19:15:00+02:00;2026-10-06T21:21:19+02:00;5a1a1f6bfa69
2026-10-07;treffort;AROMEHD;2026-10-07T05:00;1.2;1.7;81.0;14.3;0.0;;0.0;0.0;100.0;100.0;44.91;5.6800003;0.0;2026-10-06T19:15:00+02:00;2026-10-06T21:21:19+02:00;5a1a1f6bfa69
2026-10-07;treffort;AROMEHD;2026-10-07T06:00;1.1;1.2;45.0;14.2;0.0;;0.0;30.0;100.0;100.0;44.91;5.6800003;0.0;2026-10-06T19:15:00+02:00;2026-10-06T21:21:19+02:00;5a1a1f6bfa69
2026-10-07;treffort;AROMEHD;2026-10-07T07:00;1.0;1.2;90.0;14.4;0.0;;0.0;100.0;100.0;100.0;44.91;5.6800003;0.0;2026-10-06T19:15:00+02:00;2026-10-06T21:21:19+02:00;5a1a1f6bfa69
2026-10-07;treffort;AROMEHD;2026-10-07T08:00;1.3;2.1;153.0;14.3;0.3;;0.0;100.0;100.0;100.0;44.91;5.6800003;0.0;2026-10-06T19:15:00+02:00;2026-10-06T21:21:19+02:00;5a1a1f6bfa69
2026-10-07;treffort;AROMEHD;2026-10-07T09:00;1.9;1.9;90.0;13.3;2.4;;0.0;100.0;100.0;100.0;44.91;5.6800003;0.0;2026-10-06T19:15:00+02:00;2026-10-06T21:21:19+02:00;5a1a1f6bfa69
2026-10-07;treffort;AROMEHD;2026-10-07T10:00;3.2;5.1;11.0;13.6;2.2;;0.0;79.0;100.0;100.0;44.91;5.6800003;0.0;2026-10-06T19:15:00+02:00;2026-10-06T21:21:19+02:00;5a1a1f6bfa69
2026-10-07;treffort;AROMEHD;2026-10-07T11:00;0.6;7.2;18.0;15.1;0.6;;0.0;100.0;100.0;100.0;44.91;5.6800003;0.0;2026-10-06T19:15:00+02:00;2026-10-06T21:21:19+02:00;5a1a1f6bfa69
2026-10-07;treffort;AROMEHD;2026-10-07T12:00;1.3;5.4;207.0;15.5;0.2;;2.0;100.0;100.0;100.0;44.91;5.6800003;0.0;2026-10-06T19:15:00+02:00;2026-10-06T21:21:19+02:00;5a1a1f6bfa69
2026-10-07;treffort;AROMEHD;2026-10-07T13:00;3.8;8.4;240.0;15.8;0.0;;100.0;100.0;100.0;100.0;44.91;5.6800003;0.0;2026-10-06T19:15:00+02:00;2026-10-06T21:21:19+02:00;5a1a1f6bfa69
2026-10-07;treffort;AROMEHD;2026-10-07T14:00;3.8;8.9;240.0;16.1;0.3;;100.0;100.0;100.0;100.0;44.91;5.6800003;0.0;2026-10-06T19:15:00+02:00;2026-10-06T21:21:19+02:00;5a1a1f6bfa69
2026-10-07;treffort;AROMEHD;2026-10-07T15:00;4.3;9.7;243.0;16.5;0.0;;100.0;100.0;100.0;100.0;44.91;5.6800003;0.0;2026-10-06T19:15:00+02:00;2026-10-06T21:21:19+02:00;5a1a1f6bfa69
2026-10-07;treffort;AROMEHD;2026-10-07T16:00;4.6;9.5;216.0;17.0;0.0;;45.0;15.0;100.0;100.0;44.91;5.6800003;0.0;2026-10-06T19:15:00+02:00;2026-10-06T21:21:19+02:00;5a1a1f6bfa69
2026-10-07;treffort;AROMEHD;2026-10-07T17:00;5.7;15.2;188.0;18.5;0.0;;19.0;0.0;100.0;100.0;44.91;5.6800003;0.0;2026-10-06T19:15:00+02:00;2026-10-06T21:21:19+02:00;5a1a1f6bfa69
2026-10-07;treffort;AROMEHD;2026-10-07T18:00;7.3;15.7;164.0;18.0;0.5;;0.0;100.0;100.0;100.0;44.91;5.6800003;0.0;2026-10-06T19:15:00+02:00;2026-10-06T21:21:19+02:00;5a1a1f6bfa69
2026-10-07;treffort;AROMEHD;2026-10-07T19:00;5.9;15.7;186.0;17.4;0.1;;0.0;100.0;100.0;100.0;44.91;5.6800003;0.0;2026-10-06T19:15:00+02:00;2026-10-06T21:21:19+02:00;5a1a1f6bfa69
2026-10-07;treffort;AROMEHD;2026-10-07T20:00;6.2;15.2;182.0;17.2;0.0;;0.0;100.0;100.0;100.0;44.91;5.6800003;0.0;2026-10-06T19:15:00+02:00;2026-10-06T21:21:19+02:00;5a1a1f6bfa69
2026-10-07;treffort;AROMEHD;2026-10-07T21:00;4.4;12.6;195.0;16.2;0.0;;0.0;1.0;100.0;100.0;44.91;5.6800003;0.0;2026-10-06T19:15:00+02:00;2026-10-06T21:21:19+02:00;5a1a1f6bfa69
2026-10-07;treffort;AROMEHD;2026-10-07T22:00;2.3;8.7;114.0;15.6;0.0;;39.0;33.0;100.0;100.0;44.91;5.6800003;0.0;2026-10-06T19:15:00+02:00;2026-10-06T21:21:19+02:00;5a1a1f6bfa69
2026-10-07;treffort;AROMEHD;2026-10-07T23:00;1.5;12.4;247.0;15.4;0.0;;100.0;100.0;100.0;100.0;44.91;5.6800003;0.0;2026-10-06T19:15:00+02:00;2026-10-06T21:21:19+02:00;5a1a1f6bfa69
2026-10-07;treffort;AROMEHD;2026-10-08T00:00;2.9;7.4;222.0;15.1;0.5;;68.0;100.0;100.0;100.0;44.91;5.6800003;0.0;2026-10-06T19:15:00+02:00;2026-10-06T21:21:19+02:00;5a1a1f6bfa69
2026-10-07;treffort;ICONCH1;2026-10-07T01:00;4.9;8.6;196.0;16.5;0.0;83.0;0.0;78.0;40.0;83.0;44.905636;5.680298;502.0;2026-10-06T19:15:00+02:00;2026-10-06T21:21:19+02:00;5a1a1f6bfa69
2026-10-07;treffort;ICONCH1;2026-10-07T02:00;4.4;8.6;193.0;16.4;0.0;95.0;0.0;95.0;5.0;95.0;44.905636;5.680298;502.0;2026-10-06T19:15:00+02:00;2026-10-06T21:21:19+02:00;5a1a1f6bfa69
2026-10-07;treffort;ICONCH1;2026-10-07T03:00;3.9;7.4;198.0;16.1;0.0;100.0;0.0;78.0;100.0;100.0;44.905636;5.680298;502.0;2026-10-06T19:15:00+02:00;2026-10-06T21:21:19+02:00;5a1a1f6bfa69
2026-10-07;treffort;ICONCH1;2026-10-07T04:00;3.9;6.4;200.0;15.5;0.0;100.0;0.0;41.0;100.0;100.0;44.905636;5.680298;502.0;2026-10-06T19:15:00+02:00;2026-10-06T21:21:19+02:00;5a1a1f6bfa69
2026-10-07;treffort;ICONCH1;2026-10-07T05:00;3.1;6.4;198.0;15.0;0.0;100.0;0.0;69.0;100.0;100.0;44.905636;5.680298;502.0;2026-10-06T19:15:00+02:00;2026-10-06T21:21:19+02:00;5a1a1f6bfa69
2026-10-07;treffort;ICONCH1;2026-10-07T06:00;2.8;5.6;196.0;14.8;0.0;100.0;0.0;85.0;100.0;100.0;44.905636;5.680298;502.0;2026-10-06T19:15:00+02:00;2026-10-06T21:21:19+02:00;5a1a1f6bfa69
2026-10-07;treffort;ICONCH1;2026-10-07T07:00;2.5;5.4;184.0;14.9;0.0;100.0;0.0;100.0;100.0;100.0;44.905636;5.680298;502.0;2026-10-06T19:15:00+02:00;2026-10-06T21:21:19+02:00;5a1a1f6bfa69
2026-10-07;treffort;ICONCH1;2026-10-07T08:00;3.1;5.6;184.0;14.6;0.0;100.0;4.0;100.0;100.0;100.0;44.905636;5.680298;502.0;2026-10-06T19:15:00+02:00;2026-10-06T21:21:19+02:00;5a1a1f6bfa69
2026-10-07;treffort;ICONCH1;2026-10-07T09:00;2.5;5.1;176.0;15.6;0.2;100.0;0.0;100.0;100.0;100.0;44.905636;5.680298;502.0;2026-10-06T19:15:00+02:00;2026-10-06T21:21:19+02:00;5a1a1f6bfa69
2026-10-07;treffort;ICONCH1;2026-10-07T10:00;1.8;4.3;193.0;16.0;0.5;100.0;41.0;100.0;100.0;100.0;44.905636;5.680298;502.0;2026-10-06T19:15:00+02:00;2026-10-06T21:21:19+02:00;5a1a1f6bfa69
2026-10-07;treffort;ICONCH1;2026-10-07T11:00;2.6;6.0;193.0;16.2;3.1;100.0;51.0;100.0;100.0;100.0;44.905636;5.680298;502.0;2026-10-06T19:15:00+02:00;2026-10-06T21:21:19+02:00;5a1a1f6bfa69
2026-10-07;treffort;ICONCH1;2026-10-07T12:00;3.2;9.1;194.0;16.7;2.9;100.0;55.0;100.0;100.0;100.0;44.905636;5.680298;502.0;2026-10-06T19:15:00+02:00;2026-10-06T21:21:19+02:00;5a1a1f6bfa69
2026-10-07;treffort;ICONCH1;2026-10-07T13:00;4.3;7.8;207.0;17.0;0.8;100.0;82.0;100.0;100.0;100.0;44.905636;5.680298;502.0;2026-10-06T19:15:00+02:00;2026-10-06T21:21:19+02:00;5a1a1f6bfa69
2026-10-07;treffort;ICONCH1;2026-10-07T14:00;9.2;15.7;210.0;17.9;0.0;100.0;78.0;86.0;100.0;100.0;44.905636;5.680298;502.0;2026-10-06T19:15:00+02:00;2026-10-06T21:21:19+02:00;5a1a1f6bfa69
2026-10-07;treffort;ICONCH1;2026-10-07T15:00;9.4;16.7;202.0;18.3;0.0;100.0;44.0;100.0;100.0;100.0;44.905636;5.680298;502.0;2026-10-06T19:15:00+02:00;2026-10-06T21:21:19+02:00;5a1a1f6bfa69
2026-10-07;treffort;ICONCH1;2026-10-07T16:00;8.1;16.1;201.0;18.2;0.2;100.0;44.0;100.0;100.0;100.0;44.905636;5.680298;502.0;2026-10-06T19:15:00+02:00;2026-10-06T21:21:19+02:00;5a1a1f6bfa69
2026-10-07;treffort;ICONCH1;2026-10-07T17:00;6.3;13.6;206.0;17.6;0.9;100.0;16.0;100.0;100.0;100.0;44.905636;5.680298;502.0;2026-10-06T19:15:00+02:00;2026-10-06T21:21:19+02:00;5a1a1f6bfa69
2026-10-07;treffort;ICONCH1;2026-10-07T18:00;7.6;13.2;209.0;17.6;0.1;100.0;39.0;100.0;100.0;100.0;44.905636;5.680298;502.0;2026-10-06T19:15:00+02:00;2026-10-06T21:21:19+02:00;5a1a1f6bfa69
2026-10-07;treffort;ICONCH1;2026-10-07T19:00;6.1;12.8;207.0;16.9;0.4;100.0;16.0;100.0;100.0;100.0;44.905636;5.680298;502.0;2026-10-06T19:15:00+02:00;2026-10-06T21:21:19+02:00;5a1a1f6bfa69
2026-10-07;treffort;ICONCH1;2026-10-07T20:00;7.6;13.0;209.0;16.5;0.2;100.0;31.0;100.0;100.0;100.0;44.905636;5.680298;502.0;2026-10-06T19:15:00+02:00;2026-10-06T21:21:19+02:00;5a1a1f6bfa69
2026-10-07;treffort;ICONCH1;2026-10-07T21:00;9.8;16.3;203.0;16.0;1.4;100.0;13.0;100.0;100.0;100.0;44.905636;5.680298;502.0;2026-10-06T19:15:00+02:00;2026-10-06T21:21:19+02:00;5a1a1f6bfa69
2026-10-07;treffort;ICONCH1;2026-10-07T22:00;6.1;17.7;220.0;16.0;0.1;100.0;43.0;100.0;100.0;100.0;44.905636;5.680298;502.0;2026-10-06T19:15:00+02:00;2026-10-06T21:21:19+02:00;5a1a1f6bfa69
2026-10-07;treffort;ICONCH1;2026-10-07T23:00;5.6;10.7;226.0;16.0;0.3;100.0;55.0;57.0;100.0;100.0;44.905636;5.680298;502.0;2026-10-06T19:15:00+02:00;2026-10-06T21:21:19+02:00;5a1a1f6bfa69
2026-10-07;treffort;ICONCH1;2026-10-08T00:00;5.3;10.7;208.0;15.9;0.0;100.0;39.0;100.0;100.0;100.0;44.905636;5.680298;502.0;2026-10-06T19:15:00+02:00;2026-10-06T21:21:19+02:00;5a1a1f6bfa69
2026-10-07;vengeron;AROMEHD;2026-10-07T01:00;1.2;2.7;309.0;15.5;0.0;;0.0;0.0;100.0;100.0;46.25;6.17;0.0;2026-10-06T19:15:00+02:00;2026-10-06T21:21:19+02:00;5a1a1f6bfa69
2026-10-07;vengeron;AROMEHD;2026-10-07T02:00;1.6;1.9;277.0;15.4;0.0;;0.0;0.0;99.0;99.0;46.25;6.17;0.0;2026-10-06T19:15:00+02:00;2026-10-06T21:21:19+02:00;5a1a1f6bfa69
2026-10-07;vengeron;AROMEHD;2026-10-07T03:00;1.8;1.9;283.0;15.2;0.0;;0.0;0.0;98.0;98.0;46.25;6.17;0.0;2026-10-06T19:15:00+02:00;2026-10-06T21:21:19+02:00;5a1a1f6bfa69
2026-10-07;vengeron;AROMEHD;2026-10-07T04:00;2.6;3.1;351.0;16.0;0.0;;0.0;0.0;99.0;99.0;46.25;6.17;0.0;2026-10-06T19:15:00+02:00;2026-10-06T21:21:19+02:00;5a1a1f6bfa69
2026-10-07;vengeron;AROMEHD;2026-10-07T05:00;4.5;6.8;59.0;16.1;0.0;;0.0;0.0;100.0;100.0;46.25;6.17;0.0;2026-10-06T19:15:00+02:00;2026-10-06T21:21:19+02:00;5a1a1f6bfa69
2026-10-07;vengeron;AROMEHD;2026-10-07T06:00;2.8;5.4;51.0;16.2;0.0;;0.0;0.0;100.0;100.0;46.25;6.17;0.0;2026-10-06T19:15:00+02:00;2026-10-06T21:21:19+02:00;5a1a1f6bfa69
2026-10-07;vengeron;AROMEHD;2026-10-07T07:00;2.3;4.3;318.0;15.1;0.0;;0.0;95.0;100.0;100.0;46.25;6.17;0.0;2026-10-06T19:15:00+02:00;2026-10-06T21:21:19+02:00;5a1a1f6bfa69
2026-10-07;vengeron;AROMEHD;2026-10-07T08:00;3.5;4.3;218.0;15.2;0.0;;0.0;90.0;100.0;100.0;46.25;6.17;0.0;2026-10-06T19:15:00+02:00;2026-10-06T21:21:19+02:00;5a1a1f6bfa69
2026-10-07;vengeron;AROMEHD;2026-10-07T09:00;1.4;4.3;214.0;14.8;0.0;;0.0;68.0;100.0;100.0;46.25;6.17;0.0;2026-10-06T19:15:00+02:00;2026-10-06T21:21:19+02:00;5a1a1f6bfa69
2026-10-07;vengeron;AROMEHD;2026-10-07T10:00;1.6;2.9;225.0;15.6;0.0;;0.0;23.0;100.0;100.0;46.25;6.17;0.0;2026-10-06T19:15:00+02:00;2026-10-06T21:21:19+02:00;5a1a1f6bfa69
2026-10-07;vengeron;AROMEHD;2026-10-07T11:00;2.0;3.1;197.0;16.0;0.0;;0.0;100.0;100.0;100.0;46.25;6.17;0.0;2026-10-06T19:15:00+02:00;2026-10-06T21:21:19+02:00;5a1a1f6bfa69
2026-10-07;vengeron;AROMEHD;2026-10-07T12:00;2.9;3.9;184.0;16.9;0.0;;0.0;100.0;100.0;100.0;46.25;6.17;0.0;2026-10-06T19:15:00+02:00;2026-10-06T21:21:19+02:00;5a1a1f6bfa69
2026-10-07;vengeron;AROMEHD;2026-10-07T13:00;1.2;4.5;141.0;17.5;0.0;;0.0;100.0;100.0;100.0;46.25;6.17;0.0;2026-10-06T19:15:00+02:00;2026-10-06T21:21:19+02:00;5a1a1f6bfa69
2026-10-07;vengeron;AROMEHD;2026-10-07T14:00;2.0;2.5;73.0;18.0;0.0;;0.0;100.0;100.0;100.0;46.25;6.17;0.0;2026-10-06T19:15:00+02:00;2026-10-06T21:21:19+02:00;5a1a1f6bfa69
2026-10-07;vengeron;AROMEHD;2026-10-07T15:00;2.4;2.7;29.0;18.5;0.0;;0.0;100.0;99.0;100.0;46.25;6.17;0.0;2026-10-06T19:15:00+02:00;2026-10-06T21:21:19+02:00;5a1a1f6bfa69
2026-10-07;vengeron;AROMEHD;2026-10-07T16:00;2.1;4.5;22.0;18.7;0.0;;2.0;100.0;100.0;100.0;46.25;6.17;0.0;2026-10-06T19:15:00+02:00;2026-10-06T21:21:19+02:00;5a1a1f6bfa69
2026-10-07;vengeron;AROMEHD;2026-10-07T17:00;5.7;8.4;262.0;17.5;1.1;;69.0;100.0;100.0;100.0;46.25;6.17;0.0;2026-10-06T19:15:00+02:00;2026-10-06T21:21:19+02:00;5a1a1f6bfa69
2026-10-07;vengeron;AROMEHD;2026-10-07T18:00;4.2;8.6;281.0;16.0;3.7;;100.0;100.0;100.0;100.0;46.25;6.17;0.0;2026-10-06T19:15:00+02:00;2026-10-06T21:21:19+02:00;5a1a1f6bfa69
2026-10-07;vengeron;AROMEHD;2026-10-07T19:00;2.2;6.6;260.0;15.5;4.7;;24.0;100.0;100.0;100.0;46.25;6.17;0.0;2026-10-06T19:15:00+02:00;2026-10-06T21:21:19+02:00;5a1a1f6bfa69
2026-10-07;vengeron;AROMEHD;2026-10-07T20:00;0.7;3.9;304.0;15.5;2.8;;87.0;100.0;100.0;100.0;46.25;6.17;0.0;2026-10-06T19:15:00+02:00;2026-10-06T21:21:19+02:00;5a1a1f6bfa69
2026-10-07;vengeron;AROMEHD;2026-10-07T21:00;3.8;5.6;294.0;15.5;0.8;;100.0;100.0;100.0;100.0;46.25;6.17;0.0;2026-10-06T19:15:00+02:00;2026-10-06T21:21:19+02:00;5a1a1f6bfa69
2026-10-07;vengeron;AROMEHD;2026-10-07T22:00;2.5;4.9;270.0;15.8;1.3;;74.0;100.0;100.0;100.0;46.25;6.17;0.0;2026-10-06T19:15:00+02:00;2026-10-06T21:21:19+02:00;5a1a1f6bfa69
2026-10-07;vengeron;AROMEHD;2026-10-07T23:00;2.6;4.5;257.0;15.8;5.6;;100.0;100.0;100.0;100.0;46.25;6.17;0.0;2026-10-06T19:15:00+02:00;2026-10-06T21:21:19+02:00;5a1a1f6bfa69
2026-10-07;vengeron;AROMEHD;2026-10-08T00:00;1.4;3.7;262.0;15.9;0.0;;100.0;75.0;100.0;100.0;46.25;6.17;0.0;2026-10-06T19:15:00+02:00;2026-10-06T21:21:19+02:00;5a1a1f6bfa69
2026-10-07;vengeron;ICONCH1;2026-10-07T01:00;2.2;4.7;255.0;16.5;0.0;87.0;45.0;20.0;69.0;87.0;46.24517;6.166931;0.0;2026-10-06T19:15:00+02:00;2026-10-06T21:21:19+02:00;5a1a1f6bfa69
2026-10-07;vengeron;ICONCH1;2026-10-07T02:00;2.9;4.3;290.0;16.1;0.0;80.0;54.0;10.0;48.0;80.0;46.24517;6.166931;0.0;2026-10-06T19:15:00+02:00;2026-10-06T21:21:19+02:00;5a1a1f6bfa69
2026-10-07;vengeron;ICONCH1;2026-10-07T03:00;2.4;3.9;299.0;16.2;0.0;92.0;57.0;38.0;70.0;92.0;46.24517;6.166931;0.0;2026-10-06T19:15:00+02:00;2026-10-06T21:21:19+02:00;5a1a1f6bfa69
2026-10-07;vengeron;ICONCH1;2026-10-07T04:00;2.5;4.1;309.0;15.9;0.0;93.0;62.0;28.0;73.0;93.0;46.24517;6.166931;0.0;2026-10-06T19:15:00+02:00;2026-10-06T21:21:19+02:00;5a1a1f6bfa69
2026-10-07;vengeron;ICONCH1;2026-10-07T05:00;1.8;3.7;276.0;15.9;0.0;98.0;54.0;93.0;0.0;98.0;46.24517;6.166931;0.0;2026-10-06T19:15:00+02:00;2026-10-06T21:21:19+02:00;5a1a1f6bfa69
2026-10-07;vengeron;ICONCH1;2026-10-07T06:00;2.0;2.9;299.0;15.8;0.0;93.0;47.0;84.0;0.0;93.0;46.24517;6.166931;0.0;2026-10-06T19:15:00+02:00;2026-10-06T21:21:19+02:00;5a1a1f6bfa69
2026-10-07;vengeron;ICONCH1;2026-10-07T07:00;2.7;4.1;262.0;15.7;0.0;100.0;54.0;100.0;1.0;100.0;46.24517;6.166931;0.0;2026-10-06T19:15:00+02:00;2026-10-06T21:21:19+02:00;5a1a1f6bfa69
2026-10-07;vengeron;ICONCH1;2026-10-07T08:00;3.4;4.7;260.0;15.8;0.0;100.0;46.0;100.0;100.0;100.0;46.24517;6.166931;0.0;2026-10-06T19:15:00+02:00;2026-10-06T21:21:19+02:00;5a1a1f6bfa69
2026-10-07;vengeron;ICONCH1;2026-10-07T09:00;1.8;4.5;257.0;16.0;0.0;100.0;13.0;72.0;100.0;100.0;46.24517;6.166931;0.0;2026-10-06T19:15:00+02:00;2026-10-06T21:21:19+02:00;5a1a1f6bfa69
2026-10-07;vengeron;ICONCH1;2026-10-07T10:00;1.0;3.1;202.0;16.3;0.0;100.0;3.0;59.0;100.0;100.0;46.24517;6.166931;0.0;2026-10-06T19:15:00+02:00;2026-10-06T21:21:19+02:00;5a1a1f6bfa69
2026-10-07;vengeron;ICONCH1;2026-10-07T11:00;1.6;2.5;173.0;16.9;0.0;100.0;0.0;97.0;100.0;100.0;46.24517;6.166931;0.0;2026-10-06T19:15:00+02:00;2026-10-06T21:21:19+02:00;5a1a1f6bfa69
2026-10-07;vengeron;ICONCH1;2026-10-07T12:00;1.6;2.3;166.0;17.6;0.0;100.0;0.0;97.0;100.0;100.0;46.24517;6.166931;0.0;2026-10-06T19:15:00+02:00;2026-10-06T21:21:19+02:00;5a1a1f6bfa69
2026-10-07;vengeron;ICONCH1;2026-10-07T13:00;1.8;2.5;193.0;18.4;0.0;100.0;0.0;100.0;100.0;100.0;46.24517;6.166931;0.0;2026-10-06T19:15:00+02:00;2026-10-06T21:21:19+02:00;5a1a1f6bfa69
2026-10-07;vengeron;ICONCH1;2026-10-07T14:00;2.5;5.4;198.0;19.1;0.2;100.0;0.0;100.0;100.0;100.0;46.24517;6.166931;0.0;2026-10-06T19:15:00+02:00;2026-10-06T21:21:19+02:00;5a1a1f6bfa69
2026-10-07;vengeron;ICONCH1;2026-10-07T15:00;2.1;4.1;221.0;19.2;0.4;100.0;0.0;100.0;100.0;100.0;46.24517;6.166931;0.0;2026-10-06T19:15:00+02:00;2026-10-06T21:21:19+02:00;5a1a1f6bfa69
2026-10-07;vengeron;ICONCH1;2026-10-07T16:00;2.6;3.7;257.0;18.9;0.5;100.0;37.0;100.0;100.0;100.0;46.24517;6.166931;0.0;2026-10-06T19:15:00+02:00;2026-10-06T21:21:19+02:00;5a1a1f6bfa69
2026-10-07;vengeron;ICONCH1;2026-10-07T17:00;3.0;4.5;259.0;18.5;0.9;100.0;44.0;100.0;100.0;100.0;46.24517;6.166931;0.0;2026-10-06T19:15:00+02:00;2026-10-06T21:21:19+02:00;5a1a1f6bfa69
2026-10-07;vengeron;ICONCH1;2026-10-07T18:00;2.7;4.9;270.0;18.1;0.8;100.0;29.0;100.0;100.0;100.0;46.24517;6.166931;0.0;2026-10-06T19:15:00+02:00;2026-10-06T21:21:19+02:00;5a1a1f6bfa69
2026-10-07;vengeron;ICONCH1;2026-10-07T19:00;3.1;4.3;235.0;18.3;0.0;100.0;21.0;100.0;100.0;100.0;46.24517;6.166931;0.0;2026-10-06T19:15:00+02:00;2026-10-06T21:21:19+02:00;5a1a1f6bfa69
2026-10-07;vengeron;ICONCH1;2026-10-07T20:00;4.2;5.6;208.0;18.4;0.0;100.0;51.0;96.0;100.0;100.0;46.24517;6.166931;0.0;2026-10-06T19:15:00+02:00;2026-10-06T21:21:19+02:00;5a1a1f6bfa69
2026-10-07;vengeron;ICONCH1;2026-10-07T21:00;6.9;8.7;241.0;17.5;1.3;100.0;12.0;100.0;100.0;100.0;46.24517;6.166931;0.0;2026-10-06T19:15:00+02:00;2026-10-06T21:21:19+02:00;5a1a1f6bfa69
2026-10-07;vengeron;ICONCH1;2026-10-07T22:00;5.8;9.5;230.0;16.9;2.8;100.0;0.0;100.0;100.0;100.0;46.24517;6.166931;0.0;2026-10-06T19:15:00+02:00;2026-10-06T21:21:19+02:00;5a1a1f6bfa69
2026-10-07;vengeron;ICONCH1;2026-10-07T23:00;7.4;9.3;235.0;16.8;2.5;100.0;11.0;100.0;100.0;100.0;46.24517;6.166931;0.0;2026-10-06T19:15:00+02:00;2026-10-06T21:21:19+02:00;5a1a1f6bfa69
2026-10-07;vengeron;ICONCH1;2026-10-08T00:00;5.2;9.3;211.0;17.0;0.5;100.0;44.0;74.0;100.0;100.0;46.24517;6.166931;0.0;2026-10-06T19:15:00+02:00;2026-10-06T21:21:19+02:00;5a1a1f6bfa69
2026-10-07;wwmeyzieu;AROMEHD;2026-10-07T01:00;7.4;13.4;174.0;19.9;0.0;;0.0;100.0;100.0;100.0;45.78;4.9799995;0.0;2026-10-06T19:15:00+02:00;2026-10-06T21:21:19+02:00;5a1a1f6bfa69
2026-10-07;wwmeyzieu;AROMEHD;2026-10-07T02:00;7.1;11.7;169.0;19.5;0.0;;0.0;9.0;100.0;100.0;45.78;4.9799995;0.0;2026-10-06T19:15:00+02:00;2026-10-06T21:21:19+02:00;5a1a1f6bfa69
2026-10-07;wwmeyzieu;AROMEHD;2026-10-07T03:00;5.0;11.5;141.0;18.9;0.0;;0.0;98.0;100.0;100.0;45.78;4.9799995;0.0;2026-10-06T19:15:00+02:00;2026-10-06T21:21:19+02:00;5a1a1f6bfa69
2026-10-07;wwmeyzieu;AROMEHD;2026-10-07T04:00;5.0;7.8;118.0;18.5;0.0;;0.0;45.0;100.0;100.0;45.78;4.9799995;0.0;2026-10-06T19:15:00+02:00;2026-10-06T21:21:19+02:00;5a1a1f6bfa69
2026-10-07;wwmeyzieu;AROMEHD;2026-10-07T05:00;5.7;8.6;128.0;18.0;0.0;;0.0;78.0;100.0;100.0;45.78;4.9799995;0.0;2026-10-06T19:15:00+02:00;2026-10-06T21:21:19+02:00;5a1a1f6bfa69
2026-10-07;wwmeyzieu;AROMEHD;2026-10-07T06:00;6.1;9.5;130.0;17.7;0.0;;0.0;100.0;100.0;100.0;45.78;4.9799995;0.0;2026-10-06T19:15:00+02:00;2026-10-06T21:21:19+02:00;5a1a1f6bfa69
2026-10-07;wwmeyzieu;AROMEHD;2026-10-07T07:00;6.3;9.7;130.0;17.7;0.0;;0.0;100.0;100.0;100.0;45.78;4.9799995;0.0;2026-10-06T19:15:00+02:00;2026-10-06T21:21:19+02:00;5a1a1f6bfa69
2026-10-07;wwmeyzieu;AROMEHD;2026-10-07T08:00;5.4;10.9;142.0;17.8;0.1;;0.0;100.0;100.0;100.0;45.78;4.9799995;0.0;2026-10-06T19:15:00+02:00;2026-10-06T21:21:19+02:00;5a1a1f6bfa69
2026-10-07;wwmeyzieu;AROMEHD;2026-10-07T09:00;7.1;12.8;171.0;17.8;0.1;;1.0;100.0;100.0;100.0;45.78;4.9799995;0.0;2026-10-06T19:15:00+02:00;2026-10-06T21:21:19+02:00;5a1a1f6bfa69
2026-10-07;wwmeyzieu;AROMEHD;2026-10-07T10:00;5.3;10.9;156.0;17.5;0.3;;100.0;100.0;100.0;100.0;45.78;4.9799995;0.0;2026-10-06T19:15:00+02:00;2026-10-06T21:21:19+02:00;5a1a1f6bfa69
2026-10-07;wwmeyzieu;AROMEHD;2026-10-07T11:00;4.7;8.9;156.0;17.5;0.5;;15.0;100.0;100.0;100.0;45.78;4.9799995;0.0;2026-10-06T19:15:00+02:00;2026-10-06T21:21:19+02:00;5a1a1f6bfa69
2026-10-07;wwmeyzieu;AROMEHD;2026-10-07T12:00;2.6;7.6;163.0;17.4;0.6;;41.0;100.0;100.0;100.0;45.78;4.9799995;0.0;2026-10-06T19:15:00+02:00;2026-10-06T21:21:19+02:00;5a1a1f6bfa69
2026-10-07;wwmeyzieu;AROMEHD;2026-10-07T13:00;1.0;5.1;112.0;17.6;0.6;;100.0;100.0;100.0;100.0;45.78;4.9799995;0.0;2026-10-06T19:15:00+02:00;2026-10-06T21:21:19+02:00;5a1a1f6bfa69
2026-10-07;wwmeyzieu;AROMEHD;2026-10-07T14:00;3.7;7.0;162.0;18.7;0.1;;48.0;100.0;1.0;100.0;45.78;4.9799995;0.0;2026-10-06T19:15:00+02:00;2026-10-06T21:21:19+02:00;5a1a1f6bfa69
2026-10-07;wwmeyzieu;AROMEHD;2026-10-07T15:00;5.5;8.9;162.0;18.3;0.0;;100.0;98.0;95.0;100.0;45.78;4.9799995;0.0;2026-10-06T19:15:00+02:00;2026-10-06T21:21:19+02:00;5a1a1f6bfa69
2026-10-07;wwmeyzieu;AROMEHD;2026-10-07T16:00;7.7;12.2;141.0;17.9;0.0;;87.0;15.0;70.0;87.0;45.78;4.9799995;0.0;2026-10-06T19:15:00+02:00;2026-10-06T21:21:19+02:00;5a1a1f6bfa69
2026-10-07;wwmeyzieu;AROMEHD;2026-10-07T17:00;7.7;12.8;137.0;17.8;0.0;;27.0;100.0;99.0;100.0;45.78;4.9799995;0.0;2026-10-06T19:15:00+02:00;2026-10-06T21:21:19+02:00;5a1a1f6bfa69
2026-10-07;wwmeyzieu;AROMEHD;2026-10-07T18:00;5.5;12.4;138.0;17.6;0.1;;75.0;100.0;100.0;100.0;45.78;4.9799995;0.0;2026-10-06T19:15:00+02:00;2026-10-06T21:21:19+02:00;5a1a1f6bfa69
2026-10-07;wwmeyzieu;AROMEHD;2026-10-07T19:00;5.8;9.7;168.0;18.1;0.0;;37.0;100.0;100.0;100.0;45.78;4.9799995;0.0;2026-10-06T19:15:00+02:00;2026-10-06T21:21:19+02:00;5a1a1f6bfa69
2026-10-07;wwmeyzieu;AROMEHD;2026-10-07T20:00;5.6;11.9;182.0;17.6;0.4;;1.0;100.0;100.0;100.0;45.78;4.9799995;0.0;2026-10-06T19:15:00+02:00;2026-10-06T21:21:19+02:00;5a1a1f6bfa69
2026-10-07;wwmeyzieu;AROMEHD;2026-10-07T21:00;10.3;17.9;177.0;17.8;0.2;;0.0;100.0;100.0;100.0;45.78;4.9799995;0.0;2026-10-06T19:15:00+02:00;2026-10-06T21:21:19+02:00;5a1a1f6bfa69
2026-10-07;wwmeyzieu;AROMEHD;2026-10-07T22:00;8.0;16.3;193.0;18.3;0.2;;0.0;100.0;100.0;100.0;45.78;4.9799995;0.0;2026-10-06T19:15:00+02:00;2026-10-06T21:21:19+02:00;5a1a1f6bfa69
2026-10-07;wwmeyzieu;AROMEHD;2026-10-07T23:00;10.0;16.5;192.0;18.0;0.0;;10.0;100.0;100.0;100.0;45.78;4.9799995;0.0;2026-10-06T19:15:00+02:00;2026-10-06T21:21:19+02:00;5a1a1f6bfa69
2026-10-07;wwmeyzieu;AROMEHD;2026-10-08T00:00;10.8;17.5;189.0;17.9;0.0;;0.0;100.0;100.0;100.0;45.78;4.9799995;0.0;2026-10-06T19:15:00+02:00;2026-10-06T21:21:19+02:00;5a1a1f6bfa69
2026-10-07;wwmeyzieu;ICONCH1;2026-10-07T01:00;5.4;9.9;180.0;19.0;0.0;100.0;0.0;75.0;100.0;100.0;45.787823;4.9783936;0.0;2026-10-06T19:15:00+02:00;2026-10-06T21:21:19+02:00;5a1a1f6bfa69
2026-10-07;wwmeyzieu;ICONCH1;2026-10-07T02:00;6.4;10.3;175.0;18.8;0.0;100.0;0.0;86.0;100.0;100.0;45.787823;4.9783936;0.0;2026-10-06T19:15:00+02:00;2026-10-06T21:21:19+02:00;5a1a1f6bfa69
2026-10-07;wwmeyzieu;ICONCH1;2026-10-07T03:00;4.5;10.1;173.0;18.7;0.0;100.0;0.0;95.0;100.0;100.0;45.787823;4.9783936;0.0;2026-10-06T19:15:00+02:00;2026-10-06T21:21:19+02:00;5a1a1f6bfa69
2026-10-07;wwmeyzieu;ICONCH1;2026-10-07T04:00;4.3;7.8;170.0;18.7;0.0;95.0;0.0;88.0;64.0;95.0;45.787823;4.9783936;0.0;2026-10-06T19:15:00+02:00;2026-10-06T21:21:19+02:00;5a1a1f6bfa69
2026-10-07;wwmeyzieu;ICONCH1;2026-10-07T05:00;3.1;7.0;150.0;18.5;0.0;100.0;0.0;100.0;100.0;100.0;45.787823;4.9783936;0.0;2026-10-06T19:15:00+02:00;2026-10-06T21:21:19+02:00;5a1a1f6bfa69
2026-10-07;wwmeyzieu;ICONCH1;2026-10-07T06:00;2.2;5.4;135.0;18.2;0.0;100.0;0.0;88.0;100.0;100.0;45.787823;4.9783936;0.0;2026-10-06T19:15:00+02:00;2026-10-06T21:21:19+02:00;5a1a1f6bfa69
2026-10-07;wwmeyzieu;ICONCH1;2026-10-07T07:00;1.7;3.7;144.0;18.1;0.0;100.0;0.0;90.0;100.0;100.0;45.787823;4.9783936;0.0;2026-10-06T19:15:00+02:00;2026-10-06T21:21:19+02:00;5a1a1f6bfa69
2026-10-07;wwmeyzieu;ICONCH1;2026-10-07T08:00;2.7;4.3;150.0;17.9;0.0;100.0;0.0;100.0;100.0;100.0;45.787823;4.9783936;0.0;2026-10-06T19:15:00+02:00;2026-10-06T21:21:19+02:00;5a1a1f6bfa69
2026-10-07;wwmeyzieu;ICONCH1;2026-10-07T09:00;4.9;7.8;151.0;18.1;0.0;100.0;0.0;100.0;100.0;100.0;45.787823;4.9783936;0.0;2026-10-06T19:15:00+02:00;2026-10-06T21:21:19+02:00;5a1a1f6bfa69
2026-10-07;wwmeyzieu;ICONCH1;2026-10-07T10:00;6.6;10.3;161.0;18.4;0.1;100.0;0.0;100.0;100.0;100.0;45.787823;4.9783936;0.0;2026-10-06T19:15:00+02:00;2026-10-06T21:21:19+02:00;5a1a1f6bfa69
2026-10-07;wwmeyzieu;ICONCH1;2026-10-07T11:00;8.4;13.2;176.0;18.3;0.3;100.0;11.0;100.0;100.0;100.0;45.787823;4.9783936;0.0;2026-10-06T19:15:00+02:00;2026-10-06T21:21:19+02:00;5a1a1f6bfa69
2026-10-07;wwmeyzieu;ICONCH1;2026-10-07T12:00;7.6;13.2;180.0;18.2;0.9;100.0;43.0;100.0;100.0;100.0;45.787823;4.9783936;0.0;2026-10-06T19:15:00+02:00;2026-10-06T21:21:19+02:00;5a1a1f6bfa69
2026-10-07;wwmeyzieu;ICONCH1;2026-10-07T13:00;5.7;12.2;158.0;18.4;1.3;100.0;46.0;100.0;100.0;100.0;45.787823;4.9783936;0.0;2026-10-06T19:15:00+02:00;2026-10-06T21:21:19+02:00;5a1a1f6bfa69
2026-10-07;wwmeyzieu;ICONCH1;2026-10-07T14:00;7.2;11.3;147.0;19.0;0.5;99.0;72.0;95.0;23.0;99.0;45.787823;4.9783936;0.0;2026-10-06T19:15:00+02:00;2026-10-06T21:21:19+02:00;5a1a1f6bfa69
2026-10-07;wwmeyzieu;ICONCH1;2026-10-07T15:00;7.1;12.8;143.0;19.1;0.0;100.0;76.0;84.0;100.0;100.0;45.787823;4.9783936;0.0;2026-10-06T19:15:00+02:00;2026-10-06T21:21:19+02:00;5a1a1f6bfa69
2026-10-07;wwmeyzieu;ICONCH1;2026-10-07T16:00;8.7;14.2;151.0;20.1;0.0;100.0;47.0;35.0;100.0;100.0;45.787823;4.9783936;0.0;2026-10-06T19:15:00+02:00;2026-10-06T21:21:19+02:00;5a1a1f6bfa69
2026-10-07;wwmeyzieu;ICONCH1;2026-10-07T17:00;10.8;16.9;165.0;20.8;0.0;100.0;31.0;43.0;100.0;100.0;45.787823;4.9783936;0.0;2026-10-06T19:15:00+02:00;2026-10-06T21:21:19+02:00;5a1a1f6bfa69
2026-10-07;wwmeyzieu;ICONCH1;2026-10-07T18:00;10.8;18.1;172.0;20.6;0.0;100.0;25.0;5.0;100.0;100.0;45.787823;4.9783936;0.0;2026-10-06T19:15:00+02:00;2026-10-06T21:21:19+02:00;5a1a1f6bfa69
2026-10-07;wwmeyzieu;ICONCH1;2026-10-07T19:00;10.3;17.9;176.0;19.9;0.0;100.0;0.0;100.0;100.0;100.0;45.787823;4.9783936;0.0;2026-10-06T19:15:00+02:00;2026-10-06T21:21:19+02:00;5a1a1f6bfa69
2026-10-07;wwmeyzieu;ICONCH1;2026-10-07T20:00;9.3;16.3;200.0;19.6;0.3;100.0;82.0;96.0;100.0;100.0;45.787823;4.9783936;0.0;2026-10-06T19:15:00+02:00;2026-10-06T21:21:19+02:00;5a1a1f6bfa69
2026-10-07;wwmeyzieu;ICONCH1;2026-10-07T21:00;9.8;25.3;187.0;18.1;8.6;100.0;28.0;100.0;100.0;100.0;45.787823;4.9783936;0.0;2026-10-06T19:15:00+02:00;2026-10-06T21:21:19+02:00;5a1a1f6bfa69
2026-10-07;wwmeyzieu;ICONCH1;2026-10-07T22:00;6.4;16.1;185.0;18.0;1.2;100.0;40.0;100.0;100.0;100.0;45.787823;4.9783936;0.0;2026-10-06T19:15:00+02:00;2026-10-06T21:21:19+02:00;5a1a1f6bfa69
2026-10-07;wwmeyzieu;ICONCH1;2026-10-07T23:00;5.3;11.5;174.0;17.7;0.4;100.0;41.0;100.0;100.0;100.0;45.787823;4.9783936;0.0;2026-10-06T19:15:00+02:00;2026-10-06T21:21:19+02:00;5a1a1f6bfa69
2026-10-07;wwmeyzieu;ICONCH1;2026-10-08T00:00;6.0;10.3;184.0;17.1;0.2;100.0;46.0;100.0;100.0;100.0;45.787823;4.9783936;0.0;2026-10-06T19:15:00+02:00;2026-10-06T21:21:19+02:00;5a1a1f6bfa69
