target_day;spot_key;model_key;valid_at;wind_speed_10m_kn;wind_gusts_10m_kn;wind_direction_10m_deg;temperature_2m_c;precipitation_mm;cloud_cover_pct;cloud_cover_low_pct;cloud_cover_mid_pct;cloud_cover_high_pct;cloud_cover_max_pct;grid_latitude;grid_longitude;grid_elevation_m;collecte_run_id;collecte_fetched_at;collecte_commit
2026-10-05;cap_des_seselets;AROMEHD;2026-10-05T01:00;2.2;4.5;80.0;19.1;0.0;;0.0;0.0;87.0;87.0;45.66;5.879999;0.0;2026-10-04T19:15:00+02:00;2026-10-04T22:22:49+02:00;05e34ae3361f
2026-10-05;cap_des_seselets;AROMEHD;2026-10-05T02:00;2.5;3.5;113.0;18.0;0.0;;0.0;0.0;85.0;85.0;45.66;5.879999;0.0;2026-10-04T19:15:00+02:00;2026-10-04T22:22:49+02:00;05e34ae3361f
2026-10-05;cap_des_seselets;AROMEHD;2026-10-05T03:00;3.1;3.3;145.0;17.7;0.0;;0.0;0.0;5.0;5.0;45.66;5.879999;0.0;2026-10-04T19:15:00+02:00;2026-10-04T22:22:49+02:00;05e34ae3361f
2026-10-05;cap_des_seselets;AROMEHD;2026-10-05T04:00;3.0;4.1;148.0;17.0;0.0;;0.0;0.0;99.0;99.0;45.66;5.879999;0.0;2026-10-04T19:15:00+02:00;2026-10-04T22:22:49+02:00;05e34ae3361f
2026-10-05;cap_des_seselets;AROMEHD;2026-10-05T05:00;2.6;2.9;48.0;17.5;0.0;;0.0;0.0;0.0;0.0;45.66;5.879999;0.0;2026-10-04T19:15:00+02:00;2026-10-04T22:22:49+02:00;05e34ae3361f
2026-10-05;cap_des_seselets;AROMEHD;2026-10-05T06:00;0.5;3.7;45.0;17.7;0.0;;0.0;0.0;0.0;0.0;45.66;5.879999;0.0;2026-10-04T19:15:00+02:00;2026-10-04T22:22:49+02:00;05e34ae3361f
2026-10-05;cap_des_seselets;AROMEHD;2026-10-05T07:00;0.4;2.1;360.0;17.2;0.0;;0.0;0.0;0.0;0.0;45.66;5.879999;0.0;2026-10-04T19:15:00+02:00;2026-10-04T22:22:49+02:00;05e34ae3361f
2026-10-05;cap_des_seselets;AROMEHD;2026-10-05T08:00;2.8;3.5;155.0;16.2;0.0;;0.0;0.0;0.0;0.0;45.66;5.879999;0.0;2026-10-04T19:15:00+02:00;2026-10-04T22:22:49+02:00;05e34ae3361f
2026-10-05;cap_des_seselets;AROMEHD;2026-10-05T09:00;1.0;4.1;143.0;16.4;0.0;;0.0;0.0;0.0;0.0;45.66;5.879999;0.0;2026-10-04T19:15:00+02:00;2026-10-04T22:22:49+02:00;05e34ae3361f
2026-10-05;cap_des_seselets;AROMEHD;2026-10-05T10:00;1.4;1.6;352.0;16.7;0.0;;0.0;0.0;0.0;0.0;45.66;5.879999;0.0;2026-10-04T19:15:00+02:00;2026-10-04T22:22:49+02:00;05e34ae3361f
2026-10-05;cap_des_seselets;AROMEHD;2026-10-05T11:00;1.9;2.3;336.0;17.2;0.0;;0.0;0.0;0.0;0.0;45.66;5.879999;0.0;2026-10-04T19:15:00+02:00;2026-10-04T22:22:49+02:00;05e34ae3361f
2026-10-05;cap_des_seselets;AROMEHD;2026-10-05T12:00;0.4;2.1;360.0;18.3;0.0;;0.0;0.0;0.0;0.0;45.66;5.879999;0.0;2026-10-04T19:15:00+02:00;2026-10-04T22:22:49+02:00;05e34ae3361f
2026-10-05;cap_des_seselets;AROMEHD;2026-10-05T13:00;0.8;1.4;14.0;19.5;0.0;;0.0;0.0;0.0;0.0;45.66;5.879999;0.0;2026-10-04T19:15:00+02:00;2026-10-04T22:22:49+02:00;05e34ae3361f
2026-10-05;cap_des_seselets;AROMEHD;2026-10-05T14:00;1.2;1.7;18.0;20.1;0.0;;0.0;0.0;0.0;0.0;45.66;5.879999;0.0;2026-10-04T19:15:00+02:00;2026-10-04T22:22:49+02:00;05e34ae3361f
2026-10-05;cap_des_seselets;AROMEHD;2026-10-05T15:00;1.6;2.3;14.0;20.6;0.0;;0.0;0.0;0.0;0.0;45.66;5.879999;0.0;2026-10-04T19:15:00+02:00;2026-10-04T22:22:49+02:00;05e34ae3361f
2026-10-05;cap_des_seselets;AROMEHD;2026-10-05T16:00;2.2;2.9;15.0;21.0;0.0;;0.0;0.0;0.0;0.0;45.66;5.879999;0.0;2026-10-04T19:15:00+02:00;2026-10-04T22:22:49+02:00;05e34ae3361f
2026-10-05;cap_des_seselets;AROMEHD;2026-10-05T17:00;2.6;3.5;36.0;21.5;0.0;;0.0;0.0;0.0;0.0;45.66;5.879999;0.0;2026-10-04T19:15:00+02:00;2026-10-04T22:22:49+02:00;05e34ae3361f
2026-10-05;cap_des_seselets;AROMEHD;2026-10-05T18:00;1.0;3.5;53.0;21.6;0.0;;0.0;0.0;0.0;0.0;45.66;5.879999;0.0;2026-10-04T19:15:00+02:00;2026-10-04T22:22:49+02:00;05e34ae3361f
2026-10-05;cap_des_seselets;AROMEHD;2026-10-05T19:00;0.7;0.6;304.0;21.1;0.0;;0.0;0.0;0.0;0.0;45.66;5.879999;0.0;2026-10-04T19:15:00+02:00;2026-10-04T22:22:49+02:00;05e34ae3361f
2026-10-05;cap_des_seselets;AROMEHD;2026-10-05T20:00;1.4;2.5;286.0;20.9;0.0;;0.0;0.0;0.0;0.0;45.66;5.879999;0.0;2026-10-04T19:15:00+02:00;2026-10-04T22:22:49+02:00;05e34ae3361f
2026-10-05;cap_des_seselets;AROMEHD;2026-10-05T21:00;2.9;1.6;118.0;20.1;0.0;;0.0;0.0;0.0;0.0;45.66;5.879999;0.0;2026-10-04T19:15:00+02:00;2026-10-04T22:22:49+02:00;05e34ae3361f
2026-10-05;cap_des_seselets;AROMEHD;2026-10-05T22:00;1.5;3.3;113.0;19.6;0.0;;0.0;0.0;0.0;0.0;45.66;5.879999;0.0;2026-10-04T19:15:00+02:00;2026-10-04T22:22:49+02:00;05e34ae3361f
2026-10-05;cap_des_seselets;AROMEHD;2026-10-05T23:00;2.1;2.3;131.0;18.6;0.0;;0.0;0.0;0.0;0.0;45.66;5.879999;0.0;2026-10-04T19:15:00+02:00;2026-10-04T22:22:49+02:00;05e34ae3361f
2026-10-05;cap_des_seselets;AROMEHD;2026-10-06T00:00;2.5;2.7;129.0;18.1;0.0;;0.0;0.0;0.0;0.0;45.66;5.879999;0.0;2026-10-04T19:15:00+02:00;2026-10-04T22:22:49+02:00;05e34ae3361f
2026-10-05;cap_des_seselets;ICONCH1;2026-10-05T01:00;2.8;4.1;56.0;19.2;0.0;100.0;0.0;0.0;100.0;100.0;45.66424;5.878174;0.0;2026-10-04T19:15:00+02:00;2026-10-04T22:22:49+02:00;05e34ae3361f
2026-10-05;cap_des_seselets;ICONCH1;2026-10-05T02:00;3.0;5.1;101.0;18.1;0.0;34.0;0.0;0.0;34.0;34.0;45.66424;5.878174;0.0;2026-10-04T19:15:00+02:00;2026-10-04T22:22:49+02:00;05e34ae3361f
2026-10-05;cap_des_seselets;ICONCH1;2026-10-05T03:00;1.0;4.1;90.0;18.4;0.0;53.0;0.0;39.0;20.0;53.0;45.66424;5.878174;0.0;2026-10-04T19:15:00+02:00;2026-10-04T22:22:49+02:00;05e34ae3361f
2026-10-05;cap_des_seselets;ICONCH1;2026-10-05T04:00;1.5;4.1;140.0;17.1;0.0;46.0;0.0;18.0;30.0;46.0;45.66424;5.878174;0.0;2026-10-04T19:15:00+02:00;2026-10-04T22:22:49+02:00;05e34ae3361f
2026-10-05;cap_des_seselets;ICONCH1;2026-10-05T05:00;3.0;3.9;153.0;16.8;0.0;33.0;0.0;33.0;0.0;33.0;45.66424;5.878174;0.0;2026-10-04T19:15:00+02:00;2026-10-04T22:22:49+02:00;05e34ae3361f
2026-10-05;cap_des_seselets;ICONCH1;2026-10-05T06:00;2.3;3.9;59.0;17.7;0.0;16.0;0.0;16.0;0.0;16.0;45.66424;5.878174;0.0;2026-10-04T19:15:00+02:00;2026-10-04T22:22:49+02:00;05e34ae3361f
2026-10-05;cap_des_seselets;ICONCH1;2026-10-05T07:00;2.8;3.7;146.0;16.9;0.0;22.0;0.0;22.0;0.0;22.0;45.66424;5.878174;0.0;2026-10-04T19:15:00+02:00;2026-10-04T22:22:49+02:00;05e34ae3361f
2026-10-05;cap_des_seselets;ICONCH1;2026-10-05T08:00;1.4;5.1;135.0;15.9;0.0;26.0;0.0;26.0;0.0;26.0;45.66424;5.878174;0.0;2026-10-04T19:15:00+02:00;2026-10-04T22:22:49+02:00;05e34ae3361f
2026-10-05;cap_des_seselets;ICONCH1;2026-10-05T09:00;1.8;2.9;122.0;16.3;0.0;0.0;0.0;0.0;0.0;0.0;45.66424;5.878174;0.0;2026-10-04T19:15:00+02:00;2026-10-04T22:22:49+02:00;05e34ae3361f
2026-10-05;cap_des_seselets;ICONCH1;2026-10-05T10:00;0.2;2.5;180.0;17.2;0.0;0.0;0.0;0.0;0.0;0.0;45.66424;5.878174;0.0;2026-10-04T19:15:00+02:00;2026-10-04T22:22:49+02:00;05e34ae3361f
2026-10-05;cap_des_seselets;ICONCH1;2026-10-05T11:00;0.5;1.6;135.0;18.2;0.0;16.0;0.0;0.0;16.0;16.0;45.66424;5.878174;0.0;2026-10-04T19:15:00+02:00;2026-10-04T22:22:49+02:00;05e34ae3361f
2026-10-05;cap_des_seselets;ICONCH1;2026-10-05T12:00;1.2;1.7;342.0;19.6;0.0;44.0;0.0;0.0;44.0;44.0;45.66424;5.878174;0.0;2026-10-04T19:15:00+02:00;2026-10-04T22:22:49+02:00;05e34ae3361f
2026-10-05;cap_des_seselets;ICONCH1;2026-10-05T13:00;1.7;2.3;339.0;20.9;0.0;27.0;0.0;0.0;27.0;27.0;45.66424;5.878174;0.0;2026-10-04T19:15:00+02:00;2026-10-04T22:22:49+02:00;05e34ae3361f
2026-10-05;cap_des_seselets;ICONCH1;2026-10-05T14:00;2.9;3.9;332.0;22.0;0.0;8.0;0.0;0.0;8.0;8.0;45.66424;5.878174;0.0;2026-10-04T19:15:00+02:00;2026-10-04T22:22:49+02:00;05e34ae3361f
2026-10-05;cap_des_seselets;ICONCH1;2026-10-05T15:00;2.9;3.9;332.0;22.9;0.0;1.0;0.0;0.0;1.0;1.0;45.66424;5.878174;0.0;2026-10-04T19:15:00+02:00;2026-10-04T22:22:49+02:00;05e34ae3361f
2026-10-05;cap_des_seselets;ICONCH1;2026-10-05T16:00;2.7;3.9;339.0;23.6;0.0;0.0;0.0;0.0;0.0;0.0;45.66424;5.878174;0.0;2026-10-04T19:15:00+02:00;2026-10-04T22:22:49+02:00;05e34ae3361f
2026-10-05;cap_des_seselets;ICONCH1;2026-10-05T17:00;3.6;4.9;347.0;23.9;0.0;0.0;0.0;0.0;0.0;0.0;45.66424;5.878174;0.0;2026-10-04T19:15:00+02:00;2026-10-04T22:22:49+02:00;05e34ae3361f
2026-10-05;cap_des_seselets;ICONCH1;2026-10-05T18:00;3.8;5.2;305.0;23.9;0.0;0.0;0.0;0.0;0.0;0.0;45.66424;5.878174;0.0;2026-10-04T19:15:00+02:00;2026-10-04T22:22:49+02:00;05e34ae3361f
2026-10-05;cap_des_seselets;ICONCH1;2026-10-05T19:00;1.1;5.2;315.0;24.0;0.0;0.0;0.0;0.0;0.0;0.0;45.66424;5.878174;0.0;2026-10-04T19:15:00+02:00;2026-10-04T22:22:49+02:00;05e34ae3361f
2026-10-05;cap_des_seselets;ICONCH1;2026-10-05T20:00;3.9;5.1;131.0;20.7;0.0;0.0;0.0;0.0;0.0;0.0;45.66424;5.878174;0.0;2026-10-04T19:15:00+02:00;2026-10-04T22:22:49+02:00;05e34ae3361f
2026-10-05;cap_des_seselets;ICONCH1;2026-10-05T21:00;3.3;5.1;130.0;20.2;0.0;0.0;0.0;0.0;0.0;0.0;45.66424;5.878174;0.0;2026-10-04T19:15:00+02:00;2026-10-04T22:22:49+02:00;05e34ae3361f
2026-10-05;cap_des_seselets;ICONCH1;2026-10-05T22:00;3.2;4.7;128.0;20.3;0.0;0.0;0.0;0.0;0.0;0.0;45.66424;5.878174;0.0;2026-10-04T19:15:00+02:00;2026-10-04T22:22:49+02:00;05e34ae3361f
2026-10-05;cap_des_seselets;ICONCH1;2026-10-05T23:00;3.4;4.5;137.0;19.1;0.0;0.0;0.0;0.0;0.0;0.0;45.66424;5.878174;0.0;2026-10-04T19:15:00+02:00;2026-10-04T22:22:49+02:00;05e34ae3361f
2026-10-05;cap_des_seselets;ICONCH1;2026-10-06T00:00;2.3;4.5;156.0;18.3;0.0;0.0;0.0;0.0;0.0;0.0;45.66424;5.878174;0.0;2026-10-04T19:15:00+02:00;2026-10-04T22:22:49+02:00;05e34ae3361f
2026-10-05;excenevex;AROMEHD;2026-10-05T01:00;2.1;3.5;185.0;15.2;0.0;;0.0;0.0;100.0;100.0;46.35;6.369999;0.0;2026-10-04T19:15:00+02:00;2026-10-04T22:22:49+02:00;05e34ae3361f
2026-10-05;excenevex;AROMEHD;2026-10-05T02:00;2.4;3.1;189.0;15.0;0.0;;0.0;0.0;0.0;0.0;46.35;6.369999;0.0;2026-10-04T19:15:00+02:00;2026-10-04T22:22:49+02:00;05e34ae3361f
2026-10-05;excenevex;AROMEHD;2026-10-05T03:00;1.7;2.9;180.0;15.0;0.0;;0.0;0.0;0.0;0.0;46.35;6.369999;0.0;2026-10-04T19:15:00+02:00;2026-10-04T22:22:49+02:00;05e34ae3361f
2026-10-05;excenevex;AROMEHD;2026-10-05T04:00;2.1;3.9;214.0;14.9;0.0;;0.0;0.0;0.0;0.0;46.35;6.369999;0.0;2026-10-04T19:15:00+02:00;2026-10-04T22:22:49+02:00;05e34ae3361f
2026-10-05;excenevex;AROMEHD;2026-10-05T05:00;0.4;2.1;243.0;15.1;0.0;;0.0;0.0;0.0;0.0;46.35;6.369999;0.0;2026-10-04T19:15:00+02:00;2026-10-04T22:22:49+02:00;05e34ae3361f
2026-10-05;excenevex;AROMEHD;2026-10-05T06:00;2.3;2.7;211.0;13.9;0.0;;0.0;0.0;0.0;0.0;46.35;6.369999;0.0;2026-10-04T19:15:00+02:00;2026-10-04T22:22:49+02:00;05e34ae3361f
2026-10-05;excenevex;AROMEHD;2026-10-05T07:00;3.3;3.5;177.0;13.6;0.0;;0.0;0.0;0.0;0.0;46.35;6.369999;0.0;2026-10-04T19:15:00+02:00;2026-10-04T22:22:49+02:00;05e34ae3361f
2026-10-05;excenevex;AROMEHD;2026-10-05T08:00;2.0;3.5;209.0;14.0;0.0;;0.0;0.0;0.0;0.0;46.35;6.369999;0.0;2026-10-04T19:15:00+02:00;2026-10-04T22:22:49+02:00;05e34ae3361f
2026-10-05;excenevex;AROMEHD;2026-10-05T09:00;1.8;2.1;193.0;14.3;0.0;;0.0;0.0;0.0;0.0;46.35;6.369999;0.0;2026-10-04T19:15:00+02:00;2026-10-04T22:22:49+02:00;05e34ae3361f
2026-10-05;excenevex;AROMEHD;2026-10-05T10:00;1.1;1.9;239.0;15.6;0.0;;0.0;0.0;8.0;8.0;46.35;6.369999;0.0;2026-10-04T19:15:00+02:00;2026-10-04T22:22:49+02:00;05e34ae3361f
2026-10-05;excenevex;AROMEHD;2026-10-05T11:00;2.2;2.7;27.0;16.8;0.0;;0.0;0.0;2.0;2.0;46.35;6.369999;0.0;2026-10-04T19:15:00+02:00;2026-10-04T22:22:49+02:00;05e34ae3361f
2026-10-05;excenevex;AROMEHD;2026-10-05T12:00;3.5;4.3;27.0;17.1;0.0;;0.0;0.0;0.0;0.0;46.35;6.369999;0.0;2026-10-04T19:15:00+02:00;2026-10-04T22:22:49+02:00;05e34ae3361f
2026-10-05;excenevex;AROMEHD;2026-10-05T13:00;4.4;5.2;32.0;17.5;0.0;;0.0;0.0;0.0;0.0;46.35;6.369999;0.0;2026-10-04T19:15:00+02:00;2026-10-04T22:22:49+02:00;05e34ae3361f
2026-10-05;excenevex;AROMEHD;2026-10-05T14:00;4.8;5.8;32.0;17.9;0.0;;0.0;0.0;0.0;0.0;46.35;6.369999;0.0;2026-10-04T19:15:00+02:00;2026-10-04T22:22:49+02:00;05e34ae3361f
2026-10-05;excenevex;AROMEHD;2026-10-05T15:00;4.0;5.6;23.0;18.3;0.0;;0.0;0.0;0.0;0.0;46.35;6.369999;0.0;2026-10-04T19:15:00+02:00;2026-10-04T22:22:49+02:00;05e34ae3361f
2026-10-05;excenevex;AROMEHD;2026-10-05T16:00;2.5;4.7;23.0;18.7;0.0;;0.0;0.0;0.0;0.0;46.35;6.369999;0.0;2026-10-04T19:15:00+02:00;2026-10-04T22:22:49+02:00;05e34ae3361f
2026-10-05;excenevex;AROMEHD;2026-10-05T17:00;0.4;2.7;360.0;19.2;0.0;;0.0;0.0;0.0;0.0;46.35;6.369999;0.0;2026-10-04T19:15:00+02:00;2026-10-04T22:22:49+02:00;05e34ae3361f
2026-10-05;excenevex;AROMEHD;2026-10-05T18:00;1.1;1.2;31.0;20.0;0.0;;0.0;0.0;0.0;0.0;46.35;6.369999;0.0;2026-10-04T19:15:00+02:00;2026-10-04T22:22:49+02:00;05e34ae3361f
2026-10-05;excenevex;AROMEHD;2026-10-05T19:00;4.1;4.7;25.0;19.8;0.0;;0.0;0.0;0.0;0.0;46.35;6.369999;0.0;2026-10-04T19:15:00+02:00;2026-10-04T22:22:49+02:00;05e34ae3361f
2026-10-05;excenevex;AROMEHD;2026-10-05T20:00;1.3;4.7;117.0;19.7;0.0;;0.0;0.0;0.0;0.0;46.35;6.369999;0.0;2026-10-04T19:15:00+02:00;2026-10-04T22:22:49+02:00;05e34ae3361f
2026-10-05;excenevex;AROMEHD;2026-10-05T21:00;3.5;4.1;128.0;19.0;0.0;;0.0;0.0;0.0;0.0;46.35;6.369999;0.0;2026-10-04T19:15:00+02:00;2026-10-04T22:22:49+02:00;05e34ae3361f
2026-10-05;excenevex;AROMEHD;2026-10-05T22:00;2.1;4.1;139.0;18.1;0.0;;0.0;0.0;0.0;0.0;46.35;6.369999;0.0;2026-10-04T19:15:00+02:00;2026-10-04T22:22:49+02:00;05e34ae3361f
2026-10-05;excenevex;AROMEHD;2026-10-05T23:00;1.7;2.7;144.0;17.1;0.0;;0.0;0.0;0.0;0.0;46.35;6.369999;0.0;2026-10-04T19:15:00+02:00;2026-10-04T22:22:49+02:00;05e34ae3361f
2026-10-05;excenevex;AROMEHD;2026-10-06T00:00;2.3;2.5;180.0;16.7;0.0;;0.0;0.0;0.0;0.0;46.35;6.369999;0.0;2026-10-04T19:15:00+02:00;2026-10-04T22:22:49+02:00;05e34ae3361f
2026-10-05;excenevex;ICONCH1;2026-10-05T01:00;2.5;3.5;266.0;17.9;0.0;100.0;0.0;5.0;100.0;100.0;46.351723;6.3624268;0.0;2026-10-04T19:15:00+02:00;2026-10-04T22:22:49+02:00;05e34ae3361f
2026-10-05;excenevex;ICONCH1;2026-10-05T02:00;2.7;4.5;240.0;17.0;0.0;29.0;0.0;28.0;0.0;29.0;46.351723;6.3624268;0.0;2026-10-04T19:15:00+02:00;2026-10-04T22:22:49+02:00;05e34ae3361f
2026-10-05;excenevex;ICONCH1;2026-10-05T03:00;3.7;5.2;227.0;15.3;0.0;12.0;0.0;12.0;0.0;12.0;46.351723;6.3624268;0.0;2026-10-04T19:15:00+02:00;2026-10-04T22:22:49+02:00;05e34ae3361f
2026-10-05;excenevex;ICONCH1;2026-10-05T04:00;4.8;6.8;194.0;14.4;0.0;23.0;0.0;23.0;0.0;23.0;46.351723;6.3624268;0.0;2026-10-04T19:15:00+02:00;2026-10-04T22:22:49+02:00;05e34ae3361f
2026-10-05;excenevex;ICONCH1;2026-10-05T05:00;1.5;6.8;220.0;16.4;0.0;11.0;0.0;11.0;0.0;11.0;46.351723;6.3624268;0.0;2026-10-04T19:15:00+02:00;2026-10-04T22:22:49+02:00;05e34ae3361f
2026-10-05;excenevex;ICONCH1;2026-10-05T06:00;2.6;4.3;193.0;15.5;0.0;69.0;0.0;69.0;0.0;69.0;46.351723;6.3624268;0.0;2026-10-04T19:15:00+02:00;2026-10-04T22:22:49+02:00;05e34ae3361f
2026-10-05;excenevex;ICONCH1;2026-10-05T07:00;2.0;4.1;209.0;16.3;0.0;41.0;0.0;41.0;0.0;41.0;46.351723;6.3624268;0.0;2026-10-04T19:15:00+02:00;2026-10-04T22:22:49+02:00;05e34ae3361f
2026-10-05;excenevex;ICONCH1;2026-10-05T08:00;3.1;4.5;202.0;15.4;0.0;38.0;0.0;38.0;0.0;38.0;46.351723;6.3624268;0.0;2026-10-04T19:15:00+02:00;2026-10-04T22:22:49+02:00;05e34ae3361f
2026-10-05;excenevex;ICONCH1;2026-10-05T09:00;2.3;4.5;200.0;16.0;0.0;27.0;0.0;27.0;0.0;27.0;46.351723;6.3624268;0.0;2026-10-04T19:15:00+02:00;2026-10-04T22:22:49+02:00;05e34ae3361f
2026-10-05;excenevex;ICONCH1;2026-10-05T10:00;0.6;3.1;90.0;16.9;0.0;94.0;0.0;18.0;88.0;94.0;46.351723;6.3624268;0.0;2026-10-04T19:15:00+02:00;2026-10-04T22:22:49+02:00;05e34ae3361f
2026-10-05;excenevex;ICONCH1;2026-10-05T11:00;1.7;2.9;54.0;17.4;0.0;100.0;0.0;6.0;100.0;100.0;46.351723;6.3624268;0.0;2026-10-04T19:15:00+02:00;2026-10-04T22:22:49+02:00;05e34ae3361f
2026-10-05;excenevex;ICONCH1;2026-10-05T12:00;2.1;3.5;34.0;18.1;0.0;100.0;0.0;8.0;100.0;100.0;46.351723;6.3624268;0.0;2026-10-04T19:15:00+02:00;2026-10-04T22:22:49+02:00;05e34ae3361f
2026-10-05;excenevex;ICONCH1;2026-10-05T13:00;2.5;4.1;39.0;18.9;0.0;46.0;0.0;18.0;32.0;46.0;46.351723;6.3624268;0.0;2026-10-04T19:15:00+02:00;2026-10-04T22:22:49+02:00;05e34ae3361f
2026-10-05;excenevex;ICONCH1;2026-10-05T14:00;2.5;4.1;39.0;19.7;0.0;13.0;0.0;13.0;0.0;13.0;46.351723;6.3624268;0.0;2026-10-04T19:15:00+02:00;2026-10-04T22:22:49+02:00;05e34ae3361f
2026-10-05;excenevex;ICONCH1;2026-10-05T15:00;4.3;6.2;43.0;20.6;0.0;19.0;0.0;19.0;0.0;19.0;46.351723;6.3624268;0.0;2026-10-04T19:15:00+02:00;2026-10-04T22:22:49+02:00;05e34ae3361f
2026-10-05;excenevex;ICONCH1;2026-10-05T16:00;5.6;8.2;340.0;21.5;0.0;38.0;0.0;38.0;0.0;38.0;46.351723;6.3624268;0.0;2026-10-04T19:15:00+02:00;2026-10-04T22:22:49+02:00;05e34ae3361f
2026-10-05;excenevex;ICONCH1;2026-10-05T17:00;3.0;10.9;328.0;22.1;0.0;60.0;3.0;59.0;0.0;60.0;46.351723;6.3624268;0.0;2026-10-04T19:15:00+02:00;2026-10-04T22:22:49+02:00;05e34ae3361f
2026-10-05;excenevex;ICONCH1;2026-10-05T18:00;0.7;4.3;304.0;22.3;0.0;75.0;0.0;75.0;0.0;75.0;46.351723;6.3624268;0.0;2026-10-04T19:15:00+02:00;2026-10-04T22:22:49+02:00;05e34ae3361f
2026-10-05;excenevex;ICONCH1;2026-10-05T19:00;2.8;4.1;146.0;21.6;0.0;38.0;27.0;35.0;0.0;38.0;46.351723;6.3624268;0.0;2026-10-04T19:15:00+02:00;2026-10-04T22:22:49+02:00;05e34ae3361f
2026-10-05;excenevex;ICONCH1;2026-10-05T20:00;2.5;4.5;176.0;19.5;0.0;10.0;0.0;10.0;0.0;10.0;46.351723;6.3624268;0.0;2026-10-04T19:15:00+02:00;2026-10-04T22:22:49+02:00;05e34ae3361f
2026-10-05;excenevex;ICONCH1;2026-10-05T21:00;1.8;3.9;174.0;18.2;0.0;0.0;0.0;0.0;0.0;0.0;46.351723;6.3624268;0.0;2026-10-04T19:15:00+02:00;2026-10-04T22:22:49+02:00;05e34ae3361f
2026-10-05;excenevex;ICONCH1;2026-10-05T22:00;2.7;3.9;159.0;17.8;0.0;0.0;0.0;0.0;0.0;0.0;46.351723;6.3624268;0.0;2026-10-04T19:15:00+02:00;2026-10-04T22:22:49+02:00;05e34ae3361f
2026-10-05;excenevex;ICONCH1;2026-10-05T23:00;2.7;4.3;184.0;17.7;0.0;0.0;0.0;0.0;0.0;0.0;46.351723;6.3624268;0.0;2026-10-04T19:15:00+02:00;2026-10-04T22:22:49+02:00;05e34ae3361f
2026-10-05;excenevex;ICONCH1;2026-10-06T00:00;2.2;4.1;190.0;17.8;0.0;0.0;0.0;0.0;0.0;0.0;46.351723;6.3624268;0.0;2026-10-04T19:15:00+02:00;2026-10-04T22:22:49+02:00;05e34ae3361f
2026-10-05;hermance;AROMEHD;2026-10-05T01:00;3.5;4.3;146.0;16.2;0.0;;0.0;0.0;100.0;100.0;46.309998;6.24;0.0;2026-10-04T19:15:00+02:00;2026-10-04T22:22:49+02:00;05e34ae3361f
2026-10-05;hermance;AROMEHD;2026-10-05T02:00;3.5;4.1;161.0;15.6;0.0;;0.0;0.0;0.0;0.0;46.309998;6.24;0.0;2026-10-04T19:15:00+02:00;2026-10-04T22:22:49+02:00;05e34ae3361f
2026-10-05;hermance;AROMEHD;2026-10-05T03:00;2.6;4.7;167.0;15.2;0.0;;0.0;0.0;0.0;0.0;46.309998;6.24;0.0;2026-10-04T19:15:00+02:00;2026-10-04T22:22:49+02:00;05e34ae3361f
2026-10-05;hermance;AROMEHD;2026-10-05T04:00;3.5;4.1;146.0;15.1;0.0;;0.0;0.0;0.0;0.0;46.309998;6.24;0.0;2026-10-04T19:15:00+02:00;2026-10-04T22:22:49+02:00;05e34ae3361f
2026-10-05;hermance;AROMEHD;2026-10-05T05:00;1.0;4.1;158.0;14.8;0.0;;0.0;0.0;0.0;0.0;46.309998;6.24;0.0;2026-10-04T19:15:00+02:00;2026-10-04T22:22:49+02:00;05e34ae3361f
2026-10-05;hermance;AROMEHD;2026-10-05T06:00;1.9;1.9;127.0;14.8;0.0;;0.0;0.0;0.0;0.0;46.309998;6.24;0.0;2026-10-04T19:15:00+02:00;2026-10-04T22:22:49+02:00;05e34ae3361f
2026-10-05;hermance;AROMEHD;2026-10-05T07:00;0.7;1.6;304.0;15.3;0.0;;0.0;0.0;0.0;0.0;46.309998;6.24;0.0;2026-10-04T19:15:00+02:00;2026-10-04T22:22:49+02:00;05e34ae3361f
2026-10-05;hermance;AROMEHD;2026-10-05T08:00;1.6;1.4;104.0;14.6;0.0;;0.0;0.0;0.0;0.0;46.309998;6.24;0.0;2026-10-04T19:15:00+02:00;2026-10-04T22:22:49+02:00;05e34ae3361f
2026-10-05;hermance;AROMEHD;2026-10-05T09:00;0.4;1.7;27.0;15.3;0.0;;0.0;0.0;0.0;0.0;46.309998;6.24;0.0;2026-10-04T19:15:00+02:00;2026-10-04T22:22:49+02:00;05e34ae3361f
2026-10-05;hermance;AROMEHD;2026-10-05T10:00;1.4;2.3;225.0;15.6;0.0;;0.0;0.0;43.0;43.0;46.309998;6.24;0.0;2026-10-04T19:15:00+02:00;2026-10-04T22:22:49+02:00;05e34ae3361f
2026-10-05;hermance;AROMEHD;2026-10-05T11:00;1.4;2.5;225.0;16.0;0.0;;0.0;0.0;9.0;9.0;46.309998;6.24;0.0;2026-10-04T19:15:00+02:00;2026-10-04T22:22:49+02:00;05e34ae3361f
2026-10-05;hermance;AROMEHD;2026-10-05T12:00;0.7;2.1;304.0;16.8;0.0;;0.0;0.0;0.0;0.0;46.309998;6.24;0.0;2026-10-04T19:15:00+02:00;2026-10-04T22:22:49+02:00;05e34ae3361f
2026-10-05;hermance;AROMEHD;2026-10-05T13:00;2.9;3.3;360.0;17.6;0.0;;0.0;0.0;0.0;0.0;46.309998;6.24;0.0;2026-10-04T19:15:00+02:00;2026-10-04T22:22:49+02:00;05e34ae3361f
2026-10-05;hermance;AROMEHD;2026-10-05T14:00;6.6;8.0;19.0;19.6;0.0;;0.0;0.0;0.0;0.0;46.309998;6.24;0.0;2026-10-04T19:15:00+02:00;2026-10-04T22:22:49+02:00;05e34ae3361f
2026-10-05;hermance;AROMEHD;2026-10-05T15:00;6.2;8.7;24.0;20.4;0.0;;0.0;0.0;0.0;0.0;46.309998;6.24;0.0;2026-10-04T19:15:00+02:00;2026-10-04T22:22:49+02:00;05e34ae3361f
2026-10-05;hermance;AROMEHD;2026-10-05T16:00;6.0;8.6;25.0;20.6;0.0;;0.0;0.0;0.0;0.0;46.309998;6.24;0.0;2026-10-04T19:15:00+02:00;2026-10-04T22:22:49+02:00;05e34ae3361f
2026-10-05;hermance;AROMEHD;2026-10-05T17:00;5.5;7.6;8.0;20.3;0.0;;0.0;0.0;0.0;0.0;46.309998;6.24;0.0;2026-10-04T19:15:00+02:00;2026-10-04T22:22:49+02:00;05e34ae3361f
2026-10-05;hermance;AROMEHD;2026-10-05T18:00;4.5;6.8;18.0;20.4;0.0;;0.0;0.0;0.0;0.0;46.309998;6.24;0.0;2026-10-04T19:15:00+02:00;2026-10-04T22:22:49+02:00;05e34ae3361f
2026-10-05;hermance;AROMEHD;2026-10-05T19:00;5.5;6.0;6.0;20.0;0.0;;0.0;0.0;0.0;0.0;46.309998;6.24;0.0;2026-10-04T19:15:00+02:00;2026-10-04T22:22:49+02:00;05e34ae3361f
2026-10-05;hermance;AROMEHD;2026-10-05T20:00;5.1;7.2;43.0;19.6;0.0;;0.0;0.0;0.0;0.0;46.309998;6.24;0.0;2026-10-04T19:15:00+02:00;2026-10-04T22:22:49+02:00;05e34ae3361f
2026-10-05;hermance;AROMEHD;2026-10-05T21:00;4.9;7.0;74.0;19.4;0.0;;0.0;0.0;0.0;0.0;46.309998;6.24;0.0;2026-10-04T19:15:00+02:00;2026-10-04T22:22:49+02:00;05e34ae3361f
2026-10-05;hermance;AROMEHD;2026-10-05T22:00;4.3;6.0;352.0;18.8;0.0;;0.0;0.0;0.0;0.0;46.309998;6.24;0.0;2026-10-04T19:15:00+02:00;2026-10-04T22:22:49+02:00;05e34ae3361f
2026-10-05;hermance;AROMEHD;2026-10-05T23:00;2.1;6.0;360.0;18.6;0.0;;0.0;0.0;0.0;0.0;46.309998;6.24;0.0;2026-10-04T19:15:00+02:00;2026-10-04T22:22:49+02:00;05e34ae3361f
2026-10-05;hermance;AROMEHD;2026-10-06T00:00;0.7;2.9;124.0;17.6;0.0;;0.0;0.0;0.0;0.0;46.309998;6.24;0.0;2026-10-04T19:15:00+02:00;2026-10-04T22:22:49+02:00;05e34ae3361f
2026-10-05;hermance;ICONCH1;2026-10-05T01:00;1.6;5.1;135.0;16.5;0.0;100.0;0.0;0.0;100.0;100.0;46.30753;6.2349854;0.0;2026-10-04T19:15:00+02:00;2026-10-04T22:22:49+02:00;05e34ae3361f
2026-10-05;hermance;ICONCH1;2026-10-05T02:00;3.4;4.5;170.0;16.4;0.0;21.0;0.0;21.0;0.0;21.0;46.30753;6.2349854;0.0;2026-10-04T19:15:00+02:00;2026-10-04T22:22:49+02:00;05e34ae3361f
2026-10-05;hermance;ICONCH1;2026-10-05T03:00;3.7;5.1;183.0;16.4;0.0;10.0;0.0;10.0;0.0;10.0;46.30753;6.2349854;0.0;2026-10-04T19:15:00+02:00;2026-10-04T22:22:49+02:00;05e34ae3361f
2026-10-05;hermance;ICONCH1;2026-10-05T04:00;4.1;5.4;155.0;15.8;0.0;0.0;0.0;0.0;0.0;0.0;46.30753;6.2349854;0.0;2026-10-04T19:15:00+02:00;2026-10-04T22:22:49+02:00;05e34ae3361f
2026-10-05;hermance;ICONCH1;2026-10-05T05:00;2.2;5.8;165.0;16.0;0.0;0.0;0.0;0.0;0.0;0.0;46.30753;6.2349854;0.0;2026-10-04T19:15:00+02:00;2026-10-04T22:22:49+02:00;05e34ae3361f
2026-10-05;hermance;ICONCH1;2026-10-05T06:00;2.6;4.9;144.0;15.5;0.0;39.0;0.0;39.0;0.0;39.0;46.30753;6.2349854;0.0;2026-10-04T19:15:00+02:00;2026-10-04T22:22:49+02:00;05e34ae3361f
2026-10-05;hermance;ICONCH1;2026-10-05T07:00;1.0;3.5;233.0;16.4;0.0;28.0;0.0;28.0;0.0;28.0;46.30753;6.2349854;0.0;2026-10-04T19:15:00+02:00;2026-10-04T22:22:49+02:00;05e34ae3361f
2026-10-05;hermance;ICONCH1;2026-10-05T08:00;2.5;3.7;198.0;16.1;0.0;21.0;0.0;21.0;0.0;21.0;46.30753;6.2349854;0.0;2026-10-04T19:15:00+02:00;2026-10-04T22:22:49+02:00;05e34ae3361f
2026-10-05;hermance;ICONCH1;2026-10-05T09:00;1.0;3.3;202.0;16.2;0.0;14.0;0.0;14.0;0.0;14.0;46.30753;6.2349854;0.0;2026-10-04T19:15:00+02:00;2026-10-04T22:22:49+02:00;05e34ae3361f
2026-10-05;hermance;ICONCH1;2026-10-05T10:00;0.9;1.6;297.0;16.7;0.0;98.0;0.0;11.0;97.0;98.0;46.30753;6.2349854;0.0;2026-10-04T19:15:00+02:00;2026-10-04T22:22:49+02:00;05e34ae3361f
2026-10-05;hermance;ICONCH1;2026-10-05T11:00;1.5;2.1;310.0;17.2;0.0;100.0;0.0;0.0;100.0;100.0;46.30753;6.2349854;0.0;2026-10-04T19:15:00+02:00;2026-10-04T22:22:49+02:00;05e34ae3361f
2026-10-05;hermance;ICONCH1;2026-10-05T12:00;1.9;2.7;315.0;18.1;0.0;100.0;0.0;0.0;100.0;100.0;46.30753;6.2349854;0.0;2026-10-04T19:15:00+02:00;2026-10-04T22:22:49+02:00;05e34ae3361f
2026-10-05;hermance;ICONCH1;2026-10-05T13:00;2.9;3.9;352.0;19.0;0.0;95.0;0.0;7.0;90.0;95.0;46.30753;6.2349854;0.0;2026-10-04T19:15:00+02:00;2026-10-04T22:22:49+02:00;05e34ae3361f
2026-10-05;hermance;ICONCH1;2026-10-05T14:00;3.4;4.5;336.0;20.0;0.0;6.0;0.0;5.0;1.0;6.0;46.30753;6.2349854;0.0;2026-10-04T19:15:00+02:00;2026-10-04T22:22:49+02:00;05e34ae3361f
2026-10-05;hermance;ICONCH1;2026-10-05T15:00;2.3;4.7;5.0;20.9;0.0;11.0;0.0;11.0;0.0;11.0;46.30753;6.2349854;0.0;2026-10-04T19:15:00+02:00;2026-10-04T22:22:49+02:00;05e34ae3361f
2026-10-05;hermance;ICONCH1;2026-10-05T16:00;5.3;6.8;6.0;21.5;0.0;29.0;0.0;29.0;0.0;29.0;46.30753;6.2349854;0.0;2026-10-04T19:15:00+02:00;2026-10-04T22:22:49+02:00;05e34ae3361f
2026-10-05;hermance;ICONCH1;2026-10-05T17:00;4.5;10.5;10.0;22.0;0.0;51.0;0.0;51.0;0.0;51.0;46.30753;6.2349854;0.0;2026-10-04T19:15:00+02:00;2026-10-04T22:22:49+02:00;05e34ae3361f
2026-10-05;hermance;ICONCH1;2026-10-05T18:00;4.4;6.6;32.0;22.4;0.0;85.0;10.0;80.0;0.0;85.0;46.30753;6.2349854;0.0;2026-10-04T19:15:00+02:00;2026-10-04T22:22:49+02:00;05e34ae3361f
2026-10-05;hermance;ICONCH1;2026-10-05T19:00;3.3;5.8;54.0;22.0;0.0;40.0;9.0;39.0;0.0;40.0;46.30753;6.2349854;0.0;2026-10-04T19:15:00+02:00;2026-10-04T22:22:49+02:00;05e34ae3361f
2026-10-05;hermance;ICONCH1;2026-10-05T20:00;2.6;5.4;73.0;20.0;0.0;38.0;11.0;37.0;0.0;38.0;46.30753;6.2349854;0.0;2026-10-04T19:15:00+02:00;2026-10-04T22:22:49+02:00;05e34ae3361f
2026-10-05;hermance;ICONCH1;2026-10-05T21:00;1.0;3.5;68.0;19.6;0.0;7.0;7.0;0.0;0.0;7.0;46.30753;6.2349854;0.0;2026-10-04T19:15:00+02:00;2026-10-04T22:22:49+02:00;05e34ae3361f
2026-10-05;hermance;ICONCH1;2026-10-05T22:00;0.4;1.6;27.0;19.8;0.0;0.0;0.0;0.0;0.0;0.0;46.30753;6.2349854;0.0;2026-10-04T19:15:00+02:00;2026-10-04T22:22:49+02:00;05e34ae3361f
2026-10-05;hermance;ICONCH1;2026-10-05T23:00;3.5;5.4;142.0;17.2;0.0;0.0;0.0;0.0;0.0;0.0;46.30753;6.2349854;0.0;2026-10-04T19:15:00+02:00;2026-10-04T22:22:49+02:00;05e34ae3361f
2026-10-05;hermance;ICONCH1;2026-10-06T00:00;2.5;4.7;141.0;16.8;0.0;0.0;0.0;0.0;0.0;0.0;46.30753;6.2349854;0.0;2026-10-04T19:15:00+02:00;2026-10-04T22:22:49+02:00;05e34ae3361f
2026-10-05;loire_sur_rhone;AROMEHD;2026-10-05T01:00;0.4;2.1;180.0;17.8;0.0;;0.0;19.0;10.0;19.0;45.559998;4.8199997;170.0;2026-10-04T19:15:00+02:00;2026-10-04T22:22:49+02:00;05e34ae3361f
2026-10-05;loire_sur_rhone;AROMEHD;2026-10-05T02:00;0.3;0.2;315.0;17.4;0.0;;0.0;0.0;28.0;28.0;45.559998;4.8199997;170.0;2026-10-04T19:15:00+02:00;2026-10-04T22:22:49+02:00;05e34ae3361f
2026-10-05;loire_sur_rhone;AROMEHD;2026-10-05T03:00;0.4;0.6;243.0;17.0;0.0;;0.0;0.0;8.0;8.0;45.559998;4.8199997;170.0;2026-10-04T19:15:00+02:00;2026-10-04T22:22:49+02:00;05e34ae3361f
2026-10-05;loire_sur_rhone;AROMEHD;2026-10-05T04:00;0.3;0.2;225.0;16.6;0.0;;0.0;0.0;2.0;2.0;45.559998;4.8199997;170.0;2026-10-04T19:15:00+02:00;2026-10-04T22:22:49+02:00;05e34ae3361f
2026-10-05;loire_sur_rhone;AROMEHD;2026-10-05T05:00;1.0;0.6;11.0;16.3;0.0;;0.0;0.0;0.0;0.0;45.559998;4.8199997;170.0;2026-10-04T19:15:00+02:00;2026-10-04T22:22:49+02:00;05e34ae3361f
2026-10-05;loire_sur_rhone;AROMEHD;2026-10-05T06:00;0.6;1.4;90.0;15.9;0.0;;0.0;0.0;0.0;0.0;45.559998;4.8199997;170.0;2026-10-04T19:15:00+02:00;2026-10-04T22:22:49+02:00;05e34ae3361f
2026-10-05;loire_sur_rhone;AROMEHD;2026-10-05T07:00;0.2;1.2;360.0;15.5;0.0;;0.0;0.0;0.0;0.0;45.559998;4.8199997;170.0;2026-10-04T19:15:00+02:00;2026-10-04T22:22:49+02:00;05e34ae3361f
2026-10-05;loire_sur_rhone;AROMEHD;2026-10-05T08:00;0.9;0.4;27.0;15.4;0.0;;0.0;0.0;0.0;0.0;45.559998;4.8199997;170.0;2026-10-04T19:15:00+02:00;2026-10-04T22:22:49+02:00;05e34ae3361f
2026-10-05;loire_sur_rhone;AROMEHD;2026-10-05T09:00;1.5;2.1;23.0;16.2;0.0;;0.0;0.0;0.0;0.0;45.559998;4.8199997;170.0;2026-10-04T19:15:00+02:00;2026-10-04T22:22:49+02:00;05e34ae3361f
2026-10-05;loire_sur_rhone;AROMEHD;2026-10-05T10:00;1.5;3.7;23.0;18.1;0.0;;0.0;0.0;0.0;0.0;45.559998;4.8199997;170.0;2026-10-04T19:15:00+02:00;2026-10-04T22:22:49+02:00;05e34ae3361f
2026-10-05;loire_sur_rhone;AROMEHD;2026-10-05T11:00;2.3;6.0;355.0;19.9;0.0;;0.0;0.0;0.0;0.0;45.559998;4.8199997;170.0;2026-10-04T19:15:00+02:00;2026-10-04T22:22:49+02:00;05e34ae3361f
2026-10-05;loire_sur_rhone;AROMEHD;2026-10-05T12:00;1.2;6.4;342.0;21.1;0.0;;0.0;0.0;0.0;0.0;45.559998;4.8199997;170.0;2026-10-04T19:15:00+02:00;2026-10-04T22:22:49+02:00;05e34ae3361f
2026-10-05;loire_sur_rhone;AROMEHD;2026-10-05T13:00;1.0;4.9;349.0;22.5;0.0;;0.0;0.0;0.0;0.0;45.559998;4.8199997;170.0;2026-10-04T19:15:00+02:00;2026-10-04T22:22:49+02:00;05e34ae3361f
2026-10-05;loire_sur_rhone;AROMEHD;2026-10-05T14:00;1.4;6.0;360.0;23.8;0.0;;0.0;0.0;3.0;3.0;45.559998;4.8199997;170.0;2026-10-04T19:15:00+02:00;2026-10-04T22:22:49+02:00;05e34ae3361f
2026-10-05;loire_sur_rhone;AROMEHD;2026-10-05T15:00;2.3;6.8;5.0;24.8;0.0;;0.0;0.0;93.0;93.0;45.559998;4.8199997;170.0;2026-10-04T19:15:00+02:00;2026-10-04T22:22:49+02:00;05e34ae3361f
2026-10-05;loire_sur_rhone;AROMEHD;2026-10-05T16:00;2.5;7.4;18.0;25.3;0.0;;0.0;0.0;100.0;100.0;45.559998;4.8199997;170.0;2026-10-04T19:15:00+02:00;2026-10-04T22:22:49+02:00;05e34ae3361f
2026-10-05;loire_sur_rhone;AROMEHD;2026-10-05T17:00;1.2;6.8;72.0;25.5;0.0;;0.0;0.0;100.0;100.0;45.559998;4.8199997;170.0;2026-10-04T19:15:00+02:00;2026-10-04T22:22:49+02:00;05e34ae3361f
2026-10-05;loire_sur_rhone;AROMEHD;2026-10-05T18:00;2.3;5.2;90.0;25.2;0.0;;0.0;0.0;100.0;100.0;45.559998;4.8199997;170.0;2026-10-04T19:15:00+02:00;2026-10-04T22:22:49+02:00;05e34ae3361f
2026-10-05;loire_sur_rhone;AROMEHD;2026-10-05T19:00;2.1;5.8;95.0;23.7;0.0;;0.0;0.0;100.0;100.0;45.559998;4.8199997;170.0;2026-10-04T19:15:00+02:00;2026-10-04T22:22:49+02:00;05e34ae3361f
2026-10-05;loire_sur_rhone;AROMEHD;2026-10-05T20:00;0.9;4.3;207.0;21.8;0.0;;0.0;0.0;100.0;100.0;45.559998;4.8199997;170.0;2026-10-04T19:15:00+02:00;2026-10-04T22:22:49+02:00;05e34ae3361f
2026-10-05;loire_sur_rhone;AROMEHD;2026-10-05T21:00;0.3;0.4;135.0;20.4;0.0;;0.0;0.0;99.0;99.0;45.559998;4.8199997;170.0;2026-10-04T19:15:00+02:00;2026-10-04T22:22:49+02:00;05e34ae3361f
2026-10-05;loire_sur_rhone;AROMEHD;2026-10-05T22:00;0.8;1.4;360.0;19.4;0.0;;0.0;0.0;7.0;7.0;45.559998;4.8199997;170.0;2026-10-04T19:15:00+02:00;2026-10-04T22:22:49+02:00;05e34ae3361f
2026-10-05;loire_sur_rhone;AROMEHD;2026-10-05T23:00;0.2;0.6;360.0;18.7;0.0;;0.0;0.0;0.0;0.0;45.559998;4.8199997;170.0;2026-10-04T19:15:00+02:00;2026-10-04T22:22:49+02:00;05e34ae3361f
2026-10-05;loire_sur_rhone;AROMEHD;2026-10-06T00:00;0.7;0.6;34.0;17.9;0.0;;0.0;0.0;0.0;0.0;45.559998;4.8199997;170.0;2026-10-04T19:15:00+02:00;2026-10-04T22:22:49+02:00;05e34ae3361f
2026-10-05;loire_sur_rhone;ICONCH1;2026-10-05T01:00;0.7;2.7;326.0;17.2;0.0;100.0;8.0;14.0;100.0;100.0;45.550514;4.828491;200.0;2026-10-04T19:15:00+02:00;2026-10-04T22:22:49+02:00;05e34ae3361f
2026-10-05;loire_sur_rhone;ICONCH1;2026-10-05T02:00;2.0;3.9;287.0;16.5;0.0;7.0;3.0;0.0;4.0;7.0;45.550514;4.828491;200.0;2026-10-04T19:15:00+02:00;2026-10-04T22:22:49+02:00;05e34ae3361f
2026-10-05;loire_sur_rhone;ICONCH1;2026-10-05T03:00;2.3;4.9;265.0;16.9;0.0;46.0;6.0;42.0;0.0;46.0;45.550514;4.828491;200.0;2026-10-04T19:15:00+02:00;2026-10-04T22:22:49+02:00;05e34ae3361f
2026-10-05;loire_sur_rhone;ICONCH1;2026-10-05T04:00;2.6;4.3;306.0;16.0;0.0;27.0;0.0;27.0;0.0;27.0;45.550514;4.828491;200.0;2026-10-04T19:15:00+02:00;2026-10-04T22:22:49+02:00;05e34ae3361f
2026-10-05;loire_sur_rhone;ICONCH1;2026-10-05T05:00;1.3;4.3;243.0;16.3;0.0;46.0;0.0;46.0;0.0;46.0;45.550514;4.828491;200.0;2026-10-04T19:15:00+02:00;2026-10-04T22:22:49+02:00;05e34ae3361f
2026-10-05;loire_sur_rhone;ICONCH1;2026-10-05T06:00;2.2;3.7;225.0;16.2;0.0;32.0;0.0;32.0;0.0;32.0;45.550514;4.828491;200.0;2026-10-04T19:15:00+02:00;2026-10-04T22:22:49+02:00;05e34ae3361f
2026-10-05;loire_sur_rhone;ICONCH1;2026-10-05T07:00;2.3;3.7;312.0;14.6;0.0;39.0;0.0;39.0;0.0;39.0;45.550514;4.828491;200.0;2026-10-04T19:15:00+02:00;2026-10-04T22:22:49+02:00;05e34ae3361f
2026-10-05;loire_sur_rhone;ICONCH1;2026-10-05T08:00;1.9;4.1;294.0;15.2;0.0;31.0;0.0;31.0;0.0;31.0;45.550514;4.828491;200.0;2026-10-04T19:15:00+02:00;2026-10-04T22:22:49+02:00;05e34ae3361f
2026-10-05;loire_sur_rhone;ICONCH1;2026-10-05T09:00;1.9;3.3;307.0;15.5;0.0;27.0;0.0;27.0;0.0;27.0;45.550514;4.828491;200.0;2026-10-04T19:15:00+02:00;2026-10-04T22:22:49+02:00;05e34ae3361f
2026-10-05;loire_sur_rhone;ICONCH1;2026-10-05T10:00;2.1;4.3;326.0;17.0;0.0;12.0;0.0;0.0;12.0;12.0;45.550514;4.828491;200.0;2026-10-04T19:15:00+02:00;2026-10-04T22:22:49+02:00;05e34ae3361f
2026-10-05;loire_sur_rhone;ICONCH1;2026-10-05T11:00;2.2;4.9;322.0;19.1;0.0;16.0;0.0;0.0;16.0;16.0;45.550514;4.828491;200.0;2026-10-04T19:15:00+02:00;2026-10-04T22:22:49+02:00;05e34ae3361f
2026-10-05;loire_sur_rhone;ICONCH1;2026-10-05T12:00;1.6;4.7;346.0;21.0;0.0;0.0;0.0;0.0;0.0;0.0;45.550514;4.828491;200.0;2026-10-04T19:15:00+02:00;2026-10-04T22:22:49+02:00;05e34ae3361f
2026-10-05;loire_sur_rhone;ICONCH1;2026-10-05T13:00;1.2;3.5;18.0;22.7;0.0;3.0;0.0;0.0;3.0;3.0;45.550514;4.828491;200.0;2026-10-04T19:15:00+02:00;2026-10-04T22:22:49+02:00;05e34ae3361f
2026-10-05;loire_sur_rhone;ICONCH1;2026-10-05T14:00;1.0;3.3;68.0;24.1;0.0;0.0;0.0;0.0;0.0;0.0;45.550514;4.828491;200.0;2026-10-04T19:15:00+02:00;2026-10-04T22:22:49+02:00;05e34ae3361f
2026-10-05;loire_sur_rhone;ICONCH1;2026-10-05T15:00;1.8;3.7;96.0;25.0;0.0;0.0;0.0;0.0;0.0;0.0;45.550514;4.828491;200.0;2026-10-04T19:15:00+02:00;2026-10-04T22:22:49+02:00;05e34ae3361f
2026-10-05;loire_sur_rhone;ICONCH1;2026-10-05T16:00;2.2;3.9;80.0;25.4;0.0;0.0;0.0;0.0;0.0;0.0;45.550514;4.828491;200.0;2026-10-04T19:15:00+02:00;2026-10-04T22:22:49+02:00;05e34ae3361f
2026-10-05;loire_sur_rhone;ICONCH1;2026-10-05T17:00;2.1;4.3;85.0;25.2;0.0;9.0;0.0;0.0;9.0;9.0;45.550514;4.828491;200.0;2026-10-04T19:15:00+02:00;2026-10-04T22:22:49+02:00;05e34ae3361f
2026-10-05;loire_sur_rhone;ICONCH1;2026-10-05T18:00;1.0;3.7;101.0;24.3;0.0;0.0;0.0;0.0;0.0;0.0;45.550514;4.828491;200.0;2026-10-04T19:15:00+02:00;2026-10-04T22:22:49+02:00;05e34ae3361f
2026-10-05;loire_sur_rhone;ICONCH1;2026-10-05T19:00;1.0;1.6;233.0;23.2;0.0;0.0;0.0;0.0;0.0;0.0;45.550514;4.828491;200.0;2026-10-04T19:15:00+02:00;2026-10-04T22:22:49+02:00;05e34ae3361f
2026-10-05;loire_sur_rhone;ICONCH1;2026-10-05T20:00;1.7;2.7;216.0;22.2;0.0;0.0;0.0;0.0;0.0;0.0;45.550514;4.828491;200.0;2026-10-04T19:15:00+02:00;2026-10-04T22:22:49+02:00;05e34ae3361f
2026-10-05;loire_sur_rhone;ICONCH1;2026-10-05T21:00;1.6;2.9;270.0;21.0;0.0;0.0;0.0;0.0;0.0;0.0;45.550514;4.828491;200.0;2026-10-04T19:15:00+02:00;2026-10-04T22:22:49+02:00;05e34ae3361f
2026-10-05;loire_sur_rhone;ICONCH1;2026-10-05T22:00;1.8;3.3;311.0;17.9;0.0;0.0;0.0;0.0;0.0;0.0;45.550514;4.828491;200.0;2026-10-04T19:15:00+02:00;2026-10-04T22:22:49+02:00;05e34ae3361f
2026-10-05;loire_sur_rhone;ICONCH1;2026-10-05T23:00;1.2;3.1;309.0;18.2;0.0;0.0;0.0;0.0;0.0;0.0;45.550514;4.828491;200.0;2026-10-04T19:15:00+02:00;2026-10-04T22:22:49+02:00;05e34ae3361f
2026-10-05;loire_sur_rhone;ICONCH1;2026-10-06T00:00;1.0;1.7;281.0;17.3;0.0;0.0;0.0;0.0;0.0;0.0;45.550514;4.828491;200.0;2026-10-04T19:15:00+02:00;2026-10-04T22:22:49+02:00;05e34ae3361f
2026-10-05;messery;AROMEHD;2026-10-05T01:00;1.7;2.9;180.0;17.1;0.0;;0.0;0.0;100.0;100.0;46.35;6.2700005;0.0;2026-10-04T19:15:00+02:00;2026-10-04T22:22:49+02:00;05e34ae3361f
2026-10-05;messery;AROMEHD;2026-10-05T02:00;2.6;3.9;228.0;17.3;0.0;;0.0;0.0;0.0;0.0;46.35;6.2700005;0.0;2026-10-04T19:15:00+02:00;2026-10-04T22:22:49+02:00;05e34ae3361f
2026-10-05;messery;AROMEHD;2026-10-05T03:00;3.1;4.7;248.0;16.8;0.0;;0.0;0.0;0.0;0.0;46.35;6.2700005;0.0;2026-10-04T19:15:00+02:00;2026-10-04T22:22:49+02:00;05e34ae3361f
2026-10-05;messery;AROMEHD;2026-10-05T04:00;2.2;4.5;225.0;16.3;0.0;;0.0;0.0;0.0;0.0;46.35;6.2700005;0.0;2026-10-04T19:15:00+02:00;2026-10-04T22:22:49+02:00;05e34ae3361f
2026-10-05;messery;AROMEHD;2026-10-05T05:00;2.2;3.1;322.0;16.1;0.0;;0.0;0.0;0.0;0.0;46.35;6.2700005;0.0;2026-10-04T19:15:00+02:00;2026-10-04T22:22:49+02:00;05e34ae3361f
2026-10-05;messery;AROMEHD;2026-10-05T06:00;1.1;3.3;301.0;16.1;0.0;;0.0;0.0;0.0;0.0;46.35;6.2700005;0.0;2026-10-04T19:15:00+02:00;2026-10-04T22:22:49+02:00;05e34ae3361f
2026-10-05;messery;AROMEHD;2026-10-05T07:00;1.8;3.5;328.0;15.8;0.0;;0.0;0.0;0.0;0.0;46.35;6.2700005;0.0;2026-10-04T19:15:00+02:00;2026-10-04T22:22:49+02:00;05e34ae3361f
2026-10-05;messery;AROMEHD;2026-10-05T08:00;0.4;3.1;117.0;15.1;0.0;;0.0;0.0;0.0;0.0;46.35;6.2700005;0.0;2026-10-04T19:15:00+02:00;2026-10-04T22:22:49+02:00;05e34ae3361f
2026-10-05;messery;AROMEHD;2026-10-05T09:00;0.6;2.1;18.0;15.6;0.0;;0.0;0.0;0.0;0.0;46.35;6.2700005;0.0;2026-10-04T19:15:00+02:00;2026-10-04T22:22:49+02:00;05e34ae3361f
2026-10-05;messery;AROMEHD;2026-10-05T10:00;1.5;2.7;247.0;16.2;0.0;;0.0;0.0;11.0;11.0;46.35;6.2700005;0.0;2026-10-04T19:15:00+02:00;2026-10-04T22:22:49+02:00;05e34ae3361f
2026-10-05;messery;AROMEHD;2026-10-05T11:00;1.5;2.7;220.0;16.3;0.0;;0.0;0.0;0.0;0.0;46.35;6.2700005;0.0;2026-10-04T19:15:00+02:00;2026-10-04T22:22:49+02:00;05e34ae3361f
2026-10-05;messery;AROMEHD;2026-10-05T12:00;0.8;2.5;256.0;16.8;0.0;;0.0;0.0;0.0;0.0;46.35;6.2700005;0.0;2026-10-04T19:15:00+02:00;2026-10-04T22:22:49+02:00;05e34ae3361f
2026-10-05;messery;AROMEHD;2026-10-05T13:00;4.3;5.6;27.0;18.3;0.0;;0.0;0.0;0.0;0.0;46.35;6.2700005;0.0;2026-10-04T19:15:00+02:00;2026-10-04T22:22:49+02:00;05e34ae3361f
2026-10-05;messery;AROMEHD;2026-10-05T14:00;6.3;8.4;45.0;19.1;0.0;;0.0;0.0;0.0;0.0;46.35;6.2700005;0.0;2026-10-04T19:15:00+02:00;2026-10-04T22:22:49+02:00;05e34ae3361f
2026-10-05;messery;AROMEHD;2026-10-05T15:00;5.7;8.6;52.0;19.8;0.0;;0.0;0.0;0.0;0.0;46.35;6.2700005;0.0;2026-10-04T19:15:00+02:00;2026-10-04T22:22:49+02:00;05e34ae3361f
2026-10-05;messery;AROMEHD;2026-10-05T16:00;5.0;8.0;42.0;20.3;0.0;;0.0;0.0;0.0;0.0;46.35;6.2700005;0.0;2026-10-04T19:15:00+02:00;2026-10-04T22:22:49+02:00;05e34ae3361f
2026-10-05;messery;AROMEHD;2026-10-05T17:00;3.9;6.8;49.0;20.9;0.0;;0.0;0.0;0.0;0.0;46.35;6.2700005;0.0;2026-10-04T19:15:00+02:00;2026-10-04T22:22:49+02:00;05e34ae3361f
2026-10-05;messery;AROMEHD;2026-10-05T18:00;3.2;5.2;33.0;20.5;0.0;;0.0;0.0;0.0;0.0;46.35;6.2700005;0.0;2026-10-04T19:15:00+02:00;2026-10-04T22:22:49+02:00;05e34ae3361f
2026-10-05;messery;AROMEHD;2026-10-05T19:00;5.0;6.0;28.0;19.7;0.0;;0.0;0.0;0.0;0.0;46.35;6.2700005;0.0;2026-10-04T19:15:00+02:00;2026-10-04T22:22:49+02:00;05e34ae3361f
2026-10-05;messery;AROMEHD;2026-10-05T20:00;4.1;6.0;65.0;19.5;0.0;;0.0;0.0;0.0;0.0;46.35;6.2700005;0.0;2026-10-04T19:15:00+02:00;2026-10-04T22:22:49+02:00;05e34ae3361f
2026-10-05;messery;AROMEHD;2026-10-05T21:00;4.9;7.0;88.0;19.2;0.0;;0.0;0.0;0.0;0.0;46.35;6.2700005;0.0;2026-10-04T19:15:00+02:00;2026-10-04T22:22:49+02:00;05e34ae3361f
2026-10-05;messery;AROMEHD;2026-10-05T22:00;2.2;6.8;10.0;18.6;0.0;;0.0;0.0;0.0;0.0;46.35;6.2700005;0.0;2026-10-04T19:15:00+02:00;2026-10-04T22:22:49+02:00;05e34ae3361f
2026-10-05;messery;AROMEHD;2026-10-05T23:00;0.8;3.7;14.0;18.3;0.0;;0.0;0.0;0.0;0.0;46.35;6.2700005;0.0;2026-10-04T19:15:00+02:00;2026-10-04T22:22:49+02:00;05e34ae3361f
2026-10-05;messery;AROMEHD;2026-10-06T00:00;1.0;1.9;233.0;17.9;0.0;;0.0;0.0;0.0;0.0;46.35;6.2700005;0.0;2026-10-04T19:15:00+02:00;2026-10-04T22:22:49+02:00;05e34ae3361f
2026-10-05;messery;ICONCH1;2026-10-05T01:00;2.7;4.7;249.0;18.0;0.0;100.0;0.0;0.0;100.0;100.0;46.3589;6.2749023;0.0;2026-10-04T19:15:00+02:00;2026-10-04T22:22:49+02:00;05e34ae3361f
2026-10-05;messery;ICONCH1;2026-10-05T02:00;2.4;3.7;235.0;17.8;0.0;23.0;0.0;23.0;0.0;23.0;46.3589;6.2749023;0.0;2026-10-04T19:15:00+02:00;2026-10-04T22:22:49+02:00;05e34ae3361f
2026-10-05;messery;ICONCH1;2026-10-05T03:00;4.4;5.8;232.0;17.4;0.0;7.0;0.0;7.0;0.0;7.0;46.3589;6.2749023;0.0;2026-10-04T19:15:00+02:00;2026-10-04T22:22:49+02:00;05e34ae3361f
2026-10-05;messery;ICONCH1;2026-10-05T04:00;5.0;6.6;193.0;16.8;0.0;16.0;0.0;16.0;0.0;16.0;46.3589;6.2749023;0.0;2026-10-04T19:15:00+02:00;2026-10-04T22:22:49+02:00;05e34ae3361f
2026-10-05;messery;ICONCH1;2026-10-05T05:00;2.1;6.6;270.0;17.1;0.0;0.0;0.0;0.0;0.0;0.0;46.3589;6.2749023;0.0;2026-10-04T19:15:00+02:00;2026-10-04T22:22:49+02:00;05e34ae3361f
2026-10-05;messery;ICONCH1;2026-10-05T06:00;1.1;2.9;225.0;17.1;0.0;44.0;0.0;44.0;0.0;44.0;46.3589;6.2749023;0.0;2026-10-04T19:15:00+02:00;2026-10-04T22:22:49+02:00;05e34ae3361f
2026-10-05;messery;ICONCH1;2026-10-05T07:00;2.0;2.7;281.0;16.7;0.0;33.0;0.0;33.0;0.0;33.0;46.3589;6.2749023;0.0;2026-10-04T19:15:00+02:00;2026-10-04T22:22:49+02:00;05e34ae3361f
2026-10-05;messery;ICONCH1;2026-10-05T08:00;1.8;2.9;264.0;16.8;0.0;29.0;0.0;29.0;0.0;29.0;46.3589;6.2749023;0.0;2026-10-04T19:15:00+02:00;2026-10-04T22:22:49+02:00;05e34ae3361f
2026-10-05;messery;ICONCH1;2026-10-05T09:00;1.6;2.7;277.0;16.6;0.0;19.0;0.0;19.0;0.0;19.0;46.3589;6.2749023;0.0;2026-10-04T19:15:00+02:00;2026-10-04T22:22:49+02:00;05e34ae3361f
2026-10-05;messery;ICONCH1;2026-10-05T10:00;0.8;2.3;256.0;16.9;0.0;96.0;0.0;23.0;92.0;96.0;46.3589;6.2749023;0.0;2026-10-04T19:15:00+02:00;2026-10-04T22:22:49+02:00;05e34ae3361f
2026-10-05;messery;ICONCH1;2026-10-05T11:00;0.3;1.2;315.0;17.4;0.0;100.0;0.0;4.0;100.0;100.0;46.3589;6.2749023;0.0;2026-10-04T19:15:00+02:00;2026-10-04T22:22:49+02:00;05e34ae3361f
2026-10-05;messery;ICONCH1;2026-10-05T12:00;1.2;1.7;360.0;18.2;0.0;100.0;0.0;4.0;100.0;100.0;46.3589;6.2749023;0.0;2026-10-04T19:15:00+02:00;2026-10-04T22:22:49+02:00;05e34ae3361f
2026-10-05;messery;ICONCH1;2026-10-05T13:00;2.2;3.1;38.0;19.0;0.0;35.0;0.0;15.0;21.0;35.0;46.3589;6.2749023;0.0;2026-10-04T19:15:00+02:00;2026-10-04T22:22:49+02:00;05e34ae3361f
2026-10-05;messery;ICONCH1;2026-10-05T14:00;2.4;3.3;29.0;20.0;0.0;32.0;0.0;32.0;0.0;32.0;46.3589;6.2749023;0.0;2026-10-04T19:15:00+02:00;2026-10-04T22:22:49+02:00;05e34ae3361f
2026-10-05;messery;ICONCH1;2026-10-05T15:00;2.2;3.1;27.0;20.7;0.0;0.0;0.0;0.0;0.0;0.0;46.3589;6.2749023;0.0;2026-10-04T19:15:00+02:00;2026-10-04T22:22:49+02:00;05e34ae3361f
2026-10-05;messery;ICONCH1;2026-10-05T16:00;5.3;6.8;10.0;21.5;0.0;100.0;0.0;100.0;0.0;100.0;46.3589;6.2749023;0.0;2026-10-04T19:15:00+02:00;2026-10-04T22:22:49+02:00;05e34ae3361f
2026-10-05;messery;ICONCH1;2026-10-05T17:00;5.9;12.2;351.0;22.0;0.0;76.0;0.0;76.0;0.0;76.0;46.3589;6.2749023;0.0;2026-10-04T19:15:00+02:00;2026-10-04T22:22:49+02:00;05e34ae3361f
2026-10-05;messery;ICONCH1;2026-10-05T18:00;2.0;7.6;29.0;22.4;0.0;83.0;0.0;83.0;0.0;83.0;46.3589;6.2749023;0.0;2026-10-04T19:15:00+02:00;2026-10-04T22:22:49+02:00;05e34ae3361f
2026-10-05;messery;ICONCH1;2026-10-05T19:00;1.9;5.8;360.0;22.0;0.0;49.0;9.0;47.0;0.0;49.0;46.3589;6.2749023;0.0;2026-10-04T19:15:00+02:00;2026-10-04T22:22:49+02:00;05e34ae3361f
2026-10-05;messery;ICONCH1;2026-10-05T20:00;2.3;3.3;5.0;20.2;0.0;57.0;49.0;50.0;0.0;57.0;46.3589;6.2749023;0.0;2026-10-04T19:15:00+02:00;2026-10-04T22:22:49+02:00;05e34ae3361f
2026-10-05;messery;ICONCH1;2026-10-05T21:00;3.5;4.7;9.0;19.4;0.0;0.0;0.0;0.0;0.0;0.0;46.3589;6.2749023;0.0;2026-10-04T19:15:00+02:00;2026-10-04T22:22:49+02:00;05e34ae3361f
2026-10-05;messery;ICONCH1;2026-10-05T22:00;3.1;4.9;342.0;18.9;0.0;0.0;0.0;0.0;0.0;0.0;46.3589;6.2749023;0.0;2026-10-04T19:15:00+02:00;2026-10-04T22:22:49+02:00;05e34ae3361f
2026-10-05;messery;ICONCH1;2026-10-05T23:00;1.0;4.1;270.0;18.7;0.0;0.0;0.0;0.0;0.0;0.0;46.3589;6.2749023;0.0;2026-10-04T19:15:00+02:00;2026-10-04T22:22:49+02:00;05e34ae3361f
2026-10-05;messery;ICONCH1;2026-10-06T00:00;2.1;3.1;270.0;18.6;0.0;0.0;0.0;0.0;0.0;0.0;46.3589;6.2749023;0.0;2026-10-04T19:15:00+02:00;2026-10-04T22:22:49+02:00;05e34ae3361f
2026-10-05;parking_pre_rencontre;AROMEHD;2026-10-05T01:00;0.5;2.3;45.0;13.6;0.0;;0.0;0.0;100.0;100.0;45.01;5.779999;0.0;2026-10-04T19:15:00+02:00;2026-10-04T22:22:49+02:00;05e34ae3361f
2026-10-05;parking_pre_rencontre;AROMEHD;2026-10-05T02:00;0.6;1.6;288.0;13.3;0.0;;0.0;0.0;100.0;100.0;45.01;5.779999;0.0;2026-10-04T19:15:00+02:00;2026-10-04T22:22:49+02:00;05e34ae3361f
2026-10-05;parking_pre_rencontre;AROMEHD;2026-10-05T03:00;0.6;1.2;270.0;13.0;0.0;;0.0;0.0;84.0;84.0;45.01;5.779999;0.0;2026-10-04T19:15:00+02:00;2026-10-04T22:22:49+02:00;05e34ae3361f
2026-10-05;parking_pre_rencontre;AROMEHD;2026-10-05T04:00;1.1;1.4;31.0;12.4;0.0;;0.0;0.0;99.0;99.0;45.01;5.779999;0.0;2026-10-04T19:15:00+02:00;2026-10-04T22:22:49+02:00;05e34ae3361f
2026-10-05;parking_pre_rencontre;AROMEHD;2026-10-05T05:00;2.0;4.3;6.0;12.8;0.0;;0.0;0.0;13.0;13.0;45.01;5.779999;0.0;2026-10-04T19:15:00+02:00;2026-10-04T22:22:49+02:00;05e34ae3361f
2026-10-05;parking_pre_rencontre;AROMEHD;2026-10-05T06:00;1.0;3.5;37.0;12.3;0.0;;0.0;0.0;0.0;0.0;45.01;5.779999;0.0;2026-10-04T19:15:00+02:00;2026-10-04T22:22:49+02:00;05e34ae3361f
2026-10-05;parking_pre_rencontre;AROMEHD;2026-10-05T07:00;0.6;1.9;108.0;12.2;0.0;;0.0;0.0;0.0;0.0;45.01;5.779999;0.0;2026-10-04T19:15:00+02:00;2026-10-04T22:22:49+02:00;05e34ae3361f
2026-10-05;parking_pre_rencontre;AROMEHD;2026-10-05T08:00;0.5;1.4;45.0;11.6;0.0;;0.0;0.0;0.0;0.0;45.01;5.779999;0.0;2026-10-04T19:15:00+02:00;2026-10-04T22:22:49+02:00;05e34ae3361f
2026-10-05;parking_pre_rencontre;AROMEHD;2026-10-05T09:00;0.7;1.0;56.0;12.4;0.0;;0.0;0.0;0.0;0.0;45.01;5.779999;0.0;2026-10-04T19:15:00+02:00;2026-10-04T22:22:49+02:00;05e34ae3361f
2026-10-05;parking_pre_rencontre;AROMEHD;2026-10-05T10:00;1.2;2.9;39.0;15.1;0.0;;0.0;0.0;0.0;0.0;45.01;5.779999;0.0;2026-10-04T19:15:00+02:00;2026-10-04T22:22:49+02:00;05e34ae3361f
2026-10-05;parking_pre_rencontre;AROMEHD;2026-10-05T11:00;1.8;4.9;6.0;17.2;0.0;;0.0;0.0;0.0;0.0;45.01;5.779999;0.0;2026-10-04T19:15:00+02:00;2026-10-04T22:22:49+02:00;05e34ae3361f
2026-10-05;parking_pre_rencontre;AROMEHD;2026-10-05T12:00;2.0;5.6;6.0;18.2;0.0;;0.0;0.0;0.0;0.0;45.01;5.779999;0.0;2026-10-04T19:15:00+02:00;2026-10-04T22:22:49+02:00;05e34ae3361f
2026-10-05;parking_pre_rencontre;AROMEHD;2026-10-05T13:00;3.7;9.1;6.0;18.7;0.0;;0.0;0.0;0.0;0.0;45.01;5.779999;0.0;2026-10-04T19:15:00+02:00;2026-10-04T22:22:49+02:00;05e34ae3361f
2026-10-05;parking_pre_rencontre;AROMEHD;2026-10-05T14:00;4.3;10.3;8.0;19.1;0.0;;0.0;0.0;0.0;0.0;45.01;5.779999;0.0;2026-10-04T19:15:00+02:00;2026-10-04T22:22:49+02:00;05e34ae3361f
2026-10-05;parking_pre_rencontre;AROMEHD;2026-10-05T15:00;5.3;13.4;350.0;18.8;0.0;;0.0;0.0;83.0;83.0;45.01;5.779999;0.0;2026-10-04T19:15:00+02:00;2026-10-04T22:22:49+02:00;05e34ae3361f
2026-10-05;parking_pre_rencontre;AROMEHD;2026-10-05T16:00;5.1;12.8;356.0;19.0;0.0;;0.0;0.0;96.0;96.0;45.01;5.779999;0.0;2026-10-04T19:15:00+02:00;2026-10-04T22:22:49+02:00;05e34ae3361f
2026-10-05;parking_pre_rencontre;AROMEHD;2026-10-05T17:00;4.5;12.6;350.0;19.0;0.0;;0.0;0.0;100.0;100.0;45.01;5.779999;0.0;2026-10-04T19:15:00+02:00;2026-10-04T22:22:49+02:00;05e34ae3361f
2026-10-05;parking_pre_rencontre;AROMEHD;2026-10-05T18:00;4.1;11.5;355.0;18.4;0.0;;0.0;0.0;100.0;100.0;45.01;5.779999;0.0;2026-10-04T19:15:00+02:00;2026-10-04T22:22:49+02:00;05e34ae3361f
2026-10-05;parking_pre_rencontre;AROMEHD;2026-10-05T19:00;3.3;10.1;3.0;17.3;0.0;;0.0;0.0;100.0;100.0;45.01;5.779999;0.0;2026-10-04T19:15:00+02:00;2026-10-04T22:22:49+02:00;05e34ae3361f
2026-10-05;parking_pre_rencontre;AROMEHD;2026-10-05T20:00;3.3;7.8;357.0;16.3;0.0;;0.0;0.0;100.0;100.0;45.01;5.779999;0.0;2026-10-04T19:15:00+02:00;2026-10-04T22:22:49+02:00;05e34ae3361f
2026-10-05;parking_pre_rencontre;AROMEHD;2026-10-05T21:00;2.4;7.0;9.0;15.5;0.0;;0.0;0.0;99.0;99.0;45.01;5.779999;0.0;2026-10-04T19:15:00+02:00;2026-10-04T22:22:49+02:00;05e34ae3361f
2026-10-05;parking_pre_rencontre;AROMEHD;2026-10-05T22:00;1.4;4.5;90.0;14.6;0.0;;0.0;0.0;8.0;8.0;45.01;5.779999;0.0;2026-10-04T19:15:00+02:00;2026-10-04T22:22:49+02:00;05e34ae3361f
2026-10-05;parking_pre_rencontre;AROMEHD;2026-10-05T23:00;0.7;1.6;56.0;13.6;0.0;;0.0;0.0;0.0;0.0;45.01;5.779999;0.0;2026-10-04T19:15:00+02:00;2026-10-04T22:22:49+02:00;05e34ae3361f
2026-10-05;parking_pre_rencontre;AROMEHD;2026-10-06T00:00;0.6;1.0;288.0;13.2;0.0;;0.0;0.0;0.0;0.0;45.01;5.779999;0.0;2026-10-04T19:15:00+02:00;2026-10-04T22:22:49+02:00;05e34ae3361f
2026-10-05;parking_pre_rencontre;ICONCH1;2026-10-05T01:00;3.0;5.2;207.0;13.9;0.0;100.0;49.0;62.0;100.0;100.0;45.0093;5.77124;1002.0;2026-10-04T19:15:00+02:00;2026-10-04T22:22:49+02:00;05e34ae3361f
2026-10-05;parking_pre_rencontre;ICONCH1;2026-10-05T02:00;2.5;5.1;203.0;14.3;0.0;100.0;41.0;78.0;100.0;100.0;45.0093;5.77124;1002.0;2026-10-04T19:15:00+02:00;2026-10-04T22:22:49+02:00;05e34ae3361f
2026-10-05;parking_pre_rencontre;ICONCH1;2026-10-05T03:00;2.5;5.4;212.0;14.1;0.0;100.0;0.0;70.0;100.0;100.0;45.0093;5.77124;1002.0;2026-10-04T19:15:00+02:00;2026-10-04T22:22:49+02:00;05e34ae3361f
2026-10-05;parking_pre_rencontre;ICONCH1;2026-10-05T04:00;1.6;4.7;180.0;14.0;0.0;99.0;16.0;94.0;93.0;99.0;45.0093;5.77124;1002.0;2026-10-04T19:15:00+02:00;2026-10-04T22:22:49+02:00;05e34ae3361f
2026-10-05;parking_pre_rencontre;ICONCH1;2026-10-05T05:00;1.9;2.5;360.0;14.3;0.0;85.0;48.0;67.0;26.0;85.0;45.0093;5.77124;1002.0;2026-10-04T19:15:00+02:00;2026-10-04T22:22:49+02:00;05e34ae3361f
2026-10-05;parking_pre_rencontre;ICONCH1;2026-10-05T06:00;1.3;2.5;153.0;13.5;0.0;44.0;11.0;37.0;0.0;44.0;45.0093;5.77124;1002.0;2026-10-04T19:15:00+02:00;2026-10-04T22:22:49+02:00;05e34ae3361f
2026-10-05;parking_pre_rencontre;ICONCH1;2026-10-05T07:00;1.8;4.1;212.0;13.1;0.0;43.0;13.0;37.0;0.0;43.0;45.0093;5.77124;1002.0;2026-10-04T19:15:00+02:00;2026-10-04T22:22:49+02:00;05e34ae3361f
2026-10-05;parking_pre_rencontre;ICONCH1;2026-10-05T08:00;2.3;5.1;175.0;12.4;0.0;44.0;17.0;41.0;0.0;44.0;45.0093;5.77124;1002.0;2026-10-04T19:15:00+02:00;2026-10-04T22:22:49+02:00;05e34ae3361f
2026-10-05;parking_pre_rencontre;ICONCH1;2026-10-05T09:00;0.3;3.5;45.0;13.7;0.0;46.0;10.0;43.0;0.0;46.0;45.0093;5.77124;1002.0;2026-10-04T19:15:00+02:00;2026-10-04T22:22:49+02:00;05e34ae3361f
2026-10-05;parking_pre_rencontre;ICONCH1;2026-10-05T10:00;1.4;3.7;98.0;15.4;0.0;18.0;0.0;18.0;0.0;18.0;45.0093;5.77124;1002.0;2026-10-04T19:15:00+02:00;2026-10-04T22:22:49+02:00;05e34ae3361f
2026-10-05;parking_pre_rencontre;ICONCH1;2026-10-05T11:00;2.0;4.9;61.0;17.2;0.0;0.0;0.0;0.0;0.0;0.0;45.0093;5.77124;1002.0;2026-10-04T19:15:00+02:00;2026-10-04T22:22:49+02:00;05e34ae3361f
2026-10-05;parking_pre_rencontre;ICONCH1;2026-10-05T12:00;4.7;10.1;24.0;18.0;0.0;0.0;0.0;0.0;0.0;0.0;45.0093;5.77124;1002.0;2026-10-04T19:15:00+02:00;2026-10-04T22:22:49+02:00;05e34ae3361f
2026-10-05;parking_pre_rencontre;ICONCH1;2026-10-05T13:00;5.5;11.5;23.0;18.5;0.0;0.0;0.0;0.0;0.0;0.0;45.0093;5.77124;1002.0;2026-10-04T19:15:00+02:00;2026-10-04T22:22:49+02:00;05e34ae3361f
2026-10-05;parking_pre_rencontre;ICONCH1;2026-10-05T14:00;6.9;13.8;18.0;18.8;0.0;0.0;0.0;0.0;0.0;0.0;45.0093;5.77124;1002.0;2026-10-04T19:15:00+02:00;2026-10-04T22:22:49+02:00;05e34ae3361f
2026-10-05;parking_pre_rencontre;ICONCH1;2026-10-05T15:00;7.4;14.4;12.0;19.0;0.0;0.0;0.0;0.0;0.0;0.0;45.0093;5.77124;1002.0;2026-10-04T19:15:00+02:00;2026-10-04T22:22:49+02:00;05e34ae3361f
2026-10-05;parking_pre_rencontre;ICONCH1;2026-10-05T16:00;6.8;15.2;3.0;18.8;0.0;53.0;44.0;43.0;0.0;53.0;45.0093;5.77124;1002.0;2026-10-04T19:15:00+02:00;2026-10-04T22:22:49+02:00;05e34ae3361f
2026-10-05;parking_pre_rencontre;ICONCH1;2026-10-05T17:00;6.7;14.0;7.0;18.5;0.0;58.0;41.0;39.0;0.0;58.0;45.0093;5.77124;1002.0;2026-10-04T19:15:00+02:00;2026-10-04T22:22:49+02:00;05e34ae3361f
2026-10-05;parking_pre_rencontre;ICONCH1;2026-10-05T18:00;4.9;12.6;360.0;17.8;0.0;53.0;13.0;50.0;0.0;53.0;45.0093;5.77124;1002.0;2026-10-04T19:15:00+02:00;2026-10-04T22:22:49+02:00;05e34ae3361f
2026-10-05;parking_pre_rencontre;ICONCH1;2026-10-05T19:00;3.5;9.1;351.0;16.2;0.0;83.0;33.0;31.0;60.0;83.0;45.0093;5.77124;1002.0;2026-10-04T19:15:00+02:00;2026-10-04T22:22:49+02:00;05e34ae3361f
2026-10-05;parking_pre_rencontre;ICONCH1;2026-10-05T20:00;2.7;6.2;339.0;15.4;0.0;58.0;42.0;32.0;0.0;58.0;45.0093;5.77124;1002.0;2026-10-04T19:15:00+02:00;2026-10-04T22:22:49+02:00;05e34ae3361f
2026-10-05;parking_pre_rencontre;ICONCH1;2026-10-05T21:00;1.7;4.3;333.0;15.1;0.0;63.0;50.0;17.0;0.0;63.0;45.0093;5.77124;1002.0;2026-10-04T19:15:00+02:00;2026-10-04T22:22:49+02:00;05e34ae3361f
2026-10-05;parking_pre_rencontre;ICONCH1;2026-10-05T22:00;1.4;2.3;214.0;14.6;0.0;22.0;22.0;0.0;0.0;22.0;45.0093;5.77124;1002.0;2026-10-04T19:15:00+02:00;2026-10-04T22:22:49+02:00;05e34ae3361f
2026-10-05;parking_pre_rencontre;ICONCH1;2026-10-05T23:00;2.5;3.3;212.0;14.1;0.0;9.0;9.0;0.0;0.0;9.0;45.0093;5.77124;1002.0;2026-10-04T19:15:00+02:00;2026-10-04T22:22:49+02:00;05e34ae3361f
2026-10-05;parking_pre_rencontre;ICONCH1;2026-10-06T00:00;2.2;3.5;218.0;14.0;0.0;12.0;12.0;0.0;0.0;12.0;45.0093;5.77124;1002.0;2026-10-04T19:15:00+02:00;2026-10-04T22:22:49+02:00;05e34ae3361f
2026-10-05;plage_de_sevrier;AROMEHD;2026-10-05T01:00;3.9;4.7;160.0;17.4;0.0;;0.0;0.0;100.0;100.0;45.86;6.16;0.0;2026-10-04T19:15:00+02:00;2026-10-04T22:22:49+02:00;05e34ae3361f
2026-10-05;plage_de_sevrier;AROMEHD;2026-10-05T02:00;2.2;4.7;207.0;17.3;0.0;;0.0;0.0;84.0;84.0;45.86;6.16;0.0;2026-10-04T19:15:00+02:00;2026-10-04T22:22:49+02:00;05e34ae3361f
2026-10-05;plage_de_sevrier;AROMEHD;2026-10-05T03:00;3.0;5.1;157.0;16.8;0.0;;0.0;0.0;100.0;100.0;45.86;6.16;0.0;2026-10-04T19:15:00+02:00;2026-10-04T22:22:49+02:00;05e34ae3361f
2026-10-05;plage_de_sevrier;AROMEHD;2026-10-05T04:00;2.9;4.3;152.0;16.8;0.0;;0.0;0.0;0.0;0.0;45.86;6.16;0.0;2026-10-04T19:15:00+02:00;2026-10-04T22:22:49+02:00;05e34ae3361f
2026-10-05;plage_de_sevrier;AROMEHD;2026-10-05T05:00;2.3;3.3;204.0;16.7;0.0;;0.0;0.0;0.0;0.0;45.86;6.16;0.0;2026-10-04T19:15:00+02:00;2026-10-04T22:22:49+02:00;05e34ae3361f
2026-10-05;plage_de_sevrier;AROMEHD;2026-10-05T06:00;2.1;4.3;146.0;16.3;0.0;;0.0;0.0;0.0;0.0;45.86;6.16;0.0;2026-10-04T19:15:00+02:00;2026-10-04T22:22:49+02:00;05e34ae3361f
2026-10-05;plage_de_sevrier;AROMEHD;2026-10-05T07:00;2.9;3.7;160.0;16.0;0.0;;0.0;0.0;0.0;0.0;45.86;6.16;0.0;2026-10-04T19:15:00+02:00;2026-10-04T22:22:49+02:00;05e34ae3361f
2026-10-05;plage_de_sevrier;AROMEHD;2026-10-05T08:00;3.4;4.5;167.0;16.0;0.0;;0.0;0.0;0.0;0.0;45.86;6.16;0.0;2026-10-04T19:15:00+02:00;2026-10-04T22:22:49+02:00;05e34ae3361f
2026-10-05;plage_de_sevrier;AROMEHD;2026-10-05T09:00;2.8;4.5;164.0;16.2;0.0;;0.0;0.0;0.0;0.0;45.86;6.16;0.0;2026-10-04T19:15:00+02:00;2026-10-04T22:22:49+02:00;05e34ae3361f
2026-10-05;plage_de_sevrier;AROMEHD;2026-10-05T10:00;1.0;3.9;217.0;16.4;0.0;;0.0;0.0;0.0;0.0;45.86;6.16;0.0;2026-10-04T19:15:00+02:00;2026-10-04T22:22:49+02:00;05e34ae3361f
2026-10-05;plage_de_sevrier;AROMEHD;2026-10-05T11:00;1.7;0.8;333.0;16.4;0.0;;0.0;0.0;0.0;0.0;45.86;6.16;0.0;2026-10-04T19:15:00+02:00;2026-10-04T22:22:49+02:00;05e34ae3361f
2026-10-05;plage_de_sevrier;AROMEHD;2026-10-05T12:00;1.4;1.7;34.0;17.1;0.0;;0.0;0.0;0.0;0.0;45.86;6.16;0.0;2026-10-04T19:15:00+02:00;2026-10-04T22:22:49+02:00;05e34ae3361f
2026-10-05;plage_de_sevrier;AROMEHD;2026-10-05T13:00;1.1;1.4;45.0;18.2;0.0;;0.0;0.0;0.0;0.0;45.86;6.16;0.0;2026-10-04T19:15:00+02:00;2026-10-04T22:22:49+02:00;05e34ae3361f
2026-10-05;plage_de_sevrier;AROMEHD;2026-10-05T14:00;0.8;0.8;104.0;18.7;0.0;;0.0;0.0;0.0;0.0;45.86;6.16;0.0;2026-10-04T19:15:00+02:00;2026-10-04T22:22:49+02:00;05e34ae3361f
2026-10-05;plage_de_sevrier;AROMEHD;2026-10-05T15:00;1.1;2.3;135.0;19.5;0.0;;0.0;0.0;0.0;0.0;45.86;6.16;0.0;2026-10-04T19:15:00+02:00;2026-10-04T22:22:49+02:00;05e34ae3361f
2026-10-05;plage_de_sevrier;AROMEHD;2026-10-05T16:00;1.0;1.0;143.0;19.8;0.0;;0.0;0.0;0.0;0.0;45.86;6.16;0.0;2026-10-04T19:15:00+02:00;2026-10-04T22:22:49+02:00;05e34ae3361f
2026-10-05;plage_de_sevrier;AROMEHD;2026-10-05T17:00;2.4;2.7;125.0;20.6;0.0;;0.0;0.0;0.0;0.0;45.86;6.16;0.0;2026-10-04T19:15:00+02:00;2026-10-04T22:22:49+02:00;05e34ae3361f
2026-10-05;plage_de_sevrier;AROMEHD;2026-10-05T18:00;2.7;3.7;159.0;20.7;0.0;;0.0;0.0;0.0;0.0;45.86;6.16;0.0;2026-10-04T19:15:00+02:00;2026-10-04T22:22:49+02:00;05e34ae3361f
2026-10-05;plage_de_sevrier;AROMEHD;2026-10-05T19:00;2.6;3.3;167.0;20.4;0.0;;0.0;0.0;0.0;0.0;45.86;6.16;0.0;2026-10-04T19:15:00+02:00;2026-10-04T22:22:49+02:00;05e34ae3361f
2026-10-05;plage_de_sevrier;AROMEHD;2026-10-05T20:00;2.4;2.9;194.0;19.7;0.0;;0.0;0.0;0.0;0.0;45.86;6.16;0.0;2026-10-04T19:15:00+02:00;2026-10-04T22:22:49+02:00;05e34ae3361f
2026-10-05;plage_de_sevrier;AROMEHD;2026-10-05T21:00;3.0;4.1;130.0;19.6;0.0;;0.0;0.0;0.0;0.0;45.86;6.16;0.0;2026-10-04T19:15:00+02:00;2026-10-04T22:22:49+02:00;05e34ae3361f
2026-10-05;plage_de_sevrier;AROMEHD;2026-10-05T22:00;3.7;4.3;152.0;19.1;0.0;;0.0;0.0;0.0;0.0;45.86;6.16;0.0;2026-10-04T19:15:00+02:00;2026-10-04T22:22:49+02:00;05e34ae3361f
2026-10-05;plage_de_sevrier;AROMEHD;2026-10-05T23:00;3.6;4.7;167.0;18.6;0.0;;0.0;0.0;0.0;0.0;45.86;6.16;0.0;2026-10-04T19:15:00+02:00;2026-10-04T22:22:49+02:00;05e34ae3361f
2026-10-05;plage_de_sevrier;AROMEHD;2026-10-06T00:00;3.4;4.5;170.0;18.2;0.0;;0.0;0.0;0.0;0.0;45.86;6.16;0.0;2026-10-04T19:15:00+02:00;2026-10-04T22:22:49+02:00;05e34ae3361f
2026-10-05;plage_de_sevrier;ICONCH1;2026-10-05T01:00;0.6;4.3;90.0;18.9;0.0;100.0;0.0;29.0;100.0;100.0;45.86465;6.164917;0.0;2026-10-04T19:15:00+02:00;2026-10-04T22:22:49+02:00;05e34ae3361f
2026-10-05;plage_de_sevrier;ICONCH1;2026-10-05T02:00;4.0;5.2;349.0;18.3;0.0;100.0;0.0;0.0;100.0;100.0;45.86465;6.164917;0.0;2026-10-04T19:15:00+02:00;2026-10-04T22:22:49+02:00;05e34ae3361f
2026-10-05;plage_de_sevrier;ICONCH1;2026-10-05T03:00;0.9;5.2;297.0;18.4;0.0;100.0;0.0;0.0;100.0;100.0;45.86465;6.164917;0.0;2026-10-04T19:15:00+02:00;2026-10-04T22:22:49+02:00;05e34ae3361f
2026-10-05;plage_de_sevrier;ICONCH1;2026-10-05T04:00;3.9;5.2;180.0;17.4;0.0;29.0;0.0;29.0;0.0;29.0;45.86465;6.164917;0.0;2026-10-04T19:15:00+02:00;2026-10-04T22:22:49+02:00;05e34ae3361f
2026-10-05;plage_de_sevrier;ICONCH1;2026-10-05T05:00;0.4;5.2;270.0;18.2;0.0;19.0;2.0;17.0;0.0;19.0;45.86465;6.164917;0.0;2026-10-04T19:15:00+02:00;2026-10-04T22:22:49+02:00;05e34ae3361f
2026-10-05;plage_de_sevrier;ICONCH1;2026-10-05T06:00;0.9;1.4;153.0;18.0;0.0;6.0;6.0;0.0;0.0;6.0;45.86465;6.164917;0.0;2026-10-04T19:15:00+02:00;2026-10-04T22:22:49+02:00;05e34ae3361f
2026-10-05;plage_de_sevrier;ICONCH1;2026-10-05T07:00;1.6;4.7;194.0;17.5;0.0;0.0;0.0;0.0;0.0;0.0;45.86465;6.164917;0.0;2026-10-04T19:15:00+02:00;2026-10-04T22:22:49+02:00;05e34ae3361f
2026-10-05;plage_de_sevrier;ICONCH1;2026-10-05T08:00;2.5;4.3;212.0;17.7;0.0;0.0;0.0;0.0;0.0;0.0;45.86465;6.164917;0.0;2026-10-04T19:15:00+02:00;2026-10-04T22:22:49+02:00;05e34ae3361f
2026-10-05;plage_de_sevrier;ICONCH1;2026-10-05T09:00;0.4;3.5;270.0;18.1;0.0;0.0;0.0;0.0;0.0;0.0;45.86465;6.164917;0.0;2026-10-04T19:15:00+02:00;2026-10-04T22:22:49+02:00;05e34ae3361f
2026-10-05;plage_de_sevrier;ICONCH1;2026-10-05T10:00;2.0;3.7;11.0;17.7;0.0;41.0;0.0;0.0;41.0;41.0;45.86465;6.164917;0.0;2026-10-04T19:15:00+02:00;2026-10-04T22:22:49+02:00;05e34ae3361f
2026-10-05;plage_de_sevrier;ICONCH1;2026-10-05T11:00;2.2;3.1;10.0;18.4;0.0;61.0;0.0;0.0;61.0;61.0;45.86465;6.164917;0.0;2026-10-04T19:15:00+02:00;2026-10-04T22:22:49+02:00;05e34ae3361f
2026-10-05;plage_de_sevrier;ICONCH1;2026-10-05T12:00;3.2;4.1;11.0;19.6;0.0;100.0;0.0;0.0;100.0;100.0;45.86465;6.164917;0.0;2026-10-04T19:15:00+02:00;2026-10-04T22:22:49+02:00;05e34ae3361f
2026-10-05;plage_de_sevrier;ICONCH1;2026-10-05T13:00;4.1;5.4;357.0;21.2;0.0;100.0;0.0;0.0;100.0;100.0;45.86465;6.164917;0.0;2026-10-04T19:15:00+02:00;2026-10-04T22:22:49+02:00;05e34ae3361f
2026-10-05;plage_de_sevrier;ICONCH1;2026-10-05T14:00;4.2;5.6;338.0;22.3;0.0;82.0;0.0;0.0;82.0;82.0;45.86465;6.164917;0.0;2026-10-04T19:15:00+02:00;2026-10-04T22:22:49+02:00;05e34ae3361f
2026-10-05;plage_de_sevrier;ICONCH1;2026-10-05T15:00;3.8;5.4;315.0;23.0;0.0;0.0;0.0;0.0;0.0;0.0;45.86465;6.164917;0.0;2026-10-04T19:15:00+02:00;2026-10-04T22:22:49+02:00;05e34ae3361f
2026-10-05;plage_de_sevrier;ICONCH1;2026-10-05T16:00;3.2;5.2;313.0;23.6;0.0;0.0;0.0;0.0;0.0;0.0;45.86465;6.164917;0.0;2026-10-04T19:15:00+02:00;2026-10-04T22:22:49+02:00;05e34ae3361f
2026-10-05;plage_de_sevrier;ICONCH1;2026-10-05T17:00;3.9;5.1;303.0;24.1;0.0;0.0;0.0;0.0;0.0;0.0;45.86465;6.164917;0.0;2026-10-04T19:15:00+02:00;2026-10-04T22:22:49+02:00;05e34ae3361f
2026-10-05;plage_de_sevrier;ICONCH1;2026-10-05T18:00;5.1;6.8;281.0;23.9;0.0;0.0;0.0;0.0;0.0;0.0;45.86465;6.164917;0.0;2026-10-04T19:15:00+02:00;2026-10-04T22:22:49+02:00;05e34ae3361f
2026-10-05;plage_de_sevrier;ICONCH1;2026-10-05T19:00;3.7;7.0;264.0;22.6;0.0;0.0;0.0;0.0;0.0;0.0;45.86465;6.164917;0.0;2026-10-04T19:15:00+02:00;2026-10-04T22:22:49+02:00;05e34ae3361f
2026-10-05;plage_de_sevrier;ICONCH1;2026-10-05T20:00;0.3;4.9;225.0;21.6;0.0;0.0;0.0;0.0;0.0;0.0;45.86465;6.164917;0.0;2026-10-04T19:15:00+02:00;2026-10-04T22:22:49+02:00;05e34ae3361f
2026-10-05;plage_de_sevrier;ICONCH1;2026-10-05T21:00;2.2;2.9;153.0;20.3;0.0;5.0;5.0;0.0;0.0;5.0;45.86465;6.164917;0.0;2026-10-04T19:15:00+02:00;2026-10-04T22:22:49+02:00;05e34ae3361f
2026-10-05;plage_de_sevrier;ICONCH1;2026-10-05T22:00;1.7;2.9;201.0;19.6;0.0;4.0;4.0;0.0;0.0;4.0;45.86465;6.164917;0.0;2026-10-04T19:15:00+02:00;2026-10-04T22:22:49+02:00;05e34ae3361f
2026-10-05;plage_de_sevrier;ICONCH1;2026-10-05T23:00;3.2;4.1;205.0;19.1;0.0;0.0;0.0;0.0;0.0;0.0;45.86465;6.164917;0.0;2026-10-04T19:15:00+02:00;2026-10-04T22:22:49+02:00;05e34ae3361f
2026-10-05;plage_de_sevrier;ICONCH1;2026-10-06T00:00;2.7;4.3;184.0;18.6;0.0;0.0;0.0;0.0;0.0;0.0;45.86465;6.164917;0.0;2026-10-04T19:15:00+02:00;2026-10-04T22:22:49+02:00;05e34ae3361f
2026-10-05;pont_darciat;AROMEHD;2026-10-05T01:00;5.7;7.4;352.0;18.2;0.0;;0.0;0.0;100.0;100.0;46.25;4.8099995;169.0;2026-10-04T19:15:00+02:00;2026-10-04T22:22:49+02:00;05e34ae3361f
2026-10-05;pont_darciat;AROMEHD;2026-10-05T02:00;3.2;7.4;14.0;17.3;0.0;;0.0;0.0;0.0;0.0;46.25;4.8099995;169.0;2026-10-04T19:15:00+02:00;2026-10-04T22:22:49+02:00;05e34ae3361f
2026-10-05;pont_darciat;AROMEHD;2026-10-05T03:00;2.3;3.9;59.0;15.6;0.0;;0.0;0.0;0.0;0.0;46.25;4.8099995;169.0;2026-10-04T19:15:00+02:00;2026-10-04T22:22:49+02:00;05e34ae3361f
2026-10-05;pont_darciat;AROMEHD;2026-10-05T04:00;2.8;2.9;231.0;15.1;0.0;;0.0;0.0;0.0;0.0;46.25;4.8099995;169.0;2026-10-04T19:15:00+02:00;2026-10-04T22:22:49+02:00;05e34ae3361f
2026-10-05;pont_darciat;AROMEHD;2026-10-05T05:00;1.5;3.3;67.0;14.2;0.0;;0.0;0.0;0.0;0.0;46.25;4.8099995;169.0;2026-10-04T19:15:00+02:00;2026-10-04T22:22:49+02:00;05e34ae3361f
2026-10-05;pont_darciat;AROMEHD;2026-10-05T06:00;1.1;1.7;149.0;13.4;0.0;;1.0;0.0;0.0;1.0;46.25;4.8099995;169.0;2026-10-04T19:15:00+02:00;2026-10-04T22:22:49+02:00;05e34ae3361f
2026-10-05;pont_darciat;AROMEHD;2026-10-05T07:00;0.6;1.6;180.0;13.0;0.0;;3.0;0.0;0.0;3.0;46.25;4.8099995;169.0;2026-10-04T19:15:00+02:00;2026-10-04T22:22:49+02:00;05e34ae3361f
2026-10-05;pont_darciat;AROMEHD;2026-10-05T08:00;0.8;1.4;104.0;12.6;0.0;;16.0;0.0;0.0;16.0;46.25;4.8099995;169.0;2026-10-04T19:15:00+02:00;2026-10-04T22:22:49+02:00;05e34ae3361f
2026-10-05;pont_darciat;AROMEHD;2026-10-05T09:00;0.5;1.2;135.0;12.9;0.0;;29.0;0.0;75.0;75.0;46.25;4.8099995;169.0;2026-10-04T19:15:00+02:00;2026-10-04T22:22:49+02:00;05e34ae3361f
2026-10-05;pont_darciat;AROMEHD;2026-10-05T10:00;1.0;2.1;127.0;15.3;0.0;;0.0;0.0;21.0;21.0;46.25;4.8099995;169.0;2026-10-04T19:15:00+02:00;2026-10-04T22:22:49+02:00;05e34ae3361f
2026-10-05;pont_darciat;AROMEHD;2026-10-05T11:00;1.0;3.5;79.0;17.8;0.0;;0.0;0.0;37.0;37.0;46.25;4.8099995;169.0;2026-10-04T19:15:00+02:00;2026-10-04T22:22:49+02:00;05e34ae3361f
2026-10-05;pont_darciat;AROMEHD;2026-10-05T12:00;1.0;3.9;53.0;20.2;0.0;;0.0;0.0;3.0;3.0;46.25;4.8099995;169.0;2026-10-04T19:15:00+02:00;2026-10-04T22:22:49+02:00;05e34ae3361f
2026-10-05;pont_darciat;AROMEHD;2026-10-05T13:00;1.1;5.6;59.0;21.8;0.0;;0.0;0.0;0.0;0.0;46.25;4.8099995;169.0;2026-10-04T19:15:00+02:00;2026-10-04T22:22:49+02:00;05e34ae3361f
2026-10-05;pont_darciat;AROMEHD;2026-10-05T14:00;2.2;6.4;45.0;23.3;0.0;;0.0;0.0;14.0;14.0;46.25;4.8099995;169.0;2026-10-04T19:15:00+02:00;2026-10-04T22:22:49+02:00;05e34ae3361f
2026-10-05;pont_darciat;AROMEHD;2026-10-05T15:00;2.3;7.6;42.0;24.3;0.0;;0.0;0.0;97.0;97.0;46.25;4.8099995;169.0;2026-10-04T19:15:00+02:00;2026-10-04T22:22:49+02:00;05e34ae3361f
2026-10-05;pont_darciat;AROMEHD;2026-10-05T16:00;3.9;8.7;37.0;24.9;0.0;;0.0;0.0;99.0;99.0;46.25;4.8099995;169.0;2026-10-04T19:15:00+02:00;2026-10-04T22:22:49+02:00;05e34ae3361f
2026-10-05;pont_darciat;AROMEHD;2026-10-05T17:00;4.8;9.1;21.0;25.2;0.0;;0.0;0.0;99.0;99.0;46.25;4.8099995;169.0;2026-10-04T19:15:00+02:00;2026-10-04T22:22:49+02:00;05e34ae3361f
2026-10-05;pont_darciat;AROMEHD;2026-10-05T18:00;5.5;9.5;27.0;25.1;0.0;;0.0;0.0;93.0;93.0;46.25;4.8099995;169.0;2026-10-04T19:15:00+02:00;2026-10-04T22:22:49+02:00;05e34ae3361f
2026-10-05;pont_darciat;AROMEHD;2026-10-05T19:00;7.1;9.9;29.0;24.2;0.0;;0.0;0.0;78.0;78.0;46.25;4.8099995;169.0;2026-10-04T19:15:00+02:00;2026-10-04T22:22:49+02:00;05e34ae3361f
2026-10-05;pont_darciat;AROMEHD;2026-10-05T20:00;5.9;10.5;32.0;22.4;0.0;;0.0;0.0;3.0;3.0;46.25;4.8099995;169.0;2026-10-04T19:15:00+02:00;2026-10-04T22:22:49+02:00;05e34ae3361f
2026-10-05;pont_darciat;AROMEHD;2026-10-05T21:00;4.2;8.2;22.0;20.7;0.0;;0.0;0.0;0.0;0.0;46.25;4.8099995;169.0;2026-10-04T19:15:00+02:00;2026-10-04T22:22:49+02:00;05e34ae3361f
2026-10-05;pont_darciat;AROMEHD;2026-10-05T22:00;3.6;5.4;344.0;19.6;0.0;;0.0;0.0;0.0;0.0;46.25;4.8099995;169.0;2026-10-04T19:15:00+02:00;2026-10-04T22:22:49+02:00;05e34ae3361f
2026-10-05;pont_darciat;AROMEHD;2026-10-05T23:00;4.4;5.6;328.0;18.7;0.0;;0.0;0.0;0.0;0.0;46.25;4.8099995;169.0;2026-10-04T19:15:00+02:00;2026-10-04T22:22:49+02:00;05e34ae3361f
2026-10-05;pont_darciat;AROMEHD;2026-10-06T00:00;5.0;6.4;334.0;18.1;0.0;;0.0;0.0;0.0;0.0;46.25;4.8099995;169.0;2026-10-04T19:15:00+02:00;2026-10-04T22:22:49+02:00;05e34ae3361f
2026-10-05;pont_darciat;ICONCH1;2026-10-05T01:00;2.3;5.4;355.0;16.6;0.0;100.0;0.0;0.0;100.0;100.0;46.25097;4.8050537;172.0;2026-10-04T19:15:00+02:00;2026-10-04T22:22:49+02:00;05e34ae3361f
2026-10-05;pont_darciat;ICONCH1;2026-10-05T02:00;1.0;5.1;360.0;16.1;0.0;0.0;0.0;0.0;0.0;0.0;46.25097;4.8050537;172.0;2026-10-04T19:15:00+02:00;2026-10-04T22:22:49+02:00;05e34ae3361f
2026-10-05;pont_darciat;ICONCH1;2026-10-05T03:00;1.0;1.4;323.0;15.6;0.0;0.0;0.0;0.0;0.0;0.0;46.25097;4.8050537;172.0;2026-10-04T19:15:00+02:00;2026-10-04T22:22:49+02:00;05e34ae3361f
2026-10-05;pont_darciat;ICONCH1;2026-10-05T04:00;1.1;1.9;239.0;15.0;0.0;0.0;0.0;0.0;0.0;0.0;46.25097;4.8050537;172.0;2026-10-04T19:15:00+02:00;2026-10-04T22:22:49+02:00;05e34ae3361f
2026-10-05;pont_darciat;ICONCH1;2026-10-05T05:00;1.6;2.5;360.0;14.0;0.0;0.0;0.0;0.0;0.0;0.0;46.25097;4.8050537;172.0;2026-10-04T19:15:00+02:00;2026-10-04T22:22:49+02:00;05e34ae3361f
2026-10-05;pont_darciat;ICONCH1;2026-10-05T06:00;1.9;2.7;336.0;13.3;0.0;0.0;0.0;0.0;0.0;0.0;46.25097;4.8050537;172.0;2026-10-04T19:15:00+02:00;2026-10-04T22:22:49+02:00;05e34ae3361f
2026-10-05;pont_darciat;ICONCH1;2026-10-05T07:00;1.5;2.7;320.0;13.1;0.0;0.0;0.0;0.0;0.0;0.0;46.25097;4.8050537;172.0;2026-10-04T19:15:00+02:00;2026-10-04T22:22:49+02:00;05e34ae3361f
2026-10-05;pont_darciat;ICONCH1;2026-10-05T08:00;1.5;2.7;337.0;12.7;0.0;0.0;0.0;0.0;0.0;0.0;46.25097;4.8050537;172.0;2026-10-04T19:15:00+02:00;2026-10-04T22:22:49+02:00;05e34ae3361f
2026-10-05;pont_darciat;ICONCH1;2026-10-05T09:00;1.2;2.7;39.0;13.4;0.0;82.0;59.0;0.0;54.0;82.0;46.25097;4.8050537;172.0;2026-10-04T19:15:00+02:00;2026-10-04T22:22:49+02:00;05e34ae3361f
2026-10-05;pont_darciat;ICONCH1;2026-10-05T10:00;1.2;2.5;81.0;15.9;0.0;94.0;13.0;0.0;87.0;94.0;46.25097;4.8050537;172.0;2026-10-04T19:15:00+02:00;2026-10-04T22:22:49+02:00;05e34ae3361f
2026-10-05;pont_darciat;ICONCH1;2026-10-05T11:00;1.8;4.1;58.0;18.9;0.0;77.0;0.0;0.0;77.0;77.0;46.25097;4.8050537;172.0;2026-10-04T19:15:00+02:00;2026-10-04T22:22:49+02:00;05e34ae3361f
2026-10-05;pont_darciat;ICONCH1;2026-10-05T12:00;2.1;4.9;49.0;21.5;0.0;62.0;0.0;0.0;62.0;62.0;46.25097;4.8050537;172.0;2026-10-04T19:15:00+02:00;2026-10-04T22:22:49+02:00;05e34ae3361f
2026-10-05;pont_darciat;ICONCH1;2026-10-05T13:00;3.2;6.4;43.0;23.8;0.0;57.0;0.0;0.0;57.0;57.0;46.25097;4.8050537;172.0;2026-10-04T19:15:00+02:00;2026-10-04T22:22:49+02:00;05e34ae3361f
2026-10-05;pont_darciat;ICONCH1;2026-10-05T14:00;3.3;6.6;45.0;25.6;0.0;85.0;0.0;0.0;85.0;85.0;46.25097;4.8050537;172.0;2026-10-04T19:15:00+02:00;2026-10-04T22:22:49+02:00;05e34ae3361f
2026-10-05;pont_darciat;ICONCH1;2026-10-05T15:00;3.2;6.4;43.0;26.6;0.0;26.0;0.0;0.0;26.0;26.0;46.25097;4.8050537;172.0;2026-10-04T19:15:00+02:00;2026-10-04T22:22:49+02:00;05e34ae3361f
2026-10-05;pont_darciat;ICONCH1;2026-10-05T16:00;3.7;6.8;32.0;27.1;0.0;0.0;0.0;0.0;0.0;0.0;46.25097;4.8050537;172.0;2026-10-04T19:15:00+02:00;2026-10-04T22:22:49+02:00;05e34ae3361f
2026-10-05;pont_darciat;ICONCH1;2026-10-05T17:00;4.7;7.6;42.0;27.0;0.0;0.0;0.0;0.0;0.0;0.0;46.25097;4.8050537;172.0;2026-10-04T19:15:00+02:00;2026-10-04T22:22:49+02:00;05e34ae3361f
2026-10-05;pont_darciat;ICONCH1;2026-10-05T18:00;5.0;8.0;39.0;26.4;0.0;0.0;0.0;0.0;0.0;0.0;46.25097;4.8050537;172.0;2026-10-04T19:15:00+02:00;2026-10-04T22:22:49+02:00;05e34ae3361f
2026-10-05;pont_darciat;ICONCH1;2026-10-05T19:00;3.8;8.4;60.0;24.4;0.0;0.0;0.0;0.0;0.0;0.0;46.25097;4.8050537;172.0;2026-10-04T19:15:00+02:00;2026-10-04T22:22:49+02:00;05e34ae3361f
2026-10-05;pont_darciat;ICONCH1;2026-10-05T20:00;2.9;5.8;360.0;21.5;0.0;0.0;0.0;0.0;0.0;0.0;46.25097;4.8050537;172.0;2026-10-04T19:15:00+02:00;2026-10-04T22:22:49+02:00;05e34ae3361f
2026-10-05;pont_darciat;ICONCH1;2026-10-05T21:00;3.1;4.9;330.0;19.2;0.0;0.0;0.0;0.0;0.0;0.0;46.25097;4.8050537;172.0;2026-10-04T19:15:00+02:00;2026-10-04T22:22:49+02:00;05e34ae3361f
2026-10-05;pont_darciat;ICONCH1;2026-10-05T22:00;1.6;4.9;353.0;18.1;0.0;0.0;0.0;0.0;0.0;0.0;46.25097;4.8050537;172.0;2026-10-04T19:15:00+02:00;2026-10-04T22:22:49+02:00;05e34ae3361f
2026-10-05;pont_darciat;ICONCH1;2026-10-05T23:00;1.9;2.9;336.0;17.1;0.0;0.0;0.0;0.0;0.0;0.0;46.25097;4.8050537;172.0;2026-10-04T19:15:00+02:00;2026-10-04T22:22:49+02:00;05e34ae3361f
2026-10-05;pont_darciat;ICONCH1;2026-10-06T00:00;2.6;4.1;347.0;16.2;0.0;0.0;0.0;0.0;0.0;0.0;46.25097;4.8050537;172.0;2026-10-04T19:15:00+02:00;2026-10-04T22:22:49+02:00;05e34ae3361f
2026-10-05;pont_de_chavanay;AROMEHD;2026-10-05T01:00;1.0;1.9;11.0;17.8;0.0;;0.0;0.0;51.0;51.0;45.42;4.75;141.0;2026-10-04T19:15:00+02:00;2026-10-04T22:22:49+02:00;05e34ae3361f
2026-10-05;pont_de_chavanay;AROMEHD;2026-10-05T02:00;0.4;1.9;243.0;17.3;0.0;;0.0;0.0;94.0;94.0;45.42;4.75;141.0;2026-10-04T19:15:00+02:00;2026-10-04T22:22:49+02:00;05e34ae3361f
2026-10-05;pont_de_chavanay;AROMEHD;2026-10-05T03:00;1.6;2.3;353.0;16.6;0.0;;0.0;0.0;2.0;2.0;45.42;4.75;141.0;2026-10-04T19:15:00+02:00;2026-10-04T22:22:49+02:00;05e34ae3361f
2026-10-05;pont_de_chavanay;AROMEHD;2026-10-05T04:00;0.9;0.8;243.0;16.6;0.0;;0.0;0.0;0.0;0.0;45.42;4.75;141.0;2026-10-04T19:15:00+02:00;2026-10-04T22:22:49+02:00;05e34ae3361f
2026-10-05;pont_de_chavanay;AROMEHD;2026-10-05T05:00;1.1;1.0;31.0;15.7;0.0;;0.0;0.0;90.0;90.0;45.42;4.75;141.0;2026-10-04T19:15:00+02:00;2026-10-04T22:22:49+02:00;05e34ae3361f
2026-10-05;pont_de_chavanay;AROMEHD;2026-10-05T06:00;0.8;1.0;194.0;15.7;0.0;;0.0;0.0;0.0;0.0;45.42;4.75;141.0;2026-10-04T19:15:00+02:00;2026-10-04T22:22:49+02:00;05e34ae3361f
2026-10-05;pont_de_chavanay;AROMEHD;2026-10-05T07:00;1.5;0.6;23.0;14.8;0.0;;0.0;0.0;0.0;0.0;45.42;4.75;141.0;2026-10-04T19:15:00+02:00;2026-10-04T22:22:49+02:00;05e34ae3361f
2026-10-05;pont_de_chavanay;AROMEHD;2026-10-05T08:00;1.4;1.6;34.0;14.6;0.0;;0.0;0.0;0.0;0.0;45.42;4.75;141.0;2026-10-04T19:15:00+02:00;2026-10-04T22:22:49+02:00;05e34ae3361f
2026-10-05;pont_de_chavanay;AROMEHD;2026-10-05T09:00;0.4;1.0;63.0;15.6;0.0;;0.0;0.0;0.0;0.0;45.42;4.75;141.0;2026-10-04T19:15:00+02:00;2026-10-04T22:22:49+02:00;05e34ae3361f
2026-10-05;pont_de_chavanay;AROMEHD;2026-10-05T10:00;0.8;2.1;90.0;17.9;0.0;;0.0;0.0;0.0;0.0;45.42;4.75;141.0;2026-10-04T19:15:00+02:00;2026-10-04T22:22:49+02:00;05e34ae3361f
2026-10-05;pont_de_chavanay;AROMEHD;2026-10-05T11:00;1.0;3.7;79.0;20.0;0.0;;0.0;0.0;0.0;0.0;45.42;4.75;141.0;2026-10-04T19:15:00+02:00;2026-10-04T22:22:49+02:00;05e34ae3361f
2026-10-05;pont_de_chavanay;AROMEHD;2026-10-05T12:00;0.2;3.7;360.0;22.3;0.0;;0.0;0.0;0.0;0.0;45.42;4.75;141.0;2026-10-04T19:15:00+02:00;2026-10-04T22:22:49+02:00;05e34ae3361f
2026-10-05;pont_de_chavanay;AROMEHD;2026-10-05T13:00;1.2;6.0;18.0;24.1;0.0;;0.0;0.0;0.0;0.0;45.42;4.75;141.0;2026-10-04T19:15:00+02:00;2026-10-04T22:22:49+02:00;05e34ae3361f
2026-10-05;pont_de_chavanay;AROMEHD;2026-10-05T14:00;3.0;8.7;23.0;25.5;0.0;;0.0;0.0;100.0;100.0;45.42;4.75;141.0;2026-10-04T19:15:00+02:00;2026-10-04T22:22:49+02:00;05e34ae3361f
2026-10-05;pont_de_chavanay;AROMEHD;2026-10-05T15:00;5.7;12.2;28.0;26.3;0.0;;0.0;0.0;44.0;44.0;45.42;4.75;141.0;2026-10-04T19:15:00+02:00;2026-10-04T22:22:49+02:00;05e34ae3361f
2026-10-05;pont_de_chavanay;AROMEHD;2026-10-05T16:00;5.3;12.2;36.0;26.5;0.0;;0.0;0.0;99.0;99.0;45.42;4.75;141.0;2026-10-04T19:15:00+02:00;2026-10-04T22:22:49+02:00;05e34ae3361f
2026-10-05;pont_de_chavanay;AROMEHD;2026-10-05T17:00;4.9;11.3;23.0;26.4;0.0;;0.0;0.0;100.0;100.0;45.42;4.75;141.0;2026-10-04T19:15:00+02:00;2026-10-04T22:22:49+02:00;05e34ae3361f
2026-10-05;pont_de_chavanay;AROMEHD;2026-10-05T18:00;5.2;10.5;22.0;26.0;0.0;;0.0;0.0;100.0;100.0;45.42;4.75;141.0;2026-10-04T19:15:00+02:00;2026-10-04T22:22:49+02:00;05e34ae3361f
2026-10-05;pont_de_chavanay;AROMEHD;2026-10-05T19:00;4.0;9.5;14.0;24.9;0.0;;0.0;0.0;100.0;100.0;45.42;4.75;141.0;2026-10-04T19:15:00+02:00;2026-10-04T22:22:49+02:00;05e34ae3361f
2026-10-05;pont_de_chavanay;AROMEHD;2026-10-05T20:00;3.2;6.4;322.0;23.2;0.0;;0.0;0.0;100.0;100.0;45.42;4.75;141.0;2026-10-04T19:15:00+02:00;2026-10-04T22:22:49+02:00;05e34ae3361f
2026-10-05;pont_de_chavanay;AROMEHD;2026-10-05T21:00;3.4;4.9;301.0;21.3;0.0;;0.0;0.0;99.0;99.0;45.42;4.75;141.0;2026-10-04T19:15:00+02:00;2026-10-04T22:22:49+02:00;05e34ae3361f
2026-10-05;pont_de_chavanay;AROMEHD;2026-10-05T22:00;1.6;4.1;315.0;20.8;0.0;;0.0;0.0;3.0;3.0;45.42;4.75;141.0;2026-10-04T19:15:00+02:00;2026-10-04T22:22:49+02:00;05e34ae3361f
2026-10-05;pont_de_chavanay;AROMEHD;2026-10-05T23:00;0.4;1.9;360.0;19.3;0.0;;0.0;0.0;0.0;0.0;45.42;4.75;141.0;2026-10-04T19:15:00+02:00;2026-10-04T22:22:49+02:00;05e34ae3361f
2026-10-05;pont_de_chavanay;AROMEHD;2026-10-06T00:00;0.4;0.8;63.0;17.9;0.0;;0.0;0.0;0.0;0.0;45.42;4.75;141.0;2026-10-04T19:15:00+02:00;2026-10-04T22:22:49+02:00;05e34ae3361f
2026-10-05;pont_de_chavanay;ICONCH1;2026-10-05T01:00;2.5;4.9;274.0;17.5;0.0;100.0;0.0;9.0;100.0;100.0;45.416153;4.741211;147.0;2026-10-04T19:15:00+02:00;2026-10-04T22:22:49+02:00;05e34ae3361f
2026-10-05;pont_de_chavanay;ICONCH1;2026-10-05T02:00;2.7;4.1;278.0;17.3;0.0;100.0;0.0;6.0;100.0;100.0;45.416153;4.741211;147.0;2026-10-04T19:15:00+02:00;2026-10-04T22:22:49+02:00;05e34ae3361f
2026-10-05;pont_de_chavanay;ICONCH1;2026-10-05T03:00;2.3;4.3;294.0;17.1;0.0;92.0;0.0;36.0;81.0;92.0;45.416153;4.741211;147.0;2026-10-04T19:15:00+02:00;2026-10-04T22:22:49+02:00;05e34ae3361f
2026-10-05;pont_de_chavanay;ICONCH1;2026-10-05T04:00;2.1;4.1;270.0;16.7;0.0;56.0;0.0;56.0;0.0;56.0;45.416153;4.741211;147.0;2026-10-04T19:15:00+02:00;2026-10-04T22:22:49+02:00;05e34ae3361f
2026-10-05;pont_de_chavanay;ICONCH1;2026-10-05T05:00;2.0;3.3;259.0;16.5;0.0;46.0;0.0;46.0;0.0;46.0;45.416153;4.741211;147.0;2026-10-04T19:15:00+02:00;2026-10-04T22:22:49+02:00;05e34ae3361f
2026-10-05;pont_de_chavanay;ICONCH1;2026-10-05T06:00;2.0;3.5;6.0;16.0;0.0;7.0;0.0;7.0;0.0;7.0;45.416153;4.741211;147.0;2026-10-04T19:15:00+02:00;2026-10-04T22:22:49+02:00;05e34ae3361f
2026-10-05;pont_de_chavanay;ICONCH1;2026-10-05T07:00;1.0;2.9;281.0;16.0;0.0;37.0;0.0;37.0;0.0;37.0;45.416153;4.741211;147.0;2026-10-04T19:15:00+02:00;2026-10-04T22:22:49+02:00;05e34ae3361f
2026-10-05;pont_de_chavanay;ICONCH1;2026-10-05T08:00;1.2;1.7;279.0;15.7;0.0;39.0;0.0;39.0;0.0;39.0;45.416153;4.741211;147.0;2026-10-04T19:15:00+02:00;2026-10-04T22:22:49+02:00;05e34ae3361f
2026-10-05;pont_de_chavanay;ICONCH1;2026-10-05T09:00;0.6;1.7;162.0;15.9;0.0;31.0;0.0;31.0;0.0;31.0;45.416153;4.741211;147.0;2026-10-04T19:15:00+02:00;2026-10-04T22:22:49+02:00;05e34ae3361f
2026-10-05;pont_de_chavanay;ICONCH1;2026-10-05T10:00;1.5;2.9;67.0;17.3;0.0;0.0;0.0;0.0;0.0;0.0;45.416153;4.741211;147.0;2026-10-04T19:15:00+02:00;2026-10-04T22:22:49+02:00;05e34ae3361f
2026-10-05;pont_de_chavanay;ICONCH1;2026-10-05T11:00;1.0;2.9;79.0;19.6;0.0;29.0;0.0;0.0;29.0;29.0;45.416153;4.741211;147.0;2026-10-04T19:15:00+02:00;2026-10-04T22:22:49+02:00;05e34ae3361f
2026-10-05;pont_de_chavanay;ICONCH1;2026-10-05T12:00;1.8;3.7;58.0;21.6;0.0;2.0;0.0;0.0;2.0;2.0;45.416153;4.741211;147.0;2026-10-04T19:15:00+02:00;2026-10-04T22:22:49+02:00;05e34ae3361f
2026-10-05;pont_de_chavanay;ICONCH1;2026-10-05T13:00;1.0;4.1;68.0;23.3;0.0;0.0;0.0;0.0;0.0;0.0;45.416153;4.741211;147.0;2026-10-04T19:15:00+02:00;2026-10-04T22:22:49+02:00;05e34ae3361f
2026-10-05;pont_de_chavanay;ICONCH1;2026-10-05T14:00;1.5;3.5;50.0;24.6;0.0;0.0;0.0;0.0;0.0;0.0;45.416153;4.741211;147.0;2026-10-04T19:15:00+02:00;2026-10-04T22:22:49+02:00;05e34ae3361f
2026-10-05;pont_de_chavanay;ICONCH1;2026-10-05T15:00;1.4;3.3;360.0;25.4;0.0;0.0;0.0;0.0;0.0;0.0;45.416153;4.741211;147.0;2026-10-04T19:15:00+02:00;2026-10-04T22:22:49+02:00;05e34ae3361f
2026-10-05;pont_de_chavanay;ICONCH1;2026-10-05T16:00;2.7;4.5;356.0;25.8;0.0;0.0;0.0;0.0;0.0;0.0;45.416153;4.741211;147.0;2026-10-04T19:15:00+02:00;2026-10-04T22:22:49+02:00;05e34ae3361f
2026-10-05;pont_de_chavanay;ICONCH1;2026-10-05T17:00;4.7;7.2;358.0;25.7;0.0;8.0;0.0;0.0;8.0;8.0;45.416153;4.741211;147.0;2026-10-04T19:15:00+02:00;2026-10-04T22:22:49+02:00;05e34ae3361f
2026-10-05;pont_de_chavanay;ICONCH1;2026-10-05T18:00;3.8;7.2;345.0;24.9;0.0;0.0;0.0;0.0;0.0;0.0;45.416153;4.741211;147.0;2026-10-04T19:15:00+02:00;2026-10-04T22:22:49+02:00;05e34ae3361f
2026-10-05;pont_de_chavanay;ICONCH1;2026-10-05T19:00;6.7;9.9;280.0;21.7;0.0;0.0;0.0;0.0;0.0;0.0;45.416153;4.741211;147.0;2026-10-04T19:15:00+02:00;2026-10-04T22:22:49+02:00;05e34ae3361f
2026-10-05;pont_de_chavanay;ICONCH1;2026-10-05T20:00;7.5;11.3;280.0;19.7;0.0;0.0;0.0;0.0;0.0;0.0;45.416153;4.741211;147.0;2026-10-04T19:15:00+02:00;2026-10-04T22:22:49+02:00;05e34ae3361f
2026-10-05;pont_de_chavanay;ICONCH1;2026-10-05T21:00;6.3;11.1;281.0;18.6;0.0;0.0;0.0;0.0;0.0;0.0;45.416153;4.741211;147.0;2026-10-04T19:15:00+02:00;2026-10-04T22:22:49+02:00;05e34ae3361f
2026-10-05;pont_de_chavanay;ICONCH1;2026-10-05T22:00;4.7;9.3;279.0;17.8;0.0;0.0;0.0;0.0;0.0;0.0;45.416153;4.741211;147.0;2026-10-04T19:15:00+02:00;2026-10-04T22:22:49+02:00;05e34ae3361f
2026-10-05;pont_de_chavanay;ICONCH1;2026-10-05T23:00;2.6;7.0;283.0;18.0;0.0;0.0;0.0;0.0;0.0;0.0;45.416153;4.741211;147.0;2026-10-04T19:15:00+02:00;2026-10-04T22:22:49+02:00;05e34ae3361f
2026-10-05;pont_de_chavanay;ICONCH1;2026-10-06T00:00;3.3;4.9;277.0;17.5;0.0;0.0;0.0;0.0;0.0;0.0;45.416153;4.741211;147.0;2026-10-04T19:15:00+02:00;2026-10-04T22:22:49+02:00;05e34ae3361f
2026-10-05;portes_les_valence;AROMEHD;2026-10-05T01:00;0.4;3.9;207.0;19.2;0.0;;0.0;1.0;92.0;92.0;44.87;4.8599987;101.0;2026-10-04T19:15:00+02:00;2026-10-04T22:22:49+02:00;05e34ae3361f
2026-10-05;portes_les_valence;AROMEHD;2026-10-05T02:00;2.3;2.5;239.0;18.3;0.0;;0.0;1.0;100.0;100.0;44.87;4.8599987;101.0;2026-10-04T19:15:00+02:00;2026-10-04T22:22:49+02:00;05e34ae3361f
2026-10-05;portes_les_valence;AROMEHD;2026-10-05T03:00;0.4;2.3;360.0;17.7;0.0;;0.0;0.0;100.0;100.0;44.87;4.8599987;101.0;2026-10-04T19:15:00+02:00;2026-10-04T22:22:49+02:00;05e34ae3361f
2026-10-05;portes_les_valence;AROMEHD;2026-10-05T04:00;2.4;3.5;29.0;17.2;0.0;;0.0;1.0;100.0;100.0;44.87;4.8599987;101.0;2026-10-04T19:15:00+02:00;2026-10-04T22:22:49+02:00;05e34ae3361f
2026-10-05;portes_les_valence;AROMEHD;2026-10-05T05:00;3.4;5.2;16.0;16.8;0.0;;0.0;0.0;89.0;89.0;44.87;4.8599987;101.0;2026-10-04T19:15:00+02:00;2026-10-04T22:22:49+02:00;05e34ae3361f
2026-10-05;portes_les_valence;AROMEHD;2026-10-05T06:00;1.8;5.2;41.0;16.3;0.0;;0.0;86.0;97.0;97.0;44.87;4.8599987;101.0;2026-10-04T19:15:00+02:00;2026-10-04T22:22:49+02:00;05e34ae3361f
2026-10-05;portes_les_valence;AROMEHD;2026-10-05T07:00;2.5;3.5;23.0;15.7;0.0;;0.0;0.0;0.0;0.0;44.87;4.8599987;101.0;2026-10-04T19:15:00+02:00;2026-10-04T22:22:49+02:00;05e34ae3361f
2026-10-05;portes_les_valence;AROMEHD;2026-10-05T08:00;0.3;0.2;45.0;15.0;0.0;;0.0;0.0;0.0;0.0;44.87;4.8599987;101.0;2026-10-04T19:15:00+02:00;2026-10-04T22:22:49+02:00;05e34ae3361f
2026-10-05;portes_les_valence;AROMEHD;2026-10-05T09:00;3.5;5.6;19.0;16.5;0.0;;0.0;0.0;0.0;0.0;44.87;4.8599987;101.0;2026-10-04T19:15:00+02:00;2026-10-04T22:22:49+02:00;05e34ae3361f
2026-10-05;portes_les_valence;AROMEHD;2026-10-05T10:00;2.6;5.8;17.0;19.0;0.0;;0.0;0.0;0.0;0.0;44.87;4.8599987;101.0;2026-10-04T19:15:00+02:00;2026-10-04T22:22:49+02:00;05e34ae3361f
2026-10-05;portes_les_valence;AROMEHD;2026-10-05T11:00;4.7;9.3;24.0;21.9;0.0;;0.0;0.0;0.0;0.0;44.87;4.8599987;101.0;2026-10-04T19:15:00+02:00;2026-10-04T22:22:49+02:00;05e34ae3361f
2026-10-05;portes_les_valence;AROMEHD;2026-10-05T12:00;1.5;9.5;40.0;23.9;0.0;;0.0;0.0;0.0;0.0;44.87;4.8599987;101.0;2026-10-04T19:15:00+02:00;2026-10-04T22:22:49+02:00;05e34ae3361f
2026-10-05;portes_les_valence;AROMEHD;2026-10-05T13:00;1.9;6.8;45.0;25.5;0.0;;0.0;0.0;0.0;0.0;44.87;4.8599987;101.0;2026-10-04T19:15:00+02:00;2026-10-04T22:22:49+02:00;05e34ae3361f
2026-10-05;portes_les_valence;AROMEHD;2026-10-05T14:00;3.5;11.1;19.0;26.8;0.0;;0.0;0.0;0.0;0.0;44.87;4.8599987;101.0;2026-10-04T19:15:00+02:00;2026-10-04T22:22:49+02:00;05e34ae3361f
2026-10-05;portes_les_valence;AROMEHD;2026-10-05T15:00;3.6;10.1;13.0;27.5;0.0;;0.0;0.0;100.0;100.0;44.87;4.8599987;101.0;2026-10-04T19:15:00+02:00;2026-10-04T22:22:49+02:00;05e34ae3361f
2026-10-05;portes_les_valence;AROMEHD;2026-10-05T16:00;3.1;9.9;356.0;27.8;0.0;;0.0;0.0;100.0;100.0;44.87;4.8599987;101.0;2026-10-04T19:15:00+02:00;2026-10-04T22:22:49+02:00;05e34ae3361f
2026-10-05;portes_les_valence;AROMEHD;2026-10-05T17:00;3.1;8.7;22.0;28.1;0.0;;0.0;0.0;100.0;100.0;44.87;4.8599987;101.0;2026-10-04T19:15:00+02:00;2026-10-04T22:22:49+02:00;05e34ae3361f
2026-10-05;portes_les_valence;AROMEHD;2026-10-05T18:00;6.5;11.9;69.0;27.6;0.0;;0.0;0.0;100.0;100.0;44.87;4.8599987;101.0;2026-10-04T19:15:00+02:00;2026-10-04T22:22:49+02:00;05e34ae3361f
2026-10-05;portes_les_valence;AROMEHD;2026-10-05T19:00;4.3;12.6;72.0;26.0;0.0;;0.0;0.0;100.0;100.0;44.87;4.8599987;101.0;2026-10-04T19:15:00+02:00;2026-10-04T22:22:49+02:00;05e34ae3361f
2026-10-05;portes_les_valence;AROMEHD;2026-10-05T20:00;2.2;7.2;350.0;24.0;0.0;;0.0;9.0;100.0;100.0;44.87;4.8599987;101.0;2026-10-04T19:15:00+02:00;2026-10-04T22:22:49+02:00;05e34ae3361f
2026-10-05;portes_les_valence;AROMEHD;2026-10-05T21:00;2.8;3.7;326.0;22.4;0.0;;0.0;0.0;99.0;99.0;44.87;4.8599987;101.0;2026-10-04T19:15:00+02:00;2026-10-04T22:22:49+02:00;05e34ae3361f
2026-10-05;portes_les_valence;AROMEHD;2026-10-05T22:00;0.9;3.9;243.0;21.4;0.0;;0.0;0.0;93.0;93.0;44.87;4.8599987;101.0;2026-10-04T19:15:00+02:00;2026-10-04T22:22:49+02:00;05e34ae3361f
2026-10-05;portes_les_valence;AROMEHD;2026-10-05T23:00;5.3;8.6;213.0;20.0;0.0;;0.0;0.0;0.0;0.0;44.87;4.8599987;101.0;2026-10-04T19:15:00+02:00;2026-10-04T22:22:49+02:00;05e34ae3361f
2026-10-05;portes_les_valence;AROMEHD;2026-10-06T00:00;4.9;9.5;198.0;19.4;0.0;;0.0;0.0;0.0;0.0;44.87;4.8599987;101.0;2026-10-04T19:15:00+02:00;2026-10-04T22:22:49+02:00;05e34ae3361f
2026-10-05;portes_les_valence;ICONCH1;2026-10-05T01:00;1.2;2.7;261.0;17.8;0.0;100.0;9.0;78.0;100.0;100.0;44.870667;4.8635864;103.0;2026-10-04T19:15:00+02:00;2026-10-04T22:22:49+02:00;05e34ae3361f
2026-10-05;portes_les_valence;ICONCH1;2026-10-05T02:00;0.5;1.9;315.0;17.1;0.0;78.0;0.0;74.0;22.0;78.0;44.870667;4.8635864;103.0;2026-10-04T19:15:00+02:00;2026-10-04T22:22:49+02:00;05e34ae3361f
2026-10-05;portes_les_valence;ICONCH1;2026-10-05T03:00;1.2;1.6;342.0;16.4;0.0;81.0;0.0;78.0;13.0;81.0;44.870667;4.8635864;103.0;2026-10-04T19:15:00+02:00;2026-10-04T22:22:49+02:00;05e34ae3361f
2026-10-05;portes_les_valence;ICONCH1;2026-10-05T04:00;3.1;4.7;4.0;15.9;0.0;69.0;0.0;56.0;31.0;69.0;44.870667;4.8635864;103.0;2026-10-04T19:15:00+02:00;2026-10-04T22:22:49+02:00;05e34ae3361f
2026-10-05;portes_les_valence;ICONCH1;2026-10-05T05:00;3.1;6.4;353.0;15.8;0.0;100.0;0.0;14.0;100.0;100.0;44.870667;4.8635864;103.0;2026-10-04T19:15:00+02:00;2026-10-04T22:22:49+02:00;05e34ae3361f
2026-10-05;portes_les_valence;ICONCH1;2026-10-05T06:00;1.9;5.1;323.0;15.3;0.0;100.0;0.0;5.0;100.0;100.0;44.870667;4.8635864;103.0;2026-10-04T19:15:00+02:00;2026-10-04T22:22:49+02:00;05e34ae3361f
2026-10-05;portes_les_valence;ICONCH1;2026-10-05T07:00;1.9;3.9;315.0;15.0;0.0;100.0;0.0;28.0;100.0;100.0;44.870667;4.8635864;103.0;2026-10-04T19:15:00+02:00;2026-10-04T22:22:49+02:00;05e34ae3361f
2026-10-05;portes_les_valence;ICONCH1;2026-10-05T08:00;0.8;2.9;14.0;14.7;0.0;0.0;0.0;0.0;0.0;0.0;44.870667;4.8635864;103.0;2026-10-04T19:15:00+02:00;2026-10-04T22:22:49+02:00;05e34ae3361f
2026-10-05;portes_les_valence;ICONCH1;2026-10-05T09:00;2.6;4.5;9.0;15.7;0.0;0.0;0.0;0.0;0.0;0.0;44.870667;4.8635864;103.0;2026-10-04T19:15:00+02:00;2026-10-04T22:22:49+02:00;05e34ae3361f
2026-10-05;portes_les_valence;ICONCH1;2026-10-05T10:00;1.7;5.1;27.0;17.1;0.0;0.0;0.0;0.0;0.0;0.0;44.870667;4.8635864;103.0;2026-10-04T19:15:00+02:00;2026-10-04T22:22:49+02:00;05e34ae3361f
2026-10-05;portes_les_valence;ICONCH1;2026-10-05T11:00;1.5;4.1;40.0;19.3;0.0;0.0;0.0;0.0;0.0;0.0;44.870667;4.8635864;103.0;2026-10-04T19:15:00+02:00;2026-10-04T22:22:49+02:00;05e34ae3361f
2026-10-05;portes_les_valence;ICONCH1;2026-10-05T12:00;2.4;4.7;29.0;21.3;0.0;0.0;0.0;0.0;0.0;0.0;44.870667;4.8635864;103.0;2026-10-04T19:15:00+02:00;2026-10-04T22:22:49+02:00;05e34ae3361f
2026-10-05;portes_les_valence;ICONCH1;2026-10-05T13:00;3.5;6.2;19.0;23.3;0.0;0.0;0.0;0.0;0.0;0.0;44.870667;4.8635864;103.0;2026-10-04T19:15:00+02:00;2026-10-04T22:22:49+02:00;05e34ae3361f
2026-10-05;portes_les_valence;ICONCH1;2026-10-05T14:00;2.8;6.4;25.0;24.8;0.0;0.0;0.0;0.0;0.0;0.0;44.870667;4.8635864;103.0;2026-10-04T19:15:00+02:00;2026-10-04T22:22:49+02:00;05e34ae3361f
2026-10-05;portes_les_valence;ICONCH1;2026-10-05T15:00;2.4;5.4;35.0;25.7;0.0;0.0;0.0;0.0;0.0;0.0;44.870667;4.8635864;103.0;2026-10-04T19:15:00+02:00;2026-10-04T22:22:49+02:00;05e34ae3361f
2026-10-05;portes_les_valence;ICONCH1;2026-10-05T16:00;1.8;4.5;6.0;26.0;0.0;0.0;0.0;0.0;0.0;0.0;44.870667;4.8635864;103.0;2026-10-04T19:15:00+02:00;2026-10-04T22:22:49+02:00;05e34ae3361f
2026-10-05;portes_les_valence;ICONCH1;2026-10-05T17:00;1.9;4.3;360.0;26.1;0.0;0.0;0.0;0.0;0.0;0.0;44.870667;4.8635864;103.0;2026-10-04T19:15:00+02:00;2026-10-04T22:22:49+02:00;05e34ae3361f
2026-10-05;portes_les_valence;ICONCH1;2026-10-05T18:00;1.6;3.5;330.0;25.4;0.0;0.0;0.0;0.0;0.0;0.0;44.870667;4.8635864;103.0;2026-10-04T19:15:00+02:00;2026-10-04T22:22:49+02:00;05e34ae3361f
2026-10-05;portes_les_valence;ICONCH1;2026-10-05T19:00;3.7;5.4;295.0;22.6;0.0;0.0;0.0;0.0;0.0;0.0;44.870667;4.8635864;103.0;2026-10-04T19:15:00+02:00;2026-10-04T22:22:49+02:00;05e34ae3361f
2026-10-05;portes_les_valence;ICONCH1;2026-10-05T20:00;3.3;5.8;310.0;19.5;0.0;0.0;0.0;0.0;0.0;0.0;44.870667;4.8635864;103.0;2026-10-04T19:15:00+02:00;2026-10-04T22:22:49+02:00;05e34ae3361f
2026-10-05;portes_les_valence;ICONCH1;2026-10-05T21:00;1.0;5.2;270.0;17.6;0.0;0.0;0.0;0.0;0.0;0.0;44.870667;4.8635864;103.0;2026-10-04T19:15:00+02:00;2026-10-04T22:22:49+02:00;05e34ae3361f
2026-10-05;portes_les_valence;ICONCH1;2026-10-05T22:00;0.6;1.6;198.0;18.5;0.0;83.0;0.0;0.0;83.0;83.0;44.870667;4.8635864;103.0;2026-10-04T19:15:00+02:00;2026-10-04T22:22:49+02:00;05e34ae3361f
2026-10-05;portes_les_valence;ICONCH1;2026-10-05T23:00;1.9;2.9;180.0;16.7;0.0;79.0;0.0;0.0;79.0;79.0;44.870667;4.8635864;103.0;2026-10-04T19:15:00+02:00;2026-10-04T22:22:49+02:00;05e34ae3361f
2026-10-05;portes_les_valence;ICONCH1;2026-10-06T00:00;2.4;3.7;194.0;16.6;0.0;0.0;0.0;0.0;0.0;0.0;44.870667;4.8635864;103.0;2026-10-04T19:15:00+02:00;2026-10-04T22:22:49+02:00;05e34ae3361f
2026-10-05;roche_de_glun;AROMEHD;2026-10-05T01:00;1.4;2.3;164.0;17.8;0.0;;0.0;0.0;100.0;100.0;45.03;4.84;116.0;2026-10-04T19:15:00+02:00;2026-10-04T22:22:49+02:00;05e34ae3361f
2026-10-05;roche_de_glun;AROMEHD;2026-10-05T02:00;0.3;1.6;225.0;17.1;0.0;;0.0;0.0;100.0;100.0;45.03;4.84;116.0;2026-10-04T19:15:00+02:00;2026-10-04T22:22:49+02:00;05e34ae3361f
2026-10-05;roche_de_glun;AROMEHD;2026-10-05T03:00;1.2;1.6;198.0;16.9;0.0;;0.0;0.0;100.0;100.0;45.03;4.84;116.0;2026-10-04T19:15:00+02:00;2026-10-04T22:22:49+02:00;05e34ae3361f
2026-10-05;roche_de_glun;AROMEHD;2026-10-05T04:00;0.9;1.6;243.0;16.5;0.0;;0.0;0.0;47.0;47.0;45.03;4.84;116.0;2026-10-04T19:15:00+02:00;2026-10-04T22:22:49+02:00;05e34ae3361f
2026-10-05;roche_de_glun;AROMEHD;2026-10-05T05:00;0.0;1.6;270.0;15.7;0.0;;0.0;0.0;0.0;0.0;45.03;4.84;116.0;2026-10-04T19:15:00+02:00;2026-10-04T22:22:49+02:00;05e34ae3361f
2026-10-05;roche_de_glun;AROMEHD;2026-10-05T06:00;1.8;1.6;328.0;15.1;0.0;;0.0;0.0;0.0;0.0;45.03;4.84;116.0;2026-10-04T19:15:00+02:00;2026-10-04T22:22:49+02:00;05e34ae3361f
2026-10-05;roche_de_glun;AROMEHD;2026-10-05T07:00;1.0;1.6;259.0;15.0;0.0;;0.0;0.0;0.0;0.0;45.03;4.84;116.0;2026-10-04T19:15:00+02:00;2026-10-04T22:22:49+02:00;05e34ae3361f
2026-10-05;roche_de_glun;AROMEHD;2026-10-05T08:00;0.6;1.2;180.0;14.5;0.0;;0.0;0.0;0.0;0.0;45.03;4.84;116.0;2026-10-04T19:15:00+02:00;2026-10-04T22:22:49+02:00;05e34ae3361f
2026-10-05;roche_de_glun;AROMEHD;2026-10-05T09:00;0.8;0.8;135.0;15.6;0.0;;0.0;0.0;0.0;0.0;45.03;4.84;116.0;2026-10-04T19:15:00+02:00;2026-10-04T22:22:49+02:00;05e34ae3361f
2026-10-05;roche_de_glun;AROMEHD;2026-10-05T10:00;1.4;3.7;34.0;19.1;0.0;;0.0;0.0;0.0;0.0;45.03;4.84;116.0;2026-10-04T19:15:00+02:00;2026-10-04T22:22:49+02:00;05e34ae3361f
2026-10-05;roche_de_glun;AROMEHD;2026-10-05T11:00;2.5;7.0;39.0;22.0;0.0;;0.0;0.0;0.0;0.0;45.03;4.84;116.0;2026-10-04T19:15:00+02:00;2026-10-04T22:22:49+02:00;05e34ae3361f
2026-10-05;roche_de_glun;AROMEHD;2026-10-05T12:00;2.6;8.6;27.0;24.0;0.0;;0.0;0.0;0.0;0.0;45.03;4.84;116.0;2026-10-04T19:15:00+02:00;2026-10-04T22:22:49+02:00;05e34ae3361f
2026-10-05;roche_de_glun;AROMEHD;2026-10-05T13:00;2.6;9.1;27.0;25.7;0.0;;0.0;0.0;0.0;0.0;45.03;4.84;116.0;2026-10-04T19:15:00+02:00;2026-10-04T22:22:49+02:00;05e34ae3361f
2026-10-05;roche_de_glun;AROMEHD;2026-10-05T14:00;3.1;10.7;4.0;26.8;0.0;;0.0;0.0;0.0;0.0;45.03;4.84;116.0;2026-10-04T19:15:00+02:00;2026-10-04T22:22:49+02:00;05e34ae3361f
2026-10-05;roche_de_glun;AROMEHD;2026-10-05T15:00;2.9;10.1;352.0;27.7;0.0;;0.0;0.0;68.0;68.0;45.03;4.84;116.0;2026-10-04T19:15:00+02:00;2026-10-04T22:22:49+02:00;05e34ae3361f
2026-10-05;roche_de_glun;AROMEHD;2026-10-05T16:00;2.5;10.3;342.0;28.0;0.0;;0.0;0.0;100.0;100.0;45.03;4.84;116.0;2026-10-04T19:15:00+02:00;2026-10-04T22:22:49+02:00;05e34ae3361f
2026-10-05;roche_de_glun;AROMEHD;2026-10-05T17:00;3.2;8.9;322.0;28.1;0.0;;3.0;1.0;100.0;100.0;45.03;4.84;116.0;2026-10-04T19:15:00+02:00;2026-10-04T22:22:49+02:00;05e34ae3361f
2026-10-05;roche_de_glun;AROMEHD;2026-10-05T18:00;2.8;9.5;51.0;27.7;0.0;;4.0;0.0;100.0;100.0;45.03;4.84;116.0;2026-10-04T19:15:00+02:00;2026-10-04T22:22:49+02:00;05e34ae3361f
2026-10-05;roche_de_glun;AROMEHD;2026-10-05T19:00;2.2;6.8;75.0;26.0;0.0;;0.0;0.0;100.0;100.0;45.03;4.84;116.0;2026-10-04T19:15:00+02:00;2026-10-04T22:22:49+02:00;05e34ae3361f
2026-10-05;roche_de_glun;AROMEHD;2026-10-05T20:00;0.7;4.5;304.0;23.5;0.0;;0.0;0.0;100.0;100.0;45.03;4.84;116.0;2026-10-04T19:15:00+02:00;2026-10-04T22:22:49+02:00;05e34ae3361f
2026-10-05;roche_de_glun;AROMEHD;2026-10-05T21:00;1.4;1.7;262.0;21.6;0.0;;0.0;0.0;100.0;100.0;45.03;4.84;116.0;2026-10-04T19:15:00+02:00;2026-10-04T22:22:49+02:00;05e34ae3361f
2026-10-05;roche_de_glun;AROMEHD;2026-10-05T22:00;2.0;3.3;281.0;20.6;0.0;;0.0;0.0;100.0;100.0;45.03;4.84;116.0;2026-10-04T19:15:00+02:00;2026-10-04T22:22:49+02:00;05e34ae3361f
2026-10-05;roche_de_glun;AROMEHD;2026-10-05T23:00;0.4;3.3;333.0;19.8;0.0;;0.0;0.0;0.0;0.0;45.03;4.84;116.0;2026-10-04T19:15:00+02:00;2026-10-04T22:22:49+02:00;05e34ae3361f
2026-10-05;roche_de_glun;AROMEHD;2026-10-06T00:00;0.5;6.8;315.0;18.5;0.0;;0.0;0.0;0.0;0.0;45.03;4.84;116.0;2026-10-04T19:15:00+02:00;2026-10-04T22:22:49+02:00;05e34ae3361f
2026-10-05;roche_de_glun;ICONCH1;2026-10-05T01:00;1.2;1.6;360.0;18.3;0.0;100.0;41.0;71.0;100.0;100.0;45.020344;4.8496704;118.0;2026-10-04T19:15:00+02:00;2026-10-04T22:22:49+02:00;05e34ae3361f
2026-10-05;roche_de_glun;ICONCH1;2026-10-05T02:00;1.0;1.6;101.0;17.4;0.0;69.0;0.0;68.0;7.0;69.0;45.020344;4.8496704;118.0;2026-10-04T19:15:00+02:00;2026-10-04T22:22:49+02:00;05e34ae3361f
2026-10-05;roche_de_glun;ICONCH1;2026-10-05T03:00;1.0;1.6;53.0;16.6;0.0;68.0;0.0;65.0;9.0;68.0;45.020344;4.8496704;118.0;2026-10-04T19:15:00+02:00;2026-10-04T22:22:49+02:00;05e34ae3361f
2026-10-05;roche_de_glun;ICONCH1;2026-10-05T04:00;2.0;4.5;17.0;16.0;0.0;95.0;0.0;35.0;89.0;95.0;45.020344;4.8496704;118.0;2026-10-04T19:15:00+02:00;2026-10-04T22:22:49+02:00;05e34ae3361f
2026-10-05;roche_de_glun;ICONCH1;2026-10-05T05:00;1.3;3.7;63.0;15.2;0.0;100.0;0.0;0.0;100.0;100.0;45.020344;4.8496704;118.0;2026-10-04T19:15:00+02:00;2026-10-04T22:22:49+02:00;05e34ae3361f
2026-10-05;roche_de_glun;ICONCH1;2026-10-05T06:00;2.5;4.5;32.0;14.4;0.0;0.0;0.0;0.0;0.0;0.0;45.020344;4.8496704;118.0;2026-10-04T19:15:00+02:00;2026-10-04T22:22:49+02:00;05e34ae3361f
2026-10-05;roche_de_glun;ICONCH1;2026-10-05T07:00;1.6;3.9;83.0;14.1;0.0;29.0;0.0;27.0;2.0;29.0;45.020344;4.8496704;118.0;2026-10-04T19:15:00+02:00;2026-10-04T22:22:49+02:00;05e34ae3361f
2026-10-05;roche_de_glun;ICONCH1;2026-10-05T08:00;1.7;3.1;54.0;14.0;0.0;4.0;0.0;4.0;0.0;4.0;45.020344;4.8496704;118.0;2026-10-04T19:15:00+02:00;2026-10-04T22:22:49+02:00;05e34ae3361f
2026-10-05;roche_de_glun;ICONCH1;2026-10-05T09:00;0.8;4.1;76.0;15.3;0.0;0.0;0.0;0.0;0.0;0.0;45.020344;4.8496704;118.0;2026-10-04T19:15:00+02:00;2026-10-04T22:22:49+02:00;05e34ae3361f
2026-10-05;roche_de_glun;ICONCH1;2026-10-05T10:00;2.0;3.5;17.0;18.2;0.0;9.0;0.0;9.0;0.0;9.0;45.020344;4.8496704;118.0;2026-10-04T19:15:00+02:00;2026-10-04T22:22:49+02:00;05e34ae3361f
2026-10-05;roche_de_glun;ICONCH1;2026-10-05T11:00;1.9;3.7;24.0;20.6;0.0;0.0;0.0;0.0;0.0;0.0;45.020344;4.8496704;118.0;2026-10-04T19:15:00+02:00;2026-10-04T22:22:49+02:00;05e34ae3361f
2026-10-05;roche_de_glun;ICONCH1;2026-10-05T12:00;3.1;5.4;7.0;22.4;0.0;0.0;0.0;0.0;0.0;0.0;45.020344;4.8496704;118.0;2026-10-04T19:15:00+02:00;2026-10-04T22:22:49+02:00;05e34ae3361f
2026-10-05;roche_de_glun;ICONCH1;2026-10-05T13:00;3.3;6.2;360.0;23.9;0.0;0.0;0.0;0.0;0.0;0.0;45.020344;4.8496704;118.0;2026-10-04T19:15:00+02:00;2026-10-04T22:22:49+02:00;05e34ae3361f
2026-10-05;roche_de_glun;ICONCH1;2026-10-05T14:00;3.3;6.4;357.0;25.1;0.0;3.0;0.0;0.0;3.0;3.0;45.020344;4.8496704;118.0;2026-10-04T19:15:00+02:00;2026-10-04T22:22:49+02:00;05e34ae3361f
2026-10-05;roche_de_glun;ICONCH1;2026-10-05T15:00;2.5;5.8;360.0;25.9;0.0;0.0;0.0;0.0;0.0;0.0;45.020344;4.8496704;118.0;2026-10-04T19:15:00+02:00;2026-10-04T22:22:49+02:00;05e34ae3361f
2026-10-05;roche_de_glun;ICONCH1;2026-10-05T16:00;2.6;4.7;13.0;26.3;0.0;0.0;0.0;0.0;0.0;0.0;45.020344;4.8496704;118.0;2026-10-04T19:15:00+02:00;2026-10-04T22:22:49+02:00;05e34ae3361f
2026-10-05;roche_de_glun;ICONCH1;2026-10-05T17:00;2.7;4.7;4.0;26.2;0.0;0.0;0.0;0.0;0.0;0.0;45.020344;4.8496704;118.0;2026-10-04T19:15:00+02:00;2026-10-04T22:22:49+02:00;05e34ae3361f
2026-10-05;roche_de_glun;ICONCH1;2026-10-05T18:00;1.0;4.7;323.0;25.6;0.0;0.0;0.0;0.0;0.0;0.0;45.020344;4.8496704;118.0;2026-10-04T19:15:00+02:00;2026-10-04T22:22:49+02:00;05e34ae3361f
2026-10-05;roche_de_glun;ICONCH1;2026-10-05T19:00;2.8;4.5;254.0;22.6;0.0;0.0;0.0;0.0;0.0;0.0;45.020344;4.8496704;118.0;2026-10-04T19:15:00+02:00;2026-10-04T22:22:49+02:00;05e34ae3361f
2026-10-05;roche_de_glun;ICONCH1;2026-10-05T20:00;2.0;4.5;287.0;20.5;0.0;0.0;0.0;0.0;0.0;0.0;45.020344;4.8496704;118.0;2026-10-04T19:15:00+02:00;2026-10-04T22:22:49+02:00;05e34ae3361f
2026-10-05;roche_de_glun;ICONCH1;2026-10-05T21:00;0.6;2.9;360.0;18.8;0.0;0.0;0.0;0.0;0.0;0.0;45.020344;4.8496704;118.0;2026-10-04T19:15:00+02:00;2026-10-04T22:22:49+02:00;05e34ae3361f
2026-10-05;roche_de_glun;ICONCH1;2026-10-05T22:00;2.4;3.7;125.0;17.0;0.0;0.0;0.0;0.0;0.0;0.0;45.020344;4.8496704;118.0;2026-10-04T19:15:00+02:00;2026-10-04T22:22:49+02:00;05e34ae3361f
2026-10-05;roche_de_glun;ICONCH1;2026-10-05T23:00;0.8;3.7;104.0;16.6;0.0;0.0;0.0;0.0;0.0;0.0;45.020344;4.8496704;118.0;2026-10-04T19:15:00+02:00;2026-10-04T22:22:49+02:00;05e34ae3361f
2026-10-05;roche_de_glun;ICONCH1;2026-10-06T00:00;2.1;3.5;112.0;16.0;0.0;7.0;7.0;0.0;0.0;7.0;45.020344;4.8496704;118.0;2026-10-04T19:15:00+02:00;2026-10-04T22:22:49+02:00;05e34ae3361f
2026-10-05;st_alban_du_rhone;AROMEHD;2026-10-05T01:00;1.2;0.6;279.0;17.2;0.0;;0.0;0.0;36.0;36.0;45.39;4.76;140.0;2026-10-04T19:15:00+02:00;2026-10-04T22:22:49+02:00;05e34ae3361f
2026-10-05;st_alban_du_rhone;AROMEHD;2026-10-05T02:00;0.6;2.5;270.0;16.7;0.0;;0.0;0.0;99.0;99.0;45.39;4.76;140.0;2026-10-04T19:15:00+02:00;2026-10-04T22:22:49+02:00;05e34ae3361f
2026-10-05;st_alban_du_rhone;AROMEHD;2026-10-05T03:00;1.2;1.4;321.0;16.2;0.0;;0.0;0.0;12.0;12.0;45.39;4.76;140.0;2026-10-04T19:15:00+02:00;2026-10-04T22:22:49+02:00;05e34ae3361f
2026-10-05;st_alban_du_rhone;AROMEHD;2026-10-05T04:00;1.1;1.6;301.0;16.0;0.0;;0.0;0.0;0.0;0.0;45.39;4.76;140.0;2026-10-04T19:15:00+02:00;2026-10-04T22:22:49+02:00;05e34ae3361f
2026-10-05;st_alban_du_rhone;AROMEHD;2026-10-05T05:00;1.2;1.0;171.0;15.2;0.0;;0.0;0.0;1.0;1.0;45.39;4.76;140.0;2026-10-04T19:15:00+02:00;2026-10-04T22:22:49+02:00;05e34ae3361f
2026-10-05;st_alban_du_rhone;AROMEHD;2026-10-05T06:00;1.3;1.4;243.0;14.9;0.0;;0.0;0.0;0.0;0.0;45.39;4.76;140.0;2026-10-04T19:15:00+02:00;2026-10-04T22:22:49+02:00;05e34ae3361f
2026-10-05;st_alban_du_rhone;AROMEHD;2026-10-05T07:00;0.2;1.4;360.0;14.3;0.0;;0.0;0.0;0.0;0.0;45.39;4.76;140.0;2026-10-04T19:15:00+02:00;2026-10-04T22:22:49+02:00;05e34ae3361f
2026-10-05;st_alban_du_rhone;AROMEHD;2026-10-05T08:00;0.6;1.0;18.0;14.3;0.0;;0.0;0.0;0.0;0.0;45.39;4.76;140.0;2026-10-04T19:15:00+02:00;2026-10-04T22:22:49+02:00;05e34ae3361f
2026-10-05;st_alban_du_rhone;AROMEHD;2026-10-05T09:00;0.3;0.6;135.0;15.5;0.0;;0.0;0.0;0.0;0.0;45.39;4.76;140.0;2026-10-04T19:15:00+02:00;2026-10-04T22:22:49+02:00;05e34ae3361f
2026-10-05;st_alban_du_rhone;AROMEHD;2026-10-05T10:00;0.8;2.5;135.0;17.5;0.0;;0.0;0.0;0.0;0.0;45.39;4.76;140.0;2026-10-04T19:15:00+02:00;2026-10-04T22:22:49+02:00;05e34ae3361f
2026-10-05;st_alban_du_rhone;AROMEHD;2026-10-05T11:00;0.2;1.9;360.0;19.9;0.0;;0.0;0.0;0.0;0.0;45.39;4.76;140.0;2026-10-04T19:15:00+02:00;2026-10-04T22:22:49+02:00;05e34ae3361f
2026-10-05;st_alban_du_rhone;AROMEHD;2026-10-05T12:00;0.6;3.3;270.0;22.1;0.0;;0.0;0.0;0.0;0.0;45.39;4.76;140.0;2026-10-04T19:15:00+02:00;2026-10-04T22:22:49+02:00;05e34ae3361f
2026-10-05;st_alban_du_rhone;AROMEHD;2026-10-05T13:00;0.6;3.7;288.0;23.7;0.0;;0.0;0.0;0.0;0.0;45.39;4.76;140.0;2026-10-04T19:15:00+02:00;2026-10-04T22:22:49+02:00;05e34ae3361f
2026-10-05;st_alban_du_rhone;AROMEHD;2026-10-05T14:00;1.7;7.6;27.0;25.3;0.0;;0.0;0.0;100.0;100.0;45.39;4.76;140.0;2026-10-04T19:15:00+02:00;2026-10-04T22:22:49+02:00;05e34ae3361f
2026-10-05;st_alban_du_rhone;AROMEHD;2026-10-05T15:00;5.1;12.1;29.0;26.5;0.0;;0.0;0.0;87.0;87.0;45.39;4.76;140.0;2026-10-04T19:15:00+02:00;2026-10-04T22:22:49+02:00;05e34ae3361f
2026-10-05;st_alban_du_rhone;AROMEHD;2026-10-05T16:00;5.1;12.1;43.0;26.6;0.0;;0.0;0.0;100.0;100.0;45.39;4.76;140.0;2026-10-04T19:15:00+02:00;2026-10-04T22:22:49+02:00;05e34ae3361f
2026-10-05;st_alban_du_rhone;AROMEHD;2026-10-05T17:00;4.7;11.5;38.0;26.6;0.0;;0.0;0.0;100.0;100.0;45.39;4.76;140.0;2026-10-04T19:15:00+02:00;2026-10-04T22:22:49+02:00;05e34ae3361f
2026-10-05;st_alban_du_rhone;AROMEHD;2026-10-05T18:00;5.1;10.5;23.0;26.2;0.0;;0.0;0.0;100.0;100.0;45.39;4.76;140.0;2026-10-04T19:15:00+02:00;2026-10-04T22:22:49+02:00;05e34ae3361f
2026-10-05;st_alban_du_rhone;AROMEHD;2026-10-05T19:00;4.3;9.7;18.0;25.1;0.0;;0.0;0.0;100.0;100.0;45.39;4.76;140.0;2026-10-04T19:15:00+02:00;2026-10-04T22:22:49+02:00;05e34ae3361f
2026-10-05;st_alban_du_rhone;AROMEHD;2026-10-05T20:00;2.6;7.0;343.0;22.9;0.0;;0.0;0.0;100.0;100.0;45.39;4.76;140.0;2026-10-04T19:15:00+02:00;2026-10-04T22:22:49+02:00;05e34ae3361f
2026-10-05;st_alban_du_rhone;AROMEHD;2026-10-05T21:00;3.2;4.7;303.0;21.3;0.0;;0.0;0.0;99.0;99.0;45.39;4.76;140.0;2026-10-04T19:15:00+02:00;2026-10-04T22:22:49+02:00;05e34ae3361f
2026-10-05;st_alban_du_rhone;AROMEHD;2026-10-05T22:00;2.4;4.7;331.0;20.2;0.0;;0.0;0.0;3.0;3.0;45.39;4.76;140.0;2026-10-04T19:15:00+02:00;2026-10-04T22:22:49+02:00;05e34ae3361f
2026-10-05;st_alban_du_rhone;AROMEHD;2026-10-05T23:00;1.4;3.1;344.0;18.9;0.0;;0.0;0.0;0.0;0.0;45.39;4.76;140.0;2026-10-04T19:15:00+02:00;2026-10-04T22:22:49+02:00;05e34ae3361f
2026-10-05;st_alban_du_rhone;AROMEHD;2026-10-06T00:00;0.2;1.7;90.0;18.0;0.0;;0.0;0.0;0.0;0.0;45.39;4.76;140.0;2026-10-04T19:15:00+02:00;2026-10-04T22:22:49+02:00;05e34ae3361f
2026-10-05;st_alban_du_rhone;ICONCH1;2026-10-05T01:00;1.8;3.7;229.0;17.4;0.0;100.0;0.0;12.0;100.0;100.0;45.386887;4.758301;141.0;2026-10-04T19:15:00+02:00;2026-10-04T22:22:49+02:00;05e34ae3361f
2026-10-05;st_alban_du_rhone;ICONCH1;2026-10-05T02:00;1.6;2.5;284.0;16.8;0.0;73.0;0.0;5.0;69.0;73.0;45.386887;4.758301;141.0;2026-10-04T19:15:00+02:00;2026-10-04T22:22:49+02:00;05e34ae3361f
2026-10-05;st_alban_du_rhone;ICONCH1;2026-10-05T03:00;2.3;3.9;312.0;16.1;0.0;80.0;12.0;33.0;56.0;80.0;45.386887;4.758301;141.0;2026-10-04T19:15:00+02:00;2026-10-04T22:22:49+02:00;05e34ae3361f
2026-10-05;st_alban_du_rhone;ICONCH1;2026-10-05T04:00;1.7;4.5;234.0;16.2;0.0;60.0;0.0;60.0;0.0;60.0;45.386887;4.758301;141.0;2026-10-04T19:15:00+02:00;2026-10-04T22:22:49+02:00;05e34ae3361f
2026-10-05;st_alban_du_rhone;ICONCH1;2026-10-05T05:00;1.8;2.5;257.0;16.1;0.0;46.0;0.0;46.0;0.0;46.0;45.386887;4.758301;141.0;2026-10-04T19:15:00+02:00;2026-10-04T22:22:49+02:00;05e34ae3361f
2026-10-05;st_alban_du_rhone;ICONCH1;2026-10-05T06:00;2.4;3.7;351.0;15.4;0.0;16.0;0.0;16.0;0.0;16.0;45.386887;4.758301;141.0;2026-10-04T19:15:00+02:00;2026-10-04T22:22:49+02:00;05e34ae3361f
2026-10-05;st_alban_du_rhone;ICONCH1;2026-10-05T07:00;0.6;3.7;342.0;15.5;0.0;40.0;0.0;40.0;0.0;40.0;45.386887;4.758301;141.0;2026-10-04T19:15:00+02:00;2026-10-04T22:22:49+02:00;05e34ae3361f
2026-10-05;st_alban_du_rhone;ICONCH1;2026-10-05T08:00;1.4;3.1;326.0;14.6;0.0;42.0;0.0;42.0;0.0;42.0;45.386887;4.758301;141.0;2026-10-04T19:15:00+02:00;2026-10-04T22:22:49+02:00;05e34ae3361f
2026-10-05;st_alban_du_rhone;ICONCH1;2026-10-05T09:00;0.2;2.7;90.0;15.4;0.0;31.0;0.0;31.0;0.0;31.0;45.386887;4.758301;141.0;2026-10-04T19:15:00+02:00;2026-10-04T22:22:49+02:00;05e34ae3361f
2026-10-05;st_alban_du_rhone;ICONCH1;2026-10-05T10:00;1.5;3.3;40.0;17.4;0.0;0.0;0.0;0.0;0.0;0.0;45.386887;4.758301;141.0;2026-10-04T19:15:00+02:00;2026-10-04T22:22:49+02:00;05e34ae3361f
2026-10-05;st_alban_du_rhone;ICONCH1;2026-10-05T11:00;1.6;3.7;353.0;19.9;0.0;29.0;0.0;0.0;29.0;29.0;45.386887;4.758301;141.0;2026-10-04T19:15:00+02:00;2026-10-04T22:22:49+02:00;05e34ae3361f
2026-10-05;st_alban_du_rhone;ICONCH1;2026-10-05T12:00;2.0;4.5;6.0;22.1;0.0;1.0;0.0;0.0;1.0;1.0;45.386887;4.758301;141.0;2026-10-04T19:15:00+02:00;2026-10-04T22:22:49+02:00;05e34ae3361f
2026-10-05;st_alban_du_rhone;ICONCH1;2026-10-05T13:00;1.2;4.7;360.0;23.9;0.0;0.0;0.0;0.0;0.0;0.0;45.386887;4.758301;141.0;2026-10-04T19:15:00+02:00;2026-10-04T22:22:49+02:00;05e34ae3361f
2026-10-05;st_alban_du_rhone;ICONCH1;2026-10-05T14:00;1.2;3.3;351.0;25.3;0.0;0.0;0.0;0.0;0.0;0.0;45.386887;4.758301;141.0;2026-10-04T19:15:00+02:00;2026-10-04T22:22:49+02:00;05e34ae3361f
2026-10-05;st_alban_du_rhone;ICONCH1;2026-10-05T15:00;2.8;5.6;309.0;26.0;0.0;0.0;0.0;0.0;0.0;0.0;45.386887;4.758301;141.0;2026-10-04T19:15:00+02:00;2026-10-04T22:22:49+02:00;05e34ae3361f
2026-10-05;st_alban_du_rhone;ICONCH1;2026-10-05T16:00;4.0;7.2;317.0;26.3;0.0;0.0;0.0;0.0;0.0;0.0;45.386887;4.758301;141.0;2026-10-04T19:15:00+02:00;2026-10-04T22:22:49+02:00;05e34ae3361f
2026-10-05;st_alban_du_rhone;ICONCH1;2026-10-05T17:00;5.0;8.4;324.0;26.3;0.0;19.0;12.0;0.0;7.0;19.0;45.386887;4.758301;141.0;2026-10-04T19:15:00+02:00;2026-10-04T22:22:49+02:00;05e34ae3361f
2026-10-05;st_alban_du_rhone;ICONCH1;2026-10-05T18:00;4.6;8.4;338.0;26.0;0.0;0.0;0.0;0.0;0.0;0.0;45.386887;4.758301;141.0;2026-10-04T19:15:00+02:00;2026-10-04T22:22:49+02:00;05e34ae3361f
2026-10-05;st_alban_du_rhone;ICONCH1;2026-10-05T19:00;5.7;8.9;278.0;22.9;0.0;0.0;0.0;0.0;0.0;0.0;45.386887;4.758301;141.0;2026-10-04T19:15:00+02:00;2026-10-04T22:22:49+02:00;05e34ae3361f
2026-10-05;st_alban_du_rhone;ICONCH1;2026-10-05T20:00;4.7;8.9;263.0;19.8;0.0;0.0;0.0;0.0;0.0;0.0;45.386887;4.758301;141.0;2026-10-04T19:15:00+02:00;2026-10-04T22:22:49+02:00;05e34ae3361f
2026-10-05;st_alban_du_rhone;ICONCH1;2026-10-05T21:00;3.1;7.2;252.0;17.8;0.0;0.0;0.0;0.0;0.0;0.0;45.386887;4.758301;141.0;2026-10-04T19:15:00+02:00;2026-10-04T22:22:49+02:00;05e34ae3361f
2026-10-05;st_alban_du_rhone;ICONCH1;2026-10-05T22:00;2.3;4.9;246.0;17.2;0.0;0.0;0.0;0.0;0.0;0.0;45.386887;4.758301;141.0;2026-10-04T19:15:00+02:00;2026-10-04T22:22:49+02:00;05e34ae3361f
2026-10-05;st_alban_du_rhone;ICONCH1;2026-10-05T23:00;1.9;3.5;270.0;17.7;0.0;0.0;0.0;0.0;0.0;0.0;45.386887;4.758301;141.0;2026-10-04T19:15:00+02:00;2026-10-04T22:22:49+02:00;05e34ae3361f
2026-10-05;st_alban_du_rhone;ICONCH1;2026-10-06T00:00;1.7;3.5;234.0;17.1;0.0;0.0;0.0;0.0;0.0;0.0;45.386887;4.758301;141.0;2026-10-04T19:15:00+02:00;2026-10-04T22:22:49+02:00;05e34ae3361f
2026-10-05;st_cyr_sur_le_rhone;AROMEHD;2026-10-05T01:00;1.0;1.2;37.0;17.6;0.0;;0.0;11.0;35.0;35.0;45.510002;4.8500004;190.0;2026-10-04T19:15:00+02:00;2026-10-04T22:22:49+02:00;05e34ae3361f
2026-10-05;st_cyr_sur_le_rhone;AROMEHD;2026-10-05T02:00;2.2;3.1;27.0;17.0;0.0;;0.0;0.0;88.0;88.0;45.510002;4.8500004;190.0;2026-10-04T19:15:00+02:00;2026-10-04T22:22:49+02:00;05e34ae3361f
2026-10-05;st_cyr_sur_le_rhone;AROMEHD;2026-10-05T03:00;1.8;3.3;41.0;16.6;0.0;;0.0;0.0;33.0;33.0;45.510002;4.8500004;190.0;2026-10-04T19:15:00+02:00;2026-10-04T22:22:49+02:00;05e34ae3361f
2026-10-05;st_cyr_sur_le_rhone;AROMEHD;2026-10-05T04:00;1.9;3.3;45.0;16.2;0.0;;0.0;0.0;0.0;0.0;45.510002;4.8500004;190.0;2026-10-04T19:15:00+02:00;2026-10-04T22:22:49+02:00;05e34ae3361f
2026-10-05;st_cyr_sur_le_rhone;AROMEHD;2026-10-05T05:00;1.4;2.3;16.0;15.6;0.0;;0.0;0.0;99.0;99.0;45.510002;4.8500004;190.0;2026-10-04T19:15:00+02:00;2026-10-04T22:22:49+02:00;05e34ae3361f
2026-10-05;st_cyr_sur_le_rhone;AROMEHD;2026-10-05T06:00;1.1;1.6;31.0;15.2;0.0;;0.0;0.0;0.0;0.0;45.510002;4.8500004;190.0;2026-10-04T19:15:00+02:00;2026-10-04T22:22:49+02:00;05e34ae3361f
2026-10-05;st_cyr_sur_le_rhone;AROMEHD;2026-10-05T07:00;2.1;2.3;22.0;14.7;0.0;;0.0;0.0;0.0;0.0;45.510002;4.8500004;190.0;2026-10-04T19:15:00+02:00;2026-10-04T22:22:49+02:00;05e34ae3361f
2026-10-05;st_cyr_sur_le_rhone;AROMEHD;2026-10-05T08:00;1.4;3.5;34.0;14.7;0.0;;0.0;0.0;0.0;0.0;45.510002;4.8500004;190.0;2026-10-04T19:15:00+02:00;2026-10-04T22:22:49+02:00;05e34ae3361f
2026-10-05;st_cyr_sur_le_rhone;AROMEHD;2026-10-05T09:00;1.6;2.7;30.0;16.0;0.0;;0.0;0.0;0.0;0.0;45.510002;4.8500004;190.0;2026-10-04T19:15:00+02:00;2026-10-04T22:22:49+02:00;05e34ae3361f
2026-10-05;st_cyr_sur_le_rhone;AROMEHD;2026-10-05T10:00;2.6;6.2;48.0;18.2;0.0;;0.0;0.0;0.0;0.0;45.510002;4.8500004;190.0;2026-10-04T19:15:00+02:00;2026-10-04T22:22:49+02:00;05e34ae3361f
2026-10-05;st_cyr_sur_le_rhone;AROMEHD;2026-10-05T11:00;3.7;8.9;43.0;20.3;0.0;;0.0;0.0;0.0;0.0;45.510002;4.8500004;190.0;2026-10-04T19:15:00+02:00;2026-10-04T22:22:49+02:00;05e34ae3361f
2026-10-05;st_cyr_sur_le_rhone;AROMEHD;2026-10-05T12:00;2.4;8.9;35.0;22.1;0.0;;0.0;0.0;0.0;0.0;45.510002;4.8500004;190.0;2026-10-04T19:15:00+02:00;2026-10-04T22:22:49+02:00;05e34ae3361f
2026-10-05;st_cyr_sur_le_rhone;AROMEHD;2026-10-05T13:00;2.8;8.4;25.0;23.7;0.0;;0.0;0.0;0.0;0.0;45.510002;4.8500004;190.0;2026-10-04T19:15:00+02:00;2026-10-04T22:22:49+02:00;05e34ae3361f
2026-10-05;st_cyr_sur_le_rhone;AROMEHD;2026-10-05T14:00;2.4;8.9;14.0;24.9;0.0;;0.0;0.0;5.0;5.0;45.510002;4.8500004;190.0;2026-10-04T19:15:00+02:00;2026-10-04T22:22:49+02:00;05e34ae3361f
2026-10-05;st_cyr_sur_le_rhone;AROMEHD;2026-10-05T15:00;3.6;10.1;16.0;25.7;0.0;;0.0;0.0;81.0;81.0;45.510002;4.8500004;190.0;2026-10-04T19:15:00+02:00;2026-10-04T22:22:49+02:00;05e34ae3361f
2026-10-05;st_cyr_sur_le_rhone;AROMEHD;2026-10-05T16:00;3.3;10.5;17.0;26.0;0.0;;0.0;0.0;99.0;99.0;45.510002;4.8500004;190.0;2026-10-04T19:15:00+02:00;2026-10-04T22:22:49+02:00;05e34ae3361f
2026-10-05;st_cyr_sur_le_rhone;AROMEHD;2026-10-05T17:00;3.5;9.3;19.0;26.0;0.0;;0.0;0.0;100.0;100.0;45.510002;4.8500004;190.0;2026-10-04T19:15:00+02:00;2026-10-04T22:22:49+02:00;05e34ae3361f
2026-10-05;st_cyr_sur_le_rhone;AROMEHD;2026-10-05T18:00;3.1;8.7;35.0;25.6;0.0;;0.0;0.0;100.0;100.0;45.510002;4.8500004;190.0;2026-10-04T19:15:00+02:00;2026-10-04T22:22:49+02:00;05e34ae3361f
2026-10-05;st_cyr_sur_le_rhone;AROMEHD;2026-10-05T19:00;2.5;8.2;45.0;24.2;0.0;;0.0;0.0;100.0;100.0;45.510002;4.8500004;190.0;2026-10-04T19:15:00+02:00;2026-10-04T22:22:49+02:00;05e34ae3361f
2026-10-05;st_cyr_sur_le_rhone;AROMEHD;2026-10-05T20:00;1.2;5.2;321.0;22.0;0.0;;0.0;0.0;100.0;100.0;45.510002;4.8500004;190.0;2026-10-04T19:15:00+02:00;2026-10-04T22:22:49+02:00;05e34ae3361f
2026-10-05;st_cyr_sur_le_rhone;AROMEHD;2026-10-05T21:00;1.0;1.9;360.0;20.5;0.0;;0.0;0.0;100.0;100.0;45.510002;4.8500004;190.0;2026-10-04T19:15:00+02:00;2026-10-04T22:22:49+02:00;05e34ae3361f
2026-10-05;st_cyr_sur_le_rhone;AROMEHD;2026-10-05T22:00;2.3;2.9;31.0;19.5;0.0;;0.0;0.0;5.0;5.0;45.510002;4.8500004;190.0;2026-10-04T19:15:00+02:00;2026-10-04T22:22:49+02:00;05e34ae3361f
2026-10-05;st_cyr_sur_le_rhone;AROMEHD;2026-10-05T23:00;1.8;2.7;49.0;18.8;0.0;;0.0;0.0;0.0;0.0;45.510002;4.8500004;190.0;2026-10-04T19:15:00+02:00;2026-10-04T22:22:49+02:00;05e34ae3361f
2026-10-05;st_cyr_sur_le_rhone;AROMEHD;2026-10-06T00:00;1.8;2.3;58.0;18.1;0.0;;0.0;0.0;0.0;0.0;45.510002;4.8500004;190.0;2026-10-04T19:15:00+02:00;2026-10-04T22:22:49+02:00;05e34ae3361f
2026-10-05;st_cyr_sur_le_rhone;ICONCH1;2026-10-05T01:00;0.3;2.3;315.0;17.7;0.0;100.0;0.0;30.0;100.0;100.0;45.511913;4.860718;186.0;2026-10-04T19:15:00+02:00;2026-10-04T22:22:49+02:00;05e34ae3361f
2026-10-05;st_cyr_sur_le_rhone;ICONCH1;2026-10-05T02:00;2.1;3.3;5.0;17.0;0.0;48.0;48.0;0.0;0.0;48.0;45.511913;4.860718;186.0;2026-10-04T19:15:00+02:00;2026-10-04T22:22:49+02:00;05e34ae3361f
2026-10-05;st_cyr_sur_le_rhone;ICONCH1;2026-10-05T03:00;1.0;4.9;53.0;16.0;0.0;56.0;11.0;48.0;0.0;56.0;45.511913;4.860718;186.0;2026-10-04T19:15:00+02:00;2026-10-04T22:22:49+02:00;05e34ae3361f
2026-10-05;st_cyr_sur_le_rhone;ICONCH1;2026-10-05T04:00;2.4;3.9;9.0;16.0;0.0;19.0;0.0;19.0;0.0;19.0;45.511913;4.860718;186.0;2026-10-04T19:15:00+02:00;2026-10-04T22:22:49+02:00;05e34ae3361f
2026-10-05;st_cyr_sur_le_rhone;ICONCH1;2026-10-05T05:00;0.8;4.3;346.0;15.9;0.0;53.0;0.0;53.0;0.0;53.0;45.511913;4.860718;186.0;2026-10-04T19:15:00+02:00;2026-10-04T22:22:49+02:00;05e34ae3361f
2026-10-05;st_cyr_sur_le_rhone;ICONCH1;2026-10-05T06:00;1.1;5.4;239.0;15.0;0.0;47.0;0.0;47.0;0.0;47.0;45.511913;4.860718;186.0;2026-10-04T19:15:00+02:00;2026-10-04T22:22:49+02:00;05e34ae3361f
2026-10-05;st_cyr_sur_le_rhone;ICONCH1;2026-10-05T07:00;2.3;4.1;31.0;14.6;0.0;39.0;0.0;39.0;0.0;39.0;45.511913;4.860718;186.0;2026-10-04T19:15:00+02:00;2026-10-04T22:22:49+02:00;05e34ae3361f
2026-10-05;st_cyr_sur_le_rhone;ICONCH1;2026-10-05T08:00;1.4;4.1;16.0;14.7;0.0;35.0;0.0;35.0;0.0;35.0;45.511913;4.860718;186.0;2026-10-04T19:15:00+02:00;2026-10-04T22:22:49+02:00;05e34ae3361f
2026-10-05;st_cyr_sur_le_rhone;ICONCH1;2026-10-05T09:00;1.9;4.7;37.0;15.4;0.0;26.0;0.0;26.0;0.0;26.0;45.511913;4.860718;186.0;2026-10-04T19:15:00+02:00;2026-10-04T22:22:49+02:00;05e34ae3361f
2026-10-05;st_cyr_sur_le_rhone;ICONCH1;2026-10-05T10:00;3.2;5.4;43.0;17.2;0.0;13.0;0.0;5.0;9.0;13.0;45.511913;4.860718;186.0;2026-10-04T19:15:00+02:00;2026-10-04T22:22:49+02:00;05e34ae3361f
2026-10-05;st_cyr_sur_le_rhone;ICONCH1;2026-10-05T11:00;3.4;6.2;24.0;19.4;0.0;11.0;0.0;0.0;11.0;11.0;45.511913;4.860718;186.0;2026-10-04T19:15:00+02:00;2026-10-04T22:22:49+02:00;05e34ae3361f
2026-10-05;st_cyr_sur_le_rhone;ICONCH1;2026-10-05T12:00;3.2;6.0;33.0;21.3;0.0;0.0;0.0;0.0;0.0;0.0;45.511913;4.860718;186.0;2026-10-04T19:15:00+02:00;2026-10-04T22:22:49+02:00;05e34ae3361f
2026-10-05;st_cyr_sur_le_rhone;ICONCH1;2026-10-05T13:00;2.1;6.0;41.0;23.0;0.0;0.0;0.0;0.0;0.0;0.0;45.511913;4.860718;186.0;2026-10-04T19:15:00+02:00;2026-10-04T22:22:49+02:00;05e34ae3361f
2026-10-05;st_cyr_sur_le_rhone;ICONCH1;2026-10-05T14:00;1.8;5.2;41.0;24.4;0.0;0.0;0.0;0.0;0.0;0.0;45.511913;4.860718;186.0;2026-10-04T19:15:00+02:00;2026-10-04T22:22:49+02:00;05e34ae3361f
2026-10-05;st_cyr_sur_le_rhone;ICONCH1;2026-10-05T15:00;1.9;4.3;37.0;25.4;0.0;0.0;0.0;0.0;0.0;0.0;45.511913;4.860718;186.0;2026-10-04T19:15:00+02:00;2026-10-04T22:22:49+02:00;05e34ae3361f
2026-10-05;st_cyr_sur_le_rhone;ICONCH1;2026-10-05T16:00;2.6;4.9;48.0;25.8;0.0;0.0;0.0;0.0;0.0;0.0;45.511913;4.860718;186.0;2026-10-04T19:15:00+02:00;2026-10-04T22:22:49+02:00;05e34ae3361f
2026-10-05;st_cyr_sur_le_rhone;ICONCH1;2026-10-05T17:00;2.3;4.9;42.0;25.8;0.0;8.0;0.0;0.0;8.0;8.0;45.511913;4.860718;186.0;2026-10-04T19:15:00+02:00;2026-10-04T22:22:49+02:00;05e34ae3361f
2026-10-05;st_cyr_sur_le_rhone;ICONCH1;2026-10-05T18:00;2.2;4.1;15.0;25.2;0.0;0.0;0.0;0.0;0.0;0.0;45.511913;4.860718;186.0;2026-10-04T19:15:00+02:00;2026-10-04T22:22:49+02:00;05e34ae3361f
2026-10-05;st_cyr_sur_le_rhone;ICONCH1;2026-10-05T19:00;2.1;4.1;326.0;23.3;0.0;0.0;0.0;0.0;0.0;0.0;45.511913;4.860718;186.0;2026-10-04T19:15:00+02:00;2026-10-04T22:22:49+02:00;05e34ae3361f
2026-10-05;st_cyr_sur_le_rhone;ICONCH1;2026-10-05T20:00;1.4;3.3;278.0;21.2;0.0;0.0;0.0;0.0;0.0;0.0;45.511913;4.860718;186.0;2026-10-04T19:15:00+02:00;2026-10-04T22:22:49+02:00;05e34ae3361f
2026-10-05;st_cyr_sur_le_rhone;ICONCH1;2026-10-05T21:00;2.5;3.7;225.0;20.0;0.0;0.0;0.0;0.0;0.0;0.0;45.511913;4.860718;186.0;2026-10-04T19:15:00+02:00;2026-10-04T22:22:49+02:00;05e34ae3361f
2026-10-05;st_cyr_sur_le_rhone;ICONCH1;2026-10-05T22:00;0.9;3.9;27.0;19.4;0.0;0.0;0.0;0.0;0.0;0.0;45.511913;4.860718;186.0;2026-10-04T19:15:00+02:00;2026-10-04T22:22:49+02:00;05e34ae3361f
2026-10-05;st_cyr_sur_le_rhone;ICONCH1;2026-10-05T23:00;1.2;3.7;342.0;18.6;0.0;0.0;0.0;0.0;0.0;0.0;45.511913;4.860718;186.0;2026-10-04T19:15:00+02:00;2026-10-04T22:22:49+02:00;05e34ae3361f
2026-10-05;st_cyr_sur_le_rhone;ICONCH1;2026-10-06T00:00;0.6;1.6;18.0;18.1;0.0;0.0;0.0;0.0;0.0;0.0;45.511913;4.860718;186.0;2026-10-04T19:15:00+02:00;2026-10-04T22:22:49+02:00;05e34ae3361f
2026-10-05;st_romain_des_iles;AROMEHD;2026-10-05T01:00;1.9;2.3;45.0;15.5;0.0;;0.0;0.0;100.0;100.0;46.18;4.779999;169.0;2026-10-04T19:15:00+02:00;2026-10-04T22:22:49+02:00;05e34ae3361f
2026-10-05;st_romain_des_iles;AROMEHD;2026-10-05T02:00;0.8;1.9;166.0;14.7;0.0;;0.0;0.0;0.0;0.0;46.18;4.779999;169.0;2026-10-04T19:15:00+02:00;2026-10-04T22:22:49+02:00;05e34ae3361f
2026-10-05;st_romain_des_iles;AROMEHD;2026-10-05T03:00;2.0;1.9;186.0;13.8;0.0;;0.0;0.0;0.0;0.0;46.18;4.779999;169.0;2026-10-04T19:15:00+02:00;2026-10-04T22:22:49+02:00;05e34ae3361f
2026-10-05;st_romain_des_iles;AROMEHD;2026-10-05T04:00;1.6;2.1;240.0;13.4;0.0;;0.0;0.0;0.0;0.0;46.18;4.779999;169.0;2026-10-04T19:15:00+02:00;2026-10-04T22:22:49+02:00;05e34ae3361f
2026-10-05;st_romain_des_iles;AROMEHD;2026-10-05T05:00;1.4;1.9;98.0;12.8;0.0;;1.0;0.0;0.0;1.0;46.18;4.779999;169.0;2026-10-04T19:15:00+02:00;2026-10-04T22:22:49+02:00;05e34ae3361f
2026-10-05;st_romain_des_iles;AROMEHD;2026-10-05T06:00;0.5;1.6;45.0;12.2;0.0;;5.0;0.0;0.0;5.0;46.18;4.779999;169.0;2026-10-04T19:15:00+02:00;2026-10-04T22:22:49+02:00;05e34ae3361f
2026-10-05;st_romain_des_iles;AROMEHD;2026-10-05T07:00;0.5;1.0;315.0;11.7;0.0;;20.0;0.0;0.0;20.0;46.18;4.779999;169.0;2026-10-04T19:15:00+02:00;2026-10-04T22:22:49+02:00;05e34ae3361f
2026-10-05;st_romain_des_iles;AROMEHD;2026-10-05T08:00;0.4;0.8;180.0;11.3;0.0;;57.0;0.0;0.0;57.0;46.18;4.779999;169.0;2026-10-04T19:15:00+02:00;2026-10-04T22:22:49+02:00;05e34ae3361f
2026-10-05;st_romain_des_iles;AROMEHD;2026-10-05T09:00;0.4;1.2;117.0;12.0;0.0;;77.0;0.0;26.0;77.0;46.18;4.779999;169.0;2026-10-04T19:15:00+02:00;2026-10-04T22:22:49+02:00;05e34ae3361f
2026-10-05;st_romain_des_iles;AROMEHD;2026-10-05T10:00;0.2;1.0;90.0;14.9;0.0;;5.0;0.0;24.0;24.0;46.18;4.779999;169.0;2026-10-04T19:15:00+02:00;2026-10-04T22:22:49+02:00;05e34ae3361f
2026-10-05;st_romain_des_iles;AROMEHD;2026-10-05T11:00;1.1;4.1;45.0;18.1;0.0;;0.0;0.0;13.0;13.0;46.18;4.779999;169.0;2026-10-04T19:15:00+02:00;2026-10-04T22:22:49+02:00;05e34ae3361f
2026-10-05;st_romain_des_iles;AROMEHD;2026-10-05T12:00;2.1;6.4;34.0;20.8;0.0;;0.0;0.0;1.0;1.0;46.18;4.779999;169.0;2026-10-04T19:15:00+02:00;2026-10-04T22:22:49+02:00;05e34ae3361f
2026-10-05;st_romain_des_iles;AROMEHD;2026-10-05T13:00;1.0;6.2;90.0;22.4;0.0;;0.0;0.0;0.0;0.0;46.18;4.779999;169.0;2026-10-04T19:15:00+02:00;2026-10-04T22:22:49+02:00;05e34ae3361f
2026-10-05;st_romain_des_iles;AROMEHD;2026-10-05T14:00;3.1;8.6;30.0;24.3;0.0;;0.0;0.0;13.0;13.0;46.18;4.779999;169.0;2026-10-04T19:15:00+02:00;2026-10-04T22:22:49+02:00;05e34ae3361f
2026-10-05;st_romain_des_iles;AROMEHD;2026-10-05T15:00;3.5;8.9;38.0;25.3;0.0;;0.0;0.0;81.0;81.0;46.18;4.779999;169.0;2026-10-04T19:15:00+02:00;2026-10-04T22:22:49+02:00;05e34ae3361f
2026-10-05;st_romain_des_iles;AROMEHD;2026-10-05T16:00;3.8;9.3;35.0;25.9;0.0;;0.0;0.0;99.0;99.0;46.18;4.779999;169.0;2026-10-04T19:15:00+02:00;2026-10-04T22:22:49+02:00;05e34ae3361f
2026-10-05;st_romain_des_iles;AROMEHD;2026-10-05T17:00;4.4;9.5;29.0;26.1;0.0;;0.0;0.0;99.0;99.0;46.18;4.779999;169.0;2026-10-04T19:15:00+02:00;2026-10-04T22:22:49+02:00;05e34ae3361f
2026-10-05;st_romain_des_iles;AROMEHD;2026-10-05T18:00;5.1;8.9;18.0;25.9;0.0;;0.0;0.0;93.0;93.0;46.18;4.779999;169.0;2026-10-04T19:15:00+02:00;2026-10-04T22:22:49+02:00;05e34ae3361f
2026-10-05;st_romain_des_iles;AROMEHD;2026-10-05T19:00;4.8;8.6;27.0;23.8;0.0;;0.0;0.0;92.0;92.0;46.18;4.779999;169.0;2026-10-04T19:15:00+02:00;2026-10-04T22:22:49+02:00;05e34ae3361f
2026-10-05;st_romain_des_iles;AROMEHD;2026-10-05T20:00;4.3;7.4;30.0;21.0;0.0;;0.0;0.0;14.0;14.0;46.18;4.779999;169.0;2026-10-04T19:15:00+02:00;2026-10-04T22:22:49+02:00;05e34ae3361f
2026-10-05;st_romain_des_iles;AROMEHD;2026-10-05T21:00;3.6;5.6;13.0;18.8;0.0;;0.0;0.0;0.0;0.0;46.18;4.779999;169.0;2026-10-04T19:15:00+02:00;2026-10-04T22:22:49+02:00;05e34ae3361f
2026-10-05;st_romain_des_iles;AROMEHD;2026-10-05T22:00;3.8;4.7;21.0;17.4;0.0;;0.0;0.0;0.0;0.0;46.18;4.779999;169.0;2026-10-04T19:15:00+02:00;2026-10-04T22:22:49+02:00;05e34ae3361f
2026-10-05;st_romain_des_iles;AROMEHD;2026-10-05T23:00;0.8;4.7;135.0;16.1;0.0;;0.0;0.0;0.0;0.0;46.18;4.779999;169.0;2026-10-04T19:15:00+02:00;2026-10-04T22:22:49+02:00;05e34ae3361f
2026-10-05;st_romain_des_iles;AROMEHD;2026-10-06T00:00;1.5;1.2;67.0;14.8;0.0;;0.0;0.0;0.0;0.0;46.18;4.779999;169.0;2026-10-04T19:15:00+02:00;2026-10-04T22:22:49+02:00;05e34ae3361f
2026-10-05;st_romain_des_iles;ICONCH1;2026-10-05T01:00;2.5;4.1;32.0;16.9;0.0;100.0;0.0;0.0;100.0;100.0;46.179794;4.782837;176.0;2026-10-04T19:15:00+02:00;2026-10-04T22:22:49+02:00;05e34ae3361f
2026-10-05;st_romain_des_iles;ICONCH1;2026-10-05T02:00;0.4;3.7;180.0;16.8;0.0;0.0;0.0;0.0;0.0;0.0;46.179794;4.782837;176.0;2026-10-04T19:15:00+02:00;2026-10-04T22:22:49+02:00;05e34ae3361f
2026-10-05;st_romain_des_iles;ICONCH1;2026-10-05T03:00;2.5;3.7;198.0;15.1;0.0;0.0;0.0;0.0;0.0;0.0;46.179794;4.782837;176.0;2026-10-04T19:15:00+02:00;2026-10-04T22:22:49+02:00;05e34ae3361f
2026-10-05;st_romain_des_iles;ICONCH1;2026-10-05T04:00;0.6;3.7;360.0;14.9;0.0;0.0;0.0;0.0;0.0;0.0;46.179794;4.782837;176.0;2026-10-04T19:15:00+02:00;2026-10-04T22:22:49+02:00;05e34ae3361f
2026-10-05;st_romain_des_iles;ICONCH1;2026-10-05T05:00;1.0;1.7;191.0;14.4;0.0;0.0;0.0;0.0;0.0;0.0;46.179794;4.782837;176.0;2026-10-04T19:15:00+02:00;2026-10-04T22:22:49+02:00;05e34ae3361f
2026-10-05;st_romain_des_iles;ICONCH1;2026-10-05T06:00;1.2;3.3;18.0;14.2;0.0;0.0;0.0;0.0;0.0;0.0;46.179794;4.782837;176.0;2026-10-04T19:15:00+02:00;2026-10-04T22:22:49+02:00;05e34ae3361f
2026-10-05;st_romain_des_iles;ICONCH1;2026-10-05T07:00;0.6;1.9;288.0;13.8;0.0;6.0;0.0;6.0;0.0;6.0;46.179794;4.782837;176.0;2026-10-04T19:15:00+02:00;2026-10-04T22:22:49+02:00;05e34ae3361f
2026-10-05;st_romain_des_iles;ICONCH1;2026-10-05T08:00;1.5;2.3;50.0;13.4;0.0;38.0;38.0;0.0;0.0;38.0;46.179794;4.782837;176.0;2026-10-04T19:15:00+02:00;2026-10-04T22:22:49+02:00;05e34ae3361f
2026-10-05;st_romain_des_iles;ICONCH1;2026-10-05T09:00;0.4;2.3;117.0;13.4;0.0;87.0;83.0;0.0;39.0;87.0;46.179794;4.782837;176.0;2026-10-04T19:15:00+02:00;2026-10-04T22:22:49+02:00;05e34ae3361f
2026-10-05;st_romain_des_iles;ICONCH1;2026-10-05T10:00;0.6;1.9;90.0;15.9;0.0;96.0;7.0;0.0;92.0;96.0;46.179794;4.782837;176.0;2026-10-04T19:15:00+02:00;2026-10-04T22:22:49+02:00;05e34ae3361f
2026-10-05;st_romain_des_iles;ICONCH1;2026-10-05T11:00;1.4;3.5;56.0;18.5;0.0;81.0;0.0;0.0;81.0;81.0;46.179794;4.782837;176.0;2026-10-04T19:15:00+02:00;2026-10-04T22:22:49+02:00;05e34ae3361f
2026-10-05;st_romain_des_iles;ICONCH1;2026-10-05T12:00;1.8;4.3;41.0;21.2;0.0;69.0;0.0;0.0;69.0;69.0;46.179794;4.782837;176.0;2026-10-04T19:15:00+02:00;2026-10-04T22:22:49+02:00;05e34ae3361f
2026-10-05;st_romain_des_iles;ICONCH1;2026-10-05T13:00;2.1;4.9;41.0;23.6;0.0;63.0;0.0;0.0;63.0;63.0;46.179794;4.782837;176.0;2026-10-04T19:15:00+02:00;2026-10-04T22:22:49+02:00;05e34ae3361f
2026-10-05;st_romain_des_iles;ICONCH1;2026-10-05T14:00;2.3;5.2;42.0;25.4;0.0;59.0;0.0;0.0;59.0;59.0;46.179794;4.782837;176.0;2026-10-04T19:15:00+02:00;2026-10-04T22:22:49+02:00;05e34ae3361f
2026-10-05;st_romain_des_iles;ICONCH1;2026-10-05T15:00;2.3;5.4;42.0;26.4;0.0;40.0;0.0;0.0;40.0;40.0;46.179794;4.782837;176.0;2026-10-04T19:15:00+02:00;2026-10-04T22:22:49+02:00;05e34ae3361f
2026-10-05;st_romain_des_iles;ICONCH1;2026-10-05T16:00;3.5;6.4;38.0;26.8;0.0;0.0;0.0;0.0;0.0;0.0;46.179794;4.782837;176.0;2026-10-04T19:15:00+02:00;2026-10-04T22:22:49+02:00;05e34ae3361f
2026-10-05;st_romain_des_iles;ICONCH1;2026-10-05T17:00;4.4;7.4;41.0;26.9;0.0;0.0;0.0;0.0;0.0;0.0;46.179794;4.782837;176.0;2026-10-04T19:15:00+02:00;2026-10-04T22:22:49+02:00;05e34ae3361f
2026-10-05;st_romain_des_iles;ICONCH1;2026-10-05T18:00;4.7;8.0;45.0;26.3;0.0;0.0;0.0;0.0;0.0;0.0;46.179794;4.782837;176.0;2026-10-04T19:15:00+02:00;2026-10-04T22:22:49+02:00;05e34ae3361f
2026-10-05;st_romain_des_iles;ICONCH1;2026-10-05T19:00;5.0;8.4;42.0;24.6;0.0;0.0;0.0;0.0;0.0;0.0;46.179794;4.782837;176.0;2026-10-04T19:15:00+02:00;2026-10-04T22:22:49+02:00;05e34ae3361f
2026-10-05;st_romain_des_iles;ICONCH1;2026-10-05T20:00;3.2;7.8;14.0;21.9;0.0;0.0;0.0;0.0;0.0;0.0;46.179794;4.782837;176.0;2026-10-04T19:15:00+02:00;2026-10-04T22:22:49+02:00;05e34ae3361f
2026-10-05;st_romain_des_iles;ICONCH1;2026-10-05T21:00;2.1;5.1;338.0;19.7;0.0;0.0;0.0;0.0;0.0;0.0;46.179794;4.782837;176.0;2026-10-04T19:15:00+02:00;2026-10-04T22:22:49+02:00;05e34ae3361f
2026-10-05;st_romain_des_iles;ICONCH1;2026-10-05T22:00;0.6;3.1;18.0;19.0;0.0;0.0;0.0;0.0;0.0;0.0;46.179794;4.782837;176.0;2026-10-04T19:15:00+02:00;2026-10-04T22:22:49+02:00;05e34ae3361f
2026-10-05;st_romain_des_iles;ICONCH1;2026-10-05T23:00;2.0;3.3;349.0;16.8;0.0;0.0;0.0;0.0;0.0;0.0;46.179794;4.782837;176.0;2026-10-04T19:15:00+02:00;2026-10-04T22:22:49+02:00;05e34ae3361f
2026-10-05;st_romain_des_iles;ICONCH1;2026-10-06T00:00;1.4;3.1;188.0;16.9;0.0;0.0;0.0;0.0;0.0;0.0;46.179794;4.782837;176.0;2026-10-04T19:15:00+02:00;2026-10-04T22:22:49+02:00;05e34ae3361f
2026-10-05;treffort;AROMEHD;2026-10-05T01:00;1.0;1.9;127.0;16.0;0.0;;0.0;0.0;100.0;100.0;44.91;5.6800003;0.0;2026-10-04T19:15:00+02:00;2026-10-04T22:22:49+02:00;05e34ae3361f
2026-10-05;treffort;AROMEHD;2026-10-05T02:00;1.4;2.1;98.0;15.4;0.0;;0.0;0.0;100.0;100.0;44.91;5.6800003;0.0;2026-10-04T19:15:00+02:00;2026-10-04T22:22:49+02:00;05e34ae3361f
2026-10-05;treffort;AROMEHD;2026-10-05T03:00;1.2;2.7;72.0;15.2;0.0;;0.0;0.0;25.0;25.0;44.91;5.6800003;0.0;2026-10-04T19:15:00+02:00;2026-10-04T22:22:49+02:00;05e34ae3361f
2026-10-05;treffort;AROMEHD;2026-10-05T04:00;0.6;2.3;360.0;14.9;0.0;;0.0;0.0;65.0;65.0;44.91;5.6800003;0.0;2026-10-04T19:15:00+02:00;2026-10-04T22:22:49+02:00;05e34ae3361f
2026-10-05;treffort;AROMEHD;2026-10-05T05:00;1.2;1.6;321.0;14.1;0.0;;0.0;0.0;16.0;16.0;44.91;5.6800003;0.0;2026-10-04T19:15:00+02:00;2026-10-04T22:22:49+02:00;05e34ae3361f
2026-10-05;treffort;AROMEHD;2026-10-05T06:00;3.0;4.9;165.0;14.1;0.0;;0.0;0.0;0.0;0.0;44.91;5.6800003;0.0;2026-10-04T19:15:00+02:00;2026-10-04T22:22:49+02:00;05e34ae3361f
2026-10-05;treffort;AROMEHD;2026-10-05T07:00;0.6;4.9;252.0;13.6;0.0;;0.0;0.0;0.0;0.0;44.91;5.6800003;0.0;2026-10-04T19:15:00+02:00;2026-10-04T22:22:49+02:00;05e34ae3361f
2026-10-05;treffort;AROMEHD;2026-10-05T08:00;0.5;2.3;315.0;13.6;0.0;;0.0;0.0;0.0;0.0;44.91;5.6800003;0.0;2026-10-04T19:15:00+02:00;2026-10-04T22:22:49+02:00;05e34ae3361f
2026-10-05;treffort;AROMEHD;2026-10-05T09:00;0.8;1.6;315.0;13.3;0.0;;0.0;0.0;0.0;0.0;44.91;5.6800003;0.0;2026-10-04T19:15:00+02:00;2026-10-04T22:22:49+02:00;05e34ae3361f
2026-10-05;treffort;AROMEHD;2026-10-05T10:00;1.0;1.2;37.0;14.7;0.0;;0.0;0.0;0.0;0.0;44.91;5.6800003;0.0;2026-10-04T19:15:00+02:00;2026-10-04T22:22:49+02:00;05e34ae3361f
2026-10-05;treffort;AROMEHD;2026-10-05T11:00;0.7;2.1;124.0;16.6;0.0;;0.0;0.0;0.0;0.0;44.91;5.6800003;0.0;2026-10-04T19:15:00+02:00;2026-10-04T22:22:49+02:00;05e34ae3361f
2026-10-05;treffort;AROMEHD;2026-10-05T12:00;1.0;3.9;349.0;18.2;0.0;;0.0;0.0;0.0;0.0;44.91;5.6800003;0.0;2026-10-04T19:15:00+02:00;2026-10-04T22:22:49+02:00;05e34ae3361f
2026-10-05;treffort;AROMEHD;2026-10-05T13:00;0.4;2.9;243.0;19.2;0.0;;0.0;0.0;0.0;0.0;44.91;5.6800003;0.0;2026-10-04T19:15:00+02:00;2026-10-04T22:22:49+02:00;05e34ae3361f
2026-10-05;treffort;AROMEHD;2026-10-05T14:00;6.3;12.6;349.0;20.5;0.0;;0.0;0.0;0.0;0.0;44.91;5.6800003;0.0;2026-10-04T19:15:00+02:00;2026-10-04T22:22:49+02:00;05e34ae3361f
2026-10-05;treffort;AROMEHD;2026-10-05T15:00;6.0;13.8;358.0;20.5;0.0;;0.0;0.0;59.0;59.0;44.91;5.6800003;0.0;2026-10-04T19:15:00+02:00;2026-10-04T22:22:49+02:00;05e34ae3361f
2026-10-05;treffort;AROMEHD;2026-10-05T16:00;6.4;13.2;348.0;20.5;0.0;;0.0;0.0;100.0;100.0;44.91;5.6800003;0.0;2026-10-04T19:15:00+02:00;2026-10-04T22:22:49+02:00;05e34ae3361f
2026-10-05;treffort;AROMEHD;2026-10-05T17:00;5.8;12.6;345.0;20.5;0.0;;0.0;0.0;100.0;100.0;44.91;5.6800003;0.0;2026-10-04T19:15:00+02:00;2026-10-04T22:22:49+02:00;05e34ae3361f
2026-10-05;treffort;AROMEHD;2026-10-05T18:00;5.2;11.5;347.0;20.1;0.0;;0.0;0.0;100.0;100.0;44.91;5.6800003;0.0;2026-10-04T19:15:00+02:00;2026-10-04T22:22:49+02:00;05e34ae3361f
2026-10-05;treffort;AROMEHD;2026-10-05T19:00;3.6;9.9;319.0;18.8;0.0;;0.0;0.0;100.0;100.0;44.91;5.6800003;0.0;2026-10-04T19:15:00+02:00;2026-10-04T22:22:49+02:00;05e34ae3361f
2026-10-05;treffort;AROMEHD;2026-10-05T20:00;2.0;6.0;6.0;17.9;0.0;;0.0;0.0;100.0;100.0;44.91;5.6800003;0.0;2026-10-04T19:15:00+02:00;2026-10-04T22:22:49+02:00;05e34ae3361f
2026-10-05;treffort;AROMEHD;2026-10-05T21:00;1.2;3.3;141.0;17.2;0.0;;0.0;0.0;100.0;100.0;44.91;5.6800003;0.0;2026-10-04T19:15:00+02:00;2026-10-04T22:22:49+02:00;05e34ae3361f
2026-10-05;treffort;AROMEHD;2026-10-05T22:00;1.2;2.1;108.0;16.5;0.0;;0.0;0.0;96.0;96.0;44.91;5.6800003;0.0;2026-10-04T19:15:00+02:00;2026-10-04T22:22:49+02:00;05e34ae3361f
2026-10-05;treffort;AROMEHD;2026-10-05T23:00;1.0;1.4;127.0;16.1;0.0;;0.0;0.0;13.0;13.0;44.91;5.6800003;0.0;2026-10-04T19:15:00+02:00;2026-10-04T22:22:49+02:00;05e34ae3361f
2026-10-05;treffort;AROMEHD;2026-10-06T00:00;0.8;1.2;76.0;15.7;0.0;;0.0;0.0;0.0;0.0;44.91;5.6800003;0.0;2026-10-04T19:15:00+02:00;2026-10-04T22:22:49+02:00;05e34ae3361f
2026-10-05;treffort;ICONCH1;2026-10-05T01:00;1.8;5.6;167.0;16.1;0.0;100.0;2.0;38.0;100.0;100.0;44.905636;5.680298;502.0;2026-10-04T19:15:00+02:00;2026-10-04T22:22:49+02:00;05e34ae3361f
2026-10-05;treffort;ICONCH1;2026-10-05T02:00;2.1;5.6;158.0;15.4;0.0;100.0;0.0;81.0;100.0;100.0;44.905636;5.680298;502.0;2026-10-04T19:15:00+02:00;2026-10-04T22:22:49+02:00;05e34ae3361f
2026-10-05;treffort;ICONCH1;2026-10-05T03:00;2.5;4.7;157.0;15.5;0.0;100.0;0.0;87.0;100.0;100.0;44.905636;5.680298;502.0;2026-10-04T19:15:00+02:00;2026-10-04T22:22:49+02:00;05e34ae3361f
2026-10-05;treffort;ICONCH1;2026-10-05T04:00;1.2;4.7;171.0;15.6;0.0;100.0;0.0;52.0;100.0;100.0;44.905636;5.680298;502.0;2026-10-04T19:15:00+02:00;2026-10-04T22:22:49+02:00;05e34ae3361f
2026-10-05;treffort;ICONCH1;2026-10-05T05:00;2.0;2.7;209.0;15.1;0.0;72.0;27.0;42.0;31.0;72.0;44.905636;5.680298;502.0;2026-10-04T19:15:00+02:00;2026-10-04T22:22:49+02:00;05e34ae3361f
2026-10-05;treffort;ICONCH1;2026-10-05T06:00;3.7;6.6;171.0;14.7;0.0;59.0;15.0;40.0;21.0;59.0;44.905636;5.680298;502.0;2026-10-04T19:15:00+02:00;2026-10-04T22:22:49+02:00;05e34ae3361f
2026-10-05;treffort;ICONCH1;2026-10-05T07:00;3.0;6.2;165.0;14.1;0.0;98.0;30.0;33.0;96.0;98.0;44.905636;5.680298;502.0;2026-10-04T19:15:00+02:00;2026-10-04T22:22:49+02:00;05e34ae3361f
2026-10-05;treffort;ICONCH1;2026-10-05T08:00;3.1;5.8;150.0;13.8;0.0;56.0;5.0;52.0;0.0;56.0;44.905636;5.680298;502.0;2026-10-04T19:15:00+02:00;2026-10-04T22:22:49+02:00;05e34ae3361f
2026-10-05;treffort;ICONCH1;2026-10-05T09:00;2.1;5.1;131.0;14.7;0.0;53.0;39.0;29.0;0.0;53.0;44.905636;5.680298;502.0;2026-10-04T19:15:00+02:00;2026-10-04T22:22:49+02:00;05e34ae3361f
2026-10-05;treffort;ICONCH1;2026-10-05T10:00;1.6;4.1;135.0;17.3;0.0;23.0;13.0;11.0;0.0;23.0;44.905636;5.680298;502.0;2026-10-04T19:15:00+02:00;2026-10-04T22:22:49+02:00;05e34ae3361f
2026-10-05;treffort;ICONCH1;2026-10-05T11:00;1.0;3.7;101.0;20.3;0.0;0.0;0.0;0.0;0.0;0.0;44.905636;5.680298;502.0;2026-10-04T19:15:00+02:00;2026-10-04T22:22:49+02:00;05e34ae3361f
2026-10-05;treffort;ICONCH1;2026-10-05T12:00;2.2;5.1;38.0;22.3;0.0;0.0;0.0;0.0;0.0;0.0;44.905636;5.680298;502.0;2026-10-04T19:15:00+02:00;2026-10-04T22:22:49+02:00;05e34ae3361f
2026-10-05;treffort;ICONCH1;2026-10-05T13:00;6.5;12.1;16.0;23.7;0.0;0.0;0.0;0.0;0.0;0.0;44.905636;5.680298;502.0;2026-10-04T19:15:00+02:00;2026-10-04T22:22:49+02:00;05e34ae3361f
2026-10-05;treffort;ICONCH1;2026-10-05T14:00;9.6;16.9;5.0;24.2;0.0;0.0;0.0;0.0;0.0;0.0;44.905636;5.680298;502.0;2026-10-04T19:15:00+02:00;2026-10-04T22:22:49+02:00;05e34ae3361f
2026-10-05;treffort;ICONCH1;2026-10-05T15:00;10.1;18.9;4.0;24.2;0.0;72.0;0.0;72.0;0.0;72.0;44.905636;5.680298;502.0;2026-10-04T19:15:00+02:00;2026-10-04T22:22:49+02:00;05e34ae3361f
2026-10-05;treffort;ICONCH1;2026-10-05T16:00;9.2;19.6;330.0;23.0;0.0;100.0;0.0;100.0;0.0;100.0;44.905636;5.680298;502.0;2026-10-04T19:15:00+02:00;2026-10-04T22:22:49+02:00;05e34ae3361f
2026-10-05;treffort;ICONCH1;2026-10-05T17:00;6.8;16.3;340.0;23.3;0.0;15.0;15.0;0.0;0.0;15.0;44.905636;5.680298;502.0;2026-10-04T19:15:00+02:00;2026-10-04T22:22:49+02:00;05e34ae3361f
2026-10-05;treffort;ICONCH1;2026-10-05T18:00;6.7;13.4;352.0;22.5;0.0;35.0;35.0;0.0;0.0;35.0;44.905636;5.680298;502.0;2026-10-04T19:15:00+02:00;2026-10-04T22:22:49+02:00;05e34ae3361f
2026-10-05;treffort;ICONCH1;2026-10-05T19:00;4.9;11.5;307.0;21.0;0.0;52.0;48.0;7.0;0.0;52.0;44.905636;5.680298;502.0;2026-10-04T19:15:00+02:00;2026-10-04T22:22:49+02:00;05e34ae3361f
2026-10-05;treffort;ICONCH1;2026-10-05T20:00;3.0;8.2;297.0;19.5;0.0;68.0;53.0;41.0;0.0;68.0;44.905636;5.680298;502.0;2026-10-04T19:15:00+02:00;2026-10-04T22:22:49+02:00;05e34ae3361f
2026-10-05;treffort;ICONCH1;2026-10-05T21:00;1.7;5.1;216.0;19.2;0.0;46.0;38.0;13.0;0.0;46.0;44.905636;5.680298;502.0;2026-10-04T19:15:00+02:00;2026-10-04T22:22:49+02:00;05e34ae3361f
2026-10-05;treffort;ICONCH1;2026-10-05T22:00;3.3;5.1;177.0;17.1;0.0;19.0;8.0;12.0;0.0;19.0;44.905636;5.680298;502.0;2026-10-04T19:15:00+02:00;2026-10-04T22:22:49+02:00;05e34ae3361f
2026-10-05;treffort;ICONCH1;2026-10-05T23:00;2.4;5.1;166.0;16.5;0.0;22.0;21.0;4.0;0.0;22.0;44.905636;5.680298;502.0;2026-10-04T19:15:00+02:00;2026-10-04T22:22:49+02:00;05e34ae3361f
2026-10-05;treffort;ICONCH1;2026-10-06T00:00;2.6;4.3;171.0;15.7;0.0;50.0;41.0;15.0;0.0;50.0;44.905636;5.680298;502.0;2026-10-04T19:15:00+02:00;2026-10-04T22:22:49+02:00;05e34ae3361f
2026-10-05;vengeron;AROMEHD;2026-10-05T01:00;1.8;1.9;264.0;15.7;0.0;;0.0;0.0;100.0;100.0;46.25;6.17;0.0;2026-10-04T19:15:00+02:00;2026-10-04T22:22:49+02:00;05e34ae3361f
2026-10-05;vengeron;AROMEHD;2026-10-05T02:00;1.4;2.3;270.0;15.2;0.0;;0.0;0.0;0.0;0.0;46.25;6.17;0.0;2026-10-04T19:15:00+02:00;2026-10-04T22:22:49+02:00;05e34ae3361f
2026-10-05;vengeron;AROMEHD;2026-10-05T03:00;1.9;2.5;294.0;14.7;0.0;;0.0;0.0;0.0;0.0;46.25;6.17;0.0;2026-10-04T19:15:00+02:00;2026-10-04T22:22:49+02:00;05e34ae3361f
2026-10-05;vengeron;AROMEHD;2026-10-05T04:00;1.4;1.9;286.0;14.7;0.0;;0.0;0.0;0.0;0.0;46.25;6.17;0.0;2026-10-04T19:15:00+02:00;2026-10-04T22:22:49+02:00;05e34ae3361f
2026-10-05;vengeron;AROMEHD;2026-10-05T05:00;2.7;2.7;300.0;13.9;0.0;;0.0;0.0;0.0;0.0;46.25;6.17;0.0;2026-10-04T19:15:00+02:00;2026-10-04T22:22:49+02:00;05e34ae3361f
2026-10-05;vengeron;AROMEHD;2026-10-05T06:00;1.8;2.7;311.0;14.3;0.0;;0.0;0.0;0.0;0.0;46.25;6.17;0.0;2026-10-04T19:15:00+02:00;2026-10-04T22:22:49+02:00;05e34ae3361f
2026-10-05;vengeron;AROMEHD;2026-10-05T07:00;1.5;2.1;293.0;13.9;0.0;;0.0;0.0;0.0;0.0;46.25;6.17;0.0;2026-10-04T19:15:00+02:00;2026-10-04T22:22:49+02:00;05e34ae3361f
2026-10-05;vengeron;AROMEHD;2026-10-05T08:00;0.7;1.7;326.0;14.4;0.0;;0.0;0.0;0.0;0.0;46.25;6.17;0.0;2026-10-04T19:15:00+02:00;2026-10-04T22:22:49+02:00;05e34ae3361f
2026-10-05;vengeron;AROMEHD;2026-10-05T09:00;0.9;1.2;297.0;14.9;0.0;;0.0;0.0;0.0;0.0;46.25;6.17;0.0;2026-10-04T19:15:00+02:00;2026-10-04T22:22:49+02:00;05e34ae3361f
2026-10-05;vengeron;AROMEHD;2026-10-05T10:00;0.4;1.2;360.0;15.3;0.0;;0.0;0.0;57.0;57.0;46.25;6.17;0.0;2026-10-04T19:15:00+02:00;2026-10-04T22:22:49+02:00;05e34ae3361f
2026-10-05;vengeron;AROMEHD;2026-10-05T11:00;0.8;1.0;76.0;15.7;0.0;;0.0;0.0;1.0;1.0;46.25;6.17;0.0;2026-10-04T19:15:00+02:00;2026-10-04T22:22:49+02:00;05e34ae3361f
2026-10-05;vengeron;AROMEHD;2026-10-05T12:00;2.9;2.9;48.0;16.9;0.0;;0.0;0.0;0.0;0.0;46.25;6.17;0.0;2026-10-04T19:15:00+02:00;2026-10-04T22:22:49+02:00;05e34ae3361f
2026-10-05;vengeron;AROMEHD;2026-10-05T13:00;4.3;4.3;39.0;18.0;0.0;;0.0;0.0;0.0;0.0;46.25;6.17;0.0;2026-10-04T19:15:00+02:00;2026-10-04T22:22:49+02:00;05e34ae3361f
2026-10-05;vengeron;AROMEHD;2026-10-05T14:00;6.5;7.2;33.0;19.2;0.0;;0.0;0.0;0.0;0.0;46.25;6.17;0.0;2026-10-04T19:15:00+02:00;2026-10-04T22:22:49+02:00;05e34ae3361f
2026-10-05;vengeron;AROMEHD;2026-10-05T15:00;7.9;8.7;17.0;19.7;0.0;;0.0;0.0;0.0;0.0;46.25;6.17;0.0;2026-10-04T19:15:00+02:00;2026-10-04T22:22:49+02:00;05e34ae3361f
2026-10-05;vengeron;AROMEHD;2026-10-05T16:00;7.9;9.1;20.0;20.0;0.0;;0.0;0.0;0.0;0.0;46.25;6.17;0.0;2026-10-04T19:15:00+02:00;2026-10-04T22:22:49+02:00;05e34ae3361f
2026-10-05;vengeron;AROMEHD;2026-10-05T17:00;7.7;8.9;18.0;20.5;0.0;;0.0;0.0;0.0;0.0;46.25;6.17;0.0;2026-10-04T19:15:00+02:00;2026-10-04T22:22:49+02:00;05e34ae3361f
2026-10-05;vengeron;AROMEHD;2026-10-05T18:00;7.1;8.9;17.0;20.7;0.0;;0.0;0.0;0.0;0.0;46.25;6.17;0.0;2026-10-04T19:15:00+02:00;2026-10-04T22:22:49+02:00;05e34ae3361f
2026-10-05;vengeron;AROMEHD;2026-10-05T19:00;6.5;8.2;16.0;20.7;0.0;;0.0;0.0;0.0;0.0;46.25;6.17;0.0;2026-10-04T19:15:00+02:00;2026-10-04T22:22:49+02:00;05e34ae3361f
2026-10-05;vengeron;AROMEHD;2026-10-05T20:00;7.1;8.7;26.0;20.3;0.0;;0.0;0.0;0.0;0.0;46.25;6.17;0.0;2026-10-04T19:15:00+02:00;2026-10-04T22:22:49+02:00;05e34ae3361f
2026-10-05;vengeron;AROMEHD;2026-10-05T21:00;3.4;8.6;16.0;19.7;0.0;;0.0;0.0;0.0;0.0;46.25;6.17;0.0;2026-10-04T19:15:00+02:00;2026-10-04T22:22:49+02:00;05e34ae3361f
2026-10-05;vengeron;AROMEHD;2026-10-05T22:00;3.8;5.1;330.0;18.7;0.0;;0.0;0.0;0.0;0.0;46.25;6.17;0.0;2026-10-04T19:15:00+02:00;2026-10-04T22:22:49+02:00;05e34ae3361f
2026-10-05;vengeron;AROMEHD;2026-10-05T23:00;3.1;4.7;330.0;18.1;0.0;;0.0;0.0;0.0;0.0;46.25;6.17;0.0;2026-10-04T19:15:00+02:00;2026-10-04T22:22:49+02:00;05e34ae3361f
2026-10-05;vengeron;AROMEHD;2026-10-06T00:00;1.7;3.5;270.0;16.0;0.0;;0.0;0.0;0.0;0.0;46.25;6.17;0.0;2026-10-04T19:15:00+02:00;2026-10-04T22:22:49+02:00;05e34ae3361f
2026-10-05;vengeron;ICONCH1;2026-10-05T01:00;3.2;4.5;303.0;16.5;0.0;100.0;0.0;0.0;100.0;100.0;46.24517;6.166931;0.0;2026-10-04T19:15:00+02:00;2026-10-04T22:22:49+02:00;05e34ae3361f
2026-10-05;vengeron;ICONCH1;2026-10-05T02:00;2.7;4.3;274.0;16.5;0.0;41.0;0.0;13.0;29.0;41.0;46.24517;6.166931;0.0;2026-10-04T19:15:00+02:00;2026-10-04T22:22:49+02:00;05e34ae3361f
2026-10-05;vengeron;ICONCH1;2026-10-05T03:00;3.9;5.2;267.0;15.6;0.0;15.0;0.0;15.0;0.0;15.0;46.24517;6.166931;0.0;2026-10-04T19:15:00+02:00;2026-10-04T22:22:49+02:00;05e34ae3361f
2026-10-05;vengeron;ICONCH1;2026-10-05T04:00;2.2;5.1;255.0;16.2;0.0;0.0;0.0;0.0;0.0;0.0;46.24517;6.166931;0.0;2026-10-04T19:15:00+02:00;2026-10-04T22:22:49+02:00;05e34ae3361f
2026-10-05;vengeron;ICONCH1;2026-10-05T05:00;3.7;5.1;302.0;15.3;0.0;0.0;0.0;0.0;0.0;0.0;46.24517;6.166931;0.0;2026-10-04T19:15:00+02:00;2026-10-04T22:22:49+02:00;05e34ae3361f
2026-10-05;vengeron;ICONCH1;2026-10-05T06:00;1.3;4.9;297.0;16.0;0.0;4.0;0.0;4.0;0.0;4.0;46.24517;6.166931;0.0;2026-10-04T19:15:00+02:00;2026-10-04T22:22:49+02:00;05e34ae3361f
2026-10-05;vengeron;ICONCH1;2026-10-05T07:00;2.9;4.1;274.0;15.1;0.0;13.0;0.0;13.0;0.0;13.0;46.24517;6.166931;0.0;2026-10-04T19:15:00+02:00;2026-10-04T22:22:49+02:00;05e34ae3361f
2026-10-05;vengeron;ICONCH1;2026-10-05T08:00;2.4;3.9;279.0;15.3;0.0;8.0;0.0;8.0;0.0;8.0;46.24517;6.166931;0.0;2026-10-04T19:15:00+02:00;2026-10-04T22:22:49+02:00;05e34ae3361f
2026-10-05;vengeron;ICONCH1;2026-10-05T09:00;1.1;3.9;239.0;15.6;0.0;0.0;0.0;0.0;0.0;0.0;46.24517;6.166931;0.0;2026-10-04T19:15:00+02:00;2026-10-04T22:22:49+02:00;05e34ae3361f
2026-10-05;vengeron;ICONCH1;2026-10-05T10:00;0.4;1.6;180.0;16.2;0.0;77.0;0.0;0.0;77.0;77.0;46.24517;6.166931;0.0;2026-10-04T19:15:00+02:00;2026-10-04T22:22:49+02:00;05e34ae3361f
2026-10-05;vengeron;ICONCH1;2026-10-05T11:00;0.4;1.2;117.0;17.0;0.0;100.0;0.0;6.0;100.0;100.0;46.24517;6.166931;0.0;2026-10-04T19:15:00+02:00;2026-10-04T22:22:49+02:00;05e34ae3361f
2026-10-05;vengeron;ICONCH1;2026-10-05T12:00;0.6;1.0;108.0;18.0;0.0;100.0;0.0;5.0;100.0;100.0;46.24517;6.166931;0.0;2026-10-04T19:15:00+02:00;2026-10-04T22:22:49+02:00;05e34ae3361f
2026-10-05;vengeron;ICONCH1;2026-10-05T13:00;1.7;2.3;63.0;19.5;0.0;100.0;0.0;0.0;100.0;100.0;46.24517;6.166931;0.0;2026-10-04T19:15:00+02:00;2026-10-04T22:22:49+02:00;05e34ae3361f
2026-10-05;vengeron;ICONCH1;2026-10-05T14:00;1.6;3.1;60.0;20.5;0.0;0.0;0.0;0.0;0.0;0.0;46.24517;6.166931;0.0;2026-10-04T19:15:00+02:00;2026-10-04T22:22:49+02:00;05e34ae3361f
2026-10-05;vengeron;ICONCH1;2026-10-05T15:00;1.4;2.1;90.0;21.3;0.0;0.0;0.0;0.0;0.0;0.0;46.24517;6.166931;0.0;2026-10-04T19:15:00+02:00;2026-10-04T22:22:49+02:00;05e34ae3361f
2026-10-05;vengeron;ICONCH1;2026-10-05T16:00;2.1;3.3;41.0;22.3;0.0;65.0;13.0;60.0;0.0;65.0;46.24517;6.166931;0.0;2026-10-04T19:15:00+02:00;2026-10-04T22:22:49+02:00;05e34ae3361f
2026-10-05;vengeron;ICONCH1;2026-10-05T17:00;5.8;7.8;42.0;22.4;0.0;17.0;0.0;17.0;0.0;17.0;46.24517;6.166931;0.0;2026-10-04T19:15:00+02:00;2026-10-04T22:22:49+02:00;05e34ae3361f
2026-10-05;vengeron;ICONCH1;2026-10-05T18:00;3.7;7.4;32.0;22.6;0.0;68.0;0.0;68.0;0.0;68.0;46.24517;6.166931;0.0;2026-10-04T19:15:00+02:00;2026-10-04T22:22:49+02:00;05e34ae3361f
2026-10-05;vengeron;ICONCH1;2026-10-05T19:00;2.2;6.2;27.0;22.3;0.0;64.0;30.0;54.0;0.0;64.0;46.24517;6.166931;0.0;2026-10-04T19:15:00+02:00;2026-10-04T22:22:49+02:00;05e34ae3361f
2026-10-05;vengeron;ICONCH1;2026-10-05T20:00;1.4;3.5;16.0;21.3;0.0;45.0;12.0;43.0;0.0;45.0;46.24517;6.166931;0.0;2026-10-04T19:15:00+02:00;2026-10-04T22:22:49+02:00;05e34ae3361f
2026-10-05;vengeron;ICONCH1;2026-10-05T21:00;2.5;3.3;321.0;19.4;0.0;0.0;0.0;0.0;0.0;0.0;46.24517;6.166931;0.0;2026-10-04T19:15:00+02:00;2026-10-04T22:22:49+02:00;05e34ae3361f
2026-10-05;vengeron;ICONCH1;2026-10-05T22:00;3.2;4.5;295.0;18.2;0.0;0.0;0.0;0.0;0.0;0.0;46.24517;6.166931;0.0;2026-10-04T19:15:00+02:00;2026-10-04T22:22:49+02:00;05e34ae3361f
2026-10-05;vengeron;ICONCH1;2026-10-05T23:00;2.6;4.5;287.0;17.6;0.0;0.0;0.0;0.0;0.0;0.0;46.24517;6.166931;0.0;2026-10-04T19:15:00+02:00;2026-10-04T22:22:49+02:00;05e34ae3361f
2026-10-05;vengeron;ICONCH1;2026-10-06T00:00;2.1;3.5;265.0;17.6;0.0;0.0;0.0;0.0;0.0;0.0;46.24517;6.166931;0.0;2026-10-04T19:15:00+02:00;2026-10-04T22:22:49+02:00;05e34ae3361f
2026-10-05;wwmeyzieu;AROMEHD;2026-10-05T01:00;0.6;1.7;72.0;17.2;0.0;;0.0;0.0;100.0;100.0;45.78;4.9799995;0.0;2026-10-04T19:15:00+02:00;2026-10-04T22:22:49+02:00;05e34ae3361f
2026-10-05;wwmeyzieu;AROMEHD;2026-10-05T02:00;0.4;1.0;297.0;17.4;0.0;;0.0;0.0;57.0;57.0;45.78;4.9799995;0.0;2026-10-04T19:15:00+02:00;2026-10-04T22:22:49+02:00;05e34ae3361f
2026-10-05;wwmeyzieu;AROMEHD;2026-10-05T03:00;1.6;2.1;7.0;16.3;0.0;;0.0;0.0;76.0;76.0;45.78;4.9799995;0.0;2026-10-04T19:15:00+02:00;2026-10-04T22:22:49+02:00;05e34ae3361f
2026-10-05;wwmeyzieu;AROMEHD;2026-10-05T04:00;1.4;1.6;74.0;16.1;0.0;;0.0;0.0;0.0;0.0;45.78;4.9799995;0.0;2026-10-04T19:15:00+02:00;2026-10-04T22:22:49+02:00;05e34ae3361f
2026-10-05;wwmeyzieu;AROMEHD;2026-10-05T05:00;2.9;3.1;70.0;15.0;0.0;;0.0;0.0;0.0;0.0;45.78;4.9799995;0.0;2026-10-04T19:15:00+02:00;2026-10-04T22:22:49+02:00;05e34ae3361f
2026-10-05;wwmeyzieu;AROMEHD;2026-10-05T06:00;1.3;3.1;63.0;15.3;0.0;;0.0;0.0;0.0;0.0;45.78;4.9799995;0.0;2026-10-04T19:15:00+02:00;2026-10-04T22:22:49+02:00;05e34ae3361f
2026-10-05;wwmeyzieu;AROMEHD;2026-10-05T07:00;2.1;2.7;158.0;15.4;0.0;;0.0;0.0;0.0;0.0;45.78;4.9799995;0.0;2026-10-04T19:15:00+02:00;2026-10-04T22:22:49+02:00;05e34ae3361f
2026-10-05;wwmeyzieu;AROMEHD;2026-10-05T08:00;0.8;3.1;315.0;15.0;0.0;;0.0;0.0;0.0;0.0;45.78;4.9799995;0.0;2026-10-04T19:15:00+02:00;2026-10-04T22:22:49+02:00;05e34ae3361f
2026-10-05;wwmeyzieu;AROMEHD;2026-10-05T09:00;0.6;1.6;90.0;14.5;0.0;;0.0;0.0;0.0;0.0;45.78;4.9799995;0.0;2026-10-04T19:15:00+02:00;2026-10-04T22:22:49+02:00;05e34ae3361f
2026-10-05;wwmeyzieu;AROMEHD;2026-10-05T10:00;0.6;1.7;18.0;16.7;0.0;;0.0;0.0;0.0;0.0;45.78;4.9799995;0.0;2026-10-04T19:15:00+02:00;2026-10-04T22:22:49+02:00;05e34ae3361f
2026-10-05;wwmeyzieu;AROMEHD;2026-10-05T11:00;1.7;4.1;27.0;18.5;0.0;;0.0;0.0;0.0;0.0;45.78;4.9799995;0.0;2026-10-04T19:15:00+02:00;2026-10-04T22:22:49+02:00;05e34ae3361f
2026-10-05;wwmeyzieu;AROMEHD;2026-10-05T12:00;1.0;4.1;360.0;20.1;0.0;;0.0;0.0;0.0;0.0;45.78;4.9799995;0.0;2026-10-04T19:15:00+02:00;2026-10-04T22:22:49+02:00;05e34ae3361f
2026-10-05;wwmeyzieu;AROMEHD;2026-10-05T13:00;1.5;4.3;310.0;21.2;0.0;;0.0;0.0;3.0;3.0;45.78;4.9799995;0.0;2026-10-04T19:15:00+02:00;2026-10-04T22:22:49+02:00;05e34ae3361f
2026-10-05;wwmeyzieu;AROMEHD;2026-10-05T14:00;1.9;4.9;336.0;22.1;0.0;;0.0;0.0;2.0;2.0;45.78;4.9799995;0.0;2026-10-04T19:15:00+02:00;2026-10-04T22:22:49+02:00;05e34ae3361f
2026-10-05;wwmeyzieu;AROMEHD;2026-10-05T15:00;2.3;5.4;360.0;22.9;0.0;;0.0;0.0;100.0;100.0;45.78;4.9799995;0.0;2026-10-04T19:15:00+02:00;2026-10-04T22:22:49+02:00;05e34ae3361f
2026-10-05;wwmeyzieu;AROMEHD;2026-10-05T16:00;1.9;5.4;53.0;23.3;0.0;;0.0;0.0;96.0;96.0;45.78;4.9799995;0.0;2026-10-04T19:15:00+02:00;2026-10-04T22:22:49+02:00;05e34ae3361f
2026-10-05;wwmeyzieu;AROMEHD;2026-10-05T17:00;3.2;6.4;47.0;23.7;0.0;;0.0;0.0;96.0;96.0;45.78;4.9799995;0.0;2026-10-04T19:15:00+02:00;2026-10-04T22:22:49+02:00;05e34ae3361f
2026-10-05;wwmeyzieu;AROMEHD;2026-10-05T18:00;3.8;7.2;45.0;23.5;0.0;;0.0;0.0;100.0;100.0;45.78;4.9799995;0.0;2026-10-04T19:15:00+02:00;2026-10-04T22:22:49+02:00;05e34ae3361f
2026-10-05;wwmeyzieu;AROMEHD;2026-10-05T19:00;4.4;7.0;23.0;22.9;0.0;;0.0;0.0;100.0;100.0;45.78;4.9799995;0.0;2026-10-04T19:15:00+02:00;2026-10-04T22:22:49+02:00;05e34ae3361f
2026-10-05;wwmeyzieu;AROMEHD;2026-10-05T20:00;2.5;6.4;360.0;21.7;0.0;;0.0;0.0;87.0;87.0;45.78;4.9799995;0.0;2026-10-04T19:15:00+02:00;2026-10-04T22:22:49+02:00;05e34ae3361f
2026-10-05;wwmeyzieu;AROMEHD;2026-10-05T21:00;1.2;2.9;9.0;20.4;0.0;;0.0;0.0;8.0;8.0;45.78;4.9799995;0.0;2026-10-04T19:15:00+02:00;2026-10-04T22:22:49+02:00;05e34ae3361f
2026-10-05;wwmeyzieu;AROMEHD;2026-10-05T22:00;1.1;1.7;315.0;19.6;0.0;;0.0;0.0;0.0;0.0;45.78;4.9799995;0.0;2026-10-04T19:15:00+02:00;2026-10-04T22:22:49+02:00;05e34ae3361f
2026-10-05;wwmeyzieu;AROMEHD;2026-10-05T23:00;1.0;2.1;68.0;18.8;0.0;;0.0;0.0;0.0;0.0;45.78;4.9799995;0.0;2026-10-04T19:15:00+02:00;2026-10-04T22:22:49+02:00;05e34ae3361f
2026-10-05;wwmeyzieu;AROMEHD;2026-10-06T00:00;2.2;2.3;243.0;18.1;0.0;;0.0;0.0;0.0;0.0;45.78;4.9799995;0.0;2026-10-04T19:15:00+02:00;2026-10-04T22:22:49+02:00;05e34ae3361f
2026-10-05;wwmeyzieu;ICONCH1;2026-10-05T01:00;2.2;3.7;345.0;18.4;0.0;27.0;0.0;0.0;27.0;27.0;45.787823;4.9783936;0.0;2026-10-04T19:15:00+02:00;2026-10-04T22:22:49+02:00;05e34ae3361f
2026-10-05;wwmeyzieu;ICONCH1;2026-10-05T02:00;1.7;3.1;360.0;17.7;0.0;88.0;0.0;12.0;79.0;88.0;45.787823;4.9783936;0.0;2026-10-04T19:15:00+02:00;2026-10-04T22:22:49+02:00;05e34ae3361f
2026-10-05;wwmeyzieu;ICONCH1;2026-10-05T03:00;2.7;4.3;352.0;17.3;0.0;0.0;0.0;0.0;0.0;0.0;45.787823;4.9783936;0.0;2026-10-04T19:15:00+02:00;2026-10-04T22:22:49+02:00;05e34ae3361f
2026-10-05;wwmeyzieu;ICONCH1;2026-10-05T04:00;0.9;4.1;63.0;17.0;0.0;8.0;0.0;8.0;0.0;8.0;45.787823;4.9783936;0.0;2026-10-04T19:15:00+02:00;2026-10-04T22:22:49+02:00;05e34ae3361f
2026-10-05;wwmeyzieu;ICONCH1;2026-10-05T05:00;2.1;4.1;49.0;15.2;0.0;34.0;0.0;34.0;0.0;34.0;45.787823;4.9783936;0.0;2026-10-04T19:15:00+02:00;2026-10-04T22:22:49+02:00;05e34ae3361f
2026-10-05;wwmeyzieu;ICONCH1;2026-10-05T06:00;1.0;2.7;68.0;15.3;0.0;26.0;0.0;26.0;0.0;26.0;45.787823;4.9783936;0.0;2026-10-04T19:15:00+02:00;2026-10-04T22:22:49+02:00;05e34ae3361f
2026-10-05;wwmeyzieu;ICONCH1;2026-10-05T07:00;1.1;3.5;31.0;15.3;0.0;35.0;0.0;35.0;0.0;35.0;45.787823;4.9783936;0.0;2026-10-04T19:15:00+02:00;2026-10-04T22:22:49+02:00;05e34ae3361f
2026-10-05;wwmeyzieu;ICONCH1;2026-10-05T08:00;0.9;2.5;27.0;15.0;0.0;50.0;0.0;50.0;0.0;50.0;45.787823;4.9783936;0.0;2026-10-04T19:15:00+02:00;2026-10-04T22:22:49+02:00;05e34ae3361f
2026-10-05;wwmeyzieu;ICONCH1;2026-10-05T09:00;1.9;2.9;37.0;14.8;0.0;46.0;46.0;0.0;0.0;46.0;45.787823;4.9783936;0.0;2026-10-04T19:15:00+02:00;2026-10-04T22:22:49+02:00;05e34ae3361f
2026-10-05;wwmeyzieu;ICONCH1;2026-10-05T10:00;1.1;3.1;45.0;16.8;0.0;7.0;0.0;0.0;7.0;7.0;45.787823;4.9783936;0.0;2026-10-04T19:15:00+02:00;2026-10-04T22:22:49+02:00;05e34ae3361f
2026-10-05;wwmeyzieu;ICONCH1;2026-10-05T11:00;0.4;2.3;243.0;18.8;0.0;9.0;0.0;0.0;9.0;9.0;45.787823;4.9783936;0.0;2026-10-04T19:15:00+02:00;2026-10-04T22:22:49+02:00;05e34ae3361f
2026-10-05;wwmeyzieu;ICONCH1;2026-10-05T12:00;0.4;1.9;207.0;20.6;0.0;75.0;0.0;0.0;75.0;75.0;45.787823;4.9783936;0.0;2026-10-04T19:15:00+02:00;2026-10-04T22:22:49+02:00;05e34ae3361f
2026-10-05;wwmeyzieu;ICONCH1;2026-10-05T13:00;1.2;2.9;180.0;22.3;0.0;66.0;0.0;0.0;66.0;66.0;45.787823;4.9783936;0.0;2026-10-04T19:15:00+02:00;2026-10-04T22:22:49+02:00;05e34ae3361f
2026-10-05;wwmeyzieu;ICONCH1;2026-10-05T14:00;1.0;2.9;180.0;23.8;0.0;9.0;0.0;0.0;9.0;9.0;45.787823;4.9783936;0.0;2026-10-04T19:15:00+02:00;2026-10-04T22:22:49+02:00;05e34ae3361f
2026-10-05;wwmeyzieu;ICONCH1;2026-10-05T15:00;1.0;2.9;158.0;24.8;0.0;6.0;0.0;0.0;6.0;6.0;45.787823;4.9783936;0.0;2026-10-04T19:15:00+02:00;2026-10-04T22:22:49+02:00;05e34ae3361f
2026-10-05;wwmeyzieu;ICONCH1;2026-10-05T16:00;1.0;2.7;191.0;25.6;0.0;4.0;0.0;0.0;4.0;4.0;45.787823;4.9783936;0.0;2026-10-04T19:15:00+02:00;2026-10-04T22:22:49+02:00;05e34ae3361f
2026-10-05;wwmeyzieu;ICONCH1;2026-10-05T17:00;1.2;2.5;180.0;25.8;0.0;30.0;30.0;0.0;0.0;30.0;45.787823;4.9783936;0.0;2026-10-04T19:15:00+02:00;2026-10-04T22:22:49+02:00;05e34ae3361f
2026-10-05;wwmeyzieu;ICONCH1;2026-10-05T18:00;1.2;2.5;39.0;25.9;0.0;0.0;0.0;0.0;0.0;0.0;45.787823;4.9783936;0.0;2026-10-04T19:15:00+02:00;2026-10-04T22:22:49+02:00;05e34ae3361f
2026-10-05;wwmeyzieu;ICONCH1;2026-10-05T19:00;3.1;4.9;30.0;24.9;0.0;0.0;0.0;0.0;0.0;0.0;45.787823;4.9783936;0.0;2026-10-04T19:15:00+02:00;2026-10-04T22:22:49+02:00;05e34ae3361f
2026-10-05;wwmeyzieu;ICONCH1;2026-10-05T20:00;3.7;6.4;32.0;22.6;0.0;0.0;0.0;0.0;0.0;0.0;45.787823;4.9783936;0.0;2026-10-04T19:15:00+02:00;2026-10-04T22:22:49+02:00;05e34ae3361f
2026-10-05;wwmeyzieu;ICONCH1;2026-10-05T21:00;2.3;5.6;59.0;21.2;0.0;0.0;0.0;0.0;0.0;0.0;45.787823;4.9783936;0.0;2026-10-04T19:15:00+02:00;2026-10-04T22:22:49+02:00;05e34ae3361f
2026-10-05;wwmeyzieu;ICONCH1;2026-10-05T22:00;2.2;3.5;190.0;20.9;0.0;0.0;0.0;0.0;0.0;0.0;45.787823;4.9783936;0.0;2026-10-04T19:15:00+02:00;2026-10-04T22:22:49+02:00;05e34ae3361f
2026-10-05;wwmeyzieu;ICONCH1;2026-10-05T23:00;2.0;2.9;276.0;19.0;0.0;0.0;0.0;0.0;0.0;0.0;45.787823;4.9783936;0.0;2026-10-04T19:15:00+02:00;2026-10-04T22:22:49+02:00;05e34ae3361f
2026-10-05;wwmeyzieu;ICONCH1;2026-10-06T00:00;1.1;2.7;329.0;18.9;0.0;0.0;0.0;0.0;0.0;0.0;45.787823;4.9783936;0.0;2026-10-04T19:15:00+02:00;2026-10-04T22:22:49+02:00;05e34ae3361f
