target_day;spot_key;model_key;valid_at;wind_speed_10m_kn;wind_gusts_10m_kn;wind_direction_10m_deg;temperature_2m_c;precipitation_mm;cloud_cover_pct;cloud_cover_low_pct;cloud_cover_mid_pct;cloud_cover_high_pct;cloud_cover_max_pct;grid_latitude;grid_longitude;grid_elevation_m;collecte_run_id;collecte_fetched_at;collecte_commit
2026-10-06;cap_des_seselets;AROMEHD;2026-10-06T01:00;2.2;2.5;135.0;17.2;0.0;;0.0;0.0;0.0;0.0;45.66;5.879999;0.0;2026-10-05T13:15:00+02:00;2026-10-05T14:30:03+02:00;cf98f49c0707
2026-10-06;cap_des_seselets;AROMEHD;2026-10-06T02:00;2.3;3.1;110.0;16.8;0.0;;0.0;0.0;0.0;0.0;45.66;5.879999;0.0;2026-10-05T13:15:00+02:00;2026-10-05T14:30:03+02:00;cf98f49c0707
2026-10-06;cap_des_seselets;AROMEHD;2026-10-06T03:00;2.3;3.1;138.0;16.3;0.0;;0.0;0.0;0.0;0.0;45.66;5.879999;0.0;2026-10-05T13:15:00+02:00;2026-10-05T14:30:03+02:00;cf98f49c0707
2026-10-06;cap_des_seselets;AROMEHD;2026-10-06T04:00;2.2;2.7;135.0;16.0;0.0;;0.0;0.0;0.0;0.0;45.66;5.879999;0.0;2026-10-05T13:15:00+02:00;2026-10-05T14:30:03+02:00;cf98f49c0707
2026-10-06;cap_des_seselets;AROMEHD;2026-10-06T05:00;1.6;2.5;150.0;15.8;0.0;;0.0;0.0;0.0;0.0;45.66;5.879999;0.0;2026-10-05T13:15:00+02:00;2026-10-05T14:30:03+02:00;cf98f49c0707
2026-10-06;cap_des_seselets;AROMEHD;2026-10-06T06:00;1.6;1.9;135.0;15.5;0.0;;0.0;0.0;0.0;0.0;45.66;5.879999;0.0;2026-10-05T13:15:00+02:00;2026-10-05T14:30:03+02:00;cf98f49c0707
2026-10-06;cap_des_seselets;AROMEHD;2026-10-06T07:00;1.8;1.9;131.0;15.2;0.0;;0.0;0.0;0.0;0.0;45.66;5.879999;0.0;2026-10-05T13:15:00+02:00;2026-10-05T14:30:03+02:00;cf98f49c0707
2026-10-06;cap_des_seselets;AROMEHD;2026-10-06T08:00;2.0;2.3;151.0;15.2;0.0;;0.0;0.0;0.0;0.0;45.66;5.879999;0.0;2026-10-05T13:15:00+02:00;2026-10-05T14:30:03+02:00;cf98f49c0707
2026-10-06;cap_des_seselets;AROMEHD;2026-10-06T09:00;1.8;2.3;167.0;15.5;0.0;;0.0;0.0;0.0;0.0;45.66;5.879999;0.0;2026-10-05T13:15:00+02:00;2026-10-05T14:30:03+02:00;cf98f49c0707
2026-10-06;cap_des_seselets;AROMEHD;2026-10-06T10:00;0.4;2.9;180.0;16.2;0.0;;0.0;0.0;0.0;0.0;45.66;5.879999;0.0;2026-10-05T13:15:00+02:00;2026-10-05T14:30:03+02:00;cf98f49c0707
2026-10-06;cap_des_seselets;AROMEHD;2026-10-06T11:00;0.7;0.2;326.0;16.4;0.0;;0.0;0.0;0.0;0.0;45.66;5.879999;0.0;2026-10-05T13:15:00+02:00;2026-10-05T14:30:03+02:00;cf98f49c0707
2026-10-06;cap_des_seselets;AROMEHD;2026-10-06T12:00;0.4;1.4;27.0;17.7;0.0;;0.0;0.0;0.0;0.0;45.66;5.879999;0.0;2026-10-05T13:15:00+02:00;2026-10-05T14:30:03+02:00;cf98f49c0707
2026-10-06;cap_des_seselets;AROMEHD;2026-10-06T13:00;1.0;1.7;22.0;18.8;0.0;;0.0;0.0;0.0;0.0;45.66;5.879999;0.0;2026-10-05T13:15:00+02:00;2026-10-05T14:30:03+02:00;cf98f49c0707
2026-10-06;cap_des_seselets;AROMEHD;2026-10-06T14:00;2.6;3.5;13.0;19.6;0.0;;0.0;0.0;0.0;0.0;45.66;5.879999;0.0;2026-10-05T13:15:00+02:00;2026-10-05T14:30:03+02:00;cf98f49c0707
2026-10-06;cap_des_seselets;AROMEHD;2026-10-06T15:00;3.0;4.1;15.0;20.3;0.0;;0.0;0.0;0.0;0.0;45.66;5.879999;0.0;2026-10-05T13:15:00+02:00;2026-10-05T14:30:03+02:00;cf98f49c0707
2026-10-06;cap_des_seselets;AROMEHD;2026-10-06T16:00;2.6;4.1;13.0;20.5;0.0;;0.0;0.0;0.0;0.0;45.66;5.879999;0.0;2026-10-05T13:15:00+02:00;2026-10-05T14:30:03+02:00;cf98f49c0707
2026-10-06;cap_des_seselets;AROMEHD;2026-10-06T17:00;2.0;3.3;29.0;20.7;0.0;;0.0;0.0;0.0;0.0;45.66;5.879999;0.0;2026-10-05T13:15:00+02:00;2026-10-05T14:30:03+02:00;cf98f49c0707
2026-10-06;cap_des_seselets;AROMEHD;2026-10-06T18:00;1.0;2.5;79.0;20.9;0.0;;0.0;0.0;0.0;0.0;45.66;5.879999;0.0;2026-10-05T13:15:00+02:00;2026-10-05T14:30:03+02:00;cf98f49c0707
2026-10-06;cap_des_seselets;AROMEHD;2026-10-06T19:00;1.6;1.2;76.0;20.9;0.0;;0.0;0.0;0.0;0.0;45.66;5.879999;0.0;2026-10-05T13:15:00+02:00;2026-10-05T14:30:03+02:00;cf98f49c0707
2026-10-06;cap_des_seselets;AROMEHD;2026-10-06T20:00;0.8;1.7;166.0;20.8;0.0;;0.0;0.0;0.0;0.0;45.66;5.879999;0.0;2026-10-05T13:15:00+02:00;2026-10-05T14:30:03+02:00;cf98f49c0707
2026-10-06;cap_des_seselets;AROMEHD;2026-10-06T21:00;0.9;1.4;243.0;20.3;0.0;;0.0;0.0;0.0;0.0;45.66;5.879999;0.0;2026-10-05T13:15:00+02:00;2026-10-05T14:30:03+02:00;cf98f49c0707
2026-10-06;cap_des_seselets;AROMEHD;2026-10-06T22:00;3.3;2.9;126.0;19.5;0.0;;0.0;0.0;0.0;0.0;45.66;5.879999;0.0;2026-10-05T13:15:00+02:00;2026-10-05T14:30:03+02:00;cf98f49c0707
2026-10-06;cap_des_seselets;AROMEHD;2026-10-06T23:00;6.9;9.5;205.0;20.2;0.0;;0.0;0.0;92.0;92.0;45.66;5.879999;0.0;2026-10-05T13:15:00+02:00;2026-10-05T14:30:03+02:00;cf98f49c0707
2026-10-06;cap_des_seselets;AROMEHD;2026-10-07T00:00;3.3;9.3;173.0;19.0;0.0;;0.0;0.0;17.0;17.0;45.66;5.879999;0.0;2026-10-05T13:15:00+02:00;2026-10-05T14:30:03+02:00;cf98f49c0707
2026-10-06;cap_des_seselets;ICONCH1;2026-10-06T01:00;1.2;2.5;72.0;18.8;0.0;0.0;0.0;0.0;0.0;0.0;45.66424;5.878174;0.0;2026-10-05T13:15:00+02:00;2026-10-05T14:30:03+02:00;cf98f49c0707
2026-10-06;cap_des_seselets;ICONCH1;2026-10-06T02:00;1.4;2.5;106.0;18.1;0.0;0.0;0.0;0.0;0.0;0.0;45.66424;5.878174;0.0;2026-10-05T13:15:00+02:00;2026-10-05T14:30:03+02:00;cf98f49c0707
2026-10-06;cap_des_seselets;ICONCH1;2026-10-06T03:00;1.7;2.7;90.0;17.8;0.0;0.0;0.0;0.0;0.0;0.0;45.66424;5.878174;0.0;2026-10-05T13:15:00+02:00;2026-10-05T14:30:03+02:00;cf98f49c0707
2026-10-06;cap_des_seselets;ICONCH1;2026-10-06T04:00;2.2;3.3;100.0;16.8;0.0;0.0;0.0;0.0;0.0;0.0;45.66424;5.878174;0.0;2026-10-05T13:15:00+02:00;2026-10-05T14:30:03+02:00;cf98f49c0707
2026-10-06;cap_des_seselets;ICONCH1;2026-10-06T05:00;2.1;2.9;112.0;16.7;0.0;0.0;0.0;0.0;0.0;0.0;45.66424;5.878174;0.0;2026-10-05T13:15:00+02:00;2026-10-05T14:30:03+02:00;cf98f49c0707
2026-10-06;cap_des_seselets;ICONCH1;2026-10-06T06:00;2.1;2.9;131.0;16.0;0.0;0.0;0.0;0.0;0.0;0.0;45.66424;5.878174;0.0;2026-10-05T13:15:00+02:00;2026-10-05T14:30:03+02:00;cf98f49c0707
2026-10-06;cap_des_seselets;ICONCH1;2026-10-06T07:00;2.4;3.7;125.0;15.5;0.0;0.0;0.0;0.0;0.0;0.0;45.66424;5.878174;0.0;2026-10-05T13:15:00+02:00;2026-10-05T14:30:03+02:00;cf98f49c0707
2026-10-06;cap_des_seselets;ICONCH1;2026-10-06T08:00;3.2;4.3;137.0;15.0;0.0;38.0;38.0;0.0;0.0;38.0;45.66424;5.878174;0.0;2026-10-05T13:15:00+02:00;2026-10-05T14:30:03+02:00;cf98f49c0707
2026-10-06;cap_des_seselets;ICONCH1;2026-10-06T09:00;1.0;4.3;143.0;15.1;0.0;50.0;50.0;0.0;0.0;50.0;45.66424;5.878174;0.0;2026-10-05T13:15:00+02:00;2026-10-05T14:30:03+02:00;cf98f49c0707
2026-10-06;cap_des_seselets;ICONCH1;2026-10-06T10:00;0.9;2.7;207.0;16.0;0.0;32.0;32.0;0.0;0.0;32.0;45.66424;5.878174;0.0;2026-10-05T13:15:00+02:00;2026-10-05T14:30:03+02:00;cf98f49c0707
2026-10-06;cap_des_seselets;ICONCH1;2026-10-06T11:00;0.3;1.6;315.0;17.2;0.0;26.0;26.0;0.0;0.0;26.0;45.66424;5.878174;0.0;2026-10-05T13:15:00+02:00;2026-10-05T14:30:03+02:00;cf98f49c0707
2026-10-06;cap_des_seselets;ICONCH1;2026-10-06T12:00;0.6;0.8;360.0;18.9;0.0;0.0;0.0;0.0;0.0;0.0;45.66424;5.878174;0.0;2026-10-05T13:15:00+02:00;2026-10-05T14:30:03+02:00;cf98f49c0707
2026-10-06;cap_des_seselets;ICONCH1;2026-10-06T13:00;2.0;2.7;354.0;20.3;0.0;0.0;0.0;0.0;0.0;0.0;45.66424;5.878174;0.0;2026-10-05T13:15:00+02:00;2026-10-05T14:30:03+02:00;cf98f49c0707
2026-10-06;cap_des_seselets;ICONCH1;2026-10-06T14:00;4.6;5.8;340.0;21.0;0.0;0.0;0.0;0.0;0.0;0.0;45.66424;5.878174;0.0;2026-10-05T13:15:00+02:00;2026-10-05T14:30:03+02:00;cf98f49c0707
2026-10-06;cap_des_seselets;ICONCH1;2026-10-06T15:00;5.1;6.6;349.0;21.9;0.0;0.0;0.0;0.0;0.0;0.0;45.66424;5.878174;0.0;2026-10-05T13:15:00+02:00;2026-10-05T14:30:03+02:00;cf98f49c0707
2026-10-06;cap_des_seselets;ICONCH1;2026-10-06T16:00;4.3;6.6;342.0;22.6;0.0;0.0;0.0;0.0;0.0;0.0;45.66424;5.878174;0.0;2026-10-05T13:15:00+02:00;2026-10-05T14:30:03+02:00;cf98f49c0707
2026-10-06;cap_des_seselets;ICONCH1;2026-10-06T17:00;3.8;5.6;325.0;22.9;0.0;0.0;0.0;0.0;0.0;0.0;45.66424;5.878174;0.0;2026-10-05T13:15:00+02:00;2026-10-05T14:30:03+02:00;cf98f49c0707
2026-10-06;cap_des_seselets;ICONCH1;2026-10-06T18:00;1.5;5.1;293.0;22.9;0.0;0.0;0.0;0.0;0.0;0.0;45.66424;5.878174;0.0;2026-10-05T13:15:00+02:00;2026-10-05T14:30:03+02:00;cf98f49c0707
2026-10-06;cap_des_seselets;ICONCH1;2026-10-06T19:00;2.1;2.7;214.0;22.1;0.0;51.0;42.0;27.0;0.0;51.0;45.66424;5.878174;0.0;2026-10-05T13:15:00+02:00;2026-10-05T14:30:03+02:00;cf98f49c0707
2026-10-06;cap_des_seselets;ICONCH1;2026-10-06T20:00;3.9;5.1;127.0;20.2;0.0;71.0;59.0;46.0;0.0;71.0;45.66424;5.878174;0.0;2026-10-05T13:15:00+02:00;2026-10-05T14:30:03+02:00;cf98f49c0707
2026-10-06;excenevex;AROMEHD;2026-10-06T01:00;3.5;4.1;153.0;16.3;0.0;;0.0;0.0;0.0;0.0;46.35;6.369999;0.0;2026-10-05T13:15:00+02:00;2026-10-05T14:30:03+02:00;cf98f49c0707
2026-10-06;excenevex;AROMEHD;2026-10-06T02:00;3.2;4.3;147.0;16.0;0.0;;0.0;0.0;0.0;0.0;46.35;6.369999;0.0;2026-10-05T13:15:00+02:00;2026-10-05T14:30:03+02:00;cf98f49c0707
2026-10-06;excenevex;AROMEHD;2026-10-06T03:00;1.8;3.9;167.0;16.1;0.0;;0.0;0.0;0.0;0.0;46.35;6.369999;0.0;2026-10-05T13:15:00+02:00;2026-10-05T14:30:03+02:00;cf98f49c0707
2026-10-06;excenevex;AROMEHD;2026-10-06T04:00;2.4;3.3;189.0;15.2;0.0;;0.0;0.0;0.0;0.0;46.35;6.369999;0.0;2026-10-05T13:15:00+02:00;2026-10-05T14:30:03+02:00;cf98f49c0707
2026-10-06;excenevex;AROMEHD;2026-10-06T05:00;2.1;2.7;214.0;14.6;0.0;;0.0;0.0;0.0;0.0;46.35;6.369999;0.0;2026-10-05T13:15:00+02:00;2026-10-05T14:30:03+02:00;cf98f49c0707
2026-10-06;excenevex;AROMEHD;2026-10-06T06:00;1.8;2.5;212.0;13.9;0.0;;0.0;0.0;0.0;0.0;46.35;6.369999;0.0;2026-10-05T13:15:00+02:00;2026-10-05T14:30:03+02:00;cf98f49c0707
2026-10-06;excenevex;AROMEHD;2026-10-06T07:00;1.8;2.1;212.0;13.5;0.0;;0.0;0.0;0.0;0.0;46.35;6.369999;0.0;2026-10-05T13:15:00+02:00;2026-10-05T14:30:03+02:00;cf98f49c0707
2026-10-06;excenevex;AROMEHD;2026-10-06T08:00;1.2;2.1;198.0;13.4;0.0;;0.0;0.0;0.0;0.0;46.35;6.369999;0.0;2026-10-05T13:15:00+02:00;2026-10-05T14:30:03+02:00;cf98f49c0707
2026-10-06;excenevex;AROMEHD;2026-10-06T09:00;1.9;2.1;217.0;13.0;0.0;;0.0;0.0;0.0;0.0;46.35;6.369999;0.0;2026-10-05T13:15:00+02:00;2026-10-05T14:30:03+02:00;cf98f49c0707
2026-10-06;excenevex;AROMEHD;2026-10-06T10:00;1.5;2.3;230.0;14.8;0.0;;0.0;0.0;0.0;0.0;46.35;6.369999;0.0;2026-10-05T13:15:00+02:00;2026-10-05T14:30:03+02:00;cf98f49c0707
2026-10-06;excenevex;AROMEHD;2026-10-06T11:00;2.0;2.7;29.0;15.8;0.0;;0.0;0.0;0.0;0.0;46.35;6.369999;0.0;2026-10-05T13:15:00+02:00;2026-10-05T14:30:03+02:00;cf98f49c0707
2026-10-06;excenevex;AROMEHD;2026-10-06T12:00;2.6;3.3;36.0;16.4;0.0;;0.0;0.0;0.0;0.0;46.35;6.369999;0.0;2026-10-05T13:15:00+02:00;2026-10-05T14:30:03+02:00;cf98f49c0707
2026-10-06;excenevex;AROMEHD;2026-10-06T13:00;3.4;4.3;43.0;16.9;0.0;;0.0;0.0;0.0;0.0;46.35;6.369999;0.0;2026-10-05T13:15:00+02:00;2026-10-05T14:30:03+02:00;cf98f49c0707
2026-10-06;excenevex;AROMEHD;2026-10-06T14:00;3.2;4.1;33.0;17.5;0.0;;0.0;0.0;0.0;0.0;46.35;6.369999;0.0;2026-10-05T13:15:00+02:00;2026-10-05T14:30:03+02:00;cf98f49c0707
2026-10-06;excenevex;AROMEHD;2026-10-06T15:00;3.5;4.1;27.0;18.1;0.0;;0.0;0.0;0.0;0.0;46.35;6.369999;0.0;2026-10-05T13:15:00+02:00;2026-10-05T14:30:03+02:00;cf98f49c0707
2026-10-06;excenevex;AROMEHD;2026-10-06T16:00;5.0;6.2;31.0;18.2;0.0;;0.0;0.0;0.0;0.0;46.35;6.369999;0.0;2026-10-05T13:15:00+02:00;2026-10-05T14:30:03+02:00;cf98f49c0707
2026-10-06;excenevex;AROMEHD;2026-10-06T17:00;4.5;6.2;56.0;18.9;0.0;;0.0;0.0;0.0;0.0;46.35;6.369999;0.0;2026-10-05T13:15:00+02:00;2026-10-05T14:30:03+02:00;cf98f49c0707
2026-10-06;excenevex;AROMEHD;2026-10-06T18:00;5.3;6.2;33.0;19.8;0.0;;0.0;0.0;0.0;0.0;46.35;6.369999;0.0;2026-10-05T13:15:00+02:00;2026-10-05T14:30:03+02:00;cf98f49c0707
2026-10-06;excenevex;AROMEHD;2026-10-06T19:00;4.7;6.4;38.0;20.1;0.0;;0.0;0.0;0.0;0.0;46.35;6.369999;0.0;2026-10-05T13:15:00+02:00;2026-10-05T14:30:03+02:00;cf98f49c0707
2026-10-06;excenevex;AROMEHD;2026-10-06T20:00;3.9;5.8;20.0;19.8;0.0;;0.0;0.0;0.0;0.0;46.35;6.369999;0.0;2026-10-05T13:15:00+02:00;2026-10-05T14:30:03+02:00;cf98f49c0707
2026-10-06;excenevex;AROMEHD;2026-10-06T21:00;0.6;4.7;108.0;18.9;0.0;;0.0;0.0;0.0;0.0;46.35;6.369999;0.0;2026-10-05T13:15:00+02:00;2026-10-05T14:30:03+02:00;cf98f49c0707
2026-10-06;excenevex;AROMEHD;2026-10-06T22:00;2.5;1.6;225.0;16.9;0.0;;0.0;0.0;0.0;0.0;46.35;6.369999;0.0;2026-10-05T13:15:00+02:00;2026-10-05T14:30:03+02:00;cf98f49c0707
2026-10-06;excenevex;AROMEHD;2026-10-06T23:00;3.0;3.3;220.0;16.2;0.0;;0.0;0.0;0.0;0.0;46.35;6.369999;0.0;2026-10-05T13:15:00+02:00;2026-10-05T14:30:03+02:00;cf98f49c0707
2026-10-06;excenevex;AROMEHD;2026-10-07T00:00;2.5;3.3;198.0;15.9;0.0;;0.0;0.0;78.0;78.0;46.35;6.369999;0.0;2026-10-05T13:15:00+02:00;2026-10-05T14:30:03+02:00;cf98f49c0707
2026-10-06;excenevex;ICONCH1;2026-10-06T01:00;2.5;4.7;219.0;17.0;0.0;0.0;0.0;0.0;0.0;0.0;46.351723;6.3624268;0.0;2026-10-05T13:15:00+02:00;2026-10-05T14:30:03+02:00;cf98f49c0707
2026-10-06;excenevex;ICONCH1;2026-10-06T02:00;2.3;3.7;222.0;16.9;0.0;0.0;0.0;0.0;0.0;0.0;46.351723;6.3624268;0.0;2026-10-05T13:15:00+02:00;2026-10-05T14:30:03+02:00;cf98f49c0707
2026-10-06;excenevex;ICONCH1;2026-10-06T03:00;2.3;4.3;185.0;15.1;0.0;0.0;0.0;0.0;0.0;0.0;46.351723;6.3624268;0.0;2026-10-05T13:15:00+02:00;2026-10-05T14:30:03+02:00;cf98f49c0707
2026-10-06;excenevex;ICONCH1;2026-10-06T04:00;2.6;3.5;222.0;14.9;0.0;0.0;0.0;0.0;0.0;0.0;46.351723;6.3624268;0.0;2026-10-05T13:15:00+02:00;2026-10-05T14:30:03+02:00;cf98f49c0707
2026-10-06;excenevex;ICONCH1;2026-10-06T05:00;2.7;5.1;201.0;14.7;0.0;0.0;0.0;0.0;0.0;0.0;46.351723;6.3624268;0.0;2026-10-05T13:15:00+02:00;2026-10-05T14:30:03+02:00;cf98f49c0707
2026-10-06;excenevex;ICONCH1;2026-10-06T06:00;3.3;4.7;225.0;14.6;0.0;0.0;0.0;0.0;0.0;0.0;46.351723;6.3624268;0.0;2026-10-05T13:15:00+02:00;2026-10-05T14:30:03+02:00;cf98f49c0707
2026-10-06;excenevex;ICONCH1;2026-10-06T07:00;3.3;5.4;216.0;13.5;0.0;75.0;75.0;0.0;0.0;75.0;46.351723;6.3624268;0.0;2026-10-05T13:15:00+02:00;2026-10-05T14:30:03+02:00;cf98f49c0707
2026-10-06;excenevex;ICONCH1;2026-10-06T08:00;3.1;4.9;215.0;13.5;0.0;68.0;68.0;0.0;0.0;68.0;46.351723;6.3624268;0.0;2026-10-05T13:15:00+02:00;2026-10-05T14:30:03+02:00;cf98f49c0707
2026-10-06;excenevex;ICONCH1;2026-10-06T09:00;2.9;4.9;217.0;14.1;0.0;37.0;37.0;0.0;0.0;37.0;46.351723;6.3624268;0.0;2026-10-05T13:15:00+02:00;2026-10-05T14:30:03+02:00;cf98f49c0707
2026-10-06;excenevex;ICONCH1;2026-10-06T10:00;1.3;4.3;153.0;15.8;0.0;0.0;0.0;0.0;0.0;0.0;46.351723;6.3624268;0.0;2026-10-05T13:15:00+02:00;2026-10-05T14:30:03+02:00;cf98f49c0707
2026-10-06;excenevex;ICONCH1;2026-10-06T11:00;2.5;3.9;23.0;16.4;0.0;0.0;0.0;0.0;0.0;0.0;46.351723;6.3624268;0.0;2026-10-05T13:15:00+02:00;2026-10-05T14:30:03+02:00;cf98f49c0707
2026-10-06;excenevex;ICONCH1;2026-10-06T12:00;2.0;4.5;11.0;17.1;0.0;0.0;0.0;0.0;0.0;0.0;46.351723;6.3624268;0.0;2026-10-05T13:15:00+02:00;2026-10-05T14:30:03+02:00;cf98f49c0707
2026-10-06;excenevex;ICONCH1;2026-10-06T13:00;2.9;4.9;37.0;17.8;0.0;0.0;0.0;0.0;0.0;0.0;46.351723;6.3624268;0.0;2026-10-05T13:15:00+02:00;2026-10-05T14:30:03+02:00;cf98f49c0707
2026-10-06;excenevex;ICONCH1;2026-10-06T14:00;3.2;6.2;33.0;18.8;0.0;0.0;0.0;0.0;0.0;0.0;46.351723;6.3624268;0.0;2026-10-05T13:15:00+02:00;2026-10-05T14:30:03+02:00;cf98f49c0707
2026-10-06;excenevex;ICONCH1;2026-10-06T15:00;4.3;7.0;39.0;19.6;0.0;0.0;0.0;0.0;0.0;0.0;46.351723;6.3624268;0.0;2026-10-05T13:15:00+02:00;2026-10-05T14:30:03+02:00;cf98f49c0707
2026-10-06;excenevex;ICONCH1;2026-10-06T16:00;4.0;8.0;61.0;20.1;0.0;0.0;0.0;0.0;0.0;0.0;46.351723;6.3624268;0.0;2026-10-05T13:15:00+02:00;2026-10-05T14:30:03+02:00;cf98f49c0707
2026-10-06;excenevex;ICONCH1;2026-10-06T17:00;5.2;7.8;42.0;20.6;0.0;0.0;0.0;0.0;0.0;0.0;46.351723;6.3624268;0.0;2026-10-05T13:15:00+02:00;2026-10-05T14:30:03+02:00;cf98f49c0707
2026-10-06;excenevex;ICONCH1;2026-10-06T18:00;4.5;8.9;65.0;20.9;0.0;99.0;0.0;13.0;98.0;99.0;46.351723;6.3624268;0.0;2026-10-05T13:15:00+02:00;2026-10-05T14:30:03+02:00;cf98f49c0707
2026-10-06;excenevex;ICONCH1;2026-10-06T19:00;4.4;7.8;69.0;21.2;0.0;0.0;0.0;0.0;0.0;0.0;46.351723;6.3624268;0.0;2026-10-05T13:15:00+02:00;2026-10-05T14:30:03+02:00;cf98f49c0707
2026-10-06;excenevex;ICONCH1;2026-10-06T20:00;2.0;6.4;151.0;19.2;0.0;0.0;0.0;0.0;0.0;0.0;46.351723;6.3624268;0.0;2026-10-05T13:15:00+02:00;2026-10-05T14:30:03+02:00;cf98f49c0707
2026-10-06;hermance;AROMEHD;2026-10-06T01:00;3.0;3.3;130.0;15.7;0.0;;0.0;0.0;0.0;0.0;46.309998;6.24;0.0;2026-10-05T13:15:00+02:00;2026-10-05T14:30:03+02:00;cf98f49c0707
2026-10-06;hermance;AROMEHD;2026-10-06T02:00;2.5;3.5;141.0;15.3;0.0;;0.0;0.0;0.0;0.0;46.309998;6.24;0.0;2026-10-05T13:15:00+02:00;2026-10-05T14:30:03+02:00;cf98f49c0707
2026-10-06;hermance;AROMEHD;2026-10-06T03:00;2.5;2.9;141.0;15.0;0.0;;0.0;0.0;0.0;0.0;46.309998;6.24;0.0;2026-10-05T13:15:00+02:00;2026-10-05T14:30:03+02:00;cf98f49c0707
2026-10-06;hermance;AROMEHD;2026-10-06T04:00;2.8;3.1;168.0;14.7;0.0;;0.0;0.0;0.0;0.0;46.309998;6.24;0.0;2026-10-05T13:15:00+02:00;2026-10-05T14:30:03+02:00;cf98f49c0707
2026-10-06;hermance;AROMEHD;2026-10-06T05:00;5.3;6.4;176.0;14.6;0.0;;0.0;0.0;0.0;0.0;46.309998;6.24;0.0;2026-10-05T13:15:00+02:00;2026-10-05T14:30:03+02:00;cf98f49c0707
2026-10-06;hermance;AROMEHD;2026-10-06T06:00;3.8;6.8;165.0;13.9;0.0;;0.0;0.0;0.0;0.0;46.309998;6.24;0.0;2026-10-05T13:15:00+02:00;2026-10-05T14:30:03+02:00;cf98f49c0707
2026-10-06;hermance;AROMEHD;2026-10-06T07:00;3.5;4.5;186.0;13.8;0.0;;0.0;0.0;0.0;0.0;46.309998;6.24;0.0;2026-10-05T13:15:00+02:00;2026-10-05T14:30:03+02:00;cf98f49c0707
2026-10-06;hermance;AROMEHD;2026-10-06T08:00;2.4;4.3;166.0;13.5;0.0;;0.0;0.0;0.0;0.0;46.309998;6.24;0.0;2026-10-05T13:15:00+02:00;2026-10-05T14:30:03+02:00;cf98f49c0707
2026-10-06;hermance;AROMEHD;2026-10-06T09:00;2.4;3.7;171.0;13.5;0.0;;0.0;0.0;0.0;0.0;46.309998;6.24;0.0;2026-10-05T13:15:00+02:00;2026-10-05T14:30:03+02:00;cf98f49c0707
2026-10-06;hermance;AROMEHD;2026-10-06T10:00;2.0;3.3;186.0;14.4;0.0;;0.0;0.0;0.0;0.0;46.309998;6.24;0.0;2026-10-05T13:15:00+02:00;2026-10-05T14:30:03+02:00;cf98f49c0707
2026-10-06;hermance;AROMEHD;2026-10-06T11:00;0.8;2.7;315.0;15.5;0.0;;0.0;0.0;0.0;0.0;46.309998;6.24;0.0;2026-10-05T13:15:00+02:00;2026-10-05T14:30:03+02:00;cf98f49c0707
2026-10-06;hermance;AROMEHD;2026-10-06T12:00;1.3;1.6;333.0;16.3;0.0;;0.0;0.0;0.0;0.0;46.309998;6.24;0.0;2026-10-05T13:15:00+02:00;2026-10-05T14:30:03+02:00;cf98f49c0707
2026-10-06;hermance;AROMEHD;2026-10-06T13:00;3.0;3.7;345.0;17.1;0.0;;0.0;0.0;0.0;0.0;46.309998;6.24;0.0;2026-10-05T13:15:00+02:00;2026-10-05T14:30:03+02:00;cf98f49c0707
2026-10-06;hermance;AROMEHD;2026-10-06T14:00;5.9;7.0;6.0;18.3;0.0;;0.0;0.0;0.0;0.0;46.309998;6.24;0.0;2026-10-05T13:15:00+02:00;2026-10-05T14:30:03+02:00;cf98f49c0707
2026-10-06;hermance;AROMEHD;2026-10-06T15:00;5.1;7.2;11.0;19.1;0.0;;0.0;0.0;0.0;0.0;46.309998;6.24;0.0;2026-10-05T13:15:00+02:00;2026-10-05T14:30:03+02:00;cf98f49c0707
2026-10-06;hermance;AROMEHD;2026-10-06T16:00;6.7;8.0;22.0;19.6;0.0;;0.0;0.0;0.0;0.0;46.309998;6.24;0.0;2026-10-05T13:15:00+02:00;2026-10-05T14:30:03+02:00;cf98f49c0707
2026-10-06;hermance;AROMEHD;2026-10-06T17:00;6.5;8.7;44.0;20.4;0.0;;0.0;0.0;0.0;0.0;46.309998;6.24;0.0;2026-10-05T13:15:00+02:00;2026-10-05T14:30:03+02:00;cf98f49c0707
2026-10-06;hermance;AROMEHD;2026-10-06T18:00;6.8;8.4;31.0;19.8;0.0;;0.0;0.0;0.0;0.0;46.309998;6.24;0.0;2026-10-05T13:15:00+02:00;2026-10-05T14:30:03+02:00;cf98f49c0707
2026-10-06;hermance;AROMEHD;2026-10-06T19:00;6.3;9.5;36.0;19.6;0.0;;0.0;0.0;0.0;0.0;46.309998;6.24;0.0;2026-10-05T13:15:00+02:00;2026-10-05T14:30:03+02:00;cf98f49c0707
2026-10-06;hermance;AROMEHD;2026-10-06T20:00;6.3;7.6;349.0;19.1;0.0;;0.0;0.0;0.0;0.0;46.309998;6.24;0.0;2026-10-05T13:15:00+02:00;2026-10-05T14:30:03+02:00;cf98f49c0707
2026-10-06;hermance;AROMEHD;2026-10-06T21:00;2.7;7.6;360.0;18.7;0.0;;0.0;0.0;0.0;0.0;46.309998;6.24;0.0;2026-10-05T13:15:00+02:00;2026-10-05T14:30:03+02:00;cf98f49c0707
2026-10-06;hermance;AROMEHD;2026-10-06T22:00;2.6;3.1;138.0;16.9;0.0;;0.0;0.0;0.0;0.0;46.309998;6.24;0.0;2026-10-05T13:15:00+02:00;2026-10-05T14:30:03+02:00;cf98f49c0707
2026-10-06;hermance;AROMEHD;2026-10-06T23:00;3.1;3.9;158.0;17.0;0.0;;0.0;0.0;0.0;0.0;46.309998;6.24;0.0;2026-10-05T13:15:00+02:00;2026-10-05T14:30:03+02:00;cf98f49c0707
2026-10-06;hermance;AROMEHD;2026-10-07T00:00;3.5;4.1;142.0;15.9;0.0;;0.0;0.0;13.0;13.0;46.309998;6.24;0.0;2026-10-05T13:15:00+02:00;2026-10-05T14:30:03+02:00;cf98f49c0707
2026-10-06;hermance;ICONCH1;2026-10-06T01:00;2.8;3.9;146.0;15.3;0.0;0.0;0.0;0.0;0.0;0.0;46.30753;6.2349854;0.0;2026-10-05T13:15:00+02:00;2026-10-05T14:30:03+02:00;cf98f49c0707
2026-10-06;hermance;ICONCH1;2026-10-06T02:00;2.7;3.9;159.0;15.1;0.0;0.0;0.0;0.0;0.0;0.0;46.30753;6.2349854;0.0;2026-10-05T13:15:00+02:00;2026-10-05T14:30:03+02:00;cf98f49c0707
2026-10-06;hermance;ICONCH1;2026-10-06T03:00;2.3;4.1;149.0;14.9;0.0;0.0;0.0;0.0;0.0;0.0;46.30753;6.2349854;0.0;2026-10-05T13:15:00+02:00;2026-10-05T14:30:03+02:00;cf98f49c0707
2026-10-06;hermance;ICONCH1;2026-10-06T04:00;2.0;3.1;186.0;15.5;0.0;0.0;0.0;0.0;0.0;0.0;46.30753;6.2349854;0.0;2026-10-05T13:15:00+02:00;2026-10-05T14:30:03+02:00;cf98f49c0707
2026-10-06;hermance;ICONCH1;2026-10-06T05:00;2.6;4.5;138.0;14.8;0.0;0.0;0.0;0.0;0.0;0.0;46.30753;6.2349854;0.0;2026-10-05T13:15:00+02:00;2026-10-05T14:30:03+02:00;cf98f49c0707
2026-10-06;hermance;ICONCH1;2026-10-06T06:00;1.8;3.5;186.0;15.3;0.0;0.0;0.0;0.0;0.0;0.0;46.30753;6.2349854;0.0;2026-10-05T13:15:00+02:00;2026-10-05T14:30:03+02:00;cf98f49c0707
2026-10-06;hermance;ICONCH1;2026-10-06T07:00;3.2;4.5;155.0;14.3;0.0;0.0;0.0;0.0;0.0;0.0;46.30753;6.2349854;0.0;2026-10-05T13:15:00+02:00;2026-10-05T14:30:03+02:00;cf98f49c0707
2026-10-06;hermance;ICONCH1;2026-10-06T08:00;1.8;4.5;148.0;14.5;0.0;0.0;0.0;0.0;0.0;0.0;46.30753;6.2349854;0.0;2026-10-05T13:15:00+02:00;2026-10-05T14:30:03+02:00;cf98f49c0707
2026-10-06;hermance;ICONCH1;2026-10-06T09:00;3.3;4.5;187.0;14.3;0.0;8.0;8.0;0.0;0.0;8.0;46.30753;6.2349854;0.0;2026-10-05T13:15:00+02:00;2026-10-05T14:30:03+02:00;cf98f49c0707
2026-10-06;hermance;ICONCH1;2026-10-06T10:00;4.0;5.4;203.0;15.1;0.0;9.0;9.0;0.0;0.0;9.0;46.30753;6.2349854;0.0;2026-10-05T13:15:00+02:00;2026-10-05T14:30:03+02:00;cf98f49c0707
2026-10-06;hermance;ICONCH1;2026-10-06T11:00;3.4;5.2;260.0;15.9;0.0;0.0;0.0;0.0;0.0;0.0;46.30753;6.2349854;0.0;2026-10-05T13:15:00+02:00;2026-10-05T14:30:03+02:00;cf98f49c0707
2026-10-06;hermance;ICONCH1;2026-10-06T12:00;1.1;4.5;329.0;16.8;0.0;0.0;0.0;0.0;0.0;0.0;46.30753;6.2349854;0.0;2026-10-05T13:15:00+02:00;2026-10-05T14:30:03+02:00;cf98f49c0707
2026-10-06;hermance;ICONCH1;2026-10-06T13:00;1.4;2.1;360.0;17.7;0.0;0.0;0.0;0.0;0.0;0.0;46.30753;6.2349854;0.0;2026-10-05T13:15:00+02:00;2026-10-05T14:30:03+02:00;cf98f49c0707
2026-10-06;hermance;ICONCH1;2026-10-06T14:00;1.4;2.5;360.0;19.1;0.0;0.0;0.0;0.0;0.0;0.0;46.30753;6.2349854;0.0;2026-10-05T13:15:00+02:00;2026-10-05T14:30:03+02:00;cf98f49c0707
2026-10-06;hermance;ICONCH1;2026-10-06T15:00;1.0;1.9;248.0;20.5;0.0;0.0;0.0;0.0;0.0;0.0;46.30753;6.2349854;0.0;2026-10-05T13:15:00+02:00;2026-10-05T14:30:03+02:00;cf98f49c0707
2026-10-06;hermance;ICONCH1;2026-10-06T16:00;1.1;1.9;211.0;21.7;0.0;0.0;0.0;0.0;0.0;0.0;46.30753;6.2349854;0.0;2026-10-05T13:15:00+02:00;2026-10-05T14:30:03+02:00;cf98f49c0707
2026-10-06;hermance;ICONCH1;2026-10-06T17:00;0.4;2.3;270.0;22.5;0.0;22.0;15.0;7.0;0.0;22.0;46.30753;6.2349854;0.0;2026-10-05T13:15:00+02:00;2026-10-05T14:30:03+02:00;cf98f49c0707
2026-10-06;hermance;ICONCH1;2026-10-06T18:00;5.8;7.6;21.0;21.6;0.0;10.0;0.0;10.0;0.0;10.0;46.30753;6.2349854;0.0;2026-10-05T13:15:00+02:00;2026-10-05T14:30:03+02:00;cf98f49c0707
2026-10-06;hermance;ICONCH1;2026-10-06T19:00;5.9;7.6;44.0;20.6;0.0;13.0;0.0;0.0;13.0;13.0;46.30753;6.2349854;0.0;2026-10-05T13:15:00+02:00;2026-10-05T14:30:03+02:00;cf98f49c0707
2026-10-06;hermance;ICONCH1;2026-10-06T20:00;2.8;7.6;74.0;19.0;0.0;5.0;0.0;5.0;0.0;5.0;46.30753;6.2349854;0.0;2026-10-05T13:15:00+02:00;2026-10-05T14:30:03+02:00;cf98f49c0707
2026-10-06;loire_sur_rhone;AROMEHD;2026-10-06T01:00;1.5;1.4;23.0;16.8;0.0;;0.0;0.0;0.0;0.0;45.559998;4.8199997;170.0;2026-10-05T13:15:00+02:00;2026-10-05T14:30:03+02:00;cf98f49c0707
2026-10-06;loire_sur_rhone;AROMEHD;2026-10-06T02:00;1.2;1.6;9.0;16.3;0.0;;0.0;0.0;0.0;0.0;45.559998;4.8199997;170.0;2026-10-05T13:15:00+02:00;2026-10-05T14:30:03+02:00;cf98f49c0707
2026-10-06;loire_sur_rhone;AROMEHD;2026-10-06T03:00;1.2;1.6;18.0;15.9;0.0;;0.0;0.0;0.0;0.0;45.559998;4.8199997;170.0;2026-10-05T13:15:00+02:00;2026-10-05T14:30:03+02:00;cf98f49c0707
2026-10-06;loire_sur_rhone;AROMEHD;2026-10-06T04:00;1.2;1.6;81.0;15.7;0.0;;0.0;0.0;0.0;0.0;45.559998;4.8199997;170.0;2026-10-05T13:15:00+02:00;2026-10-05T14:30:03+02:00;cf98f49c0707
2026-10-06;loire_sur_rhone;AROMEHD;2026-10-06T05:00;1.8;2.5;108.0;15.0;0.0;;0.0;0.0;0.0;0.0;45.559998;4.8199997;170.0;2026-10-05T13:15:00+02:00;2026-10-05T14:30:03+02:00;cf98f49c0707
2026-10-06;loire_sur_rhone;AROMEHD;2026-10-06T06:00;2.3;2.5;110.0;14.7;0.0;;0.0;0.0;0.0;0.0;45.559998;4.8199997;170.0;2026-10-05T13:15:00+02:00;2026-10-05T14:30:03+02:00;cf98f49c0707
2026-10-06;loire_sur_rhone;AROMEHD;2026-10-06T07:00;3.4;5.8;121.0;13.9;0.0;;0.0;0.0;0.0;0.0;45.559998;4.8199997;170.0;2026-10-05T13:15:00+02:00;2026-10-05T14:30:03+02:00;cf98f49c0707
2026-10-06;loire_sur_rhone;AROMEHD;2026-10-06T08:00;3.0;5.4;105.0;13.9;0.0;;0.0;0.0;0.0;0.0;45.559998;4.8199997;170.0;2026-10-05T13:15:00+02:00;2026-10-05T14:30:03+02:00;cf98f49c0707
2026-10-06;loire_sur_rhone;AROMEHD;2026-10-06T09:00;3.0;5.1;101.0;14.7;0.0;;0.0;0.0;0.0;0.0;45.559998;4.8199997;170.0;2026-10-05T13:15:00+02:00;2026-10-05T14:30:03+02:00;cf98f49c0707
2026-10-06;loire_sur_rhone;AROMEHD;2026-10-06T10:00;1.7;5.1;117.0;16.9;0.0;;0.0;0.0;0.0;0.0;45.559998;4.8199997;170.0;2026-10-05T13:15:00+02:00;2026-10-05T14:30:03+02:00;cf98f49c0707
2026-10-06;loire_sur_rhone;AROMEHD;2026-10-06T11:00;2.3;6.0;114.0;19.7;0.0;;0.0;0.0;0.0;0.0;45.559998;4.8199997;170.0;2026-10-05T13:15:00+02:00;2026-10-05T14:30:03+02:00;cf98f49c0707
2026-10-06;loire_sur_rhone;AROMEHD;2026-10-06T12:00;4.7;10.9;145.0;21.4;0.0;;0.0;0.0;0.0;0.0;45.559998;4.8199997;170.0;2026-10-05T13:15:00+02:00;2026-10-05T14:30:03+02:00;cf98f49c0707
2026-10-06;loire_sur_rhone;AROMEHD;2026-10-06T13:00;5.0;12.1;152.0;22.9;0.0;;0.0;0.0;0.0;0.0;45.559998;4.8199997;170.0;2026-10-05T13:15:00+02:00;2026-10-05T14:30:03+02:00;cf98f49c0707
2026-10-06;loire_sur_rhone;AROMEHD;2026-10-06T14:00;5.0;12.2;159.0;24.3;0.0;;0.0;0.0;0.0;0.0;45.559998;4.8199997;170.0;2026-10-05T13:15:00+02:00;2026-10-05T14:30:03+02:00;cf98f49c0707
2026-10-06;loire_sur_rhone;AROMEHD;2026-10-06T15:00;6.0;13.8;155.0;25.3;0.0;;15.0;0.0;0.0;15.0;45.559998;4.8199997;170.0;2026-10-05T13:15:00+02:00;2026-10-05T14:30:03+02:00;cf98f49c0707
2026-10-06;loire_sur_rhone;AROMEHD;2026-10-06T16:00;7.9;16.9;152.0;25.8;0.0;;2.0;0.0;0.0;2.0;45.559998;4.8199997;170.0;2026-10-05T13:15:00+02:00;2026-10-05T14:30:03+02:00;cf98f49c0707
2026-10-06;loire_sur_rhone;AROMEHD;2026-10-06T17:00;9.4;21.4;156.0;25.6;0.0;;1.0;0.0;0.0;1.0;45.559998;4.8199997;170.0;2026-10-05T13:15:00+02:00;2026-10-05T14:30:03+02:00;cf98f49c0707
2026-10-06;loire_sur_rhone;AROMEHD;2026-10-06T18:00;8.0;19.8;176.0;25.0;0.0;;0.0;1.0;7.0;7.0;45.559998;4.8199997;170.0;2026-10-05T13:15:00+02:00;2026-10-05T14:30:03+02:00;cf98f49c0707
2026-10-06;loire_sur_rhone;AROMEHD;2026-10-06T19:00;8.8;18.9;176.0;24.1;0.0;;0.0;0.0;3.0;3.0;45.559998;4.8199997;170.0;2026-10-05T13:15:00+02:00;2026-10-05T14:30:03+02:00;cf98f49c0707
2026-10-06;loire_sur_rhone;AROMEHD;2026-10-06T20:00;8.6;18.5;172.0;22.9;0.0;;0.0;0.0;1.0;1.0;45.559998;4.8199997;170.0;2026-10-05T13:15:00+02:00;2026-10-05T14:30:03+02:00;cf98f49c0707
2026-10-06;loire_sur_rhone;AROMEHD;2026-10-06T21:00;9.1;18.7;164.0;21.8;0.0;;0.0;94.0;100.0;100.0;45.559998;4.8199997;170.0;2026-10-05T13:15:00+02:00;2026-10-05T14:30:03+02:00;cf98f49c0707
2026-10-06;loire_sur_rhone;AROMEHD;2026-10-06T22:00;10.1;22.2;164.0;21.0;0.0;;0.0;100.0;97.0;100.0;45.559998;4.8199997;170.0;2026-10-05T13:15:00+02:00;2026-10-05T14:30:03+02:00;cf98f49c0707
2026-10-06;loire_sur_rhone;AROMEHD;2026-10-06T23:00;9.3;21.8;168.0;20.2;0.0;;0.0;35.0;97.0;97.0;45.559998;4.8199997;170.0;2026-10-05T13:15:00+02:00;2026-10-05T14:30:03+02:00;cf98f49c0707
2026-10-06;loire_sur_rhone;AROMEHD;2026-10-07T00:00;8.2;20.6;173.0;19.5;0.0;;0.0;100.0;100.0;100.0;45.559998;4.8199997;170.0;2026-10-05T13:15:00+02:00;2026-10-05T14:30:03+02:00;cf98f49c0707
2026-10-06;loire_sur_rhone;ICONCH1;2026-10-06T01:00;0.7;1.7;304.0;16.5;0.0;0.0;0.0;0.0;0.0;0.0;45.550514;4.828491;200.0;2026-10-05T13:15:00+02:00;2026-10-05T14:30:03+02:00;cf98f49c0707
2026-10-06;loire_sur_rhone;ICONCH1;2026-10-06T02:00;2.7;4.1;184.0;16.4;0.0;0.0;0.0;0.0;0.0;0.0;45.550514;4.828491;200.0;2026-10-05T13:15:00+02:00;2026-10-05T14:30:03+02:00;cf98f49c0707
2026-10-06;loire_sur_rhone;ICONCH1;2026-10-06T03:00;2.6;6.4;189.0;15.2;0.0;0.0;0.0;0.0;0.0;0.0;45.550514;4.828491;200.0;2026-10-05T13:15:00+02:00;2026-10-05T14:30:03+02:00;cf98f49c0707
2026-10-06;loire_sur_rhone;ICONCH1;2026-10-06T04:00;2.1;4.1;146.0;14.9;0.0;0.0;0.0;0.0;0.0;0.0;45.550514;4.828491;200.0;2026-10-05T13:15:00+02:00;2026-10-05T14:30:03+02:00;cf98f49c0707
2026-10-06;loire_sur_rhone;ICONCH1;2026-10-06T05:00;2.3;4.1;175.0;14.7;0.0;0.0;0.0;0.0;0.0;0.0;45.550514;4.828491;200.0;2026-10-05T13:15:00+02:00;2026-10-05T14:30:03+02:00;cf98f49c0707
2026-10-06;loire_sur_rhone;ICONCH1;2026-10-06T06:00;2.0;3.9;169.0;14.2;0.0;0.0;0.0;0.0;0.0;0.0;45.550514;4.828491;200.0;2026-10-05T13:15:00+02:00;2026-10-05T14:30:03+02:00;cf98f49c0707
2026-10-06;loire_sur_rhone;ICONCH1;2026-10-06T07:00;2.0;3.7;151.0;13.9;0.0;0.0;0.0;0.0;0.0;0.0;45.550514;4.828491;200.0;2026-10-05T13:15:00+02:00;2026-10-05T14:30:03+02:00;cf98f49c0707
2026-10-06;loire_sur_rhone;ICONCH1;2026-10-06T08:00;2.2;4.1;153.0;13.7;0.0;0.0;0.0;0.0;0.0;0.0;45.550514;4.828491;200.0;2026-10-05T13:15:00+02:00;2026-10-05T14:30:03+02:00;cf98f49c0707
2026-10-06;loire_sur_rhone;ICONCH1;2026-10-06T09:00;1.4;4.1;106.0;14.9;0.0;6.0;6.0;0.0;0.0;6.0;45.550514;4.828491;200.0;2026-10-05T13:15:00+02:00;2026-10-05T14:30:03+02:00;cf98f49c0707
2026-10-06;loire_sur_rhone;ICONCH1;2026-10-06T10:00;1.7;4.3;117.0;16.8;0.0;7.0;7.0;0.0;0.0;7.0;45.550514;4.828491;200.0;2026-10-05T13:15:00+02:00;2026-10-05T14:30:03+02:00;cf98f49c0707
2026-10-06;loire_sur_rhone;ICONCH1;2026-10-06T11:00;6.0;10.1;161.0;19.2;0.0;0.0;0.0;0.0;0.0;0.0;45.550514;4.828491;200.0;2026-10-05T13:15:00+02:00;2026-10-05T14:30:03+02:00;cf98f49c0707
2026-10-06;loire_sur_rhone;ICONCH1;2026-10-06T12:00;7.6;12.6;161.0;20.7;0.0;0.0;0.0;0.0;0.0;0.0;45.550514;4.828491;200.0;2026-10-05T13:15:00+02:00;2026-10-05T14:30:03+02:00;cf98f49c0707
2026-10-06;loire_sur_rhone;ICONCH1;2026-10-06T13:00;8.7;14.4;156.0;22.6;0.0;36.0;36.0;0.0;0.0;36.0;45.550514;4.828491;200.0;2026-10-05T13:15:00+02:00;2026-10-05T14:30:03+02:00;cf98f49c0707
2026-10-06;loire_sur_rhone;ICONCH1;2026-10-06T14:00;9.8;16.1;163.0;24.2;0.0;50.0;50.0;0.0;0.0;50.0;45.550514;4.828491;200.0;2026-10-05T13:15:00+02:00;2026-10-05T14:30:03+02:00;cf98f49c0707
2026-10-06;loire_sur_rhone;ICONCH1;2026-10-06T15:00;9.8;16.7;172.0;24.7;0.0;44.0;42.0;5.0;0.0;44.0;45.550514;4.828491;200.0;2026-10-05T13:15:00+02:00;2026-10-05T14:30:03+02:00;cf98f49c0707
2026-10-06;loire_sur_rhone;ICONCH1;2026-10-06T16:00;10.4;17.3;166.0;24.9;0.0;39.0;0.0;39.0;0.0;39.0;45.550514;4.828491;200.0;2026-10-05T13:15:00+02:00;2026-10-05T14:30:03+02:00;cf98f49c0707
2026-10-06;loire_sur_rhone;ICONCH1;2026-10-06T17:00;11.1;17.9;168.0;24.5;0.0;0.0;0.0;0.0;0.0;0.0;45.550514;4.828491;200.0;2026-10-05T13:15:00+02:00;2026-10-05T14:30:03+02:00;cf98f49c0707
2026-10-06;loire_sur_rhone;ICONCH1;2026-10-06T18:00;11.1;17.9;165.0;23.7;0.0;73.0;0.0;9.0;66.0;73.0;45.550514;4.828491;200.0;2026-10-05T13:15:00+02:00;2026-10-05T14:30:03+02:00;cf98f49c0707
2026-10-06;loire_sur_rhone;ICONCH1;2026-10-06T19:00;11.1;17.7;168.0;22.2;0.0;100.0;0.0;0.0;100.0;100.0;45.550514;4.828491;200.0;2026-10-05T13:15:00+02:00;2026-10-05T14:30:03+02:00;cf98f49c0707
2026-10-06;loire_sur_rhone;ICONCH1;2026-10-06T20:00;14.7;23.3;173.0;20.8;0.0;56.0;0.0;24.0;36.0;56.0;45.550514;4.828491;200.0;2026-10-05T13:15:00+02:00;2026-10-05T14:30:03+02:00;cf98f49c0707
2026-10-06;messery;AROMEHD;2026-10-06T01:00;1.2;2.1;189.0;17.4;0.0;;0.0;0.0;0.0;0.0;46.35;6.2700005;0.0;2026-10-05T13:15:00+02:00;2026-10-05T14:30:03+02:00;cf98f49c0707
2026-10-06;messery;AROMEHD;2026-10-06T02:00;2.0;3.5;241.0;17.0;0.0;;0.0;0.0;0.0;0.0;46.35;6.2700005;0.0;2026-10-05T13:15:00+02:00;2026-10-05T14:30:03+02:00;cf98f49c0707
2026-10-06;messery;AROMEHD;2026-10-06T03:00;2.8;4.1;231.0;16.6;0.0;;0.0;0.0;0.0;0.0;46.35;6.2700005;0.0;2026-10-05T13:15:00+02:00;2026-10-05T14:30:03+02:00;cf98f49c0707
2026-10-06;messery;AROMEHD;2026-10-06T04:00;2.9;4.5;217.0;16.0;0.0;;0.0;0.0;0.0;0.0;46.35;6.2700005;0.0;2026-10-05T13:15:00+02:00;2026-10-05T14:30:03+02:00;cf98f49c0707
2026-10-06;messery;AROMEHD;2026-10-06T05:00;3.7;4.5;205.0;15.6;0.0;;0.0;0.0;0.0;0.0;46.35;6.2700005;0.0;2026-10-05T13:15:00+02:00;2026-10-05T14:30:03+02:00;cf98f49c0707
2026-10-06;messery;AROMEHD;2026-10-06T06:00;3.8;6.0;204.0;15.4;0.0;;0.0;0.0;0.0;0.0;46.35;6.2700005;0.0;2026-10-05T13:15:00+02:00;2026-10-05T14:30:03+02:00;cf98f49c0707
2026-10-06;messery;AROMEHD;2026-10-06T07:00;3.1;4.9;240.0;14.9;0.0;;0.0;0.0;0.0;0.0;46.35;6.2700005;0.0;2026-10-05T13:15:00+02:00;2026-10-05T14:30:03+02:00;cf98f49c0707
2026-10-06;messery;AROMEHD;2026-10-06T08:00;2.7;5.2;262.0;14.9;0.0;;0.0;0.0;0.0;0.0;46.35;6.2700005;0.0;2026-10-05T13:15:00+02:00;2026-10-05T14:30:03+02:00;cf98f49c0707
2026-10-06;messery;AROMEHD;2026-10-06T09:00;2.4;4.5;256.0;15.0;0.0;;0.0;0.0;0.0;0.0;46.35;6.2700005;0.0;2026-10-05T13:15:00+02:00;2026-10-05T14:30:03+02:00;cf98f49c0707
2026-10-06;messery;AROMEHD;2026-10-06T10:00;2.2;3.9;232.0;15.0;0.0;;0.0;0.0;0.0;0.0;46.35;6.2700005;0.0;2026-10-05T13:15:00+02:00;2026-10-05T14:30:03+02:00;cf98f49c0707
2026-10-06;messery;AROMEHD;2026-10-06T11:00;1.1;3.5;239.0;15.4;0.0;;0.0;0.0;0.0;0.0;46.35;6.2700005;0.0;2026-10-05T13:15:00+02:00;2026-10-05T14:30:03+02:00;cf98f49c0707
2026-10-06;messery;AROMEHD;2026-10-06T12:00;1.0;1.6;292.0;16.3;0.0;;0.0;0.0;0.0;0.0;46.35;6.2700005;0.0;2026-10-05T13:15:00+02:00;2026-10-05T14:30:03+02:00;cf98f49c0707
2026-10-06;messery;AROMEHD;2026-10-06T13:00;3.3;4.3;3.0;17.0;0.0;;0.0;0.0;0.0;0.0;46.35;6.2700005;0.0;2026-10-05T13:15:00+02:00;2026-10-05T14:30:03+02:00;cf98f49c0707
2026-10-06;messery;AROMEHD;2026-10-06T14:00;5.5;7.2;32.0;18.7;0.0;;0.0;0.0;0.0;0.0;46.35;6.2700005;0.0;2026-10-05T13:15:00+02:00;2026-10-05T14:30:03+02:00;cf98f49c0707
2026-10-06;messery;AROMEHD;2026-10-06T15:00;5.4;7.6;35.0;19.0;0.0;;0.0;0.0;0.0;0.0;46.35;6.2700005;0.0;2026-10-05T13:15:00+02:00;2026-10-05T14:30:03+02:00;cf98f49c0707
2026-10-06;messery;AROMEHD;2026-10-06T16:00;7.0;8.7;39.0;18.8;0.0;;0.0;0.0;0.0;0.0;46.35;6.2700005;0.0;2026-10-05T13:15:00+02:00;2026-10-05T14:30:03+02:00;cf98f49c0707
2026-10-06;messery;AROMEHD;2026-10-06T17:00;6.1;8.9;68.0;19.5;0.0;;0.0;0.0;0.0;0.0;46.35;6.2700005;0.0;2026-10-05T13:15:00+02:00;2026-10-05T14:30:03+02:00;cf98f49c0707
2026-10-06;messery;AROMEHD;2026-10-06T18:00;6.5;8.9;60.0;19.5;0.0;;0.0;0.0;0.0;0.0;46.35;6.2700005;0.0;2026-10-05T13:15:00+02:00;2026-10-05T14:30:03+02:00;cf98f49c0707
2026-10-06;messery;AROMEHD;2026-10-06T19:00;5.6;8.7;65.0;19.7;0.0;;0.0;0.0;0.0;0.0;46.35;6.2700005;0.0;2026-10-05T13:15:00+02:00;2026-10-05T14:30:03+02:00;cf98f49c0707
2026-10-06;messery;AROMEHD;2026-10-06T20:00;5.5;7.2;356.0;18.9;0.0;;0.0;0.0;0.0;0.0;46.35;6.2700005;0.0;2026-10-05T13:15:00+02:00;2026-10-05T14:30:03+02:00;cf98f49c0707
2026-10-06;messery;AROMEHD;2026-10-06T21:00;1.5;6.4;23.0;18.9;0.0;;0.0;0.0;0.0;0.0;46.35;6.2700005;0.0;2026-10-05T13:15:00+02:00;2026-10-05T14:30:03+02:00;cf98f49c0707
2026-10-06;messery;AROMEHD;2026-10-06T22:00;1.4;2.1;172.0;17.7;0.0;;0.0;0.0;0.0;0.0;46.35;6.2700005;0.0;2026-10-05T13:15:00+02:00;2026-10-05T14:30:03+02:00;cf98f49c0707
2026-10-06;messery;AROMEHD;2026-10-06T23:00;2.1;2.5;185.0;17.4;0.0;;0.0;0.0;0.0;0.0;46.35;6.2700005;0.0;2026-10-05T13:15:00+02:00;2026-10-05T14:30:03+02:00;cf98f49c0707
2026-10-06;messery;AROMEHD;2026-10-07T00:00;2.1;2.7;146.0;16.0;0.0;;0.0;0.0;13.0;13.0;46.35;6.2700005;0.0;2026-10-05T13:15:00+02:00;2026-10-05T14:30:03+02:00;cf98f49c0707
2026-10-06;messery;ICONCH1;2026-10-06T01:00;2.6;4.1;261.0;17.1;0.0;0.0;0.0;0.0;0.0;0.0;46.3589;6.2749023;0.0;2026-10-05T13:15:00+02:00;2026-10-05T14:30:03+02:00;cf98f49c0707
2026-10-06;messery;ICONCH1;2026-10-06T02:00;3.3;5.1;263.0;16.6;0.0;0.0;0.0;0.0;0.0;0.0;46.3589;6.2749023;0.0;2026-10-05T13:15:00+02:00;2026-10-05T14:30:03+02:00;cf98f49c0707
2026-10-06;messery;ICONCH1;2026-10-06T03:00;2.9;4.5;278.0;16.2;0.0;0.0;0.0;0.0;0.0;0.0;46.3589;6.2749023;0.0;2026-10-05T13:15:00+02:00;2026-10-05T14:30:03+02:00;cf98f49c0707
2026-10-06;messery;ICONCH1;2026-10-06T04:00;2.4;4.9;284.0;15.9;0.0;0.0;0.0;0.0;0.0;0.0;46.3589;6.2749023;0.0;2026-10-05T13:15:00+02:00;2026-10-05T14:30:03+02:00;cf98f49c0707
2026-10-06;messery;ICONCH1;2026-10-06T05:00;3.0;3.9;302.0;15.5;0.0;0.0;0.0;0.0;0.0;0.0;46.3589;6.2749023;0.0;2026-10-05T13:15:00+02:00;2026-10-05T14:30:03+02:00;cf98f49c0707
2026-10-06;messery;ICONCH1;2026-10-06T06:00;3.0;4.1;285.0;15.5;0.0;0.0;0.0;0.0;0.0;0.0;46.3589;6.2749023;0.0;2026-10-05T13:15:00+02:00;2026-10-05T14:30:03+02:00;cf98f49c0707
2026-10-06;messery;ICONCH1;2026-10-06T07:00;2.5;4.1;266.0;15.5;0.0;0.0;0.0;0.0;0.0;0.0;46.3589;6.2749023;0.0;2026-10-05T13:15:00+02:00;2026-10-05T14:30:03+02:00;cf98f49c0707
2026-10-06;messery;ICONCH1;2026-10-06T08:00;2.4;3.5;279.0;15.3;0.0;0.0;0.0;0.0;0.0;0.0;46.3589;6.2749023;0.0;2026-10-05T13:15:00+02:00;2026-10-05T14:30:03+02:00;cf98f49c0707
2026-10-06;messery;ICONCH1;2026-10-06T09:00;3.4;4.7;227.0;15.3;0.0;37.0;37.0;0.0;0.0;37.0;46.3589;6.2749023;0.0;2026-10-05T13:15:00+02:00;2026-10-05T14:30:03+02:00;cf98f49c0707
2026-10-06;messery;ICONCH1;2026-10-06T10:00;4.3;6.0;204.0;15.4;0.0;6.0;6.0;0.0;0.0;6.0;46.3589;6.2749023;0.0;2026-10-05T13:15:00+02:00;2026-10-05T14:30:03+02:00;cf98f49c0707
2026-10-06;messery;ICONCH1;2026-10-06T11:00;2.6;5.6;257.0;16.2;0.0;0.0;0.0;0.0;0.0;0.0;46.3589;6.2749023;0.0;2026-10-05T13:15:00+02:00;2026-10-05T14:30:03+02:00;cf98f49c0707
2026-10-06;messery;ICONCH1;2026-10-06T12:00;0.4;3.5;117.0;16.9;0.0;0.0;0.0;0.0;0.0;0.0;46.3589;6.2749023;0.0;2026-10-05T13:15:00+02:00;2026-10-05T14:30:03+02:00;cf98f49c0707
2026-10-06;messery;ICONCH1;2026-10-06T13:00;1.4;2.3;56.0;17.9;0.0;0.0;0.0;0.0;0.0;0.0;46.3589;6.2749023;0.0;2026-10-05T13:15:00+02:00;2026-10-05T14:30:03+02:00;cf98f49c0707
2026-10-06;messery;ICONCH1;2026-10-06T14:00;1.6;3.3;76.0;19.2;0.0;0.0;0.0;0.0;0.0;0.0;46.3589;6.2749023;0.0;2026-10-05T13:15:00+02:00;2026-10-05T14:30:03+02:00;cf98f49c0707
2026-10-06;messery;ICONCH1;2026-10-06T15:00;2.1;3.1;49.0;19.9;0.0;50.0;50.0;0.0;0.0;50.0;46.3589;6.2749023;0.0;2026-10-05T13:15:00+02:00;2026-10-05T14:30:03+02:00;cf98f49c0707
2026-10-06;messery;ICONCH1;2026-10-06T16:00;3.0;3.9;79.0;20.5;0.0;46.0;2.0;44.0;0.0;46.0;46.3589;6.2749023;0.0;2026-10-05T13:15:00+02:00;2026-10-05T14:30:03+02:00;cf98f49c0707
2026-10-06;messery;ICONCH1;2026-10-06T17:00;6.7;8.6;46.0;20.9;0.0;79.0;22.0;69.0;0.0;79.0;46.3589;6.2749023;0.0;2026-10-05T13:15:00+02:00;2026-10-05T14:30:03+02:00;cf98f49c0707
2026-10-06;messery;ICONCH1;2026-10-06T18:00;5.1;10.1;65.0;20.9;0.0;10.0;7.0;4.0;0.0;10.0;46.3589;6.2749023;0.0;2026-10-05T13:15:00+02:00;2026-10-05T14:30:03+02:00;cf98f49c0707
2026-10-06;messery;ICONCH1;2026-10-06T19:00;5.7;8.4;59.0;21.1;0.0;100.0;0.0;0.0;100.0;100.0;46.3589;6.2749023;0.0;2026-10-05T13:15:00+02:00;2026-10-05T14:30:03+02:00;cf98f49c0707
2026-10-06;messery;ICONCH1;2026-10-06T20:00;4.2;7.4;349.0;18.9;0.0;0.0;0.0;0.0;0.0;0.0;46.3589;6.2749023;0.0;2026-10-05T13:15:00+02:00;2026-10-05T14:30:03+02:00;cf98f49c0707
2026-10-06;parking_pre_rencontre;AROMEHD;2026-10-06T01:00;0.3;0.8;45.0;12.1;0.0;;0.0;0.0;0.0;0.0;45.01;5.779999;0.0;2026-10-05T13:15:00+02:00;2026-10-05T14:30:03+02:00;cf98f49c0707
2026-10-06;parking_pre_rencontre;AROMEHD;2026-10-06T02:00;0.4;1.2;27.0;11.9;0.0;;0.0;0.0;0.0;0.0;45.01;5.779999;0.0;2026-10-05T13:15:00+02:00;2026-10-05T14:30:03+02:00;cf98f49c0707
2026-10-06;parking_pre_rencontre;AROMEHD;2026-10-06T03:00;0.2;1.6;360.0;11.7;0.0;;0.0;0.0;0.0;0.0;45.01;5.779999;0.0;2026-10-05T13:15:00+02:00;2026-10-05T14:30:03+02:00;cf98f49c0707
2026-10-06;parking_pre_rencontre;AROMEHD;2026-10-06T04:00;0.3;1.4;45.0;11.6;0.0;;0.0;0.0;0.0;0.0;45.01;5.779999;0.0;2026-10-05T13:15:00+02:00;2026-10-05T14:30:03+02:00;cf98f49c0707
2026-10-06;parking_pre_rencontre;AROMEHD;2026-10-06T05:00;0.4;1.4;360.0;11.4;0.0;;0.0;0.0;0.0;0.0;45.01;5.779999;0.0;2026-10-05T13:15:00+02:00;2026-10-05T14:30:03+02:00;cf98f49c0707
2026-10-06;parking_pre_rencontre;AROMEHD;2026-10-06T06:00;0.4;1.2;360.0;11.2;0.0;;0.0;0.0;0.0;0.0;45.01;5.779999;0.0;2026-10-05T13:15:00+02:00;2026-10-05T14:30:03+02:00;cf98f49c0707
2026-10-06;parking_pre_rencontre;AROMEHD;2026-10-06T07:00;0.2;1.0;360.0;11.2;0.0;;0.0;0.0;0.0;0.0;45.01;5.779999;0.0;2026-10-05T13:15:00+02:00;2026-10-05T14:30:03+02:00;cf98f49c0707
2026-10-06;parking_pre_rencontre;AROMEHD;2026-10-06T08:00;1.1;1.2;31.0;10.8;0.0;;0.0;0.0;0.0;0.0;45.01;5.779999;0.0;2026-10-05T13:15:00+02:00;2026-10-05T14:30:03+02:00;cf98f49c0707
2026-10-06;parking_pre_rencontre;AROMEHD;2026-10-06T09:00;0.9;1.4;27.0;11.5;0.0;;0.0;0.0;0.0;0.0;45.01;5.779999;0.0;2026-10-05T13:15:00+02:00;2026-10-05T14:30:03+02:00;cf98f49c0707
2026-10-06;parking_pre_rencontre;AROMEHD;2026-10-06T10:00;0.7;1.4;56.0;13.9;0.0;;0.0;0.0;0.0;0.0;45.01;5.779999;0.0;2026-10-05T13:15:00+02:00;2026-10-05T14:30:03+02:00;cf98f49c0707
2026-10-06;parking_pre_rencontre;AROMEHD;2026-10-06T11:00;2.9;6.8;160.0;16.4;0.0;;0.0;0.0;0.0;0.0;45.01;5.779999;0.0;2026-10-05T13:15:00+02:00;2026-10-05T14:30:03+02:00;cf98f49c0707
2026-10-06;parking_pre_rencontre;AROMEHD;2026-10-06T12:00;4.5;10.3;173.0;17.8;0.0;;0.0;0.0;0.0;0.0;45.01;5.779999;0.0;2026-10-05T13:15:00+02:00;2026-10-05T14:30:03+02:00;cf98f49c0707
2026-10-06;parking_pre_rencontre;AROMEHD;2026-10-06T13:00;5.1;12.4;182.0;18.6;0.0;;1.0;0.0;0.0;1.0;45.01;5.779999;0.0;2026-10-05T13:15:00+02:00;2026-10-05T14:30:03+02:00;cf98f49c0707
2026-10-06;parking_pre_rencontre;AROMEHD;2026-10-06T14:00;2.9;12.1;340.0;17.1;0.5;;32.0;100.0;0.0;100.0;45.01;5.779999;0.0;2026-10-05T13:15:00+02:00;2026-10-05T14:30:03+02:00;cf98f49c0707
2026-10-06;parking_pre_rencontre;AROMEHD;2026-10-06T15:00;4.3;10.5;3.0;17.3;0.0;;4.0;4.0;0.0;4.0;45.01;5.779999;0.0;2026-10-05T13:15:00+02:00;2026-10-05T14:30:03+02:00;cf98f49c0707
2026-10-06;parking_pre_rencontre;AROMEHD;2026-10-06T16:00;3.5;9.5;360.0;17.2;0.3;;4.0;1.0;0.0;4.0;45.01;5.779999;0.0;2026-10-05T13:15:00+02:00;2026-10-05T14:30:03+02:00;cf98f49c0707
2026-10-06;parking_pre_rencontre;AROMEHD;2026-10-06T17:00;2.5;8.2;356.0;17.2;0.0;;8.0;0.0;0.0;8.0;45.01;5.779999;0.0;2026-10-05T13:15:00+02:00;2026-10-05T14:30:03+02:00;cf98f49c0707
2026-10-06;parking_pre_rencontre;AROMEHD;2026-10-06T18:00;2.1;6.2;185.0;15.8;1.9;;97.0;100.0;0.0;100.0;45.01;5.779999;0.0;2026-10-05T13:15:00+02:00;2026-10-05T14:30:03+02:00;cf98f49c0707
2026-10-06;parking_pre_rencontre;AROMEHD;2026-10-06T19:00;3.3;6.6;183.0;15.1;0.3;;1.0;1.0;0.0;1.0;45.01;5.779999;0.0;2026-10-05T13:15:00+02:00;2026-10-05T14:30:03+02:00;cf98f49c0707
2026-10-06;parking_pre_rencontre;AROMEHD;2026-10-06T20:00;4.7;12.2;182.0;14.4;0.0;;0.0;0.0;6.0;6.0;45.01;5.779999;0.0;2026-10-05T13:15:00+02:00;2026-10-05T14:30:03+02:00;cf98f49c0707
2026-10-06;parking_pre_rencontre;AROMEHD;2026-10-06T21:00;4.3;10.7;175.0;13.7;0.0;;0.0;0.0;100.0;100.0;45.01;5.779999;0.0;2026-10-05T13:15:00+02:00;2026-10-05T14:30:03+02:00;cf98f49c0707
2026-10-06;parking_pre_rencontre;AROMEHD;2026-10-06T22:00;4.5;10.1;173.0;13.5;0.0;;0.0;0.0;98.0;98.0;45.01;5.779999;0.0;2026-10-05T13:15:00+02:00;2026-10-05T14:30:03+02:00;cf98f49c0707
2026-10-06;parking_pre_rencontre;AROMEHD;2026-10-06T23:00;3.9;10.3;171.0;13.2;0.0;;0.0;1.0;15.0;15.0;45.01;5.779999;0.0;2026-10-05T13:15:00+02:00;2026-10-05T14:30:03+02:00;cf98f49c0707
2026-10-06;parking_pre_rencontre;AROMEHD;2026-10-07T00:00;4.1;9.1;172.0;13.1;0.0;;0.0;8.0;91.0;91.0;45.01;5.779999;0.0;2026-10-05T13:15:00+02:00;2026-10-05T14:30:03+02:00;cf98f49c0707
2026-10-06;parking_pre_rencontre;ICONCH1;2026-10-06T01:00;2.0;3.5;209.0;13.3;0.0;50.0;50.0;0.0;0.0;50.0;45.0093;5.77124;1002.0;2026-10-05T13:15:00+02:00;2026-10-05T14:30:03+02:00;cf98f49c0707
2026-10-06;parking_pre_rencontre;ICONCH1;2026-10-06T02:00;2.0;2.7;197.0;13.0;0.0;43.0;43.0;0.0;0.0;43.0;45.0093;5.77124;1002.0;2026-10-05T13:15:00+02:00;2026-10-05T14:30:03+02:00;cf98f49c0707
2026-10-06;parking_pre_rencontre;ICONCH1;2026-10-06T03:00;2.6;3.9;216.0;12.6;0.0;0.0;0.0;0.0;0.0;0.0;45.0093;5.77124;1002.0;2026-10-05T13:15:00+02:00;2026-10-05T14:30:03+02:00;cf98f49c0707
2026-10-06;parking_pre_rencontre;ICONCH1;2026-10-06T04:00;1.2;3.5;198.0;12.3;0.0;27.0;27.0;0.0;0.0;27.0;45.0093;5.77124;1002.0;2026-10-05T13:15:00+02:00;2026-10-05T14:30:03+02:00;cf98f49c0707
2026-10-06;parking_pre_rencontre;ICONCH1;2026-10-06T05:00;2.6;3.3;207.0;11.7;0.0;82.0;82.0;0.0;0.0;82.0;45.0093;5.77124;1002.0;2026-10-05T13:15:00+02:00;2026-10-05T14:30:03+02:00;cf98f49c0707
2026-10-06;parking_pre_rencontre;ICONCH1;2026-10-06T06:00;2.9;3.9;208.0;11.6;0.0;87.0;87.0;0.0;0.0;87.0;45.0093;5.77124;1002.0;2026-10-05T13:15:00+02:00;2026-10-05T14:30:03+02:00;cf98f49c0707
2026-10-06;parking_pre_rencontre;ICONCH1;2026-10-06T07:00;3.1;4.5;210.0;11.8;0.0;39.0;39.0;0.0;0.0;39.0;45.0093;5.77124;1002.0;2026-10-05T13:15:00+02:00;2026-10-05T14:30:03+02:00;cf98f49c0707
2026-10-06;parking_pre_rencontre;ICONCH1;2026-10-06T08:00;3.1;4.7;210.0;11.5;0.0;39.0;39.0;0.0;0.0;39.0;45.0093;5.77124;1002.0;2026-10-05T13:15:00+02:00;2026-10-05T14:30:03+02:00;cf98f49c0707
2026-10-06;parking_pre_rencontre;ICONCH1;2026-10-06T09:00;3.3;6.0;187.0;12.7;0.0;9.0;9.0;0.0;0.0;9.0;45.0093;5.77124;1002.0;2026-10-05T13:15:00+02:00;2026-10-05T14:30:03+02:00;cf98f49c0707
2026-10-06;parking_pre_rencontre;ICONCH1;2026-10-06T10:00;4.5;9.3;175.0;15.1;0.0;0.0;0.0;0.0;0.0;0.0;45.0093;5.77124;1002.0;2026-10-05T13:15:00+02:00;2026-10-05T14:30:03+02:00;cf98f49c0707
2026-10-06;parking_pre_rencontre;ICONCH1;2026-10-06T11:00;5.7;11.7;172.0;16.7;0.0;0.0;0.0;0.0;0.0;0.0;45.0093;5.77124;1002.0;2026-10-05T13:15:00+02:00;2026-10-05T14:30:03+02:00;cf98f49c0707
2026-10-06;parking_pre_rencontre;ICONCH1;2026-10-06T12:00;7.2;14.4;174.0;18.2;0.0;0.0;0.0;0.0;0.0;0.0;45.0093;5.77124;1002.0;2026-10-05T13:15:00+02:00;2026-10-05T14:30:03+02:00;cf98f49c0707
2026-10-06;parking_pre_rencontre;ICONCH1;2026-10-06T13:00;5.3;14.4;156.0;19.2;0.0;52.0;52.0;0.0;0.0;52.0;45.0093;5.77124;1002.0;2026-10-05T13:15:00+02:00;2026-10-05T14:30:03+02:00;cf98f49c0707
2026-10-06;parking_pre_rencontre;ICONCH1;2026-10-06T14:00;6.8;15.0;3.0;18.3;0.0;50.0;40.0;33.0;0.0;50.0;45.0093;5.77124;1002.0;2026-10-05T13:15:00+02:00;2026-10-05T14:30:03+02:00;cf98f49c0707
2026-10-06;parking_pre_rencontre;ICONCH1;2026-10-06T15:00;4.8;14.0;317.0;18.1;0.0;95.0;73.0;87.0;0.0;95.0;45.0093;5.77124;1002.0;2026-10-05T13:15:00+02:00;2026-10-05T14:30:03+02:00;cf98f49c0707
2026-10-06;parking_pre_rencontre;ICONCH1;2026-10-06T16:00;0.7;9.5;34.0;17.8;0.2;89.0;12.0;83.0;0.0;89.0;45.0093;5.77124;1002.0;2026-10-05T13:15:00+02:00;2026-10-05T14:30:03+02:00;cf98f49c0707
2026-10-06;parking_pre_rencontre;ICONCH1;2026-10-06T17:00;2.8;5.8;16.0;17.9;0.0;62.0;0.0;62.0;0.0;62.0;45.0093;5.77124;1002.0;2026-10-05T13:15:00+02:00;2026-10-05T14:30:03+02:00;cf98f49c0707
2026-10-06;parking_pre_rencontre;ICONCH1;2026-10-06T18:00;2.2;5.8;190.0;17.4;0.0;98.0;52.0;93.0;5.0;98.0;45.0093;5.77124;1002.0;2026-10-05T13:15:00+02:00;2026-10-05T14:30:03+02:00;cf98f49c0707
2026-10-06;parking_pre_rencontre;ICONCH1;2026-10-06T19:00;5.1;10.7;205.0;16.0;0.0;96.0;0.0;89.0;76.0;96.0;45.0093;5.77124;1002.0;2026-10-05T13:15:00+02:00;2026-10-05T14:30:03+02:00;cf98f49c0707
2026-10-06;parking_pre_rencontre;ICONCH1;2026-10-06T20:00;5.0;9.3;216.0;14.1;0.0;94.0;0.0;37.0;85.0;94.0;45.0093;5.77124;1002.0;2026-10-05T13:15:00+02:00;2026-10-05T14:30:03+02:00;cf98f49c0707
2026-10-06;plage_de_sevrier;AROMEHD;2026-10-06T01:00;3.7;4.1;183.0;17.2;0.0;;0.0;0.0;0.0;0.0;45.86;6.16;0.0;2026-10-05T13:15:00+02:00;2026-10-05T14:30:03+02:00;cf98f49c0707
2026-10-06;plage_de_sevrier;AROMEHD;2026-10-06T02:00;3.1;5.4;162.0;16.6;0.0;;0.0;0.0;0.0;0.0;45.86;6.16;0.0;2026-10-05T13:15:00+02:00;2026-10-05T14:30:03+02:00;cf98f49c0707
2026-10-06;plage_de_sevrier;AROMEHD;2026-10-06T03:00;2.9;4.3;160.0;16.2;0.0;;0.0;0.0;0.0;0.0;45.86;6.16;0.0;2026-10-05T13:15:00+02:00;2026-10-05T14:30:03+02:00;cf98f49c0707
2026-10-06;plage_de_sevrier;AROMEHD;2026-10-06T04:00;2.1;3.7;158.0;15.9;0.0;;0.0;0.0;0.0;0.0;45.86;6.16;0.0;2026-10-05T13:15:00+02:00;2026-10-05T14:30:03+02:00;cf98f49c0707
2026-10-06;plage_de_sevrier;AROMEHD;2026-10-06T05:00;1.9;3.7;156.0;15.7;0.0;;0.0;0.0;0.0;0.0;45.86;6.16;0.0;2026-10-05T13:15:00+02:00;2026-10-05T14:30:03+02:00;cf98f49c0707
2026-10-06;plage_de_sevrier;AROMEHD;2026-10-06T06:00;2.6;3.7;144.0;15.3;0.0;;0.0;0.0;0.0;0.0;45.86;6.16;0.0;2026-10-05T13:15:00+02:00;2026-10-05T14:30:03+02:00;cf98f49c0707
2026-10-06;plage_de_sevrier;AROMEHD;2026-10-06T07:00;2.5;3.5;157.0;15.2;0.0;;0.0;0.0;0.0;0.0;45.86;6.16;0.0;2026-10-05T13:15:00+02:00;2026-10-05T14:30:03+02:00;cf98f49c0707
2026-10-06;plage_de_sevrier;AROMEHD;2026-10-06T08:00;2.8;4.1;168.0;15.1;0.0;;0.0;0.0;0.0;0.0;45.86;6.16;0.0;2026-10-05T13:15:00+02:00;2026-10-05T14:30:03+02:00;cf98f49c0707
2026-10-06;plage_de_sevrier;AROMEHD;2026-10-06T09:00;2.5;4.1;162.0;15.3;0.0;;0.0;0.0;0.0;0.0;45.86;6.16;0.0;2026-10-05T13:15:00+02:00;2026-10-05T14:30:03+02:00;cf98f49c0707
2026-10-06;plage_de_sevrier;AROMEHD;2026-10-06T10:00;0.9;3.7;207.0;15.7;0.0;;0.0;0.0;0.0;0.0;45.86;6.16;0.0;2026-10-05T13:15:00+02:00;2026-10-05T14:30:03+02:00;cf98f49c0707
2026-10-06;plage_de_sevrier;AROMEHD;2026-10-06T11:00;2.1;1.9;326.0;15.6;0.0;;0.0;0.0;0.0;0.0;45.86;6.16;0.0;2026-10-05T13:15:00+02:00;2026-10-05T14:30:03+02:00;cf98f49c0707
2026-10-06;plage_de_sevrier;AROMEHD;2026-10-06T12:00;1.8;2.3;302.0;16.0;0.0;;0.0;0.0;0.0;0.0;45.86;6.16;0.0;2026-10-05T13:15:00+02:00;2026-10-05T14:30:03+02:00;cf98f49c0707
2026-10-06;plage_de_sevrier;AROMEHD;2026-10-06T13:00;0.7;1.9;214.0;16.7;0.0;;0.0;0.0;0.0;0.0;45.86;6.16;0.0;2026-10-05T13:15:00+02:00;2026-10-05T14:30:03+02:00;cf98f49c0707
2026-10-06;plage_de_sevrier;AROMEHD;2026-10-06T14:00;0.9;1.9;207.0;18.0;0.0;;0.0;0.0;0.0;0.0;45.86;6.16;0.0;2026-10-05T13:15:00+02:00;2026-10-05T14:30:03+02:00;cf98f49c0707
2026-10-06;plage_de_sevrier;AROMEHD;2026-10-06T15:00;0.4;1.6;207.0;18.6;0.0;;0.0;0.0;0.0;0.0;45.86;6.16;0.0;2026-10-05T13:15:00+02:00;2026-10-05T14:30:03+02:00;cf98f49c0707
2026-10-06;plage_de_sevrier;AROMEHD;2026-10-06T16:00;1.2;1.4;108.0;19.0;0.0;;0.0;0.0;0.0;0.0;45.86;6.16;0.0;2026-10-05T13:15:00+02:00;2026-10-05T14:30:03+02:00;cf98f49c0707
2026-10-06;plage_de_sevrier;AROMEHD;2026-10-06T17:00;1.6;1.9;97.0;19.6;0.0;;0.0;0.0;0.0;0.0;45.86;6.16;0.0;2026-10-05T13:15:00+02:00;2026-10-05T14:30:03+02:00;cf98f49c0707
2026-10-06;plage_de_sevrier;AROMEHD;2026-10-06T18:00;1.7;1.9;144.0;19.8;0.0;;0.0;0.0;0.0;0.0;45.86;6.16;0.0;2026-10-05T13:15:00+02:00;2026-10-05T14:30:03+02:00;cf98f49c0707
2026-10-06;plage_de_sevrier;AROMEHD;2026-10-06T19:00;2.2;3.3;170.0;19.7;0.0;;0.0;0.0;0.0;0.0;45.86;6.16;0.0;2026-10-05T13:15:00+02:00;2026-10-05T14:30:03+02:00;cf98f49c0707
2026-10-06;plage_de_sevrier;AROMEHD;2026-10-06T20:00;2.9;4.3;184.0;19.3;0.0;;0.0;0.0;0.0;0.0;45.86;6.16;0.0;2026-10-05T13:15:00+02:00;2026-10-05T14:30:03+02:00;cf98f49c0707
2026-10-06;plage_de_sevrier;AROMEHD;2026-10-06T21:00;4.1;4.7;121.0;19.3;0.0;;1.0;1.0;0.0;1.0;45.86;6.16;0.0;2026-10-05T13:15:00+02:00;2026-10-05T14:30:03+02:00;cf98f49c0707
2026-10-06;plage_de_sevrier;AROMEHD;2026-10-06T22:00;3.2;4.7;137.0;18.8;0.0;;1.0;1.0;0.0;1.0;45.86;6.16;0.0;2026-10-05T13:15:00+02:00;2026-10-05T14:30:03+02:00;cf98f49c0707
2026-10-06;plage_de_sevrier;AROMEHD;2026-10-06T23:00;2.9;3.7;180.0;18.0;0.0;;3.0;1.0;18.0;18.0;45.86;6.16;0.0;2026-10-05T13:15:00+02:00;2026-10-05T14:30:03+02:00;cf98f49c0707
2026-10-06;plage_de_sevrier;AROMEHD;2026-10-07T00:00;2.0;4.9;197.0;17.9;0.0;;0.0;0.0;55.0;55.0;45.86;6.16;0.0;2026-10-05T13:15:00+02:00;2026-10-05T14:30:03+02:00;cf98f49c0707
2026-10-06;plage_de_sevrier;ICONCH1;2026-10-06T01:00;2.2;3.7;195.0;17.4;0.0;0.0;0.0;0.0;0.0;0.0;45.86465;6.164917;0.0;2026-10-05T13:15:00+02:00;2026-10-05T14:30:03+02:00;cf98f49c0707
2026-10-06;plage_de_sevrier;ICONCH1;2026-10-06T02:00;1.4;2.9;164.0;17.3;0.0;0.0;0.0;0.0;0.0;0.0;45.86465;6.164917;0.0;2026-10-05T13:15:00+02:00;2026-10-05T14:30:03+02:00;cf98f49c0707
2026-10-06;plage_de_sevrier;ICONCH1;2026-10-06T03:00;2.2;3.1;195.0;17.0;0.0;0.0;0.0;0.0;0.0;0.0;45.86465;6.164917;0.0;2026-10-05T13:15:00+02:00;2026-10-05T14:30:03+02:00;cf98f49c0707
2026-10-06;plage_de_sevrier;ICONCH1;2026-10-06T04:00;0.8;3.1;166.0;16.8;0.0;0.0;0.0;0.0;0.0;0.0;45.86465;6.164917;0.0;2026-10-05T13:15:00+02:00;2026-10-05T14:30:03+02:00;cf98f49c0707
2026-10-06;plage_de_sevrier;ICONCH1;2026-10-06T05:00;0.9;1.4;207.0;17.0;0.0;0.0;0.0;0.0;0.0;0.0;45.86465;6.164917;0.0;2026-10-05T13:15:00+02:00;2026-10-05T14:30:03+02:00;cf98f49c0707
2026-10-06;plage_de_sevrier;ICONCH1;2026-10-06T06:00;0.5;1.4;315.0;17.3;0.0;3.0;3.0;0.0;0.0;3.0;45.86465;6.164917;0.0;2026-10-05T13:15:00+02:00;2026-10-05T14:30:03+02:00;cf98f49c0707
2026-10-06;plage_de_sevrier;ICONCH1;2026-10-06T07:00;1.6;2.5;346.0;16.5;0.0;29.0;29.0;0.0;0.0;29.0;45.86465;6.164917;0.0;2026-10-05T13:15:00+02:00;2026-10-05T14:30:03+02:00;cf98f49c0707
2026-10-06;plage_de_sevrier;ICONCH1;2026-10-06T08:00;2.8;3.7;348.0;16.0;0.0;37.0;37.0;0.0;0.0;37.0;45.86465;6.164917;0.0;2026-10-05T13:15:00+02:00;2026-10-05T14:30:03+02:00;cf98f49c0707
2026-10-06;plage_de_sevrier;ICONCH1;2026-10-06T09:00;2.7;4.1;360.0;15.9;0.0;34.0;34.0;0.0;0.0;34.0;45.86465;6.164917;0.0;2026-10-05T13:15:00+02:00;2026-10-05T14:30:03+02:00;cf98f49c0707
2026-10-06;plage_de_sevrier;ICONCH1;2026-10-06T10:00;2.5;3.9;4.0;16.1;0.0;26.0;26.0;0.0;0.0;26.0;45.86465;6.164917;0.0;2026-10-05T13:15:00+02:00;2026-10-05T14:30:03+02:00;cf98f49c0707
2026-10-06;plage_de_sevrier;ICONCH1;2026-10-06T11:00;2.1;3.5;360.0;17.0;0.0;4.0;4.0;0.0;0.0;4.0;45.86465;6.164917;0.0;2026-10-05T13:15:00+02:00;2026-10-05T14:30:03+02:00;cf98f49c0707
2026-10-06;plage_de_sevrier;ICONCH1;2026-10-06T12:00;3.3;4.3;357.0;18.3;0.0;0.0;0.0;0.0;0.0;0.0;45.86465;6.164917;0.0;2026-10-05T13:15:00+02:00;2026-10-05T14:30:03+02:00;cf98f49c0707
2026-10-06;plage_de_sevrier;ICONCH1;2026-10-06T13:00;7.0;8.9;360.0;20.1;0.0;0.0;0.0;0.0;0.0;0.0;45.86465;6.164917;0.0;2026-10-05T13:15:00+02:00;2026-10-05T14:30:03+02:00;cf98f49c0707
2026-10-06;plage_de_sevrier;ICONCH1;2026-10-06T14:00;6.6;9.7;2.0;21.1;0.0;2.0;2.0;0.0;0.0;2.0;45.86465;6.164917;0.0;2026-10-05T13:15:00+02:00;2026-10-05T14:30:03+02:00;cf98f49c0707
2026-10-06;plage_de_sevrier;ICONCH1;2026-10-06T15:00;5.3;8.6;352.0;21.9;0.0;5.0;5.0;0.0;0.0;5.0;45.86465;6.164917;0.0;2026-10-05T13:15:00+02:00;2026-10-05T14:30:03+02:00;cf98f49c0707
2026-10-06;plage_de_sevrier;ICONCH1;2026-10-06T16:00;4.3;6.8;330.0;22.5;0.0;2.0;2.0;0.0;0.0;2.0;45.86465;6.164917;0.0;2026-10-05T13:15:00+02:00;2026-10-05T14:30:03+02:00;cf98f49c0707
2026-10-06;plage_de_sevrier;ICONCH1;2026-10-06T17:00;3.3;5.4;357.0;22.6;0.0;0.0;0.0;0.0;0.0;0.0;45.86465;6.164917;0.0;2026-10-05T13:15:00+02:00;2026-10-05T14:30:03+02:00;cf98f49c0707
2026-10-06;plage_de_sevrier;ICONCH1;2026-10-06T18:00;2.7;4.5;330.0;22.7;0.0;0.0;0.0;0.0;0.0;0.0;45.86465;6.164917;0.0;2026-10-05T13:15:00+02:00;2026-10-05T14:30:03+02:00;cf98f49c0707
2026-10-06;plage_de_sevrier;ICONCH1;2026-10-06T19:00;3.4;4.9;246.0;21.5;0.0;0.0;0.0;0.0;0.0;0.0;45.86465;6.164917;0.0;2026-10-05T13:15:00+02:00;2026-10-05T14:30:03+02:00;cf98f49c0707
2026-10-06;plage_de_sevrier;ICONCH1;2026-10-06T20:00;3.3;4.5;187.0;19.8;0.0;0.0;0.0;0.0;0.0;0.0;45.86465;6.164917;0.0;2026-10-05T13:15:00+02:00;2026-10-05T14:30:03+02:00;cf98f49c0707
2026-10-06;pont_darciat;AROMEHD;2026-10-06T01:00;3.6;5.2;347.0;15.9;0.0;;0.0;0.0;0.0;0.0;46.25;4.8099995;169.0;2026-10-05T13:15:00+02:00;2026-10-05T14:30:03+02:00;cf98f49c0707
2026-10-06;pont_darciat;AROMEHD;2026-10-06T02:00;4.3;5.6;350.0;15.6;0.0;;0.0;0.0;0.0;0.0;46.25;4.8099995;169.0;2026-10-05T13:15:00+02:00;2026-10-05T14:30:03+02:00;cf98f49c0707
2026-10-06;pont_darciat;AROMEHD;2026-10-06T03:00;3.0;5.8;50.0;14.3;0.0;;0.0;0.0;0.0;0.0;46.25;4.8099995;169.0;2026-10-05T13:15:00+02:00;2026-10-05T14:30:03+02:00;cf98f49c0707
2026-10-06;pont_darciat;AROMEHD;2026-10-06T04:00;1.0;3.3;191.0;12.8;0.0;;0.0;0.0;0.0;0.0;46.25;4.8099995;169.0;2026-10-05T13:15:00+02:00;2026-10-05T14:30:03+02:00;cf98f49c0707
2026-10-06;pont_darciat;AROMEHD;2026-10-06T05:00;2.8;3.1;164.0;11.5;0.0;;0.0;0.0;0.0;0.0;46.25;4.8099995;169.0;2026-10-05T13:15:00+02:00;2026-10-05T14:30:03+02:00;cf98f49c0707
2026-10-06;pont_darciat;AROMEHD;2026-10-06T06:00;2.4;3.7;151.0;10.5;0.0;;0.0;0.0;0.0;0.0;46.25;4.8099995;169.0;2026-10-05T13:15:00+02:00;2026-10-05T14:30:03+02:00;cf98f49c0707
2026-10-06;pont_darciat;AROMEHD;2026-10-06T07:00;1.0;2.7;158.0;10.3;0.0;;0.0;0.0;0.0;0.0;46.25;4.8099995;169.0;2026-10-05T13:15:00+02:00;2026-10-05T14:30:03+02:00;cf98f49c0707
2026-10-06;pont_darciat;AROMEHD;2026-10-06T08:00;1.2;1.0;360.0;10.2;0.0;;0.0;0.0;0.0;0.0;46.25;4.8099995;169.0;2026-10-05T13:15:00+02:00;2026-10-05T14:30:03+02:00;cf98f49c0707
2026-10-06;pont_darciat;AROMEHD;2026-10-06T09:00;0.6;1.2;90.0;10.9;0.0;;0.0;0.0;0.0;0.0;46.25;4.8099995;169.0;2026-10-05T13:15:00+02:00;2026-10-05T14:30:03+02:00;cf98f49c0707
2026-10-06;pont_darciat;AROMEHD;2026-10-06T10:00;0.7;1.6;124.0;13.4;0.0;;0.0;0.0;0.0;0.0;46.25;4.8099995;169.0;2026-10-05T13:15:00+02:00;2026-10-05T14:30:03+02:00;cf98f49c0707
2026-10-06;pont_darciat;AROMEHD;2026-10-06T11:00;1.2;3.7;171.0;16.1;0.0;;0.0;0.0;0.0;0.0;46.25;4.8099995;169.0;2026-10-05T13:15:00+02:00;2026-10-05T14:30:03+02:00;cf98f49c0707
2026-10-06;pont_darciat;AROMEHD;2026-10-06T12:00;2.9;6.8;184.0;18.6;0.0;;0.0;0.0;0.0;0.0;46.25;4.8099995;169.0;2026-10-05T13:15:00+02:00;2026-10-05T14:30:03+02:00;cf98f49c0707
2026-10-06;pont_darciat;AROMEHD;2026-10-06T13:00;2.0;6.0;241.0;20.5;0.0;;0.0;0.0;0.0;0.0;46.25;4.8099995;169.0;2026-10-05T13:15:00+02:00;2026-10-05T14:30:03+02:00;cf98f49c0707
2026-10-06;pont_darciat;AROMEHD;2026-10-06T14:00;5.3;10.5;186.0;22.2;0.0;;0.0;0.0;0.0;0.0;46.25;4.8099995;169.0;2026-10-05T13:15:00+02:00;2026-10-05T14:30:03+02:00;cf98f49c0707
2026-10-06;pont_darciat;AROMEHD;2026-10-06T15:00;6.1;11.7;189.0;23.3;0.0;;0.0;0.0;0.0;0.0;46.25;4.8099995;169.0;2026-10-05T13:15:00+02:00;2026-10-05T14:30:03+02:00;cf98f49c0707
2026-10-06;pont_darciat;AROMEHD;2026-10-06T16:00;5.8;11.5;176.0;23.8;0.0;;0.0;0.0;0.0;0.0;46.25;4.8099995;169.0;2026-10-05T13:15:00+02:00;2026-10-05T14:30:03+02:00;cf98f49c0707
2026-10-06;pont_darciat;AROMEHD;2026-10-06T17:00;5.1;11.3;173.0;23.9;0.0;;1.0;0.0;0.0;1.0;46.25;4.8099995;169.0;2026-10-05T13:15:00+02:00;2026-10-05T14:30:03+02:00;cf98f49c0707
2026-10-06;pont_darciat;AROMEHD;2026-10-06T18:00;6.4;9.9;168.0;24.1;0.0;;0.0;0.0;0.0;0.0;46.25;4.8099995;169.0;2026-10-05T13:15:00+02:00;2026-10-05T14:30:03+02:00;cf98f49c0707
2026-10-06;pont_darciat;AROMEHD;2026-10-06T19:00;4.2;9.9;146.0;22.6;0.0;;0.0;0.0;0.0;0.0;46.25;4.8099995;169.0;2026-10-05T13:15:00+02:00;2026-10-05T14:30:03+02:00;cf98f49c0707
2026-10-06;pont_darciat;AROMEHD;2026-10-06T20:00;7.4;10.5;147.0;21.5;0.0;;100.0;0.0;0.0;100.0;46.25;4.8099995;169.0;2026-10-05T13:15:00+02:00;2026-10-05T14:30:03+02:00;cf98f49c0707
2026-10-06;pont_darciat;AROMEHD;2026-10-06T21:00;8.6;12.6;155.0;21.1;0.0;;0.0;0.0;0.0;0.0;46.25;4.8099995;169.0;2026-10-05T13:15:00+02:00;2026-10-05T14:30:03+02:00;cf98f49c0707
2026-10-06;pont_darciat;AROMEHD;2026-10-06T22:00;6.3;12.2;164.0;19.8;0.0;;1.0;0.0;100.0;100.0;46.25;4.8099995;169.0;2026-10-05T13:15:00+02:00;2026-10-05T14:30:03+02:00;cf98f49c0707
2026-10-06;pont_darciat;AROMEHD;2026-10-06T23:00;6.3;8.9;189.0;18.6;0.0;;0.0;0.0;34.0;34.0;46.25;4.8099995;169.0;2026-10-05T13:15:00+02:00;2026-10-05T14:30:03+02:00;cf98f49c0707
2026-10-06;pont_darciat;AROMEHD;2026-10-07T00:00;6.6;9.3;185.0;18.1;0.0;;0.0;0.0;99.0;99.0;46.25;4.8099995;169.0;2026-10-05T13:15:00+02:00;2026-10-05T14:30:03+02:00;cf98f49c0707
2026-10-06;pont_darciat;ICONCH1;2026-10-06T01:00;1.0;2.7;11.0;14.7;0.0;0.0;0.0;0.0;0.0;0.0;46.25097;4.8050537;172.0;2026-10-05T13:15:00+02:00;2026-10-05T14:30:03+02:00;cf98f49c0707
2026-10-06;pont_darciat;ICONCH1;2026-10-06T02:00;0.7;2.1;124.0;14.6;0.0;0.0;0.0;0.0;0.0;0.0;46.25097;4.8050537;172.0;2026-10-05T13:15:00+02:00;2026-10-05T14:30:03+02:00;cf98f49c0707
2026-10-06;pont_darciat;ICONCH1;2026-10-06T03:00;2.6;4.3;333.0;12.2;0.0;0.0;0.0;0.0;0.0;0.0;46.25097;4.8050537;172.0;2026-10-05T13:15:00+02:00;2026-10-05T14:30:03+02:00;cf98f49c0707
2026-10-06;pont_darciat;ICONCH1;2026-10-06T04:00;1.5;4.1;23.0;12.4;0.0;0.0;0.0;0.0;0.0;0.0;46.25097;4.8050537;172.0;2026-10-05T13:15:00+02:00;2026-10-05T14:30:03+02:00;cf98f49c0707
2026-10-06;pont_darciat;ICONCH1;2026-10-06T05:00;1.2;3.1;351.0;11.5;0.0;0.0;0.0;0.0;0.0;0.0;46.25097;4.8050537;172.0;2026-10-05T13:15:00+02:00;2026-10-05T14:30:03+02:00;cf98f49c0707
2026-10-06;pont_darciat;ICONCH1;2026-10-06T06:00;2.4;3.7;215.0;11.2;0.0;0.0;0.0;0.0;0.0;0.0;46.25097;4.8050537;172.0;2026-10-05T13:15:00+02:00;2026-10-05T14:30:03+02:00;cf98f49c0707
2026-10-06;pont_darciat;ICONCH1;2026-10-06T07:00;1.0;3.7;217.0;10.7;0.0;0.0;0.0;0.0;0.0;0.0;46.25097;4.8050537;172.0;2026-10-05T13:15:00+02:00;2026-10-05T14:30:03+02:00;cf98f49c0707
2026-10-06;pont_darciat;ICONCH1;2026-10-06T08:00;2.3;3.3;355.0;10.3;0.0;0.0;0.0;0.0;0.0;0.0;46.25097;4.8050537;172.0;2026-10-05T13:15:00+02:00;2026-10-05T14:30:03+02:00;cf98f49c0707
2026-10-06;pont_darciat;ICONCH1;2026-10-06T09:00;1.4;3.3;225.0;11.3;0.0;0.0;0.0;0.0;0.0;0.0;46.25097;4.8050537;172.0;2026-10-05T13:15:00+02:00;2026-10-05T14:30:03+02:00;cf98f49c0707
2026-10-06;pont_darciat;ICONCH1;2026-10-06T10:00;0.5;2.1;135.0;14.3;0.0;0.0;0.0;0.0;0.0;0.0;46.25097;4.8050537;172.0;2026-10-05T13:15:00+02:00;2026-10-05T14:30:03+02:00;cf98f49c0707
2026-10-06;pont_darciat;ICONCH1;2026-10-06T11:00;1.3;3.3;153.0;17.5;0.0;0.0;0.0;0.0;0.0;0.0;46.25097;4.8050537;172.0;2026-10-05T13:15:00+02:00;2026-10-05T14:30:03+02:00;cf98f49c0707
2026-10-06;pont_darciat;ICONCH1;2026-10-06T12:00;2.9;6.0;172.0;20.5;0.0;0.0;0.0;0.0;0.0;0.0;46.25097;4.8050537;172.0;2026-10-05T13:15:00+02:00;2026-10-05T14:30:03+02:00;cf98f49c0707
2026-10-06;pont_darciat;ICONCH1;2026-10-06T13:00;4.8;8.6;168.0;22.9;0.0;0.0;0.0;0.0;0.0;0.0;46.25097;4.8050537;172.0;2026-10-05T13:15:00+02:00;2026-10-05T14:30:03+02:00;cf98f49c0707
2026-10-06;pont_darciat;ICONCH1;2026-10-06T14:00;5.1;8.7;173.0;24.9;0.0;0.0;0.0;0.0;0.0;0.0;46.25097;4.8050537;172.0;2026-10-05T13:15:00+02:00;2026-10-05T14:30:03+02:00;cf98f49c0707
2026-10-06;pont_darciat;ICONCH1;2026-10-06T15:00;7.6;12.2;183.0;26.0;0.0;10.0;10.0;0.0;0.0;10.0;46.25097;4.8050537;172.0;2026-10-05T13:15:00+02:00;2026-10-05T14:30:03+02:00;cf98f49c0707
2026-10-06;pont_darciat;ICONCH1;2026-10-06T16:00;6.8;12.6;185.0;26.3;0.0;3.0;3.0;0.0;0.0;3.0;46.25097;4.8050537;172.0;2026-10-05T13:15:00+02:00;2026-10-05T14:30:03+02:00;cf98f49c0707
2026-10-06;pont_darciat;ICONCH1;2026-10-06T17:00;6.5;12.6;150.0;26.3;0.0;38.0;38.0;0.0;0.0;38.0;46.25097;4.8050537;172.0;2026-10-05T13:15:00+02:00;2026-10-05T14:30:03+02:00;cf98f49c0707
2026-10-06;pont_darciat;ICONCH1;2026-10-06T18:00;6.0;11.9;165.0;25.9;0.0;28.0;28.0;0.0;0.0;28.0;46.25097;4.8050537;172.0;2026-10-05T13:15:00+02:00;2026-10-05T14:30:03+02:00;cf98f49c0707
2026-10-06;pont_darciat;ICONCH1;2026-10-06T19:00;8.4;12.8;157.0;24.3;0.0;56.0;56.0;0.0;0.0;56.0;46.25097;4.8050537;172.0;2026-10-05T13:15:00+02:00;2026-10-05T14:30:03+02:00;cf98f49c0707
2026-10-06;pont_darciat;ICONCH1;2026-10-06T20:00;6.5;12.8;159.0;21.5;0.0;0.0;0.0;0.0;0.0;0.0;46.25097;4.8050537;172.0;2026-10-05T13:15:00+02:00;2026-10-05T14:30:03+02:00;cf98f49c0707
2026-10-06;pont_de_chavanay;AROMEHD;2026-10-06T01:00;0.5;0.8;45.0;16.5;0.0;;0.0;0.0;0.0;0.0;45.42;4.75;141.0;2026-10-05T13:15:00+02:00;2026-10-05T14:30:03+02:00;cf98f49c0707
2026-10-06;pont_de_chavanay;AROMEHD;2026-10-06T02:00;1.0;1.2;217.0;15.9;0.0;;0.0;0.0;0.0;0.0;45.42;4.75;141.0;2026-10-05T13:15:00+02:00;2026-10-05T14:30:03+02:00;cf98f49c0707
2026-10-06;pont_de_chavanay;AROMEHD;2026-10-06T03:00;0.4;1.9;90.0;16.0;0.0;;0.0;0.0;0.0;0.0;45.42;4.75;141.0;2026-10-05T13:15:00+02:00;2026-10-05T14:30:03+02:00;cf98f49c0707
2026-10-06;pont_de_chavanay;AROMEHD;2026-10-06T04:00;0.6;1.0;162.0;15.0;0.0;;0.0;0.0;0.0;0.0;45.42;4.75;141.0;2026-10-05T13:15:00+02:00;2026-10-05T14:30:03+02:00;cf98f49c0707
2026-10-06;pont_de_chavanay;AROMEHD;2026-10-06T05:00;0.4;1.2;117.0;14.6;0.0;;0.0;0.0;0.0;0.0;45.42;4.75;141.0;2026-10-05T13:15:00+02:00;2026-10-05T14:30:03+02:00;cf98f49c0707
2026-10-06;pont_de_chavanay;AROMEHD;2026-10-06T06:00;1.3;1.6;117.0;13.8;0.0;;0.0;0.0;0.0;0.0;45.42;4.75;141.0;2026-10-05T13:15:00+02:00;2026-10-05T14:30:03+02:00;cf98f49c0707
2026-10-06;pont_de_chavanay;AROMEHD;2026-10-06T07:00;0.7;1.7;34.0;13.4;0.0;;0.0;0.0;0.0;0.0;45.42;4.75;141.0;2026-10-05T13:15:00+02:00;2026-10-05T14:30:03+02:00;cf98f49c0707
2026-10-06;pont_de_chavanay;AROMEHD;2026-10-06T08:00;1.0;1.9;11.0;12.8;0.0;;0.0;0.0;0.0;0.0;45.42;4.75;141.0;2026-10-05T13:15:00+02:00;2026-10-05T14:30:03+02:00;cf98f49c0707
2026-10-06;pont_de_chavanay;AROMEHD;2026-10-06T09:00;0.7;1.2;124.0;13.8;0.0;;0.0;0.0;0.0;0.0;45.42;4.75;141.0;2026-10-05T13:15:00+02:00;2026-10-05T14:30:03+02:00;cf98f49c0707
2026-10-06;pont_de_chavanay;AROMEHD;2026-10-06T10:00;1.7;4.1;144.0;16.4;0.0;;0.0;0.0;0.0;0.0;45.42;4.75;141.0;2026-10-05T13:15:00+02:00;2026-10-05T14:30:03+02:00;cf98f49c0707
2026-10-06;pont_de_chavanay;AROMEHD;2026-10-06T11:00;1.7;5.4;153.0;18.6;0.0;;0.0;0.0;0.0;0.0;45.42;4.75;141.0;2026-10-05T13:15:00+02:00;2026-10-05T14:30:03+02:00;cf98f49c0707
2026-10-06;pont_de_chavanay;AROMEHD;2026-10-06T12:00;2.4;7.0;189.0;20.8;0.0;;0.0;0.0;0.0;0.0;45.42;4.75;141.0;2026-10-05T13:15:00+02:00;2026-10-05T14:30:03+02:00;cf98f49c0707
2026-10-06;pont_de_chavanay;AROMEHD;2026-10-06T13:00;4.0;9.7;166.0;22.9;0.0;;0.0;0.0;0.0;0.0;45.42;4.75;141.0;2026-10-05T13:15:00+02:00;2026-10-05T14:30:03+02:00;cf98f49c0707
2026-10-06;pont_de_chavanay;AROMEHD;2026-10-06T14:00;6.3;13.2;153.0;24.9;0.0;;0.0;0.0;0.0;0.0;45.42;4.75;141.0;2026-10-05T13:15:00+02:00;2026-10-05T14:30:03+02:00;cf98f49c0707
2026-10-06;pont_de_chavanay;AROMEHD;2026-10-06T15:00;10.0;18.3;167.0;26.2;0.0;;31.0;3.0;0.0;31.0;45.42;4.75;141.0;2026-10-05T13:15:00+02:00;2026-10-05T14:30:03+02:00;cf98f49c0707
2026-10-06;pont_de_chavanay;AROMEHD;2026-10-06T16:00;10.8;19.4;171.0;26.2;0.0;;2.0;0.0;0.0;2.0;45.42;4.75;141.0;2026-10-05T13:15:00+02:00;2026-10-05T14:30:03+02:00;cf98f49c0707
2026-10-06;pont_de_chavanay;AROMEHD;2026-10-06T17:00;10.6;20.2;173.0;25.8;0.0;;0.0;0.0;2.0;2.0;45.42;4.75;141.0;2026-10-05T13:15:00+02:00;2026-10-05T14:30:03+02:00;cf98f49c0707
2026-10-06;pont_de_chavanay;AROMEHD;2026-10-06T18:00;9.9;19.0;176.0;25.2;0.0;;0.0;0.0;0.0;0.0;45.42;4.75;141.0;2026-10-05T13:15:00+02:00;2026-10-05T14:30:03+02:00;cf98f49c0707
2026-10-06;pont_de_chavanay;AROMEHD;2026-10-06T19:00;8.1;17.1;188.0;24.0;0.0;;0.0;0.0;39.0;39.0;45.42;4.75;141.0;2026-10-05T13:15:00+02:00;2026-10-05T14:30:03+02:00;cf98f49c0707
2026-10-06;pont_de_chavanay;AROMEHD;2026-10-06T20:00;6.4;14.4;178.0;22.6;0.0;;0.0;1.0;92.0;92.0;45.42;4.75;141.0;2026-10-05T13:15:00+02:00;2026-10-05T14:30:03+02:00;cf98f49c0707
2026-10-06;pont_de_chavanay;AROMEHD;2026-10-06T21:00;7.7;13.2;155.0;21.4;0.0;;0.0;28.0;100.0;100.0;45.42;4.75;141.0;2026-10-05T13:15:00+02:00;2026-10-05T14:30:03+02:00;cf98f49c0707
2026-10-06;pont_de_chavanay;AROMEHD;2026-10-06T22:00;8.8;16.1;162.0;20.6;0.0;;0.0;11.0;10.0;11.0;45.42;4.75;141.0;2026-10-05T13:15:00+02:00;2026-10-05T14:30:03+02:00;cf98f49c0707
2026-10-06;pont_de_chavanay;AROMEHD;2026-10-06T23:00;7.3;15.4;164.0;19.5;0.0;;0.0;0.0;49.0;49.0;45.42;4.75;141.0;2026-10-05T13:15:00+02:00;2026-10-05T14:30:03+02:00;cf98f49c0707
2026-10-06;pont_de_chavanay;AROMEHD;2026-10-07T00:00;8.0;14.6;166.0;18.7;0.0;;0.0;23.0;100.0;100.0;45.42;4.75;141.0;2026-10-05T13:15:00+02:00;2026-10-05T14:30:03+02:00;cf98f49c0707
2026-10-06;pont_de_chavanay;ICONCH1;2026-10-06T01:00;2.7;3.9;270.0;16.2;0.0;0.0;0.0;0.0;0.0;0.0;45.416153;4.741211;147.0;2026-10-05T13:15:00+02:00;2026-10-05T14:30:03+02:00;cf98f49c0707
2026-10-06;pont_de_chavanay;ICONCH1;2026-10-06T02:00;1.4;3.9;278.0;15.3;0.0;0.0;0.0;0.0;0.0;0.0;45.416153;4.741211;147.0;2026-10-05T13:15:00+02:00;2026-10-05T14:30:03+02:00;cf98f49c0707
2026-10-06;pont_de_chavanay;ICONCH1;2026-10-06T03:00;1.4;3.3;286.0;15.2;0.0;0.0;0.0;0.0;0.0;0.0;45.416153;4.741211;147.0;2026-10-05T13:15:00+02:00;2026-10-05T14:30:03+02:00;cf98f49c0707
2026-10-06;pont_de_chavanay;ICONCH1;2026-10-06T04:00;0.2;2.1;270.0;14.8;0.0;0.0;0.0;0.0;0.0;0.0;45.416153;4.741211;147.0;2026-10-05T13:15:00+02:00;2026-10-05T14:30:03+02:00;cf98f49c0707
2026-10-06;pont_de_chavanay;ICONCH1;2026-10-06T05:00;0.5;0.8;225.0;14.0;0.0;0.0;0.0;0.0;0.0;0.0;45.416153;4.741211;147.0;2026-10-05T13:15:00+02:00;2026-10-05T14:30:03+02:00;cf98f49c0707
2026-10-06;pont_de_chavanay;ICONCH1;2026-10-06T06:00;0.4;0.8;297.0;13.1;0.0;85.0;85.0;0.0;0.0;85.0;45.416153;4.741211;147.0;2026-10-05T13:15:00+02:00;2026-10-05T14:30:03+02:00;cf98f49c0707
2026-10-06;pont_de_chavanay;ICONCH1;2026-10-06T07:00;0.4;1.4;153.0;12.9;0.0;65.0;65.0;0.0;0.0;65.0;45.416153;4.741211;147.0;2026-10-05T13:15:00+02:00;2026-10-05T14:30:03+02:00;cf98f49c0707
2026-10-06;pont_de_chavanay;ICONCH1;2026-10-06T08:00;0.8;1.7;284.0;12.4;0.0;100.0;100.0;0.0;0.0;100.0;45.416153;4.741211;147.0;2026-10-05T13:15:00+02:00;2026-10-05T14:30:03+02:00;cf98f49c0707
2026-10-06;pont_de_chavanay;ICONCH1;2026-10-06T09:00;0.4;1.9;27.0;13.1;0.0;100.0;100.0;0.0;0.0;100.0;45.416153;4.741211;147.0;2026-10-05T13:15:00+02:00;2026-10-05T14:30:03+02:00;cf98f49c0707
2026-10-06;pont_de_chavanay;ICONCH1;2026-10-06T10:00;1.0;2.1;79.0;14.4;0.0;69.0;69.0;0.0;0.0;69.0;45.416153;4.741211;147.0;2026-10-05T13:15:00+02:00;2026-10-05T14:30:03+02:00;cf98f49c0707
2026-10-06;pont_de_chavanay;ICONCH1;2026-10-06T11:00;1.4;2.9;106.0;17.5;0.0;0.0;0.0;0.0;0.0;0.0;45.416153;4.741211;147.0;2026-10-05T13:15:00+02:00;2026-10-05T14:30:03+02:00;cf98f49c0707
2026-10-06;pont_de_chavanay;ICONCH1;2026-10-06T12:00;3.4;5.8;133.0;20.2;0.0;0.0;0.0;0.0;0.0;0.0;45.416153;4.741211;147.0;2026-10-05T13:15:00+02:00;2026-10-05T14:30:03+02:00;cf98f49c0707
2026-10-06;pont_de_chavanay;ICONCH1;2026-10-06T13:00;6.4;9.9;142.0;22.7;0.0;29.0;0.0;29.0;0.0;29.0;45.416153;4.741211;147.0;2026-10-05T13:15:00+02:00;2026-10-05T14:30:03+02:00;cf98f49c0707
2026-10-06;pont_de_chavanay;ICONCH1;2026-10-06T14:00;9.4;14.6;156.0;24.6;0.0;71.0;59.0;22.0;0.0;71.0;45.416153;4.741211;147.0;2026-10-05T13:15:00+02:00;2026-10-05T14:30:03+02:00;cf98f49c0707
2026-10-06;pont_de_chavanay;ICONCH1;2026-10-06T15:00;10.5;16.3;164.0;25.4;0.0;62.0;48.0;35.0;0.0;62.0;45.416153;4.741211;147.0;2026-10-05T13:15:00+02:00;2026-10-05T14:30:03+02:00;cf98f49c0707
2026-10-06;pont_de_chavanay;ICONCH1;2026-10-06T16:00;10.1;16.5;163.0;25.3;0.0;56.0;0.0;56.0;0.0;56.0;45.416153;4.741211;147.0;2026-10-05T13:15:00+02:00;2026-10-05T14:30:03+02:00;cf98f49c0707
2026-10-06;pont_de_chavanay;ICONCH1;2026-10-06T17:00;9.4;15.9;156.0;25.1;0.0;17.0;0.0;17.0;0.0;17.0;45.416153;4.741211;147.0;2026-10-05T13:15:00+02:00;2026-10-05T14:30:03+02:00;cf98f49c0707
2026-10-06;pont_de_chavanay;ICONCH1;2026-10-06T18:00;8.8;15.2;172.0;24.2;0.0;44.0;0.0;0.0;44.0;44.0;45.416153;4.741211;147.0;2026-10-05T13:15:00+02:00;2026-10-05T14:30:03+02:00;cf98f49c0707
2026-10-06;pont_de_chavanay;ICONCH1;2026-10-06T19:00;7.3;13.2;164.0;22.2;0.0;82.0;8.0;40.0;58.0;82.0;45.416153;4.741211;147.0;2026-10-05T13:15:00+02:00;2026-10-05T14:30:03+02:00;cf98f49c0707
2026-10-06;pont_de_chavanay;ICONCH1;2026-10-06T20:00;4.5;10.9;175.0;20.2;0.0;99.0;12.0;68.0;96.0;99.0;45.416153;4.741211;147.0;2026-10-05T13:15:00+02:00;2026-10-05T14:30:03+02:00;cf98f49c0707
2026-10-06;portes_les_valence;AROMEHD;2026-10-06T01:00;1.7;1.6;153.0;16.5;0.0;;0.0;0.0;0.0;0.0;44.87;4.8599987;101.0;2026-10-05T13:15:00+02:00;2026-10-05T14:30:03+02:00;cf98f49c0707
2026-10-06;portes_les_valence;AROMEHD;2026-10-06T02:00;2.2;1.2;243.0;15.8;0.0;;0.0;0.0;0.0;0.0;44.87;4.8599987;101.0;2026-10-05T13:15:00+02:00;2026-10-05T14:30:03+02:00;cf98f49c0707
2026-10-06;portes_les_valence;AROMEHD;2026-10-06T03:00;1.9;3.1;204.0;15.5;0.0;;0.0;0.0;0.0;0.0;44.87;4.8599987;101.0;2026-10-05T13:15:00+02:00;2026-10-05T14:30:03+02:00;cf98f49c0707
2026-10-06;portes_les_valence;AROMEHD;2026-10-06T04:00;2.2;2.7;207.0;14.8;0.0;;0.0;0.0;0.0;0.0;44.87;4.8599987;101.0;2026-10-05T13:15:00+02:00;2026-10-05T14:30:03+02:00;cf98f49c0707
2026-10-06;portes_les_valence;AROMEHD;2026-10-06T05:00;1.2;2.7;219.0;14.6;0.0;;0.0;0.0;0.0;0.0;44.87;4.8599987;101.0;2026-10-05T13:15:00+02:00;2026-10-05T14:30:03+02:00;cf98f49c0707
2026-10-06;portes_les_valence;AROMEHD;2026-10-06T06:00;1.6;1.7;256.0;14.3;0.0;;0.0;0.0;0.0;0.0;44.87;4.8599987;101.0;2026-10-05T13:15:00+02:00;2026-10-05T14:30:03+02:00;cf98f49c0707
2026-10-06;portes_les_valence;AROMEHD;2026-10-06T07:00;0.2;2.3;360.0;14.2;0.0;;1.0;0.0;0.0;1.0;44.87;4.8599987;101.0;2026-10-05T13:15:00+02:00;2026-10-05T14:30:03+02:00;cf98f49c0707
2026-10-06;portes_les_valence;AROMEHD;2026-10-06T08:00;2.4;2.9;14.0;14.5;0.0;;6.0;0.0;0.0;6.0;44.87;4.8599987;101.0;2026-10-05T13:15:00+02:00;2026-10-05T14:30:03+02:00;cf98f49c0707
2026-10-06;portes_les_valence;AROMEHD;2026-10-06T09:00;2.3;3.9;48.0;15.8;0.0;;67.0;0.0;0.0;67.0;44.87;4.8599987;101.0;2026-10-05T13:15:00+02:00;2026-10-05T14:30:03+02:00;cf98f49c0707
2026-10-06;portes_les_valence;AROMEHD;2026-10-06T10:00;1.1;3.7;135.0;17.2;0.0;;100.0;0.0;0.0;100.0;44.87;4.8599987;101.0;2026-10-05T13:15:00+02:00;2026-10-05T14:30:03+02:00;cf98f49c0707
2026-10-06;portes_les_valence;AROMEHD;2026-10-06T11:00;2.9;6.2;180.0;19.8;0.0;;6.0;1.0;0.0;6.0;44.87;4.8599987;101.0;2026-10-05T13:15:00+02:00;2026-10-05T14:30:03+02:00;cf98f49c0707
2026-10-06;portes_les_valence;AROMEHD;2026-10-06T12:00;4.5;9.7;180.0;22.0;0.0;;0.0;0.0;0.0;0.0;44.87;4.8599987;101.0;2026-10-05T13:15:00+02:00;2026-10-05T14:30:03+02:00;cf98f49c0707
2026-10-06;portes_les_valence;AROMEHD;2026-10-06T13:00;10.7;18.5;192.0;24.1;0.0;;12.0;0.0;0.0;12.0;44.87;4.8599987;101.0;2026-10-05T13:15:00+02:00;2026-10-05T14:30:03+02:00;cf98f49c0707
2026-10-06;portes_les_valence;AROMEHD;2026-10-06T14:00;10.6;19.4;198.0;24.8;0.0;;19.0;0.0;1.0;19.0;44.87;4.8599987;101.0;2026-10-05T13:15:00+02:00;2026-10-05T14:30:03+02:00;cf98f49c0707
2026-10-06;portes_les_valence;AROMEHD;2026-10-06T15:00;11.4;19.6;200.0;25.1;0.0;;8.0;0.0;99.0;99.0;44.87;4.8599987;101.0;2026-10-05T13:15:00+02:00;2026-10-05T14:30:03+02:00;cf98f49c0707
2026-10-06;portes_les_valence;AROMEHD;2026-10-06T16:00;11.2;19.6;200.0;25.6;0.0;;1.0;0.0;0.0;1.0;44.87;4.8599987;101.0;2026-10-05T13:15:00+02:00;2026-10-05T14:30:03+02:00;cf98f49c0707
2026-10-06;portes_les_valence;AROMEHD;2026-10-06T17:00;11.3;19.6;202.0;25.7;0.0;;1.0;0.0;0.0;1.0;44.87;4.8599987;101.0;2026-10-05T13:15:00+02:00;2026-10-05T14:30:03+02:00;cf98f49c0707
2026-10-06;portes_les_valence;AROMEHD;2026-10-06T18:00;12.0;22.0;243.0;24.6;0.0;;0.0;37.0;4.0;37.0;44.87;4.8599987;101.0;2026-10-05T13:15:00+02:00;2026-10-05T14:30:03+02:00;cf98f49c0707
2026-10-06;portes_les_valence;AROMEHD;2026-10-06T19:00;8.1;19.6;230.0;21.9;0.0;;0.0;38.0;11.0;38.0;44.87;4.8599987;101.0;2026-10-05T13:15:00+02:00;2026-10-05T14:30:03+02:00;cf98f49c0707
2026-10-06;portes_les_valence;AROMEHD;2026-10-06T20:00;5.9;14.2;197.0;20.7;0.0;;0.0;100.0;99.0;100.0;44.87;4.8599987;101.0;2026-10-05T13:15:00+02:00;2026-10-05T14:30:03+02:00;cf98f49c0707
2026-10-06;portes_les_valence;AROMEHD;2026-10-06T21:00;5.6;9.1;180.0;19.6;0.0;;64.0;45.0;72.0;72.0;44.87;4.8599987;101.0;2026-10-05T13:15:00+02:00;2026-10-05T14:30:03+02:00;cf98f49c0707
2026-10-06;portes_les_valence;AROMEHD;2026-10-06T22:00;5.2;10.7;207.0;18.8;0.4;;1.0;100.0;1.0;100.0;44.87;4.8599987;101.0;2026-10-05T13:15:00+02:00;2026-10-05T14:30:03+02:00;cf98f49c0707
2026-10-06;portes_les_valence;AROMEHD;2026-10-06T23:00;4.8;9.7;201.0;18.4;0.5;;12.0;100.0;100.0;100.0;44.87;4.8599987;101.0;2026-10-05T13:15:00+02:00;2026-10-05T14:30:03+02:00;cf98f49c0707
2026-10-06;portes_les_valence;AROMEHD;2026-10-07T00:00;6.8;11.9;215.0;18.6;9.1;;3.0;100.0;43.0;100.0;44.87;4.8599987;101.0;2026-10-05T13:15:00+02:00;2026-10-05T14:30:03+02:00;cf98f49c0707
2026-10-06;portes_les_valence;ICONCH1;2026-10-06T01:00;2.2;3.5;190.0;17.1;0.0;88.0;50.0;70.0;0.0;88.0;44.870667;4.8635864;103.0;2026-10-05T13:15:00+02:00;2026-10-05T14:30:03+02:00;cf98f49c0707
2026-10-06;portes_les_valence;ICONCH1;2026-10-06T02:00;1.6;3.3;187.0;16.6;0.0;76.0;16.0;65.0;0.0;76.0;44.870667;4.8635864;103.0;2026-10-05T13:15:00+02:00;2026-10-05T14:30:03+02:00;cf98f49c0707
2026-10-06;portes_les_valence;ICONCH1;2026-10-06T03:00;2.2;4.1;207.0;15.9;0.0;6.0;6.0;0.0;0.0;6.0;44.870667;4.8635864;103.0;2026-10-05T13:15:00+02:00;2026-10-05T14:30:03+02:00;cf98f49c0707
2026-10-06;portes_les_valence;ICONCH1;2026-10-06T04:00;1.3;3.3;153.0;15.4;0.0;23.0;23.0;0.0;0.0;23.0;44.870667;4.8635864;103.0;2026-10-05T13:15:00+02:00;2026-10-05T14:30:03+02:00;cf98f49c0707
2026-10-06;portes_les_valence;ICONCH1;2026-10-06T05:00;1.4;1.9;8.0;15.3;0.0;56.0;56.0;0.0;0.0;56.0;44.870667;4.8635864;103.0;2026-10-05T13:15:00+02:00;2026-10-05T14:30:03+02:00;cf98f49c0707
2026-10-06;portes_les_valence;ICONCH1;2026-10-06T06:00;1.0;3.3;37.0;15.2;0.0;55.0;55.0;0.0;0.0;55.0;44.870667;4.8635864;103.0;2026-10-05T13:15:00+02:00;2026-10-05T14:30:03+02:00;cf98f49c0707
2026-10-06;portes_les_valence;ICONCH1;2026-10-06T07:00;2.1;3.3;5.0;15.4;0.0;77.0;66.0;29.0;0.0;77.0;44.870667;4.8635864;103.0;2026-10-05T13:15:00+02:00;2026-10-05T14:30:03+02:00;cf98f49c0707
2026-10-06;portes_les_valence;ICONCH1;2026-10-06T08:00;2.2;3.3;15.0;15.1;0.0;82.0;72.0;33.0;0.0;82.0;44.870667;4.8635864;103.0;2026-10-05T13:15:00+02:00;2026-10-05T14:30:03+02:00;cf98f49c0707
2026-10-06;portes_les_valence;ICONCH1;2026-10-06T09:00;1.4;3.3;34.0;16.1;0.0;84.0;76.0;51.0;0.0;84.0;44.870667;4.8635864;103.0;2026-10-05T13:15:00+02:00;2026-10-05T14:30:03+02:00;cf98f49c0707
2026-10-06;portes_les_valence;ICONCH1;2026-10-06T10:00;0.4;3.1;90.0;17.4;0.0;88.0;65.0;66.0;0.0;88.0;44.870667;4.8635864;103.0;2026-10-05T13:15:00+02:00;2026-10-05T14:30:03+02:00;cf98f49c0707
2026-10-06;portes_les_valence;ICONCH1;2026-10-06T11:00;2.6;4.7;163.0;19.6;0.0;69.0;52.0;38.0;0.0;69.0;44.870667;4.8635864;103.0;2026-10-05T13:15:00+02:00;2026-10-05T14:30:03+02:00;cf98f49c0707
2026-10-06;portes_les_valence;ICONCH1;2026-10-06T12:00;5.1;8.6;198.0;21.7;0.0;78.0;25.0;65.0;0.0;78.0;44.870667;4.8635864;103.0;2026-10-05T13:15:00+02:00;2026-10-05T14:30:03+02:00;cf98f49c0707
2026-10-06;portes_les_valence;ICONCH1;2026-10-06T13:00;9.8;15.9;198.0;23.7;0.0;77.0;30.0;61.0;0.0;77.0;44.870667;4.8635864;103.0;2026-10-05T13:15:00+02:00;2026-10-05T14:30:03+02:00;cf98f49c0707
2026-10-06;portes_les_valence;ICONCH1;2026-10-06T14:00;11.2;18.1;203.0;24.4;0.0;65.0;6.0;61.0;0.0;65.0;44.870667;4.8635864;103.0;2026-10-05T13:15:00+02:00;2026-10-05T14:30:03+02:00;cf98f49c0707
2026-10-06;portes_les_valence;ICONCH1;2026-10-06T15:00;11.6;19.2;207.0;24.9;0.0;61.0;0.0;61.0;0.0;61.0;44.870667;4.8635864;103.0;2026-10-05T13:15:00+02:00;2026-10-05T14:30:03+02:00;cf98f49c0707
2026-10-06;portes_les_valence;ICONCH1;2026-10-06T16:00;10.1;18.7;203.0;24.9;0.0;95.0;0.0;75.0;77.0;95.0;44.870667;4.8635864;103.0;2026-10-05T13:15:00+02:00;2026-10-05T14:30:03+02:00;cf98f49c0707
2026-10-06;portes_les_valence;ICONCH1;2026-10-06T17:00;9.4;17.5;222.0;24.2;0.0;89.0;0.0;87.0;13.0;89.0;44.870667;4.8635864;103.0;2026-10-05T13:15:00+02:00;2026-10-05T14:30:03+02:00;cf98f49c0707
2026-10-06;portes_les_valence;ICONCH1;2026-10-06T18:00;10.8;16.9;210.0;23.2;0.0;100.0;27.0;82.0;100.0;100.0;44.870667;4.8635864;103.0;2026-10-05T13:15:00+02:00;2026-10-05T14:30:03+02:00;cf98f49c0707
2026-10-06;portes_les_valence;ICONCH1;2026-10-06T19:00;10.1;17.1;192.0;21.7;0.0;96.0;39.0;81.0;66.0;96.0;44.870667;4.8635864;103.0;2026-10-05T13:15:00+02:00;2026-10-05T14:30:03+02:00;cf98f49c0707
2026-10-06;portes_les_valence;ICONCH1;2026-10-06T20:00;8.2;15.7;188.0;20.6;0.0;92.0;19.0;85.0;9.0;92.0;44.870667;4.8635864;103.0;2026-10-05T13:15:00+02:00;2026-10-05T14:30:03+02:00;cf98f49c0707
2026-10-06;roche_de_glun;AROMEHD;2026-10-06T01:00;1.0;1.2;53.0;16.6;0.0;;0.0;0.0;0.0;0.0;45.03;4.84;116.0;2026-10-05T13:15:00+02:00;2026-10-05T14:30:03+02:00;cf98f49c0707
2026-10-06;roche_de_glun;AROMEHD;2026-10-06T02:00;0.5;1.0;45.0;16.1;0.0;;0.0;0.0;0.0;0.0;45.03;4.84;116.0;2026-10-05T13:15:00+02:00;2026-10-05T14:30:03+02:00;cf98f49c0707
2026-10-06;roche_de_glun;AROMEHD;2026-10-06T03:00;3.0;4.9;157.0;15.5;0.0;;0.0;0.0;0.0;0.0;45.03;4.84;116.0;2026-10-05T13:15:00+02:00;2026-10-05T14:30:03+02:00;cf98f49c0707
2026-10-06;roche_de_glun;AROMEHD;2026-10-06T04:00;1.3;4.7;333.0;14.7;0.0;;0.0;0.0;0.0;0.0;45.03;4.84;116.0;2026-10-05T13:15:00+02:00;2026-10-05T14:30:03+02:00;cf98f49c0707
2026-10-06;roche_de_glun;AROMEHD;2026-10-06T05:00;1.0;1.0;37.0;14.2;0.0;;1.0;0.0;0.0;1.0;45.03;4.84;116.0;2026-10-05T13:15:00+02:00;2026-10-05T14:30:03+02:00;cf98f49c0707
2026-10-06;roche_de_glun;AROMEHD;2026-10-06T06:00;0.0;0.8;270.0;13.7;0.0;;1.0;0.0;0.0;1.0;45.03;4.84;116.0;2026-10-05T13:15:00+02:00;2026-10-05T14:30:03+02:00;cf98f49c0707
2026-10-06;roche_de_glun;AROMEHD;2026-10-06T07:00;0.6;1.0;252.0;13.1;0.0;;3.0;0.0;0.0;3.0;45.03;4.84;116.0;2026-10-05T13:15:00+02:00;2026-10-05T14:30:03+02:00;cf98f49c0707
2026-10-06;roche_de_glun;AROMEHD;2026-10-06T08:00;0.8;1.4;256.0;13.1;0.0;;0.0;0.0;0.0;0.0;45.03;4.84;116.0;2026-10-05T13:15:00+02:00;2026-10-05T14:30:03+02:00;cf98f49c0707
2026-10-06;roche_de_glun;AROMEHD;2026-10-06T09:00;0.8;1.9;225.0;14.6;0.0;;0.0;0.0;0.0;0.0;45.03;4.84;116.0;2026-10-05T13:15:00+02:00;2026-10-05T14:30:03+02:00;cf98f49c0707
2026-10-06;roche_de_glun;AROMEHD;2026-10-06T10:00;1.0;3.3;101.0;17.1;0.0;;7.0;0.0;0.0;7.0;45.03;4.84;116.0;2026-10-05T13:15:00+02:00;2026-10-05T14:30:03+02:00;cf98f49c0707
2026-10-06;roche_de_glun;AROMEHD;2026-10-06T11:00;1.9;6.2;135.0;19.7;0.0;;0.0;0.0;0.0;0.0;45.03;4.84;116.0;2026-10-05T13:15:00+02:00;2026-10-05T14:30:03+02:00;cf98f49c0707
2026-10-06;roche_de_glun;AROMEHD;2026-10-06T12:00;6.7;14.6;150.0;22.7;0.0;;0.0;0.0;0.0;0.0;45.03;4.84;116.0;2026-10-05T13:15:00+02:00;2026-10-05T14:30:03+02:00;cf98f49c0707
2026-10-06;roche_de_glun;AROMEHD;2026-10-06T13:00;8.6;18.5;159.0;24.3;0.0;;3.0;10.0;0.0;10.0;45.03;4.84;116.0;2026-10-05T13:15:00+02:00;2026-10-05T14:30:03+02:00;cf98f49c0707
2026-10-06;roche_de_glun;AROMEHD;2026-10-06T14:00;7.6;18.3;165.0;25.3;0.0;;21.0;0.0;0.0;21.0;45.03;4.84;116.0;2026-10-05T13:15:00+02:00;2026-10-05T14:30:03+02:00;cf98f49c0707
2026-10-06;roche_de_glun;AROMEHD;2026-10-06T15:00;8.2;18.3;172.0;25.8;0.0;;26.0;0.0;6.0;26.0;45.03;4.84;116.0;2026-10-05T13:15:00+02:00;2026-10-05T14:30:03+02:00;cf98f49c0707
2026-10-06;roche_de_glun;AROMEHD;2026-10-06T16:00;7.8;18.1;173.0;26.0;0.0;;3.0;0.0;100.0;100.0;45.03;4.84;116.0;2026-10-05T13:15:00+02:00;2026-10-05T14:30:03+02:00;cf98f49c0707
2026-10-06;roche_de_glun;AROMEHD;2026-10-06T17:00;7.6;17.1;174.0;25.8;0.0;;0.0;0.0;0.0;0.0;45.03;4.84;116.0;2026-10-05T13:15:00+02:00;2026-10-05T14:30:03+02:00;cf98f49c0707
2026-10-06;roche_de_glun;AROMEHD;2026-10-06T18:00;5.9;16.3;189.0;25.4;0.0;;4.0;99.0;17.0;99.0;45.03;4.84;116.0;2026-10-05T13:15:00+02:00;2026-10-05T14:30:03+02:00;cf98f49c0707
2026-10-06;roche_de_glun;AROMEHD;2026-10-06T19:00;7.0;16.5;236.0;22.9;0.0;;0.0;85.0;1.0;85.0;45.03;4.84;116.0;2026-10-05T13:15:00+02:00;2026-10-05T14:30:03+02:00;cf98f49c0707
2026-10-06;roche_de_glun;AROMEHD;2026-10-06T20:00;4.9;16.7;203.0;21.6;0.0;;0.0;2.0;16.0;16.0;45.03;4.84;116.0;2026-10-05T13:15:00+02:00;2026-10-05T14:30:03+02:00;cf98f49c0707
2026-10-06;roche_de_glun;AROMEHD;2026-10-06T21:00;3.7;12.4;152.0;20.5;0.0;;0.0;5.0;53.0;53.0;45.03;4.84;116.0;2026-10-05T13:15:00+02:00;2026-10-05T14:30:03+02:00;cf98f49c0707
2026-10-06;roche_de_glun;AROMEHD;2026-10-06T22:00;3.6;9.9;151.0;19.2;0.0;;5.0;8.0;27.0;27.0;45.03;4.84;116.0;2026-10-05T13:15:00+02:00;2026-10-05T14:30:03+02:00;cf98f49c0707
2026-10-06;roche_de_glun;AROMEHD;2026-10-06T23:00;4.4;8.7;131.0;18.5;0.1;;5.0;83.0;100.0;100.0;45.03;4.84;116.0;2026-10-05T13:15:00+02:00;2026-10-05T14:30:03+02:00;cf98f49c0707
2026-10-06;roche_de_glun;AROMEHD;2026-10-07T00:00;7.4;16.9;175.0;18.9;0.3;;36.0;100.0;1.0;100.0;45.03;4.84;116.0;2026-10-05T13:15:00+02:00;2026-10-05T14:30:03+02:00;cf98f49c0707
2026-10-06;roche_de_glun;ICONCH1;2026-10-06T01:00;1.9;3.3;45.0;15.6;0.0;61.0;48.0;18.0;0.0;61.0;45.020344;4.8496704;118.0;2026-10-05T13:15:00+02:00;2026-10-05T14:30:03+02:00;cf98f49c0707
2026-10-06;roche_de_glun;ICONCH1;2026-10-06T02:00;1.4;3.7;34.0;15.3;0.0;42.0;42.0;0.0;0.0;42.0;45.020344;4.8496704;118.0;2026-10-05T13:15:00+02:00;2026-10-05T14:30:03+02:00;cf98f49c0707
2026-10-06;roche_de_glun;ICONCH1;2026-10-06T03:00;1.0;2.7;37.0;15.1;0.0;0.0;0.0;0.0;0.0;0.0;45.020344;4.8496704;118.0;2026-10-05T13:15:00+02:00;2026-10-05T14:30:03+02:00;cf98f49c0707
2026-10-06;roche_de_glun;ICONCH1;2026-10-06T04:00;1.5;2.9;40.0;14.4;0.0;4.0;4.0;0.0;0.0;4.0;45.020344;4.8496704;118.0;2026-10-05T13:15:00+02:00;2026-10-05T14:30:03+02:00;cf98f49c0707
2026-10-06;roche_de_glun;ICONCH1;2026-10-06T05:00;1.5;4.5;310.0;13.8;0.0;68.0;68.0;0.0;0.0;68.0;45.020344;4.8496704;118.0;2026-10-05T13:15:00+02:00;2026-10-05T14:30:03+02:00;cf98f49c0707
2026-10-06;roche_de_glun;ICONCH1;2026-10-06T06:00;1.4;3.9;16.0;13.7;0.0;13.0;13.0;0.0;0.0;13.0;45.020344;4.8496704;118.0;2026-10-05T13:15:00+02:00;2026-10-05T14:30:03+02:00;cf98f49c0707
2026-10-06;roche_de_glun;ICONCH1;2026-10-06T07:00;1.9;3.5;45.0;13.6;0.0;45.0;45.0;0.0;0.0;45.0;45.020344;4.8496704;118.0;2026-10-05T13:15:00+02:00;2026-10-05T14:30:03+02:00;cf98f49c0707
2026-10-06;roche_de_glun;ICONCH1;2026-10-06T08:00;1.7;3.1;36.0;13.6;0.0;44.0;44.0;0.0;0.0;44.0;45.020344;4.8496704;118.0;2026-10-05T13:15:00+02:00;2026-10-05T14:30:03+02:00;cf98f49c0707
2026-10-06;roche_de_glun;ICONCH1;2026-10-06T09:00;0.7;2.7;326.0;14.3;0.0;76.0;76.0;0.0;0.0;76.0;45.020344;4.8496704;118.0;2026-10-05T13:15:00+02:00;2026-10-05T14:30:03+02:00;cf98f49c0707
2026-10-06;roche_de_glun;ICONCH1;2026-10-06T10:00;0.8;1.9;45.0;16.7;0.0;75.0;60.0;33.0;0.0;75.0;45.020344;4.8496704;118.0;2026-10-05T13:15:00+02:00;2026-10-05T14:30:03+02:00;cf98f49c0707
2026-10-06;roche_de_glun;ICONCH1;2026-10-06T11:00;2.5;4.5;148.0;18.9;0.0;80.0;39.0;67.0;0.0;80.0;45.020344;4.8496704;118.0;2026-10-05T13:15:00+02:00;2026-10-05T14:30:03+02:00;cf98f49c0707
2026-10-06;roche_de_glun;ICONCH1;2026-10-06T12:00;6.6;10.9;156.0;21.5;0.0;72.0;15.0;63.0;0.0;72.0;45.020344;4.8496704;118.0;2026-10-05T13:15:00+02:00;2026-10-05T14:30:03+02:00;cf98f49c0707
2026-10-06;roche_de_glun;ICONCH1;2026-10-06T13:00;10.0;16.3;172.0;23.8;0.0;79.0;24.0;65.0;0.0;79.0;45.020344;4.8496704;118.0;2026-10-05T13:15:00+02:00;2026-10-05T14:30:03+02:00;cf98f49c0707
2026-10-06;roche_de_glun;ICONCH1;2026-10-06T14:00;9.5;18.7;179.0;24.5;0.0;72.0;8.0;67.0;0.0;72.0;45.020344;4.8496704;118.0;2026-10-05T13:15:00+02:00;2026-10-05T14:30:03+02:00;cf98f49c0707
2026-10-06;roche_de_glun;ICONCH1;2026-10-06T15:00;8.8;16.5;184.0;25.1;0.0;66.0;1.0;65.0;0.0;66.0;45.020344;4.8496704;118.0;2026-10-05T13:15:00+02:00;2026-10-05T14:30:03+02:00;cf98f49c0707
2026-10-06;roche_de_glun;ICONCH1;2026-10-06T16:00;8.4;15.0;185.0;25.4;0.0;76.0;37.0;45.0;32.0;76.0;45.020344;4.8496704;118.0;2026-10-05T13:15:00+02:00;2026-10-05T14:30:03+02:00;cf98f49c0707
2026-10-06;roche_de_glun;ICONCH1;2026-10-06T17:00;8.2;14.8;187.0;24.7;0.0;61.0;0.0;61.0;16.0;61.0;45.020344;4.8496704;118.0;2026-10-05T13:15:00+02:00;2026-10-05T14:30:03+02:00;cf98f49c0707
2026-10-06;roche_de_glun;ICONCH1;2026-10-06T18:00;7.5;14.6;190.0;23.6;0.0;91.0;4.0;79.0;64.0;91.0;45.020344;4.8496704;118.0;2026-10-05T13:15:00+02:00;2026-10-05T14:30:03+02:00;cf98f49c0707
2026-10-06;roche_de_glun;ICONCH1;2026-10-06T19:00;7.2;12.6;183.0;21.8;0.0;95.0;44.0;86.0;68.0;95.0;45.020344;4.8496704;118.0;2026-10-05T13:15:00+02:00;2026-10-05T14:30:03+02:00;cf98f49c0707
2026-10-06;roche_de_glun;ICONCH1;2026-10-06T20:00;6.3;11.3;169.0;20.4;0.0;99.0;27.0;87.0;86.0;99.0;45.020344;4.8496704;118.0;2026-10-05T13:15:00+02:00;2026-10-05T14:30:03+02:00;cf98f49c0707
2026-10-06;st_alban_du_rhone;AROMEHD;2026-10-06T01:00;0.4;0.4;27.0;16.2;0.0;;0.0;0.0;0.0;0.0;45.39;4.76;140.0;2026-10-05T13:15:00+02:00;2026-10-05T14:30:03+02:00;cf98f49c0707
2026-10-06;st_alban_du_rhone;AROMEHD;2026-10-06T02:00;2.9;2.7;176.0;14.9;0.0;;0.0;0.0;0.0;0.0;45.39;4.76;140.0;2026-10-05T13:15:00+02:00;2026-10-05T14:30:03+02:00;cf98f49c0707
2026-10-06;st_alban_du_rhone;AROMEHD;2026-10-06T03:00;0.8;2.9;180.0;14.6;0.0;;0.0;0.0;0.0;0.0;45.39;4.76;140.0;2026-10-05T13:15:00+02:00;2026-10-05T14:30:03+02:00;cf98f49c0707
2026-10-06;st_alban_du_rhone;AROMEHD;2026-10-06T04:00;1.1;1.6;135.0;13.9;0.0;;0.0;0.0;0.0;0.0;45.39;4.76;140.0;2026-10-05T13:15:00+02:00;2026-10-05T14:30:03+02:00;cf98f49c0707
2026-10-06;st_alban_du_rhone;AROMEHD;2026-10-06T05:00;0.4;1.0;207.0;13.5;0.0;;0.0;0.0;0.0;0.0;45.39;4.76;140.0;2026-10-05T13:15:00+02:00;2026-10-05T14:30:03+02:00;cf98f49c0707
2026-10-06;st_alban_du_rhone;AROMEHD;2026-10-06T06:00;2.1;2.1;158.0;13.1;0.0;;0.0;0.0;0.0;0.0;45.39;4.76;140.0;2026-10-05T13:15:00+02:00;2026-10-05T14:30:03+02:00;cf98f49c0707
2026-10-06;st_alban_du_rhone;AROMEHD;2026-10-06T07:00;0.4;2.1;117.0;12.5;0.0;;0.0;0.0;0.0;0.0;45.39;4.76;140.0;2026-10-05T13:15:00+02:00;2026-10-05T14:30:03+02:00;cf98f49c0707
2026-10-06;st_alban_du_rhone;AROMEHD;2026-10-06T08:00;1.7;1.7;324.0;12.6;0.0;;0.0;0.0;0.0;0.0;45.39;4.76;140.0;2026-10-05T13:15:00+02:00;2026-10-05T14:30:03+02:00;cf98f49c0707
2026-10-06;st_alban_du_rhone;AROMEHD;2026-10-06T09:00;1.7;1.4;159.0;13.6;0.0;;0.0;0.0;0.0;0.0;45.39;4.76;140.0;2026-10-05T13:15:00+02:00;2026-10-05T14:30:03+02:00;cf98f49c0707
2026-10-06;st_alban_du_rhone;AROMEHD;2026-10-06T10:00;2.3;4.5;138.0;15.8;0.0;;0.0;0.0;0.0;0.0;45.39;4.76;140.0;2026-10-05T13:15:00+02:00;2026-10-05T14:30:03+02:00;cf98f49c0707
2026-10-06;st_alban_du_rhone;AROMEHD;2026-10-06T11:00;2.4;6.2;151.0;18.4;0.0;;0.0;0.0;0.0;0.0;45.39;4.76;140.0;2026-10-05T13:15:00+02:00;2026-10-05T14:30:03+02:00;cf98f49c0707
2026-10-06;st_alban_du_rhone;AROMEHD;2026-10-06T12:00;4.3;9.1;162.0;21.2;0.0;;0.0;0.0;0.0;0.0;45.39;4.76;140.0;2026-10-05T13:15:00+02:00;2026-10-05T14:30:03+02:00;cf98f49c0707
2026-10-06;st_alban_du_rhone;AROMEHD;2026-10-06T13:00;5.0;10.7;149.0;23.1;0.0;;0.0;0.0;0.0;0.0;45.39;4.76;140.0;2026-10-05T13:15:00+02:00;2026-10-05T14:30:03+02:00;cf98f49c0707
2026-10-06;st_alban_du_rhone;AROMEHD;2026-10-06T14:00;8.4;15.6;149.0;25.0;0.0;;0.0;0.0;0.0;0.0;45.39;4.76;140.0;2026-10-05T13:15:00+02:00;2026-10-05T14:30:03+02:00;cf98f49c0707
2026-10-06;st_alban_du_rhone;AROMEHD;2026-10-06T15:00;10.8;18.9;172.0;26.2;0.0;;8.0;1.0;0.0;8.0;45.39;4.76;140.0;2026-10-05T13:15:00+02:00;2026-10-05T14:30:03+02:00;cf98f49c0707
2026-10-06;st_alban_du_rhone;AROMEHD;2026-10-06T16:00;12.1;20.0;174.0;26.1;0.0;;1.0;0.0;0.0;1.0;45.39;4.76;140.0;2026-10-05T13:15:00+02:00;2026-10-05T14:30:03+02:00;cf98f49c0707
2026-10-06;st_alban_du_rhone;AROMEHD;2026-10-06T17:00;11.7;21.0;173.0;25.8;0.0;;1.0;0.0;0.0;1.0;45.39;4.76;140.0;2026-10-05T13:15:00+02:00;2026-10-05T14:30:03+02:00;cf98f49c0707
2026-10-06;st_alban_du_rhone;AROMEHD;2026-10-06T18:00;10.6;19.2;174.0;25.1;0.0;;0.0;0.0;0.0;0.0;45.39;4.76;140.0;2026-10-05T13:15:00+02:00;2026-10-05T14:30:03+02:00;cf98f49c0707
2026-10-06;st_alban_du_rhone;AROMEHD;2026-10-06T19:00;8.4;17.5;179.0;23.8;0.0;;0.0;2.0;31.0;31.0;45.39;4.76;140.0;2026-10-05T13:15:00+02:00;2026-10-05T14:30:03+02:00;cf98f49c0707
2026-10-06;st_alban_du_rhone;AROMEHD;2026-10-06T20:00;7.3;13.8;171.0;22.4;0.0;;0.0;1.0;98.0;98.0;45.39;4.76;140.0;2026-10-05T13:15:00+02:00;2026-10-05T14:30:03+02:00;cf98f49c0707
2026-10-06;st_alban_du_rhone;AROMEHD;2026-10-06T21:00;8.6;13.2;149.0;21.0;0.0;;0.0;66.0;100.0;100.0;45.39;4.76;140.0;2026-10-05T13:15:00+02:00;2026-10-05T14:30:03+02:00;cf98f49c0707
2026-10-06;st_alban_du_rhone;AROMEHD;2026-10-06T22:00;8.8;14.8;158.0;20.3;0.0;;0.0;8.0;8.0;8.0;45.39;4.76;140.0;2026-10-05T13:15:00+02:00;2026-10-05T14:30:03+02:00;cf98f49c0707
2026-10-06;st_alban_du_rhone;AROMEHD;2026-10-06T23:00;7.3;13.6;160.0;19.0;0.0;;0.0;5.0;66.0;66.0;45.39;4.76;140.0;2026-10-05T13:15:00+02:00;2026-10-05T14:30:03+02:00;cf98f49c0707
2026-10-06;st_alban_du_rhone;AROMEHD;2026-10-07T00:00;8.4;12.8;158.0;18.3;0.0;;0.0;35.0;100.0;100.0;45.39;4.76;140.0;2026-10-05T13:15:00+02:00;2026-10-05T14:30:03+02:00;cf98f49c0707
2026-10-06;st_alban_du_rhone;ICONCH1;2026-10-06T01:00;1.1;2.1;225.0;16.0;0.0;0.0;0.0;0.0;0.0;0.0;45.386887;4.758301;141.0;2026-10-05T13:15:00+02:00;2026-10-05T14:30:03+02:00;cf98f49c0707
2026-10-06;st_alban_du_rhone;ICONCH1;2026-10-06T02:00;1.0;2.7;248.0;15.3;0.0;0.0;0.0;0.0;0.0;0.0;45.386887;4.758301;141.0;2026-10-05T13:15:00+02:00;2026-10-05T14:30:03+02:00;cf98f49c0707
2026-10-06;st_alban_du_rhone;ICONCH1;2026-10-06T03:00;1.0;1.9;307.0;14.9;0.0;0.0;0.0;0.0;0.0;0.0;45.386887;4.758301;141.0;2026-10-05T13:15:00+02:00;2026-10-05T14:30:03+02:00;cf98f49c0707
2026-10-06;st_alban_du_rhone;ICONCH1;2026-10-06T04:00;0.6;1.7;18.0;14.3;0.0;0.0;0.0;0.0;0.0;0.0;45.386887;4.758301;141.0;2026-10-05T13:15:00+02:00;2026-10-05T14:30:03+02:00;cf98f49c0707
2026-10-06;st_alban_du_rhone;ICONCH1;2026-10-06T05:00;0.8;1.0;194.0;13.9;0.0;38.0;38.0;0.0;0.0;38.0;45.386887;4.758301;141.0;2026-10-05T13:15:00+02:00;2026-10-05T14:30:03+02:00;cf98f49c0707
2026-10-06;st_alban_du_rhone;ICONCH1;2026-10-06T06:00;1.0;1.7;169.0;13.0;0.0;54.0;54.0;0.0;0.0;54.0;45.386887;4.758301;141.0;2026-10-05T13:15:00+02:00;2026-10-05T14:30:03+02:00;cf98f49c0707
2026-10-06;st_alban_du_rhone;ICONCH1;2026-10-06T07:00;0.4;1.6;117.0;12.8;0.0;100.0;100.0;0.0;0.0;100.0;45.386887;4.758301;141.0;2026-10-05T13:15:00+02:00;2026-10-05T14:30:03+02:00;cf98f49c0707
2026-10-06;st_alban_du_rhone;ICONCH1;2026-10-06T08:00;0.7;1.7;214.0;12.8;0.0;100.0;100.0;0.0;0.0;100.0;45.386887;4.758301;141.0;2026-10-05T13:15:00+02:00;2026-10-05T14:30:03+02:00;cf98f49c0707
2026-10-06;st_alban_du_rhone;ICONCH1;2026-10-06T09:00;0.6;1.6;360.0;13.2;0.0;100.0;100.0;0.0;0.0;100.0;45.386887;4.758301;141.0;2026-10-05T13:15:00+02:00;2026-10-05T14:30:03+02:00;cf98f49c0707
2026-10-06;st_alban_du_rhone;ICONCH1;2026-10-06T10:00;0.6;1.7;90.0;14.6;0.0;72.0;72.0;0.0;0.0;72.0;45.386887;4.758301;141.0;2026-10-05T13:15:00+02:00;2026-10-05T14:30:03+02:00;cf98f49c0707
2026-10-06;st_alban_du_rhone;ICONCH1;2026-10-06T11:00;1.8;4.1;139.0;17.8;0.0;5.0;0.0;5.0;0.0;5.0;45.386887;4.758301;141.0;2026-10-05T13:15:00+02:00;2026-10-05T14:30:03+02:00;cf98f49c0707
2026-10-06;st_alban_du_rhone;ICONCH1;2026-10-06T12:00;5.0;8.6;149.0;20.6;0.0;7.0;0.0;7.0;0.0;7.0;45.386887;4.758301;141.0;2026-10-05T13:15:00+02:00;2026-10-05T14:30:03+02:00;cf98f49c0707
2026-10-06;st_alban_du_rhone;ICONCH1;2026-10-06T13:00;7.3;12.2;155.0;23.1;0.0;34.0;0.0;34.0;0.0;34.0;45.386887;4.758301;141.0;2026-10-05T13:15:00+02:00;2026-10-05T14:30:03+02:00;cf98f49c0707
2026-10-06;st_alban_du_rhone;ICONCH1;2026-10-06T14:00;10.6;17.9;159.0;25.0;0.0;56.0;45.0;24.0;0.0;56.0;45.386887;4.758301;141.0;2026-10-05T13:15:00+02:00;2026-10-05T14:30:03+02:00;cf98f49c0707
2026-10-06;st_alban_du_rhone;ICONCH1;2026-10-06T15:00;11.8;19.4;166.0;25.6;0.0;67.0;11.0;60.0;0.0;67.0;45.386887;4.758301;141.0;2026-10-05T13:15:00+02:00;2026-10-05T14:30:03+02:00;cf98f49c0707
2026-10-06;st_alban_du_rhone;ICONCH1;2026-10-06T16:00;11.2;19.4;166.0;25.6;0.0;60.0;0.0;60.0;0.0;60.0;45.386887;4.758301;141.0;2026-10-05T13:15:00+02:00;2026-10-05T14:30:03+02:00;cf98f49c0707
2026-10-06;st_alban_du_rhone;ICONCH1;2026-10-06T17:00;10.7;18.9;158.0;25.6;0.0;26.0;0.0;24.0;2.0;26.0;45.386887;4.758301;141.0;2026-10-05T13:15:00+02:00;2026-10-05T14:30:03+02:00;cf98f49c0707
2026-10-06;st_alban_du_rhone;ICONCH1;2026-10-06T18:00;10.6;18.9;173.0;24.6;0.0;57.0;0.0;0.0;57.0;57.0;45.386887;4.758301;141.0;2026-10-05T13:15:00+02:00;2026-10-05T14:30:03+02:00;cf98f49c0707
2026-10-06;st_alban_du_rhone;ICONCH1;2026-10-06T19:00;9.2;16.9;163.0;22.5;0.0;79.0;0.0;28.0;60.0;79.0;45.386887;4.758301;141.0;2026-10-05T13:15:00+02:00;2026-10-05T14:30:03+02:00;cf98f49c0707
2026-10-06;st_alban_du_rhone;ICONCH1;2026-10-06T20:00;6.6;14.4;161.0;20.5;0.0;98.0;5.0;66.0;91.0;98.0;45.386887;4.758301;141.0;2026-10-05T13:15:00+02:00;2026-10-05T14:30:03+02:00;cf98f49c0707
2026-10-06;st_cyr_sur_le_rhone;AROMEHD;2026-10-06T01:00;1.7;2.5;63.0;17.1;0.0;;0.0;0.0;0.0;0.0;45.510002;4.8500004;190.0;2026-10-05T13:15:00+02:00;2026-10-05T14:30:03+02:00;cf98f49c0707
2026-10-06;st_cyr_sur_le_rhone;AROMEHD;2026-10-06T02:00;2.4;3.5;61.0;16.6;0.0;;0.0;0.0;0.0;0.0;45.510002;4.8500004;190.0;2026-10-05T13:15:00+02:00;2026-10-05T14:30:03+02:00;cf98f49c0707
2026-10-06;st_cyr_sur_le_rhone;AROMEHD;2026-10-06T03:00;2.1;3.7;41.0;15.9;0.0;;0.0;0.0;0.0;0.0;45.510002;4.8500004;190.0;2026-10-05T13:15:00+02:00;2026-10-05T14:30:03+02:00;cf98f49c0707
2026-10-06;st_cyr_sur_le_rhone;AROMEHD;2026-10-06T04:00;2.3;3.5;5.0;15.0;0.0;;0.0;0.0;0.0;0.0;45.510002;4.8500004;190.0;2026-10-05T13:15:00+02:00;2026-10-05T14:30:03+02:00;cf98f49c0707
2026-10-06;st_cyr_sur_le_rhone;AROMEHD;2026-10-06T05:00;2.0;3.7;11.0;14.7;0.0;;0.0;0.0;0.0;0.0;45.510002;4.8500004;190.0;2026-10-05T13:15:00+02:00;2026-10-05T14:30:03+02:00;cf98f49c0707
2026-10-06;st_cyr_sur_le_rhone;AROMEHD;2026-10-06T06:00;1.7;2.5;234.0;13.9;0.0;;0.0;0.0;0.0;0.0;45.510002;4.8500004;190.0;2026-10-05T13:15:00+02:00;2026-10-05T14:30:03+02:00;cf98f49c0707
2026-10-06;st_cyr_sur_le_rhone;AROMEHD;2026-10-06T07:00;2.6;3.9;222.0;13.8;0.0;;0.0;0.0;0.0;0.0;45.510002;4.8500004;190.0;2026-10-05T13:15:00+02:00;2026-10-05T14:30:03+02:00;cf98f49c0707
2026-10-06;st_cyr_sur_le_rhone;AROMEHD;2026-10-06T08:00;2.5;5.1;219.0;13.9;0.0;;0.0;0.0;0.0;0.0;45.510002;4.8500004;190.0;2026-10-05T13:15:00+02:00;2026-10-05T14:30:03+02:00;cf98f49c0707
2026-10-06;st_cyr_sur_le_rhone;AROMEHD;2026-10-06T09:00;1.2;3.9;189.0;15.1;0.0;;0.0;0.0;0.0;0.0;45.510002;4.8500004;190.0;2026-10-05T13:15:00+02:00;2026-10-05T14:30:03+02:00;cf98f49c0707
2026-10-06;st_cyr_sur_le_rhone;AROMEHD;2026-10-06T10:00;2.7;6.0;210.0;17.5;0.0;;0.0;0.0;0.0;0.0;45.510002;4.8500004;190.0;2026-10-05T13:15:00+02:00;2026-10-05T14:30:03+02:00;cf98f49c0707
2026-10-06;st_cyr_sur_le_rhone;AROMEHD;2026-10-06T11:00;3.6;8.6;216.0;19.3;0.0;;0.0;0.0;0.0;0.0;45.510002;4.8500004;190.0;2026-10-05T13:15:00+02:00;2026-10-05T14:30:03+02:00;cf98f49c0707
2026-10-06;st_cyr_sur_le_rhone;AROMEHD;2026-10-06T12:00;4.1;10.3;211.0;21.7;0.0;;0.0;0.0;0.0;0.0;45.510002;4.8500004;190.0;2026-10-05T13:15:00+02:00;2026-10-05T14:30:03+02:00;cf98f49c0707
2026-10-06;st_cyr_sur_le_rhone;AROMEHD;2026-10-06T13:00;5.0;12.8;196.0;23.6;0.0;;0.0;0.0;0.0;0.0;45.510002;4.8500004;190.0;2026-10-05T13:15:00+02:00;2026-10-05T14:30:03+02:00;cf98f49c0707
2026-10-06;st_cyr_sur_le_rhone;AROMEHD;2026-10-06T14:00;5.4;13.6;195.0;25.1;0.0;;0.0;0.0;0.0;0.0;45.510002;4.8500004;190.0;2026-10-05T13:15:00+02:00;2026-10-05T14:30:03+02:00;cf98f49c0707
2026-10-06;st_cyr_sur_le_rhone;AROMEHD;2026-10-06T15:00;5.6;15.7;182.0;26.3;0.0;;0.0;0.0;0.0;0.0;45.510002;4.8500004;190.0;2026-10-05T13:15:00+02:00;2026-10-05T14:30:03+02:00;cf98f49c0707
2026-10-06;st_cyr_sur_le_rhone;AROMEHD;2026-10-06T16:00;6.9;18.5;188.0;26.5;0.0;;7.0;1.0;0.0;7.0;45.510002;4.8500004;190.0;2026-10-05T13:15:00+02:00;2026-10-05T14:30:03+02:00;cf98f49c0707
2026-10-06;st_cyr_sur_le_rhone;AROMEHD;2026-10-06T17:00;9.3;20.6;181.0;26.1;0.0;;4.0;0.0;0.0;4.0;45.510002;4.8500004;190.0;2026-10-05T13:15:00+02:00;2026-10-05T14:30:03+02:00;cf98f49c0707
2026-10-06;st_cyr_sur_le_rhone;AROMEHD;2026-10-06T18:00;8.2;20.8;184.0;25.4;0.0;;0.0;17.0;100.0;100.0;45.510002;4.8500004;190.0;2026-10-05T13:15:00+02:00;2026-10-05T14:30:03+02:00;cf98f49c0707
2026-10-06;st_cyr_sur_le_rhone;AROMEHD;2026-10-06T19:00;7.7;18.3;192.0;24.3;0.0;;0.0;0.0;65.0;65.0;45.510002;4.8500004;190.0;2026-10-05T13:15:00+02:00;2026-10-05T14:30:03+02:00;cf98f49c0707
2026-10-06;st_cyr_sur_le_rhone;AROMEHD;2026-10-06T20:00;7.2;17.1;193.0;22.8;0.0;;0.0;0.0;7.0;7.0;45.510002;4.8500004;190.0;2026-10-05T13:15:00+02:00;2026-10-05T14:30:03+02:00;cf98f49c0707
2026-10-06;st_cyr_sur_le_rhone;AROMEHD;2026-10-06T21:00;7.8;17.1;180.0;21.6;0.0;;0.0;8.0;100.0;100.0;45.510002;4.8500004;190.0;2026-10-05T13:15:00+02:00;2026-10-05T14:30:03+02:00;cf98f49c0707
2026-10-06;st_cyr_sur_le_rhone;AROMEHD;2026-10-06T22:00;8.6;19.2;180.0;20.7;0.0;;0.0;1.0;89.0;89.0;45.510002;4.8500004;190.0;2026-10-05T13:15:00+02:00;2026-10-05T14:30:03+02:00;cf98f49c0707
2026-10-06;st_cyr_sur_le_rhone;AROMEHD;2026-10-06T23:00;8.6;20.2;186.0;20.0;0.0;;0.0;0.0;93.0;93.0;45.510002;4.8500004;190.0;2026-10-05T13:15:00+02:00;2026-10-05T14:30:03+02:00;cf98f49c0707
2026-10-06;st_cyr_sur_le_rhone;AROMEHD;2026-10-07T00:00;9.9;21.8;183.0;19.6;0.0;;0.0;3.0;100.0;100.0;45.510002;4.8500004;190.0;2026-10-05T13:15:00+02:00;2026-10-05T14:30:03+02:00;cf98f49c0707
2026-10-06;st_cyr_sur_le_rhone;ICONCH1;2026-10-06T01:00;1.3;1.6;207.0;16.4;0.0;0.0;0.0;0.0;0.0;0.0;45.511913;4.860718;186.0;2026-10-05T13:15:00+02:00;2026-10-05T14:30:03+02:00;cf98f49c0707
2026-10-06;st_cyr_sur_le_rhone;ICONCH1;2026-10-06T02:00;3.4;5.2;223.0;14.7;0.0;0.0;0.0;0.0;0.0;0.0;45.511913;4.860718;186.0;2026-10-05T13:15:00+02:00;2026-10-05T14:30:03+02:00;cf98f49c0707
2026-10-06;st_cyr_sur_le_rhone;ICONCH1;2026-10-06T03:00;2.9;5.2;233.0;14.5;0.0;0.0;0.0;0.0;0.0;0.0;45.511913;4.860718;186.0;2026-10-05T13:15:00+02:00;2026-10-05T14:30:03+02:00;cf98f49c0707
2026-10-06;st_cyr_sur_le_rhone;ICONCH1;2026-10-06T04:00;0.2;4.9;90.0;14.4;0.0;0.0;0.0;0.0;0.0;0.0;45.511913;4.860718;186.0;2026-10-05T13:15:00+02:00;2026-10-05T14:30:03+02:00;cf98f49c0707
2026-10-06;st_cyr_sur_le_rhone;ICONCH1;2026-10-06T05:00;1.9;3.1;233.0;13.9;0.0;0.0;0.0;0.0;0.0;0.0;45.511913;4.860718;186.0;2026-10-05T13:15:00+02:00;2026-10-05T14:30:03+02:00;cf98f49c0707
2026-10-06;st_cyr_sur_le_rhone;ICONCH1;2026-10-06T06:00;1.9;3.9;233.0;13.8;0.0;0.0;0.0;0.0;0.0;0.0;45.511913;4.860718;186.0;2026-10-05T13:15:00+02:00;2026-10-05T14:30:03+02:00;cf98f49c0707
2026-10-06;st_cyr_sur_le_rhone;ICONCH1;2026-10-06T07:00;2.2;3.9;225.0;13.5;0.0;0.0;0.0;0.0;0.0;0.0;45.511913;4.860718;186.0;2026-10-05T13:15:00+02:00;2026-10-05T14:30:03+02:00;cf98f49c0707
2026-10-06;st_cyr_sur_le_rhone;ICONCH1;2026-10-06T08:00;1.9;3.9;225.0;13.3;0.0;22.0;22.0;0.0;0.0;22.0;45.511913;4.860718;186.0;2026-10-05T13:15:00+02:00;2026-10-05T14:30:03+02:00;cf98f49c0707
2026-10-06;st_cyr_sur_le_rhone;ICONCH1;2026-10-06T09:00;2.5;4.1;219.0;14.5;0.0;28.0;28.0;0.0;0.0;28.0;45.511913;4.860718;186.0;2026-10-05T13:15:00+02:00;2026-10-05T14:30:03+02:00;cf98f49c0707
2026-10-06;st_cyr_sur_le_rhone;ICONCH1;2026-10-06T10:00;3.7;6.4;223.0;16.3;0.0;11.0;11.0;0.0;0.0;11.0;45.511913;4.860718;186.0;2026-10-05T13:15:00+02:00;2026-10-05T14:30:03+02:00;cf98f49c0707
2026-10-06;st_cyr_sur_le_rhone;ICONCH1;2026-10-06T11:00;5.1;9.1;223.0;18.2;0.0;22.0;22.0;0.0;0.0;22.0;45.511913;4.860718;186.0;2026-10-05T13:15:00+02:00;2026-10-05T14:30:03+02:00;cf98f49c0707
2026-10-06;st_cyr_sur_le_rhone;ICONCH1;2026-10-06T12:00;5.7;9.5;208.0;20.9;0.0;23.0;23.0;0.0;0.0;23.0;45.511913;4.860718;186.0;2026-10-05T13:15:00+02:00;2026-10-05T14:30:03+02:00;cf98f49c0707
2026-10-06;st_cyr_sur_le_rhone;ICONCH1;2026-10-06T13:00;7.9;13.0;189.0;23.2;0.0;34.0;34.0;0.0;0.0;34.0;45.511913;4.860718;186.0;2026-10-05T13:15:00+02:00;2026-10-05T14:30:03+02:00;cf98f49c0707
2026-10-06;st_cyr_sur_le_rhone;ICONCH1;2026-10-06T14:00;10.5;17.5;185.0;24.6;0.0;33.0;33.0;0.0;0.0;33.0;45.511913;4.860718;186.0;2026-10-05T13:15:00+02:00;2026-10-05T14:30:03+02:00;cf98f49c0707
2026-10-06;st_cyr_sur_le_rhone;ICONCH1;2026-10-06T15:00;10.6;17.9;193.0;25.1;0.0;49.0;39.0;21.0;0.0;49.0;45.511913;4.860718;186.0;2026-10-05T13:15:00+02:00;2026-10-05T14:30:03+02:00;cf98f49c0707
2026-10-06;st_cyr_sur_le_rhone;ICONCH1;2026-10-06T16:00;10.7;19.0;184.0;25.2;0.0;53.0;0.0;53.0;0.0;53.0;45.511913;4.860718;186.0;2026-10-05T13:15:00+02:00;2026-10-05T14:30:03+02:00;cf98f49c0707
2026-10-06;st_cyr_sur_le_rhone;ICONCH1;2026-10-06T17:00;11.1;18.5;192.0;24.9;0.0;0.0;0.0;0.0;0.0;0.0;45.511913;4.860718;186.0;2026-10-05T13:15:00+02:00;2026-10-05T14:30:03+02:00;cf98f49c0707
2026-10-06;st_cyr_sur_le_rhone;ICONCH1;2026-10-06T18:00;10.9;17.9;185.0;24.1;0.0;24.0;0.0;0.0;24.0;24.0;45.511913;4.860718;186.0;2026-10-05T13:15:00+02:00;2026-10-05T14:30:03+02:00;cf98f49c0707
2026-10-06;st_cyr_sur_le_rhone;ICONCH1;2026-10-06T19:00;10.6;17.3;186.0;22.4;0.0;50.0;0.0;0.0;50.0;50.0;45.511913;4.860718;186.0;2026-10-05T13:15:00+02:00;2026-10-05T14:30:03+02:00;cf98f49c0707
2026-10-06;st_cyr_sur_le_rhone;ICONCH1;2026-10-06T20:00;13.1;21.2;187.0;21.0;0.0;82.0;0.0;64.0;48.0;82.0;45.511913;4.860718;186.0;2026-10-05T13:15:00+02:00;2026-10-05T14:30:03+02:00;cf98f49c0707
2026-10-06;st_romain_des_iles;AROMEHD;2026-10-06T01:00;1.4;1.2;146.0;12.6;0.0;;0.0;0.0;0.0;0.0;46.18;4.779999;169.0;2026-10-05T13:15:00+02:00;2026-10-05T14:30:03+02:00;cf98f49c0707
2026-10-06;st_romain_des_iles;AROMEHD;2026-10-06T02:00;1.4;1.7;172.0;11.8;0.0;;0.0;0.0;0.0;0.0;46.18;4.779999;169.0;2026-10-05T13:15:00+02:00;2026-10-05T14:30:03+02:00;cf98f49c0707
2026-10-06;st_romain_des_iles;AROMEHD;2026-10-06T03:00;0.8;1.6;180.0;11.2;0.0;;0.0;0.0;0.0;0.0;46.18;4.779999;169.0;2026-10-05T13:15:00+02:00;2026-10-05T14:30:03+02:00;cf98f49c0707
2026-10-06;st_romain_des_iles;AROMEHD;2026-10-06T04:00;0.8;2.3;256.0;10.6;0.0;;0.0;0.0;0.0;0.0;46.18;4.779999;169.0;2026-10-05T13:15:00+02:00;2026-10-05T14:30:03+02:00;cf98f49c0707
2026-10-06;st_romain_des_iles;AROMEHD;2026-10-06T05:00;2.2;2.1;165.0;10.1;0.0;;0.0;0.0;0.0;0.0;46.18;4.779999;169.0;2026-10-05T13:15:00+02:00;2026-10-05T14:30:03+02:00;cf98f49c0707
2026-10-06;st_romain_des_iles;AROMEHD;2026-10-06T06:00;1.6;2.3;135.0;9.6;0.0;;0.0;0.0;0.0;0.0;46.18;4.779999;169.0;2026-10-05T13:15:00+02:00;2026-10-05T14:30:03+02:00;cf98f49c0707
2026-10-06;st_romain_des_iles;AROMEHD;2026-10-06T07:00;1.0;1.7;68.0;9.3;0.0;;0.0;0.0;0.0;0.0;46.18;4.779999;169.0;2026-10-05T13:15:00+02:00;2026-10-05T14:30:03+02:00;cf98f49c0707
2026-10-06;st_romain_des_iles;AROMEHD;2026-10-06T08:00;0.4;1.2;297.0;8.8;0.0;;1.0;0.0;0.0;1.0;46.18;4.779999;169.0;2026-10-05T13:15:00+02:00;2026-10-05T14:30:03+02:00;cf98f49c0707
2026-10-06;st_romain_des_iles;AROMEHD;2026-10-06T09:00;0.2;1.0;90.0;10.2;0.0;;1.0;0.0;0.0;1.0;46.18;4.779999;169.0;2026-10-05T13:15:00+02:00;2026-10-05T14:30:03+02:00;cf98f49c0707
2026-10-06;st_romain_des_iles;AROMEHD;2026-10-06T10:00;0.8;1.9;166.0;13.7;0.0;;0.0;0.0;0.0;0.0;46.18;4.779999;169.0;2026-10-05T13:15:00+02:00;2026-10-05T14:30:03+02:00;cf98f49c0707
2026-10-06;st_romain_des_iles;AROMEHD;2026-10-06T11:00;0.9;3.9;117.0;16.7;0.0;;0.0;0.0;0.0;0.0;46.18;4.779999;169.0;2026-10-05T13:15:00+02:00;2026-10-05T14:30:03+02:00;cf98f49c0707
2026-10-06;st_romain_des_iles;AROMEHD;2026-10-06T12:00;0.2;5.4;180.0;19.1;0.0;;0.0;0.0;0.0;0.0;46.18;4.779999;169.0;2026-10-05T13:15:00+02:00;2026-10-05T14:30:03+02:00;cf98f49c0707
2026-10-06;st_romain_des_iles;AROMEHD;2026-10-06T13:00;2.4;7.2;215.0;21.8;0.0;;0.0;0.0;0.0;0.0;46.18;4.779999;169.0;2026-10-05T13:15:00+02:00;2026-10-05T14:30:03+02:00;cf98f49c0707
2026-10-06;st_romain_des_iles;AROMEHD;2026-10-06T14:00;4.3;10.3;183.0;23.8;0.0;;0.0;0.0;0.0;0.0;46.18;4.779999;169.0;2026-10-05T13:15:00+02:00;2026-10-05T14:30:03+02:00;cf98f49c0707
2026-10-06;st_romain_des_iles;AROMEHD;2026-10-06T15:00;5.2;11.3;180.0;24.9;0.0;;0.0;0.0;0.0;0.0;46.18;4.779999;169.0;2026-10-05T13:15:00+02:00;2026-10-05T14:30:03+02:00;cf98f49c0707
2026-10-06;st_romain_des_iles;AROMEHD;2026-10-06T16:00;5.4;11.5;167.0;25.6;0.0;;0.0;0.0;0.0;0.0;46.18;4.779999;169.0;2026-10-05T13:15:00+02:00;2026-10-05T14:30:03+02:00;cf98f49c0707
2026-10-06;st_romain_des_iles;AROMEHD;2026-10-06T17:00;4.9;11.1;182.0;25.8;0.0;;0.0;0.0;0.0;0.0;46.18;4.779999;169.0;2026-10-05T13:15:00+02:00;2026-10-05T14:30:03+02:00;cf98f49c0707
2026-10-06;st_romain_des_iles;AROMEHD;2026-10-06T18:00;5.5;9.9;172.0;25.7;0.0;;0.0;0.0;0.0;0.0;46.18;4.779999;169.0;2026-10-05T13:15:00+02:00;2026-10-05T14:30:03+02:00;cf98f49c0707
2026-10-06;st_romain_des_iles;AROMEHD;2026-10-06T19:00;4.5;9.3;149.0;23.7;0.0;;0.0;0.0;0.0;0.0;46.18;4.779999;169.0;2026-10-05T13:15:00+02:00;2026-10-05T14:30:03+02:00;cf98f49c0707
2026-10-06;st_romain_des_iles;AROMEHD;2026-10-06T20:00;6.6;9.7;140.0;22.0;0.0;;46.0;0.0;0.0;46.0;46.18;4.779999;169.0;2026-10-05T13:15:00+02:00;2026-10-05T14:30:03+02:00;cf98f49c0707
2026-10-06;st_romain_des_iles;AROMEHD;2026-10-06T21:00;7.0;11.5;146.0;21.0;0.0;;0.0;0.0;0.0;0.0;46.18;4.779999;169.0;2026-10-05T13:15:00+02:00;2026-10-05T14:30:03+02:00;cf98f49c0707
2026-10-06;st_romain_des_iles;AROMEHD;2026-10-06T22:00;4.6;10.7;168.0;19.3;0.0;;1.0;1.0;100.0;100.0;46.18;4.779999;169.0;2026-10-05T13:15:00+02:00;2026-10-05T14:30:03+02:00;cf98f49c0707
2026-10-06;st_romain_des_iles;AROMEHD;2026-10-06T23:00;5.7;8.6;190.0;18.3;0.0;;0.0;0.0;13.0;13.0;46.18;4.779999;169.0;2026-10-05T13:15:00+02:00;2026-10-05T14:30:03+02:00;cf98f49c0707
2026-10-06;st_romain_des_iles;AROMEHD;2026-10-07T00:00;5.1;8.2;178.0;17.3;0.0;;0.0;0.0;99.0;99.0;46.18;4.779999;169.0;2026-10-05T13:15:00+02:00;2026-10-05T14:30:03+02:00;cf98f49c0707
2026-10-06;st_romain_des_iles;ICONCH1;2026-10-06T01:00;2.4;4.5;189.0;13.4;0.0;0.0;0.0;0.0;0.0;0.0;46.179794;4.782837;176.0;2026-10-05T13:15:00+02:00;2026-10-05T14:30:03+02:00;cf98f49c0707
2026-10-06;st_romain_des_iles;ICONCH1;2026-10-06T02:00;1.4;3.5;124.0;12.4;0.0;40.0;40.0;0.0;0.0;40.0;46.179794;4.782837;176.0;2026-10-05T13:15:00+02:00;2026-10-05T14:30:03+02:00;cf98f49c0707
2026-10-06;st_romain_des_iles;ICONCH1;2026-10-06T03:00;1.0;2.1;338.0;12.7;0.0;0.0;0.0;0.0;0.0;0.0;46.179794;4.782837;176.0;2026-10-05T13:15:00+02:00;2026-10-05T14:30:03+02:00;cf98f49c0707
2026-10-06;st_romain_des_iles;ICONCH1;2026-10-06T04:00;2.3;4.1;24.0;12.2;0.0;0.0;0.0;0.0;0.0;0.0;46.179794;4.782837;176.0;2026-10-05T13:15:00+02:00;2026-10-05T14:30:03+02:00;cf98f49c0707
2026-10-06;st_romain_des_iles;ICONCH1;2026-10-06T05:00;1.2;3.7;81.0;12.2;0.0;0.0;0.0;0.0;0.0;0.0;46.179794;4.782837;176.0;2026-10-05T13:15:00+02:00;2026-10-05T14:30:03+02:00;cf98f49c0707
2026-10-06;st_romain_des_iles;ICONCH1;2026-10-06T06:00;1.9;2.9;246.0;11.2;0.0;0.0;0.0;0.0;0.0;0.0;46.179794;4.782837;176.0;2026-10-05T13:15:00+02:00;2026-10-05T14:30:03+02:00;cf98f49c0707
2026-10-06;st_romain_des_iles;ICONCH1;2026-10-06T07:00;0.3;2.9;225.0;10.6;0.0;0.0;0.0;0.0;0.0;0.0;46.179794;4.782837;176.0;2026-10-05T13:15:00+02:00;2026-10-05T14:30:03+02:00;cf98f49c0707
2026-10-06;st_romain_des_iles;ICONCH1;2026-10-06T08:00;1.2;1.6;99.0;10.6;0.0;54.0;54.0;0.0;0.0;54.0;46.179794;4.782837;176.0;2026-10-05T13:15:00+02:00;2026-10-05T14:30:03+02:00;cf98f49c0707
2026-10-06;st_romain_des_iles;ICONCH1;2026-10-06T09:00;1.2;2.9;288.0;10.5;0.0;94.0;94.0;0.0;0.0;94.0;46.179794;4.782837;176.0;2026-10-05T13:15:00+02:00;2026-10-05T14:30:03+02:00;cf98f49c0707
2026-10-06;st_romain_des_iles;ICONCH1;2026-10-06T10:00;0.4;2.5;27.0;14.0;0.0;0.0;0.0;0.0;0.0;0.0;46.179794;4.782837;176.0;2026-10-05T13:15:00+02:00;2026-10-05T14:30:03+02:00;cf98f49c0707
2026-10-06;st_romain_des_iles;ICONCH1;2026-10-06T11:00;0.8;2.7;166.0;17.3;0.0;0.0;0.0;0.0;0.0;0.0;46.179794;4.782837;176.0;2026-10-05T13:15:00+02:00;2026-10-05T14:30:03+02:00;cf98f49c0707
2026-10-06;st_romain_des_iles;ICONCH1;2026-10-06T12:00;2.7;5.6;180.0;20.5;0.0;0.0;0.0;0.0;0.0;0.0;46.179794;4.782837;176.0;2026-10-05T13:15:00+02:00;2026-10-05T14:30:03+02:00;cf98f49c0707
2026-10-06;st_romain_des_iles;ICONCH1;2026-10-06T13:00;3.4;7.4;164.0;22.7;0.0;0.0;0.0;0.0;0.0;0.0;46.179794;4.782837;176.0;2026-10-05T13:15:00+02:00;2026-10-05T14:30:03+02:00;cf98f49c0707
2026-10-06;st_romain_des_iles;ICONCH1;2026-10-06T14:00;5.3;9.1;172.0;24.7;0.0;0.0;0.0;0.0;0.0;0.0;46.179794;4.782837;176.0;2026-10-05T13:15:00+02:00;2026-10-05T14:30:03+02:00;cf98f49c0707
2026-10-06;st_romain_des_iles;ICONCH1;2026-10-06T15:00;7.2;12.8;178.0;25.6;0.0;14.0;14.0;0.0;0.0;14.0;46.179794;4.782837;176.0;2026-10-05T13:15:00+02:00;2026-10-05T14:30:03+02:00;cf98f49c0707
2026-10-06;st_romain_des_iles;ICONCH1;2026-10-06T16:00;6.3;12.1;162.0;26.0;0.0;47.0;47.0;0.0;0.0;47.0;46.179794;4.782837;176.0;2026-10-05T13:15:00+02:00;2026-10-05T14:30:03+02:00;cf98f49c0707
2026-10-06;st_romain_des_iles;ICONCH1;2026-10-06T17:00;6.2;12.2;180.0;26.0;0.0;0.0;0.0;0.0;0.0;0.0;46.179794;4.782837;176.0;2026-10-05T13:15:00+02:00;2026-10-05T14:30:03+02:00;cf98f49c0707
2026-10-06;st_romain_des_iles;ICONCH1;2026-10-06T18:00;3.3;11.1;187.0;25.7;0.0;50.0;50.0;0.0;0.0;50.0;46.179794;4.782837;176.0;2026-10-05T13:15:00+02:00;2026-10-05T14:30:03+02:00;cf98f49c0707
2026-10-06;st_romain_des_iles;ICONCH1;2026-10-06T19:00;7.4;11.7;175.0;24.1;0.0;12.0;12.0;0.0;0.0;12.0;46.179794;4.782837;176.0;2026-10-05T13:15:00+02:00;2026-10-05T14:30:03+02:00;cf98f49c0707
2026-10-06;st_romain_des_iles;ICONCH1;2026-10-06T20:00;4.4;11.7;151.0;21.2;0.0;0.0;0.0;0.0;0.0;0.0;46.179794;4.782837;176.0;2026-10-05T13:15:00+02:00;2026-10-05T14:30:03+02:00;cf98f49c0707
2026-10-06;treffort;AROMEHD;2026-10-06T01:00;1.0;1.2;37.0;14.0;0.0;;0.0;0.0;0.0;0.0;44.91;5.6800003;0.0;2026-10-05T13:15:00+02:00;2026-10-05T14:30:03+02:00;cf98f49c0707
2026-10-06;treffort;AROMEHD;2026-10-06T02:00;0.9;1.2;63.0;13.7;0.0;;0.0;0.0;0.0;0.0;44.91;5.6800003;0.0;2026-10-05T13:15:00+02:00;2026-10-05T14:30:03+02:00;cf98f49c0707
2026-10-06;treffort;AROMEHD;2026-10-06T03:00;0.7;1.2;56.0;13.6;0.0;;0.0;0.0;0.0;0.0;44.91;5.6800003;0.0;2026-10-05T13:15:00+02:00;2026-10-05T14:30:03+02:00;cf98f49c0707
2026-10-06;treffort;AROMEHD;2026-10-06T04:00;0.2;1.2;270.0;13.4;0.0;;0.0;0.0;0.0;0.0;44.91;5.6800003;0.0;2026-10-05T13:15:00+02:00;2026-10-05T14:30:03+02:00;cf98f49c0707
2026-10-06;treffort;AROMEHD;2026-10-06T05:00;1.4;1.6;45.0;13.3;0.0;;0.0;0.0;0.0;0.0;44.91;5.6800003;0.0;2026-10-05T13:15:00+02:00;2026-10-05T14:30:03+02:00;cf98f49c0707
2026-10-06;treffort;AROMEHD;2026-10-06T06:00;0.7;1.4;34.0;13.1;0.0;;0.0;0.0;0.0;0.0;44.91;5.6800003;0.0;2026-10-05T13:15:00+02:00;2026-10-05T14:30:03+02:00;cf98f49c0707
2026-10-06;treffort;AROMEHD;2026-10-06T07:00;1.5;2.3;50.0;13.0;0.0;;0.0;0.0;0.0;0.0;44.91;5.6800003;0.0;2026-10-05T13:15:00+02:00;2026-10-05T14:30:03+02:00;cf98f49c0707
2026-10-06;treffort;AROMEHD;2026-10-06T08:00;1.4;2.9;8.0;12.8;0.0;;0.0;0.0;0.0;0.0;44.91;5.6800003;0.0;2026-10-05T13:15:00+02:00;2026-10-05T14:30:03+02:00;cf98f49c0707
2026-10-06;treffort;AROMEHD;2026-10-06T09:00;0.8;2.7;45.0;12.8;0.0;;0.0;0.0;0.0;0.0;44.91;5.6800003;0.0;2026-10-05T13:15:00+02:00;2026-10-05T14:30:03+02:00;cf98f49c0707
2026-10-06;treffort;AROMEHD;2026-10-06T10:00;1.0;1.4;79.0;14.2;0.0;;0.0;0.0;0.0;0.0;44.91;5.6800003;0.0;2026-10-05T13:15:00+02:00;2026-10-05T14:30:03+02:00;cf98f49c0707
2026-10-06;treffort;AROMEHD;2026-10-06T11:00;0.7;1.6;34.0;15.7;0.0;;0.0;0.0;0.0;0.0;44.91;5.6800003;0.0;2026-10-05T13:15:00+02:00;2026-10-05T14:30:03+02:00;cf98f49c0707
2026-10-06;treffort;AROMEHD;2026-10-06T12:00;1.2;3.1;321.0;16.8;0.0;;0.0;0.0;0.0;0.0;44.91;5.6800003;0.0;2026-10-05T13:15:00+02:00;2026-10-05T14:30:03+02:00;cf98f49c0707
2026-10-06;treffort;AROMEHD;2026-10-06T13:00;1.4;3.7;326.0;18.2;0.0;;0.0;0.0;0.0;0.0;44.91;5.6800003;0.0;2026-10-05T13:15:00+02:00;2026-10-05T14:30:03+02:00;cf98f49c0707
2026-10-06;treffort;AROMEHD;2026-10-06T14:00;4.2;8.4;347.0;19.6;0.0;;0.0;0.0;0.0;0.0;44.91;5.6800003;0.0;2026-10-05T13:15:00+02:00;2026-10-05T14:30:03+02:00;cf98f49c0707
2026-10-06;treffort;AROMEHD;2026-10-06T15:00;5.7;11.7;352.0;19.2;0.0;;0.0;0.0;0.0;0.0;44.91;5.6800003;0.0;2026-10-05T13:15:00+02:00;2026-10-05T14:30:03+02:00;cf98f49c0707
2026-10-06;treffort;AROMEHD;2026-10-06T16:00;4.8;11.7;14.0;19.1;0.0;;0.0;100.0;0.0;100.0;44.91;5.6800003;0.0;2026-10-05T13:15:00+02:00;2026-10-05T14:30:03+02:00;cf98f49c0707
2026-10-06;treffort;AROMEHD;2026-10-06T17:00;3.7;10.5;321.0;19.0;0.0;;0.0;0.0;1.0;1.0;44.91;5.6800003;0.0;2026-10-05T13:15:00+02:00;2026-10-05T14:30:03+02:00;cf98f49c0707
2026-10-06;treffort;AROMEHD;2026-10-06T18:00;1.7;7.0;111.0;18.6;0.0;;0.0;46.0;97.0;97.0;44.91;5.6800003;0.0;2026-10-05T13:15:00+02:00;2026-10-05T14:30:03+02:00;cf98f49c0707
2026-10-06;treffort;AROMEHD;2026-10-06T19:00;0.8;2.7;284.0;17.5;0.0;;0.0;1.0;0.0;1.0;44.91;5.6800003;0.0;2026-10-05T13:15:00+02:00;2026-10-05T14:30:03+02:00;cf98f49c0707
2026-10-06;treffort;AROMEHD;2026-10-06T20:00;4.1;8.7;205.0;17.1;0.0;;0.0;1.0;8.0;8.0;44.91;5.6800003;0.0;2026-10-05T13:15:00+02:00;2026-10-05T14:30:03+02:00;cf98f49c0707
2026-10-06;treffort;AROMEHD;2026-10-06T21:00;1.5;7.4;293.0;16.1;0.0;;0.0;0.0;100.0;100.0;44.91;5.6800003;0.0;2026-10-05T13:15:00+02:00;2026-10-05T14:30:03+02:00;cf98f49c0707
2026-10-06;treffort;AROMEHD;2026-10-06T22:00;2.0;5.6;209.0;15.8;0.0;;0.0;0.0;41.0;41.0;44.91;5.6800003;0.0;2026-10-05T13:15:00+02:00;2026-10-05T14:30:03+02:00;cf98f49c0707
2026-10-06;treffort;AROMEHD;2026-10-06T23:00;1.7;5.2;234.0;15.5;0.0;;0.0;0.0;1.0;1.0;44.91;5.6800003;0.0;2026-10-05T13:15:00+02:00;2026-10-05T14:30:03+02:00;cf98f49c0707
2026-10-06;treffort;AROMEHD;2026-10-07T00:00;1.2;5.8;171.0;15.5;0.0;;0.0;100.0;100.0;100.0;44.91;5.6800003;0.0;2026-10-05T13:15:00+02:00;2026-10-05T14:30:03+02:00;cf98f49c0707
2026-10-06;treffort;ICONCH1;2026-10-06T01:00;2.0;4.5;163.0;15.3;0.0;46.0;46.0;0.0;0.0;46.0;44.905636;5.680298;502.0;2026-10-05T13:15:00+02:00;2026-10-05T14:30:03+02:00;cf98f49c0707
2026-10-06;treffort;ICONCH1;2026-10-06T02:00;2.2;3.1;170.0;14.9;0.0;44.0;44.0;0.0;0.0;44.0;44.905636;5.680298;502.0;2026-10-05T13:15:00+02:00;2026-10-05T14:30:03+02:00;cf98f49c0707
2026-10-06;treffort;ICONCH1;2026-10-06T03:00;2.1;3.3;158.0;14.4;0.0;49.0;49.0;0.0;0.0;49.0;44.905636;5.680298;502.0;2026-10-05T13:15:00+02:00;2026-10-05T14:30:03+02:00;cf98f49c0707
2026-10-06;treffort;ICONCH1;2026-10-06T04:00;2.3;3.1;160.0;14.3;0.0;68.0;68.0;0.0;0.0;68.0;44.905636;5.680298;502.0;2026-10-05T13:15:00+02:00;2026-10-05T14:30:03+02:00;cf98f49c0707
2026-10-06;treffort;ICONCH1;2026-10-06T05:00;1.6;3.1;166.0;14.6;0.0;78.0;78.0;0.0;0.0;78.0;44.905636;5.680298;502.0;2026-10-05T13:15:00+02:00;2026-10-05T14:30:03+02:00;cf98f49c0707
2026-10-06;treffort;ICONCH1;2026-10-06T06:00;1.6;2.5;150.0;14.4;0.0;74.0;74.0;0.0;0.0;74.0;44.905636;5.680298;502.0;2026-10-05T13:15:00+02:00;2026-10-05T14:30:03+02:00;cf98f49c0707
2026-10-06;treffort;ICONCH1;2026-10-06T07:00;2.1;4.5;158.0;14.3;0.0;70.0;70.0;0.0;0.0;70.0;44.905636;5.680298;502.0;2026-10-05T13:15:00+02:00;2026-10-05T14:30:03+02:00;cf98f49c0707
2026-10-06;treffort;ICONCH1;2026-10-06T08:00;2.6;4.5;163.0;14.1;0.0;57.0;57.0;0.0;0.0;57.0;44.905636;5.680298;502.0;2026-10-05T13:15:00+02:00;2026-10-05T14:30:03+02:00;cf98f49c0707
2026-10-06;treffort;ICONCH1;2026-10-06T09:00;1.9;4.7;127.0;14.9;0.0;32.0;32.0;0.0;0.0;32.0;44.905636;5.680298;502.0;2026-10-05T13:15:00+02:00;2026-10-05T14:30:03+02:00;cf98f49c0707
2026-10-06;treffort;ICONCH1;2026-10-06T10:00;2.1;4.7;146.0;17.8;0.0;0.0;0.0;0.0;0.0;0.0;44.905636;5.680298;502.0;2026-10-05T13:15:00+02:00;2026-10-05T14:30:03+02:00;cf98f49c0707
2026-10-06;treffort;ICONCH1;2026-10-06T11:00;2.2;4.9;128.0;20.7;0.0;0.0;0.0;0.0;0.0;0.0;44.905636;5.680298;502.0;2026-10-05T13:15:00+02:00;2026-10-05T14:30:03+02:00;cf98f49c0707
2026-10-06;treffort;ICONCH1;2026-10-06T12:00;3.2;6.6;128.0;22.6;0.0;0.0;0.0;0.0;0.0;0.0;44.905636;5.680298;502.0;2026-10-05T13:15:00+02:00;2026-10-05T14:30:03+02:00;cf98f49c0707
2026-10-06;treffort;ICONCH1;2026-10-06T13:00;3.7;7.8;90.0;24.0;0.0;0.0;0.0;0.0;0.0;0.0;44.905636;5.680298;502.0;2026-10-05T13:15:00+02:00;2026-10-05T14:30:03+02:00;cf98f49c0707
2026-10-06;treffort;ICONCH1;2026-10-06T14:00;6.1;11.3;354.0;23.4;0.0;65.0;47.0;55.0;0.0;65.0;44.905636;5.680298;502.0;2026-10-05T13:15:00+02:00;2026-10-05T14:30:03+02:00;cf98f49c0707
2026-10-06;treffort;ICONCH1;2026-10-06T15:00;8.0;29.2;328.0;19.5;1.2;98.0;23.0;95.0;0.0;98.0;44.905636;5.680298;502.0;2026-10-05T13:15:00+02:00;2026-10-05T14:30:03+02:00;cf98f49c0707
2026-10-06;treffort;ICONCH1;2026-10-06T16:00;4.7;13.8;318.0;21.0;0.0;64.0;0.0;64.0;0.0;64.0;44.905636;5.680298;502.0;2026-10-05T13:15:00+02:00;2026-10-05T14:30:03+02:00;cf98f49c0707
2026-10-06;treffort;ICONCH1;2026-10-06T17:00;3.2;8.9;295.0;21.5;0.0;93.0;0.0;93.0;0.0;93.0;44.905636;5.680298;502.0;2026-10-05T13:15:00+02:00;2026-10-05T14:30:03+02:00;cf98f49c0707
2026-10-06;treffort;ICONCH1;2026-10-06T18:00;3.0;7.2;293.0;20.3;0.0;100.0;0.0;100.0;30.0;100.0;44.905636;5.680298;502.0;2026-10-05T13:15:00+02:00;2026-10-05T14:30:03+02:00;cf98f49c0707
2026-10-06;treffort;ICONCH1;2026-10-06T19:00;2.0;5.1;259.0;19.3;0.0;99.0;0.0;65.0;94.0;99.0;44.905636;5.680298;502.0;2026-10-05T13:15:00+02:00;2026-10-05T14:30:03+02:00;cf98f49c0707
2026-10-06;treffort;ICONCH1;2026-10-06T20:00;2.5;3.5;180.0;18.3;0.0;79.0;0.0;45.0;52.0;79.0;44.905636;5.680298;502.0;2026-10-05T13:15:00+02:00;2026-10-05T14:30:03+02:00;cf98f49c0707
2026-10-06;vengeron;AROMEHD;2026-10-06T01:00;2.1;2.7;131.0;17.4;0.0;;0.0;0.0;0.0;0.0;46.25;6.17;0.0;2026-10-05T13:15:00+02:00;2026-10-05T14:30:03+02:00;cf98f49c0707
2026-10-06;vengeron;AROMEHD;2026-10-06T02:00;0.8;3.9;225.0;16.5;0.0;;0.0;0.0;0.0;0.0;46.25;6.17;0.0;2026-10-05T13:15:00+02:00;2026-10-05T14:30:03+02:00;cf98f49c0707
2026-10-06;vengeron;AROMEHD;2026-10-06T03:00;0.8;1.4;284.0;15.3;0.0;;0.0;0.0;0.0;0.0;46.25;6.17;0.0;2026-10-05T13:15:00+02:00;2026-10-05T14:30:03+02:00;cf98f49c0707
2026-10-06;vengeron;AROMEHD;2026-10-06T04:00;1.7;2.1;270.0;14.2;0.0;;0.0;0.0;0.0;0.0;46.25;6.17;0.0;2026-10-05T13:15:00+02:00;2026-10-05T14:30:03+02:00;cf98f49c0707
2026-10-06;vengeron;AROMEHD;2026-10-06T05:00;1.2;2.1;252.0;13.6;0.0;;0.0;0.0;0.0;0.0;46.25;6.17;0.0;2026-10-05T13:15:00+02:00;2026-10-05T14:30:03+02:00;cf98f49c0707
2026-10-06;vengeron;AROMEHD;2026-10-06T06:00;1.2;1.6;279.0;13.2;0.0;;0.0;0.0;0.0;0.0;46.25;6.17;0.0;2026-10-05T13:15:00+02:00;2026-10-05T14:30:03+02:00;cf98f49c0707
2026-10-06;vengeron;AROMEHD;2026-10-06T07:00;2.1;2.7;214.0;13.6;0.0;;0.0;0.0;0.0;0.0;46.25;6.17;0.0;2026-10-05T13:15:00+02:00;2026-10-05T14:30:03+02:00;cf98f49c0707
2026-10-06;vengeron;AROMEHD;2026-10-06T08:00;1.8;2.7;283.0;12.9;0.0;;0.0;0.0;0.0;0.0;46.25;6.17;0.0;2026-10-05T13:15:00+02:00;2026-10-05T14:30:03+02:00;cf98f49c0707
2026-10-06;vengeron;AROMEHD;2026-10-06T09:00;1.0;2.1;270.0;13.5;0.0;;0.0;0.0;0.0;0.0;46.25;6.17;0.0;2026-10-05T13:15:00+02:00;2026-10-05T14:30:03+02:00;cf98f49c0707
2026-10-06;vengeron;AROMEHD;2026-10-06T10:00;0.4;1.2;207.0;14.7;0.0;;0.0;0.0;0.0;0.0;46.25;6.17;0.0;2026-10-05T13:15:00+02:00;2026-10-05T14:30:03+02:00;cf98f49c0707
2026-10-06;vengeron;AROMEHD;2026-10-06T11:00;0.4;1.0;90.0;15.3;0.0;;0.0;0.0;0.0;0.0;46.25;6.17;0.0;2026-10-05T13:15:00+02:00;2026-10-05T14:30:03+02:00;cf98f49c0707
2026-10-06;vengeron;AROMEHD;2026-10-06T12:00;1.9;1.9;53.0;16.3;0.0;;0.0;0.0;0.0;0.0;46.25;6.17;0.0;2026-10-05T13:15:00+02:00;2026-10-05T14:30:03+02:00;cf98f49c0707
2026-10-06;vengeron;AROMEHD;2026-10-06T13:00;4.1;4.5;25.0;17.4;0.0;;0.0;0.0;0.0;0.0;46.25;6.17;0.0;2026-10-05T13:15:00+02:00;2026-10-05T14:30:03+02:00;cf98f49c0707
2026-10-06;vengeron;AROMEHD;2026-10-06T14:00;4.9;5.2;34.0;17.9;0.0;;0.0;0.0;0.0;0.0;46.25;6.17;0.0;2026-10-05T13:15:00+02:00;2026-10-05T14:30:03+02:00;cf98f49c0707
2026-10-06;vengeron;AROMEHD;2026-10-06T15:00;5.7;6.2;38.0;19.0;0.0;;0.0;0.0;0.0;0.0;46.25;6.17;0.0;2026-10-05T13:15:00+02:00;2026-10-05T14:30:03+02:00;cf98f49c0707
2026-10-06;vengeron;AROMEHD;2026-10-06T16:00;7.4;8.2;27.0;19.5;0.0;;0.0;0.0;0.0;0.0;46.25;6.17;0.0;2026-10-05T13:15:00+02:00;2026-10-05T14:30:03+02:00;cf98f49c0707
2026-10-06;vengeron;AROMEHD;2026-10-06T17:00;9.2;10.7;22.0;19.5;0.0;;0.0;0.0;0.0;0.0;46.25;6.17;0.0;2026-10-05T13:15:00+02:00;2026-10-05T14:30:03+02:00;cf98f49c0707
2026-10-06;vengeron;AROMEHD;2026-10-06T18:00;10.2;11.9;13.0;19.8;0.0;;0.0;0.0;0.0;0.0;46.25;6.17;0.0;2026-10-05T13:15:00+02:00;2026-10-05T14:30:03+02:00;cf98f49c0707
2026-10-06;vengeron;AROMEHD;2026-10-06T19:00;9.3;12.8;17.0;19.6;0.0;;0.0;0.0;0.0;0.0;46.25;6.17;0.0;2026-10-05T13:15:00+02:00;2026-10-05T14:30:03+02:00;cf98f49c0707
2026-10-06;vengeron;AROMEHD;2026-10-06T20:00;5.7;11.1;354.0;19.1;0.0;;0.0;0.0;0.0;0.0;46.25;6.17;0.0;2026-10-05T13:15:00+02:00;2026-10-05T14:30:03+02:00;cf98f49c0707
2026-10-06;vengeron;AROMEHD;2026-10-06T21:00;2.1;6.8;5.0;18.9;0.0;;0.0;0.0;0.0;0.0;46.25;6.17;0.0;2026-10-05T13:15:00+02:00;2026-10-05T14:30:03+02:00;cf98f49c0707
2026-10-06;vengeron;AROMEHD;2026-10-06T22:00;2.1;2.9;270.0;17.5;0.0;;0.0;0.0;0.0;0.0;46.25;6.17;0.0;2026-10-05T13:15:00+02:00;2026-10-05T14:30:03+02:00;cf98f49c0707
2026-10-06;vengeron;AROMEHD;2026-10-06T23:00;2.8;2.9;282.0;16.5;0.0;;4.0;1.0;0.0;4.0;46.25;6.17;0.0;2026-10-05T13:15:00+02:00;2026-10-05T14:30:03+02:00;cf98f49c0707
2026-10-06;vengeron;AROMEHD;2026-10-07T00:00;1.6;2.9;300.0;15.7;0.0;;0.0;0.0;100.0;100.0;46.25;6.17;0.0;2026-10-05T13:15:00+02:00;2026-10-05T14:30:03+02:00;cf98f49c0707
2026-10-06;vengeron;ICONCH1;2026-10-06T01:00;2.5;4.9;288.0;15.6;0.0;0.0;0.0;0.0;0.0;0.0;46.24517;6.166931;0.0;2026-10-05T13:15:00+02:00;2026-10-05T14:30:03+02:00;cf98f49c0707
2026-10-06;vengeron;ICONCH1;2026-10-06T02:00;3.3;4.3;273.0;15.0;0.0;4.0;4.0;0.0;0.0;4.0;46.24517;6.166931;0.0;2026-10-05T13:15:00+02:00;2026-10-05T14:30:03+02:00;cf98f49c0707
2026-10-06;vengeron;ICONCH1;2026-10-06T03:00;2.2;4.3;285.0;15.1;0.0;0.0;0.0;0.0;0.0;0.0;46.24517;6.166931;0.0;2026-10-05T13:15:00+02:00;2026-10-05T14:30:03+02:00;cf98f49c0707
2026-10-06;vengeron;ICONCH1;2026-10-06T04:00;2.5;3.5;274.0;14.9;0.0;0.0;0.0;0.0;0.0;0.0;46.24517;6.166931;0.0;2026-10-05T13:15:00+02:00;2026-10-05T14:30:03+02:00;cf98f49c0707
2026-10-06;vengeron;ICONCH1;2026-10-06T05:00;2.4;3.5;235.0;15.3;0.0;0.0;0.0;0.0;0.0;0.0;46.24517;6.166931;0.0;2026-10-05T13:15:00+02:00;2026-10-05T14:30:03+02:00;cf98f49c0707
2026-10-06;vengeron;ICONCH1;2026-10-06T06:00;3.2;4.3;259.0;14.4;0.0;0.0;0.0;0.0;0.0;0.0;46.24517;6.166931;0.0;2026-10-05T13:15:00+02:00;2026-10-05T14:30:03+02:00;cf98f49c0707
2026-10-06;vengeron;ICONCH1;2026-10-06T07:00;3.2;4.7;223.0;13.8;0.0;61.0;61.0;0.0;0.0;61.0;46.24517;6.166931;0.0;2026-10-05T13:15:00+02:00;2026-10-05T14:30:03+02:00;cf98f49c0707
2026-10-06;vengeron;ICONCH1;2026-10-06T08:00;2.6;4.1;257.0;13.2;0.0;80.0;80.0;0.0;0.0;80.0;46.24517;6.166931;0.0;2026-10-05T13:15:00+02:00;2026-10-05T14:30:03+02:00;cf98f49c0707
2026-10-06;vengeron;ICONCH1;2026-10-06T09:00;3.3;4.5;220.0;13.7;0.0;73.0;73.0;0.0;0.0;73.0;46.24517;6.166931;0.0;2026-10-05T13:15:00+02:00;2026-10-05T14:30:03+02:00;cf98f49c0707
2026-10-06;vengeron;ICONCH1;2026-10-06T10:00;3.5;5.2;186.0;13.9;0.0;52.0;52.0;0.0;0.0;52.0;46.24517;6.166931;0.0;2026-10-05T13:15:00+02:00;2026-10-05T14:30:03+02:00;cf98f49c0707
2026-10-06;vengeron;ICONCH1;2026-10-06T11:00;1.0;4.7;217.0;15.4;0.0;0.0;0.0;0.0;0.0;0.0;46.24517;6.166931;0.0;2026-10-05T13:15:00+02:00;2026-10-05T14:30:03+02:00;cf98f49c0707
2026-10-06;vengeron;ICONCH1;2026-10-06T12:00;1.7;2.3;90.0;17.1;0.0;0.0;0.0;0.0;0.0;0.0;46.24517;6.166931;0.0;2026-10-05T13:15:00+02:00;2026-10-05T14:30:03+02:00;cf98f49c0707
2026-10-06;vengeron;ICONCH1;2026-10-06T13:00;1.7;2.7;90.0;18.2;0.0;0.0;0.0;0.0;0.0;0.0;46.24517;6.166931;0.0;2026-10-05T13:15:00+02:00;2026-10-05T14:30:03+02:00;cf98f49c0707
2026-10-06;vengeron;ICONCH1;2026-10-06T14:00;1.6;2.7;83.0;19.5;0.0;0.0;0.0;0.0;0.0;0.0;46.24517;6.166931;0.0;2026-10-05T13:15:00+02:00;2026-10-05T14:30:03+02:00;cf98f49c0707
2026-10-06;vengeron;ICONCH1;2026-10-06T15:00;2.4;3.3;55.0;20.7;0.0;0.0;0.0;0.0;0.0;0.0;46.24517;6.166931;0.0;2026-10-05T13:15:00+02:00;2026-10-05T14:30:03+02:00;cf98f49c0707
2026-10-06;vengeron;ICONCH1;2026-10-06T16:00;3.2;4.3;57.0;21.9;0.0;0.0;0.0;0.0;0.0;0.0;46.24517;6.166931;0.0;2026-10-05T13:15:00+02:00;2026-10-05T14:30:03+02:00;cf98f49c0707
2026-10-06;vengeron;ICONCH1;2026-10-06T17:00;1.6;4.5;60.0;22.6;0.0;15.0;2.0;15.0;0.0;15.0;46.24517;6.166931;0.0;2026-10-05T13:15:00+02:00;2026-10-05T14:30:03+02:00;cf98f49c0707
2026-10-06;vengeron;ICONCH1;2026-10-06T18:00;2.2;3.1;45.0;22.9;0.0;0.0;0.0;0.0;0.0;0.0;46.24517;6.166931;0.0;2026-10-05T13:15:00+02:00;2026-10-05T14:30:03+02:00;cf98f49c0707
2026-10-06;vengeron;ICONCH1;2026-10-06T19:00;5.9;8.4;8.0;20.8;0.0;0.0;0.0;0.0;0.0;0.0;46.24517;6.166931;0.0;2026-10-05T13:15:00+02:00;2026-10-05T14:30:03+02:00;cf98f49c0707
2026-10-06;vengeron;ICONCH1;2026-10-06T20:00;4.2;8.0;338.0;19.5;0.0;71.0;0.0;71.0;0.0;71.0;46.24517;6.166931;0.0;2026-10-05T13:15:00+02:00;2026-10-05T14:30:03+02:00;cf98f49c0707
2026-10-06;wwmeyzieu;AROMEHD;2026-10-06T01:00;2.0;2.7;343.0;16.9;0.0;;0.0;0.0;0.0;0.0;45.78;4.9799995;0.0;2026-10-05T13:15:00+02:00;2026-10-05T14:30:03+02:00;cf98f49c0707
2026-10-06;wwmeyzieu;AROMEHD;2026-10-06T02:00;1.8;2.5;319.0;16.2;0.0;;0.0;0.0;0.0;0.0;45.78;4.9799995;0.0;2026-10-05T13:15:00+02:00;2026-10-05T14:30:03+02:00;cf98f49c0707
2026-10-06;wwmeyzieu;AROMEHD;2026-10-06T03:00;1.8;2.3;41.0;15.2;0.0;;0.0;0.0;0.0;0.0;45.78;4.9799995;0.0;2026-10-05T13:15:00+02:00;2026-10-05T14:30:03+02:00;cf98f49c0707
2026-10-06;wwmeyzieu;AROMEHD;2026-10-06T04:00;2.1;2.7;68.0;13.9;0.0;;0.0;0.0;0.0;0.0;45.78;4.9799995;0.0;2026-10-05T13:15:00+02:00;2026-10-05T14:30:03+02:00;cf98f49c0707
2026-10-06;wwmeyzieu;AROMEHD;2026-10-06T05:00;2.6;4.5;171.0;14.6;0.0;;0.0;0.0;0.0;0.0;45.78;4.9799995;0.0;2026-10-05T13:15:00+02:00;2026-10-05T14:30:03+02:00;cf98f49c0707
2026-10-06;wwmeyzieu;AROMEHD;2026-10-06T06:00;1.2;2.9;360.0;13.4;0.0;;0.0;0.0;0.0;0.0;45.78;4.9799995;0.0;2026-10-05T13:15:00+02:00;2026-10-05T14:30:03+02:00;cf98f49c0707
2026-10-06;wwmeyzieu;AROMEHD;2026-10-06T07:00;2.2;2.3;45.0;12.2;0.0;;0.0;0.0;0.0;0.0;45.78;4.9799995;0.0;2026-10-05T13:15:00+02:00;2026-10-05T14:30:03+02:00;cf98f49c0707
2026-10-06;wwmeyzieu;AROMEHD;2026-10-06T08:00;2.2;2.9;75.0;12.4;0.0;;0.0;0.0;0.0;0.0;45.78;4.9799995;0.0;2026-10-05T13:15:00+02:00;2026-10-05T14:30:03+02:00;cf98f49c0707
2026-10-06;wwmeyzieu;AROMEHD;2026-10-06T09:00;1.3;3.5;63.0;14.3;0.0;;0.0;0.0;0.0;0.0;45.78;4.9799995;0.0;2026-10-05T13:15:00+02:00;2026-10-05T14:30:03+02:00;cf98f49c0707
2026-10-06;wwmeyzieu;AROMEHD;2026-10-06T10:00;2.2;3.3;10.0;14.9;0.0;;0.0;0.0;0.0;0.0;45.78;4.9799995;0.0;2026-10-05T13:15:00+02:00;2026-10-05T14:30:03+02:00;cf98f49c0707
2026-10-06;wwmeyzieu;AROMEHD;2026-10-06T11:00;0.6;3.9;18.0;17.5;0.0;;0.0;0.0;0.0;0.0;45.78;4.9799995;0.0;2026-10-05T13:15:00+02:00;2026-10-05T14:30:03+02:00;cf98f49c0707
2026-10-06;wwmeyzieu;AROMEHD;2026-10-06T12:00;1.8;5.4;162.0;19.2;0.0;;0.0;0.0;0.0;0.0;45.78;4.9799995;0.0;2026-10-05T13:15:00+02:00;2026-10-05T14:30:03+02:00;cf98f49c0707
2026-10-06;wwmeyzieu;AROMEHD;2026-10-06T13:00;4.1;8.7;163.0;20.5;0.0;;0.0;0.0;0.0;0.0;45.78;4.9799995;0.0;2026-10-05T13:15:00+02:00;2026-10-05T14:30:03+02:00;cf98f49c0707
2026-10-06;wwmeyzieu;AROMEHD;2026-10-06T14:00;4.9;10.3;173.0;21.6;0.0;;13.0;0.0;0.0;13.0;45.78;4.9799995;0.0;2026-10-05T13:15:00+02:00;2026-10-05T14:30:03+02:00;cf98f49c0707
2026-10-06;wwmeyzieu;AROMEHD;2026-10-06T15:00;6.1;11.7;174.0;22.4;0.0;;13.0;0.0;0.0;13.0;45.78;4.9799995;0.0;2026-10-05T13:15:00+02:00;2026-10-05T14:30:03+02:00;cf98f49c0707
2026-10-06;wwmeyzieu;AROMEHD;2026-10-06T16:00;7.0;12.4;174.0;23.1;0.0;;8.0;0.0;0.0;8.0;45.78;4.9799995;0.0;2026-10-05T13:15:00+02:00;2026-10-05T14:30:03+02:00;cf98f49c0707
2026-10-06;wwmeyzieu;AROMEHD;2026-10-06T17:00;5.4;12.8;182.0;23.0;0.0;;4.0;0.0;0.0;4.0;45.78;4.9799995;0.0;2026-10-05T13:15:00+02:00;2026-10-05T14:30:03+02:00;cf98f49c0707
2026-10-06;wwmeyzieu;AROMEHD;2026-10-06T18:00;8.4;13.6;180.0;23.5;0.0;;5.0;0.0;0.0;5.0;45.78;4.9799995;0.0;2026-10-05T13:15:00+02:00;2026-10-05T14:30:03+02:00;cf98f49c0707
2026-10-06;wwmeyzieu;AROMEHD;2026-10-06T19:00;8.3;14.4;155.0;22.7;0.0;;0.0;0.0;0.0;0.0;45.78;4.9799995;0.0;2026-10-05T13:15:00+02:00;2026-10-05T14:30:03+02:00;cf98f49c0707
2026-10-06;wwmeyzieu;AROMEHD;2026-10-06T20:00;7.0;13.0;150.0;21.5;0.0;;0.0;5.0;0.0;5.0;45.78;4.9799995;0.0;2026-10-05T13:15:00+02:00;2026-10-05T14:30:03+02:00;cf98f49c0707
2026-10-06;wwmeyzieu;AROMEHD;2026-10-06T21:00;7.3;11.5;164.0;20.6;0.0;;0.0;0.0;99.0;99.0;45.78;4.9799995;0.0;2026-10-05T13:15:00+02:00;2026-10-05T14:30:03+02:00;cf98f49c0707
2026-10-06;wwmeyzieu;AROMEHD;2026-10-06T22:00;8.8;14.2;176.0;20.4;0.0;;0.0;37.0;100.0;100.0;45.78;4.9799995;0.0;2026-10-05T13:15:00+02:00;2026-10-05T14:30:03+02:00;cf98f49c0707
2026-10-06;wwmeyzieu;AROMEHD;2026-10-06T23:00;10.0;16.3;173.0;20.5;0.0;;0.0;79.0;1.0;79.0;45.78;4.9799995;0.0;2026-10-05T13:15:00+02:00;2026-10-05T14:30:03+02:00;cf98f49c0707
2026-10-06;wwmeyzieu;AROMEHD;2026-10-07T00:00;8.7;16.1;170.0;19.9;0.0;;0.0;36.0;100.0;100.0;45.78;4.9799995;0.0;2026-10-05T13:15:00+02:00;2026-10-05T14:30:03+02:00;cf98f49c0707
2026-10-06;wwmeyzieu;ICONCH1;2026-10-06T01:00;1.7;2.7;216.0;17.3;0.0;0.0;0.0;0.0;0.0;0.0;45.787823;4.9783936;0.0;2026-10-05T13:15:00+02:00;2026-10-05T14:30:03+02:00;cf98f49c0707
2026-10-06;wwmeyzieu;ICONCH1;2026-10-06T02:00;1.6;2.7;60.0;16.8;0.0;0.0;0.0;0.0;0.0;0.0;45.787823;4.9783936;0.0;2026-10-05T13:15:00+02:00;2026-10-05T14:30:03+02:00;cf98f49c0707
2026-10-06;wwmeyzieu;ICONCH1;2026-10-06T03:00;1.4;3.3;98.0;15.4;0.0;0.0;0.0;0.0;0.0;0.0;45.787823;4.9783936;0.0;2026-10-05T13:15:00+02:00;2026-10-05T14:30:03+02:00;cf98f49c0707
2026-10-06;wwmeyzieu;ICONCH1;2026-10-06T04:00;1.1;2.3;59.0;15.0;0.0;0.0;0.0;0.0;0.0;0.0;45.787823;4.9783936;0.0;2026-10-05T13:15:00+02:00;2026-10-05T14:30:03+02:00;cf98f49c0707
2026-10-06;wwmeyzieu;ICONCH1;2026-10-06T05:00;0.4;1.6;360.0;13.6;0.0;6.0;6.0;0.0;0.0;6.0;45.787823;4.9783936;0.0;2026-10-05T13:15:00+02:00;2026-10-05T14:30:03+02:00;cf98f49c0707
2026-10-06;wwmeyzieu;ICONCH1;2026-10-06T06:00;1.5;2.3;220.0;14.5;0.0;0.0;0.0;0.0;0.0;0.0;45.787823;4.9783936;0.0;2026-10-05T13:15:00+02:00;2026-10-05T14:30:03+02:00;cf98f49c0707
2026-10-06;wwmeyzieu;ICONCH1;2026-10-06T07:00;1.1;2.1;31.0;13.6;0.0;0.0;0.0;0.0;0.0;0.0;45.787823;4.9783936;0.0;2026-10-05T13:15:00+02:00;2026-10-05T14:30:03+02:00;cf98f49c0707
2026-10-06;wwmeyzieu;ICONCH1;2026-10-06T08:00;1.8;2.9;58.0;12.1;0.0;87.0;87.0;0.0;0.0;87.0;45.787823;4.9783936;0.0;2026-10-05T13:15:00+02:00;2026-10-05T14:30:03+02:00;cf98f49c0707
2026-10-06;wwmeyzieu;ICONCH1;2026-10-06T09:00;0.9;2.9;27.0;12.2;0.0;80.0;80.0;0.0;0.0;80.0;45.787823;4.9783936;0.0;2026-10-05T13:15:00+02:00;2026-10-05T14:30:03+02:00;cf98f49c0707
2026-10-06;wwmeyzieu;ICONCH1;2026-10-06T10:00;1.3;2.7;27.0;14.8;0.0;52.0;52.0;0.0;0.0;52.0;45.787823;4.9783936;0.0;2026-10-05T13:15:00+02:00;2026-10-05T14:30:03+02:00;cf98f49c0707
2026-10-06;wwmeyzieu;ICONCH1;2026-10-06T11:00;0.6;2.7;198.0;17.4;0.0;76.0;76.0;0.0;0.0;76.0;45.787823;4.9783936;0.0;2026-10-05T13:15:00+02:00;2026-10-05T14:30:03+02:00;cf98f49c0707
2026-10-06;wwmeyzieu;ICONCH1;2026-10-06T12:00;3.2;5.8;194.0;20.0;0.0;41.0;41.0;0.0;0.0;41.0;45.787823;4.9783936;0.0;2026-10-05T13:15:00+02:00;2026-10-05T14:30:03+02:00;cf98f49c0707
2026-10-06;wwmeyzieu;ICONCH1;2026-10-06T13:00;5.0;8.4;159.0;22.4;0.0;50.0;50.0;0.0;0.0;50.0;45.787823;4.9783936;0.0;2026-10-05T13:15:00+02:00;2026-10-05T14:30:03+02:00;cf98f49c0707
2026-10-06;wwmeyzieu;ICONCH1;2026-10-06T14:00;7.3;12.4;169.0;24.2;0.0;24.0;24.0;0.0;0.0;24.0;45.787823;4.9783936;0.0;2026-10-05T13:15:00+02:00;2026-10-05T14:30:03+02:00;cf98f49c0707
2026-10-06;wwmeyzieu;ICONCH1;2026-10-06T15:00;8.4;13.6;185.0;25.0;0.0;14.0;14.0;0.0;0.0;14.0;45.787823;4.9783936;0.0;2026-10-05T13:15:00+02:00;2026-10-05T14:30:03+02:00;cf98f49c0707
2026-10-06;wwmeyzieu;ICONCH1;2026-10-06T16:00;9.1;14.6;191.0;25.3;0.0;24.0;24.0;0.0;0.0;24.0;45.787823;4.9783936;0.0;2026-10-05T13:15:00+02:00;2026-10-05T14:30:03+02:00;cf98f49c0707
2026-10-06;wwmeyzieu;ICONCH1;2026-10-06T17:00;9.3;15.0;182.0;25.2;0.0;0.0;0.0;0.0;0.0;0.0;45.787823;4.9783936;0.0;2026-10-05T13:15:00+02:00;2026-10-05T14:30:03+02:00;cf98f49c0707
2026-10-06;wwmeyzieu;ICONCH1;2026-10-06T18:00;9.4;15.6;173.0;24.8;0.0;0.0;0.0;0.0;0.0;0.0;45.787823;4.9783936;0.0;2026-10-05T13:15:00+02:00;2026-10-05T14:30:03+02:00;cf98f49c0707
2026-10-06;wwmeyzieu;ICONCH1;2026-10-06T19:00;7.9;15.4;163.0;23.6;0.0;0.0;0.0;0.0;0.0;0.0;45.787823;4.9783936;0.0;2026-10-05T13:15:00+02:00;2026-10-05T14:30:03+02:00;cf98f49c0707
2026-10-06;wwmeyzieu;ICONCH1;2026-10-06T20:00;9.9;15.6;169.0;21.9;0.0;100.0;0.0;0.0;100.0;100.0;45.787823;4.9783936;0.0;2026-10-05T13:15:00+02:00;2026-10-05T14:30:03+02:00;cf98f49c0707
