target_day;spot_key;model_key;valid_at;wind_speed_10m_kn;wind_gusts_10m_kn;wind_direction_10m_deg;temperature_2m_c;precipitation_mm;cloud_cover_pct;cloud_cover_low_pct;cloud_cover_mid_pct;cloud_cover_high_pct;cloud_cover_max_pct;grid_latitude;grid_longitude;grid_elevation_m;collecte_run_id;collecte_fetched_at;collecte_commit
2026-10-11;cap_des_seselets;AROMEHD;2026-10-11T01:00;4.5;5.6;18.0;15.0;0.0;;78.0;8.0;0.0;78.0;45.66;5.879999;0.0;2026-10-10T19:15:00+02:00;2026-10-10T22:38:17+02:00;8238d2e49365
2026-10-11;cap_des_seselets;AROMEHD;2026-10-11T02:00;4.4;5.4;21.0;14.7;0.0;;90.0;1.0;0.0;90.0;45.66;5.879999;0.0;2026-10-10T19:15:00+02:00;2026-10-10T22:38:17+02:00;8238d2e49365
2026-10-11;cap_des_seselets;AROMEHD;2026-10-11T03:00;6.2;8.7;24.0;14.5;0.0;;100.0;0.0;0.0;100.0;45.66;5.879999;0.0;2026-10-10T19:15:00+02:00;2026-10-10T22:38:17+02:00;8238d2e49365
2026-10-11;cap_des_seselets;AROMEHD;2026-10-11T04:00;7.4;11.5;33.0;14.3;0.0;;100.0;0.0;0.0;100.0;45.66;5.879999;0.0;2026-10-10T19:15:00+02:00;2026-10-10T22:38:17+02:00;8238d2e49365
2026-10-11;cap_des_seselets;AROMEHD;2026-10-11T05:00;7.5;10.9;28.0;13.9;0.0;;100.0;0.0;100.0;100.0;45.66;5.879999;0.0;2026-10-10T19:15:00+02:00;2026-10-10T22:38:17+02:00;8238d2e49365
2026-10-11;cap_des_seselets;AROMEHD;2026-10-11T06:00;6.9;10.1;32.0;13.5;0.0;;100.0;0.0;100.0;100.0;45.66;5.879999;0.0;2026-10-10T19:15:00+02:00;2026-10-10T22:38:17+02:00;8238d2e49365
2026-10-11;cap_des_seselets;AROMEHD;2026-10-11T07:00;5.2;9.9;27.0;13.2;0.0;;10.0;0.0;100.0;100.0;45.66;5.879999;0.0;2026-10-10T19:15:00+02:00;2026-10-10T22:38:17+02:00;8238d2e49365
2026-10-11;cap_des_seselets;AROMEHD;2026-10-11T08:00;5.2;7.8;45.0;13.0;0.0;;2.0;0.0;100.0;100.0;45.66;5.879999;0.0;2026-10-10T19:15:00+02:00;2026-10-10T22:38:17+02:00;8238d2e49365
2026-10-11;cap_des_seselets;AROMEHD;2026-10-11T09:00;4.9;7.8;34.0;12.9;0.0;;0.0;0.0;100.0;100.0;45.66;5.879999;0.0;2026-10-10T19:15:00+02:00;2026-10-10T22:38:17+02:00;8238d2e49365
2026-10-11;cap_des_seselets;AROMEHD;2026-10-11T10:00;7.8;10.5;30.0;12.9;0.0;;0.0;0.0;100.0;100.0;45.66;5.879999;0.0;2026-10-10T19:15:00+02:00;2026-10-10T22:38:17+02:00;8238d2e49365
2026-10-11;cap_des_seselets;AROMEHD;2026-10-11T11:00;8.3;11.7;27.0;12.9;0.0;;4.0;63.0;100.0;100.0;45.66;5.879999;0.0;2026-10-10T19:15:00+02:00;2026-10-10T22:38:17+02:00;8238d2e49365
2026-10-11;cap_des_seselets;AROMEHD;2026-10-11T12:00;8.5;11.7;20.0;13.5;0.0;;0.0;73.0;100.0;100.0;45.66;5.879999;0.0;2026-10-10T19:15:00+02:00;2026-10-10T22:38:17+02:00;8238d2e49365
2026-10-11;cap_des_seselets;AROMEHD;2026-10-11T13:00;8.1;10.9;10.0;14.5;0.0;;0.0;100.0;100.0;100.0;45.66;5.879999;0.0;2026-10-10T19:15:00+02:00;2026-10-10T22:38:17+02:00;8238d2e49365
2026-10-11;cap_des_seselets;AROMEHD;2026-10-11T14:00;8.7;11.3;17.0;14.9;0.0;;0.0;100.0;100.0;100.0;45.66;5.879999;0.0;2026-10-10T19:15:00+02:00;2026-10-10T22:38:17+02:00;8238d2e49365
2026-10-11;cap_des_seselets;AROMEHD;2026-10-11T15:00;5.7;11.1;4.0;15.0;0.0;;0.0;100.0;100.0;100.0;45.66;5.879999;0.0;2026-10-10T19:15:00+02:00;2026-10-10T22:38:17+02:00;8238d2e49365
2026-10-11;cap_des_seselets;AROMEHD;2026-10-11T16:00;6.7;9.5;17.0;15.8;0.0;;0.0;100.0;100.0;100.0;45.66;5.879999;0.0;2026-10-10T19:15:00+02:00;2026-10-10T22:38:17+02:00;8238d2e49365
2026-10-11;cap_des_seselets;AROMEHD;2026-10-11T17:00;5.8;9.1;21.0;15.8;0.0;;0.0;100.0;100.0;100.0;45.66;5.879999;0.0;2026-10-10T19:15:00+02:00;2026-10-10T22:38:17+02:00;8238d2e49365
2026-10-11;cap_des_seselets;AROMEHD;2026-10-11T18:00;3.9;7.8;37.0;15.9;0.0;;0.0;100.0;100.0;100.0;45.66;5.879999;0.0;2026-10-10T19:15:00+02:00;2026-10-10T22:38:17+02:00;8238d2e49365
2026-10-11;cap_des_seselets;AROMEHD;2026-10-11T19:00;3.2;4.7;349.0;15.9;0.0;;0.0;100.0;98.0;100.0;45.66;5.879999;0.0;2026-10-10T19:15:00+02:00;2026-10-10T22:38:17+02:00;8238d2e49365
2026-10-11;cap_des_seselets;AROMEHD;2026-10-11T20:00;1.4;3.3;188.0;15.0;0.0;;0.0;100.0;3.0;100.0;45.66;5.879999;0.0;2026-10-10T19:15:00+02:00;2026-10-10T22:38:17+02:00;8238d2e49365
2026-10-11;cap_des_seselets;AROMEHD;2026-10-11T21:00;1.8;2.1;276.0;14.9;0.0;;0.0;100.0;100.0;100.0;45.66;5.879999;0.0;2026-10-10T19:15:00+02:00;2026-10-10T22:38:17+02:00;8238d2e49365
2026-10-11;cap_des_seselets;AROMEHD;2026-10-11T22:00;0.7;2.1;326.0;14.1;0.0;;0.0;95.0;11.0;95.0;45.66;5.879999;0.0;2026-10-10T19:15:00+02:00;2026-10-10T22:38:17+02:00;8238d2e49365
2026-10-11;cap_des_seselets;AROMEHD;2026-10-11T23:00;8.3;10.7;24.0;14.3;0.0;;0.0;51.0;0.0;51.0;45.66;5.879999;0.0;2026-10-10T19:15:00+02:00;2026-10-10T22:38:17+02:00;8238d2e49365
2026-10-11;cap_des_seselets;AROMEHD;2026-10-12T00:00;8.6;11.7;18.0;13.9;0.0;;0.0;0.0;0.0;0.0;45.66;5.879999;0.0;2026-10-10T19:15:00+02:00;2026-10-10T22:38:17+02:00;8238d2e49365
2026-10-11;cap_des_seselets;ICONCH1;2026-10-11T01:00;4.3;5.4;30.0;15.8;0.0;21.0;21.0;0.0;0.0;21.0;45.66424;5.878174;0.0;2026-10-10T19:15:00+02:00;2026-10-10T22:38:17+02:00;8238d2e49365
2026-10-11;cap_des_seselets;ICONCH1;2026-10-11T02:00;6.9;8.7;29.0;15.2;0.0;20.0;10.0;11.0;0.0;20.0;45.66424;5.878174;0.0;2026-10-10T19:15:00+02:00;2026-10-10T22:38:17+02:00;8238d2e49365
2026-10-11;cap_des_seselets;ICONCH1;2026-10-11T03:00;5.0;8.7;21.0;15.0;0.0;29.0;29.0;0.0;0.0;29.0;45.66424;5.878174;0.0;2026-10-10T19:15:00+02:00;2026-10-10T22:38:17+02:00;8238d2e49365
2026-10-11;cap_des_seselets;ICONCH1;2026-10-11T04:00;5.2;6.8;20.0;14.6;0.0;99.0;46.0;9.0;97.0;99.0;45.66424;5.878174;0.0;2026-10-10T19:15:00+02:00;2026-10-10T22:38:17+02:00;8238d2e49365
2026-10-11;cap_des_seselets;ICONCH1;2026-10-11T05:00;6.4;8.2;31.0;13.9;0.0;100.0;53.0;0.0;100.0;100.0;45.66424;5.878174;0.0;2026-10-10T19:15:00+02:00;2026-10-10T22:38:17+02:00;8238d2e49365
2026-10-11;cap_des_seselets;ICONCH1;2026-10-11T06:00;8.4;10.7;34.0;13.6;0.0;100.0;66.0;0.0;100.0;100.0;45.66424;5.878174;0.0;2026-10-10T19:15:00+02:00;2026-10-10T22:38:17+02:00;8238d2e49365
2026-10-11;cap_des_seselets;ICONCH1;2026-10-11T07:00;9.4;12.1;34.0;13.3;0.0;100.0;58.0;0.0;100.0;100.0;45.66424;5.878174;0.0;2026-10-10T19:15:00+02:00;2026-10-10T22:38:17+02:00;8238d2e49365
2026-10-11;cap_des_seselets;ICONCH1;2026-10-11T08:00;10.3;13.2;37.0;12.8;0.0;100.0;57.0;0.0;100.0;100.0;45.66424;5.878174;0.0;2026-10-10T19:15:00+02:00;2026-10-10T22:38:17+02:00;8238d2e49365
2026-10-11;cap_des_seselets;ICONCH1;2026-10-11T09:00;11.6;15.0;40.0;12.1;0.0;100.0;48.0;0.0;100.0;100.0;45.66424;5.878174;0.0;2026-10-10T19:15:00+02:00;2026-10-10T22:38:17+02:00;8238d2e49365
2026-10-11;cap_des_seselets;ICONCH1;2026-10-11T10:00;10.1;15.9;28.0;12.5;0.0;100.0;50.0;100.0;100.0;100.0;45.66424;5.878174;0.0;2026-10-10T19:15:00+02:00;2026-10-10T22:38:17+02:00;8238d2e49365
2026-10-11;cap_des_seselets;ICONCH1;2026-10-11T11:00;9.1;13.0;11.0;13.4;0.0;100.0;27.0;100.0;100.0;100.0;45.66424;5.878174;0.0;2026-10-10T19:15:00+02:00;2026-10-10T22:38:17+02:00;8238d2e49365
2026-10-11;cap_des_seselets;ICONCH1;2026-10-11T12:00;8.4;11.9;359.0;14.0;0.0;79.0;0.0;79.0;20.0;79.0;45.66424;5.878174;0.0;2026-10-10T19:15:00+02:00;2026-10-10T22:38:17+02:00;8238d2e49365
2026-10-11;cap_des_seselets;ICONCH1;2026-10-11T13:00;7.8;11.3;359.0;14.8;0.0;78.0;7.0;67.0;28.0;78.0;45.66424;5.878174;0.0;2026-10-10T19:15:00+02:00;2026-10-10T22:38:17+02:00;8238d2e49365
2026-10-11;cap_des_seselets;ICONCH1;2026-10-11T14:00;7.0;9.9;354.0;15.6;0.0;87.0;0.0;63.0;58.0;87.0;45.66424;5.878174;0.0;2026-10-10T19:15:00+02:00;2026-10-10T22:38:17+02:00;8238d2e49365
2026-10-11;cap_des_seselets;ICONCH1;2026-10-11T15:00;6.0;9.3;339.0;16.2;0.0;100.0;0.0;61.0;100.0;100.0;45.66424;5.878174;0.0;2026-10-10T19:15:00+02:00;2026-10-10T22:38:17+02:00;8238d2e49365
2026-10-11;cap_des_seselets;ICONCH1;2026-10-11T16:00;6.6;8.6;332.0;16.6;0.0;83.0;0.0;64.0;49.0;83.0;45.66424;5.878174;0.0;2026-10-10T19:15:00+02:00;2026-10-10T22:38:17+02:00;8238d2e49365
2026-10-11;cap_des_seselets;ICONCH1;2026-10-11T17:00;6.3;8.7;317.0;16.9;0.0;100.0;0.0;62.0;100.0;100.0;45.66424;5.878174;0.0;2026-10-10T19:15:00+02:00;2026-10-10T22:38:17+02:00;8238d2e49365
2026-10-11;cap_des_seselets;ICONCH1;2026-10-11T18:00;7.6;9.5;316.0;17.0;0.0;100.0;0.0;62.0;100.0;100.0;45.66424;5.878174;0.0;2026-10-10T19:15:00+02:00;2026-10-10T22:38:17+02:00;8238d2e49365
2026-10-11;cap_des_seselets;ICONCH1;2026-10-11T19:00;6.7;9.7;316.0;17.0;0.0;100.0;0.0;92.0;100.0;100.0;45.66424;5.878174;0.0;2026-10-10T19:15:00+02:00;2026-10-10T22:38:17+02:00;8238d2e49365
2026-10-11;cap_des_seselets;ICONCH1;2026-10-11T20:00;2.7;8.6;300.0;16.3;0.0;91.0;43.0;75.0;67.0;91.0;45.66424;5.878174;0.0;2026-10-10T19:15:00+02:00;2026-10-10T22:38:17+02:00;8238d2e49365
2026-10-11;cap_des_seselets;ICONCH1;2026-10-11T21:00;3.9;5.1;18.0;16.0;0.0;95.0;5.0;71.0;75.0;95.0;45.66424;5.878174;0.0;2026-10-10T19:15:00+02:00;2026-10-10T22:38:17+02:00;8238d2e49365
2026-10-11;cap_des_seselets;ICONCH1;2026-10-11T22:00;6.4;8.2;38.0;14.5;0.0;69.0;0.0;69.0;0.0;69.0;45.66424;5.878174;0.0;2026-10-10T19:15:00+02:00;2026-10-10T22:38:17+02:00;8238d2e49365
2026-10-11;cap_des_seselets;ICONCH1;2026-10-11T23:00;7.2;9.1;43.0;14.0;0.0;76.0;0.0;76.0;0.0;76.0;45.66424;5.878174;0.0;2026-10-10T19:15:00+02:00;2026-10-10T22:38:17+02:00;8238d2e49365
2026-10-11;cap_des_seselets;ICONCH1;2026-10-12T00:00;10.9;14.0;35.0;13.9;0.0;63.0;0.0;63.0;0.0;63.0;45.66424;5.878174;0.0;2026-10-10T19:15:00+02:00;2026-10-10T22:38:17+02:00;8238d2e49365
2026-10-11;excenevex;AROMEHD;2026-10-11T01:00;2.5;3.7;212.0;13.4;0.0;;100.0;0.0;0.0;100.0;46.35;6.369999;0.0;2026-10-10T19:15:00+02:00;2026-10-10T22:38:17+02:00;8238d2e49365
2026-10-11;excenevex;AROMEHD;2026-10-11T02:00;0.8;1.4;104.0;13.9;0.0;;100.0;0.0;0.0;100.0;46.35;6.369999;0.0;2026-10-10T19:15:00+02:00;2026-10-10T22:38:17+02:00;8238d2e49365
2026-10-11;excenevex;AROMEHD;2026-10-11T03:00;2.6;5.2;234.0;13.3;0.0;;100.0;0.0;0.0;100.0;46.35;6.369999;0.0;2026-10-10T19:15:00+02:00;2026-10-10T22:38:17+02:00;8238d2e49365
2026-10-11;excenevex;AROMEHD;2026-10-11T04:00;3.6;5.6;229.0;13.1;0.0;;96.0;0.0;0.0;96.0;46.35;6.369999;0.0;2026-10-10T19:15:00+02:00;2026-10-10T22:38:17+02:00;8238d2e49365
2026-10-11;excenevex;AROMEHD;2026-10-11T05:00;3.8;4.9;258.0;12.8;0.0;;100.0;0.0;34.0;100.0;46.35;6.369999;0.0;2026-10-10T19:15:00+02:00;2026-10-10T22:38:17+02:00;8238d2e49365
2026-10-11;excenevex;AROMEHD;2026-10-11T06:00;3.6;5.4;225.0;12.1;0.0;;34.0;0.0;100.0;100.0;46.35;6.369999;0.0;2026-10-10T19:15:00+02:00;2026-10-10T22:38:17+02:00;8238d2e49365
2026-10-11;excenevex;AROMEHD;2026-10-11T07:00;3.6;5.1;241.0;11.5;0.0;;85.0;0.0;100.0;100.0;46.35;6.369999;0.0;2026-10-10T19:15:00+02:00;2026-10-10T22:38:17+02:00;8238d2e49365
2026-10-11;excenevex;AROMEHD;2026-10-11T08:00;2.2;5.1;225.0;11.1;0.0;;5.0;0.0;100.0;100.0;46.35;6.369999;0.0;2026-10-10T19:15:00+02:00;2026-10-10T22:38:17+02:00;8238d2e49365
2026-10-11;excenevex;AROMEHD;2026-10-11T09:00;2.6;3.7;222.0;11.0;0.0;;24.0;0.0;100.0;100.0;46.35;6.369999;0.0;2026-10-10T19:15:00+02:00;2026-10-10T22:38:17+02:00;8238d2e49365
2026-10-11;excenevex;AROMEHD;2026-10-11T10:00;3.6;5.1;221.0;11.9;0.0;;60.0;0.0;100.0;100.0;46.35;6.369999;0.0;2026-10-10T19:15:00+02:00;2026-10-10T22:38:17+02:00;8238d2e49365
2026-10-11;excenevex;AROMEHD;2026-10-11T11:00;3.5;6.8;218.0;13.1;0.0;;17.0;0.0;100.0;100.0;46.35;6.369999;0.0;2026-10-10T19:15:00+02:00;2026-10-10T22:38:17+02:00;8238d2e49365
2026-10-11;excenevex;AROMEHD;2026-10-11T12:00;2.6;5.6;153.0;14.0;0.0;;0.0;0.0;99.0;99.0;46.35;6.369999;0.0;2026-10-10T19:15:00+02:00;2026-10-10T22:38:17+02:00;8238d2e49365
2026-10-11;excenevex;AROMEHD;2026-10-11T13:00;2.5;5.1;157.0;14.7;0.0;;0.0;100.0;98.0;100.0;46.35;6.369999;0.0;2026-10-10T19:15:00+02:00;2026-10-10T22:38:17+02:00;8238d2e49365
2026-10-11;excenevex;AROMEHD;2026-10-11T14:00;6.0;8.4;45.0;14.9;0.0;;0.0;100.0;100.0;100.0;46.35;6.369999;0.0;2026-10-10T19:15:00+02:00;2026-10-10T22:38:17+02:00;8238d2e49365
2026-10-11;excenevex;AROMEHD;2026-10-11T15:00;6.7;9.5;60.0;15.0;0.0;;0.0;76.0;100.0;100.0;46.35;6.369999;0.0;2026-10-10T19:15:00+02:00;2026-10-10T22:38:17+02:00;8238d2e49365
2026-10-11;excenevex;AROMEHD;2026-10-11T16:00;6.2;9.1;51.0;15.4;0.0;;0.0;100.0;100.0;100.0;46.35;6.369999;0.0;2026-10-10T19:15:00+02:00;2026-10-10T22:38:17+02:00;8238d2e49365
2026-10-11;excenevex;AROMEHD;2026-10-11T17:00;4.4;8.6;58.0;15.6;0.0;;0.0;100.0;100.0;100.0;46.35;6.369999;0.0;2026-10-10T19:15:00+02:00;2026-10-10T22:38:17+02:00;8238d2e49365
2026-10-11;excenevex;AROMEHD;2026-10-11T18:00;3.5;6.6;52.0;15.7;0.0;;0.0;100.0;100.0;100.0;46.35;6.369999;0.0;2026-10-10T19:15:00+02:00;2026-10-10T22:38:17+02:00;8238d2e49365
2026-10-11;excenevex;AROMEHD;2026-10-11T19:00;6.1;8.7;40.0;15.7;0.0;;0.0;100.0;100.0;100.0;46.35;6.369999;0.0;2026-10-10T19:15:00+02:00;2026-10-10T22:38:17+02:00;8238d2e49365
2026-10-11;excenevex;AROMEHD;2026-10-11T20:00;7.3;10.3;34.0;15.8;0.0;;0.0;95.0;43.0;95.0;46.35;6.369999;0.0;2026-10-10T19:15:00+02:00;2026-10-10T22:38:17+02:00;8238d2e49365
2026-10-11;excenevex;AROMEHD;2026-10-11T21:00;9.9;14.0;20.0;15.4;0.0;;0.0;100.0;0.0;100.0;46.35;6.369999;0.0;2026-10-10T19:15:00+02:00;2026-10-10T22:38:17+02:00;8238d2e49365
2026-10-11;excenevex;AROMEHD;2026-10-11T22:00;9.8;13.2;49.0;14.7;0.0;;0.0;15.0;0.0;15.0;46.35;6.369999;0.0;2026-10-10T19:15:00+02:00;2026-10-10T22:38:17+02:00;8238d2e49365
2026-10-11;excenevex;AROMEHD;2026-10-11T23:00;12.1;15.6;44.0;14.4;0.0;;1.0;0.0;0.0;1.0;46.35;6.369999;0.0;2026-10-10T19:15:00+02:00;2026-10-10T22:38:17+02:00;8238d2e49365
2026-10-11;excenevex;AROMEHD;2026-10-12T00:00;12.0;15.9;40.0;14.2;0.0;;0.0;0.0;0.0;0.0;46.35;6.369999;0.0;2026-10-10T19:15:00+02:00;2026-10-10T22:38:17+02:00;8238d2e49365
2026-10-11;excenevex;ICONCH1;2026-10-11T01:00;8.0;11.7;227.0;13.2;0.0;50.0;47.0;7.0;0.0;50.0;46.351723;6.3624268;0.0;2026-10-10T19:15:00+02:00;2026-10-10T22:38:17+02:00;8238d2e49365
2026-10-11;excenevex;ICONCH1;2026-10-11T02:00;6.0;11.1;232.0;12.5;0.0;45.0;45.0;0.0;0.0;45.0;46.351723;6.3624268;0.0;2026-10-10T19:15:00+02:00;2026-10-10T22:38:17+02:00;8238d2e49365
2026-10-11;excenevex;ICONCH1;2026-10-11T03:00;2.8;8.4;219.0;12.3;0.0;62.0;62.0;0.0;0.0;62.0;46.351723;6.3624268;0.0;2026-10-10T19:15:00+02:00;2026-10-10T22:38:17+02:00;8238d2e49365
2026-10-11;excenevex;ICONCH1;2026-10-11T04:00;1.4;4.1;146.0;12.2;0.0;38.0;38.0;0.0;0.0;38.0;46.351723;6.3624268;0.0;2026-10-10T19:15:00+02:00;2026-10-10T22:38:17+02:00;8238d2e49365
2026-10-11;excenevex;ICONCH1;2026-10-11T05:00;3.3;4.9;183.0;10.9;0.0;95.0;4.0;0.0;93.0;95.0;46.351723;6.3624268;0.0;2026-10-10T19:15:00+02:00;2026-10-10T22:38:17+02:00;8238d2e49365
2026-10-11;excenevex;ICONCH1;2026-10-11T06:00;3.0;4.9;203.0;11.0;0.0;75.0;38.0;0.0;51.0;75.0;46.351723;6.3624268;0.0;2026-10-10T19:15:00+02:00;2026-10-10T22:38:17+02:00;8238d2e49365
2026-10-11;excenevex;ICONCH1;2026-10-11T07:00;3.0;4.5;220.0;10.7;0.0;98.0;52.0;0.0;94.0;98.0;46.351723;6.3624268;0.0;2026-10-10T19:15:00+02:00;2026-10-10T22:38:17+02:00;8238d2e49365
2026-10-11;excenevex;ICONCH1;2026-10-11T08:00;3.6;5.1;216.0;10.2;0.0;95.0;44.0;0.0;88.0;95.0;46.351723;6.3624268;0.0;2026-10-10T19:15:00+02:00;2026-10-10T22:38:17+02:00;8238d2e49365
2026-10-11;excenevex;ICONCH1;2026-10-11T09:00;3.2;5.2;218.0;10.5;0.0;100.0;34.0;0.0;100.0;100.0;46.351723;6.3624268;0.0;2026-10-10T19:15:00+02:00;2026-10-10T22:38:17+02:00;8238d2e49365
2026-10-11;excenevex;ICONCH1;2026-10-11T10:00;3.2;4.9;218.0;12.0;0.0;100.0;21.0;0.0;100.0;100.0;46.351723;6.3624268;0.0;2026-10-10T19:15:00+02:00;2026-10-10T22:38:17+02:00;8238d2e49365
2026-10-11;excenevex;ICONCH1;2026-10-11T11:00;1.0;4.9;191.0;13.1;0.0;100.0;0.0;5.0;100.0;100.0;46.351723;6.3624268;0.0;2026-10-10T19:15:00+02:00;2026-10-10T22:38:17+02:00;8238d2e49365
2026-10-11;excenevex;ICONCH1;2026-10-11T12:00;2.8;4.3;65.0;13.4;0.0;87.0;0.0;60.0;79.0;87.0;46.351723;6.3624268;0.0;2026-10-10T19:15:00+02:00;2026-10-10T22:38:17+02:00;8238d2e49365
2026-10-11;excenevex;ICONCH1;2026-10-11T13:00;4.0;6.0;61.0;14.1;0.0;46.0;0.0;38.0;32.0;46.0;46.351723;6.3624268;0.0;2026-10-10T19:15:00+02:00;2026-10-10T22:38:17+02:00;8238d2e49365
2026-10-11;excenevex;ICONCH1;2026-10-11T14:00;4.0;6.4;67.0;14.8;0.0;78.0;0.0;73.0;18.0;78.0;46.351723;6.3624268;0.0;2026-10-10T19:15:00+02:00;2026-10-10T22:38:17+02:00;8238d2e49365
2026-10-11;excenevex;ICONCH1;2026-10-11T15:00;4.1;6.2;65.0;15.3;0.0;85.0;23.0;74.0;17.0;85.0;46.351723;6.3624268;0.0;2026-10-10T19:15:00+02:00;2026-10-10T22:38:17+02:00;8238d2e49365
2026-10-11;excenevex;ICONCH1;2026-10-11T16:00;5.6;8.2;61.0;15.8;0.0;100.0;0.0;7.0;100.0;100.0;46.351723;6.3624268;0.0;2026-10-10T19:15:00+02:00;2026-10-10T22:38:17+02:00;8238d2e49365
2026-10-11;excenevex;ICONCH1;2026-10-11T17:00;3.0;8.0;63.0;16.1;0.0;100.0;9.0;0.0;100.0;100.0;46.351723;6.3624268;0.0;2026-10-10T19:15:00+02:00;2026-10-10T22:38:17+02:00;8238d2e49365
2026-10-11;excenevex;ICONCH1;2026-10-11T18:00;2.5;4.7;67.0;16.3;0.0;100.0;0.0;37.0;100.0;100.0;46.351723;6.3624268;0.0;2026-10-10T19:15:00+02:00;2026-10-10T22:38:17+02:00;8238d2e49365
2026-10-11;excenevex;ICONCH1;2026-10-11T19:00;1.7;4.3;144.0;16.4;0.0;100.0;46.0;63.0;100.0;100.0;46.351723;6.3624268;0.0;2026-10-10T19:15:00+02:00;2026-10-10T22:38:17+02:00;8238d2e49365
2026-10-11;excenevex;ICONCH1;2026-10-11T20:00;5.7;8.2;325.0;15.1;0.0;100.0;43.0;56.0;100.0;100.0;46.351723;6.3624268;0.0;2026-10-10T19:15:00+02:00;2026-10-10T22:38:17+02:00;8238d2e49365
2026-10-11;excenevex;ICONCH1;2026-10-11T21:00;4.8;8.4;166.0;12.7;0.0;84.0;8.0;79.0;0.0;84.0;46.351723;6.3624268;0.0;2026-10-10T19:15:00+02:00;2026-10-10T22:38:17+02:00;8238d2e49365
2026-10-11;excenevex;ICONCH1;2026-10-11T22:00;9.2;13.0;86.0;14.2;0.0;90.0;18.0;81.0;0.0;90.0;46.351723;6.3624268;0.0;2026-10-10T19:15:00+02:00;2026-10-10T22:38:17+02:00;8238d2e49365
2026-10-11;excenevex;ICONCH1;2026-10-11T23:00;11.2;16.9;62.0;14.4;0.0;72.0;0.0;72.0;0.0;72.0;46.351723;6.3624268;0.0;2026-10-10T19:15:00+02:00;2026-10-10T22:38:17+02:00;8238d2e49365
2026-10-11;excenevex;ICONCH1;2026-10-12T00:00;13.8;20.4;31.0;14.0;0.0;67.0;0.0;67.0;0.0;67.0;46.351723;6.3624268;0.0;2026-10-10T19:15:00+02:00;2026-10-10T22:38:17+02:00;8238d2e49365
2026-10-11;hermance;AROMEHD;2026-10-11T01:00;4.4;6.2;142.0;13.4;0.0;;100.0;0.0;0.0;100.0;46.309998;6.24;0.0;2026-10-10T19:15:00+02:00;2026-10-10T22:38:17+02:00;8238d2e49365
2026-10-11;hermance;AROMEHD;2026-10-11T02:00;3.3;5.2;187.0;14.1;0.0;;100.0;0.0;0.0;100.0;46.309998;6.24;0.0;2026-10-10T19:15:00+02:00;2026-10-10T22:38:17+02:00;8238d2e49365
2026-10-11;hermance;AROMEHD;2026-10-11T03:00;3.6;5.6;202.0;13.3;0.0;;100.0;0.0;0.0;100.0;46.309998;6.24;0.0;2026-10-10T19:15:00+02:00;2026-10-10T22:38:17+02:00;8238d2e49365
2026-10-11;hermance;AROMEHD;2026-10-11T04:00;6.1;8.0;174.0;12.8;0.0;;99.0;0.0;0.0;99.0;46.309998;6.24;0.0;2026-10-10T19:15:00+02:00;2026-10-10T22:38:17+02:00;8238d2e49365
2026-10-11;hermance;AROMEHD;2026-10-11T05:00;6.3;9.3;196.0;13.1;0.0;;46.0;0.0;85.0;85.0;46.309998;6.24;0.0;2026-10-10T19:15:00+02:00;2026-10-10T22:38:17+02:00;8238d2e49365
2026-10-11;hermance;AROMEHD;2026-10-11T06:00;7.7;10.3;221.0;12.7;0.0;;100.0;0.0;100.0;100.0;46.309998;6.24;0.0;2026-10-10T19:15:00+02:00;2026-10-10T22:38:17+02:00;8238d2e49365
2026-10-11;hermance;AROMEHD;2026-10-11T07:00;7.6;10.7;212.0;12.6;0.0;;100.0;0.0;100.0;100.0;46.309998;6.24;0.0;2026-10-10T19:15:00+02:00;2026-10-10T22:38:17+02:00;8238d2e49365
2026-10-11;hermance;AROMEHD;2026-10-11T08:00;5.6;10.5;200.0;12.2;0.0;;36.0;0.0;100.0;100.0;46.309998;6.24;0.0;2026-10-10T19:15:00+02:00;2026-10-10T22:38:17+02:00;8238d2e49365
2026-10-11;hermance;AROMEHD;2026-10-11T09:00;5.7;8.7;221.0;12.5;0.0;;88.0;0.0;100.0;100.0;46.309998;6.24;0.0;2026-10-10T19:15:00+02:00;2026-10-10T22:38:17+02:00;8238d2e49365
2026-10-11;hermance;AROMEHD;2026-10-11T10:00;5.9;8.7;212.0;12.5;0.0;;100.0;0.0;100.0;100.0;46.309998;6.24;0.0;2026-10-10T19:15:00+02:00;2026-10-10T22:38:17+02:00;8238d2e49365
2026-10-11;hermance;AROMEHD;2026-10-11T11:00;5.0;8.6;206.0;13.0;0.0;;5.0;0.0;100.0;100.0;46.309998;6.24;0.0;2026-10-10T19:15:00+02:00;2026-10-10T22:38:17+02:00;8238d2e49365
2026-10-11;hermance;AROMEHD;2026-10-11T12:00;1.9;7.4;204.0;13.5;0.0;;0.0;2.0;99.0;99.0;46.309998;6.24;0.0;2026-10-10T19:15:00+02:00;2026-10-10T22:38:17+02:00;8238d2e49365
2026-10-11;hermance;AROMEHD;2026-10-11T13:00;1.9;3.7;217.0;14.2;0.0;;0.0;100.0;100.0;100.0;46.309998;6.24;0.0;2026-10-10T19:15:00+02:00;2026-10-10T22:38:17+02:00;8238d2e49365
2026-10-11;hermance;AROMEHD;2026-10-11T14:00;1.7;3.7;234.0;15.0;0.0;;0.0;100.0;100.0;100.0;46.309998;6.24;0.0;2026-10-10T19:15:00+02:00;2026-10-10T22:38:17+02:00;8238d2e49365
2026-10-11;hermance;AROMEHD;2026-10-11T15:00;2.4;4.1;351.0;15.4;0.0;;0.0;100.0;100.0;100.0;46.309998;6.24;0.0;2026-10-10T19:15:00+02:00;2026-10-10T22:38:17+02:00;8238d2e49365
2026-10-11;hermance;AROMEHD;2026-10-11T16:00;5.9;8.9;41.0;15.6;0.0;;0.0;100.0;100.0;100.0;46.309998;6.24;0.0;2026-10-10T19:15:00+02:00;2026-10-10T22:38:17+02:00;8238d2e49365
2026-10-11;hermance;AROMEHD;2026-10-11T17:00;5.5;8.9;48.0;15.6;0.0;;0.0;100.0;100.0;100.0;46.309998;6.24;0.0;2026-10-10T19:15:00+02:00;2026-10-10T22:38:17+02:00;8238d2e49365
2026-10-11;hermance;AROMEHD;2026-10-11T18:00;4.9;8.2;53.0;15.6;0.0;;0.0;100.0;100.0;100.0;46.309998;6.24;0.0;2026-10-10T19:15:00+02:00;2026-10-10T22:38:17+02:00;8238d2e49365
2026-10-11;hermance;AROMEHD;2026-10-11T19:00;5.1;7.6;29.0;15.8;0.0;;0.0;100.0;100.0;100.0;46.309998;6.24;0.0;2026-10-10T19:15:00+02:00;2026-10-10T22:38:17+02:00;8238d2e49365
2026-10-11;hermance;AROMEHD;2026-10-11T20:00;8.6;11.5;360.0;15.5;0.0;;0.0;100.0;6.0;100.0;46.309998;6.24;0.0;2026-10-10T19:15:00+02:00;2026-10-10T22:38:17+02:00;8238d2e49365
2026-10-11;hermance;AROMEHD;2026-10-11T21:00;9.1;13.4;345.0;14.5;0.0;;0.0;100.0;0.0;100.0;46.309998;6.24;0.0;2026-10-10T19:15:00+02:00;2026-10-10T22:38:17+02:00;8238d2e49365
2026-10-11;hermance;AROMEHD;2026-10-11T22:00;9.6;13.0;8.0;14.3;0.0;;0.0;22.0;0.0;22.0;46.309998;6.24;0.0;2026-10-10T19:15:00+02:00;2026-10-10T22:38:17+02:00;8238d2e49365
2026-10-11;hermance;AROMEHD;2026-10-11T23:00;6.3;12.8;45.0;14.1;0.0;;0.0;0.0;0.0;0.0;46.309998;6.24;0.0;2026-10-10T19:15:00+02:00;2026-10-10T22:38:17+02:00;8238d2e49365
2026-10-11;hermance;AROMEHD;2026-10-12T00:00;3.7;8.7;65.0;13.0;0.0;;0.0;0.0;0.0;0.0;46.309998;6.24;0.0;2026-10-10T19:15:00+02:00;2026-10-10T22:38:17+02:00;8238d2e49365
2026-10-11;hermance;ICONCH1;2026-10-11T01:00;6.6;8.6;183.0;13.7;0.0;68.0;68.0;0.0;0.0;68.0;46.30753;6.2349854;0.0;2026-10-10T19:15:00+02:00;2026-10-10T22:38:17+02:00;8238d2e49365
2026-10-11;hermance;ICONCH1;2026-10-11T02:00;6.0;8.4;184.0;13.5;0.0;69.0;69.0;0.0;0.0;69.0;46.30753;6.2349854;0.0;2026-10-10T19:15:00+02:00;2026-10-10T22:38:17+02:00;8238d2e49365
2026-10-11;hermance;ICONCH1;2026-10-11T03:00;7.0;8.9;207.0;13.7;0.0;36.0;36.0;0.0;0.0;36.0;46.30753;6.2349854;0.0;2026-10-10T19:15:00+02:00;2026-10-10T22:38:17+02:00;8238d2e49365
2026-10-11;hermance;ICONCH1;2026-10-11T04:00;5.0;8.7;191.0;12.8;0.0;8.0;8.0;0.0;0.0;8.0;46.30753;6.2349854;0.0;2026-10-10T19:15:00+02:00;2026-10-10T22:38:17+02:00;8238d2e49365
2026-10-11;hermance;ICONCH1;2026-10-11T05:00;4.6;6.4;195.0;12.2;0.0;80.0;3.0;0.0;78.0;80.0;46.30753;6.2349854;0.0;2026-10-10T19:15:00+02:00;2026-10-10T22:38:17+02:00;8238d2e49365
2026-10-11;hermance;ICONCH1;2026-10-11T06:00;3.3;6.0;173.0;11.5;0.0;89.0;33.0;0.0;77.0;89.0;46.30753;6.2349854;0.0;2026-10-10T19:15:00+02:00;2026-10-10T22:38:17+02:00;8238d2e49365
2026-10-11;hermance;ICONCH1;2026-10-11T07:00;3.3;4.5;163.0;11.0;0.0;93.0;42.0;0.0;82.0;93.0;46.30753;6.2349854;0.0;2026-10-10T19:15:00+02:00;2026-10-10T22:38:17+02:00;8238d2e49365
2026-10-11;hermance;ICONCH1;2026-10-11T08:00;3.7;5.1;152.0;10.6;0.0;95.0;49.0;0.0;87.0;95.0;46.30753;6.2349854;0.0;2026-10-10T19:15:00+02:00;2026-10-10T22:38:17+02:00;8238d2e49365
2026-10-11;hermance;ICONCH1;2026-10-11T09:00;3.3;5.1;177.0;10.8;0.0;100.0;46.0;0.0;100.0;100.0;46.30753;6.2349854;0.0;2026-10-10T19:15:00+02:00;2026-10-10T22:38:17+02:00;8238d2e49365
2026-10-11;hermance;ICONCH1;2026-10-11T10:00;3.9;5.2;200.0;11.3;0.0;100.0;10.0;0.0;100.0;100.0;46.30753;6.2349854;0.0;2026-10-10T19:15:00+02:00;2026-10-10T22:38:17+02:00;8238d2e49365
2026-10-11;hermance;ICONCH1;2026-10-11T11:00;3.5;5.1;214.0;12.1;0.0;100.0;0.0;30.0;100.0;100.0;46.30753;6.2349854;0.0;2026-10-10T19:15:00+02:00;2026-10-10T22:38:17+02:00;8238d2e49365
2026-10-11;hermance;ICONCH1;2026-10-11T12:00;4.3;5.6;227.0;13.1;0.0;84.0;0.0;58.0;75.0;84.0;46.30753;6.2349854;0.0;2026-10-10T19:15:00+02:00;2026-10-10T22:38:17+02:00;8238d2e49365
2026-10-11;hermance;ICONCH1;2026-10-11T13:00;2.9;5.6;233.0;14.2;0.0;31.0;0.0;32.0;6.0;32.0;46.30753;6.2349854;0.0;2026-10-10T19:15:00+02:00;2026-10-10T22:38:17+02:00;8238d2e49365
2026-10-11;hermance;ICONCH1;2026-10-11T14:00;1.2;4.1;231.0;15.3;0.0;81.0;0.0;81.0;9.0;81.0;46.30753;6.2349854;0.0;2026-10-10T19:15:00+02:00;2026-10-10T22:38:17+02:00;8238d2e49365
2026-10-11;hermance;ICONCH1;2026-10-11T15:00;2.6;3.7;343.0;15.3;0.0;93.0;51.0;82.0;10.0;93.0;46.30753;6.2349854;0.0;2026-10-10T19:15:00+02:00;2026-10-10T22:38:17+02:00;8238d2e49365
2026-10-11;hermance;ICONCH1;2026-10-11T16:00;3.6;5.1;16.0;16.0;0.0;98.0;38.0;62.0;90.0;98.0;46.30753;6.2349854;0.0;2026-10-10T19:15:00+02:00;2026-10-10T22:38:17+02:00;8238d2e49365
2026-10-11;hermance;ICONCH1;2026-10-11T17:00;2.8;4.7;34.0;16.4;0.0;100.0;0.0;0.0;100.0;100.0;46.30753;6.2349854;0.0;2026-10-10T19:15:00+02:00;2026-10-10T22:38:17+02:00;8238d2e49365
2026-10-11;hermance;ICONCH1;2026-10-11T18:00;5.4;7.0;60.0;16.2;0.0;100.0;45.0;67.0;100.0;100.0;46.30753;6.2349854;0.0;2026-10-10T19:15:00+02:00;2026-10-10T22:38:17+02:00;8238d2e49365
2026-10-11;hermance;ICONCH1;2026-10-11T19:00;6.4;8.2;358.0;16.1;0.0;100.0;80.0;71.0;100.0;100.0;46.30753;6.2349854;0.0;2026-10-10T19:15:00+02:00;2026-10-10T22:38:17+02:00;8238d2e49365
2026-10-11;hermance;ICONCH1;2026-10-11T20:00;6.2;13.2;328.0;14.8;0.0;100.0;14.0;44.0;100.0;100.0;46.30753;6.2349854;0.0;2026-10-10T19:15:00+02:00;2026-10-10T22:38:17+02:00;8238d2e49365
2026-10-11;hermance;ICONCH1;2026-10-11T21:00;4.6;8.2;70.0;13.9;0.0;91.0;23.0;82.0;0.0;91.0;46.30753;6.2349854;0.0;2026-10-10T19:15:00+02:00;2026-10-10T22:38:17+02:00;8238d2e49365
2026-10-11;hermance;ICONCH1;2026-10-11T22:00;6.7;8.9;80.0;13.1;0.0;91.0;42.0;79.0;0.0;91.0;46.30753;6.2349854;0.0;2026-10-10T19:15:00+02:00;2026-10-10T22:38:17+02:00;8238d2e49365
2026-10-11;hermance;ICONCH1;2026-10-11T23:00;8.8;12.1;77.0;12.6;0.0;79.0;9.0;74.0;0.0;79.0;46.30753;6.2349854;0.0;2026-10-10T19:15:00+02:00;2026-10-10T22:38:17+02:00;8238d2e49365
2026-10-11;hermance;ICONCH1;2026-10-12T00:00;6.7;11.3;57.0;12.7;0.0;81.0;38.0;65.0;0.0;81.0;46.30753;6.2349854;0.0;2026-10-10T19:15:00+02:00;2026-10-10T22:38:17+02:00;8238d2e49365
2026-10-11;loire_sur_rhone;AROMEHD;2026-10-11T01:00;3.4;6.6;317.0;13.2;0.0;;38.0;0.0;0.0;38.0;45.559998;4.8199997;170.0;2026-10-10T19:15:00+02:00;2026-10-10T22:38:17+02:00;8238d2e49365
2026-10-11;loire_sur_rhone;AROMEHD;2026-10-11T02:00;2.3;6.4;336.0;12.0;0.0;;1.0;0.0;0.0;1.0;45.559998;4.8199997;170.0;2026-10-10T19:15:00+02:00;2026-10-10T22:38:17+02:00;8238d2e49365
2026-10-11;loire_sur_rhone;AROMEHD;2026-10-11T03:00;1.4;3.7;352.0;11.1;0.0;;0.0;0.0;1.0;1.0;45.559998;4.8199997;170.0;2026-10-10T19:15:00+02:00;2026-10-10T22:38:17+02:00;8238d2e49365
2026-10-11;loire_sur_rhone;AROMEHD;2026-10-11T04:00;1.8;2.7;354.0;10.5;0.0;;0.0;0.0;21.0;21.0;45.559998;4.8199997;170.0;2026-10-10T19:15:00+02:00;2026-10-10T22:38:17+02:00;8238d2e49365
2026-10-11;loire_sur_rhone;AROMEHD;2026-10-11T05:00;2.3;2.9;24.0;9.9;0.0;;0.0;0.0;100.0;100.0;45.559998;4.8199997;170.0;2026-10-10T19:15:00+02:00;2026-10-10T22:38:17+02:00;8238d2e49365
2026-10-11;loire_sur_rhone;AROMEHD;2026-10-11T06:00;1.5;3.1;40.0;9.6;0.0;;0.0;0.0;100.0;100.0;45.559998;4.8199997;170.0;2026-10-10T19:15:00+02:00;2026-10-10T22:38:17+02:00;8238d2e49365
2026-10-11;loire_sur_rhone;AROMEHD;2026-10-11T07:00;1.7;2.1;36.0;9.4;0.0;;0.0;0.0;100.0;100.0;45.559998;4.8199997;170.0;2026-10-10T19:15:00+02:00;2026-10-10T22:38:17+02:00;8238d2e49365
2026-10-11;loire_sur_rhone;AROMEHD;2026-10-11T08:00;1.8;2.5;32.0;9.3;0.0;;0.0;0.0;81.0;81.0;45.559998;4.8199997;170.0;2026-10-10T19:15:00+02:00;2026-10-10T22:38:17+02:00;8238d2e49365
2026-10-11;loire_sur_rhone;AROMEHD;2026-10-11T09:00;2.1;2.9;90.0;9.8;0.0;;0.0;0.0;90.0;90.0;45.559998;4.8199997;170.0;2026-10-10T19:15:00+02:00;2026-10-10T22:38:17+02:00;8238d2e49365
2026-10-11;loire_sur_rhone;AROMEHD;2026-10-11T10:00;1.7;3.5;126.0;11.1;0.0;;0.0;0.0;83.0;83.0;45.559998;4.8199997;170.0;2026-10-10T19:15:00+02:00;2026-10-10T22:38:17+02:00;8238d2e49365
2026-10-11;loire_sur_rhone;AROMEHD;2026-10-11T11:00;1.9;4.9;323.0;13.1;0.0;;1.0;9.0;91.0;91.0;45.559998;4.8199997;170.0;2026-10-10T19:15:00+02:00;2026-10-10T22:38:17+02:00;8238d2e49365
2026-10-11;loire_sur_rhone;AROMEHD;2026-10-11T12:00;4.5;9.5;2.0;14.5;0.0;;19.0;39.0;88.0;88.0;45.559998;4.8199997;170.0;2026-10-10T19:15:00+02:00;2026-10-10T22:38:17+02:00;8238d2e49365
2026-10-11;loire_sur_rhone;AROMEHD;2026-10-11T13:00;4.1;10.1;3.0;15.2;0.0;;51.0;15.0;100.0;100.0;45.559998;4.8199997;170.0;2026-10-10T19:15:00+02:00;2026-10-10T22:38:17+02:00;8238d2e49365
2026-10-11;loire_sur_rhone;AROMEHD;2026-10-11T14:00;5.9;12.4;8.0;15.8;0.0;;99.0;100.0;100.0;100.0;45.559998;4.8199997;170.0;2026-10-10T19:15:00+02:00;2026-10-10T22:38:17+02:00;8238d2e49365
2026-10-11;loire_sur_rhone;AROMEHD;2026-10-11T15:00;5.6;12.2;2.0;16.2;0.0;;17.0;35.0;100.0;100.0;45.559998;4.8199997;170.0;2026-10-10T19:15:00+02:00;2026-10-10T22:38:17+02:00;8238d2e49365
2026-10-11;loire_sur_rhone;AROMEHD;2026-10-11T16:00;5.8;12.1;14.0;16.0;0.0;;18.0;95.0;100.0;100.0;45.559998;4.8199997;170.0;2026-10-10T19:15:00+02:00;2026-10-10T22:38:17+02:00;8238d2e49365
2026-10-11;loire_sur_rhone;AROMEHD;2026-10-11T17:00;4.9;11.7;5.0;15.9;0.0;;1.0;100.0;100.0;100.0;45.559998;4.8199997;170.0;2026-10-10T19:15:00+02:00;2026-10-10T22:38:17+02:00;8238d2e49365
2026-10-11;loire_sur_rhone;AROMEHD;2026-10-11T18:00;3.5;9.7;360.0;15.6;0.0;;11.0;100.0;100.0;100.0;45.559998;4.8199997;170.0;2026-10-10T19:15:00+02:00;2026-10-10T22:38:17+02:00;8238d2e49365
2026-10-11;loire_sur_rhone;AROMEHD;2026-10-11T19:00;2.6;6.6;17.0;14.5;0.0;;0.0;59.0;100.0;100.0;45.559998;4.8199997;170.0;2026-10-10T19:15:00+02:00;2026-10-10T22:38:17+02:00;8238d2e49365
2026-10-11;loire_sur_rhone;AROMEHD;2026-10-11T20:00;1.8;4.7;6.0;13.1;0.0;;0.0;92.0;100.0;100.0;45.559998;4.8199997;170.0;2026-10-10T19:15:00+02:00;2026-10-10T22:38:17+02:00;8238d2e49365
2026-10-11;loire_sur_rhone;AROMEHD;2026-10-11T21:00;1.8;2.7;319.0;12.3;0.0;;0.0;100.0;76.0;100.0;45.559998;4.8199997;170.0;2026-10-10T19:15:00+02:00;2026-10-10T22:38:17+02:00;8238d2e49365
2026-10-11;loire_sur_rhone;AROMEHD;2026-10-11T22:00;2.4;4.1;331.0;11.5;0.0;;0.0;70.0;0.0;70.0;45.559998;4.8199997;170.0;2026-10-10T19:15:00+02:00;2026-10-10T22:38:17+02:00;8238d2e49365
2026-10-11;loire_sur_rhone;AROMEHD;2026-10-11T23:00;1.7;3.9;339.0;10.7;0.0;;0.0;0.0;0.0;0.0;45.559998;4.8199997;170.0;2026-10-10T19:15:00+02:00;2026-10-10T22:38:17+02:00;8238d2e49365
2026-10-11;loire_sur_rhone;AROMEHD;2026-10-12T00:00;2.0;2.9;343.0;10.1;0.0;;0.0;0.0;0.0;0.0;45.559998;4.8199997;170.0;2026-10-10T19:15:00+02:00;2026-10-10T22:38:17+02:00;8238d2e49365
2026-10-11;loire_sur_rhone;ICONCH1;2026-10-11T01:00;5.7;11.1;294.0;11.6;0.0;0.0;0.0;0.0;0.0;0.0;45.550514;4.828491;200.0;2026-10-10T19:15:00+02:00;2026-10-10T22:38:17+02:00;8238d2e49365
2026-10-11;loire_sur_rhone;ICONCH1;2026-10-11T02:00;4.3;10.3;294.0;10.7;0.0;0.0;0.0;0.0;0.0;0.0;45.550514;4.828491;200.0;2026-10-10T19:15:00+02:00;2026-10-10T22:38:17+02:00;8238d2e49365
2026-10-11;loire_sur_rhone;ICONCH1;2026-10-11T03:00;4.4;8.2;285.0;10.5;0.0;69.0;4.0;0.0;66.0;69.0;45.550514;4.828491;200.0;2026-10-10T19:15:00+02:00;2026-10-10T22:38:17+02:00;8238d2e49365
2026-10-11;loire_sur_rhone;ICONCH1;2026-10-11T04:00;4.2;7.8;281.0;10.3;0.0;100.0;0.0;0.0;100.0;100.0;45.550514;4.828491;200.0;2026-10-10T19:15:00+02:00;2026-10-10T22:38:17+02:00;8238d2e49365
2026-10-11;loire_sur_rhone;ICONCH1;2026-10-11T05:00;3.8;7.2;282.0;10.1;0.0;100.0;0.0;0.0;100.0;100.0;45.550514;4.828491;200.0;2026-10-10T19:15:00+02:00;2026-10-10T22:38:17+02:00;8238d2e49365
2026-10-11;loire_sur_rhone;ICONCH1;2026-10-11T06:00;3.5;6.8;297.0;9.4;0.0;74.0;0.0;0.0;74.0;74.0;45.550514;4.828491;200.0;2026-10-10T19:15:00+02:00;2026-10-10T22:38:17+02:00;8238d2e49365
2026-10-11;loire_sur_rhone;ICONCH1;2026-10-11T07:00;3.7;6.6;288.0;9.2;0.0;86.0;0.0;0.0;86.0;86.0;45.550514;4.828491;200.0;2026-10-10T19:15:00+02:00;2026-10-10T22:38:17+02:00;8238d2e49365
2026-10-11;loire_sur_rhone;ICONCH1;2026-10-11T08:00;2.3;6.6;301.0;9.0;0.0;100.0;0.0;47.0;100.0;100.0;45.550514;4.828491;200.0;2026-10-10T19:15:00+02:00;2026-10-10T22:38:17+02:00;8238d2e49365
2026-10-11;loire_sur_rhone;ICONCH1;2026-10-11T09:00;2.6;5.4;312.0;9.4;0.0;64.0;0.0;49.0;52.0;64.0;45.550514;4.828491;200.0;2026-10-10T19:15:00+02:00;2026-10-10T22:38:17+02:00;8238d2e49365
2026-10-11;loire_sur_rhone;ICONCH1;2026-10-11T10:00;3.3;6.0;320.0;10.9;0.0;61.0;0.0;42.0;28.0;61.0;45.550514;4.828491;200.0;2026-10-10T19:15:00+02:00;2026-10-10T22:38:17+02:00;8238d2e49365
2026-10-11;loire_sur_rhone;ICONCH1;2026-10-11T11:00;3.5;6.4;326.0;12.7;0.0;96.0;0.0;56.0;86.0;96.0;45.550514;4.828491;200.0;2026-10-10T19:15:00+02:00;2026-10-10T22:38:17+02:00;8238d2e49365
2026-10-11;loire_sur_rhone;ICONCH1;2026-10-11T12:00;5.1;8.4;2.0;14.5;0.0;100.0;0.0;63.0;100.0;100.0;45.550514;4.828491;200.0;2026-10-10T19:15:00+02:00;2026-10-10T22:38:17+02:00;8238d2e49365
2026-10-11;loire_sur_rhone;ICONCH1;2026-10-11T13:00;6.4;10.7;5.0;15.5;0.0;100.0;13.0;63.0;100.0;100.0;45.550514;4.828491;200.0;2026-10-10T19:15:00+02:00;2026-10-10T22:38:17+02:00;8238d2e49365
2026-10-11;loire_sur_rhone;ICONCH1;2026-10-11T14:00;6.6;12.2;357.0;16.2;0.0;100.0;45.0;64.0;100.0;100.0;45.550514;4.828491;200.0;2026-10-10T19:15:00+02:00;2026-10-10T22:38:17+02:00;8238d2e49365
2026-10-11;loire_sur_rhone;ICONCH1;2026-10-11T15:00;8.2;14.0;348.0;16.7;0.0;100.0;17.0;63.0;100.0;100.0;45.550514;4.828491;200.0;2026-10-10T19:15:00+02:00;2026-10-10T22:38:17+02:00;8238d2e49365
2026-10-11;loire_sur_rhone;ICONCH1;2026-10-11T16:00;7.7;13.4;348.0;16.8;0.0;100.0;49.0;64.0;100.0;100.0;45.550514;4.828491;200.0;2026-10-10T19:15:00+02:00;2026-10-10T22:38:17+02:00;8238d2e49365
2026-10-11;loire_sur_rhone;ICONCH1;2026-10-11T17:00;8.4;13.6;7.0;16.6;0.0;100.0;32.0;66.0;100.0;100.0;45.550514;4.828491;200.0;2026-10-10T19:15:00+02:00;2026-10-10T22:38:17+02:00;8238d2e49365
2026-10-11;loire_sur_rhone;ICONCH1;2026-10-11T18:00;5.8;13.6;12.0;16.2;0.0;100.0;22.0;86.0;100.0;100.0;45.550514;4.828491;200.0;2026-10-10T19:15:00+02:00;2026-10-10T22:38:17+02:00;8238d2e49365
2026-10-11;loire_sur_rhone;ICONCH1;2026-10-11T19:00;4.7;9.3;2.0;15.2;0.0;98.0;49.0;93.0;84.0;98.0;45.550514;4.828491;200.0;2026-10-10T19:15:00+02:00;2026-10-10T22:38:17+02:00;8238d2e49365
2026-10-11;loire_sur_rhone;ICONCH1;2026-10-11T20:00;3.5;8.7;6.0;14.0;0.0;74.0;0.0;74.0;0.0;74.0;45.550514;4.828491;200.0;2026-10-10T19:15:00+02:00;2026-10-10T22:38:17+02:00;8238d2e49365
2026-10-11;loire_sur_rhone;ICONCH1;2026-10-11T21:00;3.4;6.8;283.0;12.6;0.0;77.0;0.0;77.0;0.0;77.0;45.550514;4.828491;200.0;2026-10-10T19:15:00+02:00;2026-10-10T22:38:17+02:00;8238d2e49365
2026-10-11;loire_sur_rhone;ICONCH1;2026-10-11T22:00;4.7;8.2;287.0;11.8;0.0;43.0;0.0;43.0;0.0;43.0;45.550514;4.828491;200.0;2026-10-10T19:15:00+02:00;2026-10-10T22:38:17+02:00;8238d2e49365
2026-10-11;loire_sur_rhone;ICONCH1;2026-10-11T23:00;3.6;8.6;292.0;11.0;0.0;42.0;0.0;42.0;0.0;42.0;45.550514;4.828491;200.0;2026-10-10T19:15:00+02:00;2026-10-10T22:38:17+02:00;8238d2e49365
2026-10-11;loire_sur_rhone;ICONCH1;2026-10-12T00:00;3.8;7.4;285.0;10.6;0.0;26.0;0.0;26.0;0.0;26.0;45.550514;4.828491;200.0;2026-10-10T19:15:00+02:00;2026-10-10T22:38:17+02:00;8238d2e49365
2026-10-11;messery;AROMEHD;2026-10-11T01:00;3.1;8.6;180.0;14.3;0.0;;100.0;0.0;0.0;100.0;46.35;6.2700005;0.0;2026-10-10T19:15:00+02:00;2026-10-10T22:38:17+02:00;8238d2e49365
2026-10-11;messery;AROMEHD;2026-10-11T02:00;5.6;7.4;166.0;14.2;0.0;;100.0;0.0;0.0;100.0;46.35;6.2700005;0.0;2026-10-10T19:15:00+02:00;2026-10-10T22:38:17+02:00;8238d2e49365
2026-10-11;messery;AROMEHD;2026-10-11T03:00;5.0;7.2;206.0;14.2;0.0;;100.0;0.0;0.0;100.0;46.35;6.2700005;0.0;2026-10-10T19:15:00+02:00;2026-10-10T22:38:17+02:00;8238d2e49365
2026-10-11;messery;AROMEHD;2026-10-11T04:00;6.2;8.4;194.0;13.7;0.0;;100.0;0.0;0.0;100.0;46.35;6.2700005;0.0;2026-10-10T19:15:00+02:00;2026-10-10T22:38:17+02:00;8238d2e49365
2026-10-11;messery;AROMEHD;2026-10-11T05:00;5.1;8.6;189.0;13.2;0.0;;92.0;0.0;10.0;92.0;46.35;6.2700005;0.0;2026-10-10T19:15:00+02:00;2026-10-10T22:38:17+02:00;8238d2e49365
2026-10-11;messery;AROMEHD;2026-10-11T06:00;7.3;10.1;224.0;13.1;0.0;;100.0;0.0;100.0;100.0;46.35;6.2700005;0.0;2026-10-10T19:15:00+02:00;2026-10-10T22:38:17+02:00;8238d2e49365
2026-10-11;messery;AROMEHD;2026-10-11T07:00;6.1;10.1;191.0;12.5;0.0;;100.0;0.0;100.0;100.0;46.35;6.2700005;0.0;2026-10-10T19:15:00+02:00;2026-10-10T22:38:17+02:00;8238d2e49365
2026-10-11;messery;AROMEHD;2026-10-11T08:00;6.2;8.7;184.0;12.1;0.0;;73.0;0.0;100.0;100.0;46.35;6.2700005;0.0;2026-10-10T19:15:00+02:00;2026-10-10T22:38:17+02:00;8238d2e49365
2026-10-11;messery;AROMEHD;2026-10-11T09:00;5.6;8.9;194.0;12.1;0.0;;96.0;0.0;100.0;100.0;46.35;6.2700005;0.0;2026-10-10T19:15:00+02:00;2026-10-10T22:38:17+02:00;8238d2e49365
2026-10-11;messery;AROMEHD;2026-10-11T10:00;6.2;8.9;212.0;12.7;0.0;;35.0;0.0;100.0;100.0;46.35;6.2700005;0.0;2026-10-10T19:15:00+02:00;2026-10-10T22:38:17+02:00;8238d2e49365
2026-10-11;messery;AROMEHD;2026-10-11T11:00;5.3;8.9;190.0;13.0;0.0;;0.0;0.0;100.0;100.0;46.35;6.2700005;0.0;2026-10-10T19:15:00+02:00;2026-10-10T22:38:17+02:00;8238d2e49365
2026-10-11;messery;AROMEHD;2026-10-11T12:00;3.9;7.8;189.0;13.7;0.0;;0.0;0.0;100.0;100.0;46.35;6.2700005;0.0;2026-10-10T19:15:00+02:00;2026-10-10T22:38:17+02:00;8238d2e49365
2026-10-11;messery;AROMEHD;2026-10-11T13:00;2.9;6.2;188.0;14.5;0.0;;0.0;100.0;100.0;100.0;46.35;6.2700005;0.0;2026-10-10T19:15:00+02:00;2026-10-10T22:38:17+02:00;8238d2e49365
2026-10-11;messery;AROMEHD;2026-10-11T14:00;0.8;5.4;256.0;14.9;0.0;;0.0;100.0;100.0;100.0;46.35;6.2700005;0.0;2026-10-10T19:15:00+02:00;2026-10-10T22:38:17+02:00;8238d2e49365
2026-10-11;messery;AROMEHD;2026-10-11T15:00;5.8;9.1;64.0;15.2;0.0;;0.0;82.0;100.0;100.0;46.35;6.2700005;0.0;2026-10-10T19:15:00+02:00;2026-10-10T22:38:17+02:00;8238d2e49365
2026-10-11;messery;AROMEHD;2026-10-11T16:00;5.6;9.5;54.0;15.3;0.0;;0.0;100.0;100.0;100.0;46.35;6.2700005;0.0;2026-10-10T19:15:00+02:00;2026-10-10T22:38:17+02:00;8238d2e49365
2026-10-11;messery;AROMEHD;2026-10-11T17:00;4.4;8.4;61.0;15.4;0.0;;0.0;100.0;100.0;100.0;46.35;6.2700005;0.0;2026-10-10T19:15:00+02:00;2026-10-10T22:38:17+02:00;8238d2e49365
2026-10-11;messery;AROMEHD;2026-10-11T18:00;3.3;7.0;62.0;15.5;0.0;;0.0;100.0;100.0;100.0;46.35;6.2700005;0.0;2026-10-10T19:15:00+02:00;2026-10-10T22:38:17+02:00;8238d2e49365
2026-10-11;messery;AROMEHD;2026-10-11T19:00;5.2;7.6;15.0;15.5;0.0;;0.0;98.0;100.0;100.0;46.35;6.2700005;0.0;2026-10-10T19:15:00+02:00;2026-10-10T22:38:17+02:00;8238d2e49365
2026-10-11;messery;AROMEHD;2026-10-11T20:00;7.4;10.3;348.0;15.3;0.0;;0.0;100.0;7.0;100.0;46.35;6.2700005;0.0;2026-10-10T19:15:00+02:00;2026-10-10T22:38:17+02:00;8238d2e49365
2026-10-11;messery;AROMEHD;2026-10-11T21:00;11.9;15.0;338.0;14.5;0.0;;0.0;100.0;0.0;100.0;46.35;6.2700005;0.0;2026-10-10T19:15:00+02:00;2026-10-10T22:38:17+02:00;8238d2e49365
2026-10-11;messery;AROMEHD;2026-10-11T22:00;8.0;15.4;359.0;13.8;0.0;;0.0;10.0;0.0;10.0;46.35;6.2700005;0.0;2026-10-10T19:15:00+02:00;2026-10-10T22:38:17+02:00;8238d2e49365
2026-10-11;messery;AROMEHD;2026-10-11T23:00;6.1;11.1;7.0;13.4;0.0;;0.0;0.0;0.0;0.0;46.35;6.2700005;0.0;2026-10-10T19:15:00+02:00;2026-10-10T22:38:17+02:00;8238d2e49365
2026-10-11;messery;AROMEHD;2026-10-12T00:00;2.5;8.4;72.0;12.7;0.0;;0.0;0.0;0.0;0.0;46.35;6.2700005;0.0;2026-10-10T19:15:00+02:00;2026-10-10T22:38:17+02:00;8238d2e49365
2026-10-11;messery;ICONCH1;2026-10-11T01:00;9.0;13.4;205.0;14.5;0.0;79.0;79.0;0.0;0.0;79.0;46.3589;6.2749023;0.0;2026-10-10T19:15:00+02:00;2026-10-10T22:38:17+02:00;8238d2e49365
2026-10-11;messery;ICONCH1;2026-10-11T02:00;8.5;11.5;200.0;14.0;0.0;67.0;67.0;0.0;0.0;67.0;46.3589;6.2749023;0.0;2026-10-10T19:15:00+02:00;2026-10-10T22:38:17+02:00;8238d2e49365
2026-10-11;messery;ICONCH1;2026-10-11T03:00;7.7;10.9;210.0;13.9;0.0;68.0;68.0;0.0;0.0;68.0;46.3589;6.2749023;0.0;2026-10-10T19:15:00+02:00;2026-10-10T22:38:17+02:00;8238d2e49365
2026-10-11;messery;ICONCH1;2026-10-11T04:00;3.9;9.9;229.0;13.8;0.0;20.0;20.0;0.0;0.0;20.0;46.3589;6.2749023;0.0;2026-10-10T19:15:00+02:00;2026-10-10T22:38:17+02:00;8238d2e49365
2026-10-11;messery;ICONCH1;2026-10-11T05:00;2.2;5.1;135.0;12.7;0.0;64.0;0.0;0.0;64.0;64.0;46.3589;6.2749023;0.0;2026-10-10T19:15:00+02:00;2026-10-10T22:38:17+02:00;8238d2e49365
2026-10-11;messery;ICONCH1;2026-10-11T06:00;3.7;5.1;171.0;12.3;0.0;79.0;31.0;0.0;60.0;79.0;46.3589;6.2749023;0.0;2026-10-10T19:15:00+02:00;2026-10-10T22:38:17+02:00;8238d2e49365
2026-10-11;messery;ICONCH1;2026-10-11T07:00;3.9;5.2;186.0;12.0;0.0;96.0;53.0;0.0;88.0;96.0;46.3589;6.2749023;0.0;2026-10-10T19:15:00+02:00;2026-10-10T22:38:17+02:00;8238d2e49365
2026-10-11;messery;ICONCH1;2026-10-11T08:00;3.9;5.2;177.0;11.7;0.0;95.0;46.0;0.0;86.0;95.0;46.3589;6.2749023;0.0;2026-10-10T19:15:00+02:00;2026-10-10T22:38:17+02:00;8238d2e49365
2026-10-11;messery;ICONCH1;2026-10-11T09:00;3.8;5.4;210.0;11.7;0.0;100.0;40.0;0.0;100.0;100.0;46.3589;6.2749023;0.0;2026-10-10T19:15:00+02:00;2026-10-10T22:38:17+02:00;8238d2e49365
2026-10-11;messery;ICONCH1;2026-10-11T10:00;5.1;6.8;209.0;11.8;0.0;100.0;18.0;0.0;100.0;100.0;46.3589;6.2749023;0.0;2026-10-10T19:15:00+02:00;2026-10-10T22:38:17+02:00;8238d2e49365
2026-10-11;messery;ICONCH1;2026-10-11T11:00;5.6;7.6;214.0;12.2;0.0;100.0;0.0;7.0;100.0;100.0;46.3589;6.2749023;0.0;2026-10-10T19:15:00+02:00;2026-10-10T22:38:17+02:00;8238d2e49365
2026-10-11;messery;ICONCH1;2026-10-11T12:00;5.1;7.4;223.0;13.0;0.0;93.0;0.0;54.0;85.0;93.0;46.3589;6.2749023;0.0;2026-10-10T19:15:00+02:00;2026-10-10T22:38:17+02:00;8238d2e49365
2026-10-11;messery;ICONCH1;2026-10-11T13:00;3.6;6.6;216.0;14.0;0.0;60.0;19.0;49.0;37.0;60.0;46.3589;6.2749023;0.0;2026-10-10T19:15:00+02:00;2026-10-10T22:38:17+02:00;8238d2e49365
2026-10-11;messery;ICONCH1;2026-10-11T14:00;3.0;4.9;50.0;14.6;0.0;80.0;0.0;80.0;11.0;80.0;46.3589;6.2749023;0.0;2026-10-10T19:15:00+02:00;2026-10-10T22:38:17+02:00;8238d2e49365
2026-10-11;messery;ICONCH1;2026-10-11T15:00;3.7;5.2;47.0;15.3;0.0;89.0;40.0;77.0;22.0;89.0;46.3589;6.2749023;0.0;2026-10-10T19:15:00+02:00;2026-10-10T22:38:17+02:00;8238d2e49365
2026-10-11;messery;ICONCH1;2026-10-11T16:00;5.2;6.6;63.0;15.8;0.0;100.0;0.0;6.0;100.0;100.0;46.3589;6.2749023;0.0;2026-10-10T19:15:00+02:00;2026-10-10T22:38:17+02:00;8238d2e49365
2026-10-11;messery;ICONCH1;2026-10-11T17:00;4.5;7.2;72.0;16.1;0.0;100.0;20.0;0.0;100.0;100.0;46.3589;6.2749023;0.0;2026-10-10T19:15:00+02:00;2026-10-10T22:38:17+02:00;8238d2e49365
2026-10-11;messery;ICONCH1;2026-10-11T18:00;4.3;6.0;63.0;16.2;0.0;100.0;0.0;65.0;100.0;100.0;46.3589;6.2749023;0.0;2026-10-10T19:15:00+02:00;2026-10-10T22:38:17+02:00;8238d2e49365
2026-10-11;messery;ICONCH1;2026-10-11T19:00;9.6;12.6;318.0;15.5;0.0;100.0;42.0;65.0;100.0;100.0;46.3589;6.2749023;0.0;2026-10-10T19:15:00+02:00;2026-10-10T22:38:17+02:00;8238d2e49365
2026-10-11;messery;ICONCH1;2026-10-11T20:00;10.8;17.9;326.0;14.4;0.0;100.0;13.0;72.0;100.0;100.0;46.3589;6.2749023;0.0;2026-10-10T19:15:00+02:00;2026-10-10T22:38:17+02:00;8238d2e49365
2026-10-11;messery;ICONCH1;2026-10-11T21:00;8.3;14.0;349.0;14.0;0.0;81.0;0.0;81.0;0.0;81.0;46.3589;6.2749023;0.0;2026-10-10T19:15:00+02:00;2026-10-10T22:38:17+02:00;8238d2e49365
2026-10-11;messery;ICONCH1;2026-10-11T22:00;5.2;10.5;117.0;13.1;0.0;90.0;38.0;79.0;0.0;90.0;46.3589;6.2749023;0.0;2026-10-10T19:15:00+02:00;2026-10-10T22:38:17+02:00;8238d2e49365
2026-10-11;messery;ICONCH1;2026-10-11T23:00;10.4;13.6;66.0;14.2;0.0;85.0;26.0;73.0;0.0;85.0;46.3589;6.2749023;0.0;2026-10-10T19:15:00+02:00;2026-10-10T22:38:17+02:00;8238d2e49365
2026-10-11;messery;ICONCH1;2026-10-12T00:00;5.8;13.6;360.0;13.1;0.0;73.0;11.0;66.0;0.0;73.0;46.3589;6.2749023;0.0;2026-10-10T19:15:00+02:00;2026-10-10T22:38:17+02:00;8238d2e49365
2026-10-11;parking_pre_rencontre;AROMEHD;2026-10-11T01:00;5.2;13.0;360.0;9.3;0.0;;100.0;0.0;0.0;100.0;45.01;5.779999;0.0;2026-10-10T19:15:00+02:00;2026-10-10T22:38:17+02:00;8238d2e49365
2026-10-11;parking_pre_rencontre;AROMEHD;2026-10-11T02:00;5.9;14.4;354.0;9.0;0.1;;100.0;0.0;0.0;100.0;45.01;5.779999;0.0;2026-10-10T19:15:00+02:00;2026-10-10T22:38:17+02:00;8238d2e49365
2026-10-11;parking_pre_rencontre;AROMEHD;2026-10-11T03:00;6.0;15.6;360.0;8.5;0.5;;100.0;0.0;0.0;100.0;45.01;5.779999;0.0;2026-10-10T19:15:00+02:00;2026-10-10T22:38:17+02:00;8238d2e49365
2026-10-11;parking_pre_rencontre;AROMEHD;2026-10-11T04:00;5.6;15.9;360.0;8.3;0.1;;100.0;0.0;0.0;100.0;45.01;5.779999;0.0;2026-10-10T19:15:00+02:00;2026-10-10T22:38:17+02:00;8238d2e49365
2026-10-11;parking_pre_rencontre;AROMEHD;2026-10-11T05:00;4.9;14.4;358.0;8.0;0.1;;100.0;0.0;87.0;100.0;45.01;5.779999;0.0;2026-10-10T19:15:00+02:00;2026-10-10T22:38:17+02:00;8238d2e49365
2026-10-11;parking_pre_rencontre;AROMEHD;2026-10-11T06:00;4.7;11.9;355.0;7.7;0.0;;100.0;0.0;100.0;100.0;45.01;5.779999;0.0;2026-10-10T19:15:00+02:00;2026-10-10T22:38:17+02:00;8238d2e49365
2026-10-11;parking_pre_rencontre;AROMEHD;2026-10-11T07:00;4.9;11.7;360.0;7.5;0.0;;100.0;0.0;99.0;100.0;45.01;5.779999;0.0;2026-10-10T19:15:00+02:00;2026-10-10T22:38:17+02:00;8238d2e49365
2026-10-11;parking_pre_rencontre;AROMEHD;2026-10-11T08:00;5.6;13.6;2.0;7.1;0.0;;100.0;0.0;78.0;100.0;45.01;5.779999;0.0;2026-10-10T19:15:00+02:00;2026-10-10T22:38:17+02:00;8238d2e49365
2026-10-11;parking_pre_rencontre;AROMEHD;2026-10-11T09:00;4.5;13.8;360.0;7.2;0.0;;100.0;0.0;43.0;100.0;45.01;5.779999;0.0;2026-10-10T19:15:00+02:00;2026-10-10T22:38:17+02:00;8238d2e49365
2026-10-11;parking_pre_rencontre;AROMEHD;2026-10-11T10:00;5.3;13.2;4.0;7.4;0.0;;100.0;0.0;20.0;100.0;45.01;5.779999;0.0;2026-10-10T19:15:00+02:00;2026-10-10T22:38:17+02:00;8238d2e49365
2026-10-11;parking_pre_rencontre;AROMEHD;2026-10-11T11:00;5.3;13.2;4.0;8.0;0.0;;100.0;0.0;100.0;100.0;45.01;5.779999;0.0;2026-10-10T19:15:00+02:00;2026-10-10T22:38:17+02:00;8238d2e49365
2026-10-11;parking_pre_rencontre;AROMEHD;2026-10-11T12:00;5.3;13.4;8.0;8.9;0.0;;99.0;12.0;63.0;99.0;45.01;5.779999;0.0;2026-10-10T19:15:00+02:00;2026-10-10T22:38:17+02:00;8238d2e49365
2026-10-11;parking_pre_rencontre;AROMEHD;2026-10-11T13:00;6.5;15.7;7.0;9.6;0.0;;90.0;13.0;100.0;100.0;45.01;5.779999;0.0;2026-10-10T19:15:00+02:00;2026-10-10T22:38:17+02:00;8238d2e49365
2026-10-11;parking_pre_rencontre;AROMEHD;2026-10-11T14:00;6.6;15.9;3.0;9.7;0.0;;99.0;6.0;100.0;100.0;45.01;5.779999;0.0;2026-10-10T19:15:00+02:00;2026-10-10T22:38:17+02:00;8238d2e49365
2026-10-11;parking_pre_rencontre;AROMEHD;2026-10-11T15:00;5.9;18.9;8.0;9.9;0.0;;31.0;100.0;100.0;100.0;45.01;5.779999;0.0;2026-10-10T19:15:00+02:00;2026-10-10T22:38:17+02:00;8238d2e49365
2026-10-11;parking_pre_rencontre;AROMEHD;2026-10-11T16:00;7.3;17.3;8.0;10.0;0.0;;17.0;19.0;100.0;100.0;45.01;5.779999;0.0;2026-10-10T19:15:00+02:00;2026-10-10T22:38:17+02:00;8238d2e49365
2026-10-11;parking_pre_rencontre;AROMEHD;2026-10-11T17:00;7.1;17.7;8.0;9.3;0.0;;11.0;100.0;100.0;100.0;45.01;5.779999;0.0;2026-10-10T19:15:00+02:00;2026-10-10T22:38:17+02:00;8238d2e49365
2026-10-11;parking_pre_rencontre;AROMEHD;2026-10-11T18:00;6.8;18.3;7.0;8.8;0.0;;26.0;90.0;100.0;100.0;45.01;5.779999;0.0;2026-10-10T19:15:00+02:00;2026-10-10T22:38:17+02:00;8238d2e49365
2026-10-11;parking_pre_rencontre;AROMEHD;2026-10-11T19:00;5.5;16.5;10.0;8.2;0.0;;1.0;45.0;90.0;90.0;45.01;5.779999;0.0;2026-10-10T19:15:00+02:00;2026-10-10T22:38:17+02:00;8238d2e49365
2026-10-11;parking_pre_rencontre;AROMEHD;2026-10-11T20:00;5.5;14.4;8.0;7.5;0.0;;0.0;6.0;10.0;10.0;45.01;5.779999;0.0;2026-10-10T19:15:00+02:00;2026-10-10T22:38:17+02:00;8238d2e49365
2026-10-11;parking_pre_rencontre;AROMEHD;2026-10-11T21:00;5.8;14.2;15.0;7.1;0.0;;0.0;10.0;0.0;10.0;45.01;5.779999;0.0;2026-10-10T19:15:00+02:00;2026-10-10T22:38:17+02:00;8238d2e49365
2026-10-11;parking_pre_rencontre;AROMEHD;2026-10-11T22:00;5.7;13.8;16.0;7.0;0.0;;0.0;100.0;29.0;100.0;45.01;5.779999;0.0;2026-10-10T19:15:00+02:00;2026-10-10T22:38:17+02:00;8238d2e49365
2026-10-11;parking_pre_rencontre;AROMEHD;2026-10-11T23:00;5.7;13.2;16.0;7.3;0.0;;0.0;98.0;0.0;98.0;45.01;5.779999;0.0;2026-10-10T19:15:00+02:00;2026-10-10T22:38:17+02:00;8238d2e49365
2026-10-11;parking_pre_rencontre;AROMEHD;2026-10-12T00:00;6.0;14.0;19.0;6.9;0.0;;0.0;0.0;0.0;0.0;45.01;5.779999;0.0;2026-10-10T19:15:00+02:00;2026-10-10T22:38:17+02:00;8238d2e49365
2026-10-11;parking_pre_rencontre;ICONCH1;2026-10-11T01:00;10.2;20.4;347.0;8.6;0.0;100.0;100.0;0.0;0.0;100.0;45.0093;5.77124;1002.0;2026-10-10T19:15:00+02:00;2026-10-10T22:38:17+02:00;8238d2e49365
2026-10-11;parking_pre_rencontre;ICONCH1;2026-10-11T02:00;9.2;19.0;348.0;8.2;0.0;100.0;100.0;0.0;0.0;100.0;45.0093;5.77124;1002.0;2026-10-10T19:15:00+02:00;2026-10-10T22:38:17+02:00;8238d2e49365
2026-10-11;parking_pre_rencontre;ICONCH1;2026-10-11T03:00;10.2;19.0;347.0;7.9;0.0;100.0;100.0;0.0;0.0;100.0;45.0093;5.77124;1002.0;2026-10-10T19:15:00+02:00;2026-10-10T22:38:17+02:00;8238d2e49365
2026-10-11;parking_pre_rencontre;ICONCH1;2026-10-11T04:00;8.9;19.2;345.0;7.5;0.0;100.0;100.0;0.0;80.0;100.0;45.0093;5.77124;1002.0;2026-10-10T19:15:00+02:00;2026-10-10T22:38:17+02:00;8238d2e49365
2026-10-11;parking_pre_rencontre;ICONCH1;2026-10-11T05:00;7.7;16.3;350.0;7.3;0.0;100.0;100.0;0.0;100.0;100.0;45.0093;5.77124;1002.0;2026-10-10T19:15:00+02:00;2026-10-10T22:38:17+02:00;8238d2e49365
2026-10-11;parking_pre_rencontre;ICONCH1;2026-10-11T06:00;7.3;14.6;352.0;7.0;0.0;100.0;91.0;0.0;100.0;100.0;45.0093;5.77124;1002.0;2026-10-10T19:15:00+02:00;2026-10-10T22:38:17+02:00;8238d2e49365
2026-10-11;parking_pre_rencontre;ICONCH1;2026-10-11T07:00;7.3;13.6;352.0;6.8;0.0;99.0;81.0;0.0;95.0;99.0;45.0093;5.77124;1002.0;2026-10-10T19:15:00+02:00;2026-10-10T22:38:17+02:00;8238d2e49365
2026-10-11;parking_pre_rencontre;ICONCH1;2026-10-11T08:00;7.3;13.4;352.0;6.7;0.0;100.0;100.0;0.0;100.0;100.0;45.0093;5.77124;1002.0;2026-10-10T19:15:00+02:00;2026-10-10T22:38:17+02:00;8238d2e49365
2026-10-11;parking_pre_rencontre;ICONCH1;2026-10-11T09:00;7.0;13.4;355.0;7.1;0.0;100.0;100.0;66.0;76.0;100.0;45.0093;5.77124;1002.0;2026-10-10T19:15:00+02:00;2026-10-10T22:38:17+02:00;8238d2e49365
2026-10-11;parking_pre_rencontre;ICONCH1;2026-10-11T10:00;7.6;14.8;359.0;7.4;0.0;100.0;100.0;39.0;6.0;100.0;45.0093;5.77124;1002.0;2026-10-10T19:15:00+02:00;2026-10-10T22:38:17+02:00;8238d2e49365
2026-10-11;parking_pre_rencontre;ICONCH1;2026-10-11T11:00;8.6;16.5;356.0;7.8;0.0;94.0;87.0;55.0;36.0;94.0;45.0093;5.77124;1002.0;2026-10-10T19:15:00+02:00;2026-10-10T22:38:17+02:00;8238d2e49365
2026-10-11;parking_pre_rencontre;ICONCH1;2026-10-11T12:00;8.9;17.5;359.0;8.4;0.0;98.0;70.0;71.0;86.0;98.0;45.0093;5.77124;1002.0;2026-10-10T19:15:00+02:00;2026-10-10T22:38:17+02:00;8238d2e49365
2026-10-11;parking_pre_rencontre;ICONCH1;2026-10-11T13:00;9.2;18.3;8.0;9.4;0.0;100.0;49.0;68.0;100.0;100.0;45.0093;5.77124;1002.0;2026-10-10T19:15:00+02:00;2026-10-10T22:38:17+02:00;8238d2e49365
2026-10-11;parking_pre_rencontre;ICONCH1;2026-10-11T14:00;9.0;18.5;5.0;9.8;0.0;100.0;66.0;72.0;100.0;100.0;45.0093;5.77124;1002.0;2026-10-10T19:15:00+02:00;2026-10-10T22:38:17+02:00;8238d2e49365
2026-10-11;parking_pre_rencontre;ICONCH1;2026-10-11T15:00;9.2;18.3;6.0;10.0;0.0;100.0;77.0;69.0;100.0;100.0;45.0093;5.77124;1002.0;2026-10-10T19:15:00+02:00;2026-10-10T22:38:17+02:00;8238d2e49365
2026-10-11;parking_pre_rencontre;ICONCH1;2026-10-11T16:00;9.5;18.3;4.0;9.8;0.0;100.0;79.0;74.0;100.0;100.0;45.0093;5.77124;1002.0;2026-10-10T19:15:00+02:00;2026-10-10T22:38:17+02:00;8238d2e49365
2026-10-11;parking_pre_rencontre;ICONCH1;2026-10-11T17:00;9.6;18.1;7.0;9.4;0.0;100.0;76.0;76.0;100.0;100.0;45.0093;5.77124;1002.0;2026-10-10T19:15:00+02:00;2026-10-10T22:38:17+02:00;8238d2e49365
2026-10-11;parking_pre_rencontre;ICONCH1;2026-10-11T18:00;9.0;18.1;4.0;8.9;0.0;100.0;76.0;72.0;100.0;100.0;45.0093;5.77124;1002.0;2026-10-10T19:15:00+02:00;2026-10-10T22:38:17+02:00;8238d2e49365
2026-10-11;parking_pre_rencontre;ICONCH1;2026-10-11T19:00;8.0;16.9;1.0;8.2;0.0;100.0;48.0;83.0;100.0;100.0;45.0093;5.77124;1002.0;2026-10-10T19:15:00+02:00;2026-10-10T22:38:17+02:00;8238d2e49365
2026-10-11;parking_pre_rencontre;ICONCH1;2026-10-11T20:00;7.0;14.6;2.0;7.8;0.0;95.0;56.0;85.0;48.0;95.0;45.0093;5.77124;1002.0;2026-10-10T19:15:00+02:00;2026-10-10T22:38:17+02:00;8238d2e49365
2026-10-11;parking_pre_rencontre;ICONCH1;2026-10-11T21:00;6.4;12.6;358.0;7.6;0.0;87.0;48.0;69.0;0.0;87.0;45.0093;5.77124;1002.0;2026-10-10T19:15:00+02:00;2026-10-10T22:38:17+02:00;8238d2e49365
2026-10-11;parking_pre_rencontre;ICONCH1;2026-10-11T22:00;6.3;12.8;351.0;7.3;0.0;91.0;74.0;72.0;0.0;91.0;45.0093;5.77124;1002.0;2026-10-10T19:15:00+02:00;2026-10-10T22:38:17+02:00;8238d2e49365
2026-10-11;parking_pre_rencontre;ICONCH1;2026-10-11T23:00;6.1;12.1;354.0;7.1;0.0;84.0;44.0;67.0;0.0;84.0;45.0093;5.77124;1002.0;2026-10-10T19:15:00+02:00;2026-10-10T22:38:17+02:00;8238d2e49365
2026-10-11;parking_pre_rencontre;ICONCH1;2026-10-12T00:00;6.2;11.3;356.0;6.9;0.0;75.0;60.0;42.0;0.0;75.0;45.0093;5.77124;1002.0;2026-10-10T19:15:00+02:00;2026-10-10T22:38:17+02:00;8238d2e49365
2026-10-11;plage_de_sevrier;AROMEHD;2026-10-11T01:00;7.5;9.5;10.0;13.2;2.3;;100.0;99.0;0.0;100.0;45.86;6.16;0.0;2026-10-10T19:15:00+02:00;2026-10-10T22:38:17+02:00;8238d2e49365
2026-10-11;plage_de_sevrier;AROMEHD;2026-10-11T02:00;4.5;9.9;353.0;13.4;0.3;;100.0;49.0;0.0;100.0;45.86;6.16;0.0;2026-10-10T19:15:00+02:00;2026-10-10T22:38:17+02:00;8238d2e49365
2026-10-11;plage_de_sevrier;AROMEHD;2026-10-11T03:00;5.1;7.8;9.0;13.5;0.0;;100.0;0.0;0.0;100.0;45.86;6.16;0.0;2026-10-10T19:15:00+02:00;2026-10-10T22:38:17+02:00;8238d2e49365
2026-10-11;plage_de_sevrier;AROMEHD;2026-10-11T04:00;4.0;7.8;11.0;13.4;0.0;;69.0;0.0;0.0;69.0;45.86;6.16;0.0;2026-10-10T19:15:00+02:00;2026-10-10T22:38:17+02:00;8238d2e49365
2026-10-11;plage_de_sevrier;AROMEHD;2026-10-11T05:00;3.2;6.4;317.0;13.2;0.0;;45.0;0.0;0.0;45.0;45.86;6.16;0.0;2026-10-10T19:15:00+02:00;2026-10-10T22:38:17+02:00;8238d2e49365
2026-10-11;plage_de_sevrier;AROMEHD;2026-10-11T06:00;5.8;7.8;340.0;12.7;0.0;;97.0;0.0;100.0;100.0;45.86;6.16;0.0;2026-10-10T19:15:00+02:00;2026-10-10T22:38:17+02:00;8238d2e49365
2026-10-11;plage_de_sevrier;AROMEHD;2026-10-11T07:00;6.1;8.2;343.0;12.3;0.0;;3.0;0.0;100.0;100.0;45.86;6.16;0.0;2026-10-10T19:15:00+02:00;2026-10-10T22:38:17+02:00;8238d2e49365
2026-10-11;plage_de_sevrier;AROMEHD;2026-10-11T08:00;4.1;7.6;315.0;11.7;0.0;;1.0;0.0;100.0;100.0;45.86;6.16;0.0;2026-10-10T19:15:00+02:00;2026-10-10T22:38:17+02:00;8238d2e49365
2026-10-11;plage_de_sevrier;AROMEHD;2026-10-11T09:00;4.0;5.6;325.0;11.8;0.0;;5.0;0.0;100.0;100.0;45.86;6.16;0.0;2026-10-10T19:15:00+02:00;2026-10-10T22:38:17+02:00;8238d2e49365
2026-10-11;plage_de_sevrier;AROMEHD;2026-10-11T10:00;5.1;6.8;7.0;12.0;0.0;;2.0;0.0;100.0;100.0;45.86;6.16;0.0;2026-10-10T19:15:00+02:00;2026-10-10T22:38:17+02:00;8238d2e49365
2026-10-11;plage_de_sevrier;AROMEHD;2026-10-11T11:00;5.1;7.6;2.0;12.2;0.0;;0.0;0.0;100.0;100.0;45.86;6.16;0.0;2026-10-10T19:15:00+02:00;2026-10-10T22:38:17+02:00;8238d2e49365
2026-10-11;plage_de_sevrier;AROMEHD;2026-10-11T12:00;5.4;7.0;13.0;12.3;0.0;;0.0;98.0;100.0;100.0;45.86;6.16;0.0;2026-10-10T19:15:00+02:00;2026-10-10T22:38:17+02:00;8238d2e49365
2026-10-11;plage_de_sevrier;AROMEHD;2026-10-11T13:00;5.4;7.6;13.0;13.0;0.0;;0.0;47.0;100.0;100.0;45.86;6.16;0.0;2026-10-10T19:15:00+02:00;2026-10-10T22:38:17+02:00;8238d2e49365
2026-10-11;plage_de_sevrier;AROMEHD;2026-10-11T14:00;4.5;7.2;10.0;13.9;0.0;;0.0;100.0;100.0;100.0;45.86;6.16;0.0;2026-10-10T19:15:00+02:00;2026-10-10T22:38:17+02:00;8238d2e49365
2026-10-11;plage_de_sevrier;AROMEHD;2026-10-11T15:00;3.5;7.2;38.0;14.4;0.0;;0.0;100.0;100.0;100.0;45.86;6.16;0.0;2026-10-10T19:15:00+02:00;2026-10-10T22:38:17+02:00;8238d2e49365
2026-10-11;plage_de_sevrier;AROMEHD;2026-10-11T16:00;3.6;4.9;29.0;14.6;0.0;;0.0;100.0;100.0;100.0;45.86;6.16;0.0;2026-10-10T19:15:00+02:00;2026-10-10T22:38:17+02:00;8238d2e49365
2026-10-11;plage_de_sevrier;AROMEHD;2026-10-11T17:00;2.1;4.9;22.0;15.1;0.0;;0.0;100.0;100.0;100.0;45.86;6.16;0.0;2026-10-10T19:15:00+02:00;2026-10-10T22:38:17+02:00;8238d2e49365
2026-10-11;plage_de_sevrier;AROMEHD;2026-10-11T18:00;3.0;4.7;15.0;15.1;0.0;;0.0;100.0;100.0;100.0;45.86;6.16;0.0;2026-10-10T19:15:00+02:00;2026-10-10T22:38:17+02:00;8238d2e49365
2026-10-11;plage_de_sevrier;AROMEHD;2026-10-11T19:00;4.7;7.0;355.0;14.8;0.0;;0.0;100.0;100.0;100.0;45.86;6.16;0.0;2026-10-10T19:15:00+02:00;2026-10-10T22:38:17+02:00;8238d2e49365
2026-10-11;plage_de_sevrier;AROMEHD;2026-10-11T20:00;3.9;6.2;327.0;14.5;0.0;;0.0;100.0;49.0;100.0;45.86;6.16;0.0;2026-10-10T19:15:00+02:00;2026-10-10T22:38:17+02:00;8238d2e49365
2026-10-11;plage_de_sevrier;AROMEHD;2026-10-11T21:00;4.3;7.2;330.0;14.1;0.0;;0.0;100.0;78.0;100.0;45.86;6.16;0.0;2026-10-10T19:15:00+02:00;2026-10-10T22:38:17+02:00;8238d2e49365
2026-10-11;plage_de_sevrier;AROMEHD;2026-10-11T22:00;3.1;6.8;356.0;14.0;0.0;;0.0;91.0;0.0;91.0;45.86;6.16;0.0;2026-10-10T19:15:00+02:00;2026-10-10T22:38:17+02:00;8238d2e49365
2026-10-11;plage_de_sevrier;AROMEHD;2026-10-11T23:00;4.2;6.8;338.0;13.5;0.0;;0.0;41.0;0.0;41.0;45.86;6.16;0.0;2026-10-10T19:15:00+02:00;2026-10-10T22:38:17+02:00;8238d2e49365
2026-10-11;plage_de_sevrier;AROMEHD;2026-10-12T00:00;3.5;7.8;357.0;12.7;0.0;;0.0;0.0;0.0;0.0;45.86;6.16;0.0;2026-10-10T19:15:00+02:00;2026-10-10T22:38:17+02:00;8238d2e49365
2026-10-11;plage_de_sevrier;ICONCH1;2026-10-11T01:00;10.8;14.2;351.0;13.8;0.0;81.0;70.0;61.0;0.0;81.0;45.86465;6.164917;0.0;2026-10-10T19:15:00+02:00;2026-10-10T22:38:17+02:00;8238d2e49365
2026-10-11;plage_de_sevrier;ICONCH1;2026-10-11T02:00;10.1;14.6;344.0;13.4;0.0;69.0;57.0;30.0;0.0;69.0;45.86465;6.164917;0.0;2026-10-10T19:15:00+02:00;2026-10-10T22:38:17+02:00;8238d2e49365
2026-10-11;plage_de_sevrier;ICONCH1;2026-10-11T03:00;9.2;13.0;342.0;13.0;0.0;85.0;70.0;70.0;0.0;85.0;45.86465;6.164917;0.0;2026-10-10T19:15:00+02:00;2026-10-10T22:38:17+02:00;8238d2e49365
2026-10-11;plage_de_sevrier;ICONCH1;2026-10-11T04:00;7.4;11.9;340.0;12.6;0.0;60.0;51.0;0.0;20.0;60.0;45.86465;6.164917;0.0;2026-10-10T19:15:00+02:00;2026-10-10T22:38:17+02:00;8238d2e49365
2026-10-11;plage_de_sevrier;ICONCH1;2026-10-11T05:00;6.6;9.5;336.0;12.4;0.0;99.0;70.0;0.0;97.0;99.0;45.86465;6.164917;0.0;2026-10-10T19:15:00+02:00;2026-10-10T22:38:17+02:00;8238d2e49365
2026-10-11;plage_de_sevrier;ICONCH1;2026-10-11T06:00;7.9;10.1;343.0;12.1;0.0;100.0;70.0;0.0;100.0;100.0;45.86465;6.164917;0.0;2026-10-10T19:15:00+02:00;2026-10-10T22:38:17+02:00;8238d2e49365
2026-10-11;plage_de_sevrier;ICONCH1;2026-10-11T07:00;7.6;10.5;345.0;11.7;0.0;100.0;57.0;0.0;98.0;100.0;45.86465;6.164917;0.0;2026-10-10T19:15:00+02:00;2026-10-10T22:38:17+02:00;8238d2e49365
2026-10-11;plage_de_sevrier;ICONCH1;2026-10-11T08:00;6.5;9.7;339.0;11.5;0.0;100.0;68.0;0.0;100.0;100.0;45.86465;6.164917;0.0;2026-10-10T19:15:00+02:00;2026-10-10T22:38:17+02:00;8238d2e49365
2026-10-11;plage_de_sevrier;ICONCH1;2026-10-11T09:00;4.9;8.2;344.0;11.4;0.0;100.0;88.0;0.0;100.0;100.0;45.86465;6.164917;0.0;2026-10-10T19:15:00+02:00;2026-10-10T22:38:17+02:00;8238d2e49365
2026-10-11;plage_de_sevrier;ICONCH1;2026-10-11T10:00;4.7;7.2;341.0;11.6;0.0;100.0;86.0;87.0;100.0;100.0;45.86465;6.164917;0.0;2026-10-10T19:15:00+02:00;2026-10-10T22:38:17+02:00;8238d2e49365
2026-10-11;plage_de_sevrier;ICONCH1;2026-10-11T11:00;7.0;8.7;347.0;12.1;0.0;100.0;72.0;100.0;100.0;100.0;45.86465;6.164917;0.0;2026-10-10T19:15:00+02:00;2026-10-10T22:38:17+02:00;8238d2e49365
2026-10-11;plage_de_sevrier;ICONCH1;2026-10-11T12:00;6.1;8.7;354.0;12.9;0.0;100.0;30.0;100.0;100.0;100.0;45.86465;6.164917;0.0;2026-10-10T19:15:00+02:00;2026-10-10T22:38:17+02:00;8238d2e49365
2026-10-11;plage_de_sevrier;ICONCH1;2026-10-11T13:00;5.8;8.2;346.0;14.0;0.0;86.0;3.0;84.0;10.0;86.0;45.86465;6.164917;0.0;2026-10-10T19:15:00+02:00;2026-10-10T22:38:17+02:00;8238d2e49365
2026-10-11;plage_de_sevrier;ICONCH1;2026-10-11T14:00;5.4;7.4;339.0;14.7;0.0;78.0;0.0;67.0;36.0;78.0;45.86465;6.164917;0.0;2026-10-10T19:15:00+02:00;2026-10-10T22:38:17+02:00;8238d2e49365
2026-10-11;plage_de_sevrier;ICONCH1;2026-10-11T15:00;4.5;7.0;326.0;15.3;0.0;97.0;0.0;61.0;89.0;97.0;45.86465;6.164917;0.0;2026-10-10T19:15:00+02:00;2026-10-10T22:38:17+02:00;8238d2e49365
2026-10-11;plage_de_sevrier;ICONCH1;2026-10-11T16:00;5.2;6.8;301.0;15.9;0.0;100.0;0.0;7.0;100.0;100.0;45.86465;6.164917;0.0;2026-10-10T19:15:00+02:00;2026-10-10T22:38:17+02:00;8238d2e49365
2026-10-11;plage_de_sevrier;ICONCH1;2026-10-11T17:00;5.5;7.6;288.0;16.1;0.0;100.0;0.0;60.0;100.0;100.0;45.86465;6.164917;0.0;2026-10-10T19:15:00+02:00;2026-10-10T22:38:17+02:00;8238d2e49365
2026-10-11;plage_de_sevrier;ICONCH1;2026-10-11T18:00;7.2;9.1;308.0;16.0;0.0;100.0;45.0;45.0;100.0;100.0;45.86465;6.164917;0.0;2026-10-10T19:15:00+02:00;2026-10-10T22:38:17+02:00;8238d2e49365
2026-10-11;plage_de_sevrier;ICONCH1;2026-10-11T19:00;5.0;9.9;318.0;15.1;0.0;100.0;39.0;100.0;100.0;100.0;45.86465;6.164917;0.0;2026-10-10T19:15:00+02:00;2026-10-10T22:38:17+02:00;8238d2e49365
2026-10-11;plage_de_sevrier;ICONCH1;2026-10-11T20:00;3.8;6.6;325.0;15.0;0.0;97.0;0.0;97.0;85.0;97.0;45.86465;6.164917;0.0;2026-10-10T19:15:00+02:00;2026-10-10T22:38:17+02:00;8238d2e49365
2026-10-11;plage_de_sevrier;ICONCH1;2026-10-11T21:00;3.9;5.4;342.0;14.4;0.0;56.0;0.0;56.0;0.0;56.0;45.86465;6.164917;0.0;2026-10-10T19:15:00+02:00;2026-10-10T22:38:17+02:00;8238d2e49365
2026-10-11;plage_de_sevrier;ICONCH1;2026-10-11T22:00;4.7;6.2;351.0;13.4;0.0;74.0;0.0;74.0;0.0;74.0;45.86465;6.164917;0.0;2026-10-10T19:15:00+02:00;2026-10-10T22:38:17+02:00;8238d2e49365
2026-10-11;plage_de_sevrier;ICONCH1;2026-10-11T23:00;5.7;7.2;344.0;12.8;0.0;68.0;0.0;68.0;0.0;68.0;45.86465;6.164917;0.0;2026-10-10T19:15:00+02:00;2026-10-10T22:38:17+02:00;8238d2e49365
2026-10-11;plage_de_sevrier;ICONCH1;2026-10-12T00:00;3.5;7.2;351.0;12.6;0.0;69.0;0.0;69.0;0.0;69.0;45.86465;6.164917;0.0;2026-10-10T19:15:00+02:00;2026-10-10T22:38:17+02:00;8238d2e49365
2026-10-11;pont_darciat;AROMEHD;2026-10-11T01:00;1.7;2.5;216.0;9.3;0.0;;100.0;0.0;0.0;100.0;46.25;4.8099995;169.0;2026-10-10T19:15:00+02:00;2026-10-10T22:38:17+02:00;8238d2e49365
2026-10-11;pont_darciat;AROMEHD;2026-10-11T02:00;5.7;7.8;301.0;11.4;0.0;;9.0;0.0;0.0;9.0;46.25;4.8099995;169.0;2026-10-10T19:15:00+02:00;2026-10-10T22:38:17+02:00;8238d2e49365
2026-10-11;pont_darciat;AROMEHD;2026-10-11T03:00;6.2;9.9;302.0;11.2;0.0;;13.0;0.0;0.0;13.0;46.25;4.8099995;169.0;2026-10-10T19:15:00+02:00;2026-10-10T22:38:17+02:00;8238d2e49365
2026-10-11;pont_darciat;AROMEHD;2026-10-11T04:00;2.9;8.6;127.0;9.0;0.0;;25.0;0.0;100.0;100.0;46.25;4.8099995;169.0;2026-10-10T19:15:00+02:00;2026-10-10T22:38:17+02:00;8238d2e49365
2026-10-11;pont_darciat;AROMEHD;2026-10-11T05:00;2.6;4.9;171.0;7.7;0.0;;69.0;0.0;100.0;100.0;46.25;4.8099995;169.0;2026-10-10T19:15:00+02:00;2026-10-10T22:38:17+02:00;8238d2e49365
2026-10-11;pont_darciat;AROMEHD;2026-10-11T06:00;1.7;3.1;144.0;7.7;0.0;;29.0;0.0;100.0;100.0;46.25;4.8099995;169.0;2026-10-10T19:15:00+02:00;2026-10-10T22:38:17+02:00;8238d2e49365
2026-10-11;pont_darciat;AROMEHD;2026-10-11T07:00;1.1;1.2;211.0;7.4;0.0;;3.0;0.0;100.0;100.0;46.25;4.8099995;169.0;2026-10-10T19:15:00+02:00;2026-10-10T22:38:17+02:00;8238d2e49365
2026-10-11;pont_darciat;AROMEHD;2026-10-11T08:00;2.1;2.1;202.0;6.7;0.0;;6.0;0.0;100.0;100.0;46.25;4.8099995;169.0;2026-10-10T19:15:00+02:00;2026-10-10T22:38:17+02:00;8238d2e49365
2026-10-11;pont_darciat;AROMEHD;2026-10-11T09:00;1.6;2.1;187.0;7.3;0.0;;11.0;0.0;100.0;100.0;46.25;4.8099995;169.0;2026-10-10T19:15:00+02:00;2026-10-10T22:38:17+02:00;8238d2e49365
2026-10-11;pont_darciat;AROMEHD;2026-10-11T10:00;1.8;2.7;186.0;8.7;0.0;;1.0;0.0;100.0;100.0;46.25;4.8099995;169.0;2026-10-10T19:15:00+02:00;2026-10-10T22:38:17+02:00;8238d2e49365
2026-10-11;pont_darciat;AROMEHD;2026-10-11T11:00;1.8;3.7;162.0;10.9;0.0;;0.0;100.0;100.0;100.0;46.25;4.8099995;169.0;2026-10-10T19:15:00+02:00;2026-10-10T22:38:17+02:00;8238d2e49365
2026-10-11;pont_darciat;AROMEHD;2026-10-11T12:00;1.6;3.5;210.0;12.4;0.0;;0.0;100.0;100.0;100.0;46.25;4.8099995;169.0;2026-10-10T19:15:00+02:00;2026-10-10T22:38:17+02:00;8238d2e49365
2026-10-11;pont_darciat;AROMEHD;2026-10-11T13:00;1.8;5.4;6.0;14.6;0.0;;29.0;35.0;100.0;100.0;46.25;4.8099995;169.0;2026-10-10T19:15:00+02:00;2026-10-10T22:38:17+02:00;8238d2e49365
2026-10-11;pont_darciat;AROMEHD;2026-10-11T14:00;5.4;10.3;339.0;15.8;0.0;;28.0;99.0;100.0;100.0;46.25;4.8099995;169.0;2026-10-10T19:15:00+02:00;2026-10-10T22:38:17+02:00;8238d2e49365
2026-10-11;pont_darciat;AROMEHD;2026-10-11T15:00;6.0;10.7;339.0;16.0;0.0;;94.0;100.0;100.0;100.0;46.25;4.8099995;169.0;2026-10-10T19:15:00+02:00;2026-10-10T22:38:17+02:00;8238d2e49365
2026-10-11;pont_darciat;AROMEHD;2026-10-11T16:00;6.9;11.3;335.0;16.0;0.0;;1.0;100.0;100.0;100.0;46.25;4.8099995;169.0;2026-10-10T19:15:00+02:00;2026-10-10T22:38:17+02:00;8238d2e49365
2026-10-11;pont_darciat;AROMEHD;2026-10-11T17:00;4.5;10.9;360.0;15.8;0.0;;0.0;100.0;100.0;100.0;46.25;4.8099995;169.0;2026-10-10T19:15:00+02:00;2026-10-10T22:38:17+02:00;8238d2e49365
2026-10-11;pont_darciat;AROMEHD;2026-10-11T18:00;3.0;7.4;345.0;15.4;0.0;;1.0;100.0;100.0;100.0;46.25;4.8099995;169.0;2026-10-10T19:15:00+02:00;2026-10-10T22:38:17+02:00;8238d2e49365
2026-10-11;pont_darciat;AROMEHD;2026-10-11T19:00;2.8;5.1;78.0;14.2;0.0;;0.0;100.0;49.0;100.0;46.25;4.8099995;169.0;2026-10-10T19:15:00+02:00;2026-10-10T22:38:17+02:00;8238d2e49365
2026-10-11;pont_darciat;AROMEHD;2026-10-11T20:00;2.0;3.1;349.0;13.1;0.0;;0.0;100.0;100.0;100.0;46.25;4.8099995;169.0;2026-10-10T19:15:00+02:00;2026-10-10T22:38:17+02:00;8238d2e49365
2026-10-11;pont_darciat;AROMEHD;2026-10-11T21:00;2.3;2.5;318.0;12.1;0.0;;0.0;100.0;19.0;100.0;46.25;4.8099995;169.0;2026-10-10T19:15:00+02:00;2026-10-10T22:38:17+02:00;8238d2e49365
2026-10-11;pont_darciat;AROMEHD;2026-10-11T22:00;2.8;3.1;321.0;11.4;0.0;;0.0;100.0;0.0;100.0;46.25;4.8099995;169.0;2026-10-10T19:15:00+02:00;2026-10-10T22:38:17+02:00;8238d2e49365
2026-10-11;pont_darciat;AROMEHD;2026-10-11T23:00;2.3;3.3;340.0;10.9;0.0;;0.0;92.0;0.0;92.0;46.25;4.8099995;169.0;2026-10-10T19:15:00+02:00;2026-10-10T22:38:17+02:00;8238d2e49365
2026-10-11;pont_darciat;AROMEHD;2026-10-12T00:00;2.5;3.3;328.0;9.7;0.0;;0.0;1.0;0.0;1.0;46.25;4.8099995;169.0;2026-10-10T19:15:00+02:00;2026-10-10T22:38:17+02:00;8238d2e49365
2026-10-11;pont_darciat;ICONCH1;2026-10-11T01:00;0.7;2.3;124.0;11.2;0.0;52.0;52.0;0.0;0.0;52.0;46.25097;4.8050537;172.0;2026-10-10T19:15:00+02:00;2026-10-10T22:38:17+02:00;8238d2e49365
2026-10-11;pont_darciat;ICONCH1;2026-10-11T02:00;1.7;2.7;90.0;10.9;0.0;15.0;15.0;0.0;0.0;15.0;46.25097;4.8050537;172.0;2026-10-10T19:15:00+02:00;2026-10-10T22:38:17+02:00;8238d2e49365
2026-10-11;pont_darciat;ICONCH1;2026-10-11T03:00;1.1;3.5;45.0;10.1;0.0;100.0;0.0;0.0;100.0;100.0;46.25097;4.8050537;172.0;2026-10-10T19:15:00+02:00;2026-10-10T22:38:17+02:00;8238d2e49365
2026-10-11;pont_darciat;ICONCH1;2026-10-11T04:00;0.8;1.6;14.0;9.1;0.0;100.0;0.0;0.0;100.0;100.0;46.25097;4.8050537;172.0;2026-10-10T19:15:00+02:00;2026-10-10T22:38:17+02:00;8238d2e49365
2026-10-11;pont_darciat;ICONCH1;2026-10-11T05:00;1.8;2.5;186.0;7.7;0.0;100.0;0.0;0.0;100.0;100.0;46.25097;4.8050537;172.0;2026-10-10T19:15:00+02:00;2026-10-10T22:38:17+02:00;8238d2e49365
2026-10-11;pont_darciat;ICONCH1;2026-10-11T06:00;1.4;2.7;180.0;6.7;0.0;100.0;43.0;0.0;100.0;100.0;46.25097;4.8050537;172.0;2026-10-10T19:15:00+02:00;2026-10-10T22:38:17+02:00;8238d2e49365
2026-10-11;pont_darciat;ICONCH1;2026-10-11T07:00;0.9;2.1;243.0;6.7;0.0;100.0;36.0;0.0;100.0;100.0;46.25097;4.8050537;172.0;2026-10-10T19:15:00+02:00;2026-10-10T22:38:17+02:00;8238d2e49365
2026-10-11;pont_darciat;ICONCH1;2026-10-11T08:00;0.6;1.0;162.0;7.3;0.0;100.0;0.0;0.0;100.0;100.0;46.25097;4.8050537;172.0;2026-10-10T19:15:00+02:00;2026-10-10T22:38:17+02:00;8238d2e49365
2026-10-11;pont_darciat;ICONCH1;2026-10-11T09:00;1.0;1.4;233.0;7.6;0.0;100.0;0.0;94.0;100.0;100.0;46.25097;4.8050537;172.0;2026-10-10T19:15:00+02:00;2026-10-10T22:38:17+02:00;8238d2e49365
2026-10-11;pont_darciat;ICONCH1;2026-10-11T10:00;1.4;2.3;188.0;9.3;0.0;100.0;3.0;100.0;100.0;100.0;46.25097;4.8050537;172.0;2026-10-10T19:15:00+02:00;2026-10-10T22:38:17+02:00;8238d2e49365
2026-10-11;pont_darciat;ICONCH1;2026-10-11T11:00;0.5;2.5;135.0;11.3;0.0;100.0;0.0;100.0;100.0;100.0;46.25097;4.8050537;172.0;2026-10-10T19:15:00+02:00;2026-10-10T22:38:17+02:00;8238d2e49365
2026-10-11;pont_darciat;ICONCH1;2026-10-11T12:00;2.5;4.9;58.0;13.9;0.0;66.0;0.0;67.0;10.0;67.0;46.25097;4.8050537;172.0;2026-10-10T19:15:00+02:00;2026-10-10T22:38:17+02:00;8238d2e49365
2026-10-11;pont_darciat;ICONCH1;2026-10-11T13:00;6.3;10.3;351.0;16.0;0.0;47.0;37.0;0.0;17.0;47.0;46.25097;4.8050537;172.0;2026-10-10T19:15:00+02:00;2026-10-10T22:38:17+02:00;8238d2e49365
2026-10-11;pont_darciat;ICONCH1;2026-10-11T14:00;6.2;10.7;347.0;16.4;0.0;100.0;50.0;0.0;100.0;100.0;46.25097;4.8050537;172.0;2026-10-10T19:15:00+02:00;2026-10-10T22:38:17+02:00;8238d2e49365
2026-10-11;pont_darciat;ICONCH1;2026-10-11T15:00;6.7;10.9;338.0;16.6;0.0;100.0;41.0;0.0;100.0;100.0;46.25097;4.8050537;172.0;2026-10-10T19:15:00+02:00;2026-10-10T22:38:17+02:00;8238d2e49365
2026-10-11;pont_darciat;ICONCH1;2026-10-11T16:00;7.5;11.9;353.0;16.4;0.0;100.0;65.0;0.0;100.0;100.0;46.25097;4.8050537;172.0;2026-10-10T19:15:00+02:00;2026-10-10T22:38:17+02:00;8238d2e49365
2026-10-11;pont_darciat;ICONCH1;2026-10-11T17:00;6.5;13.6;333.0;16.1;0.0;100.0;11.0;5.0;100.0;100.0;46.25097;4.8050537;172.0;2026-10-10T19:15:00+02:00;2026-10-10T22:38:17+02:00;8238d2e49365
2026-10-11;pont_darciat;ICONCH1;2026-10-11T18:00;5.7;12.1;333.0;15.1;0.0;100.0;0.0;100.0;100.0;100.0;46.25097;4.8050537;172.0;2026-10-10T19:15:00+02:00;2026-10-10T22:38:17+02:00;8238d2e49365
2026-10-11;pont_darciat;ICONCH1;2026-10-11T19:00;3.4;8.4;336.0;13.5;0.0;95.0;0.0;90.0;88.0;95.0;46.25097;4.8050537;172.0;2026-10-10T19:15:00+02:00;2026-10-10T22:38:17+02:00;8238d2e49365
2026-10-11;pont_darciat;ICONCH1;2026-10-11T20:00;2.7;5.1;339.0;12.2;0.0;92.0;0.0;92.0;0.0;92.0;46.25097;4.8050537;172.0;2026-10-10T19:15:00+02:00;2026-10-10T22:38:17+02:00;8238d2e49365
2026-10-11;pont_darciat;ICONCH1;2026-10-11T21:00;2.7;4.3;8.0;11.2;0.0;81.0;10.0;75.0;0.0;81.0;46.25097;4.8050537;172.0;2026-10-10T19:15:00+02:00;2026-10-10T22:38:17+02:00;8238d2e49365
2026-10-11;pont_darciat;ICONCH1;2026-10-11T22:00;3.3;4.9;357.0;10.5;0.0;72.0;7.0;67.0;0.0;72.0;46.25097;4.8050537;172.0;2026-10-10T19:15:00+02:00;2026-10-10T22:38:17+02:00;8238d2e49365
2026-10-11;pont_darciat;ICONCH1;2026-10-11T23:00;3.9;5.8;360.0;10.0;0.0;66.0;0.0;66.0;0.0;66.0;46.25097;4.8050537;172.0;2026-10-10T19:15:00+02:00;2026-10-10T22:38:17+02:00;8238d2e49365
2026-10-11;pont_darciat;ICONCH1;2026-10-12T00:00;4.0;6.2;349.0;9.8;0.0;65.0;0.0;65.0;0.0;65.0;46.25097;4.8050537;172.0;2026-10-10T19:15:00+02:00;2026-10-10T22:38:17+02:00;8238d2e49365
2026-10-11;pont_de_chavanay;AROMEHD;2026-10-11T01:00;5.8;9.5;312.0;14.3;0.0;;20.0;0.0;0.0;20.0;45.42;4.75;141.0;2026-10-10T19:15:00+02:00;2026-10-10T22:38:17+02:00;8238d2e49365
2026-10-11;pont_de_chavanay;AROMEHD;2026-10-11T02:00;6.1;10.3;318.0;13.6;0.0;;0.0;0.0;0.0;0.0;45.42;4.75;141.0;2026-10-10T19:15:00+02:00;2026-10-10T22:38:17+02:00;8238d2e49365
2026-10-11;pont_de_chavanay;AROMEHD;2026-10-11T03:00;5.4;10.1;316.0;13.0;0.0;;0.0;0.0;7.0;7.0;45.42;4.75;141.0;2026-10-10T19:15:00+02:00;2026-10-10T22:38:17+02:00;8238d2e49365
2026-10-11;pont_de_chavanay;AROMEHD;2026-10-11T04:00;4.8;9.7;313.0;12.5;0.0;;0.0;0.0;76.0;76.0;45.42;4.75;141.0;2026-10-10T19:15:00+02:00;2026-10-10T22:38:17+02:00;8238d2e49365
2026-10-11;pont_de_chavanay;AROMEHD;2026-10-11T05:00;6.1;10.9;310.0;12.6;0.0;;0.0;0.0;100.0;100.0;45.42;4.75;141.0;2026-10-10T19:15:00+02:00;2026-10-10T22:38:17+02:00;8238d2e49365
2026-10-11;pont_de_chavanay;AROMEHD;2026-10-11T06:00;3.4;11.7;329.0;12.3;0.0;;0.0;0.0;100.0;100.0;45.42;4.75;141.0;2026-10-10T19:15:00+02:00;2026-10-10T22:38:17+02:00;8238d2e49365
2026-10-11;pont_de_chavanay;AROMEHD;2026-10-11T07:00;2.0;7.0;151.0;10.2;0.0;;0.0;0.0;100.0;100.0;45.42;4.75;141.0;2026-10-10T19:15:00+02:00;2026-10-10T22:38:17+02:00;8238d2e49365
2026-10-11;pont_de_chavanay;AROMEHD;2026-10-11T08:00;2.2;3.1;128.0;9.7;0.0;;0.0;0.0;100.0;100.0;45.42;4.75;141.0;2026-10-10T19:15:00+02:00;2026-10-10T22:38:17+02:00;8238d2e49365
2026-10-11;pont_de_chavanay;AROMEHD;2026-10-11T09:00;2.9;4.1;127.0;10.1;0.0;;0.0;0.0;99.0;99.0;45.42;4.75;141.0;2026-10-10T19:15:00+02:00;2026-10-10T22:38:17+02:00;8238d2e49365
2026-10-11;pont_de_chavanay;AROMEHD;2026-10-11T10:00;0.6;3.9;360.0;11.9;0.0;;0.0;0.0;100.0;100.0;45.42;4.75;141.0;2026-10-10T19:15:00+02:00;2026-10-10T22:38:17+02:00;8238d2e49365
2026-10-11;pont_de_chavanay;AROMEHD;2026-10-11T11:00;5.4;10.5;35.0;14.9;0.0;;9.0;66.0;96.0;96.0;45.42;4.75;141.0;2026-10-10T19:15:00+02:00;2026-10-10T22:38:17+02:00;8238d2e49365
2026-10-11;pont_de_chavanay;AROMEHD;2026-10-11T12:00;6.6;12.8;15.0;15.7;0.0;;6.0;89.0;100.0;100.0;45.42;4.75;141.0;2026-10-10T19:15:00+02:00;2026-10-10T22:38:17+02:00;8238d2e49365
2026-10-11;pont_de_chavanay;AROMEHD;2026-10-11T13:00;7.1;14.2;9.0;16.4;0.0;;74.0;99.0;100.0;100.0;45.42;4.75;141.0;2026-10-10T19:15:00+02:00;2026-10-10T22:38:17+02:00;8238d2e49365
2026-10-11;pont_de_chavanay;AROMEHD;2026-10-11T14:00;7.2;15.2;19.0;16.7;0.0;;34.0;92.0;100.0;100.0;45.42;4.75;141.0;2026-10-10T19:15:00+02:00;2026-10-10T22:38:17+02:00;8238d2e49365
2026-10-11;pont_de_chavanay;AROMEHD;2026-10-11T15:00;7.4;14.4;23.0;17.1;0.0;;41.0;18.0;100.0;100.0;45.42;4.75;141.0;2026-10-10T19:15:00+02:00;2026-10-10T22:38:17+02:00;8238d2e49365
2026-10-11;pont_de_chavanay;AROMEHD;2026-10-11T16:00;7.6;14.8;18.0;17.0;0.0;;7.0;13.0;100.0;100.0;45.42;4.75;141.0;2026-10-10T19:15:00+02:00;2026-10-10T22:38:17+02:00;8238d2e49365
2026-10-11;pont_de_chavanay;AROMEHD;2026-10-11T17:00;7.1;14.2;21.0;16.7;0.0;;15.0;33.0;100.0;100.0;45.42;4.75;141.0;2026-10-10T19:15:00+02:00;2026-10-10T22:38:17+02:00;8238d2e49365
2026-10-11;pont_de_chavanay;AROMEHD;2026-10-11T18:00;5.7;12.6;6.0;16.5;0.0;;0.0;99.0;99.0;99.0;45.42;4.75;141.0;2026-10-10T19:15:00+02:00;2026-10-10T22:38:17+02:00;8238d2e49365
2026-10-11;pont_de_chavanay;AROMEHD;2026-10-11T19:00;4.5;10.5;350.0;15.6;0.0;;0.0;17.0;100.0;100.0;45.42;4.75;141.0;2026-10-10T19:15:00+02:00;2026-10-10T22:38:17+02:00;8238d2e49365
2026-10-11;pont_de_chavanay;AROMEHD;2026-10-11T20:00;5.1;8.4;342.0;14.2;0.0;;0.0;76.0;25.0;76.0;45.42;4.75;141.0;2026-10-10T19:15:00+02:00;2026-10-10T22:38:17+02:00;8238d2e49365
2026-10-11;pont_de_chavanay;AROMEHD;2026-10-11T21:00;5.6;9.1;335.0;13.9;0.0;;0.0;100.0;100.0;100.0;45.42;4.75;141.0;2026-10-10T19:15:00+02:00;2026-10-10T22:38:17+02:00;8238d2e49365
2026-10-11;pont_de_chavanay;AROMEHD;2026-10-11T22:00;6.0;10.1;331.0;13.6;0.0;;0.0;25.0;0.0;25.0;45.42;4.75;141.0;2026-10-10T19:15:00+02:00;2026-10-10T22:38:17+02:00;8238d2e49365
2026-10-11;pont_de_chavanay;AROMEHD;2026-10-11T23:00;6.0;10.5;327.0;13.2;0.0;;0.0;0.0;0.0;0.0;45.42;4.75;141.0;2026-10-10T19:15:00+02:00;2026-10-10T22:38:17+02:00;8238d2e49365
2026-10-11;pont_de_chavanay;AROMEHD;2026-10-12T00:00;6.8;11.5;321.0;13.0;0.0;;0.0;0.0;0.0;0.0;45.42;4.75;141.0;2026-10-10T19:15:00+02:00;2026-10-10T22:38:17+02:00;8238d2e49365
2026-10-11;pont_de_chavanay;ICONCH1;2026-10-11T01:00;2.1;8.6;355.0;12.8;0.0;24.0;24.0;0.0;0.0;24.0;45.416153;4.741211;147.0;2026-10-10T19:15:00+02:00;2026-10-10T22:38:17+02:00;8238d2e49365
2026-10-11;pont_de_chavanay;ICONCH1;2026-10-11T02:00;3.7;5.4;302.0;12.1;0.0;0.0;0.0;0.0;0.0;0.0;45.416153;4.741211;147.0;2026-10-10T19:15:00+02:00;2026-10-10T22:38:17+02:00;8238d2e49365
2026-10-11;pont_de_chavanay;ICONCH1;2026-10-11T03:00;6.1;9.3;307.0;12.7;0.0;53.0;0.0;0.0;53.0;53.0;45.416153;4.741211;147.0;2026-10-10T19:15:00+02:00;2026-10-10T22:38:17+02:00;8238d2e49365
2026-10-11;pont_de_chavanay;ICONCH1;2026-10-11T04:00;8.4;12.6;304.0;13.0;0.0;100.0;0.0;0.0;100.0;100.0;45.416153;4.741211;147.0;2026-10-10T19:15:00+02:00;2026-10-10T22:38:17+02:00;8238d2e49365
2026-10-11;pont_de_chavanay;ICONCH1;2026-10-11T05:00;3.2;12.6;327.0;11.7;0.0;100.0;0.0;0.0;100.0;100.0;45.416153;4.741211;147.0;2026-10-10T19:15:00+02:00;2026-10-10T22:38:17+02:00;8238d2e49365
2026-10-11;pont_de_chavanay;ICONCH1;2026-10-11T06:00;1.4;4.9;8.0;10.0;0.0;100.0;0.0;0.0;100.0;100.0;45.416153;4.741211;147.0;2026-10-10T19:15:00+02:00;2026-10-10T22:38:17+02:00;8238d2e49365
2026-10-11;pont_de_chavanay;ICONCH1;2026-10-11T07:00;1.4;2.1;98.0;8.9;0.0;100.0;0.0;0.0;100.0;100.0;45.416153;4.741211;147.0;2026-10-10T19:15:00+02:00;2026-10-10T22:38:17+02:00;8238d2e49365
2026-10-11;pont_de_chavanay;ICONCH1;2026-10-11T08:00;2.1;3.1;124.0;8.1;0.0;100.0;7.0;15.0;100.0;100.0;45.416153;4.741211;147.0;2026-10-10T19:15:00+02:00;2026-10-10T22:38:17+02:00;8238d2e49365
2026-10-11;pont_de_chavanay;ICONCH1;2026-10-11T09:00;2.5;3.7;141.0;9.9;0.0;94.0;0.0;73.0;90.0;94.0;45.416153;4.741211;147.0;2026-10-10T19:15:00+02:00;2026-10-10T22:38:17+02:00;8238d2e49365
2026-10-11;pont_de_chavanay;ICONCH1;2026-10-11T10:00;2.4;3.7;104.0;12.2;0.0;85.0;0.0;83.0;57.0;85.0;45.416153;4.741211;147.0;2026-10-10T19:15:00+02:00;2026-10-10T22:38:17+02:00;8238d2e49365
2026-10-11;pont_de_chavanay;ICONCH1;2026-10-11T11:00;7.4;11.5;348.0;15.5;0.0;100.0;0.0;70.0;100.0;100.0;45.416153;4.741211;147.0;2026-10-10T19:15:00+02:00;2026-10-10T22:38:17+02:00;8238d2e49365
2026-10-11;pont_de_chavanay;ICONCH1;2026-10-11T12:00;8.2;12.6;14.0;16.2;0.0;100.0;25.0;65.0;100.0;100.0;45.416153;4.741211;147.0;2026-10-10T19:15:00+02:00;2026-10-10T22:38:17+02:00;8238d2e49365
2026-10-11;pont_de_chavanay;ICONCH1;2026-10-11T13:00;8.8;13.8;22.0;16.7;0.0;100.0;38.0;66.0;100.0;100.0;45.416153;4.741211;147.0;2026-10-10T19:15:00+02:00;2026-10-10T22:38:17+02:00;8238d2e49365
2026-10-11;pont_de_chavanay;ICONCH1;2026-10-11T14:00;7.6;14.2;18.0;16.7;0.0;100.0;57.0;65.0;100.0;100.0;45.416153;4.741211;147.0;2026-10-10T19:15:00+02:00;2026-10-10T22:38:17+02:00;8238d2e49365
2026-10-11;pont_de_chavanay;ICONCH1;2026-10-11T15:00;9.2;14.2;25.0;17.2;0.0;100.0;50.0;72.0;100.0;100.0;45.416153;4.741211;147.0;2026-10-10T19:15:00+02:00;2026-10-10T22:38:17+02:00;8238d2e49365
2026-10-11;pont_de_chavanay;ICONCH1;2026-10-11T16:00;8.3;14.6;27.0;17.3;0.0;98.0;60.0;70.0;87.0;98.0;45.416153;4.741211;147.0;2026-10-10T19:15:00+02:00;2026-10-10T22:38:17+02:00;8238d2e49365
2026-10-11;pont_de_chavanay;ICONCH1;2026-10-11T17:00;8.3;13.6;27.0;17.3;0.0;100.0;62.0;75.0;100.0;100.0;45.416153;4.741211;147.0;2026-10-10T19:15:00+02:00;2026-10-10T22:38:17+02:00;8238d2e49365
2026-10-11;pont_de_chavanay;ICONCH1;2026-10-11T18:00;7.0;12.4;14.0;16.8;0.0;100.0;49.0;86.0;100.0;100.0;45.416153;4.741211;147.0;2026-10-10T19:15:00+02:00;2026-10-10T22:38:17+02:00;8238d2e49365
2026-10-11;pont_de_chavanay;ICONCH1;2026-10-11T19:00;4.1;10.7;355.0;15.9;0.0;99.0;39.0;95.0;89.0;99.0;45.416153;4.741211;147.0;2026-10-10T19:15:00+02:00;2026-10-10T22:38:17+02:00;8238d2e49365
2026-10-11;pont_de_chavanay;ICONCH1;2026-10-11T20:00;4.7;7.0;341.0;14.7;0.0;91.0;10.0;86.0;0.0;91.0;45.416153;4.741211;147.0;2026-10-10T19:15:00+02:00;2026-10-10T22:38:17+02:00;8238d2e49365
2026-10-11;pont_de_chavanay;ICONCH1;2026-10-11T21:00;4.3;7.4;330.0;14.2;0.0;75.0;0.0;75.0;0.0;75.0;45.416153;4.741211;147.0;2026-10-10T19:15:00+02:00;2026-10-10T22:38:17+02:00;8238d2e49365
2026-10-11;pont_de_chavanay;ICONCH1;2026-10-11T22:00;4.3;6.8;294.0;13.3;0.0;80.0;26.0;66.0;0.0;80.0;45.416153;4.741211;147.0;2026-10-10T19:15:00+02:00;2026-10-10T22:38:17+02:00;8238d2e49365
2026-10-11;pont_de_chavanay;ICONCH1;2026-10-11T23:00;3.1;6.8;300.0;12.8;0.0;41.0;0.0;41.0;0.0;41.0;45.416153;4.741211;147.0;2026-10-10T19:15:00+02:00;2026-10-10T22:38:17+02:00;8238d2e49365
2026-10-11;pont_de_chavanay;ICONCH1;2026-10-12T00:00;3.4;5.4;313.0;13.0;0.0;37.0;0.0;37.0;0.0;37.0;45.416153;4.741211;147.0;2026-10-10T19:15:00+02:00;2026-10-10T22:38:17+02:00;8238d2e49365
2026-10-11;portes_les_valence;AROMEHD;2026-10-11T01:00;8.5;16.5;9.0;14.6;0.0;;4.0;0.0;0.0;4.0;44.87;4.8599987;101.0;2026-10-10T19:15:00+02:00;2026-10-10T22:38:17+02:00;8238d2e49365
2026-10-11;portes_les_valence;AROMEHD;2026-10-11T02:00;7.8;14.4;13.0;13.8;0.0;;0.0;0.0;0.0;0.0;44.87;4.8599987;101.0;2026-10-10T19:15:00+02:00;2026-10-10T22:38:17+02:00;8238d2e49365
2026-10-11;portes_les_valence;AROMEHD;2026-10-11T03:00;8.4;14.2;13.0;13.2;0.0;;0.0;0.0;0.0;0.0;44.87;4.8599987;101.0;2026-10-10T19:15:00+02:00;2026-10-10T22:38:17+02:00;8238d2e49365
2026-10-11;portes_les_valence;AROMEHD;2026-10-11T04:00;8.1;14.0;15.0;12.6;0.0;;0.0;0.0;100.0;100.0;44.87;4.8599987;101.0;2026-10-10T19:15:00+02:00;2026-10-10T22:38:17+02:00;8238d2e49365
2026-10-11;portes_les_valence;AROMEHD;2026-10-11T05:00;8.2;13.6;12.0;12.2;0.0;;0.0;0.0;100.0;100.0;44.87;4.8599987;101.0;2026-10-10T19:15:00+02:00;2026-10-10T22:38:17+02:00;8238d2e49365
2026-10-11;portes_les_valence;AROMEHD;2026-10-11T06:00;7.5;13.6;10.0;12.0;0.0;;0.0;0.0;100.0;100.0;44.87;4.8599987;101.0;2026-10-10T19:15:00+02:00;2026-10-10T22:38:17+02:00;8238d2e49365
2026-10-11;portes_les_valence;AROMEHD;2026-10-11T07:00;8.6;15.0;13.0;12.0;0.0;;0.0;0.0;100.0;100.0;44.87;4.8599987;101.0;2026-10-10T19:15:00+02:00;2026-10-10T22:38:17+02:00;8238d2e49365
2026-10-11;portes_les_valence;AROMEHD;2026-10-11T08:00;8.6;15.0;18.0;11.4;0.0;;0.0;0.0;100.0;100.0;44.87;4.8599987;101.0;2026-10-10T19:15:00+02:00;2026-10-10T22:38:17+02:00;8238d2e49365
2026-10-11;portes_les_valence;AROMEHD;2026-10-11T09:00;9.8;16.9;6.0;11.9;0.0;;0.0;0.0;100.0;100.0;44.87;4.8599987;101.0;2026-10-10T19:15:00+02:00;2026-10-10T22:38:17+02:00;8238d2e49365
2026-10-11;portes_les_valence;AROMEHD;2026-10-11T10:00;9.5;17.1;12.0;12.9;0.0;;0.0;0.0;100.0;100.0;44.87;4.8599987;101.0;2026-10-10T19:15:00+02:00;2026-10-10T22:38:17+02:00;8238d2e49365
2026-10-11;portes_les_valence;AROMEHD;2026-10-11T11:00;10.0;17.7;6.0;14.1;0.0;;0.0;0.0;89.0;89.0;44.87;4.8599987;101.0;2026-10-10T19:15:00+02:00;2026-10-10T22:38:17+02:00;8238d2e49365
2026-10-11;portes_les_valence;AROMEHD;2026-10-11T12:00;12.6;22.2;13.0;15.6;0.0;;1.0;0.0;100.0;100.0;44.87;4.8599987;101.0;2026-10-10T19:15:00+02:00;2026-10-10T22:38:17+02:00;8238d2e49365
2026-10-11;portes_les_valence;AROMEHD;2026-10-11T13:00;14.2;24.9;9.0;16.4;0.0;;6.0;0.0;100.0;100.0;44.87;4.8599987;101.0;2026-10-10T19:15:00+02:00;2026-10-10T22:38:17+02:00;8238d2e49365
2026-10-11;portes_les_valence;AROMEHD;2026-10-11T14:00;14.6;25.5;10.0;16.9;0.0;;0.0;2.0;100.0;100.0;44.87;4.8599987;101.0;2026-10-10T19:15:00+02:00;2026-10-10T22:38:17+02:00;8238d2e49365
2026-10-11;portes_les_valence;AROMEHD;2026-10-11T15:00;13.5;25.3;7.0;17.2;0.0;;0.0;15.0;100.0;100.0;44.87;4.8599987;101.0;2026-10-10T19:15:00+02:00;2026-10-10T22:38:17+02:00;8238d2e49365
2026-10-11;portes_les_valence;AROMEHD;2026-10-11T16:00;13.7;25.1;8.0;17.1;0.0;;0.0;100.0;100.0;100.0;44.87;4.8599987;101.0;2026-10-10T19:15:00+02:00;2026-10-10T22:38:17+02:00;8238d2e49365
2026-10-11;portes_les_valence;AROMEHD;2026-10-11T17:00;13.6;24.7;10.0;16.8;0.0;;0.0;87.0;100.0;100.0;44.87;4.8599987;101.0;2026-10-10T19:15:00+02:00;2026-10-10T22:38:17+02:00;8238d2e49365
2026-10-11;portes_les_valence;AROMEHD;2026-10-11T18:00;12.8;24.3;10.0;16.3;0.0;;0.0;98.0;100.0;100.0;44.87;4.8599987;101.0;2026-10-10T19:15:00+02:00;2026-10-10T22:38:17+02:00;8238d2e49365
2026-10-11;portes_les_valence;AROMEHD;2026-10-11T19:00;11.6;22.7;8.0;15.7;0.0;;0.0;25.0;4.0;25.0;44.87;4.8599987;101.0;2026-10-10T19:15:00+02:00;2026-10-10T22:38:17+02:00;8238d2e49365
2026-10-11;portes_les_valence;AROMEHD;2026-10-11T20:00;9.7;20.0;3.0;14.8;0.0;;0.0;0.0;23.0;23.0;44.87;4.8599987;101.0;2026-10-10T19:15:00+02:00;2026-10-10T22:38:17+02:00;8238d2e49365
2026-10-11;portes_les_valence;AROMEHD;2026-10-11T21:00;8.5;17.1;12.0;14.1;0.0;;0.0;27.0;19.0;27.0;44.87;4.8599987;101.0;2026-10-10T19:15:00+02:00;2026-10-10T22:38:17+02:00;8238d2e49365
2026-10-11;portes_les_valence;AROMEHD;2026-10-11T22:00;8.5;15.0;12.0;13.4;0.0;;0.0;100.0;82.0;100.0;44.87;4.8599987;101.0;2026-10-10T19:15:00+02:00;2026-10-10T22:38:17+02:00;8238d2e49365
2026-10-11;portes_les_valence;AROMEHD;2026-10-11T23:00;8.7;14.8;9.0;12.8;0.0;;0.0;0.0;0.0;0.0;44.87;4.8599987;101.0;2026-10-10T19:15:00+02:00;2026-10-10T22:38:17+02:00;8238d2e49365
2026-10-11;portes_les_valence;AROMEHD;2026-10-12T00:00;8.1;14.6;11.0;12.2;0.0;;0.0;0.0;0.0;0.0;44.87;4.8599987;101.0;2026-10-10T19:15:00+02:00;2026-10-10T22:38:17+02:00;8238d2e49365
2026-10-11;portes_les_valence;ICONCH1;2026-10-11T01:00;10.2;16.7;13.0;14.1;0.0;70.0;58.0;25.0;0.0;70.0;44.870667;4.8635864;103.0;2026-10-10T19:15:00+02:00;2026-10-10T22:38:17+02:00;8238d2e49365
2026-10-11;portes_les_valence;ICONCH1;2026-10-11T02:00;9.6;16.7;7.0;13.3;0.0;42.0;32.0;37.0;0.0;42.0;44.870667;4.8635864;103.0;2026-10-10T19:15:00+02:00;2026-10-10T22:38:17+02:00;8238d2e49365
2026-10-11;portes_les_valence;ICONCH1;2026-10-11T03:00;9.5;15.0;4.0;12.7;0.0;100.0;16.0;0.0;100.0;100.0;44.870667;4.8635864;103.0;2026-10-10T19:15:00+02:00;2026-10-10T22:38:17+02:00;8238d2e49365
2026-10-11;portes_les_valence;ICONCH1;2026-10-11T04:00;8.8;14.8;8.0;12.0;0.0;100.0;0.0;0.0;100.0;100.0;44.870667;4.8635864;103.0;2026-10-10T19:15:00+02:00;2026-10-10T22:38:17+02:00;8238d2e49365
2026-10-11;portes_les_valence;ICONCH1;2026-10-11T05:00;9.4;14.8;6.0;11.3;0.0;100.0;0.0;0.0;100.0;100.0;44.870667;4.8635864;103.0;2026-10-10T19:15:00+02:00;2026-10-10T22:38:17+02:00;8238d2e49365
2026-10-11;portes_les_valence;ICONCH1;2026-10-11T06:00;8.9;14.8;10.0;11.1;0.0;100.0;0.0;0.0;100.0;100.0;44.870667;4.8635864;103.0;2026-10-10T19:15:00+02:00;2026-10-10T22:38:17+02:00;8238d2e49365
2026-10-11;portes_les_valence;ICONCH1;2026-10-11T07:00;9.2;14.4;7.0;10.7;0.0;100.0;0.0;0.0;100.0;100.0;44.870667;4.8635864;103.0;2026-10-10T19:15:00+02:00;2026-10-10T22:38:17+02:00;8238d2e49365
2026-10-11;portes_les_valence;ICONCH1;2026-10-11T08:00;10.5;16.3;12.0;10.6;0.0;100.0;0.0;89.0;100.0;100.0;44.870667;4.8635864;103.0;2026-10-10T19:15:00+02:00;2026-10-10T22:38:17+02:00;8238d2e49365
2026-10-11;portes_les_valence;ICONCH1;2026-10-11T09:00;10.7;16.7;16.0;11.0;0.0;98.0;0.0;83.0;96.0;98.0;44.870667;4.8635864;103.0;2026-10-10T19:15:00+02:00;2026-10-10T22:38:17+02:00;8238d2e49365
2026-10-11;portes_les_valence;ICONCH1;2026-10-11T10:00;12.4;19.8;14.0;12.3;0.0;100.0;0.0;86.0;100.0;100.0;44.870667;4.8635864;103.0;2026-10-10T19:15:00+02:00;2026-10-10T22:38:17+02:00;8238d2e49365
2026-10-11;portes_les_valence;ICONCH1;2026-10-11T11:00;14.6;23.3;9.0;13.9;0.0;87.0;0.0;70.0;58.0;87.0;44.870667;4.8635864;103.0;2026-10-10T19:15:00+02:00;2026-10-10T22:38:17+02:00;8238d2e49365
2026-10-11;portes_les_valence;ICONCH1;2026-10-11T12:00;15.2;24.5;11.0;15.5;0.0;100.0;5.0;67.0;100.0;100.0;44.870667;4.8635864;103.0;2026-10-10T19:15:00+02:00;2026-10-10T22:38:17+02:00;8238d2e49365
2026-10-11;portes_les_valence;ICONCH1;2026-10-11T13:00;16.5;26.2;12.0;16.3;0.0;100.0;0.0;74.0;100.0;100.0;44.870667;4.8635864;103.0;2026-10-10T19:15:00+02:00;2026-10-10T22:38:17+02:00;8238d2e49365
2026-10-11;portes_les_valence;ICONCH1;2026-10-11T14:00;15.8;26.8;6.0;16.8;0.0;100.0;0.0;73.0;100.0;100.0;44.870667;4.8635864;103.0;2026-10-10T19:15:00+02:00;2026-10-10T22:38:17+02:00;8238d2e49365
2026-10-11;portes_les_valence;ICONCH1;2026-10-11T15:00;16.3;26.4;8.0;17.3;0.0;99.0;0.0;68.0;97.0;99.0;44.870667;4.8635864;103.0;2026-10-10T19:15:00+02:00;2026-10-10T22:38:17+02:00;8238d2e49365
2026-10-11;portes_les_valence;ICONCH1;2026-10-11T16:00;14.8;25.9;14.0;17.3;0.0;100.0;0.0;80.0;100.0;100.0;44.870667;4.8635864;103.0;2026-10-10T19:15:00+02:00;2026-10-10T22:38:17+02:00;8238d2e49365
2026-10-11;portes_les_valence;ICONCH1;2026-10-11T17:00;14.4;23.7;14.0;17.2;0.0;100.0;0.0;86.0;100.0;100.0;44.870667;4.8635864;103.0;2026-10-10T19:15:00+02:00;2026-10-10T22:38:17+02:00;8238d2e49365
2026-10-11;portes_les_valence;ICONCH1;2026-10-11T18:00;13.0;22.9;10.0;16.8;0.0;100.0;0.0;68.0;100.0;100.0;44.870667;4.8635864;103.0;2026-10-10T19:15:00+02:00;2026-10-10T22:38:17+02:00;8238d2e49365
2026-10-11;portes_les_valence;ICONCH1;2026-10-11T19:00;10.5;20.4;2.0;15.9;0.0;100.0;0.0;83.0;100.0;100.0;44.870667;4.8635864;103.0;2026-10-10T19:15:00+02:00;2026-10-10T22:38:17+02:00;8238d2e49365
2026-10-11;portes_les_valence;ICONCH1;2026-10-11T20:00;10.1;16.1;3.0;15.0;0.0;79.0;0.0;79.0;0.0;79.0;44.870667;4.8635864;103.0;2026-10-10T19:15:00+02:00;2026-10-10T22:38:17+02:00;8238d2e49365
2026-10-11;portes_les_valence;ICONCH1;2026-10-11T21:00;10.0;17.5;8.0;14.3;0.0;78.0;0.0;78.0;0.0;78.0;44.870667;4.8635864;103.0;2026-10-10T19:15:00+02:00;2026-10-10T22:38:17+02:00;8238d2e49365
2026-10-11;portes_les_valence;ICONCH1;2026-10-11T22:00;8.1;15.6;11.0;13.6;0.0;38.0;0.0;38.0;0.0;38.0;44.870667;4.8635864;103.0;2026-10-10T19:15:00+02:00;2026-10-10T22:38:17+02:00;8238d2e49365
2026-10-11;portes_les_valence;ICONCH1;2026-10-11T23:00;8.4;13.8;13.0;12.6;0.0;26.0;0.0;26.0;0.0;26.0;44.870667;4.8635864;103.0;2026-10-10T19:15:00+02:00;2026-10-10T22:38:17+02:00;8238d2e49365
2026-10-11;portes_les_valence;ICONCH1;2026-10-12T00:00;8.4;13.6;8.0;11.8;0.0;0.0;0.0;0.0;0.0;0.0;44.870667;4.8635864;103.0;2026-10-10T19:15:00+02:00;2026-10-10T22:38:17+02:00;8238d2e49365
2026-10-11;roche_de_glun;AROMEHD;2026-10-11T01:00;2.9;9.1;352.0;14.2;0.0;;17.0;0.0;0.0;17.0;45.03;4.84;116.0;2026-10-10T19:15:00+02:00;2026-10-10T22:38:17+02:00;8238d2e49365
2026-10-11;roche_de_glun;AROMEHD;2026-10-11T02:00;2.0;5.6;17.0;12.7;0.0;;14.0;0.0;0.0;14.0;45.03;4.84;116.0;2026-10-10T19:15:00+02:00;2026-10-10T22:38:17+02:00;8238d2e49365
2026-10-11;roche_de_glun;AROMEHD;2026-10-11T03:00;2.8;5.1;344.0;11.8;0.0;;0.0;0.0;0.0;0.0;45.03;4.84;116.0;2026-10-10T19:15:00+02:00;2026-10-10T22:38:17+02:00;8238d2e49365
2026-10-11;roche_de_glun;AROMEHD;2026-10-11T04:00;2.8;6.4;12.0;11.3;0.0;;0.0;0.0;91.0;91.0;45.03;4.84;116.0;2026-10-10T19:15:00+02:00;2026-10-10T22:38:17+02:00;8238d2e49365
2026-10-11;roche_de_glun;AROMEHD;2026-10-11T05:00;2.1;4.5;49.0;10.1;0.0;;0.0;0.0;100.0;100.0;45.03;4.84;116.0;2026-10-10T19:15:00+02:00;2026-10-10T22:38:17+02:00;8238d2e49365
2026-10-11;roche_de_glun;AROMEHD;2026-10-11T06:00;1.7;3.1;360.0;9.7;0.0;;0.0;0.0;100.0;100.0;45.03;4.84;116.0;2026-10-10T19:15:00+02:00;2026-10-10T22:38:17+02:00;8238d2e49365
2026-10-11;roche_de_glun;AROMEHD;2026-10-11T07:00;3.5;6.0;341.0;9.9;0.0;;0.0;0.0;100.0;100.0;45.03;4.84;116.0;2026-10-10T19:15:00+02:00;2026-10-10T22:38:17+02:00;8238d2e49365
2026-10-11;roche_de_glun;AROMEHD;2026-10-11T08:00;3.8;7.0;345.0;10.1;0.0;;0.0;0.0;100.0;100.0;45.03;4.84;116.0;2026-10-10T19:15:00+02:00;2026-10-10T22:38:17+02:00;8238d2e49365
2026-10-11;roche_de_glun;AROMEHD;2026-10-11T09:00;3.9;8.0;351.0;10.9;0.0;;0.0;0.0;100.0;100.0;45.03;4.84;116.0;2026-10-10T19:15:00+02:00;2026-10-10T22:38:17+02:00;8238d2e49365
2026-10-11;roche_de_glun;AROMEHD;2026-10-11T10:00;4.7;10.3;2.0;12.6;0.0;;0.0;0.0;99.0;99.0;45.03;4.84;116.0;2026-10-10T19:15:00+02:00;2026-10-10T22:38:17+02:00;8238d2e49365
2026-10-11;roche_de_glun;AROMEHD;2026-10-11T11:00;5.7;12.6;344.0;14.5;0.0;;0.0;5.0;100.0;100.0;45.03;4.84;116.0;2026-10-10T19:15:00+02:00;2026-10-10T22:38:17+02:00;8238d2e49365
2026-10-11;roche_de_glun;AROMEHD;2026-10-11T12:00;7.4;16.9;358.0;15.6;0.0;;0.0;0.0;100.0;100.0;45.03;4.84;116.0;2026-10-10T19:15:00+02:00;2026-10-10T22:38:17+02:00;8238d2e49365
2026-10-11;roche_de_glun;AROMEHD;2026-10-11T13:00;8.8;19.0;3.0;16.6;0.0;;19.0;2.0;100.0;100.0;45.03;4.84;116.0;2026-10-10T19:15:00+02:00;2026-10-10T22:38:17+02:00;8238d2e49365
2026-10-11;roche_de_glun;AROMEHD;2026-10-11T14:00;8.9;19.4;9.0;17.1;0.0;;18.0;87.0;100.0;100.0;45.03;4.84;116.0;2026-10-10T19:15:00+02:00;2026-10-10T22:38:17+02:00;8238d2e49365
2026-10-11;roche_de_glun;AROMEHD;2026-10-11T15:00;9.2;19.0;13.0;17.1;0.0;;9.0;85.0;100.0;100.0;45.03;4.84;116.0;2026-10-10T19:15:00+02:00;2026-10-10T22:38:17+02:00;8238d2e49365
2026-10-11;roche_de_glun;AROMEHD;2026-10-11T16:00;8.8;19.4;13.0;17.0;0.0;;3.0;100.0;100.0;100.0;45.03;4.84;116.0;2026-10-10T19:15:00+02:00;2026-10-10T22:38:17+02:00;8238d2e49365
2026-10-11;roche_de_glun;AROMEHD;2026-10-11T17:00;8.3;18.3;12.0;16.5;0.0;;0.0;100.0;100.0;100.0;45.03;4.84;116.0;2026-10-10T19:15:00+02:00;2026-10-10T22:38:17+02:00;8238d2e49365
2026-10-11;roche_de_glun;AROMEHD;2026-10-11T18:00;7.2;17.5;5.0;16.1;0.0;;0.0;99.0;100.0;100.0;45.03;4.84;116.0;2026-10-10T19:15:00+02:00;2026-10-10T22:38:17+02:00;8238d2e49365
2026-10-11;roche_de_glun;AROMEHD;2026-10-11T19:00;5.5;15.4;356.0;15.2;0.0;;0.0;18.0;58.0;58.0;45.03;4.84;116.0;2026-10-10T19:15:00+02:00;2026-10-10T22:38:17+02:00;8238d2e49365
2026-10-11;roche_de_glun;AROMEHD;2026-10-11T20:00;4.6;11.1;340.0;13.9;0.0;;0.0;0.0;30.0;30.0;45.03;4.84;116.0;2026-10-10T19:15:00+02:00;2026-10-10T22:38:17+02:00;8238d2e49365
2026-10-11;roche_de_glun;AROMEHD;2026-10-11T21:00;4.3;9.3;342.0;13.2;0.0;;0.0;100.0;94.0;100.0;45.03;4.84;116.0;2026-10-10T19:15:00+02:00;2026-10-10T22:38:17+02:00;8238d2e49365
2026-10-11;roche_de_glun;AROMEHD;2026-10-11T22:00;4.2;8.2;347.0;12.5;0.0;;0.0;19.0;0.0;19.0;45.03;4.84;116.0;2026-10-10T19:15:00+02:00;2026-10-10T22:38:17+02:00;8238d2e49365
2026-10-11;roche_de_glun;AROMEHD;2026-10-11T23:00;4.3;8.6;355.0;11.9;0.0;;0.0;0.0;0.0;0.0;45.03;4.84;116.0;2026-10-10T19:15:00+02:00;2026-10-10T22:38:17+02:00;8238d2e49365
2026-10-11;roche_de_glun;AROMEHD;2026-10-12T00:00;4.3;8.9;350.0;11.4;0.0;;0.0;0.0;0.0;0.0;45.03;4.84;116.0;2026-10-10T19:15:00+02:00;2026-10-10T22:38:17+02:00;8238d2e49365
2026-10-11;roche_de_glun;ICONCH1;2026-10-11T01:00;5.2;13.2;360.0;13.8;0.0;86.0;77.0;36.0;0.0;86.0;45.020344;4.8496704;118.0;2026-10-10T19:15:00+02:00;2026-10-10T22:38:17+02:00;8238d2e49365
2026-10-11;roche_de_glun;ICONCH1;2026-10-11T02:00;3.8;8.4;348.0;12.9;0.0;43.0;43.0;0.0;0.0;43.0;45.020344;4.8496704;118.0;2026-10-10T19:15:00+02:00;2026-10-10T22:38:17+02:00;8238d2e49365
2026-10-11;roche_de_glun;ICONCH1;2026-10-11T03:00;3.8;6.2;339.0;11.9;0.0;100.0;4.0;0.0;100.0;100.0;45.020344;4.8496704;118.0;2026-10-10T19:15:00+02:00;2026-10-10T22:38:17+02:00;8238d2e49365
2026-10-11;roche_de_glun;ICONCH1;2026-10-11T04:00;3.8;6.0;345.0;11.0;0.0;100.0;0.0;0.0;100.0;100.0;45.020344;4.8496704;118.0;2026-10-10T19:15:00+02:00;2026-10-10T22:38:17+02:00;8238d2e49365
2026-10-11;roche_de_glun;ICONCH1;2026-10-11T05:00;4.4;6.8;345.0;10.5;0.0;100.0;0.0;0.0;100.0;100.0;45.020344;4.8496704;118.0;2026-10-10T19:15:00+02:00;2026-10-10T22:38:17+02:00;8238d2e49365
2026-10-11;roche_de_glun;ICONCH1;2026-10-11T06:00;4.5;7.2;350.0;10.2;0.0;100.0;0.0;0.0;100.0;100.0;45.020344;4.8496704;118.0;2026-10-10T19:15:00+02:00;2026-10-10T22:38:17+02:00;8238d2e49365
2026-10-11;roche_de_glun;ICONCH1;2026-10-11T07:00;4.9;7.6;358.0;9.9;0.0;100.0;0.0;0.0;100.0;100.0;45.020344;4.8496704;118.0;2026-10-10T19:15:00+02:00;2026-10-10T22:38:17+02:00;8238d2e49365
2026-10-11;roche_de_glun;ICONCH1;2026-10-11T08:00;5.5;8.6;356.0;9.8;0.0;100.0;0.0;93.0;100.0;100.0;45.020344;4.8496704;118.0;2026-10-10T19:15:00+02:00;2026-10-10T22:38:17+02:00;8238d2e49365
2026-10-11;roche_de_glun;ICONCH1;2026-10-11T09:00;8.0;12.4;346.0;10.9;0.0;100.0;0.0;93.0;100.0;100.0;45.020344;4.8496704;118.0;2026-10-10T19:15:00+02:00;2026-10-10T22:38:17+02:00;8238d2e49365
2026-10-11;roche_de_glun;ICONCH1;2026-10-11T10:00;10.2;16.5;347.0;12.3;0.0;94.0;0.0;87.0;91.0;94.0;45.020344;4.8496704;118.0;2026-10-10T19:15:00+02:00;2026-10-10T22:38:17+02:00;8238d2e49365
2026-10-11;roche_de_glun;ICONCH1;2026-10-11T11:00;11.6;18.9;347.0;14.0;0.0;99.0;0.0;70.0;94.0;99.0;45.020344;4.8496704;118.0;2026-10-10T19:15:00+02:00;2026-10-10T22:38:17+02:00;8238d2e49365
2026-10-11;roche_de_glun;ICONCH1;2026-10-11T12:00;12.9;20.8;3.0;15.6;0.0;100.0;0.0;70.0;100.0;100.0;45.020344;4.8496704;118.0;2026-10-10T19:15:00+02:00;2026-10-10T22:38:17+02:00;8238d2e49365
2026-10-11;roche_de_glun;ICONCH1;2026-10-11T13:00;12.9;21.6;3.0;16.3;0.0;100.0;0.0;76.0;100.0;100.0;45.020344;4.8496704;118.0;2026-10-10T19:15:00+02:00;2026-10-10T22:38:17+02:00;8238d2e49365
2026-10-11;roche_de_glun;ICONCH1;2026-10-11T14:00;13.4;22.7;2.0;17.0;0.0;98.0;5.0;70.0;89.0;98.0;45.020344;4.8496704;118.0;2026-10-10T19:15:00+02:00;2026-10-10T22:38:17+02:00;8238d2e49365
2026-10-11;roche_de_glun;ICONCH1;2026-10-11T15:00;12.9;21.8;5.0;17.5;0.0;100.0;0.0;68.0;100.0;100.0;45.020344;4.8496704;118.0;2026-10-10T19:15:00+02:00;2026-10-10T22:38:17+02:00;8238d2e49365
2026-10-11;roche_de_glun;ICONCH1;2026-10-11T16:00;12.5;20.8;12.0;17.6;0.0;100.0;0.0;92.0;100.0;100.0;45.020344;4.8496704;118.0;2026-10-10T19:15:00+02:00;2026-10-10T22:38:17+02:00;8238d2e49365
2026-10-11;roche_de_glun;ICONCH1;2026-10-11T17:00;11.3;20.4;12.0;17.5;0.0;100.0;0.0;85.0;100.0;100.0;45.020344;4.8496704;118.0;2026-10-10T19:15:00+02:00;2026-10-10T22:38:17+02:00;8238d2e49365
2026-10-11;roche_de_glun;ICONCH1;2026-10-11T18:00;9.2;18.1;15.0;16.8;0.0;100.0;0.0;84.0;100.0;100.0;45.020344;4.8496704;118.0;2026-10-10T19:15:00+02:00;2026-10-10T22:38:17+02:00;8238d2e49365
2026-10-11;roche_de_glun;ICONCH1;2026-10-11T19:00;6.4;14.8;355.0;15.7;0.0;100.0;0.0;91.0;100.0;100.0;45.020344;4.8496704;118.0;2026-10-10T19:15:00+02:00;2026-10-10T22:38:17+02:00;8238d2e49365
2026-10-11;roche_de_glun;ICONCH1;2026-10-11T20:00;6.0;9.9;331.0;14.6;0.0;89.0;15.0;80.0;0.0;89.0;45.020344;4.8496704;118.0;2026-10-10T19:15:00+02:00;2026-10-10T22:38:17+02:00;8238d2e49365
2026-10-11;roche_de_glun;ICONCH1;2026-10-11T21:00;7.1;11.1;331.0;14.0;0.0;75.0;0.0;75.0;0.0;75.0;45.020344;4.8496704;118.0;2026-10-10T19:15:00+02:00;2026-10-10T22:38:17+02:00;8238d2e49365
2026-10-11;roche_de_glun;ICONCH1;2026-10-11T22:00;7.6;11.9;331.0;13.4;0.0;58.0;0.0;58.0;0.0;58.0;45.020344;4.8496704;118.0;2026-10-10T19:15:00+02:00;2026-10-10T22:38:17+02:00;8238d2e49365
2026-10-11;roche_de_glun;ICONCH1;2026-10-11T23:00;8.4;13.6;331.0;12.8;0.0;44.0;0.0;44.0;0.0;44.0;45.020344;4.8496704;118.0;2026-10-10T19:15:00+02:00;2026-10-10T22:38:17+02:00;8238d2e49365
2026-10-11;roche_de_glun;ICONCH1;2026-10-12T00:00;7.7;13.2;335.0;12.3;0.0;5.0;0.0;5.0;0.0;5.0;45.020344;4.8496704;118.0;2026-10-10T19:15:00+02:00;2026-10-10T22:38:17+02:00;8238d2e49365
2026-10-11;st_alban_du_rhone;AROMEHD;2026-10-11T01:00;4.7;7.8;325.0;13.7;0.0;;5.0;0.0;0.0;5.0;45.39;4.76;140.0;2026-10-10T19:15:00+02:00;2026-10-10T22:38:17+02:00;8238d2e49365
2026-10-11;st_alban_du_rhone;AROMEHD;2026-10-11T02:00;4.3;8.0;333.0;12.8;0.0;;8.0;0.0;0.0;8.0;45.39;4.76;140.0;2026-10-10T19:15:00+02:00;2026-10-10T22:38:17+02:00;8238d2e49365
2026-10-11;st_alban_du_rhone;AROMEHD;2026-10-11T03:00;2.8;7.4;16.0;11.8;0.0;;0.0;0.0;7.0;7.0;45.39;4.76;140.0;2026-10-10T19:15:00+02:00;2026-10-10T22:38:17+02:00;8238d2e49365
2026-10-11;st_alban_du_rhone;AROMEHD;2026-10-11T04:00;2.0;4.5;29.0;10.6;0.0;;0.0;0.0;99.0;99.0;45.39;4.76;140.0;2026-10-10T19:15:00+02:00;2026-10-10T22:38:17+02:00;8238d2e49365
2026-10-11;st_alban_du_rhone;AROMEHD;2026-10-11T05:00;2.5;3.5;23.0;10.1;0.0;;0.0;0.0;100.0;100.0;45.39;4.76;140.0;2026-10-10T19:15:00+02:00;2026-10-10T22:38:17+02:00;8238d2e49365
2026-10-11;st_alban_du_rhone;AROMEHD;2026-10-11T06:00;3.9;4.5;63.0;9.8;0.0;;0.0;0.0;100.0;100.0;45.39;4.76;140.0;2026-10-10T19:15:00+02:00;2026-10-10T22:38:17+02:00;8238d2e49365
2026-10-11;st_alban_du_rhone;AROMEHD;2026-10-11T07:00;1.9;5.1;217.0;8.9;0.0;;0.0;0.0;100.0;100.0;45.39;4.76;140.0;2026-10-10T19:15:00+02:00;2026-10-10T22:38:17+02:00;8238d2e49365
2026-10-11;st_alban_du_rhone;AROMEHD;2026-10-11T08:00;2.1;2.3;236.0;8.4;0.0;;0.0;0.0;100.0;100.0;45.39;4.76;140.0;2026-10-10T19:15:00+02:00;2026-10-10T22:38:17+02:00;8238d2e49365
2026-10-11;st_alban_du_rhone;AROMEHD;2026-10-11T09:00;2.4;3.1;189.0;9.1;0.0;;0.0;0.0;100.0;100.0;45.39;4.76;140.0;2026-10-10T19:15:00+02:00;2026-10-10T22:38:17+02:00;8238d2e49365
2026-10-11;st_alban_du_rhone;AROMEHD;2026-10-11T10:00;1.2;3.1;252.0;11.4;0.0;;0.0;0.0;100.0;100.0;45.39;4.76;140.0;2026-10-10T19:15:00+02:00;2026-10-10T22:38:17+02:00;8238d2e49365
2026-10-11;st_alban_du_rhone;AROMEHD;2026-10-11T11:00;5.1;9.7;18.0;14.7;0.0;;4.0;100.0;100.0;100.0;45.39;4.76;140.0;2026-10-10T19:15:00+02:00;2026-10-10T22:38:17+02:00;8238d2e49365
2026-10-11;st_alban_du_rhone;AROMEHD;2026-10-11T12:00;7.3;13.4;20.0;15.6;0.0;;29.0;99.0;100.0;100.0;45.39;4.76;140.0;2026-10-10T19:15:00+02:00;2026-10-10T22:38:17+02:00;8238d2e49365
2026-10-11;st_alban_du_rhone;AROMEHD;2026-10-11T13:00;7.8;15.0;7.0;16.4;0.0;;76.0;100.0;100.0;100.0;45.39;4.76;140.0;2026-10-10T19:15:00+02:00;2026-10-10T22:38:17+02:00;8238d2e49365
2026-10-11;st_alban_du_rhone;AROMEHD;2026-10-11T14:00;7.9;16.3;17.0;16.8;0.0;;35.0;99.0;100.0;100.0;45.39;4.76;140.0;2026-10-10T19:15:00+02:00;2026-10-10T22:38:17+02:00;8238d2e49365
2026-10-11;st_alban_du_rhone;AROMEHD;2026-10-11T15:00;8.2;15.4;18.0;17.1;0.0;;60.0;17.0;100.0;100.0;45.39;4.76;140.0;2026-10-10T19:15:00+02:00;2026-10-10T22:38:17+02:00;8238d2e49365
2026-10-11;st_alban_du_rhone;AROMEHD;2026-10-11T16:00;8.2;15.7;14.0;17.2;0.0;;24.0;21.0;100.0;100.0;45.39;4.76;140.0;2026-10-10T19:15:00+02:00;2026-10-10T22:38:17+02:00;8238d2e49365
2026-10-11;st_alban_du_rhone;AROMEHD;2026-10-11T17:00;8.1;15.2;11.0;16.8;0.0;;23.0;1.0;100.0;100.0;45.39;4.76;140.0;2026-10-10T19:15:00+02:00;2026-10-10T22:38:17+02:00;8238d2e49365
2026-10-11;st_alban_du_rhone;AROMEHD;2026-10-11T18:00;6.6;14.4;3.0;16.6;0.0;;1.0;25.0;57.0;57.0;45.39;4.76;140.0;2026-10-10T19:15:00+02:00;2026-10-10T22:38:17+02:00;8238d2e49365
2026-10-11;st_alban_du_rhone;AROMEHD;2026-10-11T19:00;4.9;11.7;360.0;15.6;0.0;;0.0;4.0;89.0;89.0;45.39;4.76;140.0;2026-10-10T19:15:00+02:00;2026-10-10T22:38:17+02:00;8238d2e49365
2026-10-11;st_alban_du_rhone;AROMEHD;2026-10-11T20:00;4.8;7.8;348.0;13.9;0.0;;0.0;25.0;1.0;25.0;45.39;4.76;140.0;2026-10-10T19:15:00+02:00;2026-10-10T22:38:17+02:00;8238d2e49365
2026-10-11;st_alban_du_rhone;AROMEHD;2026-10-11T21:00;5.0;8.0;347.0;13.4;0.0;;0.0;100.0;100.0;100.0;45.39;4.76;140.0;2026-10-10T19:15:00+02:00;2026-10-10T22:38:17+02:00;8238d2e49365
2026-10-11;st_alban_du_rhone;AROMEHD;2026-10-11T22:00;6.0;9.5;341.0;13.0;0.0;;0.0;12.0;0.0;12.0;45.39;4.76;140.0;2026-10-10T19:15:00+02:00;2026-10-10T22:38:17+02:00;8238d2e49365
2026-10-11;st_alban_du_rhone;AROMEHD;2026-10-11T23:00;4.8;9.3;346.0;12.3;0.0;;0.0;0.0;0.0;0.0;45.39;4.76;140.0;2026-10-10T19:15:00+02:00;2026-10-10T22:38:17+02:00;8238d2e49365
2026-10-11;st_alban_du_rhone;AROMEHD;2026-10-12T00:00;4.8;7.8;339.0;11.9;0.0;;0.0;0.0;0.0;0.0;45.39;4.76;140.0;2026-10-10T19:15:00+02:00;2026-10-10T22:38:17+02:00;8238d2e49365
2026-10-11;st_alban_du_rhone;ICONCH1;2026-10-11T01:00;4.8;8.2;12.0;12.4;0.0;26.0;26.0;0.0;0.0;26.0;45.386887;4.758301;141.0;2026-10-10T19:15:00+02:00;2026-10-10T22:38:17+02:00;8238d2e49365
2026-10-11;st_alban_du_rhone;ICONCH1;2026-10-11T02:00;3.9;7.4;351.0;11.2;0.0;0.0;0.0;0.0;0.0;0.0;45.386887;4.758301;141.0;2026-10-10T19:15:00+02:00;2026-10-10T22:38:17+02:00;8238d2e49365
2026-10-11;st_alban_du_rhone;ICONCH1;2026-10-11T03:00;4.0;6.2;23.0;11.2;0.0;71.0;0.0;0.0;71.0;71.0;45.386887;4.758301;141.0;2026-10-10T19:15:00+02:00;2026-10-10T22:38:17+02:00;8238d2e49365
2026-10-11;st_alban_du_rhone;ICONCH1;2026-10-11T04:00;3.3;6.0;45.0;11.0;0.0;100.0;0.0;0.0;100.0;100.0;45.386887;4.758301;141.0;2026-10-10T19:15:00+02:00;2026-10-10T22:38:17+02:00;8238d2e49365
2026-10-11;st_alban_du_rhone;ICONCH1;2026-10-11T05:00;2.7;5.6;82.0;10.4;0.0;100.0;0.0;0.0;100.0;100.0;45.386887;4.758301;141.0;2026-10-10T19:15:00+02:00;2026-10-10T22:38:17+02:00;8238d2e49365
2026-10-11;st_alban_du_rhone;ICONCH1;2026-10-11T06:00;2.5;4.3;86.0;9.8;0.0;100.0;0.0;0.0;100.0;100.0;45.386887;4.758301;141.0;2026-10-10T19:15:00+02:00;2026-10-10T22:38:17+02:00;8238d2e49365
2026-10-11;st_alban_du_rhone;ICONCH1;2026-10-11T07:00;1.4;3.7;82.0;9.6;0.0;100.0;0.0;0.0;100.0;100.0;45.386887;4.758301;141.0;2026-10-10T19:15:00+02:00;2026-10-10T22:38:17+02:00;8238d2e49365
2026-10-11;st_alban_du_rhone;ICONCH1;2026-10-11T08:00;1.1;2.3;31.0;9.5;0.0;100.0;0.0;78.0;100.0;100.0;45.386887;4.758301;141.0;2026-10-10T19:15:00+02:00;2026-10-10T22:38:17+02:00;8238d2e49365
2026-10-11;st_alban_du_rhone;ICONCH1;2026-10-11T09:00;1.5;2.7;23.0;10.3;0.0;100.0;0.0;85.0;100.0;100.0;45.386887;4.758301;141.0;2026-10-10T19:15:00+02:00;2026-10-10T22:38:17+02:00;8238d2e49365
2026-10-11;st_alban_du_rhone;ICONCH1;2026-10-11T10:00;2.1;3.7;22.0;12.1;0.0;91.0;0.0;81.0;81.0;91.0;45.386887;4.758301;141.0;2026-10-10T19:15:00+02:00;2026-10-10T22:38:17+02:00;8238d2e49365
2026-10-11;st_alban_du_rhone;ICONCH1;2026-10-11T11:00;3.5;6.2;6.0;14.8;0.0;100.0;2.0;28.0;100.0;100.0;45.386887;4.758301;141.0;2026-10-10T19:15:00+02:00;2026-10-10T22:38:17+02:00;8238d2e49365
2026-10-11;st_alban_du_rhone;ICONCH1;2026-10-11T12:00;9.3;15.4;10.0;15.9;0.0;100.0;0.0;31.0;100.0;100.0;45.386887;4.758301;141.0;2026-10-10T19:15:00+02:00;2026-10-10T22:38:17+02:00;8238d2e49365
2026-10-11;st_alban_du_rhone;ICONCH1;2026-10-11T13:00;9.6;15.7;18.0;16.5;0.0;100.0;13.0;67.0;100.0;100.0;45.386887;4.758301;141.0;2026-10-10T19:15:00+02:00;2026-10-10T22:38:17+02:00;8238d2e49365
2026-10-11;st_alban_du_rhone;ICONCH1;2026-10-11T14:00;8.4;16.1;8.0;16.8;0.0;100.0;45.0;64.0;100.0;100.0;45.386887;4.758301;141.0;2026-10-10T19:15:00+02:00;2026-10-10T22:38:17+02:00;8238d2e49365
2026-10-11;st_alban_du_rhone;ICONCH1;2026-10-11T15:00;9.0;15.4;19.0;17.1;0.0;100.0;24.0;66.0;100.0;100.0;45.386887;4.758301;141.0;2026-10-10T19:15:00+02:00;2026-10-10T22:38:17+02:00;8238d2e49365
2026-10-11;st_alban_du_rhone;ICONCH1;2026-10-11T16:00;8.8;16.3;13.0;17.5;0.0;100.0;52.0;69.0;97.0;100.0;45.386887;4.758301;141.0;2026-10-10T19:15:00+02:00;2026-10-10T22:38:17+02:00;8238d2e49365
2026-10-11;st_alban_du_rhone;ICONCH1;2026-10-11T17:00;8.5;14.8;17.0;17.4;0.0;100.0;56.0;76.0;100.0;100.0;45.386887;4.758301;141.0;2026-10-10T19:15:00+02:00;2026-10-10T22:38:17+02:00;8238d2e49365
2026-10-11;st_alban_du_rhone;ICONCH1;2026-10-11T18:00;7.9;13.6;9.0;16.9;0.0;100.0;48.0;85.0;100.0;100.0;45.386887;4.758301;141.0;2026-10-10T19:15:00+02:00;2026-10-10T22:38:17+02:00;8238d2e49365
2026-10-11;st_alban_du_rhone;ICONCH1;2026-10-11T19:00;4.7;12.2;2.0;15.7;0.0;99.0;43.0;97.0;95.0;99.0;45.386887;4.758301;141.0;2026-10-10T19:15:00+02:00;2026-10-10T22:38:17+02:00;8238d2e49365
2026-10-11;st_alban_du_rhone;ICONCH1;2026-10-11T20:00;3.6;7.4;315.0;14.4;0.0;93.0;21.0;86.0;0.0;93.0;45.386887;4.758301;141.0;2026-10-10T19:15:00+02:00;2026-10-10T22:38:17+02:00;8238d2e49365
2026-10-11;st_alban_du_rhone;ICONCH1;2026-10-11T21:00;2.7;6.0;315.0;13.5;0.0;73.0;5.0;71.0;0.0;73.0;45.386887;4.758301;141.0;2026-10-10T19:15:00+02:00;2026-10-10T22:38:17+02:00;8238d2e49365
2026-10-11;st_alban_du_rhone;ICONCH1;2026-10-11T22:00;3.3;5.4;310.0;12.5;0.0;63.0;26.0;46.0;0.0;63.0;45.386887;4.758301;141.0;2026-10-10T19:15:00+02:00;2026-10-10T22:38:17+02:00;8238d2e49365
2026-10-11;st_alban_du_rhone;ICONCH1;2026-10-11T23:00;1.4;5.4;326.0;12.0;0.0;42.0;5.0;38.0;0.0;42.0;45.386887;4.758301;141.0;2026-10-10T19:15:00+02:00;2026-10-10T22:38:17+02:00;8238d2e49365
2026-10-11;st_alban_du_rhone;ICONCH1;2026-10-12T00:00;2.4;3.5;9.0;10.6;0.0;28.0;0.0;28.0;0.0;28.0;45.386887;4.758301;141.0;2026-10-10T19:15:00+02:00;2026-10-10T22:38:17+02:00;8238d2e49365
2026-10-11;st_cyr_sur_le_rhone;AROMEHD;2026-10-11T01:00;2.9;6.6;323.0;13.2;0.0;;5.0;0.0;0.0;5.0;45.510002;4.8500004;190.0;2026-10-10T19:15:00+02:00;2026-10-10T22:38:17+02:00;8238d2e49365
2026-10-11;st_cyr_sur_le_rhone;AROMEHD;2026-10-11T02:00;3.2;7.0;349.0;12.3;0.0;;0.0;0.0;0.0;0.0;45.510002;4.8500004;190.0;2026-10-10T19:15:00+02:00;2026-10-10T22:38:17+02:00;8238d2e49365
2026-10-11;st_cyr_sur_le_rhone;AROMEHD;2026-10-11T03:00;2.1;7.0;22.0;11.3;0.0;;0.0;0.0;0.0;0.0;45.510002;4.8500004;190.0;2026-10-10T19:15:00+02:00;2026-10-10T22:38:17+02:00;8238d2e49365
2026-10-11;st_cyr_sur_le_rhone;AROMEHD;2026-10-11T04:00;1.2;3.9;18.0;10.7;0.0;;0.0;0.0;5.0;5.0;45.510002;4.8500004;190.0;2026-10-10T19:15:00+02:00;2026-10-10T22:38:17+02:00;8238d2e49365
2026-10-11;st_cyr_sur_le_rhone;AROMEHD;2026-10-11T05:00;3.0;4.5;45.0;9.9;0.0;;0.0;0.0;99.0;99.0;45.510002;4.8500004;190.0;2026-10-10T19:15:00+02:00;2026-10-10T22:38:17+02:00;8238d2e49365
2026-10-11;st_cyr_sur_le_rhone;AROMEHD;2026-10-11T06:00;2.1;4.9;41.0;9.1;0.0;;0.0;0.0;100.0;100.0;45.510002;4.8500004;190.0;2026-10-10T19:15:00+02:00;2026-10-10T22:38:17+02:00;8238d2e49365
2026-10-11;st_cyr_sur_le_rhone;AROMEHD;2026-10-11T07:00;1.8;2.7;58.0;8.8;0.0;;0.0;0.0;100.0;100.0;45.510002;4.8500004;190.0;2026-10-10T19:15:00+02:00;2026-10-10T22:38:17+02:00;8238d2e49365
2026-10-11;st_cyr_sur_le_rhone;AROMEHD;2026-10-11T08:00;2.1;2.9;49.0;8.8;0.0;;0.0;0.0;99.0;99.0;45.510002;4.8500004;190.0;2026-10-10T19:15:00+02:00;2026-10-10T22:38:17+02:00;8238d2e49365
2026-10-11;st_cyr_sur_le_rhone;AROMEHD;2026-10-11T09:00;2.6;4.3;13.0;9.5;0.0;;0.0;0.0;65.0;65.0;45.510002;4.8500004;190.0;2026-10-10T19:15:00+02:00;2026-10-10T22:38:17+02:00;8238d2e49365
2026-10-11;st_cyr_sur_le_rhone;AROMEHD;2026-10-11T10:00;2.5;5.8;32.0;11.3;0.0;;0.0;0.0;99.0;99.0;45.510002;4.8500004;190.0;2026-10-10T19:15:00+02:00;2026-10-10T22:38:17+02:00;8238d2e49365
2026-10-11;st_cyr_sur_le_rhone;AROMEHD;2026-10-11T11:00;3.4;8.4;31.0;13.1;0.0;;0.0;34.0;95.0;95.0;45.510002;4.8500004;190.0;2026-10-10T19:15:00+02:00;2026-10-10T22:38:17+02:00;8238d2e49365
2026-10-11;st_cyr_sur_le_rhone;AROMEHD;2026-10-11T12:00;4.3;10.5;27.0;14.6;0.0;;33.0;59.0;92.0;92.0;45.510002;4.8500004;190.0;2026-10-10T19:15:00+02:00;2026-10-10T22:38:17+02:00;8238d2e49365
2026-10-11;st_cyr_sur_le_rhone;AROMEHD;2026-10-11T13:00;4.7;12.2;7.0;15.5;0.0;;62.0;97.0;100.0;100.0;45.510002;4.8500004;190.0;2026-10-10T19:15:00+02:00;2026-10-10T22:38:17+02:00;8238d2e49365
2026-10-11;st_cyr_sur_le_rhone;AROMEHD;2026-10-11T14:00;5.9;13.8;17.0;16.0;0.0;;25.0;53.0;100.0;100.0;45.510002;4.8500004;190.0;2026-10-10T19:15:00+02:00;2026-10-10T22:38:17+02:00;8238d2e49365
2026-10-11;st_cyr_sur_le_rhone;AROMEHD;2026-10-11T15:00;5.7;14.2;10.0;16.4;0.0;;19.0;51.0;100.0;100.0;45.510002;4.8500004;190.0;2026-10-10T19:15:00+02:00;2026-10-10T22:38:17+02:00;8238d2e49365
2026-10-11;st_cyr_sur_le_rhone;AROMEHD;2026-10-11T16:00;5.8;13.8;20.0;16.1;0.0;;0.0;27.0;100.0;100.0;45.510002;4.8500004;190.0;2026-10-10T19:15:00+02:00;2026-10-10T22:38:17+02:00;8238d2e49365
2026-10-11;st_cyr_sur_le_rhone;AROMEHD;2026-10-11T17:00;5.2;13.6;20.0;15.9;0.0;;0.0;92.0;100.0;100.0;45.510002;4.8500004;190.0;2026-10-10T19:15:00+02:00;2026-10-10T22:38:17+02:00;8238d2e49365
2026-10-11;st_cyr_sur_le_rhone;AROMEHD;2026-10-11T18:00;4.1;11.9;19.0;15.6;0.0;;3.0;100.0;100.0;100.0;45.510002;4.8500004;190.0;2026-10-10T19:15:00+02:00;2026-10-10T22:38:17+02:00;8238d2e49365
2026-10-11;st_cyr_sur_le_rhone;AROMEHD;2026-10-11T19:00;3.4;8.9;24.0;14.6;0.0;;0.0;55.0;100.0;100.0;45.510002;4.8500004;190.0;2026-10-10T19:15:00+02:00;2026-10-10T22:38:17+02:00;8238d2e49365
2026-10-11;st_cyr_sur_le_rhone;AROMEHD;2026-10-11T20:00;2.8;6.6;12.0;13.3;0.0;;0.0;100.0;7.0;100.0;45.510002;4.8500004;190.0;2026-10-10T19:15:00+02:00;2026-10-10T22:38:17+02:00;8238d2e49365
2026-10-11;st_cyr_sur_le_rhone;AROMEHD;2026-10-11T21:00;2.3;5.2;5.0;12.7;0.0;;0.0;100.0;74.0;100.0;45.510002;4.8500004;190.0;2026-10-10T19:15:00+02:00;2026-10-10T22:38:17+02:00;8238d2e49365
2026-10-11;st_cyr_sur_le_rhone;AROMEHD;2026-10-11T22:00;3.3;7.4;360.0;12.1;0.0;;0.0;96.0;1.0;96.0;45.510002;4.8500004;190.0;2026-10-10T19:15:00+02:00;2026-10-10T22:38:17+02:00;8238d2e49365
2026-10-11;st_cyr_sur_le_rhone;AROMEHD;2026-10-11T23:00;3.1;7.8;4.0;11.5;0.0;;0.0;0.0;0.0;0.0;45.510002;4.8500004;190.0;2026-10-10T19:15:00+02:00;2026-10-10T22:38:17+02:00;8238d2e49365
2026-10-11;st_cyr_sur_le_rhone;AROMEHD;2026-10-12T00:00;2.3;6.8;24.0;11.0;0.0;;0.0;0.0;0.0;0.0;45.510002;4.8500004;190.0;2026-10-10T19:15:00+02:00;2026-10-10T22:38:17+02:00;8238d2e49365
2026-10-11;st_cyr_sur_le_rhone;ICONCH1;2026-10-11T01:00;2.1;6.4;34.0;11.9;0.0;7.0;7.0;0.0;0.0;7.0;45.511913;4.860718;186.0;2026-10-10T19:15:00+02:00;2026-10-10T22:38:17+02:00;8238d2e49365
2026-10-11;st_cyr_sur_le_rhone;ICONCH1;2026-10-11T02:00;3.1;6.2;360.0;11.2;0.0;0.0;0.0;0.0;0.0;0.0;45.511913;4.860718;186.0;2026-10-10T19:15:00+02:00;2026-10-10T22:38:17+02:00;8238d2e49365
2026-10-11;st_cyr_sur_le_rhone;ICONCH1;2026-10-11T03:00;1.9;5.4;24.0;10.5;0.0;65.0;0.0;0.0;65.0;65.0;45.511913;4.860718;186.0;2026-10-10T19:15:00+02:00;2026-10-10T22:38:17+02:00;8238d2e49365
2026-10-11;st_cyr_sur_le_rhone;ICONCH1;2026-10-11T04:00;2.6;4.7;36.0;9.9;0.0;100.0;0.0;0.0;100.0;100.0;45.511913;4.860718;186.0;2026-10-10T19:15:00+02:00;2026-10-10T22:38:17+02:00;8238d2e49365
2026-10-11;st_cyr_sur_le_rhone;ICONCH1;2026-10-11T05:00;2.9;5.1;53.0;9.4;0.0;100.0;0.0;0.0;100.0;100.0;45.511913;4.860718;186.0;2026-10-10T19:15:00+02:00;2026-10-10T22:38:17+02:00;8238d2e49365
2026-10-11;st_cyr_sur_le_rhone;ICONCH1;2026-10-11T06:00;3.2;5.4;52.0;8.9;0.0;57.0;0.0;0.0;57.0;57.0;45.511913;4.860718;186.0;2026-10-10T19:15:00+02:00;2026-10-10T22:38:17+02:00;8238d2e49365
2026-10-11;st_cyr_sur_le_rhone;ICONCH1;2026-10-11T07:00;3.2;5.4;57.0;8.6;0.0;63.0;0.0;0.0;63.0;63.0;45.511913;4.860718;186.0;2026-10-10T19:15:00+02:00;2026-10-10T22:38:17+02:00;8238d2e49365
2026-10-11;st_cyr_sur_le_rhone;ICONCH1;2026-10-11T08:00;3.6;6.0;54.0;8.3;0.0;100.0;0.0;0.0;100.0;100.0;45.511913;4.860718;186.0;2026-10-10T19:15:00+02:00;2026-10-10T22:38:17+02:00;8238d2e49365
2026-10-11;st_cyr_sur_le_rhone;ICONCH1;2026-10-11T09:00;3.7;6.4;51.0;8.9;0.0;86.0;0.0;86.0;76.0;86.0;45.511913;4.860718;186.0;2026-10-10T19:15:00+02:00;2026-10-10T22:38:17+02:00;8238d2e49365
2026-10-11;st_cyr_sur_le_rhone;ICONCH1;2026-10-11T10:00;4.3;7.8;27.0;10.8;0.0;80.0;0.0;53.0;52.0;80.0;45.511913;4.860718;186.0;2026-10-10T19:15:00+02:00;2026-10-10T22:38:17+02:00;8238d2e49365
2026-10-11;st_cyr_sur_le_rhone;ICONCH1;2026-10-11T11:00;4.3;8.2;10.0;12.7;0.0;98.0;0.0;85.0;83.0;98.0;45.511913;4.860718;186.0;2026-10-10T19:15:00+02:00;2026-10-10T22:38:17+02:00;8238d2e49365
2026-10-11;st_cyr_sur_le_rhone;ICONCH1;2026-10-11T12:00;6.1;10.3;22.0;14.3;0.0;100.0;3.0;64.0;100.0;100.0;45.511913;4.860718;186.0;2026-10-10T19:15:00+02:00;2026-10-10T22:38:17+02:00;8238d2e49365
2026-10-11;st_cyr_sur_le_rhone;ICONCH1;2026-10-11T13:00;7.0;11.9;19.0;15.4;0.0;100.0;10.0;65.0;100.0;100.0;45.511913;4.860718;186.0;2026-10-10T19:15:00+02:00;2026-10-10T22:38:17+02:00;8238d2e49365
2026-10-11;st_cyr_sur_le_rhone;ICONCH1;2026-10-11T14:00;7.3;12.2;20.0;16.2;0.0;100.0;46.0;64.0;100.0;100.0;45.511913;4.860718;186.0;2026-10-10T19:15:00+02:00;2026-10-10T22:38:17+02:00;8238d2e49365
2026-10-11;st_cyr_sur_le_rhone;ICONCH1;2026-10-11T15:00;7.0;12.4;24.0;16.7;0.0;100.0;67.0;64.0;100.0;100.0;45.511913;4.860718;186.0;2026-10-10T19:15:00+02:00;2026-10-10T22:38:17+02:00;8238d2e49365
2026-10-11;st_cyr_sur_le_rhone;ICONCH1;2026-10-11T16:00;7.7;12.4;27.0;16.8;0.0;100.0;53.0;65.0;100.0;100.0;45.511913;4.860718;186.0;2026-10-10T19:15:00+02:00;2026-10-10T22:38:17+02:00;8238d2e49365
2026-10-11;st_cyr_sur_le_rhone;ICONCH1;2026-10-11T17:00;7.3;13.2;20.0;16.7;0.0;100.0;15.0;73.0;100.0;100.0;45.511913;4.860718;186.0;2026-10-10T19:15:00+02:00;2026-10-10T22:38:17+02:00;8238d2e49365
2026-10-11;st_cyr_sur_le_rhone;ICONCH1;2026-10-11T18:00;6.8;11.7;31.0;16.0;0.0;100.0;26.0;80.0;100.0;100.0;45.511913;4.860718;186.0;2026-10-10T19:15:00+02:00;2026-10-10T22:38:17+02:00;8238d2e49365
2026-10-11;st_cyr_sur_le_rhone;ICONCH1;2026-10-11T19:00;5.1;11.5;32.0;14.8;0.0;99.0;62.0;96.0;94.0;99.0;45.511913;4.860718;186.0;2026-10-10T19:15:00+02:00;2026-10-10T22:38:17+02:00;8238d2e49365
2026-10-11;st_cyr_sur_le_rhone;ICONCH1;2026-10-11T20:00;4.3;8.2;24.0;13.4;0.0;81.0;18.0;71.0;0.0;81.0;45.511913;4.860718;186.0;2026-10-10T19:15:00+02:00;2026-10-10T22:38:17+02:00;8238d2e49365
2026-10-11;st_cyr_sur_le_rhone;ICONCH1;2026-10-11T21:00;2.6;7.4;9.0;12.3;0.0;83.0;11.0;77.0;0.0;83.0;45.511913;4.860718;186.0;2026-10-10T19:15:00+02:00;2026-10-10T22:38:17+02:00;8238d2e49365
2026-10-11;st_cyr_sur_le_rhone;ICONCH1;2026-10-11T22:00;2.9;5.4;8.0;11.7;0.0;44.0;0.0;44.0;0.0;44.0;45.511913;4.860718;186.0;2026-10-10T19:15:00+02:00;2026-10-10T22:38:17+02:00;8238d2e49365
2026-10-11;st_cyr_sur_le_rhone;ICONCH1;2026-10-11T23:00;3.0;5.2;15.0;10.9;0.0;38.0;0.0;38.0;0.0;38.0;45.511913;4.860718;186.0;2026-10-10T19:15:00+02:00;2026-10-10T22:38:17+02:00;8238d2e49365
2026-10-11;st_cyr_sur_le_rhone;ICONCH1;2026-10-12T00:00;3.4;6.0;24.0;10.3;0.0;28.0;0.0;28.0;0.0;28.0;45.511913;4.860718;186.0;2026-10-10T19:15:00+02:00;2026-10-10T22:38:17+02:00;8238d2e49365
2026-10-11;st_romain_des_iles;AROMEHD;2026-10-11T01:00;2.0;3.3;163.0;7.8;0.0;;93.0;0.0;0.0;93.0;46.18;4.779999;169.0;2026-10-10T19:15:00+02:00;2026-10-10T22:38:17+02:00;8238d2e49365
2026-10-11;st_romain_des_iles;AROMEHD;2026-10-11T02:00;1.7;2.7;270.0;8.7;0.0;;8.0;0.0;0.0;8.0;46.18;4.779999;169.0;2026-10-10T19:15:00+02:00;2026-10-10T22:38:17+02:00;8238d2e49365
2026-10-11;st_romain_des_iles;AROMEHD;2026-10-11T03:00;5.5;8.9;293.0;9.4;0.0;;0.0;0.0;0.0;0.0;46.18;4.779999;169.0;2026-10-10T19:15:00+02:00;2026-10-10T22:38:17+02:00;8238d2e49365
2026-10-11;st_romain_des_iles;AROMEHD;2026-10-11T04:00;1.7;8.9;126.0;7.8;0.0;;0.0;0.0;100.0;100.0;46.18;4.779999;169.0;2026-10-10T19:15:00+02:00;2026-10-10T22:38:17+02:00;8238d2e49365
2026-10-11;st_romain_des_iles;AROMEHD;2026-10-11T05:00;2.7;2.9;150.0;6.5;0.0;;1.0;0.0;100.0;100.0;46.18;4.779999;169.0;2026-10-10T19:15:00+02:00;2026-10-10T22:38:17+02:00;8238d2e49365
2026-10-11;st_romain_des_iles;AROMEHD;2026-10-11T06:00;2.4;4.1;151.0;5.9;0.0;;0.0;0.0;100.0;100.0;46.18;4.779999;169.0;2026-10-10T19:15:00+02:00;2026-10-10T22:38:17+02:00;8238d2e49365
2026-10-11;st_romain_des_iles;AROMEHD;2026-10-11T07:00;0.4;2.9;63.0;5.2;0.0;;1.0;0.0;100.0;100.0;46.18;4.779999;169.0;2026-10-10T19:15:00+02:00;2026-10-10T22:38:17+02:00;8238d2e49365
2026-10-11;st_romain_des_iles;AROMEHD;2026-10-11T08:00;0.5;1.7;45.0;5.2;0.0;;96.0;0.0;100.0;100.0;46.18;4.779999;169.0;2026-10-10T19:15:00+02:00;2026-10-10T22:38:17+02:00;8238d2e49365
2026-10-11;st_romain_des_iles;AROMEHD;2026-10-11T09:00;1.4;0.8;286.0;6.3;0.0;;97.0;0.0;100.0;100.0;46.18;4.779999;169.0;2026-10-10T19:15:00+02:00;2026-10-10T22:38:17+02:00;8238d2e49365
2026-10-11;st_romain_des_iles;AROMEHD;2026-10-11T10:00;0.7;1.6;236.0;8.7;0.0;;29.0;53.0;100.0;100.0;46.18;4.779999;169.0;2026-10-10T19:15:00+02:00;2026-10-10T22:38:17+02:00;8238d2e49365
2026-10-11;st_romain_des_iles;AROMEHD;2026-10-11T11:00;1.2;3.1;108.0;11.0;0.0;;0.0;100.0;100.0;100.0;46.18;4.779999;169.0;2026-10-10T19:15:00+02:00;2026-10-10T22:38:17+02:00;8238d2e49365
2026-10-11;st_romain_des_iles;AROMEHD;2026-10-11T12:00;0.4;3.9;180.0;12.5;0.0;;0.0;100.0;100.0;100.0;46.18;4.779999;169.0;2026-10-10T19:15:00+02:00;2026-10-10T22:38:17+02:00;8238d2e49365
2026-10-11;st_romain_des_iles;AROMEHD;2026-10-11T13:00;1.1;5.1;301.0;14.3;0.0;;0.0;10.0;100.0;100.0;46.18;4.779999;169.0;2026-10-10T19:15:00+02:00;2026-10-10T22:38:17+02:00;8238d2e49365
2026-10-11;st_romain_des_iles;AROMEHD;2026-10-11T14:00;5.3;11.1;8.0;16.2;0.0;;100.0;98.0;100.0;100.0;46.18;4.779999;169.0;2026-10-10T19:15:00+02:00;2026-10-10T22:38:17+02:00;8238d2e49365
2026-10-11;st_romain_des_iles;AROMEHD;2026-10-11T15:00;4.3;11.3;3.0;16.3;0.0;;57.0;100.0;100.0;100.0;46.18;4.779999;169.0;2026-10-10T19:15:00+02:00;2026-10-10T22:38:17+02:00;8238d2e49365
2026-10-11;st_romain_des_iles;AROMEHD;2026-10-11T16:00;6.8;11.7;7.0;16.1;0.0;;68.0;100.0;100.0;100.0;46.18;4.779999;169.0;2026-10-10T19:15:00+02:00;2026-10-10T22:38:17+02:00;8238d2e49365
2026-10-11;st_romain_des_iles;AROMEHD;2026-10-11T17:00;4.9;11.9;7.0;15.8;0.0;;0.0;100.0;100.0;100.0;46.18;4.779999;169.0;2026-10-10T19:15:00+02:00;2026-10-10T22:38:17+02:00;8238d2e49365
2026-10-11;st_romain_des_iles;AROMEHD;2026-10-11T18:00;3.1;8.2;22.0;15.3;0.0;;23.0;100.0;100.0;100.0;46.18;4.779999;169.0;2026-10-10T19:15:00+02:00;2026-10-10T22:38:17+02:00;8238d2e49365
2026-10-11;st_romain_des_iles;AROMEHD;2026-10-11T19:00;2.8;4.7;56.0;13.8;0.0;;30.0;100.0;95.0;100.0;46.18;4.779999;169.0;2026-10-10T19:15:00+02:00;2026-10-10T22:38:17+02:00;8238d2e49365
2026-10-11;st_romain_des_iles;AROMEHD;2026-10-11T20:00;1.8;3.7;342.0;12.1;0.0;;0.0;100.0;56.0;100.0;46.18;4.779999;169.0;2026-10-10T19:15:00+02:00;2026-10-10T22:38:17+02:00;8238d2e49365
2026-10-11;st_romain_des_iles;AROMEHD;2026-10-11T21:00;2.0;2.7;349.0;10.9;0.0;;0.0;98.0;35.0;98.0;46.18;4.779999;169.0;2026-10-10T19:15:00+02:00;2026-10-10T22:38:17+02:00;8238d2e49365
2026-10-11;st_romain_des_iles;AROMEHD;2026-10-11T22:00;2.0;2.1;331.0;9.7;0.0;;0.0;100.0;0.0;100.0;46.18;4.779999;169.0;2026-10-10T19:15:00+02:00;2026-10-10T22:38:17+02:00;8238d2e49365
2026-10-11;st_romain_des_iles;AROMEHD;2026-10-11T23:00;0.3;2.1;225.0;8.8;0.0;;0.0;91.0;0.0;91.0;46.18;4.779999;169.0;2026-10-10T19:15:00+02:00;2026-10-10T22:38:17+02:00;8238d2e49365
2026-10-11;st_romain_des_iles;AROMEHD;2026-10-12T00:00;0.6;1.2;162.0;7.3;0.0;;2.0;0.0;0.0;2.0;46.18;4.779999;169.0;2026-10-10T19:15:00+02:00;2026-10-10T22:38:17+02:00;8238d2e49365
2026-10-11;st_romain_des_iles;ICONCH1;2026-10-11T01:00;1.7;3.5;180.0;11.1;0.0;71.0;71.0;0.0;0.0;71.0;46.179794;4.782837;176.0;2026-10-10T19:15:00+02:00;2026-10-10T22:38:17+02:00;8238d2e49365
2026-10-11;st_romain_des_iles;ICONCH1;2026-10-11T02:00;0.4;2.5;90.0;11.1;0.0;41.0;41.0;0.0;0.0;41.0;46.179794;4.782837;176.0;2026-10-10T19:15:00+02:00;2026-10-10T22:38:17+02:00;8238d2e49365
2026-10-11;st_romain_des_iles;ICONCH1;2026-10-11T03:00;1.8;2.3;193.0;9.6;0.0;100.0;23.0;0.0;100.0;100.0;46.179794;4.782837;176.0;2026-10-10T19:15:00+02:00;2026-10-10T22:38:17+02:00;8238d2e49365
2026-10-11;st_romain_des_iles;ICONCH1;2026-10-11T04:00;1.8;3.1;193.0;8.0;0.0;100.0;21.0;0.0;100.0;100.0;46.179794;4.782837;176.0;2026-10-10T19:15:00+02:00;2026-10-10T22:38:17+02:00;8238d2e49365
2026-10-11;st_romain_des_iles;ICONCH1;2026-10-11T05:00;2.1;3.3;175.0;7.0;0.0;100.0;46.0;0.0;100.0;100.0;46.179794;4.782837;176.0;2026-10-10T19:15:00+02:00;2026-10-10T22:38:17+02:00;8238d2e49365
2026-10-11;st_romain_des_iles;ICONCH1;2026-10-11T06:00;1.0;3.3;169.0;6.7;0.0;100.0;45.0;0.0;100.0;100.0;46.179794;4.782837;176.0;2026-10-10T19:15:00+02:00;2026-10-10T22:38:17+02:00;8238d2e49365
2026-10-11;st_romain_des_iles;ICONCH1;2026-10-11T07:00;0.4;2.1;180.0;7.0;0.0;100.0;46.0;0.0;100.0;100.0;46.179794;4.782837;176.0;2026-10-10T19:15:00+02:00;2026-10-10T22:38:17+02:00;8238d2e49365
2026-10-11;st_romain_des_iles;ICONCH1;2026-10-11T08:00;0.6;1.2;180.0;6.8;0.0;100.0;0.0;0.0;100.0;100.0;46.179794;4.782837;176.0;2026-10-10T19:15:00+02:00;2026-10-10T22:38:17+02:00;8238d2e49365
2026-10-11;st_romain_des_iles;ICONCH1;2026-10-11T09:00;0.6;1.2;180.0;7.8;0.0;100.0;0.0;100.0;100.0;100.0;46.179794;4.782837;176.0;2026-10-10T19:15:00+02:00;2026-10-10T22:38:17+02:00;8238d2e49365
2026-10-11;st_romain_des_iles;ICONCH1;2026-10-11T10:00;0.8;1.9;194.0;9.1;0.0;100.0;2.0;100.0;100.0;100.0;46.179794;4.782837;176.0;2026-10-10T19:15:00+02:00;2026-10-10T22:38:17+02:00;8238d2e49365
2026-10-11;st_romain_des_iles;ICONCH1;2026-10-11T11:00;0.7;2.5;56.0;11.3;0.0;100.0;0.0;100.0;100.0;100.0;46.179794;4.782837;176.0;2026-10-10T19:15:00+02:00;2026-10-10T22:38:17+02:00;8238d2e49365
2026-10-11;st_romain_des_iles;ICONCH1;2026-10-11T12:00;3.2;5.6;57.0;13.8;0.0;87.0;0.0;74.0;65.0;87.0;46.179794;4.782837;176.0;2026-10-10T19:15:00+02:00;2026-10-10T22:38:17+02:00;8238d2e49365
2026-10-11;st_romain_des_iles;ICONCH1;2026-10-11T13:00;4.3;7.4;39.0;15.7;0.0;83.0;0.0;61.0;53.0;83.0;46.179794;4.782837;176.0;2026-10-10T19:15:00+02:00;2026-10-10T22:38:17+02:00;8238d2e49365
2026-10-11;st_romain_des_iles;ICONCH1;2026-10-11T14:00;7.7;12.8;18.0;16.2;0.0;100.0;80.0;0.0;100.0;100.0;46.179794;4.782837;176.0;2026-10-10T19:15:00+02:00;2026-10-10T22:38:17+02:00;8238d2e49365
2026-10-11;st_romain_des_iles;ICONCH1;2026-10-11T15:00;7.5;13.4;10.0;16.3;0.0;100.0;79.0;0.0;100.0;100.0;46.179794;4.782837;176.0;2026-10-10T19:15:00+02:00;2026-10-10T22:38:17+02:00;8238d2e49365
2026-10-11;st_romain_des_iles;ICONCH1;2026-10-11T16:00;6.9;12.4;342.0;16.6;0.0;100.0;68.0;0.0;100.0;100.0;46.179794;4.782837;176.0;2026-10-10T19:15:00+02:00;2026-10-10T22:38:17+02:00;8238d2e49365
2026-10-11;st_romain_des_iles;ICONCH1;2026-10-11T17:00;6.6;11.7;341.0;16.2;0.0;100.0;47.0;0.0;100.0;100.0;46.179794;4.782837;176.0;2026-10-10T19:15:00+02:00;2026-10-10T22:38:17+02:00;8238d2e49365
2026-10-11;st_romain_des_iles;ICONCH1;2026-10-11T18:00;5.5;10.7;333.0;15.1;0.0;100.0;10.0;98.0;100.0;100.0;46.179794;4.782837;176.0;2026-10-10T19:15:00+02:00;2026-10-10T22:38:17+02:00;8238d2e49365
2026-10-11;st_romain_des_iles;ICONCH1;2026-10-11T19:00;2.5;8.6;356.0;13.7;0.0;90.0;0.0;90.0;50.0;90.0;46.179794;4.782837;176.0;2026-10-10T19:15:00+02:00;2026-10-10T22:38:17+02:00;8238d2e49365
2026-10-11;st_romain_des_iles;ICONCH1;2026-10-11T20:00;2.6;4.5;347.0;12.3;0.0;88.0;0.0;88.0;0.0;88.0;46.179794;4.782837;176.0;2026-10-10T19:15:00+02:00;2026-10-10T22:38:17+02:00;8238d2e49365
2026-10-11;st_romain_des_iles;ICONCH1;2026-10-11T21:00;1.7;3.9;21.0;11.7;0.0;79.0;8.0;74.0;0.0;79.0;46.179794;4.782837;176.0;2026-10-10T19:15:00+02:00;2026-10-10T22:38:17+02:00;8238d2e49365
2026-10-11;st_romain_des_iles;ICONCH1;2026-10-11T22:00;1.6;2.7;14.0;11.2;0.0;72.0;8.0;67.0;0.0;72.0;46.179794;4.782837;176.0;2026-10-10T19:15:00+02:00;2026-10-10T22:38:17+02:00;8238d2e49365
2026-10-11;st_romain_des_iles;ICONCH1;2026-10-11T23:00;1.8;3.3;49.0;10.0;0.0;64.0;0.0;64.0;0.0;64.0;46.179794;4.782837;176.0;2026-10-10T19:15:00+02:00;2026-10-10T22:38:17+02:00;8238d2e49365
2026-10-11;st_romain_des_iles;ICONCH1;2026-10-12T00:00;0.5;2.5;45.0;10.0;0.0;62.0;0.0;62.0;0.0;62.0;46.179794;4.782837;176.0;2026-10-10T19:15:00+02:00;2026-10-10T22:38:17+02:00;8238d2e49365
2026-10-11;treffort;AROMEHD;2026-10-11T01:00;5.4;10.7;345.0;11.6;0.0;;100.0;0.0;0.0;100.0;44.91;5.6800003;0.0;2026-10-10T19:15:00+02:00;2026-10-10T22:38:17+02:00;8238d2e49365
2026-10-11;treffort;AROMEHD;2026-10-11T02:00;6.6;13.2;336.0;11.5;0.0;;100.0;0.0;0.0;100.0;44.91;5.6800003;0.0;2026-10-10T19:15:00+02:00;2026-10-10T22:38:17+02:00;8238d2e49365
2026-10-11;treffort;AROMEHD;2026-10-11T03:00;6.3;13.2;330.0;11.2;0.0;;33.0;0.0;0.0;33.0;44.91;5.6800003;0.0;2026-10-10T19:15:00+02:00;2026-10-10T22:38:17+02:00;8238d2e49365
2026-10-11;treffort;AROMEHD;2026-10-11T04:00;5.6;12.2;326.0;10.7;0.0;;11.0;0.0;0.0;11.0;44.91;5.6800003;0.0;2026-10-10T19:15:00+02:00;2026-10-10T22:38:17+02:00;8238d2e49365
2026-10-11;treffort;AROMEHD;2026-10-11T05:00;4.8;11.1;333.0;10.3;0.0;;50.0;0.0;95.0;95.0;44.91;5.6800003;0.0;2026-10-10T19:15:00+02:00;2026-10-10T22:38:17+02:00;8238d2e49365
2026-10-11;treffort;AROMEHD;2026-10-11T06:00;4.7;9.5;325.0;9.9;0.0;;36.0;0.0;100.0;100.0;44.91;5.6800003;0.0;2026-10-10T19:15:00+02:00;2026-10-10T22:38:17+02:00;8238d2e49365
2026-10-11;treffort;AROMEHD;2026-10-11T07:00;5.0;9.3;324.0;9.7;0.0;;5.0;0.0;100.0;100.0;44.91;5.6800003;0.0;2026-10-10T19:15:00+02:00;2026-10-10T22:38:17+02:00;8238d2e49365
2026-10-11;treffort;AROMEHD;2026-10-11T08:00;5.5;10.3;321.0;9.5;0.0;;66.0;0.0;99.0;99.0;44.91;5.6800003;0.0;2026-10-10T19:15:00+02:00;2026-10-10T22:38:17+02:00;8238d2e49365
2026-10-11;treffort;AROMEHD;2026-10-11T09:00;4.8;11.3;328.0;9.8;0.0;;81.0;0.0;72.0;81.0;44.91;5.6800003;0.0;2026-10-10T19:15:00+02:00;2026-10-10T22:38:17+02:00;8238d2e49365
2026-10-11;treffort;AROMEHD;2026-10-11T10:00;5.0;10.1;334.0;10.4;0.0;;100.0;0.0;14.0;100.0;44.91;5.6800003;0.0;2026-10-10T19:15:00+02:00;2026-10-10T22:38:17+02:00;8238d2e49365
2026-10-11;treffort;AROMEHD;2026-10-11T11:00;5.7;11.9;338.0;11.4;0.0;;19.0;0.0;35.0;35.0;44.91;5.6800003;0.0;2026-10-10T19:15:00+02:00;2026-10-10T22:38:17+02:00;8238d2e49365
2026-10-11;treffort;AROMEHD;2026-10-11T12:00;6.9;14.0;350.0;12.3;0.0;;12.0;93.0;99.0;99.0;44.91;5.6800003;0.0;2026-10-10T19:15:00+02:00;2026-10-10T22:38:17+02:00;8238d2e49365
2026-10-11;treffort;AROMEHD;2026-10-11T13:00;6.9;14.4;352.0;13.1;0.0;;12.0;8.0;100.0;100.0;44.91;5.6800003;0.0;2026-10-10T19:15:00+02:00;2026-10-10T22:38:17+02:00;8238d2e49365
2026-10-11;treffort;AROMEHD;2026-10-11T14:00;7.2;15.4;355.0;13.5;0.0;;3.0;7.0;100.0;100.0;44.91;5.6800003;0.0;2026-10-10T19:15:00+02:00;2026-10-10T22:38:17+02:00;8238d2e49365
2026-10-11;treffort;AROMEHD;2026-10-11T15:00;7.9;17.9;340.0;13.5;0.0;;0.0;89.0;100.0;100.0;44.91;5.6800003;0.0;2026-10-10T19:15:00+02:00;2026-10-10T22:38:17+02:00;8238d2e49365
2026-10-11;treffort;AROMEHD;2026-10-11T16:00;7.9;16.3;351.0;13.4;0.0;;0.0;33.0;100.0;100.0;44.91;5.6800003;0.0;2026-10-10T19:15:00+02:00;2026-10-10T22:38:17+02:00;8238d2e49365
2026-10-11;treffort;AROMEHD;2026-10-11T17:00;7.7;17.3;344.0;13.0;0.0;;0.0;100.0;100.0;100.0;44.91;5.6800003;0.0;2026-10-10T19:15:00+02:00;2026-10-10T22:38:17+02:00;8238d2e49365
2026-10-11;treffort;AROMEHD;2026-10-11T18:00;6.6;15.7;336.0;12.5;0.0;;0.0;71.0;100.0;100.0;44.91;5.6800003;0.0;2026-10-10T19:15:00+02:00;2026-10-10T22:38:17+02:00;8238d2e49365
2026-10-11;treffort;AROMEHD;2026-10-11T19:00;5.3;13.4;343.0;11.8;0.0;;0.0;7.0;95.0;95.0;44.91;5.6800003;0.0;2026-10-10T19:15:00+02:00;2026-10-10T22:38:17+02:00;8238d2e49365
2026-10-11;treffort;AROMEHD;2026-10-11T20:00;4.7;10.5;322.0;11.1;0.0;;0.0;0.0;0.0;0.0;44.91;5.6800003;0.0;2026-10-10T19:15:00+02:00;2026-10-10T22:38:17+02:00;8238d2e49365
2026-10-11;treffort;AROMEHD;2026-10-11T21:00;4.3;8.9;309.0;10.3;0.0;;0.0;0.0;0.0;0.0;44.91;5.6800003;0.0;2026-10-10T19:15:00+02:00;2026-10-10T22:38:17+02:00;8238d2e49365
2026-10-11;treffort;AROMEHD;2026-10-11T22:00;4.0;8.0;309.0;9.7;0.0;;0.0;45.0;0.0;45.0;44.91;5.6800003;0.0;2026-10-10T19:15:00+02:00;2026-10-10T22:38:17+02:00;8238d2e49365
2026-10-11;treffort;AROMEHD;2026-10-11T23:00;2.8;7.2;304.0;9.5;0.0;;0.0;14.0;0.0;14.0;44.91;5.6800003;0.0;2026-10-10T19:15:00+02:00;2026-10-10T22:38:17+02:00;8238d2e49365
2026-10-11;treffort;AROMEHD;2026-10-12T00:00;2.6;4.9;283.0;9.2;0.0;;0.0;0.0;0.0;0.0;44.91;5.6800003;0.0;2026-10-10T19:15:00+02:00;2026-10-10T22:38:17+02:00;8238d2e49365
2026-10-11;treffort;ICONCH1;2026-10-11T01:00;7.3;12.4;328.0;12.9;0.0;60.0;60.0;0.0;0.0;60.0;44.905636;5.680298;502.0;2026-10-10T19:15:00+02:00;2026-10-10T22:38:17+02:00;8238d2e49365
2026-10-11;treffort;ICONCH1;2026-10-11T02:00;7.2;12.4;322.0;12.3;0.0;77.0;77.0;0.0;0.0;77.0;44.905636;5.680298;502.0;2026-10-10T19:15:00+02:00;2026-10-10T22:38:17+02:00;8238d2e49365
2026-10-11;treffort;ICONCH1;2026-10-11T03:00;7.3;12.6;312.0;11.9;0.0;60.0;60.0;0.0;0.0;60.0;44.905636;5.680298;502.0;2026-10-10T19:15:00+02:00;2026-10-10T22:38:17+02:00;8238d2e49365
2026-10-11;treffort;ICONCH1;2026-10-11T04:00;5.8;12.2;310.0;11.7;0.0;100.0;74.0;0.0;100.0;100.0;44.905636;5.680298;502.0;2026-10-10T19:15:00+02:00;2026-10-10T22:38:17+02:00;8238d2e49365
2026-10-11;treffort;ICONCH1;2026-10-11T05:00;4.9;9.9;315.0;11.5;0.0;100.0;91.0;0.0;100.0;100.0;44.905636;5.680298;502.0;2026-10-10T19:15:00+02:00;2026-10-10T22:38:17+02:00;8238d2e49365
2026-10-11;treffort;ICONCH1;2026-10-11T06:00;4.6;8.4;320.0;11.4;0.0;100.0;100.0;0.0;100.0;100.0;44.905636;5.680298;502.0;2026-10-10T19:15:00+02:00;2026-10-10T22:38:17+02:00;8238d2e49365
2026-10-11;treffort;ICONCH1;2026-10-11T07:00;4.7;8.2;322.0;11.2;0.0;100.0;97.0;0.0;100.0;100.0;44.905636;5.680298;502.0;2026-10-10T19:15:00+02:00;2026-10-10T22:38:17+02:00;8238d2e49365
2026-10-11;treffort;ICONCH1;2026-10-11T08:00;5.8;10.1;320.0;10.9;0.0;100.0;100.0;3.0;100.0;100.0;44.905636;5.680298;502.0;2026-10-10T19:15:00+02:00;2026-10-10T22:38:17+02:00;8238d2e49365
2026-10-11;treffort;ICONCH1;2026-10-11T09:00;6.0;10.7;327.0;10.9;0.0;99.0;91.0;80.0;95.0;99.0;44.905636;5.680298;502.0;2026-10-10T19:15:00+02:00;2026-10-10T22:38:17+02:00;8238d2e49365
2026-10-11;treffort;ICONCH1;2026-10-11T10:00;6.3;11.1;342.0;11.2;0.0;100.0;100.0;77.0;62.0;100.0;44.905636;5.680298;502.0;2026-10-10T19:15:00+02:00;2026-10-10T22:38:17+02:00;8238d2e49365
2026-10-11;treffort;ICONCH1;2026-10-11T11:00;6.5;11.9;351.0;11.7;0.0;98.0;97.0;75.0;80.0;98.0;44.905636;5.680298;502.0;2026-10-10T19:15:00+02:00;2026-10-10T22:38:17+02:00;8238d2e49365
2026-10-11;treffort;ICONCH1;2026-10-11T12:00;8.9;15.6;350.0;12.7;0.0;100.0;78.0;72.0;100.0;100.0;44.905636;5.680298;502.0;2026-10-10T19:15:00+02:00;2026-10-10T22:38:17+02:00;8238d2e49365
2026-10-11;treffort;ICONCH1;2026-10-11T13:00;10.8;18.9;354.0;13.6;0.0;100.0;0.0;68.0;98.0;100.0;44.905636;5.680298;502.0;2026-10-10T19:15:00+02:00;2026-10-10T22:38:17+02:00;8238d2e49365
2026-10-11;treffort;ICONCH1;2026-10-11T14:00;10.8;19.4;354.0;14.3;0.0;100.0;0.0;76.0;100.0;100.0;44.905636;5.680298;502.0;2026-10-10T19:15:00+02:00;2026-10-10T22:38:17+02:00;8238d2e49365
2026-10-11;treffort;ICONCH1;2026-10-11T15:00;11.0;19.2;346.0;14.6;0.0;100.0;0.0;68.0;100.0;100.0;44.905636;5.680298;502.0;2026-10-10T19:15:00+02:00;2026-10-10T22:38:17+02:00;8238d2e49365
2026-10-11;treffort;ICONCH1;2026-10-11T16:00;9.9;19.4;356.0;14.2;0.0;100.0;0.0;67.0;100.0;100.0;44.905636;5.680298;502.0;2026-10-10T19:15:00+02:00;2026-10-10T22:38:17+02:00;8238d2e49365
2026-10-11;treffort;ICONCH1;2026-10-11T17:00;10.5;18.5;345.0;13.9;0.0;96.0;0.0;41.0;90.0;96.0;44.905636;5.680298;502.0;2026-10-10T19:15:00+02:00;2026-10-10T22:38:17+02:00;8238d2e49365
2026-10-11;treffort;ICONCH1;2026-10-11T18:00;8.3;17.9;339.0;13.3;0.0;100.0;10.0;69.0;100.0;100.0;44.905636;5.680298;502.0;2026-10-10T19:15:00+02:00;2026-10-10T22:38:17+02:00;8238d2e49365
2026-10-11;treffort;ICONCH1;2026-10-11T19:00;7.3;14.2;320.0;12.7;0.0;100.0;39.0;67.0;100.0;100.0;44.905636;5.680298;502.0;2026-10-10T19:15:00+02:00;2026-10-10T22:38:17+02:00;8238d2e49365
2026-10-11;treffort;ICONCH1;2026-10-11T20:00;6.9;12.4;315.0;12.2;0.0;95.0;37.0;88.0;0.0;95.0;44.905636;5.680298;502.0;2026-10-10T19:15:00+02:00;2026-10-10T22:38:17+02:00;8238d2e49365
2026-10-11;treffort;ICONCH1;2026-10-11T21:00;2.8;11.5;326.0;11.8;0.0;81.0;37.0;65.0;0.0;81.0;44.905636;5.680298;502.0;2026-10-10T19:15:00+02:00;2026-10-10T22:38:17+02:00;8238d2e49365
2026-10-11;treffort;ICONCH1;2026-10-11T22:00;2.1;4.7;275.0;11.1;0.0;81.0;27.0;68.0;0.0;81.0;44.905636;5.680298;502.0;2026-10-10T19:15:00+02:00;2026-10-10T22:38:17+02:00;8238d2e49365
2026-10-11;treffort;ICONCH1;2026-10-11T23:00;0.6;3.3;288.0;10.5;0.0;81.0;39.0;65.0;0.0;81.0;44.905636;5.680298;502.0;2026-10-10T19:15:00+02:00;2026-10-10T22:38:17+02:00;8238d2e49365
2026-10-11;treffort;ICONCH1;2026-10-12T00:00;1.0;1.2;259.0;10.1;0.0;69.0;55.0;38.0;0.0;69.0;44.905636;5.680298;502.0;2026-10-10T19:15:00+02:00;2026-10-10T22:38:17+02:00;8238d2e49365
2026-10-11;vengeron;AROMEHD;2026-10-11T01:00;2.6;3.9;222.0;13.8;0.0;;94.0;0.0;0.0;94.0;46.25;6.17;0.0;2026-10-10T19:15:00+02:00;2026-10-10T22:38:17+02:00;8238d2e49365
2026-10-11;vengeron;AROMEHD;2026-10-11T02:00;4.3;5.1;243.0;12.4;0.0;;54.0;0.0;0.0;54.0;46.25;6.17;0.0;2026-10-10T19:15:00+02:00;2026-10-10T22:38:17+02:00;8238d2e49365
2026-10-11;vengeron;AROMEHD;2026-10-11T03:00;4.9;5.8;270.0;12.0;0.0;;100.0;0.0;0.0;100.0;46.25;6.17;0.0;2026-10-10T19:15:00+02:00;2026-10-10T22:38:17+02:00;8238d2e49365
2026-10-11;vengeron;AROMEHD;2026-10-11T04:00;6.5;8.7;207.0;13.0;0.0;;96.0;0.0;0.0;96.0;46.25;6.17;0.0;2026-10-10T19:15:00+02:00;2026-10-10T22:38:17+02:00;8238d2e49365
2026-10-11;vengeron;AROMEHD;2026-10-11T05:00;4.0;8.6;223.0;12.3;0.0;;63.0;0.0;15.0;63.0;46.25;6.17;0.0;2026-10-10T19:15:00+02:00;2026-10-10T22:38:17+02:00;8238d2e49365
2026-10-11;vengeron;AROMEHD;2026-10-11T06:00;4.2;5.8;242.0;10.9;0.0;;99.0;0.0;100.0;100.0;46.25;6.17;0.0;2026-10-10T19:15:00+02:00;2026-10-10T22:38:17+02:00;8238d2e49365
2026-10-11;vengeron;AROMEHD;2026-10-11T07:00;3.9;6.6;233.0;11.4;0.0;;99.0;0.0;100.0;100.0;46.25;6.17;0.0;2026-10-10T19:15:00+02:00;2026-10-10T22:38:17+02:00;8238d2e49365
2026-10-11;vengeron;AROMEHD;2026-10-11T08:00;3.5;5.8;264.0;10.7;0.0;;91.0;0.0;100.0;100.0;46.25;6.17;0.0;2026-10-10T19:15:00+02:00;2026-10-10T22:38:17+02:00;8238d2e49365
2026-10-11;vengeron;AROMEHD;2026-10-11T09:00;2.8;4.9;254.0;11.3;0.0;;95.0;0.0;100.0;100.0;46.25;6.17;0.0;2026-10-10T19:15:00+02:00;2026-10-10T22:38:17+02:00;8238d2e49365
2026-10-11;vengeron;AROMEHD;2026-10-11T10:00;4.1;6.0;221.0;12.0;0.0;;100.0;0.0;100.0;100.0;46.25;6.17;0.0;2026-10-10T19:15:00+02:00;2026-10-10T22:38:17+02:00;8238d2e49365
2026-10-11;vengeron;AROMEHD;2026-10-11T11:00;4.2;6.4;193.0;12.6;0.0;;63.0;0.0;100.0;100.0;46.25;6.17;0.0;2026-10-10T19:15:00+02:00;2026-10-10T22:38:17+02:00;8238d2e49365
2026-10-11;vengeron;AROMEHD;2026-10-11T12:00;2.6;6.4;189.0;13.5;0.0;;0.0;67.0;100.0;100.0;46.25;6.17;0.0;2026-10-10T19:15:00+02:00;2026-10-10T22:38:17+02:00;8238d2e49365
2026-10-11;vengeron;AROMEHD;2026-10-11T13:00;2.1;4.1;124.0;13.9;0.0;;0.0;99.0;100.0;100.0;46.25;6.17;0.0;2026-10-10T19:15:00+02:00;2026-10-10T22:38:17+02:00;8238d2e49365
2026-10-11;vengeron;AROMEHD;2026-10-11T14:00;0.3;2.9;135.0;14.4;0.0;;0.0;46.0;100.0;100.0;46.25;6.17;0.0;2026-10-10T19:15:00+02:00;2026-10-10T22:38:17+02:00;8238d2e49365
2026-10-11;vengeron;AROMEHD;2026-10-11T15:00;1.0;1.7;22.0;15.0;0.0;;0.0;92.0;100.0;100.0;46.25;6.17;0.0;2026-10-10T19:15:00+02:00;2026-10-10T22:38:17+02:00;8238d2e49365
2026-10-11;vengeron;AROMEHD;2026-10-11T16:00;5.0;6.8;28.0;15.7;0.0;;0.0;100.0;100.0;100.0;46.25;6.17;0.0;2026-10-10T19:15:00+02:00;2026-10-10T22:38:17+02:00;8238d2e49365
2026-10-11;vengeron;AROMEHD;2026-10-11T17:00;6.9;9.7;32.0;15.8;0.0;;0.0;100.0;100.0;100.0;46.25;6.17;0.0;2026-10-10T19:15:00+02:00;2026-10-10T22:38:17+02:00;8238d2e49365
2026-10-11;vengeron;AROMEHD;2026-10-11T18:00;6.6;9.7;38.0;15.7;0.0;;0.0;100.0;100.0;100.0;46.25;6.17;0.0;2026-10-10T19:15:00+02:00;2026-10-10T22:38:17+02:00;8238d2e49365
2026-10-11;vengeron;AROMEHD;2026-10-11T19:00;6.3;8.9;26.0;15.8;0.0;;0.0;100.0;100.0;100.0;46.25;6.17;0.0;2026-10-10T19:15:00+02:00;2026-10-10T22:38:17+02:00;8238d2e49365
2026-10-11;vengeron;AROMEHD;2026-10-11T20:00;7.2;9.5;347.0;14.9;0.0;;0.0;100.0;1.0;100.0;46.25;6.17;0.0;2026-10-10T19:15:00+02:00;2026-10-10T22:38:17+02:00;8238d2e49365
2026-10-11;vengeron;AROMEHD;2026-10-11T21:00;6.3;9.5;326.0;14.1;0.0;;0.0;100.0;0.0;100.0;46.25;6.17;0.0;2026-10-10T19:15:00+02:00;2026-10-10T22:38:17+02:00;8238d2e49365
2026-10-11;vengeron;AROMEHD;2026-10-11T22:00;6.3;8.4;83.0;13.7;0.0;;0.0;43.0;0.0;43.0;46.25;6.17;0.0;2026-10-10T19:15:00+02:00;2026-10-10T22:38:17+02:00;8238d2e49365
2026-10-11;vengeron;AROMEHD;2026-10-11T23:00;7.9;10.7;65.0;13.9;0.0;;0.0;0.0;0.0;0.0;46.25;6.17;0.0;2026-10-10T19:15:00+02:00;2026-10-10T22:38:17+02:00;8238d2e49365
2026-10-11;vengeron;AROMEHD;2026-10-12T00:00;7.2;10.3;66.0;12.9;0.0;;0.0;0.0;0.0;0.0;46.25;6.17;0.0;2026-10-10T19:15:00+02:00;2026-10-10T22:38:17+02:00;8238d2e49365
2026-10-11;vengeron;ICONCH1;2026-10-11T01:00;2.8;4.3;236.0;12.9;0.0;59.0;59.0;0.0;0.0;59.0;46.24517;6.166931;0.0;2026-10-10T19:15:00+02:00;2026-10-10T22:38:17+02:00;8238d2e49365
2026-10-11;vengeron;ICONCH1;2026-10-11T02:00;2.8;3.9;236.0;12.8;0.0;51.0;51.0;0.0;0.0;51.0;46.24517;6.166931;0.0;2026-10-10T19:15:00+02:00;2026-10-10T22:38:17+02:00;8238d2e49365
2026-10-11;vengeron;ICONCH1;2026-10-11T03:00;1.8;3.9;238.0;12.4;0.0;0.0;0.0;0.0;0.0;0.0;46.24517;6.166931;0.0;2026-10-10T19:15:00+02:00;2026-10-10T22:38:17+02:00;8238d2e49365
2026-10-11;vengeron;ICONCH1;2026-10-11T04:00;2.5;3.5;203.0;12.6;0.0;0.0;0.0;0.0;0.0;0.0;46.24517;6.166931;0.0;2026-10-10T19:15:00+02:00;2026-10-10T22:38:17+02:00;8238d2e49365
2026-10-11;vengeron;ICONCH1;2026-10-11T05:00;3.7;5.1;231.0;11.9;0.0;54.0;0.0;0.0;54.0;54.0;46.24517;6.166931;0.0;2026-10-10T19:15:00+02:00;2026-10-10T22:38:17+02:00;8238d2e49365
2026-10-11;vengeron;ICONCH1;2026-10-11T06:00;4.4;5.6;232.0;11.5;0.0;95.0;48.0;0.0;85.0;95.0;46.24517;6.166931;0.0;2026-10-10T19:15:00+02:00;2026-10-10T22:38:17+02:00;8238d2e49365
2026-10-11;vengeron;ICONCH1;2026-10-11T07:00;4.0;5.8;235.0;11.1;0.0;96.0;61.0;0.0;86.0;96.0;46.24517;6.166931;0.0;2026-10-10T19:15:00+02:00;2026-10-10T22:38:17+02:00;8238d2e49365
2026-10-11;vengeron;ICONCH1;2026-10-11T08:00;3.6;5.4;257.0;10.3;0.0;97.0;38.0;0.0;92.0;97.0;46.24517;6.166931;0.0;2026-10-10T19:15:00+02:00;2026-10-10T22:38:17+02:00;8238d2e49365
2026-10-11;vengeron;ICONCH1;2026-10-11T09:00;3.7;4.9;252.0;10.0;0.0;100.0;40.0;0.0;100.0;100.0;46.24517;6.166931;0.0;2026-10-10T19:15:00+02:00;2026-10-10T22:38:17+02:00;8238d2e49365
2026-10-11;vengeron;ICONCH1;2026-10-11T10:00;3.3;4.9;216.0;10.8;0.0;100.0;20.0;0.0;100.0;100.0;46.24517;6.166931;0.0;2026-10-10T19:15:00+02:00;2026-10-10T22:38:17+02:00;8238d2e49365
2026-10-11;vengeron;ICONCH1;2026-10-11T11:00;2.7;4.5;184.0;11.9;0.0;100.0;0.0;55.0;100.0;100.0;46.24517;6.166931;0.0;2026-10-10T19:15:00+02:00;2026-10-10T22:38:17+02:00;8238d2e49365
2026-10-11;vengeron;ICONCH1;2026-10-11T12:00;2.3;4.5;185.0;13.2;0.0;81.0;0.0;55.0;72.0;81.0;46.24517;6.166931;0.0;2026-10-10T19:15:00+02:00;2026-10-10T22:38:17+02:00;8238d2e49365
2026-10-11;vengeron;ICONCH1;2026-10-11T13:00;1.9;3.3;156.0;14.3;0.0;81.0;0.0;80.0;67.0;81.0;46.24517;6.166931;0.0;2026-10-10T19:15:00+02:00;2026-10-10T22:38:17+02:00;8238d2e49365
2026-10-11;vengeron;ICONCH1;2026-10-11T14:00;1.8;2.7;139.0;15.1;0.0;98.0;0.0;96.0;65.0;98.0;46.24517;6.166931;0.0;2026-10-10T19:15:00+02:00;2026-10-10T22:38:17+02:00;8238d2e49365
2026-10-11;vengeron;ICONCH1;2026-10-11T15:00;4.0;5.2;104.0;15.8;0.0;89.0;0.0;70.0;65.0;89.0;46.24517;6.166931;0.0;2026-10-10T19:15:00+02:00;2026-10-10T22:38:17+02:00;8238d2e49365
2026-10-11;vengeron;ICONCH1;2026-10-11T16:00;4.3;6.0;80.0;16.5;0.0;84.0;0.0;5.0;81.0;84.0;46.24517;6.166931;0.0;2026-10-10T19:15:00+02:00;2026-10-10T22:38:17+02:00;8238d2e49365
2026-10-11;vengeron;ICONCH1;2026-10-11T17:00;2.6;5.6;73.0;16.5;0.0;61.0;0.0;0.0;61.0;61.0;46.24517;6.166931;0.0;2026-10-10T19:15:00+02:00;2026-10-10T22:38:17+02:00;8238d2e49365
2026-10-11;vengeron;ICONCH1;2026-10-11T18:00;3.6;4.9;45.0;16.7;0.0;100.0;0.0;75.0;100.0;100.0;46.24517;6.166931;0.0;2026-10-10T19:15:00+02:00;2026-10-10T22:38:17+02:00;8238d2e49365
2026-10-11;vengeron;ICONCH1;2026-10-11T19:00;6.0;8.0;335.0;15.3;0.0;99.0;37.0;80.0;96.0;99.0;46.24517;6.166931;0.0;2026-10-10T19:15:00+02:00;2026-10-10T22:38:17+02:00;8238d2e49365
2026-10-11;vengeron;ICONCH1;2026-10-11T20:00;8.6;11.1;324.0;14.3;0.0;100.0;15.0;52.0;100.0;100.0;46.24517;6.166931;0.0;2026-10-10T19:15:00+02:00;2026-10-10T22:38:17+02:00;8238d2e49365
2026-10-11;vengeron;ICONCH1;2026-10-11T21:00;3.7;11.3;354.0;13.9;0.0;92.0;47.0;80.0;0.0;92.0;46.24517;6.166931;0.0;2026-10-10T19:15:00+02:00;2026-10-10T22:38:17+02:00;8238d2e49365
2026-10-11;vengeron;ICONCH1;2026-10-11T22:00;4.9;6.6;67.0;13.7;0.0;94.0;55.0;81.0;0.0;94.0;46.24517;6.166931;0.0;2026-10-10T19:15:00+02:00;2026-10-10T22:38:17+02:00;8238d2e49365
2026-10-11;vengeron;ICONCH1;2026-10-11T23:00;6.8;9.3;59.0;13.1;0.0;90.0;48.0;75.0;0.0;90.0;46.24517;6.166931;0.0;2026-10-10T19:15:00+02:00;2026-10-10T22:38:17+02:00;8238d2e49365
2026-10-11;vengeron;ICONCH1;2026-10-12T00:00;4.2;8.7;28.0;13.2;0.0;69.0;2.0;67.0;0.0;69.0;46.24517;6.166931;0.0;2026-10-10T19:15:00+02:00;2026-10-10T22:38:17+02:00;8238d2e49365
2026-10-11;wwmeyzieu;AROMEHD;2026-10-11T01:00;3.6;5.4;283.0;12.1;0.0;;0.0;0.0;0.0;0.0;45.78;4.9799995;0.0;2026-10-10T19:15:00+02:00;2026-10-10T22:38:17+02:00;8238d2e49365
2026-10-11;wwmeyzieu;AROMEHD;2026-10-11T02:00;2.1;5.2;248.0;11.5;0.0;;5.0;0.0;0.0;5.0;45.78;4.9799995;0.0;2026-10-10T19:15:00+02:00;2026-10-10T22:38:17+02:00;8238d2e49365
2026-10-11;wwmeyzieu;AROMEHD;2026-10-11T03:00;3.5;3.9;128.0;10.8;0.0;;57.0;0.0;0.0;57.0;45.78;4.9799995;0.0;2026-10-10T19:15:00+02:00;2026-10-10T22:38:17+02:00;8238d2e49365
2026-10-11;wwmeyzieu;AROMEHD;2026-10-11T04:00;1.3;4.1;153.0;10.6;0.0;;62.0;0.0;100.0;100.0;45.78;4.9799995;0.0;2026-10-10T19:15:00+02:00;2026-10-10T22:38:17+02:00;8238d2e49365
2026-10-11;wwmeyzieu;AROMEHD;2026-10-11T05:00;1.1;1.6;211.0;10.3;0.0;;97.0;0.0;100.0;100.0;45.78;4.9799995;0.0;2026-10-10T19:15:00+02:00;2026-10-10T22:38:17+02:00;8238d2e49365
2026-10-11;wwmeyzieu;AROMEHD;2026-10-11T06:00;0.4;1.4;63.0;10.2;0.0;;21.0;0.0;100.0;100.0;45.78;4.9799995;0.0;2026-10-10T19:15:00+02:00;2026-10-10T22:38:17+02:00;8238d2e49365
2026-10-11;wwmeyzieu;AROMEHD;2026-10-11T07:00;0.6;0.8;180.0;10.2;0.0;;3.0;0.0;100.0;100.0;45.78;4.9799995;0.0;2026-10-10T19:15:00+02:00;2026-10-10T22:38:17+02:00;8238d2e49365
2026-10-11;wwmeyzieu;AROMEHD;2026-10-11T08:00;1.6;1.6;104.0;10.3;0.0;;2.0;0.0;98.0;98.0;45.78;4.9799995;0.0;2026-10-10T19:15:00+02:00;2026-10-10T22:38:17+02:00;8238d2e49365
2026-10-11;wwmeyzieu;AROMEHD;2026-10-11T09:00;0.7;1.7;146.0;10.5;0.0;;9.0;0.0;100.0;100.0;45.78;4.9799995;0.0;2026-10-10T19:15:00+02:00;2026-10-10T22:38:17+02:00;8238d2e49365
2026-10-11;wwmeyzieu;AROMEHD;2026-10-11T10:00;1.2;1.6;351.0;11.2;0.0;;1.0;0.0;100.0;100.0;45.78;4.9799995;0.0;2026-10-10T19:15:00+02:00;2026-10-10T22:38:17+02:00;8238d2e49365
2026-10-11;wwmeyzieu;AROMEHD;2026-10-11T11:00;1.4;3.1;360.0;12.3;0.0;;0.0;51.0;100.0;100.0;45.78;4.9799995;0.0;2026-10-10T19:15:00+02:00;2026-10-10T22:38:17+02:00;8238d2e49365
2026-10-11;wwmeyzieu;AROMEHD;2026-10-11T12:00;1.8;4.5;6.0;13.4;0.0;;0.0;100.0;100.0;100.0;45.78;4.9799995;0.0;2026-10-10T19:15:00+02:00;2026-10-10T22:38:17+02:00;8238d2e49365
2026-10-11;wwmeyzieu;AROMEHD;2026-10-11T13:00;5.4;9.7;2.0;14.7;0.0;;22.0;99.0;100.0;100.0;45.78;4.9799995;0.0;2026-10-10T19:15:00+02:00;2026-10-10T22:38:17+02:00;8238d2e49365
2026-10-11;wwmeyzieu;AROMEHD;2026-10-11T14:00;5.7;11.7;356.0;15.2;0.0;;17.0;100.0;100.0;100.0;45.78;4.9799995;0.0;2026-10-10T19:15:00+02:00;2026-10-10T22:38:17+02:00;8238d2e49365
2026-10-11;wwmeyzieu;AROMEHD;2026-10-11T15:00;6.4;12.1;355.0;15.6;0.0;;9.0;100.0;100.0;100.0;45.78;4.9799995;0.0;2026-10-10T19:15:00+02:00;2026-10-10T22:38:17+02:00;8238d2e49365
2026-10-11;wwmeyzieu;AROMEHD;2026-10-11T16:00;5.8;11.5;358.0;15.7;0.0;;13.0;100.0;100.0;100.0;45.78;4.9799995;0.0;2026-10-10T19:15:00+02:00;2026-10-10T22:38:17+02:00;8238d2e49365
2026-10-11;wwmeyzieu;AROMEHD;2026-10-11T17:00;5.3;9.9;10.0;15.6;0.0;;3.0;100.0;100.0;100.0;45.78;4.9799995;0.0;2026-10-10T19:15:00+02:00;2026-10-10T22:38:17+02:00;8238d2e49365
2026-10-11;wwmeyzieu;AROMEHD;2026-10-11T18:00;3.9;8.7;20.0;15.3;0.0;;1.0;100.0;100.0;100.0;45.78;4.9799995;0.0;2026-10-10T19:15:00+02:00;2026-10-10T22:38:17+02:00;8238d2e49365
2026-10-11;wwmeyzieu;AROMEHD;2026-10-11T19:00;3.4;6.0;24.0;14.6;0.0;;0.0;100.0;99.0;100.0;45.78;4.9799995;0.0;2026-10-10T19:15:00+02:00;2026-10-10T22:38:17+02:00;8238d2e49365
2026-10-11;wwmeyzieu;AROMEHD;2026-10-11T20:00;2.9;4.7;360.0;13.5;0.0;;0.0;100.0;1.0;100.0;45.78;4.9799995;0.0;2026-10-10T19:15:00+02:00;2026-10-10T22:38:17+02:00;8238d2e49365
2026-10-11;wwmeyzieu;AROMEHD;2026-10-11T21:00;2.4;3.5;346.0;12.5;0.0;;0.0;98.0;86.0;98.0;45.78;4.9799995;0.0;2026-10-10T19:15:00+02:00;2026-10-10T22:38:17+02:00;8238d2e49365
2026-10-11;wwmeyzieu;AROMEHD;2026-10-11T22:00;3.0;3.9;345.0;11.6;0.0;;0.0;99.0;1.0;99.0;45.78;4.9799995;0.0;2026-10-10T19:15:00+02:00;2026-10-10T22:38:17+02:00;8238d2e49365
2026-10-11;wwmeyzieu;AROMEHD;2026-10-11T23:00;2.1;3.9;304.0;11.1;0.0;;0.0;41.0;0.0;41.0;45.78;4.9799995;0.0;2026-10-10T19:15:00+02:00;2026-10-10T22:38:17+02:00;8238d2e49365
2026-10-11;wwmeyzieu;AROMEHD;2026-10-12T00:00;2.8;3.3;286.0;10.2;0.0;;0.0;0.0;0.0;0.0;45.78;4.9799995;0.0;2026-10-10T19:15:00+02:00;2026-10-10T22:38:17+02:00;8238d2e49365
2026-10-11;wwmeyzieu;ICONCH1;2026-10-11T01:00;2.9;5.4;250.0;12.5;0.0;72.0;72.0;0.0;0.0;72.0;45.787823;4.9783936;0.0;2026-10-10T19:15:00+02:00;2026-10-10T22:38:17+02:00;8238d2e49365
2026-10-11;wwmeyzieu;ICONCH1;2026-10-11T02:00;1.4;4.9;262.0;12.4;0.0;51.0;51.0;0.0;0.0;51.0;45.787823;4.9783936;0.0;2026-10-10T19:15:00+02:00;2026-10-10T22:38:17+02:00;8238d2e49365
2026-10-11;wwmeyzieu;ICONCH1;2026-10-11T03:00;1.4;2.7;286.0;12.0;0.0;95.0;21.0;0.0;90.0;95.0;45.787823;4.9783936;0.0;2026-10-10T19:15:00+02:00;2026-10-10T22:38:17+02:00;8238d2e49365
2026-10-11;wwmeyzieu;ICONCH1;2026-10-11T04:00;2.5;3.5;288.0;11.1;0.0;100.0;51.0;0.0;100.0;100.0;45.787823;4.9783936;0.0;2026-10-10T19:15:00+02:00;2026-10-10T22:38:17+02:00;8238d2e49365
2026-10-11;wwmeyzieu;ICONCH1;2026-10-11T05:00;0.8;3.9;270.0;11.0;0.0;100.0;6.0;0.0;100.0;100.0;45.787823;4.9783936;0.0;2026-10-10T19:15:00+02:00;2026-10-10T22:38:17+02:00;8238d2e49365
2026-10-11;wwmeyzieu;ICONCH1;2026-10-11T06:00;1.2;1.7;81.0;11.0;0.0;89.0;2.0;0.0;88.0;89.0;45.787823;4.9783936;0.0;2026-10-10T19:15:00+02:00;2026-10-10T22:38:17+02:00;8238d2e49365
2026-10-11;wwmeyzieu;ICONCH1;2026-10-11T07:00;2.2;3.1;75.0;9.6;0.0;93.0;14.0;0.0;85.0;93.0;45.787823;4.9783936;0.0;2026-10-10T19:15:00+02:00;2026-10-10T22:38:17+02:00;8238d2e49365
2026-10-11;wwmeyzieu;ICONCH1;2026-10-11T08:00;3.0;4.7;75.0;8.5;0.0;100.0;77.0;0.0;100.0;100.0;45.787823;4.9783936;0.0;2026-10-10T19:15:00+02:00;2026-10-10T22:38:17+02:00;8238d2e49365
2026-10-11;wwmeyzieu;ICONCH1;2026-10-11T09:00;2.7;4.7;69.0;8.3;0.0;100.0;43.0;100.0;100.0;100.0;45.787823;4.9783936;0.0;2026-10-10T19:15:00+02:00;2026-10-10T22:38:17+02:00;8238d2e49365
2026-10-11;wwmeyzieu;ICONCH1;2026-10-11T10:00;1.1;4.5;31.0;10.0;0.0;95.0;0.0;86.0;93.0;95.0;45.787823;4.9783936;0.0;2026-10-10T19:15:00+02:00;2026-10-10T22:38:17+02:00;8238d2e49365
2026-10-11;wwmeyzieu;ICONCH1;2026-10-11T11:00;1.9;3.9;360.0;12.3;0.0;63.0;0.0;64.0;13.0;64.0;45.787823;4.9783936;0.0;2026-10-10T19:15:00+02:00;2026-10-10T22:38:17+02:00;8238d2e49365
2026-10-11;wwmeyzieu;ICONCH1;2026-10-11T12:00;3.5;6.0;3.0;14.2;0.0;90.0;11.0;21.0;79.0;90.0;45.787823;4.9783936;0.0;2026-10-10T19:15:00+02:00;2026-10-10T22:38:17+02:00;8238d2e49365
2026-10-11;wwmeyzieu;ICONCH1;2026-10-11T13:00;6.4;10.5;12.0;15.5;0.0;93.0;42.0;60.0;63.0;93.0;45.787823;4.9783936;0.0;2026-10-10T19:15:00+02:00;2026-10-10T22:38:17+02:00;8238d2e49365
2026-10-11;wwmeyzieu;ICONCH1;2026-10-11T14:00;7.3;11.9;9.0;16.2;0.0;63.0;47.0;0.0;35.0;63.0;45.787823;4.9783936;0.0;2026-10-10T19:15:00+02:00;2026-10-10T22:38:17+02:00;8238d2e49365
2026-10-11;wwmeyzieu;ICONCH1;2026-10-11T15:00;7.4;12.4;360.0;16.6;0.0;93.0;37.0;19.0;83.0;93.0;45.787823;4.9783936;0.0;2026-10-10T19:15:00+02:00;2026-10-10T22:38:17+02:00;8238d2e49365
2026-10-11;wwmeyzieu;ICONCH1;2026-10-11T16:00;7.4;12.4;20.0;16.8;0.0;100.0;44.0;19.0;100.0;100.0;45.787823;4.9783936;0.0;2026-10-10T19:15:00+02:00;2026-10-10T22:38:17+02:00;8238d2e49365
2026-10-11;wwmeyzieu;ICONCH1;2026-10-11T17:00;6.7;13.6;12.0;16.7;0.0;100.0;73.0;63.0;100.0;100.0;45.787823;4.9783936;0.0;2026-10-10T19:15:00+02:00;2026-10-10T22:38:17+02:00;8238d2e49365
2026-10-11;wwmeyzieu;ICONCH1;2026-10-11T18:00;7.5;12.4;28.0;16.1;0.0;100.0;9.0;86.0;100.0;100.0;45.787823;4.9783936;0.0;2026-10-10T19:15:00+02:00;2026-10-10T22:38:17+02:00;8238d2e49365
2026-10-11;wwmeyzieu;ICONCH1;2026-10-11T19:00;5.2;11.5;15.0;15.1;0.0;99.0;49.0;94.0;92.0;99.0;45.787823;4.9783936;0.0;2026-10-10T19:15:00+02:00;2026-10-10T22:38:17+02:00;8238d2e49365
2026-10-11;wwmeyzieu;ICONCH1;2026-10-11T20:00;3.9;8.0;360.0;14.0;0.0;88.0;16.0;78.0;24.0;88.0;45.787823;4.9783936;0.0;2026-10-10T19:15:00+02:00;2026-10-10T22:38:17+02:00;8238d2e49365
2026-10-11;wwmeyzieu;ICONCH1;2026-10-11T21:00;4.1;6.4;352.0;13.3;0.0;75.0;0.0;75.0;0.0;75.0;45.787823;4.9783936;0.0;2026-10-10T19:15:00+02:00;2026-10-10T22:38:17+02:00;8238d2e49365
2026-10-11;wwmeyzieu;ICONCH1;2026-10-11T22:00;3.5;6.8;3.0;12.6;0.0;47.0;0.0;47.0;0.0;47.0;45.787823;4.9783936;0.0;2026-10-10T19:15:00+02:00;2026-10-10T22:38:17+02:00;8238d2e49365
2026-10-11;wwmeyzieu;ICONCH1;2026-10-11T23:00;2.9;5.2;360.0;12.0;0.0;33.0;0.0;33.0;0.0;33.0;45.787823;4.9783936;0.0;2026-10-10T19:15:00+02:00;2026-10-10T22:38:17+02:00;8238d2e49365
2026-10-11;wwmeyzieu;ICONCH1;2026-10-12T00:00;2.1;4.7;5.0;11.7;0.0;31.0;0.0;31.0;0.0;31.0;45.787823;4.9783936;0.0;2026-10-10T19:15:00+02:00;2026-10-10T22:38:17+02:00;8238d2e49365
