target_day;spot_key;model_key;valid_at;wind_speed_10m_kn;wind_gusts_10m_kn;wind_direction_10m_deg;temperature_2m_c;precipitation_mm;cloud_cover_pct;cloud_cover_low_pct;cloud_cover_mid_pct;cloud_cover_high_pct;cloud_cover_max_pct;grid_latitude;grid_longitude;grid_elevation_m;collecte_run_id;collecte_fetched_at;collecte_commit
2026-10-09;cap_des_seselets;AROMEHD;2026-10-09T01:00;10.9;17.5;341.0;13.6;0.0;;100.0;16.0;0.0;100.0;45.66;5.879999;0.0;2026-10-08T13:15:00+02:00;2026-10-08T14:10:32+02:00;21d835261d1e
2026-10-09;cap_des_seselets;AROMEHD;2026-10-09T02:00;10.0;16.1;351.0;13.6;0.0;;97.0;0.0;0.0;97.0;45.66;5.879999;0.0;2026-10-08T13:15:00+02:00;2026-10-08T14:10:32+02:00;21d835261d1e
2026-10-09;cap_des_seselets;AROMEHD;2026-10-09T03:00;11.3;16.3;348.0;13.4;0.0;;100.0;0.0;0.0;100.0;45.66;5.879999;0.0;2026-10-08T13:15:00+02:00;2026-10-08T14:10:32+02:00;21d835261d1e
2026-10-09;cap_des_seselets;AROMEHD;2026-10-09T04:00;8.4;16.3;13.0;13.0;0.0;;100.0;0.0;0.0;100.0;45.66;5.879999;0.0;2026-10-08T13:15:00+02:00;2026-10-08T14:10:32+02:00;21d835261d1e
2026-10-09;cap_des_seselets;AROMEHD;2026-10-09T05:00;7.4;12.8;20.0;12.8;0.0;;99.0;0.0;0.0;99.0;45.66;5.879999;0.0;2026-10-08T13:15:00+02:00;2026-10-08T14:10:32+02:00;21d835261d1e
2026-10-09;cap_des_seselets;AROMEHD;2026-10-09T06:00;7.2;11.3;19.0;12.7;0.0;;99.0;0.0;0.0;99.0;45.66;5.879999;0.0;2026-10-08T13:15:00+02:00;2026-10-08T14:10:32+02:00;21d835261d1e
2026-10-09;cap_des_seselets;AROMEHD;2026-10-09T07:00;7.1;11.1;17.0;12.5;0.0;;88.0;0.0;0.0;88.0;45.66;5.879999;0.0;2026-10-08T13:15:00+02:00;2026-10-08T14:10:32+02:00;21d835261d1e
2026-10-09;cap_des_seselets;AROMEHD;2026-10-09T08:00;7.5;10.9;12.0;12.3;0.0;;67.0;0.0;0.0;67.0;45.66;5.879999;0.0;2026-10-08T13:15:00+02:00;2026-10-08T14:10:32+02:00;21d835261d1e
2026-10-09;cap_des_seselets;AROMEHD;2026-10-09T09:00;8.6;13.2;347.0;12.6;0.0;;20.0;0.0;0.0;20.0;45.66;5.879999;0.0;2026-10-08T13:15:00+02:00;2026-10-08T14:10:32+02:00;21d835261d1e
2026-10-09;cap_des_seselets;AROMEHD;2026-10-09T10:00;9.5;13.4;359.0;12.3;0.0;;6.0;0.0;0.0;6.0;45.66;5.879999;0.0;2026-10-08T13:15:00+02:00;2026-10-08T14:10:32+02:00;21d835261d1e
2026-10-09;cap_des_seselets;AROMEHD;2026-10-09T11:00;9.6;13.4;13.0;12.4;0.0;;0.0;0.0;0.0;0.0;45.66;5.879999;0.0;2026-10-08T13:15:00+02:00;2026-10-08T14:10:32+02:00;21d835261d1e
2026-10-09;cap_des_seselets;AROMEHD;2026-10-09T12:00;9.1;13.2;11.0;13.1;0.0;;1.0;0.0;0.0;1.0;45.66;5.879999;0.0;2026-10-08T13:15:00+02:00;2026-10-08T14:10:32+02:00;21d835261d1e
2026-10-09;cap_des_seselets;AROMEHD;2026-10-09T13:00;7.5;12.6;345.0;14.3;0.0;;1.0;0.0;0.0;1.0;45.66;5.879999;0.0;2026-10-08T13:15:00+02:00;2026-10-08T14:10:32+02:00;21d835261d1e
2026-10-09;cap_des_seselets;AROMEHD;2026-10-09T14:00;7.6;11.7;337.0;15.2;0.0;;0.0;0.0;0.0;0.0;45.66;5.879999;0.0;2026-10-08T13:15:00+02:00;2026-10-08T14:10:32+02:00;21d835261d1e
2026-10-09;cap_des_seselets;AROMEHD;2026-10-09T15:00;7.5;12.2;339.0;15.9;0.0;;0.0;0.0;0.0;0.0;45.66;5.879999;0.0;2026-10-08T13:15:00+02:00;2026-10-08T14:10:32+02:00;21d835261d1e
2026-10-09;cap_des_seselets;AROMEHD;2026-10-09T16:00;6.8;11.3;340.0;16.3;0.0;;0.0;0.0;0.0;0.0;45.66;5.879999;0.0;2026-10-08T13:15:00+02:00;2026-10-08T14:10:32+02:00;21d835261d1e
2026-10-09;cap_des_seselets;AROMEHD;2026-10-09T17:00;6.5;9.9;333.0;16.5;0.0;;0.0;0.0;0.0;0.0;45.66;5.879999;0.0;2026-10-08T13:15:00+02:00;2026-10-08T14:10:32+02:00;21d835261d1e
2026-10-09;cap_des_seselets;AROMEHD;2026-10-09T18:00;5.2;9.5;312.0;16.6;0.0;;0.0;1.0;13.0;13.0;45.66;5.879999;0.0;2026-10-08T13:15:00+02:00;2026-10-08T14:10:32+02:00;21d835261d1e
2026-10-09;cap_des_seselets;AROMEHD;2026-10-09T19:00;5.9;9.1;304.0;16.2;0.0;;0.0;2.0;61.0;61.0;45.66;5.879999;0.0;2026-10-08T13:15:00+02:00;2026-10-08T14:10:32+02:00;21d835261d1e
2026-10-09;cap_des_seselets;AROMEHD;2026-10-09T20:00;4.3;6.4;172.0;14.1;0.0;;0.0;57.0;93.0;93.0;45.66;5.879999;0.0;2026-10-08T13:15:00+02:00;2026-10-08T14:10:32+02:00;21d835261d1e
2026-10-09;cap_des_seselets;AROMEHD;2026-10-09T21:00;4.1;5.8;163.0;13.5;0.0;;0.0;32.0;100.0;100.0;45.66;5.879999;0.0;2026-10-08T13:15:00+02:00;2026-10-08T14:10:32+02:00;21d835261d1e
2026-10-09;cap_des_seselets;AROMEHD;2026-10-09T22:00;2.7;5.8;176.0;13.2;0.0;;0.0;51.0;87.0;87.0;45.66;5.879999;0.0;2026-10-08T13:15:00+02:00;2026-10-08T14:10:32+02:00;21d835261d1e
2026-10-09;cap_des_seselets;AROMEHD;2026-10-09T23:00;3.2;4.3;166.0;12.8;0.0;;0.0;100.0;99.0;100.0;45.66;5.879999;0.0;2026-10-08T13:15:00+02:00;2026-10-08T14:10:32+02:00;21d835261d1e
2026-10-09;cap_des_seselets;AROMEHD;2026-10-10T00:00;2.4;4.5;145.0;12.4;0.0;;0.0;100.0;98.0;100.0;45.66;5.879999;0.0;2026-10-08T13:15:00+02:00;2026-10-08T14:10:32+02:00;21d835261d1e
2026-10-09;cap_des_seselets;ICONCH1;2026-10-09T01:00;12.5;16.5;16.0;14.0;0.0;74.0;58.0;53.0;0.0;74.0;45.66424;5.878174;0.0;2026-10-08T13:15:00+02:00;2026-10-08T14:10:32+02:00;21d835261d1e
2026-10-09;cap_des_seselets;ICONCH1;2026-10-09T02:00;13.2;17.5;19.0;13.6;0.0;75.0;50.0;52.0;0.0;75.0;45.66424;5.878174;0.0;2026-10-08T13:15:00+02:00;2026-10-08T14:10:32+02:00;21d835261d1e
2026-10-09;cap_des_seselets;ICONCH1;2026-10-09T03:00;11.3;17.3;27.0;13.2;0.0;86.0;77.0;36.0;0.0;86.0;45.66424;5.878174;0.0;2026-10-08T13:15:00+02:00;2026-10-08T14:10:32+02:00;21d835261d1e
2026-10-09;cap_des_seselets;ICONCH1;2026-10-09T04:00;10.3;14.8;27.0;12.8;0.0;88.0;80.0;16.0;0.0;88.0;45.66424;5.878174;0.0;2026-10-08T13:15:00+02:00;2026-10-08T14:10:32+02:00;21d835261d1e
2026-10-09;cap_des_seselets;ICONCH1;2026-10-09T05:00;9.9;13.4;22.0;12.8;0.0;91.0;84.0;26.0;0.0;91.0;45.66424;5.878174;0.0;2026-10-08T13:15:00+02:00;2026-10-08T14:10:32+02:00;21d835261d1e
2026-10-09;cap_des_seselets;ICONCH1;2026-10-09T06:00;9.7;13.0;25.0;12.7;0.0;95.0;90.0;26.0;0.0;95.0;45.66424;5.878174;0.0;2026-10-08T13:15:00+02:00;2026-10-08T14:10:32+02:00;21d835261d1e
2026-10-09;cap_des_seselets;ICONCH1;2026-10-09T07:00;9.3;12.4;26.0;12.6;0.0;83.0;83.0;0.0;0.0;83.0;45.66424;5.878174;0.0;2026-10-08T13:15:00+02:00;2026-10-08T14:10:32+02:00;21d835261d1e
2026-10-09;cap_des_seselets;ICONCH1;2026-10-09T08:00;9.9;12.8;20.0;13.0;0.0;77.0;77.0;0.0;0.0;77.0;45.66424;5.878174;0.0;2026-10-08T13:15:00+02:00;2026-10-08T14:10:32+02:00;21d835261d1e
2026-10-09;cap_des_seselets;ICONCH1;2026-10-09T09:00;10.4;13.4;17.0;13.1;0.0;63.0;63.0;0.0;0.0;63.0;45.66424;5.878174;0.0;2026-10-08T13:15:00+02:00;2026-10-08T14:10:32+02:00;21d835261d1e
2026-10-09;cap_des_seselets;ICONCH1;2026-10-09T10:00;10.3;13.6;4.0;13.7;0.0;42.0;42.0;0.0;0.0;42.0;45.66424;5.878174;0.0;2026-10-08T13:15:00+02:00;2026-10-08T14:10:32+02:00;21d835261d1e
2026-10-09;cap_des_seselets;ICONCH1;2026-10-09T11:00;10.6;14.0;352.0;14.1;0.0;55.0;55.0;0.0;0.0;55.0;45.66424;5.878174;0.0;2026-10-08T13:15:00+02:00;2026-10-08T14:10:32+02:00;21d835261d1e
2026-10-09;cap_des_seselets;ICONCH1;2026-10-09T12:00;8.9;13.8;345.0;14.5;0.0;67.0;67.0;0.0;0.0;67.0;45.66424;5.878174;0.0;2026-10-08T13:15:00+02:00;2026-10-08T14:10:32+02:00;21d835261d1e
2026-10-09;cap_des_seselets;ICONCH1;2026-10-09T13:00;9.2;11.9;319.0;14.7;0.0;56.0;56.0;0.0;0.0;56.0;45.66424;5.878174;0.0;2026-10-08T13:15:00+02:00;2026-10-08T14:10:32+02:00;21d835261d1e
2026-10-09;cap_des_seselets;ICONCH1;2026-10-09T14:00;10.0;13.2;316.0;15.3;0.0;60.0;60.0;0.0;0.0;60.0;45.66424;5.878174;0.0;2026-10-08T13:15:00+02:00;2026-10-08T14:10:32+02:00;21d835261d1e
2026-10-09;cap_des_seselets;ICONCH1;2026-10-09T15:00;10.4;13.6;313.0;15.9;0.0;85.0;85.0;0.0;0.0;85.0;45.66424;5.878174;0.0;2026-10-08T13:15:00+02:00;2026-10-08T14:10:32+02:00;21d835261d1e
2026-10-09;cap_des_seselets;ICONCH1;2026-10-09T16:00;7.4;13.6;317.0;16.3;0.0;78.0;78.0;0.0;0.0;78.0;45.66424;5.878174;0.0;2026-10-08T13:15:00+02:00;2026-10-08T14:10:32+02:00;21d835261d1e
2026-10-09;cap_des_seselets;ICONCH1;2026-10-09T17:00;7.0;9.5;321.0;16.5;0.0;68.0;65.0;5.0;0.0;68.0;45.66424;5.878174;0.0;2026-10-08T13:15:00+02:00;2026-10-08T14:10:32+02:00;21d835261d1e
2026-10-09;cap_des_seselets;ICONCH1;2026-10-09T18:00;8.4;10.7;316.0;16.4;0.0;78.0;61.0;35.0;0.0;78.0;45.66424;5.878174;0.0;2026-10-08T13:15:00+02:00;2026-10-08T14:10:32+02:00;21d835261d1e
2026-10-09;cap_des_seselets;ICONCH1;2026-10-09T19:00;11.2;14.4;310.0;16.2;0.0;87.0;77.0;15.0;0.0;87.0;45.66424;5.878174;0.0;2026-10-08T13:15:00+02:00;2026-10-08T14:10:32+02:00;21d835261d1e
2026-10-09;cap_des_seselets;ICONCH1;2026-10-09T20:00;10.6;16.3;314.0;16.0;0.0;100.0;81.0;11.0;100.0;100.0;45.66424;5.878174;0.0;2026-10-08T13:15:00+02:00;2026-10-08T14:10:32+02:00;21d835261d1e
2026-10-09;excenevex;AROMEHD;2026-10-09T01:00;14.4;19.8;30.0;13.0;0.0;;86.0;0.0;0.0;86.0;46.35;6.369999;0.0;2026-10-08T13:15:00+02:00;2026-10-08T14:10:32+02:00;21d835261d1e
2026-10-09;excenevex;AROMEHD;2026-10-09T02:00;14.7;19.8;28.0;12.9;0.0;;92.0;1.0;0.0;92.0;46.35;6.369999;0.0;2026-10-08T13:15:00+02:00;2026-10-08T14:10:32+02:00;21d835261d1e
2026-10-09;excenevex;AROMEHD;2026-10-09T03:00;14.8;20.2;30.0;12.8;0.0;;100.0;0.0;0.0;100.0;46.35;6.369999;0.0;2026-10-08T13:15:00+02:00;2026-10-08T14:10:32+02:00;21d835261d1e
2026-10-09;excenevex;AROMEHD;2026-10-09T04:00;15.3;20.6;33.0;12.9;0.0;;100.0;0.0;0.0;100.0;46.35;6.369999;0.0;2026-10-08T13:15:00+02:00;2026-10-08T14:10:32+02:00;21d835261d1e
2026-10-09;excenevex;AROMEHD;2026-10-09T05:00;15.3;20.2;29.0;12.6;0.0;;65.0;0.0;0.0;65.0;46.35;6.369999;0.0;2026-10-08T13:15:00+02:00;2026-10-08T14:10:32+02:00;21d835261d1e
2026-10-09;excenevex;AROMEHD;2026-10-09T06:00;15.3;20.4;30.0;12.4;0.0;;48.0;0.0;0.0;48.0;46.35;6.369999;0.0;2026-10-08T13:15:00+02:00;2026-10-08T14:10:32+02:00;21d835261d1e
2026-10-09;excenevex;AROMEHD;2026-10-09T07:00;14.9;20.2;36.0;12.4;0.0;;4.0;0.0;0.0;4.0;46.35;6.369999;0.0;2026-10-08T13:15:00+02:00;2026-10-08T14:10:32+02:00;21d835261d1e
2026-10-09;excenevex;AROMEHD;2026-10-09T08:00;14.4;19.8;35.0;12.2;0.0;;1.0;0.0;0.0;1.0;46.35;6.369999;0.0;2026-10-08T13:15:00+02:00;2026-10-08T14:10:32+02:00;21d835261d1e
2026-10-09;excenevex;AROMEHD;2026-10-09T09:00;13.1;19.0;37.0;12.3;0.0;;0.0;0.0;0.0;0.0;46.35;6.369999;0.0;2026-10-08T13:15:00+02:00;2026-10-08T14:10:32+02:00;21d835261d1e
2026-10-09;excenevex;AROMEHD;2026-10-09T10:00;12.4;17.5;40.0;12.3;0.0;;0.0;0.0;0.0;0.0;46.35;6.369999;0.0;2026-10-08T13:15:00+02:00;2026-10-08T14:10:32+02:00;21d835261d1e
2026-10-09;excenevex;AROMEHD;2026-10-09T11:00;12.9;17.5;49.0;12.6;0.0;;0.0;0.0;0.0;0.0;46.35;6.369999;0.0;2026-10-08T13:15:00+02:00;2026-10-08T14:10:32+02:00;21d835261d1e
2026-10-09;excenevex;AROMEHD;2026-10-09T12:00;9.3;17.3;57.0;12.8;0.0;;0.0;0.0;0.0;0.0;46.35;6.369999;0.0;2026-10-08T13:15:00+02:00;2026-10-08T14:10:32+02:00;21d835261d1e
2026-10-09;excenevex;AROMEHD;2026-10-09T13:00;8.7;12.8;74.0;13.5;0.0;;0.0;0.0;0.0;0.0;46.35;6.369999;0.0;2026-10-08T13:15:00+02:00;2026-10-08T14:10:32+02:00;21d835261d1e
2026-10-09;excenevex;AROMEHD;2026-10-09T14:00;7.0;12.2;71.0;14.2;0.0;;0.0;0.0;0.0;0.0;46.35;6.369999;0.0;2026-10-08T13:15:00+02:00;2026-10-08T14:10:32+02:00;21d835261d1e
2026-10-09;excenevex;AROMEHD;2026-10-09T15:00;5.7;9.9;52.0;14.7;0.0;;0.0;0.0;0.0;0.0;46.35;6.369999;0.0;2026-10-08T13:15:00+02:00;2026-10-08T14:10:32+02:00;21d835261d1e
2026-10-09;excenevex;AROMEHD;2026-10-09T16:00;3.9;8.0;41.0;15.1;0.0;;0.0;0.0;0.0;0.0;46.35;6.369999;0.0;2026-10-08T13:15:00+02:00;2026-10-08T14:10:32+02:00;21d835261d1e
2026-10-09;excenevex;AROMEHD;2026-10-09T17:00;2.5;5.8;18.0;15.4;0.0;;0.0;0.0;70.0;70.0;46.35;6.369999;0.0;2026-10-08T13:15:00+02:00;2026-10-08T14:10:32+02:00;21d835261d1e
2026-10-09;excenevex;AROMEHD;2026-10-09T18:00;2.6;4.1;347.0;15.5;0.0;;0.0;37.0;84.0;84.0;46.35;6.369999;0.0;2026-10-08T13:15:00+02:00;2026-10-08T14:10:32+02:00;21d835261d1e
2026-10-09;excenevex;AROMEHD;2026-10-09T19:00;2.6;4.9;333.0;15.5;0.0;;0.0;90.0;100.0;100.0;46.35;6.369999;0.0;2026-10-08T13:15:00+02:00;2026-10-08T14:10:32+02:00;21d835261d1e
2026-10-09;excenevex;AROMEHD;2026-10-09T20:00;2.7;4.3;225.0;14.0;0.0;;0.0;100.0;100.0;100.0;46.35;6.369999;0.0;2026-10-08T13:15:00+02:00;2026-10-08T14:10:32+02:00;21d835261d1e
2026-10-09;excenevex;AROMEHD;2026-10-09T21:00;2.1;3.5;236.0;14.5;0.0;;1.0;100.0;100.0;100.0;46.35;6.369999;0.0;2026-10-08T13:15:00+02:00;2026-10-08T14:10:32+02:00;21d835261d1e
2026-10-09;excenevex;AROMEHD;2026-10-09T22:00;3.8;4.5;225.0;13.7;0.0;;71.0;100.0;100.0;100.0;46.35;6.369999;0.0;2026-10-08T13:15:00+02:00;2026-10-08T14:10:32+02:00;21d835261d1e
2026-10-09;excenevex;AROMEHD;2026-10-09T23:00;2.8;4.5;192.0;13.8;0.0;;99.0;100.0;100.0;100.0;46.35;6.369999;0.0;2026-10-08T13:15:00+02:00;2026-10-08T14:10:32+02:00;21d835261d1e
2026-10-09;excenevex;AROMEHD;2026-10-10T00:00;4.0;5.4;215.0;13.5;0.1;;100.0;100.0;100.0;100.0;46.35;6.369999;0.0;2026-10-08T13:15:00+02:00;2026-10-08T14:10:32+02:00;21d835261d1e
2026-10-09;excenevex;ICONCH1;2026-10-09T01:00;15.4;22.4;18.0;13.5;0.0;100.0;100.0;66.0;0.0;100.0;46.351723;6.3624268;0.0;2026-10-08T13:15:00+02:00;2026-10-08T14:10:32+02:00;21d835261d1e
2026-10-09;excenevex;ICONCH1;2026-10-09T02:00;14.2;22.4;21.0;13.2;0.0;94.0;90.0;74.0;0.0;94.0;46.351723;6.3624268;0.0;2026-10-08T13:15:00+02:00;2026-10-08T14:10:32+02:00;21d835261d1e
2026-10-09;excenevex;ICONCH1;2026-10-09T03:00;11.9;20.4;37.0;12.9;0.0;96.0;94.0;77.0;0.0;96.0;46.351723;6.3624268;0.0;2026-10-08T13:15:00+02:00;2026-10-08T14:10:32+02:00;21d835261d1e
2026-10-09;excenevex;ICONCH1;2026-10-09T04:00;10.8;17.3;38.0;12.9;0.0;82.0;79.0;68.0;0.0;82.0;46.351723;6.3624268;0.0;2026-10-08T13:15:00+02:00;2026-10-08T14:10:32+02:00;21d835261d1e
2026-10-09;excenevex;ICONCH1;2026-10-09T05:00;14.6;21.0;30.0;13.0;0.0;88.0;79.0;38.0;0.0;88.0;46.351723;6.3624268;0.0;2026-10-08T13:15:00+02:00;2026-10-08T14:10:32+02:00;21d835261d1e
2026-10-09;excenevex;ICONCH1;2026-10-09T06:00;13.4;21.2;26.0;13.0;0.0;73.0;73.0;0.0;0.0;73.0;46.351723;6.3624268;0.0;2026-10-08T13:15:00+02:00;2026-10-08T14:10:32+02:00;21d835261d1e
2026-10-09;excenevex;ICONCH1;2026-10-09T07:00;14.4;20.6;26.0;12.8;0.0;69.0;69.0;0.0;0.0;69.0;46.351723;6.3624268;0.0;2026-10-08T13:15:00+02:00;2026-10-08T14:10:32+02:00;21d835261d1e
2026-10-09;excenevex;ICONCH1;2026-10-09T08:00;13.3;20.6;29.0;12.5;0.0;67.0;68.0;0.0;12.0;68.0;46.351723;6.3624268;0.0;2026-10-08T13:15:00+02:00;2026-10-08T14:10:32+02:00;21d835261d1e
2026-10-09;excenevex;ICONCH1;2026-10-09T09:00;13.6;19.4;29.0;12.5;0.0;58.0;58.0;0.0;0.0;58.0;46.351723;6.3624268;0.0;2026-10-08T13:15:00+02:00;2026-10-08T14:10:32+02:00;21d835261d1e
2026-10-09;excenevex;ICONCH1;2026-10-09T10:00;13.2;19.6;31.0;12.7;0.0;50.0;50.0;0.0;0.0;50.0;46.351723;6.3624268;0.0;2026-10-08T13:15:00+02:00;2026-10-08T14:10:32+02:00;21d835261d1e
2026-10-09;excenevex;ICONCH1;2026-10-09T11:00;13.9;20.2;36.0;13.3;0.0;25.0;25.0;0.0;0.0;25.0;46.351723;6.3624268;0.0;2026-10-08T13:15:00+02:00;2026-10-08T14:10:32+02:00;21d835261d1e
2026-10-09;excenevex;ICONCH1;2026-10-09T12:00;10.4;20.2;47.0;13.7;0.0;52.0;52.0;0.0;0.0;52.0;46.351723;6.3624268;0.0;2026-10-08T13:15:00+02:00;2026-10-08T14:10:32+02:00;21d835261d1e
2026-10-09;excenevex;ICONCH1;2026-10-09T13:00;8.1;15.0;55.0;14.2;0.0;3.0;0.0;0.0;3.0;3.0;46.351723;6.3624268;0.0;2026-10-08T13:15:00+02:00;2026-10-08T14:10:32+02:00;21d835261d1e
2026-10-09;excenevex;ICONCH1;2026-10-09T14:00;7.6;12.1;77.0;14.7;0.0;0.0;0.0;0.0;0.0;0.0;46.351723;6.3624268;0.0;2026-10-08T13:15:00+02:00;2026-10-08T14:10:32+02:00;21d835261d1e
2026-10-09;excenevex;ICONCH1;2026-10-09T15:00;7.5;11.1;80.0;15.2;0.0;17.0;17.0;0.0;0.0;17.0;46.351723;6.3624268;0.0;2026-10-08T13:15:00+02:00;2026-10-08T14:10:32+02:00;21d835261d1e
2026-10-09;excenevex;ICONCH1;2026-10-09T16:00;5.1;10.7;72.0;15.7;0.0;61.0;61.0;0.0;0.0;61.0;46.351723;6.3624268;0.0;2026-10-08T13:15:00+02:00;2026-10-08T14:10:32+02:00;21d835261d1e
2026-10-09;excenevex;ICONCH1;2026-10-09T17:00;3.7;7.4;58.0;15.9;0.0;39.0;16.0;28.0;0.0;39.0;46.351723;6.3624268;0.0;2026-10-08T13:15:00+02:00;2026-10-08T14:10:32+02:00;21d835261d1e
2026-10-09;excenevex;ICONCH1;2026-10-09T18:00;2.1;5.6;41.0;16.0;0.0;42.0;0.0;42.0;0.0;42.0;46.351723;6.3624268;0.0;2026-10-08T13:15:00+02:00;2026-10-08T14:10:32+02:00;21d835261d1e
2026-10-09;excenevex;ICONCH1;2026-10-09T19:00;2.3;3.3;294.0;16.0;0.0;96.0;47.0;54.0;85.0;96.0;46.351723;6.3624268;0.0;2026-10-08T13:15:00+02:00;2026-10-08T14:10:32+02:00;21d835261d1e
2026-10-09;excenevex;ICONCH1;2026-10-09T20:00;1.0;5.4;360.0;15.1;0.0;99.0;39.0;96.0;84.0;99.0;46.351723;6.3624268;0.0;2026-10-08T13:15:00+02:00;2026-10-08T14:10:32+02:00;21d835261d1e
2026-10-09;hermance;AROMEHD;2026-10-09T01:00;16.3;22.7;38.0;13.5;0.0;;81.0;0.0;0.0;81.0;46.309998;6.24;0.0;2026-10-08T13:15:00+02:00;2026-10-08T14:10:32+02:00;21d835261d1e
2026-10-09;hermance;AROMEHD;2026-10-09T02:00;11.6;22.2;18.0;13.2;0.0;;100.0;0.0;0.0;100.0;46.309998;6.24;0.0;2026-10-08T13:15:00+02:00;2026-10-08T14:10:32+02:00;21d835261d1e
2026-10-09;hermance;AROMEHD;2026-10-09T03:00;12.0;16.7;18.0;13.0;0.0;;97.0;0.0;0.0;97.0;46.309998;6.24;0.0;2026-10-08T13:15:00+02:00;2026-10-08T14:10:32+02:00;21d835261d1e
2026-10-09;hermance;AROMEHD;2026-10-09T04:00;11.5;16.7;24.0;13.1;0.0;;100.0;0.0;0.0;100.0;46.309998;6.24;0.0;2026-10-08T13:15:00+02:00;2026-10-08T14:10:32+02:00;21d835261d1e
2026-10-09;hermance;AROMEHD;2026-10-09T05:00;12.2;17.5;37.0;13.0;0.0;;83.0;0.0;0.0;83.0;46.309998;6.24;0.0;2026-10-08T13:15:00+02:00;2026-10-08T14:10:32+02:00;21d835261d1e
2026-10-09;hermance;AROMEHD;2026-10-09T06:00;12.7;17.9;43.0;12.7;0.0;;38.0;0.0;0.0;38.0;46.309998;6.24;0.0;2026-10-08T13:15:00+02:00;2026-10-08T14:10:32+02:00;21d835261d1e
2026-10-09;hermance;AROMEHD;2026-10-09T07:00;11.3;17.7;41.0;12.6;0.0;;5.0;0.0;0.0;5.0;46.309998;6.24;0.0;2026-10-08T13:15:00+02:00;2026-10-08T14:10:32+02:00;21d835261d1e
2026-10-09;hermance;AROMEHD;2026-10-09T08:00;10.0;15.7;43.0;12.4;0.0;;8.0;0.0;0.0;8.0;46.309998;6.24;0.0;2026-10-08T13:15:00+02:00;2026-10-08T14:10:32+02:00;21d835261d1e
2026-10-09;hermance;AROMEHD;2026-10-09T09:00;6.6;14.4;15.0;12.3;0.0;;0.0;0.0;0.0;0.0;46.309998;6.24;0.0;2026-10-08T13:15:00+02:00;2026-10-08T14:10:32+02:00;21d835261d1e
2026-10-09;hermance;AROMEHD;2026-10-09T10:00;7.6;11.7;44.0;12.6;0.0;;0.0;0.0;0.0;0.0;46.309998;6.24;0.0;2026-10-08T13:15:00+02:00;2026-10-08T14:10:32+02:00;21d835261d1e
2026-10-09;hermance;AROMEHD;2026-10-09T11:00;9.5;14.2;59.0;12.9;0.0;;0.0;0.0;0.0;0.0;46.309998;6.24;0.0;2026-10-08T13:15:00+02:00;2026-10-08T14:10:32+02:00;21d835261d1e
2026-10-09;hermance;AROMEHD;2026-10-09T12:00;10.0;15.9;69.0;13.3;0.0;;0.0;0.0;0.0;0.0;46.309998;6.24;0.0;2026-10-08T13:15:00+02:00;2026-10-08T14:10:32+02:00;21d835261d1e
2026-10-09;hermance;AROMEHD;2026-10-09T13:00;7.7;15.0;69.0;13.9;0.0;;0.0;0.0;0.0;0.0;46.309998;6.24;0.0;2026-10-08T13:15:00+02:00;2026-10-08T14:10:32+02:00;21d835261d1e
2026-10-09;hermance;AROMEHD;2026-10-09T14:00;5.4;12.1;55.0;14.5;0.0;;0.0;0.0;0.0;0.0;46.309998;6.24;0.0;2026-10-08T13:15:00+02:00;2026-10-08T14:10:32+02:00;21d835261d1e
2026-10-09;hermance;AROMEHD;2026-10-09T15:00;5.4;9.1;35.0;15.0;0.0;;0.0;0.0;0.0;0.0;46.309998;6.24;0.0;2026-10-08T13:15:00+02:00;2026-10-08T14:10:32+02:00;21d835261d1e
2026-10-09;hermance;AROMEHD;2026-10-09T16:00;5.1;8.7;40.0;15.5;0.0;;0.0;0.0;0.0;0.0;46.309998;6.24;0.0;2026-10-08T13:15:00+02:00;2026-10-08T14:10:32+02:00;21d835261d1e
2026-10-09;hermance;AROMEHD;2026-10-09T17:00;4.4;8.2;52.0;15.7;0.0;;0.0;2.0;100.0;100.0;46.309998;6.24;0.0;2026-10-08T13:15:00+02:00;2026-10-08T14:10:32+02:00;21d835261d1e
2026-10-09;hermance;AROMEHD;2026-10-09T18:00;3.6;7.2;36.0;15.8;0.0;;0.0;45.0;62.0;62.0;46.309998;6.24;0.0;2026-10-08T13:15:00+02:00;2026-10-08T14:10:32+02:00;21d835261d1e
2026-10-09;hermance;AROMEHD;2026-10-09T19:00;3.3;5.8;21.0;15.8;0.0;;0.0;78.0;100.0;100.0;46.309998;6.24;0.0;2026-10-08T13:15:00+02:00;2026-10-08T14:10:32+02:00;21d835261d1e
2026-10-09;hermance;AROMEHD;2026-10-09T20:00;5.0;7.4;318.0;15.6;0.0;;0.0;100.0;100.0;100.0;46.309998;6.24;0.0;2026-10-08T13:15:00+02:00;2026-10-08T14:10:32+02:00;21d835261d1e
2026-10-09;hermance;AROMEHD;2026-10-09T21:00;2.3;7.6;290.0;15.2;0.0;;6.0;100.0;99.0;100.0;46.309998;6.24;0.0;2026-10-08T13:15:00+02:00;2026-10-08T14:10:32+02:00;21d835261d1e
2026-10-09;hermance;AROMEHD;2026-10-09T22:00;3.8;5.1;150.0;14.2;0.0;;100.0;100.0;100.0;100.0;46.309998;6.24;0.0;2026-10-08T13:15:00+02:00;2026-10-08T14:10:32+02:00;21d835261d1e
2026-10-09;hermance;AROMEHD;2026-10-09T23:00;4.3;7.2;190.0;14.1;0.0;;99.0;100.0;100.0;100.0;46.309998;6.24;0.0;2026-10-08T13:15:00+02:00;2026-10-08T14:10:32+02:00;21d835261d1e
2026-10-09;hermance;AROMEHD;2026-10-10T00:00;7.1;9.3;191.0;14.1;0.0;;100.0;100.0;100.0;100.0;46.309998;6.24;0.0;2026-10-08T13:15:00+02:00;2026-10-08T14:10:32+02:00;21d835261d1e
2026-10-09;hermance;ICONCH1;2026-10-09T01:00;12.9;18.1;25.0;13.8;0.0;86.0;80.0;60.0;0.0;86.0;46.30753;6.2349854;0.0;2026-10-08T13:15:00+02:00;2026-10-08T14:10:32+02:00;21d835261d1e
2026-10-09;hermance;ICONCH1;2026-10-09T02:00;10.4;16.9;29.0;13.6;0.0;96.0;96.0;86.0;0.0;96.0;46.30753;6.2349854;0.0;2026-10-08T13:15:00+02:00;2026-10-08T14:10:32+02:00;21d835261d1e
2026-10-09;hermance;ICONCH1;2026-10-09T03:00;7.7;13.8;41.0;13.2;0.0;98.0;96.0;74.0;0.0;98.0;46.30753;6.2349854;0.0;2026-10-08T13:15:00+02:00;2026-10-08T14:10:32+02:00;21d835261d1e
2026-10-09;hermance;ICONCH1;2026-10-09T04:00;9.7;12.6;64.0;12.7;0.0;93.0;90.0;67.0;0.0;93.0;46.30753;6.2349854;0.0;2026-10-08T13:15:00+02:00;2026-10-08T14:10:32+02:00;21d835261d1e
2026-10-09;hermance;ICONCH1;2026-10-09T05:00;12.9;17.1;43.0;13.4;0.0;100.0;100.0;100.0;0.0;100.0;46.30753;6.2349854;0.0;2026-10-08T13:15:00+02:00;2026-10-08T14:10:32+02:00;21d835261d1e
2026-10-09;hermance;ICONCH1;2026-10-09T06:00;10.0;17.7;37.0;13.3;0.0;97.0;93.0;26.0;0.0;97.0;46.30753;6.2349854;0.0;2026-10-08T13:15:00+02:00;2026-10-08T14:10:32+02:00;21d835261d1e
2026-10-09;hermance;ICONCH1;2026-10-09T07:00;7.4;12.8;23.0;13.1;0.0;76.0;76.0;0.0;0.0;76.0;46.30753;6.2349854;0.0;2026-10-08T13:15:00+02:00;2026-10-08T14:10:32+02:00;21d835261d1e
2026-10-09;hermance;ICONCH1;2026-10-09T08:00;8.0;10.3;32.0;12.8;0.0;81.0;81.0;0.0;0.0;81.0;46.30753;6.2349854;0.0;2026-10-08T13:15:00+02:00;2026-10-08T14:10:32+02:00;21d835261d1e
2026-10-09;hermance;ICONCH1;2026-10-09T09:00;8.7;11.1;29.0;12.8;0.0;64.0;64.0;0.0;0.0;64.0;46.30753;6.2349854;0.0;2026-10-08T13:15:00+02:00;2026-10-08T14:10:32+02:00;21d835261d1e
2026-10-09;hermance;ICONCH1;2026-10-09T10:00;12.8;16.9;41.0;13.2;0.0;39.0;39.0;0.0;0.0;39.0;46.30753;6.2349854;0.0;2026-10-08T13:15:00+02:00;2026-10-08T14:10:32+02:00;21d835261d1e
2026-10-09;hermance;ICONCH1;2026-10-09T11:00;11.8;16.9;46.0;13.6;0.0;37.0;37.0;0.0;0.0;37.0;46.30753;6.2349854;0.0;2026-10-08T13:15:00+02:00;2026-10-08T14:10:32+02:00;21d835261d1e
2026-10-09;hermance;ICONCH1;2026-10-09T12:00;10.5;15.7;59.0;14.0;0.0;32.0;32.0;0.0;0.0;32.0;46.30753;6.2349854;0.0;2026-10-08T13:15:00+02:00;2026-10-08T14:10:32+02:00;21d835261d1e
2026-10-09;hermance;ICONCH1;2026-10-09T13:00;9.5;13.8;75.0;14.4;0.0;40.0;40.0;0.0;0.0;40.0;46.30753;6.2349854;0.0;2026-10-08T13:15:00+02:00;2026-10-08T14:10:32+02:00;21d835261d1e
2026-10-09;hermance;ICONCH1;2026-10-09T14:00;4.6;12.2;54.0;15.0;0.0;56.0;56.0;0.0;0.0;56.0;46.30753;6.2349854;0.0;2026-10-08T13:15:00+02:00;2026-10-08T14:10:32+02:00;21d835261d1e
2026-10-09;hermance;ICONCH1;2026-10-09T15:00;4.1;6.0;25.0;15.4;0.0;44.0;44.0;0.0;0.0;44.0;46.30753;6.2349854;0.0;2026-10-08T13:15:00+02:00;2026-10-08T14:10:32+02:00;21d835261d1e
2026-10-09;hermance;ICONCH1;2026-10-09T16:00;4.4;6.0;29.0;15.9;0.0;21.0;21.0;0.0;0.0;21.0;46.30753;6.2349854;0.0;2026-10-08T13:15:00+02:00;2026-10-08T14:10:32+02:00;21d835261d1e
2026-10-09;hermance;ICONCH1;2026-10-09T17:00;3.5;5.8;9.0;16.1;0.0;66.0;52.0;26.0;0.0;66.0;46.30753;6.2349854;0.0;2026-10-08T13:15:00+02:00;2026-10-08T14:10:32+02:00;21d835261d1e
2026-10-09;hermance;ICONCH1;2026-10-09T18:00;3.2;4.9;14.0;16.1;0.0;70.0;49.0;40.0;0.0;70.0;46.30753;6.2349854;0.0;2026-10-08T13:15:00+02:00;2026-10-08T14:10:32+02:00;21d835261d1e
2026-10-09;hermance;ICONCH1;2026-10-09T19:00;6.4;8.4;5.0;15.9;0.0;100.0;61.0;65.0;100.0;100.0;46.30753;6.2349854;0.0;2026-10-08T13:15:00+02:00;2026-10-08T14:10:32+02:00;21d835261d1e
2026-10-09;hermance;ICONCH1;2026-10-09T20:00;5.7;10.7;333.0;14.6;0.0;96.0;0.0;76.0;84.0;96.0;46.30753;6.2349854;0.0;2026-10-08T13:15:00+02:00;2026-10-08T14:10:32+02:00;21d835261d1e
2026-10-09;loire_sur_rhone;AROMEHD;2026-10-09T01:00;7.3;17.1;326.0;11.8;0.0;;100.0;0.0;0.0;100.0;45.559998;4.8199997;170.0;2026-10-08T13:15:00+02:00;2026-10-08T14:10:32+02:00;21d835261d1e
2026-10-09;loire_sur_rhone;AROMEHD;2026-10-09T02:00;7.3;14.8;326.0;11.7;0.0;;97.0;15.0;0.0;97.0;45.559998;4.8199997;170.0;2026-10-08T13:15:00+02:00;2026-10-08T14:10:32+02:00;21d835261d1e
2026-10-09;loire_sur_rhone;AROMEHD;2026-10-09T03:00;7.0;14.8;324.0;11.1;0.0;;12.0;0.0;0.0;12.0;45.559998;4.8199997;170.0;2026-10-08T13:15:00+02:00;2026-10-08T14:10:32+02:00;21d835261d1e
2026-10-09;loire_sur_rhone;AROMEHD;2026-10-09T04:00;7.1;14.2;323.0;10.5;0.0;;0.0;0.0;0.0;0.0;45.559998;4.8199997;170.0;2026-10-08T13:15:00+02:00;2026-10-08T14:10:32+02:00;21d835261d1e
2026-10-09;loire_sur_rhone;AROMEHD;2026-10-09T05:00;6.6;13.8;320.0;10.1;0.0;;0.0;0.0;0.0;0.0;45.559998;4.8199997;170.0;2026-10-08T13:15:00+02:00;2026-10-08T14:10:32+02:00;21d835261d1e
2026-10-09;loire_sur_rhone;AROMEHD;2026-10-09T06:00;5.8;12.8;323.0;9.7;0.0;;2.0;0.0;0.0;2.0;45.559998;4.8199997;170.0;2026-10-08T13:15:00+02:00;2026-10-08T14:10:32+02:00;21d835261d1e
2026-10-09;loire_sur_rhone;AROMEHD;2026-10-09T07:00;5.1;11.3;323.0;9.2;0.0;;25.0;0.0;0.0;25.0;45.559998;4.8199997;170.0;2026-10-08T13:15:00+02:00;2026-10-08T14:10:32+02:00;21d835261d1e
2026-10-09;loire_sur_rhone;AROMEHD;2026-10-09T08:00;5.6;10.7;324.0;9.0;0.0;;29.0;0.0;0.0;29.0;45.559998;4.8199997;170.0;2026-10-08T13:15:00+02:00;2026-10-08T14:10:32+02:00;21d835261d1e
2026-10-09;loire_sur_rhone;AROMEHD;2026-10-09T09:00;5.2;10.7;318.0;9.5;0.0;;0.0;0.0;0.0;0.0;45.559998;4.8199997;170.0;2026-10-08T13:15:00+02:00;2026-10-08T14:10:32+02:00;21d835261d1e
2026-10-09;loire_sur_rhone;AROMEHD;2026-10-09T10:00;7.3;15.0;328.0;11.1;0.0;;0.0;0.0;0.0;0.0;45.559998;4.8199997;170.0;2026-10-08T13:15:00+02:00;2026-10-08T14:10:32+02:00;21d835261d1e
2026-10-09;loire_sur_rhone;AROMEHD;2026-10-09T11:00;8.7;17.3;339.0;12.2;0.0;;9.0;0.0;0.0;9.0;45.559998;4.8199997;170.0;2026-10-08T13:15:00+02:00;2026-10-08T14:10:32+02:00;21d835261d1e
2026-10-09;loire_sur_rhone;AROMEHD;2026-10-09T12:00;8.1;17.7;345.0;13.3;0.0;;30.0;0.0;29.0;30.0;45.559998;4.8199997;170.0;2026-10-08T13:15:00+02:00;2026-10-08T14:10:32+02:00;21d835261d1e
2026-10-09;loire_sur_rhone;AROMEHD;2026-10-09T13:00;8.4;17.5;355.0;14.3;0.0;;0.0;0.0;0.0;0.0;45.559998;4.8199997;170.0;2026-10-08T13:15:00+02:00;2026-10-08T14:10:32+02:00;21d835261d1e
2026-10-09;loire_sur_rhone;AROMEHD;2026-10-09T14:00;8.0;17.1;356.0;15.2;0.0;;0.0;0.0;0.0;0.0;45.559998;4.8199997;170.0;2026-10-08T13:15:00+02:00;2026-10-08T14:10:32+02:00;21d835261d1e
2026-10-09;loire_sur_rhone;AROMEHD;2026-10-09T15:00;7.6;16.5;354.0;15.8;0.0;;0.0;0.0;0.0;0.0;45.559998;4.8199997;170.0;2026-10-08T13:15:00+02:00;2026-10-08T14:10:32+02:00;21d835261d1e
2026-10-09;loire_sur_rhone;AROMEHD;2026-10-09T16:00;7.4;15.6;348.0;16.1;0.0;;0.0;13.0;24.0;24.0;45.559998;4.8199997;170.0;2026-10-08T13:15:00+02:00;2026-10-08T14:10:32+02:00;21d835261d1e
2026-10-09;loire_sur_rhone;AROMEHD;2026-10-09T17:00;6.9;15.0;352.0;16.0;0.0;;0.0;47.0;1.0;47.0;45.559998;4.8199997;170.0;2026-10-08T13:15:00+02:00;2026-10-08T14:10:32+02:00;21d835261d1e
2026-10-09;loire_sur_rhone;AROMEHD;2026-10-09T18:00;6.9;14.0;352.0;15.4;0.0;;0.0;95.0;100.0;100.0;45.559998;4.8199997;170.0;2026-10-08T13:15:00+02:00;2026-10-08T14:10:32+02:00;21d835261d1e
2026-10-09;loire_sur_rhone;AROMEHD;2026-10-09T19:00;5.8;13.8;327.0;14.8;0.0;;0.0;100.0;68.0;100.0;45.559998;4.8199997;170.0;2026-10-08T13:15:00+02:00;2026-10-08T14:10:32+02:00;21d835261d1e
2026-10-09;loire_sur_rhone;AROMEHD;2026-10-09T20:00;6.4;13.2;325.0;14.3;0.0;;100.0;100.0;100.0;100.0;45.559998;4.8199997;170.0;2026-10-08T13:15:00+02:00;2026-10-08T14:10:32+02:00;21d835261d1e
2026-10-09;loire_sur_rhone;AROMEHD;2026-10-09T21:00;5.0;12.8;332.0;13.8;0.0;;100.0;100.0;100.0;100.0;45.559998;4.8199997;170.0;2026-10-08T13:15:00+02:00;2026-10-08T14:10:32+02:00;21d835261d1e
2026-10-09;loire_sur_rhone;AROMEHD;2026-10-09T22:00;4.1;9.9;341.0;13.6;0.0;;100.0;100.0;99.0;100.0;45.559998;4.8199997;170.0;2026-10-08T13:15:00+02:00;2026-10-08T14:10:32+02:00;21d835261d1e
2026-10-09;loire_sur_rhone;AROMEHD;2026-10-09T23:00;2.3;7.8;340.0;13.2;0.0;;100.0;42.0;100.0;100.0;45.559998;4.8199997;170.0;2026-10-08T13:15:00+02:00;2026-10-08T14:10:32+02:00;21d835261d1e
2026-10-09;loire_sur_rhone;AROMEHD;2026-10-10T00:00;1.6;4.1;353.0;13.2;0.0;;100.0;0.0;100.0;100.0;45.559998;4.8199997;170.0;2026-10-08T13:15:00+02:00;2026-10-08T14:10:32+02:00;21d835261d1e
2026-10-09;loire_sur_rhone;ICONCH1;2026-10-09T01:00;8.5;15.7;313.0;10.1;0.0;32.0;13.0;30.0;0.0;32.0;45.550514;4.828491;200.0;2026-10-08T13:15:00+02:00;2026-10-08T14:10:32+02:00;21d835261d1e
2026-10-09;loire_sur_rhone;ICONCH1;2026-10-09T02:00;8.1;14.2;318.0;9.4;0.0;6.0;6.0;0.0;0.0;6.0;45.550514;4.828491;200.0;2026-10-08T13:15:00+02:00;2026-10-08T14:10:32+02:00;21d835261d1e
2026-10-09;loire_sur_rhone;ICONCH1;2026-10-09T03:00;8.1;14.6;318.0;9.0;0.0;3.0;3.0;0.0;0.0;3.0;45.550514;4.828491;200.0;2026-10-08T13:15:00+02:00;2026-10-08T14:10:32+02:00;21d835261d1e
2026-10-09;loire_sur_rhone;ICONCH1;2026-10-09T04:00;7.7;14.4;317.0;8.6;0.0;6.0;6.0;0.0;0.0;6.0;45.550514;4.828491;200.0;2026-10-08T13:15:00+02:00;2026-10-08T14:10:32+02:00;21d835261d1e
2026-10-09;loire_sur_rhone;ICONCH1;2026-10-09T05:00;8.1;14.0;312.0;8.3;0.0;12.0;12.0;0.0;0.0;12.0;45.550514;4.828491;200.0;2026-10-08T13:15:00+02:00;2026-10-08T14:10:32+02:00;21d835261d1e
2026-10-09;loire_sur_rhone;ICONCH1;2026-10-09T06:00;8.0;14.2;307.0;8.1;0.0;11.0;11.0;0.0;0.0;11.0;45.550514;4.828491;200.0;2026-10-08T13:15:00+02:00;2026-10-08T14:10:32+02:00;21d835261d1e
2026-10-09;loire_sur_rhone;ICONCH1;2026-10-09T07:00;7.7;14.0;300.0;8.1;0.0;25.0;25.0;0.0;0.0;25.0;45.550514;4.828491;200.0;2026-10-08T13:15:00+02:00;2026-10-08T14:10:32+02:00;21d835261d1e
2026-10-09;loire_sur_rhone;ICONCH1;2026-10-09T08:00;8.3;13.6;300.0;8.2;0.0;11.0;11.0;0.0;0.0;11.0;45.550514;4.828491;200.0;2026-10-08T13:15:00+02:00;2026-10-08T14:10:32+02:00;21d835261d1e
2026-10-09;loire_sur_rhone;ICONCH1;2026-10-09T09:00;10.0;15.7;294.0;9.3;0.0;13.0;13.0;0.0;0.0;13.0;45.550514;4.828491;200.0;2026-10-08T13:15:00+02:00;2026-10-08T14:10:32+02:00;21d835261d1e
2026-10-09;loire_sur_rhone;ICONCH1;2026-10-09T10:00;10.7;17.3;307.0;10.7;0.0;2.0;2.0;0.0;0.0;2.0;45.550514;4.828491;200.0;2026-10-08T13:15:00+02:00;2026-10-08T14:10:32+02:00;21d835261d1e
2026-10-09;loire_sur_rhone;ICONCH1;2026-10-09T11:00;13.2;21.4;334.0;12.3;0.0;12.0;12.0;0.0;0.0;12.0;45.550514;4.828491;200.0;2026-10-08T13:15:00+02:00;2026-10-08T14:10:32+02:00;21d835261d1e
2026-10-09;loire_sur_rhone;ICONCH1;2026-10-09T12:00;12.9;21.6;340.0;13.3;0.0;31.0;31.0;0.0;0.0;31.0;45.550514;4.828491;200.0;2026-10-08T13:15:00+02:00;2026-10-08T14:10:32+02:00;21d835261d1e
2026-10-09;loire_sur_rhone;ICONCH1;2026-10-09T13:00;11.9;21.0;342.0;14.2;0.0;59.0;59.0;0.0;0.0;59.0;45.550514;4.828491;200.0;2026-10-08T13:15:00+02:00;2026-10-08T14:10:32+02:00;21d835261d1e
2026-10-09;loire_sur_rhone;ICONCH1;2026-10-09T14:00;12.0;19.6;342.0;14.9;0.0;0.0;0.0;0.0;0.0;0.0;45.550514;4.828491;200.0;2026-10-08T13:15:00+02:00;2026-10-08T14:10:32+02:00;21d835261d1e
2026-10-09;loire_sur_rhone;ICONCH1;2026-10-09T15:00;11.3;19.8;341.0;15.1;0.0;0.0;0.0;0.0;0.0;0.0;45.550514;4.828491;200.0;2026-10-08T13:15:00+02:00;2026-10-08T14:10:32+02:00;21d835261d1e
2026-10-09;loire_sur_rhone;ICONCH1;2026-10-09T16:00;10.1;18.3;348.0;15.4;0.0;22.0;0.0;22.0;0.0;22.0;45.550514;4.828491;200.0;2026-10-08T13:15:00+02:00;2026-10-08T14:10:32+02:00;21d835261d1e
2026-10-09;loire_sur_rhone;ICONCH1;2026-10-09T17:00;9.3;16.3;340.0;15.3;0.0;70.0;51.0;36.0;4.0;70.0;45.550514;4.828491;200.0;2026-10-08T13:15:00+02:00;2026-10-08T14:10:32+02:00;21d835261d1e
2026-10-09;loire_sur_rhone;ICONCH1;2026-10-09T18:00;10.3;16.9;319.0;14.2;0.0;72.0;4.0;48.0;40.0;72.0;45.550514;4.828491;200.0;2026-10-08T13:15:00+02:00;2026-10-08T14:10:32+02:00;21d835261d1e
2026-10-09;loire_sur_rhone;ICONCH1;2026-10-09T19:00;6.7;16.1;316.0;12.9;0.0;88.0;0.0;60.0;66.0;88.0;45.550514;4.828491;200.0;2026-10-08T13:15:00+02:00;2026-10-08T14:10:32+02:00;21d835261d1e
2026-10-09;loire_sur_rhone;ICONCH1;2026-10-09T20:00;4.2;11.5;307.0;11.3;0.0;28.0;0.0;28.0;0.0;28.0;45.550514;4.828491;200.0;2026-10-08T13:15:00+02:00;2026-10-08T14:10:32+02:00;21d835261d1e
2026-10-09;messery;AROMEHD;2026-10-09T01:00;15.7;22.7;35.0;13.4;0.0;;81.0;5.0;0.0;81.0;46.35;6.2700005;0.0;2026-10-08T13:15:00+02:00;2026-10-08T14:10:32+02:00;21d835261d1e
2026-10-09;messery;AROMEHD;2026-10-09T02:00;11.3;21.4;22.0;13.1;0.0;;100.0;2.0;0.0;100.0;46.35;6.2700005;0.0;2026-10-08T13:15:00+02:00;2026-10-08T14:10:32+02:00;21d835261d1e
2026-10-09;messery;AROMEHD;2026-10-09T03:00;9.4;15.9;7.0;12.7;0.0;;100.0;0.0;0.0;100.0;46.35;6.2700005;0.0;2026-10-08T13:15:00+02:00;2026-10-08T14:10:32+02:00;21d835261d1e
2026-10-09;messery;AROMEHD;2026-10-09T04:00;10.9;15.6;22.0;12.9;0.0;;100.0;0.0;0.0;100.0;46.35;6.2700005;0.0;2026-10-08T13:15:00+02:00;2026-10-08T14:10:32+02:00;21d835261d1e
2026-10-09;messery;AROMEHD;2026-10-09T05:00;12.1;17.3;32.0;12.9;0.0;;99.0;0.0;0.0;99.0;46.35;6.2700005;0.0;2026-10-08T13:15:00+02:00;2026-10-08T14:10:32+02:00;21d835261d1e
2026-10-09;messery;AROMEHD;2026-10-09T06:00;12.1;18.5;35.0;12.7;0.0;;75.0;0.0;0.0;75.0;46.35;6.2700005;0.0;2026-10-08T13:15:00+02:00;2026-10-08T14:10:32+02:00;21d835261d1e
2026-10-09;messery;AROMEHD;2026-10-09T07:00;10.3;17.1;29.0;12.5;0.0;;11.0;0.0;0.0;11.0;46.35;6.2700005;0.0;2026-10-08T13:15:00+02:00;2026-10-08T14:10:32+02:00;21d835261d1e
2026-10-09;messery;AROMEHD;2026-10-09T08:00;8.7;15.2;29.0;12.4;0.0;;15.0;0.0;0.0;15.0;46.35;6.2700005;0.0;2026-10-08T13:15:00+02:00;2026-10-08T14:10:32+02:00;21d835261d1e
2026-10-09;messery;AROMEHD;2026-10-09T09:00;6.8;13.0;15.0;12.3;0.0;;0.0;0.0;0.0;0.0;46.35;6.2700005;0.0;2026-10-08T13:15:00+02:00;2026-10-08T14:10:32+02:00;21d835261d1e
2026-10-09;messery;AROMEHD;2026-10-09T10:00;8.8;13.0;47.0;12.7;0.0;;0.0;0.0;0.0;0.0;46.35;6.2700005;0.0;2026-10-08T13:15:00+02:00;2026-10-08T14:10:32+02:00;21d835261d1e
2026-10-09;messery;AROMEHD;2026-10-09T11:00;10.3;15.2;64.0;12.9;0.0;;0.0;0.0;0.0;0.0;46.35;6.2700005;0.0;2026-10-08T13:15:00+02:00;2026-10-08T14:10:32+02:00;21d835261d1e
2026-10-09;messery;AROMEHD;2026-10-09T12:00;11.5;17.1;74.0;13.2;0.0;;0.0;0.0;0.0;0.0;46.35;6.2700005;0.0;2026-10-08T13:15:00+02:00;2026-10-08T14:10:32+02:00;21d835261d1e
2026-10-09;messery;AROMEHD;2026-10-09T13:00;8.6;16.9;76.0;13.9;0.0;;0.0;0.0;0.0;0.0;46.35;6.2700005;0.0;2026-10-08T13:15:00+02:00;2026-10-08T14:10:32+02:00;21d835261d1e
2026-10-09;messery;AROMEHD;2026-10-09T14:00;6.6;13.6;71.0;14.3;0.0;;0.0;0.0;0.0;0.0;46.35;6.2700005;0.0;2026-10-08T13:15:00+02:00;2026-10-08T14:10:32+02:00;21d835261d1e
2026-10-09;messery;AROMEHD;2026-10-09T15:00;5.3;10.7;54.0;14.7;0.0;;0.0;0.0;0.0;0.0;46.35;6.2700005;0.0;2026-10-08T13:15:00+02:00;2026-10-08T14:10:32+02:00;21d835261d1e
2026-10-09;messery;AROMEHD;2026-10-09T16:00;4.7;8.6;60.0;15.2;0.0;;0.0;0.0;0.0;0.0;46.35;6.2700005;0.0;2026-10-08T13:15:00+02:00;2026-10-08T14:10:32+02:00;21d835261d1e
2026-10-09;messery;AROMEHD;2026-10-09T17:00;4.0;7.8;61.0;15.5;0.0;;0.0;5.0;100.0;100.0;46.35;6.2700005;0.0;2026-10-08T13:15:00+02:00;2026-10-08T14:10:32+02:00;21d835261d1e
2026-10-09;messery;AROMEHD;2026-10-09T18:00;2.8;6.6;25.0;15.5;0.0;;0.0;38.0;53.0;53.0;46.35;6.2700005;0.0;2026-10-08T13:15:00+02:00;2026-10-08T14:10:32+02:00;21d835261d1e
2026-10-09;messery;AROMEHD;2026-10-09T19:00;2.7;4.7;4.0;15.6;0.0;;0.0;90.0;100.0;100.0;46.35;6.2700005;0.0;2026-10-08T13:15:00+02:00;2026-10-08T14:10:32+02:00;21d835261d1e
2026-10-09;messery;AROMEHD;2026-10-09T20:00;9.3;11.7;331.0;15.5;0.0;;0.0;100.0;100.0;100.0;46.35;6.2700005;0.0;2026-10-08T13:15:00+02:00;2026-10-08T14:10:32+02:00;21d835261d1e
2026-10-09;messery;AROMEHD;2026-10-09T21:00;4.9;11.7;326.0;15.2;0.0;;5.0;100.0;99.0;100.0;46.35;6.2700005;0.0;2026-10-08T13:15:00+02:00;2026-10-08T14:10:32+02:00;21d835261d1e
2026-10-09;messery;AROMEHD;2026-10-09T22:00;2.7;6.6;176.0;14.7;0.0;;100.0;100.0;100.0;100.0;46.35;6.2700005;0.0;2026-10-08T13:15:00+02:00;2026-10-08T14:10:32+02:00;21d835261d1e
2026-10-09;messery;AROMEHD;2026-10-09T23:00;6.8;8.7;182.0;14.2;0.0;;95.0;100.0;100.0;100.0;46.35;6.2700005;0.0;2026-10-08T13:15:00+02:00;2026-10-08T14:10:32+02:00;21d835261d1e
2026-10-09;messery;AROMEHD;2026-10-10T00:00;7.9;11.1;211.0;14.5;0.0;;100.0;100.0;100.0;100.0;46.35;6.2700005;0.0;2026-10-08T13:15:00+02:00;2026-10-08T14:10:32+02:00;21d835261d1e
2026-10-09;messery;ICONCH1;2026-10-09T01:00;11.0;18.9;28.0;13.5;0.0;77.0;74.0;69.0;0.0;77.0;46.3589;6.2749023;0.0;2026-10-08T13:15:00+02:00;2026-10-08T14:10:32+02:00;21d835261d1e
2026-10-09;messery;ICONCH1;2026-10-09T02:00;8.1;14.4;24.0;13.2;0.0;97.0;97.0;87.0;0.0;97.0;46.3589;6.2749023;0.0;2026-10-08T13:15:00+02:00;2026-10-08T14:10:32+02:00;21d835261d1e
2026-10-09;messery;ICONCH1;2026-10-09T03:00;5.8;10.3;26.0;13.2;0.0;92.0;92.0;85.0;0.0;92.0;46.3589;6.2749023;0.0;2026-10-08T13:15:00+02:00;2026-10-08T14:10:32+02:00;21d835261d1e
2026-10-09;messery;ICONCH1;2026-10-09T04:00;9.8;12.6;43.0;13.5;0.0;100.0;100.0;96.0;0.0;100.0;46.3589;6.2749023;0.0;2026-10-08T13:15:00+02:00;2026-10-08T14:10:32+02:00;21d835261d1e
2026-10-09;messery;ICONCH1;2026-10-09T05:00;14.1;19.2;33.0;13.4;0.0;95.0;94.0;77.0;0.0;95.0;46.3589;6.2749023;0.0;2026-10-08T13:15:00+02:00;2026-10-08T14:10:32+02:00;21d835261d1e
2026-10-09;messery;ICONCH1;2026-10-09T06:00;8.1;18.5;10.0;13.0;0.0;85.0;74.0;78.0;0.0;85.0;46.3589;6.2749023;0.0;2026-10-08T13:15:00+02:00;2026-10-08T14:10:32+02:00;21d835261d1e
2026-10-09;messery;ICONCH1;2026-10-09T07:00;6.0;10.3;4.0;12.4;0.0;92.0;78.0;87.0;0.0;92.0;46.3589;6.2749023;0.0;2026-10-08T13:15:00+02:00;2026-10-08T14:10:32+02:00;21d835261d1e
2026-10-09;messery;ICONCH1;2026-10-09T08:00;7.1;10.3;9.0;12.2;0.0;59.0;59.0;0.0;0.0;59.0;46.3589;6.2749023;0.0;2026-10-08T13:15:00+02:00;2026-10-08T14:10:32+02:00;21d835261d1e
2026-10-09;messery;ICONCH1;2026-10-09T09:00;8.1;10.3;20.0;12.3;0.0;63.0;63.0;0.0;0.0;63.0;46.3589;6.2749023;0.0;2026-10-08T13:15:00+02:00;2026-10-08T14:10:32+02:00;21d835261d1e
2026-10-09;messery;ICONCH1;2026-10-09T10:00;13.5;18.5;39.0;13.2;0.0;37.0;37.0;0.0;0.0;37.0;46.3589;6.2749023;0.0;2026-10-08T13:15:00+02:00;2026-10-08T14:10:32+02:00;21d835261d1e
2026-10-09;messery;ICONCH1;2026-10-09T11:00;13.9;18.3;47.0;13.8;0.0;0.0;0.0;0.0;0.0;0.0;46.3589;6.2749023;0.0;2026-10-08T13:15:00+02:00;2026-10-08T14:10:32+02:00;21d835261d1e
2026-10-09;messery;ICONCH1;2026-10-09T12:00;12.9;18.3;61.0;14.1;0.0;6.0;6.0;0.0;0.0;6.0;46.3589;6.2749023;0.0;2026-10-08T13:15:00+02:00;2026-10-08T14:10:32+02:00;21d835261d1e
2026-10-09;messery;ICONCH1;2026-10-09T13:00;12.3;17.1;78.0;14.3;0.0;47.0;47.0;0.0;0.0;47.0;46.3589;6.2749023;0.0;2026-10-08T13:15:00+02:00;2026-10-08T14:10:32+02:00;21d835261d1e
2026-10-09;messery;ICONCH1;2026-10-09T14:00;9.4;17.7;82.0;14.9;0.0;80.0;80.0;0.0;0.0;80.0;46.3589;6.2749023;0.0;2026-10-08T13:15:00+02:00;2026-10-08T14:10:32+02:00;21d835261d1e
2026-10-09;messery;ICONCH1;2026-10-09T15:00;3.4;12.2;74.0;15.3;0.0;83.0;83.0;0.0;0.0;83.0;46.3589;6.2749023;0.0;2026-10-08T13:15:00+02:00;2026-10-08T14:10:32+02:00;21d835261d1e
2026-10-09;messery;ICONCH1;2026-10-09T16:00;3.2;4.5;52.0;15.7;0.0;46.0;46.0;0.0;0.0;46.0;46.3589;6.2749023;0.0;2026-10-08T13:15:00+02:00;2026-10-08T14:10:32+02:00;21d835261d1e
2026-10-09;messery;ICONCH1;2026-10-09T17:00;2.3;4.3;24.0;15.9;0.0;57.0;41.0;32.0;0.0;57.0;46.3589;6.2749023;0.0;2026-10-08T13:15:00+02:00;2026-10-08T14:10:32+02:00;21d835261d1e
2026-10-09;messery;ICONCH1;2026-10-09T18:00;2.3;3.1;340.0;15.9;0.0;81.0;64.0;41.0;0.0;81.0;46.3589;6.2749023;0.0;2026-10-08T13:15:00+02:00;2026-10-08T14:10:32+02:00;21d835261d1e
2026-10-09;messery;ICONCH1;2026-10-09T19:00;10.8;14.2;322.0;15.1;0.0;100.0;55.0;68.0;96.0;100.0;46.3589;6.2749023;0.0;2026-10-08T13:15:00+02:00;2026-10-08T14:10:32+02:00;21d835261d1e
2026-10-09;messery;ICONCH1;2026-10-09T20:00;9.5;15.7;332.0;14.1;0.0;97.0;5.0;78.0;81.0;97.0;46.3589;6.2749023;0.0;2026-10-08T13:15:00+02:00;2026-10-08T14:10:32+02:00;21d835261d1e
2026-10-09;parking_pre_rencontre;AROMEHD;2026-10-09T01:00;10.7;28.4;2.0;6.2;0.6;;100.0;0.0;0.0;100.0;45.01;5.779999;0.0;2026-10-08T13:15:00+02:00;2026-10-08T14:10:32+02:00;21d835261d1e
2026-10-09;parking_pre_rencontre;AROMEHD;2026-10-09T02:00;10.3;27.4;3.0;5.9;0.2;;100.0;0.0;0.0;100.0;45.01;5.779999;0.0;2026-10-08T13:15:00+02:00;2026-10-08T14:10:32+02:00;21d835261d1e
2026-10-09;parking_pre_rencontre;AROMEHD;2026-10-09T03:00;9.4;26.2;6.0;5.8;0.1;;100.0;0.0;0.0;100.0;45.01;5.779999;0.0;2026-10-08T13:15:00+02:00;2026-10-08T14:10:32+02:00;21d835261d1e
2026-10-09;parking_pre_rencontre;AROMEHD;2026-10-09T04:00;9.6;24.3;6.0;5.6;0.1;;100.0;0.0;0.0;100.0;45.01;5.779999;0.0;2026-10-08T13:15:00+02:00;2026-10-08T14:10:32+02:00;21d835261d1e
2026-10-09;parking_pre_rencontre;AROMEHD;2026-10-09T05:00;9.2;24.3;5.0;5.4;0.1;;100.0;0.0;0.0;100.0;45.01;5.779999;0.0;2026-10-08T13:15:00+02:00;2026-10-08T14:10:32+02:00;21d835261d1e
2026-10-09;parking_pre_rencontre;AROMEHD;2026-10-09T06:00;9.4;23.3;6.0;5.3;0.0;;100.0;0.0;0.0;100.0;45.01;5.779999;0.0;2026-10-08T13:15:00+02:00;2026-10-08T14:10:32+02:00;21d835261d1e
2026-10-09;parking_pre_rencontre;AROMEHD;2026-10-09T07:00;9.2;23.3;7.0;5.0;0.0;;100.0;0.0;0.0;100.0;45.01;5.779999;0.0;2026-10-08T13:15:00+02:00;2026-10-08T14:10:32+02:00;21d835261d1e
2026-10-09;parking_pre_rencontre;AROMEHD;2026-10-09T08:00;9.4;22.7;8.0;4.9;0.0;;100.0;0.0;0.0;100.0;45.01;5.779999;0.0;2026-10-08T13:15:00+02:00;2026-10-08T14:10:32+02:00;21d835261d1e
2026-10-09;parking_pre_rencontre;AROMEHD;2026-10-09T09:00;8.9;22.5;9.0;4.8;0.0;;100.0;0.0;0.0;100.0;45.01;5.779999;0.0;2026-10-08T13:15:00+02:00;2026-10-08T14:10:32+02:00;21d835261d1e
2026-10-09;parking_pre_rencontre;AROMEHD;2026-10-09T10:00;8.5;21.6;12.0;4.9;0.0;;100.0;0.0;0.0;100.0;45.01;5.779999;0.0;2026-10-08T13:15:00+02:00;2026-10-08T14:10:32+02:00;21d835261d1e
2026-10-09;parking_pre_rencontre;AROMEHD;2026-10-09T11:00;7.8;20.6;7.0;5.3;0.0;;100.0;0.0;0.0;100.0;45.01;5.779999;0.0;2026-10-08T13:15:00+02:00;2026-10-08T14:10:32+02:00;21d835261d1e
2026-10-09;parking_pre_rencontre;AROMEHD;2026-10-09T12:00;8.0;19.8;6.0;5.8;0.0;;100.0;0.0;0.0;100.0;45.01;5.779999;0.0;2026-10-08T13:15:00+02:00;2026-10-08T14:10:32+02:00;21d835261d1e
2026-10-09;parking_pre_rencontre;AROMEHD;2026-10-09T13:00;8.1;19.6;10.0;6.3;0.0;;100.0;0.0;0.0;100.0;45.01;5.779999;0.0;2026-10-08T13:15:00+02:00;2026-10-08T14:10:32+02:00;21d835261d1e
2026-10-09;parking_pre_rencontre;AROMEHD;2026-10-09T14:00;7.5;19.4;10.0;7.3;0.0;;100.0;0.0;0.0;100.0;45.01;5.779999;0.0;2026-10-08T13:15:00+02:00;2026-10-08T14:10:32+02:00;21d835261d1e
2026-10-09;parking_pre_rencontre;AROMEHD;2026-10-09T15:00;7.9;19.4;9.0;8.1;0.0;;100.0;0.0;0.0;100.0;45.01;5.779999;0.0;2026-10-08T13:15:00+02:00;2026-10-08T14:10:32+02:00;21d835261d1e
2026-10-09;parking_pre_rencontre;AROMEHD;2026-10-09T16:00;8.5;20.8;9.0;8.5;0.0;;100.0;0.0;0.0;100.0;45.01;5.779999;0.0;2026-10-08T13:15:00+02:00;2026-10-08T14:10:32+02:00;21d835261d1e
2026-10-09;parking_pre_rencontre;AROMEHD;2026-10-09T17:00;8.5;21.4;12.0;8.5;0.0;;100.0;0.0;0.0;100.0;45.01;5.779999;0.0;2026-10-08T13:15:00+02:00;2026-10-08T14:10:32+02:00;21d835261d1e
2026-10-09;parking_pre_rencontre;AROMEHD;2026-10-09T18:00;7.9;21.2;11.0;8.2;0.0;;100.0;0.0;0.0;100.0;45.01;5.779999;0.0;2026-10-08T13:15:00+02:00;2026-10-08T14:10:32+02:00;21d835261d1e
2026-10-09;parking_pre_rencontre;AROMEHD;2026-10-09T19:00;6.8;19.6;13.0;7.6;0.0;;41.0;0.0;0.0;41.0;45.01;5.779999;0.0;2026-10-08T13:15:00+02:00;2026-10-08T14:10:32+02:00;21d835261d1e
2026-10-09;parking_pre_rencontre;AROMEHD;2026-10-09T20:00;6.3;16.7;16.0;6.7;0.0;;9.0;0.0;0.0;9.0;45.01;5.779999;0.0;2026-10-08T13:15:00+02:00;2026-10-08T14:10:32+02:00;21d835261d1e
2026-10-09;parking_pre_rencontre;AROMEHD;2026-10-09T21:00;6.7;15.4;10.0;6.1;0.0;;0.0;73.0;49.0;73.0;45.01;5.779999;0.0;2026-10-08T13:15:00+02:00;2026-10-08T14:10:32+02:00;21d835261d1e
2026-10-09;parking_pre_rencontre;AROMEHD;2026-10-09T22:00;6.1;15.6;17.0;5.8;0.0;;0.0;5.0;1.0;5.0;45.01;5.779999;0.0;2026-10-08T13:15:00+02:00;2026-10-08T14:10:32+02:00;21d835261d1e
2026-10-09;parking_pre_rencontre;AROMEHD;2026-10-09T23:00;7.1;15.7;8.0;5.8;0.0;;0.0;93.0;0.0;93.0;45.01;5.779999;0.0;2026-10-08T13:15:00+02:00;2026-10-08T14:10:32+02:00;21d835261d1e
2026-10-09;parking_pre_rencontre;AROMEHD;2026-10-10T00:00;5.0;15.7;11.0;5.9;0.0;;0.0;91.0;45.0;91.0;45.01;5.779999;0.0;2026-10-08T13:15:00+02:00;2026-10-08T14:10:32+02:00;21d835261d1e
2026-10-09;parking_pre_rencontre;ICONCH1;2026-10-09T01:00;15.9;31.5;347.0;6.1;0.0;100.0;100.0;0.0;0.0;100.0;45.0093;5.77124;1002.0;2026-10-08T13:15:00+02:00;2026-10-08T14:10:32+02:00;21d835261d1e
2026-10-09;parking_pre_rencontre;ICONCH1;2026-10-09T02:00;14.6;29.7;349.0;6.0;0.0;100.0;100.0;0.0;0.0;100.0;45.0093;5.77124;1002.0;2026-10-08T13:15:00+02:00;2026-10-08T14:10:32+02:00;21d835261d1e
2026-10-09;parking_pre_rencontre;ICONCH1;2026-10-09T03:00;14.0;27.6;350.0;5.8;0.0;100.0;100.0;0.0;0.0;100.0;45.0093;5.77124;1002.0;2026-10-08T13:15:00+02:00;2026-10-08T14:10:32+02:00;21d835261d1e
2026-10-09;parking_pre_rencontre;ICONCH1;2026-10-09T04:00;14.0;26.8;356.0;5.7;0.0;100.0;100.0;0.0;0.0;100.0;45.0093;5.77124;1002.0;2026-10-08T13:15:00+02:00;2026-10-08T14:10:32+02:00;21d835261d1e
2026-10-09;parking_pre_rencontre;ICONCH1;2026-10-09T05:00;13.0;26.2;358.0;5.5;0.0;100.0;100.0;0.0;0.0;100.0;45.0093;5.77124;1002.0;2026-10-08T13:15:00+02:00;2026-10-08T14:10:32+02:00;21d835261d1e
2026-10-09;parking_pre_rencontre;ICONCH1;2026-10-09T06:00;12.9;24.5;357.0;5.3;0.0;100.0;100.0;0.0;0.0;100.0;45.0093;5.77124;1002.0;2026-10-08T13:15:00+02:00;2026-10-08T14:10:32+02:00;21d835261d1e
2026-10-09;parking_pre_rencontre;ICONCH1;2026-10-09T07:00;12.3;23.9;356.0;5.1;0.0;100.0;100.0;0.0;0.0;100.0;45.0093;5.77124;1002.0;2026-10-08T13:15:00+02:00;2026-10-08T14:10:32+02:00;21d835261d1e
2026-10-09;parking_pre_rencontre;ICONCH1;2026-10-09T08:00;12.1;22.9;355.0;5.1;0.0;100.0;100.0;0.0;0.0;100.0;45.0093;5.77124;1002.0;2026-10-08T13:15:00+02:00;2026-10-08T14:10:32+02:00;21d835261d1e
2026-10-09;parking_pre_rencontre;ICONCH1;2026-10-09T09:00;11.3;22.7;358.0;5.1;0.0;100.0;100.0;0.0;0.0;100.0;45.0093;5.77124;1002.0;2026-10-08T13:15:00+02:00;2026-10-08T14:10:32+02:00;21d835261d1e
2026-10-09;parking_pre_rencontre;ICONCH1;2026-10-09T10:00;11.1;21.2;360.0;5.4;0.0;100.0;100.0;0.0;0.0;100.0;45.0093;5.77124;1002.0;2026-10-08T13:15:00+02:00;2026-10-08T14:10:32+02:00;21d835261d1e
2026-10-09;parking_pre_rencontre;ICONCH1;2026-10-09T11:00;10.9;21.0;359.0;5.8;0.0;100.0;100.0;0.0;0.0;100.0;45.0093;5.77124;1002.0;2026-10-08T13:15:00+02:00;2026-10-08T14:10:32+02:00;21d835261d1e
2026-10-09;parking_pre_rencontre;ICONCH1;2026-10-09T12:00;10.7;20.6;359.0;6.3;0.0;100.0;100.0;0.0;0.0;100.0;45.0093;5.77124;1002.0;2026-10-08T13:15:00+02:00;2026-10-08T14:10:32+02:00;21d835261d1e
2026-10-09;parking_pre_rencontre;ICONCH1;2026-10-09T13:00;10.5;20.0;2.0;6.5;0.0;100.0;100.0;0.0;0.0;100.0;45.0093;5.77124;1002.0;2026-10-08T13:15:00+02:00;2026-10-08T14:10:32+02:00;21d835261d1e
2026-10-09;parking_pre_rencontre;ICONCH1;2026-10-09T14:00;9.9;19.8;3.0;6.8;0.0;100.0;100.0;0.0;0.0;100.0;45.0093;5.77124;1002.0;2026-10-08T13:15:00+02:00;2026-10-08T14:10:32+02:00;21d835261d1e
2026-10-09;parking_pre_rencontre;ICONCH1;2026-10-09T15:00;9.4;18.9;5.0;7.0;0.0;100.0;100.0;0.0;0.0;100.0;45.0093;5.77124;1002.0;2026-10-08T13:15:00+02:00;2026-10-08T14:10:32+02:00;21d835261d1e
2026-10-09;parking_pre_rencontre;ICONCH1;2026-10-09T16:00;8.8;17.7;6.0;7.3;0.0;100.0;100.0;0.0;0.0;100.0;45.0093;5.77124;1002.0;2026-10-08T13:15:00+02:00;2026-10-08T14:10:32+02:00;21d835261d1e
2026-10-09;parking_pre_rencontre;ICONCH1;2026-10-09T17:00;8.2;16.5;5.0;7.5;0.0;100.0;100.0;0.0;0.0;100.0;45.0093;5.77124;1002.0;2026-10-08T13:15:00+02:00;2026-10-08T14:10:32+02:00;21d835261d1e
2026-10-09;parking_pre_rencontre;ICONCH1;2026-10-09T18:00;8.6;15.9;360.0;7.6;0.0;100.0;100.0;0.0;0.0;100.0;45.0093;5.77124;1002.0;2026-10-08T13:15:00+02:00;2026-10-08T14:10:32+02:00;21d835261d1e
2026-10-09;parking_pre_rencontre;ICONCH1;2026-10-09T19:00;8.2;15.9;359.0;7.4;0.0;100.0;100.0;0.0;9.0;100.0;45.0093;5.77124;1002.0;2026-10-08T13:15:00+02:00;2026-10-08T14:10:32+02:00;21d835261d1e
2026-10-09;parking_pre_rencontre;ICONCH1;2026-10-09T20:00;8.6;16.7;357.0;6.8;0.0;100.0;100.0;0.0;0.0;100.0;45.0093;5.77124;1002.0;2026-10-08T13:15:00+02:00;2026-10-08T14:10:32+02:00;21d835261d1e
2026-10-09;plage_de_sevrier;AROMEHD;2026-10-09T01:00;13.9;20.4;332.0;12.0;0.0;;15.0;1.0;0.0;15.0;45.86;6.16;0.0;2026-10-08T13:15:00+02:00;2026-10-08T14:10:32+02:00;21d835261d1e
2026-10-09;plage_de_sevrier;AROMEHD;2026-10-09T02:00;13.5;19.4;335.0;11.9;0.0;;37.0;0.0;0.0;37.0;45.86;6.16;0.0;2026-10-08T13:15:00+02:00;2026-10-08T14:10:32+02:00;21d835261d1e
2026-10-09;plage_de_sevrier;AROMEHD;2026-10-09T03:00;13.9;19.4;337.0;11.8;0.0;;43.0;0.0;0.0;43.0;45.86;6.16;0.0;2026-10-08T13:15:00+02:00;2026-10-08T14:10:32+02:00;21d835261d1e
2026-10-09;plage_de_sevrier;AROMEHD;2026-10-09T04:00;13.5;19.4;333.0;11.7;0.0;;57.0;0.0;0.0;57.0;45.86;6.16;0.0;2026-10-08T13:15:00+02:00;2026-10-08T14:10:32+02:00;21d835261d1e
2026-10-09;plage_de_sevrier;AROMEHD;2026-10-09T05:00;13.2;19.0;329.0;11.5;0.0;;6.0;0.0;0.0;6.0;45.86;6.16;0.0;2026-10-08T13:15:00+02:00;2026-10-08T14:10:32+02:00;21d835261d1e
2026-10-09;plage_de_sevrier;AROMEHD;2026-10-09T06:00;11.8;18.3;324.0;11.3;0.0;;8.0;0.0;0.0;8.0;45.86;6.16;0.0;2026-10-08T13:15:00+02:00;2026-10-08T14:10:32+02:00;21d835261d1e
2026-10-09;plage_de_sevrier;AROMEHD;2026-10-09T07:00;11.2;16.7;321.0;11.1;0.0;;0.0;0.0;0.0;0.0;45.86;6.16;0.0;2026-10-08T13:15:00+02:00;2026-10-08T14:10:32+02:00;21d835261d1e
2026-10-09;plage_de_sevrier;AROMEHD;2026-10-09T08:00;9.6;16.1;315.0;10.9;0.0;;3.0;0.0;0.0;3.0;45.86;6.16;0.0;2026-10-08T13:15:00+02:00;2026-10-08T14:10:32+02:00;21d835261d1e
2026-10-09;plage_de_sevrier;AROMEHD;2026-10-09T09:00;7.4;14.4;319.0;10.6;0.0;;17.0;0.0;0.0;17.0;45.86;6.16;0.0;2026-10-08T13:15:00+02:00;2026-10-08T14:10:32+02:00;21d835261d1e
2026-10-09;plage_de_sevrier;AROMEHD;2026-10-09T10:00;5.3;11.7;321.0;11.0;0.0;;21.0;0.0;0.0;21.0;45.86;6.16;0.0;2026-10-08T13:15:00+02:00;2026-10-08T14:10:32+02:00;21d835261d1e
2026-10-09;plage_de_sevrier;AROMEHD;2026-10-09T11:00;5.3;9.3;336.0;12.0;0.0;;22.0;0.0;0.0;22.0;45.86;6.16;0.0;2026-10-08T13:15:00+02:00;2026-10-08T14:10:32+02:00;21d835261d1e
2026-10-09;plage_de_sevrier;AROMEHD;2026-10-09T12:00;9.2;13.2;342.0;13.0;0.0;;1.0;0.0;0.0;1.0;45.86;6.16;0.0;2026-10-08T13:15:00+02:00;2026-10-08T14:10:32+02:00;21d835261d1e
2026-10-09;plage_de_sevrier;AROMEHD;2026-10-09T13:00;10.2;14.2;346.0;14.0;0.0;;0.0;0.0;0.0;0.0;45.86;6.16;0.0;2026-10-08T13:15:00+02:00;2026-10-08T14:10:32+02:00;21d835261d1e
2026-10-09;plage_de_sevrier;AROMEHD;2026-10-09T14:00;10.8;16.1;352.0;14.8;0.0;;0.0;0.0;0.0;0.0;45.86;6.16;0.0;2026-10-08T13:15:00+02:00;2026-10-08T14:10:32+02:00;21d835261d1e
2026-10-09;plage_de_sevrier;AROMEHD;2026-10-09T15:00;8.0;14.4;354.0;15.4;0.0;;1.0;0.0;0.0;1.0;45.86;6.16;0.0;2026-10-08T13:15:00+02:00;2026-10-08T14:10:32+02:00;21d835261d1e
2026-10-09;plage_de_sevrier;AROMEHD;2026-10-09T16:00;6.0;11.5;341.0;15.8;0.0;;0.0;0.0;0.0;0.0;45.86;6.16;0.0;2026-10-08T13:15:00+02:00;2026-10-08T14:10:32+02:00;21d835261d1e
2026-10-09;plage_de_sevrier;AROMEHD;2026-10-09T17:00;6.3;10.1;313.0;15.9;0.0;;0.0;0.0;0.0;0.0;45.86;6.16;0.0;2026-10-08T13:15:00+02:00;2026-10-08T14:10:32+02:00;21d835261d1e
2026-10-09;plage_de_sevrier;AROMEHD;2026-10-09T18:00;5.8;10.1;303.0;15.5;0.0;;0.0;0.0;0.0;0.0;45.86;6.16;0.0;2026-10-08T13:15:00+02:00;2026-10-08T14:10:32+02:00;21d835261d1e
2026-10-09;plage_de_sevrier;AROMEHD;2026-10-09T19:00;4.4;9.3;337.0;14.7;0.0;;0.0;1.0;18.0;18.0;45.86;6.16;0.0;2026-10-08T13:15:00+02:00;2026-10-08T14:10:32+02:00;21d835261d1e
2026-10-09;plage_de_sevrier;AROMEHD;2026-10-09T20:00;6.1;8.7;6.0;14.2;0.0;;0.0;64.0;100.0;100.0;45.86;6.16;0.0;2026-10-08T13:15:00+02:00;2026-10-08T14:10:32+02:00;21d835261d1e
2026-10-09;plage_de_sevrier;AROMEHD;2026-10-09T21:00;4.3;9.3;3.0;14.0;0.0;;0.0;96.0;100.0;100.0;45.86;6.16;0.0;2026-10-08T13:15:00+02:00;2026-10-08T14:10:32+02:00;21d835261d1e
2026-10-09;plage_de_sevrier;AROMEHD;2026-10-09T22:00;4.5;7.8;2.0;13.5;0.0;;0.0;100.0;68.0;100.0;45.86;6.16;0.0;2026-10-08T13:15:00+02:00;2026-10-08T14:10:32+02:00;21d835261d1e
2026-10-09;plage_de_sevrier;AROMEHD;2026-10-09T23:00;4.1;7.8;357.0;13.1;0.0;;0.0;100.0;92.0;100.0;45.86;6.16;0.0;2026-10-08T13:15:00+02:00;2026-10-08T14:10:32+02:00;21d835261d1e
2026-10-09;plage_de_sevrier;AROMEHD;2026-10-10T00:00;1.7;5.8;243.0;12.3;0.0;;3.0;100.0;100.0;100.0;45.86;6.16;0.0;2026-10-08T13:15:00+02:00;2026-10-08T14:10:32+02:00;21d835261d1e
2026-10-09;plage_de_sevrier;ICONCH1;2026-10-09T01:00;17.1;24.5;324.0;12.5;0.0;76.0;59.0;66.0;0.0;76.0;45.86465;6.164917;0.0;2026-10-08T13:15:00+02:00;2026-10-08T14:10:32+02:00;21d835261d1e
2026-10-09;plage_de_sevrier;ICONCH1;2026-10-09T02:00;12.3;22.9;349.0;12.9;0.0;72.0;58.0;53.0;0.0;72.0;45.86465;6.164917;0.0;2026-10-08T13:15:00+02:00;2026-10-08T14:10:32+02:00;21d835261d1e
2026-10-09;plage_de_sevrier;ICONCH1;2026-10-09T03:00;10.6;16.3;353.0;12.9;0.0;55.0;44.0;43.0;0.0;55.0;45.86465;6.164917;0.0;2026-10-08T13:15:00+02:00;2026-10-08T14:10:32+02:00;21d835261d1e
2026-10-09;plage_de_sevrier;ICONCH1;2026-10-09T04:00;7.6;13.6;334.0;12.6;0.0;38.0;34.0;17.0;0.0;38.0;45.86465;6.164917;0.0;2026-10-08T13:15:00+02:00;2026-10-08T14:10:32+02:00;21d835261d1e
2026-10-09;plage_de_sevrier;ICONCH1;2026-10-09T05:00;9.3;11.9;315.0;11.7;0.0;63.0;52.0;20.0;0.0;63.0;45.86465;6.164917;0.0;2026-10-08T13:15:00+02:00;2026-10-08T14:10:32+02:00;21d835261d1e
2026-10-09;plage_de_sevrier;ICONCH1;2026-10-09T06:00;8.8;11.9;320.0;11.5;0.0;52.0;52.0;0.0;0.0;52.0;45.86465;6.164917;0.0;2026-10-08T13:15:00+02:00;2026-10-08T14:10:32+02:00;21d835261d1e
2026-10-09;plage_de_sevrier;ICONCH1;2026-10-09T07:00;7.0;11.3;324.0;11.3;0.0;57.0;57.0;0.0;0.0;57.0;45.86465;6.164917;0.0;2026-10-08T13:15:00+02:00;2026-10-08T14:10:32+02:00;21d835261d1e
2026-10-09;plage_de_sevrier;ICONCH1;2026-10-09T08:00;5.6;8.9;326.0;11.4;0.0;65.0;65.0;0.0;0.0;65.0;45.86465;6.164917;0.0;2026-10-08T13:15:00+02:00;2026-10-08T14:10:32+02:00;21d835261d1e
2026-10-09;plage_de_sevrier;ICONCH1;2026-10-09T09:00;5.3;7.4;327.0;11.3;0.0;62.0;62.0;0.0;0.0;62.0;45.86465;6.164917;0.0;2026-10-08T13:15:00+02:00;2026-10-08T14:10:32+02:00;21d835261d1e
2026-10-09;plage_de_sevrier;ICONCH1;2026-10-09T10:00;4.3;7.0;333.0;11.6;0.0;50.0;50.0;0.0;0.0;50.0;45.86465;6.164917;0.0;2026-10-08T13:15:00+02:00;2026-10-08T14:10:32+02:00;21d835261d1e
2026-10-09;plage_de_sevrier;ICONCH1;2026-10-09T11:00;5.3;6.8;336.0;12.2;0.0;75.0;75.0;0.0;0.0;75.0;45.86465;6.164917;0.0;2026-10-08T13:15:00+02:00;2026-10-08T14:10:32+02:00;21d835261d1e
2026-10-09;plage_de_sevrier;ICONCH1;2026-10-09T12:00;5.7;7.4;305.0;13.1;0.0;51.0;51.0;0.0;0.0;51.0;45.86465;6.164917;0.0;2026-10-08T13:15:00+02:00;2026-10-08T14:10:32+02:00;21d835261d1e
2026-10-09;plage_de_sevrier;ICONCH1;2026-10-09T13:00;6.5;8.6;333.0;14.2;0.0;41.0;41.0;0.0;0.0;41.0;45.86465;6.164917;0.0;2026-10-08T13:15:00+02:00;2026-10-08T14:10:32+02:00;21d835261d1e
2026-10-09;plage_de_sevrier;ICONCH1;2026-10-09T14:00;5.8;8.9;327.0;15.1;0.0;81.0;81.0;0.0;0.0;81.0;45.86465;6.164917;0.0;2026-10-08T13:15:00+02:00;2026-10-08T14:10:32+02:00;21d835261d1e
2026-10-09;plage_de_sevrier;ICONCH1;2026-10-09T15:00;10.8;14.0;293.0;15.4;0.0;74.0;74.0;0.0;0.0;74.0;45.86465;6.164917;0.0;2026-10-08T13:15:00+02:00;2026-10-08T14:10:32+02:00;21d835261d1e
2026-10-09;plage_de_sevrier;ICONCH1;2026-10-09T16:00;11.0;14.2;297.0;15.7;0.0;87.0;87.0;0.0;0.0;87.0;45.86465;6.164917;0.0;2026-10-08T13:15:00+02:00;2026-10-08T14:10:32+02:00;21d835261d1e
2026-10-09;plage_de_sevrier;ICONCH1;2026-10-09T17:00;9.6;14.2;297.0;15.8;0.0;64.0;64.0;0.0;0.0;64.0;45.86465;6.164917;0.0;2026-10-08T13:15:00+02:00;2026-10-08T14:10:32+02:00;21d835261d1e
2026-10-09;plage_de_sevrier;ICONCH1;2026-10-09T18:00;7.3;14.0;304.0;15.2;0.0;70.0;56.0;37.0;0.0;70.0;45.86465;6.164917;0.0;2026-10-08T13:15:00+02:00;2026-10-08T14:10:32+02:00;21d835261d1e
2026-10-09;plage_de_sevrier;ICONCH1;2026-10-09T19:00;5.8;9.3;315.0;14.6;0.0;70.0;55.0;31.0;0.0;70.0;45.86465;6.164917;0.0;2026-10-08T13:15:00+02:00;2026-10-08T14:10:32+02:00;21d835261d1e
2026-10-09;plage_de_sevrier;ICONCH1;2026-10-09T20:00;5.6;7.6;335.0;14.3;0.0;100.0;59.0;65.0;99.0;100.0;45.86465;6.164917;0.0;2026-10-08T13:15:00+02:00;2026-10-08T14:10:32+02:00;21d835261d1e
2026-10-09;pont_darciat;AROMEHD;2026-10-09T01:00;9.7;16.1;335.0;11.0;0.0;;3.0;0.0;0.0;3.0;46.25;4.8099995;169.0;2026-10-08T13:15:00+02:00;2026-10-08T14:10:32+02:00;21d835261d1e
2026-10-09;pont_darciat;AROMEHD;2026-10-09T02:00;9.3;14.6;334.0;10.5;0.0;;33.0;0.0;0.0;33.0;46.25;4.8099995;169.0;2026-10-08T13:15:00+02:00;2026-10-08T14:10:32+02:00;21d835261d1e
2026-10-09;pont_darciat;AROMEHD;2026-10-09T03:00;8.3;13.8;332.0;10.0;0.0;;0.0;0.0;0.0;0.0;46.25;4.8099995;169.0;2026-10-08T13:15:00+02:00;2026-10-08T14:10:32+02:00;21d835261d1e
2026-10-09;pont_darciat;AROMEHD;2026-10-09T04:00;8.7;12.8;328.0;9.6;0.0;;1.0;0.0;0.0;1.0;46.25;4.8099995;169.0;2026-10-08T13:15:00+02:00;2026-10-08T14:10:32+02:00;21d835261d1e
2026-10-09;pont_darciat;AROMEHD;2026-10-09T05:00;8.3;13.4;332.0;9.3;0.0;;0.0;0.0;0.0;0.0;46.25;4.8099995;169.0;2026-10-08T13:15:00+02:00;2026-10-08T14:10:32+02:00;21d835261d1e
2026-10-09;pont_darciat;AROMEHD;2026-10-09T06:00;7.9;12.4;332.0;9.0;0.0;;0.0;0.0;0.0;0.0;46.25;4.8099995;169.0;2026-10-08T13:15:00+02:00;2026-10-08T14:10:32+02:00;21d835261d1e
2026-10-09;pont_darciat;AROMEHD;2026-10-09T07:00;8.0;11.7;331.0;8.7;0.0;;0.0;0.0;0.0;0.0;46.25;4.8099995;169.0;2026-10-08T13:15:00+02:00;2026-10-08T14:10:32+02:00;21d835261d1e
2026-10-09;pont_darciat;AROMEHD;2026-10-09T08:00;7.3;11.9;335.0;8.4;0.0;;0.0;0.0;0.0;0.0;46.25;4.8099995;169.0;2026-10-08T13:15:00+02:00;2026-10-08T14:10:32+02:00;21d835261d1e
2026-10-09;pont_darciat;AROMEHD;2026-10-09T09:00;5.0;10.5;344.0;8.8;0.0;;1.0;0.0;0.0;1.0;46.25;4.8099995;169.0;2026-10-08T13:15:00+02:00;2026-10-08T14:10:32+02:00;21d835261d1e
2026-10-09;pont_darciat;AROMEHD;2026-10-09T10:00;5.7;9.3;352.0;10.6;0.0;;3.0;0.0;0.0;3.0;46.25;4.8099995;169.0;2026-10-08T13:15:00+02:00;2026-10-08T14:10:32+02:00;21d835261d1e
2026-10-09;pont_darciat;AROMEHD;2026-10-09T11:00;8.4;13.4;337.0;12.2;0.0;;0.0;0.0;61.0;61.0;46.25;4.8099995;169.0;2026-10-08T13:15:00+02:00;2026-10-08T14:10:32+02:00;21d835261d1e
2026-10-09;pont_darciat;AROMEHD;2026-10-09T12:00;8.9;14.8;334.0;12.9;0.0;;0.0;0.0;0.0;0.0;46.25;4.8099995;169.0;2026-10-08T13:15:00+02:00;2026-10-08T14:10:32+02:00;21d835261d1e
2026-10-09;pont_darciat;AROMEHD;2026-10-09T13:00;9.0;15.9;332.0;13.5;0.0;;0.0;0.0;0.0;0.0;46.25;4.8099995;169.0;2026-10-08T13:15:00+02:00;2026-10-08T14:10:32+02:00;21d835261d1e
2026-10-09;pont_darciat;AROMEHD;2026-10-09T14:00;8.3;15.2;332.0;14.3;0.0;;0.0;4.0;10.0;10.0;46.25;4.8099995;169.0;2026-10-08T13:15:00+02:00;2026-10-08T14:10:32+02:00;21d835261d1e
2026-10-09;pont_darciat;AROMEHD;2026-10-09T15:00;7.9;14.2;329.0;14.7;0.0;;0.0;98.0;60.0;98.0;46.25;4.8099995;169.0;2026-10-08T13:15:00+02:00;2026-10-08T14:10:32+02:00;21d835261d1e
2026-10-09;pont_darciat;AROMEHD;2026-10-09T16:00;8.6;14.4;324.0;14.9;0.0;;0.0;88.0;80.0;88.0;46.25;4.8099995;169.0;2026-10-08T13:15:00+02:00;2026-10-08T14:10:32+02:00;21d835261d1e
2026-10-09;pont_darciat;AROMEHD;2026-10-09T17:00;6.8;14.2;333.0;14.7;0.0;;1.0;100.0;100.0;100.0;46.25;4.8099995;169.0;2026-10-08T13:15:00+02:00;2026-10-08T14:10:32+02:00;21d835261d1e
2026-10-09;pont_darciat;AROMEHD;2026-10-09T18:00;6.5;12.8;339.0;14.1;0.0;;98.0;100.0;100.0;100.0;46.25;4.8099995;169.0;2026-10-08T13:15:00+02:00;2026-10-08T14:10:32+02:00;21d835261d1e
2026-10-09;pont_darciat;AROMEHD;2026-10-09T19:00;4.8;9.9;328.0;13.5;0.0;;100.0;100.0;100.0;100.0;46.25;4.8099995;169.0;2026-10-08T13:15:00+02:00;2026-10-08T14:10:32+02:00;21d835261d1e
2026-10-09;pont_darciat;AROMEHD;2026-10-09T20:00;3.4;7.4;347.0;13.1;0.0;;100.0;100.0;100.0;100.0;46.25;4.8099995;169.0;2026-10-08T13:15:00+02:00;2026-10-08T14:10:32+02:00;21d835261d1e
2026-10-09;pont_darciat;AROMEHD;2026-10-09T21:00;2.5;4.9;360.0;12.9;0.0;;100.0;100.0;100.0;100.0;46.25;4.8099995;169.0;2026-10-08T13:15:00+02:00;2026-10-08T14:10:32+02:00;21d835261d1e
2026-10-09;pont_darciat;AROMEHD;2026-10-09T22:00;1.0;3.3;79.0;12.5;0.0;;98.0;0.0;100.0;100.0;46.25;4.8099995;169.0;2026-10-08T13:15:00+02:00;2026-10-08T14:10:32+02:00;21d835261d1e
2026-10-09;pont_darciat;AROMEHD;2026-10-09T23:00;3.2;3.7;137.0;12.0;0.0;;100.0;4.0;100.0;100.0;46.25;4.8099995;169.0;2026-10-08T13:15:00+02:00;2026-10-08T14:10:32+02:00;21d835261d1e
2026-10-09;pont_darciat;AROMEHD;2026-10-10T00:00;2.2;3.9;190.0;11.9;0.0;;100.0;28.0;100.0;100.0;46.25;4.8099995;169.0;2026-10-08T13:15:00+02:00;2026-10-08T14:10:32+02:00;21d835261d1e
2026-10-09;pont_darciat;ICONCH1;2026-10-09T01:00;10.2;15.7;329.0;10.3;0.0;33.0;10.0;25.0;0.0;33.0;46.25097;4.8050537;172.0;2026-10-08T13:15:00+02:00;2026-10-08T14:10:32+02:00;21d835261d1e
2026-10-09;pont_darciat;ICONCH1;2026-10-09T02:00;10.1;15.9;330.0;9.8;0.0;48.0;0.0;0.0;48.0;48.0;46.25097;4.8050537;172.0;2026-10-08T13:15:00+02:00;2026-10-08T14:10:32+02:00;21d835261d1e
2026-10-09;pont_darciat;ICONCH1;2026-10-09T03:00;9.8;16.9;337.0;9.5;0.0;6.0;6.0;0.0;1.0;6.0;46.25097;4.8050537;172.0;2026-10-08T13:15:00+02:00;2026-10-08T14:10:32+02:00;21d835261d1e
2026-10-09;pont_darciat;ICONCH1;2026-10-09T04:00;6.5;15.0;27.0;8.6;0.0;26.0;26.0;0.0;0.0;26.0;46.25097;4.8050537;172.0;2026-10-08T13:15:00+02:00;2026-10-08T14:10:32+02:00;21d835261d1e
2026-10-09;pont_darciat;ICONCH1;2026-10-09T05:00;5.6;9.7;358.0;7.9;0.0;0.0;0.0;0.0;0.0;0.0;46.25097;4.8050537;172.0;2026-10-08T13:15:00+02:00;2026-10-08T14:10:32+02:00;21d835261d1e
2026-10-09;pont_darciat;ICONCH1;2026-10-09T06:00;6.6;9.9;357.0;7.6;0.0;8.0;6.0;0.0;2.0;8.0;46.25097;4.8050537;172.0;2026-10-08T13:15:00+02:00;2026-10-08T14:10:32+02:00;21d835261d1e
2026-10-09;pont_darciat;ICONCH1;2026-10-09T07:00;5.8;9.9;348.0;7.3;0.0;12.0;12.0;0.0;0.0;12.0;46.25097;4.8050537;172.0;2026-10-08T13:15:00+02:00;2026-10-08T14:10:32+02:00;21d835261d1e
2026-10-09;pont_darciat;ICONCH1;2026-10-09T08:00;5.8;8.7;346.0;7.0;0.0;0.0;0.0;0.0;0.0;0.0;46.25097;4.8050537;172.0;2026-10-08T13:15:00+02:00;2026-10-08T14:10:32+02:00;21d835261d1e
2026-10-09;pont_darciat;ICONCH1;2026-10-09T09:00;6.5;9.7;344.0;8.2;0.0;0.0;0.0;0.0;0.0;0.0;46.25097;4.8050537;172.0;2026-10-08T13:15:00+02:00;2026-10-08T14:10:32+02:00;21d835261d1e
2026-10-09;pont_darciat;ICONCH1;2026-10-09T10:00;7.0;11.1;346.0;10.7;0.0;12.0;12.0;0.0;0.0;12.0;46.25097;4.8050537;172.0;2026-10-08T13:15:00+02:00;2026-10-08T14:10:32+02:00;21d835261d1e
2026-10-09;pont_darciat;ICONCH1;2026-10-09T11:00;9.7;15.6;330.0;12.2;0.0;6.0;6.0;0.0;0.0;6.0;46.25097;4.8050537;172.0;2026-10-08T13:15:00+02:00;2026-10-08T14:10:32+02:00;21d835261d1e
2026-10-09;pont_darciat;ICONCH1;2026-10-09T12:00;10.5;16.9;326.0;13.1;0.0;0.0;0.0;0.0;0.0;0.0;46.25097;4.8050537;172.0;2026-10-08T13:15:00+02:00;2026-10-08T14:10:32+02:00;21d835261d1e
2026-10-09;pont_darciat;ICONCH1;2026-10-09T13:00;9.7;16.9;327.0;14.0;0.0;0.0;0.0;0.0;0.0;0.0;46.25097;4.8050537;172.0;2026-10-08T13:15:00+02:00;2026-10-08T14:10:32+02:00;21d835261d1e
2026-10-09;pont_darciat;ICONCH1;2026-10-09T14:00;8.7;15.6;326.0;14.9;0.0;0.0;0.0;0.0;0.0;0.0;46.25097;4.8050537;172.0;2026-10-08T13:15:00+02:00;2026-10-08T14:10:32+02:00;21d835261d1e
2026-10-09;pont_darciat;ICONCH1;2026-10-09T15:00;9.0;14.2;321.0;15.2;0.0;91.0;0.0;36.0;80.0;91.0;46.25097;4.8050537;172.0;2026-10-08T13:15:00+02:00;2026-10-08T14:10:32+02:00;21d835261d1e
2026-10-09;pont_darciat;ICONCH1;2026-10-09T16:00;8.7;14.4;323.0;15.0;0.0;100.0;0.0;51.0;100.0;100.0;46.25097;4.8050537;172.0;2026-10-08T13:15:00+02:00;2026-10-08T14:10:32+02:00;21d835261d1e
2026-10-09;pont_darciat;ICONCH1;2026-10-09T17:00;8.5;13.8;319.0;14.7;0.0;100.0;8.0;83.0;100.0;100.0;46.25097;4.8050537;172.0;2026-10-08T13:15:00+02:00;2026-10-08T14:10:32+02:00;21d835261d1e
2026-10-09;pont_darciat;ICONCH1;2026-10-09T18:00;6.8;13.4;323.0;14.1;0.0;100.0;0.0;83.0;100.0;100.0;46.25097;4.8050537;172.0;2026-10-08T13:15:00+02:00;2026-10-08T14:10:32+02:00;21d835261d1e
2026-10-09;pont_darciat;ICONCH1;2026-10-09T19:00;5.2;10.5;326.0;13.2;0.0;100.0;81.0;99.0;28.0;100.0;46.25097;4.8050537;172.0;2026-10-08T13:15:00+02:00;2026-10-08T14:10:32+02:00;21d835261d1e
2026-10-09;pont_darciat;ICONCH1;2026-10-09T20:00;3.7;7.8;335.0;12.8;0.0;100.0;70.0;100.0;63.0;100.0;46.25097;4.8050537;172.0;2026-10-08T13:15:00+02:00;2026-10-08T14:10:32+02:00;21d835261d1e
2026-10-09;pont_de_chavanay;AROMEHD;2026-10-09T01:00;11.8;22.9;335.0;12.7;0.0;;1.0;0.0;0.0;1.0;45.42;4.75;141.0;2026-10-08T13:15:00+02:00;2026-10-08T14:10:32+02:00;21d835261d1e
2026-10-09;pont_de_chavanay;AROMEHD;2026-10-09T02:00;11.2;21.8;337.0;12.5;0.0;;52.0;9.0;0.0;52.0;45.42;4.75;141.0;2026-10-08T13:15:00+02:00;2026-10-08T14:10:32+02:00;21d835261d1e
2026-10-09;pont_de_chavanay;AROMEHD;2026-10-09T03:00;11.4;21.2;337.0;12.2;0.0;;2.0;0.0;0.0;2.0;45.42;4.75;141.0;2026-10-08T13:15:00+02:00;2026-10-08T14:10:32+02:00;21d835261d1e
2026-10-09;pont_de_chavanay;AROMEHD;2026-10-09T04:00;11.2;20.8;332.0;11.9;0.0;;3.0;0.0;0.0;3.0;45.42;4.75;141.0;2026-10-08T13:15:00+02:00;2026-10-08T14:10:32+02:00;21d835261d1e
2026-10-09;pont_de_chavanay;AROMEHD;2026-10-09T05:00;9.8;20.6;330.0;11.5;0.0;;0.0;0.0;0.0;0.0;45.42;4.75;141.0;2026-10-08T13:15:00+02:00;2026-10-08T14:10:32+02:00;21d835261d1e
2026-10-09;pont_de_chavanay;AROMEHD;2026-10-09T06:00;9.2;18.3;325.0;11.1;0.0;;0.0;0.0;0.0;0.0;45.42;4.75;141.0;2026-10-08T13:15:00+02:00;2026-10-08T14:10:32+02:00;21d835261d1e
2026-10-09;pont_de_chavanay;AROMEHD;2026-10-09T07:00;8.7;16.9;328.0;10.7;0.0;;6.0;0.0;0.0;6.0;45.42;4.75;141.0;2026-10-08T13:15:00+02:00;2026-10-08T14:10:32+02:00;21d835261d1e
2026-10-09;pont_de_chavanay;AROMEHD;2026-10-09T08:00;8.4;15.9;329.0;10.4;0.0;;2.0;0.0;0.0;2.0;45.42;4.75;141.0;2026-10-08T13:15:00+02:00;2026-10-08T14:10:32+02:00;21d835261d1e
2026-10-09;pont_de_chavanay;AROMEHD;2026-10-09T09:00;8.8;16.1;335.0;11.0;0.0;;1.0;0.0;0.0;1.0;45.42;4.75;141.0;2026-10-08T13:15:00+02:00;2026-10-08T14:10:32+02:00;21d835261d1e
2026-10-09;pont_de_chavanay;AROMEHD;2026-10-09T10:00;9.9;18.7;344.0;12.1;0.0;;0.0;0.0;0.0;0.0;45.42;4.75;141.0;2026-10-08T13:15:00+02:00;2026-10-08T14:10:32+02:00;21d835261d1e
2026-10-09;pont_de_chavanay;AROMEHD;2026-10-09T11:00;10.1;19.0;350.0;13.1;0.0;;3.0;0.0;0.0;3.0;45.42;4.75;141.0;2026-10-08T13:15:00+02:00;2026-10-08T14:10:32+02:00;21d835261d1e
2026-10-09;pont_de_chavanay;AROMEHD;2026-10-09T12:00;11.1;20.4;3.0;14.4;0.0;;0.0;0.0;1.0;1.0;45.42;4.75;141.0;2026-10-08T13:15:00+02:00;2026-10-08T14:10:32+02:00;21d835261d1e
2026-10-09;pont_de_chavanay;AROMEHD;2026-10-09T13:00;10.7;20.8;5.0;15.2;0.0;;0.0;0.0;0.0;0.0;45.42;4.75;141.0;2026-10-08T13:15:00+02:00;2026-10-08T14:10:32+02:00;21d835261d1e
2026-10-09;pont_de_chavanay;AROMEHD;2026-10-09T14:00;10.2;19.2;5.0;15.9;0.0;;0.0;0.0;0.0;0.0;45.42;4.75;141.0;2026-10-08T13:15:00+02:00;2026-10-08T14:10:32+02:00;21d835261d1e
2026-10-09;pont_de_chavanay;AROMEHD;2026-10-09T15:00;10.2;18.9;5.0;16.3;0.0;;0.0;0.0;0.0;0.0;45.42;4.75;141.0;2026-10-08T13:15:00+02:00;2026-10-08T14:10:32+02:00;21d835261d1e
2026-10-09;pont_de_chavanay;AROMEHD;2026-10-09T16:00;9.9;18.3;4.0;16.6;0.0;;0.0;0.0;13.0;13.0;45.42;4.75;141.0;2026-10-08T13:15:00+02:00;2026-10-08T14:10:32+02:00;21d835261d1e
2026-10-09;pont_de_chavanay;AROMEHD;2026-10-09T17:00;9.2;17.9;6.0;16.5;0.0;;0.0;9.0;0.0;9.0;45.42;4.75;141.0;2026-10-08T13:15:00+02:00;2026-10-08T14:10:32+02:00;21d835261d1e
2026-10-09;pont_de_chavanay;AROMEHD;2026-10-09T18:00;8.2;16.3;353.0;16.1;0.0;;0.0;39.0;98.0;98.0;45.42;4.75;141.0;2026-10-08T13:15:00+02:00;2026-10-08T14:10:32+02:00;21d835261d1e
2026-10-09;pont_de_chavanay;AROMEHD;2026-10-09T19:00;6.7;14.8;348.0;14.8;0.0;;0.0;88.0;99.0;99.0;45.42;4.75;141.0;2026-10-08T13:15:00+02:00;2026-10-08T14:10:32+02:00;21d835261d1e
2026-10-09;pont_de_chavanay;AROMEHD;2026-10-09T20:00;6.3;11.7;353.0;14.1;0.0;;63.0;100.0;99.0;100.0;45.42;4.75;141.0;2026-10-08T13:15:00+02:00;2026-10-08T14:10:32+02:00;21d835261d1e
2026-10-09;pont_de_chavanay;AROMEHD;2026-10-09T21:00;5.6;10.7;358.0;14.1;0.0;;100.0;100.0;100.0;100.0;45.42;4.75;141.0;2026-10-08T13:15:00+02:00;2026-10-08T14:10:32+02:00;21d835261d1e
2026-10-09;pont_de_chavanay;AROMEHD;2026-10-09T22:00;6.0;11.1;339.0;14.2;0.0;;100.0;100.0;100.0;100.0;45.42;4.75;141.0;2026-10-08T13:15:00+02:00;2026-10-08T14:10:32+02:00;21d835261d1e
2026-10-09;pont_de_chavanay;AROMEHD;2026-10-09T23:00;4.6;11.1;338.0;14.0;0.0;;100.0;100.0;100.0;100.0;45.42;4.75;141.0;2026-10-08T13:15:00+02:00;2026-10-08T14:10:32+02:00;21d835261d1e
2026-10-09;pont_de_chavanay;AROMEHD;2026-10-10T00:00;4.7;8.2;30.0;13.7;0.0;;99.0;1.0;100.0;100.0;45.42;4.75;141.0;2026-10-08T13:15:00+02:00;2026-10-08T14:10:32+02:00;21d835261d1e
2026-10-09;pont_de_chavanay;ICONCH1;2026-10-09T01:00;14.6;25.5;311.0;12.1;0.0;78.0;35.0;62.0;0.0;78.0;45.416153;4.741211;147.0;2026-10-08T13:15:00+02:00;2026-10-08T14:10:32+02:00;21d835261d1e
2026-10-09;pont_de_chavanay;ICONCH1;2026-10-09T02:00;15.2;22.9;311.0;12.1;0.0;70.0;28.0;54.0;0.0;70.0;45.416153;4.741211;147.0;2026-10-08T13:15:00+02:00;2026-10-08T14:10:32+02:00;21d835261d1e
2026-10-09;pont_de_chavanay;ICONCH1;2026-10-09T03:00;14.3;22.9;314.0;12.0;0.0;44.0;39.0;12.0;0.0;44.0;45.416153;4.741211;147.0;2026-10-08T13:15:00+02:00;2026-10-08T14:10:32+02:00;21d835261d1e
2026-10-09;pont_de_chavanay;ICONCH1;2026-10-09T04:00;14.4;22.2;317.0;11.8;0.0;45.0;14.0;36.0;0.0;45.0;45.416153;4.741211;147.0;2026-10-08T13:15:00+02:00;2026-10-08T14:10:32+02:00;21d835261d1e
2026-10-09;pont_de_chavanay;ICONCH1;2026-10-09T05:00;13.5;22.0;319.0;11.5;0.0;25.0;25.0;0.0;0.0;25.0;45.416153;4.741211;147.0;2026-10-08T13:15:00+02:00;2026-10-08T14:10:32+02:00;21d835261d1e
2026-10-09;pont_de_chavanay;ICONCH1;2026-10-09T06:00;12.5;20.6;316.0;11.2;0.0;19.0;19.0;0.0;0.0;19.0;45.416153;4.741211;147.0;2026-10-08T13:15:00+02:00;2026-10-08T14:10:32+02:00;21d835261d1e
2026-10-09;pont_de_chavanay;ICONCH1;2026-10-09T07:00;12.0;19.6;309.0;11.0;0.0;34.0;34.0;0.0;0.0;34.0;45.416153;4.741211;147.0;2026-10-08T13:15:00+02:00;2026-10-08T14:10:32+02:00;21d835261d1e
2026-10-09;pont_de_chavanay;ICONCH1;2026-10-09T08:00;12.0;18.3;309.0;11.0;0.0;39.0;15.0;25.0;0.0;39.0;45.416153;4.741211;147.0;2026-10-08T13:15:00+02:00;2026-10-08T14:10:32+02:00;21d835261d1e
2026-10-09;pont_de_chavanay;ICONCH1;2026-10-09T09:00;13.0;19.6;320.0;11.8;0.0;3.0;3.0;0.0;0.0;3.0;45.416153;4.741211;147.0;2026-10-08T13:15:00+02:00;2026-10-08T14:10:32+02:00;21d835261d1e
2026-10-09;pont_de_chavanay;ICONCH1;2026-10-09T10:00;12.3;19.8;331.0;12.7;0.0;0.0;0.0;0.0;0.0;0.0;45.416153;4.741211;147.0;2026-10-08T13:15:00+02:00;2026-10-08T14:10:32+02:00;21d835261d1e
2026-10-09;pont_de_chavanay;ICONCH1;2026-10-09T11:00;11.9;18.9;334.0;13.6;0.0;9.0;9.0;0.0;0.0;9.0;45.416153;4.741211;147.0;2026-10-08T13:15:00+02:00;2026-10-08T14:10:32+02:00;21d835261d1e
2026-10-09;pont_de_chavanay;ICONCH1;2026-10-09T12:00;12.1;19.2;330.0;14.5;0.0;16.0;16.0;0.0;0.0;16.0;45.416153;4.741211;147.0;2026-10-08T13:15:00+02:00;2026-10-08T14:10:32+02:00;21d835261d1e
2026-10-09;pont_de_chavanay;ICONCH1;2026-10-09T13:00;13.0;20.0;1.0;15.6;0.0;0.0;0.0;0.0;0.0;0.0;45.416153;4.741211;147.0;2026-10-08T13:15:00+02:00;2026-10-08T14:10:32+02:00;21d835261d1e
2026-10-09;pont_de_chavanay;ICONCH1;2026-10-09T14:00;12.1;20.2;360.0;15.9;0.0;0.0;0.0;0.0;0.0;0.0;45.416153;4.741211;147.0;2026-10-08T13:15:00+02:00;2026-10-08T14:10:32+02:00;21d835261d1e
2026-10-09;pont_de_chavanay;ICONCH1;2026-10-09T15:00;12.2;18.9;7.0;16.3;0.0;0.0;0.0;0.0;0.0;0.0;45.416153;4.741211;147.0;2026-10-08T13:15:00+02:00;2026-10-08T14:10:32+02:00;21d835261d1e
2026-10-09;pont_de_chavanay;ICONCH1;2026-10-09T16:00;11.9;18.7;11.0;16.3;0.0;0.0;0.0;0.0;0.0;0.0;45.416153;4.741211;147.0;2026-10-08T13:15:00+02:00;2026-10-08T14:10:32+02:00;21d835261d1e
2026-10-09;pont_de_chavanay;ICONCH1;2026-10-09T17:00;11.2;18.3;13.0;16.0;0.0;9.0;0.0;9.0;0.0;9.0;45.416153;4.741211;147.0;2026-10-08T13:15:00+02:00;2026-10-08T14:10:32+02:00;21d835261d1e
2026-10-09;pont_de_chavanay;ICONCH1;2026-10-09T18:00;9.7;16.9;2.0;15.2;0.0;78.0;0.0;39.0;56.0;78.0;45.416153;4.741211;147.0;2026-10-08T13:15:00+02:00;2026-10-08T14:10:32+02:00;21d835261d1e
2026-10-09;pont_de_chavanay;ICONCH1;2026-10-09T19:00;8.1;14.6;333.0;13.8;0.0;63.0;0.0;62.0;3.0;63.0;45.416153;4.741211;147.0;2026-10-08T13:15:00+02:00;2026-10-08T14:10:32+02:00;21d835261d1e
2026-10-09;pont_de_chavanay;ICONCH1;2026-10-09T20:00;7.5;11.9;307.0;12.7;0.0;19.0;0.0;19.0;0.0;19.0;45.416153;4.741211;147.0;2026-10-08T13:15:00+02:00;2026-10-08T14:10:32+02:00;21d835261d1e
2026-10-09;portes_les_valence;AROMEHD;2026-10-09T01:00;18.3;33.8;1.0;13.2;0.0;;9.0;6.0;0.0;9.0;44.87;4.8599987;101.0;2026-10-08T13:15:00+02:00;2026-10-08T14:10:32+02:00;21d835261d1e
2026-10-09;portes_les_valence;AROMEHD;2026-10-09T02:00;18.7;34.4;2.0;12.9;0.0;;2.0;0.0;0.0;2.0;44.87;4.8599987;101.0;2026-10-08T13:15:00+02:00;2026-10-08T14:10:32+02:00;21d835261d1e
2026-10-09;portes_les_valence;AROMEHD;2026-10-09T03:00;17.7;34.4;2.0;12.7;0.0;;35.0;3.0;0.0;35.0;44.87;4.8599987;101.0;2026-10-08T13:15:00+02:00;2026-10-08T14:10:32+02:00;21d835261d1e
2026-10-09;portes_les_valence;AROMEHD;2026-10-09T04:00;17.5;32.9;4.0;12.3;0.0;;7.0;0.0;0.0;7.0;44.87;4.8599987;101.0;2026-10-08T13:15:00+02:00;2026-10-08T14:10:32+02:00;21d835261d1e
2026-10-09;portes_les_valence;AROMEHD;2026-10-09T05:00;16.5;32.1;8.0;11.9;0.0;;7.0;0.0;0.0;7.0;44.87;4.8599987;101.0;2026-10-08T13:15:00+02:00;2026-10-08T14:10:32+02:00;21d835261d1e
2026-10-09;portes_les_valence;AROMEHD;2026-10-09T06:00;15.7;29.7;9.0;11.6;0.0;;0.0;0.0;0.0;0.0;44.87;4.8599987;101.0;2026-10-08T13:15:00+02:00;2026-10-08T14:10:32+02:00;21d835261d1e
2026-10-09;portes_les_valence;AROMEHD;2026-10-09T07:00;15.1;28.4;12.0;11.3;0.0;;6.0;0.0;0.0;6.0;44.87;4.8599987;101.0;2026-10-08T13:15:00+02:00;2026-10-08T14:10:32+02:00;21d835261d1e
2026-10-09;portes_les_valence;AROMEHD;2026-10-09T08:00;14.2;27.4;16.0;10.9;0.0;;14.0;0.0;0.0;14.0;44.87;4.8599987;101.0;2026-10-08T13:15:00+02:00;2026-10-08T14:10:32+02:00;21d835261d1e
2026-10-09;portes_les_valence;AROMEHD;2026-10-09T09:00;14.3;26.2;16.0;11.1;0.0;;17.0;0.0;0.0;17.0;44.87;4.8599987;101.0;2026-10-08T13:15:00+02:00;2026-10-08T14:10:32+02:00;21d835261d1e
2026-10-09;portes_les_valence;AROMEHD;2026-10-09T10:00;15.1;27.4;16.0;12.0;0.0;;15.0;0.0;0.0;15.0;44.87;4.8599987;101.0;2026-10-08T13:15:00+02:00;2026-10-08T14:10:32+02:00;21d835261d1e
2026-10-09;portes_les_valence;AROMEHD;2026-10-09T11:00;16.5;29.4;15.0;12.9;0.0;;14.0;0.0;0.0;14.0;44.87;4.8599987;101.0;2026-10-08T13:15:00+02:00;2026-10-08T14:10:32+02:00;21d835261d1e
2026-10-09;portes_les_valence;AROMEHD;2026-10-09T12:00;18.0;31.7;11.0;13.8;0.0;;15.0;0.0;0.0;15.0;44.87;4.8599987;101.0;2026-10-08T13:15:00+02:00;2026-10-08T14:10:32+02:00;21d835261d1e
2026-10-09;portes_les_valence;AROMEHD;2026-10-09T13:00;18.8;33.2;11.0;14.5;0.0;;4.0;0.0;0.0;4.0;44.87;4.8599987;101.0;2026-10-08T13:15:00+02:00;2026-10-08T14:10:32+02:00;21d835261d1e
2026-10-09;portes_les_valence;AROMEHD;2026-10-09T14:00;17.9;32.7;12.0;15.2;0.0;;1.0;0.0;0.0;1.0;44.87;4.8599987;101.0;2026-10-08T13:15:00+02:00;2026-10-08T14:10:32+02:00;21d835261d1e
2026-10-09;portes_les_valence;AROMEHD;2026-10-09T15:00;17.1;31.3;12.0;15.6;0.0;;0.0;0.0;0.0;0.0;44.87;4.8599987;101.0;2026-10-08T13:15:00+02:00;2026-10-08T14:10:32+02:00;21d835261d1e
2026-10-09;portes_les_valence;AROMEHD;2026-10-09T16:00;15.7;30.1;14.0;16.0;0.0;;0.0;0.0;0.0;0.0;44.87;4.8599987;101.0;2026-10-08T13:15:00+02:00;2026-10-08T14:10:32+02:00;21d835261d1e
2026-10-09;portes_les_valence;AROMEHD;2026-10-09T17:00;15.2;27.6;16.0;15.9;0.0;;0.0;0.0;0.0;0.0;44.87;4.8599987;101.0;2026-10-08T13:15:00+02:00;2026-10-08T14:10:32+02:00;21d835261d1e
2026-10-09;portes_les_valence;AROMEHD;2026-10-09T18:00;14.1;26.6;18.0;15.4;0.0;;0.0;6.0;54.0;54.0;44.87;4.8599987;101.0;2026-10-08T13:15:00+02:00;2026-10-08T14:10:32+02:00;21d835261d1e
2026-10-09;portes_les_valence;AROMEHD;2026-10-09T19:00;11.8;24.9;14.0;14.5;0.0;;0.0;53.0;3.0;53.0;44.87;4.8599987;101.0;2026-10-08T13:15:00+02:00;2026-10-08T14:10:32+02:00;21d835261d1e
2026-10-09;portes_les_valence;AROMEHD;2026-10-09T20:00;10.8;20.4;8.0;13.4;0.0;;0.0;57.0;23.0;57.0;44.87;4.8599987;101.0;2026-10-08T13:15:00+02:00;2026-10-08T14:10:32+02:00;21d835261d1e
2026-10-09;portes_les_valence;AROMEHD;2026-10-09T21:00;11.9;20.4;6.0;12.8;0.0;;0.0;39.0;61.0;61.0;44.87;4.8599987;101.0;2026-10-08T13:15:00+02:00;2026-10-08T14:10:32+02:00;21d835261d1e
2026-10-09;portes_les_valence;AROMEHD;2026-10-09T22:00;11.7;20.4;6.0;12.3;0.0;;0.0;61.0;31.0;61.0;44.87;4.8599987;101.0;2026-10-08T13:15:00+02:00;2026-10-08T14:10:32+02:00;21d835261d1e
2026-10-09;portes_les_valence;AROMEHD;2026-10-09T23:00;10.2;20.2;9.0;12.1;0.0;;35.0;37.0;98.0;98.0;44.87;4.8599987;101.0;2026-10-08T13:15:00+02:00;2026-10-08T14:10:32+02:00;21d835261d1e
2026-10-09;portes_les_valence;AROMEHD;2026-10-10T00:00;9.7;17.5;9.0;12.5;0.0;;100.0;95.0;100.0;100.0;44.87;4.8599987;101.0;2026-10-08T13:15:00+02:00;2026-10-08T14:10:32+02:00;21d835261d1e
2026-10-09;portes_les_valence;ICONCH1;2026-10-09T01:00;17.3;29.2;1.0;12.5;0.0;65.0;3.0;64.0;0.0;65.0;44.870667;4.8635864;103.0;2026-10-08T13:15:00+02:00;2026-10-08T14:10:32+02:00;21d835261d1e
2026-10-09;portes_les_valence;ICONCH1;2026-10-09T02:00;18.7;29.5;357.0;12.3;0.0;50.0;0.0;50.0;0.0;50.0;44.870667;4.8635864;103.0;2026-10-08T13:15:00+02:00;2026-10-08T14:10:32+02:00;21d835261d1e
2026-10-09;portes_les_valence;ICONCH1;2026-10-09T03:00;20.6;33.4;359.0;12.2;0.0;55.0;0.0;55.0;0.0;55.0;44.870667;4.8635864;103.0;2026-10-08T13:15:00+02:00;2026-10-08T14:10:32+02:00;21d835261d1e
2026-10-09;portes_les_valence;ICONCH1;2026-10-09T04:00;17.5;32.7;3.0;11.7;0.0;61.0;0.0;61.0;0.0;61.0;44.870667;4.8635864;103.0;2026-10-08T13:15:00+02:00;2026-10-08T14:10:32+02:00;21d835261d1e
2026-10-09;portes_les_valence;ICONCH1;2026-10-09T05:00;15.0;27.6;10.0;11.3;0.0;72.0;0.0;72.0;0.0;72.0;44.870667;4.8635864;103.0;2026-10-08T13:15:00+02:00;2026-10-08T14:10:32+02:00;21d835261d1e
2026-10-09;portes_les_valence;ICONCH1;2026-10-09T06:00;11.8;23.7;33.0;10.5;0.0;85.0;31.0;74.0;0.0;85.0;44.870667;4.8635864;103.0;2026-10-08T13:15:00+02:00;2026-10-08T14:10:32+02:00;21d835261d1e
2026-10-09;portes_les_valence;ICONCH1;2026-10-09T07:00;11.9;18.7;40.0;9.7;0.0;71.0;50.0;60.0;0.0;71.0;44.870667;4.8635864;103.0;2026-10-08T13:15:00+02:00;2026-10-08T14:10:32+02:00;21d835261d1e
2026-10-09;portes_les_valence;ICONCH1;2026-10-09T08:00;11.8;18.7;36.0;9.1;0.0;58.0;58.0;0.0;0.0;58.0;44.870667;4.8635864;103.0;2026-10-08T13:15:00+02:00;2026-10-08T14:10:32+02:00;21d835261d1e
2026-10-09;portes_les_valence;ICONCH1;2026-10-09T09:00;12.9;20.4;33.0;9.4;0.0;50.0;50.0;0.0;0.0;50.0;44.870667;4.8635864;103.0;2026-10-08T13:15:00+02:00;2026-10-08T14:10:32+02:00;21d835261d1e
2026-10-09;portes_les_valence;ICONCH1;2026-10-09T10:00;13.3;21.4;31.0;10.8;0.0;66.0;66.0;0.0;0.0;66.0;44.870667;4.8635864;103.0;2026-10-08T13:15:00+02:00;2026-10-08T14:10:32+02:00;21d835261d1e
2026-10-09;portes_les_valence;ICONCH1;2026-10-09T11:00;16.4;26.0;22.0;12.5;0.0;69.0;69.0;0.0;0.0;69.0;44.870667;4.8635864;103.0;2026-10-08T13:15:00+02:00;2026-10-08T14:10:32+02:00;21d835261d1e
2026-10-09;portes_les_valence;ICONCH1;2026-10-09T12:00;18.9;29.9;15.0;13.8;0.0;54.0;54.0;0.0;0.0;54.0;44.870667;4.8635864;103.0;2026-10-08T13:15:00+02:00;2026-10-08T14:10:32+02:00;21d835261d1e
2026-10-09;portes_les_valence;ICONCH1;2026-10-09T13:00;19.4;31.9;10.0;14.7;0.0;58.0;58.0;0.0;0.0;58.0;44.870667;4.8635864;103.0;2026-10-08T13:15:00+02:00;2026-10-08T14:10:32+02:00;21d835261d1e
2026-10-09;portes_les_valence;ICONCH1;2026-10-09T14:00;19.0;30.7;11.0;15.4;0.0;35.0;35.0;0.0;0.0;35.0;44.870667;4.8635864;103.0;2026-10-08T13:15:00+02:00;2026-10-08T14:10:32+02:00;21d835261d1e
2026-10-09;portes_les_valence;ICONCH1;2026-10-09T15:00;18.0;30.3;10.0;16.1;0.0;3.0;3.0;0.0;0.0;3.0;44.870667;4.8635864;103.0;2026-10-08T13:15:00+02:00;2026-10-08T14:10:32+02:00;21d835261d1e
2026-10-09;portes_les_valence;ICONCH1;2026-10-09T16:00;16.7;28.4;15.0;16.2;0.0;0.0;0.0;0.0;0.0;0.0;44.870667;4.8635864;103.0;2026-10-08T13:15:00+02:00;2026-10-08T14:10:32+02:00;21d835261d1e
2026-10-09;portes_les_valence;ICONCH1;2026-10-09T17:00;16.3;26.6;12.0;15.8;0.0;4.0;0.0;4.0;0.0;4.0;44.870667;4.8635864;103.0;2026-10-08T13:15:00+02:00;2026-10-08T14:10:32+02:00;21d835261d1e
2026-10-09;portes_les_valence;ICONCH1;2026-10-09T18:00;15.6;26.0;11.0;15.3;0.0;49.0;39.0;18.0;0.0;49.0;44.870667;4.8635864;103.0;2026-10-08T13:15:00+02:00;2026-10-08T14:10:32+02:00;21d835261d1e
2026-10-09;portes_les_valence;ICONCH1;2026-10-09T19:00;11.1;24.7;2.0;13.9;0.0;70.0;45.0;47.0;0.0;70.0;44.870667;4.8635864;103.0;2026-10-08T13:15:00+02:00;2026-10-08T14:10:32+02:00;21d835261d1e
2026-10-09;portes_les_valence;ICONCH1;2026-10-09T20:00;10.7;17.3;5.0;12.8;0.0;79.0;30.0;35.0;50.0;79.0;44.870667;4.8635864;103.0;2026-10-08T13:15:00+02:00;2026-10-08T14:10:32+02:00;21d835261d1e
2026-10-09;roche_de_glun;AROMEHD;2026-10-09T01:00;11.8;28.0;343.0;12.8;0.0;;0.0;0.0;0.0;0.0;45.03;4.84;116.0;2026-10-08T13:15:00+02:00;2026-10-08T14:10:32+02:00;21d835261d1e
2026-10-09;roche_de_glun;AROMEHD;2026-10-09T02:00;11.7;25.5;341.0;12.5;0.0;;2.0;0.0;0.0;2.0;45.03;4.84;116.0;2026-10-08T13:15:00+02:00;2026-10-08T14:10:32+02:00;21d835261d1e
2026-10-09;roche_de_glun;AROMEHD;2026-10-09T03:00;11.5;25.5;344.0;12.3;0.0;;7.0;11.0;0.0;11.0;45.03;4.84;116.0;2026-10-08T13:15:00+02:00;2026-10-08T14:10:32+02:00;21d835261d1e
2026-10-09;roche_de_glun;AROMEHD;2026-10-09T04:00;11.3;24.5;345.0;11.9;0.0;;0.0;0.0;0.0;0.0;45.03;4.84;116.0;2026-10-08T13:15:00+02:00;2026-10-08T14:10:32+02:00;21d835261d1e
2026-10-09;roche_de_glun;AROMEHD;2026-10-09T05:00;10.4;23.9;346.0;11.6;0.0;;0.0;0.0;0.0;0.0;45.03;4.84;116.0;2026-10-08T13:15:00+02:00;2026-10-08T14:10:32+02:00;21d835261d1e
2026-10-09;roche_de_glun;AROMEHD;2026-10-09T06:00;11.0;23.5;346.0;11.2;0.0;;0.0;0.0;0.0;0.0;45.03;4.84;116.0;2026-10-08T13:15:00+02:00;2026-10-08T14:10:32+02:00;21d835261d1e
2026-10-09;roche_de_glun;AROMEHD;2026-10-09T07:00;10.7;23.7;345.0;10.9;0.0;;0.0;0.0;0.0;0.0;45.03;4.84;116.0;2026-10-08T13:15:00+02:00;2026-10-08T14:10:32+02:00;21d835261d1e
2026-10-09;roche_de_glun;AROMEHD;2026-10-09T08:00;10.6;22.7;346.0;10.7;0.0;;1.0;0.0;0.0;1.0;45.03;4.84;116.0;2026-10-08T13:15:00+02:00;2026-10-08T14:10:32+02:00;21d835261d1e
2026-10-09;roche_de_glun;AROMEHD;2026-10-09T09:00;10.9;23.3;349.0;11.0;0.0;;0.0;0.0;0.0;0.0;45.03;4.84;116.0;2026-10-08T13:15:00+02:00;2026-10-08T14:10:32+02:00;21d835261d1e
2026-10-09;roche_de_glun;AROMEHD;2026-10-09T10:00;12.1;25.5;354.0;11.9;0.0;;0.0;0.0;0.0;0.0;45.03;4.84;116.0;2026-10-08T13:15:00+02:00;2026-10-08T14:10:32+02:00;21d835261d1e
2026-10-09;roche_de_glun;AROMEHD;2026-10-09T11:00;12.1;25.9;354.0;13.0;0.0;;1.0;0.0;0.0;1.0;45.03;4.84;116.0;2026-10-08T13:15:00+02:00;2026-10-08T14:10:32+02:00;21d835261d1e
2026-10-09;roche_de_glun;AROMEHD;2026-10-09T12:00;11.5;25.7;355.0;13.9;0.0;;11.0;0.0;0.0;11.0;45.03;4.84;116.0;2026-10-08T13:15:00+02:00;2026-10-08T14:10:32+02:00;21d835261d1e
2026-10-09;roche_de_glun;AROMEHD;2026-10-09T13:00;11.0;24.5;7.0;14.8;0.0;;3.0;0.0;0.0;3.0;45.03;4.84;116.0;2026-10-08T13:15:00+02:00;2026-10-08T14:10:32+02:00;21d835261d1e
2026-10-09;roche_de_glun;AROMEHD;2026-10-09T14:00;10.9;23.1;10.0;15.4;0.0;;4.0;0.0;0.0;4.0;45.03;4.84;116.0;2026-10-08T13:15:00+02:00;2026-10-08T14:10:32+02:00;21d835261d1e
2026-10-09;roche_de_glun;AROMEHD;2026-10-09T15:00;10.8;22.7;7.0;15.9;0.0;;0.0;0.0;0.0;0.0;45.03;4.84;116.0;2026-10-08T13:15:00+02:00;2026-10-08T14:10:32+02:00;21d835261d1e
2026-10-09;roche_de_glun;AROMEHD;2026-10-09T16:00;10.0;22.5;8.0;16.2;0.0;;0.0;0.0;0.0;0.0;45.03;4.84;116.0;2026-10-08T13:15:00+02:00;2026-10-08T14:10:32+02:00;21d835261d1e
2026-10-09;roche_de_glun;AROMEHD;2026-10-09T17:00;9.1;21.0;11.0;16.1;0.0;;0.0;0.0;0.0;0.0;45.03;4.84;116.0;2026-10-08T13:15:00+02:00;2026-10-08T14:10:32+02:00;21d835261d1e
2026-10-09;roche_de_glun;AROMEHD;2026-10-09T18:00;7.5;19.2;12.0;15.4;0.0;;0.0;27.0;6.0;27.0;45.03;4.84;116.0;2026-10-08T13:15:00+02:00;2026-10-08T14:10:32+02:00;21d835261d1e
2026-10-09;roche_de_glun;AROMEHD;2026-10-09T19:00;6.3;15.7;9.0;14.1;0.0;;0.0;99.0;100.0;100.0;45.03;4.84;116.0;2026-10-08T13:15:00+02:00;2026-10-08T14:10:32+02:00;21d835261d1e
2026-10-09;roche_de_glun;AROMEHD;2026-10-09T20:00;5.9;12.8;351.0;13.3;0.0;;0.0;19.0;100.0;100.0;45.03;4.84;116.0;2026-10-08T13:15:00+02:00;2026-10-08T14:10:32+02:00;21d835261d1e
2026-10-09;roche_de_glun;AROMEHD;2026-10-09T21:00;5.0;11.9;344.0;12.7;0.0;;0.0;11.0;100.0;100.0;45.03;4.84;116.0;2026-10-08T13:15:00+02:00;2026-10-08T14:10:32+02:00;21d835261d1e
2026-10-09;roche_de_glun;AROMEHD;2026-10-09T22:00;3.9;10.5;342.0;12.4;0.0;;100.0;100.0;100.0;100.0;45.03;4.84;116.0;2026-10-08T13:15:00+02:00;2026-10-08T14:10:32+02:00;21d835261d1e
2026-10-09;roche_de_glun;AROMEHD;2026-10-09T23:00;3.6;8.2;344.0;12.5;0.0;;100.0;100.0;12.0;100.0;45.03;4.84;116.0;2026-10-08T13:15:00+02:00;2026-10-08T14:10:32+02:00;21d835261d1e
2026-10-09;roche_de_glun;AROMEHD;2026-10-10T00:00;3.0;7.2;345.0;12.6;0.0;;100.0;89.0;82.0;100.0;45.03;4.84;116.0;2026-10-08T13:15:00+02:00;2026-10-08T14:10:32+02:00;21d835261d1e
2026-10-09;roche_de_glun;ICONCH1;2026-10-09T01:00;16.2;26.0;331.0;11.8;0.0;62.0;31.0;49.0;0.0;62.0;45.020344;4.8496704;118.0;2026-10-08T13:15:00+02:00;2026-10-08T14:10:32+02:00;21d835261d1e
2026-10-09;roche_de_glun;ICONCH1;2026-10-09T02:00;15.2;25.3;330.0;11.5;0.0;65.0;20.0;54.0;0.0;65.0;45.020344;4.8496704;118.0;2026-10-08T13:15:00+02:00;2026-10-08T14:10:32+02:00;21d835261d1e
2026-10-09;roche_de_glun;ICONCH1;2026-10-09T03:00;11.1;23.9;329.0;10.9;0.0;56.0;17.0;49.0;0.0;56.0;45.020344;4.8496704;118.0;2026-10-08T13:15:00+02:00;2026-10-08T14:10:32+02:00;21d835261d1e
2026-10-09;roche_de_glun;ICONCH1;2026-10-09T04:00;11.2;17.5;337.0;10.5;0.0;15.0;3.0;16.0;0.0;16.0;45.020344;4.8496704;118.0;2026-10-08T13:15:00+02:00;2026-10-08T14:10:32+02:00;21d835261d1e
2026-10-09;roche_de_glun;ICONCH1;2026-10-09T05:00;13.4;20.8;339.0;10.3;0.0;4.0;0.0;4.0;0.0;4.0;45.020344;4.8496704;118.0;2026-10-08T13:15:00+02:00;2026-10-08T14:10:32+02:00;21d835261d1e
2026-10-09;roche_de_glun;ICONCH1;2026-10-09T06:00;13.6;21.6;338.0;10.1;0.0;4.0;0.0;4.0;0.0;4.0;45.020344;4.8496704;118.0;2026-10-08T13:15:00+02:00;2026-10-08T14:10:32+02:00;21d835261d1e
2026-10-09;roche_de_glun;ICONCH1;2026-10-09T07:00;13.0;21.6;340.0;9.9;0.0;2.0;2.0;0.0;0.0;2.0;45.020344;4.8496704;118.0;2026-10-08T13:15:00+02:00;2026-10-08T14:10:32+02:00;21d835261d1e
2026-10-09;roche_de_glun;ICONCH1;2026-10-09T08:00;11.7;20.4;341.0;9.6;0.0;0.0;0.0;0.0;0.0;0.0;45.020344;4.8496704;118.0;2026-10-08T13:15:00+02:00;2026-10-08T14:10:32+02:00;21d835261d1e
2026-10-09;roche_de_glun;ICONCH1;2026-10-09T09:00;12.5;19.8;348.0;10.3;0.0;39.0;39.0;0.0;0.0;39.0;45.020344;4.8496704;118.0;2026-10-08T13:15:00+02:00;2026-10-08T14:10:32+02:00;21d835261d1e
2026-10-09;roche_de_glun;ICONCH1;2026-10-09T10:00;15.8;25.3;355.0;11.8;0.0;42.0;42.0;0.0;0.0;42.0;45.020344;4.8496704;118.0;2026-10-08T13:15:00+02:00;2026-10-08T14:10:32+02:00;21d835261d1e
2026-10-09;roche_de_glun;ICONCH1;2026-10-09T11:00;16.6;26.6;357.0;13.0;0.0;45.0;45.0;0.0;0.0;45.0;45.020344;4.8496704;118.0;2026-10-08T13:15:00+02:00;2026-10-08T14:10:32+02:00;21d835261d1e
2026-10-09;roche_de_glun;ICONCH1;2026-10-09T12:00;17.9;28.6;356.0;14.1;0.0;15.0;15.0;0.0;0.0;15.0;45.020344;4.8496704;118.0;2026-10-08T13:15:00+02:00;2026-10-08T14:10:32+02:00;21d835261d1e
2026-10-09;roche_de_glun;ICONCH1;2026-10-09T13:00;16.9;28.6;357.0;14.9;0.0;45.0;45.0;0.0;0.0;45.0;45.020344;4.8496704;118.0;2026-10-08T13:15:00+02:00;2026-10-08T14:10:32+02:00;21d835261d1e
2026-10-09;roche_de_glun;ICONCH1;2026-10-09T14:00;16.6;27.4;3.0;15.6;0.0;29.0;29.0;0.0;0.0;29.0;45.020344;4.8496704;118.0;2026-10-08T13:15:00+02:00;2026-10-08T14:10:32+02:00;21d835261d1e
2026-10-09;roche_de_glun;ICONCH1;2026-10-09T15:00;15.0;26.6;356.0;16.1;0.0;44.0;44.0;0.0;0.0;44.0;45.020344;4.8496704;118.0;2026-10-08T13:15:00+02:00;2026-10-08T14:10:32+02:00;21d835261d1e
2026-10-09;roche_de_glun;ICONCH1;2026-10-09T16:00;14.5;24.1;352.0;16.2;0.0;0.0;0.0;0.0;0.0;0.0;45.020344;4.8496704;118.0;2026-10-08T13:15:00+02:00;2026-10-08T14:10:32+02:00;21d835261d1e
2026-10-09;roche_de_glun;ICONCH1;2026-10-09T17:00;12.9;23.1;6.0;16.0;0.0;9.0;0.0;9.0;0.0;9.0;45.020344;4.8496704;118.0;2026-10-08T13:15:00+02:00;2026-10-08T14:10:32+02:00;21d835261d1e
2026-10-09;roche_de_glun;ICONCH1;2026-10-09T18:00;12.3;20.6;5.0;15.1;0.0;32.0;0.0;32.0;0.0;32.0;45.020344;4.8496704;118.0;2026-10-08T13:15:00+02:00;2026-10-08T14:10:32+02:00;21d835261d1e
2026-10-09;roche_de_glun;ICONCH1;2026-10-09T19:00;8.3;19.4;345.0;13.3;0.0;90.0;0.0;68.0;83.0;90.0;45.020344;4.8496704;118.0;2026-10-08T13:15:00+02:00;2026-10-08T14:10:32+02:00;21d835261d1e
2026-10-09;roche_de_glun;ICONCH1;2026-10-09T20:00;8.6;13.2;335.0;12.1;0.0;94.0;0.0;39.0;86.0;94.0;45.020344;4.8496704;118.0;2026-10-08T13:15:00+02:00;2026-10-08T14:10:32+02:00;21d835261d1e
2026-10-09;st_alban_du_rhone;AROMEHD;2026-10-09T01:00;12.9;23.7;337.0;12.7;0.0;;6.0;0.0;0.0;6.0;45.39;4.76;140.0;2026-10-08T13:15:00+02:00;2026-10-08T14:10:32+02:00;21d835261d1e
2026-10-09;st_alban_du_rhone;AROMEHD;2026-10-09T02:00;12.2;22.5;340.0;12.4;0.0;;72.0;13.0;0.0;72.0;45.39;4.76;140.0;2026-10-08T13:15:00+02:00;2026-10-08T14:10:32+02:00;21d835261d1e
2026-10-09;st_alban_du_rhone;AROMEHD;2026-10-09T03:00;12.4;21.6;338.0;12.1;0.0;;3.0;0.0;0.0;3.0;45.39;4.76;140.0;2026-10-08T13:15:00+02:00;2026-10-08T14:10:32+02:00;21d835261d1e
2026-10-09;st_alban_du_rhone;AROMEHD;2026-10-09T04:00;12.0;22.0;335.0;11.9;0.0;;9.0;0.0;0.0;9.0;45.39;4.76;140.0;2026-10-08T13:15:00+02:00;2026-10-08T14:10:32+02:00;21d835261d1e
2026-10-09;st_alban_du_rhone;AROMEHD;2026-10-09T05:00;10.8;21.2;332.0;11.5;0.0;;0.0;0.0;0.0;0.0;45.39;4.76;140.0;2026-10-08T13:15:00+02:00;2026-10-08T14:10:32+02:00;21d835261d1e
2026-10-09;st_alban_du_rhone;AROMEHD;2026-10-09T06:00;10.0;18.9;333.0;11.0;0.0;;3.0;0.0;0.0;3.0;45.39;4.76;140.0;2026-10-08T13:15:00+02:00;2026-10-08T14:10:32+02:00;21d835261d1e
2026-10-09;st_alban_du_rhone;AROMEHD;2026-10-09T07:00;9.5;17.3;334.0;10.7;0.0;;19.0;0.0;0.0;19.0;45.39;4.76;140.0;2026-10-08T13:15:00+02:00;2026-10-08T14:10:32+02:00;21d835261d1e
2026-10-09;st_alban_du_rhone;AROMEHD;2026-10-09T08:00;9.2;16.5;338.0;10.5;0.0;;13.0;0.0;0.0;13.0;45.39;4.76;140.0;2026-10-08T13:15:00+02:00;2026-10-08T14:10:32+02:00;21d835261d1e
2026-10-09;st_alban_du_rhone;AROMEHD;2026-10-09T09:00;9.8;16.9;343.0;11.1;0.0;;2.0;0.0;0.0;2.0;45.39;4.76;140.0;2026-10-08T13:15:00+02:00;2026-10-08T14:10:32+02:00;21d835261d1e
2026-10-09;st_alban_du_rhone;AROMEHD;2026-10-09T10:00;11.3;19.6;348.0;12.2;0.0;;0.0;0.0;0.0;0.0;45.39;4.76;140.0;2026-10-08T13:15:00+02:00;2026-10-08T14:10:32+02:00;21d835261d1e
2026-10-09;st_alban_du_rhone;AROMEHD;2026-10-09T11:00;12.0;20.8;352.0;13.1;0.0;;7.0;0.0;0.0;7.0;45.39;4.76;140.0;2026-10-08T13:15:00+02:00;2026-10-08T14:10:32+02:00;21d835261d1e
2026-10-09;st_alban_du_rhone;AROMEHD;2026-10-09T12:00;12.3;21.8;358.0;14.3;0.0;;4.0;0.0;57.0;57.0;45.39;4.76;140.0;2026-10-08T13:15:00+02:00;2026-10-08T14:10:32+02:00;21d835261d1e
2026-10-09;st_alban_du_rhone;AROMEHD;2026-10-09T13:00;12.1;22.2;5.0;15.1;0.0;;0.0;0.0;0.0;0.0;45.39;4.76;140.0;2026-10-08T13:15:00+02:00;2026-10-08T14:10:32+02:00;21d835261d1e
2026-10-09;st_alban_du_rhone;AROMEHD;2026-10-09T14:00;11.5;21.0;3.0;15.8;0.0;;0.0;0.0;0.0;0.0;45.39;4.76;140.0;2026-10-08T13:15:00+02:00;2026-10-08T14:10:32+02:00;21d835261d1e
2026-10-09;st_alban_du_rhone;AROMEHD;2026-10-09T15:00;11.7;20.6;2.0;16.2;0.0;;0.0;0.0;0.0;0.0;45.39;4.76;140.0;2026-10-08T13:15:00+02:00;2026-10-08T14:10:32+02:00;21d835261d1e
2026-10-09;st_alban_du_rhone;AROMEHD;2026-10-09T16:00;11.5;20.2;3.0;16.5;0.0;;0.0;0.0;9.0;9.0;45.39;4.76;140.0;2026-10-08T13:15:00+02:00;2026-10-08T14:10:32+02:00;21d835261d1e
2026-10-09;st_alban_du_rhone;AROMEHD;2026-10-09T17:00;10.7;19.8;4.0;16.5;0.0;;0.0;4.0;1.0;4.0;45.39;4.76;140.0;2026-10-08T13:15:00+02:00;2026-10-08T14:10:32+02:00;21d835261d1e
2026-10-09;st_alban_du_rhone;AROMEHD;2026-10-09T18:00;9.6;18.3;355.0;16.1;0.0;;0.0;30.0;99.0;99.0;45.39;4.76;140.0;2026-10-08T13:15:00+02:00;2026-10-08T14:10:32+02:00;21d835261d1e
2026-10-09;st_alban_du_rhone;AROMEHD;2026-10-09T19:00;8.2;16.5;352.0;14.9;0.0;;0.0;68.0;90.0;90.0;45.39;4.76;140.0;2026-10-08T13:15:00+02:00;2026-10-08T14:10:32+02:00;21d835261d1e
2026-10-09;st_alban_du_rhone;AROMEHD;2026-10-09T20:00;7.6;13.4;356.0;14.1;0.0;;7.0;97.0;85.0;97.0;45.39;4.76;140.0;2026-10-08T13:15:00+02:00;2026-10-08T14:10:32+02:00;21d835261d1e
2026-10-09;st_alban_du_rhone;AROMEHD;2026-10-09T21:00;7.2;12.4;2.0;14.1;0.0;;100.0;100.0;100.0;100.0;45.39;4.76;140.0;2026-10-08T13:15:00+02:00;2026-10-08T14:10:32+02:00;21d835261d1e
2026-10-09;st_alban_du_rhone;AROMEHD;2026-10-09T22:00;6.7;11.7;352.0;14.2;0.0;;100.0;100.0;100.0;100.0;45.39;4.76;140.0;2026-10-08T13:15:00+02:00;2026-10-08T14:10:32+02:00;21d835261d1e
2026-10-09;st_alban_du_rhone;AROMEHD;2026-10-09T23:00;5.3;11.3;354.0;14.1;0.0;;100.0;100.0;100.0;100.0;45.39;4.76;140.0;2026-10-08T13:15:00+02:00;2026-10-08T14:10:32+02:00;21d835261d1e
2026-10-09;st_alban_du_rhone;AROMEHD;2026-10-10T00:00;6.3;9.7;30.0;13.4;0.0;;61.0;3.0;100.0;100.0;45.39;4.76;140.0;2026-10-08T13:15:00+02:00;2026-10-08T14:10:32+02:00;21d835261d1e
2026-10-09;st_alban_du_rhone;ICONCH1;2026-10-09T01:00;15.0;26.0;316.0;12.1;0.0;77.0;38.0;61.0;0.0;77.0;45.386887;4.758301;141.0;2026-10-08T13:15:00+02:00;2026-10-08T14:10:32+02:00;21d835261d1e
2026-10-09;st_alban_du_rhone;ICONCH1;2026-10-09T02:00;15.5;24.5;314.0;12.0;0.0;43.0;11.0;36.0;0.0;43.0;45.386887;4.758301;141.0;2026-10-08T13:15:00+02:00;2026-10-08T14:10:32+02:00;21d835261d1e
2026-10-09;st_alban_du_rhone;ICONCH1;2026-10-09T03:00;15.0;24.7;318.0;11.9;0.0;14.0;14.0;0.0;0.0;14.0;45.386887;4.758301;141.0;2026-10-08T13:15:00+02:00;2026-10-08T14:10:32+02:00;21d835261d1e
2026-10-09;st_alban_du_rhone;ICONCH1;2026-10-09T04:00;15.6;24.9;321.0;11.7;0.0;0.0;0.0;0.0;0.0;0.0;45.386887;4.758301;141.0;2026-10-08T13:15:00+02:00;2026-10-08T14:10:32+02:00;21d835261d1e
2026-10-09;st_alban_du_rhone;ICONCH1;2026-10-09T05:00;13.3;24.9;322.0;11.4;0.0;10.0;10.0;0.0;0.0;10.0;45.386887;4.758301;141.0;2026-10-08T13:15:00+02:00;2026-10-08T14:10:32+02:00;21d835261d1e
2026-10-09;st_alban_du_rhone;ICONCH1;2026-10-09T06:00;11.6;21.2;319.0;11.0;0.0;16.0;16.0;0.0;0.0;16.0;45.386887;4.758301;141.0;2026-10-08T13:15:00+02:00;2026-10-08T14:10:32+02:00;21d835261d1e
2026-10-09;st_alban_du_rhone;ICONCH1;2026-10-09T07:00;11.3;18.7;312.0;10.5;0.0;37.0;37.0;0.0;0.0;37.0;45.386887;4.758301;141.0;2026-10-08T13:15:00+02:00;2026-10-08T14:10:32+02:00;21d835261d1e
2026-10-09;st_alban_du_rhone;ICONCH1;2026-10-09T08:00;11.4;18.3;316.0;10.4;0.0;29.0;29.0;0.0;0.0;29.0;45.386887;4.758301;141.0;2026-10-08T13:15:00+02:00;2026-10-08T14:10:32+02:00;21d835261d1e
2026-10-09;st_alban_du_rhone;ICONCH1;2026-10-09T09:00;12.1;19.4;328.0;11.6;0.0;28.0;28.0;0.0;0.0;28.0;45.386887;4.758301;141.0;2026-10-08T13:15:00+02:00;2026-10-08T14:10:32+02:00;21d835261d1e
2026-10-09;st_alban_du_rhone;ICONCH1;2026-10-09T10:00;12.4;20.0;340.0;12.6;0.0;16.0;16.0;0.0;0.0;16.0;45.386887;4.758301;141.0;2026-10-08T13:15:00+02:00;2026-10-08T14:10:32+02:00;21d835261d1e
2026-10-09;st_alban_du_rhone;ICONCH1;2026-10-09T11:00;14.1;22.9;342.0;13.4;0.0;19.0;19.0;0.0;0.0;19.0;45.386887;4.758301;141.0;2026-10-08T13:15:00+02:00;2026-10-08T14:10:32+02:00;21d835261d1e
2026-10-09;st_alban_du_rhone;ICONCH1;2026-10-09T12:00;13.2;23.3;340.0;14.4;0.0;38.0;38.0;0.0;0.0;38.0;45.386887;4.758301;141.0;2026-10-08T13:15:00+02:00;2026-10-08T14:10:32+02:00;21d835261d1e
2026-10-09;st_alban_du_rhone;ICONCH1;2026-10-09T13:00;14.0;22.7;4.0;15.3;0.0;0.0;0.0;0.0;0.0;0.0;45.386887;4.758301;141.0;2026-10-08T13:15:00+02:00;2026-10-08T14:10:32+02:00;21d835261d1e
2026-10-09;st_alban_du_rhone;ICONCH1;2026-10-09T14:00;13.8;23.3;359.0;15.7;0.0;0.0;0.0;0.0;0.0;0.0;45.386887;4.758301;141.0;2026-10-08T13:15:00+02:00;2026-10-08T14:10:32+02:00;21d835261d1e
2026-10-09;st_alban_du_rhone;ICONCH1;2026-10-09T15:00;13.4;22.4;2.0;16.1;0.0;0.0;0.0;0.0;0.0;0.0;45.386887;4.758301;141.0;2026-10-08T13:15:00+02:00;2026-10-08T14:10:32+02:00;21d835261d1e
2026-10-09;st_alban_du_rhone;ICONCH1;2026-10-09T16:00;12.6;21.8;358.0;16.2;0.0;0.0;0.0;0.0;0.0;0.0;45.386887;4.758301;141.0;2026-10-08T13:15:00+02:00;2026-10-08T14:10:32+02:00;21d835261d1e
2026-10-09;st_alban_du_rhone;ICONCH1;2026-10-09T17:00;12.3;20.4;6.0;16.0;0.0;10.0;0.0;10.0;0.0;10.0;45.386887;4.758301;141.0;2026-10-08T13:15:00+02:00;2026-10-08T14:10:32+02:00;21d835261d1e
2026-10-09;st_alban_du_rhone;ICONCH1;2026-10-09T18:00;10.7;19.8;359.0;15.3;0.0;76.0;0.0;35.0;55.0;76.0;45.386887;4.758301;141.0;2026-10-08T13:15:00+02:00;2026-10-08T14:10:32+02:00;21d835261d1e
2026-10-09;st_alban_du_rhone;ICONCH1;2026-10-09T19:00;7.8;17.1;337.0;13.8;0.0;76.0;0.0;76.0;0.0;76.0;45.386887;4.758301;141.0;2026-10-08T13:15:00+02:00;2026-10-08T14:10:32+02:00;21d835261d1e
2026-10-09;st_alban_du_rhone;ICONCH1;2026-10-09T20:00;6.4;12.2;308.0;11.9;0.0;30.0;0.0;28.0;7.0;30.0;45.386887;4.758301;141.0;2026-10-08T13:15:00+02:00;2026-10-08T14:10:32+02:00;21d835261d1e
2026-10-09;st_cyr_sur_le_rhone;AROMEHD;2026-10-09T01:00;6.9;18.5;352.0;11.6;0.0;;93.0;2.0;0.0;93.0;45.510002;4.8500004;190.0;2026-10-08T13:15:00+02:00;2026-10-08T14:10:32+02:00;21d835261d1e
2026-10-09;st_cyr_sur_le_rhone;AROMEHD;2026-10-09T02:00;6.7;16.7;353.0;11.6;0.0;;98.0;56.0;0.0;98.0;45.510002;4.8500004;190.0;2026-10-08T13:15:00+02:00;2026-10-08T14:10:32+02:00;21d835261d1e
2026-10-09;st_cyr_sur_le_rhone;AROMEHD;2026-10-09T03:00;6.3;16.7;353.0;11.0;0.0;;8.0;0.0;0.0;8.0;45.510002;4.8500004;190.0;2026-10-08T13:15:00+02:00;2026-10-08T14:10:32+02:00;21d835261d1e
2026-10-09;st_cyr_sur_le_rhone;AROMEHD;2026-10-09T04:00;5.9;15.2;351.0;10.4;0.0;;0.0;0.0;0.0;0.0;45.510002;4.8500004;190.0;2026-10-08T13:15:00+02:00;2026-10-08T14:10:32+02:00;21d835261d1e
2026-10-09;st_cyr_sur_le_rhone;AROMEHD;2026-10-09T05:00;5.5;14.4;354.0;10.0;0.0;;0.0;0.0;0.0;0.0;45.510002;4.8500004;190.0;2026-10-08T13:15:00+02:00;2026-10-08T14:10:32+02:00;21d835261d1e
2026-10-09;st_cyr_sur_le_rhone;AROMEHD;2026-10-09T06:00;5.5;13.6;356.0;9.7;0.0;;21.0;0.0;0.0;21.0;45.510002;4.8500004;190.0;2026-10-08T13:15:00+02:00;2026-10-08T14:10:32+02:00;21d835261d1e
2026-10-09;st_cyr_sur_le_rhone;AROMEHD;2026-10-09T07:00;4.9;12.8;358.0;9.3;0.0;;66.0;0.0;0.0;66.0;45.510002;4.8500004;190.0;2026-10-08T13:15:00+02:00;2026-10-08T14:10:32+02:00;21d835261d1e
2026-10-09;st_cyr_sur_le_rhone;AROMEHD;2026-10-09T08:00;5.1;12.2;360.0;9.3;0.0;;84.0;0.0;0.0;84.0;45.510002;4.8500004;190.0;2026-10-08T13:15:00+02:00;2026-10-08T14:10:32+02:00;21d835261d1e
2026-10-09;st_cyr_sur_le_rhone;AROMEHD;2026-10-09T09:00;4.9;12.2;2.0;9.8;0.0;;3.0;0.0;0.0;3.0;45.510002;4.8500004;190.0;2026-10-08T13:15:00+02:00;2026-10-08T14:10:32+02:00;21d835261d1e
2026-10-09;st_cyr_sur_le_rhone;AROMEHD;2026-10-09T10:00;6.8;16.5;357.0;11.0;0.0;;0.0;0.0;0.0;0.0;45.510002;4.8500004;190.0;2026-10-08T13:15:00+02:00;2026-10-08T14:10:32+02:00;21d835261d1e
2026-10-09;st_cyr_sur_le_rhone;AROMEHD;2026-10-09T11:00;7.6;18.3;360.0;12.3;0.0;;10.0;0.0;0.0;10.0;45.510002;4.8500004;190.0;2026-10-08T13:15:00+02:00;2026-10-08T14:10:32+02:00;21d835261d1e
2026-10-09;st_cyr_sur_le_rhone;AROMEHD;2026-10-09T12:00;7.8;18.7;360.0;13.4;0.0;;34.0;0.0;0.0;34.0;45.510002;4.8500004;190.0;2026-10-08T13:15:00+02:00;2026-10-08T14:10:32+02:00;21d835261d1e
2026-10-09;st_cyr_sur_le_rhone;AROMEHD;2026-10-09T13:00;7.7;18.7;10.0;14.4;0.0;;5.0;0.0;0.0;5.0;45.510002;4.8500004;190.0;2026-10-08T13:15:00+02:00;2026-10-08T14:10:32+02:00;21d835261d1e
2026-10-09;st_cyr_sur_le_rhone;AROMEHD;2026-10-09T14:00;7.5;18.1;12.0;15.3;0.0;;0.0;0.0;0.0;0.0;45.510002;4.8500004;190.0;2026-10-08T13:15:00+02:00;2026-10-08T14:10:32+02:00;21d835261d1e
2026-10-09;st_cyr_sur_le_rhone;AROMEHD;2026-10-09T15:00;7.1;17.9;16.0;15.8;0.0;;0.0;0.0;0.0;0.0;45.510002;4.8500004;190.0;2026-10-08T13:15:00+02:00;2026-10-08T14:10:32+02:00;21d835261d1e
2026-10-09;st_cyr_sur_le_rhone;AROMEHD;2026-10-09T16:00;6.5;16.5;7.0;16.2;0.0;;0.0;2.0;8.0;8.0;45.510002;4.8500004;190.0;2026-10-08T13:15:00+02:00;2026-10-08T14:10:32+02:00;21d835261d1e
2026-10-09;st_cyr_sur_le_rhone;AROMEHD;2026-10-09T17:00;6.4;15.4;3.0;15.9;0.0;;0.0;15.0;1.0;15.0;45.510002;4.8500004;190.0;2026-10-08T13:15:00+02:00;2026-10-08T14:10:32+02:00;21d835261d1e
2026-10-09;st_cyr_sur_le_rhone;AROMEHD;2026-10-09T18:00;5.4;14.8;13.0;15.4;0.0;;0.0;69.0;81.0;81.0;45.510002;4.8500004;190.0;2026-10-08T13:15:00+02:00;2026-10-08T14:10:32+02:00;21d835261d1e
2026-10-09;st_cyr_sur_le_rhone;AROMEHD;2026-10-09T19:00;4.3;12.2;24.0;14.3;0.0;;0.0;100.0;97.0;100.0;45.510002;4.8500004;190.0;2026-10-08T13:15:00+02:00;2026-10-08T14:10:32+02:00;21d835261d1e
2026-10-09;st_cyr_sur_le_rhone;AROMEHD;2026-10-09T20:00;3.7;9.3;28.0;13.6;0.0;;99.0;100.0;100.0;100.0;45.510002;4.8500004;190.0;2026-10-08T13:15:00+02:00;2026-10-08T14:10:32+02:00;21d835261d1e
2026-10-09;st_cyr_sur_le_rhone;AROMEHD;2026-10-09T21:00;4.7;10.7;355.0;13.6;0.0;;100.0;100.0;100.0;100.0;45.510002;4.8500004;190.0;2026-10-08T13:15:00+02:00;2026-10-08T14:10:32+02:00;21d835261d1e
2026-10-09;st_cyr_sur_le_rhone;AROMEHD;2026-10-09T22:00;3.7;10.7;6.0;13.3;0.0;;100.0;100.0;100.0;100.0;45.510002;4.8500004;190.0;2026-10-08T13:15:00+02:00;2026-10-08T14:10:32+02:00;21d835261d1e
2026-10-09;st_cyr_sur_le_rhone;AROMEHD;2026-10-09T23:00;2.6;8.6;9.0;13.1;0.0;;100.0;100.0;100.0;100.0;45.510002;4.8500004;190.0;2026-10-08T13:15:00+02:00;2026-10-08T14:10:32+02:00;21d835261d1e
2026-10-09;st_cyr_sur_le_rhone;AROMEHD;2026-10-10T00:00;2.5;5.4;51.0;12.9;0.0;;100.0;1.0;100.0;100.0;45.510002;4.8500004;190.0;2026-10-08T13:15:00+02:00;2026-10-08T14:10:32+02:00;21d835261d1e
2026-10-09;st_cyr_sur_le_rhone;ICONCH1;2026-10-09T01:00;7.9;16.9;338.0;10.3;0.0;64.0;40.0;48.0;0.0;64.0;45.511913;4.860718;186.0;2026-10-08T13:15:00+02:00;2026-10-08T14:10:32+02:00;21d835261d1e
2026-10-09;st_cyr_sur_le_rhone;ICONCH1;2026-10-09T02:00;7.0;12.6;347.0;9.6;0.0;70.0;30.0;54.0;0.0;70.0;45.511913;4.860718;186.0;2026-10-08T13:15:00+02:00;2026-10-08T14:10:32+02:00;21d835261d1e
2026-10-09;st_cyr_sur_le_rhone;ICONCH1;2026-10-09T03:00;6.9;11.9;344.0;9.1;0.0;41.0;27.0;21.0;0.0;41.0;45.511913;4.860718;186.0;2026-10-08T13:15:00+02:00;2026-10-08T14:10:32+02:00;21d835261d1e
2026-10-09;st_cyr_sur_le_rhone;ICONCH1;2026-10-09T04:00;8.0;13.4;342.0;8.8;0.0;45.0;28.0;28.0;0.0;45.0;45.511913;4.860718;186.0;2026-10-08T13:15:00+02:00;2026-10-08T14:10:32+02:00;21d835261d1e
2026-10-09;st_cyr_sur_le_rhone;ICONCH1;2026-10-09T05:00;7.9;13.8;338.0;8.5;0.0;27.0;27.0;0.0;0.0;27.0;45.511913;4.860718;186.0;2026-10-08T13:15:00+02:00;2026-10-08T14:10:32+02:00;21d835261d1e
2026-10-09;st_cyr_sur_le_rhone;ICONCH1;2026-10-09T06:00;7.6;13.4;337.0;8.3;0.0;29.0;29.0;0.0;0.0;29.0;45.511913;4.860718;186.0;2026-10-08T13:15:00+02:00;2026-10-08T14:10:32+02:00;21d835261d1e
2026-10-09;st_cyr_sur_le_rhone;ICONCH1;2026-10-09T07:00;6.9;12.8;338.0;8.3;0.0;51.0;33.0;33.0;0.0;51.0;45.511913;4.860718;186.0;2026-10-08T13:15:00+02:00;2026-10-08T14:10:32+02:00;21d835261d1e
2026-10-09;st_cyr_sur_le_rhone;ICONCH1;2026-10-09T08:00;6.9;11.9;344.0;8.2;0.0;41.0;26.0;28.0;0.0;41.0;45.511913;4.860718;186.0;2026-10-08T13:15:00+02:00;2026-10-08T14:10:32+02:00;21d835261d1e
2026-10-09;st_cyr_sur_le_rhone;ICONCH1;2026-10-09T09:00;7.3;11.7;344.0;9.3;0.0;14.0;14.0;0.0;0.0;14.0;45.511913;4.860718;186.0;2026-10-08T13:15:00+02:00;2026-10-08T14:10:32+02:00;21d835261d1e
2026-10-09;st_cyr_sur_le_rhone;ICONCH1;2026-10-09T10:00;8.8;14.2;346.0;10.7;0.0;6.0;6.0;0.0;0.0;6.0;45.511913;4.860718;186.0;2026-10-08T13:15:00+02:00;2026-10-08T14:10:32+02:00;21d835261d1e
2026-10-09;st_cyr_sur_le_rhone;ICONCH1;2026-10-09T11:00;11.2;18.3;351.0;12.4;0.0;31.0;31.0;0.0;0.0;31.0;45.511913;4.860718;186.0;2026-10-08T13:15:00+02:00;2026-10-08T14:10:32+02:00;21d835261d1e
2026-10-09;st_cyr_sur_le_rhone;ICONCH1;2026-10-09T12:00;11.8;19.6;351.0;13.5;0.0;42.0;42.0;0.0;0.0;42.0;45.511913;4.860718;186.0;2026-10-08T13:15:00+02:00;2026-10-08T14:10:32+02:00;21d835261d1e
2026-10-09;st_cyr_sur_le_rhone;ICONCH1;2026-10-09T13:00;11.1;19.4;358.0;14.6;0.0;32.0;32.0;0.0;0.0;32.0;45.511913;4.860718;186.0;2026-10-08T13:15:00+02:00;2026-10-08T14:10:32+02:00;21d835261d1e
2026-10-09;st_cyr_sur_le_rhone;ICONCH1;2026-10-09T14:00;10.9;18.7;360.0;15.3;0.0;28.0;28.0;0.0;0.0;28.0;45.511913;4.860718;186.0;2026-10-08T13:15:00+02:00;2026-10-08T14:10:32+02:00;21d835261d1e
2026-10-09;st_cyr_sur_le_rhone;ICONCH1;2026-10-09T15:00;9.7;17.9;359.0;15.7;0.0;6.0;6.0;0.0;0.0;6.0;45.511913;4.860718;186.0;2026-10-08T13:15:00+02:00;2026-10-08T14:10:32+02:00;21d835261d1e
2026-10-09;st_cyr_sur_le_rhone;ICONCH1;2026-10-09T16:00;9.3;15.9;12.0;15.8;0.0;13.0;4.0;9.0;0.0;13.0;45.511913;4.860718;186.0;2026-10-08T13:15:00+02:00;2026-10-08T14:10:32+02:00;21d835261d1e
2026-10-09;st_cyr_sur_le_rhone;ICONCH1;2026-10-09T17:00;9.0;15.4;24.0;15.3;0.0;44.0;18.0;30.0;0.0;44.0;45.511913;4.860718;186.0;2026-10-08T13:15:00+02:00;2026-10-08T14:10:32+02:00;21d835261d1e
2026-10-09;st_cyr_sur_le_rhone;ICONCH1;2026-10-09T18:00;6.4;14.4;348.0;14.4;0.0;60.0;4.0;49.0;26.0;60.0;45.511913;4.860718;186.0;2026-10-08T13:15:00+02:00;2026-10-08T14:10:32+02:00;21d835261d1e
2026-10-09;st_cyr_sur_le_rhone;ICONCH1;2026-10-09T19:00;5.1;9.9;349.0;12.8;0.0;71.0;0.0;67.0;13.0;71.0;45.511913;4.860718;186.0;2026-10-08T13:15:00+02:00;2026-10-08T14:10:32+02:00;21d835261d1e
2026-10-09;st_cyr_sur_le_rhone;ICONCH1;2026-10-09T20:00;3.7;8.7;9.0;11.3;0.0;42.0;0.0;42.0;0.0;42.0;45.511913;4.860718;186.0;2026-10-08T13:15:00+02:00;2026-10-08T14:10:32+02:00;21d835261d1e
2026-10-09;st_romain_des_iles;AROMEHD;2026-10-09T01:00;9.7;17.9;344.0;11.0;0.0;;2.0;0.0;0.0;2.0;46.18;4.779999;169.0;2026-10-08T13:15:00+02:00;2026-10-08T14:10:32+02:00;21d835261d1e
2026-10-09;st_romain_des_iles;AROMEHD;2026-10-09T02:00;8.8;15.7;346.0;10.5;0.0;;29.0;0.0;0.0;29.0;46.18;4.779999;169.0;2026-10-08T13:15:00+02:00;2026-10-08T14:10:32+02:00;21d835261d1e
2026-10-09;st_romain_des_iles;AROMEHD;2026-10-09T03:00;7.3;14.2;344.0;10.1;0.0;;9.0;0.0;0.0;9.0;46.18;4.779999;169.0;2026-10-08T13:15:00+02:00;2026-10-08T14:10:32+02:00;21d835261d1e
2026-10-09;st_romain_des_iles;AROMEHD;2026-10-09T04:00;6.7;11.9;334.0;9.3;0.0;;2.0;0.0;0.0;2.0;46.18;4.779999;169.0;2026-10-08T13:15:00+02:00;2026-10-08T14:10:32+02:00;21d835261d1e
2026-10-09;st_romain_des_iles;AROMEHD;2026-10-09T05:00;5.6;10.3;326.0;8.4;0.0;;2.0;0.0;0.0;2.0;46.18;4.779999;169.0;2026-10-08T13:15:00+02:00;2026-10-08T14:10:32+02:00;21d835261d1e
2026-10-09;st_romain_des_iles;AROMEHD;2026-10-09T06:00;5.8;9.3;327.0;7.6;0.0;;0.0;0.0;0.0;0.0;46.18;4.779999;169.0;2026-10-08T13:15:00+02:00;2026-10-08T14:10:32+02:00;21d835261d1e
2026-10-09;st_romain_des_iles;AROMEHD;2026-10-09T07:00;3.9;9.1;340.0;6.9;0.0;;0.0;0.0;0.0;0.0;46.18;4.779999;169.0;2026-10-08T13:15:00+02:00;2026-10-08T14:10:32+02:00;21d835261d1e
2026-10-09;st_romain_des_iles;AROMEHD;2026-10-09T08:00;1.6;6.6;360.0;6.2;0.0;;0.0;0.0;0.0;0.0;46.18;4.779999;169.0;2026-10-08T13:15:00+02:00;2026-10-08T14:10:32+02:00;21d835261d1e
2026-10-09;st_romain_des_iles;AROMEHD;2026-10-09T09:00;1.4;1.0;146.0;5.7;0.0;;18.0;0.0;0.0;18.0;46.18;4.779999;169.0;2026-10-08T13:15:00+02:00;2026-10-08T14:10:32+02:00;21d835261d1e
2026-10-09;st_romain_des_iles;AROMEHD;2026-10-09T10:00;1.2;2.3;90.0;8.9;0.0;;12.0;0.0;0.0;12.0;46.18;4.779999;169.0;2026-10-08T13:15:00+02:00;2026-10-08T14:10:32+02:00;21d835261d1e
2026-10-09;st_romain_des_iles;AROMEHD;2026-10-09T11:00;6.5;12.2;343.0;12.9;0.0;;4.0;0.0;67.0;67.0;46.18;4.779999;169.0;2026-10-08T13:15:00+02:00;2026-10-08T14:10:32+02:00;21d835261d1e
2026-10-09;st_romain_des_iles;AROMEHD;2026-10-09T12:00;7.7;14.2;335.0;13.4;0.0;;0.0;0.0;0.0;0.0;46.18;4.779999;169.0;2026-10-08T13:15:00+02:00;2026-10-08T14:10:32+02:00;21d835261d1e
2026-10-09;st_romain_des_iles;AROMEHD;2026-10-09T13:00;7.5;15.0;332.0;14.0;0.0;;0.0;0.0;1.0;1.0;46.18;4.779999;169.0;2026-10-08T13:15:00+02:00;2026-10-08T14:10:32+02:00;21d835261d1e
2026-10-09;st_romain_des_iles;AROMEHD;2026-10-09T14:00;7.2;14.0;333.0;14.7;0.0;;0.0;1.0;17.0;17.0;46.18;4.779999;169.0;2026-10-08T13:15:00+02:00;2026-10-08T14:10:32+02:00;21d835261d1e
2026-10-09;st_romain_des_iles;AROMEHD;2026-10-09T15:00;6.4;13.6;337.0;15.3;0.0;;0.0;99.0;88.0;99.0;46.18;4.779999;169.0;2026-10-08T13:15:00+02:00;2026-10-08T14:10:32+02:00;21d835261d1e
2026-10-09;st_romain_des_iles;AROMEHD;2026-10-09T16:00;7.3;13.4;338.0;15.2;0.0;;0.0;69.0;93.0;93.0;46.18;4.779999;169.0;2026-10-08T13:15:00+02:00;2026-10-08T14:10:32+02:00;21d835261d1e
2026-10-09;st_romain_des_iles;AROMEHD;2026-10-09T17:00;5.8;13.4;340.0;14.7;0.0;;1.0;100.0;100.0;100.0;46.18;4.779999;169.0;2026-10-08T13:15:00+02:00;2026-10-08T14:10:32+02:00;21d835261d1e
2026-10-09;st_romain_des_iles;AROMEHD;2026-10-09T18:00;5.7;10.3;333.0;14.2;0.0;;95.0;100.0;100.0;100.0;46.18;4.779999;169.0;2026-10-08T13:15:00+02:00;2026-10-08T14:10:32+02:00;21d835261d1e
2026-10-09;st_romain_des_iles;AROMEHD;2026-10-09T19:00;4.3;9.1;330.0;13.4;0.0;;100.0;100.0;100.0;100.0;46.18;4.779999;169.0;2026-10-08T13:15:00+02:00;2026-10-08T14:10:32+02:00;21d835261d1e
2026-10-09;st_romain_des_iles;AROMEHD;2026-10-09T20:00;2.1;6.6;355.0;12.8;0.0;;100.0;100.0;100.0;100.0;46.18;4.779999;169.0;2026-10-08T13:15:00+02:00;2026-10-08T14:10:32+02:00;21d835261d1e
2026-10-09;st_romain_des_iles;AROMEHD;2026-10-09T21:00;1.5;2.9;50.0;12.4;0.0;;100.0;100.0;100.0;100.0;46.18;4.779999;169.0;2026-10-08T13:15:00+02:00;2026-10-08T14:10:32+02:00;21d835261d1e
2026-10-09;st_romain_des_iles;AROMEHD;2026-10-09T22:00;2.0;3.1;96.0;12.0;0.0;;99.0;0.0;100.0;100.0;46.18;4.779999;169.0;2026-10-08T13:15:00+02:00;2026-10-08T14:10:32+02:00;21d835261d1e
2026-10-09;st_romain_des_iles;AROMEHD;2026-10-09T23:00;2.1;2.3;175.0;11.4;0.0;;100.0;2.0;100.0;100.0;46.18;4.779999;169.0;2026-10-08T13:15:00+02:00;2026-10-08T14:10:32+02:00;21d835261d1e
2026-10-09;st_romain_des_iles;AROMEHD;2026-10-10T00:00;1.5;2.9;157.0;11.5;0.0;;100.0;41.0;100.0;100.0;46.18;4.779999;169.0;2026-10-08T13:15:00+02:00;2026-10-08T14:10:32+02:00;21d835261d1e
2026-10-09;st_romain_des_iles;ICONCH1;2026-10-09T01:00;8.5;13.6;325.0;10.3;0.0;16.0;0.0;16.0;0.0;16.0;46.179794;4.782837;176.0;2026-10-08T13:15:00+02:00;2026-10-08T14:10:32+02:00;21d835261d1e
2026-10-09;st_romain_des_iles;ICONCH1;2026-10-09T02:00;8.2;14.0;326.0;9.9;0.0;15.0;0.0;0.0;15.0;15.0;46.179794;4.782837;176.0;2026-10-08T13:15:00+02:00;2026-10-08T14:10:32+02:00;21d835261d1e
2026-10-09;st_romain_des_iles;ICONCH1;2026-10-09T03:00;4.6;13.0;348.0;9.5;0.0;16.0;16.0;0.0;0.0;16.0;46.179794;4.782837;176.0;2026-10-08T13:15:00+02:00;2026-10-08T14:10:32+02:00;21d835261d1e
2026-10-09;st_romain_des_iles;ICONCH1;2026-10-09T04:00;4.1;7.4;41.0;8.5;0.0;42.0;43.0;0.0;2.0;43.0;46.179794;4.782837;176.0;2026-10-08T13:15:00+02:00;2026-10-08T14:10:32+02:00;21d835261d1e
2026-10-09;st_romain_des_iles;ICONCH1;2026-10-09T05:00;3.8;6.6;15.0;8.1;0.0;12.0;12.0;0.0;0.0;12.0;46.179794;4.782837;176.0;2026-10-08T13:15:00+02:00;2026-10-08T14:10:32+02:00;21d835261d1e
2026-10-09;st_romain_des_iles;ICONCH1;2026-10-09T06:00;3.0;6.4;11.0;7.7;0.0;12.0;12.0;0.0;0.0;12.0;46.179794;4.782837;176.0;2026-10-08T13:15:00+02:00;2026-10-08T14:10:32+02:00;21d835261d1e
2026-10-09;st_romain_des_iles;ICONCH1;2026-10-09T07:00;4.0;6.4;23.0;7.5;0.0;16.0;16.0;0.0;0.0;16.0;46.179794;4.782837;176.0;2026-10-08T13:15:00+02:00;2026-10-08T14:10:32+02:00;21d835261d1e
2026-10-09;st_romain_des_iles;ICONCH1;2026-10-09T08:00;3.1;6.6;35.0;7.2;0.0;0.0;0.0;0.0;0.0;0.0;46.179794;4.782837;176.0;2026-10-08T13:15:00+02:00;2026-10-08T14:10:32+02:00;21d835261d1e
2026-10-09;st_romain_des_iles;ICONCH1;2026-10-09T09:00;2.6;4.7;48.0;8.0;0.0;0.0;0.0;0.0;0.0;0.0;46.179794;4.782837;176.0;2026-10-08T13:15:00+02:00;2026-10-08T14:10:32+02:00;21d835261d1e
2026-10-09;st_romain_des_iles;ICONCH1;2026-10-09T10:00;2.2;4.3;38.0;9.9;0.0;18.0;18.0;0.0;0.0;18.0;46.179794;4.782837;176.0;2026-10-08T13:15:00+02:00;2026-10-08T14:10:32+02:00;21d835261d1e
2026-10-09;st_romain_des_iles;ICONCH1;2026-10-09T11:00;8.3;14.0;327.0;12.3;0.0;24.0;24.0;0.0;0.0;24.0;46.179794;4.782837;176.0;2026-10-08T13:15:00+02:00;2026-10-08T14:10:32+02:00;21d835261d1e
2026-10-09;st_romain_des_iles;ICONCH1;2026-10-09T12:00;9.8;16.5;330.0;13.2;0.0;0.0;0.0;0.0;0.0;0.0;46.179794;4.782837;176.0;2026-10-08T13:15:00+02:00;2026-10-08T14:10:32+02:00;21d835261d1e
2026-10-09;st_romain_des_iles;ICONCH1;2026-10-09T13:00;8.6;16.5;337.0;14.1;0.0;0.0;0.0;0.0;0.0;0.0;46.179794;4.782837;176.0;2026-10-08T13:15:00+02:00;2026-10-08T14:10:32+02:00;21d835261d1e
2026-10-09;st_romain_des_iles;ICONCH1;2026-10-09T14:00;7.7;14.6;333.0;14.9;0.0;0.0;0.0;0.0;0.0;0.0;46.179794;4.782837;176.0;2026-10-08T13:15:00+02:00;2026-10-08T14:10:32+02:00;21d835261d1e
2026-10-09;st_romain_des_iles;ICONCH1;2026-10-09T15:00;8.4;14.0;324.0;15.3;0.0;70.0;0.0;28.0;49.0;70.0;46.179794;4.782837;176.0;2026-10-08T13:15:00+02:00;2026-10-08T14:10:32+02:00;21d835261d1e
2026-10-09;st_romain_des_iles;ICONCH1;2026-10-09T16:00;8.4;14.4;324.0;15.0;0.0;100.0;0.0;53.0;100.0;100.0;46.179794;4.782837;176.0;2026-10-08T13:15:00+02:00;2026-10-08T14:10:32+02:00;21d835261d1e
2026-10-09;st_romain_des_iles;ICONCH1;2026-10-09T17:00;8.3;14.0;323.0;14.6;0.0;100.0;0.0;75.0;100.0;100.0;46.179794;4.782837;176.0;2026-10-08T13:15:00+02:00;2026-10-08T14:10:32+02:00;21d835261d1e
2026-10-09;st_romain_des_iles;ICONCH1;2026-10-09T18:00;6.2;13.6;332.0;14.1;0.0;100.0;0.0;82.0;100.0;100.0;46.179794;4.782837;176.0;2026-10-08T13:15:00+02:00;2026-10-08T14:10:32+02:00;21d835261d1e
2026-10-09;st_romain_des_iles;ICONCH1;2026-10-09T19:00;4.2;9.9;338.0;13.2;0.0;96.0;45.0;87.0;62.0;96.0;46.179794;4.782837;176.0;2026-10-08T13:15:00+02:00;2026-10-08T14:10:32+02:00;21d835261d1e
2026-10-09;st_romain_des_iles;ICONCH1;2026-10-09T20:00;3.7;6.6;18.0;12.9;0.0;100.0;79.0;100.0;48.0;100.0;46.179794;4.782837;176.0;2026-10-08T13:15:00+02:00;2026-10-08T14:10:32+02:00;21d835261d1e
2026-10-09;treffort;AROMEHD;2026-10-09T01:00;12.2;25.9;347.0;9.4;0.0;;100.0;0.0;0.0;100.0;44.91;5.6800003;0.0;2026-10-08T13:15:00+02:00;2026-10-08T14:10:32+02:00;21d835261d1e
2026-10-09;treffort;AROMEHD;2026-10-09T02:00;11.0;23.9;346.0;9.4;0.0;;66.0;0.0;0.0;66.0;44.91;5.6800003;0.0;2026-10-08T13:15:00+02:00;2026-10-08T14:10:32+02:00;21d835261d1e
2026-10-09;treffort;AROMEHD;2026-10-09T03:00;11.0;21.6;346.0;9.1;0.0;;85.0;0.0;0.0;85.0;44.91;5.6800003;0.0;2026-10-08T13:15:00+02:00;2026-10-08T14:10:32+02:00;21d835261d1e
2026-10-09;treffort;AROMEHD;2026-10-09T04:00;10.8;21.6;345.0;9.1;0.0;;97.0;0.0;0.0;97.0;44.91;5.6800003;0.0;2026-10-08T13:15:00+02:00;2026-10-08T14:10:32+02:00;21d835261d1e
2026-10-09;treffort;AROMEHD;2026-10-09T05:00;10.9;22.2;344.0;8.9;0.0;;65.0;0.0;0.0;65.0;44.91;5.6800003;0.0;2026-10-08T13:15:00+02:00;2026-10-08T14:10:32+02:00;21d835261d1e
2026-10-09;treffort;AROMEHD;2026-10-09T06:00;10.4;21.6;346.0;8.8;0.0;;85.0;0.0;0.0;85.0;44.91;5.6800003;0.0;2026-10-08T13:15:00+02:00;2026-10-08T14:10:32+02:00;21d835261d1e
2026-10-09;treffort;AROMEHD;2026-10-09T07:00;9.9;20.4;340.0;8.6;0.0;;92.0;0.0;0.0;92.0;44.91;5.6800003;0.0;2026-10-08T13:15:00+02:00;2026-10-08T14:10:32+02:00;21d835261d1e
2026-10-09;treffort;AROMEHD;2026-10-09T08:00;9.5;19.8;337.0;8.6;0.0;;100.0;0.0;0.0;100.0;44.91;5.6800003;0.0;2026-10-08T13:15:00+02:00;2026-10-08T14:10:32+02:00;21d835261d1e
2026-10-09;treffort;AROMEHD;2026-10-09T09:00;9.1;18.5;337.0;8.5;0.0;;94.0;0.0;0.0;94.0;44.91;5.6800003;0.0;2026-10-08T13:15:00+02:00;2026-10-08T14:10:32+02:00;21d835261d1e
2026-10-09;treffort;AROMEHD;2026-10-09T10:00;9.0;18.5;341.0;9.0;0.0;;66.0;0.0;0.0;66.0;44.91;5.6800003;0.0;2026-10-08T13:15:00+02:00;2026-10-08T14:10:32+02:00;21d835261d1e
2026-10-09;treffort;AROMEHD;2026-10-09T11:00;9.7;19.8;345.0;9.7;0.0;;37.0;0.0;0.0;37.0;44.91;5.6800003;0.0;2026-10-08T13:15:00+02:00;2026-10-08T14:10:32+02:00;21d835261d1e
2026-10-09;treffort;AROMEHD;2026-10-09T12:00;9.5;19.6;343.0;10.4;0.0;;42.0;0.0;0.0;42.0;44.91;5.6800003;0.0;2026-10-08T13:15:00+02:00;2026-10-08T14:10:32+02:00;21d835261d1e
2026-10-09;treffort;AROMEHD;2026-10-09T13:00;9.8;19.8;347.0;11.1;0.0;;10.0;0.0;0.0;10.0;44.91;5.6800003;0.0;2026-10-08T13:15:00+02:00;2026-10-08T14:10:32+02:00;21d835261d1e
2026-10-09;treffort;AROMEHD;2026-10-09T14:00;9.7;19.6;350.0;11.9;0.0;;1.0;0.0;0.0;1.0;44.91;5.6800003;0.0;2026-10-08T13:15:00+02:00;2026-10-08T14:10:32+02:00;21d835261d1e
2026-10-09;treffort;AROMEHD;2026-10-09T15:00;9.5;19.8;348.0;12.5;0.0;;0.0;0.0;0.0;0.0;44.91;5.6800003;0.0;2026-10-08T13:15:00+02:00;2026-10-08T14:10:32+02:00;21d835261d1e
2026-10-09;treffort;AROMEHD;2026-10-09T16:00;9.5;19.6;343.0;12.9;0.0;;0.0;0.0;0.0;0.0;44.91;5.6800003;0.0;2026-10-08T13:15:00+02:00;2026-10-08T14:10:32+02:00;21d835261d1e
2026-10-09;treffort;AROMEHD;2026-10-09T17:00;9.7;19.6;340.0;12.9;0.0;;0.0;0.0;0.0;0.0;44.91;5.6800003;0.0;2026-10-08T13:15:00+02:00;2026-10-08T14:10:32+02:00;21d835261d1e
2026-10-09;treffort;AROMEHD;2026-10-09T18:00;8.6;19.4;335.0;12.4;0.0;;2.0;0.0;0.0;2.0;44.91;5.6800003;0.0;2026-10-08T13:15:00+02:00;2026-10-08T14:10:32+02:00;21d835261d1e
2026-10-09;treffort;AROMEHD;2026-10-09T19:00;5.9;17.5;328.0;11.6;0.0;;0.0;0.0;0.0;0.0;44.91;5.6800003;0.0;2026-10-08T13:15:00+02:00;2026-10-08T14:10:32+02:00;21d835261d1e
2026-10-09;treffort;AROMEHD;2026-10-09T20:00;6.3;12.4;317.0;10.6;0.0;;1.0;0.0;0.0;1.0;44.91;5.6800003;0.0;2026-10-08T13:15:00+02:00;2026-10-08T14:10:32+02:00;21d835261d1e
2026-10-09;treffort;AROMEHD;2026-10-09T21:00;6.1;12.4;312.0;10.1;0.0;;0.0;9.0;22.0;22.0;44.91;5.6800003;0.0;2026-10-08T13:15:00+02:00;2026-10-08T14:10:32+02:00;21d835261d1e
2026-10-09;treffort;AROMEHD;2026-10-09T22:00;5.2;11.7;312.0;9.6;0.0;;0.0;0.0;0.0;0.0;44.91;5.6800003;0.0;2026-10-08T13:15:00+02:00;2026-10-08T14:10:32+02:00;21d835261d1e
2026-10-09;treffort;AROMEHD;2026-10-09T23:00;3.7;10.5;309.0;9.2;0.0;;0.0;4.0;0.0;4.0;44.91;5.6800003;0.0;2026-10-08T13:15:00+02:00;2026-10-08T14:10:32+02:00;21d835261d1e
2026-10-09;treffort;AROMEHD;2026-10-10T00:00;2.0;7.8;287.0;8.6;0.0;;0.0;10.0;100.0;100.0;44.91;5.6800003;0.0;2026-10-08T13:15:00+02:00;2026-10-08T14:10:32+02:00;21d835261d1e
2026-10-09;treffort;ICONCH1;2026-10-09T01:00;16.3;28.2;3.0;10.0;0.0;79.0;76.0;5.0;0.0;79.0;44.905636;5.680298;502.0;2026-10-08T13:15:00+02:00;2026-10-08T14:10:32+02:00;21d835261d1e
2026-10-09;treffort;ICONCH1;2026-10-09T02:00;13.2;28.0;357.0;9.8;0.0;80.0;74.0;10.0;0.0;80.0;44.905636;5.680298;502.0;2026-10-08T13:15:00+02:00;2026-10-08T14:10:32+02:00;21d835261d1e
2026-10-09;treffort;ICONCH1;2026-10-09T03:00;13.1;23.3;354.0;9.6;0.0;54.0;54.0;0.0;0.0;54.0;44.905636;5.680298;502.0;2026-10-08T13:15:00+02:00;2026-10-08T14:10:32+02:00;21d835261d1e
2026-10-09;treffort;ICONCH1;2026-10-09T04:00;11.9;22.5;356.0;9.4;0.0;67.0;67.0;0.0;0.0;67.0;44.905636;5.680298;502.0;2026-10-08T13:15:00+02:00;2026-10-08T14:10:32+02:00;21d835261d1e
2026-10-09;treffort;ICONCH1;2026-10-09T05:00;10.7;20.4;350.0;9.3;0.0;84.0;84.0;0.0;0.0;84.0;44.905636;5.680298;502.0;2026-10-08T13:15:00+02:00;2026-10-08T14:10:32+02:00;21d835261d1e
2026-10-09;treffort;ICONCH1;2026-10-09T06:00;10.5;18.3;344.0;9.2;0.0;74.0;74.0;0.0;0.0;74.0;44.905636;5.680298;502.0;2026-10-08T13:15:00+02:00;2026-10-08T14:10:32+02:00;21d835261d1e
2026-10-09;treffort;ICONCH1;2026-10-09T07:00;10.8;18.5;347.0;8.9;0.0;59.0;59.0;0.0;0.0;59.0;44.905636;5.680298;502.0;2026-10-08T13:15:00+02:00;2026-10-08T14:10:32+02:00;21d835261d1e
2026-10-09;treffort;ICONCH1;2026-10-09T08:00;10.7;18.5;341.0;9.0;0.0;64.0;64.0;0.0;0.0;64.0;44.905636;5.680298;502.0;2026-10-08T13:15:00+02:00;2026-10-08T14:10:32+02:00;21d835261d1e
2026-10-09;treffort;ICONCH1;2026-10-09T09:00;9.9;18.5;337.0;9.2;0.0;72.0;72.0;0.0;0.0;72.0;44.905636;5.680298;502.0;2026-10-08T13:15:00+02:00;2026-10-08T14:10:32+02:00;21d835261d1e
2026-10-09;treffort;ICONCH1;2026-10-09T10:00;9.5;17.1;341.0;10.0;0.0;86.0;86.0;0.0;0.0;86.0;44.905636;5.680298;502.0;2026-10-08T13:15:00+02:00;2026-10-08T14:10:32+02:00;21d835261d1e
2026-10-09;treffort;ICONCH1;2026-10-09T11:00;10.4;18.3;354.0;10.7;0.0;80.0;80.0;0.0;0.0;80.0;44.905636;5.680298;502.0;2026-10-08T13:15:00+02:00;2026-10-08T14:10:32+02:00;21d835261d1e
2026-10-09;treffort;ICONCH1;2026-10-09T12:00;11.5;20.2;358.0;11.3;0.0;76.0;76.0;0.0;0.0;76.0;44.905636;5.680298;502.0;2026-10-08T13:15:00+02:00;2026-10-08T14:10:32+02:00;21d835261d1e
2026-10-09;treffort;ICONCH1;2026-10-09T13:00;11.3;20.2;359.0;11.8;0.0;82.0;82.0;0.0;0.0;82.0;44.905636;5.680298;502.0;2026-10-08T13:15:00+02:00;2026-10-08T14:10:32+02:00;21d835261d1e
2026-10-09;treffort;ICONCH1;2026-10-09T14:00;10.5;19.8;358.0;12.1;0.0;78.0;78.0;0.0;0.0;78.0;44.905636;5.680298;502.0;2026-10-08T13:15:00+02:00;2026-10-08T14:10:32+02:00;21d835261d1e
2026-10-09;treffort;ICONCH1;2026-10-09T15:00;10.3;18.5;359.0;12.5;0.0;76.0;76.0;0.0;0.0;76.0;44.905636;5.680298;502.0;2026-10-08T13:15:00+02:00;2026-10-08T14:10:32+02:00;21d835261d1e
2026-10-09;treffort;ICONCH1;2026-10-09T16:00;9.8;18.1;354.0;12.5;0.0;82.0;82.0;0.0;0.0;82.0;44.905636;5.680298;502.0;2026-10-08T13:15:00+02:00;2026-10-08T14:10:32+02:00;21d835261d1e
2026-10-09;treffort;ICONCH1;2026-10-09T17:00;8.8;16.9;354.0;12.6;0.0;67.0;67.0;0.0;0.0;67.0;44.905636;5.680298;502.0;2026-10-08T13:15:00+02:00;2026-10-08T14:10:32+02:00;21d835261d1e
2026-10-09;treffort;ICONCH1;2026-10-09T18:00;7.5;15.2;348.0;12.2;0.0;73.0;73.0;0.0;0.0;73.0;44.905636;5.680298;502.0;2026-10-08T13:15:00+02:00;2026-10-08T14:10:32+02:00;21d835261d1e
2026-10-09;treffort;ICONCH1;2026-10-09T19:00;6.0;12.8;331.0;11.8;0.0;84.0;84.0;0.0;19.0;84.0;44.905636;5.680298;502.0;2026-10-08T13:15:00+02:00;2026-10-08T14:10:32+02:00;21d835261d1e
2026-10-09;treffort;ICONCH1;2026-10-09T20:00;6.6;11.3;326.0;11.6;0.0;97.0;97.0;0.0;0.0;97.0;44.905636;5.680298;502.0;2026-10-08T13:15:00+02:00;2026-10-08T14:10:32+02:00;21d835261d1e
2026-10-09;vengeron;AROMEHD;2026-10-09T01:00;15.2;22.7;38.0;13.5;0.0;;100.0;0.0;0.0;100.0;46.25;6.17;0.0;2026-10-08T13:15:00+02:00;2026-10-08T14:10:32+02:00;21d835261d1e
2026-10-09;vengeron;AROMEHD;2026-10-09T02:00;12.2;20.8;13.0;13.2;0.0;;100.0;0.0;0.0;100.0;46.25;6.17;0.0;2026-10-08T13:15:00+02:00;2026-10-08T14:10:32+02:00;21d835261d1e
2026-10-09;vengeron;AROMEHD;2026-10-09T03:00;11.5;16.7;15.0;13.0;0.0;;60.0;0.0;0.0;60.0;46.25;6.17;0.0;2026-10-08T13:15:00+02:00;2026-10-08T14:10:32+02:00;21d835261d1e
2026-10-09;vengeron;AROMEHD;2026-10-09T04:00;10.6;15.7;20.0;13.0;0.0;;86.0;0.0;0.0;86.0;46.25;6.17;0.0;2026-10-08T13:15:00+02:00;2026-10-08T14:10:32+02:00;21d835261d1e
2026-10-09;vengeron;AROMEHD;2026-10-09T05:00;11.6;16.5;33.0;13.1;0.0;;15.0;0.0;0.0;15.0;46.25;6.17;0.0;2026-10-08T13:15:00+02:00;2026-10-08T14:10:32+02:00;21d835261d1e
2026-10-09;vengeron;AROMEHD;2026-10-09T06:00;11.7;16.9;36.0;12.9;0.0;;3.0;0.0;0.0;3.0;46.25;6.17;0.0;2026-10-08T13:15:00+02:00;2026-10-08T14:10:32+02:00;21d835261d1e
2026-10-09;vengeron;AROMEHD;2026-10-09T07:00;11.1;17.7;44.0;12.8;0.0;;0.0;0.0;0.0;0.0;46.25;6.17;0.0;2026-10-08T13:15:00+02:00;2026-10-08T14:10:32+02:00;21d835261d1e
2026-10-09;vengeron;AROMEHD;2026-10-09T08:00;9.6;15.9;47.0;12.6;0.0;;0.0;0.0;0.0;0.0;46.25;6.17;0.0;2026-10-08T13:15:00+02:00;2026-10-08T14:10:32+02:00;21d835261d1e
2026-10-09;vengeron;AROMEHD;2026-10-09T09:00;4.7;14.2;270.0;10.0;0.0;;0.0;0.0;0.0;0.0;46.25;6.17;0.0;2026-10-08T13:15:00+02:00;2026-10-08T14:10:32+02:00;21d835261d1e
2026-10-09;vengeron;AROMEHD;2026-10-09T10:00;2.4;7.4;256.0;11.4;0.0;;0.0;0.0;0.0;0.0;46.25;6.17;0.0;2026-10-08T13:15:00+02:00;2026-10-08T14:10:32+02:00;21d835261d1e
2026-10-09;vengeron;AROMEHD;2026-10-09T11:00;9.6;13.6;54.0;12.8;0.0;;0.0;0.0;0.0;0.0;46.25;6.17;0.0;2026-10-08T13:15:00+02:00;2026-10-08T14:10:32+02:00;21d835261d1e
2026-10-09;vengeron;AROMEHD;2026-10-09T12:00;9.1;14.0;45.0;13.2;0.0;;0.0;0.0;0.0;0.0;46.25;6.17;0.0;2026-10-08T13:15:00+02:00;2026-10-08T14:10:32+02:00;21d835261d1e
2026-10-09;vengeron;AROMEHD;2026-10-09T13:00;7.2;12.8;36.0;13.9;0.0;;0.0;0.0;0.0;0.0;46.25;6.17;0.0;2026-10-08T13:15:00+02:00;2026-10-08T14:10:32+02:00;21d835261d1e
2026-10-09;vengeron;AROMEHD;2026-10-09T14:00;6.6;10.3;19.0;14.4;0.0;;0.0;0.0;0.0;0.0;46.25;6.17;0.0;2026-10-08T13:15:00+02:00;2026-10-08T14:10:32+02:00;21d835261d1e
2026-10-09;vengeron;AROMEHD;2026-10-09T15:00;6.5;9.3;17.0;14.8;0.0;;0.0;0.0;0.0;0.0;46.25;6.17;0.0;2026-10-08T13:15:00+02:00;2026-10-08T14:10:32+02:00;21d835261d1e
2026-10-09;vengeron;AROMEHD;2026-10-09T16:00;6.2;9.3;20.0;15.3;0.0;;0.0;0.0;1.0;1.0;46.25;6.17;0.0;2026-10-08T13:15:00+02:00;2026-10-08T14:10:32+02:00;21d835261d1e
2026-10-09;vengeron;AROMEHD;2026-10-09T17:00;5.4;8.7;26.0;15.7;0.0;;0.0;4.0;100.0;100.0;46.25;6.17;0.0;2026-10-08T13:15:00+02:00;2026-10-08T14:10:32+02:00;21d835261d1e
2026-10-09;vengeron;AROMEHD;2026-10-09T18:00;5.0;8.0;21.0;15.9;0.0;;0.0;58.0;82.0;82.0;46.25;6.17;0.0;2026-10-08T13:15:00+02:00;2026-10-08T14:10:32+02:00;21d835261d1e
2026-10-09;vengeron;AROMEHD;2026-10-09T19:00;4.3;7.4;5.0;16.0;0.0;;0.0;68.0;100.0;100.0;46.25;6.17;0.0;2026-10-08T13:15:00+02:00;2026-10-08T14:10:32+02:00;21d835261d1e
2026-10-09;vengeron;AROMEHD;2026-10-09T20:00;7.6;10.1;316.0;14.6;0.0;;0.0;100.0;100.0;100.0;46.25;6.17;0.0;2026-10-08T13:15:00+02:00;2026-10-08T14:10:32+02:00;21d835261d1e
2026-10-09;vengeron;AROMEHD;2026-10-09T21:00;6.1;10.3;312.0;14.6;0.0;;25.0;100.0;100.0;100.0;46.25;6.17;0.0;2026-10-08T13:15:00+02:00;2026-10-08T14:10:32+02:00;21d835261d1e
2026-10-09;vengeron;AROMEHD;2026-10-09T22:00;4.1;8.4;229.0;14.5;0.0;;99.0;100.0;100.0;100.0;46.25;6.17;0.0;2026-10-08T13:15:00+02:00;2026-10-08T14:10:32+02:00;21d835261d1e
2026-10-09;vengeron;AROMEHD;2026-10-09T23:00;4.2;6.2;217.0;14.6;0.0;;95.0;100.0;100.0;100.0;46.25;6.17;0.0;2026-10-08T13:15:00+02:00;2026-10-08T14:10:32+02:00;21d835261d1e
2026-10-09;vengeron;AROMEHD;2026-10-10T00:00;3.5;6.2;243.0;13.8;0.0;;100.0;100.0;100.0;100.0;46.25;6.17;0.0;2026-10-08T13:15:00+02:00;2026-10-08T14:10:32+02:00;21d835261d1e
2026-10-09;vengeron;ICONCH1;2026-10-09T01:00;13.0;18.1;19.0;13.7;0.0;82.0;55.0;72.0;0.0;82.0;46.24517;6.166931;0.0;2026-10-08T13:15:00+02:00;2026-10-08T14:10:32+02:00;21d835261d1e
2026-10-09;vengeron;ICONCH1;2026-10-09T02:00;13.2;18.9;24.0;13.5;0.0;99.0;98.0;54.0;0.0;99.0;46.24517;6.166931;0.0;2026-10-08T13:15:00+02:00;2026-10-08T14:10:32+02:00;21d835261d1e
2026-10-09;vengeron;ICONCH1;2026-10-09T03:00;12.3;17.5;29.0;13.5;0.0;100.0;100.0;68.0;0.0;100.0;46.24517;6.166931;0.0;2026-10-08T13:15:00+02:00;2026-10-08T14:10:32+02:00;21d835261d1e
2026-10-09;vengeron;ICONCH1;2026-10-09T04:00;9.6;15.9;42.0;13.1;0.0;69.0;61.0;45.0;0.0;69.0;46.24517;6.166931;0.0;2026-10-08T13:15:00+02:00;2026-10-08T14:10:32+02:00;21d835261d1e
2026-10-09;vengeron;ICONCH1;2026-10-09T05:00;9.6;13.4;48.0;12.9;0.0;92.0;85.0;45.0;0.0;92.0;46.24517;6.166931;0.0;2026-10-08T13:15:00+02:00;2026-10-08T14:10:32+02:00;21d835261d1e
2026-10-09;vengeron;ICONCH1;2026-10-09T06:00;9.4;15.9;27.0;13.0;0.0;59.0;59.0;0.0;0.0;59.0;46.24517;6.166931;0.0;2026-10-08T13:15:00+02:00;2026-10-08T14:10:32+02:00;21d835261d1e
2026-10-09;vengeron;ICONCH1;2026-10-09T07:00;5.9;12.2;351.0;12.2;0.0;51.0;51.0;0.0;0.0;51.0;46.24517;6.166931;0.0;2026-10-08T13:15:00+02:00;2026-10-08T14:10:32+02:00;21d835261d1e
2026-10-09;vengeron;ICONCH1;2026-10-09T08:00;6.1;8.0;7.0;12.3;0.0;39.0;39.0;0.0;0.0;39.0;46.24517;6.166931;0.0;2026-10-08T13:15:00+02:00;2026-10-08T14:10:32+02:00;21d835261d1e
2026-10-09;vengeron;ICONCH1;2026-10-09T09:00;6.0;7.8;13.0;12.7;0.0;52.0;52.0;0.0;0.0;52.0;46.24517;6.166931;0.0;2026-10-08T13:15:00+02:00;2026-10-08T14:10:32+02:00;21d835261d1e
2026-10-09;vengeron;ICONCH1;2026-10-09T10:00;9.0;11.5;34.0;13.2;0.0;63.0;63.0;0.0;0.0;63.0;46.24517;6.166931;0.0;2026-10-08T13:15:00+02:00;2026-10-08T14:10:32+02:00;21d835261d1e
2026-10-09;vengeron;ICONCH1;2026-10-09T11:00;10.9;14.6;49.0;13.5;0.0;70.0;70.0;0.0;0.0;70.0;46.24517;6.166931;0.0;2026-10-08T13:15:00+02:00;2026-10-08T14:10:32+02:00;21d835261d1e
2026-10-09;vengeron;ICONCH1;2026-10-09T12:00;9.7;14.2;53.0;13.9;0.0;39.0;39.0;0.0;0.0;39.0;46.24517;6.166931;0.0;2026-10-08T13:15:00+02:00;2026-10-08T14:10:32+02:00;21d835261d1e
2026-10-09;vengeron;ICONCH1;2026-10-09T13:00;5.9;12.6;46.0;14.3;0.0;49.0;49.0;0.0;0.0;49.0;46.24517;6.166931;0.0;2026-10-08T13:15:00+02:00;2026-10-08T14:10:32+02:00;21d835261d1e
2026-10-09;vengeron;ICONCH1;2026-10-09T14:00;5.3;7.8;28.0;14.7;0.0;26.0;26.0;0.0;0.0;26.0;46.24517;6.166931;0.0;2026-10-08T13:15:00+02:00;2026-10-08T14:10:32+02:00;21d835261d1e
2026-10-09;vengeron;ICONCH1;2026-10-09T15:00;5.3;7.0;28.0;15.2;0.0;16.0;16.0;0.0;0.0;16.0;46.24517;6.166931;0.0;2026-10-08T13:15:00+02:00;2026-10-08T14:10:32+02:00;21d835261d1e
2026-10-09;vengeron;ICONCH1;2026-10-09T16:00;5.4;7.0;30.0;15.7;0.0;12.0;12.0;0.0;0.0;12.0;46.24517;6.166931;0.0;2026-10-08T13:15:00+02:00;2026-10-08T14:10:32+02:00;21d835261d1e
2026-10-09;vengeron;ICONCH1;2026-10-09T17:00;4.9;7.4;29.0;16.1;0.0;55.0;39.0;30.0;0.0;55.0;46.24517;6.166931;0.0;2026-10-08T13:15:00+02:00;2026-10-08T14:10:32+02:00;21d835261d1e
2026-10-09;vengeron;ICONCH1;2026-10-09T18:00;3.5;6.4;9.0;16.2;0.0;63.0;39.0;44.0;0.0;63.0;46.24517;6.166931;0.0;2026-10-08T13:15:00+02:00;2026-10-08T14:10:32+02:00;21d835261d1e
2026-10-09;vengeron;ICONCH1;2026-10-09T19:00;8.8;11.3;317.0;14.9;0.0;100.0;16.0;66.0;100.0;100.0;46.24517;6.166931;0.0;2026-10-08T13:15:00+02:00;2026-10-08T14:10:32+02:00;21d835261d1e
2026-10-09;vengeron;ICONCH1;2026-10-09T20:00;6.2;12.2;319.0;14.1;0.0;98.0;0.0;71.0;92.0;98.0;46.24517;6.166931;0.0;2026-10-08T13:15:00+02:00;2026-10-08T14:10:32+02:00;21d835261d1e
2026-10-09;wwmeyzieu;AROMEHD;2026-10-09T01:00;10.1;17.7;340.0;11.5;0.0;;75.0;20.0;0.0;75.0;45.78;4.9799995;0.0;2026-10-08T13:15:00+02:00;2026-10-08T14:10:32+02:00;21d835261d1e
2026-10-09;wwmeyzieu;AROMEHD;2026-10-09T02:00;9.6;17.1;342.0;11.2;0.0;;0.0;0.0;0.0;0.0;45.78;4.9799995;0.0;2026-10-08T13:15:00+02:00;2026-10-08T14:10:32+02:00;21d835261d1e
2026-10-09;wwmeyzieu;AROMEHD;2026-10-09T03:00;9.0;15.7;342.0;10.7;0.0;;0.0;0.0;0.0;0.0;45.78;4.9799995;0.0;2026-10-08T13:15:00+02:00;2026-10-08T14:10:32+02:00;21d835261d1e
2026-10-09;wwmeyzieu;AROMEHD;2026-10-09T04:00;9.1;14.8;337.0;10.2;0.0;;0.0;0.0;0.0;0.0;45.78;4.9799995;0.0;2026-10-08T13:15:00+02:00;2026-10-08T14:10:32+02:00;21d835261d1e
2026-10-09;wwmeyzieu;AROMEHD;2026-10-09T05:00;9.3;15.4;340.0;10.0;0.0;;0.0;0.0;0.0;0.0;45.78;4.9799995;0.0;2026-10-08T13:15:00+02:00;2026-10-08T14:10:32+02:00;21d835261d1e
2026-10-09;wwmeyzieu;AROMEHD;2026-10-09T06:00;8.5;15.2;340.0;9.6;0.0;;0.0;0.0;0.0;0.0;45.78;4.9799995;0.0;2026-10-08T13:15:00+02:00;2026-10-08T14:10:32+02:00;21d835261d1e
2026-10-09;wwmeyzieu;AROMEHD;2026-10-09T07:00;7.6;13.8;342.0;9.2;0.0;;0.0;0.0;0.0;0.0;45.78;4.9799995;0.0;2026-10-08T13:15:00+02:00;2026-10-08T14:10:32+02:00;21d835261d1e
2026-10-09;wwmeyzieu;AROMEHD;2026-10-09T08:00;7.0;12.2;341.0;8.8;0.0;;0.0;0.0;0.0;0.0;45.78;4.9799995;0.0;2026-10-08T13:15:00+02:00;2026-10-08T14:10:32+02:00;21d835261d1e
2026-10-09;wwmeyzieu;AROMEHD;2026-10-09T09:00;5.8;11.7;346.0;9.2;0.0;;0.0;0.0;0.0;0.0;45.78;4.9799995;0.0;2026-10-08T13:15:00+02:00;2026-10-08T14:10:32+02:00;21d835261d1e
2026-10-09;wwmeyzieu;AROMEHD;2026-10-09T10:00;6.7;12.1;348.0;10.5;0.0;;0.0;0.0;0.0;0.0;45.78;4.9799995;0.0;2026-10-08T13:15:00+02:00;2026-10-08T14:10:32+02:00;21d835261d1e
2026-10-09;wwmeyzieu;AROMEHD;2026-10-09T11:00;8.4;14.4;345.0;11.9;0.0;;0.0;0.0;0.0;0.0;45.78;4.9799995;0.0;2026-10-08T13:15:00+02:00;2026-10-08T14:10:32+02:00;21d835261d1e
2026-10-09;wwmeyzieu;AROMEHD;2026-10-09T12:00;9.5;16.3;349.0;12.9;0.0;;23.0;0.0;0.0;23.0;45.78;4.9799995;0.0;2026-10-08T13:15:00+02:00;2026-10-08T14:10:32+02:00;21d835261d1e
2026-10-09;wwmeyzieu;AROMEHD;2026-10-09T13:00;9.7;16.7;350.0;13.6;0.0;;9.0;0.0;0.0;9.0;45.78;4.9799995;0.0;2026-10-08T13:15:00+02:00;2026-10-08T14:10:32+02:00;21d835261d1e
2026-10-09;wwmeyzieu;AROMEHD;2026-10-09T14:00;10.5;18.1;348.0;14.2;0.0;;0.0;0.0;0.0;0.0;45.78;4.9799995;0.0;2026-10-08T13:15:00+02:00;2026-10-08T14:10:32+02:00;21d835261d1e
2026-10-09;wwmeyzieu;AROMEHD;2026-10-09T15:00;9.0;17.7;354.0;14.7;0.0;;0.0;0.0;0.0;0.0;45.78;4.9799995;0.0;2026-10-08T13:15:00+02:00;2026-10-08T14:10:32+02:00;21d835261d1e
2026-10-09;wwmeyzieu;AROMEHD;2026-10-09T16:00;8.7;15.4;350.0;15.1;0.0;;0.0;20.0;14.0;20.0;45.78;4.9799995;0.0;2026-10-08T13:15:00+02:00;2026-10-08T14:10:32+02:00;21d835261d1e
2026-10-09;wwmeyzieu;AROMEHD;2026-10-09T17:00;8.2;15.0;355.0;15.1;0.0;;0.0;66.0;2.0;66.0;45.78;4.9799995;0.0;2026-10-08T13:15:00+02:00;2026-10-08T14:10:32+02:00;21d835261d1e
2026-10-09;wwmeyzieu;AROMEHD;2026-10-09T18:00;7.4;13.8;358.0;14.6;0.0;;0.0;100.0;100.0;100.0;45.78;4.9799995;0.0;2026-10-08T13:15:00+02:00;2026-10-08T14:10:32+02:00;21d835261d1e
2026-10-09;wwmeyzieu;AROMEHD;2026-10-09T19:00;5.7;12.1;6.0;14.0;0.0;;18.0;100.0;100.0;100.0;45.78;4.9799995;0.0;2026-10-08T13:15:00+02:00;2026-10-08T14:10:32+02:00;21d835261d1e
2026-10-09;wwmeyzieu;AROMEHD;2026-10-09T20:00;4.9;9.1;358.0;13.5;0.0;;100.0;100.0;100.0;100.0;45.78;4.9799995;0.0;2026-10-08T13:15:00+02:00;2026-10-08T14:10:32+02:00;21d835261d1e
2026-10-09;wwmeyzieu;AROMEHD;2026-10-09T21:00;4.3;7.4;352.0;13.2;0.0;;100.0;100.0;100.0;100.0;45.78;4.9799995;0.0;2026-10-08T13:15:00+02:00;2026-10-08T14:10:32+02:00;21d835261d1e
2026-10-09;wwmeyzieu;AROMEHD;2026-10-09T22:00;2.4;6.6;29.0;12.6;0.1;;100.0;100.0;100.0;100.0;45.78;4.9799995;0.0;2026-10-08T13:15:00+02:00;2026-10-08T14:10:32+02:00;21d835261d1e
2026-10-09;wwmeyzieu;AROMEHD;2026-10-09T23:00;1.4;3.7;90.0;12.3;0.0;;100.0;56.0;100.0;100.0;45.78;4.9799995;0.0;2026-10-08T13:15:00+02:00;2026-10-08T14:10:32+02:00;21d835261d1e
2026-10-09;wwmeyzieu;AROMEHD;2026-10-10T00:00;2.2;3.5;105.0;12.3;0.0;;100.0;0.0;100.0;100.0;45.78;4.9799995;0.0;2026-10-08T13:15:00+02:00;2026-10-08T14:10:32+02:00;21d835261d1e
2026-10-09;wwmeyzieu;ICONCH1;2026-10-09T01:00;10.0;19.6;343.0;11.0;0.0;5.0;0.0;5.0;0.0;5.0;45.787823;4.9783936;0.0;2026-10-08T13:15:00+02:00;2026-10-08T14:10:32+02:00;21d835261d1e
2026-10-09;wwmeyzieu;ICONCH1;2026-10-09T02:00;7.9;15.6;344.0;10.4;0.0;14.0;0.0;14.0;0.0;14.0;45.787823;4.9783936;0.0;2026-10-08T13:15:00+02:00;2026-10-08T14:10:32+02:00;21d835261d1e
2026-10-09;wwmeyzieu;ICONCH1;2026-10-09T03:00;8.1;12.8;343.0;10.0;0.0;42.0;0.0;42.0;0.0;42.0;45.787823;4.9783936;0.0;2026-10-08T13:15:00+02:00;2026-10-08T14:10:32+02:00;21d835261d1e
2026-10-09;wwmeyzieu;ICONCH1;2026-10-09T04:00;9.4;14.6;342.0;9.6;0.0;0.0;0.0;0.0;0.0;0.0;45.787823;4.9783936;0.0;2026-10-08T13:15:00+02:00;2026-10-08T14:10:32+02:00;21d835261d1e
2026-10-09;wwmeyzieu;ICONCH1;2026-10-09T05:00;8.5;14.6;344.0;9.3;0.0;13.0;0.0;13.0;0.0;13.0;45.787823;4.9783936;0.0;2026-10-08T13:15:00+02:00;2026-10-08T14:10:32+02:00;21d835261d1e
2026-10-09;wwmeyzieu;ICONCH1;2026-10-09T06:00;8.3;13.2;339.0;9.0;0.0;17.0;0.0;17.0;0.0;17.0;45.787823;4.9783936;0.0;2026-10-08T13:15:00+02:00;2026-10-08T14:10:32+02:00;21d835261d1e
2026-10-09;wwmeyzieu;ICONCH1;2026-10-09T07:00;7.1;13.0;339.0;8.8;0.0;0.0;0.0;0.0;0.0;0.0;45.787823;4.9783936;0.0;2026-10-08T13:15:00+02:00;2026-10-08T14:10:32+02:00;21d835261d1e
2026-10-09;wwmeyzieu;ICONCH1;2026-10-09T08:00;6.2;11.1;328.0;8.7;0.0;0.0;0.0;0.0;0.0;0.0;45.787823;4.9783936;0.0;2026-10-08T13:15:00+02:00;2026-10-08T14:10:32+02:00;21d835261d1e
2026-10-09;wwmeyzieu;ICONCH1;2026-10-09T09:00;5.8;9.7;334.0;9.1;0.0;0.0;0.0;0.0;0.0;0.0;45.787823;4.9783936;0.0;2026-10-08T13:15:00+02:00;2026-10-08T14:10:32+02:00;21d835261d1e
2026-10-09;wwmeyzieu;ICONCH1;2026-10-09T10:00;6.3;10.1;344.0;10.5;0.0;3.0;3.0;0.0;0.0;3.0;45.787823;4.9783936;0.0;2026-10-08T13:15:00+02:00;2026-10-08T14:10:32+02:00;21d835261d1e
2026-10-09;wwmeyzieu;ICONCH1;2026-10-09T11:00;10.4;16.3;347.0;12.0;0.0;10.0;10.0;0.0;0.0;10.0;45.787823;4.9783936;0.0;2026-10-08T13:15:00+02:00;2026-10-08T14:10:32+02:00;21d835261d1e
2026-10-09;wwmeyzieu;ICONCH1;2026-10-09T12:00;11.4;18.3;350.0;13.3;0.0;0.0;0.0;0.0;0.0;0.0;45.787823;4.9783936;0.0;2026-10-08T13:15:00+02:00;2026-10-08T14:10:32+02:00;21d835261d1e
2026-10-09;wwmeyzieu;ICONCH1;2026-10-09T13:00;11.0;18.5;352.0;14.1;0.0;3.0;3.0;0.0;0.0;3.0;45.787823;4.9783936;0.0;2026-10-08T13:15:00+02:00;2026-10-08T14:10:32+02:00;21d835261d1e
2026-10-09;wwmeyzieu;ICONCH1;2026-10-09T14:00;10.4;17.7;351.0;14.8;0.0;0.0;0.0;0.0;0.0;0.0;45.787823;4.9783936;0.0;2026-10-08T13:15:00+02:00;2026-10-08T14:10:32+02:00;21d835261d1e
2026-10-09;wwmeyzieu;ICONCH1;2026-10-09T15:00;10.2;16.7;355.0;15.2;0.0;0.0;0.0;0.0;0.0;0.0;45.787823;4.9783936;0.0;2026-10-08T13:15:00+02:00;2026-10-08T14:10:32+02:00;21d835261d1e
2026-10-09;wwmeyzieu;ICONCH1;2026-10-09T16:00;9.7;16.3;360.0;15.4;0.0;0.0;0.0;0.0;0.0;0.0;45.787823;4.9783936;0.0;2026-10-08T13:15:00+02:00;2026-10-08T14:10:32+02:00;21d835261d1e
2026-10-09;wwmeyzieu;ICONCH1;2026-10-09T17:00;8.8;15.4;4.0;15.5;0.0;47.0;0.0;47.0;2.0;47.0;45.787823;4.9783936;0.0;2026-10-08T13:15:00+02:00;2026-10-08T14:10:32+02:00;21d835261d1e
2026-10-09;wwmeyzieu;ICONCH1;2026-10-09T18:00;7.6;13.8;3.0;14.8;0.0;85.0;0.0;81.0;36.0;85.0;45.787823;4.9783936;0.0;2026-10-08T13:15:00+02:00;2026-10-08T14:10:32+02:00;21d835261d1e
2026-10-09;wwmeyzieu;ICONCH1;2026-10-09T19:00;5.5;11.9;6.0;13.7;0.0;81.0;0.0;75.0;33.0;81.0;45.787823;4.9783936;0.0;2026-10-08T13:15:00+02:00;2026-10-08T14:10:32+02:00;21d835261d1e
2026-10-09;wwmeyzieu;ICONCH1;2026-10-09T20:00;4.9;8.6;351.0;12.8;0.0;96.0;0.0;54.0;88.0;96.0;45.787823;4.9783936;0.0;2026-10-08T13:15:00+02:00;2026-10-08T14:10:32+02:00;21d835261d1e
