target_day;spot_key;model_key;valid_at;wind_speed_10m_kn;wind_gusts_10m_kn;wind_direction_10m_deg;temperature_2m_c;precipitation_mm;cloud_cover_pct;cloud_cover_low_pct;cloud_cover_mid_pct;cloud_cover_high_pct;cloud_cover_max_pct;grid_latitude;grid_longitude;grid_elevation_m;collecte_run_id;collecte_fetched_at;collecte_commit
2026-10-02;cap_des_seselets;AROMEHD;2026-10-02T01:00;1.2;4.3;360.0;18.2;0.0;;100.0;1.0;73.0;100.0;45.66;5.879999;0.0;2026-10-01T19:15:00+02:00;2026-10-01T21:39:41+02:00;bf4613c64f50
2026-10-02;cap_des_seselets;AROMEHD;2026-10-02T02:00;2.3;3.1;156.0;17.6;0.0;;100.0;0.0;85.0;100.0;45.66;5.879999;0.0;2026-10-01T19:15:00+02:00;2026-10-01T21:39:41+02:00;bf4613c64f50
2026-10-02;cap_des_seselets;AROMEHD;2026-10-02T03:00;1.0;2.5;101.0;17.6;0.0;;44.0;14.0;73.0;73.0;45.66;5.879999;0.0;2026-10-01T19:15:00+02:00;2026-10-01T21:39:41+02:00;bf4613c64f50
2026-10-02;cap_des_seselets;AROMEHD;2026-10-02T04:00;1.6;3.5;76.0;17.0;0.0;;19.0;3.0;100.0;100.0;45.66;5.879999;0.0;2026-10-01T19:15:00+02:00;2026-10-01T21:39:41+02:00;bf4613c64f50
2026-10-02;cap_des_seselets;AROMEHD;2026-10-02T05:00;6.3;8.0;7.0;17.9;0.0;;3.0;0.0;100.0;100.0;45.66;5.879999;0.0;2026-10-01T19:15:00+02:00;2026-10-01T21:39:41+02:00;bf4613c64f50
2026-10-02;cap_des_seselets;AROMEHD;2026-10-02T06:00;6.8;9.1;13.0;17.5;0.0;;0.0;0.0;100.0;100.0;45.66;5.879999;0.0;2026-10-01T19:15:00+02:00;2026-10-01T21:39:41+02:00;bf4613c64f50
2026-10-02;cap_des_seselets;AROMEHD;2026-10-02T07:00;5.7;8.7;31.0;17.1;0.0;;15.0;0.0;100.0;100.0;45.66;5.879999;0.0;2026-10-01T19:15:00+02:00;2026-10-01T21:39:41+02:00;bf4613c64f50
2026-10-02;cap_des_seselets;AROMEHD;2026-10-02T08:00;6.5;8.4;9.0;17.1;0.0;;0.0;0.0;100.0;100.0;45.66;5.879999;0.0;2026-10-01T19:15:00+02:00;2026-10-01T21:39:41+02:00;bf4613c64f50
2026-10-02;cap_des_seselets;AROMEHD;2026-10-02T09:00;4.2;8.4;34.0;16.9;0.0;;7.0;0.0;100.0;100.0;45.66;5.879999;0.0;2026-10-01T19:15:00+02:00;2026-10-01T21:39:41+02:00;bf4613c64f50
2026-10-02;cap_des_seselets;AROMEHD;2026-10-02T10:00;3.8;6.0;15.0;17.1;0.0;;7.0;0.0;100.0;100.0;45.66;5.879999;0.0;2026-10-01T19:15:00+02:00;2026-10-01T21:39:41+02:00;bf4613c64f50
2026-10-02;cap_des_seselets;AROMEHD;2026-10-02T11:00;1.3;5.4;27.0;17.2;0.0;;9.0;0.0;100.0;100.0;45.66;5.879999;0.0;2026-10-01T19:15:00+02:00;2026-10-01T21:39:41+02:00;bf4613c64f50
2026-10-02;cap_des_seselets;AROMEHD;2026-10-02T12:00;0.6;1.7;360.0;17.4;0.0;;9.0;0.0;100.0;100.0;45.66;5.879999;0.0;2026-10-01T19:15:00+02:00;2026-10-01T21:39:41+02:00;bf4613c64f50
2026-10-02;cap_des_seselets;AROMEHD;2026-10-02T13:00;1.4;1.9;45.0;18.4;0.0;;0.0;0.0;100.0;100.0;45.66;5.879999;0.0;2026-10-01T19:15:00+02:00;2026-10-01T21:39:41+02:00;bf4613c64f50
2026-10-02;cap_des_seselets;AROMEHD;2026-10-02T14:00;1.8;2.7;32.0;19.3;0.0;;0.0;0.0;75.0;75.0;45.66;5.879999;0.0;2026-10-01T19:15:00+02:00;2026-10-01T21:39:41+02:00;bf4613c64f50
2026-10-02;cap_des_seselets;AROMEHD;2026-10-02T15:00;3.0;4.1;27.0;20.0;0.0;;0.0;0.0;100.0;100.0;45.66;5.879999;0.0;2026-10-01T19:15:00+02:00;2026-10-01T21:39:41+02:00;bf4613c64f50
2026-10-02;cap_des_seselets;AROMEHD;2026-10-02T16:00;4.8;6.0;14.0;20.7;0.0;;0.0;0.0;1.0;1.0;45.66;5.879999;0.0;2026-10-01T19:15:00+02:00;2026-10-01T21:39:41+02:00;bf4613c64f50
2026-10-02;cap_des_seselets;AROMEHD;2026-10-02T17:00;5.2;6.6;15.0;21.0;0.0;;0.0;0.0;0.0;0.0;45.66;5.879999;0.0;2026-10-01T19:15:00+02:00;2026-10-01T21:39:41+02:00;bf4613c64f50
2026-10-02;cap_des_seselets;AROMEHD;2026-10-02T18:00;5.1;6.6;18.0;21.0;0.0;;0.0;0.0;17.0;17.0;45.66;5.879999;0.0;2026-10-01T19:15:00+02:00;2026-10-01T21:39:41+02:00;bf4613c64f50
2026-10-02;cap_des_seselets;AROMEHD;2026-10-02T19:00;5.5;7.0;18.0;21.0;0.0;;0.0;0.0;100.0;100.0;45.66;5.879999;0.0;2026-10-01T19:15:00+02:00;2026-10-01T21:39:41+02:00;bf4613c64f50
2026-10-02;cap_des_seselets;AROMEHD;2026-10-02T20:00;5.3;7.0;17.0;20.7;0.0;;0.0;0.0;100.0;100.0;45.66;5.879999;0.0;2026-10-01T19:15:00+02:00;2026-10-01T21:39:41+02:00;bf4613c64f50
2026-10-02;cap_des_seselets;AROMEHD;2026-10-02T21:00;5.6;7.2;14.0;20.4;0.0;;0.0;0.0;100.0;100.0;45.66;5.879999;0.0;2026-10-01T19:15:00+02:00;2026-10-01T21:39:41+02:00;bf4613c64f50
2026-10-02;cap_des_seselets;AROMEHD;2026-10-02T22:00;5.7;7.4;6.0;19.9;0.0;;0.0;0.0;100.0;100.0;45.66;5.879999;0.0;2026-10-01T19:15:00+02:00;2026-10-01T21:39:41+02:00;bf4613c64f50
2026-10-02;cap_des_seselets;AROMEHD;2026-10-02T23:00;4.9;7.0;2.0;19.4;0.0;;0.0;0.0;100.0;100.0;45.66;5.879999;0.0;2026-10-01T19:15:00+02:00;2026-10-01T21:39:41+02:00;bf4613c64f50
2026-10-02;cap_des_seselets;AROMEHD;2026-10-03T00:00;4.6;6.8;338.0;19.4;0.0;;0.0;0.0;100.0;100.0;45.66;5.879999;0.0;2026-10-01T19:15:00+02:00;2026-10-01T21:39:41+02:00;bf4613c64f50
2026-10-02;cap_des_seselets;ICONCH1;2026-10-02T01:00;2.5;8.7;58.0;18.9;0.0;97.0;71.0;73.0;51.0;97.0;45.66424;5.878174;0.0;2026-10-01T19:15:00+02:00;2026-10-01T21:39:41+02:00;bf4613c64f50
2026-10-02;cap_des_seselets;ICONCH1;2026-10-02T02:00;1.2;3.5;72.0;18.8;0.0;99.0;79.0;86.0;69.0;99.0;45.66424;5.878174;0.0;2026-10-01T19:15:00+02:00;2026-10-01T21:39:41+02:00;bf4613c64f50
2026-10-02;cap_des_seselets;ICONCH1;2026-10-02T03:00;1.7;2.3;69.0;18.6;0.0;100.0;66.0;73.0;94.0;100.0;45.66424;5.878174;0.0;2026-10-01T19:15:00+02:00;2026-10-01T21:39:41+02:00;bf4613c64f50
2026-10-02;cap_des_seselets;ICONCH1;2026-10-02T04:00;4.1;5.4;49.0;18.5;0.0;92.0;55.0;62.0;56.0;92.0;45.66424;5.878174;0.0;2026-10-01T19:15:00+02:00;2026-10-01T21:39:41+02:00;bf4613c64f50
2026-10-02;cap_des_seselets;ICONCH1;2026-10-02T05:00;5.7;7.4;41.0;18.4;0.0;96.0;53.0;83.0;29.0;96.0;45.66424;5.878174;0.0;2026-10-01T19:15:00+02:00;2026-10-01T21:39:41+02:00;bf4613c64f50
2026-10-02;cap_des_seselets;ICONCH1;2026-10-02T06:00;9.0;11.5;28.0;18.3;0.0;97.0;45.0;73.0;71.0;97.0;45.66424;5.878174;0.0;2026-10-01T19:15:00+02:00;2026-10-01T21:39:41+02:00;bf4613c64f50
2026-10-02;cap_des_seselets;ICONCH1;2026-10-02T07:00;8.4;11.7;22.0;18.2;0.0;96.0;39.0;47.0;89.0;96.0;45.66424;5.878174;0.0;2026-10-01T19:15:00+02:00;2026-10-01T21:39:41+02:00;bf4613c64f50
2026-10-02;cap_des_seselets;ICONCH1;2026-10-02T08:00;8.3;11.1;28.0;17.9;0.0;66.0;39.0;18.0;27.0;66.0;45.66424;5.878174;0.0;2026-10-01T19:15:00+02:00;2026-10-01T21:39:41+02:00;bf4613c64f50
2026-10-02;cap_des_seselets;ICONCH1;2026-10-02T09:00;7.2;10.7;41.0;17.5;0.0;56.0;48.0;0.0;22.0;56.0;45.66424;5.878174;0.0;2026-10-01T19:15:00+02:00;2026-10-01T21:39:41+02:00;bf4613c64f50
2026-10-02;cap_des_seselets;ICONCH1;2026-10-02T10:00;5.0;9.1;31.0;18.2;0.0;88.0;59.0;0.0;69.0;88.0;45.66424;5.878174;0.0;2026-10-01T19:15:00+02:00;2026-10-01T21:39:41+02:00;bf4613c64f50
2026-10-02;cap_des_seselets;ICONCH1;2026-10-02T11:00;4.1;6.6;3.0;18.7;0.0;69.0;65.0;0.0;33.0;69.0;45.66424;5.878174;0.0;2026-10-01T19:15:00+02:00;2026-10-01T21:39:41+02:00;bf4613c64f50
2026-10-02;cap_des_seselets;ICONCH1;2026-10-02T12:00;3.6;5.4;344.0;19.2;0.0;90.0;67.0;0.0;70.0;90.0;45.66424;5.878174;0.0;2026-10-01T19:15:00+02:00;2026-10-01T21:39:41+02:00;bf4613c64f50
2026-10-02;cap_des_seselets;ICONCH1;2026-10-02T13:00;3.9;5.2;340.0;20.0;0.0;88.0;50.0;5.0;65.0;88.0;45.66424;5.878174;0.0;2026-10-01T19:15:00+02:00;2026-10-01T21:39:41+02:00;bf4613c64f50
2026-10-02;cap_des_seselets;ICONCH1;2026-10-02T14:00;4.3;5.8;336.0;20.7;0.0;90.0;26.0;12.0;77.0;90.0;45.66424;5.878174;0.0;2026-10-01T19:15:00+02:00;2026-10-01T21:39:41+02:00;bf4613c64f50
2026-10-02;cap_des_seselets;ICONCH1;2026-10-02T15:00;5.0;6.4;334.0;21.3;0.0;93.0;15.0;0.0;85.0;93.0;45.66424;5.878174;0.0;2026-10-01T19:15:00+02:00;2026-10-01T21:39:41+02:00;bf4613c64f50
2026-10-02;cap_des_seselets;ICONCH1;2026-10-02T16:00;5.4;7.0;330.0;21.9;0.0;67.0;0.0;31.0;43.0;67.0;45.66424;5.878174;0.0;2026-10-01T19:15:00+02:00;2026-10-01T21:39:41+02:00;bf4613c64f50
2026-10-02;cap_des_seselets;ICONCH1;2026-10-02T17:00;6.0;7.8;324.0;22.2;0.0;100.0;0.0;45.0;99.0;100.0;45.66424;5.878174;0.0;2026-10-01T19:15:00+02:00;2026-10-01T21:39:41+02:00;bf4613c64f50
2026-10-02;cap_des_seselets;ICONCH1;2026-10-02T18:00;6.1;8.0;325.0;22.3;0.0;87.0;0.0;62.0;60.0;87.0;45.66424;5.878174;0.0;2026-10-01T19:15:00+02:00;2026-10-01T21:39:41+02:00;bf4613c64f50
2026-10-02;cap_des_seselets;ICONCH1;2026-10-02T19:00;5.5;8.0;328.0;22.4;0.0;100.0;0.0;49.0;100.0;100.0;45.66424;5.878174;0.0;2026-10-01T19:15:00+02:00;2026-10-01T21:39:41+02:00;bf4613c64f50
2026-10-02;cap_des_seselets;ICONCH1;2026-10-02T20:00;6.2;8.2;360.0;22.0;0.0;100.0;0.0;57.0;100.0;100.0;45.66424;5.878174;0.0;2026-10-01T19:15:00+02:00;2026-10-01T21:39:41+02:00;bf4613c64f50
2026-10-02;cap_des_seselets;ICONCH1;2026-10-02T21:00;6.4;8.7;35.0;20.9;0.0;92.0;0.0;48.0;79.0;92.0;45.66424;5.878174;0.0;2026-10-01T19:15:00+02:00;2026-10-01T21:39:41+02:00;bf4613c64f50
2026-10-02;cap_des_seselets;ICONCH1;2026-10-02T22:00;5.6;8.6;34.0;20.2;0.0;100.0;0.0;57.0;100.0;100.0;45.66424;5.878174;0.0;2026-10-01T19:15:00+02:00;2026-10-01T21:39:41+02:00;bf4613c64f50
2026-10-02;cap_des_seselets;ICONCH1;2026-10-02T23:00;3.4;7.2;16.0;19.8;0.0;100.0;0.0;66.0;100.0;100.0;45.66424;5.878174;0.0;2026-10-01T19:15:00+02:00;2026-10-01T21:39:41+02:00;bf4613c64f50
2026-10-02;excenevex;AROMEHD;2026-10-02T01:00;5.1;8.2;86.0;18.2;0.0;;99.0;0.0;100.0;100.0;46.35;6.369999;0.0;2026-10-01T19:15:00+02:00;2026-10-01T21:39:41+02:00;bf4613c64f50
2026-10-02;excenevex;AROMEHD;2026-10-02T02:00;5.5;7.4;72.0;18.1;0.0;;98.0;0.0;100.0;100.0;46.35;6.369999;0.0;2026-10-01T19:15:00+02:00;2026-10-01T21:39:41+02:00;bf4613c64f50
2026-10-02;excenevex;AROMEHD;2026-10-02T03:00;5.8;7.8;37.0;18.2;0.0;;100.0;0.0;84.0;100.0;46.35;6.369999;0.0;2026-10-01T19:15:00+02:00;2026-10-01T21:39:41+02:00;bf4613c64f50
2026-10-02;excenevex;AROMEHD;2026-10-02T04:00;10.5;13.2;35.0;18.1;0.0;;82.0;0.0;100.0;100.0;46.35;6.369999;0.0;2026-10-01T19:15:00+02:00;2026-10-01T21:39:41+02:00;bf4613c64f50
2026-10-02;excenevex;AROMEHD;2026-10-02T05:00;12.8;16.1;36.0;17.8;0.0;;28.0;0.0;100.0;100.0;46.35;6.369999;0.0;2026-10-01T19:15:00+02:00;2026-10-01T21:39:41+02:00;bf4613c64f50
2026-10-02;excenevex;AROMEHD;2026-10-02T06:00;15.3;19.0;29.0;17.8;0.0;;31.0;0.0;100.0;100.0;46.35;6.369999;0.0;2026-10-01T19:15:00+02:00;2026-10-01T21:39:41+02:00;bf4613c64f50
2026-10-02;excenevex;AROMEHD;2026-10-02T07:00;14.9;19.4;27.0;17.5;0.0;;100.0;0.0;100.0;100.0;46.35;6.369999;0.0;2026-10-01T19:15:00+02:00;2026-10-01T21:39:41+02:00;bf4613c64f50
2026-10-02;excenevex;AROMEHD;2026-10-02T08:00;15.3;19.0;30.0;17.6;0.0;;100.0;0.0;95.0;100.0;46.35;6.369999;0.0;2026-10-01T19:15:00+02:00;2026-10-01T21:39:41+02:00;bf4613c64f50
2026-10-02;excenevex;AROMEHD;2026-10-02T09:00;15.2;19.4;31.0;17.6;0.0;;100.0;0.0;70.0;100.0;46.35;6.369999;0.0;2026-10-01T19:15:00+02:00;2026-10-01T21:39:41+02:00;bf4613c64f50
2026-10-02;excenevex;AROMEHD;2026-10-02T10:00;13.6;19.0;34.0;17.6;0.0;;99.0;0.0;99.0;99.0;46.35;6.369999;0.0;2026-10-01T19:15:00+02:00;2026-10-01T21:39:41+02:00;bf4613c64f50
2026-10-02;excenevex;AROMEHD;2026-10-02T11:00;12.6;17.3;37.0;17.7;0.0;;93.0;0.0;97.0;97.0;46.35;6.369999;0.0;2026-10-01T19:15:00+02:00;2026-10-01T21:39:41+02:00;bf4613c64f50
2026-10-02;excenevex;AROMEHD;2026-10-02T12:00;10.3;16.1;29.0;18.2;0.0;;100.0;0.0;21.0;100.0;46.35;6.369999;0.0;2026-10-01T19:15:00+02:00;2026-10-01T21:39:41+02:00;bf4613c64f50
2026-10-02;excenevex;AROMEHD;2026-10-02T13:00;7.2;13.2;43.0;18.7;0.0;;100.0;0.0;7.0;100.0;46.35;6.369999;0.0;2026-10-01T19:15:00+02:00;2026-10-01T21:39:41+02:00;bf4613c64f50
2026-10-02;excenevex;AROMEHD;2026-10-02T14:00;3.0;9.1;40.0;18.7;0.0;;7.0;0.0;35.0;35.0;46.35;6.369999;0.0;2026-10-01T19:15:00+02:00;2026-10-01T21:39:41+02:00;bf4613c64f50
2026-10-02;excenevex;AROMEHD;2026-10-02T15:00;3.7;3.9;58.0;19.0;0.0;;3.0;0.0;85.0;85.0;46.35;6.369999;0.0;2026-10-01T19:15:00+02:00;2026-10-01T21:39:41+02:00;bf4613c64f50
2026-10-02;excenevex;AROMEHD;2026-10-02T16:00;3.9;4.5;57.0;19.5;0.0;;9.0;0.0;100.0;100.0;46.35;6.369999;0.0;2026-10-01T19:15:00+02:00;2026-10-01T21:39:41+02:00;bf4613c64f50
2026-10-02;excenevex;AROMEHD;2026-10-02T17:00;7.5;8.6;37.0;20.2;0.0;;13.0;0.0;100.0;100.0;46.35;6.369999;0.0;2026-10-01T19:15:00+02:00;2026-10-01T21:39:41+02:00;bf4613c64f50
2026-10-02;excenevex;AROMEHD;2026-10-02T18:00;8.8;10.3;31.0;20.3;0.0;;16.0;0.0;100.0;100.0;46.35;6.369999;0.0;2026-10-01T19:15:00+02:00;2026-10-01T21:39:41+02:00;bf4613c64f50
2026-10-02;excenevex;AROMEHD;2026-10-02T19:00;9.7;12.1;25.0;20.2;0.0;;7.0;0.0;100.0;100.0;46.35;6.369999;0.0;2026-10-01T19:15:00+02:00;2026-10-01T21:39:41+02:00;bf4613c64f50
2026-10-02;excenevex;AROMEHD;2026-10-02T20:00;11.6;14.0;20.0;19.9;0.0;;45.0;0.0;100.0;100.0;46.35;6.369999;0.0;2026-10-01T19:15:00+02:00;2026-10-01T21:39:41+02:00;bf4613c64f50
2026-10-02;excenevex;AROMEHD;2026-10-02T21:00;11.3;14.0;19.0;19.6;0.0;;21.0;0.0;100.0;100.0;46.35;6.369999;0.0;2026-10-01T19:15:00+02:00;2026-10-01T21:39:41+02:00;bf4613c64f50
2026-10-02;excenevex;AROMEHD;2026-10-02T22:00;10.8;13.8;26.0;19.4;0.0;;3.0;0.0;100.0;100.0;46.35;6.369999;0.0;2026-10-01T19:15:00+02:00;2026-10-01T21:39:41+02:00;bf4613c64f50
2026-10-02;excenevex;AROMEHD;2026-10-02T23:00;9.5;13.2;35.0;19.3;0.0;;1.0;0.0;100.0;100.0;46.35;6.369999;0.0;2026-10-01T19:15:00+02:00;2026-10-01T21:39:41+02:00;bf4613c64f50
2026-10-02;excenevex;AROMEHD;2026-10-03T00:00;9.3;12.2;37.0;19.0;0.0;;11.0;0.0;100.0;100.0;46.35;6.369999;0.0;2026-10-01T19:15:00+02:00;2026-10-01T21:39:41+02:00;bf4613c64f50
2026-10-02;excenevex;ICONCH1;2026-10-02T01:00;4.5;6.4;108.0;18.1;0.0;99.0;98.0;77.0;2.0;99.0;46.351723;6.3624268;0.0;2026-10-01T19:15:00+02:00;2026-10-01T21:39:41+02:00;bf4613c64f50
2026-10-02;excenevex;ICONCH1;2026-10-02T02:00;5.8;8.4;78.0;18.5;0.0;100.0;100.0;88.0;8.0;100.0;46.351723;6.3624268;0.0;2026-10-01T19:15:00+02:00;2026-10-01T21:39:41+02:00;bf4613c64f50
2026-10-02;excenevex;ICONCH1;2026-10-02T03:00;4.3;8.6;342.0;18.1;0.0;95.0;76.0;81.0;10.0;95.0;46.351723;6.3624268;0.0;2026-10-01T19:15:00+02:00;2026-10-01T21:39:41+02:00;bf4613c64f50
2026-10-02;excenevex;ICONCH1;2026-10-02T04:00;2.4;6.2;14.0;18.1;0.0;87.0;75.0;50.0;3.0;87.0;46.351723;6.3624268;0.0;2026-10-01T19:15:00+02:00;2026-10-01T21:39:41+02:00;bf4613c64f50
2026-10-02;excenevex;ICONCH1;2026-10-02T05:00;7.3;10.3;37.0;18.2;0.0;89.0;61.0;50.0;38.0;89.0;46.351723;6.3624268;0.0;2026-10-01T19:15:00+02:00;2026-10-01T21:39:41+02:00;bf4613c64f50
2026-10-02;excenevex;ICONCH1;2026-10-02T06:00;9.3;13.0;23.0;17.8;0.0;94.0;69.0;75.0;27.0;94.0;46.351723;6.3624268;0.0;2026-10-01T19:15:00+02:00;2026-10-01T21:39:41+02:00;bf4613c64f50
2026-10-02;excenevex;ICONCH1;2026-10-02T07:00;9.6;15.4;27.0;17.7;0.0;93.0;60.0;62.0;50.0;93.0;46.351723;6.3624268;0.0;2026-10-01T19:15:00+02:00;2026-10-01T21:39:41+02:00;bf4613c64f50
2026-10-02;excenevex;ICONCH1;2026-10-02T08:00;11.7;16.5;26.0;17.7;0.0;96.0;77.0;58.0;67.0;96.0;46.351723;6.3624268;0.0;2026-10-01T19:15:00+02:00;2026-10-01T21:39:41+02:00;bf4613c64f50
2026-10-02;excenevex;ICONCH1;2026-10-02T09:00;12.2;19.2;27.0;17.7;0.0;95.0;72.0;42.0;69.0;95.0;46.351723;6.3624268;0.0;2026-10-01T19:15:00+02:00;2026-10-01T21:39:41+02:00;bf4613c64f50
2026-10-02;excenevex;ICONCH1;2026-10-02T10:00;13.3;19.0;34.0;17.9;0.0;91.0;49.0;0.0;75.0;91.0;46.351723;6.3624268;0.0;2026-10-01T19:15:00+02:00;2026-10-01T21:39:41+02:00;bf4613c64f50
2026-10-02;excenevex;ICONCH1;2026-10-02T11:00;10.9;19.0;40.0;18.2;0.0;90.0;60.0;0.0;69.0;90.0;46.351723;6.3624268;0.0;2026-10-01T19:15:00+02:00;2026-10-01T21:39:41+02:00;bf4613c64f50
2026-10-02;excenevex;ICONCH1;2026-10-02T12:00;10.4;15.6;38.0;18.6;0.0;96.0;78.0;0.0;84.0;96.0;46.351723;6.3624268;0.0;2026-10-01T19:15:00+02:00;2026-10-01T21:39:41+02:00;bf4613c64f50
2026-10-02;excenevex;ICONCH1;2026-10-02T13:00;8.8;14.8;41.0;19.1;0.0;91.0;82.0;0.0;72.0;91.0;46.351723;6.3624268;0.0;2026-10-01T19:15:00+02:00;2026-10-01T21:39:41+02:00;bf4613c64f50
2026-10-02;excenevex;ICONCH1;2026-10-02T14:00;7.3;12.6;44.0;19.6;0.0;99.0;72.0;0.0;98.0;99.0;46.351723;6.3624268;0.0;2026-10-01T19:15:00+02:00;2026-10-01T21:39:41+02:00;bf4613c64f50
2026-10-02;excenevex;ICONCH1;2026-10-02T15:00;6.4;10.3;52.0;20.0;0.0;15.0;14.0;0.0;3.0;15.0;46.351723;6.3624268;0.0;2026-10-01T19:15:00+02:00;2026-10-01T21:39:41+02:00;bf4613c64f50
2026-10-02;excenevex;ICONCH1;2026-10-02T16:00;5.8;9.1;50.0;20.4;0.0;26.0;8.0;0.0;19.0;26.0;46.351723;6.3624268;0.0;2026-10-01T19:15:00+02:00;2026-10-01T21:39:41+02:00;bf4613c64f50
2026-10-02;excenevex;ICONCH1;2026-10-02T17:00;5.5;8.7;48.0;20.6;0.0;90.0;12.0;0.0;83.0;90.0;46.351723;6.3624268;0.0;2026-10-01T19:15:00+02:00;2026-10-01T21:39:41+02:00;bf4613c64f50
2026-10-02;excenevex;ICONCH1;2026-10-02T18:00;6.9;9.7;32.0;20.9;0.0;68.0;30.0;32.0;28.0;68.0;46.351723;6.3624268;0.0;2026-10-01T19:15:00+02:00;2026-10-01T21:39:41+02:00;bf4613c64f50
2026-10-02;excenevex;ICONCH1;2026-10-02T19:00;9.2;13.0;22.0;20.7;0.0;100.0;49.0;40.0;100.0;100.0;46.351723;6.3624268;0.0;2026-10-01T19:15:00+02:00;2026-10-01T21:39:41+02:00;bf4613c64f50
2026-10-02;excenevex;ICONCH1;2026-10-02T20:00;11.3;15.7;15.0;19.9;0.0;100.0;57.0;0.0;100.0;100.0;46.351723;6.3624268;0.0;2026-10-01T19:15:00+02:00;2026-10-01T21:39:41+02:00;bf4613c64f50
2026-10-02;excenevex;ICONCH1;2026-10-02T21:00;11.2;16.1;20.0;19.5;0.0;96.0;64.0;59.0;71.0;96.0;46.351723;6.3624268;0.0;2026-10-01T19:15:00+02:00;2026-10-01T21:39:41+02:00;bf4613c64f50
2026-10-02;excenevex;ICONCH1;2026-10-02T22:00;10.6;15.7;24.0;19.2;0.0;100.0;77.0;50.0;100.0;100.0;46.351723;6.3624268;0.0;2026-10-01T19:15:00+02:00;2026-10-01T21:39:41+02:00;bf4613c64f50
2026-10-02;excenevex;ICONCH1;2026-10-02T23:00;10.6;15.4;26.0;19.0;0.0;98.0;69.0;44.0;81.0;98.0;46.351723;6.3624268;0.0;2026-10-01T19:15:00+02:00;2026-10-01T21:39:41+02:00;bf4613c64f50
2026-10-02;hermance;AROMEHD;2026-10-02T01:00;4.3;5.1;333.0;17.4;0.0;;93.0;0.0;98.0;98.0;46.309998;6.24;0.0;2026-10-01T19:15:00+02:00;2026-10-01T21:39:41+02:00;bf4613c64f50
2026-10-02;hermance;AROMEHD;2026-10-02T02:00;3.8;6.4;21.0;17.7;0.0;;67.0;1.0;96.0;96.0;46.309998;6.24;0.0;2026-10-01T19:15:00+02:00;2026-10-01T21:39:41+02:00;bf4613c64f50
2026-10-02;hermance;AROMEHD;2026-10-02T03:00;4.2;5.4;338.0;17.4;0.0;;51.0;1.0;19.0;51.0;46.309998;6.24;0.0;2026-10-01T19:15:00+02:00;2026-10-01T21:39:41+02:00;bf4613c64f50
2026-10-02;hermance;AROMEHD;2026-10-02T04:00;3.6;5.2;29.0;17.4;0.0;;65.0;0.0;100.0;100.0;46.309998;6.24;0.0;2026-10-01T19:15:00+02:00;2026-10-01T21:39:41+02:00;bf4613c64f50
2026-10-02;hermance;AROMEHD;2026-10-02T05:00;6.1;8.6;63.0;17.2;0.0;;15.0;0.0;100.0;100.0;46.309998;6.24;0.0;2026-10-01T19:15:00+02:00;2026-10-01T21:39:41+02:00;bf4613c64f50
2026-10-02;hermance;AROMEHD;2026-10-02T06:00;8.0;11.3;34.0;17.7;0.0;;0.0;0.0;100.0;100.0;46.309998;6.24;0.0;2026-10-01T19:15:00+02:00;2026-10-01T21:39:41+02:00;bf4613c64f50
2026-10-02;hermance;AROMEHD;2026-10-02T07:00;12.1;16.7;45.0;17.6;0.0;;100.0;0.0;100.0;100.0;46.309998;6.24;0.0;2026-10-01T19:15:00+02:00;2026-10-01T21:39:41+02:00;bf4613c64f50
2026-10-02;hermance;AROMEHD;2026-10-02T08:00;12.7;17.1;34.0;17.7;0.0;;100.0;0.0;100.0;100.0;46.309998;6.24;0.0;2026-10-01T19:15:00+02:00;2026-10-01T21:39:41+02:00;bf4613c64f50
2026-10-02;hermance;AROMEHD;2026-10-02T09:00;11.2;16.9;40.0;17.7;0.0;;100.0;0.0;97.0;100.0;46.309998;6.24;0.0;2026-10-01T19:15:00+02:00;2026-10-01T21:39:41+02:00;bf4613c64f50
2026-10-02;hermance;AROMEHD;2026-10-02T10:00;10.6;15.6;49.0;17.8;0.0;;100.0;0.0;97.0;100.0;46.309998;6.24;0.0;2026-10-01T19:15:00+02:00;2026-10-01T21:39:41+02:00;bf4613c64f50
2026-10-02;hermance;AROMEHD;2026-10-02T11:00;10.2;14.6;51.0;18.0;0.0;;68.0;0.0;58.0;68.0;46.309998;6.24;0.0;2026-10-01T19:15:00+02:00;2026-10-01T21:39:41+02:00;bf4613c64f50
2026-10-02;hermance;AROMEHD;2026-10-02T12:00;9.2;14.2;46.0;18.3;0.0;;90.0;0.0;20.0;90.0;46.309998;6.24;0.0;2026-10-01T19:15:00+02:00;2026-10-01T21:39:41+02:00;bf4613c64f50
2026-10-02;hermance;AROMEHD;2026-10-02T13:00;7.4;13.0;41.0;18.8;0.0;;52.0;0.0;4.0;52.0;46.309998;6.24;0.0;2026-10-01T19:15:00+02:00;2026-10-01T21:39:41+02:00;bf4613c64f50
2026-10-02;hermance;AROMEHD;2026-10-02T14:00;7.3;10.7;32.0;19.3;0.0;;49.0;0.0;73.0;73.0;46.309998;6.24;0.0;2026-10-01T19:15:00+02:00;2026-10-01T21:39:41+02:00;bf4613c64f50
2026-10-02;hermance;AROMEHD;2026-10-02T15:00;7.7;11.1;30.0;19.8;0.0;;7.0;0.0;57.0;57.0;46.309998;6.24;0.0;2026-10-01T19:15:00+02:00;2026-10-01T21:39:41+02:00;bf4613c64f50
2026-10-02;hermance;AROMEHD;2026-10-02T16:00;7.0;10.9;39.0;20.2;0.0;;3.0;0.0;100.0;100.0;46.309998;6.24;0.0;2026-10-01T19:15:00+02:00;2026-10-01T21:39:41+02:00;bf4613c64f50
2026-10-02;hermance;AROMEHD;2026-10-02T17:00;7.2;10.3;43.0;20.6;0.0;;0.0;0.0;100.0;100.0;46.309998;6.24;0.0;2026-10-01T19:15:00+02:00;2026-10-01T21:39:41+02:00;bf4613c64f50
2026-10-02;hermance;AROMEHD;2026-10-02T18:00;8.0;10.7;43.0;20.6;0.0;;1.0;0.0;100.0;100.0;46.309998;6.24;0.0;2026-10-01T19:15:00+02:00;2026-10-01T21:39:41+02:00;bf4613c64f50
2026-10-02;hermance;AROMEHD;2026-10-02T19:00;8.0;10.7;43.0;20.3;0.0;;9.0;0.0;100.0;100.0;46.309998;6.24;0.0;2026-10-01T19:15:00+02:00;2026-10-01T21:39:41+02:00;bf4613c64f50
2026-10-02;hermance;AROMEHD;2026-10-02T20:00;7.2;10.3;27.0;19.9;0.0;;9.0;0.0;100.0;100.0;46.309998;6.24;0.0;2026-10-01T19:15:00+02:00;2026-10-01T21:39:41+02:00;bf4613c64f50
2026-10-02;hermance;AROMEHD;2026-10-02T21:00;8.1;10.9;33.0;19.6;0.0;;15.0;0.0;100.0;100.0;46.309998;6.24;0.0;2026-10-01T19:15:00+02:00;2026-10-01T21:39:41+02:00;bf4613c64f50
2026-10-02;hermance;AROMEHD;2026-10-02T22:00;6.7;10.5;44.0;19.4;0.0;;4.0;0.0;100.0;100.0;46.309998;6.24;0.0;2026-10-01T19:15:00+02:00;2026-10-01T21:39:41+02:00;bf4613c64f50
2026-10-02;hermance;AROMEHD;2026-10-02T23:00;5.7;8.7;59.0;18.8;0.0;;1.0;0.0;100.0;100.0;46.309998;6.24;0.0;2026-10-01T19:15:00+02:00;2026-10-01T21:39:41+02:00;bf4613c64f50
2026-10-02;hermance;AROMEHD;2026-10-03T00:00;5.1;7.2;90.0;17.5;0.0;;6.0;0.0;100.0;100.0;46.309998;6.24;0.0;2026-10-01T19:15:00+02:00;2026-10-01T21:39:41+02:00;bf4613c64f50
2026-10-02;hermance;ICONCH1;2026-10-02T01:00;3.7;6.0;28.0;18.4;0.0;93.0;78.0;82.0;3.0;93.0;46.30753;6.2349854;0.0;2026-10-01T19:15:00+02:00;2026-10-01T21:39:41+02:00;bf4613c64f50
2026-10-02;hermance;ICONCH1;2026-10-02T02:00;3.2;5.1;65.0;17.9;0.0;93.0;77.0;65.0;5.0;93.0;46.30753;6.2349854;0.0;2026-10-01T19:15:00+02:00;2026-10-01T21:39:41+02:00;bf4613c64f50
2026-10-02;hermance;ICONCH1;2026-10-02T03:00;1.9;4.5;45.0;17.6;0.0;89.0;78.0;67.0;7.0;89.0;46.30753;6.2349854;0.0;2026-10-01T19:15:00+02:00;2026-10-01T21:39:41+02:00;bf4613c64f50
2026-10-02;hermance;ICONCH1;2026-10-02T04:00;2.5;3.7;72.0;17.1;0.0;88.0;72.0;57.0;5.0;88.0;46.30753;6.2349854;0.0;2026-10-01T19:15:00+02:00;2026-10-01T21:39:41+02:00;bf4613c64f50
2026-10-02;hermance;ICONCH1;2026-10-02T05:00;2.4;3.7;29.0;17.3;0.0;93.0;60.0;69.0;34.0;93.0;46.30753;6.2349854;0.0;2026-10-01T19:15:00+02:00;2026-10-01T21:39:41+02:00;bf4613c64f50
2026-10-02;hermance;ICONCH1;2026-10-02T06:00;1.7;3.3;36.0;17.1;0.0;97.0;68.0;81.0;30.0;97.0;46.30753;6.2349854;0.0;2026-10-01T19:15:00+02:00;2026-10-01T21:39:41+02:00;bf4613c64f50
2026-10-02;hermance;ICONCH1;2026-10-02T07:00;2.2;3.1;52.0;17.0;0.0;91.0;57.0;55.0;48.0;91.0;46.30753;6.2349854;0.0;2026-10-01T19:15:00+02:00;2026-10-01T21:39:41+02:00;bf4613c64f50
2026-10-02;hermance;ICONCH1;2026-10-02T08:00;3.3;4.3;69.0;16.6;0.0;95.0;62.0;61.0;59.0;95.0;46.30753;6.2349854;0.0;2026-10-01T19:15:00+02:00;2026-10-01T21:39:41+02:00;bf4613c64f50
2026-10-02;hermance;ICONCH1;2026-10-02T09:00;5.9;7.6;27.0;17.9;0.0;95.0;68.0;37.0;74.0;95.0;46.30753;6.2349854;0.0;2026-10-01T19:15:00+02:00;2026-10-01T21:39:41+02:00;bf4613c64f50
2026-10-02;hermance;ICONCH1;2026-10-02T10:00;10.2;13.2;47.0;18.2;0.0;95.0;63.0;5.0;81.0;95.0;46.30753;6.2349854;0.0;2026-10-01T19:15:00+02:00;2026-10-01T21:39:41+02:00;bf4613c64f50
2026-10-02;hermance;ICONCH1;2026-10-02T11:00;10.6;14.6;46.0;18.5;0.0;88.0;62.0;0.0;65.0;88.0;46.30753;6.2349854;0.0;2026-10-01T19:15:00+02:00;2026-10-01T21:39:41+02:00;bf4613c64f50
2026-10-02;hermance;ICONCH1;2026-10-02T12:00;10.2;13.8;43.0;18.8;0.0;100.0;75.0;0.0;100.0;100.0;46.30753;6.2349854;0.0;2026-10-01T19:15:00+02:00;2026-10-01T21:39:41+02:00;bf4613c64f50
2026-10-02;hermance;ICONCH1;2026-10-02T13:00;8.7;13.2;44.0;19.3;0.0;89.0;81.0;0.0;69.0;89.0;46.30753;6.2349854;0.0;2026-10-01T19:15:00+02:00;2026-10-01T21:39:41+02:00;bf4613c64f50
2026-10-02;hermance;ICONCH1;2026-10-02T14:00;7.6;11.5;38.0;19.8;0.0;67.0;60.0;0.0;27.0;67.0;46.30753;6.2349854;0.0;2026-10-01T19:15:00+02:00;2026-10-01T21:39:41+02:00;bf4613c64f50
2026-10-02;hermance;ICONCH1;2026-10-02T15:00;6.6;9.7;32.0;20.2;0.0;46.0;46.0;0.0;3.0;46.0;46.30753;6.2349854;0.0;2026-10-01T19:15:00+02:00;2026-10-01T21:39:41+02:00;bf4613c64f50
2026-10-02;hermance;ICONCH1;2026-10-02T16:00;6.6;8.6;43.0;20.7;0.0;33.0;12.0;0.0;23.0;33.0;46.30753;6.2349854;0.0;2026-10-01T19:15:00+02:00;2026-10-01T21:39:41+02:00;bf4613c64f50
2026-10-02;hermance;ICONCH1;2026-10-02T17:00;6.6;8.7;45.0;21.0;0.0;20.0;9.0;0.0;12.0;20.0;46.30753;6.2349854;0.0;2026-10-01T19:15:00+02:00;2026-10-01T21:39:41+02:00;bf4613c64f50
2026-10-02;hermance;ICONCH1;2026-10-02T18:00;6.7;8.6;46.0;21.0;0.0;92.0;0.0;7.0;87.0;92.0;46.30753;6.2349854;0.0;2026-10-01T19:15:00+02:00;2026-10-01T21:39:41+02:00;bf4613c64f50
2026-10-02;hermance;ICONCH1;2026-10-02T19:00;7.9;10.1;40.0;20.8;0.0;100.0;34.0;32.0;100.0;100.0;46.30753;6.2349854;0.0;2026-10-01T19:15:00+02:00;2026-10-01T21:39:41+02:00;bf4613c64f50
2026-10-02;hermance;ICONCH1;2026-10-02T20:00;9.3;12.2;29.0;20.1;0.0;87.0;42.0;37.0;60.0;87.0;46.30753;6.2349854;0.0;2026-10-01T19:15:00+02:00;2026-10-01T21:39:41+02:00;bf4613c64f50
2026-10-02;hermance;ICONCH1;2026-10-02T21:00;8.4;12.2;26.0;19.7;0.0;100.0;69.0;35.0;99.0;100.0;46.30753;6.2349854;0.0;2026-10-01T19:15:00+02:00;2026-10-01T21:39:41+02:00;bf4613c64f50
2026-10-02;hermance;ICONCH1;2026-10-02T22:00;6.1;10.9;50.0;19.2;0.0;100.0;74.0;0.0;100.0;100.0;46.30753;6.2349854;0.0;2026-10-01T19:15:00+02:00;2026-10-01T21:39:41+02:00;bf4613c64f50
2026-10-02;hermance;ICONCH1;2026-10-02T23:00;5.9;8.2;67.0;18.5;0.0;100.0;58.0;0.0;100.0;100.0;46.30753;6.2349854;0.0;2026-10-01T19:15:00+02:00;2026-10-01T21:39:41+02:00;bf4613c64f50
2026-10-02;loire_sur_rhone;AROMEHD;2026-10-02T01:00;3.6;8.4;315.0;17.1;0.0;;0.0;82.0;22.0;82.0;45.559998;4.8199997;170.0;2026-10-01T19:15:00+02:00;2026-10-01T21:39:41+02:00;bf4613c64f50
2026-10-02;loire_sur_rhone;AROMEHD;2026-10-02T02:00;3.9;7.4;319.0;16.8;0.0;;0.0;0.0;37.0;37.0;45.559998;4.8199997;170.0;2026-10-01T19:15:00+02:00;2026-10-01T21:39:41+02:00;bf4613c64f50
2026-10-02;loire_sur_rhone;AROMEHD;2026-10-02T03:00;3.9;7.2;323.0;16.6;0.0;;32.0;0.0;99.0;99.0;45.559998;4.8199997;170.0;2026-10-01T19:15:00+02:00;2026-10-01T21:39:41+02:00;bf4613c64f50
2026-10-02;loire_sur_rhone;AROMEHD;2026-10-02T04:00;4.7;8.9;312.0;16.5;0.0;;2.0;0.0;100.0;100.0;45.559998;4.8199997;170.0;2026-10-01T19:15:00+02:00;2026-10-01T21:39:41+02:00;bf4613c64f50
2026-10-02;loire_sur_rhone;AROMEHD;2026-10-02T05:00;3.9;8.9;323.0;16.2;0.0;;1.0;0.0;100.0;100.0;45.559998;4.8199997;170.0;2026-10-01T19:15:00+02:00;2026-10-01T21:39:41+02:00;bf4613c64f50
2026-10-02;loire_sur_rhone;AROMEHD;2026-10-02T06:00;3.9;7.4;323.0;15.9;0.0;;50.0;0.0;100.0;100.0;45.559998;4.8199997;170.0;2026-10-01T19:15:00+02:00;2026-10-01T21:39:41+02:00;bf4613c64f50
2026-10-02;loire_sur_rhone;AROMEHD;2026-10-02T07:00;3.7;7.4;328.0;15.9;0.0;;98.0;0.0;100.0;100.0;45.559998;4.8199997;170.0;2026-10-01T19:15:00+02:00;2026-10-01T21:39:41+02:00;bf4613c64f50
2026-10-02;loire_sur_rhone;AROMEHD;2026-10-02T08:00;3.7;8.2;342.0;16.0;0.0;;99.0;0.0;100.0;100.0;45.559998;4.8199997;170.0;2026-10-01T19:15:00+02:00;2026-10-01T21:39:41+02:00;bf4613c64f50
2026-10-02;loire_sur_rhone;AROMEHD;2026-10-02T09:00;2.2;7.4;15.0;15.7;0.0;;67.0;0.0;100.0;100.0;45.559998;4.8199997;170.0;2026-10-01T19:15:00+02:00;2026-10-01T21:39:41+02:00;bf4613c64f50
2026-10-02;loire_sur_rhone;AROMEHD;2026-10-02T10:00;2.7;6.4;352.0;16.7;0.0;;15.0;0.0;82.0;82.0;45.559998;4.8199997;170.0;2026-10-01T19:15:00+02:00;2026-10-01T21:39:41+02:00;bf4613c64f50
2026-10-02;loire_sur_rhone;AROMEHD;2026-10-02T11:00;3.7;8.4;357.0;17.9;0.0;;15.0;0.0;100.0;100.0;45.559998;4.8199997;170.0;2026-10-01T19:15:00+02:00;2026-10-01T21:39:41+02:00;bf4613c64f50
2026-10-02;loire_sur_rhone;AROMEHD;2026-10-02T12:00;4.4;9.7;13.0;18.6;0.0;;14.0;0.0;100.0;100.0;45.559998;4.8199997;170.0;2026-10-01T19:15:00+02:00;2026-10-01T21:39:41+02:00;bf4613c64f50
2026-10-02;loire_sur_rhone;AROMEHD;2026-10-02T13:00;4.3;10.1;8.0;19.5;0.0;;9.0;0.0;99.0;99.0;45.559998;4.8199997;170.0;2026-10-01T19:15:00+02:00;2026-10-01T21:39:41+02:00;bf4613c64f50
2026-10-02;loire_sur_rhone;AROMEHD;2026-10-02T14:00;4.7;10.9;7.0;20.3;0.0;;0.0;0.0;84.0;84.0;45.559998;4.8199997;170.0;2026-10-01T19:15:00+02:00;2026-10-01T21:39:41+02:00;bf4613c64f50
2026-10-02;loire_sur_rhone;AROMEHD;2026-10-02T15:00;4.6;11.1;12.0;21.1;0.0;;0.0;0.0;10.0;10.0;45.559998;4.8199997;170.0;2026-10-01T19:15:00+02:00;2026-10-01T21:39:41+02:00;bf4613c64f50
2026-10-02;loire_sur_rhone;AROMEHD;2026-10-02T16:00;3.9;10.3;18.0;21.7;0.0;;0.0;0.0;49.0;49.0;45.559998;4.8199997;170.0;2026-10-01T19:15:00+02:00;2026-10-01T21:39:41+02:00;bf4613c64f50
2026-10-02;loire_sur_rhone;AROMEHD;2026-10-02T17:00;3.7;9.3;32.0;22.0;0.0;;0.0;0.0;1.0;1.0;45.559998;4.8199997;170.0;2026-10-01T19:15:00+02:00;2026-10-01T21:39:41+02:00;bf4613c64f50
2026-10-02;loire_sur_rhone;AROMEHD;2026-10-02T18:00;2.8;8.2;39.0;21.8;0.0;;0.0;0.0;100.0;100.0;45.559998;4.8199997;170.0;2026-10-01T19:15:00+02:00;2026-10-01T21:39:41+02:00;bf4613c64f50
2026-10-02;loire_sur_rhone;AROMEHD;2026-10-02T19:00;1.6;6.2;45.0;21.0;0.0;;0.0;0.0;100.0;100.0;45.559998;4.8199997;170.0;2026-10-01T19:15:00+02:00;2026-10-01T21:39:41+02:00;bf4613c64f50
2026-10-02;loire_sur_rhone;AROMEHD;2026-10-02T20:00;1.8;3.3;96.0;19.6;0.0;;0.0;0.0;100.0;100.0;45.559998;4.8199997;170.0;2026-10-01T19:15:00+02:00;2026-10-01T21:39:41+02:00;bf4613c64f50
2026-10-02;loire_sur_rhone;AROMEHD;2026-10-02T21:00;0.4;2.5;180.0;18.5;0.0;;0.0;0.0;100.0;100.0;45.559998;4.8199997;170.0;2026-10-01T19:15:00+02:00;2026-10-01T21:39:41+02:00;bf4613c64f50
2026-10-02;loire_sur_rhone;AROMEHD;2026-10-02T22:00;0.8;0.6;180.0;17.8;0.0;;0.0;0.0;100.0;100.0;45.559998;4.8199997;170.0;2026-10-01T19:15:00+02:00;2026-10-01T21:39:41+02:00;bf4613c64f50
2026-10-02;loire_sur_rhone;AROMEHD;2026-10-02T23:00;0.3;1.0;225.0;17.4;0.0;;0.0;11.0;100.0;100.0;45.559998;4.8199997;170.0;2026-10-01T19:15:00+02:00;2026-10-01T21:39:41+02:00;bf4613c64f50
2026-10-02;loire_sur_rhone;AROMEHD;2026-10-03T00:00;0.8;1.2;135.0;17.2;0.0;;1.0;20.0;100.0;100.0;45.559998;4.8199997;170.0;2026-10-01T19:15:00+02:00;2026-10-01T21:39:41+02:00;bf4613c64f50
2026-10-02;loire_sur_rhone;ICONCH1;2026-10-02T01:00;5.2;9.9;297.0;16.0;0.0;25.0;0.0;0.0;25.0;25.0;45.550514;4.828491;200.0;2026-10-01T19:15:00+02:00;2026-10-01T21:39:41+02:00;bf4613c64f50
2026-10-02;loire_sur_rhone;ICONCH1;2026-10-02T02:00;5.0;9.7;296.0;15.7;0.0;24.0;0.0;0.0;24.0;24.0;45.550514;4.828491;200.0;2026-10-01T19:15:00+02:00;2026-10-01T21:39:41+02:00;bf4613c64f50
2026-10-02;loire_sur_rhone;ICONCH1;2026-10-02T03:00;4.1;8.7;295.0;15.2;0.0;37.0;3.0;0.0;34.0;37.0;45.550514;4.828491;200.0;2026-10-01T19:15:00+02:00;2026-10-01T21:39:41+02:00;bf4613c64f50
2026-10-02;loire_sur_rhone;ICONCH1;2026-10-02T04:00;4.2;7.4;292.0;14.9;0.0;66.0;11.0;0.0;59.0;66.0;45.550514;4.828491;200.0;2026-10-01T19:15:00+02:00;2026-10-01T21:39:41+02:00;bf4613c64f50
2026-10-02;loire_sur_rhone;ICONCH1;2026-10-02T05:00;4.3;7.6;300.0;14.5;0.0;100.0;23.0;7.0;100.0;100.0;45.550514;4.828491;200.0;2026-10-01T19:15:00+02:00;2026-10-01T21:39:41+02:00;bf4613c64f50
2026-10-02;loire_sur_rhone;ICONCH1;2026-10-02T06:00;4.2;8.0;304.0;14.3;0.0;100.0;35.0;11.0;100.0;100.0;45.550514;4.828491;200.0;2026-10-01T19:15:00+02:00;2026-10-01T21:39:41+02:00;bf4613c64f50
2026-10-02;loire_sur_rhone;ICONCH1;2026-10-02T07:00;4.6;8.4;303.0;14.3;0.0;100.0;57.0;0.0;100.0;100.0;45.550514;4.828491;200.0;2026-10-01T19:15:00+02:00;2026-10-01T21:39:41+02:00;bf4613c64f50
2026-10-02;loire_sur_rhone;ICONCH1;2026-10-02T08:00;4.7;8.4;312.0;14.3;0.0;100.0;79.0;0.0;100.0;100.0;45.550514;4.828491;200.0;2026-10-01T19:15:00+02:00;2026-10-01T21:39:41+02:00;bf4613c64f50
2026-10-02;loire_sur_rhone;ICONCH1;2026-10-02T09:00;5.4;9.3;322.0;14.9;0.0;100.0;80.0;0.0;100.0;100.0;45.550514;4.828491;200.0;2026-10-01T19:15:00+02:00;2026-10-01T21:39:41+02:00;bf4613c64f50
2026-10-02;loire_sur_rhone;ICONCH1;2026-10-02T10:00;6.0;9.9;335.0;15.7;0.0;91.0;81.0;0.0;68.0;91.0;45.550514;4.828491;200.0;2026-10-01T19:15:00+02:00;2026-10-01T21:39:41+02:00;bf4613c64f50
2026-10-02;loire_sur_rhone;ICONCH1;2026-10-02T11:00;6.8;11.7;340.0;16.7;0.0;91.0;81.0;0.0;70.0;91.0;45.550514;4.828491;200.0;2026-10-01T19:15:00+02:00;2026-10-01T21:39:41+02:00;bf4613c64f50
2026-10-02;loire_sur_rhone;ICONCH1;2026-10-02T12:00;5.8;11.3;348.0;17.8;0.0;89.0;66.0;0.0;66.0;89.0;45.550514;4.828491;200.0;2026-10-01T19:15:00+02:00;2026-10-01T21:39:41+02:00;bf4613c64f50
2026-10-02;loire_sur_rhone;ICONCH1;2026-10-02T13:00;5.0;9.7;347.0;19.2;0.0;93.0;34.0;0.0;85.0;93.0;45.550514;4.828491;200.0;2026-10-01T19:15:00+02:00;2026-10-01T21:39:41+02:00;bf4613c64f50
2026-10-02;loire_sur_rhone;ICONCH1;2026-10-02T14:00;4.3;8.6;355.0;20.7;0.0;92.0;4.0;0.0;90.0;92.0;45.550514;4.828491;200.0;2026-10-01T19:15:00+02:00;2026-10-01T21:39:41+02:00;bf4613c64f50
2026-10-02;loire_sur_rhone;ICONCH1;2026-10-02T15:00;3.9;7.4;6.0;21.7;0.0;100.0;0.0;0.0;100.0;100.0;45.550514;4.828491;200.0;2026-10-01T19:15:00+02:00;2026-10-01T21:39:41+02:00;bf4613c64f50
2026-10-02;loire_sur_rhone;ICONCH1;2026-10-02T16:00;3.7;6.8;9.0;22.4;0.0;45.0;0.0;0.0;45.0;45.0;45.550514;4.828491;200.0;2026-10-01T19:15:00+02:00;2026-10-01T21:39:41+02:00;bf4613c64f50
2026-10-02;loire_sur_rhone;ICONCH1;2026-10-02T17:00;3.6;6.2;16.0;22.6;0.0;42.0;0.0;0.0;42.0;42.0;45.550514;4.828491;200.0;2026-10-01T19:15:00+02:00;2026-10-01T21:39:41+02:00;bf4613c64f50
2026-10-02;loire_sur_rhone;ICONCH1;2026-10-02T18:00;2.3;6.0;42.0;22.2;0.0;100.0;0.0;0.0;100.0;100.0;45.550514;4.828491;200.0;2026-10-01T19:15:00+02:00;2026-10-01T21:39:41+02:00;bf4613c64f50
2026-10-02;loire_sur_rhone;ICONCH1;2026-10-02T19:00;1.9;4.1;143.0;20.9;0.0;100.0;0.0;0.0;100.0;100.0;45.550514;4.828491;200.0;2026-10-01T19:15:00+02:00;2026-10-01T21:39:41+02:00;bf4613c64f50
2026-10-02;loire_sur_rhone;ICONCH1;2026-10-02T20:00;2.0;3.1;209.0;19.9;0.0;100.0;0.0;0.0;100.0;100.0;45.550514;4.828491;200.0;2026-10-01T19:15:00+02:00;2026-10-01T21:39:41+02:00;bf4613c64f50
2026-10-02;loire_sur_rhone;ICONCH1;2026-10-02T21:00;2.1;3.3;221.0;19.2;0.0;100.0;0.0;0.0;100.0;100.0;45.550514;4.828491;200.0;2026-10-01T19:15:00+02:00;2026-10-01T21:39:41+02:00;bf4613c64f50
2026-10-02;loire_sur_rhone;ICONCH1;2026-10-02T22:00;1.4;3.1;236.0;18.9;0.0;100.0;0.0;0.0;100.0;100.0;45.550514;4.828491;200.0;2026-10-01T19:15:00+02:00;2026-10-01T21:39:41+02:00;bf4613c64f50
2026-10-02;loire_sur_rhone;ICONCH1;2026-10-02T23:00;0.7;2.1;214.0;18.4;0.0;100.0;0.0;0.0;100.0;100.0;45.550514;4.828491;200.0;2026-10-01T19:15:00+02:00;2026-10-01T21:39:41+02:00;bf4613c64f50
2026-10-02;messery;AROMEHD;2026-10-02T01:00;2.4;3.5;351.0;17.6;0.0;;91.0;0.0;99.0;99.0;46.35;6.2700005;0.0;2026-10-01T19:15:00+02:00;2026-10-01T21:39:41+02:00;bf4613c64f50
2026-10-02;messery;AROMEHD;2026-10-02T02:00;2.5;4.7;360.0;17.6;0.0;;91.0;0.0;95.0;95.0;46.35;6.2700005;0.0;2026-10-01T19:15:00+02:00;2026-10-01T21:39:41+02:00;bf4613c64f50
2026-10-02;messery;AROMEHD;2026-10-02T03:00;3.3;4.3;360.0;17.7;0.0;;88.0;16.0;25.0;88.0;46.35;6.2700005;0.0;2026-10-01T19:15:00+02:00;2026-10-01T21:39:41+02:00;bf4613c64f50
2026-10-02;messery;AROMEHD;2026-10-02T04:00;5.1;7.0;18.0;17.7;0.0;;89.0;0.0;99.0;99.0;46.35;6.2700005;0.0;2026-10-01T19:15:00+02:00;2026-10-01T21:39:41+02:00;bf4613c64f50
2026-10-02;messery;AROMEHD;2026-10-02T05:00;9.8;13.2;55.0;17.8;0.0;;19.0;0.0;100.0;100.0;46.35;6.2700005;0.0;2026-10-01T19:15:00+02:00;2026-10-01T21:39:41+02:00;bf4613c64f50
2026-10-02;messery;AROMEHD;2026-10-02T06:00;12.5;16.7;33.0;18.1;0.0;;1.0;0.0;100.0;100.0;46.35;6.2700005;0.0;2026-10-01T19:15:00+02:00;2026-10-01T21:39:41+02:00;bf4613c64f50
2026-10-02;messery;AROMEHD;2026-10-02T07:00;12.7;18.3;40.0;17.7;0.0;;100.0;0.0;100.0;100.0;46.35;6.2700005;0.0;2026-10-01T19:15:00+02:00;2026-10-01T21:39:41+02:00;bf4613c64f50
2026-10-02;messery;AROMEHD;2026-10-02T08:00;13.5;18.5;32.0;17.7;0.0;;100.0;0.0;100.0;100.0;46.35;6.2700005;0.0;2026-10-01T19:15:00+02:00;2026-10-01T21:39:41+02:00;bf4613c64f50
2026-10-02;messery;AROMEHD;2026-10-02T09:00;12.8;18.1;39.0;17.7;0.0;;100.0;0.0;52.0;100.0;46.35;6.2700005;0.0;2026-10-01T19:15:00+02:00;2026-10-01T21:39:41+02:00;bf4613c64f50
2026-10-02;messery;AROMEHD;2026-10-02T10:00;12.9;17.9;49.0;17.8;0.0;;90.0;0.0;94.0;94.0;46.35;6.2700005;0.0;2026-10-01T19:15:00+02:00;2026-10-01T21:39:41+02:00;bf4613c64f50
2026-10-02;messery;AROMEHD;2026-10-02T11:00;12.4;17.7;55.0;17.9;0.0;;55.0;0.0;90.0;90.0;46.35;6.2700005;0.0;2026-10-01T19:15:00+02:00;2026-10-01T21:39:41+02:00;bf4613c64f50
2026-10-02;messery;AROMEHD;2026-10-02T12:00;10.9;17.3;51.0;18.3;0.0;;93.0;0.0;17.0;93.0;46.35;6.2700005;0.0;2026-10-01T19:15:00+02:00;2026-10-01T21:39:41+02:00;bf4613c64f50
2026-10-02;messery;AROMEHD;2026-10-02T13:00;8.6;15.0;51.0;18.8;0.0;;56.0;0.0;7.0;56.0;46.35;6.2700005;0.0;2026-10-01T19:15:00+02:00;2026-10-01T21:39:41+02:00;bf4613c64f50
2026-10-02;messery;AROMEHD;2026-10-02T14:00;8.1;12.2;48.0;19.3;0.0;;21.0;0.0;57.0;57.0;46.35;6.2700005;0.0;2026-10-01T19:15:00+02:00;2026-10-01T21:39:41+02:00;bf4613c64f50
2026-10-02;messery;AROMEHD;2026-10-02T15:00;6.8;11.5;53.0;19.7;0.0;;0.0;0.0;57.0;57.0;46.35;6.2700005;0.0;2026-10-01T19:15:00+02:00;2026-10-01T21:39:41+02:00;bf4613c64f50
2026-10-02;messery;AROMEHD;2026-10-02T16:00;6.7;10.1;57.0;20.1;0.0;;0.0;0.0;99.0;99.0;46.35;6.2700005;0.0;2026-10-01T19:15:00+02:00;2026-10-01T21:39:41+02:00;bf4613c64f50
2026-10-02;messery;AROMEHD;2026-10-02T17:00;7.8;11.1;53.0;20.5;0.0;;1.0;0.0;100.0;100.0;46.35;6.2700005;0.0;2026-10-01T19:15:00+02:00;2026-10-01T21:39:41+02:00;bf4613c64f50
2026-10-02;messery;AROMEHD;2026-10-02T18:00;8.4;11.5;44.0;20.5;0.0;;6.0;0.0;100.0;100.0;46.35;6.2700005;0.0;2026-10-01T19:15:00+02:00;2026-10-01T21:39:41+02:00;bf4613c64f50
2026-10-02;messery;AROMEHD;2026-10-02T19:00;8.1;11.5;33.0;20.3;0.0;;13.0;0.0;100.0;100.0;46.35;6.2700005;0.0;2026-10-01T19:15:00+02:00;2026-10-01T21:39:41+02:00;bf4613c64f50
2026-10-02;messery;AROMEHD;2026-10-02T20:00;9.9;12.6;20.0;19.7;0.0;;21.0;0.0;100.0;100.0;46.35;6.2700005;0.0;2026-10-01T19:15:00+02:00;2026-10-01T21:39:41+02:00;bf4613c64f50
2026-10-02;messery;AROMEHD;2026-10-02T21:00;10.3;13.8;22.0;19.5;0.0;;11.0;0.0;100.0;100.0;46.35;6.2700005;0.0;2026-10-01T19:15:00+02:00;2026-10-01T21:39:41+02:00;bf4613c64f50
2026-10-02;messery;AROMEHD;2026-10-02T22:00;9.3;12.8;31.0;19.4;0.0;;6.0;0.0;100.0;100.0;46.35;6.2700005;0.0;2026-10-01T19:15:00+02:00;2026-10-01T21:39:41+02:00;bf4613c64f50
2026-10-02;messery;AROMEHD;2026-10-02T23:00;9.2;12.2;36.0;19.3;0.0;;0.0;0.0;100.0;100.0;46.35;6.2700005;0.0;2026-10-01T19:15:00+02:00;2026-10-01T21:39:41+02:00;bf4613c64f50
2026-10-02;messery;AROMEHD;2026-10-03T00:00;9.4;12.6;40.0;19.1;0.0;;4.0;0.0;100.0;100.0;46.35;6.2700005;0.0;2026-10-01T19:15:00+02:00;2026-10-01T21:39:41+02:00;bf4613c64f50
2026-10-02;messery;ICONCH1;2026-10-02T01:00;3.7;7.4;9.0;18.0;0.0;97.0;82.0;87.0;4.0;97.0;46.3589;6.2749023;0.0;2026-10-01T19:15:00+02:00;2026-10-01T21:39:41+02:00;bf4613c64f50
2026-10-02;messery;ICONCH1;2026-10-02T02:00;1.8;5.1;342.0;17.7;0.0;96.0;92.0;80.0;4.0;96.0;46.3589;6.2749023;0.0;2026-10-01T19:15:00+02:00;2026-10-01T21:39:41+02:00;bf4613c64f50
2026-10-02;messery;ICONCH1;2026-10-02T03:00;4.4;5.8;322.0;17.2;0.0;95.0;70.0;81.0;5.0;95.0;46.3589;6.2749023;0.0;2026-10-01T19:15:00+02:00;2026-10-01T21:39:41+02:00;bf4613c64f50
2026-10-02;messery;ICONCH1;2026-10-02T04:00;3.7;6.0;342.0;17.0;0.0;88.0;66.0;59.0;10.0;88.0;46.3589;6.2749023;0.0;2026-10-01T19:15:00+02:00;2026-10-01T21:39:41+02:00;bf4613c64f50
2026-10-02;messery;ICONCH1;2026-10-02T05:00;2.7;5.2;330.0;16.7;0.0;92.0;46.0;79.0;32.0;92.0;46.3589;6.2749023;0.0;2026-10-01T19:15:00+02:00;2026-10-01T21:39:41+02:00;bf4613c64f50
2026-10-02;messery;ICONCH1;2026-10-02T06:00;2.1;3.5;326.0;16.8;0.0;97.0;76.0;77.0;23.0;97.0;46.3589;6.2749023;0.0;2026-10-01T19:15:00+02:00;2026-10-01T21:39:41+02:00;bf4613c64f50
2026-10-02;messery;ICONCH1;2026-10-02T07:00;3.6;4.9;344.0;17.0;0.0;93.0;68.0;55.0;49.0;93.0;46.3589;6.2749023;0.0;2026-10-01T19:15:00+02:00;2026-10-01T21:39:41+02:00;bf4613c64f50
2026-10-02;messery;ICONCH1;2026-10-02T08:00;5.3;6.8;17.0;17.5;0.0;98.0;83.0;70.0;61.0;98.0;46.3589;6.2749023;0.0;2026-10-01T19:15:00+02:00;2026-10-01T21:39:41+02:00;bf4613c64f50
2026-10-02;messery;ICONCH1;2026-10-02T09:00;10.8;14.2;28.0;17.8;0.0;91.0;64.0;10.0;65.0;91.0;46.3589;6.2749023;0.0;2026-10-01T19:15:00+02:00;2026-10-01T21:39:41+02:00;bf4613c64f50
2026-10-02;messery;ICONCH1;2026-10-02T10:00;13.3;17.5;39.0;18.3;0.0;93.0;57.0;0.0;75.0;93.0;46.3589;6.2749023;0.0;2026-10-01T19:15:00+02:00;2026-10-01T21:39:41+02:00;bf4613c64f50
2026-10-02;messery;ICONCH1;2026-10-02T11:00;13.8;18.9;47.0;18.6;0.0;91.0;57.0;0.0;70.0;91.0;46.3589;6.2749023;0.0;2026-10-01T19:15:00+02:00;2026-10-01T21:39:41+02:00;bf4613c64f50
2026-10-02;messery;ICONCH1;2026-10-02T12:00;11.9;18.1;53.0;18.8;0.0;95.0;72.0;0.0;83.0;95.0;46.3589;6.2749023;0.0;2026-10-01T19:15:00+02:00;2026-10-01T21:39:41+02:00;bf4613c64f50
2026-10-02;messery;ICONCH1;2026-10-02T13:00;10.9;15.7;57.0;19.2;0.0;79.0;63.0;0.0;51.0;79.0;46.3589;6.2749023;0.0;2026-10-01T19:15:00+02:00;2026-10-01T21:39:41+02:00;bf4613c64f50
2026-10-02;messery;ICONCH1;2026-10-02T14:00;7.8;14.2;55.0;19.6;0.0;99.0;42.0;0.0;97.0;99.0;46.3589;6.2749023;0.0;2026-10-01T19:15:00+02:00;2026-10-01T21:39:41+02:00;bf4613c64f50
2026-10-02;messery;ICONCH1;2026-10-02T15:00;6.4;10.1;61.0;20.0;0.0;13.0;13.0;0.0;3.0;13.0;46.3589;6.2749023;0.0;2026-10-01T19:15:00+02:00;2026-10-01T21:39:41+02:00;bf4613c64f50
2026-10-02;messery;ICONCH1;2026-10-02T16:00;6.5;8.2;69.0;20.4;0.0;22.0;0.0;0.0;22.0;22.0;46.3589;6.2749023;0.0;2026-10-01T19:15:00+02:00;2026-10-01T21:39:41+02:00;bf4613c64f50
2026-10-02;messery;ICONCH1;2026-10-02T17:00;6.6;9.3;71.0;20.7;0.0;81.0;0.0;0.0;81.0;81.0;46.3589;6.2749023;0.0;2026-10-01T19:15:00+02:00;2026-10-01T21:39:41+02:00;bf4613c64f50
2026-10-02;messery;ICONCH1;2026-10-02T18:00;6.5;8.6;60.0;21.0;0.0;61.0;10.0;7.0;48.0;61.0;46.3589;6.2749023;0.0;2026-10-01T19:15:00+02:00;2026-10-01T21:39:41+02:00;bf4613c64f50
2026-10-02;messery;ICONCH1;2026-10-02T19:00;9.9;12.8;32.0;20.8;0.0;100.0;45.0;37.0;100.0;100.0;46.3589;6.2749023;0.0;2026-10-01T19:15:00+02:00;2026-10-01T21:39:41+02:00;bf4613c64f50
2026-10-02;messery;ICONCH1;2026-10-02T20:00;9.9;13.4;23.0;19.8;0.0;99.0;48.0;37.0;98.0;99.0;46.3589;6.2749023;0.0;2026-10-01T19:15:00+02:00;2026-10-01T21:39:41+02:00;bf4613c64f50
2026-10-02;messery;ICONCH1;2026-10-02T21:00;11.1;14.6;22.0;19.5;0.0;99.0;73.0;29.0;96.0;99.0;46.3589;6.2749023;0.0;2026-10-01T19:15:00+02:00;2026-10-01T21:39:41+02:00;bf4613c64f50
2026-10-02;messery;ICONCH1;2026-10-02T22:00;11.3;15.6;27.0;19.3;0.0;100.0;78.0;42.0;100.0;100.0;46.3589;6.2749023;0.0;2026-10-01T19:15:00+02:00;2026-10-01T21:39:41+02:00;bf4613c64f50
2026-10-02;messery;ICONCH1;2026-10-02T23:00;10.3;15.0;27.0;19.0;0.0;100.0;73.0;30.0;100.0;100.0;46.3589;6.2749023;0.0;2026-10-01T19:15:00+02:00;2026-10-01T21:39:41+02:00;bf4613c64f50
2026-10-02;parking_pre_rencontre;AROMEHD;2026-10-02T01:00;3.5;11.1;6.0;14.0;0.0;;100.0;0.0;9.0;100.0;45.01;5.779999;0.0;2026-10-01T19:15:00+02:00;2026-10-01T21:39:41+02:00;bf4613c64f50
2026-10-02;parking_pre_rencontre;AROMEHD;2026-10-02T02:00;2.7;9.3;356.0;13.9;0.1;;100.0;0.0;0.0;100.0;45.01;5.779999;0.0;2026-10-01T19:15:00+02:00;2026-10-01T21:39:41+02:00;bf4613c64f50
2026-10-02;parking_pre_rencontre;AROMEHD;2026-10-02T03:00;2.9;7.6;356.0;13.9;0.0;;100.0;0.0;100.0;100.0;45.01;5.779999;0.0;2026-10-01T19:15:00+02:00;2026-10-01T21:39:41+02:00;bf4613c64f50
2026-10-02;parking_pre_rencontre;AROMEHD;2026-10-02T04:00;3.3;8.6;357.0;13.5;0.0;;100.0;0.0;100.0;100.0;45.01;5.779999;0.0;2026-10-01T19:15:00+02:00;2026-10-01T21:39:41+02:00;bf4613c64f50
2026-10-02;parking_pre_rencontre;AROMEHD;2026-10-02T05:00;3.1;8.6;356.0;13.3;0.0;;100.0;0.0;100.0;100.0;45.01;5.779999;0.0;2026-10-01T19:15:00+02:00;2026-10-01T21:39:41+02:00;bf4613c64f50
2026-10-02;parking_pre_rencontre;AROMEHD;2026-10-02T06:00;2.1;8.0;5.0;13.4;0.0;;100.0;0.0;100.0;100.0;45.01;5.779999;0.0;2026-10-01T19:15:00+02:00;2026-10-01T21:39:41+02:00;bf4613c64f50
2026-10-02;parking_pre_rencontre;AROMEHD;2026-10-02T07:00;1.4;5.6;344.0;13.2;0.0;;100.0;0.0;100.0;100.0;45.01;5.779999;0.0;2026-10-01T19:15:00+02:00;2026-10-01T21:39:41+02:00;bf4613c64f50
2026-10-02;parking_pre_rencontre;AROMEHD;2026-10-02T08:00;1.2;1.4;198.0;13.2;0.0;;100.0;0.0;100.0;100.0;45.01;5.779999;0.0;2026-10-01T19:15:00+02:00;2026-10-01T21:39:41+02:00;bf4613c64f50
2026-10-02;parking_pre_rencontre;AROMEHD;2026-10-02T09:00;2.1;4.9;180.0;13.3;0.0;;100.0;0.0;100.0;100.0;45.01;5.779999;0.0;2026-10-01T19:15:00+02:00;2026-10-01T21:39:41+02:00;bf4613c64f50
2026-10-02;parking_pre_rencontre;AROMEHD;2026-10-02T10:00;2.4;5.8;166.0;13.9;0.0;;81.0;0.0;100.0;100.0;45.01;5.779999;0.0;2026-10-01T19:15:00+02:00;2026-10-01T21:39:41+02:00;bf4613c64f50
2026-10-02;parking_pre_rencontre;AROMEHD;2026-10-02T11:00;3.0;7.6;165.0;15.4;0.0;;3.0;0.0;100.0;100.0;45.01;5.779999;0.0;2026-10-01T19:15:00+02:00;2026-10-01T21:39:41+02:00;bf4613c64f50
2026-10-02;parking_pre_rencontre;AROMEHD;2026-10-02T12:00;3.9;9.3;174.0;17.1;0.0;;0.0;0.0;100.0;100.0;45.01;5.779999;0.0;2026-10-01T19:15:00+02:00;2026-10-01T21:39:41+02:00;bf4613c64f50
2026-10-02;parking_pre_rencontre;AROMEHD;2026-10-02T13:00;0.8;9.5;284.0;19.0;0.0;;0.0;0.0;68.0;68.0;45.01;5.779999;0.0;2026-10-01T19:15:00+02:00;2026-10-01T21:39:41+02:00;bf4613c64f50
2026-10-02;parking_pre_rencontre;AROMEHD;2026-10-02T14:00;4.7;11.5;355.0;18.1;0.0;;0.0;0.0;1.0;1.0;45.01;5.779999;0.0;2026-10-01T19:15:00+02:00;2026-10-01T21:39:41+02:00;bf4613c64f50
2026-10-02;parking_pre_rencontre;AROMEHD;2026-10-02T15:00;5.6;12.6;2.0;18.0;0.0;;0.0;0.0;1.0;1.0;45.01;5.779999;0.0;2026-10-01T19:15:00+02:00;2026-10-01T21:39:41+02:00;bf4613c64f50
2026-10-02;parking_pre_rencontre;AROMEHD;2026-10-02T16:00;5.8;13.4;360.0;17.8;0.0;;0.0;0.0;5.0;5.0;45.01;5.779999;0.0;2026-10-01T19:15:00+02:00;2026-10-01T21:39:41+02:00;bf4613c64f50
2026-10-02;parking_pre_rencontre;AROMEHD;2026-10-02T17:00;5.5;13.4;356.0;17.5;0.0;;0.0;0.0;95.0;95.0;45.01;5.779999;0.0;2026-10-01T19:15:00+02:00;2026-10-01T21:39:41+02:00;bf4613c64f50
2026-10-02;parking_pre_rencontre;AROMEHD;2026-10-02T18:00;4.7;12.6;353.0;17.1;0.0;;1.0;0.0;100.0;100.0;45.01;5.779999;0.0;2026-10-01T19:15:00+02:00;2026-10-01T21:39:41+02:00;bf4613c64f50
2026-10-02;parking_pre_rencontre;AROMEHD;2026-10-02T19:00;4.1;11.1;357.0;16.1;0.0;;0.0;0.0;100.0;100.0;45.01;5.779999;0.0;2026-10-01T19:15:00+02:00;2026-10-01T21:39:41+02:00;bf4613c64f50
2026-10-02;parking_pre_rencontre;AROMEHD;2026-10-02T20:00;2.9;9.3;360.0;15.3;0.0;;9.0;1.0;100.0;100.0;45.01;5.779999;0.0;2026-10-01T19:15:00+02:00;2026-10-01T21:39:41+02:00;bf4613c64f50
2026-10-02;parking_pre_rencontre;AROMEHD;2026-10-02T21:00;0.7;6.0;124.0;14.6;0.0;;64.0;13.0;100.0;100.0;45.01;5.779999;0.0;2026-10-01T19:15:00+02:00;2026-10-01T21:39:41+02:00;bf4613c64f50
2026-10-02;parking_pre_rencontre;AROMEHD;2026-10-02T22:00;1.2;2.3;129.0;14.3;0.3;;49.0;100.0;100.0;100.0;45.01;5.779999;0.0;2026-10-01T19:15:00+02:00;2026-10-01T21:39:41+02:00;bf4613c64f50
2026-10-02;parking_pre_rencontre;AROMEHD;2026-10-02T23:00;1.5;2.5;140.0;14.4;0.2;;12.0;16.0;100.0;100.0;45.01;5.779999;0.0;2026-10-01T19:15:00+02:00;2026-10-01T21:39:41+02:00;bf4613c64f50
2026-10-02;parking_pre_rencontre;AROMEHD;2026-10-03T00:00;1.1;3.1;211.0;14.2;0.0;;1.0;11.0;100.0;100.0;45.01;5.779999;0.0;2026-10-01T19:15:00+02:00;2026-10-01T21:39:41+02:00;bf4613c64f50
2026-10-02;parking_pre_rencontre;ICONCH1;2026-10-02T01:00;6.3;12.4;351.0;13.1;0.0;99.0;96.0;56.0;94.0;99.0;45.0093;5.77124;1002.0;2026-10-01T19:15:00+02:00;2026-10-01T21:39:41+02:00;bf4613c64f50
2026-10-02;parking_pre_rencontre;ICONCH1;2026-10-02T02:00;5.9;11.9;352.0;13.3;0.0;100.0;100.0;80.0;77.0;100.0;45.0093;5.77124;1002.0;2026-10-01T19:15:00+02:00;2026-10-01T21:39:41+02:00;bf4613c64f50
2026-10-02;parking_pre_rencontre;ICONCH1;2026-10-02T03:00;4.9;11.3;353.0;13.1;0.0;100.0;100.0;85.0;38.0;100.0;45.0093;5.77124;1002.0;2026-10-01T19:15:00+02:00;2026-10-01T21:39:41+02:00;bf4613c64f50
2026-10-02;parking_pre_rencontre;ICONCH1;2026-10-02T04:00;4.7;9.3;351.0;13.1;0.0;100.0;100.0;73.0;97.0;100.0;45.0093;5.77124;1002.0;2026-10-01T19:15:00+02:00;2026-10-01T21:39:41+02:00;bf4613c64f50
2026-10-02;parking_pre_rencontre;ICONCH1;2026-10-02T05:00;4.5;9.1;350.0;13.0;0.0;100.0;100.0;55.0;98.0;100.0;45.0093;5.77124;1002.0;2026-10-01T19:15:00+02:00;2026-10-01T21:39:41+02:00;bf4613c64f50
2026-10-02;parking_pre_rencontre;ICONCH1;2026-10-02T06:00;4.1;8.7;355.0;13.0;0.0;100.0;100.0;58.0;100.0;100.0;45.0093;5.77124;1002.0;2026-10-01T19:15:00+02:00;2026-10-01T21:39:41+02:00;bf4613c64f50
2026-10-02;parking_pre_rencontre;ICONCH1;2026-10-02T07:00;2.6;7.8;351.0;13.0;0.0;100.0;100.0;33.0;100.0;100.0;45.0093;5.77124;1002.0;2026-10-01T19:15:00+02:00;2026-10-01T21:39:41+02:00;bf4613c64f50
2026-10-02;parking_pre_rencontre;ICONCH1;2026-10-02T08:00;0.7;5.1;304.0;12.9;0.0;100.0;98.0;25.0;100.0;100.0;45.0093;5.77124;1002.0;2026-10-01T19:15:00+02:00;2026-10-01T21:39:41+02:00;bf4613c64f50
2026-10-02;parking_pre_rencontre;ICONCH1;2026-10-02T09:00;1.7;3.7;234.0;13.5;0.0;100.0;87.0;27.0;100.0;100.0;45.0093;5.77124;1002.0;2026-10-01T19:15:00+02:00;2026-10-01T21:39:41+02:00;bf4613c64f50
2026-10-02;parking_pre_rencontre;ICONCH1;2026-10-02T10:00;2.3;5.1;185.0;14.6;0.0;100.0;74.0;14.0;100.0;100.0;45.0093;5.77124;1002.0;2026-10-01T19:15:00+02:00;2026-10-01T21:39:41+02:00;bf4613c64f50
2026-10-02;parking_pre_rencontre;ICONCH1;2026-10-02T11:00;1.7;5.4;159.0;15.7;0.0;100.0;67.0;14.0;100.0;100.0;45.0093;5.77124;1002.0;2026-10-01T19:15:00+02:00;2026-10-01T21:39:41+02:00;bf4613c64f50
2026-10-02;parking_pre_rencontre;ICONCH1;2026-10-02T12:00;1.5;4.3;50.0;15.7;0.0;100.0;73.0;21.0;100.0;100.0;45.0093;5.77124;1002.0;2026-10-01T19:15:00+02:00;2026-10-01T21:39:41+02:00;bf4613c64f50
2026-10-02;parking_pre_rencontre;ICONCH1;2026-10-02T13:00;3.9;8.4;18.0;15.9;0.0;100.0;81.0;21.0;100.0;100.0;45.0093;5.77124;1002.0;2026-10-01T19:15:00+02:00;2026-10-01T21:39:41+02:00;bf4613c64f50
2026-10-02;parking_pre_rencontre;ICONCH1;2026-10-02T14:00;5.5;11.5;8.0;16.3;0.0;96.0;94.0;0.0;84.0;96.0;45.0093;5.77124;1002.0;2026-10-01T19:15:00+02:00;2026-10-01T21:39:41+02:00;bf4613c64f50
2026-10-02;parking_pre_rencontre;ICONCH1;2026-10-02T15:00;6.3;12.8;9.0;16.3;0.0;93.0;80.0;32.0;54.0;93.0;45.0093;5.77124;1002.0;2026-10-01T19:15:00+02:00;2026-10-01T21:39:41+02:00;bf4613c64f50
2026-10-02;parking_pre_rencontre;ICONCH1;2026-10-02T16:00;7.3;14.2;9.0;16.3;0.0;87.0;79.0;25.0;8.0;87.0;45.0093;5.77124;1002.0;2026-10-01T19:15:00+02:00;2026-10-01T21:39:41+02:00;bf4613c64f50
2026-10-02;parking_pre_rencontre;ICONCH1;2026-10-02T17:00;6.8;14.4;7.0;16.1;0.0;96.0;86.0;44.0;61.0;96.0;45.0093;5.77124;1002.0;2026-10-01T19:15:00+02:00;2026-10-01T21:39:41+02:00;bf4613c64f50
2026-10-02;parking_pre_rencontre;ICONCH1;2026-10-02T18:00;6.7;13.4;8.0;15.5;0.0;95.0;66.0;49.0;67.0;95.0;45.0093;5.77124;1002.0;2026-10-01T19:15:00+02:00;2026-10-01T21:39:41+02:00;bf4613c64f50
2026-10-02;parking_pre_rencontre;ICONCH1;2026-10-02T19:00;4.8;12.8;12.0;14.9;0.0;100.0;52.0;60.0;100.0;100.0;45.0093;5.77124;1002.0;2026-10-01T19:15:00+02:00;2026-10-01T21:39:41+02:00;bf4613c64f50
2026-10-02;parking_pre_rencontre;ICONCH1;2026-10-02T20:00;0.4;8.7;360.0;14.7;0.0;100.0;89.0;100.0;100.0;100.0;45.0093;5.77124;1002.0;2026-10-01T19:15:00+02:00;2026-10-01T21:39:41+02:00;bf4613c64f50
2026-10-02;parking_pre_rencontre;ICONCH1;2026-10-02T21:00;2.3;5.2;360.0;14.6;1.4;100.0;81.0;100.0;100.0;100.0;45.0093;5.77124;1002.0;2026-10-01T19:15:00+02:00;2026-10-01T21:39:41+02:00;bf4613c64f50
2026-10-02;parking_pre_rencontre;ICONCH1;2026-10-02T22:00;1.4;4.3;180.0;14.7;0.0;100.0;74.0;92.0;100.0;100.0;45.0093;5.77124;1002.0;2026-10-01T19:15:00+02:00;2026-10-01T21:39:41+02:00;bf4613c64f50
2026-10-02;parking_pre_rencontre;ICONCH1;2026-10-02T23:00;1.3;3.7;153.0;14.7;0.0;100.0;86.0;88.0;100.0;100.0;45.0093;5.77124;1002.0;2026-10-01T19:15:00+02:00;2026-10-01T21:39:41+02:00;bf4613c64f50
2026-10-02;plage_de_sevrier;AROMEHD;2026-10-02T01:00;2.9;3.9;127.0;16.7;0.0;;88.0;10.0;41.0;88.0;45.86;6.16;0.0;2026-10-01T19:15:00+02:00;2026-10-01T21:39:41+02:00;bf4613c64f50
2026-10-02;plage_de_sevrier;AROMEHD;2026-10-02T02:00;1.7;5.4;117.0;16.4;0.0;;70.0;1.0;24.0;70.0;45.86;6.16;0.0;2026-10-01T19:15:00+02:00;2026-10-01T21:39:41+02:00;bf4613c64f50
2026-10-02;plage_de_sevrier;AROMEHD;2026-10-02T03:00;2.0;2.1;169.0;16.0;0.0;;29.0;9.0;44.0;44.0;45.86;6.16;0.0;2026-10-01T19:15:00+02:00;2026-10-01T21:39:41+02:00;bf4613c64f50
2026-10-02;plage_de_sevrier;AROMEHD;2026-10-02T04:00;1.3;2.3;153.0;15.6;0.0;;72.0;0.0;100.0;100.0;45.86;6.16;0.0;2026-10-01T19:15:00+02:00;2026-10-01T21:39:41+02:00;bf4613c64f50
2026-10-02;plage_de_sevrier;AROMEHD;2026-10-02T05:00;1.6;2.3;135.0;15.4;0.0;;74.0;0.0;100.0;100.0;45.86;6.16;0.0;2026-10-01T19:15:00+02:00;2026-10-01T21:39:41+02:00;bf4613c64f50
2026-10-02;plage_de_sevrier;AROMEHD;2026-10-02T06:00;1.6;2.1;166.0;15.2;0.0;;43.0;0.0;100.0;100.0;45.86;6.16;0.0;2026-10-01T19:15:00+02:00;2026-10-01T21:39:41+02:00;bf4613c64f50
2026-10-02;plage_de_sevrier;AROMEHD;2026-10-02T07:00;2.2;2.5;153.0;15.0;0.0;;18.0;0.0;100.0;100.0;45.86;6.16;0.0;2026-10-01T19:15:00+02:00;2026-10-01T21:39:41+02:00;bf4613c64f50
2026-10-02;plage_de_sevrier;AROMEHD;2026-10-02T08:00;1.2;2.3;162.0;15.0;0.0;;40.0;0.0;100.0;100.0;45.86;6.16;0.0;2026-10-01T19:15:00+02:00;2026-10-01T21:39:41+02:00;bf4613c64f50
2026-10-02;plage_de_sevrier;AROMEHD;2026-10-02T09:00;1.6;3.3;135.0;15.3;0.0;;66.0;0.0;100.0;100.0;45.86;6.16;0.0;2026-10-01T19:15:00+02:00;2026-10-01T21:39:41+02:00;bf4613c64f50
2026-10-02;plage_de_sevrier;AROMEHD;2026-10-02T10:00;0.4;2.9;207.0;15.5;0.0;;6.0;0.0;100.0;100.0;45.86;6.16;0.0;2026-10-01T19:15:00+02:00;2026-10-01T21:39:41+02:00;bf4613c64f50
2026-10-02;plage_de_sevrier;AROMEHD;2026-10-02T11:00;1.0;1.2;307.0;15.5;0.0;;0.0;0.0;100.0;100.0;45.86;6.16;0.0;2026-10-01T19:15:00+02:00;2026-10-01T21:39:41+02:00;bf4613c64f50
2026-10-02;plage_de_sevrier;AROMEHD;2026-10-02T12:00;1.5;2.9;337.0;15.9;0.0;;0.0;0.0;100.0;100.0;45.86;6.16;0.0;2026-10-01T19:15:00+02:00;2026-10-01T21:39:41+02:00;bf4613c64f50
2026-10-02;plage_de_sevrier;AROMEHD;2026-10-02T13:00;0.4;1.7;180.0;16.4;0.0;;0.0;0.0;87.0;87.0;45.86;6.16;0.0;2026-10-01T19:15:00+02:00;2026-10-01T21:39:41+02:00;bf4613c64f50
2026-10-02;plage_de_sevrier;AROMEHD;2026-10-02T14:00;0.8;1.2;180.0;17.1;0.0;;0.0;0.0;48.0;48.0;45.86;6.16;0.0;2026-10-01T19:15:00+02:00;2026-10-01T21:39:41+02:00;bf4613c64f50
2026-10-02;plage_de_sevrier;AROMEHD;2026-10-02T15:00;0.7;1.0;146.0;17.8;0.0;;0.0;0.0;44.0;44.0;45.86;6.16;0.0;2026-10-01T19:15:00+02:00;2026-10-01T21:39:41+02:00;bf4613c64f50
2026-10-02;plage_de_sevrier;AROMEHD;2026-10-02T16:00;0.4;0.8;180.0;18.6;0.0;;2.0;0.0;13.0;13.0;45.86;6.16;0.0;2026-10-01T19:15:00+02:00;2026-10-01T21:39:41+02:00;bf4613c64f50
2026-10-02;plage_de_sevrier;AROMEHD;2026-10-02T17:00;1.0;1.2;180.0;19.0;0.0;;3.0;0.0;7.0;7.0;45.86;6.16;0.0;2026-10-01T19:15:00+02:00;2026-10-01T21:39:41+02:00;bf4613c64f50
2026-10-02;plage_de_sevrier;AROMEHD;2026-10-02T18:00;1.2;1.9;189.0;19.5;0.0;;6.0;0.0;97.0;97.0;45.86;6.16;0.0;2026-10-01T19:15:00+02:00;2026-10-01T21:39:41+02:00;bf4613c64f50
2026-10-02;plage_de_sevrier;AROMEHD;2026-10-02T19:00;0.4;1.0;360.0;19.6;0.0;;0.0;0.0;100.0;100.0;45.86;6.16;0.0;2026-10-01T19:15:00+02:00;2026-10-01T21:39:41+02:00;bf4613c64f50
2026-10-02;plage_de_sevrier;AROMEHD;2026-10-02T20:00;5.4;7.0;314.0;19.5;0.0;;0.0;1.0;75.0;75.0;45.86;6.16;0.0;2026-10-01T19:15:00+02:00;2026-10-01T21:39:41+02:00;bf4613c64f50
2026-10-02;plage_de_sevrier;AROMEHD;2026-10-02T21:00;1.7;7.0;306.0;18.9;0.0;;0.0;2.0;100.0;100.0;45.86;6.16;0.0;2026-10-01T19:15:00+02:00;2026-10-01T21:39:41+02:00;bf4613c64f50
2026-10-02;plage_de_sevrier;AROMEHD;2026-10-02T22:00;1.4;2.3;196.0;18.2;0.0;;0.0;1.0;100.0;100.0;45.86;6.16;0.0;2026-10-01T19:15:00+02:00;2026-10-01T21:39:41+02:00;bf4613c64f50
2026-10-02;plage_de_sevrier;AROMEHD;2026-10-02T23:00;2.9;3.7;127.0;17.7;0.0;;0.0;3.0;100.0;100.0;45.86;6.16;0.0;2026-10-01T19:15:00+02:00;2026-10-01T21:39:41+02:00;bf4613c64f50
2026-10-02;plage_de_sevrier;AROMEHD;2026-10-03T00:00;2.4;3.1;151.0;17.3;0.0;;0.0;0.0;100.0;100.0;45.86;6.16;0.0;2026-10-01T19:15:00+02:00;2026-10-01T21:39:41+02:00;bf4613c64f50
2026-10-02;plage_de_sevrier;ICONCH1;2026-10-02T01:00;2.7;4.3;339.0;17.9;0.0;97.0;82.0;75.0;57.0;97.0;45.86465;6.164917;0.0;2026-10-01T19:15:00+02:00;2026-10-01T21:39:41+02:00;bf4613c64f50
2026-10-02;plage_de_sevrier;ICONCH1;2026-10-02T02:00;3.6;4.9;344.0;17.9;0.0;100.0;88.0;59.0;100.0;100.0;45.86465;6.164917;0.0;2026-10-01T19:15:00+02:00;2026-10-01T21:39:41+02:00;bf4613c64f50
2026-10-02;plage_de_sevrier;ICONCH1;2026-10-02T03:00;5.1;6.8;342.0;17.6;0.0;98.0;64.0;73.0;84.0;98.0;45.86465;6.164917;0.0;2026-10-01T19:15:00+02:00;2026-10-01T21:39:41+02:00;bf4613c64f50
2026-10-02;plage_de_sevrier;ICONCH1;2026-10-02T04:00;3.6;6.6;347.0;17.6;0.0;98.0;58.0;84.0;59.0;98.0;45.86465;6.164917;0.0;2026-10-01T19:15:00+02:00;2026-10-01T21:39:41+02:00;bf4613c64f50
2026-10-02;plage_de_sevrier;ICONCH1;2026-10-02T05:00;4.4;5.8;347.0;17.2;0.0;95.0;62.0;54.0;66.0;95.0;45.86465;6.164917;0.0;2026-10-01T19:15:00+02:00;2026-10-01T21:39:41+02:00;bf4613c64f50
2026-10-02;plage_de_sevrier;ICONCH1;2026-10-02T06:00;4.9;6.6;342.0;16.9;0.0;97.0;58.0;80.0;78.0;97.0;45.86465;6.164917;0.0;2026-10-01T19:15:00+02:00;2026-10-01T21:39:41+02:00;bf4613c64f50
2026-10-02;plage_de_sevrier;ICONCH1;2026-10-02T07:00;4.3;6.8;342.0;16.7;0.0;100.0;75.0;67.0;97.0;100.0;45.86465;6.164917;0.0;2026-10-01T19:15:00+02:00;2026-10-01T21:39:41+02:00;bf4613c64f50
2026-10-02;plage_de_sevrier;ICONCH1;2026-10-02T08:00;3.8;5.6;348.0;16.5;0.0;86.0;78.0;6.0;53.0;86.0;45.86465;6.164917;0.0;2026-10-01T19:15:00+02:00;2026-10-01T21:39:41+02:00;bf4613c64f50
2026-10-02;plage_de_sevrier;ICONCH1;2026-10-02T09:00;3.4;5.4;347.0;16.4;0.0;77.0;77.0;0.0;17.0;77.0;45.86465;6.164917;0.0;2026-10-01T19:15:00+02:00;2026-10-01T21:39:41+02:00;bf4613c64f50
2026-10-02;plage_de_sevrier;ICONCH1;2026-10-02T10:00;2.9;4.5;356.0;16.7;0.0;80.0;80.0;0.0;5.0;80.0;45.86465;6.164917;0.0;2026-10-01T19:15:00+02:00;2026-10-01T21:39:41+02:00;bf4613c64f50
2026-10-02;plage_de_sevrier;ICONCH1;2026-10-02T11:00;3.3;4.5;353.0;17.4;0.0;68.0;61.0;0.0;31.0;68.0;45.86465;6.164917;0.0;2026-10-01T19:15:00+02:00;2026-10-01T21:39:41+02:00;bf4613c64f50
2026-10-02;plage_de_sevrier;ICONCH1;2026-10-02T12:00;3.7;4.9;357.0;18.4;0.0;81.0;49.0;0.0;59.0;81.0;45.86465;6.164917;0.0;2026-10-01T19:15:00+02:00;2026-10-01T21:39:41+02:00;bf4613c64f50
2026-10-02;plage_de_sevrier;ICONCH1;2026-10-02T13:00;4.0;5.2;337.0;19.5;0.0;92.0;42.0;0.0;81.0;92.0;45.86465;6.164917;0.0;2026-10-01T19:15:00+02:00;2026-10-01T21:39:41+02:00;bf4613c64f50
2026-10-02;plage_de_sevrier;ICONCH1;2026-10-02T14:00;3.9;5.2;323.0;20.2;0.0;71.0;43.0;0.0;45.0;71.0;45.86465;6.164917;0.0;2026-10-01T19:15:00+02:00;2026-10-01T21:39:41+02:00;bf4613c64f50
2026-10-02;plage_de_sevrier;ICONCH1;2026-10-02T15:00;3.7;5.6;321.0;20.8;0.0;76.0;53.0;0.0;50.0;76.0;45.86465;6.164917;0.0;2026-10-01T19:15:00+02:00;2026-10-01T21:39:41+02:00;bf4613c64f50
2026-10-02;plage_de_sevrier;ICONCH1;2026-10-02T16:00;3.9;5.2;311.0;21.2;0.0;89.0;57.0;26.0;64.0;89.0;45.86465;6.164917;0.0;2026-10-01T19:15:00+02:00;2026-10-01T21:39:41+02:00;bf4613c64f50
2026-10-02;plage_de_sevrier;ICONCH1;2026-10-02T17:00;3.8;5.2;305.0;21.4;0.0;90.0;42.0;42.0;67.0;90.0;45.86465;6.164917;0.0;2026-10-01T19:15:00+02:00;2026-10-01T21:39:41+02:00;bf4613c64f50
2026-10-02;plage_de_sevrier;ICONCH1;2026-10-02T18:00;4.3;5.6;288.0;21.5;0.0;88.0;37.0;18.0;72.0;88.0;45.86465;6.164917;0.0;2026-10-01T19:15:00+02:00;2026-10-01T21:39:41+02:00;bf4613c64f50
2026-10-02;plage_de_sevrier;ICONCH1;2026-10-02T19:00;4.9;6.2;275.0;21.0;0.0;100.0;18.0;36.0;100.0;100.0;45.86465;6.164917;0.0;2026-10-01T19:15:00+02:00;2026-10-01T21:39:41+02:00;bf4613c64f50
2026-10-02;plage_de_sevrier;ICONCH1;2026-10-02T20:00;4.0;6.2;299.0;20.5;0.0;100.0;6.0;48.0;100.0;100.0;45.86465;6.164917;0.0;2026-10-01T19:15:00+02:00;2026-10-01T21:39:41+02:00;bf4613c64f50
2026-10-02;plage_de_sevrier;ICONCH1;2026-10-02T21:00;4.6;6.2;324.0;19.7;0.0;100.0;0.0;52.0;100.0;100.0;45.86465;6.164917;0.0;2026-10-01T19:15:00+02:00;2026-10-01T21:39:41+02:00;bf4613c64f50
2026-10-02;plage_de_sevrier;ICONCH1;2026-10-02T22:00;4.0;6.2;337.0;19.1;0.0;97.0;0.0;50.0;91.0;97.0;45.86465;6.164917;0.0;2026-10-01T19:15:00+02:00;2026-10-01T21:39:41+02:00;bf4613c64f50
2026-10-02;plage_de_sevrier;ICONCH1;2026-10-02T23:00;3.9;6.4;333.0;18.7;0.0;100.0;0.0;38.0;100.0;100.0;45.86465;6.164917;0.0;2026-10-01T19:15:00+02:00;2026-10-01T21:39:41+02:00;bf4613c64f50
2026-10-02;pont_darciat;AROMEHD;2026-10-02T01:00;5.7;7.4;333.0;15.5;0.0;;0.0;10.0;7.0;10.0;46.25;4.8099995;169.0;2026-10-01T19:15:00+02:00;2026-10-01T21:39:41+02:00;bf4613c64f50
2026-10-02;pont_darciat;AROMEHD;2026-10-02T02:00;6.7;9.5;334.0;16.2;0.0;;0.0;8.0;83.0;83.0;46.25;4.8099995;169.0;2026-10-01T19:15:00+02:00;2026-10-01T21:39:41+02:00;bf4613c64f50
2026-10-02;pont_darciat;AROMEHD;2026-10-02T03:00;6.4;9.7;340.0;16.1;0.0;;0.0;35.0;100.0;100.0;46.25;4.8099995;169.0;2026-10-01T19:15:00+02:00;2026-10-01T21:39:41+02:00;bf4613c64f50
2026-10-02;pont_darciat;AROMEHD;2026-10-02T04:00;5.9;9.3;352.0;15.6;0.0;;0.0;3.0;100.0;100.0;46.25;4.8099995;169.0;2026-10-01T19:15:00+02:00;2026-10-01T21:39:41+02:00;bf4613c64f50
2026-10-02;pont_darciat;AROMEHD;2026-10-02T05:00;4.4;7.8;38.0;13.9;0.0;;29.0;7.0;100.0;100.0;46.25;4.8099995;169.0;2026-10-01T19:15:00+02:00;2026-10-01T21:39:41+02:00;bf4613c64f50
2026-10-02;pont_darciat;AROMEHD;2026-10-02T06:00;4.0;5.8;23.0;13.9;0.0;;18.0;4.0;100.0;100.0;46.25;4.8099995;169.0;2026-10-01T19:15:00+02:00;2026-10-01T21:39:41+02:00;bf4613c64f50
2026-10-02;pont_darciat;AROMEHD;2026-10-02T07:00;6.1;8.7;349.0;14.6;0.0;;0.0;0.0;99.0;99.0;46.25;4.8099995;169.0;2026-10-01T19:15:00+02:00;2026-10-01T21:39:41+02:00;bf4613c64f50
2026-10-02;pont_darciat;AROMEHD;2026-10-02T08:00;6.6;9.1;346.0;14.5;0.0;;0.0;0.0;87.0;87.0;46.25;4.8099995;169.0;2026-10-01T19:15:00+02:00;2026-10-01T21:39:41+02:00;bf4613c64f50
2026-10-02;pont_darciat;AROMEHD;2026-10-02T09:00;5.9;9.1;354.0;15.4;0.0;;0.0;0.0;100.0;100.0;46.25;4.8099995;169.0;2026-10-01T19:15:00+02:00;2026-10-01T21:39:41+02:00;bf4613c64f50
2026-10-02;pont_darciat;AROMEHD;2026-10-02T10:00;6.4;10.1;2.0;17.0;0.0;;0.0;0.0;27.0;27.0;46.25;4.8099995;169.0;2026-10-01T19:15:00+02:00;2026-10-01T21:39:41+02:00;bf4613c64f50
2026-10-02;pont_darciat;AROMEHD;2026-10-02T11:00;7.2;11.7;38.0;18.1;0.0;;0.0;0.0;17.0;17.0;46.25;4.8099995;169.0;2026-10-01T19:15:00+02:00;2026-10-01T21:39:41+02:00;bf4613c64f50
2026-10-02;pont_darciat;AROMEHD;2026-10-02T12:00;8.7;14.2;40.0;19.1;0.0;;0.0;0.0;45.0;45.0;46.25;4.8099995;169.0;2026-10-01T19:15:00+02:00;2026-10-01T21:39:41+02:00;bf4613c64f50
2026-10-02;pont_darciat;AROMEHD;2026-10-02T13:00;8.4;14.6;36.0;20.3;0.0;;0.0;0.0;98.0;98.0;46.25;4.8099995;169.0;2026-10-01T19:15:00+02:00;2026-10-01T21:39:41+02:00;bf4613c64f50
2026-10-02;pont_darciat;AROMEHD;2026-10-02T14:00;7.9;14.2;38.0;21.2;0.0;;0.0;0.0;100.0;100.0;46.25;4.8099995;169.0;2026-10-01T19:15:00+02:00;2026-10-01T21:39:41+02:00;bf4613c64f50
2026-10-02;pont_darciat;AROMEHD;2026-10-02T15:00;7.0;13.8;42.0;21.7;0.0;;0.0;0.0;100.0;100.0;46.25;4.8099995;169.0;2026-10-01T19:15:00+02:00;2026-10-01T21:39:41+02:00;bf4613c64f50
2026-10-02;pont_darciat;AROMEHD;2026-10-02T16:00;7.0;12.6;39.0;22.2;0.0;;0.0;0.0;100.0;100.0;46.25;4.8099995;169.0;2026-10-01T19:15:00+02:00;2026-10-01T21:39:41+02:00;bf4613c64f50
2026-10-02;pont_darciat;AROMEHD;2026-10-02T17:00;5.0;12.2;39.0;22.2;0.0;;0.0;0.0;100.0;100.0;46.25;4.8099995;169.0;2026-10-01T19:15:00+02:00;2026-10-01T21:39:41+02:00;bf4613c64f50
2026-10-02;pont_darciat;AROMEHD;2026-10-02T18:00;4.2;8.9;34.0;22.3;0.0;;0.0;0.0;100.0;100.0;46.25;4.8099995;169.0;2026-10-01T19:15:00+02:00;2026-10-01T21:39:41+02:00;bf4613c64f50
2026-10-02;pont_darciat;AROMEHD;2026-10-02T19:00;4.4;7.4;29.0;21.7;0.0;;0.0;0.0;100.0;100.0;46.25;4.8099995;169.0;2026-10-01T19:15:00+02:00;2026-10-01T21:39:41+02:00;bf4613c64f50
2026-10-02;pont_darciat;AROMEHD;2026-10-02T20:00;3.4;6.2;10.0;20.2;0.0;;0.0;0.0;100.0;100.0;46.25;4.8099995;169.0;2026-10-01T19:15:00+02:00;2026-10-01T21:39:41+02:00;bf4613c64f50
2026-10-02;pont_darciat;AROMEHD;2026-10-02T21:00;3.0;4.3;333.0;18.9;0.0;;0.0;0.0;100.0;100.0;46.25;4.8099995;169.0;2026-10-01T19:15:00+02:00;2026-10-01T21:39:41+02:00;bf4613c64f50
2026-10-02;pont_darciat;AROMEHD;2026-10-02T22:00;1.9;3.7;336.0;17.9;0.0;;0.0;0.0;100.0;100.0;46.25;4.8099995;169.0;2026-10-01T19:15:00+02:00;2026-10-01T21:39:41+02:00;bf4613c64f50
2026-10-02;pont_darciat;AROMEHD;2026-10-02T23:00;1.6;1.0;180.0;15.8;0.0;;0.0;0.0;100.0;100.0;46.25;4.8099995;169.0;2026-10-01T19:15:00+02:00;2026-10-01T21:39:41+02:00;bf4613c64f50
2026-10-02;pont_darciat;AROMEHD;2026-10-03T00:00;2.3;2.3;180.0;15.4;0.0;;0.0;0.0;100.0;100.0;46.25;4.8099995;169.0;2026-10-01T19:15:00+02:00;2026-10-01T21:39:41+02:00;bf4613c64f50
2026-10-02;pont_darciat;ICONCH1;2026-10-02T01:00;3.1;5.1;342.0;14.9;0.0;0.0;0.0;0.0;0.0;0.0;46.25097;4.8050537;172.0;2026-10-01T19:15:00+02:00;2026-10-01T21:39:41+02:00;bf4613c64f50
2026-10-02;pont_darciat;ICONCH1;2026-10-02T02:00;5.2;8.0;338.0;14.7;0.0;4.0;0.0;0.0;4.0;4.0;46.25097;4.8050537;172.0;2026-10-01T19:15:00+02:00;2026-10-01T21:39:41+02:00;bf4613c64f50
2026-10-02;pont_darciat;ICONCH1;2026-10-02T03:00;4.9;8.0;353.0;14.5;0.0;9.0;0.0;0.0;9.0;9.0;46.25097;4.8050537;172.0;2026-10-01T19:15:00+02:00;2026-10-01T21:39:41+02:00;bf4613c64f50
2026-10-02;pont_darciat;ICONCH1;2026-10-02T04:00;4.1;7.4;360.0;14.4;0.0;14.0;3.0;0.0;11.0;14.0;46.25097;4.8050537;172.0;2026-10-01T19:15:00+02:00;2026-10-01T21:39:41+02:00;bf4613c64f50
2026-10-02;pont_darciat;ICONCH1;2026-10-02T05:00;4.0;6.2;11.0;14.2;0.0;33.0;15.0;0.0;20.0;33.0;46.25097;4.8050537;172.0;2026-10-01T19:15:00+02:00;2026-10-01T21:39:41+02:00;bf4613c64f50
2026-10-02;pont_darciat;ICONCH1;2026-10-02T06:00;5.0;7.6;11.0;14.0;0.0;60.0;24.0;0.0;44.0;60.0;46.25097;4.8050537;172.0;2026-10-01T19:15:00+02:00;2026-10-01T21:39:41+02:00;bf4613c64f50
2026-10-02;pont_darciat;ICONCH1;2026-10-02T07:00;6.0;9.1;356.0;13.8;0.0;82.0;57.0;0.0;59.0;82.0;46.25097;4.8050537;172.0;2026-10-01T19:15:00+02:00;2026-10-01T21:39:41+02:00;bf4613c64f50
2026-10-02;pont_darciat;ICONCH1;2026-10-02T08:00;6.2;9.7;355.0;13.5;0.0;92.0;67.0;8.0;72.0;92.0;46.25097;4.8050537;172.0;2026-10-01T19:15:00+02:00;2026-10-01T21:39:41+02:00;bf4613c64f50
2026-10-02;pont_darciat;ICONCH1;2026-10-02T09:00;6.2;9.7;358.0;14.4;0.0;92.0;71.0;0.0;78.0;92.0;46.25097;4.8050537;172.0;2026-10-01T19:15:00+02:00;2026-10-01T21:39:41+02:00;bf4613c64f50
2026-10-02;pont_darciat;ICONCH1;2026-10-02T10:00;6.8;11.5;15.0;15.9;0.0;92.0;23.0;0.0;83.0;92.0;46.25097;4.8050537;172.0;2026-10-01T19:15:00+02:00;2026-10-01T21:39:41+02:00;bf4613c64f50
2026-10-02;pont_darciat;ICONCH1;2026-10-02T11:00;6.5;11.3;30.0;17.4;0.0;83.0;0.0;0.0;83.0;83.0;46.25097;4.8050537;172.0;2026-10-01T19:15:00+02:00;2026-10-01T21:39:41+02:00;bf4613c64f50
2026-10-02;pont_darciat;ICONCH1;2026-10-02T12:00;6.3;10.5;30.0;19.2;0.0;100.0;0.0;0.0;100.0;100.0;46.25097;4.8050537;172.0;2026-10-01T19:15:00+02:00;2026-10-01T21:39:41+02:00;bf4613c64f50
2026-10-02;pont_darciat;ICONCH1;2026-10-02T13:00;6.3;10.5;27.0;20.9;0.0;100.0;0.0;0.0;100.0;100.0;46.25097;4.8050537;172.0;2026-10-01T19:15:00+02:00;2026-10-01T21:39:41+02:00;bf4613c64f50
2026-10-02;pont_darciat;ICONCH1;2026-10-02T14:00;6.0;10.3;29.0;22.3;0.0;79.0;0.0;0.0;79.0;79.0;46.25097;4.8050537;172.0;2026-10-01T19:15:00+02:00;2026-10-01T21:39:41+02:00;bf4613c64f50
2026-10-02;pont_darciat;ICONCH1;2026-10-02T15:00;5.3;9.7;33.0;23.1;0.0;100.0;0.0;0.0;100.0;100.0;46.25097;4.8050537;172.0;2026-10-01T19:15:00+02:00;2026-10-01T21:39:41+02:00;bf4613c64f50
2026-10-02;pont_darciat;ICONCH1;2026-10-02T16:00;5.6;9.1;36.0;23.7;0.0;100.0;0.0;0.0;100.0;100.0;46.25097;4.8050537;172.0;2026-10-01T19:15:00+02:00;2026-10-01T21:39:41+02:00;bf4613c64f50
2026-10-02;pont_darciat;ICONCH1;2026-10-02T17:00;3.7;9.1;3.0;23.8;0.0;62.0;0.0;0.0;62.0;62.0;46.25097;4.8050537;172.0;2026-10-01T19:15:00+02:00;2026-10-01T21:39:41+02:00;bf4613c64f50
2026-10-02;pont_darciat;ICONCH1;2026-10-02T18:00;4.3;7.4;60.0;23.6;0.0;40.0;0.0;0.0;40.0;40.0;46.25097;4.8050537;172.0;2026-10-01T19:15:00+02:00;2026-10-01T21:39:41+02:00;bf4613c64f50
2026-10-02;pont_darciat;ICONCH1;2026-10-02T19:00;1.7;7.0;63.0;22.7;0.0;47.0;0.0;0.0;47.0;47.0;46.25097;4.8050537;172.0;2026-10-01T19:15:00+02:00;2026-10-01T21:39:41+02:00;bf4613c64f50
2026-10-02;pont_darciat;ICONCH1;2026-10-02T20:00;1.7;3.5;111.0;20.6;0.0;86.0;0.0;0.0;86.0;86.0;46.25097;4.8050537;172.0;2026-10-01T19:15:00+02:00;2026-10-01T21:39:41+02:00;bf4613c64f50
2026-10-02;pont_darciat;ICONCH1;2026-10-02T21:00;1.8;2.7;252.0;18.9;0.0;100.0;0.0;0.0;100.0;100.0;46.25097;4.8050537;172.0;2026-10-01T19:15:00+02:00;2026-10-01T21:39:41+02:00;bf4613c64f50
2026-10-02;pont_darciat;ICONCH1;2026-10-02T22:00;1.8;2.9;302.0;17.4;0.0;100.0;0.0;0.0;100.0;100.0;46.25097;4.8050537;172.0;2026-10-01T19:15:00+02:00;2026-10-01T21:39:41+02:00;bf4613c64f50
2026-10-02;pont_darciat;ICONCH1;2026-10-02T23:00;1.7;2.7;249.0;16.5;0.0;100.0;0.0;0.0;100.0;100.0;46.25097;4.8050537;172.0;2026-10-01T19:15:00+02:00;2026-10-01T21:39:41+02:00;bf4613c64f50
2026-10-02;pont_de_chavanay;AROMEHD;2026-10-02T01:00;6.5;11.3;323.0;18.7;0.0;;4.0;20.0;61.0;61.0;45.42;4.75;141.0;2026-10-01T19:15:00+02:00;2026-10-01T21:39:41+02:00;bf4613c64f50
2026-10-02;pont_de_chavanay;AROMEHD;2026-10-02T02:00;7.2;12.8;324.0;18.6;0.0;;7.0;0.0;63.0;63.0;45.42;4.75;141.0;2026-10-01T19:15:00+02:00;2026-10-01T21:39:41+02:00;bf4613c64f50
2026-10-02;pont_de_chavanay;AROMEHD;2026-10-02T03:00;7.6;13.4;331.0;18.4;0.0;;2.0;1.0;100.0;100.0;45.42;4.75;141.0;2026-10-01T19:15:00+02:00;2026-10-01T21:39:41+02:00;bf4613c64f50
2026-10-02;pont_de_chavanay;AROMEHD;2026-10-02T04:00;8.0;15.0;331.0;18.4;0.0;;0.0;0.0;100.0;100.0;45.42;4.75;141.0;2026-10-01T19:15:00+02:00;2026-10-01T21:39:41+02:00;bf4613c64f50
2026-10-02;pont_de_chavanay;AROMEHD;2026-10-02T05:00;7.8;14.6;333.0;18.2;0.0;;0.0;0.0;100.0;100.0;45.42;4.75;141.0;2026-10-01T19:15:00+02:00;2026-10-01T21:39:41+02:00;bf4613c64f50
2026-10-02;pont_de_chavanay;AROMEHD;2026-10-02T06:00;6.8;14.2;345.0;17.9;0.0;;0.0;0.0;100.0;100.0;45.42;4.75;141.0;2026-10-01T19:15:00+02:00;2026-10-01T21:39:41+02:00;bf4613c64f50
2026-10-02;pont_de_chavanay;AROMEHD;2026-10-02T07:00;6.2;12.8;2.0;17.3;0.0;;3.0;0.0;100.0;100.0;45.42;4.75;141.0;2026-10-01T19:15:00+02:00;2026-10-01T21:39:41+02:00;bf4613c64f50
2026-10-02;pont_de_chavanay;AROMEHD;2026-10-02T08:00;5.7;11.7;10.0;17.1;0.0;;29.0;0.0;100.0;100.0;45.42;4.75;141.0;2026-10-01T19:15:00+02:00;2026-10-01T21:39:41+02:00;bf4613c64f50
2026-10-02;pont_de_chavanay;AROMEHD;2026-10-02T09:00;5.6;10.7;20.0;17.5;0.0;;23.0;0.0;100.0;100.0;45.42;4.75;141.0;2026-10-01T19:15:00+02:00;2026-10-01T21:39:41+02:00;bf4613c64f50
2026-10-02;pont_de_chavanay;AROMEHD;2026-10-02T10:00;6.5;12.4;17.0;18.6;0.0;;3.0;0.0;99.0;99.0;45.42;4.75;141.0;2026-10-01T19:15:00+02:00;2026-10-01T21:39:41+02:00;bf4613c64f50
2026-10-02;pont_de_chavanay;AROMEHD;2026-10-02T11:00;7.4;13.8;18.0;19.5;0.0;;1.0;0.0;100.0;100.0;45.42;4.75;141.0;2026-10-01T19:15:00+02:00;2026-10-01T21:39:41+02:00;bf4613c64f50
2026-10-02;pont_de_chavanay;AROMEHD;2026-10-02T12:00;7.3;14.2;11.0;20.5;0.0;;3.0;0.0;100.0;100.0;45.42;4.75;141.0;2026-10-01T19:15:00+02:00;2026-10-01T21:39:41+02:00;bf4613c64f50
2026-10-02;pont_de_chavanay;AROMEHD;2026-10-02T13:00;7.4;14.6;14.0;21.3;0.0;;0.0;0.0;99.0;99.0;45.42;4.75;141.0;2026-10-01T19:15:00+02:00;2026-10-01T21:39:41+02:00;bf4613c64f50
2026-10-02;pont_de_chavanay;AROMEHD;2026-10-02T14:00;6.2;14.4;24.0;21.9;0.0;;1.0;0.0;55.0;55.0;45.42;4.75;141.0;2026-10-01T19:15:00+02:00;2026-10-01T21:39:41+02:00;bf4613c64f50
2026-10-02;pont_de_chavanay;AROMEHD;2026-10-02T15:00;6.6;12.8;34.0;22.3;0.0;;0.0;0.0;6.0;6.0;45.42;4.75;141.0;2026-10-01T19:15:00+02:00;2026-10-01T21:39:41+02:00;bf4613c64f50
2026-10-02;pont_de_chavanay;AROMEHD;2026-10-02T16:00;6.3;12.8;34.0;22.5;0.0;;0.0;0.0;23.0;23.0;45.42;4.75;141.0;2026-10-01T19:15:00+02:00;2026-10-01T21:39:41+02:00;bf4613c64f50
2026-10-02;pont_de_chavanay;AROMEHD;2026-10-02T17:00;5.5;12.1;32.0;22.5;0.0;;0.0;0.0;0.0;0.0;45.42;4.75;141.0;2026-10-01T19:15:00+02:00;2026-10-01T21:39:41+02:00;bf4613c64f50
2026-10-02;pont_de_chavanay;AROMEHD;2026-10-02T18:00;4.7;10.5;35.0;22.3;0.0;;0.0;0.0;100.0;100.0;45.42;4.75;141.0;2026-10-01T19:15:00+02:00;2026-10-01T21:39:41+02:00;bf4613c64f50
2026-10-02;pont_de_chavanay;AROMEHD;2026-10-02T19:00;3.2;8.6;33.0;21.5;0.0;;0.0;0.0;100.0;100.0;45.42;4.75;141.0;2026-10-01T19:15:00+02:00;2026-10-01T21:39:41+02:00;bf4613c64f50
2026-10-02;pont_de_chavanay;AROMEHD;2026-10-02T20:00;1.6;5.1;330.0;20.0;0.0;;0.0;0.0;100.0;100.0;45.42;4.75;141.0;2026-10-01T19:15:00+02:00;2026-10-01T21:39:41+02:00;bf4613c64f50
2026-10-02;pont_de_chavanay;AROMEHD;2026-10-02T21:00;1.4;1.9;304.0;18.6;0.0;;0.0;1.0;100.0;100.0;45.42;4.75;141.0;2026-10-01T19:15:00+02:00;2026-10-01T21:39:41+02:00;bf4613c64f50
2026-10-02;pont_de_chavanay;AROMEHD;2026-10-02T22:00;1.4;1.7;315.0;18.0;0.0;;0.0;3.0;100.0;100.0;45.42;4.75;141.0;2026-10-01T19:15:00+02:00;2026-10-01T21:39:41+02:00;bf4613c64f50
2026-10-02;pont_de_chavanay;AROMEHD;2026-10-02T23:00;0.9;1.6;27.0;17.6;0.0;;0.0;13.0;100.0;100.0;45.42;4.75;141.0;2026-10-01T19:15:00+02:00;2026-10-01T21:39:41+02:00;bf4613c64f50
2026-10-02;pont_de_chavanay;AROMEHD;2026-10-03T00:00;0.9;1.7;27.0;16.9;0.0;;2.0;20.0;100.0;100.0;45.42;4.75;141.0;2026-10-01T19:15:00+02:00;2026-10-01T21:39:41+02:00;bf4613c64f50
2026-10-02;pont_de_chavanay;ICONCH1;2026-10-02T01:00;5.1;7.4;302.0;17.8;0.0;42.0;3.0;0.0;40.0;42.0;45.416153;4.741211;147.0;2026-10-01T19:15:00+02:00;2026-10-01T21:39:41+02:00;bf4613c64f50
2026-10-02;pont_de_chavanay;ICONCH1;2026-10-02T02:00;4.3;8.6;300.0;17.6;0.0;33.0;0.0;0.0;33.0;33.0;45.416153;4.741211;147.0;2026-10-01T19:15:00+02:00;2026-10-01T21:39:41+02:00;bf4613c64f50
2026-10-02;pont_de_chavanay;ICONCH1;2026-10-02T03:00;1.6;6.4;263.0;16.2;0.0;65.0;0.0;0.0;65.0;65.0;45.416153;4.741211;147.0;2026-10-01T19:15:00+02:00;2026-10-01T21:39:41+02:00;bf4613c64f50
2026-10-02;pont_de_chavanay;ICONCH1;2026-10-02T04:00;2.2;4.3;315.0;17.0;0.0;61.0;0.0;0.0;61.0;61.0;45.416153;4.741211;147.0;2026-10-01T19:15:00+02:00;2026-10-01T21:39:41+02:00;bf4613c64f50
2026-10-02;pont_de_chavanay;ICONCH1;2026-10-02T05:00;1.2;3.1;321.0;16.6;0.0;100.0;0.0;34.0;100.0;100.0;45.416153;4.741211;147.0;2026-10-01T19:15:00+02:00;2026-10-01T21:39:41+02:00;bf4613c64f50
2026-10-02;pont_de_chavanay;ICONCH1;2026-10-02T06:00;1.1;1.9;329.0;16.1;0.0;100.0;0.0;42.0;100.0;100.0;45.416153;4.741211;147.0;2026-10-01T19:15:00+02:00;2026-10-01T21:39:41+02:00;bf4613c64f50
2026-10-02;pont_de_chavanay;ICONCH1;2026-10-02T07:00;0.5;1.6;135.0;15.0;0.0;100.0;11.0;0.0;100.0;100.0;45.416153;4.741211;147.0;2026-10-01T19:15:00+02:00;2026-10-01T21:39:41+02:00;bf4613c64f50
2026-10-02;pont_de_chavanay;ICONCH1;2026-10-02T08:00;1.0;1.2;143.0;14.9;0.0;100.0;38.0;0.0;100.0;100.0;45.416153;4.741211;147.0;2026-10-01T19:15:00+02:00;2026-10-01T21:39:41+02:00;bf4613c64f50
2026-10-02;pont_de_chavanay;ICONCH1;2026-10-02T09:00;0.4;1.2;180.0;15.5;0.0;100.0;55.0;0.0;100.0;100.0;45.416153;4.741211;147.0;2026-10-01T19:15:00+02:00;2026-10-01T21:39:41+02:00;bf4613c64f50
2026-10-02;pont_de_chavanay;ICONCH1;2026-10-02T10:00;7.8;11.7;22.0;18.1;0.0;89.0;49.0;0.0;71.0;89.0;45.416153;4.741211;147.0;2026-10-01T19:15:00+02:00;2026-10-01T21:39:41+02:00;bf4613c64f50
2026-10-02;pont_de_chavanay;ICONCH1;2026-10-02T11:00;9.2;14.2;22.0;18.8;0.0;95.0;37.0;0.0;88.0;95.0;45.416153;4.741211;147.0;2026-10-01T19:15:00+02:00;2026-10-01T21:39:41+02:00;bf4613c64f50
2026-10-02;pont_de_chavanay;ICONCH1;2026-10-02T12:00;8.9;14.6;16.0;19.8;0.0;99.0;13.0;0.0;98.0;99.0;45.416153;4.741211;147.0;2026-10-01T19:15:00+02:00;2026-10-01T21:39:41+02:00;bf4613c64f50
2026-10-02;pont_de_chavanay;ICONCH1;2026-10-02T13:00;8.6;14.0;21.0;20.9;0.0;88.0;0.0;0.0;88.0;88.0;45.416153;4.741211;147.0;2026-10-01T19:15:00+02:00;2026-10-01T21:39:41+02:00;bf4613c64f50
2026-10-02;pont_de_chavanay;ICONCH1;2026-10-02T14:00;7.7;13.4;24.0;21.9;0.0;69.0;0.0;0.0;69.0;69.0;45.416153;4.741211;147.0;2026-10-01T19:15:00+02:00;2026-10-01T21:39:41+02:00;bf4613c64f50
2026-10-02;pont_de_chavanay;ICONCH1;2026-10-02T15:00;5.7;11.9;35.0;22.6;0.0;37.0;0.0;0.0;37.0;37.0;45.416153;4.741211;147.0;2026-10-01T19:15:00+02:00;2026-10-01T21:39:41+02:00;bf4613c64f50
2026-10-02;pont_de_chavanay;ICONCH1;2026-10-02T16:00;4.7;8.9;55.0;23.0;0.0;21.0;0.0;0.0;21.0;21.0;45.416153;4.741211;147.0;2026-10-01T19:15:00+02:00;2026-10-01T21:39:41+02:00;bf4613c64f50
2026-10-02;pont_de_chavanay;ICONCH1;2026-10-02T17:00;3.7;7.4;51.0;23.1;0.0;100.0;0.0;0.0;100.0;100.0;45.416153;4.741211;147.0;2026-10-01T19:15:00+02:00;2026-10-01T21:39:41+02:00;bf4613c64f50
2026-10-02;pont_de_chavanay;ICONCH1;2026-10-02T18:00;2.8;5.8;56.0;23.0;0.0;100.0;0.0;0.0;100.0;100.0;45.416153;4.741211;147.0;2026-10-01T19:15:00+02:00;2026-10-01T21:39:41+02:00;bf4613c64f50
2026-10-02;pont_de_chavanay;ICONCH1;2026-10-02T19:00;1.3;4.3;63.0;22.4;0.0;100.0;0.0;0.0;100.0;100.0;45.416153;4.741211;147.0;2026-10-01T19:15:00+02:00;2026-10-01T21:39:41+02:00;bf4613c64f50
2026-10-02;pont_de_chavanay;ICONCH1;2026-10-02T20:00;6.1;9.3;279.0;19.2;0.0;100.0;0.0;0.0;100.0;100.0;45.416153;4.741211;147.0;2026-10-01T19:15:00+02:00;2026-10-01T21:39:41+02:00;bf4613c64f50
2026-10-02;pont_de_chavanay;ICONCH1;2026-10-02T21:00;5.7;9.5;278.0;18.0;0.0;100.0;0.0;0.0;100.0;100.0;45.416153;4.741211;147.0;2026-10-01T19:15:00+02:00;2026-10-01T21:39:41+02:00;bf4613c64f50
2026-10-02;pont_de_chavanay;ICONCH1;2026-10-02T22:00;5.1;8.6;281.0;17.2;0.0;96.0;0.0;0.0;96.0;96.0;45.416153;4.741211;147.0;2026-10-01T19:15:00+02:00;2026-10-01T21:39:41+02:00;bf4613c64f50
2026-10-02;pont_de_chavanay;ICONCH1;2026-10-02T23:00;4.2;7.4;283.0;16.9;0.0;100.0;0.0;0.0;100.0;100.0;45.416153;4.741211;147.0;2026-10-01T19:15:00+02:00;2026-10-01T21:39:41+02:00;bf4613c64f50
2026-10-02;portes_les_valence;AROMEHD;2026-10-02T01:00;7.7;15.4;28.0;18.4;0.0;;4.0;8.0;100.0;100.0;44.87;4.8599987;101.0;2026-10-01T19:15:00+02:00;2026-10-01T21:39:41+02:00;bf4613c64f50
2026-10-02;portes_les_valence;AROMEHD;2026-10-02T02:00;7.7;13.4;18.0;17.8;0.0;;0.0;0.0;100.0;100.0;44.87;4.8599987;101.0;2026-10-01T19:15:00+02:00;2026-10-01T21:39:41+02:00;bf4613c64f50
2026-10-02;portes_les_valence;AROMEHD;2026-10-02T03:00;8.5;14.6;17.0;17.5;0.0;;0.0;0.0;100.0;100.0;44.87;4.8599987;101.0;2026-10-01T19:15:00+02:00;2026-10-01T21:39:41+02:00;bf4613c64f50
2026-10-02;portes_les_valence;AROMEHD;2026-10-02T04:00;8.3;14.8;24.0;17.1;0.0;;0.0;0.0;100.0;100.0;44.87;4.8599987;101.0;2026-10-01T19:15:00+02:00;2026-10-01T21:39:41+02:00;bf4613c64f50
2026-10-02;portes_les_valence;AROMEHD;2026-10-02T05:00;8.3;14.4;21.0;16.8;0.0;;6.0;0.0;100.0;100.0;44.87;4.8599987;101.0;2026-10-01T19:15:00+02:00;2026-10-01T21:39:41+02:00;bf4613c64f50
2026-10-02;portes_les_valence;AROMEHD;2026-10-02T06:00;8.3;14.2;21.0;16.7;0.0;;70.0;0.0;100.0;100.0;44.87;4.8599987;101.0;2026-10-01T19:15:00+02:00;2026-10-01T21:39:41+02:00;bf4613c64f50
2026-10-02;portes_les_valence;AROMEHD;2026-10-02T07:00;8.5;14.6;16.0;16.7;0.0;;24.0;0.0;81.0;81.0;44.87;4.8599987;101.0;2026-10-01T19:15:00+02:00;2026-10-01T21:39:41+02:00;bf4613c64f50
2026-10-02;portes_les_valence;AROMEHD;2026-10-02T08:00;9.0;15.6;14.0;16.6;0.0;;9.0;0.0;100.0;100.0;44.87;4.8599987;101.0;2026-10-01T19:15:00+02:00;2026-10-01T21:39:41+02:00;bf4613c64f50
2026-10-02;portes_les_valence;AROMEHD;2026-10-02T09:00;9.5;16.7;17.0;17.3;0.0;;18.0;0.0;100.0;100.0;44.87;4.8599987;101.0;2026-10-01T19:15:00+02:00;2026-10-01T21:39:41+02:00;bf4613c64f50
2026-10-02;portes_les_valence;AROMEHD;2026-10-02T10:00;10.8;19.0;14.0;18.3;0.0;;16.0;0.0;100.0;100.0;44.87;4.8599987;101.0;2026-10-01T19:15:00+02:00;2026-10-01T21:39:41+02:00;bf4613c64f50
2026-10-02;portes_les_valence;AROMEHD;2026-10-02T11:00;10.3;18.9;11.0;19.3;0.0;;25.0;0.0;99.0;99.0;44.87;4.8599987;101.0;2026-10-01T19:15:00+02:00;2026-10-01T21:39:41+02:00;bf4613c64f50
2026-10-02;portes_les_valence;AROMEHD;2026-10-02T12:00;9.7;18.3;20.0;20.3;0.0;;24.0;0.0;63.0;63.0;44.87;4.8599987;101.0;2026-10-01T19:15:00+02:00;2026-10-01T21:39:41+02:00;bf4613c64f50
2026-10-02;portes_les_valence;AROMEHD;2026-10-02T13:00;9.1;17.5;20.0;21.4;0.0;;18.0;0.0;58.0;58.0;44.87;4.8599987;101.0;2026-10-01T19:15:00+02:00;2026-10-01T21:39:41+02:00;bf4613c64f50
2026-10-02;portes_les_valence;AROMEHD;2026-10-02T14:00;8.2;17.1;14.0;22.7;0.0;;0.0;0.0;0.0;0.0;44.87;4.8599987;101.0;2026-10-01T19:15:00+02:00;2026-10-01T21:39:41+02:00;bf4613c64f50
2026-10-02;portes_les_valence;AROMEHD;2026-10-02T15:00;8.3;15.7;11.0;23.7;0.0;;0.0;0.0;29.0;29.0;44.87;4.8599987;101.0;2026-10-01T19:15:00+02:00;2026-10-01T21:39:41+02:00;bf4613c64f50
2026-10-02;portes_les_valence;AROMEHD;2026-10-02T16:00;7.9;15.7;11.0;24.3;0.0;;0.0;0.0;100.0;100.0;44.87;4.8599987;101.0;2026-10-01T19:15:00+02:00;2026-10-01T21:39:41+02:00;bf4613c64f50
2026-10-02;portes_les_valence;AROMEHD;2026-10-02T17:00;7.8;15.0;6.0;24.4;0.0;;0.0;0.0;100.0;100.0;44.87;4.8599987;101.0;2026-10-01T19:15:00+02:00;2026-10-01T21:39:41+02:00;bf4613c64f50
2026-10-02;portes_les_valence;AROMEHD;2026-10-02T18:00;7.6;14.6;359.0;24.0;0.0;;0.0;0.0;100.0;100.0;44.87;4.8599987;101.0;2026-10-01T19:15:00+02:00;2026-10-01T21:39:41+02:00;bf4613c64f50
2026-10-02;portes_les_valence;AROMEHD;2026-10-02T19:00;7.1;13.6;352.0;23.0;0.0;;0.0;6.0;100.0;100.0;44.87;4.8599987;101.0;2026-10-01T19:15:00+02:00;2026-10-01T21:39:41+02:00;bf4613c64f50
2026-10-02;portes_les_valence;AROMEHD;2026-10-02T20:00;6.3;12.1;351.0;21.8;0.0;;1.0;10.0;100.0;100.0;44.87;4.8599987;101.0;2026-10-01T19:15:00+02:00;2026-10-01T21:39:41+02:00;bf4613c64f50
2026-10-02;portes_les_valence;AROMEHD;2026-10-02T21:00;5.5;10.3;356.0;20.9;0.0;;1.0;47.0;100.0;100.0;44.87;4.8599987;101.0;2026-10-01T19:15:00+02:00;2026-10-01T21:39:41+02:00;bf4613c64f50
2026-10-02;portes_les_valence;AROMEHD;2026-10-02T22:00;4.5;8.9;355.0;20.2;0.0;;3.0;63.0;100.0;100.0;44.87;4.8599987;101.0;2026-10-01T19:15:00+02:00;2026-10-01T21:39:41+02:00;bf4613c64f50
2026-10-02;portes_les_valence;AROMEHD;2026-10-02T23:00;2.9;7.0;356.0;19.9;0.0;;63.0;81.0;100.0;100.0;44.87;4.8599987;101.0;2026-10-01T19:15:00+02:00;2026-10-01T21:39:41+02:00;bf4613c64f50
2026-10-02;portes_les_valence;AROMEHD;2026-10-03T00:00;1.1;4.7;59.0;19.5;0.0;;13.0;52.0;100.0;100.0;44.87;4.8599987;101.0;2026-10-01T19:15:00+02:00;2026-10-01T21:39:41+02:00;bf4613c64f50
2026-10-02;portes_les_valence;ICONCH1;2026-10-02T01:00;8.5;15.0;9.0;17.6;0.0;100.0;42.0;0.0;100.0;100.0;44.870667;4.8635864;103.0;2026-10-01T19:15:00+02:00;2026-10-01T21:39:41+02:00;bf4613c64f50
2026-10-02;portes_les_valence;ICONCH1;2026-10-02T02:00;7.5;13.2;9.0;16.9;0.0;100.0;7.0;0.0;100.0;100.0;44.870667;4.8635864;103.0;2026-10-01T19:15:00+02:00;2026-10-01T21:39:41+02:00;bf4613c64f50
2026-10-02;portes_les_valence;ICONCH1;2026-10-02T03:00;8.5;13.2;9.0;16.7;0.0;100.0;0.0;0.0;100.0;100.0;44.870667;4.8635864;103.0;2026-10-01T19:15:00+02:00;2026-10-01T21:39:41+02:00;bf4613c64f50
2026-10-02;portes_les_valence;ICONCH1;2026-10-02T04:00;9.6;15.2;7.0;16.5;0.0;100.0;2.0;0.0;100.0;100.0;44.870667;4.8635864;103.0;2026-10-01T19:15:00+02:00;2026-10-01T21:39:41+02:00;bf4613c64f50
2026-10-02;portes_les_valence;ICONCH1;2026-10-02T05:00;10.3;16.1;11.0;16.3;0.0;100.0;7.0;0.0;100.0;100.0;44.870667;4.8635864;103.0;2026-10-01T19:15:00+02:00;2026-10-01T21:39:41+02:00;bf4613c64f50
2026-10-02;portes_les_valence;ICONCH1;2026-10-02T06:00;9.9;16.1;11.0;16.0;0.0;100.0;14.0;0.0;100.0;100.0;44.870667;4.8635864;103.0;2026-10-01T19:15:00+02:00;2026-10-01T21:39:41+02:00;bf4613c64f50
2026-10-02;portes_les_valence;ICONCH1;2026-10-02T07:00;9.9;15.6;11.0;15.8;0.0;100.0;25.0;0.0;100.0;100.0;44.870667;4.8635864;103.0;2026-10-01T19:15:00+02:00;2026-10-01T21:39:41+02:00;bf4613c64f50
2026-10-02;portes_les_valence;ICONCH1;2026-10-02T08:00;9.7;15.6;10.0;15.7;0.0;100.0;28.0;0.0;100.0;100.0;44.870667;4.8635864;103.0;2026-10-01T19:15:00+02:00;2026-10-01T21:39:41+02:00;bf4613c64f50
2026-10-02;portes_les_valence;ICONCH1;2026-10-02T09:00;10.5;16.3;11.0;16.3;0.0;100.0;26.0;0.0;100.0;100.0;44.870667;4.8635864;103.0;2026-10-01T19:15:00+02:00;2026-10-01T21:39:41+02:00;bf4613c64f50
2026-10-02;portes_les_valence;ICONCH1;2026-10-02T10:00;11.7;18.5;11.0;16.9;0.0;100.0;11.0;0.0;100.0;100.0;44.870667;4.8635864;103.0;2026-10-01T19:15:00+02:00;2026-10-01T21:39:41+02:00;bf4613c64f50
2026-10-02;portes_les_valence;ICONCH1;2026-10-02T11:00;12.0;19.2;9.0;18.1;0.0;99.0;42.0;0.0;97.0;99.0;44.870667;4.8635864;103.0;2026-10-01T19:15:00+02:00;2026-10-01T21:39:41+02:00;bf4613c64f50
2026-10-02;portes_les_valence;ICONCH1;2026-10-02T12:00;11.3;19.2;12.0;19.3;0.0;100.0;20.0;0.0;100.0;100.0;44.870667;4.8635864;103.0;2026-10-01T19:15:00+02:00;2026-10-01T21:39:41+02:00;bf4613c64f50
2026-10-02;portes_les_valence;ICONCH1;2026-10-02T13:00;10.2;18.1;14.0;20.4;0.0;85.0;9.0;0.0;79.0;85.0;44.870667;4.8635864;103.0;2026-10-01T19:15:00+02:00;2026-10-01T21:39:41+02:00;bf4613c64f50
2026-10-02;portes_les_valence;ICONCH1;2026-10-02T14:00;9.2;16.9;15.0;21.4;0.0;41.0;0.0;0.0;41.0;41.0;44.870667;4.8635864;103.0;2026-10-01T19:15:00+02:00;2026-10-01T21:39:41+02:00;bf4613c64f50
2026-10-02;portes_les_valence;ICONCH1;2026-10-02T15:00;8.7;15.2;16.0;22.3;0.0;80.0;0.0;0.0;80.0;80.0;44.870667;4.8635864;103.0;2026-10-01T19:15:00+02:00;2026-10-01T21:39:41+02:00;bf4613c64f50
2026-10-02;portes_les_valence;ICONCH1;2026-10-02T16:00;8.3;14.2;12.0;22.8;0.0;100.0;0.0;0.0;100.0;100.0;44.870667;4.8635864;103.0;2026-10-01T19:15:00+02:00;2026-10-01T21:39:41+02:00;bf4613c64f50
2026-10-02;portes_les_valence;ICONCH1;2026-10-02T17:00;8.0;13.6;13.0;23.0;0.0;100.0;0.0;0.0;100.0;100.0;44.870667;4.8635864;103.0;2026-10-01T19:15:00+02:00;2026-10-01T21:39:41+02:00;bf4613c64f50
2026-10-02;portes_les_valence;ICONCH1;2026-10-02T18:00;6.9;12.8;11.0;22.9;0.0;100.0;0.0;0.0;100.0;100.0;44.870667;4.8635864;103.0;2026-10-01T19:15:00+02:00;2026-10-01T21:39:41+02:00;bf4613c64f50
2026-10-02;portes_les_valence;ICONCH1;2026-10-02T19:00;5.3;10.9;352.0;22.1;0.0;100.0;0.0;0.0;100.0;100.0;44.870667;4.8635864;103.0;2026-10-01T19:15:00+02:00;2026-10-01T21:39:41+02:00;bf4613c64f50
2026-10-02;portes_les_valence;ICONCH1;2026-10-02T20:00;5.0;8.4;329.0;20.3;0.0;93.0;46.0;47.0;79.0;93.0;44.870667;4.8635864;103.0;2026-10-01T19:15:00+02:00;2026-10-01T21:39:41+02:00;bf4613c64f50
2026-10-02;portes_les_valence;ICONCH1;2026-10-02T21:00;4.6;8.6;327.0;19.6;0.0;97.0;70.0;59.0;81.0;97.0;44.870667;4.8635864;103.0;2026-10-01T19:15:00+02:00;2026-10-01T21:39:41+02:00;bf4613c64f50
2026-10-02;portes_les_valence;ICONCH1;2026-10-02T22:00;3.4;7.2;347.0;19.3;0.0;93.0;59.0;34.0;71.0;93.0;44.870667;4.8635864;103.0;2026-10-01T19:15:00+02:00;2026-10-01T21:39:41+02:00;bf4613c64f50
2026-10-02;portes_les_valence;ICONCH1;2026-10-02T23:00;1.4;5.1;34.0;18.2;0.0;99.0;31.0;44.0;98.0;99.0;44.870667;4.8635864;103.0;2026-10-01T19:15:00+02:00;2026-10-01T21:39:41+02:00;bf4613c64f50
2026-10-02;roche_de_glun;AROMEHD;2026-10-02T01:00;5.0;11.3;339.0;18.7;0.0;;99.0;4.0;100.0;100.0;45.03;4.84;116.0;2026-10-01T19:15:00+02:00;2026-10-01T21:39:41+02:00;bf4613c64f50
2026-10-02;roche_de_glun;AROMEHD;2026-10-02T02:00;4.8;10.7;348.0;18.5;0.0;;22.0;0.0;100.0;100.0;45.03;4.84;116.0;2026-10-01T19:15:00+02:00;2026-10-01T21:39:41+02:00;bf4613c64f50
2026-10-02;roche_de_glun;AROMEHD;2026-10-02T03:00;3.1;9.9;4.0;17.2;0.0;;5.0;0.0;100.0;100.0;45.03;4.84;116.0;2026-10-01T19:15:00+02:00;2026-10-01T21:39:41+02:00;bf4613c64f50
2026-10-02;roche_de_glun;AROMEHD;2026-10-02T04:00;4.2;8.2;338.0;16.8;0.0;;1.0;0.0;95.0;95.0;45.03;4.84;116.0;2026-10-01T19:15:00+02:00;2026-10-01T21:39:41+02:00;bf4613c64f50
2026-10-02;roche_de_glun;AROMEHD;2026-10-02T05:00;4.3;9.3;333.0;16.5;0.0;;0.0;0.0;100.0;100.0;45.03;4.84;116.0;2026-10-01T19:15:00+02:00;2026-10-01T21:39:41+02:00;bf4613c64f50
2026-10-02;roche_de_glun;AROMEHD;2026-10-02T06:00;4.4;9.1;337.0;16.3;0.0;;11.0;0.0;100.0;100.0;45.03;4.84;116.0;2026-10-01T19:15:00+02:00;2026-10-01T21:39:41+02:00;bf4613c64f50
2026-10-02;roche_de_glun;AROMEHD;2026-10-02T07:00;4.6;9.7;338.0;16.1;0.0;;11.0;0.0;99.0;99.0;45.03;4.84;116.0;2026-10-01T19:15:00+02:00;2026-10-01T21:39:41+02:00;bf4613c64f50
2026-10-02;roche_de_glun;AROMEHD;2026-10-02T08:00;5.0;10.3;334.0;16.0;0.0;;84.0;0.0;100.0;100.0;45.03;4.84;116.0;2026-10-01T19:15:00+02:00;2026-10-01T21:39:41+02:00;bf4613c64f50
2026-10-02;roche_de_glun;AROMEHD;2026-10-02T09:00;4.7;10.7;341.0;16.9;0.0;;83.0;0.0;100.0;100.0;45.03;4.84;116.0;2026-10-01T19:15:00+02:00;2026-10-01T21:39:41+02:00;bf4613c64f50
2026-10-02;roche_de_glun;AROMEHD;2026-10-02T10:00;6.9;15.4;344.0;18.1;0.0;;57.0;0.0;100.0;100.0;45.03;4.84;116.0;2026-10-01T19:15:00+02:00;2026-10-01T21:39:41+02:00;bf4613c64f50
2026-10-02;roche_de_glun;AROMEHD;2026-10-02T11:00;7.0;15.6;346.0;19.2;0.0;;28.0;0.0;100.0;100.0;45.03;4.84;116.0;2026-10-01T19:15:00+02:00;2026-10-01T21:39:41+02:00;bf4613c64f50
2026-10-02;roche_de_glun;AROMEHD;2026-10-02T12:00;5.8;15.4;4.0;20.6;0.0;;66.0;0.0;90.0;90.0;45.03;4.84;116.0;2026-10-01T19:15:00+02:00;2026-10-01T21:39:41+02:00;bf4613c64f50
2026-10-02;roche_de_glun;AROMEHD;2026-10-02T13:00;5.1;13.6;353.0;21.7;0.0;;0.0;0.0;74.0;74.0;45.03;4.84;116.0;2026-10-01T19:15:00+02:00;2026-10-01T21:39:41+02:00;bf4613c64f50
2026-10-02;roche_de_glun;AROMEHD;2026-10-02T14:00;5.3;13.2;352.0;22.7;0.0;;0.0;0.0;0.0;0.0;45.03;4.84;116.0;2026-10-01T19:15:00+02:00;2026-10-01T21:39:41+02:00;bf4613c64f50
2026-10-02;roche_de_glun;AROMEHD;2026-10-02T15:00;5.1;12.8;351.0;23.4;0.0;;0.0;0.0;0.0;0.0;45.03;4.84;116.0;2026-10-01T19:15:00+02:00;2026-10-01T21:39:41+02:00;bf4613c64f50
2026-10-02;roche_de_glun;AROMEHD;2026-10-02T16:00;5.0;12.4;347.0;23.6;0.0;;1.0;0.0;20.0;20.0;45.03;4.84;116.0;2026-10-01T19:15:00+02:00;2026-10-01T21:39:41+02:00;bf4613c64f50
2026-10-02;roche_de_glun;AROMEHD;2026-10-02T17:00;4.9;11.9;342.0;23.6;0.0;;0.0;0.0;100.0;100.0;45.03;4.84;116.0;2026-10-01T19:15:00+02:00;2026-10-01T21:39:41+02:00;bf4613c64f50
2026-10-02;roche_de_glun;AROMEHD;2026-10-02T18:00;4.8;11.3;333.0;23.0;0.0;;0.0;0.0;100.0;100.0;45.03;4.84;116.0;2026-10-01T19:15:00+02:00;2026-10-01T21:39:41+02:00;bf4613c64f50
2026-10-02;roche_de_glun;AROMEHD;2026-10-02T19:00;4.4;10.1;322.0;21.8;0.0;;0.0;0.0;100.0;100.0;45.03;4.84;116.0;2026-10-01T19:15:00+02:00;2026-10-01T21:39:41+02:00;bf4613c64f50
2026-10-02;roche_de_glun;AROMEHD;2026-10-02T20:00;4.6;9.3;327.0;20.6;0.0;;0.0;0.0;100.0;100.0;45.03;4.84;116.0;2026-10-01T19:15:00+02:00;2026-10-01T21:39:41+02:00;bf4613c64f50
2026-10-02;roche_de_glun;AROMEHD;2026-10-02T21:00;3.4;9.1;329.0;19.6;0.0;;2.0;27.0;100.0;100.0;45.03;4.84;116.0;2026-10-01T19:15:00+02:00;2026-10-01T21:39:41+02:00;bf4613c64f50
2026-10-02;roche_de_glun;AROMEHD;2026-10-02T22:00;2.8;6.0;309.0;19.1;0.0;;5.0;34.0;100.0;100.0;45.03;4.84;116.0;2026-10-01T19:15:00+02:00;2026-10-01T21:39:41+02:00;bf4613c64f50
2026-10-02;roche_de_glun;AROMEHD;2026-10-02T23:00;2.7;5.1;300.0;18.8;0.0;;33.0;79.0;100.0;100.0;45.03;4.84;116.0;2026-10-01T19:15:00+02:00;2026-10-01T21:39:41+02:00;bf4613c64f50
2026-10-02;roche_de_glun;AROMEHD;2026-10-03T00:00;1.8;5.1;328.0;18.7;0.0;;13.0;35.0;100.0;100.0;45.03;4.84;116.0;2026-10-01T19:15:00+02:00;2026-10-01T21:39:41+02:00;bf4613c64f50
2026-10-02;roche_de_glun;ICONCH1;2026-10-02T01:00;3.9;10.1;351.0;17.1;0.0;100.0;33.0;0.0;100.0;100.0;45.020344;4.8496704;118.0;2026-10-01T19:15:00+02:00;2026-10-01T21:39:41+02:00;bf4613c64f50
2026-10-02;roche_de_glun;ICONCH1;2026-10-02T02:00;4.9;8.4;355.0;16.6;0.0;100.0;20.0;0.0;100.0;100.0;45.020344;4.8496704;118.0;2026-10-01T19:15:00+02:00;2026-10-01T21:39:41+02:00;bf4613c64f50
2026-10-02;roche_de_glun;ICONCH1;2026-10-02T03:00;4.5;7.4;350.0;16.1;0.0;100.0;12.0;0.0;100.0;100.0;45.020344;4.8496704;118.0;2026-10-01T19:15:00+02:00;2026-10-01T21:39:41+02:00;bf4613c64f50
2026-10-02;roche_de_glun;ICONCH1;2026-10-02T04:00;5.6;8.7;335.0;15.8;0.0;100.0;10.0;0.0;100.0;100.0;45.020344;4.8496704;118.0;2026-10-01T19:15:00+02:00;2026-10-01T21:39:41+02:00;bf4613c64f50
2026-10-02;roche_de_glun;ICONCH1;2026-10-02T05:00;5.9;9.3;337.0;15.6;0.0;99.0;22.0;0.0;99.0;99.0;45.020344;4.8496704;118.0;2026-10-01T19:15:00+02:00;2026-10-01T21:39:41+02:00;bf4613c64f50
2026-10-02;roche_de_glun;ICONCH1;2026-10-02T06:00;6.3;9.9;333.0;15.3;0.0;92.0;30.0;0.0;83.0;92.0;45.020344;4.8496704;118.0;2026-10-01T19:15:00+02:00;2026-10-01T21:39:41+02:00;bf4613c64f50
2026-10-02;roche_de_glun;ICONCH1;2026-10-02T07:00;6.7;10.3;334.0;15.1;0.0;100.0;35.0;3.0;100.0;100.0;45.020344;4.8496704;118.0;2026-10-01T19:15:00+02:00;2026-10-01T21:39:41+02:00;bf4613c64f50
2026-10-02;roche_de_glun;ICONCH1;2026-10-02T08:00;6.3;10.3;334.0;15.1;0.0;100.0;53.0;0.0;100.0;100.0;45.020344;4.8496704;118.0;2026-10-01T19:15:00+02:00;2026-10-01T21:39:41+02:00;bf4613c64f50
2026-10-02;roche_de_glun;ICONCH1;2026-10-02T09:00;7.3;11.5;340.0;15.8;0.0;100.0;59.0;0.0;100.0;100.0;45.020344;4.8496704;118.0;2026-10-01T19:15:00+02:00;2026-10-01T21:39:41+02:00;bf4613c64f50
2026-10-02;roche_de_glun;ICONCH1;2026-10-02T10:00;8.3;13.4;339.0;16.7;0.0;100.0;66.0;0.0;100.0;100.0;45.020344;4.8496704;118.0;2026-10-01T19:15:00+02:00;2026-10-01T21:39:41+02:00;bf4613c64f50
2026-10-02;roche_de_glun;ICONCH1;2026-10-02T11:00;9.7;15.6;350.0;18.0;0.0;100.0;72.0;0.0;100.0;100.0;45.020344;4.8496704;118.0;2026-10-01T19:15:00+02:00;2026-10-01T21:39:41+02:00;bf4613c64f50
2026-10-02;roche_de_glun;ICONCH1;2026-10-02T12:00;9.2;16.1;355.0;19.1;0.0;100.0;43.0;0.0;100.0;100.0;45.020344;4.8496704;118.0;2026-10-01T19:15:00+02:00;2026-10-01T21:39:41+02:00;bf4613c64f50
2026-10-02;roche_de_glun;ICONCH1;2026-10-02T13:00;8.2;15.2;357.0;20.1;0.0;100.0;6.0;0.0;100.0;100.0;45.020344;4.8496704;118.0;2026-10-01T19:15:00+02:00;2026-10-01T21:39:41+02:00;bf4613c64f50
2026-10-02;roche_de_glun;ICONCH1;2026-10-02T14:00;6.8;13.4;3.0;21.5;0.0;41.0;0.0;0.0;41.0;41.0;45.020344;4.8496704;118.0;2026-10-01T19:15:00+02:00;2026-10-01T21:39:41+02:00;bf4613c64f50
2026-10-02;roche_de_glun;ICONCH1;2026-10-02T15:00;6.1;11.5;7.0;22.4;0.0;64.0;0.0;0.0;64.0;64.0;45.020344;4.8496704;118.0;2026-10-01T19:15:00+02:00;2026-10-01T21:39:41+02:00;bf4613c64f50
2026-10-02;roche_de_glun;ICONCH1;2026-10-02T16:00;6.0;10.3;4.0;23.0;0.0;100.0;0.0;0.0;100.0;100.0;45.020344;4.8496704;118.0;2026-10-01T19:15:00+02:00;2026-10-01T21:39:41+02:00;bf4613c64f50
2026-10-02;roche_de_glun;ICONCH1;2026-10-02T17:00;6.2;10.5;5.0;23.2;0.0;52.0;0.0;0.0;52.0;52.0;45.020344;4.8496704;118.0;2026-10-01T19:15:00+02:00;2026-10-01T21:39:41+02:00;bf4613c64f50
2026-10-02;roche_de_glun;ICONCH1;2026-10-02T18:00;5.7;10.1;4.0;22.8;0.0;100.0;0.0;0.0;100.0;100.0;45.020344;4.8496704;118.0;2026-10-01T19:15:00+02:00;2026-10-01T21:39:41+02:00;bf4613c64f50
2026-10-02;roche_de_glun;ICONCH1;2026-10-02T19:00;4.5;9.1;329.0;21.9;0.0;100.0;0.0;0.0;100.0;100.0;45.020344;4.8496704;118.0;2026-10-01T19:15:00+02:00;2026-10-01T21:39:41+02:00;bf4613c64f50
2026-10-02;roche_de_glun;ICONCH1;2026-10-02T20:00;3.8;7.2;305.0;20.1;0.0;100.0;0.0;8.0;100.0;100.0;45.020344;4.8496704;118.0;2026-10-01T19:15:00+02:00;2026-10-01T21:39:41+02:00;bf4613c64f50
2026-10-02;roche_de_glun;ICONCH1;2026-10-02T21:00;2.9;6.0;318.0;19.3;0.0;100.0;0.0;45.0;100.0;100.0;45.020344;4.8496704;118.0;2026-10-01T19:15:00+02:00;2026-10-01T21:39:41+02:00;bf4613c64f50
2026-10-02;roche_de_glun;ICONCH1;2026-10-02T22:00;2.8;4.5;335.0;18.7;0.0;89.0;51.0;47.0;61.0;89.0;45.020344;4.8496704;118.0;2026-10-01T19:15:00+02:00;2026-10-01T21:39:41+02:00;bf4613c64f50
2026-10-02;roche_de_glun;ICONCH1;2026-10-02T23:00;2.6;4.7;351.0;18.3;0.0;88.0;0.0;69.0;69.0;88.0;45.020344;4.8496704;118.0;2026-10-01T19:15:00+02:00;2026-10-01T21:39:41+02:00;bf4613c64f50
2026-10-02;st_alban_du_rhone;AROMEHD;2026-10-02T01:00;6.7;11.1;330.0;18.6;0.0;;5.0;7.0;79.0;79.0;45.39;4.76;140.0;2026-10-01T19:15:00+02:00;2026-10-01T21:39:41+02:00;bf4613c64f50
2026-10-02;st_alban_du_rhone;AROMEHD;2026-10-02T02:00;7.2;12.4;329.0;18.3;0.0;;5.0;0.0;67.0;67.0;45.39;4.76;140.0;2026-10-01T19:15:00+02:00;2026-10-01T21:39:41+02:00;bf4613c64f50
2026-10-02;st_alban_du_rhone;AROMEHD;2026-10-02T03:00;7.6;12.6;334.0;18.2;0.0;;3.0;1.0;100.0;100.0;45.39;4.76;140.0;2026-10-01T19:15:00+02:00;2026-10-01T21:39:41+02:00;bf4613c64f50
2026-10-02;st_alban_du_rhone;AROMEHD;2026-10-02T04:00;7.9;14.0;335.0;18.1;0.0;;0.0;0.0;100.0;100.0;45.39;4.76;140.0;2026-10-01T19:15:00+02:00;2026-10-01T21:39:41+02:00;bf4613c64f50
2026-10-02;st_alban_du_rhone;AROMEHD;2026-10-02T05:00;7.4;13.4;340.0;17.9;0.0;;0.0;0.0;100.0;100.0;45.39;4.76;140.0;2026-10-01T19:15:00+02:00;2026-10-01T21:39:41+02:00;bf4613c64f50
2026-10-02;st_alban_du_rhone;AROMEHD;2026-10-02T06:00;6.6;12.6;355.0;17.5;0.0;;1.0;0.0;100.0;100.0;45.39;4.76;140.0;2026-10-01T19:15:00+02:00;2026-10-01T21:39:41+02:00;bf4613c64f50
2026-10-02;st_alban_du_rhone;AROMEHD;2026-10-02T07:00;6.6;10.9;5.0;16.9;0.0;;25.0;0.0;100.0;100.0;45.39;4.76;140.0;2026-10-01T19:15:00+02:00;2026-10-01T21:39:41+02:00;bf4613c64f50
2026-10-02;st_alban_du_rhone;AROMEHD;2026-10-02T08:00;6.3;10.9;7.0;16.8;0.0;;83.0;0.0;100.0;100.0;45.39;4.76;140.0;2026-10-01T19:15:00+02:00;2026-10-01T21:39:41+02:00;bf4613c64f50
2026-10-02;st_alban_du_rhone;AROMEHD;2026-10-02T09:00;6.3;10.9;16.0;17.3;0.0;;50.0;0.0;100.0;100.0;45.39;4.76;140.0;2026-10-01T19:15:00+02:00;2026-10-01T21:39:41+02:00;bf4613c64f50
2026-10-02;st_alban_du_rhone;AROMEHD;2026-10-02T10:00;7.2;12.4;19.0;18.1;0.0;;3.0;0.0;100.0;100.0;45.39;4.76;140.0;2026-10-01T19:15:00+02:00;2026-10-01T21:39:41+02:00;bf4613c64f50
2026-10-02;st_alban_du_rhone;AROMEHD;2026-10-02T11:00;8.0;14.0;14.0;19.3;0.0;;1.0;0.0;100.0;100.0;45.39;4.76;140.0;2026-10-01T19:15:00+02:00;2026-10-01T21:39:41+02:00;bf4613c64f50
2026-10-02;st_alban_du_rhone;AROMEHD;2026-10-02T12:00;8.0;14.6;7.0;20.4;0.0;;3.0;0.0;100.0;100.0;45.39;4.76;140.0;2026-10-01T19:15:00+02:00;2026-10-01T21:39:41+02:00;bf4613c64f50
2026-10-02;st_alban_du_rhone;AROMEHD;2026-10-02T13:00;8.1;15.2;8.0;21.2;0.0;;0.0;0.0;100.0;100.0;45.39;4.76;140.0;2026-10-01T19:15:00+02:00;2026-10-01T21:39:41+02:00;bf4613c64f50
2026-10-02;st_alban_du_rhone;AROMEHD;2026-10-02T14:00;7.1;14.8;21.0;21.8;0.0;;0.0;0.0;61.0;61.0;45.39;4.76;140.0;2026-10-01T19:15:00+02:00;2026-10-01T21:39:41+02:00;bf4613c64f50
2026-10-02;st_alban_du_rhone;AROMEHD;2026-10-02T15:00;7.0;13.4;27.0;22.2;0.0;;0.0;0.0;3.0;3.0;45.39;4.76;140.0;2026-10-01T19:15:00+02:00;2026-10-01T21:39:41+02:00;bf4613c64f50
2026-10-02;st_alban_du_rhone;AROMEHD;2026-10-02T16:00;6.7;13.4;26.0;22.4;0.0;;0.0;0.0;9.0;9.0;45.39;4.76;140.0;2026-10-01T19:15:00+02:00;2026-10-01T21:39:41+02:00;bf4613c64f50
2026-10-02;st_alban_du_rhone;AROMEHD;2026-10-02T17:00;5.9;12.6;23.0;22.5;0.0;;0.0;0.0;1.0;1.0;45.39;4.76;140.0;2026-10-01T19:15:00+02:00;2026-10-01T21:39:41+02:00;bf4613c64f50
2026-10-02;st_alban_du_rhone;AROMEHD;2026-10-02T18:00;5.1;11.1;29.0;22.2;0.0;;0.0;0.0;100.0;100.0;45.39;4.76;140.0;2026-10-01T19:15:00+02:00;2026-10-01T21:39:41+02:00;bf4613c64f50
2026-10-02;st_alban_du_rhone;AROMEHD;2026-10-02T19:00;3.5;9.1;34.0;21.2;0.0;;0.0;0.0;100.0;100.0;45.39;4.76;140.0;2026-10-01T19:15:00+02:00;2026-10-01T21:39:41+02:00;bf4613c64f50
2026-10-02;st_alban_du_rhone;AROMEHD;2026-10-02T20:00;1.2;5.6;39.0;19.5;0.0;;0.0;0.0;100.0;100.0;45.39;4.76;140.0;2026-10-01T19:15:00+02:00;2026-10-01T21:39:41+02:00;bf4613c64f50
2026-10-02;st_alban_du_rhone;AROMEHD;2026-10-02T21:00;1.6;1.0;277.0;18.1;0.0;;0.0;0.0;100.0;100.0;45.39;4.76;140.0;2026-10-01T19:15:00+02:00;2026-10-01T21:39:41+02:00;bf4613c64f50
2026-10-02;st_alban_du_rhone;AROMEHD;2026-10-02T22:00;1.8;2.1;288.0;17.2;0.0;;0.0;3.0;100.0;100.0;45.39;4.76;140.0;2026-10-01T19:15:00+02:00;2026-10-01T21:39:41+02:00;bf4613c64f50
2026-10-02;st_alban_du_rhone;AROMEHD;2026-10-02T23:00;0.2;2.1;180.0;16.8;0.0;;0.0;14.0;100.0;100.0;45.39;4.76;140.0;2026-10-01T19:15:00+02:00;2026-10-01T21:39:41+02:00;bf4613c64f50
2026-10-02;st_alban_du_rhone;AROMEHD;2026-10-03T00:00;1.0;1.9;248.0;16.3;0.0;;6.0;27.0;100.0;100.0;45.39;4.76;140.0;2026-10-01T19:15:00+02:00;2026-10-01T21:39:41+02:00;bf4613c64f50
2026-10-02;st_alban_du_rhone;ICONCH1;2026-10-02T01:00;3.2;4.9;317.0;17.0;0.0;30.0;0.0;0.0;30.0;30.0;45.386887;4.758301;141.0;2026-10-01T19:15:00+02:00;2026-10-01T21:39:41+02:00;bf4613c64f50
2026-10-02;st_alban_du_rhone;ICONCH1;2026-10-02T02:00;1.6;4.7;14.0;16.5;0.0;55.0;0.0;0.0;55.0;55.0;45.386887;4.758301;141.0;2026-10-01T19:15:00+02:00;2026-10-01T21:39:41+02:00;bf4613c64f50
2026-10-02;st_alban_du_rhone;ICONCH1;2026-10-02T03:00;2.7;4.1;330.0;16.1;0.0;81.0;7.0;0.0;77.0;81.0;45.386887;4.758301;141.0;2026-10-01T19:15:00+02:00;2026-10-01T21:39:41+02:00;bf4613c64f50
2026-10-02;st_alban_du_rhone;ICONCH1;2026-10-02T04:00;2.1;4.7;5.0;15.4;0.0;88.0;10.0;13.0;76.0;88.0;45.386887;4.758301;141.0;2026-10-01T19:15:00+02:00;2026-10-01T21:39:41+02:00;bf4613c64f50
2026-10-02;st_alban_du_rhone;ICONCH1;2026-10-02T05:00;1.8;3.3;6.0;15.3;0.0;100.0;24.0;28.0;100.0;100.0;45.386887;4.758301;141.0;2026-10-01T19:15:00+02:00;2026-10-01T21:39:41+02:00;bf4613c64f50
2026-10-02;st_alban_du_rhone;ICONCH1;2026-10-02T06:00;1.8;3.1;347.0;15.3;0.0;100.0;39.0;38.0;100.0;100.0;45.386887;4.758301;141.0;2026-10-01T19:15:00+02:00;2026-10-01T21:39:41+02:00;bf4613c64f50
2026-10-02;st_alban_du_rhone;ICONCH1;2026-10-02T07:00;1.6;2.7;14.0;15.3;0.0;100.0;47.0;3.0;100.0;100.0;45.386887;4.758301;141.0;2026-10-01T19:15:00+02:00;2026-10-01T21:39:41+02:00;bf4613c64f50
2026-10-02;st_alban_du_rhone;ICONCH1;2026-10-02T08:00;1.2;2.7;18.0;15.2;0.0;100.0;63.0;0.0;100.0;100.0;45.386887;4.758301;141.0;2026-10-01T19:15:00+02:00;2026-10-01T21:39:41+02:00;bf4613c64f50
2026-10-02;st_alban_du_rhone;ICONCH1;2026-10-02T09:00;2.5;4.3;360.0;15.8;0.0;100.0;65.0;0.0;100.0;100.0;45.386887;4.758301;141.0;2026-10-01T19:15:00+02:00;2026-10-01T21:39:41+02:00;bf4613c64f50
2026-10-02;st_alban_du_rhone;ICONCH1;2026-10-02T10:00;8.5;13.8;32.0;17.4;0.0;89.0;52.0;0.0;70.0;89.0;45.386887;4.758301;141.0;2026-10-01T19:15:00+02:00;2026-10-01T21:39:41+02:00;bf4613c64f50
2026-10-02;st_alban_du_rhone;ICONCH1;2026-10-02T11:00;10.8;17.7;18.0;18.4;0.0;96.0;16.0;0.0;92.0;96.0;45.386887;4.758301;141.0;2026-10-01T19:15:00+02:00;2026-10-01T21:39:41+02:00;bf4613c64f50
2026-10-02;st_alban_du_rhone;ICONCH1;2026-10-02T12:00;10.0;17.9;13.0;19.5;0.0;100.0;11.0;0.0;100.0;100.0;45.386887;4.758301;141.0;2026-10-01T19:15:00+02:00;2026-10-01T21:39:41+02:00;bf4613c64f50
2026-10-02;st_alban_du_rhone;ICONCH1;2026-10-02T13:00;9.1;16.7;15.0;20.7;0.0;97.0;5.0;0.0;95.0;97.0;45.386887;4.758301;141.0;2026-10-01T19:15:00+02:00;2026-10-01T21:39:41+02:00;bf4613c64f50
2026-10-02;st_alban_du_rhone;ICONCH1;2026-10-02T14:00;7.8;15.0;14.0;21.9;0.0;75.0;0.0;0.0;75.0;75.0;45.386887;4.758301;141.0;2026-10-01T19:15:00+02:00;2026-10-01T21:39:41+02:00;bf4613c64f50
2026-10-02;st_alban_du_rhone;ICONCH1;2026-10-02T15:00;5.7;13.0;24.0;22.8;0.0;41.0;0.0;0.0;41.0;41.0;45.386887;4.758301;141.0;2026-10-01T19:15:00+02:00;2026-10-01T21:39:41+02:00;bf4613c64f50
2026-10-02;st_alban_du_rhone;ICONCH1;2026-10-02T16:00;4.3;9.7;27.0;23.5;0.0;21.0;0.0;0.0;21.0;21.0;45.386887;4.758301;141.0;2026-10-01T19:15:00+02:00;2026-10-01T21:39:41+02:00;bf4613c64f50
2026-10-02;st_alban_du_rhone;ICONCH1;2026-10-02T17:00;3.8;7.6;24.0;23.6;0.0;100.0;0.0;0.0;100.0;100.0;45.386887;4.758301;141.0;2026-10-01T19:15:00+02:00;2026-10-01T21:39:41+02:00;bf4613c64f50
2026-10-02;st_alban_du_rhone;ICONCH1;2026-10-02T18:00;2.9;6.4;28.0;23.3;0.0;100.0;0.0;0.0;100.0;100.0;45.386887;4.758301;141.0;2026-10-01T19:15:00+02:00;2026-10-01T21:39:41+02:00;bf4613c64f50
2026-10-02;st_alban_du_rhone;ICONCH1;2026-10-02T19:00;1.6;4.9;30.0;22.6;0.0;100.0;0.0;0.0;100.0;100.0;45.386887;4.758301;141.0;2026-10-01T19:15:00+02:00;2026-10-01T21:39:41+02:00;bf4613c64f50
2026-10-02;st_alban_du_rhone;ICONCH1;2026-10-02T20:00;5.5;8.7;266.0;19.0;0.0;100.0;0.0;0.0;100.0;100.0;45.386887;4.758301;141.0;2026-10-01T19:15:00+02:00;2026-10-01T21:39:41+02:00;bf4613c64f50
2026-10-02;st_alban_du_rhone;ICONCH1;2026-10-02T21:00;3.5;8.6;251.0;17.1;0.0;100.0;0.0;0.0;100.0;100.0;45.386887;4.758301;141.0;2026-10-01T19:15:00+02:00;2026-10-01T21:39:41+02:00;bf4613c64f50
2026-10-02;st_alban_du_rhone;ICONCH1;2026-10-02T22:00;2.6;5.8;243.0;16.3;0.0;100.0;0.0;0.0;100.0;100.0;45.386887;4.758301;141.0;2026-10-01T19:15:00+02:00;2026-10-01T21:39:41+02:00;bf4613c64f50
2026-10-02;st_alban_du_rhone;ICONCH1;2026-10-02T23:00;2.6;4.1;257.0;16.2;0.0;100.0;0.0;26.0;100.0;100.0;45.386887;4.758301;141.0;2026-10-01T19:15:00+02:00;2026-10-01T21:39:41+02:00;bf4613c64f50
2026-10-02;st_cyr_sur_le_rhone;AROMEHD;2026-10-02T01:00;4.6;11.3;345.0;17.3;0.0;;3.0;4.0;23.0;23.0;45.510002;4.8500004;190.0;2026-10-01T19:15:00+02:00;2026-10-01T21:39:41+02:00;bf4613c64f50
2026-10-02;st_cyr_sur_le_rhone;AROMEHD;2026-10-02T02:00;5.1;12.4;353.0;17.2;0.0;;1.0;3.0;37.0;37.0;45.510002;4.8500004;190.0;2026-10-01T19:15:00+02:00;2026-10-01T21:39:41+02:00;bf4613c64f50
2026-10-02;st_cyr_sur_le_rhone;AROMEHD;2026-10-02T03:00;4.7;12.2;7.0;16.9;0.0;;1.0;0.0;96.0;96.0;45.510002;4.8500004;190.0;2026-10-01T19:15:00+02:00;2026-10-01T21:39:41+02:00;bf4613c64f50
2026-10-02;st_cyr_sur_le_rhone;AROMEHD;2026-10-02T04:00;4.9;12.2;2.0;16.7;0.0;;0.0;0.0;100.0;100.0;45.510002;4.8500004;190.0;2026-10-01T19:15:00+02:00;2026-10-01T21:39:41+02:00;bf4613c64f50
2026-10-02;st_cyr_sur_le_rhone;AROMEHD;2026-10-02T05:00;4.1;11.9;19.0;16.3;0.0;;2.0;0.0;98.0;98.0;45.510002;4.8500004;190.0;2026-10-01T19:15:00+02:00;2026-10-01T21:39:41+02:00;bf4613c64f50
2026-10-02;st_cyr_sur_le_rhone;AROMEHD;2026-10-02T06:00;4.0;9.5;23.0;16.0;0.0;;51.0;0.0;100.0;100.0;45.510002;4.8500004;190.0;2026-10-01T19:15:00+02:00;2026-10-01T21:39:41+02:00;bf4613c64f50
2026-10-02;st_cyr_sur_le_rhone;AROMEHD;2026-10-02T07:00;3.9;9.5;27.0;15.9;0.0;;92.0;0.0;100.0;100.0;45.510002;4.8500004;190.0;2026-10-01T19:15:00+02:00;2026-10-01T21:39:41+02:00;bf4613c64f50
2026-10-02;st_cyr_sur_le_rhone;AROMEHD;2026-10-02T08:00;3.3;8.6;45.0;15.6;0.0;;99.0;0.0;100.0;100.0;45.510002;4.8500004;190.0;2026-10-01T19:15:00+02:00;2026-10-01T21:39:41+02:00;bf4613c64f50
2026-10-02;st_cyr_sur_le_rhone;AROMEHD;2026-10-02T09:00;3.6;8.4;36.0;15.8;0.0;;96.0;0.0;100.0;100.0;45.510002;4.8500004;190.0;2026-10-01T19:15:00+02:00;2026-10-01T21:39:41+02:00;bf4613c64f50
2026-10-02;st_cyr_sur_le_rhone;AROMEHD;2026-10-02T10:00;3.7;8.7;32.0;16.6;0.0;;50.0;0.0;90.0;90.0;45.510002;4.8500004;190.0;2026-10-01T19:15:00+02:00;2026-10-01T21:39:41+02:00;bf4613c64f50
2026-10-02;st_cyr_sur_le_rhone;AROMEHD;2026-10-02T11:00;4.1;10.3;31.0;18.1;0.0;;37.0;0.0;100.0;100.0;45.510002;4.8500004;190.0;2026-10-01T19:15:00+02:00;2026-10-01T21:39:41+02:00;bf4613c64f50
2026-10-02;st_cyr_sur_le_rhone;AROMEHD;2026-10-02T12:00;4.7;11.5;24.0;19.1;0.0;;26.0;0.0;100.0;100.0;45.510002;4.8500004;190.0;2026-10-01T19:15:00+02:00;2026-10-01T21:39:41+02:00;bf4613c64f50
2026-10-02;st_cyr_sur_le_rhone;AROMEHD;2026-10-02T13:00;4.9;12.2;23.0;19.9;0.0;;7.0;0.0;95.0;95.0;45.510002;4.8500004;190.0;2026-10-01T19:15:00+02:00;2026-10-01T21:39:41+02:00;bf4613c64f50
2026-10-02;st_cyr_sur_le_rhone;AROMEHD;2026-10-02T14:00;4.9;12.4;18.0;20.8;0.0;;0.0;0.0;50.0;50.0;45.510002;4.8500004;190.0;2026-10-01T19:15:00+02:00;2026-10-01T21:39:41+02:00;bf4613c64f50
2026-10-02;st_cyr_sur_le_rhone;AROMEHD;2026-10-02T15:00;4.7;12.6;19.0;21.3;0.0;;0.0;0.0;3.0;3.0;45.510002;4.8500004;190.0;2026-10-01T19:15:00+02:00;2026-10-01T21:39:41+02:00;bf4613c64f50
2026-10-02;st_cyr_sur_le_rhone;AROMEHD;2026-10-02T16:00;4.3;11.9;27.0;21.7;0.0;;0.0;0.0;42.0;42.0;45.510002;4.8500004;190.0;2026-10-01T19:15:00+02:00;2026-10-01T21:39:41+02:00;bf4613c64f50
2026-10-02;st_cyr_sur_le_rhone;AROMEHD;2026-10-02T17:00;4.3;10.9;27.0;21.9;0.0;;0.0;0.0;0.0;0.0;45.510002;4.8500004;190.0;2026-10-01T19:15:00+02:00;2026-10-01T21:39:41+02:00;bf4613c64f50
2026-10-02;st_cyr_sur_le_rhone;AROMEHD;2026-10-02T18:00;3.5;10.1;27.0;21.6;0.0;;0.0;0.0;49.0;49.0;45.510002;4.8500004;190.0;2026-10-01T19:15:00+02:00;2026-10-01T21:39:41+02:00;bf4613c64f50
2026-10-02;st_cyr_sur_le_rhone;AROMEHD;2026-10-02T19:00;2.6;8.0;48.0;20.8;0.0;;0.0;0.0;100.0;100.0;45.510002;4.8500004;190.0;2026-10-01T19:15:00+02:00;2026-10-01T21:39:41+02:00;bf4613c64f50
2026-10-02;st_cyr_sur_le_rhone;AROMEHD;2026-10-02T20:00;1.4;5.2;34.0;19.5;0.0;;0.0;0.0;100.0;100.0;45.510002;4.8500004;190.0;2026-10-01T19:15:00+02:00;2026-10-01T21:39:41+02:00;bf4613c64f50
2026-10-02;st_cyr_sur_le_rhone;AROMEHD;2026-10-02T21:00;1.0;2.7;307.0;18.1;0.0;;0.0;1.0;100.0;100.0;45.510002;4.8500004;190.0;2026-10-01T19:15:00+02:00;2026-10-01T21:39:41+02:00;bf4613c64f50
2026-10-02;st_cyr_sur_le_rhone;AROMEHD;2026-10-02T22:00;1.0;1.4;281.0;17.5;0.0;;0.0;3.0;100.0;100.0;45.510002;4.8500004;190.0;2026-10-01T19:15:00+02:00;2026-10-01T21:39:41+02:00;bf4613c64f50
2026-10-02;st_cyr_sur_le_rhone;AROMEHD;2026-10-02T23:00;0.5;0.8;225.0;17.0;0.0;;0.0;11.0;100.0;100.0;45.510002;4.8500004;190.0;2026-10-01T19:15:00+02:00;2026-10-01T21:39:41+02:00;bf4613c64f50
2026-10-02;st_cyr_sur_le_rhone;AROMEHD;2026-10-03T00:00;0.2;0.8;270.0;16.6;0.0;;1.0;23.0;100.0;100.0;45.510002;4.8500004;190.0;2026-10-01T19:15:00+02:00;2026-10-01T21:39:41+02:00;bf4613c64f50
2026-10-02;st_cyr_sur_le_rhone;ICONCH1;2026-10-02T01:00;5.6;9.7;346.0;16.3;0.0;42.0;0.0;0.0;42.0;42.0;45.511913;4.860718;186.0;2026-10-01T19:15:00+02:00;2026-10-01T21:39:41+02:00;bf4613c64f50
2026-10-02;st_cyr_sur_le_rhone;ICONCH1;2026-10-02T02:00;4.1;9.5;5.0;15.9;0.0;52.0;0.0;0.0;52.0;52.0;45.511913;4.860718;186.0;2026-10-01T19:15:00+02:00;2026-10-01T21:39:41+02:00;bf4613c64f50
2026-10-02;st_cyr_sur_le_rhone;ICONCH1;2026-10-02T03:00;4.1;7.2;25.0;15.3;0.0;51.0;3.0;0.0;48.0;51.0;45.511913;4.860718;186.0;2026-10-01T19:15:00+02:00;2026-10-01T21:39:41+02:00;bf4613c64f50
2026-10-02;st_cyr_sur_le_rhone;ICONCH1;2026-10-02T04:00;4.2;7.2;22.0;15.0;0.0;69.0;13.0;0.0;61.0;69.0;45.511913;4.860718;186.0;2026-10-01T19:15:00+02:00;2026-10-01T21:39:41+02:00;bf4613c64f50
2026-10-02;st_cyr_sur_le_rhone;ICONCH1;2026-10-02T05:00;4.8;8.2;21.0;14.6;0.0;100.0;26.0;10.0;100.0;100.0;45.511913;4.860718;186.0;2026-10-01T19:15:00+02:00;2026-10-01T21:39:41+02:00;bf4613c64f50
2026-10-02;st_cyr_sur_le_rhone;ICONCH1;2026-10-02T06:00;5.1;8.4;23.0;14.5;0.0;100.0;37.0;31.0;100.0;100.0;45.511913;4.860718;186.0;2026-10-01T19:15:00+02:00;2026-10-01T21:39:41+02:00;bf4613c64f50
2026-10-02;st_cyr_sur_le_rhone;ICONCH1;2026-10-02T07:00;5.7;9.5;18.0;14.4;0.0;100.0;55.0;19.0;100.0;100.0;45.511913;4.860718;186.0;2026-10-01T19:15:00+02:00;2026-10-01T21:39:41+02:00;bf4613c64f50
2026-10-02;st_cyr_sur_le_rhone;ICONCH1;2026-10-02T08:00;5.7;9.9;18.0;14.4;0.0;100.0;73.0;0.0;100.0;100.0;45.511913;4.860718;186.0;2026-10-01T19:15:00+02:00;2026-10-01T21:39:41+02:00;bf4613c64f50
2026-10-02;st_cyr_sur_le_rhone;ICONCH1;2026-10-02T09:00;5.8;9.5;20.0;15.0;0.0;100.0;75.0;0.0;100.0;100.0;45.511913;4.860718;186.0;2026-10-01T19:15:00+02:00;2026-10-01T21:39:41+02:00;bf4613c64f50
2026-10-02;st_cyr_sur_le_rhone;ICONCH1;2026-10-02T10:00;6.2;10.3;13.0;15.8;0.0;88.0;84.0;0.0;59.0;88.0;45.511913;4.860718;186.0;2026-10-01T19:15:00+02:00;2026-10-01T21:39:41+02:00;bf4613c64f50
2026-10-02;st_cyr_sur_le_rhone;ICONCH1;2026-10-02T11:00;6.7;11.3;12.0;16.8;0.0;88.0;72.0;0.0;68.0;88.0;45.511913;4.860718;186.0;2026-10-01T19:15:00+02:00;2026-10-01T21:39:41+02:00;bf4613c64f50
2026-10-02;st_cyr_sur_le_rhone;ICONCH1;2026-10-02T12:00;6.8;11.7;13.0;18.0;0.0;82.0;48.0;0.0;61.0;82.0;45.511913;4.860718;186.0;2026-10-01T19:15:00+02:00;2026-10-01T21:39:41+02:00;bf4613c64f50
2026-10-02;st_cyr_sur_le_rhone;ICONCH1;2026-10-02T13:00;6.0;11.3;15.0;19.4;0.0;90.0;9.0;0.0;85.0;90.0;45.511913;4.860718;186.0;2026-10-01T19:15:00+02:00;2026-10-01T21:39:41+02:00;bf4613c64f50
2026-10-02;st_cyr_sur_le_rhone;ICONCH1;2026-10-02T14:00;5.2;10.1;15.0;20.9;0.0;100.0;2.0;0.0;100.0;100.0;45.511913;4.860718;186.0;2026-10-01T19:15:00+02:00;2026-10-01T21:39:41+02:00;bf4613c64f50
2026-10-02;st_cyr_sur_le_rhone;ICONCH1;2026-10-02T15:00;4.3;8.7;18.0;22.0;0.0;100.0;0.0;0.0;100.0;100.0;45.511913;4.860718;186.0;2026-10-01T19:15:00+02:00;2026-10-01T21:39:41+02:00;bf4613c64f50
2026-10-02;st_cyr_sur_le_rhone;ICONCH1;2026-10-02T16:00;3.8;7.6;21.0;22.7;0.0;30.0;0.0;0.0;30.0;30.0;45.511913;4.860718;186.0;2026-10-01T19:15:00+02:00;2026-10-01T21:39:41+02:00;bf4613c64f50
2026-10-02;st_cyr_sur_le_rhone;ICONCH1;2026-10-02T17:00;3.6;6.4;29.0;22.8;0.0;52.0;0.0;0.0;52.0;52.0;45.511913;4.860718;186.0;2026-10-01T19:15:00+02:00;2026-10-01T21:39:41+02:00;bf4613c64f50
2026-10-02;st_cyr_sur_le_rhone;ICONCH1;2026-10-02T18:00;2.9;6.0;42.0;22.4;0.0;100.0;0.0;0.0;100.0;100.0;45.511913;4.860718;186.0;2026-10-01T19:15:00+02:00;2026-10-01T21:39:41+02:00;bf4613c64f50
2026-10-02;st_cyr_sur_le_rhone;ICONCH1;2026-10-02T19:00;1.2;4.9;39.0;21.3;0.0;100.0;0.0;0.0;100.0;100.0;45.511913;4.860718;186.0;2026-10-01T19:15:00+02:00;2026-10-01T21:39:41+02:00;bf4613c64f50
2026-10-02;st_cyr_sur_le_rhone;ICONCH1;2026-10-02T20:00;0.9;1.9;297.0;20.1;0.0;100.0;0.0;0.0;100.0;100.0;45.511913;4.860718;186.0;2026-10-01T19:15:00+02:00;2026-10-01T21:39:41+02:00;bf4613c64f50
2026-10-02;st_cyr_sur_le_rhone;ICONCH1;2026-10-02T21:00;1.2;2.1;252.0;18.9;0.0;100.0;0.0;0.0;100.0;100.0;45.511913;4.860718;186.0;2026-10-01T19:15:00+02:00;2026-10-01T21:39:41+02:00;bf4613c64f50
2026-10-02;st_cyr_sur_le_rhone;ICONCH1;2026-10-02T22:00;1.2;2.3;252.0;18.2;0.0;100.0;0.0;0.0;100.0;100.0;45.511913;4.860718;186.0;2026-10-01T19:15:00+02:00;2026-10-01T21:39:41+02:00;bf4613c64f50
2026-10-02;st_cyr_sur_le_rhone;ICONCH1;2026-10-02T23:00;0.8;1.7;90.0;17.0;0.0;100.0;0.0;7.0;100.0;100.0;45.511913;4.860718;186.0;2026-10-01T19:15:00+02:00;2026-10-01T21:39:41+02:00;bf4613c64f50
2026-10-02;st_romain_des_iles;AROMEHD;2026-10-02T01:00;1.5;1.9;50.0;13.8;0.0;;8.0;7.0;29.0;29.0;46.18;4.779999;169.0;2026-10-01T19:15:00+02:00;2026-10-01T21:39:41+02:00;bf4613c64f50
2026-10-02;st_romain_des_iles;AROMEHD;2026-10-02T02:00;4.2;6.0;349.0;14.5;0.0;;0.0;11.0;99.0;99.0;46.18;4.779999;169.0;2026-10-01T19:15:00+02:00;2026-10-01T21:39:41+02:00;bf4613c64f50
2026-10-02;st_romain_des_iles;AROMEHD;2026-10-02T03:00;3.5;6.8;6.0;14.6;0.0;;0.0;5.0;100.0;100.0;46.18;4.779999;169.0;2026-10-01T19:15:00+02:00;2026-10-01T21:39:41+02:00;bf4613c64f50
2026-10-02;st_romain_des_iles;AROMEHD;2026-10-02T04:00;3.9;5.4;27.0;14.0;0.0;;0.0;1.0;100.0;100.0;46.18;4.779999;169.0;2026-10-01T19:15:00+02:00;2026-10-01T21:39:41+02:00;bf4613c64f50
2026-10-02;st_romain_des_iles;AROMEHD;2026-10-02T05:00;4.7;6.6;42.0;13.1;0.0;;14.0;3.0;100.0;100.0;46.18;4.779999;169.0;2026-10-01T19:15:00+02:00;2026-10-01T21:39:41+02:00;bf4613c64f50
2026-10-02;st_romain_des_iles;AROMEHD;2026-10-02T06:00;4.2;6.6;34.0;12.6;0.0;;70.0;0.0;100.0;100.0;46.18;4.779999;169.0;2026-10-01T19:15:00+02:00;2026-10-01T21:39:41+02:00;bf4613c64f50
2026-10-02;st_romain_des_iles;AROMEHD;2026-10-02T07:00;3.8;6.0;24.0;12.5;0.0;;19.0;0.0;100.0;100.0;46.18;4.779999;169.0;2026-10-01T19:15:00+02:00;2026-10-01T21:39:41+02:00;bf4613c64f50
2026-10-02;st_romain_des_iles;AROMEHD;2026-10-02T08:00;6.1;9.1;9.0;13.5;0.0;;0.0;0.0;100.0;100.0;46.18;4.779999;169.0;2026-10-01T19:15:00+02:00;2026-10-01T21:39:41+02:00;bf4613c64f50
2026-10-02;st_romain_des_iles;AROMEHD;2026-10-02T09:00;4.6;9.1;28.0;14.7;0.0;;0.0;0.0;100.0;100.0;46.18;4.779999;169.0;2026-10-01T19:15:00+02:00;2026-10-01T21:39:41+02:00;bf4613c64f50
2026-10-02;st_romain_des_iles;AROMEHD;2026-10-02T10:00;5.7;10.1;31.0;16.7;0.0;;0.0;0.0;32.0;32.0;46.18;4.779999;169.0;2026-10-01T19:15:00+02:00;2026-10-01T21:39:41+02:00;bf4613c64f50
2026-10-02;st_romain_des_iles;AROMEHD;2026-10-02T11:00;5.8;10.9;42.0;18.0;0.0;;0.0;0.0;70.0;70.0;46.18;4.779999;169.0;2026-10-01T19:15:00+02:00;2026-10-01T21:39:41+02:00;bf4613c64f50
2026-10-02;st_romain_des_iles;AROMEHD;2026-10-02T12:00;7.6;13.6;40.0;19.2;0.0;;0.0;0.0;75.0;75.0;46.18;4.779999;169.0;2026-10-01T19:15:00+02:00;2026-10-01T21:39:41+02:00;bf4613c64f50
2026-10-02;st_romain_des_iles;AROMEHD;2026-10-02T13:00;7.9;14.4;40.0;20.4;0.0;;0.0;0.0;99.0;99.0;46.18;4.779999;169.0;2026-10-01T19:15:00+02:00;2026-10-01T21:39:41+02:00;bf4613c64f50
2026-10-02;st_romain_des_iles;AROMEHD;2026-10-02T14:00;6.9;14.4;38.0;21.5;0.0;;0.0;0.0;100.0;100.0;46.18;4.779999;169.0;2026-10-01T19:15:00+02:00;2026-10-01T21:39:41+02:00;bf4613c64f50
2026-10-02;st_romain_des_iles;AROMEHD;2026-10-02T15:00;6.7;13.6;46.0;21.9;0.0;;0.0;0.0;100.0;100.0;46.18;4.779999;169.0;2026-10-01T19:15:00+02:00;2026-10-01T21:39:41+02:00;bf4613c64f50
2026-10-02;st_romain_des_iles;AROMEHD;2026-10-02T16:00;6.0;12.6;52.0;22.3;0.0;;0.0;0.0;100.0;100.0;46.18;4.779999;169.0;2026-10-01T19:15:00+02:00;2026-10-01T21:39:41+02:00;bf4613c64f50
2026-10-02;st_romain_des_iles;AROMEHD;2026-10-02T17:00;5.5;11.5;45.0;22.3;0.0;;0.0;0.0;100.0;100.0;46.18;4.779999;169.0;2026-10-01T19:15:00+02:00;2026-10-01T21:39:41+02:00;bf4613c64f50
2026-10-02;st_romain_des_iles;AROMEHD;2026-10-02T18:00;3.3;9.9;54.0;22.1;0.0;;0.0;0.0;100.0;100.0;46.18;4.779999;169.0;2026-10-01T19:15:00+02:00;2026-10-01T21:39:41+02:00;bf4613c64f50
2026-10-02;st_romain_des_iles;AROMEHD;2026-10-02T19:00;1.8;5.8;77.0;20.9;0.0;;0.0;0.0;100.0;100.0;46.18;4.779999;169.0;2026-10-01T19:15:00+02:00;2026-10-01T21:39:41+02:00;bf4613c64f50
2026-10-02;st_romain_des_iles;AROMEHD;2026-10-02T20:00;1.4;2.3;270.0;18.5;0.0;;0.0;0.0;100.0;100.0;46.18;4.779999;169.0;2026-10-01T19:15:00+02:00;2026-10-01T21:39:41+02:00;bf4613c64f50
2026-10-02;st_romain_des_iles;AROMEHD;2026-10-02T21:00;0.8;1.6;194.0;17.0;0.0;;0.0;0.0;100.0;100.0;46.18;4.779999;169.0;2026-10-01T19:15:00+02:00;2026-10-01T21:39:41+02:00;bf4613c64f50
2026-10-02;st_romain_des_iles;AROMEHD;2026-10-02T22:00;2.1;2.7;175.0;15.5;0.0;;0.0;0.0;100.0;100.0;46.18;4.779999;169.0;2026-10-01T19:15:00+02:00;2026-10-01T21:39:41+02:00;bf4613c64f50
2026-10-02;st_romain_des_iles;AROMEHD;2026-10-02T23:00;0.8;2.5;135.0;14.8;0.0;;0.0;0.0;100.0;100.0;46.18;4.779999;169.0;2026-10-01T19:15:00+02:00;2026-10-01T21:39:41+02:00;bf4613c64f50
2026-10-02;st_romain_des_iles;AROMEHD;2026-10-03T00:00;1.3;1.4;153.0;14.2;0.0;;0.0;0.0;100.0;100.0;46.18;4.779999;169.0;2026-10-01T19:15:00+02:00;2026-10-01T21:39:41+02:00;bf4613c64f50
2026-10-02;st_romain_des_iles;ICONCH1;2026-10-02T01:00;2.6;3.9;347.0;15.8;0.0;0.0;0.0;0.0;0.0;0.0;46.179794;4.782837;176.0;2026-10-01T19:15:00+02:00;2026-10-01T21:39:41+02:00;bf4613c64f50
2026-10-02;st_romain_des_iles;ICONCH1;2026-10-02T02:00;2.7;5.1;360.0;15.5;0.0;2.0;0.0;0.0;2.0;2.0;46.179794;4.782837;176.0;2026-10-01T19:15:00+02:00;2026-10-01T21:39:41+02:00;bf4613c64f50
2026-10-02;st_romain_des_iles;ICONCH1;2026-10-02T03:00;3.5;5.4;19.0;15.3;0.0;28.0;0.0;0.0;28.0;28.0;46.179794;4.782837;176.0;2026-10-01T19:15:00+02:00;2026-10-01T21:39:41+02:00;bf4613c64f50
2026-10-02;st_romain_des_iles;ICONCH1;2026-10-02T04:00;4.5;7.4;18.0;15.0;0.0;16.0;0.0;0.0;16.0;16.0;46.179794;4.782837;176.0;2026-10-01T19:15:00+02:00;2026-10-01T21:39:41+02:00;bf4613c64f50
2026-10-02;st_romain_des_iles;ICONCH1;2026-10-02T05:00;4.6;7.2;22.0;14.6;0.0;32.0;3.0;0.0;30.0;32.0;46.179794;4.782837;176.0;2026-10-01T19:15:00+02:00;2026-10-01T21:39:41+02:00;bf4613c64f50
2026-10-02;st_romain_des_iles;ICONCH1;2026-10-02T06:00;5.1;8.4;25.0;14.1;0.0;57.0;12.0;0.0;49.0;57.0;46.179794;4.782837;176.0;2026-10-01T19:15:00+02:00;2026-10-01T21:39:41+02:00;bf4613c64f50
2026-10-02;st_romain_des_iles;ICONCH1;2026-10-02T07:00;5.3;8.4;17.0;14.1;0.0;83.0;42.0;0.0;61.0;83.0;46.179794;4.782837;176.0;2026-10-01T19:15:00+02:00;2026-10-01T21:39:41+02:00;bf4613c64f50
2026-10-02;st_romain_des_iles;ICONCH1;2026-10-02T08:00;5.3;8.6;24.0;14.0;0.0;93.0;53.0;0.0;82.0;93.0;46.179794;4.782837;176.0;2026-10-01T19:15:00+02:00;2026-10-01T21:39:41+02:00;bf4613c64f50
2026-10-02;st_romain_des_iles;ICONCH1;2026-10-02T09:00;6.1;9.9;22.0;14.6;0.0;97.0;58.0;0.0;89.0;97.0;46.179794;4.782837;176.0;2026-10-01T19:15:00+02:00;2026-10-01T21:39:41+02:00;bf4613c64f50
2026-10-02;st_romain_des_iles;ICONCH1;2026-10-02T10:00;7.7;12.6;21.0;15.8;0.0;100.0;10.0;0.0;100.0;100.0;46.179794;4.782837;176.0;2026-10-01T19:15:00+02:00;2026-10-01T21:39:41+02:00;bf4613c64f50
2026-10-02;st_romain_des_iles;ICONCH1;2026-10-02T11:00;6.5;12.6;37.0;17.0;0.0;49.0;0.0;0.0;49.0;49.0;46.179794;4.782837;176.0;2026-10-01T19:15:00+02:00;2026-10-01T21:39:41+02:00;bf4613c64f50
2026-10-02;st_romain_des_iles;ICONCH1;2026-10-02T12:00;6.3;10.9;34.0;18.7;0.0;100.0;0.0;0.0;100.0;100.0;46.179794;4.782837;176.0;2026-10-01T19:15:00+02:00;2026-10-01T21:39:41+02:00;bf4613c64f50
2026-10-02;st_romain_des_iles;ICONCH1;2026-10-02T13:00;6.3;10.9;30.0;20.3;0.0;100.0;0.0;0.0;100.0;100.0;46.179794;4.782837;176.0;2026-10-01T19:15:00+02:00;2026-10-01T21:39:41+02:00;bf4613c64f50
2026-10-02;st_romain_des_iles;ICONCH1;2026-10-02T14:00;6.3;10.9;27.0;21.8;0.0;60.0;0.0;0.0;60.0;60.0;46.179794;4.782837;176.0;2026-10-01T19:15:00+02:00;2026-10-01T21:39:41+02:00;bf4613c64f50
2026-10-02;st_romain_des_iles;ICONCH1;2026-10-02T15:00;5.6;10.7;29.0;22.8;0.0;89.0;0.0;0.0;89.0;89.0;46.179794;4.782837;176.0;2026-10-01T19:15:00+02:00;2026-10-01T21:39:41+02:00;bf4613c64f50
2026-10-02;st_romain_des_iles;ICONCH1;2026-10-02T16:00;5.6;9.5;36.0;23.5;0.0;100.0;0.0;0.0;100.0;100.0;46.179794;4.782837;176.0;2026-10-01T19:15:00+02:00;2026-10-01T21:39:41+02:00;bf4613c64f50
2026-10-02;st_romain_des_iles;ICONCH1;2026-10-02T17:00;4.5;9.5;31.0;23.6;0.0;38.0;0.0;0.0;38.0;38.0;46.179794;4.782837;176.0;2026-10-01T19:15:00+02:00;2026-10-01T21:39:41+02:00;bf4613c64f50
2026-10-02;st_romain_des_iles;ICONCH1;2026-10-02T18:00;3.1;7.8;60.0;23.5;0.0;40.0;0.0;0.0;40.0;40.0;46.179794;4.782837;176.0;2026-10-01T19:15:00+02:00;2026-10-01T21:39:41+02:00;bf4613c64f50
2026-10-02;st_romain_des_iles;ICONCH1;2026-10-02T19:00;1.8;6.0;49.0;22.8;0.0;71.0;0.0;0.0;71.0;71.0;46.179794;4.782837;176.0;2026-10-01T19:15:00+02:00;2026-10-01T21:39:41+02:00;bf4613c64f50
2026-10-02;st_romain_des_iles;ICONCH1;2026-10-02T20:00;1.8;2.9;108.0;20.8;0.0;81.0;0.0;0.0;81.0;81.0;46.179794;4.782837;176.0;2026-10-01T19:15:00+02:00;2026-10-01T21:39:41+02:00;bf4613c64f50
2026-10-02;st_romain_des_iles;ICONCH1;2026-10-02T21:00;1.5;2.9;320.0;19.6;0.0;100.0;0.0;0.0;100.0;100.0;46.179794;4.782837;176.0;2026-10-01T19:15:00+02:00;2026-10-01T21:39:41+02:00;bf4613c64f50
2026-10-02;st_romain_des_iles;ICONCH1;2026-10-02T22:00;0.2;2.1;90.0;18.4;0.0;84.0;0.0;0.0;84.0;84.0;46.179794;4.782837;176.0;2026-10-01T19:15:00+02:00;2026-10-01T21:39:41+02:00;bf4613c64f50
2026-10-02;st_romain_des_iles;ICONCH1;2026-10-02T23:00;1.2;1.6;171.0;17.1;0.0;92.0;0.0;0.0;92.0;92.0;46.179794;4.782837;176.0;2026-10-01T19:15:00+02:00;2026-10-01T21:39:41+02:00;bf4613c64f50
2026-10-02;treffort;AROMEHD;2026-10-02T01:00;2.2;5.4;350.0;15.7;0.0;;100.0;0.0;7.0;100.0;44.91;5.6800003;0.0;2026-10-01T19:15:00+02:00;2026-10-01T21:39:41+02:00;bf4613c64f50
2026-10-02;treffort;AROMEHD;2026-10-02T02:00;2.0;4.3;331.0;15.6;0.0;;100.0;0.0;6.0;100.0;44.91;5.6800003;0.0;2026-10-01T19:15:00+02:00;2026-10-01T21:39:41+02:00;bf4613c64f50
2026-10-02;treffort;AROMEHD;2026-10-02T03:00;1.7;4.1;324.0;15.5;0.0;;100.0;0.0;100.0;100.0;44.91;5.6800003;0.0;2026-10-01T19:15:00+02:00;2026-10-01T21:39:41+02:00;bf4613c64f50
2026-10-02;treffort;AROMEHD;2026-10-02T04:00;1.6;3.5;353.0;15.4;0.0;;100.0;0.0;100.0;100.0;44.91;5.6800003;0.0;2026-10-01T19:15:00+02:00;2026-10-01T21:39:41+02:00;bf4613c64f50
2026-10-02;treffort;AROMEHD;2026-10-02T05:00;1.2;3.5;321.0;15.3;0.0;;100.0;0.0;94.0;100.0;44.91;5.6800003;0.0;2026-10-01T19:15:00+02:00;2026-10-01T21:39:41+02:00;bf4613c64f50
2026-10-02;treffort;AROMEHD;2026-10-02T06:00;1.4;3.1;326.0;15.2;0.0;;100.0;0.0;92.0;100.0;44.91;5.6800003;0.0;2026-10-01T19:15:00+02:00;2026-10-01T21:39:41+02:00;bf4613c64f50
2026-10-02;treffort;AROMEHD;2026-10-02T07:00;1.9;4.5;323.0;15.0;0.0;;100.0;0.0;100.0;100.0;44.91;5.6800003;0.0;2026-10-01T19:15:00+02:00;2026-10-01T21:39:41+02:00;bf4613c64f50
2026-10-02;treffort;AROMEHD;2026-10-02T08:00;1.0;4.1;323.0;14.9;0.0;;100.0;0.0;100.0;100.0;44.91;5.6800003;0.0;2026-10-01T19:15:00+02:00;2026-10-01T21:39:41+02:00;bf4613c64f50
2026-10-02;treffort;AROMEHD;2026-10-02T09:00;1.0;2.5;11.0;15.3;0.0;;100.0;0.0;100.0;100.0;44.91;5.6800003;0.0;2026-10-01T19:15:00+02:00;2026-10-01T21:39:41+02:00;bf4613c64f50
2026-10-02;treffort;AROMEHD;2026-10-02T10:00;0.4;1.9;270.0;15.8;0.0;;96.0;1.0;100.0;100.0;44.91;5.6800003;0.0;2026-10-01T19:15:00+02:00;2026-10-01T21:39:41+02:00;bf4613c64f50
2026-10-02;treffort;AROMEHD;2026-10-02T11:00;0.0;2.1;270.0;16.7;0.0;;3.0;0.0;97.0;97.0;44.91;5.6800003;0.0;2026-10-01T19:15:00+02:00;2026-10-01T21:39:41+02:00;bf4613c64f50
2026-10-02;treffort;AROMEHD;2026-10-02T12:00;0.8;3.1;346.0;17.7;0.0;;0.0;0.0;81.0;81.0;44.91;5.6800003;0.0;2026-10-01T19:15:00+02:00;2026-10-01T21:39:41+02:00;bf4613c64f50
2026-10-02;treffort;AROMEHD;2026-10-02T13:00;1.2;4.1;321.0;18.8;0.0;;0.0;0.0;16.0;16.0;44.91;5.6800003;0.0;2026-10-01T19:15:00+02:00;2026-10-01T21:39:41+02:00;bf4613c64f50
2026-10-02;treffort;AROMEHD;2026-10-02T14:00;5.3;10.5;350.0;19.6;0.0;;0.0;0.0;11.0;11.0;44.91;5.6800003;0.0;2026-10-01T19:15:00+02:00;2026-10-01T21:39:41+02:00;bf4613c64f50
2026-10-02;treffort;AROMEHD;2026-10-02T15:00;6.8;13.4;345.0;19.8;0.0;;0.0;0.0;0.0;0.0;44.91;5.6800003;0.0;2026-10-01T19:15:00+02:00;2026-10-01T21:39:41+02:00;bf4613c64f50
2026-10-02;treffort;AROMEHD;2026-10-02T16:00;7.4;14.8;354.0;20.0;0.0;;0.0;10.0;18.0;18.0;44.91;5.6800003;0.0;2026-10-01T19:15:00+02:00;2026-10-01T21:39:41+02:00;bf4613c64f50
2026-10-02;treffort;AROMEHD;2026-10-02T17:00;7.8;15.6;347.0;19.8;0.0;;0.0;1.0;99.0;99.0;44.91;5.6800003;0.0;2026-10-01T19:15:00+02:00;2026-10-01T21:39:41+02:00;bf4613c64f50
2026-10-02;treffort;AROMEHD;2026-10-02T18:00;6.5;15.2;343.0;19.5;0.0;;1.0;85.0;100.0;100.0;44.91;5.6800003;0.0;2026-10-01T19:15:00+02:00;2026-10-01T21:39:41+02:00;bf4613c64f50
2026-10-02;treffort;AROMEHD;2026-10-02T19:00;4.7;13.0;343.0;18.8;0.0;;66.0;15.0;100.0;100.0;44.91;5.6800003;0.0;2026-10-01T19:15:00+02:00;2026-10-01T21:39:41+02:00;bf4613c64f50
2026-10-02;treffort;AROMEHD;2026-10-02T20:00;4.1;9.1;335.0;18.1;0.0;;48.0;20.0;100.0;100.0;44.91;5.6800003;0.0;2026-10-01T19:15:00+02:00;2026-10-01T21:39:41+02:00;bf4613c64f50
2026-10-02;treffort;AROMEHD;2026-10-02T21:00;1.8;7.6;84.0;17.6;0.0;;6.0;100.0;100.0;100.0;44.91;5.6800003;0.0;2026-10-01T19:15:00+02:00;2026-10-01T21:39:41+02:00;bf4613c64f50
2026-10-02;treffort;AROMEHD;2026-10-02T22:00;0.8;4.7;135.0;17.2;0.1;;36.0;100.0;100.0;100.0;44.91;5.6800003;0.0;2026-10-01T19:15:00+02:00;2026-10-01T21:39:41+02:00;bf4613c64f50
2026-10-02;treffort;AROMEHD;2026-10-02T23:00;1.2;1.9;129.0;16.7;0.0;;13.0;0.0;100.0;100.0;44.91;5.6800003;0.0;2026-10-01T19:15:00+02:00;2026-10-01T21:39:41+02:00;bf4613c64f50
2026-10-02;treffort;AROMEHD;2026-10-03T00:00;0.6;1.9;108.0;16.5;0.0;;0.0;19.0;100.0;100.0;44.91;5.6800003;0.0;2026-10-01T19:15:00+02:00;2026-10-01T21:39:41+02:00;bf4613c64f50
2026-10-02;treffort;ICONCH1;2026-10-02T01:00;5.1;9.3;328.0;16.7;0.0;96.0;78.0;63.0;56.0;96.0;44.905636;5.680298;502.0;2026-10-01T19:15:00+02:00;2026-10-01T21:39:41+02:00;bf4613c64f50
2026-10-02;treffort;ICONCH1;2026-10-02T02:00;4.6;8.7;324.0;16.8;0.0;96.0;93.0;76.0;36.0;96.0;44.905636;5.680298;502.0;2026-10-01T19:15:00+02:00;2026-10-01T21:39:41+02:00;bf4613c64f50
2026-10-02;treffort;ICONCH1;2026-10-02T03:00;3.4;8.2;344.0;16.6;0.0;94.0;77.0;77.0;3.0;94.0;44.905636;5.680298;502.0;2026-10-01T19:15:00+02:00;2026-10-01T21:39:41+02:00;bf4613c64f50
2026-10-02;treffort;ICONCH1;2026-10-02T04:00;3.2;5.8;349.0;16.4;0.0;96.0;76.0;54.0;63.0;96.0;44.905636;5.680298;502.0;2026-10-01T19:15:00+02:00;2026-10-01T21:39:41+02:00;bf4613c64f50
2026-10-02;treffort;ICONCH1;2026-10-02T05:00;2.9;5.4;340.0;16.2;0.0;100.0;82.0;78.0;100.0;100.0;44.905636;5.680298;502.0;2026-10-01T19:15:00+02:00;2026-10-01T21:39:41+02:00;bf4613c64f50
2026-10-02;treffort;ICONCH1;2026-10-02T06:00;2.2;5.1;350.0;16.2;0.0;100.0;89.0;31.0;100.0;100.0;44.905636;5.680298;502.0;2026-10-01T19:15:00+02:00;2026-10-01T21:39:41+02:00;bf4613c64f50
2026-10-02;treffort;ICONCH1;2026-10-02T07:00;1.8;3.9;354.0;16.0;0.0;100.0;90.0;37.0;100.0;100.0;44.905636;5.680298;502.0;2026-10-01T19:15:00+02:00;2026-10-01T21:39:41+02:00;bf4613c64f50
2026-10-02;treffort;ICONCH1;2026-10-02T08:00;0.0;3.1;270.0;16.1;0.0;100.0;97.0;46.0;100.0;100.0;44.905636;5.680298;502.0;2026-10-01T19:15:00+02:00;2026-10-01T21:39:41+02:00;bf4613c64f50
2026-10-02;treffort;ICONCH1;2026-10-02T09:00;0.8;2.1;135.0;16.6;0.0;100.0;86.0;60.0;100.0;100.0;44.905636;5.680298;502.0;2026-10-01T19:15:00+02:00;2026-10-01T21:39:41+02:00;bf4613c64f50
2026-10-02;treffort;ICONCH1;2026-10-02T10:00;1.0;2.5;90.0;17.5;0.0;99.0;62.0;36.0;94.0;99.0;44.905636;5.680298;502.0;2026-10-01T19:15:00+02:00;2026-10-01T21:39:41+02:00;bf4613c64f50
2026-10-02;treffort;ICONCH1;2026-10-02T11:00;2.0;4.5;79.0;19.1;0.0;100.0;37.0;33.0;100.0;100.0;44.905636;5.680298;502.0;2026-10-01T19:15:00+02:00;2026-10-01T21:39:41+02:00;bf4613c64f50
2026-10-02;treffort;ICONCH1;2026-10-02T12:00;2.8;5.8;25.0;20.5;0.0;100.0;0.0;30.0;100.0;100.0;44.905636;5.680298;502.0;2026-10-01T19:15:00+02:00;2026-10-01T21:39:41+02:00;bf4613c64f50
2026-10-02;treffort;ICONCH1;2026-10-02T13:00;6.8;12.6;2.0;21.2;0.0;100.0;0.0;27.0;100.0;100.0;44.905636;5.680298;502.0;2026-10-01T19:15:00+02:00;2026-10-01T21:39:41+02:00;bf4613c64f50
2026-10-02;treffort;ICONCH1;2026-10-02T14:00;9.3;16.7;358.0;21.6;0.0;54.0;17.0;34.0;10.0;54.0;44.905636;5.680298;502.0;2026-10-01T19:15:00+02:00;2026-10-01T21:39:41+02:00;bf4613c64f50
2026-10-02;treffort;ICONCH1;2026-10-02T15:00;10.5;18.9;355.0;21.6;0.0;53.0;39.0;28.0;5.0;53.0;44.905636;5.680298;502.0;2026-10-01T19:15:00+02:00;2026-10-01T21:39:41+02:00;bf4613c64f50
2026-10-02;treffort;ICONCH1;2026-10-02T16:00;10.9;19.8;357.0;21.5;0.0;77.0;21.0;40.0;41.0;77.0;44.905636;5.680298;502.0;2026-10-01T19:15:00+02:00;2026-10-01T21:39:41+02:00;bf4613c64f50
2026-10-02;treffort;ICONCH1;2026-10-02T17:00;10.5;20.0;357.0;20.9;0.0;100.0;60.0;91.0;100.0;100.0;44.905636;5.680298;502.0;2026-10-01T19:15:00+02:00;2026-10-01T21:39:41+02:00;bf4613c64f50
2026-10-02;treffort;ICONCH1;2026-10-02T18:00;9.4;18.3;352.0;20.2;0.0;100.0;58.0;77.0;100.0;100.0;44.905636;5.680298;502.0;2026-10-01T19:15:00+02:00;2026-10-01T21:39:41+02:00;bf4613c64f50
2026-10-02;treffort;ICONCH1;2026-10-02T19:00;5.7;16.1;311.0;18.6;4.5;100.0;79.0;99.0;100.0;100.0;44.905636;5.680298;502.0;2026-10-01T19:15:00+02:00;2026-10-01T21:39:41+02:00;bf4613c64f50
2026-10-02;treffort;ICONCH1;2026-10-02T20:00;4.3;10.3;306.0;18.3;2.6;100.0;73.0;100.0;100.0;100.0;44.905636;5.680298;502.0;2026-10-01T19:15:00+02:00;2026-10-01T21:39:41+02:00;bf4613c64f50
2026-10-02;treffort;ICONCH1;2026-10-02T21:00;1.7;7.2;324.0;18.0;0.5;100.0;89.0;100.0;100.0;100.0;44.905636;5.680298;502.0;2026-10-01T19:15:00+02:00;2026-10-01T21:39:41+02:00;bf4613c64f50
2026-10-02;treffort;ICONCH1;2026-10-02T22:00;0.2;3.1;360.0;17.7;0.4;100.0;66.0;100.0;91.0;100.0;44.905636;5.680298;502.0;2026-10-01T19:15:00+02:00;2026-10-01T21:39:41+02:00;bf4613c64f50
2026-10-02;treffort;ICONCH1;2026-10-02T23:00;1.7;2.3;159.0;17.7;0.1;100.0;82.0;91.0;93.0;100.0;44.905636;5.680298;502.0;2026-10-01T19:15:00+02:00;2026-10-01T21:39:41+02:00;bf4613c64f50
2026-10-02;vengeron;AROMEHD;2026-10-02T01:00;3.1;5.2;325.0;17.3;0.0;;100.0;0.0;51.0;100.0;46.25;6.17;0.0;2026-10-01T19:15:00+02:00;2026-10-01T21:39:41+02:00;bf4613c64f50
2026-10-02;vengeron;AROMEHD;2026-10-02T02:00;3.5;4.7;354.0;17.6;0.0;;49.0;1.0;80.0;80.0;46.25;6.17;0.0;2026-10-01T19:15:00+02:00;2026-10-01T21:39:41+02:00;bf4613c64f50
2026-10-02;vengeron;AROMEHD;2026-10-02T03:00;3.8;5.2;339.0;17.1;0.0;;70.0;0.0;32.0;70.0;46.25;6.17;0.0;2026-10-01T19:15:00+02:00;2026-10-01T21:39:41+02:00;bf4613c64f50
2026-10-02;vengeron;AROMEHD;2026-10-02T04:00;3.4;4.7;336.0;16.5;0.0;;89.0;0.0;100.0;100.0;46.25;6.17;0.0;2026-10-01T19:15:00+02:00;2026-10-01T21:39:41+02:00;bf4613c64f50
2026-10-02;vengeron;AROMEHD;2026-10-02T05:00;3.8;6.4;66.0;17.3;0.0;;5.0;0.0;100.0;100.0;46.25;6.17;0.0;2026-10-01T19:15:00+02:00;2026-10-01T21:39:41+02:00;bf4613c64f50
2026-10-02;vengeron;AROMEHD;2026-10-02T06:00;5.5;8.4;48.0;17.2;0.0;;5.0;0.0;100.0;100.0;46.25;6.17;0.0;2026-10-01T19:15:00+02:00;2026-10-01T21:39:41+02:00;bf4613c64f50
2026-10-02;vengeron;AROMEHD;2026-10-02T07:00;2.4;8.6;29.0;15.8;0.0;;76.0;0.0;100.0;100.0;46.25;6.17;0.0;2026-10-01T19:15:00+02:00;2026-10-01T21:39:41+02:00;bf4613c64f50
2026-10-02;vengeron;AROMEHD;2026-10-02T08:00;9.4;12.8;48.0;17.5;0.0;;100.0;0.0;100.0;100.0;46.25;6.17;0.0;2026-10-01T19:15:00+02:00;2026-10-01T21:39:41+02:00;bf4613c64f50
2026-10-02;vengeron;AROMEHD;2026-10-02T09:00;7.9;12.8;52.0;17.5;0.0;;100.0;0.0;100.0;100.0;46.25;6.17;0.0;2026-10-01T19:15:00+02:00;2026-10-01T21:39:41+02:00;bf4613c64f50
2026-10-02;vengeron;AROMEHD;2026-10-02T10:00;8.7;11.7;53.0;17.7;0.0;;100.0;0.0;96.0;100.0;46.25;6.17;0.0;2026-10-01T19:15:00+02:00;2026-10-01T21:39:41+02:00;bf4613c64f50
2026-10-02;vengeron;AROMEHD;2026-10-02T11:00;8.4;11.7;54.0;17.8;0.0;;37.0;0.0;41.0;41.0;46.25;6.17;0.0;2026-10-01T19:15:00+02:00;2026-10-01T21:39:41+02:00;bf4613c64f50
2026-10-02;vengeron;AROMEHD;2026-10-02T12:00;8.1;11.3;40.0;18.1;0.0;;25.0;0.0;15.0;25.0;46.25;6.17;0.0;2026-10-01T19:15:00+02:00;2026-10-01T21:39:41+02:00;bf4613c64f50
2026-10-02;vengeron;AROMEHD;2026-10-02T13:00;7.2;10.7;33.0;18.5;0.0;;2.0;0.0;20.0;20.0;46.25;6.17;0.0;2026-10-01T19:15:00+02:00;2026-10-01T21:39:41+02:00;bf4613c64f50
2026-10-02;vengeron;AROMEHD;2026-10-02T14:00;7.3;9.3;17.0;18.9;0.0;;1.0;0.0;93.0;93.0;46.25;6.17;0.0;2026-10-01T19:15:00+02:00;2026-10-01T21:39:41+02:00;bf4613c64f50
2026-10-02;vengeron;AROMEHD;2026-10-02T15:00;8.4;10.7;19.0;19.4;0.0;;0.0;0.0;37.0;37.0;46.25;6.17;0.0;2026-10-01T19:15:00+02:00;2026-10-01T21:39:41+02:00;bf4613c64f50
2026-10-02;vengeron;AROMEHD;2026-10-02T16:00;8.3;10.9;27.0;19.9;0.0;;0.0;0.0;100.0;100.0;46.25;6.17;0.0;2026-10-01T19:15:00+02:00;2026-10-01T21:39:41+02:00;bf4613c64f50
2026-10-02;vengeron;AROMEHD;2026-10-02T17:00;7.9;10.1;28.0;20.3;0.0;;0.0;0.0;100.0;100.0;46.25;6.17;0.0;2026-10-01T19:15:00+02:00;2026-10-01T21:39:41+02:00;bf4613c64f50
2026-10-02;vengeron;AROMEHD;2026-10-02T18:00;8.1;9.9;35.0;20.5;0.0;;0.0;0.0;100.0;100.0;46.25;6.17;0.0;2026-10-01T19:15:00+02:00;2026-10-01T21:39:41+02:00;bf4613c64f50
2026-10-02;vengeron;AROMEHD;2026-10-02T19:00;8.0;9.9;45.0;20.3;0.0;;3.0;0.0;100.0;100.0;46.25;6.17;0.0;2026-10-01T19:15:00+02:00;2026-10-01T21:39:41+02:00;bf4613c64f50
2026-10-02;vengeron;AROMEHD;2026-10-02T20:00;6.6;9.9;32.0;20.0;0.0;;9.0;0.0;100.0;100.0;46.25;6.17;0.0;2026-10-01T19:15:00+02:00;2026-10-01T21:39:41+02:00;bf4613c64f50
2026-10-02;vengeron;AROMEHD;2026-10-02T21:00;5.1;8.4;32.0;19.5;0.0;;3.0;0.0;100.0;100.0;46.25;6.17;0.0;2026-10-01T19:15:00+02:00;2026-10-01T21:39:41+02:00;bf4613c64f50
2026-10-02;vengeron;AROMEHD;2026-10-02T22:00;3.1;6.4;55.0;18.7;0.0;;5.0;0.0;100.0;100.0;46.25;6.17;0.0;2026-10-01T19:15:00+02:00;2026-10-01T21:39:41+02:00;bf4613c64f50
2026-10-02;vengeron;AROMEHD;2026-10-02T23:00;1.9;3.7;45.0;18.3;0.0;;9.0;0.0;100.0;100.0;46.25;6.17;0.0;2026-10-01T19:15:00+02:00;2026-10-01T21:39:41+02:00;bf4613c64f50
2026-10-02;vengeron;AROMEHD;2026-10-03T00:00;1.7;2.9;333.0;17.8;0.0;;15.0;0.0;100.0;100.0;46.25;6.17;0.0;2026-10-01T19:15:00+02:00;2026-10-01T21:39:41+02:00;bf4613c64f50
2026-10-02;vengeron;ICONCH1;2026-10-02T01:00;2.8;4.5;321.0;17.3;0.0;95.0;77.0;87.0;4.0;95.0;46.24517;6.166931;0.0;2026-10-01T19:15:00+02:00;2026-10-01T21:39:41+02:00;bf4613c64f50
2026-10-02;vengeron;ICONCH1;2026-10-02T02:00;3.7;5.1;298.0;16.9;0.0;97.0;70.0;90.0;5.0;97.0;46.24517;6.166931;0.0;2026-10-01T19:15:00+02:00;2026-10-01T21:39:41+02:00;bf4613c64f50
2026-10-02;vengeron;ICONCH1;2026-10-02T03:00;3.4;5.1;301.0;16.5;0.0;85.0;64.0;52.0;7.0;85.0;46.24517;6.166931;0.0;2026-10-01T19:15:00+02:00;2026-10-01T21:39:41+02:00;bf4613c64f50
2026-10-02;vengeron;ICONCH1;2026-10-02T04:00;1.8;4.7;302.0;16.8;0.0;82.0;56.0;49.0;9.0;82.0;46.24517;6.166931;0.0;2026-10-01T19:15:00+02:00;2026-10-01T21:39:41+02:00;bf4613c64f50
2026-10-02;vengeron;ICONCH1;2026-10-02T05:00;1.0;2.5;323.0;16.9;0.0;94.0;71.0;66.0;24.0;94.0;46.24517;6.166931;0.0;2026-10-01T19:15:00+02:00;2026-10-01T21:39:41+02:00;bf4613c64f50
2026-10-02;vengeron;ICONCH1;2026-10-02T06:00;2.3;3.1;301.0;16.4;0.0;95.0;70.0;68.0;41.0;95.0;46.24517;6.166931;0.0;2026-10-01T19:15:00+02:00;2026-10-01T21:39:41+02:00;bf4613c64f50
2026-10-02;vengeron;ICONCH1;2026-10-02T07:00;2.7;4.3;291.0;16.1;0.0;94.0;79.0;50.0;49.0;94.0;46.24517;6.166931;0.0;2026-10-01T19:15:00+02:00;2026-10-01T21:39:41+02:00;bf4613c64f50
2026-10-02;vengeron;ICONCH1;2026-10-02T08:00;1.7;3.9;291.0;16.2;0.0;93.0;58.0;60.0;57.0;93.0;46.24517;6.166931;0.0;2026-10-01T19:15:00+02:00;2026-10-01T21:39:41+02:00;bf4613c64f50
2026-10-02;vengeron;ICONCH1;2026-10-02T09:00;1.6;2.7;284.0;16.5;0.0;92.0;72.0;40.0;52.0;92.0;46.24517;6.166931;0.0;2026-10-01T19:15:00+02:00;2026-10-01T21:39:41+02:00;bf4613c64f50
2026-10-02;vengeron;ICONCH1;2026-10-02T10:00;1.0;2.3;292.0;17.1;0.0;86.0;57.0;0.0;63.0;86.0;46.24517;6.166931;0.0;2026-10-01T19:15:00+02:00;2026-10-01T21:39:41+02:00;bf4613c64f50
2026-10-02;vengeron;ICONCH1;2026-10-02T11:00;8.9;12.8;42.0;18.5;0.0;88.0;75.0;0.0;60.0;88.0;46.24517;6.166931;0.0;2026-10-01T19:15:00+02:00;2026-10-01T21:39:41+02:00;bf4613c64f50
2026-10-02;vengeron;ICONCH1;2026-10-02T12:00;9.0;11.5;41.0;18.9;0.0;87.0;71.0;0.0;65.0;87.0;46.24517;6.166931;0.0;2026-10-01T19:15:00+02:00;2026-10-01T21:39:41+02:00;bf4613c64f50
2026-10-02;vengeron;ICONCH1;2026-10-02T13:00;8.1;11.7;35.0;19.2;0.0;100.0;45.0;0.0;100.0;100.0;46.24517;6.166931;0.0;2026-10-01T19:15:00+02:00;2026-10-01T21:39:41+02:00;bf4613c64f50
2026-10-02;vengeron;ICONCH1;2026-10-02T14:00;7.2;10.5;43.0;19.7;0.0;10.0;9.0;0.0;2.0;10.0;46.24517;6.166931;0.0;2026-10-01T19:15:00+02:00;2026-10-01T21:39:41+02:00;bf4613c64f50
2026-10-02;vengeron;ICONCH1;2026-10-02T15:00;6.7;9.7;33.0;20.2;0.0;16.0;0.0;0.0;16.0;16.0;46.24517;6.166931;0.0;2026-10-01T19:15:00+02:00;2026-10-01T21:39:41+02:00;bf4613c64f50
2026-10-02;vengeron;ICONCH1;2026-10-02T16:00;6.1;8.6;27.0;20.6;0.0;11.0;0.0;0.0;11.0;11.0;46.24517;6.166931;0.0;2026-10-01T19:15:00+02:00;2026-10-01T21:39:41+02:00;bf4613c64f50
2026-10-02;vengeron;ICONCH1;2026-10-02T17:00;6.3;8.2;27.0;21.0;0.0;36.0;19.0;0.0;20.0;36.0;46.24517;6.166931;0.0;2026-10-01T19:15:00+02:00;2026-10-01T21:39:41+02:00;bf4613c64f50
2026-10-02;vengeron;ICONCH1;2026-10-02T18:00;6.9;8.7;40.0;21.1;0.0;99.0;38.0;0.0;98.0;99.0;46.24517;6.166931;0.0;2026-10-01T19:15:00+02:00;2026-10-01T21:39:41+02:00;bf4613c64f50
2026-10-02;vengeron;ICONCH1;2026-10-02T19:00;6.6;9.1;47.0;21.0;0.0;88.0;35.0;33.0;69.0;88.0;46.24517;6.166931;0.0;2026-10-01T19:15:00+02:00;2026-10-01T21:39:41+02:00;bf4613c64f50
2026-10-02;vengeron;ICONCH1;2026-10-02T20:00;7.6;10.1;26.0;20.3;0.0;93.0;44.0;46.0;75.0;93.0;46.24517;6.166931;0.0;2026-10-01T19:15:00+02:00;2026-10-01T21:39:41+02:00;bf4613c64f50
2026-10-02;vengeron;ICONCH1;2026-10-02T21:00;6.1;9.9;18.0;19.4;0.0;96.0;50.0;13.0;88.0;96.0;46.24517;6.166931;0.0;2026-10-01T19:15:00+02:00;2026-10-01T21:39:41+02:00;bf4613c64f50
2026-10-02;vengeron;ICONCH1;2026-10-02T22:00;4.8;8.0;27.0;19.0;0.0;97.0;55.0;17.0;90.0;97.0;46.24517;6.166931;0.0;2026-10-01T19:15:00+02:00;2026-10-01T21:39:41+02:00;bf4613c64f50
2026-10-02;vengeron;ICONCH1;2026-10-02T23:00;3.6;6.2;49.0;18.6;0.0;100.0;56.0;0.0;100.0;100.0;46.24517;6.166931;0.0;2026-10-01T19:15:00+02:00;2026-10-01T21:39:41+02:00;bf4613c64f50
2026-10-02;wwmeyzieu;AROMEHD;2026-10-02T01:00;5.6;8.6;324.0;16.7;0.0;;0.0;0.0;69.0;69.0;45.78;4.9799995;0.0;2026-10-01T19:15:00+02:00;2026-10-01T21:39:41+02:00;bf4613c64f50
2026-10-02;wwmeyzieu;AROMEHD;2026-10-02T02:00;5.8;9.9;330.0;16.8;0.0;;0.0;0.0;54.0;54.0;45.78;4.9799995;0.0;2026-10-01T19:15:00+02:00;2026-10-01T21:39:41+02:00;bf4613c64f50
2026-10-02;wwmeyzieu;AROMEHD;2026-10-02T03:00;6.4;11.1;340.0;16.7;0.0;;0.0;0.0;100.0;100.0;45.78;4.9799995;0.0;2026-10-01T19:15:00+02:00;2026-10-01T21:39:41+02:00;bf4613c64f50
2026-10-02;wwmeyzieu;AROMEHD;2026-10-02T04:00;4.3;10.7;355.0;16.4;0.0;;0.0;0.0;100.0;100.0;45.78;4.9799995;0.0;2026-10-01T19:15:00+02:00;2026-10-01T21:39:41+02:00;bf4613c64f50
2026-10-02;wwmeyzieu;AROMEHD;2026-10-02T05:00;5.7;9.5;350.0;16.1;0.0;;8.0;0.0;100.0;100.0;45.78;4.9799995;0.0;2026-10-01T19:15:00+02:00;2026-10-01T21:39:41+02:00;bf4613c64f50
2026-10-02;wwmeyzieu;AROMEHD;2026-10-02T06:00;5.5;9.7;354.0;15.6;0.0;;100.0;0.0;100.0;100.0;45.78;4.9799995;0.0;2026-10-01T19:15:00+02:00;2026-10-01T21:39:41+02:00;bf4613c64f50
2026-10-02;wwmeyzieu;AROMEHD;2026-10-02T07:00;5.3;8.9;2.0;15.6;0.0;;100.0;0.0;100.0;100.0;45.78;4.9799995;0.0;2026-10-01T19:15:00+02:00;2026-10-01T21:39:41+02:00;bf4613c64f50
2026-10-02;wwmeyzieu;AROMEHD;2026-10-02T08:00;3.9;8.6;357.0;15.4;0.0;;100.0;0.0;100.0;100.0;45.78;4.9799995;0.0;2026-10-01T19:15:00+02:00;2026-10-01T21:39:41+02:00;bf4613c64f50
2026-10-02;wwmeyzieu;AROMEHD;2026-10-02T09:00;3.7;6.8;357.0;15.3;0.0;;100.0;0.0;100.0;100.0;45.78;4.9799995;0.0;2026-10-01T19:15:00+02:00;2026-10-01T21:39:41+02:00;bf4613c64f50
2026-10-02;wwmeyzieu;AROMEHD;2026-10-02T10:00;3.5;7.2;357.0;15.4;0.0;;100.0;0.0;92.0;100.0;45.78;4.9799995;0.0;2026-10-01T19:15:00+02:00;2026-10-01T21:39:41+02:00;bf4613c64f50
2026-10-02;wwmeyzieu;AROMEHD;2026-10-02T11:00;3.3;7.0;3.0;15.8;0.0;;100.0;0.0;100.0;100.0;45.78;4.9799995;0.0;2026-10-01T19:15:00+02:00;2026-10-01T21:39:41+02:00;bf4613c64f50
2026-10-02;wwmeyzieu;AROMEHD;2026-10-02T12:00;1.8;6.6;18.0;16.4;0.0;;100.0;0.0;100.0;100.0;45.78;4.9799995;0.0;2026-10-01T19:15:00+02:00;2026-10-01T21:39:41+02:00;bf4613c64f50
2026-10-02;wwmeyzieu;AROMEHD;2026-10-02T13:00;1.7;5.4;36.0;17.2;0.0;;91.0;0.0;100.0;100.0;45.78;4.9799995;0.0;2026-10-01T19:15:00+02:00;2026-10-01T21:39:41+02:00;bf4613c64f50
2026-10-02;wwmeyzieu;AROMEHD;2026-10-02T14:00;1.4;5.4;34.0;18.3;0.0;;36.0;0.0;100.0;100.0;45.78;4.9799995;0.0;2026-10-01T19:15:00+02:00;2026-10-01T21:39:41+02:00;bf4613c64f50
2026-10-02;wwmeyzieu;AROMEHD;2026-10-02T15:00;1.8;5.8;354.0;19.6;0.0;;2.0;0.0;62.0;62.0;45.78;4.9799995;0.0;2026-10-01T19:15:00+02:00;2026-10-01T21:39:41+02:00;bf4613c64f50
2026-10-02;wwmeyzieu;AROMEHD;2026-10-02T16:00;1.9;5.8;24.0;20.6;0.0;;0.0;0.0;17.0;17.0;45.78;4.9799995;0.0;2026-10-01T19:15:00+02:00;2026-10-01T21:39:41+02:00;bf4613c64f50
2026-10-02;wwmeyzieu;AROMEHD;2026-10-02T17:00;2.6;6.4;36.0;21.2;0.0;;0.0;0.0;53.0;53.0;45.78;4.9799995;0.0;2026-10-01T19:15:00+02:00;2026-10-01T21:39:41+02:00;bf4613c64f50
2026-10-02;wwmeyzieu;AROMEHD;2026-10-02T18:00;2.9;6.2;37.0;21.3;0.0;;0.0;0.0;9.0;9.0;45.78;4.9799995;0.0;2026-10-01T19:15:00+02:00;2026-10-01T21:39:41+02:00;bf4613c64f50
2026-10-02;wwmeyzieu;AROMEHD;2026-10-02T19:00;1.9;5.4;37.0;21.0;0.0;;0.0;0.0;100.0;100.0;45.78;4.9799995;0.0;2026-10-01T19:15:00+02:00;2026-10-01T21:39:41+02:00;bf4613c64f50
2026-10-02;wwmeyzieu;AROMEHD;2026-10-02T20:00;1.8;2.7;6.0;19.9;0.0;;0.0;0.0;100.0;100.0;45.78;4.9799995;0.0;2026-10-01T19:15:00+02:00;2026-10-01T21:39:41+02:00;bf4613c64f50
2026-10-02;wwmeyzieu;AROMEHD;2026-10-02T21:00;1.4;1.9;344.0;18.7;0.0;;0.0;0.0;100.0;100.0;45.78;4.9799995;0.0;2026-10-01T19:15:00+02:00;2026-10-01T21:39:41+02:00;bf4613c64f50
2026-10-02;wwmeyzieu;AROMEHD;2026-10-02T22:00;0.3;1.4;225.0;18.7;0.0;;0.0;1.0;100.0;100.0;45.78;4.9799995;0.0;2026-10-01T19:15:00+02:00;2026-10-01T21:39:41+02:00;bf4613c64f50
2026-10-02;wwmeyzieu;AROMEHD;2026-10-02T23:00;0.8;1.2;180.0;18.5;0.0;;0.0;0.0;100.0;100.0;45.78;4.9799995;0.0;2026-10-01T19:15:00+02:00;2026-10-01T21:39:41+02:00;bf4613c64f50
2026-10-02;wwmeyzieu;AROMEHD;2026-10-03T00:00;1.2;1.4;198.0;17.8;0.0;;0.0;0.0;100.0;100.0;45.78;4.9799995;0.0;2026-10-01T19:15:00+02:00;2026-10-01T21:39:41+02:00;bf4613c64f50
2026-10-02;wwmeyzieu;ICONCH1;2026-10-02T01:00;3.6;6.6;324.0;16.8;0.0;15.0;0.0;0.0;15.0;15.0;45.787823;4.9783936;0.0;2026-10-01T19:15:00+02:00;2026-10-01T21:39:41+02:00;bf4613c64f50
2026-10-02;wwmeyzieu;ICONCH1;2026-10-02T02:00;4.5;7.2;335.0;16.4;0.0;14.0;0.0;0.0;14.0;14.0;45.787823;4.9783936;0.0;2026-10-01T19:15:00+02:00;2026-10-01T21:39:41+02:00;bf4613c64f50
2026-10-02;wwmeyzieu;ICONCH1;2026-10-02T03:00;4.2;7.2;347.0;16.1;0.0;24.0;0.0;0.0;24.0;24.0;45.787823;4.9783936;0.0;2026-10-01T19:15:00+02:00;2026-10-01T21:39:41+02:00;bf4613c64f50
2026-10-02;wwmeyzieu;ICONCH1;2026-10-02T04:00;4.0;6.8;349.0;15.8;0.0;60.0;0.0;0.0;60.0;60.0;45.787823;4.9783936;0.0;2026-10-01T19:15:00+02:00;2026-10-01T21:39:41+02:00;bf4613c64f50
2026-10-02;wwmeyzieu;ICONCH1;2026-10-02T05:00;4.0;6.4;349.0;15.4;0.0;100.0;16.0;0.0;100.0;100.0;45.787823;4.9783936;0.0;2026-10-01T19:15:00+02:00;2026-10-01T21:39:41+02:00;bf4613c64f50
2026-10-02;wwmeyzieu;ICONCH1;2026-10-02T06:00;3.9;6.2;354.0;15.1;0.0;100.0;59.0;0.0;100.0;100.0;45.787823;4.9783936;0.0;2026-10-01T19:15:00+02:00;2026-10-01T21:39:41+02:00;bf4613c64f50
2026-10-02;wwmeyzieu;ICONCH1;2026-10-02T07:00;5.2;8.7;360.0;14.6;0.0;100.0;83.0;0.0;100.0;100.0;45.787823;4.9783936;0.0;2026-10-01T19:15:00+02:00;2026-10-01T21:39:41+02:00;bf4613c64f50
2026-10-02;wwmeyzieu;ICONCH1;2026-10-02T08:00;5.7;9.1;4.0;14.4;0.0;100.0;100.0;0.0;100.0;100.0;45.787823;4.9783936;0.0;2026-10-01T19:15:00+02:00;2026-10-01T21:39:41+02:00;bf4613c64f50
2026-10-02;wwmeyzieu;ICONCH1;2026-10-02T09:00;5.6;9.1;2.0;14.7;0.0;100.0;99.0;0.0;100.0;100.0;45.787823;4.9783936;0.0;2026-10-01T19:15:00+02:00;2026-10-01T21:39:41+02:00;bf4613c64f50
2026-10-02;wwmeyzieu;ICONCH1;2026-10-02T10:00;4.9;9.1;355.0;15.2;0.0;100.0;95.0;0.0;100.0;100.0;45.787823;4.9783936;0.0;2026-10-01T19:15:00+02:00;2026-10-01T21:39:41+02:00;bf4613c64f50
2026-10-02;wwmeyzieu;ICONCH1;2026-10-02T11:00;4.5;8.4;358.0;15.9;0.0;92.0;89.0;0.0;70.0;92.0;45.787823;4.9783936;0.0;2026-10-01T19:15:00+02:00;2026-10-01T21:39:41+02:00;bf4613c64f50
2026-10-02;wwmeyzieu;ICONCH1;2026-10-02T12:00;3.5;7.6;357.0;16.9;0.0;100.0;78.0;0.0;100.0;100.0;45.787823;4.9783936;0.0;2026-10-01T19:15:00+02:00;2026-10-01T21:39:41+02:00;bf4613c64f50
2026-10-02;wwmeyzieu;ICONCH1;2026-10-02T13:00;2.1;6.2;355.0;18.4;0.0;89.0;47.0;0.0;71.0;89.0;45.787823;4.9783936;0.0;2026-10-01T19:15:00+02:00;2026-10-01T21:39:41+02:00;bf4613c64f50
2026-10-02;wwmeyzieu;ICONCH1;2026-10-02T14:00;1.4;4.5;326.0;19.9;0.0;93.0;7.0;0.0;89.0;93.0;45.787823;4.9783936;0.0;2026-10-01T19:15:00+02:00;2026-10-01T21:39:41+02:00;bf4613c64f50
2026-10-02;wwmeyzieu;ICONCH1;2026-10-02T15:00;1.1;3.3;315.0;21.2;0.0;58.0;0.0;0.0;58.0;58.0;45.787823;4.9783936;0.0;2026-10-01T19:15:00+02:00;2026-10-01T21:39:41+02:00;bf4613c64f50
2026-10-02;wwmeyzieu;ICONCH1;2026-10-02T16:00;0.8;2.9;270.0;22.1;0.0;57.0;0.0;0.0;57.0;57.0;45.787823;4.9783936;0.0;2026-10-01T19:15:00+02:00;2026-10-01T21:39:41+02:00;bf4613c64f50
2026-10-02;wwmeyzieu;ICONCH1;2026-10-02T17:00;1.2;2.5;261.0;22.6;0.0;42.0;0.0;0.0;42.0;42.0;45.787823;4.9783936;0.0;2026-10-01T19:15:00+02:00;2026-10-01T21:39:41+02:00;bf4613c64f50
2026-10-02;wwmeyzieu;ICONCH1;2026-10-02T18:00;1.1;2.5;239.0;22.7;0.0;100.0;0.0;0.0;100.0;100.0;45.787823;4.9783936;0.0;2026-10-01T19:15:00+02:00;2026-10-01T21:39:41+02:00;bf4613c64f50
2026-10-02;wwmeyzieu;ICONCH1;2026-10-02T19:00;1.2;1.9;180.0;22.4;0.0;100.0;0.0;0.0;100.0;100.0;45.787823;4.9783936;0.0;2026-10-01T19:15:00+02:00;2026-10-01T21:39:41+02:00;bf4613c64f50
2026-10-02;wwmeyzieu;ICONCH1;2026-10-02T20:00;1.1;1.9;211.0;21.8;0.0;100.0;0.0;0.0;100.0;100.0;45.787823;4.9783936;0.0;2026-10-01T19:15:00+02:00;2026-10-01T21:39:41+02:00;bf4613c64f50
2026-10-02;wwmeyzieu;ICONCH1;2026-10-02T21:00;0.6;1.6;270.0;20.8;0.0;100.0;0.0;0.0;100.0;100.0;45.787823;4.9783936;0.0;2026-10-01T19:15:00+02:00;2026-10-01T21:39:41+02:00;bf4613c64f50
2026-10-02;wwmeyzieu;ICONCH1;2026-10-02T22:00;1.4;1.9;82.0;19.6;0.0;100.0;0.0;0.0;100.0;100.0;45.787823;4.9783936;0.0;2026-10-01T19:15:00+02:00;2026-10-01T21:39:41+02:00;bf4613c64f50
2026-10-02;wwmeyzieu;ICONCH1;2026-10-02T23:00;1.8;2.5;84.0;19.0;0.0;100.0;0.0;0.0;100.0;100.0;45.787823;4.9783936;0.0;2026-10-01T19:15:00+02:00;2026-10-01T21:39:41+02:00;bf4613c64f50
