target_day;spot_key;model_key;valid_at;wind_speed_10m_kn;wind_gusts_10m_kn;wind_direction_10m_deg;temperature_2m_c;precipitation_mm;cloud_cover_pct;cloud_cover_low_pct;cloud_cover_mid_pct;cloud_cover_high_pct;cloud_cover_max_pct;grid_latitude;grid_longitude;grid_elevation_m;collecte_run_id;collecte_fetched_at;collecte_commit
2026-10-03;cap_des_seselets;AROMEHD;2026-10-03T01:00;3.9;6.2;357.0;19.1;0.0;;0.0;86.0;100.0;100.0;45.66;5.879999;0.0;2026-10-02T19:15:00+02:00;2026-10-02T19:42:49+02:00;6414c3ee679f
2026-10-03;cap_des_seselets;AROMEHD;2026-10-03T02:00;2.6;5.6;48.0;18.4;0.0;;0.0;14.0;100.0;100.0;45.66;5.879999;0.0;2026-10-02T19:15:00+02:00;2026-10-02T19:42:49+02:00;6414c3ee679f
2026-10-03;cap_des_seselets;AROMEHD;2026-10-03T03:00;2.3;3.7;48.0;18.1;0.0;;0.0;21.0;100.0;100.0;45.66;5.879999;0.0;2026-10-02T19:15:00+02:00;2026-10-02T19:42:49+02:00;6414c3ee679f
2026-10-03;cap_des_seselets;AROMEHD;2026-10-03T04:00;2.3;3.3;24.0;17.9;0.0;;0.0;57.0;99.0;99.0;45.66;5.879999;0.0;2026-10-02T19:15:00+02:00;2026-10-02T19:42:49+02:00;6414c3ee679f
2026-10-03;cap_des_seselets;AROMEHD;2026-10-03T05:00;4.4;6.0;347.0;18.1;0.0;;0.0;69.0;44.0;69.0;45.66;5.879999;0.0;2026-10-02T19:15:00+02:00;2026-10-02T19:42:49+02:00;6414c3ee679f
2026-10-03;cap_des_seselets;AROMEHD;2026-10-03T06:00;4.8;7.2;339.0;18.1;0.0;;0.0;100.0;100.0;100.0;45.66;5.879999;0.0;2026-10-02T19:15:00+02:00;2026-10-02T19:42:49+02:00;6414c3ee679f
2026-10-03;cap_des_seselets;AROMEHD;2026-10-03T07:00;4.4;7.0;345.0;18.1;0.0;;0.0;100.0;100.0;100.0;45.66;5.879999;0.0;2026-10-02T19:15:00+02:00;2026-10-02T19:42:49+02:00;6414c3ee679f
2026-10-03;cap_des_seselets;AROMEHD;2026-10-03T08:00;4.5;7.4;355.0;18.0;0.0;;2.0;96.0;100.0;100.0;45.66;5.879999;0.0;2026-10-02T19:15:00+02:00;2026-10-02T19:42:49+02:00;6414c3ee679f
2026-10-03;cap_des_seselets;AROMEHD;2026-10-03T09:00;2.9;6.6;37.0;17.6;0.0;;1.0;98.0;100.0;100.0;45.66;5.879999;0.0;2026-10-02T19:15:00+02:00;2026-10-02T19:42:49+02:00;6414c3ee679f
2026-10-03;cap_des_seselets;AROMEHD;2026-10-03T10:00;2.2;4.1;27.0;17.6;0.0;;0.0;24.0;100.0;100.0;45.66;5.879999;0.0;2026-10-02T19:15:00+02:00;2026-10-02T19:42:49+02:00;6414c3ee679f
2026-10-03;cap_des_seselets;AROMEHD;2026-10-03T11:00;1.2;3.3;9.0;17.9;0.0;;0.0;0.0;100.0;100.0;45.66;5.879999;0.0;2026-10-02T19:15:00+02:00;2026-10-02T19:42:49+02:00;6414c3ee679f
2026-10-03;cap_des_seselets;AROMEHD;2026-10-03T12:00;1.0;1.9;112.0;18.8;0.0;;0.0;0.0;100.0;100.0;45.66;5.879999;0.0;2026-10-02T19:15:00+02:00;2026-10-02T19:42:49+02:00;6414c3ee679f
2026-10-03;cap_des_seselets;AROMEHD;2026-10-03T13:00;0.2;1.4;270.0;19.2;0.0;;0.0;1.0;100.0;100.0;45.66;5.879999;0.0;2026-10-02T19:15:00+02:00;2026-10-02T19:42:49+02:00;6414c3ee679f
2026-10-03;cap_des_seselets;AROMEHD;2026-10-03T14:00;1.8;2.3;6.0;19.7;0.0;;0.0;1.0;100.0;100.0;45.66;5.879999;0.0;2026-10-02T19:15:00+02:00;2026-10-02T19:42:49+02:00;6414c3ee679f
2026-10-03;cap_des_seselets;AROMEHD;2026-10-03T15:00;1.7;2.3;339.0;20.0;0.0;;0.0;6.0;100.0;100.0;45.66;5.879999;0.0;2026-10-02T19:15:00+02:00;2026-10-02T19:42:49+02:00;6414c3ee679f
2026-10-03;cap_des_seselets;AROMEHD;2026-10-03T16:00;1.8;2.5;354.0;20.1;0.0;;0.0;1.0;100.0;100.0;45.66;5.879999;0.0;2026-10-02T19:15:00+02:00;2026-10-02T19:42:49+02:00;6414c3ee679f
2026-10-03;cap_des_seselets;AROMEHD;2026-10-03T17:00;2.3;2.7;24.0;20.6;0.0;;0.0;33.0;100.0;100.0;45.66;5.879999;0.0;2026-10-02T19:15:00+02:00;2026-10-02T19:42:49+02:00;6414c3ee679f
2026-10-03;cap_des_seselets;AROMEHD;2026-10-03T18:00;2.4;2.9;29.0;20.5;0.0;;0.0;100.0;100.0;100.0;45.66;5.879999;0.0;2026-10-02T19:15:00+02:00;2026-10-02T19:42:49+02:00;6414c3ee679f
2026-10-03;cap_des_seselets;AROMEHD;2026-10-03T19:00;2.3;3.7;20.0;20.6;0.0;;0.0;100.0;100.0;100.0;45.66;5.879999;0.0;2026-10-02T19:15:00+02:00;2026-10-02T19:42:49+02:00;6414c3ee679f
2026-10-03;cap_des_seselets;AROMEHD;2026-10-03T20:00;1.8;2.7;13.0;20.5;0.0;;0.0;97.0;98.0;98.0;45.66;5.879999;0.0;2026-10-02T19:15:00+02:00;2026-10-02T19:42:49+02:00;6414c3ee679f
2026-10-03;cap_des_seselets;AROMEHD;2026-10-03T21:00;1.7;2.1;90.0;20.1;0.0;;0.0;84.0;100.0;100.0;45.66;5.879999;0.0;2026-10-02T19:15:00+02:00;2026-10-02T19:42:49+02:00;6414c3ee679f
2026-10-03;cap_des_seselets;AROMEHD;2026-10-03T22:00;2.3;2.7;114.0;19.5;0.0;;0.0;100.0;25.0;100.0;45.66;5.879999;0.0;2026-10-02T19:15:00+02:00;2026-10-02T19:42:49+02:00;6414c3ee679f
2026-10-03;cap_des_seselets;AROMEHD;2026-10-03T23:00;2.2;2.9;135.0;19.2;0.0;;0.0;99.0;76.0;99.0;45.66;5.879999;0.0;2026-10-02T19:15:00+02:00;2026-10-02T19:42:49+02:00;6414c3ee679f
2026-10-03;cap_des_seselets;AROMEHD;2026-10-04T00:00;1.6;2.1;97.0;19.3;0.0;;0.0;100.0;68.0;100.0;45.66;5.879999;0.0;2026-10-02T19:15:00+02:00;2026-10-02T19:42:49+02:00;6414c3ee679f
2026-10-03;cap_des_seselets;ICONCH1;2026-10-03T01:00;2.6;4.5;9.0;19.0;0.0;100.0;0.0;91.0;100.0;100.0;45.66424;5.878174;0.0;2026-10-02T19:15:00+02:00;2026-10-02T19:42:49+02:00;6414c3ee679f
2026-10-03;cap_des_seselets;ICONCH1;2026-10-03T02:00;1.1;4.1;59.0;18.5;0.0;100.0;0.0;89.0;100.0;100.0;45.66424;5.878174;0.0;2026-10-02T19:15:00+02:00;2026-10-02T19:42:49+02:00;6414c3ee679f
2026-10-03;cap_des_seselets;ICONCH1;2026-10-03T03:00;1.8;3.5;32.0;18.4;0.0;100.0;0.0;95.0;100.0;100.0;45.66424;5.878174;0.0;2026-10-02T19:15:00+02:00;2026-10-02T19:42:49+02:00;6414c3ee679f
2026-10-03;cap_des_seselets;ICONCH1;2026-10-03T04:00;1.2;2.5;90.0;18.2;0.1;100.0;49.0;100.0;100.0;100.0;45.66424;5.878174;0.0;2026-10-02T19:15:00+02:00;2026-10-02T19:42:49+02:00;6414c3ee679f
2026-10-03;cap_des_seselets;ICONCH1;2026-10-03T05:00;2.2;3.9;153.0;17.5;1.2;100.0;38.0;100.0;100.0;100.0;45.66424;5.878174;0.0;2026-10-02T19:15:00+02:00;2026-10-02T19:42:49+02:00;6414c3ee679f
2026-10-03;cap_des_seselets;ICONCH1;2026-10-03T06:00;1.1;2.9;149.0;17.4;0.8;100.0;47.0;100.0;100.0;100.0;45.66424;5.878174;0.0;2026-10-02T19:15:00+02:00;2026-10-02T19:42:49+02:00;6414c3ee679f
2026-10-03;cap_des_seselets;ICONCH1;2026-10-03T07:00;0.9;1.7;117.0;17.5;1.0;100.0;73.0;100.0;100.0;100.0;45.66424;5.878174;0.0;2026-10-02T19:15:00+02:00;2026-10-02T19:42:49+02:00;6414c3ee679f
2026-10-03;cap_des_seselets;ICONCH1;2026-10-03T08:00;1.5;2.3;157.0;17.2;0.7;100.0;80.0;100.0;100.0;100.0;45.66424;5.878174;0.0;2026-10-02T19:15:00+02:00;2026-10-02T19:42:49+02:00;6414c3ee679f
2026-10-03;cap_des_seselets;ICONCH1;2026-10-03T09:00;1.2;2.1;180.0;17.7;0.5;100.0;73.0;100.0;100.0;100.0;45.66424;5.878174;0.0;2026-10-02T19:15:00+02:00;2026-10-02T19:42:49+02:00;6414c3ee679f
2026-10-03;cap_des_seselets;ICONCH1;2026-10-03T10:00;0.8;1.9;180.0;17.6;0.3;100.0;65.0;95.0;100.0;100.0;45.66424;5.878174;0.0;2026-10-02T19:15:00+02:00;2026-10-02T19:42:49+02:00;6414c3ee679f
2026-10-03;cap_des_seselets;ICONCH1;2026-10-03T11:00;0.5;1.9;225.0;18.0;0.0;100.0;58.0;100.0;100.0;100.0;45.66424;5.878174;0.0;2026-10-02T19:15:00+02:00;2026-10-02T19:42:49+02:00;6414c3ee679f
2026-10-03;cap_des_seselets;ICONCH1;2026-10-03T12:00;1.1;1.6;301.0;18.5;0.0;100.0;48.0;97.0;94.0;100.0;45.66424;5.878174;0.0;2026-10-02T19:15:00+02:00;2026-10-02T19:42:49+02:00;6414c3ee679f
2026-10-03;cap_des_seselets;ICONCH1;2026-10-03T13:00;1.7;2.3;291.0;19.1;0.0;100.0;32.0;96.0;100.0;100.0;45.66424;5.878174;0.0;2026-10-02T19:15:00+02:00;2026-10-02T19:42:49+02:00;6414c3ee679f
2026-10-03;cap_des_seselets;ICONCH1;2026-10-03T14:00;1.6;2.9;240.0;20.0;0.0;100.0;59.0;88.0;100.0;100.0;45.66424;5.878174;0.0;2026-10-02T19:15:00+02:00;2026-10-02T19:42:49+02:00;6414c3ee679f
2026-10-03;cap_des_seselets;ICONCH1;2026-10-03T15:00;1.6;2.7;256.0;20.5;0.0;100.0;38.0;100.0;100.0;100.0;45.66424;5.878174;0.0;2026-10-02T19:15:00+02:00;2026-10-02T19:42:49+02:00;6414c3ee679f
2026-10-03;cap_des_seselets;ICONCH1;2026-10-03T16:00;1.0;4.3;259.0;20.9;0.0;100.0;26.0;100.0;100.0;100.0;45.66424;5.878174;0.0;2026-10-02T19:15:00+02:00;2026-10-02T19:42:49+02:00;6414c3ee679f
2026-10-03;cap_des_seselets;ICONCH1;2026-10-03T17:00;2.7;3.7;180.0;21.1;0.0;100.0;48.0;100.0;100.0;100.0;45.66424;5.878174;0.0;2026-10-02T19:15:00+02:00;2026-10-02T19:42:49+02:00;6414c3ee679f
2026-10-03;cap_des_seselets;ICONCH1;2026-10-03T18:00;4.4;6.4;203.0;20.6;0.2;100.0;12.0;100.0;100.0;100.0;45.66424;5.878174;0.0;2026-10-02T19:15:00+02:00;2026-10-02T19:42:49+02:00;6414c3ee679f
2026-10-03;cap_des_seselets;ICONCH1;2026-10-03T19:00;3.3;7.0;177.0;19.8;1.2;100.0;20.0;100.0;87.0;100.0;45.66424;5.878174;0.0;2026-10-02T19:15:00+02:00;2026-10-02T19:42:49+02:00;6414c3ee679f
2026-10-03;cap_des_seselets;ICONCH1;2026-10-03T20:00;1.6;4.5;120.0;19.6;0.5;99.0;15.0;97.0;8.0;99.0;45.66424;5.878174;0.0;2026-10-02T19:15:00+02:00;2026-10-02T19:42:49+02:00;6414c3ee679f
2026-10-03;cap_des_seselets;ICONCH1;2026-10-03T21:00;0.8;2.1;104.0;19.8;0.2;97.0;19.0;93.0;5.0;97.0;45.66424;5.878174;0.0;2026-10-02T19:15:00+02:00;2026-10-02T19:42:49+02:00;6414c3ee679f
2026-10-03;cap_des_seselets;ICONCH1;2026-10-03T22:00;1.8;3.7;167.0;19.2;0.0;92.0;3.0;91.0;4.0;92.0;45.66424;5.878174;0.0;2026-10-02T19:15:00+02:00;2026-10-02T19:42:49+02:00;6414c3ee679f
2026-10-03;cap_des_seselets;ICONCH1;2026-10-03T23:00;2.2;3.7;165.0;18.8;0.0;92.0;42.0;82.0;2.0;92.0;45.66424;5.878174;0.0;2026-10-02T19:15:00+02:00;2026-10-02T19:42:49+02:00;6414c3ee679f
2026-10-03;cap_des_seselets;ICONCH1;2026-10-04T00:00;1.4;3.1;135.0;19.0;0.0;79.0;21.0;66.0;0.0;79.0;45.66424;5.878174;0.0;2026-10-02T19:15:00+02:00;2026-10-02T19:42:49+02:00;6414c3ee679f
2026-10-03;excenevex;AROMEHD;2026-10-03T01:00;2.5;3.3;157.0;15.7;0.0;;0.0;0.0;75.0;75.0;46.35;6.369999;0.0;2026-10-02T19:15:00+02:00;2026-10-02T19:42:49+02:00;6414c3ee679f
2026-10-03;excenevex;AROMEHD;2026-10-03T02:00;1.6;2.7;210.0;15.7;0.0;;0.0;7.0;100.0;100.0;46.35;6.369999;0.0;2026-10-02T19:15:00+02:00;2026-10-02T19:42:49+02:00;6414c3ee679f
2026-10-03;excenevex;AROMEHD;2026-10-03T03:00;2.0;2.3;197.0;15.0;0.0;;0.0;13.0;100.0;100.0;46.35;6.369999;0.0;2026-10-02T19:15:00+02:00;2026-10-02T19:42:49+02:00;6414c3ee679f
2026-10-03;excenevex;AROMEHD;2026-10-03T04:00;1.8;2.3;221.0;15.1;0.0;;0.0;11.0;100.0;100.0;46.35;6.369999;0.0;2026-10-02T19:15:00+02:00;2026-10-02T19:42:49+02:00;6414c3ee679f
2026-10-03;excenevex;AROMEHD;2026-10-03T05:00;1.9;2.7;180.0;15.3;0.0;;2.0;5.0;100.0;100.0;46.35;6.369999;0.0;2026-10-02T19:15:00+02:00;2026-10-02T19:42:49+02:00;6414c3ee679f
2026-10-03;excenevex;AROMEHD;2026-10-03T06:00;3.4;4.1;156.0;15.5;0.0;;8.0;15.0;100.0;100.0;46.35;6.369999;0.0;2026-10-02T19:15:00+02:00;2026-10-02T19:42:49+02:00;6414c3ee679f
2026-10-03;excenevex;AROMEHD;2026-10-03T07:00;4.0;5.2;137.0;15.2;0.0;;5.0;37.0;100.0;100.0;46.35;6.369999;0.0;2026-10-02T19:15:00+02:00;2026-10-02T19:42:49+02:00;6414c3ee679f
2026-10-03;excenevex;AROMEHD;2026-10-03T08:00;4.1;5.2;139.0;15.2;0.0;;11.0;2.0;100.0;100.0;46.35;6.369999;0.0;2026-10-02T19:15:00+02:00;2026-10-02T19:42:49+02:00;6414c3ee679f
2026-10-03;excenevex;AROMEHD;2026-10-03T09:00;3.2;5.1;123.0;16.0;0.0;;19.0;3.0;100.0;100.0;46.35;6.369999;0.0;2026-10-02T19:15:00+02:00;2026-10-02T19:42:49+02:00;6414c3ee679f
2026-10-03;excenevex;AROMEHD;2026-10-03T10:00;2.0;4.1;107.0;16.3;0.0;;33.0;8.0;100.0;100.0;46.35;6.369999;0.0;2026-10-02T19:15:00+02:00;2026-10-02T19:42:49+02:00;6414c3ee679f
2026-10-03;excenevex;AROMEHD;2026-10-03T11:00;1.8;3.7;58.0;16.9;0.0;;11.0;1.0;100.0;100.0;46.35;6.369999;0.0;2026-10-02T19:15:00+02:00;2026-10-02T19:42:49+02:00;6414c3ee679f
2026-10-03;excenevex;AROMEHD;2026-10-03T12:00;1.4;3.3;56.0;16.9;0.0;;0.0;3.0;100.0;100.0;46.35;6.369999;0.0;2026-10-02T19:15:00+02:00;2026-10-02T19:42:49+02:00;6414c3ee679f
2026-10-03;excenevex;AROMEHD;2026-10-03T13:00;2.5;2.1;18.0;17.0;0.0;;0.0;1.0;100.0;100.0;46.35;6.369999;0.0;2026-10-02T19:15:00+02:00;2026-10-02T19:42:49+02:00;6414c3ee679f
2026-10-03;excenevex;AROMEHD;2026-10-03T14:00;4.0;4.7;23.0;17.6;0.0;;0.0;0.0;100.0;100.0;46.35;6.369999;0.0;2026-10-02T19:15:00+02:00;2026-10-02T19:42:49+02:00;6414c3ee679f
2026-10-03;excenevex;AROMEHD;2026-10-03T15:00;3.4;4.5;10.0;17.8;0.0;;0.0;0.0;100.0;100.0;46.35;6.369999;0.0;2026-10-02T19:15:00+02:00;2026-10-02T19:42:49+02:00;6414c3ee679f
2026-10-03;excenevex;AROMEHD;2026-10-03T16:00;3.4;3.7;13.0;18.1;0.0;;0.0;0.0;99.0;99.0;46.35;6.369999;0.0;2026-10-02T19:15:00+02:00;2026-10-02T19:42:49+02:00;6414c3ee679f
2026-10-03;excenevex;AROMEHD;2026-10-03T17:00;3.2;4.7;11.0;18.5;0.0;;0.0;0.0;100.0;100.0;46.35;6.369999;0.0;2026-10-02T19:15:00+02:00;2026-10-02T19:42:49+02:00;6414c3ee679f
2026-10-03;excenevex;AROMEHD;2026-10-03T18:00;2.4;3.3;14.0;18.7;0.0;;86.0;0.0;100.0;100.0;46.35;6.369999;0.0;2026-10-02T19:15:00+02:00;2026-10-02T19:42:49+02:00;6414c3ee679f
2026-10-03;excenevex;AROMEHD;2026-10-03T19:00;2.5;1.9;321.0;19.2;0.0;;95.0;0.0;100.0;100.0;46.35;6.369999;0.0;2026-10-02T19:15:00+02:00;2026-10-02T19:42:49+02:00;6414c3ee679f
2026-10-03;excenevex;AROMEHD;2026-10-03T20:00;3.7;6.2;6.0;19.3;0.0;;0.0;15.0;100.0;100.0;46.35;6.369999;0.0;2026-10-02T19:15:00+02:00;2026-10-02T19:42:49+02:00;6414c3ee679f
2026-10-03;excenevex;AROMEHD;2026-10-03T21:00;3.0;4.3;148.0;18.8;0.0;;0.0;98.0;100.0;100.0;46.35;6.369999;0.0;2026-10-02T19:15:00+02:00;2026-10-02T19:42:49+02:00;6414c3ee679f
2026-10-03;excenevex;AROMEHD;2026-10-03T22:00;1.7;3.7;180.0;18.5;0.0;;0.0;100.0;100.0;100.0;46.35;6.369999;0.0;2026-10-02T19:15:00+02:00;2026-10-02T19:42:49+02:00;6414c3ee679f
2026-10-03;excenevex;AROMEHD;2026-10-03T23:00;1.6;2.1;150.0;17.9;0.0;;0.0;100.0;100.0;100.0;46.35;6.369999;0.0;2026-10-02T19:15:00+02:00;2026-10-02T19:42:49+02:00;6414c3ee679f
2026-10-03;excenevex;AROMEHD;2026-10-04T00:00;2.3;2.3;204.0;17.1;0.0;;0.0;36.0;100.0;100.0;46.35;6.369999;0.0;2026-10-02T19:15:00+02:00;2026-10-02T19:42:49+02:00;6414c3ee679f
2026-10-03;excenevex;ICONCH1;2026-10-03T01:00;3.3;4.7;159.0;16.5;0.0;100.0;8.0;30.0;100.0;100.0;46.351723;6.3624268;0.0;2026-10-02T19:15:00+02:00;2026-10-02T19:42:49+02:00;6414c3ee679f
2026-10-03;excenevex;ICONCH1;2026-10-03T02:00;2.6;4.9;171.0;16.3;0.0;99.0;33.0;48.0;98.0;99.0;46.351723;6.3624268;0.0;2026-10-02T19:15:00+02:00;2026-10-02T19:42:49+02:00;6414c3ee679f
2026-10-03;excenevex;ICONCH1;2026-10-03T03:00;2.5;4.1;184.0;16.1;0.0;100.0;44.0;49.0;100.0;100.0;46.351723;6.3624268;0.0;2026-10-02T19:15:00+02:00;2026-10-02T19:42:49+02:00;6414c3ee679f
2026-10-03;excenevex;ICONCH1;2026-10-03T04:00;2.5;3.7;180.0;16.2;0.0;100.0;37.0;65.0;100.0;100.0;46.351723;6.3624268;0.0;2026-10-02T19:15:00+02:00;2026-10-02T19:42:49+02:00;6414c3ee679f
2026-10-03;excenevex;ICONCH1;2026-10-03T05:00;1.7;3.7;180.0;16.5;0.0;100.0;41.0;92.0;100.0;100.0;46.351723;6.3624268;0.0;2026-10-02T19:15:00+02:00;2026-10-02T19:42:49+02:00;6414c3ee679f
2026-10-03;excenevex;ICONCH1;2026-10-03T06:00;2.5;3.9;198.0;16.4;0.0;100.0;49.0;76.0;100.0;100.0;46.351723;6.3624268;0.0;2026-10-02T19:15:00+02:00;2026-10-02T19:42:49+02:00;6414c3ee679f
2026-10-03;excenevex;ICONCH1;2026-10-03T07:00;2.9;4.7;208.0;16.1;0.0;100.0;56.0;34.0;100.0;100.0;46.351723;6.3624268;0.0;2026-10-02T19:15:00+02:00;2026-10-02T19:42:49+02:00;6414c3ee679f
2026-10-03;excenevex;ICONCH1;2026-10-03T08:00;3.0;4.3;191.0;15.9;0.0;100.0;63.0;37.0;100.0;100.0;46.351723;6.3624268;0.0;2026-10-02T19:15:00+02:00;2026-10-02T19:42:49+02:00;6414c3ee679f
2026-10-03;excenevex;ICONCH1;2026-10-03T09:00;2.0;4.5;151.0;16.5;0.0;98.0;60.0;63.0;84.0;98.0;46.351723;6.3624268;0.0;2026-10-02T19:15:00+02:00;2026-10-02T19:42:49+02:00;6414c3ee679f
2026-10-03;excenevex;ICONCH1;2026-10-03T10:00;3.7;5.6;65.0;17.4;0.0;100.0;59.0;88.0;100.0;100.0;46.351723;6.3624268;0.0;2026-10-02T19:15:00+02:00;2026-10-02T19:42:49+02:00;6414c3ee679f
2026-10-03;excenevex;ICONCH1;2026-10-03T11:00;3.1;5.6;72.0;17.4;0.0;100.0;37.0;78.0;100.0;100.0;46.351723;6.3624268;0.0;2026-10-02T19:15:00+02:00;2026-10-02T19:42:49+02:00;6414c3ee679f
2026-10-03;excenevex;ICONCH1;2026-10-03T12:00;2.3;4.7;70.0;17.7;0.0;100.0;2.0;94.0;100.0;100.0;46.351723;6.3624268;0.0;2026-10-02T19:15:00+02:00;2026-10-02T19:42:49+02:00;6414c3ee679f
2026-10-03;excenevex;ICONCH1;2026-10-03T13:00;2.2;3.5;52.0;18.0;0.0;97.0;7.0;93.0;82.0;97.0;46.351723;6.3624268;0.0;2026-10-02T19:15:00+02:00;2026-10-02T19:42:49+02:00;6414c3ee679f
2026-10-03;excenevex;ICONCH1;2026-10-03T14:00;1.6;4.1;14.0;18.8;0.0;100.0;0.0;73.0;100.0;100.0;46.351723;6.3624268;0.0;2026-10-02T19:15:00+02:00;2026-10-02T19:42:49+02:00;6414c3ee679f
2026-10-03;excenevex;ICONCH1;2026-10-03T15:00;2.7;4.3;8.0;19.4;0.0;95.0;0.0;85.0;75.0;95.0;46.351723;6.3624268;0.0;2026-10-02T19:15:00+02:00;2026-10-02T19:42:49+02:00;6414c3ee679f
2026-10-03;excenevex;ICONCH1;2026-10-03T16:00;2.2;4.3;350.0;20.0;0.0;100.0;0.0;93.0;100.0;100.0;46.351723;6.3624268;0.0;2026-10-02T19:15:00+02:00;2026-10-02T19:42:49+02:00;6414c3ee679f
2026-10-03;excenevex;ICONCH1;2026-10-03T17:00;1.9;3.5;307.0;20.5;0.0;100.0;5.0;97.0;100.0;100.0;46.351723;6.3624268;0.0;2026-10-02T19:15:00+02:00;2026-10-02T19:42:49+02:00;6414c3ee679f
2026-10-03;excenevex;ICONCH1;2026-10-03T18:00;2.8;4.3;236.0;20.5;0.0;100.0;14.0;100.0;100.0;100.0;46.351723;6.3624268;0.0;2026-10-02T19:15:00+02:00;2026-10-02T19:42:49+02:00;6414c3ee679f
2026-10-03;excenevex;ICONCH1;2026-10-03T19:00;3.9;7.0;252.0;19.7;0.0;100.0;37.0;99.0;100.0;100.0;46.351723;6.3624268;0.0;2026-10-02T19:15:00+02:00;2026-10-02T19:42:49+02:00;6414c3ee679f
2026-10-03;excenevex;ICONCH1;2026-10-03T20:00;3.9;6.6;217.0;19.1;0.0;100.0;52.0;100.0;46.0;100.0;46.351723;6.3624268;0.0;2026-10-02T19:15:00+02:00;2026-10-02T19:42:49+02:00;6414c3ee679f
2026-10-03;excenevex;ICONCH1;2026-10-03T21:00;2.5;6.2;212.0;18.8;0.0;100.0;63.0;97.0;90.0;100.0;46.351723;6.3624268;0.0;2026-10-02T19:15:00+02:00;2026-10-02T19:42:49+02:00;6414c3ee679f
2026-10-03;excenevex;ICONCH1;2026-10-03T22:00;2.5;4.3;212.0;18.4;0.0;100.0;9.0;100.0;24.0;100.0;46.351723;6.3624268;0.0;2026-10-02T19:15:00+02:00;2026-10-02T19:42:49+02:00;6414c3ee679f
2026-10-03;excenevex;ICONCH1;2026-10-03T23:00;2.0;4.1;209.0;18.1;0.0;98.0;29.0;96.0;0.0;98.0;46.351723;6.3624268;0.0;2026-10-02T19:15:00+02:00;2026-10-02T19:42:49+02:00;6414c3ee679f
2026-10-03;excenevex;ICONCH1;2026-10-04T00:00;2.8;3.9;219.0;17.9;0.0;92.0;2.0;91.0;0.0;92.0;46.351723;6.3624268;0.0;2026-10-02T19:15:00+02:00;2026-10-02T19:42:49+02:00;6414c3ee679f
2026-10-03;hermance;AROMEHD;2026-10-03T01:00;3.0;3.3;140.0;15.7;0.0;;0.0;0.0;100.0;100.0;46.309998;6.24;0.0;2026-10-02T19:15:00+02:00;2026-10-02T19:42:49+02:00;6414c3ee679f
2026-10-03;hermance;AROMEHD;2026-10-03T02:00;2.8;3.3;146.0;15.4;0.0;;0.0;2.0;100.0;100.0;46.309998;6.24;0.0;2026-10-02T19:15:00+02:00;2026-10-02T19:42:49+02:00;6414c3ee679f
2026-10-03;hermance;AROMEHD;2026-10-03T03:00;3.7;4.3;148.0;15.4;0.0;;0.0;9.0;100.0;100.0;46.309998;6.24;0.0;2026-10-02T19:15:00+02:00;2026-10-02T19:42:49+02:00;6414c3ee679f
2026-10-03;hermance;AROMEHD;2026-10-03T04:00;2.6;4.3;132.0;15.3;0.0;;1.0;2.0;100.0;100.0;46.309998;6.24;0.0;2026-10-02T19:15:00+02:00;2026-10-02T19:42:49+02:00;6414c3ee679f
2026-10-03;hermance;AROMEHD;2026-10-03T05:00;1.6;2.5;90.0;15.5;0.0;;0.0;5.0;100.0;100.0;46.309998;6.24;0.0;2026-10-02T19:15:00+02:00;2026-10-02T19:42:49+02:00;6414c3ee679f
2026-10-03;hermance;AROMEHD;2026-10-03T06:00;0.5;2.1;45.0;15.8;0.0;;0.0;38.0;100.0;100.0;46.309998;6.24;0.0;2026-10-02T19:15:00+02:00;2026-10-02T19:42:49+02:00;6414c3ee679f
2026-10-03;hermance;AROMEHD;2026-10-03T07:00;1.0;1.6;112.0;15.3;0.0;;1.0;97.0;100.0;100.0;46.309998;6.24;0.0;2026-10-02T19:15:00+02:00;2026-10-02T19:42:49+02:00;6414c3ee679f
2026-10-03;hermance;AROMEHD;2026-10-03T08:00;1.1;1.7;135.0;15.2;0.0;;4.0;8.0;100.0;100.0;46.309998;6.24;0.0;2026-10-02T19:15:00+02:00;2026-10-02T19:42:49+02:00;6414c3ee679f
2026-10-03;hermance;AROMEHD;2026-10-03T09:00;1.7;2.7;153.0;15.4;0.0;;1.0;12.0;100.0;100.0;46.309998;6.24;0.0;2026-10-02T19:15:00+02:00;2026-10-02T19:42:49+02:00;6414c3ee679f
2026-10-03;hermance;AROMEHD;2026-10-03T10:00;2.1;3.5;202.0;16.0;0.0;;1.0;5.0;100.0;100.0;46.309998;6.24;0.0;2026-10-02T19:15:00+02:00;2026-10-02T19:42:49+02:00;6414c3ee679f
2026-10-03;hermance;AROMEHD;2026-10-03T11:00;2.4;3.3;261.0;16.4;0.0;;1.0;6.0;100.0;100.0;46.309998;6.24;0.0;2026-10-02T19:15:00+02:00;2026-10-02T19:42:49+02:00;6414c3ee679f
2026-10-03;hermance;AROMEHD;2026-10-03T12:00;1.8;3.7;288.0;17.0;0.0;;1.0;99.0;100.0;100.0;46.309998;6.24;0.0;2026-10-02T19:15:00+02:00;2026-10-02T19:42:49+02:00;6414c3ee679f
2026-10-03;hermance;AROMEHD;2026-10-03T13:00;2.9;4.1;352.0;17.6;0.0;;0.0;0.0;100.0;100.0;46.309998;6.24;0.0;2026-10-02T19:15:00+02:00;2026-10-02T19:42:49+02:00;6414c3ee679f
2026-10-03;hermance;AROMEHD;2026-10-03T14:00;7.3;8.6;8.0;18.4;0.0;;0.0;0.0;100.0;100.0;46.309998;6.24;0.0;2026-10-02T19:15:00+02:00;2026-10-02T19:42:49+02:00;6414c3ee679f
2026-10-03;hermance;AROMEHD;2026-10-03T15:00;6.4;8.9;5.0;19.0;0.0;;0.0;0.0;100.0;100.0;46.309998;6.24;0.0;2026-10-02T19:15:00+02:00;2026-10-02T19:42:49+02:00;6414c3ee679f
2026-10-03;hermance;AROMEHD;2026-10-03T16:00;6.8;7.6;7.0;19.1;0.0;;0.0;0.0;100.0;100.0;46.309998;6.24;0.0;2026-10-02T19:15:00+02:00;2026-10-02T19:42:49+02:00;6414c3ee679f
2026-10-03;hermance;AROMEHD;2026-10-03T17:00;7.0;8.2;13.0;19.7;0.0;;0.0;0.0;100.0;100.0;46.309998;6.24;0.0;2026-10-02T19:15:00+02:00;2026-10-02T19:42:49+02:00;6414c3ee679f
2026-10-03;hermance;AROMEHD;2026-10-03T18:00;6.0;7.8;25.0;19.7;0.0;;53.0;1.0;100.0;100.0;46.309998;6.24;0.0;2026-10-02T19:15:00+02:00;2026-10-02T19:42:49+02:00;6414c3ee679f
2026-10-03;hermance;AROMEHD;2026-10-03T19:00;4.2;6.6;16.0;19.6;0.0;;35.0;0.0;100.0;100.0;46.309998;6.24;0.0;2026-10-02T19:15:00+02:00;2026-10-02T19:42:49+02:00;6414c3ee679f
2026-10-03;hermance;AROMEHD;2026-10-03T20:00;4.6;5.6;20.0;19.7;0.0;;18.0;34.0;100.0;100.0;46.309998;6.24;0.0;2026-10-02T19:15:00+02:00;2026-10-02T19:42:49+02:00;6414c3ee679f
2026-10-03;hermance;AROMEHD;2026-10-03T21:00;3.8;5.2;75.0;19.0;0.0;;1.0;100.0;100.0;100.0;46.309998;6.24;0.0;2026-10-02T19:15:00+02:00;2026-10-02T19:42:49+02:00;6414c3ee679f
2026-10-03;hermance;AROMEHD;2026-10-03T22:00;1.0;5.1;11.0;19.0;0.0;;0.0;100.0;100.0;100.0;46.309998;6.24;0.0;2026-10-02T19:15:00+02:00;2026-10-02T19:42:49+02:00;6414c3ee679f
2026-10-03;hermance;AROMEHD;2026-10-03T23:00;1.0;2.1;323.0;19.0;0.0;;0.0;100.0;100.0;100.0;46.309998;6.24;0.0;2026-10-02T19:15:00+02:00;2026-10-02T19:42:49+02:00;6414c3ee679f
2026-10-03;hermance;AROMEHD;2026-10-04T00:00;2.6;1.4;153.0;18.0;0.0;;0.0;94.0;100.0;100.0;46.309998;6.24;0.0;2026-10-02T19:15:00+02:00;2026-10-02T19:42:49+02:00;6414c3ee679f
2026-10-03;hermance;ICONCH1;2026-10-03T01:00;3.4;4.9;137.0;15.7;0.0;100.0;3.0;39.0;100.0;100.0;46.30753;6.2349854;0.0;2026-10-02T19:15:00+02:00;2026-10-02T19:42:49+02:00;6414c3ee679f
2026-10-03;hermance;ICONCH1;2026-10-03T02:00;3.0;4.7;140.0;15.6;0.0;100.0;12.0;37.0;100.0;100.0;46.30753;6.2349854;0.0;2026-10-02T19:15:00+02:00;2026-10-02T19:42:49+02:00;6414c3ee679f
2026-10-03;hermance;ICONCH1;2026-10-03T03:00;3.0;4.1;130.0;15.5;0.0;97.0;16.0;50.0;90.0;97.0;46.30753;6.2349854;0.0;2026-10-02T19:15:00+02:00;2026-10-02T19:42:49+02:00;6414c3ee679f
2026-10-03;hermance;ICONCH1;2026-10-03T04:00;1.8;4.1;148.0;16.1;0.0;100.0;39.0;81.0;100.0;100.0;46.30753;6.2349854;0.0;2026-10-02T19:15:00+02:00;2026-10-02T19:42:49+02:00;6414c3ee679f
2026-10-03;hermance;ICONCH1;2026-10-03T05:00;1.5;2.5;157.0;16.4;0.0;100.0;43.0;71.0;100.0;100.0;46.30753;6.2349854;0.0;2026-10-02T19:15:00+02:00;2026-10-02T19:42:49+02:00;6414c3ee679f
2026-10-03;hermance;ICONCH1;2026-10-03T06:00;2.6;3.7;138.0;15.8;0.0;100.0;42.0;72.0;100.0;100.0;46.30753;6.2349854;0.0;2026-10-02T19:15:00+02:00;2026-10-02T19:42:49+02:00;6414c3ee679f
2026-10-03;hermance;ICONCH1;2026-10-03T07:00;2.5;3.5;157.0;15.9;0.0;100.0;56.0;36.0;100.0;100.0;46.30753;6.2349854;0.0;2026-10-02T19:15:00+02:00;2026-10-02T19:42:49+02:00;6414c3ee679f
2026-10-03;hermance;ICONCH1;2026-10-03T08:00;2.6;4.1;138.0;15.7;0.0;100.0;52.0;63.0;100.0;100.0;46.30753;6.2349854;0.0;2026-10-02T19:15:00+02:00;2026-10-02T19:42:49+02:00;6414c3ee679f
2026-10-03;hermance;ICONCH1;2026-10-03T09:00;1.7;3.7;144.0;16.2;0.0;100.0;53.0;95.0;93.0;100.0;46.30753;6.2349854;0.0;2026-10-02T19:15:00+02:00;2026-10-02T19:42:49+02:00;6414c3ee679f
2026-10-03;hermance;ICONCH1;2026-10-03T10:00;0.2;2.3;180.0;16.7;0.0;100.0;52.0;98.0;96.0;100.0;46.30753;6.2349854;0.0;2026-10-02T19:15:00+02:00;2026-10-02T19:42:49+02:00;6414c3ee679f
2026-10-03;hermance;ICONCH1;2026-10-03T11:00;0.4;1.0;360.0;17.1;0.0;100.0;68.0;99.0;100.0;100.0;46.30753;6.2349854;0.0;2026-10-02T19:15:00+02:00;2026-10-02T19:42:49+02:00;6414c3ee679f
2026-10-03;hermance;ICONCH1;2026-10-03T12:00;1.0;1.4;307.0;17.6;0.0;100.0;17.0;99.0;100.0;100.0;46.30753;6.2349854;0.0;2026-10-02T19:15:00+02:00;2026-10-02T19:42:49+02:00;6414c3ee679f
2026-10-03;hermance;ICONCH1;2026-10-03T13:00;3.2;4.3;259.0;18.1;0.0;100.0;3.0;100.0;70.0;100.0;46.30753;6.2349854;0.0;2026-10-02T19:15:00+02:00;2026-10-02T19:42:49+02:00;6414c3ee679f
2026-10-03;hermance;ICONCH1;2026-10-03T14:00;3.1;4.5;266.0;18.6;0.0;96.0;0.0;84.0;81.0;96.0;46.30753;6.2349854;0.0;2026-10-02T19:15:00+02:00;2026-10-02T19:42:49+02:00;6414c3ee679f
2026-10-03;hermance;ICONCH1;2026-10-03T15:00;1.9;4.3;270.0;19.2;0.0;100.0;0.0;96.0;100.0;100.0;46.30753;6.2349854;0.0;2026-10-02T19:15:00+02:00;2026-10-02T19:42:49+02:00;6414c3ee679f
2026-10-03;hermance;ICONCH1;2026-10-03T16:00;1.2;2.9;261.0;19.6;0.0;100.0;20.0;95.0;100.0;100.0;46.30753;6.2349854;0.0;2026-10-02T19:15:00+02:00;2026-10-02T19:42:49+02:00;6414c3ee679f
2026-10-03;hermance;ICONCH1;2026-10-03T17:00;1.5;4.1;247.0;20.0;0.0;100.0;0.0;100.0;100.0;100.0;46.30753;6.2349854;0.0;2026-10-02T19:15:00+02:00;2026-10-02T19:42:49+02:00;6414c3ee679f
2026-10-03;hermance;ICONCH1;2026-10-03T18:00;3.1;4.7;198.0;20.1;0.0;100.0;38.0;97.0;100.0;100.0;46.30753;6.2349854;0.0;2026-10-02T19:15:00+02:00;2026-10-02T19:42:49+02:00;6414c3ee679f
2026-10-03;hermance;ICONCH1;2026-10-03T19:00;4.0;5.4;209.0;20.1;0.0;100.0;61.0;97.0;100.0;100.0;46.30753;6.2349854;0.0;2026-10-02T19:15:00+02:00;2026-10-02T19:42:49+02:00;6414c3ee679f
2026-10-03;hermance;ICONCH1;2026-10-03T20:00;4.0;5.6;191.0;19.5;0.0;100.0;82.0;100.0;16.0;100.0;46.30753;6.2349854;0.0;2026-10-02T19:15:00+02:00;2026-10-02T19:42:49+02:00;6414c3ee679f
2026-10-03;hermance;ICONCH1;2026-10-03T21:00;2.3;5.2;160.0;19.0;0.0;99.0;56.0;93.0;36.0;99.0;46.30753;6.2349854;0.0;2026-10-02T19:15:00+02:00;2026-10-02T19:42:49+02:00;6414c3ee679f
2026-10-03;hermance;ICONCH1;2026-10-03T22:00;3.5;4.7;171.0;18.7;0.0;97.0;40.0;93.0;7.0;97.0;46.30753;6.2349854;0.0;2026-10-02T19:15:00+02:00;2026-10-02T19:42:49+02:00;6414c3ee679f
2026-10-03;hermance;ICONCH1;2026-10-03T23:00;2.6;4.9;171.0;18.4;0.0;94.0;40.0;87.0;2.0;94.0;46.30753;6.2349854;0.0;2026-10-02T19:15:00+02:00;2026-10-02T19:42:49+02:00;6414c3ee679f
2026-10-03;hermance;ICONCH1;2026-10-04T00:00;3.0;4.1;148.0;18.1;0.0;95.0;8.0;91.0;0.0;95.0;46.30753;6.2349854;0.0;2026-10-02T19:15:00+02:00;2026-10-02T19:42:49+02:00;6414c3ee679f
2026-10-03;loire_sur_rhone;AROMEHD;2026-10-03T01:00;1.8;2.7;131.0;15.9;0.0;;0.0;0.0;100.0;100.0;45.559998;4.8199997;170.0;2026-10-02T19:15:00+02:00;2026-10-02T19:42:49+02:00;6414c3ee679f
2026-10-03;loire_sur_rhone;AROMEHD;2026-10-03T02:00;1.7;3.1;117.0;15.7;0.0;;0.0;0.0;100.0;100.0;45.559998;4.8199997;170.0;2026-10-02T19:15:00+02:00;2026-10-02T19:42:49+02:00;6414c3ee679f
2026-10-03;loire_sur_rhone;AROMEHD;2026-10-03T03:00;1.7;2.9;126.0;15.6;0.0;;0.0;5.0;100.0;100.0;45.559998;4.8199997;170.0;2026-10-02T19:15:00+02:00;2026-10-02T19:42:49+02:00;6414c3ee679f
2026-10-03;loire_sur_rhone;AROMEHD;2026-10-03T04:00;0.4;2.7;90.0;15.5;0.0;;0.0;15.0;96.0;96.0;45.559998;4.8199997;170.0;2026-10-02T19:15:00+02:00;2026-10-02T19:42:49+02:00;6414c3ee679f
2026-10-03;loire_sur_rhone;AROMEHD;2026-10-03T05:00;0.4;0.8;63.0;15.6;0.0;;0.0;100.0;100.0;100.0;45.559998;4.8199997;170.0;2026-10-02T19:15:00+02:00;2026-10-02T19:42:49+02:00;6414c3ee679f
2026-10-03;loire_sur_rhone;AROMEHD;2026-10-03T06:00;1.3;1.9;27.0;15.7;0.0;;1.0;67.0;100.0;100.0;45.559998;4.8199997;170.0;2026-10-02T19:15:00+02:00;2026-10-02T19:42:49+02:00;6414c3ee679f
2026-10-03;loire_sur_rhone;AROMEHD;2026-10-03T07:00;0.6;1.6;342.0;15.7;0.0;;16.0;91.0;100.0;100.0;45.559998;4.8199997;170.0;2026-10-02T19:15:00+02:00;2026-10-02T19:42:49+02:00;6414c3ee679f
2026-10-03;loire_sur_rhone;AROMEHD;2026-10-03T08:00;1.5;1.9;23.0;15.7;0.0;;17.0;81.0;100.0;100.0;45.559998;4.8199997;170.0;2026-10-02T19:15:00+02:00;2026-10-02T19:42:49+02:00;6414c3ee679f
2026-10-03;loire_sur_rhone;AROMEHD;2026-10-03T09:00;1.6;2.9;346.0;16.3;0.0;;0.0;22.0;100.0;100.0;45.559998;4.8199997;170.0;2026-10-02T19:15:00+02:00;2026-10-02T19:42:49+02:00;6414c3ee679f
2026-10-03;loire_sur_rhone;AROMEHD;2026-10-03T10:00;2.5;5.2;342.0;17.6;0.0;;0.0;47.0;100.0;100.0;45.559998;4.8199997;170.0;2026-10-02T19:15:00+02:00;2026-10-02T19:42:49+02:00;6414c3ee679f
2026-10-03;loire_sur_rhone;AROMEHD;2026-10-03T11:00;2.0;5.8;343.0;18.7;0.0;;1.0;96.0;100.0;100.0;45.559998;4.8199997;170.0;2026-10-02T19:15:00+02:00;2026-10-02T19:42:49+02:00;6414c3ee679f
2026-10-03;loire_sur_rhone;AROMEHD;2026-10-03T12:00;1.4;5.2;344.0;19.7;0.0;;0.0;81.0;100.0;100.0;45.559998;4.8199997;170.0;2026-10-02T19:15:00+02:00;2026-10-02T19:42:49+02:00;6414c3ee679f
2026-10-03;loire_sur_rhone;AROMEHD;2026-10-03T13:00;1.6;5.6;7.0;20.5;0.0;;1.0;98.0;100.0;100.0;45.559998;4.8199997;170.0;2026-10-02T19:15:00+02:00;2026-10-02T19:42:49+02:00;6414c3ee679f
2026-10-03;loire_sur_rhone;AROMEHD;2026-10-03T14:00;1.4;5.8;45.0;21.5;0.0;;2.0;100.0;100.0;100.0;45.559998;4.8199997;170.0;2026-10-02T19:15:00+02:00;2026-10-02T19:42:49+02:00;6414c3ee679f
2026-10-03;loire_sur_rhone;AROMEHD;2026-10-03T15:00;1.4;5.6;56.0;21.7;0.0;;0.0;100.0;100.0;100.0;45.559998;4.8199997;170.0;2026-10-02T19:15:00+02:00;2026-10-02T19:42:49+02:00;6414c3ee679f
2026-10-03;loire_sur_rhone;AROMEHD;2026-10-03T16:00;0.6;4.7;72.0;22.0;0.0;;0.0;100.0;100.0;100.0;45.559998;4.8199997;170.0;2026-10-02T19:15:00+02:00;2026-10-02T19:42:49+02:00;6414c3ee679f
2026-10-03;loire_sur_rhone;AROMEHD;2026-10-03T17:00;1.1;3.9;31.0;22.1;0.0;;0.0;100.0;100.0;100.0;45.559998;4.8199997;170.0;2026-10-02T19:15:00+02:00;2026-10-02T19:42:49+02:00;6414c3ee679f
2026-10-03;loire_sur_rhone;AROMEHD;2026-10-03T18:00;2.0;4.1;354.0;21.8;0.0;;0.0;100.0;100.0;100.0;45.559998;4.8199997;170.0;2026-10-02T19:15:00+02:00;2026-10-02T19:42:49+02:00;6414c3ee679f
2026-10-03;loire_sur_rhone;AROMEHD;2026-10-03T19:00;1.6;4.1;14.0;21.0;0.0;;0.0;100.0;97.0;100.0;45.559998;4.8199997;170.0;2026-10-02T19:15:00+02:00;2026-10-02T19:42:49+02:00;6414c3ee679f
2026-10-03;loire_sur_rhone;AROMEHD;2026-10-03T20:00;1.4;2.7;45.0;20.0;0.0;;0.0;100.0;100.0;100.0;45.559998;4.8199997;170.0;2026-10-02T19:15:00+02:00;2026-10-02T19:42:49+02:00;6414c3ee679f
2026-10-03;loire_sur_rhone;AROMEHD;2026-10-03T21:00;0.3;1.9;135.0;19.2;0.0;;0.0;65.0;97.0;97.0;45.559998;4.8199997;170.0;2026-10-02T19:15:00+02:00;2026-10-02T19:42:49+02:00;6414c3ee679f
2026-10-03;loire_sur_rhone;AROMEHD;2026-10-03T22:00;0.3;0.4;135.0;18.4;0.0;;0.0;100.0;100.0;100.0;45.559998;4.8199997;170.0;2026-10-02T19:15:00+02:00;2026-10-02T19:42:49+02:00;6414c3ee679f
2026-10-03;loire_sur_rhone;AROMEHD;2026-10-03T23:00;1.2;1.0;219.0;18.1;0.0;;0.0;100.0;100.0;100.0;45.559998;4.8199997;170.0;2026-10-02T19:15:00+02:00;2026-10-02T19:42:49+02:00;6414c3ee679f
2026-10-03;loire_sur_rhone;AROMEHD;2026-10-04T00:00;0.6;1.0;18.0;17.9;0.0;;0.0;100.0;15.0;100.0;45.559998;4.8199997;170.0;2026-10-02T19:15:00+02:00;2026-10-02T19:42:49+02:00;6414c3ee679f
2026-10-03;loire_sur_rhone;ICONCH1;2026-10-03T01:00;2.1;3.9;265.0;16.3;0.0;100.0;0.0;0.0;100.0;100.0;45.550514;4.828491;200.0;2026-10-02T19:15:00+02:00;2026-10-02T19:42:49+02:00;6414c3ee679f
2026-10-03;loire_sur_rhone;ICONCH1;2026-10-03T02:00;1.5;3.1;293.0;16.0;0.0;100.0;0.0;29.0;100.0;100.0;45.550514;4.828491;200.0;2026-10-02T19:15:00+02:00;2026-10-02T19:42:49+02:00;6414c3ee679f
2026-10-03;loire_sur_rhone;ICONCH1;2026-10-03T03:00;2.2;3.1;297.0;15.8;0.0;100.0;0.0;82.0;100.0;100.0;45.550514;4.828491;200.0;2026-10-02T19:15:00+02:00;2026-10-02T19:42:49+02:00;6414c3ee679f
2026-10-03;loire_sur_rhone;ICONCH1;2026-10-03T04:00;0.4;3.3;117.0;15.4;0.0;100.0;0.0;84.0;100.0;100.0;45.550514;4.828491;200.0;2026-10-02T19:15:00+02:00;2026-10-02T19:42:49+02:00;6414c3ee679f
2026-10-03;loire_sur_rhone;ICONCH1;2026-10-03T05:00;1.8;2.7;311.0;15.4;0.0;100.0;0.0;87.0;100.0;100.0;45.550514;4.828491;200.0;2026-10-02T19:15:00+02:00;2026-10-02T19:42:49+02:00;6414c3ee679f
2026-10-03;loire_sur_rhone;ICONCH1;2026-10-03T06:00;0.8;2.9;270.0;15.0;0.0;100.0;9.0;91.0;100.0;100.0;45.550514;4.828491;200.0;2026-10-02T19:15:00+02:00;2026-10-02T19:42:49+02:00;6414c3ee679f
2026-10-03;loire_sur_rhone;ICONCH1;2026-10-03T07:00;0.3;3.3;315.0;15.2;0.0;100.0;0.0;97.0;100.0;100.0;45.550514;4.828491;200.0;2026-10-02T19:15:00+02:00;2026-10-02T19:42:49+02:00;6414c3ee679f
2026-10-03;loire_sur_rhone;ICONCH1;2026-10-03T08:00;1.7;3.1;306.0;15.2;0.0;100.0;0.0;99.0;100.0;100.0;45.550514;4.828491;200.0;2026-10-02T19:15:00+02:00;2026-10-02T19:42:49+02:00;6414c3ee679f
2026-10-03;loire_sur_rhone;ICONCH1;2026-10-03T09:00;1.9;3.3;294.0;15.7;0.0;100.0;0.0;97.0;100.0;100.0;45.550514;4.828491;200.0;2026-10-02T19:15:00+02:00;2026-10-02T19:42:49+02:00;6414c3ee679f
2026-10-03;loire_sur_rhone;ICONCH1;2026-10-03T10:00;2.1;4.1;326.0;16.3;0.0;100.0;3.0;99.0;100.0;100.0;45.550514;4.828491;200.0;2026-10-02T19:15:00+02:00;2026-10-02T19:42:49+02:00;6414c3ee679f
2026-10-03;loire_sur_rhone;ICONCH1;2026-10-03T11:00;1.5;3.7;337.0;17.5;0.0;100.0;5.0;95.0;100.0;100.0;45.550514;4.828491;200.0;2026-10-02T19:15:00+02:00;2026-10-02T19:42:49+02:00;6414c3ee679f
2026-10-03;loire_sur_rhone;ICONCH1;2026-10-03T12:00;1.2;3.1;108.0;19.0;0.0;100.0;5.0;93.0;100.0;100.0;45.550514;4.828491;200.0;2026-10-02T19:15:00+02:00;2026-10-02T19:42:49+02:00;6414c3ee679f
2026-10-03;loire_sur_rhone;ICONCH1;2026-10-03T13:00;2.9;5.6;110.0;20.7;0.0;100.0;0.0;98.0;100.0;100.0;45.550514;4.828491;200.0;2026-10-02T19:15:00+02:00;2026-10-02T19:42:49+02:00;6414c3ee679f
2026-10-03;loire_sur_rhone;ICONCH1;2026-10-03T14:00;4.1;7.0;115.0;21.8;0.0;100.0;0.0;100.0;100.0;100.0;45.550514;4.828491;200.0;2026-10-02T19:15:00+02:00;2026-10-02T19:42:49+02:00;6414c3ee679f
2026-10-03;loire_sur_rhone;ICONCH1;2026-10-03T15:00;4.9;8.0;146.0;22.2;0.0;100.0;18.0;100.0;100.0;100.0;45.550514;4.828491;200.0;2026-10-02T19:15:00+02:00;2026-10-02T19:42:49+02:00;6414c3ee679f
2026-10-03;loire_sur_rhone;ICONCH1;2026-10-03T16:00;9.1;15.0;178.0;21.4;0.0;100.0;0.0;100.0;100.0;100.0;45.550514;4.828491;200.0;2026-10-02T19:15:00+02:00;2026-10-02T19:42:49+02:00;6414c3ee679f
2026-10-03;loire_sur_rhone;ICONCH1;2026-10-03T17:00;8.5;15.4;153.0;19.8;0.3;100.0;0.0;100.0;100.0;100.0;45.550514;4.828491;200.0;2026-10-02T19:15:00+02:00;2026-10-02T19:42:49+02:00;6414c3ee679f
2026-10-03;loire_sur_rhone;ICONCH1;2026-10-03T18:00;6.9;13.6;158.0;19.0;0.5;100.0;0.0;100.0;100.0;100.0;45.550514;4.828491;200.0;2026-10-02T19:15:00+02:00;2026-10-02T19:42:49+02:00;6414c3ee679f
2026-10-03;loire_sur_rhone;ICONCH1;2026-10-03T19:00;4.9;12.2;143.0;18.5;0.3;100.0;0.0;100.0;27.0;100.0;45.550514;4.828491;200.0;2026-10-02T19:15:00+02:00;2026-10-02T19:42:49+02:00;6414c3ee679f
2026-10-03;loire_sur_rhone;ICONCH1;2026-10-03T20:00;3.2;8.6;155.0;18.0;0.4;100.0;0.0;100.0;95.0;100.0;45.550514;4.828491;200.0;2026-10-02T19:15:00+02:00;2026-10-02T19:42:49+02:00;6414c3ee679f
2026-10-03;loire_sur_rhone;ICONCH1;2026-10-03T21:00;1.4;7.0;135.0;17.7;0.6;100.0;2.0;100.0;0.0;100.0;45.550514;4.828491;200.0;2026-10-02T19:15:00+02:00;2026-10-02T19:42:49+02:00;6414c3ee679f
2026-10-03;loire_sur_rhone;ICONCH1;2026-10-03T22:00;1.4;3.9;164.0;17.4;0.4;99.0;23.0;99.0;57.0;99.0;45.550514;4.828491;200.0;2026-10-02T19:15:00+02:00;2026-10-02T19:42:49+02:00;6414c3ee679f
2026-10-03;loire_sur_rhone;ICONCH1;2026-10-03T23:00;2.6;4.7;167.0;17.3;0.1;100.0;6.0;100.0;4.0;100.0;45.550514;4.828491;200.0;2026-10-02T19:15:00+02:00;2026-10-02T19:42:49+02:00;6414c3ee679f
2026-10-03;loire_sur_rhone;ICONCH1;2026-10-04T00:00;3.1;6.0;162.0;17.5;0.0;100.0;13.0;100.0;18.0;100.0;45.550514;4.828491;200.0;2026-10-02T19:15:00+02:00;2026-10-02T19:42:49+02:00;6414c3ee679f
2026-10-03;messery;AROMEHD;2026-10-03T01:00;1.5;2.7;230.0;17.0;0.0;;0.0;0.0;93.0;93.0;46.35;6.2700005;0.0;2026-10-02T19:15:00+02:00;2026-10-02T19:42:49+02:00;6414c3ee679f
2026-10-03;messery;AROMEHD;2026-10-03T02:00;2.4;3.7;241.0;17.0;0.0;;0.0;2.0;100.0;100.0;46.35;6.2700005;0.0;2026-10-02T19:15:00+02:00;2026-10-02T19:42:49+02:00;6414c3ee679f
2026-10-03;messery;AROMEHD;2026-10-03T03:00;1.6;3.9;187.0;16.3;0.0;;0.0;3.0;100.0;100.0;46.35;6.2700005;0.0;2026-10-02T19:15:00+02:00;2026-10-02T19:42:49+02:00;6414c3ee679f
2026-10-03;messery;AROMEHD;2026-10-03T04:00;0.7;1.9;236.0;15.7;0.0;;0.0;4.0;100.0;100.0;46.35;6.2700005;0.0;2026-10-02T19:15:00+02:00;2026-10-02T19:42:49+02:00;6414c3ee679f
2026-10-03;messery;AROMEHD;2026-10-03T05:00;1.2;1.9;141.0;15.8;0.0;;0.0;6.0;100.0;100.0;46.35;6.2700005;0.0;2026-10-02T19:15:00+02:00;2026-10-02T19:42:49+02:00;6414c3ee679f
2026-10-03;messery;AROMEHD;2026-10-03T06:00;0.7;1.9;146.0;15.6;0.0;;0.0;33.0;100.0;100.0;46.35;6.2700005;0.0;2026-10-02T19:15:00+02:00;2026-10-02T19:42:49+02:00;6414c3ee679f
2026-10-03;messery;AROMEHD;2026-10-03T07:00;0.6;1.6;108.0;15.6;0.0;;3.0;71.0;100.0;100.0;46.35;6.2700005;0.0;2026-10-02T19:15:00+02:00;2026-10-02T19:42:49+02:00;6414c3ee679f
2026-10-03;messery;AROMEHD;2026-10-03T08:00;0.4;2.1;243.0;16.0;0.0;;7.0;4.0;100.0;100.0;46.35;6.2700005;0.0;2026-10-02T19:15:00+02:00;2026-10-02T19:42:49+02:00;6414c3ee679f
2026-10-03;messery;AROMEHD;2026-10-03T09:00;1.5;2.5;230.0;16.0;0.0;;1.0;13.0;100.0;100.0;46.35;6.2700005;0.0;2026-10-02T19:15:00+02:00;2026-10-02T19:42:49+02:00;6414c3ee679f
2026-10-03;messery;AROMEHD;2026-10-03T10:00;1.5;3.1;230.0;16.2;0.0;;1.0;5.0;100.0;100.0;46.35;6.2700005;0.0;2026-10-02T19:15:00+02:00;2026-10-02T19:42:49+02:00;6414c3ee679f
2026-10-03;messery;AROMEHD;2026-10-03T11:00;1.8;2.9;264.0;16.6;0.0;;0.0;7.0;100.0;100.0;46.35;6.2700005;0.0;2026-10-02T19:15:00+02:00;2026-10-02T19:42:49+02:00;6414c3ee679f
2026-10-03;messery;AROMEHD;2026-10-03T12:00;2.2;3.3;315.0;16.7;0.0;;0.0;27.0;100.0;100.0;46.35;6.2700005;0.0;2026-10-02T19:15:00+02:00;2026-10-02T19:42:49+02:00;6414c3ee679f
2026-10-03;messery;AROMEHD;2026-10-03T13:00;4.2;5.6;16.0;17.8;0.0;;0.0;5.0;100.0;100.0;46.35;6.2700005;0.0;2026-10-02T19:15:00+02:00;2026-10-02T19:42:49+02:00;6414c3ee679f
2026-10-03;messery;AROMEHD;2026-10-03T14:00;5.6;7.2;29.0;18.4;0.0;;0.0;0.0;100.0;100.0;46.35;6.2700005;0.0;2026-10-02T19:15:00+02:00;2026-10-02T19:42:49+02:00;6414c3ee679f
2026-10-03;messery;AROMEHD;2026-10-03T15:00;4.5;7.4;43.0;19.3;0.0;;0.0;0.0;100.0;100.0;46.35;6.2700005;0.0;2026-10-02T19:15:00+02:00;2026-10-02T19:42:49+02:00;6414c3ee679f
2026-10-03;messery;AROMEHD;2026-10-03T16:00;5.7;6.8;27.0;19.1;0.0;;0.0;0.0;100.0;100.0;46.35;6.2700005;0.0;2026-10-02T19:15:00+02:00;2026-10-02T19:42:49+02:00;6414c3ee679f
2026-10-03;messery;AROMEHD;2026-10-03T17:00;4.7;7.2;35.0;19.4;0.0;;0.0;0.0;100.0;100.0;46.35;6.2700005;0.0;2026-10-02T19:15:00+02:00;2026-10-02T19:42:49+02:00;6414c3ee679f
2026-10-03;messery;AROMEHD;2026-10-03T18:00;3.8;6.0;75.0;19.6;0.0;;99.0;3.0;100.0;100.0;46.35;6.2700005;0.0;2026-10-02T19:15:00+02:00;2026-10-02T19:42:49+02:00;6414c3ee679f
2026-10-03;messery;AROMEHD;2026-10-03T19:00;3.6;4.7;22.0;19.3;0.0;;100.0;91.0;100.0;100.0;46.35;6.2700005;0.0;2026-10-02T19:15:00+02:00;2026-10-02T19:42:49+02:00;6414c3ee679f
2026-10-03;messery;AROMEHD;2026-10-03T20:00;4.3;5.4;54.0;19.3;0.0;;5.0;90.0;100.0;100.0;46.35;6.2700005;0.0;2026-10-02T19:15:00+02:00;2026-10-02T19:42:49+02:00;6414c3ee679f
2026-10-03;messery;AROMEHD;2026-10-03T21:00;3.8;5.1;105.0;19.1;0.0;;0.0;100.0;100.0;100.0;46.35;6.2700005;0.0;2026-10-02T19:15:00+02:00;2026-10-02T19:42:49+02:00;6414c3ee679f
2026-10-03;messery;AROMEHD;2026-10-03T22:00;3.6;5.4;103.0;18.9;0.0;;0.0;100.0;100.0;100.0;46.35;6.2700005;0.0;2026-10-02T19:15:00+02:00;2026-10-02T19:42:49+02:00;6414c3ee679f
2026-10-03;messery;AROMEHD;2026-10-03T23:00;1.1;4.5;31.0;18.9;0.0;;0.0;100.0;100.0;100.0;46.35;6.2700005;0.0;2026-10-02T19:15:00+02:00;2026-10-02T19:42:49+02:00;6414c3ee679f
2026-10-03;messery;AROMEHD;2026-10-04T00:00;1.6;1.9;180.0;18.7;0.0;;0.0;86.0;100.0;100.0;46.35;6.2700005;0.0;2026-10-02T19:15:00+02:00;2026-10-02T19:42:49+02:00;6414c3ee679f
2026-10-03;messery;ICONCH1;2026-10-03T01:00;0.2;1.4;270.0;17.9;0.0;100.0;8.0;33.0;100.0;100.0;46.3589;6.2749023;0.0;2026-10-02T19:15:00+02:00;2026-10-02T19:42:49+02:00;6414c3ee679f
2026-10-03;messery;ICONCH1;2026-10-03T02:00;1.2;1.9;252.0;17.7;0.0;100.0;27.0;35.0;100.0;100.0;46.3589;6.2749023;0.0;2026-10-02T19:15:00+02:00;2026-10-02T19:42:49+02:00;6414c3ee679f
2026-10-03;messery;ICONCH1;2026-10-03T03:00;1.2;2.7;252.0;17.3;0.0;100.0;29.0;58.0;100.0;100.0;46.3589;6.2749023;0.0;2026-10-02T19:15:00+02:00;2026-10-02T19:42:49+02:00;6414c3ee679f
2026-10-03;messery;ICONCH1;2026-10-03T04:00;2.0;2.7;287.0;17.0;0.0;100.0;40.0;56.0;100.0;100.0;46.3589;6.2749023;0.0;2026-10-02T19:15:00+02:00;2026-10-02T19:42:49+02:00;6414c3ee679f
2026-10-03;messery;ICONCH1;2026-10-03T05:00;2.1;3.5;304.0;16.8;0.0;100.0;33.0;55.0;100.0;100.0;46.3589;6.2749023;0.0;2026-10-02T19:15:00+02:00;2026-10-02T19:42:49+02:00;6414c3ee679f
2026-10-03;messery;ICONCH1;2026-10-03T06:00;2.1;2.9;292.0;16.8;0.0;100.0;36.0;53.0;100.0;100.0;46.3589;6.2749023;0.0;2026-10-02T19:15:00+02:00;2026-10-02T19:42:49+02:00;6414c3ee679f
2026-10-03;messery;ICONCH1;2026-10-03T07:00;1.9;3.3;270.0;16.7;0.0;100.0;45.0;33.0;100.0;100.0;46.3589;6.2749023;0.0;2026-10-02T19:15:00+02:00;2026-10-02T19:42:49+02:00;6414c3ee679f
2026-10-03;messery;ICONCH1;2026-10-03T08:00;0.8;2.7;256.0;16.9;0.0;100.0;57.0;66.0;100.0;100.0;46.3589;6.2749023;0.0;2026-10-02T19:15:00+02:00;2026-10-02T19:42:49+02:00;6414c3ee679f
2026-10-03;messery;ICONCH1;2026-10-03T09:00;0.9;1.7;243.0;16.9;0.0;100.0;68.0;75.0;100.0;100.0;46.3589;6.2749023;0.0;2026-10-02T19:15:00+02:00;2026-10-02T19:42:49+02:00;6414c3ee679f
2026-10-03;messery;ICONCH1;2026-10-03T10:00;0.8;1.6;194.0;17.0;0.0;100.0;54.0;89.0;100.0;100.0;46.3589;6.2749023;0.0;2026-10-02T19:15:00+02:00;2026-10-02T19:42:49+02:00;6414c3ee679f
2026-10-03;messery;ICONCH1;2026-10-03T11:00;0.6;1.9;252.0;17.2;0.0;100.0;24.0;94.0;100.0;100.0;46.3589;6.2749023;0.0;2026-10-02T19:15:00+02:00;2026-10-02T19:42:49+02:00;6414c3ee679f
2026-10-03;messery;ICONCH1;2026-10-03T12:00;0.4;0.8;27.0;17.6;0.0;100.0;0.0;98.0;100.0;100.0;46.3589;6.2749023;0.0;2026-10-02T19:15:00+02:00;2026-10-02T19:42:49+02:00;6414c3ee679f
2026-10-03;messery;ICONCH1;2026-10-03T13:00;0.8;2.1;346.0;18.3;0.0;97.0;25.0;94.0;74.0;97.0;46.3589;6.2749023;0.0;2026-10-02T19:15:00+02:00;2026-10-02T19:42:49+02:00;6414c3ee679f
2026-10-03;messery;ICONCH1;2026-10-03T14:00;1.0;2.1;270.0;18.7;0.0;97.0;0.0;85.0;80.0;97.0;46.3589;6.2749023;0.0;2026-10-02T19:15:00+02:00;2026-10-02T19:42:49+02:00;6414c3ee679f
2026-10-03;messery;ICONCH1;2026-10-03T15:00;1.6;3.5;263.0;19.2;0.0;98.0;0.0;98.0;69.0;98.0;46.3589;6.2749023;0.0;2026-10-02T19:15:00+02:00;2026-10-02T19:42:49+02:00;6414c3ee679f
2026-10-03;messery;ICONCH1;2026-10-03T16:00;1.0;3.1;259.0;19.7;0.0;100.0;0.0;96.0;100.0;100.0;46.3589;6.2749023;0.0;2026-10-02T19:15:00+02:00;2026-10-02T19:42:49+02:00;6414c3ee679f
2026-10-03;messery;ICONCH1;2026-10-03T17:00;1.8;4.5;252.0;20.0;0.0;100.0;13.0;95.0;100.0;100.0;46.3589;6.2749023;0.0;2026-10-02T19:15:00+02:00;2026-10-02T19:42:49+02:00;6414c3ee679f
2026-10-03;messery;ICONCH1;2026-10-03T18:00;4.3;5.6;207.0;20.3;0.0;100.0;5.0;99.0;100.0;100.0;46.3589;6.2749023;0.0;2026-10-02T19:15:00+02:00;2026-10-02T19:42:49+02:00;6414c3ee679f
2026-10-03;messery;ICONCH1;2026-10-03T19:00;3.8;6.4;225.0;20.3;0.0;100.0;32.0;99.0;100.0;100.0;46.3589;6.2749023;0.0;2026-10-02T19:15:00+02:00;2026-10-02T19:42:49+02:00;6414c3ee679f
2026-10-03;messery;ICONCH1;2026-10-03T20:00;5.4;6.8;221.0;20.1;0.0;100.0;86.0;98.0;72.0;100.0;46.3589;6.2749023;0.0;2026-10-02T19:15:00+02:00;2026-10-02T19:42:49+02:00;6414c3ee679f
2026-10-03;messery;ICONCH1;2026-10-03T21:00;3.2;7.2;218.0;19.7;0.0;99.0;60.0;95.0;22.0;99.0;46.3589;6.2749023;0.0;2026-10-02T19:15:00+02:00;2026-10-02T19:42:49+02:00;6414c3ee679f
2026-10-03;messery;ICONCH1;2026-10-03T22:00;3.6;5.4;202.0;19.4;0.0;100.0;44.0;99.0;5.0;100.0;46.3589;6.2749023;0.0;2026-10-02T19:15:00+02:00;2026-10-02T19:42:49+02:00;6414c3ee679f
2026-10-03;messery;ICONCH1;2026-10-03T23:00;3.1;5.2;202.0;19.3;0.0;95.0;25.0;90.0;0.0;95.0;46.3589;6.2749023;0.0;2026-10-02T19:15:00+02:00;2026-10-02T19:42:49+02:00;6414c3ee679f
2026-10-03;messery;ICONCH1;2026-10-04T00:00;1.6;4.3;270.0;19.2;0.0;91.0;2.0;90.0;0.0;91.0;46.3589;6.2749023;0.0;2026-10-02T19:15:00+02:00;2026-10-02T19:42:49+02:00;6414c3ee679f
2026-10-03;parking_pre_rencontre;AROMEHD;2026-10-03T01:00;0.6;2.7;162.0;14.1;0.0;;38.0;40.0;100.0;100.0;45.01;5.779999;0.0;2026-10-02T19:15:00+02:00;2026-10-02T19:42:49+02:00;6414c3ee679f
2026-10-03;parking_pre_rencontre;AROMEHD;2026-10-03T02:00;0.7;1.7;124.0;13.9;0.0;;25.0;100.0;100.0;100.0;45.01;5.779999;0.0;2026-10-02T19:15:00+02:00;2026-10-02T19:42:49+02:00;6414c3ee679f
2026-10-03;parking_pre_rencontre;AROMEHD;2026-10-03T03:00;0.4;1.2;27.0;13.8;0.1;;26.0;85.0;100.0;100.0;45.01;5.779999;0.0;2026-10-02T19:15:00+02:00;2026-10-02T19:42:49+02:00;6414c3ee679f
2026-10-03;parking_pre_rencontre;AROMEHD;2026-10-03T04:00;0.4;0.8;27.0;14.1;0.0;;64.0;100.0;100.0;100.0;45.01;5.779999;0.0;2026-10-02T19:15:00+02:00;2026-10-02T19:42:49+02:00;6414c3ee679f
2026-10-03;parking_pre_rencontre;AROMEHD;2026-10-03T05:00;0.4;0.8;27.0;14.2;0.1;;0.0;100.0;100.0;100.0;45.01;5.779999;0.0;2026-10-02T19:15:00+02:00;2026-10-02T19:42:49+02:00;6414c3ee679f
2026-10-03;parking_pre_rencontre;AROMEHD;2026-10-03T06:00;0.7;0.8;34.0;14.2;0.0;;12.0;69.0;100.0;100.0;45.01;5.779999;0.0;2026-10-02T19:15:00+02:00;2026-10-02T19:42:49+02:00;6414c3ee679f
2026-10-03;parking_pre_rencontre;AROMEHD;2026-10-03T07:00;0.9;1.2;27.0;13.9;0.0;;4.0;86.0;100.0;100.0;45.01;5.779999;0.0;2026-10-02T19:15:00+02:00;2026-10-02T19:42:49+02:00;6414c3ee679f
2026-10-03;parking_pre_rencontre;AROMEHD;2026-10-03T08:00;0.4;1.0;63.0;13.7;0.0;;2.0;59.0;100.0;100.0;45.01;5.779999;0.0;2026-10-02T19:15:00+02:00;2026-10-02T19:42:49+02:00;6414c3ee679f
2026-10-03;parking_pre_rencontre;AROMEHD;2026-10-03T09:00;0.4;0.6;27.0;14.2;0.0;;1.0;19.0;100.0;100.0;45.01;5.779999;0.0;2026-10-02T19:15:00+02:00;2026-10-02T19:42:49+02:00;6414c3ee679f
2026-10-03;parking_pre_rencontre;AROMEHD;2026-10-03T10:00;0.3;1.4;45.0;15.8;0.0;;0.0;0.0;100.0;100.0;45.01;5.779999;0.0;2026-10-02T19:15:00+02:00;2026-10-02T19:42:49+02:00;6414c3ee679f
2026-10-03;parking_pre_rencontre;AROMEHD;2026-10-03T11:00;1.7;4.5;180.0;17.1;0.0;;0.0;0.0;100.0;100.0;45.01;5.779999;0.0;2026-10-02T19:15:00+02:00;2026-10-02T19:42:49+02:00;6414c3ee679f
2026-10-03;parking_pre_rencontre;AROMEHD;2026-10-03T12:00;3.3;7.8;173.0;18.5;0.0;;0.0;0.0;100.0;100.0;45.01;5.779999;0.0;2026-10-02T19:15:00+02:00;2026-10-02T19:42:49+02:00;6414c3ee679f
2026-10-03;parking_pre_rencontre;AROMEHD;2026-10-03T13:00;4.5;9.9;178.0;19.1;0.0;;0.0;7.0;100.0;100.0;45.01;5.779999;0.0;2026-10-02T19:15:00+02:00;2026-10-02T19:42:49+02:00;6414c3ee679f
2026-10-03;parking_pre_rencontre;AROMEHD;2026-10-03T14:00;3.5;1.4;6.0;18.4;0.0;;0.0;77.0;100.0;100.0;45.01;5.779999;0.0;2026-10-02T19:15:00+02:00;2026-10-02T19:42:49+02:00;6414c3ee679f
2026-10-03;parking_pre_rencontre;AROMEHD;2026-10-03T15:00;3.3;8.6;360.0;18.3;0.0;;7.0;100.0;100.0;100.0;45.01;5.779999;0.0;2026-10-02T19:15:00+02:00;2026-10-02T19:42:49+02:00;6414c3ee679f
2026-10-03;parking_pre_rencontre;AROMEHD;2026-10-03T16:00;3.9;8.9;357.0;17.9;0.0;;1.0;100.0;100.0;100.0;45.01;5.779999;0.0;2026-10-02T19:15:00+02:00;2026-10-02T19:42:49+02:00;6414c3ee679f
2026-10-03;parking_pre_rencontre;AROMEHD;2026-10-03T17:00;3.7;8.9;351.0;17.6;0.0;;0.0;81.0;100.0;100.0;45.01;5.779999;0.0;2026-10-02T19:15:00+02:00;2026-10-02T19:42:49+02:00;6414c3ee679f
2026-10-03;parking_pre_rencontre;AROMEHD;2026-10-03T18:00;3.1;9.5;356.0;17.0;0.0;;0.0;100.0;100.0;100.0;45.01;5.779999;0.0;2026-10-02T19:15:00+02:00;2026-10-02T19:42:49+02:00;6414c3ee679f
2026-10-03;parking_pre_rencontre;AROMEHD;2026-10-03T19:00;1.7;7.4;360.0;16.5;0.0;;0.0;68.0;86.0;86.0;45.01;5.779999;0.0;2026-10-02T19:15:00+02:00;2026-10-02T19:42:49+02:00;6414c3ee679f
2026-10-03;parking_pre_rencontre;AROMEHD;2026-10-03T20:00;0.6;3.7;18.0;15.8;0.0;;0.0;100.0;100.0;100.0;45.01;5.779999;0.0;2026-10-02T19:15:00+02:00;2026-10-02T19:42:49+02:00;6414c3ee679f
2026-10-03;parking_pre_rencontre;AROMEHD;2026-10-03T21:00;0.3;1.0;45.0;15.2;0.0;;0.0;73.0;100.0;100.0;45.01;5.779999;0.0;2026-10-02T19:15:00+02:00;2026-10-02T19:42:49+02:00;6414c3ee679f
2026-10-03;parking_pre_rencontre;AROMEHD;2026-10-03T22:00;0.4;1.0;360.0;14.6;0.0;;0.0;41.0;100.0;100.0;45.01;5.779999;0.0;2026-10-02T19:15:00+02:00;2026-10-02T19:42:49+02:00;6414c3ee679f
2026-10-03;parking_pre_rencontre;AROMEHD;2026-10-03T23:00;0.9;1.2;27.0;14.1;0.0;;0.0;100.0;92.0;100.0;45.01;5.779999;0.0;2026-10-02T19:15:00+02:00;2026-10-02T19:42:49+02:00;6414c3ee679f
2026-10-03;parking_pre_rencontre;AROMEHD;2026-10-04T00:00;0.4;1.0;360.0;13.9;0.0;;0.0;85.0;19.0;85.0;45.01;5.779999;0.0;2026-10-02T19:15:00+02:00;2026-10-02T19:42:49+02:00;6414c3ee679f
2026-10-03;parking_pre_rencontre;ICONCH1;2026-10-03T01:00;2.8;5.1;196.0;14.7;0.3;100.0;99.0;100.0;100.0;100.0;45.0093;5.77124;1002.0;2026-10-02T19:15:00+02:00;2026-10-02T19:42:49+02:00;6414c3ee679f
2026-10-03;parking_pre_rencontre;ICONCH1;2026-10-03T02:00;1.7;6.0;180.0;14.5;4.8;100.0;81.0;100.0;100.0;100.0;45.0093;5.77124;1002.0;2026-10-02T19:15:00+02:00;2026-10-02T19:42:49+02:00;6414c3ee679f
2026-10-03;parking_pre_rencontre;ICONCH1;2026-10-03T03:00;2.5;4.5;203.0;14.5;0.1;100.0;77.0;100.0;100.0;100.0;45.0093;5.77124;1002.0;2026-10-02T19:15:00+02:00;2026-10-02T19:42:49+02:00;6414c3ee679f
2026-10-03;parking_pre_rencontre;ICONCH1;2026-10-03T04:00;3.0;6.0;195.0;14.5;0.0;100.0;100.0;100.0;100.0;100.0;45.0093;5.77124;1002.0;2026-10-02T19:15:00+02:00;2026-10-02T19:42:49+02:00;6414c3ee679f
2026-10-03;parking_pre_rencontre;ICONCH1;2026-10-03T05:00;1.7;5.4;180.0;14.5;0.6;100.0;69.0;100.0;100.0;100.0;45.0093;5.77124;1002.0;2026-10-02T19:15:00+02:00;2026-10-02T19:42:49+02:00;6414c3ee679f
2026-10-03;parking_pre_rencontre;ICONCH1;2026-10-03T06:00;1.9;4.5;180.0;14.4;0.0;100.0;57.0;91.0;100.0;100.0;45.0093;5.77124;1002.0;2026-10-02T19:15:00+02:00;2026-10-02T19:42:49+02:00;6414c3ee679f
2026-10-03;parking_pre_rencontre;ICONCH1;2026-10-03T07:00;2.0;3.7;186.0;14.2;0.0;100.0;44.0;63.0;100.0;100.0;45.0093;5.77124;1002.0;2026-10-02T19:15:00+02:00;2026-10-02T19:42:49+02:00;6414c3ee679f
2026-10-03;parking_pre_rencontre;ICONCH1;2026-10-03T08:00;2.1;3.3;221.0;14.2;0.0;100.0;29.0;73.0;100.0;100.0;45.0093;5.77124;1002.0;2026-10-02T19:15:00+02:00;2026-10-02T19:42:49+02:00;6414c3ee679f
2026-10-03;parking_pre_rencontre;ICONCH1;2026-10-03T09:00;2.1;4.1;202.0;14.7;0.0;100.0;40.0;78.0;100.0;100.0;45.0093;5.77124;1002.0;2026-10-02T19:15:00+02:00;2026-10-02T19:42:49+02:00;6414c3ee679f
2026-10-03;parking_pre_rencontre;ICONCH1;2026-10-03T10:00;1.2;3.9;162.0;15.8;0.0;100.0;45.0;100.0;100.0;100.0;45.0093;5.77124;1002.0;2026-10-02T19:15:00+02:00;2026-10-02T19:42:49+02:00;6414c3ee679f
2026-10-03;parking_pre_rencontre;ICONCH1;2026-10-03T11:00;1.4;3.7;164.0;16.9;0.0;87.0;39.0;71.0;38.0;87.0;45.0093;5.77124;1002.0;2026-10-02T19:15:00+02:00;2026-10-02T19:42:49+02:00;6414c3ee679f
2026-10-03;parking_pre_rencontre;ICONCH1;2026-10-03T12:00;1.3;5.4;153.0;17.8;0.0;100.0;48.0;60.0;100.0;100.0;45.0093;5.77124;1002.0;2026-10-02T19:15:00+02:00;2026-10-02T19:42:49+02:00;6414c3ee679f
2026-10-03;parking_pre_rencontre;ICONCH1;2026-10-03T13:00;5.0;10.3;13.0;16.7;0.0;100.0;68.0;89.0;100.0;100.0;45.0093;5.77124;1002.0;2026-10-02T19:15:00+02:00;2026-10-02T19:42:49+02:00;6414c3ee679f
2026-10-03;parking_pre_rencontre;ICONCH1;2026-10-03T14:00;3.5;10.3;3.0;16.6;0.0;100.0;74.0;100.0;100.0;100.0;45.0093;5.77124;1002.0;2026-10-02T19:15:00+02:00;2026-10-02T19:42:49+02:00;6414c3ee679f
2026-10-03;parking_pre_rencontre;ICONCH1;2026-10-03T15:00;1.0;8.4;338.0;16.1;0.1;100.0;86.0;100.0;100.0;100.0;45.0093;5.77124;1002.0;2026-10-02T19:15:00+02:00;2026-10-02T19:42:49+02:00;6414c3ee679f
2026-10-03;parking_pre_rencontre;ICONCH1;2026-10-03T16:00;2.1;5.1;265.0;16.2;1.7;100.0;64.0;100.0;100.0;100.0;45.0093;5.77124;1002.0;2026-10-02T19:15:00+02:00;2026-10-02T19:42:49+02:00;6414c3ee679f
2026-10-03;parking_pre_rencontre;ICONCH1;2026-10-03T17:00;1.9;5.1;233.0;15.9;0.6;100.0;39.0;100.0;100.0;100.0;45.0093;5.77124;1002.0;2026-10-02T19:15:00+02:00;2026-10-02T19:42:49+02:00;6414c3ee679f
2026-10-03;parking_pre_rencontre;ICONCH1;2026-10-03T18:00;2.4;4.9;14.0;15.2;0.3;100.0;51.0;100.0;100.0;100.0;45.0093;5.77124;1002.0;2026-10-02T19:15:00+02:00;2026-10-02T19:42:49+02:00;6414c3ee679f
2026-10-03;parking_pre_rencontre;ICONCH1;2026-10-03T19:00;2.5;5.4;360.0;14.9;0.0;100.0;75.0;100.0;100.0;100.0;45.0093;5.77124;1002.0;2026-10-02T19:15:00+02:00;2026-10-02T19:42:49+02:00;6414c3ee679f
2026-10-03;parking_pre_rencontre;ICONCH1;2026-10-03T20:00;0.8;4.9;315.0;14.6;0.0;98.0;73.0;89.0;0.0;98.0;45.0093;5.77124;1002.0;2026-10-02T19:15:00+02:00;2026-10-02T19:42:49+02:00;6414c3ee679f
2026-10-03;parking_pre_rencontre;ICONCH1;2026-10-03T21:00;0.4;1.7;153.0;14.3;0.0;96.0;65.0;85.0;1.0;96.0;45.0093;5.77124;1002.0;2026-10-02T19:15:00+02:00;2026-10-02T19:42:49+02:00;6414c3ee679f
2026-10-03;parking_pre_rencontre;ICONCH1;2026-10-03T22:00;2.4;3.9;215.0;14.4;0.0;99.0;47.0;97.0;5.0;99.0;45.0093;5.77124;1002.0;2026-10-02T19:15:00+02:00;2026-10-02T19:42:49+02:00;6414c3ee679f
2026-10-03;parking_pre_rencontre;ICONCH1;2026-10-03T23:00;2.9;5.1;217.0;14.2;0.0;84.0;0.0;84.0;0.0;84.0;45.0093;5.77124;1002.0;2026-10-02T19:15:00+02:00;2026-10-02T19:42:49+02:00;6414c3ee679f
2026-10-03;parking_pre_rencontre;ICONCH1;2026-10-04T00:00;3.0;5.2;207.0;13.8;0.0;68.0;0.0;68.0;12.0;68.0;45.0093;5.77124;1002.0;2026-10-02T19:15:00+02:00;2026-10-02T19:42:49+02:00;6414c3ee679f
2026-10-03;plage_de_sevrier;AROMEHD;2026-10-03T01:00;1.7;2.1;153.0;16.9;0.0;;13.0;41.0;100.0;100.0;45.86;6.16;0.0;2026-10-02T19:15:00+02:00;2026-10-02T19:42:49+02:00;6414c3ee679f
2026-10-03;plage_de_sevrier;AROMEHD;2026-10-03T02:00;2.3;2.7;138.0;17.0;0.0;;22.0;83.0;100.0;100.0;45.86;6.16;0.0;2026-10-02T19:15:00+02:00;2026-10-02T19:42:49+02:00;6414c3ee679f
2026-10-03;plage_de_sevrier;AROMEHD;2026-10-03T03:00;2.2;3.3;153.0;16.9;0.0;;1.0;80.0;100.0;100.0;45.86;6.16;0.0;2026-10-02T19:15:00+02:00;2026-10-02T19:42:49+02:00;6414c3ee679f
2026-10-03;plage_de_sevrier;AROMEHD;2026-10-03T04:00;1.2;2.5;180.0;16.8;0.0;;0.0;100.0;100.0;100.0;45.86;6.16;0.0;2026-10-02T19:15:00+02:00;2026-10-02T19:42:49+02:00;6414c3ee679f
2026-10-03;plage_de_sevrier;AROMEHD;2026-10-03T05:00;1.4;1.6;8.0;16.5;0.0;;2.0;69.0;89.0;89.0;45.86;6.16;0.0;2026-10-02T19:15:00+02:00;2026-10-02T19:42:49+02:00;6414c3ee679f
2026-10-03;plage_de_sevrier;AROMEHD;2026-10-03T06:00;1.2;1.9;90.0;16.4;0.0;;5.0;44.0;100.0;100.0;45.86;6.16;0.0;2026-10-02T19:15:00+02:00;2026-10-02T19:42:49+02:00;6414c3ee679f
2026-10-03;plage_de_sevrier;AROMEHD;2026-10-03T07:00;1.0;1.7;101.0;16.2;0.0;;5.0;27.0;100.0;100.0;45.86;6.16;0.0;2026-10-02T19:15:00+02:00;2026-10-02T19:42:49+02:00;6414c3ee679f
2026-10-03;plage_de_sevrier;AROMEHD;2026-10-03T08:00;1.8;2.5;139.0;16.2;0.0;;2.0;4.0;100.0;100.0;45.86;6.16;0.0;2026-10-02T19:15:00+02:00;2026-10-02T19:42:49+02:00;6414c3ee679f
2026-10-03;plage_de_sevrier;AROMEHD;2026-10-03T09:00;1.5;3.5;130.0;16.2;0.0;;0.0;0.0;100.0;100.0;45.86;6.16;0.0;2026-10-02T19:15:00+02:00;2026-10-02T19:42:49+02:00;6414c3ee679f
2026-10-03;plage_de_sevrier;AROMEHD;2026-10-03T10:00;0.6;2.5;108.0;16.4;0.0;;1.0;0.0;100.0;100.0;45.86;6.16;0.0;2026-10-02T19:15:00+02:00;2026-10-02T19:42:49+02:00;6414c3ee679f
2026-10-03;plage_de_sevrier;AROMEHD;2026-10-03T11:00;1.8;1.7;342.0;16.3;0.0;;1.0;0.0;100.0;100.0;45.86;6.16;0.0;2026-10-02T19:15:00+02:00;2026-10-02T19:42:49+02:00;6414c3ee679f
2026-10-03;plage_de_sevrier;AROMEHD;2026-10-03T12:00;0.8;2.5;315.0;16.5;0.0;;0.0;0.0;100.0;100.0;45.86;6.16;0.0;2026-10-02T19:15:00+02:00;2026-10-02T19:42:49+02:00;6414c3ee679f
2026-10-03;plage_de_sevrier;AROMEHD;2026-10-03T13:00;0.5;0.8;225.0;17.0;0.0;;0.0;0.0;100.0;100.0;45.86;6.16;0.0;2026-10-02T19:15:00+02:00;2026-10-02T19:42:49+02:00;6414c3ee679f
2026-10-03;plage_de_sevrier;AROMEHD;2026-10-03T14:00;1.0;0.2;68.0;18.2;0.0;;0.0;0.0;100.0;100.0;45.86;6.16;0.0;2026-10-02T19:15:00+02:00;2026-10-02T19:42:49+02:00;6414c3ee679f
2026-10-03;plage_de_sevrier;AROMEHD;2026-10-03T15:00;0.0;0.6;270.0;18.7;0.0;;0.0;0.0;100.0;100.0;45.86;6.16;0.0;2026-10-02T19:15:00+02:00;2026-10-02T19:42:49+02:00;6414c3ee679f
2026-10-03;plage_de_sevrier;AROMEHD;2026-10-03T16:00;0.8;1.0;180.0;19.2;0.0;;0.0;0.0;100.0;100.0;45.86;6.16;0.0;2026-10-02T19:15:00+02:00;2026-10-02T19:42:49+02:00;6414c3ee679f
2026-10-03;plage_de_sevrier;AROMEHD;2026-10-03T17:00;0.9;1.6;297.0;19.5;0.0;;21.0;0.0;100.0;100.0;45.86;6.16;0.0;2026-10-02T19:15:00+02:00;2026-10-02T19:42:49+02:00;6414c3ee679f
2026-10-03;plage_de_sevrier;AROMEHD;2026-10-03T18:00;0.4;1.0;90.0;19.7;0.0;;21.0;1.0;100.0;100.0;45.86;6.16;0.0;2026-10-02T19:15:00+02:00;2026-10-02T19:42:49+02:00;6414c3ee679f
2026-10-03;plage_de_sevrier;AROMEHD;2026-10-03T19:00;0.8;1.2;346.0;19.6;0.0;;1.0;51.0;100.0;100.0;45.86;6.16;0.0;2026-10-02T19:15:00+02:00;2026-10-02T19:42:49+02:00;6414c3ee679f
2026-10-03;plage_de_sevrier;AROMEHD;2026-10-03T20:00;1.7;2.3;153.0;19.5;0.0;;13.0;89.0;100.0;100.0;45.86;6.16;0.0;2026-10-02T19:15:00+02:00;2026-10-02T19:42:49+02:00;6414c3ee679f
2026-10-03;plage_de_sevrier;AROMEHD;2026-10-03T21:00;3.2;3.5;166.0;19.5;0.0;;0.0;99.0;100.0;100.0;45.86;6.16;0.0;2026-10-02T19:15:00+02:00;2026-10-02T19:42:49+02:00;6414c3ee679f
2026-10-03;plage_de_sevrier;AROMEHD;2026-10-03T22:00;2.6;5.2;171.0;19.1;0.0;;0.0;100.0;100.0;100.0;45.86;6.16;0.0;2026-10-02T19:15:00+02:00;2026-10-02T19:42:49+02:00;6414c3ee679f
2026-10-03;plage_de_sevrier;AROMEHD;2026-10-03T23:00;3.1;4.7;145.0;18.9;0.0;;0.0;100.0;100.0;100.0;45.86;6.16;0.0;2026-10-02T19:15:00+02:00;2026-10-02T19:42:49+02:00;6414c3ee679f
2026-10-03;plage_de_sevrier;AROMEHD;2026-10-04T00:00;3.2;4.3;147.0;18.6;0.0;;0.0;100.0;100.0;100.0;45.86;6.16;0.0;2026-10-02T19:15:00+02:00;2026-10-02T19:42:49+02:00;6414c3ee679f
2026-10-03;plage_de_sevrier;ICONCH1;2026-10-03T01:00;2.3;5.1;360.0;18.2;0.0;100.0;7.0;78.0;100.0;100.0;45.86465;6.164917;0.0;2026-10-02T19:15:00+02:00;2026-10-02T19:42:49+02:00;6414c3ee679f
2026-10-03;plage_de_sevrier;ICONCH1;2026-10-03T02:00;2.0;3.7;299.0;18.1;0.0;100.0;6.0;77.0;100.0;100.0;45.86465;6.164917;0.0;2026-10-02T19:15:00+02:00;2026-10-02T19:42:49+02:00;6414c3ee679f
2026-10-03;plage_de_sevrier;ICONCH1;2026-10-03T03:00;2.4;4.1;331.0;17.7;0.0;100.0;24.0;76.0;100.0;100.0;45.86465;6.164917;0.0;2026-10-02T19:15:00+02:00;2026-10-02T19:42:49+02:00;6414c3ee679f
2026-10-03;plage_de_sevrier;ICONCH1;2026-10-03T04:00;4.5;6.0;360.0;17.3;0.0;100.0;48.0;100.0;100.0;100.0;45.86465;6.164917;0.0;2026-10-02T19:15:00+02:00;2026-10-02T19:42:49+02:00;6414c3ee679f
2026-10-03;plage_de_sevrier;ICONCH1;2026-10-03T05:00;2.7;6.0;339.0;17.5;0.0;100.0;62.0;99.0;100.0;100.0;45.86465;6.164917;0.0;2026-10-02T19:15:00+02:00;2026-10-02T19:42:49+02:00;6414c3ee679f
2026-10-03;plage_de_sevrier;ICONCH1;2026-10-03T06:00;3.2;5.6;346.0;17.1;0.5;100.0;57.0;100.0;100.0;100.0;45.86465;6.164917;0.0;2026-10-02T19:15:00+02:00;2026-10-02T19:42:49+02:00;6414c3ee679f
2026-10-03;plage_de_sevrier;ICONCH1;2026-10-03T07:00;2.9;4.3;340.0;17.0;0.8;100.0;50.0;100.0;100.0;100.0;45.86465;6.164917;0.0;2026-10-02T19:15:00+02:00;2026-10-02T19:42:49+02:00;6414c3ee679f
2026-10-03;plage_de_sevrier;ICONCH1;2026-10-03T08:00;2.1;3.9;326.0;16.9;2.1;100.0;65.0;100.0;100.0;100.0;45.86465;6.164917;0.0;2026-10-02T19:15:00+02:00;2026-10-02T19:42:49+02:00;6414c3ee679f
2026-10-03;plage_de_sevrier;ICONCH1;2026-10-03T09:00;1.2;2.9;309.0;17.0;2.0;100.0;71.0;95.0;100.0;100.0;45.86465;6.164917;0.0;2026-10-02T19:15:00+02:00;2026-10-02T19:42:49+02:00;6414c3ee679f
2026-10-03;plage_de_sevrier;ICONCH1;2026-10-03T10:00;1.4;2.5;278.0;17.2;0.8;100.0;79.0;98.0;98.0;100.0;45.86465;6.164917;0.0;2026-10-02T19:15:00+02:00;2026-10-02T19:42:49+02:00;6414c3ee679f
2026-10-03;plage_de_sevrier;ICONCH1;2026-10-03T11:00;1.2;1.9;252.0;17.5;0.1;100.0;66.0;100.0;100.0;100.0;45.86465;6.164917;0.0;2026-10-02T19:15:00+02:00;2026-10-02T19:42:49+02:00;6414c3ee679f
2026-10-03;plage_de_sevrier;ICONCH1;2026-10-03T12:00;2.3;3.3;5.0;17.8;0.0;100.0;33.0;90.0;100.0;100.0;45.86465;6.164917;0.0;2026-10-02T19:15:00+02:00;2026-10-02T19:42:49+02:00;6414c3ee679f
2026-10-03;plage_de_sevrier;ICONCH1;2026-10-03T13:00;3.5;4.9;341.0;18.5;0.0;100.0;2.0;96.0;82.0;100.0;45.86465;6.164917;0.0;2026-10-02T19:15:00+02:00;2026-10-02T19:42:49+02:00;6414c3ee679f
2026-10-03;plage_de_sevrier;ICONCH1;2026-10-03T14:00;4.2;6.0;344.0;19.1;0.0;100.0;0.0;97.0;100.0;100.0;45.86465;6.164917;0.0;2026-10-02T19:15:00+02:00;2026-10-02T19:42:49+02:00;6414c3ee679f
2026-10-03;plage_de_sevrier;ICONCH1;2026-10-03T15:00;5.5;7.2;343.0;19.9;0.0;100.0;0.0;96.0;100.0;100.0;45.86465;6.164917;0.0;2026-10-02T19:15:00+02:00;2026-10-02T19:42:49+02:00;6414c3ee679f
2026-10-03;plage_de_sevrier;ICONCH1;2026-10-03T16:00;6.3;8.4;338.0;20.3;0.0;100.0;5.0;91.0;100.0;100.0;45.86465;6.164917;0.0;2026-10-02T19:15:00+02:00;2026-10-02T19:42:49+02:00;6414c3ee679f
2026-10-03;plage_de_sevrier;ICONCH1;2026-10-03T17:00;5.8;8.6;340.0;20.5;0.0;100.0;8.0;100.0;100.0;100.0;45.86465;6.164917;0.0;2026-10-02T19:15:00+02:00;2026-10-02T19:42:49+02:00;6414c3ee679f
2026-10-03;plage_de_sevrier;ICONCH1;2026-10-03T18:00;4.3;8.9;355.0;20.5;0.0;100.0;41.0;100.0;100.0;100.0;45.86465;6.164917;0.0;2026-10-02T19:15:00+02:00;2026-10-02T19:42:49+02:00;6414c3ee679f
2026-10-03;plage_de_sevrier;ICONCH1;2026-10-03T19:00;4.2;7.4;349.0;20.1;0.4;100.0;39.0;100.0;97.0;100.0;45.86465;6.164917;0.0;2026-10-02T19:15:00+02:00;2026-10-02T19:42:49+02:00;6414c3ee679f
2026-10-03;plage_de_sevrier;ICONCH1;2026-10-03T20:00;1.2;5.4;252.0;19.5;1.0;99.0;54.0;94.0;68.0;99.0;45.86465;6.164917;0.0;2026-10-02T19:15:00+02:00;2026-10-02T19:42:49+02:00;6414c3ee679f
2026-10-03;plage_de_sevrier;ICONCH1;2026-10-03T21:00;2.6;4.1;189.0;19.3;0.1;100.0;12.0;100.0;3.0;100.0;45.86465;6.164917;0.0;2026-10-02T19:15:00+02:00;2026-10-02T19:42:49+02:00;6414c3ee679f
2026-10-03;plage_de_sevrier;ICONCH1;2026-10-03T22:00;3.2;4.9;166.0;19.1;0.1;96.0;56.0;88.0;8.0;96.0;45.86465;6.164917;0.0;2026-10-02T19:15:00+02:00;2026-10-02T19:42:49+02:00;6414c3ee679f
2026-10-03;plage_de_sevrier;ICONCH1;2026-10-03T23:00;3.1;4.5;187.0;19.0;0.0;90.0;0.0;90.0;0.0;90.0;45.86465;6.164917;0.0;2026-10-02T19:15:00+02:00;2026-10-02T19:42:49+02:00;6414c3ee679f
2026-10-03;plage_de_sevrier;ICONCH1;2026-10-04T00:00;2.4;5.1;194.0;18.8;0.0;87.0;0.0;87.0;0.0;87.0;45.86465;6.164917;0.0;2026-10-02T19:15:00+02:00;2026-10-02T19:42:49+02:00;6414c3ee679f
2026-10-03;pont_darciat;AROMEHD;2026-10-03T01:00;2.7;2.9;176.0;13.4;0.0;;0.0;0.0;100.0;100.0;46.25;4.8099995;169.0;2026-10-02T19:15:00+02:00;2026-10-02T19:42:49+02:00;6414c3ee679f
2026-10-03;pont_darciat;AROMEHD;2026-10-03T02:00;2.0;2.9;191.0;13.6;0.0;;0.0;0.0;100.0;100.0;46.25;4.8099995;169.0;2026-10-02T19:15:00+02:00;2026-10-02T19:42:49+02:00;6414c3ee679f
2026-10-03;pont_darciat;AROMEHD;2026-10-03T03:00;1.4;1.9;146.0;13.1;0.0;;0.0;0.0;100.0;100.0;46.25;4.8099995;169.0;2026-10-02T19:15:00+02:00;2026-10-02T19:42:49+02:00;6414c3ee679f
2026-10-03;pont_darciat;AROMEHD;2026-10-03T04:00;1.1;0.6;31.0;12.8;0.0;;0.0;0.0;100.0;100.0;46.25;4.8099995;169.0;2026-10-02T19:15:00+02:00;2026-10-02T19:42:49+02:00;6414c3ee679f
2026-10-03;pont_darciat;AROMEHD;2026-10-03T05:00;0.5;1.2;45.0;12.5;0.0;;1.0;0.0;100.0;100.0;46.25;4.8099995;169.0;2026-10-02T19:15:00+02:00;2026-10-02T19:42:49+02:00;6414c3ee679f
2026-10-03;pont_darciat;AROMEHD;2026-10-03T06:00;0.9;1.4;27.0;12.5;0.0;;0.0;0.0;100.0;100.0;46.25;4.8099995;169.0;2026-10-02T19:15:00+02:00;2026-10-02T19:42:49+02:00;6414c3ee679f
2026-10-03;pont_darciat;AROMEHD;2026-10-03T07:00;1.1;1.4;59.0;12.3;0.0;;1.0;9.0;100.0;100.0;46.25;4.8099995;169.0;2026-10-02T19:15:00+02:00;2026-10-02T19:42:49+02:00;6414c3ee679f
2026-10-03;pont_darciat;AROMEHD;2026-10-03T08:00;1.2;1.7;81.0;12.2;0.0;;1.0;0.0;100.0;100.0;46.25;4.8099995;169.0;2026-10-02T19:15:00+02:00;2026-10-02T19:42:49+02:00;6414c3ee679f
2026-10-03;pont_darciat;AROMEHD;2026-10-03T09:00;0.6;1.2;72.0;13.0;0.0;;0.0;30.0;100.0;100.0;46.25;4.8099995;169.0;2026-10-02T19:15:00+02:00;2026-10-02T19:42:49+02:00;6414c3ee679f
2026-10-03;pont_darciat;AROMEHD;2026-10-03T10:00;1.4;2.7;188.0;14.3;0.0;;6.0;32.0;100.0;100.0;46.25;4.8099995;169.0;2026-10-02T19:15:00+02:00;2026-10-02T19:42:49+02:00;6414c3ee679f
2026-10-03;pont_darciat;AROMEHD;2026-10-03T11:00;0.8;3.3;180.0;16.2;0.0;;1.0;100.0;100.0;100.0;46.25;4.8099995;169.0;2026-10-02T19:15:00+02:00;2026-10-02T19:42:49+02:00;6414c3ee679f
2026-10-03;pont_darciat;AROMEHD;2026-10-03T12:00;3.6;6.4;202.0;17.2;0.3;;3.0;100.0;100.0;100.0;46.25;4.8099995;169.0;2026-10-02T19:15:00+02:00;2026-10-02T19:42:49+02:00;6414c3ee679f
2026-10-03;pont_darciat;AROMEHD;2026-10-03T13:00;2.6;6.4;189.0;17.3;0.1;;0.0;97.0;100.0;100.0;46.25;4.8099995;169.0;2026-10-02T19:15:00+02:00;2026-10-02T19:42:49+02:00;6414c3ee679f
2026-10-03;pont_darciat;AROMEHD;2026-10-03T14:00;3.2;6.2;194.0;18.6;0.0;;0.0;100.0;100.0;100.0;46.25;4.8099995;169.0;2026-10-02T19:15:00+02:00;2026-10-02T19:42:49+02:00;6414c3ee679f
2026-10-03;pont_darciat;AROMEHD;2026-10-03T15:00;2.8;5.8;192.0;19.0;0.0;;0.0;100.0;100.0;100.0;46.25;4.8099995;169.0;2026-10-02T19:15:00+02:00;2026-10-02T19:42:49+02:00;6414c3ee679f
2026-10-03;pont_darciat;AROMEHD;2026-10-03T16:00;2.1;5.1;185.0;19.7;0.0;;0.0;100.0;100.0;100.0;46.25;4.8099995;169.0;2026-10-02T19:15:00+02:00;2026-10-02T19:42:49+02:00;6414c3ee679f
2026-10-03;pont_darciat;AROMEHD;2026-10-03T17:00;2.1;5.1;185.0;20.1;0.0;;0.0;100.0;100.0;100.0;46.25;4.8099995;169.0;2026-10-02T19:15:00+02:00;2026-10-02T19:42:49+02:00;6414c3ee679f
2026-10-03;pont_darciat;AROMEHD;2026-10-03T18:00;0.4;4.1;360.0;20.4;0.0;;0.0;100.0;100.0;100.0;46.25;4.8099995;169.0;2026-10-02T19:15:00+02:00;2026-10-02T19:42:49+02:00;6414c3ee679f
2026-10-03;pont_darciat;AROMEHD;2026-10-03T19:00;1.0;1.9;90.0;20.2;0.0;;0.0;100.0;100.0;100.0;46.25;4.8099995;169.0;2026-10-02T19:15:00+02:00;2026-10-02T19:42:49+02:00;6414c3ee679f
2026-10-03;pont_darciat;AROMEHD;2026-10-03T20:00;2.6;3.5;99.0;19.2;0.0;;0.0;100.0;100.0;100.0;46.25;4.8099995;169.0;2026-10-02T19:15:00+02:00;2026-10-02T19:42:49+02:00;6414c3ee679f
2026-10-03;pont_darciat;AROMEHD;2026-10-03T21:00;1.8;2.9;347.0;18.6;0.0;;0.0;100.0;100.0;100.0;46.25;4.8099995;169.0;2026-10-02T19:15:00+02:00;2026-10-02T19:42:49+02:00;6414c3ee679f
2026-10-03;pont_darciat;AROMEHD;2026-10-03T22:00;2.9;3.3;340.0;18.2;0.0;;0.0;100.0;85.0;100.0;46.25;4.8099995;169.0;2026-10-02T19:15:00+02:00;2026-10-02T19:42:49+02:00;6414c3ee679f
2026-10-03;pont_darciat;AROMEHD;2026-10-03T23:00;0.4;3.7;270.0;17.6;0.0;;0.0;100.0;100.0;100.0;46.25;4.8099995;169.0;2026-10-02T19:15:00+02:00;2026-10-02T19:42:49+02:00;6414c3ee679f
2026-10-03;pont_darciat;AROMEHD;2026-10-04T00:00;1.0;0.4;143.0;16.7;0.0;;1.0;100.0;100.0;100.0;46.25;4.8099995;169.0;2026-10-02T19:15:00+02:00;2026-10-02T19:42:49+02:00;6414c3ee679f
2026-10-03;pont_darciat;ICONCH1;2026-10-03T01:00;1.6;2.9;173.0;14.8;0.0;100.0;0.0;0.0;100.0;100.0;46.25097;4.8050537;172.0;2026-10-02T19:15:00+02:00;2026-10-02T19:42:49+02:00;6414c3ee679f
2026-10-03;pont_darciat;ICONCH1;2026-10-03T02:00;0.5;2.3;225.0;14.6;0.0;100.0;0.0;0.0;100.0;100.0;46.25097;4.8050537;172.0;2026-10-02T19:15:00+02:00;2026-10-02T19:42:49+02:00;6414c3ee679f
2026-10-03;pont_darciat;ICONCH1;2026-10-03T03:00;0.6;0.8;360.0;14.4;0.0;100.0;0.0;0.0;100.0;100.0;46.25097;4.8050537;172.0;2026-10-02T19:15:00+02:00;2026-10-02T19:42:49+02:00;6414c3ee679f
2026-10-03;pont_darciat;ICONCH1;2026-10-03T04:00;1.6;2.5;346.0;13.8;0.0;100.0;0.0;0.0;100.0;100.0;46.25097;4.8050537;172.0;2026-10-02T19:15:00+02:00;2026-10-02T19:42:49+02:00;6414c3ee679f
2026-10-03;pont_darciat;ICONCH1;2026-10-03T05:00;1.4;2.9;352.0;13.7;0.0;100.0;0.0;0.0;100.0;100.0;46.25097;4.8050537;172.0;2026-10-02T19:15:00+02:00;2026-10-02T19:42:49+02:00;6414c3ee679f
2026-10-03;pont_darciat;ICONCH1;2026-10-03T06:00;1.8;2.9;342.0;13.5;0.0;100.0;13.0;30.0;100.0;100.0;46.25097;4.8050537;172.0;2026-10-02T19:15:00+02:00;2026-10-02T19:42:49+02:00;6414c3ee679f
2026-10-03;pont_darciat;ICONCH1;2026-10-03T07:00;1.6;2.9;14.0;13.7;0.0;100.0;33.0;75.0;100.0;100.0;46.25097;4.8050537;172.0;2026-10-02T19:15:00+02:00;2026-10-02T19:42:49+02:00;6414c3ee679f
2026-10-03;pont_darciat;ICONCH1;2026-10-03T08:00;1.7;2.7;27.0;13.6;0.0;100.0;38.0;93.0;100.0;100.0;46.25097;4.8050537;172.0;2026-10-02T19:15:00+02:00;2026-10-02T19:42:49+02:00;6414c3ee679f
2026-10-03;pont_darciat;ICONCH1;2026-10-03T09:00;2.2;3.7;38.0;14.0;0.0;100.0;46.0;44.0;100.0;100.0;46.25097;4.8050537;172.0;2026-10-02T19:15:00+02:00;2026-10-02T19:42:49+02:00;6414c3ee679f
2026-10-03;pont_darciat;ICONCH1;2026-10-03T10:00;2.5;4.1;32.0;15.7;0.0;100.0;0.0;100.0;100.0;100.0;46.25097;4.8050537;172.0;2026-10-02T19:15:00+02:00;2026-10-02T19:42:49+02:00;6414c3ee679f
2026-10-03;pont_darciat;ICONCH1;2026-10-03T11:00;1.4;4.1;56.0;17.6;0.0;100.0;0.0;100.0;100.0;100.0;46.25097;4.8050537;172.0;2026-10-02T19:15:00+02:00;2026-10-02T19:42:49+02:00;6414c3ee679f
2026-10-03;pont_darciat;ICONCH1;2026-10-03T12:00;1.8;3.9;131.0;19.3;0.0;100.0;2.0;93.0;100.0;100.0;46.25097;4.8050537;172.0;2026-10-02T19:15:00+02:00;2026-10-02T19:42:49+02:00;6414c3ee679f
2026-10-03;pont_darciat;ICONCH1;2026-10-03T13:00;3.7;6.2;174.0;20.3;0.0;100.0;0.0;100.0;98.0;100.0;46.25097;4.8050537;172.0;2026-10-02T19:15:00+02:00;2026-10-02T19:42:49+02:00;6414c3ee679f
2026-10-03;pont_darciat;ICONCH1;2026-10-03T14:00;4.1;7.2;183.0;21.1;0.0;100.0;0.0;91.0;100.0;100.0;46.25097;4.8050537;172.0;2026-10-02T19:15:00+02:00;2026-10-02T19:42:49+02:00;6414c3ee679f
2026-10-03;pont_darciat;ICONCH1;2026-10-03T15:00;3.0;6.8;165.0;22.1;0.0;100.0;0.0;94.0;100.0;100.0;46.25097;4.8050537;172.0;2026-10-02T19:15:00+02:00;2026-10-02T19:42:49+02:00;6414c3ee679f
2026-10-03;pont_darciat;ICONCH1;2026-10-03T16:00;2.8;5.4;168.0;22.5;0.0;100.0;0.0;100.0;91.0;100.0;46.25097;4.8050537;172.0;2026-10-02T19:15:00+02:00;2026-10-02T19:42:49+02:00;6414c3ee679f
2026-10-03;pont_darciat;ICONCH1;2026-10-03T17:00;1.1;4.9;211.0;22.4;0.0;100.0;0.0;100.0;100.0;100.0;46.25097;4.8050537;172.0;2026-10-02T19:15:00+02:00;2026-10-02T19:42:49+02:00;6414c3ee679f
2026-10-03;pont_darciat;ICONCH1;2026-10-03T18:00;2.8;5.4;192.0;21.4;0.3;100.0;0.0;100.0;100.0;100.0;46.25097;4.8050537;172.0;2026-10-02T19:15:00+02:00;2026-10-02T19:42:49+02:00;6414c3ee679f
2026-10-03;pont_darciat;ICONCH1;2026-10-03T19:00;6.0;9.3;199.0;20.7;0.1;100.0;0.0;100.0;100.0;100.0;46.25097;4.8050537;172.0;2026-10-02T19:15:00+02:00;2026-10-02T19:42:49+02:00;6414c3ee679f
2026-10-03;pont_darciat;ICONCH1;2026-10-03T20:00;4.7;9.3;171.0;19.4;0.2;95.0;0.0;95.0;2.0;95.0;46.25097;4.8050537;172.0;2026-10-02T19:15:00+02:00;2026-10-02T19:42:49+02:00;6414c3ee679f
2026-10-03;pont_darciat;ICONCH1;2026-10-03T21:00;4.6;7.4;195.0;18.5;0.1;99.0;0.0;99.0;4.0;99.0;46.25097;4.8050537;172.0;2026-10-02T19:15:00+02:00;2026-10-02T19:42:49+02:00;6414c3ee679f
2026-10-03;pont_darciat;ICONCH1;2026-10-03T22:00;3.3;7.0;201.0;18.0;0.3;100.0;0.0;100.0;14.0;100.0;46.25097;4.8050537;172.0;2026-10-02T19:15:00+02:00;2026-10-02T19:42:49+02:00;6414c3ee679f
2026-10-03;pont_darciat;ICONCH1;2026-10-03T23:00;2.7;5.1;176.0;17.7;0.0;95.0;0.0;95.0;13.0;95.0;46.25097;4.8050537;172.0;2026-10-02T19:15:00+02:00;2026-10-02T19:42:49+02:00;6414c3ee679f
2026-10-03;pont_darciat;ICONCH1;2026-10-04T00:00;2.5;4.3;176.0;17.5;0.0;92.0;0.0;90.0;52.0;92.0;46.25097;4.8050537;172.0;2026-10-02T19:15:00+02:00;2026-10-02T19:42:49+02:00;6414c3ee679f
2026-10-03;pont_de_chavanay;AROMEHD;2026-10-03T01:00;0.5;1.4;315.0;15.8;0.0;;0.0;0.0;100.0;100.0;45.42;4.75;141.0;2026-10-02T19:15:00+02:00;2026-10-02T19:42:49+02:00;6414c3ee679f
2026-10-03;pont_de_chavanay;AROMEHD;2026-10-03T02:00;1.2;1.4;51.0;15.5;0.0;;0.0;0.0;100.0;100.0;45.42;4.75;141.0;2026-10-02T19:15:00+02:00;2026-10-02T19:42:49+02:00;6414c3ee679f
2026-10-03;pont_de_chavanay;AROMEHD;2026-10-03T03:00;0.7;1.6;34.0;15.3;0.0;;0.0;3.0;100.0;100.0;45.42;4.75;141.0;2026-10-02T19:15:00+02:00;2026-10-02T19:42:49+02:00;6414c3ee679f
2026-10-03;pont_de_chavanay;AROMEHD;2026-10-03T04:00;0.2;0.8;90.0;15.3;0.0;;0.0;85.0;100.0;100.0;45.42;4.75;141.0;2026-10-02T19:15:00+02:00;2026-10-02T19:42:49+02:00;6414c3ee679f
2026-10-03;pont_de_chavanay;AROMEHD;2026-10-03T05:00;0.9;1.0;27.0;15.3;0.0;;0.0;100.0;100.0;100.0;45.42;4.75;141.0;2026-10-02T19:15:00+02:00;2026-10-02T19:42:49+02:00;6414c3ee679f
2026-10-03;pont_de_chavanay;AROMEHD;2026-10-03T06:00;0.6;1.2;18.0;15.4;0.0;;0.0;84.0;100.0;100.0;45.42;4.75;141.0;2026-10-02T19:15:00+02:00;2026-10-02T19:42:49+02:00;6414c3ee679f
2026-10-03;pont_de_chavanay;AROMEHD;2026-10-03T07:00;0.4;1.0;297.0;15.9;0.0;;5.0;95.0;100.0;100.0;45.42;4.75;141.0;2026-10-02T19:15:00+02:00;2026-10-02T19:42:49+02:00;6414c3ee679f
2026-10-03;pont_de_chavanay;AROMEHD;2026-10-03T08:00;1.0;1.2;11.0;15.9;0.0;;0.0;37.0;100.0;100.0;45.42;4.75;141.0;2026-10-02T19:15:00+02:00;2026-10-02T19:42:49+02:00;6414c3ee679f
2026-10-03;pont_de_chavanay;AROMEHD;2026-10-03T09:00;1.5;2.3;50.0;16.6;0.0;;0.0;24.0;100.0;100.0;45.42;4.75;141.0;2026-10-02T19:15:00+02:00;2026-10-02T19:42:49+02:00;6414c3ee679f
2026-10-03;pont_de_chavanay;AROMEHD;2026-10-03T10:00;0.5;2.1;45.0;18.1;0.0;;0.0;100.0;100.0;100.0;45.42;4.75;141.0;2026-10-02T19:15:00+02:00;2026-10-02T19:42:49+02:00;6414c3ee679f
2026-10-03;pont_de_chavanay;AROMEHD;2026-10-03T11:00;2.1;5.4;22.0;19.9;0.0;;1.0;35.0;100.0;100.0;45.42;4.75;141.0;2026-10-02T19:15:00+02:00;2026-10-02T19:42:49+02:00;6414c3ee679f
2026-10-03;pont_de_chavanay;AROMEHD;2026-10-03T12:00;2.5;6.8;39.0;21.1;0.0;;0.0;100.0;100.0;100.0;45.42;4.75;141.0;2026-10-02T19:15:00+02:00;2026-10-02T19:42:49+02:00;6414c3ee679f
2026-10-03;pont_de_chavanay;AROMEHD;2026-10-03T13:00;3.7;8.4;32.0;21.8;0.0;;0.0;43.0;100.0;100.0;45.42;4.75;141.0;2026-10-02T19:15:00+02:00;2026-10-02T19:42:49+02:00;6414c3ee679f
2026-10-03;pont_de_chavanay;AROMEHD;2026-10-03T14:00;3.1;8.4;7.0;21.9;0.0;;0.0;100.0;100.0;100.0;45.42;4.75;141.0;2026-10-02T19:15:00+02:00;2026-10-02T19:42:49+02:00;6414c3ee679f
2026-10-03;pont_de_chavanay;AROMEHD;2026-10-03T15:00;2.7;7.6;356.0;22.1;0.0;;0.0;100.0;100.0;100.0;45.42;4.75;141.0;2026-10-02T19:15:00+02:00;2026-10-02T19:42:49+02:00;6414c3ee679f
2026-10-03;pont_de_chavanay;AROMEHD;2026-10-03T16:00;2.7;6.2;352.0;22.3;0.0;;0.0;100.0;100.0;100.0;45.42;4.75;141.0;2026-10-02T19:15:00+02:00;2026-10-02T19:42:49+02:00;6414c3ee679f
2026-10-03;pont_de_chavanay;AROMEHD;2026-10-03T17:00;3.1;6.0;360.0;22.5;0.0;;0.0;100.0;100.0;100.0;45.42;4.75;141.0;2026-10-02T19:15:00+02:00;2026-10-02T19:42:49+02:00;6414c3ee679f
2026-10-03;pont_de_chavanay;AROMEHD;2026-10-03T18:00;2.8;6.0;348.0;22.4;0.0;;0.0;100.0;100.0;100.0;45.42;4.75;141.0;2026-10-02T19:15:00+02:00;2026-10-02T19:42:49+02:00;6414c3ee679f
2026-10-03;pont_de_chavanay;AROMEHD;2026-10-03T19:00;2.6;4.9;347.0;21.9;0.0;;0.0;100.0;100.0;100.0;45.42;4.75;141.0;2026-10-02T19:15:00+02:00;2026-10-02T19:42:49+02:00;6414c3ee679f
2026-10-03;pont_de_chavanay;AROMEHD;2026-10-03T20:00;1.7;4.1;306.0;20.9;0.0;;0.0;0.0;100.0;100.0;45.42;4.75;141.0;2026-10-02T19:15:00+02:00;2026-10-02T19:42:49+02:00;6414c3ee679f
2026-10-03;pont_de_chavanay;AROMEHD;2026-10-03T21:00;1.3;2.3;333.0;19.7;0.0;;0.0;100.0;100.0;100.0;45.42;4.75;141.0;2026-10-02T19:15:00+02:00;2026-10-02T19:42:49+02:00;6414c3ee679f
2026-10-03;pont_de_chavanay;AROMEHD;2026-10-03T22:00;1.2;1.6;342.0;19.2;0.0;;0.0;100.0;100.0;100.0;45.42;4.75;141.0;2026-10-02T19:15:00+02:00;2026-10-02T19:42:49+02:00;6414c3ee679f
2026-10-03;pont_de_chavanay;AROMEHD;2026-10-03T23:00;0.9;1.4;297.0;18.7;0.0;;0.0;100.0;99.0;100.0;45.42;4.75;141.0;2026-10-02T19:15:00+02:00;2026-10-02T19:42:49+02:00;6414c3ee679f
2026-10-03;pont_de_chavanay;AROMEHD;2026-10-04T00:00;0.2;1.4;360.0;18.3;0.0;;0.0;100.0;2.0;100.0;45.42;4.75;141.0;2026-10-02T19:15:00+02:00;2026-10-02T19:42:49+02:00;6414c3ee679f
2026-10-03;pont_de_chavanay;ICONCH1;2026-10-03T01:00;1.0;3.9;307.0;17.3;0.0;100.0;0.0;0.0;100.0;100.0;45.416153;4.741211;147.0;2026-10-02T19:15:00+02:00;2026-10-02T19:42:49+02:00;6414c3ee679f
2026-10-03;pont_de_chavanay;ICONCH1;2026-10-03T02:00;1.5;2.7;293.0;16.5;0.0;100.0;0.0;19.0;100.0;100.0;45.416153;4.741211;147.0;2026-10-02T19:15:00+02:00;2026-10-02T19:42:49+02:00;6414c3ee679f
2026-10-03;pont_de_chavanay;ICONCH1;2026-10-03T03:00;1.0;2.1;281.0;16.5;0.0;100.0;0.0;82.0;100.0;100.0;45.416153;4.741211;147.0;2026-10-02T19:15:00+02:00;2026-10-02T19:42:49+02:00;6414c3ee679f
2026-10-03;pont_de_chavanay;ICONCH1;2026-10-03T04:00;0.5;1.9;135.0;15.9;0.0;100.0;0.0;65.0;100.0;100.0;45.416153;4.741211;147.0;2026-10-02T19:15:00+02:00;2026-10-02T19:42:49+02:00;6414c3ee679f
2026-10-03;pont_de_chavanay;ICONCH1;2026-10-03T05:00;1.7;2.9;291.0;16.0;0.0;100.0;0.0;61.0;99.0;100.0;45.416153;4.741211;147.0;2026-10-02T19:15:00+02:00;2026-10-02T19:42:49+02:00;6414c3ee679f
2026-10-03;pont_de_chavanay;ICONCH1;2026-10-03T06:00;0.6;2.7;270.0;15.7;0.0;100.0;0.0;81.0;100.0;100.0;45.416153;4.741211;147.0;2026-10-02T19:15:00+02:00;2026-10-02T19:42:49+02:00;6414c3ee679f
2026-10-03;pont_de_chavanay;ICONCH1;2026-10-03T07:00;0.4;1.4;27.0;15.6;0.0;100.0;0.0;94.0;100.0;100.0;45.416153;4.741211;147.0;2026-10-02T19:15:00+02:00;2026-10-02T19:42:49+02:00;6414c3ee679f
2026-10-03;pont_de_chavanay;ICONCH1;2026-10-03T08:00;0.4;1.0;27.0;16.2;0.0;100.0;0.0;97.0;100.0;100.0;45.416153;4.741211;147.0;2026-10-02T19:15:00+02:00;2026-10-02T19:42:49+02:00;6414c3ee679f
2026-10-03;pont_de_chavanay;ICONCH1;2026-10-03T09:00;0.6;1.6;288.0;16.0;0.0;100.0;0.0;100.0;100.0;100.0;45.416153;4.741211;147.0;2026-10-02T19:15:00+02:00;2026-10-02T19:42:49+02:00;6414c3ee679f
2026-10-03;pont_de_chavanay;ICONCH1;2026-10-03T10:00;0.8;1.4;90.0;16.9;0.0;100.0;0.0;100.0;100.0;100.0;45.416153;4.741211;147.0;2026-10-02T19:15:00+02:00;2026-10-02T19:42:49+02:00;6414c3ee679f
2026-10-03;pont_de_chavanay;ICONCH1;2026-10-03T11:00;1.2;2.1;72.0;18.1;0.0;100.0;0.0;97.0;100.0;100.0;45.416153;4.741211;147.0;2026-10-02T19:15:00+02:00;2026-10-02T19:42:49+02:00;6414c3ee679f
2026-10-03;pont_de_chavanay;ICONCH1;2026-10-03T12:00;1.2;2.5;81.0;19.5;0.0;100.0;0.0;96.0;100.0;100.0;45.416153;4.741211;147.0;2026-10-02T19:15:00+02:00;2026-10-02T19:42:49+02:00;6414c3ee679f
2026-10-03;pont_de_chavanay;ICONCH1;2026-10-03T13:00;1.2;2.7;81.0;20.8;0.0;100.0;0.0;96.0;100.0;100.0;45.416153;4.741211;147.0;2026-10-02T19:15:00+02:00;2026-10-02T19:42:49+02:00;6414c3ee679f
2026-10-03;pont_de_chavanay;ICONCH1;2026-10-03T14:00;3.0;5.1;140.0;22.2;0.0;100.0;0.0;99.0;100.0;100.0;45.416153;4.741211;147.0;2026-10-02T19:15:00+02:00;2026-10-02T19:42:49+02:00;6414c3ee679f
2026-10-03;pont_de_chavanay;ICONCH1;2026-10-03T15:00;7.2;11.1;174.0;22.7;0.0;100.0;0.0;100.0;100.0;100.0;45.416153;4.741211;147.0;2026-10-02T19:15:00+02:00;2026-10-02T19:42:49+02:00;6414c3ee679f
2026-10-03;pont_de_chavanay;ICONCH1;2026-10-03T16:00;5.7;12.1;170.0;21.4;0.3;100.0;0.0;100.0;100.0;100.0;45.416153;4.741211;147.0;2026-10-02T19:15:00+02:00;2026-10-02T19:42:49+02:00;6414c3ee679f
2026-10-03;pont_de_chavanay;ICONCH1;2026-10-03T17:00;5.8;9.3;154.0;20.3;0.6;100.0;0.0;100.0;100.0;100.0;45.416153;4.741211;147.0;2026-10-02T19:15:00+02:00;2026-10-02T19:42:49+02:00;6414c3ee679f
2026-10-03;pont_de_chavanay;ICONCH1;2026-10-03T18:00;4.4;8.9;148.0;19.8;0.5;100.0;0.0;100.0;100.0;100.0;45.416153;4.741211;147.0;2026-10-02T19:15:00+02:00;2026-10-02T19:42:49+02:00;6414c3ee679f
2026-10-03;pont_de_chavanay;ICONCH1;2026-10-03T19:00;3.8;6.8;150.0;19.2;0.5;100.0;0.0;95.0;100.0;100.0;45.416153;4.741211;147.0;2026-10-02T19:15:00+02:00;2026-10-02T19:42:49+02:00;6414c3ee679f
2026-10-03;pont_de_chavanay;ICONCH1;2026-10-03T20:00;2.2;5.8;165.0;18.7;0.6;100.0;5.0;100.0;61.0;100.0;45.416153;4.741211;147.0;2026-10-02T19:15:00+02:00;2026-10-02T19:42:49+02:00;6414c3ee679f
2026-10-03;pont_de_chavanay;ICONCH1;2026-10-03T21:00;1.0;3.3;180.0;18.3;0.5;100.0;0.0;100.0;0.0;100.0;45.416153;4.741211;147.0;2026-10-02T19:15:00+02:00;2026-10-02T19:42:49+02:00;6414c3ee679f
2026-10-03;pont_de_chavanay;ICONCH1;2026-10-03T22:00;0.0;1.6;270.0;18.2;0.0;99.0;27.0;98.0;12.0;99.0;45.416153;4.741211;147.0;2026-10-02T19:15:00+02:00;2026-10-02T19:42:49+02:00;6414c3ee679f
2026-10-03;pont_de_chavanay;ICONCH1;2026-10-03T23:00;1.0;1.7;11.0;18.1;0.0;100.0;47.0;100.0;30.0;100.0;45.416153;4.741211;147.0;2026-10-02T19:15:00+02:00;2026-10-02T19:42:49+02:00;6414c3ee679f
2026-10-03;pont_de_chavanay;ICONCH1;2026-10-04T00:00;0.2;1.7;360.0;18.0;0.0;100.0;12.0;100.0;14.0;100.0;45.416153;4.741211;147.0;2026-10-02T19:15:00+02:00;2026-10-02T19:42:49+02:00;6414c3ee679f
2026-10-03;portes_les_valence;AROMEHD;2026-10-03T01:00;1.4;3.9;16.0;18.8;0.0;;30.0;36.0;100.0;100.0;44.87;4.8599987;101.0;2026-10-02T19:15:00+02:00;2026-10-02T19:42:49+02:00;6414c3ee679f
2026-10-03;portes_les_valence;AROMEHD;2026-10-03T02:00;0.7;1.6;326.0;18.0;0.0;;3.0;25.0;100.0;100.0;44.87;4.8599987;101.0;2026-10-02T19:15:00+02:00;2026-10-02T19:42:49+02:00;6414c3ee679f
2026-10-03;portes_les_valence;AROMEHD;2026-10-03T03:00;0.2;0.6;270.0;17.2;0.0;;0.0;0.0;100.0;100.0;44.87;4.8599987;101.0;2026-10-02T19:15:00+02:00;2026-10-02T19:42:49+02:00;6414c3ee679f
2026-10-03;portes_les_valence;AROMEHD;2026-10-03T04:00;1.0;1.0;217.0;16.5;0.0;;0.0;0.0;100.0;100.0;44.87;4.8599987;101.0;2026-10-02T19:15:00+02:00;2026-10-02T19:42:49+02:00;6414c3ee679f
2026-10-03;portes_les_valence;AROMEHD;2026-10-03T05:00;0.3;1.4;315.0;16.2;0.0;;0.0;1.0;100.0;100.0;44.87;4.8599987;101.0;2026-10-02T19:15:00+02:00;2026-10-02T19:42:49+02:00;6414c3ee679f
2026-10-03;portes_les_valence;AROMEHD;2026-10-03T06:00;1.6;1.7;346.0;16.1;0.0;;0.0;38.0;100.0;100.0;44.87;4.8599987;101.0;2026-10-02T19:15:00+02:00;2026-10-02T19:42:49+02:00;6414c3ee679f
2026-10-03;portes_les_valence;AROMEHD;2026-10-03T07:00;2.9;4.5;4.0;16.3;0.0;;0.0;94.0;100.0;100.0;44.87;4.8599987;101.0;2026-10-02T19:15:00+02:00;2026-10-02T19:42:49+02:00;6414c3ee679f
2026-10-03;portes_les_valence;AROMEHD;2026-10-03T08:00;3.1;4.7;18.0;16.7;0.0;;0.0;100.0;100.0;100.0;44.87;4.8599987;101.0;2026-10-02T19:15:00+02:00;2026-10-02T19:42:49+02:00;6414c3ee679f
2026-10-03;portes_les_valence;AROMEHD;2026-10-03T09:00;0.4;4.7;360.0;17.4;0.0;;0.0;100.0;100.0;100.0;44.87;4.8599987;101.0;2026-10-02T19:15:00+02:00;2026-10-02T19:42:49+02:00;6414c3ee679f
2026-10-03;portes_les_valence;AROMEHD;2026-10-03T10:00;1.2;2.3;231.0;17.8;0.0;;0.0;100.0;100.0;100.0;44.87;4.8599987;101.0;2026-10-02T19:15:00+02:00;2026-10-02T19:42:49+02:00;6414c3ee679f
2026-10-03;portes_les_valence;AROMEHD;2026-10-03T11:00;0.9;3.5;207.0;19.2;0.0;;0.0;56.0;100.0;100.0;44.87;4.8599987;101.0;2026-10-02T19:15:00+02:00;2026-10-02T19:42:49+02:00;6414c3ee679f
2026-10-03;portes_les_valence;AROMEHD;2026-10-03T12:00;1.4;4.3;225.0;20.4;0.0;;0.0;49.0;100.0;100.0;44.87;4.8599987;101.0;2026-10-02T19:15:00+02:00;2026-10-02T19:42:49+02:00;6414c3ee679f
2026-10-03;portes_les_valence;AROMEHD;2026-10-03T13:00;2.6;6.0;216.0;21.6;0.0;;0.0;23.0;100.0;100.0;44.87;4.8599987;101.0;2026-10-02T19:15:00+02:00;2026-10-02T19:42:49+02:00;6414c3ee679f
2026-10-03;portes_les_valence;AROMEHD;2026-10-03T14:00;2.4;6.0;189.0;22.4;0.0;;0.0;100.0;100.0;100.0;44.87;4.8599987;101.0;2026-10-02T19:15:00+02:00;2026-10-02T19:42:49+02:00;6414c3ee679f
2026-10-03;portes_les_valence;AROMEHD;2026-10-03T15:00;3.4;7.2;193.0;23.1;0.0;;0.0;100.0;100.0;100.0;44.87;4.8599987;101.0;2026-10-02T19:15:00+02:00;2026-10-02T19:42:49+02:00;6414c3ee679f
2026-10-03;portes_les_valence;AROMEHD;2026-10-03T16:00;3.7;8.7;208.0;23.4;0.0;;0.0;100.0;100.0;100.0;44.87;4.8599987;101.0;2026-10-02T19:15:00+02:00;2026-10-02T19:42:49+02:00;6414c3ee679f
2026-10-03;portes_les_valence;AROMEHD;2026-10-03T17:00;3.1;7.6;215.0;23.5;0.0;;0.0;100.0;100.0;100.0;44.87;4.8599987;101.0;2026-10-02T19:15:00+02:00;2026-10-02T19:42:49+02:00;6414c3ee679f
2026-10-03;portes_les_valence;AROMEHD;2026-10-03T18:00;4.5;8.2;214.0;23.0;0.0;;0.0;100.0;100.0;100.0;44.87;4.8599987;101.0;2026-10-02T19:15:00+02:00;2026-10-02T19:42:49+02:00;6414c3ee679f
2026-10-03;portes_les_valence;AROMEHD;2026-10-03T19:00;3.5;10.5;218.0;22.0;0.0;;0.0;100.0;100.0;100.0;44.87;4.8599987;101.0;2026-10-02T19:15:00+02:00;2026-10-02T19:42:49+02:00;6414c3ee679f
2026-10-03;portes_les_valence;AROMEHD;2026-10-03T20:00;4.1;5.8;197.0;20.8;0.0;;0.0;100.0;100.0;100.0;44.87;4.8599987;101.0;2026-10-02T19:15:00+02:00;2026-10-02T19:42:49+02:00;6414c3ee679f
2026-10-03;portes_les_valence;AROMEHD;2026-10-03T21:00;3.3;6.8;183.0;19.8;0.0;;0.0;100.0;28.0;100.0;44.87;4.8599987;101.0;2026-10-02T19:15:00+02:00;2026-10-02T19:42:49+02:00;6414c3ee679f
2026-10-03;portes_les_valence;AROMEHD;2026-10-03T22:00;1.0;5.2;248.0;18.9;0.0;;0.0;56.0;0.0;56.0;44.87;4.8599987;101.0;2026-10-02T19:15:00+02:00;2026-10-02T19:42:49+02:00;6414c3ee679f
2026-10-03;portes_les_valence;AROMEHD;2026-10-03T23:00;1.1;1.4;225.0;17.9;0.0;;0.0;98.0;0.0;98.0;44.87;4.8599987;101.0;2026-10-02T19:15:00+02:00;2026-10-02T19:42:49+02:00;6414c3ee679f
2026-10-03;portes_les_valence;AROMEHD;2026-10-04T00:00;0.4;1.4;207.0;17.5;0.0;;0.0;100.0;0.0;100.0;44.87;4.8599987;101.0;2026-10-02T19:15:00+02:00;2026-10-02T19:42:49+02:00;6414c3ee679f
2026-10-03;portes_les_valence;ICONCH1;2026-10-03T01:00;1.5;2.9;320.0;16.9;0.0;100.0;38.0;48.0;100.0;100.0;44.870667;4.8635864;103.0;2026-10-02T19:15:00+02:00;2026-10-02T19:42:49+02:00;6414c3ee679f
2026-10-03;portes_les_valence;ICONCH1;2026-10-03T02:00;0.6;2.7;18.0;16.8;0.0;100.0;33.0;90.0;100.0;100.0;44.870667;4.8635864;103.0;2026-10-02T19:15:00+02:00;2026-10-02T19:42:49+02:00;6414c3ee679f
2026-10-03;portes_les_valence;ICONCH1;2026-10-03T03:00;1.6;2.7;346.0;17.2;0.0;100.0;32.0;68.0;100.0;100.0;44.870667;4.8635864;103.0;2026-10-02T19:15:00+02:00;2026-10-02T19:42:49+02:00;6414c3ee679f
2026-10-03;portes_les_valence;ICONCH1;2026-10-03T04:00;2.2;3.5;10.0;16.8;0.0;100.0;0.0;44.0;100.0;100.0;44.870667;4.8635864;103.0;2026-10-02T19:15:00+02:00;2026-10-02T19:42:49+02:00;6414c3ee679f
2026-10-03;portes_les_valence;ICONCH1;2026-10-03T05:00;1.0;3.5;360.0;16.6;0.0;100.0;0.0;97.0;100.0;100.0;44.870667;4.8635864;103.0;2026-10-02T19:15:00+02:00;2026-10-02T19:42:49+02:00;6414c3ee679f
2026-10-03;portes_les_valence;ICONCH1;2026-10-03T06:00;1.6;2.7;7.0;16.5;0.0;100.0;0.0;93.0;100.0;100.0;44.870667;4.8635864;103.0;2026-10-02T19:15:00+02:00;2026-10-02T19:42:49+02:00;6414c3ee679f
2026-10-03;portes_les_valence;ICONCH1;2026-10-03T07:00;2.0;3.1;6.0;16.5;0.0;100.0;0.0;100.0;100.0;100.0;44.870667;4.8635864;103.0;2026-10-02T19:15:00+02:00;2026-10-02T19:42:49+02:00;6414c3ee679f
2026-10-03;portes_les_valence;ICONCH1;2026-10-03T08:00;1.4;3.3;360.0;16.5;0.0;100.0;0.0;95.0;100.0;100.0;44.870667;4.8635864;103.0;2026-10-02T19:15:00+02:00;2026-10-02T19:42:49+02:00;6414c3ee679f
2026-10-03;portes_les_valence;ICONCH1;2026-10-03T09:00;1.2;2.3;39.0;16.7;0.0;100.0;0.0;97.0;100.0;100.0;44.870667;4.8635864;103.0;2026-10-02T19:15:00+02:00;2026-10-02T19:42:49+02:00;6414c3ee679f
2026-10-03;portes_les_valence;ICONCH1;2026-10-03T10:00;0.9;2.3;27.0;17.3;0.0;100.0;0.0;94.0;100.0;100.0;44.870667;4.8635864;103.0;2026-10-02T19:15:00+02:00;2026-10-02T19:42:49+02:00;6414c3ee679f
2026-10-03;portes_les_valence;ICONCH1;2026-10-03T11:00;0.6;1.6;180.0;18.4;0.0;100.0;0.0;95.0;100.0;100.0;44.870667;4.8635864;103.0;2026-10-02T19:15:00+02:00;2026-10-02T19:42:49+02:00;6414c3ee679f
2026-10-03;portes_les_valence;ICONCH1;2026-10-03T12:00;0.8;1.9;180.0;19.6;0.0;100.0;0.0;100.0;100.0;100.0;44.870667;4.8635864;103.0;2026-10-02T19:15:00+02:00;2026-10-02T19:42:49+02:00;6414c3ee679f
2026-10-03;portes_les_valence;ICONCH1;2026-10-03T13:00;3.0;4.9;191.0;20.3;0.0;100.0;0.0;100.0;100.0;100.0;44.870667;4.8635864;103.0;2026-10-02T19:15:00+02:00;2026-10-02T19:42:49+02:00;6414c3ee679f
2026-10-03;portes_les_valence;ICONCH1;2026-10-03T14:00;6.3;10.3;196.0;20.1;0.1;100.0;0.0;100.0;100.0;100.0;44.870667;4.8635864;103.0;2026-10-02T19:15:00+02:00;2026-10-02T19:42:49+02:00;6414c3ee679f
2026-10-03;portes_les_valence;ICONCH1;2026-10-03T15:00;3.5;9.9;174.0;20.3;0.6;100.0;0.0;100.0;100.0;100.0;44.870667;4.8635864;103.0;2026-10-02T19:15:00+02:00;2026-10-02T19:42:49+02:00;6414c3ee679f
2026-10-03;portes_les_valence;ICONCH1;2026-10-03T16:00;3.2;6.2;137.0;20.4;0.2;100.0;0.0;100.0;100.0;100.0;44.870667;4.8635864;103.0;2026-10-02T19:15:00+02:00;2026-10-02T19:42:49+02:00;6414c3ee679f
2026-10-03;portes_les_valence;ICONCH1;2026-10-03T17:00;1.5;5.2;130.0;20.2;0.3;100.0;0.0;100.0;100.0;100.0;44.870667;4.8635864;103.0;2026-10-02T19:15:00+02:00;2026-10-02T19:42:49+02:00;6414c3ee679f
2026-10-03;portes_les_valence;ICONCH1;2026-10-03T18:00;0.6;2.7;90.0;19.9;0.3;100.0;3.0;100.0;100.0;100.0;44.870667;4.8635864;103.0;2026-10-02T19:15:00+02:00;2026-10-02T19:42:49+02:00;6414c3ee679f
2026-10-03;portes_les_valence;ICONCH1;2026-10-03T19:00;1.5;2.9;40.0;19.3;0.4;99.0;0.0;99.0;47.0;99.0;44.870667;4.8635864;103.0;2026-10-02T19:15:00+02:00;2026-10-02T19:42:49+02:00;6414c3ee679f
2026-10-03;portes_les_valence;ICONCH1;2026-10-03T20:00;1.8;2.9;347.0;18.7;0.2;100.0;0.0;100.0;2.0;100.0;44.870667;4.8635864;103.0;2026-10-02T19:15:00+02:00;2026-10-02T19:42:49+02:00;6414c3ee679f
2026-10-03;portes_les_valence;ICONCH1;2026-10-03T21:00;2.1;3.5;338.0;18.2;0.2;89.0;0.0;89.0;0.0;89.0;44.870667;4.8635864;103.0;2026-10-02T19:15:00+02:00;2026-10-02T19:42:49+02:00;6414c3ee679f
2026-10-03;portes_les_valence;ICONCH1;2026-10-03T22:00;1.8;3.9;347.0;17.9;0.0;79.0;0.0;78.0;14.0;79.0;44.870667;4.8635864;103.0;2026-10-02T19:15:00+02:00;2026-10-02T19:42:49+02:00;6414c3ee679f
2026-10-03;portes_les_valence;ICONCH1;2026-10-03T23:00;1.4;2.9;326.0;17.4;0.0;88.0;0.0;88.0;4.0;88.0;44.870667;4.8635864;103.0;2026-10-02T19:15:00+02:00;2026-10-02T19:42:49+02:00;6414c3ee679f
2026-10-03;portes_les_valence;ICONCH1;2026-10-04T00:00;1.2;2.1;309.0;17.1;0.0;100.0;0.0;87.0;100.0;100.0;44.870667;4.8635864;103.0;2026-10-02T19:15:00+02:00;2026-10-02T19:42:49+02:00;6414c3ee679f
2026-10-03;roche_de_glun;AROMEHD;2026-10-03T01:00;2.0;5.2;17.0;18.2;0.0;;1.0;100.0;100.0;100.0;45.03;4.84;116.0;2026-10-02T19:15:00+02:00;2026-10-02T19:42:49+02:00;6414c3ee679f
2026-10-03;roche_de_glun;AROMEHD;2026-10-03T02:00;2.0;3.1;6.0;17.8;0.0;;0.0;97.0;100.0;100.0;45.03;4.84;116.0;2026-10-02T19:15:00+02:00;2026-10-02T19:42:49+02:00;6414c3ee679f
2026-10-03;roche_de_glun;AROMEHD;2026-10-03T03:00;1.8;2.9;18.0;17.5;0.0;;0.0;0.0;100.0;100.0;45.03;4.84;116.0;2026-10-02T19:15:00+02:00;2026-10-02T19:42:49+02:00;6414c3ee679f
2026-10-03;roche_de_glun;AROMEHD;2026-10-03T04:00;1.8;2.5;41.0;17.2;0.0;;0.0;0.0;100.0;100.0;45.03;4.84;116.0;2026-10-02T19:15:00+02:00;2026-10-02T19:42:49+02:00;6414c3ee679f
2026-10-03;roche_de_glun;AROMEHD;2026-10-03T05:00;1.4;2.9;45.0;16.7;0.0;;0.0;6.0;100.0;100.0;45.03;4.84;116.0;2026-10-02T19:15:00+02:00;2026-10-02T19:42:49+02:00;6414c3ee679f
2026-10-03;roche_de_glun;AROMEHD;2026-10-03T06:00;0.2;2.3;180.0;16.2;0.0;;0.0;22.0;100.0;100.0;45.03;4.84;116.0;2026-10-02T19:15:00+02:00;2026-10-02T19:42:49+02:00;6414c3ee679f
2026-10-03;roche_de_glun;AROMEHD;2026-10-03T07:00;1.2;1.6;351.0;15.9;0.0;;0.0;78.0;100.0;100.0;45.03;4.84;116.0;2026-10-02T19:15:00+02:00;2026-10-02T19:42:49+02:00;6414c3ee679f
2026-10-03;roche_de_glun;AROMEHD;2026-10-03T08:00;2.1;3.1;5.0;16.5;0.0;;0.0;100.0;100.0;100.0;45.03;4.84;116.0;2026-10-02T19:15:00+02:00;2026-10-02T19:42:49+02:00;6414c3ee679f
2026-10-03;roche_de_glun;AROMEHD;2026-10-03T09:00;2.3;3.7;24.0;17.7;0.0;;0.0;100.0;100.0;100.0;45.03;4.84;116.0;2026-10-02T19:15:00+02:00;2026-10-02T19:42:49+02:00;6414c3ee679f
2026-10-03;roche_de_glun;AROMEHD;2026-10-03T10:00;2.8;5.8;25.0;19.5;0.0;;0.0;63.0;100.0;100.0;45.03;4.84;116.0;2026-10-02T19:15:00+02:00;2026-10-02T19:42:49+02:00;6414c3ee679f
2026-10-03;roche_de_glun;AROMEHD;2026-10-03T11:00;2.8;7.0;12.0;21.0;0.0;;0.0;23.0;100.0;100.0;45.03;4.84;116.0;2026-10-02T19:15:00+02:00;2026-10-02T19:42:49+02:00;6414c3ee679f
2026-10-03;roche_de_glun;AROMEHD;2026-10-03T12:00;2.4;6.8;14.0;22.0;0.0;;0.0;87.0;100.0;100.0;45.03;4.84;116.0;2026-10-02T19:15:00+02:00;2026-10-02T19:42:49+02:00;6414c3ee679f
2026-10-03;roche_de_glun;AROMEHD;2026-10-03T13:00;1.8;6.6;342.0;22.4;0.0;;0.0;95.0;100.0;100.0;45.03;4.84;116.0;2026-10-02T19:15:00+02:00;2026-10-02T19:42:49+02:00;6414c3ee679f
2026-10-03;roche_de_glun;AROMEHD;2026-10-03T14:00;0.8;5.1;360.0;22.9;0.0;;0.0;99.0;100.0;100.0;45.03;4.84;116.0;2026-10-02T19:15:00+02:00;2026-10-02T19:42:49+02:00;6414c3ee679f
2026-10-03;roche_de_glun;AROMEHD;2026-10-03T15:00;0.9;4.5;153.0;23.5;0.0;;0.0;100.0;100.0;100.0;45.03;4.84;116.0;2026-10-02T19:15:00+02:00;2026-10-02T19:42:49+02:00;6414c3ee679f
2026-10-03;roche_de_glun;AROMEHD;2026-10-03T16:00;0.0;4.5;270.0;23.7;0.0;;0.0;98.0;100.0;100.0;45.03;4.84;116.0;2026-10-02T19:15:00+02:00;2026-10-02T19:42:49+02:00;6414c3ee679f
2026-10-03;roche_de_glun;AROMEHD;2026-10-03T17:00;1.4;4.1;304.0;23.7;0.0;;0.0;100.0;100.0;100.0;45.03;4.84;116.0;2026-10-02T19:15:00+02:00;2026-10-02T19:42:49+02:00;6414c3ee679f
2026-10-03;roche_de_glun;AROMEHD;2026-10-03T18:00;2.8;6.2;282.0;23.2;0.0;;1.0;100.0;100.0;100.0;45.03;4.84;116.0;2026-10-02T19:15:00+02:00;2026-10-02T19:42:49+02:00;6414c3ee679f
2026-10-03;roche_de_glun;AROMEHD;2026-10-03T19:00;3.5;7.4;261.0;22.3;0.0;;0.0;14.0;100.0;100.0;45.03;4.84;116.0;2026-10-02T19:15:00+02:00;2026-10-02T19:42:49+02:00;6414c3ee679f
2026-10-03;roche_de_glun;AROMEHD;2026-10-03T20:00;2.8;7.6;282.0;20.8;0.0;;0.0;100.0;97.0;100.0;45.03;4.84;116.0;2026-10-02T19:15:00+02:00;2026-10-02T19:42:49+02:00;6414c3ee679f
2026-10-03;roche_de_glun;AROMEHD;2026-10-03T21:00;0.2;5.6;90.0;20.0;0.0;;0.0;100.0;77.0;100.0;45.03;4.84;116.0;2026-10-02T19:15:00+02:00;2026-10-02T19:42:49+02:00;6414c3ee679f
2026-10-03;roche_de_glun;AROMEHD;2026-10-03T22:00;1.1;0.8;211.0;18.8;0.0;;0.0;27.0;0.0;27.0;45.03;4.84;116.0;2026-10-02T19:15:00+02:00;2026-10-02T19:42:49+02:00;6414c3ee679f
2026-10-03;roche_de_glun;AROMEHD;2026-10-03T23:00;0.3;1.6;225.0;17.7;0.0;;0.0;41.0;0.0;41.0;45.03;4.84;116.0;2026-10-02T19:15:00+02:00;2026-10-02T19:42:49+02:00;6414c3ee679f
2026-10-03;roche_de_glun;AROMEHD;2026-10-04T00:00;0.8;1.0;225.0;16.8;0.0;;0.0;88.0;0.0;88.0;45.03;4.84;116.0;2026-10-02T19:15:00+02:00;2026-10-02T19:42:49+02:00;6414c3ee679f
2026-10-03;roche_de_glun;ICONCH1;2026-10-03T01:00;1.6;3.9;45.0;16.6;0.0;71.0;0.0;37.0;46.0;71.0;45.020344;4.8496704;118.0;2026-10-02T19:15:00+02:00;2026-10-02T19:42:49+02:00;6414c3ee679f
2026-10-03;roche_de_glun;ICONCH1;2026-10-03T02:00;1.4;2.7;90.0;16.2;0.0;100.0;23.0;88.0;100.0;100.0;45.020344;4.8496704;118.0;2026-10-02T19:15:00+02:00;2026-10-02T19:42:49+02:00;6414c3ee679f
2026-10-03;roche_de_glun;ICONCH1;2026-10-03T03:00;1.0;2.5;11.0;16.2;0.0;100.0;17.0;100.0;100.0;100.0;45.020344;4.8496704;118.0;2026-10-02T19:15:00+02:00;2026-10-02T19:42:49+02:00;6414c3ee679f
2026-10-03;roche_de_glun;ICONCH1;2026-10-03T04:00;1.4;4.3;56.0;16.0;0.0;100.0;9.0;60.0;100.0;100.0;45.020344;4.8496704;118.0;2026-10-02T19:15:00+02:00;2026-10-02T19:42:49+02:00;6414c3ee679f
2026-10-03;roche_de_glun;ICONCH1;2026-10-03T05:00;1.4;2.3;56.0;16.0;0.0;100.0;0.0;84.0;100.0;100.0;45.020344;4.8496704;118.0;2026-10-02T19:15:00+02:00;2026-10-02T19:42:49+02:00;6414c3ee679f
2026-10-03;roche_de_glun;ICONCH1;2026-10-03T06:00;1.4;2.5;45.0;15.8;0.0;100.0;0.0;92.0;100.0;100.0;45.020344;4.8496704;118.0;2026-10-02T19:15:00+02:00;2026-10-02T19:42:49+02:00;6414c3ee679f
2026-10-03;roche_de_glun;ICONCH1;2026-10-03T07:00;1.2;2.1;39.0;15.8;0.0;100.0;0.0;89.0;100.0;100.0;45.020344;4.8496704;118.0;2026-10-02T19:15:00+02:00;2026-10-02T19:42:49+02:00;6414c3ee679f
2026-10-03;roche_de_glun;ICONCH1;2026-10-03T08:00;1.2;2.5;39.0;15.9;0.0;100.0;0.0;91.0;100.0;100.0;45.020344;4.8496704;118.0;2026-10-02T19:15:00+02:00;2026-10-02T19:42:49+02:00;6414c3ee679f
2026-10-03;roche_de_glun;ICONCH1;2026-10-03T09:00;0.9;2.1;63.0;16.5;0.0;100.0;0.0;100.0;100.0;100.0;45.020344;4.8496704;118.0;2026-10-02T19:15:00+02:00;2026-10-02T19:42:49+02:00;6414c3ee679f
2026-10-03;roche_de_glun;ICONCH1;2026-10-03T10:00;0.4;1.4;207.0;17.3;0.0;100.0;0.0;100.0;100.0;100.0;45.020344;4.8496704;118.0;2026-10-02T19:15:00+02:00;2026-10-02T19:42:49+02:00;6414c3ee679f
2026-10-03;roche_de_glun;ICONCH1;2026-10-03T11:00;1.4;2.5;172.0;18.5;0.0;100.0;4.0;86.0;100.0;100.0;45.020344;4.8496704;118.0;2026-10-02T19:15:00+02:00;2026-10-02T19:42:49+02:00;6414c3ee679f
2026-10-03;roche_de_glun;ICONCH1;2026-10-03T12:00;1.4;2.9;172.0;20.0;0.0;100.0;0.0;97.0;100.0;100.0;45.020344;4.8496704;118.0;2026-10-02T19:15:00+02:00;2026-10-02T19:42:49+02:00;6414c3ee679f
2026-10-03;roche_de_glun;ICONCH1;2026-10-03T13:00;2.9;5.1;160.0;21.0;0.0;100.0;0.0;100.0;100.0;100.0;45.020344;4.8496704;118.0;2026-10-02T19:15:00+02:00;2026-10-02T19:42:49+02:00;6414c3ee679f
2026-10-03;roche_de_glun;ICONCH1;2026-10-03T14:00;3.8;6.4;165.0;21.4;0.0;100.0;2.0;100.0;100.0;100.0;45.020344;4.8496704;118.0;2026-10-02T19:15:00+02:00;2026-10-02T19:42:49+02:00;6414c3ee679f
2026-10-03;roche_de_glun;ICONCH1;2026-10-03T15:00;4.4;7.2;135.0;20.9;0.4;100.0;0.0;100.0;100.0;100.0;45.020344;4.8496704;118.0;2026-10-02T19:15:00+02:00;2026-10-02T19:42:49+02:00;6414c3ee679f
2026-10-03;roche_de_glun;ICONCH1;2026-10-03T16:00;3.4;7.4;137.0;20.2;0.4;100.0;0.0;100.0;100.0;100.0;45.020344;4.8496704;118.0;2026-10-02T19:15:00+02:00;2026-10-02T19:42:49+02:00;6414c3ee679f
2026-10-03;roche_de_glun;ICONCH1;2026-10-03T17:00;2.5;5.8;157.0;20.1;0.2;100.0;0.0;100.0;100.0;100.0;45.020344;4.8496704;118.0;2026-10-02T19:15:00+02:00;2026-10-02T19:42:49+02:00;6414c3ee679f
2026-10-03;roche_de_glun;ICONCH1;2026-10-03T18:00;1.4;4.3;135.0;19.7;0.3;100.0;0.0;99.0;100.0;100.0;45.020344;4.8496704;118.0;2026-10-02T19:15:00+02:00;2026-10-02T19:42:49+02:00;6414c3ee679f
2026-10-03;roche_de_glun;ICONCH1;2026-10-03T19:00;1.2;2.5;141.0;19.1;0.4;100.0;0.0;100.0;91.0;100.0;45.020344;4.8496704;118.0;2026-10-02T19:15:00+02:00;2026-10-02T19:42:49+02:00;6414c3ee679f
2026-10-03;roche_de_glun;ICONCH1;2026-10-03T20:00;1.6;2.3;210.0;18.6;0.1;98.0;0.0;98.0;6.0;98.0;45.020344;4.8496704;118.0;2026-10-02T19:15:00+02:00;2026-10-02T19:42:49+02:00;6414c3ee679f
2026-10-03;roche_de_glun;ICONCH1;2026-10-03T21:00;0.4;2.3;207.0;18.3;0.3;99.0;0.0;99.0;0.0;99.0;45.020344;4.8496704;118.0;2026-10-02T19:15:00+02:00;2026-10-02T19:42:49+02:00;6414c3ee679f
2026-10-03;roche_de_glun;ICONCH1;2026-10-03T22:00;1.0;1.6;349.0;17.9;0.0;100.0;0.0;100.0;29.0;100.0;45.020344;4.8496704;118.0;2026-10-02T19:15:00+02:00;2026-10-02T19:42:49+02:00;6414c3ee679f
2026-10-03;roche_de_glun;ICONCH1;2026-10-03T23:00;0.8;1.9;14.0;17.5;0.0;100.0;8.0;100.0;19.0;100.0;45.020344;4.8496704;118.0;2026-10-02T19:15:00+02:00;2026-10-02T19:42:49+02:00;6414c3ee679f
2026-10-03;roche_de_glun;ICONCH1;2026-10-04T00:00;0.4;1.4;360.0;17.3;0.0;100.0;14.0;99.0;8.0;100.0;45.020344;4.8496704;118.0;2026-10-02T19:15:00+02:00;2026-10-02T19:42:49+02:00;6414c3ee679f
2026-10-03;st_alban_du_rhone;AROMEHD;2026-10-03T01:00;1.7;1.7;243.0;15.2;0.0;;0.0;0.0;100.0;100.0;45.39;4.76;140.0;2026-10-02T19:15:00+02:00;2026-10-02T19:42:49+02:00;6414c3ee679f
2026-10-03;st_alban_du_rhone;AROMEHD;2026-10-03T02:00;0.4;1.7;333.0;15.1;0.0;;0.0;15.0;100.0;100.0;45.39;4.76;140.0;2026-10-02T19:15:00+02:00;2026-10-02T19:42:49+02:00;6414c3ee679f
2026-10-03;st_alban_du_rhone;AROMEHD;2026-10-03T03:00;0.8;1.0;256.0;15.2;0.0;;0.0;0.0;100.0;100.0;45.39;4.76;140.0;2026-10-02T19:15:00+02:00;2026-10-02T19:42:49+02:00;6414c3ee679f
2026-10-03;st_alban_du_rhone;AROMEHD;2026-10-03T04:00;1.3;1.4;153.0;14.7;0.0;;0.0;79.0;100.0;100.0;45.39;4.76;140.0;2026-10-02T19:15:00+02:00;2026-10-02T19:42:49+02:00;6414c3ee679f
2026-10-03;st_alban_du_rhone;AROMEHD;2026-10-03T05:00;0.6;1.0;342.0;15.0;0.0;;0.0;100.0;100.0;100.0;45.39;4.76;140.0;2026-10-02T19:15:00+02:00;2026-10-02T19:42:49+02:00;6414c3ee679f
2026-10-03;st_alban_du_rhone;AROMEHD;2026-10-03T06:00;0.4;0.8;333.0;15.1;0.0;;0.0;100.0;100.0;100.0;45.39;4.76;140.0;2026-10-02T19:15:00+02:00;2026-10-02T19:42:49+02:00;6414c3ee679f
2026-10-03;st_alban_du_rhone;AROMEHD;2026-10-03T07:00;2.1;2.5;304.0;15.5;0.0;;3.0;77.0;100.0;100.0;45.39;4.76;140.0;2026-10-02T19:15:00+02:00;2026-10-02T19:42:49+02:00;6414c3ee679f
2026-10-03;st_alban_du_rhone;AROMEHD;2026-10-03T08:00;1.8;2.7;342.0;15.6;0.0;;0.0;32.0;100.0;100.0;45.39;4.76;140.0;2026-10-02T19:15:00+02:00;2026-10-02T19:42:49+02:00;6414c3ee679f
2026-10-03;st_alban_du_rhone;AROMEHD;2026-10-03T09:00;1.8;2.5;6.0;16.4;0.0;;0.0;55.0;100.0;100.0;45.39;4.76;140.0;2026-10-02T19:15:00+02:00;2026-10-02T19:42:49+02:00;6414c3ee679f
2026-10-03;st_alban_du_rhone;AROMEHD;2026-10-03T10:00;1.6;3.9;353.0;18.2;0.0;;0.0;100.0;100.0;100.0;45.39;4.76;140.0;2026-10-02T19:15:00+02:00;2026-10-02T19:42:49+02:00;6414c3ee679f
2026-10-03;st_alban_du_rhone;AROMEHD;2026-10-03T11:00;2.2;5.4;345.0;19.9;0.0;;1.0;49.0;100.0;100.0;45.39;4.76;140.0;2026-10-02T19:15:00+02:00;2026-10-02T19:42:49+02:00;6414c3ee679f
2026-10-03;st_alban_du_rhone;AROMEHD;2026-10-03T12:00;2.3;6.8;355.0;21.1;0.0;;0.0;100.0;100.0;100.0;45.39;4.76;140.0;2026-10-02T19:15:00+02:00;2026-10-02T19:42:49+02:00;6414c3ee679f
2026-10-03;st_alban_du_rhone;AROMEHD;2026-10-03T13:00;3.6;8.2;13.0;21.8;0.0;;0.0;38.0;100.0;100.0;45.39;4.76;140.0;2026-10-02T19:15:00+02:00;2026-10-02T19:42:49+02:00;6414c3ee679f
2026-10-03;st_alban_du_rhone;AROMEHD;2026-10-03T14:00;2.6;8.2;343.0;22.1;0.0;;0.0;100.0;100.0;100.0;45.39;4.76;140.0;2026-10-02T19:15:00+02:00;2026-10-02T19:42:49+02:00;6414c3ee679f
2026-10-03;st_alban_du_rhone;AROMEHD;2026-10-03T15:00;2.5;7.2;321.0;22.4;0.0;;0.0;100.0;100.0;100.0;45.39;4.76;140.0;2026-10-02T19:15:00+02:00;2026-10-02T19:42:49+02:00;6414c3ee679f
2026-10-03;st_alban_du_rhone;AROMEHD;2026-10-03T16:00;2.5;6.0;328.0;22.5;0.0;;0.0;100.0;100.0;100.0;45.39;4.76;140.0;2026-10-02T19:15:00+02:00;2026-10-02T19:42:49+02:00;6414c3ee679f
2026-10-03;st_alban_du_rhone;AROMEHD;2026-10-03T17:00;2.3;5.6;329.0;22.7;0.0;;0.0;100.0;100.0;100.0;45.39;4.76;140.0;2026-10-02T19:15:00+02:00;2026-10-02T19:42:49+02:00;6414c3ee679f
2026-10-03;st_alban_du_rhone;AROMEHD;2026-10-03T18:00;1.7;5.1;291.0;22.5;0.0;;0.0;100.0;100.0;100.0;45.39;4.76;140.0;2026-10-02T19:15:00+02:00;2026-10-02T19:42:49+02:00;6414c3ee679f
2026-10-03;st_alban_du_rhone;AROMEHD;2026-10-03T19:00;1.7;3.3;291.0;21.8;0.0;;0.0;100.0;100.0;100.0;45.39;4.76;140.0;2026-10-02T19:15:00+02:00;2026-10-02T19:42:49+02:00;6414c3ee679f
2026-10-03;st_alban_du_rhone;AROMEHD;2026-10-03T20:00;2.6;4.1;287.0;20.6;0.0;;0.0;4.0;100.0;100.0;45.39;4.76;140.0;2026-10-02T19:15:00+02:00;2026-10-02T19:42:49+02:00;6414c3ee679f
2026-10-03;st_alban_du_rhone;AROMEHD;2026-10-03T21:00;0.6;3.1;252.0;19.5;0.0;;0.0;100.0;100.0;100.0;45.39;4.76;140.0;2026-10-02T19:15:00+02:00;2026-10-02T19:42:49+02:00;6414c3ee679f
2026-10-03;st_alban_du_rhone;AROMEHD;2026-10-03T22:00;1.2;1.6;321.0;18.9;0.0;;0.0;100.0;100.0;100.0;45.39;4.76;140.0;2026-10-02T19:15:00+02:00;2026-10-02T19:42:49+02:00;6414c3ee679f
2026-10-03;st_alban_du_rhone;AROMEHD;2026-10-03T23:00;1.8;2.1;311.0;18.2;0.0;;0.0;100.0;99.0;100.0;45.39;4.76;140.0;2026-10-02T19:15:00+02:00;2026-10-02T19:42:49+02:00;6414c3ee679f
2026-10-03;st_alban_du_rhone;AROMEHD;2026-10-04T00:00;0.3;2.1;225.0;17.4;0.0;;0.0;99.0;1.0;99.0;45.39;4.76;140.0;2026-10-02T19:15:00+02:00;2026-10-02T19:42:49+02:00;6414c3ee679f
2026-10-03;st_alban_du_rhone;ICONCH1;2026-10-03T01:00;1.5;3.3;320.0;16.2;0.0;100.0;0.0;0.0;100.0;100.0;45.386887;4.758301;141.0;2026-10-02T19:15:00+02:00;2026-10-02T19:42:49+02:00;6414c3ee679f
2026-10-03;st_alban_du_rhone;ICONCH1;2026-10-03T02:00;1.0;2.3;281.0;16.2;0.0;100.0;0.0;19.0;100.0;100.0;45.386887;4.758301;141.0;2026-10-02T19:15:00+02:00;2026-10-02T19:42:49+02:00;6414c3ee679f
2026-10-03;st_alban_du_rhone;ICONCH1;2026-10-03T03:00;1.3;1.9;333.0;16.2;0.0;100.0;0.0;49.0;100.0;100.0;45.386887;4.758301;141.0;2026-10-02T19:15:00+02:00;2026-10-02T19:42:49+02:00;6414c3ee679f
2026-10-03;st_alban_du_rhone;ICONCH1;2026-10-03T04:00;0.5;1.9;135.0;15.7;0.0;100.0;0.0;53.0;100.0;100.0;45.386887;4.758301;141.0;2026-10-02T19:15:00+02:00;2026-10-02T19:42:49+02:00;6414c3ee679f
2026-10-03;st_alban_du_rhone;ICONCH1;2026-10-03T05:00;2.5;3.7;315.0;15.6;0.0;99.0;0.0;69.0;97.0;99.0;45.386887;4.758301;141.0;2026-10-02T19:15:00+02:00;2026-10-02T19:42:49+02:00;6414c3ee679f
2026-10-03;st_alban_du_rhone;ICONCH1;2026-10-03T06:00;0.6;3.7;270.0;15.6;0.0;100.0;3.0;73.0;100.0;100.0;45.386887;4.758301;141.0;2026-10-02T19:15:00+02:00;2026-10-02T19:42:49+02:00;6414c3ee679f
2026-10-03;st_alban_du_rhone;ICONCH1;2026-10-03T07:00;0.9;2.3;333.0;15.6;0.0;100.0;0.0;97.0;100.0;100.0;45.386887;4.758301;141.0;2026-10-02T19:15:00+02:00;2026-10-02T19:42:49+02:00;6414c3ee679f
2026-10-03;st_alban_du_rhone;ICONCH1;2026-10-03T08:00;1.2;1.7;360.0;15.8;0.0;100.0;0.0;97.0;100.0;100.0;45.386887;4.758301;141.0;2026-10-02T19:15:00+02:00;2026-10-02T19:42:49+02:00;6414c3ee679f
2026-10-03;st_alban_du_rhone;ICONCH1;2026-10-03T09:00;1.5;2.5;293.0;16.0;0.0;100.0;0.0;98.0;100.0;100.0;45.386887;4.758301;141.0;2026-10-02T19:15:00+02:00;2026-10-02T19:42:49+02:00;6414c3ee679f
2026-10-03;st_alban_du_rhone;ICONCH1;2026-10-03T10:00;1.2;2.9;9.0;16.8;0.0;100.0;0.0;98.0;100.0;100.0;45.386887;4.758301;141.0;2026-10-02T19:15:00+02:00;2026-10-02T19:42:49+02:00;6414c3ee679f
2026-10-03;st_alban_du_rhone;ICONCH1;2026-10-03T11:00;1.3;2.7;27.0;18.2;0.0;100.0;0.0;96.0;100.0;100.0;45.386887;4.758301;141.0;2026-10-02T19:15:00+02:00;2026-10-02T19:42:49+02:00;6414c3ee679f
2026-10-03;st_alban_du_rhone;ICONCH1;2026-10-03T12:00;0.4;2.5;90.0;19.7;0.0;100.0;0.0;96.0;100.0;100.0;45.386887;4.758301;141.0;2026-10-02T19:15:00+02:00;2026-10-02T19:42:49+02:00;6414c3ee679f
2026-10-03;st_alban_du_rhone;ICONCH1;2026-10-03T13:00;1.4;3.3;135.0;21.4;0.0;100.0;0.0;94.0;100.0;100.0;45.386887;4.758301;141.0;2026-10-02T19:15:00+02:00;2026-10-02T19:42:49+02:00;6414c3ee679f
2026-10-03;st_alban_du_rhone;ICONCH1;2026-10-03T14:00;4.2;7.0;152.0;22.3;0.0;100.0;0.0;100.0;100.0;100.0;45.386887;4.758301;141.0;2026-10-02T19:15:00+02:00;2026-10-02T19:42:49+02:00;6414c3ee679f
2026-10-03;st_alban_du_rhone;ICONCH1;2026-10-03T15:00;8.4;13.6;180.0;22.8;0.0;100.0;0.0;100.0;100.0;100.0;45.386887;4.758301;141.0;2026-10-02T19:15:00+02:00;2026-10-02T19:42:49+02:00;6414c3ee679f
2026-10-03;st_alban_du_rhone;ICONCH1;2026-10-03T16:00;6.7;14.6;170.0;21.2;0.4;100.0;0.0;100.0;100.0;100.0;45.386887;4.758301;141.0;2026-10-02T19:15:00+02:00;2026-10-02T19:42:49+02:00;6414c3ee679f
2026-10-03;st_alban_du_rhone;ICONCH1;2026-10-03T17:00;6.5;11.5;157.0;20.2;0.6;100.0;0.0;100.0;100.0;100.0;45.386887;4.758301;141.0;2026-10-02T19:15:00+02:00;2026-10-02T19:42:49+02:00;6414c3ee679f
2026-10-03;st_alban_du_rhone;ICONCH1;2026-10-03T18:00;5.2;10.5;153.0;19.9;0.5;100.0;0.0;100.0;100.0;100.0;45.386887;4.758301;141.0;2026-10-02T19:15:00+02:00;2026-10-02T19:42:49+02:00;6414c3ee679f
2026-10-03;st_alban_du_rhone;ICONCH1;2026-10-03T19:00;4.4;8.2;157.0;19.2;0.5;100.0;0.0;100.0;100.0;100.0;45.386887;4.758301;141.0;2026-10-02T19:15:00+02:00;2026-10-02T19:42:49+02:00;6414c3ee679f
2026-10-03;st_alban_du_rhone;ICONCH1;2026-10-03T20:00;2.7;7.2;172.0;18.7;0.4;100.0;2.0;100.0;72.0;100.0;45.386887;4.758301;141.0;2026-10-02T19:15:00+02:00;2026-10-02T19:42:49+02:00;6414c3ee679f
2026-10-03;st_alban_du_rhone;ICONCH1;2026-10-03T21:00;2.1;4.3;175.0;18.3;0.3;100.0;0.0;100.0;0.0;100.0;45.386887;4.758301;141.0;2026-10-02T19:15:00+02:00;2026-10-02T19:42:49+02:00;6414c3ee679f
2026-10-03;st_alban_du_rhone;ICONCH1;2026-10-03T22:00;1.4;3.1;188.0;18.1;0.0;100.0;0.0;100.0;3.0;100.0;45.386887;4.758301;141.0;2026-10-02T19:15:00+02:00;2026-10-02T19:42:49+02:00;6414c3ee679f
2026-10-03;st_alban_du_rhone;ICONCH1;2026-10-03T23:00;0.4;2.3;360.0;18.0;0.0;100.0;2.0;100.0;14.0;100.0;45.386887;4.758301;141.0;2026-10-02T19:15:00+02:00;2026-10-02T19:42:49+02:00;6414c3ee679f
2026-10-03;st_alban_du_rhone;ICONCH1;2026-10-04T00:00;0.6;1.2;270.0;17.9;0.0;100.0;4.0;100.0;12.0;100.0;45.386887;4.758301;141.0;2026-10-02T19:15:00+02:00;2026-10-02T19:42:49+02:00;6414c3ee679f
2026-10-03;st_cyr_sur_le_rhone;AROMEHD;2026-10-03T01:00;1.1;1.9;329.0;15.5;0.0;;0.0;0.0;100.0;100.0;45.510002;4.8500004;190.0;2026-10-02T19:15:00+02:00;2026-10-02T19:42:49+02:00;6414c3ee679f
2026-10-03;st_cyr_sur_le_rhone;AROMEHD;2026-10-03T02:00;0.4;1.7;63.0;15.2;0.0;;0.0;0.0;100.0;100.0;45.510002;4.8500004;190.0;2026-10-02T19:15:00+02:00;2026-10-02T19:42:49+02:00;6414c3ee679f
2026-10-03;st_cyr_sur_le_rhone;AROMEHD;2026-10-03T03:00;1.0;1.2;37.0;15.1;0.0;;0.0;9.0;100.0;100.0;45.510002;4.8500004;190.0;2026-10-02T19:15:00+02:00;2026-10-02T19:42:49+02:00;6414c3ee679f
2026-10-03;st_cyr_sur_le_rhone;AROMEHD;2026-10-03T04:00;1.1;1.7;31.0;14.8;0.0;;0.0;9.0;99.0;99.0;45.510002;4.8500004;190.0;2026-10-02T19:15:00+02:00;2026-10-02T19:42:49+02:00;6414c3ee679f
2026-10-03;st_cyr_sur_le_rhone;AROMEHD;2026-10-03T05:00;2.0;2.9;29.0;14.9;0.0;;0.0;100.0;100.0;100.0;45.510002;4.8500004;190.0;2026-10-02T19:15:00+02:00;2026-10-02T19:42:49+02:00;6414c3ee679f
2026-10-03;st_cyr_sur_le_rhone;AROMEHD;2026-10-03T06:00;2.9;4.7;20.0;15.1;0.0;;0.0;93.0;100.0;100.0;45.510002;4.8500004;190.0;2026-10-02T19:15:00+02:00;2026-10-02T19:42:49+02:00;6414c3ee679f
2026-10-03;st_cyr_sur_le_rhone;AROMEHD;2026-10-03T07:00;2.5;4.7;32.0;15.2;0.0;;9.0;100.0;100.0;100.0;45.510002;4.8500004;190.0;2026-10-02T19:15:00+02:00;2026-10-02T19:42:49+02:00;6414c3ee679f
2026-10-03;st_cyr_sur_le_rhone;AROMEHD;2026-10-03T08:00;1.9;4.3;53.0;15.5;0.0;;2.0;93.0;100.0;100.0;45.510002;4.8500004;190.0;2026-10-02T19:15:00+02:00;2026-10-02T19:42:49+02:00;6414c3ee679f
2026-10-03;st_cyr_sur_le_rhone;AROMEHD;2026-10-03T09:00;1.8;3.9;49.0;16.5;0.0;;0.0;23.0;100.0;100.0;45.510002;4.8500004;190.0;2026-10-02T19:15:00+02:00;2026-10-02T19:42:49+02:00;6414c3ee679f
2026-10-03;st_cyr_sur_le_rhone;AROMEHD;2026-10-03T10:00;3.1;6.8;35.0;18.1;0.0;;0.0;21.0;100.0;100.0;45.510002;4.8500004;190.0;2026-10-02T19:15:00+02:00;2026-10-02T19:42:49+02:00;6414c3ee679f
2026-10-03;st_cyr_sur_le_rhone;AROMEHD;2026-10-03T11:00;3.1;7.6;22.0;19.2;0.0;;1.0;70.0;100.0;100.0;45.510002;4.8500004;190.0;2026-10-02T19:15:00+02:00;2026-10-02T19:42:49+02:00;6414c3ee679f
2026-10-03;st_cyr_sur_le_rhone;AROMEHD;2026-10-03T12:00;2.8;8.7;12.0;20.2;0.0;;0.0;100.0;100.0;100.0;45.510002;4.8500004;190.0;2026-10-02T19:15:00+02:00;2026-10-02T19:42:49+02:00;6414c3ee679f
2026-10-03;st_cyr_sur_le_rhone;AROMEHD;2026-10-03T13:00;3.9;9.5;18.0;20.9;0.0;;0.0;100.0;100.0;100.0;45.510002;4.8500004;190.0;2026-10-02T19:15:00+02:00;2026-10-02T19:42:49+02:00;6414c3ee679f
2026-10-03;st_cyr_sur_le_rhone;AROMEHD;2026-10-03T14:00;2.6;9.5;13.0;21.9;0.0;;1.0;100.0;100.0;100.0;45.510002;4.8500004;190.0;2026-10-02T19:15:00+02:00;2026-10-02T19:42:49+02:00;6414c3ee679f
2026-10-03;st_cyr_sur_le_rhone;AROMEHD;2026-10-03T15:00;2.4;7.4;14.0;22.3;0.0;;0.0;100.0;100.0;100.0;45.510002;4.8500004;190.0;2026-10-02T19:15:00+02:00;2026-10-02T19:42:49+02:00;6414c3ee679f
2026-10-03;st_cyr_sur_le_rhone;AROMEHD;2026-10-03T16:00;2.1;6.6;5.0;22.5;0.0;;0.0;100.0;100.0;100.0;45.510002;4.8500004;190.0;2026-10-02T19:15:00+02:00;2026-10-02T19:42:49+02:00;6414c3ee679f
2026-10-03;st_cyr_sur_le_rhone;AROMEHD;2026-10-03T17:00;2.5;6.4;360.0;22.4;0.0;;0.0;100.0;100.0;100.0;45.510002;4.8500004;190.0;2026-10-02T19:15:00+02:00;2026-10-02T19:42:49+02:00;6414c3ee679f
2026-10-03;st_cyr_sur_le_rhone;AROMEHD;2026-10-03T18:00;2.3;6.4;355.0;22.1;0.0;;0.0;100.0;100.0;100.0;45.510002;4.8500004;190.0;2026-10-02T19:15:00+02:00;2026-10-02T19:42:49+02:00;6414c3ee679f
2026-10-03;st_cyr_sur_le_rhone;AROMEHD;2026-10-03T19:00;2.4;4.9;346.0;21.4;0.0;;0.0;100.0;100.0;100.0;45.510002;4.8500004;190.0;2026-10-02T19:15:00+02:00;2026-10-02T19:42:49+02:00;6414c3ee679f
2026-10-03;st_cyr_sur_le_rhone;AROMEHD;2026-10-03T20:00;2.0;4.5;354.0;20.3;0.0;;0.0;100.0;100.0;100.0;45.510002;4.8500004;190.0;2026-10-02T19:15:00+02:00;2026-10-02T19:42:49+02:00;6414c3ee679f
2026-10-03;st_cyr_sur_le_rhone;AROMEHD;2026-10-03T21:00;1.5;3.3;23.0;19.3;0.0;;0.0;29.0;100.0;100.0;45.510002;4.8500004;190.0;2026-10-02T19:15:00+02:00;2026-10-02T19:42:49+02:00;6414c3ee679f
2026-10-03;st_cyr_sur_le_rhone;AROMEHD;2026-10-03T22:00;1.4;2.1;16.0;18.3;0.0;;0.0;100.0;100.0;100.0;45.510002;4.8500004;190.0;2026-10-02T19:15:00+02:00;2026-10-02T19:42:49+02:00;6414c3ee679f
2026-10-03;st_cyr_sur_le_rhone;AROMEHD;2026-10-03T23:00;1.4;4.3;16.0;18.1;0.0;;0.0;100.0;100.0;100.0;45.510002;4.8500004;190.0;2026-10-02T19:15:00+02:00;2026-10-02T19:42:49+02:00;6414c3ee679f
2026-10-03;st_cyr_sur_le_rhone;AROMEHD;2026-10-04T00:00;1.6;2.1;30.0;17.8;0.0;;0.0;100.0;39.0;100.0;45.510002;4.8500004;190.0;2026-10-02T19:15:00+02:00;2026-10-02T19:42:49+02:00;6414c3ee679f
2026-10-03;st_cyr_sur_le_rhone;ICONCH1;2026-10-03T01:00;1.7;2.7;27.0;15.8;0.0;100.0;0.0;0.0;100.0;100.0;45.511913;4.860718;186.0;2026-10-02T19:15:00+02:00;2026-10-02T19:42:49+02:00;6414c3ee679f
2026-10-03;st_cyr_sur_le_rhone;ICONCH1;2026-10-03T02:00;2.4;3.7;35.0;15.5;0.0;100.0;0.0;35.0;100.0;100.0;45.511913;4.860718;186.0;2026-10-02T19:15:00+02:00;2026-10-02T19:42:49+02:00;6414c3ee679f
2026-10-03;st_cyr_sur_le_rhone;ICONCH1;2026-10-03T03:00;0.8;3.7;45.0;15.1;0.0;100.0;0.0;35.0;100.0;100.0;45.511913;4.860718;186.0;2026-10-02T19:15:00+02:00;2026-10-02T19:42:49+02:00;6414c3ee679f
2026-10-03;st_cyr_sur_le_rhone;ICONCH1;2026-10-03T04:00;1.7;3.5;27.0;15.0;0.0;100.0;0.0;88.0;100.0;100.0;45.511913;4.860718;186.0;2026-10-02T19:15:00+02:00;2026-10-02T19:42:49+02:00;6414c3ee679f
2026-10-03;st_cyr_sur_le_rhone;ICONCH1;2026-10-03T05:00;2.1;3.7;49.0;14.9;0.0;100.0;0.0;92.0;93.0;100.0;45.511913;4.860718;186.0;2026-10-02T19:15:00+02:00;2026-10-02T19:42:49+02:00;6414c3ee679f
2026-10-03;st_cyr_sur_le_rhone;ICONCH1;2026-10-03T06:00;1.9;3.3;37.0;14.9;0.0;100.0;0.0;87.0;100.0;100.0;45.511913;4.860718;186.0;2026-10-02T19:15:00+02:00;2026-10-02T19:42:49+02:00;6414c3ee679f
2026-10-03;st_cyr_sur_le_rhone;ICONCH1;2026-10-03T07:00;1.8;3.5;49.0;15.0;0.0;100.0;0.0;100.0;100.0;100.0;45.511913;4.860718;186.0;2026-10-02T19:15:00+02:00;2026-10-02T19:42:49+02:00;6414c3ee679f
2026-10-03;st_cyr_sur_le_rhone;ICONCH1;2026-10-03T08:00;2.5;3.9;39.0;15.1;0.0;100.0;0.0;98.0;100.0;100.0;45.511913;4.860718;186.0;2026-10-02T19:15:00+02:00;2026-10-02T19:42:49+02:00;6414c3ee679f
2026-10-03;st_cyr_sur_le_rhone;ICONCH1;2026-10-03T09:00;2.5;4.3;23.0;15.6;0.0;100.0;0.0;95.0;100.0;100.0;45.511913;4.860718;186.0;2026-10-02T19:15:00+02:00;2026-10-02T19:42:49+02:00;6414c3ee679f
2026-10-03;st_cyr_sur_le_rhone;ICONCH1;2026-10-03T10:00;2.9;4.7;28.0;16.4;0.0;100.0;0.0;99.0;100.0;100.0;45.511913;4.860718;186.0;2026-10-02T19:15:00+02:00;2026-10-02T19:42:49+02:00;6414c3ee679f
2026-10-03;st_cyr_sur_le_rhone;ICONCH1;2026-10-03T11:00;2.1;4.9;34.0;17.8;0.0;100.0;0.0;98.0;83.0;100.0;45.511913;4.860718;186.0;2026-10-02T19:15:00+02:00;2026-10-02T19:42:49+02:00;6414c3ee679f
2026-10-03;st_cyr_sur_le_rhone;ICONCH1;2026-10-03T12:00;1.1;3.5;45.0;19.4;0.0;100.0;0.0;95.0;100.0;100.0;45.511913;4.860718;186.0;2026-10-02T19:15:00+02:00;2026-10-02T19:42:49+02:00;6414c3ee679f
2026-10-03;st_cyr_sur_le_rhone;ICONCH1;2026-10-03T13:00;1.2;3.1;51.0;20.8;0.0;100.0;0.0;96.0;100.0;100.0;45.511913;4.860718;186.0;2026-10-02T19:15:00+02:00;2026-10-02T19:42:49+02:00;6414c3ee679f
2026-10-03;st_cyr_sur_le_rhone;ICONCH1;2026-10-03T14:00;0.8;3.1;90.0;21.8;0.0;100.0;0.0;100.0;100.0;100.0;45.511913;4.860718;186.0;2026-10-02T19:15:00+02:00;2026-10-02T19:42:49+02:00;6414c3ee679f
2026-10-03;st_cyr_sur_le_rhone;ICONCH1;2026-10-03T15:00;7.1;11.5;188.0;22.7;0.0;100.0;0.0;100.0;100.0;100.0;45.511913;4.860718;186.0;2026-10-02T19:15:00+02:00;2026-10-02T19:42:49+02:00;6414c3ee679f
2026-10-03;st_cyr_sur_le_rhone;ICONCH1;2026-10-03T16:00;9.9;16.9;202.0;21.5;0.0;100.0;0.0;100.0;100.0;100.0;45.511913;4.860718;186.0;2026-10-02T19:15:00+02:00;2026-10-02T19:42:49+02:00;6414c3ee679f
2026-10-03;st_cyr_sur_le_rhone;ICONCH1;2026-10-03T17:00;6.6;16.3;180.0;20.0;0.4;100.0;0.0;100.0;66.0;100.0;45.511913;4.860718;186.0;2026-10-02T19:15:00+02:00;2026-10-02T19:42:49+02:00;6414c3ee679f
2026-10-03;st_cyr_sur_le_rhone;ICONCH1;2026-10-03T18:00;4.9;11.7;185.0;19.2;0.5;100.0;0.0;100.0;100.0;100.0;45.511913;4.860718;186.0;2026-10-02T19:15:00+02:00;2026-10-02T19:42:49+02:00;6414c3ee679f
2026-10-03;st_cyr_sur_le_rhone;ICONCH1;2026-10-03T19:00;3.1;8.2;184.0;18.9;0.2;100.0;0.0;100.0;99.0;100.0;45.511913;4.860718;186.0;2026-10-02T19:15:00+02:00;2026-10-02T19:42:49+02:00;6414c3ee679f
2026-10-03;st_cyr_sur_le_rhone;ICONCH1;2026-10-03T20:00;2.5;5.6;231.0;18.3;0.3;100.0;0.0;100.0;6.0;100.0;45.511913;4.860718;186.0;2026-10-02T19:15:00+02:00;2026-10-02T19:42:49+02:00;6414c3ee679f
2026-10-03;st_cyr_sur_le_rhone;ICONCH1;2026-10-03T21:00;1.4;5.1;254.0;17.7;0.2;100.0;7.0;100.0;0.0;100.0;45.511913;4.860718;186.0;2026-10-02T19:15:00+02:00;2026-10-02T19:42:49+02:00;6414c3ee679f
2026-10-03;st_cyr_sur_le_rhone;ICONCH1;2026-10-03T22:00;1.4;3.1;225.0;17.4;0.1;99.0;8.0;97.0;77.0;99.0;45.511913;4.860718;186.0;2026-10-02T19:15:00+02:00;2026-10-02T19:42:49+02:00;6414c3ee679f
2026-10-03;st_cyr_sur_le_rhone;ICONCH1;2026-10-03T23:00;2.1;3.7;214.0;17.2;0.0;98.0;0.0;98.0;5.0;98.0;45.511913;4.860718;186.0;2026-10-02T19:15:00+02:00;2026-10-02T19:42:49+02:00;6414c3ee679f
2026-10-03;st_cyr_sur_le_rhone;ICONCH1;2026-10-04T00:00;3.1;4.9;215.0;17.0;0.0;100.0;9.0;100.0;14.0;100.0;45.511913;4.860718;186.0;2026-10-02T19:15:00+02:00;2026-10-02T19:42:49+02:00;6414c3ee679f
2026-10-03;st_romain_des_iles;AROMEHD;2026-10-03T01:00;2.3;2.5;156.0;12.6;0.0;;1.0;0.0;100.0;100.0;46.18;4.779999;169.0;2026-10-02T19:15:00+02:00;2026-10-02T19:42:49+02:00;6414c3ee679f
2026-10-03;st_romain_des_iles;AROMEHD;2026-10-03T02:00;0.4;2.7;243.0;12.6;0.0;;1.0;0.0;100.0;100.0;46.18;4.779999;169.0;2026-10-02T19:15:00+02:00;2026-10-02T19:42:49+02:00;6414c3ee679f
2026-10-03;st_romain_des_iles;AROMEHD;2026-10-03T03:00;1.0;0.4;90.0;12.1;0.0;;1.0;0.0;100.0;100.0;46.18;4.779999;169.0;2026-10-02T19:15:00+02:00;2026-10-02T19:42:49+02:00;6414c3ee679f
2026-10-03;st_romain_des_iles;AROMEHD;2026-10-03T04:00;0.9;0.6;27.0;11.6;0.0;;3.0;0.0;100.0;100.0;46.18;4.779999;169.0;2026-10-02T19:15:00+02:00;2026-10-02T19:42:49+02:00;6414c3ee679f
2026-10-03;st_romain_des_iles;AROMEHD;2026-10-03T05:00;0.6;0.8;72.0;11.2;0.0;;8.0;0.0;100.0;100.0;46.18;4.779999;169.0;2026-10-02T19:15:00+02:00;2026-10-02T19:42:49+02:00;6414c3ee679f
2026-10-03;st_romain_des_iles;AROMEHD;2026-10-03T06:00;0.8;1.4;104.0;10.9;0.0;;12.0;38.0;100.0;100.0;46.18;4.779999;169.0;2026-10-02T19:15:00+02:00;2026-10-02T19:42:49+02:00;6414c3ee679f
2026-10-03;st_romain_des_iles;AROMEHD;2026-10-03T07:00;0.4;1.0;27.0;10.8;0.0;;23.0;9.0;100.0;100.0;46.18;4.779999;169.0;2026-10-02T19:15:00+02:00;2026-10-02T19:42:49+02:00;6414c3ee679f
2026-10-03;st_romain_des_iles;AROMEHD;2026-10-03T08:00;0.5;0.8;135.0;10.9;0.0;;27.0;14.0;100.0;100.0;46.18;4.779999;169.0;2026-10-02T19:15:00+02:00;2026-10-02T19:42:49+02:00;6414c3ee679f
2026-10-03;st_romain_des_iles;AROMEHD;2026-10-03T09:00;0.5;0.6;225.0;11.9;0.0;;16.0;51.0;100.0;100.0;46.18;4.779999;169.0;2026-10-02T19:15:00+02:00;2026-10-02T19:42:49+02:00;6414c3ee679f
2026-10-03;st_romain_des_iles;AROMEHD;2026-10-03T10:00;0.9;2.3;243.0;14.0;0.0;;3.0;71.0;100.0;100.0;46.18;4.779999;169.0;2026-10-02T19:15:00+02:00;2026-10-02T19:42:49+02:00;6414c3ee679f
2026-10-03;st_romain_des_iles;AROMEHD;2026-10-03T11:00;0.8;2.7;180.0;15.8;0.1;;0.0;100.0;100.0;100.0;46.18;4.779999;169.0;2026-10-02T19:15:00+02:00;2026-10-02T19:42:49+02:00;6414c3ee679f
2026-10-03;st_romain_des_iles;AROMEHD;2026-10-03T12:00;2.2;4.1;225.0;15.9;1.1;;9.0;100.0;100.0;100.0;46.18;4.779999;169.0;2026-10-02T19:15:00+02:00;2026-10-02T19:42:49+02:00;6414c3ee679f
2026-10-03;st_romain_des_iles;AROMEHD;2026-10-03T13:00;1.7;3.5;153.0;17.0;0.0;;0.0;93.0;100.0;100.0;46.18;4.779999;169.0;2026-10-02T19:15:00+02:00;2026-10-02T19:42:49+02:00;6414c3ee679f
2026-10-03;st_romain_des_iles;AROMEHD;2026-10-03T14:00;1.3;5.2;207.0;18.5;0.0;;0.0;100.0;100.0;100.0;46.18;4.779999;169.0;2026-10-02T19:15:00+02:00;2026-10-02T19:42:49+02:00;6414c3ee679f
2026-10-03;st_romain_des_iles;AROMEHD;2026-10-03T15:00;1.2;4.7;129.0;19.5;0.0;;0.0;100.0;100.0;100.0;46.18;4.779999;169.0;2026-10-02T19:15:00+02:00;2026-10-02T19:42:49+02:00;6414c3ee679f
2026-10-03;st_romain_des_iles;AROMEHD;2026-10-03T16:00;1.0;3.9;169.0;20.2;0.0;;0.0;100.0;100.0;100.0;46.18;4.779999;169.0;2026-10-02T19:15:00+02:00;2026-10-02T19:42:49+02:00;6414c3ee679f
2026-10-03;st_romain_des_iles;AROMEHD;2026-10-03T17:00;1.4;4.3;98.0;20.7;0.0;;0.0;100.0;100.0;100.0;46.18;4.779999;169.0;2026-10-02T19:15:00+02:00;2026-10-02T19:42:49+02:00;6414c3ee679f
2026-10-03;st_romain_des_iles;AROMEHD;2026-10-03T18:00;1.5;3.7;23.0;20.8;0.0;;0.0;100.0;100.0;100.0;46.18;4.779999;169.0;2026-10-02T19:15:00+02:00;2026-10-02T19:42:49+02:00;6414c3ee679f
2026-10-03;st_romain_des_iles;AROMEHD;2026-10-03T19:00;1.9;3.1;315.0;20.0;0.0;;0.0;100.0;100.0;100.0;46.18;4.779999;169.0;2026-10-02T19:15:00+02:00;2026-10-02T19:42:49+02:00;6414c3ee679f
2026-10-03;st_romain_des_iles;AROMEHD;2026-10-03T20:00;1.9;2.5;24.0;18.6;0.0;;0.0;100.0;100.0;100.0;46.18;4.779999;169.0;2026-10-02T19:15:00+02:00;2026-10-02T19:42:49+02:00;6414c3ee679f
2026-10-03;st_romain_des_iles;AROMEHD;2026-10-03T21:00;2.0;2.9;343.0;17.8;0.0;;0.0;100.0;100.0;100.0;46.18;4.779999;169.0;2026-10-02T19:15:00+02:00;2026-10-02T19:42:49+02:00;6414c3ee679f
2026-10-03;st_romain_des_iles;AROMEHD;2026-10-03T22:00;1.7;2.3;360.0;17.1;0.0;;0.0;100.0;100.0;100.0;46.18;4.779999;169.0;2026-10-02T19:15:00+02:00;2026-10-02T19:42:49+02:00;6414c3ee679f
2026-10-03;st_romain_des_iles;AROMEHD;2026-10-03T23:00;1.0;1.7;143.0;16.4;0.0;;0.0;100.0;100.0;100.0;46.18;4.779999;169.0;2026-10-02T19:15:00+02:00;2026-10-02T19:42:49+02:00;6414c3ee679f
2026-10-03;st_romain_des_iles;AROMEHD;2026-10-04T00:00;1.5;1.4;157.0;15.8;0.0;;3.0;100.0;100.0;100.0;46.18;4.779999;169.0;2026-10-02T19:15:00+02:00;2026-10-02T19:42:49+02:00;6414c3ee679f
2026-10-03;st_romain_des_iles;ICONCH1;2026-10-03T01:00;2.9;4.7;184.0;15.0;0.0;100.0;0.0;0.0;100.0;100.0;46.179794;4.782837;176.0;2026-10-02T19:15:00+02:00;2026-10-02T19:42:49+02:00;6414c3ee679f
2026-10-03;st_romain_des_iles;ICONCH1;2026-10-03T02:00;2.3;4.7;175.0;14.9;0.0;100.0;0.0;0.0;100.0;100.0;46.179794;4.782837;176.0;2026-10-02T19:15:00+02:00;2026-10-02T19:42:49+02:00;6414c3ee679f
2026-10-03;st_romain_des_iles;ICONCH1;2026-10-03T03:00;1.2;3.9;180.0;14.6;0.0;100.0;0.0;0.0;100.0;100.0;46.179794;4.782837;176.0;2026-10-02T19:15:00+02:00;2026-10-02T19:42:49+02:00;6414c3ee679f
2026-10-03;st_romain_des_iles;ICONCH1;2026-10-03T04:00;1.0;1.6;68.0;14.6;0.0;100.0;0.0;0.0;100.0;100.0;46.179794;4.782837;176.0;2026-10-02T19:15:00+02:00;2026-10-02T19:42:49+02:00;6414c3ee679f
2026-10-03;st_romain_des_iles;ICONCH1;2026-10-03T05:00;1.4;2.3;16.0;14.1;0.0;100.0;0.0;0.0;100.0;100.0;46.179794;4.782837;176.0;2026-10-02T19:15:00+02:00;2026-10-02T19:42:49+02:00;6414c3ee679f
2026-10-03;st_romain_des_iles;ICONCH1;2026-10-03T06:00;1.2;2.9;321.0;13.9;0.0;100.0;0.0;61.0;100.0;100.0;46.179794;4.782837;176.0;2026-10-02T19:15:00+02:00;2026-10-02T19:42:49+02:00;6414c3ee679f
2026-10-03;st_romain_des_iles;ICONCH1;2026-10-03T07:00;1.0;1.9;37.0;13.9;0.0;100.0;0.0;87.0;100.0;100.0;46.179794;4.782837;176.0;2026-10-02T19:15:00+02:00;2026-10-02T19:42:49+02:00;6414c3ee679f
2026-10-03;st_romain_des_iles;ICONCH1;2026-10-03T08:00;1.1;2.7;59.0;13.5;0.0;100.0;58.0;94.0;100.0;100.0;46.179794;4.782837;176.0;2026-10-02T19:15:00+02:00;2026-10-02T19:42:49+02:00;6414c3ee679f
2026-10-03;st_romain_des_iles;ICONCH1;2026-10-03T09:00;1.4;3.7;34.0;14.0;0.0;100.0;62.0;88.0;100.0;100.0;46.179794;4.782837;176.0;2026-10-02T19:15:00+02:00;2026-10-02T19:42:49+02:00;6414c3ee679f
2026-10-03;st_romain_des_iles;ICONCH1;2026-10-03T10:00;2.3;4.5;24.0;15.4;0.0;100.0;26.0;94.0;100.0;100.0;46.179794;4.782837;176.0;2026-10-02T19:15:00+02:00;2026-10-02T19:42:49+02:00;6414c3ee679f
2026-10-03;st_romain_des_iles;ICONCH1;2026-10-03T11:00;1.8;4.1;13.0;17.1;0.0;100.0;4.0;94.0;99.0;100.0;46.179794;4.782837;176.0;2026-10-02T19:15:00+02:00;2026-10-02T19:42:49+02:00;6414c3ee679f
2026-10-03;st_romain_des_iles;ICONCH1;2026-10-03T12:00;1.0;3.5;127.0;18.7;0.0;100.0;14.0;92.0;91.0;100.0;46.179794;4.782837;176.0;2026-10-02T19:15:00+02:00;2026-10-02T19:42:49+02:00;6414c3ee679f
2026-10-03;st_romain_des_iles;ICONCH1;2026-10-03T13:00;2.7;4.9;188.0;19.8;0.0;100.0;0.0;99.0;98.0;100.0;46.179794;4.782837;176.0;2026-10-02T19:15:00+02:00;2026-10-02T19:42:49+02:00;6414c3ee679f
2026-10-03;st_romain_des_iles;ICONCH1;2026-10-03T14:00;2.6;5.1;193.0;20.7;0.0;100.0;0.0;100.0;85.0;100.0;46.179794;4.782837;176.0;2026-10-02T19:15:00+02:00;2026-10-02T19:42:49+02:00;6414c3ee679f
2026-10-03;st_romain_des_iles;ICONCH1;2026-10-03T15:00;2.0;5.1;169.0;21.9;0.0;100.0;0.0;98.0;100.0;100.0;46.179794;4.782837;176.0;2026-10-02T19:15:00+02:00;2026-10-02T19:42:49+02:00;6414c3ee679f
2026-10-03;st_romain_des_iles;ICONCH1;2026-10-03T16:00;1.0;4.1;191.0;22.4;0.0;100.0;0.0;100.0;100.0;100.0;46.179794;4.782837;176.0;2026-10-02T19:15:00+02:00;2026-10-02T19:42:49+02:00;6414c3ee679f
2026-10-03;st_romain_des_iles;ICONCH1;2026-10-03T17:00;1.6;2.7;256.0;22.4;0.0;100.0;0.0;100.0;100.0;100.0;46.179794;4.782837;176.0;2026-10-02T19:15:00+02:00;2026-10-02T19:42:49+02:00;6414c3ee679f
2026-10-03;st_romain_des_iles;ICONCH1;2026-10-03T18:00;5.9;9.5;188.0;21.6;0.2;100.0;0.0;100.0;100.0;100.0;46.179794;4.782837;176.0;2026-10-02T19:15:00+02:00;2026-10-02T19:42:49+02:00;6414c3ee679f
2026-10-03;st_romain_des_iles;ICONCH1;2026-10-03T19:00;4.8;11.5;192.0;20.4;0.1;100.0;0.0;99.0;100.0;100.0;46.179794;4.782837;176.0;2026-10-02T19:15:00+02:00;2026-10-02T19:42:49+02:00;6414c3ee679f
2026-10-03;st_romain_des_iles;ICONCH1;2026-10-03T20:00;3.7;7.6;180.0;19.3;0.1;100.0;0.0;100.0;0.0;100.0;46.179794;4.782837;176.0;2026-10-02T19:15:00+02:00;2026-10-02T19:42:49+02:00;6414c3ee679f
2026-10-03;st_romain_des_iles;ICONCH1;2026-10-03T21:00;3.2;6.0;191.0;18.5;0.2;100.0;0.0;100.0;4.0;100.0;46.179794;4.782837;176.0;2026-10-02T19:15:00+02:00;2026-10-02T19:42:49+02:00;6414c3ee679f
2026-10-03;st_romain_des_iles;ICONCH1;2026-10-03T22:00;2.6;4.9;207.0;18.0;0.3;94.0;0.0;94.0;41.0;94.0;46.179794;4.782837;176.0;2026-10-02T19:15:00+02:00;2026-10-02T19:42:49+02:00;6414c3ee679f
2026-10-03;st_romain_des_iles;ICONCH1;2026-10-03T23:00;1.7;4.1;201.0;17.7;0.0;100.0;0.0;100.0;2.0;100.0;46.179794;4.782837;176.0;2026-10-02T19:15:00+02:00;2026-10-02T19:42:49+02:00;6414c3ee679f
2026-10-03;st_romain_des_iles;ICONCH1;2026-10-04T00:00;1.7;2.9;159.0;17.6;0.1;91.0;0.0;91.0;14.0;91.0;46.179794;4.782837;176.0;2026-10-02T19:15:00+02:00;2026-10-02T19:42:49+02:00;6414c3ee679f
2026-10-03;treffort;AROMEHD;2026-10-03T01:00;0.9;1.6;63.0;16.2;0.0;;47.0;100.0;100.0;100.0;44.91;5.6800003;0.0;2026-10-02T19:15:00+02:00;2026-10-02T19:42:49+02:00;6414c3ee679f
2026-10-03;treffort;AROMEHD;2026-10-03T02:00;1.8;2.1;41.0;16.1;0.2;;35.0;81.0;100.0;100.0;44.91;5.6800003;0.0;2026-10-02T19:15:00+02:00;2026-10-02T19:42:49+02:00;6414c3ee679f
2026-10-03;treffort;AROMEHD;2026-10-03T03:00;1.7;2.1;54.0;15.9;0.2;;11.0;42.0;100.0;100.0;44.91;5.6800003;0.0;2026-10-02T19:15:00+02:00;2026-10-02T19:42:49+02:00;6414c3ee679f
2026-10-03;treffort;AROMEHD;2026-10-03T04:00;1.0;1.6;101.0;15.8;0.0;;0.0;43.0;100.0;100.0;44.91;5.6800003;0.0;2026-10-02T19:15:00+02:00;2026-10-02T19:42:49+02:00;6414c3ee679f
2026-10-03;treffort;AROMEHD;2026-10-03T05:00;1.0;1.2;112.0;15.9;0.0;;0.0;1.0;100.0;100.0;44.91;5.6800003;0.0;2026-10-02T19:15:00+02:00;2026-10-02T19:42:49+02:00;6414c3ee679f
2026-10-03;treffort;AROMEHD;2026-10-03T06:00;1.2;1.4;129.0;15.7;0.0;;0.0;15.0;100.0;100.0;44.91;5.6800003;0.0;2026-10-02T19:15:00+02:00;2026-10-02T19:42:49+02:00;6414c3ee679f
2026-10-03;treffort;AROMEHD;2026-10-03T07:00;0.7;1.6;124.0;15.6;0.0;;0.0;34.0;100.0;100.0;44.91;5.6800003;0.0;2026-10-02T19:15:00+02:00;2026-10-02T19:42:49+02:00;6414c3ee679f
2026-10-03;treffort;AROMEHD;2026-10-03T08:00;0.4;0.8;153.0;15.4;0.0;;0.0;25.0;100.0;100.0;44.91;5.6800003;0.0;2026-10-02T19:15:00+02:00;2026-10-02T19:42:49+02:00;6414c3ee679f
2026-10-03;treffort;AROMEHD;2026-10-03T09:00;0.4;0.8;63.0;15.6;0.0;;11.0;0.0;100.0;100.0;44.91;5.6800003;0.0;2026-10-02T19:15:00+02:00;2026-10-02T19:42:49+02:00;6414c3ee679f
2026-10-03;treffort;AROMEHD;2026-10-03T10:00;0.9;1.7;117.0;16.5;0.0;;0.0;0.0;100.0;100.0;44.91;5.6800003;0.0;2026-10-02T19:15:00+02:00;2026-10-02T19:42:49+02:00;6414c3ee679f
2026-10-03;treffort;AROMEHD;2026-10-03T11:00;0.2;2.5;360.0;17.4;0.0;;0.0;0.0;100.0;100.0;44.91;5.6800003;0.0;2026-10-02T19:15:00+02:00;2026-10-02T19:42:49+02:00;6414c3ee679f
2026-10-03;treffort;AROMEHD;2026-10-03T12:00;0.9;2.5;297.0;18.3;0.0;;0.0;3.0;100.0;100.0;44.91;5.6800003;0.0;2026-10-02T19:15:00+02:00;2026-10-02T19:42:49+02:00;6414c3ee679f
2026-10-03;treffort;AROMEHD;2026-10-03T13:00;1.2;3.1;288.0;19.1;0.0;;0.0;3.0;100.0;100.0;44.91;5.6800003;0.0;2026-10-02T19:15:00+02:00;2026-10-02T19:42:49+02:00;6414c3ee679f
2026-10-03;treffort;AROMEHD;2026-10-03T14:00;2.1;4.1;319.0;19.6;0.0;;0.0;87.0;100.0;100.0;44.91;5.6800003;0.0;2026-10-02T19:15:00+02:00;2026-10-02T19:42:49+02:00;6414c3ee679f
2026-10-03;treffort;AROMEHD;2026-10-03T15:00;3.6;7.2;338.0;19.5;0.0;;0.0;96.0;100.0;100.0;44.91;5.6800003;0.0;2026-10-02T19:15:00+02:00;2026-10-02T19:42:49+02:00;6414c3ee679f
2026-10-03;treffort;AROMEHD;2026-10-03T16:00;4.1;8.2;341.0;19.3;0.0;;0.0;99.0;100.0;100.0;44.91;5.6800003;0.0;2026-10-02T19:15:00+02:00;2026-10-02T19:42:49+02:00;6414c3ee679f
2026-10-03;treffort;AROMEHD;2026-10-03T17:00;3.8;8.0;348.0;19.2;0.0;;0.0;99.0;100.0;100.0;44.91;5.6800003;0.0;2026-10-02T19:15:00+02:00;2026-10-02T19:42:49+02:00;6414c3ee679f
2026-10-03;treffort;AROMEHD;2026-10-03T18:00;3.3;7.6;353.0;19.0;0.0;;0.0;100.0;100.0;100.0;44.91;5.6800003;0.0;2026-10-02T19:15:00+02:00;2026-10-02T19:42:49+02:00;6414c3ee679f
2026-10-03;treffort;AROMEHD;2026-10-03T19:00;2.1;6.4;360.0;18.5;0.0;;0.0;98.0;100.0;100.0;44.91;5.6800003;0.0;2026-10-02T19:15:00+02:00;2026-10-02T19:42:49+02:00;6414c3ee679f
2026-10-03;treffort;AROMEHD;2026-10-03T20:00;1.2;4.1;81.0;18.0;0.0;;0.0;100.0;100.0;100.0;44.91;5.6800003;0.0;2026-10-02T19:15:00+02:00;2026-10-02T19:42:49+02:00;6414c3ee679f
2026-10-03;treffort;AROMEHD;2026-10-03T21:00;1.8;2.1;131.0;17.6;0.0;;0.0;99.0;100.0;100.0;44.91;5.6800003;0.0;2026-10-02T19:15:00+02:00;2026-10-02T19:42:49+02:00;6414c3ee679f
2026-10-03;treffort;AROMEHD;2026-10-03T22:00;0.6;2.3;90.0;17.3;0.0;;0.0;56.0;100.0;100.0;44.91;5.6800003;0.0;2026-10-02T19:15:00+02:00;2026-10-02T19:42:49+02:00;6414c3ee679f
2026-10-03;treffort;AROMEHD;2026-10-03T23:00;1.1;1.2;121.0;17.0;0.0;;0.0;100.0;100.0;100.0;44.91;5.6800003;0.0;2026-10-02T19:15:00+02:00;2026-10-02T19:42:49+02:00;6414c3ee679f
2026-10-03;treffort;AROMEHD;2026-10-04T00:00;0.6;1.4;108.0;16.9;0.0;;0.0;100.0;2.0;100.0;44.91;5.6800003;0.0;2026-10-02T19:15:00+02:00;2026-10-02T19:42:49+02:00;6414c3ee679f
2026-10-03;treffort;ICONCH1;2026-10-03T01:00;1.1;1.6;225.0;17.4;0.0;100.0;56.0;100.0;100.0;100.0;44.905636;5.680298;502.0;2026-10-02T19:15:00+02:00;2026-10-02T19:42:49+02:00;6414c3ee679f
2026-10-03;treffort;ICONCH1;2026-10-03T02:00;0.2;1.6;360.0;17.2;0.0;94.0;58.0;83.0;30.0;94.0;44.905636;5.680298;502.0;2026-10-02T19:15:00+02:00;2026-10-02T19:42:49+02:00;6414c3ee679f
2026-10-03;treffort;ICONCH1;2026-10-03T03:00;1.4;1.9;164.0;17.3;0.1;100.0;64.0;100.0;41.0;100.0;44.905636;5.680298;502.0;2026-10-02T19:15:00+02:00;2026-10-02T19:42:49+02:00;6414c3ee679f
2026-10-03;treffort;ICONCH1;2026-10-03T04:00;1.2;1.9;198.0;17.0;0.0;100.0;57.0;86.0;100.0;100.0;44.905636;5.680298;502.0;2026-10-02T19:15:00+02:00;2026-10-02T19:42:49+02:00;6414c3ee679f
2026-10-03;treffort;ICONCH1;2026-10-03T05:00;1.5;3.1;157.0;16.5;0.0;100.0;49.0;86.0;100.0;100.0;44.905636;5.680298;502.0;2026-10-02T19:15:00+02:00;2026-10-02T19:42:49+02:00;6414c3ee679f
2026-10-03;treffort;ICONCH1;2026-10-03T06:00;1.3;2.1;153.0;16.1;0.0;92.0;48.0;48.0;70.0;92.0;44.905636;5.680298;502.0;2026-10-02T19:15:00+02:00;2026-10-02T19:42:49+02:00;6414c3ee679f
2026-10-03;treffort;ICONCH1;2026-10-03T07:00;1.9;3.1;156.0;15.4;0.0;100.0;37.0;60.0;100.0;100.0;44.905636;5.680298;502.0;2026-10-02T19:15:00+02:00;2026-10-02T19:42:49+02:00;6414c3ee679f
2026-10-03;treffort;ICONCH1;2026-10-03T08:00;1.6;3.1;180.0;15.0;0.0;100.0;41.0;67.0;100.0;100.0;44.905636;5.680298;502.0;2026-10-02T19:15:00+02:00;2026-10-02T19:42:49+02:00;6414c3ee679f
2026-10-03;treffort;ICONCH1;2026-10-03T09:00;1.7;3.5;153.0;15.7;0.0;100.0;43.0;99.0;98.0;100.0;44.905636;5.680298;502.0;2026-10-02T19:15:00+02:00;2026-10-02T19:42:49+02:00;6414c3ee679f
2026-10-03;treffort;ICONCH1;2026-10-03T10:00;0.2;3.1;90.0;17.1;0.0;100.0;42.0;100.0;100.0;100.0;44.905636;5.680298;502.0;2026-10-02T19:15:00+02:00;2026-10-02T19:42:49+02:00;6414c3ee679f
2026-10-03;treffort;ICONCH1;2026-10-03T11:00;0.6;1.9;342.0;18.7;0.0;95.0;42.0;86.0;59.0;95.0;44.905636;5.680298;502.0;2026-10-02T19:15:00+02:00;2026-10-02T19:42:49+02:00;6414c3ee679f
2026-10-03;treffort;ICONCH1;2026-10-03T12:00;1.6;3.5;14.0;20.2;0.0;100.0;39.0;87.0;100.0;100.0;44.905636;5.680298;502.0;2026-10-02T19:15:00+02:00;2026-10-02T19:42:49+02:00;6414c3ee679f
2026-10-03;treffort;ICONCH1;2026-10-03T13:00;4.5;8.7;360.0;20.4;0.0;100.0;57.0;100.0;100.0;100.0;44.905636;5.680298;502.0;2026-10-02T19:15:00+02:00;2026-10-02T19:42:49+02:00;6414c3ee679f
2026-10-03;treffort;ICONCH1;2026-10-03T14:00;2.9;8.4;312.0;18.7;7.4;100.0;42.0;100.0;100.0;100.0;44.905636;5.680298;502.0;2026-10-02T19:15:00+02:00;2026-10-02T19:42:49+02:00;6414c3ee679f
2026-10-03;treffort;ICONCH1;2026-10-03T15:00;4.1;7.4;341.0;18.9;0.8;100.0;13.0;100.0;100.0;100.0;44.905636;5.680298;502.0;2026-10-02T19:15:00+02:00;2026-10-02T19:42:49+02:00;6414c3ee679f
2026-10-03;treffort;ICONCH1;2026-10-03T16:00;3.3;7.2;343.0;19.4;0.2;100.0;47.0;100.0;100.0;100.0;44.905636;5.680298;502.0;2026-10-02T19:15:00+02:00;2026-10-02T19:42:49+02:00;6414c3ee679f
2026-10-03;treffort;ICONCH1;2026-10-03T17:00;3.3;6.6;353.0;19.2;0.0;100.0;47.0;100.0;100.0;100.0;44.905636;5.680298;502.0;2026-10-02T19:15:00+02:00;2026-10-02T19:42:49+02:00;6414c3ee679f
2026-10-03;treffort;ICONCH1;2026-10-03T18:00;4.0;7.2;349.0;18.7;0.1;100.0;53.0;100.0;100.0;100.0;44.905636;5.680298;502.0;2026-10-02T19:15:00+02:00;2026-10-02T19:42:49+02:00;6414c3ee679f
2026-10-03;treffort;ICONCH1;2026-10-03T19:00;3.0;6.8;320.0;18.2;0.1;100.0;43.0;84.0;100.0;100.0;44.905636;5.680298;502.0;2026-10-02T19:15:00+02:00;2026-10-02T19:42:49+02:00;6414c3ee679f
2026-10-03;treffort;ICONCH1;2026-10-03T20:00;3.0;5.4;297.0;17.6;0.0;97.0;58.0;91.0;0.0;97.0;44.905636;5.680298;502.0;2026-10-02T19:15:00+02:00;2026-10-02T19:42:49+02:00;6414c3ee679f
2026-10-03;treffort;ICONCH1;2026-10-03T21:00;2.5;5.1;293.0;17.4;0.0;95.0;58.0;84.0;1.0;95.0;44.905636;5.680298;502.0;2026-10-02T19:15:00+02:00;2026-10-02T19:42:49+02:00;6414c3ee679f
2026-10-03;treffort;ICONCH1;2026-10-03T22:00;1.0;4.1;248.0;17.2;0.0;100.0;55.0;100.0;52.0;100.0;44.905636;5.680298;502.0;2026-10-02T19:15:00+02:00;2026-10-02T19:42:49+02:00;6414c3ee679f
2026-10-03;treffort;ICONCH1;2026-10-03T23:00;2.0;2.5;174.0;16.8;0.0;97.0;62.0;91.0;0.0;97.0;44.905636;5.680298;502.0;2026-10-02T19:15:00+02:00;2026-10-02T19:42:49+02:00;6414c3ee679f
2026-10-03;treffort;ICONCH1;2026-10-04T00:00;2.2;4.3;153.0;16.3;0.0;95.0;28.0;83.0;56.0;95.0;44.905636;5.680298;502.0;2026-10-02T19:15:00+02:00;2026-10-02T19:42:49+02:00;6414c3ee679f
2026-10-03;vengeron;AROMEHD;2026-10-03T01:00;0.6;1.6;288.0;16.4;0.0;;0.0;0.0;100.0;100.0;46.25;6.17;0.0;2026-10-02T19:15:00+02:00;2026-10-02T19:42:49+02:00;6414c3ee679f
2026-10-03;vengeron;AROMEHD;2026-10-03T02:00;0.8;1.4;284.0;15.7;0.0;;1.0;1.0;100.0;100.0;46.25;6.17;0.0;2026-10-02T19:15:00+02:00;2026-10-02T19:42:49+02:00;6414c3ee679f
2026-10-03;vengeron;AROMEHD;2026-10-03T03:00;1.0;1.2;270.0;15.6;0.0;;0.0;11.0;99.0;99.0;46.25;6.17;0.0;2026-10-02T19:15:00+02:00;2026-10-02T19:42:49+02:00;6414c3ee679f
2026-10-03;vengeron;AROMEHD;2026-10-03T04:00;1.4;1.9;326.0;15.5;0.0;;1.0;4.0;100.0;100.0;46.25;6.17;0.0;2026-10-02T19:15:00+02:00;2026-10-02T19:42:49+02:00;6414c3ee679f
2026-10-03;vengeron;AROMEHD;2026-10-03T05:00;1.1;2.1;315.0;15.2;0.0;;1.0;14.0;100.0;100.0;46.25;6.17;0.0;2026-10-02T19:15:00+02:00;2026-10-02T19:42:49+02:00;6414c3ee679f
2026-10-03;vengeron;AROMEHD;2026-10-03T06:00;1.6;1.9;300.0;14.9;0.0;;0.0;61.0;100.0;100.0;46.25;6.17;0.0;2026-10-02T19:15:00+02:00;2026-10-02T19:42:49+02:00;6414c3ee679f
2026-10-03;vengeron;AROMEHD;2026-10-03T07:00;2.1;2.1;292.0;14.6;0.0;;0.0;100.0;100.0;100.0;46.25;6.17;0.0;2026-10-02T19:15:00+02:00;2026-10-02T19:42:49+02:00;6414c3ee679f
2026-10-03;vengeron;AROMEHD;2026-10-03T08:00;1.8;2.5;311.0;14.8;0.0;;3.0;14.0;100.0;100.0;46.25;6.17;0.0;2026-10-02T19:15:00+02:00;2026-10-02T19:42:49+02:00;6414c3ee679f
2026-10-03;vengeron;AROMEHD;2026-10-03T09:00;0.7;1.7;304.0;15.2;0.0;;6.0;16.0;100.0;100.0;46.25;6.17;0.0;2026-10-02T19:15:00+02:00;2026-10-02T19:42:49+02:00;6414c3ee679f
2026-10-03;vengeron;AROMEHD;2026-10-03T10:00;0.3;1.6;315.0;15.8;0.0;;0.0;4.0;100.0;100.0;46.25;6.17;0.0;2026-10-02T19:15:00+02:00;2026-10-02T19:42:49+02:00;6414c3ee679f
2026-10-03;vengeron;AROMEHD;2026-10-03T11:00;0.3;0.8;45.0;16.2;0.0;;0.0;13.0;100.0;100.0;46.25;6.17;0.0;2026-10-02T19:15:00+02:00;2026-10-02T19:42:49+02:00;6414c3ee679f
2026-10-03;vengeron;AROMEHD;2026-10-03T12:00;2.0;2.5;11.0;17.0;0.0;;0.0;3.0;100.0;100.0;46.25;6.17;0.0;2026-10-02T19:15:00+02:00;2026-10-02T19:42:49+02:00;6414c3ee679f
2026-10-03;vengeron;AROMEHD;2026-10-03T13:00;2.7;3.5;30.0;17.4;0.0;;0.0;1.0;100.0;100.0;46.25;6.17;0.0;2026-10-02T19:15:00+02:00;2026-10-02T19:42:49+02:00;6414c3ee679f
2026-10-03;vengeron;AROMEHD;2026-10-03T14:00;6.1;6.8;27.0;18.2;0.0;;0.0;0.0;100.0;100.0;46.25;6.17;0.0;2026-10-02T19:15:00+02:00;2026-10-02T19:42:49+02:00;6414c3ee679f
2026-10-03;vengeron;AROMEHD;2026-10-03T15:00;6.7;7.4;26.0;18.9;0.0;;0.0;0.0;100.0;100.0;46.25;6.17;0.0;2026-10-02T19:15:00+02:00;2026-10-02T19:42:49+02:00;6414c3ee679f
2026-10-03;vengeron;AROMEHD;2026-10-03T16:00;6.3;7.4;26.0;19.5;0.0;;0.0;0.0;100.0;100.0;46.25;6.17;0.0;2026-10-02T19:15:00+02:00;2026-10-02T19:42:49+02:00;6414c3ee679f
2026-10-03;vengeron;AROMEHD;2026-10-03T17:00;7.3;8.6;20.0;19.7;0.0;;0.0;0.0;100.0;100.0;46.25;6.17;0.0;2026-10-02T19:15:00+02:00;2026-10-02T19:42:49+02:00;6414c3ee679f
2026-10-03;vengeron;AROMEHD;2026-10-03T18:00;7.4;8.6;23.0;19.9;0.0;;29.0;0.0;100.0;100.0;46.25;6.17;0.0;2026-10-02T19:15:00+02:00;2026-10-02T19:42:49+02:00;6414c3ee679f
2026-10-03;vengeron;AROMEHD;2026-10-03T19:00;5.5;8.6;17.0;20.1;0.0;;38.0;1.0;100.0;100.0;46.25;6.17;0.0;2026-10-02T19:15:00+02:00;2026-10-02T19:42:49+02:00;6414c3ee679f
2026-10-03;vengeron;AROMEHD;2026-10-03T20:00;4.5;6.0;18.0;20.1;0.0;;97.0;81.0;100.0;100.0;46.25;6.17;0.0;2026-10-02T19:15:00+02:00;2026-10-02T19:42:49+02:00;6414c3ee679f
2026-10-03;vengeron;AROMEHD;2026-10-03T21:00;4.8;6.2;32.0;19.7;0.0;;6.0;100.0;100.0;100.0;46.25;6.17;0.0;2026-10-02T19:15:00+02:00;2026-10-02T19:42:49+02:00;6414c3ee679f
2026-10-03;vengeron;AROMEHD;2026-10-03T22:00;2.4;6.4;29.0;19.3;0.0;;0.0;100.0;100.0;100.0;46.25;6.17;0.0;2026-10-02T19:15:00+02:00;2026-10-02T19:42:49+02:00;6414c3ee679f
2026-10-03;vengeron;AROMEHD;2026-10-03T23:00;1.7;2.9;21.0;19.3;0.0;;0.0;100.0;73.0;100.0;46.25;6.17;0.0;2026-10-02T19:15:00+02:00;2026-10-02T19:42:49+02:00;6414c3ee679f
2026-10-03;vengeron;AROMEHD;2026-10-04T00:00;0.4;2.1;333.0;18.1;0.0;;0.0;100.0;100.0;100.0;46.25;6.17;0.0;2026-10-02T19:15:00+02:00;2026-10-02T19:42:49+02:00;6414c3ee679f
2026-10-03;vengeron;ICONCH1;2026-10-03T01:00;2.8;4.3;295.0;16.6;0.0;100.0;0.0;35.0;100.0;100.0;46.24517;6.166931;0.0;2026-10-02T19:15:00+02:00;2026-10-02T19:42:49+02:00;6414c3ee679f
2026-10-03;vengeron;ICONCH1;2026-10-03T02:00;2.4;4.1;284.0;16.4;0.0;100.0;6.0;36.0;100.0;100.0;46.24517;6.166931;0.0;2026-10-02T19:15:00+02:00;2026-10-02T19:42:49+02:00;6414c3ee679f
2026-10-03;vengeron;ICONCH1;2026-10-03T03:00;1.7;3.7;270.0;16.2;0.0;100.0;13.0;71.0;100.0;100.0;46.24517;6.166931;0.0;2026-10-02T19:15:00+02:00;2026-10-02T19:42:49+02:00;6414c3ee679f
2026-10-03;vengeron;ICONCH1;2026-10-03T04:00;2.9;3.9;278.0;16.3;0.0;100.0;31.0;79.0;100.0;100.0;46.24517;6.166931;0.0;2026-10-02T19:15:00+02:00;2026-10-02T19:42:49+02:00;6414c3ee679f
2026-10-03;vengeron;ICONCH1;2026-10-03T05:00;2.5;4.1;274.0;16.1;0.0;92.0;37.0;79.0;43.0;92.0;46.24517;6.166931;0.0;2026-10-02T19:15:00+02:00;2026-10-02T19:42:49+02:00;6414c3ee679f
2026-10-03;vengeron;ICONCH1;2026-10-03T06:00;2.3;3.5;265.0;16.0;0.0;100.0;43.0;52.0;100.0;100.0;46.24517;6.166931;0.0;2026-10-02T19:15:00+02:00;2026-10-02T19:42:49+02:00;6414c3ee679f
2026-10-03;vengeron;ICONCH1;2026-10-03T07:00;2.7;4.5;274.0;15.8;0.0;100.0;41.0;88.0;100.0;100.0;46.24517;6.166931;0.0;2026-10-02T19:15:00+02:00;2026-10-02T19:42:49+02:00;6414c3ee679f
2026-10-03;vengeron;ICONCH1;2026-10-03T08:00;2.5;3.9;266.0;16.0;0.0;100.0;52.0;92.0;100.0;100.0;46.24517;6.166931;0.0;2026-10-02T19:15:00+02:00;2026-10-02T19:42:49+02:00;6414c3ee679f
2026-10-03;vengeron;ICONCH1;2026-10-03T09:00;1.9;3.5;270.0;16.1;0.0;100.0;57.0;100.0;91.0;100.0;46.24517;6.166931;0.0;2026-10-02T19:15:00+02:00;2026-10-02T19:42:49+02:00;6414c3ee679f
2026-10-03;vengeron;ICONCH1;2026-10-03T10:00;1.5;2.9;247.0;16.5;0.0;100.0;62.0;98.0;88.0;100.0;46.24517;6.166931;0.0;2026-10-02T19:15:00+02:00;2026-10-02T19:42:49+02:00;6414c3ee679f
2026-10-03;vengeron;ICONCH1;2026-10-03T11:00;0.8;2.1;90.0;17.0;0.0;100.0;45.0;97.0;100.0;100.0;46.24517;6.166931;0.0;2026-10-02T19:15:00+02:00;2026-10-02T19:42:49+02:00;6414c3ee679f
2026-10-03;vengeron;ICONCH1;2026-10-03T12:00;0.2;1.4;180.0;17.4;0.1;100.0;7.0;98.0;100.0;100.0;46.24517;6.166931;0.0;2026-10-02T19:15:00+02:00;2026-10-02T19:42:49+02:00;6414c3ee679f
2026-10-03;vengeron;ICONCH1;2026-10-03T13:00;0.9;2.7;243.0;17.8;0.0;100.0;0.0;96.0;100.0;100.0;46.24517;6.166931;0.0;2026-10-02T19:15:00+02:00;2026-10-02T19:42:49+02:00;6414c3ee679f
2026-10-03;vengeron;ICONCH1;2026-10-03T14:00;0.4;1.9;207.0;18.7;0.0;98.0;0.0;97.0;84.0;98.0;46.24517;6.166931;0.0;2026-10-02T19:15:00+02:00;2026-10-02T19:42:49+02:00;6414c3ee679f
2026-10-03;vengeron;ICONCH1;2026-10-03T15:00;1.0;1.7;202.0;19.2;0.0;99.0;0.0;98.0;97.0;99.0;46.24517;6.166931;0.0;2026-10-02T19:15:00+02:00;2026-10-02T19:42:49+02:00;6414c3ee679f
2026-10-03;vengeron;ICONCH1;2026-10-03T16:00;2.2;3.3;218.0;19.6;0.0;100.0;0.0;94.0;100.0;100.0;46.24517;6.166931;0.0;2026-10-02T19:15:00+02:00;2026-10-02T19:42:49+02:00;6414c3ee679f
2026-10-03;vengeron;ICONCH1;2026-10-03T17:00;1.0;3.1;233.0;20.0;0.0;100.0;0.0;99.0;100.0;100.0;46.24517;6.166931;0.0;2026-10-02T19:15:00+02:00;2026-10-02T19:42:49+02:00;6414c3ee679f
2026-10-03;vengeron;ICONCH1;2026-10-03T18:00;1.4;1.9;225.0;20.2;0.0;100.0;32.0;96.0;95.0;100.0;46.24517;6.166931;0.0;2026-10-02T19:15:00+02:00;2026-10-02T19:42:49+02:00;6414c3ee679f
2026-10-03;vengeron;ICONCH1;2026-10-03T19:00;3.6;4.9;229.0;20.1;0.0;99.0;40.0;95.0;88.0;99.0;46.24517;6.166931;0.0;2026-10-02T19:15:00+02:00;2026-10-02T19:42:49+02:00;6414c3ee679f
2026-10-03;vengeron;ICONCH1;2026-10-03T20:00;2.2;4.9;225.0;19.6;0.0;99.0;52.0;97.0;39.0;99.0;46.24517;6.166931;0.0;2026-10-02T19:15:00+02:00;2026-10-02T19:42:49+02:00;6414c3ee679f
2026-10-03;vengeron;ICONCH1;2026-10-03T21:00;2.2;3.3;260.0;19.1;0.0;99.0;55.0;98.0;25.0;99.0;46.24517;6.166931;0.0;2026-10-02T19:15:00+02:00;2026-10-02T19:42:49+02:00;6414c3ee679f
2026-10-03;vengeron;ICONCH1;2026-10-03T22:00;2.1;3.7;270.0;18.6;0.0;100.0;47.0;99.0;2.0;100.0;46.24517;6.166931;0.0;2026-10-02T19:15:00+02:00;2026-10-02T19:42:49+02:00;6414c3ee679f
2026-10-03;vengeron;ICONCH1;2026-10-03T23:00;3.2;4.3;281.0;18.2;0.0;97.0;38.0;93.0;2.0;97.0;46.24517;6.166931;0.0;2026-10-02T19:15:00+02:00;2026-10-02T19:42:49+02:00;6414c3ee679f
2026-10-03;vengeron;ICONCH1;2026-10-04T00:00;2.2;4.3;280.0;18.0;0.0;86.0;0.0;86.0;3.0;86.0;46.24517;6.166931;0.0;2026-10-02T19:15:00+02:00;2026-10-02T19:42:49+02:00;6414c3ee679f
2026-10-03;wwmeyzieu;AROMEHD;2026-10-03T01:00;0.0;1.9;270.0;15.8;0.0;;0.0;0.0;100.0;100.0;45.78;4.9799995;0.0;2026-10-02T19:15:00+02:00;2026-10-02T19:42:49+02:00;6414c3ee679f
2026-10-03;wwmeyzieu;AROMEHD;2026-10-03T02:00;1.6;1.9;76.0;14.6;0.0;;0.0;0.0;100.0;100.0;45.78;4.9799995;0.0;2026-10-02T19:15:00+02:00;2026-10-02T19:42:49+02:00;6414c3ee679f
2026-10-03;wwmeyzieu;AROMEHD;2026-10-03T03:00;1.0;2.3;112.0;15.6;0.0;;0.0;1.0;100.0;100.0;45.78;4.9799995;0.0;2026-10-02T19:15:00+02:00;2026-10-02T19:42:49+02:00;6414c3ee679f
2026-10-03;wwmeyzieu;AROMEHD;2026-10-03T04:00;2.3;2.3;20.0;14.1;0.0;;1.0;19.0;100.0;100.0;45.78;4.9799995;0.0;2026-10-02T19:15:00+02:00;2026-10-02T19:42:49+02:00;6414c3ee679f
2026-10-03;wwmeyzieu;AROMEHD;2026-10-03T05:00;2.4;2.9;76.0;14.2;0.0;;0.0;95.0;100.0;100.0;45.78;4.9799995;0.0;2026-10-02T19:15:00+02:00;2026-10-02T19:42:49+02:00;6414c3ee679f
2026-10-03;wwmeyzieu;AROMEHD;2026-10-03T06:00;2.6;3.7;99.0;14.9;0.0;;1.0;100.0;100.0;100.0;45.78;4.9799995;0.0;2026-10-02T19:15:00+02:00;2026-10-02T19:42:49+02:00;6414c3ee679f
2026-10-03;wwmeyzieu;AROMEHD;2026-10-03T07:00;2.0;4.1;84.0;14.8;0.0;;3.0;75.0;100.0;100.0;45.78;4.9799995;0.0;2026-10-02T19:15:00+02:00;2026-10-02T19:42:49+02:00;6414c3ee679f
2026-10-03;wwmeyzieu;AROMEHD;2026-10-03T08:00;1.2;3.1;309.0;14.7;0.0;;9.0;100.0;100.0;100.0;45.78;4.9799995;0.0;2026-10-02T19:15:00+02:00;2026-10-02T19:42:49+02:00;6414c3ee679f
2026-10-03;wwmeyzieu;AROMEHD;2026-10-03T09:00;1.3;1.7;333.0;14.5;0.0;;96.0;100.0;100.0;100.0;45.78;4.9799995;0.0;2026-10-02T19:15:00+02:00;2026-10-02T19:42:49+02:00;6414c3ee679f
2026-10-03;wwmeyzieu;AROMEHD;2026-10-03T10:00;1.4;2.7;8.0;15.5;1.0;;14.0;100.0;100.0;100.0;45.78;4.9799995;0.0;2026-10-02T19:15:00+02:00;2026-10-02T19:42:49+02:00;6414c3ee679f
2026-10-03;wwmeyzieu;AROMEHD;2026-10-03T11:00;1.8;3.5;18.0;16.3;0.1;;5.0;96.0;100.0;100.0;45.78;4.9799995;0.0;2026-10-02T19:15:00+02:00;2026-10-02T19:42:49+02:00;6414c3ee679f
2026-10-03;wwmeyzieu;AROMEHD;2026-10-03T12:00;1.9;3.7;45.0;17.0;0.0;;4.0;100.0;100.0;100.0;45.78;4.9799995;0.0;2026-10-02T19:15:00+02:00;2026-10-02T19:42:49+02:00;6414c3ee679f
2026-10-03;wwmeyzieu;AROMEHD;2026-10-03T13:00;0.5;3.5;45.0;17.6;0.0;;9.0;47.0;100.0;100.0;45.78;4.9799995;0.0;2026-10-02T19:15:00+02:00;2026-10-02T19:42:49+02:00;6414c3ee679f
2026-10-03;wwmeyzieu;AROMEHD;2026-10-03T14:00;1.3;4.5;63.0;18.8;0.0;;1.0;12.0;100.0;100.0;45.78;4.9799995;0.0;2026-10-02T19:15:00+02:00;2026-10-02T19:42:49+02:00;6414c3ee679f
2026-10-03;wwmeyzieu;AROMEHD;2026-10-03T15:00;0.8;3.9;45.0;19.6;0.0;;0.0;89.0;100.0;100.0;45.78;4.9799995;0.0;2026-10-02T19:15:00+02:00;2026-10-02T19:42:49+02:00;6414c3ee679f
2026-10-03;wwmeyzieu;AROMEHD;2026-10-03T16:00;0.7;4.1;34.0;20.1;0.0;;0.0;100.0;100.0;100.0;45.78;4.9799995;0.0;2026-10-02T19:15:00+02:00;2026-10-02T19:42:49+02:00;6414c3ee679f
2026-10-03;wwmeyzieu;AROMEHD;2026-10-03T17:00;1.9;4.7;66.0;20.5;0.0;;0.0;100.0;100.0;100.0;45.78;4.9799995;0.0;2026-10-02T19:15:00+02:00;2026-10-02T19:42:49+02:00;6414c3ee679f
2026-10-03;wwmeyzieu;AROMEHD;2026-10-03T18:00;2.9;5.1;53.0;20.3;0.0;;0.0;100.0;100.0;100.0;45.78;4.9799995;0.0;2026-10-02T19:15:00+02:00;2026-10-02T19:42:49+02:00;6414c3ee679f
2026-10-03;wwmeyzieu;AROMEHD;2026-10-03T19:00;1.8;4.7;41.0;19.9;0.0;;0.0;100.0;100.0;100.0;45.78;4.9799995;0.0;2026-10-02T19:15:00+02:00;2026-10-02T19:42:49+02:00;6414c3ee679f
2026-10-03;wwmeyzieu;AROMEHD;2026-10-03T20:00;1.0;1.9;338.0;19.2;0.0;;0.0;100.0;100.0;100.0;45.78;4.9799995;0.0;2026-10-02T19:15:00+02:00;2026-10-02T19:42:49+02:00;6414c3ee679f
2026-10-03;wwmeyzieu;AROMEHD;2026-10-03T21:00;1.7;1.7;27.0;18.7;0.0;;0.0;100.0;100.0;100.0;45.78;4.9799995;0.0;2026-10-02T19:15:00+02:00;2026-10-02T19:42:49+02:00;6414c3ee679f
2026-10-03;wwmeyzieu;AROMEHD;2026-10-03T22:00;0.8;1.9;14.0;18.2;0.0;;0.0;5.0;100.0;100.0;45.78;4.9799995;0.0;2026-10-02T19:15:00+02:00;2026-10-02T19:42:49+02:00;6414c3ee679f
2026-10-03;wwmeyzieu;AROMEHD;2026-10-03T23:00;0.8;1.4;14.0;17.6;0.0;;0.0;100.0;100.0;100.0;45.78;4.9799995;0.0;2026-10-02T19:15:00+02:00;2026-10-02T19:42:49+02:00;6414c3ee679f
2026-10-03;wwmeyzieu;AROMEHD;2026-10-04T00:00;1.6;1.7;90.0;17.5;0.0;;0.0;100.0;100.0;100.0;45.78;4.9799995;0.0;2026-10-02T19:15:00+02:00;2026-10-02T19:42:49+02:00;6414c3ee679f
2026-10-03;wwmeyzieu;ICONCH1;2026-10-03T01:00;0.2;2.1;180.0;17.0;0.0;100.0;0.0;0.0;100.0;100.0;45.787823;4.9783936;0.0;2026-10-02T19:15:00+02:00;2026-10-02T19:42:49+02:00;6414c3ee679f
2026-10-03;wwmeyzieu;ICONCH1;2026-10-03T02:00;0.9;1.2;63.0;16.8;0.0;100.0;0.0;0.0;100.0;100.0;45.787823;4.9783936;0.0;2026-10-02T19:15:00+02:00;2026-10-02T19:42:49+02:00;6414c3ee679f
2026-10-03;wwmeyzieu;ICONCH1;2026-10-03T03:00;1.8;2.5;77.0;15.8;0.0;100.0;0.0;69.0;100.0;100.0;45.787823;4.9783936;0.0;2026-10-02T19:15:00+02:00;2026-10-02T19:42:49+02:00;6414c3ee679f
2026-10-03;wwmeyzieu;ICONCH1;2026-10-03T04:00;1.4;3.1;56.0;15.8;0.0;100.0;0.0;76.0;100.0;100.0;45.787823;4.9783936;0.0;2026-10-02T19:15:00+02:00;2026-10-02T19:42:49+02:00;6414c3ee679f
2026-10-03;wwmeyzieu;ICONCH1;2026-10-03T05:00;1.8;3.1;77.0;15.4;0.0;100.0;0.0;66.0;100.0;100.0;45.787823;4.9783936;0.0;2026-10-02T19:15:00+02:00;2026-10-02T19:42:49+02:00;6414c3ee679f
2026-10-03;wwmeyzieu;ICONCH1;2026-10-03T06:00;0.4;2.9;63.0;15.6;0.0;100.0;2.0;80.0;100.0;100.0;45.787823;4.9783936;0.0;2026-10-02T19:15:00+02:00;2026-10-02T19:42:49+02:00;6414c3ee679f
2026-10-03;wwmeyzieu;ICONCH1;2026-10-03T07:00;1.2;2.5;18.0;15.3;0.0;100.0;4.0;97.0;100.0;100.0;45.787823;4.9783936;0.0;2026-10-02T19:15:00+02:00;2026-10-02T19:42:49+02:00;6414c3ee679f
2026-10-03;wwmeyzieu;ICONCH1;2026-10-03T08:00;0.6;2.5;90.0;15.4;0.0;100.0;22.0;100.0;100.0;100.0;45.787823;4.9783936;0.0;2026-10-02T19:15:00+02:00;2026-10-02T19:42:49+02:00;6414c3ee679f
2026-10-03;wwmeyzieu;ICONCH1;2026-10-03T09:00;1.0;1.7;37.0;15.8;0.0;100.0;0.0;100.0;100.0;100.0;45.787823;4.9783936;0.0;2026-10-02T19:15:00+02:00;2026-10-02T19:42:49+02:00;6414c3ee679f
2026-10-03;wwmeyzieu;ICONCH1;2026-10-03T10:00;1.4;2.3;304.0;16.5;0.0;100.0;0.0;96.0;100.0;100.0;45.787823;4.9783936;0.0;2026-10-02T19:15:00+02:00;2026-10-02T19:42:49+02:00;6414c3ee679f
2026-10-03;wwmeyzieu;ICONCH1;2026-10-03T11:00;0.8;2.3;284.0;17.6;0.0;100.0;0.0;100.0;100.0;100.0;45.787823;4.9783936;0.0;2026-10-02T19:15:00+02:00;2026-10-02T19:42:49+02:00;6414c3ee679f
2026-10-03;wwmeyzieu;ICONCH1;2026-10-03T12:00;0.3;1.7;225.0;18.7;0.0;100.0;0.0;99.0;100.0;100.0;45.787823;4.9783936;0.0;2026-10-02T19:15:00+02:00;2026-10-02T19:42:49+02:00;6414c3ee679f
2026-10-03;wwmeyzieu;ICONCH1;2026-10-03T13:00;1.1;2.5;135.0;19.6;0.0;100.0;0.0;100.0;100.0;100.0;45.787823;4.9783936;0.0;2026-10-02T19:15:00+02:00;2026-10-02T19:42:49+02:00;6414c3ee679f
2026-10-03;wwmeyzieu;ICONCH1;2026-10-03T14:00;1.3;2.9;117.0;20.9;0.0;100.0;0.0;100.0;100.0;100.0;45.787823;4.9783936;0.0;2026-10-02T19:15:00+02:00;2026-10-02T19:42:49+02:00;6414c3ee679f
2026-10-03;wwmeyzieu;ICONCH1;2026-10-03T15:00;2.1;3.9;124.0;22.2;0.0;100.0;0.0;100.0;100.0;100.0;45.787823;4.9783936;0.0;2026-10-02T19:15:00+02:00;2026-10-02T19:42:49+02:00;6414c3ee679f
2026-10-03;wwmeyzieu;ICONCH1;2026-10-03T16:00;5.8;9.3;201.0;23.1;0.0;100.0;2.0;100.0;100.0;100.0;45.787823;4.9783936;0.0;2026-10-02T19:15:00+02:00;2026-10-02T19:42:49+02:00;6414c3ee679f
2026-10-03;wwmeyzieu;ICONCH1;2026-10-03T17:00;9.1;14.4;209.0;21.9;0.1;100.0;0.0;100.0;100.0;100.0;45.787823;4.9783936;0.0;2026-10-02T19:15:00+02:00;2026-10-02T19:42:49+02:00;6414c3ee679f
2026-10-03;wwmeyzieu;ICONCH1;2026-10-03T18:00;7.8;14.8;212.0;20.4;0.2;100.0;0.0;100.0;95.0;100.0;45.787823;4.9783936;0.0;2026-10-02T19:15:00+02:00;2026-10-02T19:42:49+02:00;6414c3ee679f
2026-10-03;wwmeyzieu;ICONCH1;2026-10-03T19:00;4.2;12.2;193.0;19.4;0.4;100.0;0.0;100.0;100.0;100.0;45.787823;4.9783936;0.0;2026-10-02T19:15:00+02:00;2026-10-02T19:42:49+02:00;6414c3ee679f
2026-10-03;wwmeyzieu;ICONCH1;2026-10-03T20:00;1.6;6.6;166.0;19.1;0.2;97.0;0.0;97.0;59.0;97.0;45.787823;4.9783936;0.0;2026-10-02T19:15:00+02:00;2026-10-02T19:42:49+02:00;6414c3ee679f
2026-10-03;wwmeyzieu;ICONCH1;2026-10-03T21:00;1.5;2.5;157.0;18.9;0.2;100.0;0.0;100.0;22.0;100.0;45.787823;4.9783936;0.0;2026-10-02T19:15:00+02:00;2026-10-02T19:42:49+02:00;6414c3ee679f
2026-10-03;wwmeyzieu;ICONCH1;2026-10-03T22:00;2.0;3.3;241.0;18.5;0.3;100.0;7.0;100.0;16.0;100.0;45.787823;4.9783936;0.0;2026-10-02T19:15:00+02:00;2026-10-02T19:42:49+02:00;6414c3ee679f
2026-10-03;wwmeyzieu;ICONCH1;2026-10-03T23:00;1.7;3.3;234.0;18.3;0.1;99.0;21.0;98.0;1.0;99.0;45.787823;4.9783936;0.0;2026-10-02T19:15:00+02:00;2026-10-02T19:42:49+02:00;6414c3ee679f
2026-10-03;wwmeyzieu;ICONCH1;2026-10-04T00:00;0.2;3.1;180.0;18.2;0.0;100.0;0.0;100.0;30.0;100.0;45.787823;4.9783936;0.0;2026-10-02T19:15:00+02:00;2026-10-02T19:42:49+02:00;6414c3ee679f
