target_day;spot_key;model_key;valid_at;wind_speed_10m_kn;wind_gusts_10m_kn;wind_direction_10m_deg;temperature_2m_c;precipitation_mm;cloud_cover_pct;cloud_cover_low_pct;cloud_cover_mid_pct;cloud_cover_high_pct;cloud_cover_max_pct;grid_latitude;grid_longitude;grid_elevation_m;collecte_run_id;collecte_fetched_at;collecte_commit
2026-10-01;cap_des_seselets;AROMEHD;2026-10-01T01:00;0.2;0.6;90.0;19.7;0.0;;0.0;99.0;100.0;100.0;45.66;5.879999;0.0;2026-09-30T18:15:00+02:00;2026-09-30T18:55:00+02:00;769f9343f247
2026-10-01;cap_des_seselets;AROMEHD;2026-10-01T02:00;1.2;1.6;108.0;19.6;0.0;;0.0;99.0;100.0;100.0;45.66;5.879999;0.0;2026-09-30T18:15:00+02:00;2026-09-30T18:55:00+02:00;769f9343f247
2026-10-01;cap_des_seselets;AROMEHD;2026-10-01T03:00;1.4;2.5;8.0;19.2;0.0;;0.0;100.0;100.0;100.0;45.66;5.879999;0.0;2026-09-30T18:15:00+02:00;2026-09-30T18:55:00+02:00;769f9343f247
2026-10-01;cap_des_seselets;AROMEHD;2026-10-01T04:00;0.5;1.7;45.0;19.1;0.0;;0.0;98.0;100.0;100.0;45.66;5.879999;0.0;2026-09-30T18:15:00+02:00;2026-09-30T18:55:00+02:00;769f9343f247
2026-10-01;cap_des_seselets;AROMEHD;2026-10-01T05:00;1.9;2.3;156.0;18.8;0.0;;0.0;100.0;100.0;100.0;45.66;5.879999;0.0;2026-09-30T18:15:00+02:00;2026-09-30T18:55:00+02:00;769f9343f247
2026-10-01;cap_des_seselets;AROMEHD;2026-10-01T06:00;1.0;2.7;22.0;19.1;0.0;;0.0;99.0;100.0;100.0;45.66;5.879999;0.0;2026-09-30T18:15:00+02:00;2026-09-30T18:55:00+02:00;769f9343f247
2026-10-01;cap_des_seselets;AROMEHD;2026-10-01T07:00;1.7;2.5;360.0;19.1;0.0;;0.0;89.0;100.0;100.0;45.66;5.879999;0.0;2026-09-30T18:15:00+02:00;2026-09-30T18:55:00+02:00;769f9343f247
2026-10-01;cap_des_seselets;AROMEHD;2026-10-01T08:00;0.9;2.7;117.0;18.9;0.0;;0.0;51.0;100.0;100.0;45.66;5.879999;0.0;2026-09-30T18:15:00+02:00;2026-09-30T18:55:00+02:00;769f9343f247
2026-10-01;cap_des_seselets;AROMEHD;2026-10-01T09:00;2.1;2.7;5.0;19.1;0.0;;6.0;40.0;100.0;100.0;45.66;5.879999;0.0;2026-09-30T18:15:00+02:00;2026-09-30T18:55:00+02:00;769f9343f247
2026-10-01;cap_des_seselets;AROMEHD;2026-10-01T10:00;1.0;3.7;259.0;19.6;0.0;;14.0;19.0;100.0;100.0;45.66;5.879999;0.0;2026-09-30T18:15:00+02:00;2026-09-30T18:55:00+02:00;769f9343f247
2026-10-01;cap_des_seselets;AROMEHD;2026-10-01T11:00;2.3;4.1;275.0;20.0;0.0;;7.0;100.0;100.0;100.0;45.66;5.879999;0.0;2026-09-30T18:15:00+02:00;2026-09-30T18:55:00+02:00;769f9343f247
2026-10-01;cap_des_seselets;AROMEHD;2026-10-01T12:00;1.6;3.1;7.0;19.3;0.5;;2.0;100.0;100.0;100.0;45.66;5.879999;0.0;2026-09-30T18:15:00+02:00;2026-09-30T18:55:00+02:00;769f9343f247
2026-10-01;cap_des_seselets;AROMEHD;2026-10-01T13:00;2.3;3.5;20.0;18.4;1.4;;73.0;100.0;100.0;100.0;45.66;5.879999;0.0;2026-09-30T18:15:00+02:00;2026-09-30T18:55:00+02:00;769f9343f247
2026-10-01;cap_des_seselets;AROMEHD;2026-10-01T14:00;1.4;3.3;34.0;18.5;0.7;;100.0;100.0;100.0;100.0;45.66;5.879999;0.0;2026-09-30T18:15:00+02:00;2026-09-30T18:55:00+02:00;769f9343f247
2026-10-01;cap_des_seselets;AROMEHD;2026-10-01T15:00;0.2;1.6;90.0;18.7;0.5;;100.0;100.0;100.0;100.0;45.66;5.879999;0.0;2026-09-30T18:15:00+02:00;2026-09-30T18:55:00+02:00;769f9343f247
2026-10-01;cap_des_seselets;AROMEHD;2026-10-01T16:00;1.6;5.2;135.0;19.3;0.8;;100.0;100.0;100.0;100.0;45.66;5.879999;0.0;2026-09-30T18:15:00+02:00;2026-09-30T18:55:00+02:00;769f9343f247
2026-10-01;cap_des_seselets;AROMEHD;2026-10-01T17:00;1.1;2.9;315.0;18.8;1.3;;98.0;100.0;100.0;100.0;45.66;5.879999;0.0;2026-09-30T18:15:00+02:00;2026-09-30T18:55:00+02:00;769f9343f247
2026-10-01;cap_des_seselets;AROMEHD;2026-10-01T18:00;3.0;3.5;23.0;18.2;1.8;;100.0;100.0;100.0;100.0;45.66;5.879999;0.0;2026-09-30T18:15:00+02:00;2026-09-30T18:55:00+02:00;769f9343f247
2026-10-01;cap_des_seselets;AROMEHD;2026-10-01T19:00;5.0;8.0;344.0;19.3;2.0;;100.0;100.0;100.0;100.0;45.66;5.879999;0.0;2026-09-30T18:15:00+02:00;2026-09-30T18:55:00+02:00;769f9343f247
2026-10-01;cap_des_seselets;AROMEHD;2026-10-01T20:00;6.8;14.0;307.0;18.8;0.2;;100.0;100.0;100.0;100.0;45.66;5.879999;0.0;2026-09-30T18:15:00+02:00;2026-09-30T18:55:00+02:00;769f9343f247
2026-10-01;cap_des_seselets;AROMEHD;2026-10-01T21:00;2.5;8.6;4.0;18.1;1.9;;100.0;100.0;100.0;100.0;45.66;5.879999;0.0;2026-09-30T18:15:00+02:00;2026-09-30T18:55:00+02:00;769f9343f247
2026-10-01;cap_des_seselets;AROMEHD;2026-10-01T22:00;3.7;3.1;183.0;17.2;0.4;;100.0;100.0;100.0;100.0;45.66;5.879999;0.0;2026-09-30T18:15:00+02:00;2026-09-30T18:55:00+02:00;769f9343f247
2026-10-01;cap_des_seselets;AROMEHD;2026-10-01T23:00;1.0;5.6;270.0;16.9;0.1;;45.0;100.0;100.0;100.0;45.66;5.879999;0.0;2026-09-30T18:15:00+02:00;2026-09-30T18:55:00+02:00;769f9343f247
2026-10-01;cap_des_seselets;AROMEHD;2026-10-02T00:00;1.6;3.3;187.0;16.4;0.1;;100.0;99.0;100.0;100.0;45.66;5.879999;0.0;2026-09-30T18:15:00+02:00;2026-09-30T18:55:00+02:00;769f9343f247
2026-10-01;cap_des_seselets;ICONCH1;2026-10-01T01:00;4.4;6.4;139.0;19.7;0.0;100.0;0.0;94.0;100.0;100.0;45.66424;5.878174;0.0;2026-09-30T18:15:00+02:00;2026-09-30T18:55:00+02:00;769f9343f247
2026-10-01;cap_des_seselets;ICONCH1;2026-10-01T02:00;1.8;5.6;122.0;19.9;0.0;100.0;0.0;97.0;100.0;100.0;45.66424;5.878174;0.0;2026-09-30T18:15:00+02:00;2026-09-30T18:55:00+02:00;769f9343f247
2026-10-01;cap_des_seselets;ICONCH1;2026-10-01T03:00;2.6;3.7;144.0;19.8;0.0;100.0;0.0;100.0;73.0;100.0;45.66424;5.878174;0.0;2026-09-30T18:15:00+02:00;2026-09-30T18:55:00+02:00;769f9343f247
2026-10-01;cap_des_seselets;ICONCH1;2026-10-01T04:00;4.0;5.2;104.0;19.8;0.0;94.0;0.0;93.0;24.0;94.0;45.66424;5.878174;0.0;2026-09-30T18:15:00+02:00;2026-09-30T18:55:00+02:00;769f9343f247
2026-10-01;cap_des_seselets;ICONCH1;2026-10-01T05:00;1.0;5.2;101.0;19.7;0.0;99.0;0.0;99.0;14.0;99.0;45.66424;5.878174;0.0;2026-09-30T18:15:00+02:00;2026-09-30T18:55:00+02:00;769f9343f247
2026-10-01;cap_des_seselets;ICONCH1;2026-10-01T06:00;1.6;2.7;166.0;18.9;0.0;100.0;0.0;98.0;100.0;100.0;45.66424;5.878174;0.0;2026-09-30T18:15:00+02:00;2026-09-30T18:55:00+02:00;769f9343f247
2026-10-01;cap_des_seselets;ICONCH1;2026-10-01T07:00;1.9;2.7;156.0;19.1;0.0;100.0;0.0;100.0;100.0;100.0;45.66424;5.878174;0.0;2026-09-30T18:15:00+02:00;2026-09-30T18:55:00+02:00;769f9343f247
2026-10-01;cap_des_seselets;ICONCH1;2026-10-01T08:00;3.2;4.7;147.0;18.4;0.2;100.0;7.0;100.0;100.0;100.0;45.66424;5.878174;0.0;2026-09-30T18:15:00+02:00;2026-09-30T18:55:00+02:00;769f9343f247
2026-10-01;cap_des_seselets;ICONCH1;2026-10-01T09:00;0.9;4.5;153.0;18.8;0.2;100.0;9.0;100.0;100.0;100.0;45.66424;5.878174;0.0;2026-09-30T18:15:00+02:00;2026-09-30T18:55:00+02:00;769f9343f247
2026-10-01;cap_des_seselets;ICONCH1;2026-10-01T10:00;0.7;1.9;214.0;19.1;0.1;100.0;47.0;95.0;100.0;100.0;45.66424;5.878174;0.0;2026-09-30T18:15:00+02:00;2026-09-30T18:55:00+02:00;769f9343f247
2026-10-01;cap_des_seselets;ICONCH1;2026-10-01T11:00;0.3;1.4;315.0;19.2;0.1;100.0;42.0;100.0;100.0;100.0;45.66424;5.878174;0.0;2026-09-30T18:15:00+02:00;2026-09-30T18:55:00+02:00;769f9343f247
2026-10-01;cap_des_seselets;ICONCH1;2026-10-01T12:00;0.8;1.2;256.0;19.3;0.3;100.0;57.0;100.0;100.0;100.0;45.66424;5.878174;0.0;2026-09-30T18:15:00+02:00;2026-09-30T18:55:00+02:00;769f9343f247
2026-10-01;cap_des_seselets;ICONCH1;2026-10-01T13:00;0.4;1.2;117.0;19.5;0.1;100.0;48.0;100.0;100.0;100.0;45.66424;5.878174;0.0;2026-09-30T18:15:00+02:00;2026-09-30T18:55:00+02:00;769f9343f247
2026-10-01;cap_des_seselets;ICONCH1;2026-10-01T14:00;0.8;1.2;194.0;19.6;0.2;100.0;45.0;100.0;100.0;100.0;45.66424;5.878174;0.0;2026-09-30T18:15:00+02:00;2026-09-30T18:55:00+02:00;769f9343f247
2026-10-01;cap_des_seselets;ICONCH1;2026-10-01T15:00;0.2;1.4;90.0;19.7;0.3;100.0;48.0;94.0;100.0;100.0;45.66424;5.878174;0.0;2026-09-30T18:15:00+02:00;2026-09-30T18:55:00+02:00;769f9343f247
2026-10-01;cap_des_seselets;ICONCH1;2026-10-01T16:00;0.9;1.6;333.0;19.8;0.3;100.0;62.0;100.0;100.0;100.0;45.66424;5.878174;0.0;2026-09-30T18:15:00+02:00;2026-09-30T18:55:00+02:00;769f9343f247
2026-10-01;cap_des_seselets;ICONCH1;2026-10-01T17:00;0.6;1.2;360.0;19.8;0.4;100.0;84.0;97.0;100.0;100.0;45.66424;5.878174;0.0;2026-09-30T18:15:00+02:00;2026-09-30T18:55:00+02:00;769f9343f247
2026-10-01;cap_des_seselets;ICONCH1;2026-10-01T18:00;0.8;1.7;45.0;19.9;0.2;100.0;79.0;100.0;100.0;100.0;45.66424;5.878174;0.0;2026-09-30T18:15:00+02:00;2026-09-30T18:55:00+02:00;769f9343f247
2026-10-01;cap_des_seselets;ICONCH1;2026-10-01T19:00;2.7;3.7;180.0;19.3;0.1;100.0;74.0;100.0;100.0;100.0;45.66424;5.878174;0.0;2026-09-30T18:15:00+02:00;2026-09-30T18:55:00+02:00;769f9343f247
2026-10-01;cap_des_seselets;ICONCH1;2026-10-01T20:00;2.7;4.5;210.0;19.6;0.1;100.0;100.0;100.0;100.0;100.0;45.66424;5.878174;0.0;2026-09-30T18:15:00+02:00;2026-09-30T18:55:00+02:00;769f9343f247
2026-10-01;cap_des_seselets;ICONCH1;2026-10-01T21:00;5.2;7.6;138.0;18.8;0.5;100.0;79.0;100.0;100.0;100.0;45.66424;5.878174;0.0;2026-09-30T18:15:00+02:00;2026-09-30T18:55:00+02:00;769f9343f247
2026-10-01;cap_des_seselets;ICONCH1;2026-10-01T22:00;1.9;6.8;53.0;18.9;0.5;100.0;100.0;100.0;100.0;100.0;45.66424;5.878174;0.0;2026-09-30T18:15:00+02:00;2026-09-30T18:55:00+02:00;769f9343f247
2026-10-01;cap_des_seselets;ICONCH1;2026-10-01T23:00;3.0;4.1;105.0;18.8;0.0;100.0;100.0;100.0;100.0;100.0;45.66424;5.878174;0.0;2026-09-30T18:15:00+02:00;2026-09-30T18:55:00+02:00;769f9343f247
2026-10-01;excenevex;AROMEHD;2026-10-01T01:00;3.8;7.4;246.0;18.7;0.2;;0.0;100.0;100.0;100.0;46.35;6.369999;0.0;2026-09-30T18:15:00+02:00;2026-09-30T18:55:00+02:00;769f9343f247
2026-10-01;excenevex;AROMEHD;2026-10-01T02:00;3.3;5.8;144.0;18.6;0.0;;1.0;100.0;100.0;100.0;46.35;6.369999;0.0;2026-09-30T18:15:00+02:00;2026-09-30T18:55:00+02:00;769f9343f247
2026-10-01;excenevex;AROMEHD;2026-10-01T03:00;2.5;4.3;184.0;18.9;0.0;;100.0;100.0;100.0;100.0;46.35;6.369999;0.0;2026-09-30T18:15:00+02:00;2026-09-30T18:55:00+02:00;769f9343f247
2026-10-01;excenevex;AROMEHD;2026-10-01T04:00;2.2;3.7;207.0;18.4;0.2;;12.0;100.0;100.0;100.0;46.35;6.369999;0.0;2026-09-30T18:15:00+02:00;2026-09-30T18:55:00+02:00;769f9343f247
2026-10-01;excenevex;AROMEHD;2026-10-01T05:00;1.2;2.9;171.0;17.8;0.4;;3.0;100.0;100.0;100.0;46.35;6.369999;0.0;2026-09-30T18:15:00+02:00;2026-09-30T18:55:00+02:00;769f9343f247
2026-10-01;excenevex;AROMEHD;2026-10-01T06:00;1.5;1.9;140.0;17.7;0.3;;1.0;100.0;100.0;100.0;46.35;6.369999;0.0;2026-09-30T18:15:00+02:00;2026-09-30T18:55:00+02:00;769f9343f247
2026-10-01;excenevex;AROMEHD;2026-10-01T07:00;0.8;2.7;166.0;17.9;0.0;;0.0;100.0;95.0;100.0;46.35;6.369999;0.0;2026-09-30T18:15:00+02:00;2026-09-30T18:55:00+02:00;769f9343f247
2026-10-01;excenevex;AROMEHD;2026-10-01T08:00;0.8;1.7;166.0;17.4;0.0;;21.0;47.0;100.0;100.0;46.35;6.369999;0.0;2026-09-30T18:15:00+02:00;2026-09-30T18:55:00+02:00;769f9343f247
2026-10-01;excenevex;AROMEHD;2026-10-01T09:00;1.8;1.6;198.0;17.1;0.0;;4.0;76.0;99.0;99.0;46.35;6.369999;0.0;2026-09-30T18:15:00+02:00;2026-09-30T18:55:00+02:00;769f9343f247
2026-10-01;excenevex;AROMEHD;2026-10-01T10:00;1.0;1.9;202.0;18.4;0.0;;4.0;79.0;100.0;100.0;46.35;6.369999;0.0;2026-09-30T18:15:00+02:00;2026-09-30T18:55:00+02:00;769f9343f247
2026-10-01;excenevex;AROMEHD;2026-10-01T11:00;0.4;2.3;243.0;18.8;0.0;;0.0;100.0;100.0;100.0;46.35;6.369999;0.0;2026-09-30T18:15:00+02:00;2026-09-30T18:55:00+02:00;769f9343f247
2026-10-01;excenevex;AROMEHD;2026-10-01T12:00;4.9;7.2;252.0;19.1;0.0;;2.0;100.0;100.0;100.0;46.35;6.369999;0.0;2026-09-30T18:15:00+02:00;2026-09-30T18:55:00+02:00;769f9343f247
2026-10-01;excenevex;AROMEHD;2026-10-01T13:00;6.1;9.3;253.0;18.8;0.6;;20.0;100.0;100.0;100.0;46.35;6.369999;0.0;2026-09-30T18:15:00+02:00;2026-09-30T18:55:00+02:00;769f9343f247
2026-10-01;excenevex;AROMEHD;2026-10-01T14:00;5.1;10.3;247.0;19.0;0.3;;11.0;100.0;100.0;100.0;46.35;6.369999;0.0;2026-09-30T18:15:00+02:00;2026-09-30T18:55:00+02:00;769f9343f247
2026-10-01;excenevex;AROMEHD;2026-10-01T15:00;4.6;7.8;230.0;19.2;0.5;;35.0;100.0;100.0;100.0;46.35;6.369999;0.0;2026-09-30T18:15:00+02:00;2026-09-30T18:55:00+02:00;769f9343f247
2026-10-01;excenevex;AROMEHD;2026-10-01T16:00;6.1;9.7;202.0;19.6;0.0;;100.0;100.0;100.0;100.0;46.35;6.369999;0.0;2026-09-30T18:15:00+02:00;2026-09-30T18:55:00+02:00;769f9343f247
2026-10-01;excenevex;AROMEHD;2026-10-01T17:00;4.9;8.7;233.0;19.3;0.1;;100.0;100.0;100.0;100.0;46.35;6.369999;0.0;2026-09-30T18:15:00+02:00;2026-09-30T18:55:00+02:00;769f9343f247
2026-10-01;excenevex;AROMEHD;2026-10-01T18:00;5.4;9.1;226.0;18.6;0.8;;100.0;100.0;100.0;100.0;46.35;6.369999;0.0;2026-09-30T18:15:00+02:00;2026-09-30T18:55:00+02:00;769f9343f247
2026-10-01;excenevex;AROMEHD;2026-10-01T19:00;4.2;7.2;217.0;18.3;2.2;;100.0;100.0;100.0;100.0;46.35;6.369999;0.0;2026-09-30T18:15:00+02:00;2026-09-30T18:55:00+02:00;769f9343f247
2026-10-01;excenevex;AROMEHD;2026-10-01T20:00;6.6;10.1;273.0;18.3;0.6;;94.0;100.0;100.0;100.0;46.35;6.369999;0.0;2026-09-30T18:15:00+02:00;2026-09-30T18:55:00+02:00;769f9343f247
2026-10-01;excenevex;AROMEHD;2026-10-01T21:00;2.3;11.5;301.0;18.1;0.1;;100.0;100.0;100.0;100.0;46.35;6.369999;0.0;2026-09-30T18:15:00+02:00;2026-09-30T18:55:00+02:00;769f9343f247
2026-10-01;excenevex;AROMEHD;2026-10-01T22:00;9.6;18.3;82.0;17.1;0.2;;100.0;100.0;100.0;100.0;46.35;6.369999;0.0;2026-09-30T18:15:00+02:00;2026-09-30T18:55:00+02:00;769f9343f247
2026-10-01;excenevex;AROMEHD;2026-10-01T23:00;9.2;13.4;84.0;17.4;0.0;;100.0;100.0;100.0;100.0;46.35;6.369999;0.0;2026-09-30T18:15:00+02:00;2026-09-30T18:55:00+02:00;769f9343f247
2026-10-01;excenevex;AROMEHD;2026-10-02T00:00;7.0;13.0;88.0;17.1;0.1;;100.0;100.0;100.0;100.0;46.35;6.369999;0.0;2026-09-30T18:15:00+02:00;2026-09-30T18:55:00+02:00;769f9343f247
2026-10-01;excenevex;ICONCH1;2026-10-01T01:00;2.1;4.7;185.0;18.4;0.0;100.0;0.0;100.0;100.0;100.0;46.351723;6.3624268;0.0;2026-09-30T18:15:00+02:00;2026-09-30T18:55:00+02:00;769f9343f247
2026-10-01;excenevex;ICONCH1;2026-10-01T02:00;2.6;3.7;189.0;17.9;0.0;100.0;0.0;96.0;100.0;100.0;46.351723;6.3624268;0.0;2026-09-30T18:15:00+02:00;2026-09-30T18:55:00+02:00;769f9343f247
2026-10-01;excenevex;ICONCH1;2026-10-01T03:00;2.4;3.7;209.0;17.9;0.0;100.0;3.0;97.0;100.0;100.0;46.351723;6.3624268;0.0;2026-09-30T18:15:00+02:00;2026-09-30T18:55:00+02:00;769f9343f247
2026-10-01;excenevex;ICONCH1;2026-10-01T04:00;2.3;3.7;204.0;17.5;0.1;100.0;0.0;93.0;100.0;100.0;46.351723;6.3624268;0.0;2026-09-30T18:15:00+02:00;2026-09-30T18:55:00+02:00;769f9343f247
2026-10-01;excenevex;ICONCH1;2026-10-01T05:00;2.6;4.1;189.0;17.5;0.0;96.0;0.0;90.0;57.0;96.0;46.351723;6.3624268;0.0;2026-09-30T18:15:00+02:00;2026-09-30T18:55:00+02:00;769f9343f247
2026-10-01;excenevex;ICONCH1;2026-10-01T06:00;1.6;3.5;210.0;18.5;0.0;97.0;5.0;95.0;21.0;97.0;46.351723;6.3624268;0.0;2026-09-30T18:15:00+02:00;2026-09-30T18:55:00+02:00;769f9343f247
2026-10-01;excenevex;ICONCH1;2026-10-01T07:00;2.1;3.1;202.0;18.2;0.0;100.0;17.0;100.0;31.0;100.0;46.351723;6.3624268;0.0;2026-09-30T18:15:00+02:00;2026-09-30T18:55:00+02:00;769f9343f247
2026-10-01;excenevex;ICONCH1;2026-10-01T08:00;2.6;4.5;228.0;17.8;0.0;100.0;19.0;92.0;100.0;100.0;46.351723;6.3624268;0.0;2026-09-30T18:15:00+02:00;2026-09-30T18:55:00+02:00;769f9343f247
2026-10-01;excenevex;ICONCH1;2026-10-01T09:00;1.7;3.9;234.0;17.9;0.0;100.0;14.0;86.0;100.0;100.0;46.351723;6.3624268;0.0;2026-09-30T18:15:00+02:00;2026-09-30T18:55:00+02:00;769f9343f247
2026-10-01;excenevex;ICONCH1;2026-10-01T10:00;2.1;3.5;221.0;18.8;0.0;100.0;48.0;84.0;100.0;100.0;46.351723;6.3624268;0.0;2026-09-30T18:15:00+02:00;2026-09-30T18:55:00+02:00;769f9343f247
2026-10-01;excenevex;ICONCH1;2026-10-01T11:00;3.5;5.2;243.0;19.1;0.0;100.0;56.0;99.0;100.0;100.0;46.351723;6.3624268;0.0;2026-09-30T18:15:00+02:00;2026-09-30T18:55:00+02:00;769f9343f247
2026-10-01;excenevex;ICONCH1;2026-10-01T12:00;6.1;8.7;248.0;18.9;0.3;100.0;51.0;100.0;100.0;100.0;46.351723;6.3624268;0.0;2026-09-30T18:15:00+02:00;2026-09-30T18:55:00+02:00;769f9343f247
2026-10-01;excenevex;ICONCH1;2026-10-01T13:00;4.5;8.7;239.0;18.4;1.3;100.0;43.0;100.0;100.0;100.0;46.351723;6.3624268;0.0;2026-09-30T18:15:00+02:00;2026-09-30T18:55:00+02:00;769f9343f247
2026-10-01;excenevex;ICONCH1;2026-10-01T14:00;4.4;7.0;249.0;18.5;0.9;100.0;44.0;100.0;100.0;100.0;46.351723;6.3624268;0.0;2026-09-30T18:15:00+02:00;2026-09-30T18:55:00+02:00;769f9343f247
2026-10-01;excenevex;ICONCH1;2026-10-01T15:00;3.7;6.6;238.0;18.5;0.7;100.0;75.0;100.0;100.0;100.0;46.351723;6.3624268;0.0;2026-09-30T18:15:00+02:00;2026-09-30T18:55:00+02:00;769f9343f247
2026-10-01;excenevex;ICONCH1;2026-10-01T16:00;3.7;5.6;227.0;18.7;0.0;100.0;66.0;100.0;100.0;100.0;46.351723;6.3624268;0.0;2026-09-30T18:15:00+02:00;2026-09-30T18:55:00+02:00;769f9343f247
2026-10-01;excenevex;ICONCH1;2026-10-01T17:00;4.2;6.2;233.0;18.7;0.1;100.0;56.0;100.0;100.0;100.0;46.351723;6.3624268;0.0;2026-09-30T18:15:00+02:00;2026-09-30T18:55:00+02:00;769f9343f247
2026-10-01;excenevex;ICONCH1;2026-10-01T18:00;3.4;6.0;239.0;18.7;0.5;100.0;48.0;100.0;100.0;100.0;46.351723;6.3624268;0.0;2026-09-30T18:15:00+02:00;2026-09-30T18:55:00+02:00;769f9343f247
2026-10-01;excenevex;ICONCH1;2026-10-01T19:00;4.2;6.0;242.0;18.7;0.2;100.0;75.0;100.0;100.0;100.0;46.351723;6.3624268;0.0;2026-09-30T18:15:00+02:00;2026-09-30T18:55:00+02:00;769f9343f247
2026-10-01;excenevex;ICONCH1;2026-10-01T20:00;3.7;7.2;245.0;18.3;0.6;100.0;67.0;100.0;100.0;100.0;46.351723;6.3624268;0.0;2026-09-30T18:15:00+02:00;2026-09-30T18:55:00+02:00;769f9343f247
2026-10-01;excenevex;ICONCH1;2026-10-01T21:00;3.8;7.0;235.0;18.4;0.3;100.0;84.0;100.0;98.0;100.0;46.351723;6.3624268;0.0;2026-09-30T18:15:00+02:00;2026-09-30T18:55:00+02:00;769f9343f247
2026-10-01;excenevex;ICONCH1;2026-10-01T22:00;7.7;10.7;242.0;18.1;0.1;100.0;76.0;100.0;100.0;100.0;46.351723;6.3624268;0.0;2026-09-30T18:15:00+02:00;2026-09-30T18:55:00+02:00;769f9343f247
2026-10-01;excenevex;ICONCH1;2026-10-01T23:00;5.4;12.2;226.0;17.6;0.5;100.0;62.0;100.0;100.0;100.0;46.351723;6.3624268;0.0;2026-09-30T18:15:00+02:00;2026-09-30T18:55:00+02:00;769f9343f247
2026-10-01;hermance;AROMEHD;2026-10-01T01:00;5.5;6.6;219.0;19.6;0.1;;0.0;100.0;100.0;100.0;46.309998;6.24;0.0;2026-09-30T18:15:00+02:00;2026-09-30T18:55:00+02:00;769f9343f247
2026-10-01;hermance;AROMEHD;2026-10-01T02:00;3.4;6.8;227.0;19.6;0.0;;3.0;100.0;100.0;100.0;46.309998;6.24;0.0;2026-09-30T18:15:00+02:00;2026-09-30T18:55:00+02:00;769f9343f247
2026-10-01;hermance;AROMEHD;2026-10-01T03:00;3.6;4.5;196.0;19.3;0.0;;29.0;100.0;100.0;100.0;46.309998;6.24;0.0;2026-09-30T18:15:00+02:00;2026-09-30T18:55:00+02:00;769f9343f247
2026-10-01;hermance;AROMEHD;2026-10-01T04:00;3.6;5.6;193.0;18.7;0.4;;3.0;100.0;100.0;100.0;46.309998;6.24;0.0;2026-09-30T18:15:00+02:00;2026-09-30T18:55:00+02:00;769f9343f247
2026-10-01;hermance;AROMEHD;2026-10-01T05:00;2.3;4.9;228.0;18.5;0.3;;2.0;100.0;100.0;100.0;46.309998;6.24;0.0;2026-09-30T18:15:00+02:00;2026-09-30T18:55:00+02:00;769f9343f247
2026-10-01;hermance;AROMEHD;2026-10-01T06:00;0.3;3.3;315.0;18.6;0.0;;0.0;100.0;100.0;100.0;46.309998;6.24;0.0;2026-09-30T18:15:00+02:00;2026-09-30T18:55:00+02:00;769f9343f247
2026-10-01;hermance;AROMEHD;2026-10-01T07:00;2.5;3.3;94.0;18.0;0.0;;0.0;100.0;93.0;100.0;46.309998;6.24;0.0;2026-09-30T18:15:00+02:00;2026-09-30T18:55:00+02:00;769f9343f247
2026-10-01;hermance;AROMEHD;2026-10-01T08:00;4.3;5.2;90.0;17.8;0.0;;0.0;17.0;46.0;46.0;46.309998;6.24;0.0;2026-09-30T18:15:00+02:00;2026-09-30T18:55:00+02:00;769f9343f247
2026-10-01;hermance;AROMEHD;2026-10-01T09:00;3.3;5.4;90.0;18.1;0.0;;1.0;63.0;100.0;100.0;46.309998;6.24;0.0;2026-09-30T18:15:00+02:00;2026-09-30T18:55:00+02:00;769f9343f247
2026-10-01;hermance;AROMEHD;2026-10-01T10:00;1.7;4.3;69.0;18.5;0.0;;7.0;100.0;100.0;100.0;46.309998;6.24;0.0;2026-09-30T18:15:00+02:00;2026-09-30T18:55:00+02:00;769f9343f247
2026-10-01;hermance;AROMEHD;2026-10-01T11:00;2.0;1.0;241.0;18.6;0.0;;0.0;100.0;100.0;100.0;46.309998;6.24;0.0;2026-09-30T18:15:00+02:00;2026-09-30T18:55:00+02:00;769f9343f247
2026-10-01;hermance;AROMEHD;2026-10-01T12:00;4.2;6.2;217.0;18.7;0.2;;0.0;100.0;100.0;100.0;46.309998;6.24;0.0;2026-09-30T18:15:00+02:00;2026-09-30T18:55:00+02:00;769f9343f247
2026-10-01;hermance;AROMEHD;2026-10-01T13:00;5.8;7.4;230.0;18.6;0.6;;35.0;100.0;100.0;100.0;46.309998;6.24;0.0;2026-09-30T18:15:00+02:00;2026-09-30T18:55:00+02:00;769f9343f247
2026-10-01;hermance;AROMEHD;2026-10-01T14:00;5.0;7.6;219.0;18.3;0.8;;5.0;100.0;100.0;100.0;46.309998;6.24;0.0;2026-09-30T18:15:00+02:00;2026-09-30T18:55:00+02:00;769f9343f247
2026-10-01;hermance;AROMEHD;2026-10-01T15:00;5.8;7.2;195.0;18.9;0.2;;100.0;100.0;100.0;100.0;46.309998;6.24;0.0;2026-09-30T18:15:00+02:00;2026-09-30T18:55:00+02:00;769f9343f247
2026-10-01;hermance;AROMEHD;2026-10-01T16:00;6.7;9.1;197.0;19.7;0.0;;100.0;100.0;100.0;100.0;46.309998;6.24;0.0;2026-09-30T18:15:00+02:00;2026-09-30T18:55:00+02:00;769f9343f247
2026-10-01;hermance;AROMEHD;2026-10-01T17:00;8.1;9.9;215.0;19.4;0.2;;100.0;100.0;100.0;100.0;46.309998;6.24;0.0;2026-09-30T18:15:00+02:00;2026-09-30T18:55:00+02:00;769f9343f247
2026-10-01;hermance;AROMEHD;2026-10-01T18:00;6.2;10.3;200.0;18.6;1.3;;100.0;100.0;100.0;100.0;46.309998;6.24;0.0;2026-09-30T18:15:00+02:00;2026-09-30T18:55:00+02:00;769f9343f247
2026-10-01;hermance;AROMEHD;2026-10-01T19:00;3.1;7.8;162.0;18.6;0.7;;100.0;100.0;100.0;100.0;46.309998;6.24;0.0;2026-09-30T18:15:00+02:00;2026-09-30T18:55:00+02:00;769f9343f247
2026-10-01;hermance;AROMEHD;2026-10-01T20:00;5.2;7.6;31.0;18.4;0.3;;100.0;100.0;100.0;100.0;46.309998;6.24;0.0;2026-09-30T18:15:00+02:00;2026-09-30T18:55:00+02:00;769f9343f247
2026-10-01;hermance;AROMEHD;2026-10-01T21:00;10.9;14.0;358.0;18.6;0.0;;100.0;100.0;100.0;100.0;46.309998;6.24;0.0;2026-09-30T18:15:00+02:00;2026-09-30T18:55:00+02:00;769f9343f247
2026-10-01;hermance;AROMEHD;2026-10-01T22:00;11.6;19.2;61.0;17.1;0.0;;100.0;100.0;100.0;100.0;46.309998;6.24;0.0;2026-09-30T18:15:00+02:00;2026-09-30T18:55:00+02:00;769f9343f247
2026-10-01;hermance;AROMEHD;2026-10-01T23:00;9.3;15.4;90.0;16.8;0.0;;99.0;100.0;100.0;100.0;46.309998;6.24;0.0;2026-09-30T18:15:00+02:00;2026-09-30T18:55:00+02:00;769f9343f247
2026-10-01;hermance;AROMEHD;2026-10-02T00:00;7.2;13.0;87.0;16.6;0.2;;75.0;100.0;100.0;100.0;46.309998;6.24;0.0;2026-09-30T18:15:00+02:00;2026-09-30T18:55:00+02:00;769f9343f247
2026-10-01;hermance;ICONCH1;2026-10-01T01:00;3.9;5.4;198.0;19.6;0.0;100.0;0.0;94.0;100.0;100.0;46.30753;6.2349854;0.0;2026-09-30T18:15:00+02:00;2026-09-30T18:55:00+02:00;769f9343f247
2026-10-01;hermance;ICONCH1;2026-10-01T02:00;3.7;5.2;162.0;18.8;0.0;100.0;0.0;100.0;100.0;100.0;46.30753;6.2349854;0.0;2026-09-30T18:15:00+02:00;2026-09-30T18:55:00+02:00;769f9343f247
2026-10-01;hermance;ICONCH1;2026-10-01T03:00;3.1;5.4;173.0;18.7;0.0;100.0;0.0;100.0;100.0;100.0;46.30753;6.2349854;0.0;2026-09-30T18:15:00+02:00;2026-09-30T18:55:00+02:00;769f9343f247
2026-10-01;hermance;ICONCH1;2026-10-01T04:00;2.8;4.1;164.0;18.4;0.0;100.0;0.0;100.0;100.0;100.0;46.30753;6.2349854;0.0;2026-09-30T18:15:00+02:00;2026-09-30T18:55:00+02:00;769f9343f247
2026-10-01;hermance;ICONCH1;2026-10-01T05:00;2.8;4.5;155.0;18.1;0.0;99.0;0.0;99.0;31.0;99.0;46.30753;6.2349854;0.0;2026-09-30T18:15:00+02:00;2026-09-30T18:55:00+02:00;769f9343f247
2026-10-01;hermance;ICONCH1;2026-10-01T06:00;2.3;3.7;175.0;18.2;0.0;100.0;8.0;100.0;89.0;100.0;46.30753;6.2349854;0.0;2026-09-30T18:15:00+02:00;2026-09-30T18:55:00+02:00;769f9343f247
2026-10-01;hermance;ICONCH1;2026-10-01T07:00;2.4;3.5;166.0;18.0;0.0;98.0;27.0;83.0;82.0;98.0;46.30753;6.2349854;0.0;2026-09-30T18:15:00+02:00;2026-09-30T18:55:00+02:00;769f9343f247
2026-10-01;hermance;ICONCH1;2026-10-01T08:00;2.6;4.1;171.0;17.9;0.0;100.0;22.0;99.0;100.0;100.0;46.30753;6.2349854;0.0;2026-09-30T18:15:00+02:00;2026-09-30T18:55:00+02:00;769f9343f247
2026-10-01;hermance;ICONCH1;2026-10-01T09:00;2.2;4.1;165.0;18.1;0.0;100.0;52.0;100.0;100.0;100.0;46.30753;6.2349854;0.0;2026-09-30T18:15:00+02:00;2026-09-30T18:55:00+02:00;769f9343f247
2026-10-01;hermance;ICONCH1;2026-10-01T10:00;2.8;4.5;196.0;18.5;0.0;100.0;52.0;100.0;100.0;100.0;46.30753;6.2349854;0.0;2026-09-30T18:15:00+02:00;2026-09-30T18:55:00+02:00;769f9343f247
2026-10-01;hermance;ICONCH1;2026-10-01T11:00;5.3;7.0;219.0;18.8;0.1;100.0;58.0;99.0;100.0;100.0;46.30753;6.2349854;0.0;2026-09-30T18:15:00+02:00;2026-09-30T18:55:00+02:00;769f9343f247
2026-10-01;hermance;ICONCH1;2026-10-01T12:00;5.3;8.7;231.0;18.3;1.3;100.0;56.0;100.0;100.0;100.0;46.30753;6.2349854;0.0;2026-09-30T18:15:00+02:00;2026-09-30T18:55:00+02:00;769f9343f247
2026-10-01;hermance;ICONCH1;2026-10-01T13:00;4.4;7.0;221.0;18.3;1.4;100.0;56.0;100.0;100.0;100.0;46.30753;6.2349854;0.0;2026-09-30T18:15:00+02:00;2026-09-30T18:55:00+02:00;769f9343f247
2026-10-01;hermance;ICONCH1;2026-10-01T14:00;3.9;5.8;217.0;18.4;1.1;100.0;45.0;100.0;100.0;100.0;46.30753;6.2349854;0.0;2026-09-30T18:15:00+02:00;2026-09-30T18:55:00+02:00;769f9343f247
2026-10-01;hermance;ICONCH1;2026-10-01T15:00;3.9;5.6;217.0;18.7;0.3;100.0;72.0;100.0;100.0;100.0;46.30753;6.2349854;0.0;2026-09-30T18:15:00+02:00;2026-09-30T18:55:00+02:00;769f9343f247
2026-10-01;hermance;ICONCH1;2026-10-01T16:00;5.1;6.8;220.0;18.9;0.1;100.0;69.0;100.0;100.0;100.0;46.30753;6.2349854;0.0;2026-09-30T18:15:00+02:00;2026-09-30T18:55:00+02:00;769f9343f247
2026-10-01;hermance;ICONCH1;2026-10-01T17:00;5.4;8.0;215.0;18.9;0.2;100.0;71.0;100.0;100.0;100.0;46.30753;6.2349854;0.0;2026-09-30T18:15:00+02:00;2026-09-30T18:55:00+02:00;769f9343f247
2026-10-01;hermance;ICONCH1;2026-10-01T18:00;6.0;7.8;213.0;19.1;0.3;100.0;58.0;100.0;100.0;100.0;46.30753;6.2349854;0.0;2026-09-30T18:15:00+02:00;2026-09-30T18:55:00+02:00;769f9343f247
2026-10-01;hermance;ICONCH1;2026-10-01T19:00;7.9;10.5;208.0;19.1;0.1;100.0;90.0;100.0;100.0;100.0;46.30753;6.2349854;0.0;2026-09-30T18:15:00+02:00;2026-09-30T18:55:00+02:00;769f9343f247
2026-10-01;hermance;ICONCH1;2026-10-01T20:00;6.7;10.1;206.0;18.8;0.3;100.0;76.0;100.0;100.0;100.0;46.30753;6.2349854;0.0;2026-09-30T18:15:00+02:00;2026-09-30T18:55:00+02:00;769f9343f247
2026-10-01;hermance;ICONCH1;2026-10-01T21:00;6.9;9.5;196.0;18.6;0.3;100.0;74.0;100.0;100.0;100.0;46.30753;6.2349854;0.0;2026-09-30T18:15:00+02:00;2026-09-30T18:55:00+02:00;769f9343f247
2026-10-01;hermance;ICONCH1;2026-10-01T22:00;6.5;9.5;210.0;18.0;1.8;100.0;71.0;100.0;100.0;100.0;46.30753;6.2349854;0.0;2026-09-30T18:15:00+02:00;2026-09-30T18:55:00+02:00;769f9343f247
2026-10-01;hermance;ICONCH1;2026-10-01T23:00;3.9;8.4;186.0;17.7;1.5;100.0;57.0;100.0;100.0;100.0;46.30753;6.2349854;0.0;2026-09-30T18:15:00+02:00;2026-09-30T18:55:00+02:00;769f9343f247
2026-10-01;loire_sur_rhone;AROMEHD;2026-10-01T01:00;10.5;22.4;168.0;20.4;0.0;;0.0;100.0;100.0;100.0;45.559998;4.8199997;170.0;2026-09-30T18:15:00+02:00;2026-09-30T18:55:00+02:00;769f9343f247
2026-10-01;loire_sur_rhone;AROMEHD;2026-10-01T02:00;10.5;23.7;169.0;20.3;0.0;;0.0;100.0;100.0;100.0;45.559998;4.8199997;170.0;2026-09-30T18:15:00+02:00;2026-09-30T18:55:00+02:00;769f9343f247
2026-10-01;loire_sur_rhone;AROMEHD;2026-10-01T03:00;6.9;22.2;158.0;20.2;0.0;;0.0;100.0;100.0;100.0;45.559998;4.8199997;170.0;2026-09-30T18:15:00+02:00;2026-09-30T18:55:00+02:00;769f9343f247
2026-10-01;loire_sur_rhone;AROMEHD;2026-10-01T04:00;6.0;15.9;151.0;20.1;0.0;;0.0;96.0;100.0;100.0;45.559998;4.8199997;170.0;2026-09-30T18:15:00+02:00;2026-09-30T18:55:00+02:00;769f9343f247
2026-10-01;loire_sur_rhone;AROMEHD;2026-10-01T05:00;1.8;13.6;96.0;19.7;0.0;;1.0;99.0;100.0;100.0;45.559998;4.8199997;170.0;2026-09-30T18:15:00+02:00;2026-09-30T18:55:00+02:00;769f9343f247
2026-10-01;loire_sur_rhone;AROMEHD;2026-10-01T06:00;4.4;8.0;135.0;19.5;0.0;;10.0;100.0;100.0;100.0;45.559998;4.8199997;170.0;2026-09-30T18:15:00+02:00;2026-09-30T18:55:00+02:00;769f9343f247
2026-10-01;loire_sur_rhone;AROMEHD;2026-10-01T07:00;2.1;6.0;326.0;19.4;0.0;;100.0;100.0;100.0;100.0;45.559998;4.8199997;170.0;2026-09-30T18:15:00+02:00;2026-09-30T18:55:00+02:00;769f9343f247
2026-10-01;loire_sur_rhone;AROMEHD;2026-10-01T08:00;0.7;11.9;326.0;18.4;1.9;;100.0;100.0;100.0;100.0;45.559998;4.8199997;170.0;2026-09-30T18:15:00+02:00;2026-09-30T18:55:00+02:00;769f9343f247
2026-10-01;loire_sur_rhone;AROMEHD;2026-10-01T09:00;1.0;1.4;112.0;18.6;2.0;;47.0;100.0;100.0;100.0;45.559998;4.8199997;170.0;2026-09-30T18:15:00+02:00;2026-09-30T18:55:00+02:00;769f9343f247
2026-10-01;loire_sur_rhone;AROMEHD;2026-10-01T10:00;2.0;4.7;119.0;19.0;0.2;;0.0;99.0;100.0;100.0;45.559998;4.8199997;170.0;2026-09-30T18:15:00+02:00;2026-09-30T18:55:00+02:00;769f9343f247
2026-10-01;loire_sur_rhone;AROMEHD;2026-10-01T11:00;2.0;4.7;191.0;19.7;0.0;;32.0;100.0;100.0;100.0;45.559998;4.8199997;170.0;2026-09-30T18:15:00+02:00;2026-09-30T18:55:00+02:00;769f9343f247
2026-10-01;loire_sur_rhone;AROMEHD;2026-10-01T12:00;2.4;5.6;194.0;20.0;0.0;;100.0;100.0;100.0;100.0;45.559998;4.8199997;170.0;2026-09-30T18:15:00+02:00;2026-09-30T18:55:00+02:00;769f9343f247
2026-10-01;loire_sur_rhone;AROMEHD;2026-10-01T13:00;1.8;5.6;186.0;20.1;0.0;;100.0;97.0;100.0;100.0;45.559998;4.8199997;170.0;2026-09-30T18:15:00+02:00;2026-09-30T18:55:00+02:00;769f9343f247
2026-10-01;loire_sur_rhone;AROMEHD;2026-10-01T14:00;0.9;5.1;243.0;20.7;0.0;;87.0;100.0;100.0;100.0;45.559998;4.8199997;170.0;2026-09-30T18:15:00+02:00;2026-09-30T18:55:00+02:00;769f9343f247
2026-10-01;loire_sur_rhone;AROMEHD;2026-10-01T15:00;4.1;14.4;341.0;19.1;0.1;;100.0;100.0;100.0;100.0;45.559998;4.8199997;170.0;2026-09-30T18:15:00+02:00;2026-09-30T18:55:00+02:00;769f9343f247
2026-10-01;loire_sur_rhone;AROMEHD;2026-10-01T16:00;4.4;10.3;331.0;18.3;0.3;;100.0;100.0;100.0;100.0;45.559998;4.8199997;170.0;2026-09-30T18:15:00+02:00;2026-09-30T18:55:00+02:00;769f9343f247
2026-10-01;loire_sur_rhone;AROMEHD;2026-10-01T17:00;5.7;12.2;342.0;17.9;1.7;;100.0;100.0;100.0;100.0;45.559998;4.8199997;170.0;2026-09-30T18:15:00+02:00;2026-09-30T18:55:00+02:00;769f9343f247
2026-10-01;loire_sur_rhone;AROMEHD;2026-10-01T18:00;3.5;11.5;333.0;18.0;0.1;;100.0;100.0;100.0;100.0;45.559998;4.8199997;170.0;2026-09-30T18:15:00+02:00;2026-09-30T18:55:00+02:00;769f9343f247
2026-10-01;loire_sur_rhone;AROMEHD;2026-10-01T19:00;4.4;9.3;315.0;18.1;0.0;;100.0;97.0;99.0;100.0;45.559998;4.8199997;170.0;2026-09-30T18:15:00+02:00;2026-09-30T18:55:00+02:00;769f9343f247
2026-10-01;loire_sur_rhone;AROMEHD;2026-10-01T20:00;3.7;8.6;328.0;17.9;0.0;;81.0;100.0;100.0;100.0;45.559998;4.8199997;170.0;2026-09-30T18:15:00+02:00;2026-09-30T18:55:00+02:00;769f9343f247
2026-10-01;loire_sur_rhone;AROMEHD;2026-10-01T21:00;4.0;7.6;313.0;17.5;0.0;;6.0;100.0;100.0;100.0;45.559998;4.8199997;170.0;2026-09-30T18:15:00+02:00;2026-09-30T18:55:00+02:00;769f9343f247
2026-10-01;loire_sur_rhone;AROMEHD;2026-10-01T22:00;4.1;8.4;295.0;17.1;0.0;;4.0;100.0;100.0;100.0;45.559998;4.8199997;170.0;2026-09-30T18:15:00+02:00;2026-09-30T18:55:00+02:00;769f9343f247
2026-10-01;loire_sur_rhone;AROMEHD;2026-10-01T23:00;3.8;7.8;282.0;16.7;0.0;;0.0;99.0;100.0;100.0;45.559998;4.8199997;170.0;2026-09-30T18:15:00+02:00;2026-09-30T18:55:00+02:00;769f9343f247
2026-10-01;loire_sur_rhone;AROMEHD;2026-10-02T00:00;3.7;7.4;279.0;16.5;0.1;;0.0;100.0;81.0;100.0;45.559998;4.8199997;170.0;2026-09-30T18:15:00+02:00;2026-09-30T18:55:00+02:00;769f9343f247
2026-10-01;loire_sur_rhone;ICONCH1;2026-10-01T01:00;16.9;29.2;177.0;19.8;0.0;100.0;0.0;82.0;100.0;100.0;45.550514;4.828491;200.0;2026-09-30T18:15:00+02:00;2026-09-30T18:55:00+02:00;769f9343f247
2026-10-01;loire_sur_rhone;ICONCH1;2026-10-01T02:00;17.6;28.6;174.0;19.8;0.0;99.0;0.0;95.0;88.0;99.0;45.550514;4.828491;200.0;2026-09-30T18:15:00+02:00;2026-09-30T18:55:00+02:00;769f9343f247
2026-10-01;loire_sur_rhone;ICONCH1;2026-10-01T03:00;16.1;29.5;178.0;19.6;0.0;100.0;6.0;94.0;100.0;100.0;45.550514;4.828491;200.0;2026-09-30T18:15:00+02:00;2026-09-30T18:55:00+02:00;769f9343f247
2026-10-01;loire_sur_rhone;ICONCH1;2026-10-01T04:00;16.3;31.5;172.0;19.5;0.0;100.0;9.0;92.0;100.0;100.0;45.550514;4.828491;200.0;2026-09-30T18:15:00+02:00;2026-09-30T18:55:00+02:00;769f9343f247
2026-10-01;loire_sur_rhone;ICONCH1;2026-10-01T05:00;20.8;33.2;181.0;19.7;0.0;100.0;0.0;93.0;100.0;100.0;45.550514;4.828491;200.0;2026-09-30T18:15:00+02:00;2026-09-30T18:55:00+02:00;769f9343f247
2026-10-01;loire_sur_rhone;ICONCH1;2026-10-01T06:00;17.9;34.6;177.0;19.5;0.0;100.0;14.0;75.0;100.0;100.0;45.550514;4.828491;200.0;2026-09-30T18:15:00+02:00;2026-09-30T18:55:00+02:00;769f9343f247
2026-10-01;loire_sur_rhone;ICONCH1;2026-10-01T07:00;15.1;31.1;188.0;19.2;0.0;100.0;22.0;72.0;100.0;100.0;45.550514;4.828491;200.0;2026-09-30T18:15:00+02:00;2026-09-30T18:55:00+02:00;769f9343f247
2026-10-01;loire_sur_rhone;ICONCH1;2026-10-01T08:00;4.4;24.3;218.0;19.2;0.0;100.0;76.0;83.0;100.0;100.0;45.550514;4.828491;200.0;2026-09-30T18:15:00+02:00;2026-09-30T18:55:00+02:00;769f9343f247
2026-10-01;loire_sur_rhone;ICONCH1;2026-10-01T09:00;6.8;12.2;180.0;19.7;0.0;100.0;54.0;78.0;100.0;100.0;45.550514;4.828491;200.0;2026-09-30T18:15:00+02:00;2026-09-30T18:55:00+02:00;769f9343f247
2026-10-01;loire_sur_rhone;ICONCH1;2026-10-01T10:00;8.0;14.2;187.0;20.4;0.0;100.0;90.0;90.0;100.0;100.0;45.550514;4.828491;200.0;2026-09-30T18:15:00+02:00;2026-09-30T18:55:00+02:00;769f9343f247
2026-10-01;loire_sur_rhone;ICONCH1;2026-10-01T11:00;10.3;16.9;185.0;20.9;0.0;100.0;80.0;100.0;100.0;100.0;45.550514;4.828491;200.0;2026-09-30T18:15:00+02:00;2026-09-30T18:55:00+02:00;769f9343f247
2026-10-01;loire_sur_rhone;ICONCH1;2026-10-01T12:00;10.2;17.5;188.0;21.1;0.0;100.0;98.0;100.0;100.0;100.0;45.550514;4.828491;200.0;2026-09-30T18:15:00+02:00;2026-09-30T18:55:00+02:00;769f9343f247
2026-10-01;loire_sur_rhone;ICONCH1;2026-10-01T13:00;5.3;16.3;197.0;20.7;0.0;100.0;99.0;100.0;100.0;100.0;45.550514;4.828491;200.0;2026-09-30T18:15:00+02:00;2026-09-30T18:55:00+02:00;769f9343f247
2026-10-01;loire_sur_rhone;ICONCH1;2026-10-01T14:00;2.9;8.6;222.0;20.0;1.3;100.0;83.0;100.0;100.0;100.0;45.550514;4.828491;200.0;2026-09-30T18:15:00+02:00;2026-09-30T18:55:00+02:00;769f9343f247
2026-10-01;loire_sur_rhone;ICONCH1;2026-10-01T15:00;3.9;6.2;342.0;18.8;3.6;100.0;100.0;99.0;100.0;100.0;45.550514;4.828491;200.0;2026-09-30T18:15:00+02:00;2026-09-30T18:55:00+02:00;769f9343f247
2026-10-01;loire_sur_rhone;ICONCH1;2026-10-01T16:00;4.0;12.2;321.0;17.9;2.4;100.0;100.0;100.0;100.0;100.0;45.550514;4.828491;200.0;2026-09-30T18:15:00+02:00;2026-09-30T18:55:00+02:00;769f9343f247
2026-10-01;loire_sur_rhone;ICONCH1;2026-10-01T17:00;2.9;7.0;332.0;17.4;6.5;100.0;88.0;100.0;100.0;100.0;45.550514;4.828491;200.0;2026-09-30T18:15:00+02:00;2026-09-30T18:55:00+02:00;769f9343f247
2026-10-01;loire_sur_rhone;ICONCH1;2026-10-01T18:00;7.0;11.1;337.0;17.6;2.9;100.0;100.0;100.0;100.0;100.0;45.550514;4.828491;200.0;2026-09-30T18:15:00+02:00;2026-09-30T18:55:00+02:00;769f9343f247
2026-10-01;loire_sur_rhone;ICONCH1;2026-10-01T19:00;5.5;12.1;333.0;17.4;0.3;100.0;100.0;93.0;100.0;100.0;45.550514;4.828491;200.0;2026-09-30T18:15:00+02:00;2026-09-30T18:55:00+02:00;769f9343f247
2026-10-01;loire_sur_rhone;ICONCH1;2026-10-01T20:00;3.8;9.1;339.0;17.3;0.3;100.0;89.0;100.0;100.0;100.0;45.550514;4.828491;200.0;2026-09-30T18:15:00+02:00;2026-09-30T18:55:00+02:00;769f9343f247
2026-10-01;loire_sur_rhone;ICONCH1;2026-10-01T21:00;5.2;8.9;312.0;17.2;0.1;100.0;100.0;100.0;100.0;100.0;45.550514;4.828491;200.0;2026-09-30T18:15:00+02:00;2026-09-30T18:55:00+02:00;769f9343f247
2026-10-01;loire_sur_rhone;ICONCH1;2026-10-01T22:00;4.4;8.6;311.0;17.2;0.0;100.0;83.0;97.0;100.0;100.0;45.550514;4.828491;200.0;2026-09-30T18:15:00+02:00;2026-09-30T18:55:00+02:00;769f9343f247
2026-10-01;loire_sur_rhone;ICONCH1;2026-10-01T23:00;5.0;8.9;301.0;17.4;0.0;100.0;88.0;100.0;51.0;100.0;45.550514;4.828491;200.0;2026-09-30T18:15:00+02:00;2026-09-30T18:55:00+02:00;769f9343f247
2026-10-01;messery;AROMEHD;2026-10-01T01:00;6.6;8.7;201.0;19.6;0.1;;0.0;100.0;100.0;100.0;46.35;6.2700005;0.0;2026-09-30T18:15:00+02:00;2026-09-30T18:55:00+02:00;769f9343f247
2026-10-01;messery;AROMEHD;2026-10-01T02:00;4.9;8.2;209.0;19.6;0.0;;3.0;100.0;100.0;100.0;46.35;6.2700005;0.0;2026-09-30T18:15:00+02:00;2026-09-30T18:55:00+02:00;769f9343f247
2026-10-01;messery;AROMEHD;2026-10-01T03:00;4.7;6.0;180.0;19.0;0.0;;86.0;100.0;100.0;100.0;46.35;6.2700005;0.0;2026-09-30T18:15:00+02:00;2026-09-30T18:55:00+02:00;769f9343f247
2026-10-01;messery;AROMEHD;2026-10-01T04:00;5.5;7.0;197.0;18.9;0.1;;7.0;100.0;100.0;100.0;46.35;6.2700005;0.0;2026-09-30T18:15:00+02:00;2026-09-30T18:55:00+02:00;769f9343f247
2026-10-01;messery;AROMEHD;2026-10-01T05:00;3.3;7.0;187.0;18.4;0.3;;4.0;100.0;100.0;100.0;46.35;6.2700005;0.0;2026-09-30T18:15:00+02:00;2026-09-30T18:55:00+02:00;769f9343f247
2026-10-01;messery;AROMEHD;2026-10-01T06:00;2.4;4.5;119.0;17.7;0.0;;1.0;100.0;100.0;100.0;46.35;6.2700005;0.0;2026-09-30T18:15:00+02:00;2026-09-30T18:55:00+02:00;769f9343f247
2026-10-01;messery;AROMEHD;2026-10-01T07:00;1.5;3.1;113.0;18.0;0.0;;0.0;100.0;95.0;100.0;46.35;6.2700005;0.0;2026-09-30T18:15:00+02:00;2026-09-30T18:55:00+02:00;769f9343f247
2026-10-01;messery;AROMEHD;2026-10-01T08:00;3.2;4.3;104.0;17.9;0.0;;0.0;38.0;36.0;38.0;46.35;6.2700005;0.0;2026-09-30T18:15:00+02:00;2026-09-30T18:55:00+02:00;769f9343f247
2026-10-01;messery;AROMEHD;2026-10-01T09:00;2.6;3.9;48.0;18.2;0.0;;22.0;52.0;100.0;100.0;46.35;6.2700005;0.0;2026-09-30T18:15:00+02:00;2026-09-30T18:55:00+02:00;769f9343f247
2026-10-01;messery;AROMEHD;2026-10-01T10:00;3.6;6.0;61.0;18.7;0.0;;4.0;74.0;100.0;100.0;46.35;6.2700005;0.0;2026-09-30T18:15:00+02:00;2026-09-30T18:55:00+02:00;769f9343f247
2026-10-01;messery;AROMEHD;2026-10-01T11:00;1.1;5.2;225.0;18.8;0.0;;1.0;100.0;100.0;100.0;46.35;6.2700005;0.0;2026-09-30T18:15:00+02:00;2026-09-30T18:55:00+02:00;769f9343f247
2026-10-01;messery;AROMEHD;2026-10-01T12:00;5.2;6.6;222.0;18.6;0.2;;1.0;100.0;100.0;100.0;46.35;6.2700005;0.0;2026-09-30T18:15:00+02:00;2026-09-30T18:55:00+02:00;769f9343f247
2026-10-01;messery;AROMEHD;2026-10-01T13:00;6.6;8.0;214.0;18.6;0.6;;24.0;100.0;100.0;100.0;46.35;6.2700005;0.0;2026-09-30T18:15:00+02:00;2026-09-30T18:55:00+02:00;769f9343f247
2026-10-01;messery;AROMEHD;2026-10-01T14:00;6.3;8.6;225.0;18.3;0.8;;14.0;100.0;100.0;100.0;46.35;6.2700005;0.0;2026-09-30T18:15:00+02:00;2026-09-30T18:55:00+02:00;769f9343f247
2026-10-01;messery;AROMEHD;2026-10-01T15:00;7.6;9.3;199.0;18.7;0.2;;100.0;100.0;100.0;100.0;46.35;6.2700005;0.0;2026-09-30T18:15:00+02:00;2026-09-30T18:55:00+02:00;769f9343f247
2026-10-01;messery;AROMEHD;2026-10-01T16:00;8.0;11.7;198.0;19.5;0.0;;100.0;100.0;100.0;100.0;46.35;6.2700005;0.0;2026-09-30T18:15:00+02:00;2026-09-30T18:55:00+02:00;769f9343f247
2026-10-01;messery;AROMEHD;2026-10-01T17:00;9.2;10.9;222.0;19.5;0.1;;100.0;100.0;100.0;100.0;46.35;6.2700005;0.0;2026-09-30T18:15:00+02:00;2026-09-30T18:55:00+02:00;769f9343f247
2026-10-01;messery;AROMEHD;2026-10-01T18:00;6.3;11.3;202.0;18.5;1.4;;100.0;100.0;100.0;100.0;46.35;6.2700005;0.0;2026-09-30T18:15:00+02:00;2026-09-30T18:55:00+02:00;769f9343f247
2026-10-01;messery;AROMEHD;2026-10-01T19:00;4.5;8.0;162.0;18.3;1.8;;100.0;100.0;100.0;100.0;46.35;6.2700005;0.0;2026-09-30T18:15:00+02:00;2026-09-30T18:55:00+02:00;769f9343f247
2026-10-01;messery;AROMEHD;2026-10-01T20:00;10.0;13.0;336.0;18.5;0.3;;95.0;100.0;100.0;100.0;46.35;6.2700005;0.0;2026-09-30T18:15:00+02:00;2026-09-30T18:55:00+02:00;769f9343f247
2026-10-01;messery;AROMEHD;2026-10-01T21:00;9.3;14.0;356.0;18.3;0.0;;94.0;100.0;100.0;100.0;46.35;6.2700005;0.0;2026-09-30T18:15:00+02:00;2026-09-30T18:55:00+02:00;769f9343f247
2026-10-01;messery;AROMEHD;2026-10-01T22:00;7.0;19.8;84.0;16.8;0.0;;100.0;100.0;100.0;100.0;46.35;6.2700005;0.0;2026-09-30T18:15:00+02:00;2026-09-30T18:55:00+02:00;769f9343f247
2026-10-01;messery;AROMEHD;2026-10-01T23:00;8.1;11.3;117.0;16.4;0.0;;97.0;100.0;100.0;100.0;46.35;6.2700005;0.0;2026-09-30T18:15:00+02:00;2026-09-30T18:55:00+02:00;769f9343f247
2026-10-01;messery;AROMEHD;2026-10-02T00:00;6.0;11.3;103.0;16.5;0.2;;92.0;100.0;100.0;100.0;46.35;6.2700005;0.0;2026-09-30T18:15:00+02:00;2026-09-30T18:55:00+02:00;769f9343f247
2026-10-01;messery;ICONCH1;2026-10-01T01:00;2.9;4.5;222.0;20.1;0.0;100.0;0.0;94.0;100.0;100.0;46.3589;6.2749023;0.0;2026-09-30T18:15:00+02:00;2026-09-30T18:55:00+02:00;769f9343f247
2026-10-01;messery;ICONCH1;2026-10-01T02:00;3.2;4.3;191.0;19.5;0.0;100.0;0.0;97.0;100.0;100.0;46.3589;6.2749023;0.0;2026-09-30T18:15:00+02:00;2026-09-30T18:55:00+02:00;769f9343f247
2026-10-01;messery;ICONCH1;2026-10-01T03:00;3.1;4.5;202.0;19.3;0.0;100.0;0.0;99.0;100.0;100.0;46.3589;6.2749023;0.0;2026-09-30T18:15:00+02:00;2026-09-30T18:55:00+02:00;769f9343f247
2026-10-01;messery;ICONCH1;2026-10-01T04:00;2.1;4.3;202.0;19.1;0.0;100.0;0.0;91.0;100.0;100.0;46.3589;6.2749023;0.0;2026-09-30T18:15:00+02:00;2026-09-30T18:55:00+02:00;769f9343f247
2026-10-01;messery;ICONCH1;2026-10-01T05:00;1.8;2.9;193.0;19.0;0.0;87.0;0.0;81.0;36.0;87.0;46.3589;6.2749023;0.0;2026-09-30T18:15:00+02:00;2026-09-30T18:55:00+02:00;769f9343f247
2026-10-01;messery;ICONCH1;2026-10-01T06:00;1.9;2.9;217.0;19.1;0.0;99.0;10.0;98.0;39.0;99.0;46.3589;6.2749023;0.0;2026-09-30T18:15:00+02:00;2026-09-30T18:55:00+02:00;769f9343f247
2026-10-01;messery;ICONCH1;2026-10-01T07:00;1.4;3.3;254.0;19.1;0.0;97.0;27.0;93.0;35.0;97.0;46.3589;6.2749023;0.0;2026-09-30T18:15:00+02:00;2026-09-30T18:55:00+02:00;769f9343f247
2026-10-01;messery;ICONCH1;2026-10-01T08:00;2.3;3.7;246.0;18.9;0.0;100.0;21.0;97.0;100.0;100.0;46.3589;6.2749023;0.0;2026-09-30T18:15:00+02:00;2026-09-30T18:55:00+02:00;769f9343f247
2026-10-01;messery;ICONCH1;2026-10-01T09:00;1.0;3.5;248.0;18.7;0.0;100.0;43.0;100.0;100.0;100.0;46.3589;6.2749023;0.0;2026-09-30T18:15:00+02:00;2026-09-30T18:55:00+02:00;769f9343f247
2026-10-01;messery;ICONCH1;2026-10-01T10:00;3.7;4.9;212.0;18.7;0.0;100.0;47.0;93.0;100.0;100.0;46.3589;6.2749023;0.0;2026-09-30T18:15:00+02:00;2026-09-30T18:55:00+02:00;769f9343f247
2026-10-01;messery;ICONCH1;2026-10-01T11:00;5.3;7.0;231.0;18.8;0.3;100.0;56.0;100.0;100.0;100.0;46.3589;6.2749023;0.0;2026-09-30T18:15:00+02:00;2026-09-30T18:55:00+02:00;769f9343f247
2026-10-01;messery;ICONCH1;2026-10-01T12:00;6.9;9.1;232.0;18.6;0.4;100.0;61.0;100.0;100.0;100.0;46.3589;6.2749023;0.0;2026-09-30T18:15:00+02:00;2026-09-30T18:55:00+02:00;769f9343f247
2026-10-01;messery;ICONCH1;2026-10-01T13:00;6.0;8.9;225.0;18.4;1.4;100.0;48.0;100.0;100.0;100.0;46.3589;6.2749023;0.0;2026-09-30T18:15:00+02:00;2026-09-30T18:55:00+02:00;769f9343f247
2026-10-01;messery;ICONCH1;2026-10-01T14:00;4.8;8.0;220.0;18.4;1.5;100.0;49.0;100.0;100.0;100.0;46.3589;6.2749023;0.0;2026-09-30T18:15:00+02:00;2026-09-30T18:55:00+02:00;769f9343f247
2026-10-01;messery;ICONCH1;2026-10-01T15:00;4.3;7.0;231.0;18.6;1.1;100.0;86.0;100.0;100.0;100.0;46.3589;6.2749023;0.0;2026-09-30T18:15:00+02:00;2026-09-30T18:55:00+02:00;769f9343f247
2026-10-01;messery;ICONCH1;2026-10-01T16:00;6.1;8.2;230.0;18.8;0.1;100.0;96.0;100.0;100.0;100.0;46.3589;6.2749023;0.0;2026-09-30T18:15:00+02:00;2026-09-30T18:55:00+02:00;769f9343f247
2026-10-01;messery;ICONCH1;2026-10-01T17:00;7.4;9.7;227.0;18.9;0.3;100.0;63.0;100.0;100.0;100.0;46.3589;6.2749023;0.0;2026-09-30T18:15:00+02:00;2026-09-30T18:55:00+02:00;769f9343f247
2026-10-01;messery;ICONCH1;2026-10-01T18:00;7.4;9.5;227.0;19.0;0.3;100.0;91.0;100.0;100.0;100.0;46.3589;6.2749023;0.0;2026-09-30T18:15:00+02:00;2026-09-30T18:55:00+02:00;769f9343f247
2026-10-01;messery;ICONCH1;2026-10-01T19:00;9.0;11.5;229.0;19.2;0.1;100.0;92.0;100.0;100.0;100.0;46.3589;6.2749023;0.0;2026-09-30T18:15:00+02:00;2026-09-30T18:55:00+02:00;769f9343f247
2026-10-01;messery;ICONCH1;2026-10-01T20:00;10.1;13.4;216.0;19.1;0.2;100.0;98.0;100.0;100.0;100.0;46.3589;6.2749023;0.0;2026-09-30T18:15:00+02:00;2026-09-30T18:55:00+02:00;769f9343f247
2026-10-01;messery;ICONCH1;2026-10-01T21:00;10.2;13.2;227.0;19.0;0.1;100.0;79.0;100.0;100.0;100.0;46.3589;6.2749023;0.0;2026-09-30T18:15:00+02:00;2026-09-30T18:55:00+02:00;769f9343f247
2026-10-01;messery;ICONCH1;2026-10-01T22:00;8.2;13.4;225.0;18.3;0.8;100.0;58.0;100.0;100.0;100.0;46.3589;6.2749023;0.0;2026-09-30T18:15:00+02:00;2026-09-30T18:55:00+02:00;769f9343f247
2026-10-01;messery;ICONCH1;2026-10-01T23:00;6.2;10.5;219.0;18.2;1.1;100.0;83.0;100.0;100.0;100.0;46.3589;6.2749023;0.0;2026-09-30T18:15:00+02:00;2026-09-30T18:55:00+02:00;769f9343f247
2026-10-01;parking_pre_rencontre;AROMEHD;2026-10-01T01:00;7.2;18.3;185.0;16.5;0.0;;0.0;99.0;100.0;100.0;45.01;5.779999;0.0;2026-09-30T18:15:00+02:00;2026-09-30T18:55:00+02:00;769f9343f247
2026-10-01;parking_pre_rencontre;AROMEHD;2026-10-01T02:00;6.2;15.7;193.0;16.8;0.0;;0.0;100.0;100.0;100.0;45.01;5.779999;0.0;2026-09-30T18:15:00+02:00;2026-09-30T18:55:00+02:00;769f9343f247
2026-10-01;parking_pre_rencontre;AROMEHD;2026-10-01T03:00;7.0;16.3;185.0;16.8;0.0;;0.0;100.0;100.0;100.0;45.01;5.779999;0.0;2026-09-30T18:15:00+02:00;2026-09-30T18:55:00+02:00;769f9343f247
2026-10-01;parking_pre_rencontre;AROMEHD;2026-10-01T04:00;6.4;17.1;180.0;16.3;0.0;;0.0;100.0;100.0;100.0;45.01;5.779999;0.0;2026-09-30T18:15:00+02:00;2026-09-30T18:55:00+02:00;769f9343f247
2026-10-01;parking_pre_rencontre;AROMEHD;2026-10-01T05:00;4.9;15.0;185.0;15.6;0.2;;9.0;100.0;100.0;100.0;45.01;5.779999;0.0;2026-09-30T18:15:00+02:00;2026-09-30T18:55:00+02:00;769f9343f247
2026-10-01;parking_pre_rencontre;AROMEHD;2026-10-01T06:00;5.1;11.7;191.0;15.3;0.1;;42.0;91.0;100.0;100.0;45.01;5.779999;0.0;2026-09-30T18:15:00+02:00;2026-09-30T18:55:00+02:00;769f9343f247
2026-10-01;parking_pre_rencontre;AROMEHD;2026-10-01T07:00;3.7;11.9;177.0;15.2;0.0;;67.0;83.0;100.0;100.0;45.01;5.779999;0.0;2026-09-30T18:15:00+02:00;2026-09-30T18:55:00+02:00;769f9343f247
2026-10-01;parking_pre_rencontre;AROMEHD;2026-10-01T08:00;2.9;8.6;172.0;15.4;0.0;;62.0;99.0;100.0;100.0;45.01;5.779999;0.0;2026-09-30T18:15:00+02:00;2026-09-30T18:55:00+02:00;769f9343f247
2026-10-01;parking_pre_rencontre;AROMEHD;2026-10-01T09:00;3.3;7.6;173.0;15.7;0.0;;64.0;100.0;100.0;100.0;45.01;5.779999;0.0;2026-09-30T18:15:00+02:00;2026-09-30T18:55:00+02:00;769f9343f247
2026-10-01;parking_pre_rencontre;AROMEHD;2026-10-01T10:00;2.5;7.8;176.0;16.3;0.0;;61.0;100.0;100.0;100.0;45.01;5.779999;0.0;2026-09-30T18:15:00+02:00;2026-09-30T18:55:00+02:00;769f9343f247
2026-10-01;parking_pre_rencontre;AROMEHD;2026-10-01T11:00;3.3;7.6;183.0;16.7;0.0;;100.0;100.0;100.0;100.0;45.01;5.779999;0.0;2026-09-30T18:15:00+02:00;2026-09-30T18:55:00+02:00;769f9343f247
2026-10-01;parking_pre_rencontre;AROMEHD;2026-10-01T12:00;3.3;8.6;197.0;15.8;0.9;;100.0;100.0;100.0;100.0;45.01;5.779999;0.0;2026-09-30T18:15:00+02:00;2026-09-30T18:55:00+02:00;769f9343f247
2026-10-01;parking_pre_rencontre;AROMEHD;2026-10-01T13:00;1.0;7.2;233.0;15.5;1.9;;100.0;100.0;100.0;100.0;45.01;5.779999;0.0;2026-09-30T18:15:00+02:00;2026-09-30T18:55:00+02:00;769f9343f247
2026-10-01;parking_pre_rencontre;AROMEHD;2026-10-01T14:00;0.9;1.9;297.0;15.8;1.2;;100.0;100.0;100.0;100.0;45.01;5.779999;0.0;2026-09-30T18:15:00+02:00;2026-09-30T18:55:00+02:00;769f9343f247
2026-10-01;parking_pre_rencontre;AROMEHD;2026-10-01T15:00;2.1;5.2;5.0;15.4;0.9;;85.0;100.0;100.0;100.0;45.01;5.779999;0.0;2026-09-30T18:15:00+02:00;2026-09-30T18:55:00+02:00;769f9343f247
2026-10-01;parking_pre_rencontre;AROMEHD;2026-10-01T16:00;3.3;7.6;360.0;15.3;1.5;;80.0;100.0;100.0;100.0;45.01;5.779999;0.0;2026-09-30T18:15:00+02:00;2026-09-30T18:55:00+02:00;769f9343f247
2026-10-01;parking_pre_rencontre;AROMEHD;2026-10-01T17:00;4.3;9.9;355.0;14.9;0.4;;51.0;100.0;100.0;100.0;45.01;5.779999;0.0;2026-09-30T18:15:00+02:00;2026-09-30T18:55:00+02:00;769f9343f247
2026-10-01;parking_pre_rencontre;AROMEHD;2026-10-01T18:00;5.3;12.2;358.0;14.4;0.1;;67.0;100.0;100.0;100.0;45.01;5.779999;0.0;2026-09-30T18:15:00+02:00;2026-09-30T18:55:00+02:00;769f9343f247
2026-10-01;parking_pre_rencontre;AROMEHD;2026-10-01T19:00;5.5;13.6;4.0;14.2;0.0;;100.0;9.0;100.0;100.0;45.01;5.779999;0.0;2026-09-30T18:15:00+02:00;2026-09-30T18:55:00+02:00;769f9343f247
2026-10-01;parking_pre_rencontre;AROMEHD;2026-10-01T20:00;5.4;13.8;358.0;13.5;0.1;;100.0;19.0;100.0;100.0;45.01;5.779999;0.0;2026-09-30T18:15:00+02:00;2026-09-30T18:55:00+02:00;769f9343f247
2026-10-01;parking_pre_rencontre;AROMEHD;2026-10-01T21:00;5.1;13.4;360.0;12.9;0.3;;100.0;99.0;100.0;100.0;45.01;5.779999;0.0;2026-09-30T18:15:00+02:00;2026-09-30T18:55:00+02:00;769f9343f247
2026-10-01;parking_pre_rencontre;AROMEHD;2026-10-01T22:00;4.9;12.6;358.0;12.5;0.1;;100.0;0.0;100.0;100.0;45.01;5.779999;0.0;2026-09-30T18:15:00+02:00;2026-09-30T18:55:00+02:00;769f9343f247
2026-10-01;parking_pre_rencontre;AROMEHD;2026-10-01T23:00;5.1;12.4;4.0;12.3;0.1;;100.0;0.0;100.0;100.0;45.01;5.779999;0.0;2026-09-30T18:15:00+02:00;2026-09-30T18:55:00+02:00;769f9343f247
2026-10-01;parking_pre_rencontre;AROMEHD;2026-10-02T00:00;4.9;12.4;360.0;12.3;0.2;;100.0;0.0;100.0;100.0;45.01;5.779999;0.0;2026-09-30T18:15:00+02:00;2026-09-30T18:55:00+02:00;769f9343f247
2026-10-01;parking_pre_rencontre;ICONCH1;2026-10-01T01:00;6.7;15.4;216.0;15.4;0.0;100.0;21.0;100.0;100.0;100.0;45.0093;5.77124;1002.0;2026-09-30T18:15:00+02:00;2026-09-30T18:55:00+02:00;769f9343f247
2026-10-01;parking_pre_rencontre;ICONCH1;2026-10-01T02:00;6.5;12.4;213.0;15.3;0.0;100.0;39.0;94.0;85.0;100.0;45.0093;5.77124;1002.0;2026-09-30T18:15:00+02:00;2026-09-30T18:55:00+02:00;769f9343f247
2026-10-01;parking_pre_rencontre;ICONCH1;2026-10-01T03:00;6.8;12.4;211.0;15.0;0.0;98.0;45.0;87.0;77.0;98.0;45.0093;5.77124;1002.0;2026-09-30T18:15:00+02:00;2026-09-30T18:55:00+02:00;769f9343f247
2026-10-01;parking_pre_rencontre;ICONCH1;2026-10-01T04:00;7.5;13.6;211.0;15.1;0.0;100.0;37.0;100.0;99.0;100.0;45.0093;5.77124;1002.0;2026-09-30T18:15:00+02:00;2026-09-30T18:55:00+02:00;769f9343f247
2026-10-01;parking_pre_rencontre;ICONCH1;2026-10-01T05:00;8.2;15.0;205.0;15.1;0.1;100.0;39.0;100.0;100.0;100.0;45.0093;5.77124;1002.0;2026-09-30T18:15:00+02:00;2026-09-30T18:55:00+02:00;769f9343f247
2026-10-01;parking_pre_rencontre;ICONCH1;2026-10-01T06:00;7.9;15.7;213.0;15.0;0.0;100.0;46.0;95.0;100.0;100.0;45.0093;5.77124;1002.0;2026-09-30T18:15:00+02:00;2026-09-30T18:55:00+02:00;769f9343f247
2026-10-01;parking_pre_rencontre;ICONCH1;2026-10-01T07:00;7.8;15.0;217.0;14.8;0.1;100.0;70.0;100.0;100.0;100.0;45.0093;5.77124;1002.0;2026-09-30T18:15:00+02:00;2026-09-30T18:55:00+02:00;769f9343f247
2026-10-01;parking_pre_rencontre;ICONCH1;2026-10-01T08:00;6.9;14.2;212.0;14.8;0.0;100.0;22.0;97.0;100.0;100.0;45.0093;5.77124;1002.0;2026-09-30T18:15:00+02:00;2026-09-30T18:55:00+02:00;769f9343f247
2026-10-01;parking_pre_rencontre;ICONCH1;2026-10-01T09:00;6.4;12.8;205.0;15.0;0.1;100.0;40.0;100.0;100.0;100.0;45.0093;5.77124;1002.0;2026-09-30T18:15:00+02:00;2026-09-30T18:55:00+02:00;769f9343f247
2026-10-01;parking_pre_rencontre;ICONCH1;2026-10-01T10:00;6.9;12.6;202.0;15.1;0.3;100.0;47.0;100.0;100.0;100.0;45.0093;5.77124;1002.0;2026-09-30T18:15:00+02:00;2026-09-30T18:55:00+02:00;769f9343f247
2026-10-01;parking_pre_rencontre;ICONCH1;2026-10-01T11:00;7.0;13.0;208.0;15.2;0.7;100.0;36.0;100.0;100.0;100.0;45.0093;5.77124;1002.0;2026-09-30T18:15:00+02:00;2026-09-30T18:55:00+02:00;769f9343f247
2026-10-01;parking_pre_rencontre;ICONCH1;2026-10-01T12:00;6.2;13.6;200.0;15.7;0.5;100.0;17.0;100.0;100.0;100.0;45.0093;5.77124;1002.0;2026-09-30T18:15:00+02:00;2026-09-30T18:55:00+02:00;769f9343f247
2026-10-01;parking_pre_rencontre;ICONCH1;2026-10-01T13:00;5.4;11.7;201.0;16.0;0.8;100.0;0.0;100.0;100.0;100.0;45.0093;5.77124;1002.0;2026-09-30T18:15:00+02:00;2026-09-30T18:55:00+02:00;769f9343f247
2026-10-01;parking_pre_rencontre;ICONCH1;2026-10-01T14:00;5.6;10.5;194.0;16.2;0.4;100.0;30.0;99.0;100.0;100.0;45.0093;5.77124;1002.0;2026-09-30T18:15:00+02:00;2026-09-30T18:55:00+02:00;769f9343f247
2026-10-01;parking_pre_rencontre;ICONCH1;2026-10-01T15:00;5.4;10.9;195.0;16.3;0.1;100.0;47.0;100.0;100.0;100.0;45.0093;5.77124;1002.0;2026-09-30T18:15:00+02:00;2026-09-30T18:55:00+02:00;769f9343f247
2026-10-01;parking_pre_rencontre;ICONCH1;2026-10-01T16:00;4.0;10.1;203.0;16.3;0.4;100.0;56.0;100.0;100.0;100.0;45.0093;5.77124;1002.0;2026-09-30T18:15:00+02:00;2026-09-30T18:55:00+02:00;769f9343f247
2026-10-01;parking_pre_rencontre;ICONCH1;2026-10-01T17:00;0.7;7.4;146.0;16.0;1.0;100.0;64.0;100.0;100.0;100.0;45.0093;5.77124;1002.0;2026-09-30T18:15:00+02:00;2026-09-30T18:55:00+02:00;769f9343f247
2026-10-01;parking_pre_rencontre;ICONCH1;2026-10-01T18:00;3.4;6.8;13.0;14.8;1.3;100.0;100.0;100.0;100.0;100.0;45.0093;5.77124;1002.0;2026-09-30T18:15:00+02:00;2026-09-30T18:55:00+02:00;769f9343f247
2026-10-01;parking_pre_rencontre;ICONCH1;2026-10-01T19:00;5.1;9.9;360.0;14.2;0.7;100.0;100.0;100.0;100.0;100.0;45.0093;5.77124;1002.0;2026-09-30T18:15:00+02:00;2026-09-30T18:55:00+02:00;769f9343f247
2026-10-01;parking_pre_rencontre;ICONCH1;2026-10-01T20:00;6.4;12.8;357.0;13.8;0.0;100.0;100.0;95.0;100.0;100.0;45.0093;5.77124;1002.0;2026-09-30T18:15:00+02:00;2026-09-30T18:55:00+02:00;769f9343f247
2026-10-01;parking_pre_rencontre;ICONCH1;2026-10-01T21:00;7.2;13.4;355.0;13.7;0.0;100.0;100.0;99.0;100.0;100.0;45.0093;5.77124;1002.0;2026-09-30T18:15:00+02:00;2026-09-30T18:55:00+02:00;769f9343f247
2026-10-01;parking_pre_rencontre;ICONCH1;2026-10-01T22:00;7.8;16.3;353.0;13.0;0.1;100.0;100.0;100.0;100.0;100.0;45.0093;5.77124;1002.0;2026-09-30T18:15:00+02:00;2026-09-30T18:55:00+02:00;769f9343f247
2026-10-01;parking_pre_rencontre;ICONCH1;2026-10-01T23:00;5.9;15.0;351.0;12.7;0.0;100.0;100.0;100.0;100.0;100.0;45.0093;5.77124;1002.0;2026-09-30T18:15:00+02:00;2026-09-30T18:55:00+02:00;769f9343f247
2026-10-01;plage_de_sevrier;AROMEHD;2026-10-01T01:00;1.4;4.7;214.0;19.2;0.0;;1.0;100.0;100.0;100.0;45.86;6.16;0.0;2026-09-30T18:15:00+02:00;2026-09-30T18:55:00+02:00;769f9343f247
2026-10-01;plage_de_sevrier;AROMEHD;2026-10-01T02:00;2.3;2.3;180.0;19.3;0.0;;0.0;100.0;100.0;100.0;45.86;6.16;0.0;2026-09-30T18:15:00+02:00;2026-09-30T18:55:00+02:00;769f9343f247
2026-10-01;plage_de_sevrier;AROMEHD;2026-10-01T03:00;1.8;2.5;229.0;19.1;0.0;;1.0;100.0;100.0;100.0;45.86;6.16;0.0;2026-09-30T18:15:00+02:00;2026-09-30T18:55:00+02:00;769f9343f247
2026-10-01;plage_de_sevrier;AROMEHD;2026-10-01T04:00;1.0;3.7;259.0;18.9;0.0;;4.0;98.0;100.0;100.0;45.86;6.16;0.0;2026-09-30T18:15:00+02:00;2026-09-30T18:55:00+02:00;769f9343f247
2026-10-01;plage_de_sevrier;AROMEHD;2026-10-01T05:00;3.9;4.5;153.0;18.7;0.0;;2.0;100.0;100.0;100.0;45.86;6.16;0.0;2026-09-30T18:15:00+02:00;2026-09-30T18:55:00+02:00;769f9343f247
2026-10-01;plage_de_sevrier;AROMEHD;2026-10-01T06:00;4.5;6.2;146.0;18.2;0.0;;4.0;100.0;100.0;100.0;45.86;6.16;0.0;2026-09-30T18:15:00+02:00;2026-09-30T18:55:00+02:00;769f9343f247
2026-10-01;plage_de_sevrier;AROMEHD;2026-10-01T07:00;3.9;5.2;171.0;18.1;0.0;;2.0;100.0;100.0;100.0;45.86;6.16;0.0;2026-09-30T18:15:00+02:00;2026-09-30T18:55:00+02:00;769f9343f247
2026-10-01;plage_de_sevrier;AROMEHD;2026-10-01T08:00;4.1;5.1;163.0;17.7;0.2;;1.0;100.0;100.0;100.0;45.86;6.16;0.0;2026-09-30T18:15:00+02:00;2026-09-30T18:55:00+02:00;769f9343f247
2026-10-01;plage_de_sevrier;AROMEHD;2026-10-01T09:00;2.5;4.9;180.0;18.1;0.0;;29.0;100.0;100.0;100.0;45.86;6.16;0.0;2026-09-30T18:15:00+02:00;2026-09-30T18:55:00+02:00;769f9343f247
2026-10-01;plage_de_sevrier;AROMEHD;2026-10-01T10:00;0.6;3.9;108.0;18.2;0.0;;37.0;100.0;100.0;100.0;45.86;6.16;0.0;2026-09-30T18:15:00+02:00;2026-09-30T18:55:00+02:00;769f9343f247
2026-10-01;plage_de_sevrier;AROMEHD;2026-10-01T11:00;0.8;3.7;270.0;18.6;0.0;;0.0;100.0;100.0;100.0;45.86;6.16;0.0;2026-09-30T18:15:00+02:00;2026-09-30T18:55:00+02:00;769f9343f247
2026-10-01;plage_de_sevrier;AROMEHD;2026-10-01T12:00;0.8;1.0;14.0;18.6;0.0;;28.0;100.0;100.0;100.0;45.86;6.16;0.0;2026-09-30T18:15:00+02:00;2026-09-30T18:55:00+02:00;769f9343f247
2026-10-01;plage_de_sevrier;AROMEHD;2026-10-01T13:00;3.8;4.1;348.0;17.7;1.2;;33.0;100.0;100.0;100.0;45.86;6.16;0.0;2026-09-30T18:15:00+02:00;2026-09-30T18:55:00+02:00;769f9343f247
2026-10-01;plage_de_sevrier;AROMEHD;2026-10-01T14:00;3.5;6.0;357.0;17.8;2.8;;49.0;100.0;100.0;100.0;45.86;6.16;0.0;2026-09-30T18:15:00+02:00;2026-09-30T18:55:00+02:00;769f9343f247
2026-10-01;plage_de_sevrier;AROMEHD;2026-10-01T15:00;1.2;4.3;99.0;17.3;2.3;;74.0;100.0;100.0;100.0;45.86;6.16;0.0;2026-09-30T18:15:00+02:00;2026-09-30T18:55:00+02:00;769f9343f247
2026-10-01;plage_de_sevrier;AROMEHD;2026-10-01T16:00;1.0;1.4;90.0;17.1;0.8;;100.0;100.0;100.0;100.0;45.86;6.16;0.0;2026-09-30T18:15:00+02:00;2026-09-30T18:55:00+02:00;769f9343f247
2026-10-01;plage_de_sevrier;AROMEHD;2026-10-01T17:00;1.4;1.7;214.0;16.7;4.5;;100.0;100.0;100.0;100.0;45.86;6.16;0.0;2026-09-30T18:15:00+02:00;2026-09-30T18:55:00+02:00;769f9343f247
2026-10-01;plage_de_sevrier;AROMEHD;2026-10-01T18:00;3.7;4.7;231.0;16.5;9.0;;100.0;100.0;100.0;100.0;45.86;6.16;0.0;2026-09-30T18:15:00+02:00;2026-09-30T18:55:00+02:00;769f9343f247
2026-10-01;plage_de_sevrier;AROMEHD;2026-10-01T19:00;5.7;8.0;6.0;17.2;3.5;;100.0;100.0;100.0;100.0;45.86;6.16;0.0;2026-09-30T18:15:00+02:00;2026-09-30T18:55:00+02:00;769f9343f247
2026-10-01;plage_de_sevrier;AROMEHD;2026-10-01T20:00;4.9;10.3;353.0;17.0;0.3;;100.0;100.0;100.0;100.0;45.86;6.16;0.0;2026-09-30T18:15:00+02:00;2026-09-30T18:55:00+02:00;769f9343f247
2026-10-01;plage_de_sevrier;AROMEHD;2026-10-01T21:00;5.5;7.8;17.0;16.5;0.3;;100.0;100.0;100.0;100.0;45.86;6.16;0.0;2026-09-30T18:15:00+02:00;2026-09-30T18:55:00+02:00;769f9343f247
2026-10-01;plage_de_sevrier;AROMEHD;2026-10-01T22:00;3.8;7.0;348.0;16.5;0.0;;100.0;100.0;100.0;100.0;45.86;6.16;0.0;2026-09-30T18:15:00+02:00;2026-09-30T18:55:00+02:00;769f9343f247
2026-10-01;plage_de_sevrier;AROMEHD;2026-10-01T23:00;5.9;11.9;352.0;16.6;0.0;;100.0;87.0;100.0;100.0;45.86;6.16;0.0;2026-09-30T18:15:00+02:00;2026-09-30T18:55:00+02:00;769f9343f247
2026-10-01;plage_de_sevrier;AROMEHD;2026-10-02T00:00;2.2;8.0;38.0;16.5;0.0;;100.0;53.0;100.0;100.0;45.86;6.16;0.0;2026-09-30T18:15:00+02:00;2026-09-30T18:55:00+02:00;769f9343f247
2026-10-01;plage_de_sevrier;ICONCH1;2026-10-01T01:00;1.0;2.7;180.0;20.6;0.0;100.0;0.0;100.0;100.0;100.0;45.86465;6.164917;0.0;2026-09-30T18:15:00+02:00;2026-09-30T18:55:00+02:00;769f9343f247
2026-10-01;plage_de_sevrier;ICONCH1;2026-10-01T02:00;1.2;2.3;198.0;20.0;0.0;100.0;0.0;90.0;100.0;100.0;45.86465;6.164917;0.0;2026-09-30T18:15:00+02:00;2026-09-30T18:55:00+02:00;769f9343f247
2026-10-01;plage_de_sevrier;ICONCH1;2026-10-01T03:00;2.5;3.3;180.0;19.7;0.0;100.0;0.0;100.0;100.0;100.0;45.86465;6.164917;0.0;2026-09-30T18:15:00+02:00;2026-09-30T18:55:00+02:00;769f9343f247
2026-10-01;plage_de_sevrier;ICONCH1;2026-10-01T04:00;2.1;4.3;229.0;19.9;0.1;100.0;0.0;100.0;38.0;100.0;45.86465;6.164917;0.0;2026-09-30T18:15:00+02:00;2026-09-30T18:55:00+02:00;769f9343f247
2026-10-01;plage_de_sevrier;ICONCH1;2026-10-01T05:00;2.1;2.9;311.0;20.3;0.0;100.0;0.0;86.0;96.0;100.0;45.86465;6.164917;0.0;2026-09-30T18:15:00+02:00;2026-09-30T18:55:00+02:00;769f9343f247
2026-10-01;plage_de_sevrier;ICONCH1;2026-10-01T06:00;3.4;5.8;347.0;19.3;0.0;98.0;0.0;97.0;59.0;98.0;45.86465;6.164917;0.0;2026-09-30T18:15:00+02:00;2026-09-30T18:55:00+02:00;769f9343f247
2026-10-01;plage_de_sevrier;ICONCH1;2026-10-01T07:00;3.0;4.5;349.0;19.2;0.0;100.0;4.0;92.0;100.0;100.0;45.86465;6.164917;0.0;2026-09-30T18:15:00+02:00;2026-09-30T18:55:00+02:00;769f9343f247
2026-10-01;plage_de_sevrier;ICONCH1;2026-10-01T08:00;3.4;4.9;10.0;19.1;0.0;100.0;15.0;95.0;100.0;100.0;45.86465;6.164917;0.0;2026-09-30T18:15:00+02:00;2026-09-30T18:55:00+02:00;769f9343f247
2026-10-01;plage_de_sevrier;ICONCH1;2026-10-01T09:00;2.2;4.9;350.0;19.0;0.0;100.0;17.0;85.0;100.0;100.0;45.86465;6.164917;0.0;2026-09-30T18:15:00+02:00;2026-09-30T18:55:00+02:00;769f9343f247
2026-10-01;plage_de_sevrier;ICONCH1;2026-10-01T10:00;2.4;5.8;331.0;19.0;0.1;100.0;48.0;100.0;100.0;100.0;45.86465;6.164917;0.0;2026-09-30T18:15:00+02:00;2026-09-30T18:55:00+02:00;769f9343f247
2026-10-01;plage_de_sevrier;ICONCH1;2026-10-01T11:00;2.8;4.5;348.0;19.0;0.0;100.0;50.0;100.0;100.0;100.0;45.86465;6.164917;0.0;2026-09-30T18:15:00+02:00;2026-09-30T18:55:00+02:00;769f9343f247
2026-10-01;plage_de_sevrier;ICONCH1;2026-10-01T12:00;2.1;5.8;326.0;18.9;0.1;100.0;57.0;94.0;100.0;100.0;45.86465;6.164917;0.0;2026-09-30T18:15:00+02:00;2026-09-30T18:55:00+02:00;769f9343f247
2026-10-01;plage_de_sevrier;ICONCH1;2026-10-01T13:00;3.9;5.6;351.0;18.9;0.0;100.0;47.0;100.0;100.0;100.0;45.86465;6.164917;0.0;2026-09-30T18:15:00+02:00;2026-09-30T18:55:00+02:00;769f9343f247
2026-10-01;plage_de_sevrier;ICONCH1;2026-10-01T14:00;2.5;5.2;342.0;19.0;0.1;100.0;45.0;100.0;100.0;100.0;45.86465;6.164917;0.0;2026-09-30T18:15:00+02:00;2026-09-30T18:55:00+02:00;769f9343f247
2026-10-01;plage_de_sevrier;ICONCH1;2026-10-01T15:00;3.7;4.9;354.0;19.1;0.1;100.0;66.0;96.0;100.0;100.0;45.86465;6.164917;0.0;2026-09-30T18:15:00+02:00;2026-09-30T18:55:00+02:00;769f9343f247
2026-10-01;plage_de_sevrier;ICONCH1;2026-10-01T16:00;5.3;7.2;350.0;19.0;0.5;100.0;60.0;100.0;100.0;100.0;45.86465;6.164917;0.0;2026-09-30T18:15:00+02:00;2026-09-30T18:55:00+02:00;769f9343f247
2026-10-01;plage_de_sevrier;ICONCH1;2026-10-01T17:00;5.8;7.6;2.0;19.1;0.3;100.0;62.0;96.0;100.0;100.0;45.86465;6.164917;0.0;2026-09-30T18:15:00+02:00;2026-09-30T18:55:00+02:00;769f9343f247
2026-10-01;plage_de_sevrier;ICONCH1;2026-10-01T18:00;6.4;8.4;360.0;19.0;0.5;100.0;77.0;100.0;100.0;100.0;45.86465;6.164917;0.0;2026-09-30T18:15:00+02:00;2026-09-30T18:55:00+02:00;769f9343f247
2026-10-01;plage_de_sevrier;ICONCH1;2026-10-01T19:00;7.2;9.1;5.0;18.8;0.9;100.0;81.0;100.0;100.0;100.0;45.86465;6.164917;0.0;2026-09-30T18:15:00+02:00;2026-09-30T18:55:00+02:00;769f9343f247
2026-10-01;plage_de_sevrier;ICONCH1;2026-10-01T20:00;4.7;9.9;2.0;19.0;1.6;100.0;94.0;100.0;100.0;100.0;45.86465;6.164917;0.0;2026-09-30T18:15:00+02:00;2026-09-30T18:55:00+02:00;769f9343f247
2026-10-01;plage_de_sevrier;ICONCH1;2026-10-01T21:00;6.1;7.8;351.0;18.6;0.6;100.0;96.0;100.0;100.0;100.0;45.86465;6.164917;0.0;2026-09-30T18:15:00+02:00;2026-09-30T18:55:00+02:00;769f9343f247
2026-10-01;plage_de_sevrier;ICONCH1;2026-10-01T22:00;6.2;8.2;356.0;18.4;0.6;100.0;85.0;100.0;100.0;100.0;45.86465;6.164917;0.0;2026-09-30T18:15:00+02:00;2026-09-30T18:55:00+02:00;769f9343f247
2026-10-01;plage_de_sevrier;ICONCH1;2026-10-01T23:00;5.6;8.2;2.0;18.0;1.0;100.0;100.0;98.0;100.0;100.0;45.86465;6.164917;0.0;2026-09-30T18:15:00+02:00;2026-09-30T18:55:00+02:00;769f9343f247
2026-10-01;pont_darciat;AROMEHD;2026-10-01T01:00;4.8;8.2;192.0;19.3;0.0;;0.0;100.0;100.0;100.0;46.25;4.8099995;169.0;2026-09-30T18:15:00+02:00;2026-09-30T18:55:00+02:00;769f9343f247
2026-10-01;pont_darciat;AROMEHD;2026-10-01T02:00;4.3;7.2;190.0;19.1;0.0;;0.0;100.0;100.0;100.0;46.25;4.8099995;169.0;2026-09-30T18:15:00+02:00;2026-09-30T18:55:00+02:00;769f9343f247
2026-10-01;pont_darciat;AROMEHD;2026-10-01T03:00;3.9;6.2;198.0;18.8;0.0;;0.0;100.0;100.0;100.0;46.25;4.8099995;169.0;2026-09-30T18:15:00+02:00;2026-09-30T18:55:00+02:00;769f9343f247
2026-10-01;pont_darciat;AROMEHD;2026-10-01T04:00;1.6;5.1;187.0;18.6;0.0;;85.0;100.0;100.0;100.0;46.25;4.8099995;169.0;2026-09-30T18:15:00+02:00;2026-09-30T18:55:00+02:00;769f9343f247
2026-10-01;pont_darciat;AROMEHD;2026-10-01T05:00;1.7;2.1;144.0;18.5;0.0;;40.0;99.0;100.0;100.0;46.25;4.8099995;169.0;2026-09-30T18:15:00+02:00;2026-09-30T18:55:00+02:00;769f9343f247
2026-10-01;pont_darciat;AROMEHD;2026-10-01T06:00;1.0;1.2;169.0;18.5;0.0;;100.0;33.0;100.0;100.0;46.25;4.8099995;169.0;2026-09-30T18:15:00+02:00;2026-09-30T18:55:00+02:00;769f9343f247
2026-10-01;pont_darciat;AROMEHD;2026-10-01T07:00;1.6;1.0;120.0;18.6;0.0;;100.0;100.0;100.0;100.0;46.25;4.8099995;169.0;2026-09-30T18:15:00+02:00;2026-09-30T18:55:00+02:00;769f9343f247
2026-10-01;pont_darciat;AROMEHD;2026-10-01T08:00;5.9;8.4;191.0;18.2;1.5;;100.0;100.0;100.0;100.0;46.25;4.8099995;169.0;2026-09-30T18:15:00+02:00;2026-09-30T18:55:00+02:00;769f9343f247
2026-10-01;pont_darciat;AROMEHD;2026-10-01T09:00;0.7;10.3;56.0;18.1;2.6;;1.0;100.0;100.0;100.0;46.25;4.8099995;169.0;2026-09-30T18:15:00+02:00;2026-09-30T18:55:00+02:00;769f9343f247
2026-10-01;pont_darciat;AROMEHD;2026-10-01T10:00;2.6;3.9;171.0;18.4;0.0;;59.0;100.0;100.0;100.0;46.25;4.8099995;169.0;2026-09-30T18:15:00+02:00;2026-09-30T18:55:00+02:00;769f9343f247
2026-10-01;pont_darciat;AROMEHD;2026-10-01T11:00;3.2;5.8;218.0;19.0;0.0;;100.0;100.0;100.0;100.0;46.25;4.8099995;169.0;2026-09-30T18:15:00+02:00;2026-09-30T18:55:00+02:00;769f9343f247
2026-10-01;pont_darciat;AROMEHD;2026-10-01T12:00;6.9;10.7;308.0;19.1;0.0;;100.0;100.0;100.0;100.0;46.25;4.8099995;169.0;2026-09-30T18:15:00+02:00;2026-09-30T18:55:00+02:00;769f9343f247
2026-10-01;pont_darciat;AROMEHD;2026-10-01T13:00;7.7;13.6;311.0;18.6;0.0;;100.0;100.0;100.0;100.0;46.25;4.8099995;169.0;2026-09-30T18:15:00+02:00;2026-09-30T18:55:00+02:00;769f9343f247
2026-10-01;pont_darciat;AROMEHD;2026-10-01T14:00;9.4;15.6;336.0;18.3;0.0;;100.0;84.0;100.0;100.0;46.25;4.8099995;169.0;2026-09-30T18:15:00+02:00;2026-09-30T18:55:00+02:00;769f9343f247
2026-10-01;pont_darciat;AROMEHD;2026-10-01T15:00;8.2;15.2;329.0;18.9;0.0;;100.0;81.0;100.0;100.0;46.25;4.8099995;169.0;2026-09-30T18:15:00+02:00;2026-09-30T18:55:00+02:00;769f9343f247
2026-10-01;pont_darciat;AROMEHD;2026-10-01T16:00;8.2;14.4;329.0;18.6;0.0;;100.0;100.0;100.0;100.0;46.25;4.8099995;169.0;2026-09-30T18:15:00+02:00;2026-09-30T18:55:00+02:00;769f9343f247
2026-10-01;pont_darciat;AROMEHD;2026-10-01T17:00;8.4;13.8;331.0;18.4;0.0;;100.0;100.0;100.0;100.0;46.25;4.8099995;169.0;2026-09-30T18:15:00+02:00;2026-09-30T18:55:00+02:00;769f9343f247
2026-10-01;pont_darciat;AROMEHD;2026-10-01T18:00;6.9;13.4;352.0;18.7;0.0;;98.0;85.0;99.0;99.0;46.25;4.8099995;169.0;2026-09-30T18:15:00+02:00;2026-09-30T18:55:00+02:00;769f9343f247
2026-10-01;pont_darciat;AROMEHD;2026-10-01T19:00;5.6;10.5;25.0;18.7;0.0;;0.0;100.0;36.0;100.0;46.25;4.8099995;169.0;2026-09-30T18:15:00+02:00;2026-09-30T18:55:00+02:00;769f9343f247
2026-10-01;pont_darciat;AROMEHD;2026-10-01T20:00;3.9;8.6;3.0;18.0;0.0;;0.0;100.0;100.0;100.0;46.25;4.8099995;169.0;2026-09-30T18:15:00+02:00;2026-09-30T18:55:00+02:00;769f9343f247
2026-10-01;pont_darciat;AROMEHD;2026-10-01T21:00;2.7;5.8;352.0;17.1;0.0;;1.0;100.0;100.0;100.0;46.25;4.8099995;169.0;2026-09-30T18:15:00+02:00;2026-09-30T18:55:00+02:00;769f9343f247
2026-10-01;pont_darciat;AROMEHD;2026-10-01T22:00;2.1;3.7;360.0;16.7;0.0;;28.0;100.0;94.0;100.0;46.25;4.8099995;169.0;2026-09-30T18:15:00+02:00;2026-09-30T18:55:00+02:00;769f9343f247
2026-10-01;pont_darciat;AROMEHD;2026-10-01T23:00;2.9;4.3;352.0;16.7;0.0;;58.0;100.0;64.0;100.0;46.25;4.8099995;169.0;2026-09-30T18:15:00+02:00;2026-09-30T18:55:00+02:00;769f9343f247
2026-10-01;pont_darciat;AROMEHD;2026-10-02T00:00;2.4;4.3;325.0;16.7;0.0;;58.0;100.0;22.0;100.0;46.25;4.8099995;169.0;2026-09-30T18:15:00+02:00;2026-09-30T18:55:00+02:00;769f9343f247
2026-10-01;pont_darciat;ICONCH1;2026-10-01T01:00;6.0;10.1;184.0;19.9;0.0;100.0;0.0;92.0;100.0;100.0;46.25097;4.8050537;172.0;2026-09-30T18:15:00+02:00;2026-09-30T18:55:00+02:00;769f9343f247
2026-10-01;pont_darciat;ICONCH1;2026-10-01T02:00;4.5;9.1;185.0;19.4;0.0;100.0;0.0;67.0;100.0;100.0;46.25097;4.8050537;172.0;2026-09-30T18:15:00+02:00;2026-09-30T18:55:00+02:00;769f9343f247
2026-10-01;pont_darciat;ICONCH1;2026-10-01T03:00;4.3;7.4;185.0;19.0;0.0;100.0;0.0;76.0;100.0;100.0;46.25097;4.8050537;172.0;2026-09-30T18:15:00+02:00;2026-09-30T18:55:00+02:00;769f9343f247
2026-10-01;pont_darciat;ICONCH1;2026-10-01T04:00;4.6;7.2;192.0;18.8;0.0;100.0;0.0;92.0;100.0;100.0;46.25097;4.8050537;172.0;2026-09-30T18:15:00+02:00;2026-09-30T18:55:00+02:00;769f9343f247
2026-10-01;pont_darciat;ICONCH1;2026-10-01T05:00;2.5;7.0;231.0;18.5;0.0;98.0;0.0;54.0;94.0;98.0;46.25097;4.8050537;172.0;2026-09-30T18:15:00+02:00;2026-09-30T18:55:00+02:00;769f9343f247
2026-10-01;pont_darciat;ICONCH1;2026-10-01T06:00;0.8;3.7;166.0;18.1;0.0;100.0;3.0;36.0;100.0;100.0;46.25097;4.8050537;172.0;2026-09-30T18:15:00+02:00;2026-09-30T18:55:00+02:00;769f9343f247
2026-10-01;pont_darciat;ICONCH1;2026-10-01T07:00;1.9;3.3;180.0;17.8;0.0;100.0;50.0;23.0;100.0;100.0;46.25097;4.8050537;172.0;2026-09-30T18:15:00+02:00;2026-09-30T18:55:00+02:00;769f9343f247
2026-10-01;pont_darciat;ICONCH1;2026-10-01T08:00;2.4;3.7;194.0;17.5;0.0;100.0;64.0;60.0;100.0;100.0;46.25097;4.8050537;172.0;2026-09-30T18:15:00+02:00;2026-09-30T18:55:00+02:00;769f9343f247
2026-10-01;pont_darciat;ICONCH1;2026-10-01T09:00;1.9;4.1;204.0;18.1;0.0;100.0;86.0;92.0;99.0;100.0;46.25097;4.8050537;172.0;2026-09-30T18:15:00+02:00;2026-09-30T18:55:00+02:00;769f9343f247
2026-10-01;pont_darciat;ICONCH1;2026-10-01T10:00;1.4;3.1;262.0;19.2;0.0;100.0;88.0;100.0;100.0;100.0;46.25097;4.8050537;172.0;2026-09-30T18:15:00+02:00;2026-09-30T18:55:00+02:00;769f9343f247
2026-10-01;pont_darciat;ICONCH1;2026-10-01T11:00;0.4;3.1;117.0;19.3;0.2;100.0;98.0;99.0;100.0;100.0;46.25097;4.8050537;172.0;2026-09-30T18:15:00+02:00;2026-09-30T18:55:00+02:00;769f9343f247
2026-10-01;pont_darciat;ICONCH1;2026-10-01T12:00;1.6;2.7;30.0;19.5;0.6;100.0;98.0;100.0;100.0;100.0;46.25097;4.8050537;172.0;2026-09-30T18:15:00+02:00;2026-09-30T18:55:00+02:00;769f9343f247
2026-10-01;pont_darciat;ICONCH1;2026-10-01T13:00;6.7;10.7;314.0;19.5;2.0;100.0;92.0;100.0;100.0;100.0;46.25097;4.8050537;172.0;2026-09-30T18:15:00+02:00;2026-09-30T18:55:00+02:00;769f9343f247
2026-10-01;pont_darciat;ICONCH1;2026-10-01T14:00;3.5;10.5;308.0;19.1;3.1;100.0;92.0;100.0;100.0;100.0;46.25097;4.8050537;172.0;2026-09-30T18:15:00+02:00;2026-09-30T18:55:00+02:00;769f9343f247
2026-10-01;pont_darciat;ICONCH1;2026-10-01T15:00;7.5;12.1;307.0;18.5;6.3;100.0;93.0;100.0;100.0;100.0;46.25097;4.8050537;172.0;2026-09-30T18:15:00+02:00;2026-09-30T18:55:00+02:00;769f9343f247
2026-10-01;pont_darciat;ICONCH1;2026-10-01T16:00;9.8;16.1;329.0;18.0;1.3;100.0;100.0;100.0;100.0;100.0;46.25097;4.8050537;172.0;2026-09-30T18:15:00+02:00;2026-09-30T18:55:00+02:00;769f9343f247
2026-10-01;pont_darciat;ICONCH1;2026-10-01T17:00;8.4;15.0;334.0;17.8;3.7;100.0;77.0;100.0;100.0;100.0;46.25097;4.8050537;172.0;2026-09-30T18:15:00+02:00;2026-09-30T18:55:00+02:00;769f9343f247
2026-10-01;pont_darciat;ICONCH1;2026-10-01T18:00;5.9;13.0;333.0;17.8;1.9;100.0;87.0;100.0;100.0;100.0;46.25097;4.8050537;172.0;2026-09-30T18:15:00+02:00;2026-09-30T18:55:00+02:00;769f9343f247
2026-10-01;pont_darciat;ICONCH1;2026-10-01T19:00;5.6;11.5;335.0;17.9;0.2;100.0;79.0;100.0;74.0;100.0;46.25097;4.8050537;172.0;2026-09-30T18:15:00+02:00;2026-09-30T18:55:00+02:00;769f9343f247
2026-10-01;pont_darciat;ICONCH1;2026-10-01T20:00;5.1;9.7;353.0;17.8;0.0;100.0;82.0;100.0;100.0;100.0;46.25097;4.8050537;172.0;2026-09-30T18:15:00+02:00;2026-09-30T18:55:00+02:00;769f9343f247
2026-10-01;pont_darciat;ICONCH1;2026-10-01T21:00;4.9;8.6;16.0;17.7;0.0;100.0;82.0;84.0;100.0;100.0;46.25097;4.8050537;172.0;2026-09-30T18:15:00+02:00;2026-09-30T18:55:00+02:00;769f9343f247
2026-10-01;pont_darciat;ICONCH1;2026-10-01T22:00;2.9;8.0;4.0;17.6;0.0;100.0;59.0;95.0;97.0;100.0;46.25097;4.8050537;172.0;2026-09-30T18:15:00+02:00;2026-09-30T18:55:00+02:00;769f9343f247
2026-10-01;pont_darciat;ICONCH1;2026-10-01T23:00;1.4;4.7;360.0;17.5;0.0;94.0;46.0;86.0;4.0;94.0;46.25097;4.8050537;172.0;2026-09-30T18:15:00+02:00;2026-09-30T18:55:00+02:00;769f9343f247
2026-10-01;pont_de_chavanay;AROMEHD;2026-10-01T01:00;5.8;12.8;168.0;20.2;0.0;;0.0;100.0;100.0;100.0;45.42;4.75;141.0;2026-09-30T18:15:00+02:00;2026-09-30T18:55:00+02:00;769f9343f247
2026-10-01;pont_de_chavanay;AROMEHD;2026-10-01T02:00;5.5;11.7;170.0;19.9;0.0;;0.0;100.0;100.0;100.0;45.42;4.75;141.0;2026-09-30T18:15:00+02:00;2026-09-30T18:55:00+02:00;769f9343f247
2026-10-01;pont_de_chavanay;AROMEHD;2026-10-01T03:00;5.0;9.9;164.0;19.5;0.0;;0.0;100.0;100.0;100.0;45.42;4.75;141.0;2026-09-30T18:15:00+02:00;2026-09-30T18:55:00+02:00;769f9343f247
2026-10-01;pont_de_chavanay;AROMEHD;2026-10-01T04:00;4.5;9.5;178.0;19.3;0.0;;48.0;100.0;100.0;100.0;45.42;4.75;141.0;2026-09-30T18:15:00+02:00;2026-09-30T18:55:00+02:00;769f9343f247
2026-10-01;pont_de_chavanay;AROMEHD;2026-10-01T05:00;1.7;8.4;207.0;19.1;0.0;;67.0;100.0;100.0;100.0;45.42;4.75;141.0;2026-09-30T18:15:00+02:00;2026-09-30T18:55:00+02:00;769f9343f247
2026-10-01;pont_de_chavanay;AROMEHD;2026-10-01T06:00;1.5;4.5;220.0;18.9;0.0;;97.0;100.0;100.0;100.0;45.42;4.75;141.0;2026-09-30T18:15:00+02:00;2026-09-30T18:55:00+02:00;769f9343f247
2026-10-01;pont_de_chavanay;AROMEHD;2026-10-01T07:00;1.8;3.9;193.0;19.0;0.0;;100.0;100.0;100.0;100.0;45.42;4.75;141.0;2026-09-30T18:15:00+02:00;2026-09-30T18:55:00+02:00;769f9343f247
2026-10-01;pont_de_chavanay;AROMEHD;2026-10-01T08:00;3.9;6.0;90.0;18.7;1.3;;93.0;100.0;100.0;100.0;45.42;4.75;141.0;2026-09-30T18:15:00+02:00;2026-09-30T18:55:00+02:00;769f9343f247
2026-10-01;pont_de_chavanay;AROMEHD;2026-10-01T09:00;1.8;6.0;122.0;19.0;0.8;;2.0;100.0;100.0;100.0;45.42;4.75;141.0;2026-09-30T18:15:00+02:00;2026-09-30T18:55:00+02:00;769f9343f247
2026-10-01;pont_de_chavanay;AROMEHD;2026-10-01T10:00;2.1;4.5;175.0;19.2;0.1;;75.0;100.0;100.0;100.0;45.42;4.75;141.0;2026-09-30T18:15:00+02:00;2026-09-30T18:55:00+02:00;769f9343f247
2026-10-01;pont_de_chavanay;AROMEHD;2026-10-01T11:00;3.3;5.8;152.0;19.4;0.0;;45.0;100.0;100.0;100.0;45.42;4.75;141.0;2026-09-30T18:15:00+02:00;2026-09-30T18:55:00+02:00;769f9343f247
2026-10-01;pont_de_chavanay;AROMEHD;2026-10-01T12:00;3.7;7.0;174.0;19.5;0.0;;98.0;100.0;100.0;100.0;45.42;4.75;141.0;2026-09-30T18:15:00+02:00;2026-09-30T18:55:00+02:00;769f9343f247
2026-10-01;pont_de_chavanay;AROMEHD;2026-10-01T13:00;2.7;7.0;180.0;19.6;0.2;;100.0;100.0;100.0;100.0;45.42;4.75;141.0;2026-09-30T18:15:00+02:00;2026-09-30T18:55:00+02:00;769f9343f247
2026-10-01;pont_de_chavanay;AROMEHD;2026-10-01T14:00;0.6;5.2;162.0;19.6;0.0;;100.0;100.0;100.0;100.0;45.42;4.75;141.0;2026-09-30T18:15:00+02:00;2026-09-30T18:55:00+02:00;769f9343f247
2026-10-01;pont_de_chavanay;AROMEHD;2026-10-01T15:00;1.4;3.7;146.0;19.9;0.0;;65.0;100.0;100.0;100.0;45.42;4.75;141.0;2026-09-30T18:15:00+02:00;2026-09-30T18:55:00+02:00;769f9343f247
2026-10-01;pont_de_chavanay;AROMEHD;2026-10-01T16:00;5.1;9.7;25.0;19.3;1.1;;100.0;100.0;100.0;100.0;45.42;4.75;141.0;2026-09-30T18:15:00+02:00;2026-09-30T18:55:00+02:00;769f9343f247
2026-10-01;pont_de_chavanay;AROMEHD;2026-10-01T17:00;6.1;12.2;354.0;18.8;0.1;;100.0;100.0;100.0;100.0;45.42;4.75;141.0;2026-09-30T18:15:00+02:00;2026-09-30T18:55:00+02:00;769f9343f247
2026-10-01;pont_de_chavanay;AROMEHD;2026-10-01T18:00;5.5;11.1;10.0;18.5;0.0;;100.0;100.0;100.0;100.0;45.42;4.75;141.0;2026-09-30T18:15:00+02:00;2026-09-30T18:55:00+02:00;769f9343f247
2026-10-01;pont_de_chavanay;AROMEHD;2026-10-01T19:00;5.9;10.7;349.0;18.4;0.0;;100.0;100.0;100.0;100.0;45.42;4.75;141.0;2026-09-30T18:15:00+02:00;2026-09-30T18:55:00+02:00;769f9343f247
2026-10-01;pont_de_chavanay;AROMEHD;2026-10-01T20:00;6.0;10.7;324.0;18.3;0.0;;81.0;100.0;100.0;100.0;45.42;4.75;141.0;2026-09-30T18:15:00+02:00;2026-09-30T18:55:00+02:00;769f9343f247
2026-10-01;pont_de_chavanay;AROMEHD;2026-10-01T21:00;7.3;13.4;314.0;18.0;0.0;;87.0;100.0;99.0;100.0;45.42;4.75;141.0;2026-09-30T18:15:00+02:00;2026-09-30T18:55:00+02:00;769f9343f247
2026-10-01;pont_de_chavanay;AROMEHD;2026-10-01T22:00;6.6;13.4;313.0;18.0;0.0;;63.0;100.0;100.0;100.0;45.42;4.75;141.0;2026-09-30T18:15:00+02:00;2026-09-30T18:55:00+02:00;769f9343f247
2026-10-01;pont_de_chavanay;AROMEHD;2026-10-01T23:00;5.7;12.2;325.0;18.3;0.0;;7.0;99.0;100.0;100.0;45.42;4.75;141.0;2026-09-30T18:15:00+02:00;2026-09-30T18:55:00+02:00;769f9343f247
2026-10-01;pont_de_chavanay;AROMEHD;2026-10-02T00:00;6.7;12.4;316.0;17.9;0.0;;0.0;66.0;88.0;88.0;45.42;4.75;141.0;2026-09-30T18:15:00+02:00;2026-09-30T18:55:00+02:00;769f9343f247
2026-10-01;pont_de_chavanay;ICONCH1;2026-10-01T01:00;5.1;7.8;143.0;19.3;0.0;99.0;7.0;98.0;89.0;99.0;45.416153;4.741211;147.0;2026-09-30T18:15:00+02:00;2026-09-30T18:55:00+02:00;769f9343f247
2026-10-01;pont_de_chavanay;ICONCH1;2026-10-01T02:00;6.3;9.7;153.0;19.5;0.0;100.0;20.0;100.0;91.0;100.0;45.416153;4.741211;147.0;2026-09-30T18:15:00+02:00;2026-09-30T18:55:00+02:00;769f9343f247
2026-10-01;pont_de_chavanay;ICONCH1;2026-10-01T03:00;6.3;9.9;154.0;19.5;0.1;100.0;44.0;100.0;100.0;100.0;45.416153;4.741211;147.0;2026-09-30T18:15:00+02:00;2026-09-30T18:55:00+02:00;769f9343f247
2026-10-01;pont_de_chavanay;ICONCH1;2026-10-01T04:00;5.8;9.5;154.0;19.5;0.0;100.0;42.0;88.0;100.0;100.0;45.416153;4.741211;147.0;2026-09-30T18:15:00+02:00;2026-09-30T18:55:00+02:00;769f9343f247
2026-10-01;pont_de_chavanay;ICONCH1;2026-10-01T05:00;4.0;8.6;141.0;19.3;0.0;100.0;57.0;85.0;100.0;100.0;45.416153;4.741211;147.0;2026-09-30T18:15:00+02:00;2026-09-30T18:55:00+02:00;769f9343f247
2026-10-01;pont_de_chavanay;ICONCH1;2026-10-01T06:00;3.4;6.0;170.0;19.0;0.0;100.0;22.0;65.0;100.0;100.0;45.416153;4.741211;147.0;2026-09-30T18:15:00+02:00;2026-09-30T18:55:00+02:00;769f9343f247
2026-10-01;pont_de_chavanay;ICONCH1;2026-10-01T07:00;1.6;5.2;180.0;19.0;0.0;100.0;69.0;72.0;100.0;100.0;45.416153;4.741211;147.0;2026-09-30T18:15:00+02:00;2026-09-30T18:55:00+02:00;769f9343f247
2026-10-01;pont_de_chavanay;ICONCH1;2026-10-01T08:00;2.1;3.5;319.0;19.0;0.0;100.0;49.0;76.0;100.0;100.0;45.416153;4.741211;147.0;2026-09-30T18:15:00+02:00;2026-09-30T18:55:00+02:00;769f9343f247
2026-10-01;pont_de_chavanay;ICONCH1;2026-10-01T09:00;1.1;3.3;329.0;19.4;0.0;100.0;51.0;61.0;100.0;100.0;45.416153;4.741211;147.0;2026-09-30T18:15:00+02:00;2026-09-30T18:55:00+02:00;769f9343f247
2026-10-01;pont_de_chavanay;ICONCH1;2026-10-01T10:00;0.7;1.7;34.0;20.0;0.0;100.0;67.0;98.0;100.0;100.0;45.416153;4.741211;147.0;2026-09-30T18:15:00+02:00;2026-09-30T18:55:00+02:00;769f9343f247
2026-10-01;pont_de_chavanay;ICONCH1;2026-10-01T11:00;5.3;8.4;156.0;21.0;0.0;100.0;73.0;88.0;100.0;100.0;45.416153;4.741211;147.0;2026-09-30T18:15:00+02:00;2026-09-30T18:55:00+02:00;769f9343f247
2026-10-01;pont_de_chavanay;ICONCH1;2026-10-01T12:00;5.7;8.9;156.0;21.0;0.0;100.0;85.0;100.0;100.0;100.0;45.416153;4.741211;147.0;2026-09-30T18:15:00+02:00;2026-09-30T18:55:00+02:00;769f9343f247
2026-10-01;pont_de_chavanay;ICONCH1;2026-10-01T13:00;6.7;10.7;154.0;20.7;0.0;100.0;91.0;100.0;100.0;100.0;45.416153;4.741211;147.0;2026-09-30T18:15:00+02:00;2026-09-30T18:55:00+02:00;769f9343f247
2026-10-01;pont_de_chavanay;ICONCH1;2026-10-01T14:00;5.0;10.3;159.0;20.4;0.1;100.0;78.0;100.0;100.0;100.0;45.416153;4.741211;147.0;2026-09-30T18:15:00+02:00;2026-09-30T18:55:00+02:00;769f9343f247
2026-10-01;pont_de_chavanay;ICONCH1;2026-10-01T15:00;1.6;7.6;346.0;20.4;0.6;100.0;86.0;100.0;100.0;100.0;45.416153;4.741211;147.0;2026-09-30T18:15:00+02:00;2026-09-30T18:55:00+02:00;769f9343f247
2026-10-01;pont_de_chavanay;ICONCH1;2026-10-01T16:00;10.1;15.6;290.0;20.2;0.1;100.0;89.0;100.0;100.0;100.0;45.416153;4.741211;147.0;2026-09-30T18:15:00+02:00;2026-09-30T18:55:00+02:00;769f9343f247
2026-10-01;pont_de_chavanay;ICONCH1;2026-10-01T17:00;8.5;18.5;300.0;19.3;2.1;100.0;90.0;100.0;100.0;100.0;45.416153;4.741211;147.0;2026-09-30T18:15:00+02:00;2026-09-30T18:55:00+02:00;769f9343f247
2026-10-01;pont_de_chavanay;ICONCH1;2026-10-01T18:00;2.4;12.8;351.0;19.3;5.0;100.0;95.0;95.0;100.0;100.0;45.416153;4.741211;147.0;2026-09-30T18:15:00+02:00;2026-09-30T18:55:00+02:00;769f9343f247
2026-10-01;pont_de_chavanay;ICONCH1;2026-10-01T19:00;3.9;7.4;357.0;19.3;0.5;100.0;100.0;99.0;100.0;100.0;45.416153;4.741211;147.0;2026-09-30T18:15:00+02:00;2026-09-30T18:55:00+02:00;769f9343f247
2026-10-01;pont_de_chavanay;ICONCH1;2026-10-01T20:00;4.1;6.0;17.0;19.2;0.0;100.0;91.0;99.0;100.0;100.0;45.416153;4.741211;147.0;2026-09-30T18:15:00+02:00;2026-09-30T18:55:00+02:00;769f9343f247
2026-10-01;pont_de_chavanay;ICONCH1;2026-10-01T21:00;5.3;8.0;327.0;19.2;0.0;100.0;99.0;89.0;100.0;100.0;45.416153;4.741211;147.0;2026-09-30T18:15:00+02:00;2026-09-30T18:55:00+02:00;769f9343f247
2026-10-01;pont_de_chavanay;ICONCH1;2026-10-01T22:00;4.3;9.1;324.0;19.1;0.0;100.0;100.0;99.0;100.0;100.0;45.416153;4.741211;147.0;2026-09-30T18:15:00+02:00;2026-09-30T18:55:00+02:00;769f9343f247
2026-10-01;pont_de_chavanay;ICONCH1;2026-10-01T23:00;6.3;9.5;313.0;19.1;0.0;100.0;85.0;100.0;64.0;100.0;45.416153;4.741211;147.0;2026-09-30T18:15:00+02:00;2026-09-30T18:55:00+02:00;769f9343f247
2026-10-01;portes_les_valence;AROMEHD;2026-10-01T01:00;5.3;9.7;190.0;18.1;0.0;;0.0;100.0;100.0;100.0;44.87;4.8599987;101.0;2026-09-30T18:15:00+02:00;2026-09-30T18:55:00+02:00;769f9343f247
2026-10-01;portes_les_valence;AROMEHD;2026-10-01T02:00;5.7;10.3;190.0;18.1;0.0;;36.0;100.0;100.0;100.0;44.87;4.8599987;101.0;2026-09-30T18:15:00+02:00;2026-09-30T18:55:00+02:00;769f9343f247
2026-10-01;portes_les_valence;AROMEHD;2026-10-01T03:00;5.1;9.1;191.0;17.8;0.0;;6.0;100.0;100.0;100.0;44.87;4.8599987;101.0;2026-09-30T18:15:00+02:00;2026-09-30T18:55:00+02:00;769f9343f247
2026-10-01;portes_les_valence;AROMEHD;2026-10-01T04:00;4.1;8.7;183.0;18.1;0.0;;27.0;100.0;100.0;100.0;44.87;4.8599987;101.0;2026-09-30T18:15:00+02:00;2026-09-30T18:55:00+02:00;769f9343f247
2026-10-01;portes_les_valence;AROMEHD;2026-10-01T05:00;6.1;10.7;187.0;18.6;0.0;;81.0;94.0;100.0;100.0;44.87;4.8599987;101.0;2026-09-30T18:15:00+02:00;2026-09-30T18:55:00+02:00;769f9343f247
2026-10-01;portes_les_valence;AROMEHD;2026-10-01T06:00;6.3;10.5;202.0;19.2;0.0;;71.0;100.0;100.0;100.0;44.87;4.8599987;101.0;2026-09-30T18:15:00+02:00;2026-09-30T18:55:00+02:00;769f9343f247
2026-10-01;portes_les_valence;AROMEHD;2026-10-01T07:00;5.5;10.7;198.0;18.7;0.5;;100.0;100.0;100.0;100.0;44.87;4.8599987;101.0;2026-09-30T18:15:00+02:00;2026-09-30T18:55:00+02:00;769f9343f247
2026-10-01;portes_les_valence;AROMEHD;2026-10-01T08:00;3.1;8.9;215.0;18.5;0.7;;100.0;100.0;100.0;100.0;44.87;4.8599987;101.0;2026-09-30T18:15:00+02:00;2026-09-30T18:55:00+02:00;769f9343f247
2026-10-01;portes_les_valence;AROMEHD;2026-10-01T09:00;3.5;4.9;186.0;18.9;1.4;;1.0;100.0;100.0;100.0;44.87;4.8599987;101.0;2026-09-30T18:15:00+02:00;2026-09-30T18:55:00+02:00;769f9343f247
2026-10-01;portes_les_valence;AROMEHD;2026-10-01T10:00;4.4;8.2;212.0;19.3;0.8;;22.0;100.0;100.0;100.0;44.87;4.8599987;101.0;2026-09-30T18:15:00+02:00;2026-09-30T18:55:00+02:00;769f9343f247
2026-10-01;portes_les_valence;AROMEHD;2026-10-01T11:00;0.3;7.0;45.0;19.5;2.8;;100.0;100.0;100.0;100.0;44.87;4.8599987;101.0;2026-09-30T18:15:00+02:00;2026-09-30T18:55:00+02:00;769f9343f247
2026-10-01;portes_les_valence;AROMEHD;2026-10-01T12:00;2.4;4.5;29.0;19.6;1.8;;100.0;100.0;100.0;100.0;44.87;4.8599987;101.0;2026-09-30T18:15:00+02:00;2026-09-30T18:55:00+02:00;769f9343f247
2026-10-01;portes_les_valence;AROMEHD;2026-10-01T13:00;3.3;5.6;7.0;19.6;0.8;;100.0;100.0;100.0;100.0;44.87;4.8599987;101.0;2026-09-30T18:15:00+02:00;2026-09-30T18:55:00+02:00;769f9343f247
2026-10-01;portes_les_valence;AROMEHD;2026-10-01T14:00;1.5;5.8;50.0;20.0;0.4;;80.0;100.0;100.0;100.0;44.87;4.8599987;101.0;2026-09-30T18:15:00+02:00;2026-09-30T18:55:00+02:00;769f9343f247
2026-10-01;portes_les_valence;AROMEHD;2026-10-01T15:00;1.6;4.3;353.0;21.1;0.0;;53.0;99.0;100.0;100.0;44.87;4.8599987;101.0;2026-09-30T18:15:00+02:00;2026-09-30T18:55:00+02:00;769f9343f247
2026-10-01;portes_les_valence;AROMEHD;2026-10-01T16:00;4.5;8.4;360.0;21.7;0.0;;46.0;98.0;100.0;100.0;44.87;4.8599987;101.0;2026-09-30T18:15:00+02:00;2026-09-30T18:55:00+02:00;769f9343f247
2026-10-01;portes_les_valence;AROMEHD;2026-10-01T17:00;6.5;11.3;10.0;21.8;0.0;;19.0;2.0;100.0;100.0;44.87;4.8599987;101.0;2026-09-30T18:15:00+02:00;2026-09-30T18:55:00+02:00;769f9343f247
2026-10-01;portes_les_valence;AROMEHD;2026-10-01T18:00;14.0;24.7;10.0;21.1;0.0;;84.0;100.0;100.0;100.0;44.87;4.8599987;101.0;2026-09-30T18:15:00+02:00;2026-09-30T18:55:00+02:00;769f9343f247
2026-10-01;portes_les_valence;AROMEHD;2026-10-01T19:00;12.2;25.1;7.0;19.3;0.0;;82.0;98.0;100.0;100.0;44.87;4.8599987;101.0;2026-09-30T18:15:00+02:00;2026-09-30T18:55:00+02:00;769f9343f247
2026-10-01;portes_les_valence;AROMEHD;2026-10-01T20:00;10.9;21.8;17.0;18.8;0.0;;100.0;3.0;100.0;100.0;44.87;4.8599987;101.0;2026-09-30T18:15:00+02:00;2026-09-30T18:55:00+02:00;769f9343f247
2026-10-01;portes_les_valence;AROMEHD;2026-10-01T21:00;9.9;19.6;11.0;18.6;0.0;;100.0;11.0;100.0;100.0;44.87;4.8599987;101.0;2026-09-30T18:15:00+02:00;2026-09-30T18:55:00+02:00;769f9343f247
2026-10-01;portes_les_valence;AROMEHD;2026-10-01T22:00;8.4;17.3;8.0;18.3;0.0;;100.0;43.0;100.0;100.0;44.87;4.8599987;101.0;2026-09-30T18:15:00+02:00;2026-09-30T18:55:00+02:00;769f9343f247
2026-10-01;portes_les_valence;AROMEHD;2026-10-01T23:00;8.4;15.0;4.0;18.1;0.0;;99.0;19.0;100.0;100.0;44.87;4.8599987;101.0;2026-09-30T18:15:00+02:00;2026-09-30T18:55:00+02:00;769f9343f247
2026-10-01;portes_les_valence;AROMEHD;2026-10-02T00:00;8.2;14.6;14.0;17.7;0.0;;4.0;0.0;100.0;100.0;44.87;4.8599987;101.0;2026-09-30T18:15:00+02:00;2026-09-30T18:55:00+02:00;769f9343f247
2026-10-01;portes_les_valence;ICONCH1;2026-10-01T01:00;8.5;14.4;196.0;19.4;0.0;99.0;54.0;98.0;22.0;99.0;44.870667;4.8635864;103.0;2026-09-30T18:15:00+02:00;2026-09-30T18:55:00+02:00;769f9343f247
2026-10-01;portes_les_valence;ICONCH1;2026-10-01T02:00;6.7;13.0;190.0;19.6;0.1;100.0;42.0;100.0;9.0;100.0;44.870667;4.8635864;103.0;2026-09-30T18:15:00+02:00;2026-09-30T18:55:00+02:00;769f9343f247
2026-10-01;portes_les_valence;ICONCH1;2026-10-01T03:00;9.4;17.7;204.0;19.9;0.6;100.0;82.0;100.0;100.0;100.0;44.870667;4.8635864;103.0;2026-09-30T18:15:00+02:00;2026-09-30T18:55:00+02:00;769f9343f247
2026-10-01;portes_les_valence;ICONCH1;2026-10-01T04:00;9.1;15.4;211.0;19.6;0.3;100.0;61.0;100.0;100.0;100.0;44.870667;4.8635864;103.0;2026-09-30T18:15:00+02:00;2026-09-30T18:55:00+02:00;769f9343f247
2026-10-01;portes_les_valence;ICONCH1;2026-10-01T05:00;8.8;15.4;198.0;19.5;0.4;100.0;73.0;100.0;100.0;100.0;44.870667;4.8635864;103.0;2026-09-30T18:15:00+02:00;2026-09-30T18:55:00+02:00;769f9343f247
2026-10-01;portes_les_valence;ICONCH1;2026-10-01T06:00;7.2;15.7;204.0;19.5;0.0;100.0;63.0;100.0;100.0;100.0;44.870667;4.8635864;103.0;2026-09-30T18:15:00+02:00;2026-09-30T18:55:00+02:00;769f9343f247
2026-10-01;portes_les_valence;ICONCH1;2026-10-01T07:00;6.3;11.3;202.0;19.4;0.2;100.0;71.0;100.0;100.0;100.0;44.870667;4.8635864;103.0;2026-09-30T18:15:00+02:00;2026-09-30T18:55:00+02:00;769f9343f247
2026-10-01;portes_les_valence;ICONCH1;2026-10-01T08:00;5.6;9.9;182.0;19.2;0.7;100.0;57.0;100.0;100.0;100.0;44.870667;4.8635864;103.0;2026-09-30T18:15:00+02:00;2026-09-30T18:55:00+02:00;769f9343f247
2026-10-01;portes_les_valence;ICONCH1;2026-10-01T09:00;6.2;9.7;185.0;19.1;0.8;100.0;54.0;99.0;100.0;100.0;44.870667;4.8635864;103.0;2026-09-30T18:15:00+02:00;2026-09-30T18:55:00+02:00;769f9343f247
2026-10-01;portes_les_valence;ICONCH1;2026-10-01T10:00;4.7;9.7;178.0;19.1;0.9;100.0;67.0;99.0;100.0;100.0;44.870667;4.8635864;103.0;2026-09-30T18:15:00+02:00;2026-09-30T18:55:00+02:00;769f9343f247
2026-10-01;portes_les_valence;ICONCH1;2026-10-01T11:00;4.9;7.8;189.0;19.2;0.1;100.0;62.0;100.0;100.0;100.0;44.870667;4.8635864;103.0;2026-09-30T18:15:00+02:00;2026-09-30T18:55:00+02:00;769f9343f247
2026-10-01;portes_les_valence;ICONCH1;2026-10-01T12:00;4.5;8.2;182.0;18.8;2.6;100.0;51.0;100.0;100.0;100.0;44.870667;4.8635864;103.0;2026-09-30T18:15:00+02:00;2026-09-30T18:55:00+02:00;769f9343f247
2026-10-01;portes_les_valence;ICONCH1;2026-10-01T13:00;4.3;7.4;185.0;19.0;1.7;100.0;52.0;100.0;100.0;100.0;44.870667;4.8635864;103.0;2026-09-30T18:15:00+02:00;2026-09-30T18:55:00+02:00;769f9343f247
2026-10-01;portes_les_valence;ICONCH1;2026-10-01T14:00;4.1;7.0;163.0;19.4;1.1;100.0;61.0;100.0;100.0;100.0;44.870667;4.8635864;103.0;2026-09-30T18:15:00+02:00;2026-09-30T18:55:00+02:00;769f9343f247
2026-10-01;portes_les_valence;ICONCH1;2026-10-01T15:00;3.9;7.4;189.0;19.4;0.2;100.0;78.0;100.0;100.0;100.0;44.870667;4.8635864;103.0;2026-09-30T18:15:00+02:00;2026-09-30T18:55:00+02:00;769f9343f247
2026-10-01;portes_les_valence;ICONCH1;2026-10-01T16:00;3.5;6.4;174.0;19.5;0.1;100.0;100.0;100.0;100.0;100.0;44.870667;4.8635864;103.0;2026-09-30T18:15:00+02:00;2026-09-30T18:55:00+02:00;769f9343f247
2026-10-01;portes_les_valence;ICONCH1;2026-10-01T17:00;1.9;5.6;180.0;19.7;0.0;99.0;89.0;98.0;90.0;99.0;44.870667;4.8635864;103.0;2026-09-30T18:15:00+02:00;2026-09-30T18:55:00+02:00;769f9343f247
2026-10-01;portes_les_valence;ICONCH1;2026-10-01T18:00;2.3;3.7;70.0;19.8;0.0;100.0;94.0;100.0;50.0;100.0;44.870667;4.8635864;103.0;2026-09-30T18:15:00+02:00;2026-09-30T18:55:00+02:00;769f9343f247
2026-10-01;portes_les_valence;ICONCH1;2026-10-01T19:00;5.7;8.9;16.0;19.6;0.0;100.0;100.0;100.0;100.0;100.0;44.870667;4.8635864;103.0;2026-09-30T18:15:00+02:00;2026-09-30T18:55:00+02:00;769f9343f247
2026-10-01;portes_les_valence;ICONCH1;2026-10-01T20:00;10.0;20.2;13.0;19.0;0.0;100.0;100.0;100.0;100.0;100.0;44.870667;4.8635864;103.0;2026-09-30T18:15:00+02:00;2026-09-30T18:55:00+02:00;769f9343f247
2026-10-01;portes_les_valence;ICONCH1;2026-10-01T21:00;8.3;15.7;21.0;18.4;0.1;100.0;100.0;100.0;100.0;100.0;44.870667;4.8635864;103.0;2026-09-30T18:15:00+02:00;2026-09-30T18:55:00+02:00;769f9343f247
2026-10-01;portes_les_valence;ICONCH1;2026-10-01T22:00;8.7;13.8;9.0;18.3;0.0;100.0;96.0;100.0;100.0;100.0;44.870667;4.8635864;103.0;2026-09-30T18:15:00+02:00;2026-09-30T18:55:00+02:00;769f9343f247
2026-10-01;portes_les_valence;ICONCH1;2026-10-01T23:00;9.2;15.2;7.0;18.4;0.0;100.0;100.0;100.0;100.0;100.0;44.870667;4.8635864;103.0;2026-09-30T18:15:00+02:00;2026-09-30T18:55:00+02:00;769f9343f247
2026-10-01;roche_de_glun;AROMEHD;2026-10-01T01:00;1.8;7.8;139.0;18.6;0.0;;1.0;100.0;100.0;100.0;45.03;4.84;116.0;2026-09-30T18:15:00+02:00;2026-09-30T18:55:00+02:00;769f9343f247
2026-10-01;roche_de_glun;AROMEHD;2026-10-01T02:00;1.7;5.1;144.0;18.2;0.0;;0.0;100.0;100.0;100.0;45.03;4.84;116.0;2026-09-30T18:15:00+02:00;2026-09-30T18:55:00+02:00;769f9343f247
2026-10-01;roche_de_glun;AROMEHD;2026-10-01T03:00;2.3;4.3;110.0;18.2;0.0;;58.0;100.0;100.0;100.0;45.03;4.84;116.0;2026-09-30T18:15:00+02:00;2026-09-30T18:55:00+02:00;769f9343f247
2026-10-01;roche_de_glun;AROMEHD;2026-10-01T04:00;1.8;4.5;49.0;17.9;0.0;;72.0;100.0;100.0;100.0;45.03;4.84;116.0;2026-09-30T18:15:00+02:00;2026-09-30T18:55:00+02:00;769f9343f247
2026-10-01;roche_de_glun;AROMEHD;2026-10-01T05:00;2.5;4.5;23.0;18.0;0.0;;90.0;69.0;100.0;100.0;45.03;4.84;116.0;2026-09-30T18:15:00+02:00;2026-09-30T18:55:00+02:00;769f9343f247
2026-10-01;roche_de_glun;AROMEHD;2026-10-01T06:00;1.8;5.1;13.0;17.8;0.0;;21.0;100.0;100.0;100.0;45.03;4.84;116.0;2026-09-30T18:15:00+02:00;2026-09-30T18:55:00+02:00;769f9343f247
2026-10-01;roche_de_glun;AROMEHD;2026-10-01T07:00;2.3;4.1;340.0;17.7;0.8;;100.0;100.0;100.0;100.0;45.03;4.84;116.0;2026-09-30T18:15:00+02:00;2026-09-30T18:55:00+02:00;769f9343f247
2026-10-01;roche_de_glun;AROMEHD;2026-10-01T08:00;2.8;3.5;106.0;17.7;4.1;;100.0;100.0;100.0;100.0;45.03;4.84;116.0;2026-09-30T18:15:00+02:00;2026-09-30T18:55:00+02:00;769f9343f247
2026-10-01;roche_de_glun;AROMEHD;2026-10-01T09:00;2.0;6.6;343.0;17.6;2.9;;85.0;100.0;100.0;100.0;45.03;4.84;116.0;2026-09-30T18:15:00+02:00;2026-09-30T18:55:00+02:00;769f9343f247
2026-10-01;roche_de_glun;AROMEHD;2026-10-01T10:00;3.2;6.8;317.0;19.4;0.3;;34.0;100.0;100.0;100.0;45.03;4.84;116.0;2026-09-30T18:15:00+02:00;2026-09-30T18:55:00+02:00;769f9343f247
2026-10-01;roche_de_glun;AROMEHD;2026-10-01T11:00;2.2;6.6;297.0;19.3;0.9;;4.0;100.0;100.0;100.0;45.03;4.84;116.0;2026-09-30T18:15:00+02:00;2026-09-30T18:55:00+02:00;769f9343f247
2026-10-01;roche_de_glun;AROMEHD;2026-10-01T12:00;2.1;4.9;304.0;19.3;1.2;;5.0;100.0;100.0;100.0;45.03;4.84;116.0;2026-09-30T18:15:00+02:00;2026-09-30T18:55:00+02:00;769f9343f247
2026-10-01;roche_de_glun;AROMEHD;2026-10-01T13:00;2.6;6.2;343.0;20.0;0.6;;28.0;93.0;100.0;100.0;45.03;4.84;116.0;2026-09-30T18:15:00+02:00;2026-09-30T18:55:00+02:00;769f9343f247
2026-10-01;roche_de_glun;AROMEHD;2026-10-01T14:00;2.0;6.2;343.0;20.8;0.0;;63.0;94.0;100.0;100.0;45.03;4.84;116.0;2026-09-30T18:15:00+02:00;2026-09-30T18:55:00+02:00;769f9343f247
2026-10-01;roche_de_glun;AROMEHD;2026-10-01T15:00;2.3;5.8;360.0;21.1;0.0;;20.0;88.0;100.0;100.0;45.03;4.84;116.0;2026-09-30T18:15:00+02:00;2026-09-30T18:55:00+02:00;769f9343f247
2026-10-01;roche_de_glun;AROMEHD;2026-10-01T16:00;2.9;7.2;20.0;21.8;0.0;;25.0;100.0;100.0;100.0;45.03;4.84;116.0;2026-09-30T18:15:00+02:00;2026-09-30T18:55:00+02:00;769f9343f247
2026-10-01;roche_de_glun;AROMEHD;2026-10-01T17:00;5.1;10.9;360.0;22.0;0.0;;90.0;100.0;100.0;100.0;45.03;4.84;116.0;2026-09-30T18:15:00+02:00;2026-09-30T18:55:00+02:00;769f9343f247
2026-10-01;roche_de_glun;AROMEHD;2026-10-01T18:00;7.4;20.0;6.0;19.3;0.2;;100.0;84.0;100.0;100.0;45.03;4.84;116.0;2026-09-30T18:15:00+02:00;2026-09-30T18:55:00+02:00;769f9343f247
2026-10-01;roche_de_glun;AROMEHD;2026-10-01T19:00;6.8;15.6;355.0;18.9;0.0;;100.0;3.0;100.0;100.0;45.03;4.84;116.0;2026-09-30T18:15:00+02:00;2026-09-30T18:55:00+02:00;769f9343f247
2026-10-01;roche_de_glun;AROMEHD;2026-10-01T20:00;4.0;15.2;11.0;18.7;0.0;;100.0;67.0;100.0;100.0;45.03;4.84;116.0;2026-09-30T18:15:00+02:00;2026-09-30T18:55:00+02:00;769f9343f247
2026-10-01;roche_de_glun;AROMEHD;2026-10-01T21:00;3.5;9.1;354.0;18.4;0.0;;100.0;1.0;100.0;100.0;45.03;4.84;116.0;2026-09-30T18:15:00+02:00;2026-09-30T18:55:00+02:00;769f9343f247
2026-10-01;roche_de_glun;AROMEHD;2026-10-01T22:00;3.1;7.8;353.0;18.1;0.0;;89.0;20.0;100.0;100.0;45.03;4.84;116.0;2026-09-30T18:15:00+02:00;2026-09-30T18:55:00+02:00;769f9343f247
2026-10-01;roche_de_glun;AROMEHD;2026-10-01T23:00;3.3;6.4;324.0;17.9;0.0;;100.0;31.0;100.0;100.0;45.03;4.84;116.0;2026-09-30T18:15:00+02:00;2026-09-30T18:55:00+02:00;769f9343f247
2026-10-01;roche_de_glun;AROMEHD;2026-10-02T00:00;4.7;9.7;341.0;17.8;0.0;;91.0;66.0;100.0;100.0;45.03;4.84;116.0;2026-09-30T18:15:00+02:00;2026-09-30T18:55:00+02:00;769f9343f247
2026-10-01;roche_de_glun;ICONCH1;2026-10-01T01:00;5.5;8.6;113.0;18.8;0.0;100.0;45.0;100.0;6.0;100.0;45.020344;4.8496704;118.0;2026-09-30T18:15:00+02:00;2026-09-30T18:55:00+02:00;769f9343f247
2026-10-01;roche_de_glun;ICONCH1;2026-10-01T02:00;5.7;9.9;139.0;19.2;0.0;100.0;48.0;95.0;100.0;100.0;45.020344;4.8496704;118.0;2026-09-30T18:15:00+02:00;2026-09-30T18:55:00+02:00;769f9343f247
2026-10-01;roche_de_glun;ICONCH1;2026-10-01T03:00;6.9;14.4;158.0;20.7;1.4;100.0;39.0;100.0;100.0;100.0;45.020344;4.8496704;118.0;2026-09-30T18:15:00+02:00;2026-09-30T18:55:00+02:00;769f9343f247
2026-10-01;roche_de_glun;ICONCH1;2026-10-01T04:00;10.0;17.3;187.0;20.5;0.4;100.0;49.0;100.0;100.0;100.0;45.020344;4.8496704;118.0;2026-09-30T18:15:00+02:00;2026-09-30T18:55:00+02:00;769f9343f247
2026-10-01;roche_de_glun;ICONCH1;2026-10-01T05:00;4.2;18.3;152.0;20.1;0.1;100.0;61.0;100.0;100.0;100.0;45.020344;4.8496704;118.0;2026-09-30T18:15:00+02:00;2026-09-30T18:55:00+02:00;769f9343f247
2026-10-01;roche_de_glun;ICONCH1;2026-10-01T06:00;4.5;9.3;149.0;20.0;0.1;100.0;65.0;100.0;100.0;100.0;45.020344;4.8496704;118.0;2026-09-30T18:15:00+02:00;2026-09-30T18:55:00+02:00;769f9343f247
2026-10-01;roche_de_glun;ICONCH1;2026-10-01T07:00;4.7;7.8;150.0;20.0;0.0;100.0;66.0;96.0;100.0;100.0;45.020344;4.8496704;118.0;2026-09-30T18:15:00+02:00;2026-09-30T18:55:00+02:00;769f9343f247
2026-10-01;roche_de_glun;ICONCH1;2026-10-01T08:00;3.2;7.4;142.0;19.5;0.0;100.0;82.0;100.0;100.0;100.0;45.020344;4.8496704;118.0;2026-09-30T18:15:00+02:00;2026-09-30T18:55:00+02:00;769f9343f247
2026-10-01;roche_de_glun;ICONCH1;2026-10-01T09:00;5.5;8.6;141.0;19.4;0.1;100.0;86.0;100.0;100.0;100.0;45.020344;4.8496704;118.0;2026-09-30T18:15:00+02:00;2026-09-30T18:55:00+02:00;769f9343f247
2026-10-01;roche_de_glun;ICONCH1;2026-10-01T10:00;5.4;9.3;150.0;19.2;0.2;100.0;86.0;100.0;100.0;100.0;45.020344;4.8496704;118.0;2026-09-30T18:15:00+02:00;2026-09-30T18:55:00+02:00;769f9343f247
2026-10-01;roche_de_glun;ICONCH1;2026-10-01T11:00;6.3;9.9;150.0;19.1;0.1;100.0;81.0;100.0;100.0;100.0;45.020344;4.8496704;118.0;2026-09-30T18:15:00+02:00;2026-09-30T18:55:00+02:00;769f9343f247
2026-10-01;roche_de_glun;ICONCH1;2026-10-01T12:00;5.4;9.9;150.0;19.3;0.2;100.0;80.0;100.0;100.0;100.0;45.020344;4.8496704;118.0;2026-09-30T18:15:00+02:00;2026-09-30T18:55:00+02:00;769f9343f247
2026-10-01;roche_de_glun;ICONCH1;2026-10-01T13:00;5.3;10.5;152.0;19.3;0.1;100.0;64.0;100.0;100.0;100.0;45.020344;4.8496704;118.0;2026-09-30T18:15:00+02:00;2026-09-30T18:55:00+02:00;769f9343f247
2026-10-01;roche_de_glun;ICONCH1;2026-10-01T14:00;4.9;8.6;143.0;19.2;0.2;100.0;45.0;100.0;100.0;100.0;45.020344;4.8496704;118.0;2026-09-30T18:15:00+02:00;2026-09-30T18:55:00+02:00;769f9343f247
2026-10-01;roche_de_glun;ICONCH1;2026-10-01T15:00;3.9;7.8;147.0;19.5;0.1;100.0;77.0;100.0;100.0;100.0;45.020344;4.8496704;118.0;2026-09-30T18:15:00+02:00;2026-09-30T18:55:00+02:00;769f9343f247
2026-10-01;roche_de_glun;ICONCH1;2026-10-01T16:00;4.0;6.8;151.0;19.8;0.0;100.0;78.0;93.0;100.0;100.0;45.020344;4.8496704;118.0;2026-09-30T18:15:00+02:00;2026-09-30T18:55:00+02:00;769f9343f247
2026-10-01;roche_de_glun;ICONCH1;2026-10-01T17:00;2.8;7.2;155.0;19.8;0.0;100.0;86.0;100.0;100.0;100.0;45.020344;4.8496704;118.0;2026-09-30T18:15:00+02:00;2026-09-30T18:55:00+02:00;769f9343f247
2026-10-01;roche_de_glun;ICONCH1;2026-10-01T18:00;2.9;4.9;37.0;19.6;0.0;100.0;100.0;100.0;54.0;100.0;45.020344;4.8496704;118.0;2026-09-30T18:15:00+02:00;2026-09-30T18:55:00+02:00;769f9343f247
2026-10-01;roche_de_glun;ICONCH1;2026-10-01T19:00;9.0;15.2;4.0;19.1;0.1;100.0;100.0;100.0;100.0;100.0;45.020344;4.8496704;118.0;2026-09-30T18:15:00+02:00;2026-09-30T18:55:00+02:00;769f9343f247
2026-10-01;roche_de_glun;ICONCH1;2026-10-01T20:00;5.3;14.0;352.0;18.6;0.2;100.0;100.0;100.0;100.0;100.0;45.020344;4.8496704;118.0;2026-09-30T18:15:00+02:00;2026-09-30T18:55:00+02:00;769f9343f247
2026-10-01;roche_de_glun;ICONCH1;2026-10-01T21:00;3.8;8.4;339.0;18.5;0.1;100.0;100.0;100.0;100.0;100.0;45.020344;4.8496704;118.0;2026-09-30T18:15:00+02:00;2026-09-30T18:55:00+02:00;769f9343f247
2026-10-01;roche_de_glun;ICONCH1;2026-10-01T22:00;5.4;8.6;358.0;18.4;0.0;100.0;100.0;100.0;100.0;100.0;45.020344;4.8496704;118.0;2026-09-30T18:15:00+02:00;2026-09-30T18:55:00+02:00;769f9343f247
2026-10-01;roche_de_glun;ICONCH1;2026-10-01T23:00;4.5;8.6;358.0;18.2;0.0;100.0;100.0;100.0;95.0;100.0;45.020344;4.8496704;118.0;2026-09-30T18:15:00+02:00;2026-09-30T18:55:00+02:00;769f9343f247
2026-10-01;st_alban_du_rhone;AROMEHD;2026-10-01T01:00;7.4;13.4;157.0;20.3;0.0;;0.0;100.0;100.0;100.0;45.39;4.76;140.0;2026-09-30T18:15:00+02:00;2026-09-30T18:55:00+02:00;769f9343f247
2026-10-01;st_alban_du_rhone;AROMEHD;2026-10-01T02:00;6.6;12.8;166.0;19.8;0.0;;0.0;100.0;100.0;100.0;45.39;4.76;140.0;2026-09-30T18:15:00+02:00;2026-09-30T18:55:00+02:00;769f9343f247
2026-10-01;st_alban_du_rhone;AROMEHD;2026-10-01T03:00;5.9;11.1;172.0;19.4;0.0;;0.0;100.0;100.0;100.0;45.39;4.76;140.0;2026-09-30T18:15:00+02:00;2026-09-30T18:55:00+02:00;769f9343f247
2026-10-01;st_alban_du_rhone;AROMEHD;2026-10-01T04:00;5.6;11.1;178.0;19.0;0.0;;14.0;100.0;100.0;100.0;45.39;4.76;140.0;2026-09-30T18:15:00+02:00;2026-09-30T18:55:00+02:00;769f9343f247
2026-10-01;st_alban_du_rhone;AROMEHD;2026-10-01T05:00;4.1;8.7;172.0;18.9;0.0;;25.0;100.0;100.0;100.0;45.39;4.76;140.0;2026-09-30T18:15:00+02:00;2026-09-30T18:55:00+02:00;769f9343f247
2026-10-01;st_alban_du_rhone;AROMEHD;2026-10-01T06:00;3.1;6.8;202.0;18.6;0.0;;76.0;100.0;100.0;100.0;45.39;4.76;140.0;2026-09-30T18:15:00+02:00;2026-09-30T18:55:00+02:00;769f9343f247
2026-10-01;st_alban_du_rhone;AROMEHD;2026-10-01T07:00;3.0;5.6;191.0;18.8;0.0;;100.0;100.0;100.0;100.0;45.39;4.76;140.0;2026-09-30T18:15:00+02:00;2026-09-30T18:55:00+02:00;769f9343f247
2026-10-01;st_alban_du_rhone;AROMEHD;2026-10-01T08:00;3.9;3.7;93.0;18.6;1.9;;91.0;100.0;100.0;100.0;45.39;4.76;140.0;2026-09-30T18:15:00+02:00;2026-09-30T18:55:00+02:00;769f9343f247
2026-10-01;st_alban_du_rhone;AROMEHD;2026-10-01T09:00;2.3;6.6;138.0;18.5;1.1;;16.0;100.0;100.0;100.0;45.39;4.76;140.0;2026-09-30T18:15:00+02:00;2026-09-30T18:55:00+02:00;769f9343f247
2026-10-01;st_alban_du_rhone;AROMEHD;2026-10-01T10:00;2.2;3.9;170.0;18.9;0.2;;19.0;100.0;100.0;100.0;45.39;4.76;140.0;2026-09-30T18:15:00+02:00;2026-09-30T18:55:00+02:00;769f9343f247
2026-10-01;st_alban_du_rhone;AROMEHD;2026-10-01T11:00;3.4;6.0;156.0;19.2;0.0;;28.0;100.0;100.0;100.0;45.39;4.76;140.0;2026-09-30T18:15:00+02:00;2026-09-30T18:55:00+02:00;769f9343f247
2026-10-01;st_alban_du_rhone;AROMEHD;2026-10-01T12:00;3.9;7.0;180.0;19.4;0.0;;85.0;100.0;100.0;100.0;45.39;4.76;140.0;2026-09-30T18:15:00+02:00;2026-09-30T18:55:00+02:00;769f9343f247
2026-10-01;st_alban_du_rhone;AROMEHD;2026-10-01T13:00;3.1;6.8;184.0;19.5;0.2;;100.0;100.0;100.0;100.0;45.39;4.76;140.0;2026-09-30T18:15:00+02:00;2026-09-30T18:55:00+02:00;769f9343f247
2026-10-01;st_alban_du_rhone;AROMEHD;2026-10-01T14:00;1.2;5.4;180.0;19.6;0.0;;100.0;100.0;100.0;100.0;45.39;4.76;140.0;2026-09-30T18:15:00+02:00;2026-09-30T18:55:00+02:00;769f9343f247
2026-10-01;st_alban_du_rhone;AROMEHD;2026-10-01T15:00;1.2;2.7;162.0;19.5;0.1;;92.0;100.0;100.0;100.0;45.39;4.76;140.0;2026-09-30T18:15:00+02:00;2026-09-30T18:55:00+02:00;769f9343f247
2026-10-01;st_alban_du_rhone;AROMEHD;2026-10-01T16:00;7.5;12.4;10.0;19.6;0.4;;100.0;100.0;100.0;100.0;45.39;4.76;140.0;2026-09-30T18:15:00+02:00;2026-09-30T18:55:00+02:00;769f9343f247
2026-10-01;st_alban_du_rhone;AROMEHD;2026-10-01T17:00;9.9;16.3;2.0;18.9;0.2;;100.0;100.0;100.0;100.0;45.39;4.76;140.0;2026-09-30T18:15:00+02:00;2026-09-30T18:55:00+02:00;769f9343f247
2026-10-01;st_alban_du_rhone;AROMEHD;2026-10-01T18:00;7.8;15.9;14.0;18.3;0.0;;100.0;100.0;100.0;100.0;45.39;4.76;140.0;2026-09-30T18:15:00+02:00;2026-09-30T18:55:00+02:00;769f9343f247
2026-10-01;st_alban_du_rhone;AROMEHD;2026-10-01T19:00;8.1;13.2;349.0;18.4;0.0;;100.0;40.0;100.0;100.0;45.39;4.76;140.0;2026-09-30T18:15:00+02:00;2026-09-30T18:55:00+02:00;769f9343f247
2026-10-01;st_alban_du_rhone;AROMEHD;2026-10-01T20:00;7.0;13.0;330.0;18.2;0.0;;68.0;87.0;100.0;100.0;45.39;4.76;140.0;2026-09-30T18:15:00+02:00;2026-09-30T18:55:00+02:00;769f9343f247
2026-10-01;st_alban_du_rhone;AROMEHD;2026-10-01T21:00;8.0;14.0;323.0;18.1;0.0;;94.0;100.0;99.0;100.0;45.39;4.76;140.0;2026-09-30T18:15:00+02:00;2026-09-30T18:55:00+02:00;769f9343f247
2026-10-01;st_alban_du_rhone;AROMEHD;2026-10-01T22:00;6.0;13.8;324.0;17.6;0.4;;53.0;100.0;100.0;100.0;45.39;4.76;140.0;2026-09-30T18:15:00+02:00;2026-09-30T18:55:00+02:00;769f9343f247
2026-10-01;st_alban_du_rhone;AROMEHD;2026-10-01T23:00;5.0;10.3;347.0;17.6;0.1;;9.0;83.0;100.0;100.0;45.39;4.76;140.0;2026-09-30T18:15:00+02:00;2026-09-30T18:55:00+02:00;769f9343f247
2026-10-01;st_alban_du_rhone;AROMEHD;2026-10-02T00:00;5.7;9.5;338.0;17.2;0.0;;3.0;83.0;94.0;94.0;45.39;4.76;140.0;2026-09-30T18:15:00+02:00;2026-09-30T18:55:00+02:00;769f9343f247
2026-10-01;st_alban_du_rhone;ICONCH1;2026-10-01T01:00;6.8;13.4;156.0;19.3;0.0;97.0;13.0;94.0;47.0;97.0;45.386887;4.758301;141.0;2026-09-30T18:15:00+02:00;2026-09-30T18:55:00+02:00;769f9343f247
2026-10-01;st_alban_du_rhone;ICONCH1;2026-10-01T02:00;8.2;13.2;155.0;19.4;0.0;100.0;27.0;100.0;64.0;100.0;45.386887;4.758301;141.0;2026-09-30T18:15:00+02:00;2026-09-30T18:55:00+02:00;769f9343f247
2026-10-01;st_alban_du_rhone;ICONCH1;2026-10-01T03:00;7.4;12.8;157.0;19.4;0.1;100.0;51.0;100.0;84.0;100.0;45.386887;4.758301;141.0;2026-09-30T18:15:00+02:00;2026-09-30T18:55:00+02:00;769f9343f247
2026-10-01;st_alban_du_rhone;ICONCH1;2026-10-01T04:00;8.4;13.0;158.0;19.4;0.0;100.0;47.0;81.0;100.0;100.0;45.386887;4.758301;141.0;2026-09-30T18:15:00+02:00;2026-09-30T18:55:00+02:00;769f9343f247
2026-10-01;st_alban_du_rhone;ICONCH1;2026-10-01T05:00;7.1;13.4;154.0;19.3;0.0;100.0;55.0;73.0;100.0;100.0;45.386887;4.758301;141.0;2026-09-30T18:15:00+02:00;2026-09-30T18:55:00+02:00;769f9343f247
2026-10-01;st_alban_du_rhone;ICONCH1;2026-10-01T06:00;6.7;11.5;158.0;19.1;0.0;100.0;38.0;80.0;100.0;100.0;45.386887;4.758301;141.0;2026-09-30T18:15:00+02:00;2026-09-30T18:55:00+02:00;769f9343f247
2026-10-01;st_alban_du_rhone;ICONCH1;2026-10-01T07:00;5.2;10.5;160.0;19.0;0.0;100.0;60.0;76.0;100.0;100.0;45.386887;4.758301;141.0;2026-09-30T18:15:00+02:00;2026-09-30T18:55:00+02:00;769f9343f247
2026-10-01;st_alban_du_rhone;ICONCH1;2026-10-01T08:00;1.2;8.2;198.0;19.1;0.0;100.0;65.0;71.0;100.0;100.0;45.386887;4.758301;141.0;2026-09-30T18:15:00+02:00;2026-09-30T18:55:00+02:00;769f9343f247
2026-10-01;st_alban_du_rhone;ICONCH1;2026-10-01T09:00;0.6;3.9;360.0;19.2;0.0;100.0;39.0;60.0;100.0;100.0;45.386887;4.758301;141.0;2026-09-30T18:15:00+02:00;2026-09-30T18:55:00+02:00;769f9343f247
2026-10-01;st_alban_du_rhone;ICONCH1;2026-10-01T10:00;4.3;7.0;150.0;20.6;0.0;100.0;65.0;92.0;100.0;100.0;45.386887;4.758301;141.0;2026-09-30T18:15:00+02:00;2026-09-30T18:55:00+02:00;769f9343f247
2026-10-01;st_alban_du_rhone;ICONCH1;2026-10-01T11:00;8.2;13.4;152.0;20.9;0.0;100.0;79.0;84.0;100.0;100.0;45.386887;4.758301;141.0;2026-09-30T18:15:00+02:00;2026-09-30T18:55:00+02:00;769f9343f247
2026-10-01;st_alban_du_rhone;ICONCH1;2026-10-01T12:00;8.4;14.2;154.0;21.1;0.0;100.0;84.0;100.0;100.0;100.0;45.386887;4.758301;141.0;2026-09-30T18:15:00+02:00;2026-09-30T18:55:00+02:00;769f9343f247
2026-10-01;st_alban_du_rhone;ICONCH1;2026-10-01T13:00;8.6;14.0;155.0;20.8;0.0;100.0;79.0;100.0;100.0;100.0;45.386887;4.758301;141.0;2026-09-30T18:15:00+02:00;2026-09-30T18:55:00+02:00;769f9343f247
2026-10-01;st_alban_du_rhone;ICONCH1;2026-10-01T14:00;6.3;14.0;162.0;20.5;0.1;100.0;71.0;100.0;100.0;100.0;45.386887;4.758301;141.0;2026-09-30T18:15:00+02:00;2026-09-30T18:55:00+02:00;769f9343f247
2026-10-01;st_alban_du_rhone;ICONCH1;2026-10-01T15:00;1.8;10.5;162.0;20.6;0.5;100.0;87.0;100.0;100.0;100.0;45.386887;4.758301;141.0;2026-09-30T18:15:00+02:00;2026-09-30T18:55:00+02:00;769f9343f247
2026-10-01;st_alban_du_rhone;ICONCH1;2026-10-01T16:00;5.5;9.3;10.0;20.4;0.1;100.0;88.0;100.0;100.0;100.0;45.386887;4.758301;141.0;2026-09-30T18:15:00+02:00;2026-09-30T18:55:00+02:00;769f9343f247
2026-10-01;st_alban_du_rhone;ICONCH1;2026-10-01T17:00;9.5;17.7;332.0;19.1;3.5;100.0;88.0;100.0;100.0;100.0;45.386887;4.758301;141.0;2026-09-30T18:15:00+02:00;2026-09-30T18:55:00+02:00;769f9343f247
2026-10-01;st_alban_du_rhone;ICONCH1;2026-10-01T18:00;7.1;15.2;35.0;18.3;4.3;100.0;88.0;100.0;100.0;100.0;45.386887;4.758301;141.0;2026-09-30T18:15:00+02:00;2026-09-30T18:55:00+02:00;769f9343f247
2026-10-01;st_alban_du_rhone;ICONCH1;2026-10-01T19:00;7.0;12.1;5.0;19.2;0.5;100.0;90.0;99.0;100.0;100.0;45.386887;4.758301;141.0;2026-09-30T18:15:00+02:00;2026-09-30T18:55:00+02:00;769f9343f247
2026-10-01;st_alban_du_rhone;ICONCH1;2026-10-01T20:00;8.1;13.0;40.0;18.3;0.0;100.0;86.0;100.0;100.0;100.0;45.386887;4.758301;141.0;2026-09-30T18:15:00+02:00;2026-09-30T18:55:00+02:00;769f9343f247
2026-10-01;st_alban_du_rhone;ICONCH1;2026-10-01T21:00;6.7;13.6;17.0;18.7;0.1;100.0;86.0;91.0;100.0;100.0;45.386887;4.758301;141.0;2026-09-30T18:15:00+02:00;2026-09-30T18:55:00+02:00;769f9343f247
2026-10-01;st_alban_du_rhone;ICONCH1;2026-10-01T22:00;4.7;10.7;360.0;18.8;0.0;100.0;99.0;100.0;100.0;100.0;45.386887;4.758301;141.0;2026-09-30T18:15:00+02:00;2026-09-30T18:55:00+02:00;769f9343f247
2026-10-01;st_alban_du_rhone;ICONCH1;2026-10-01T23:00;5.8;9.1;330.0;19.0;0.0;100.0;85.0;100.0;64.0;100.0;45.386887;4.758301;141.0;2026-09-30T18:15:00+02:00;2026-09-30T18:55:00+02:00;769f9343f247
2026-10-01;st_cyr_sur_le_rhone;AROMEHD;2026-10-01T01:00;8.3;19.2;195.0;19.9;0.0;;0.0;100.0;100.0;100.0;45.510002;4.8500004;190.0;2026-09-30T18:15:00+02:00;2026-09-30T18:55:00+02:00;769f9343f247
2026-10-01;st_cyr_sur_le_rhone;AROMEHD;2026-10-01T02:00;8.4;19.4;195.0;20.2;0.0;;0.0;100.0;100.0;100.0;45.510002;4.8500004;190.0;2026-09-30T18:15:00+02:00;2026-09-30T18:55:00+02:00;769f9343f247
2026-10-01;st_cyr_sur_le_rhone;AROMEHD;2026-10-01T03:00;7.6;18.9;195.0;20.3;0.0;;0.0;100.0;100.0;100.0;45.510002;4.8500004;190.0;2026-09-30T18:15:00+02:00;2026-09-30T18:55:00+02:00;769f9343f247
2026-10-01;st_cyr_sur_le_rhone;AROMEHD;2026-10-01T04:00;7.0;17.7;194.0;20.1;0.0;;0.0;100.0;100.0;100.0;45.510002;4.8500004;190.0;2026-09-30T18:15:00+02:00;2026-09-30T18:55:00+02:00;769f9343f247
2026-10-01;st_cyr_sur_le_rhone;AROMEHD;2026-10-01T05:00;4.2;15.9;217.0;19.7;0.0;;0.0;100.0;100.0;100.0;45.510002;4.8500004;190.0;2026-09-30T18:15:00+02:00;2026-09-30T18:55:00+02:00;769f9343f247
2026-10-01;st_cyr_sur_le_rhone;AROMEHD;2026-10-01T06:00;2.1;9.1;236.0;18.9;0.0;;18.0;100.0;100.0;100.0;45.510002;4.8500004;190.0;2026-09-30T18:15:00+02:00;2026-09-30T18:55:00+02:00;769f9343f247
2026-10-01;st_cyr_sur_le_rhone;AROMEHD;2026-10-01T07:00;2.6;6.4;228.0;18.8;0.0;;71.0;100.0;100.0;100.0;45.510002;4.8500004;190.0;2026-09-30T18:15:00+02:00;2026-09-30T18:55:00+02:00;769f9343f247
2026-10-01;st_cyr_sur_le_rhone;AROMEHD;2026-10-01T08:00;2.8;10.7;56.0;18.4;1.2;;100.0;100.0;100.0;100.0;45.510002;4.8500004;190.0;2026-09-30T18:15:00+02:00;2026-09-30T18:55:00+02:00;769f9343f247
2026-10-01;st_cyr_sur_le_rhone;AROMEHD;2026-10-01T09:00;0.7;6.0;214.0;18.5;0.8;;99.0;100.0;100.0;100.0;45.510002;4.8500004;190.0;2026-09-30T18:15:00+02:00;2026-09-30T18:55:00+02:00;769f9343f247
2026-10-01;st_cyr_sur_le_rhone;AROMEHD;2026-10-01T10:00;0.9;2.7;153.0;18.6;0.1;;2.0;100.0;100.0;100.0;45.510002;4.8500004;190.0;2026-09-30T18:15:00+02:00;2026-09-30T18:55:00+02:00;769f9343f247
2026-10-01;st_cyr_sur_le_rhone;AROMEHD;2026-10-01T11:00;3.6;7.8;225.0;18.8;0.0;;33.0;96.0;100.0;100.0;45.510002;4.8500004;190.0;2026-09-30T18:15:00+02:00;2026-09-30T18:55:00+02:00;769f9343f247
2026-10-01;st_cyr_sur_le_rhone;AROMEHD;2026-10-01T12:00;3.6;8.0;209.0;19.3;0.0;;100.0;100.0;100.0;100.0;45.510002;4.8500004;190.0;2026-09-30T18:15:00+02:00;2026-09-30T18:55:00+02:00;769f9343f247
2026-10-01;st_cyr_sur_le_rhone;AROMEHD;2026-10-01T13:00;3.2;8.0;218.0;19.5;0.3;;100.0;100.0;100.0;100.0;45.510002;4.8500004;190.0;2026-09-30T18:15:00+02:00;2026-09-30T18:55:00+02:00;769f9343f247
2026-10-01;st_cyr_sur_le_rhone;AROMEHD;2026-10-01T14:00;2.8;7.4;236.0;19.7;0.0;;54.0;100.0;100.0;100.0;45.510002;4.8500004;190.0;2026-09-30T18:15:00+02:00;2026-09-30T18:55:00+02:00;769f9343f247
2026-10-01;st_cyr_sur_le_rhone;AROMEHD;2026-10-01T15:00;5.3;12.1;352.0;19.5;0.0;;100.0;100.0;100.0;100.0;45.510002;4.8500004;190.0;2026-09-30T18:15:00+02:00;2026-09-30T18:55:00+02:00;769f9343f247
2026-10-01;st_cyr_sur_le_rhone;AROMEHD;2026-10-01T16:00;4.7;12.1;5.0;18.7;0.1;;100.0;100.0;100.0;100.0;45.510002;4.8500004;190.0;2026-09-30T18:15:00+02:00;2026-09-30T18:55:00+02:00;769f9343f247
2026-10-01;st_cyr_sur_le_rhone;AROMEHD;2026-10-01T17:00;4.3;11.3;10.0;17.6;1.1;;100.0;100.0;100.0;100.0;45.510002;4.8500004;190.0;2026-09-30T18:15:00+02:00;2026-09-30T18:55:00+02:00;769f9343f247
2026-10-01;st_cyr_sur_le_rhone;AROMEHD;2026-10-01T18:00;3.9;11.7;6.0;17.4;0.1;;100.0;100.0;100.0;100.0;45.510002;4.8500004;190.0;2026-09-30T18:15:00+02:00;2026-09-30T18:55:00+02:00;769f9343f247
2026-10-01;st_cyr_sur_le_rhone;AROMEHD;2026-10-01T19:00;3.6;8.7;13.0;17.7;0.0;;100.0;100.0;65.0;100.0;45.510002;4.8500004;190.0;2026-09-30T18:15:00+02:00;2026-09-30T18:55:00+02:00;769f9343f247
2026-10-01;st_cyr_sur_le_rhone;AROMEHD;2026-10-01T20:00;3.3;8.4;7.0;17.4;0.0;;27.0;77.0;100.0;100.0;45.510002;4.8500004;190.0;2026-09-30T18:15:00+02:00;2026-09-30T18:55:00+02:00;769f9343f247
2026-10-01;st_cyr_sur_le_rhone;AROMEHD;2026-10-01T21:00;2.9;7.0;8.0;17.0;0.0;;16.0;100.0;100.0;100.0;45.510002;4.8500004;190.0;2026-09-30T18:15:00+02:00;2026-09-30T18:55:00+02:00;769f9343f247
2026-10-01;st_cyr_sur_le_rhone;AROMEHD;2026-10-01T22:00;3.3;7.8;343.0;17.0;0.0;;35.0;100.0;100.0;100.0;45.510002;4.8500004;190.0;2026-09-30T18:15:00+02:00;2026-09-30T18:55:00+02:00;769f9343f247
2026-10-01;st_cyr_sur_le_rhone;AROMEHD;2026-10-01T23:00;1.9;7.4;323.0;16.3;0.0;;7.0;82.0;100.0;100.0;45.510002;4.8500004;190.0;2026-09-30T18:15:00+02:00;2026-09-30T18:55:00+02:00;769f9343f247
2026-10-01;st_cyr_sur_le_rhone;AROMEHD;2026-10-02T00:00;2.0;5.2;331.0;16.4;0.0;;1.0;81.0;99.0;99.0;45.510002;4.8500004;190.0;2026-09-30T18:15:00+02:00;2026-09-30T18:55:00+02:00;769f9343f247
2026-10-01;st_cyr_sur_le_rhone;ICONCH1;2026-10-01T01:00;11.9;21.2;196.0;20.1;0.0;100.0;9.0;100.0;100.0;100.0;45.511913;4.860718;186.0;2026-09-30T18:15:00+02:00;2026-09-30T18:55:00+02:00;769f9343f247
2026-10-01;st_cyr_sur_le_rhone;ICONCH1;2026-10-01T02:00;13.8;22.0;194.0;20.2;0.0;100.0;0.0;87.0;100.0;100.0;45.511913;4.860718;186.0;2026-09-30T18:15:00+02:00;2026-09-30T18:55:00+02:00;769f9343f247
2026-10-01;st_cyr_sur_le_rhone;ICONCH1;2026-10-01T03:00;13.4;22.0;193.0;20.0;0.0;100.0;0.0;100.0;100.0;100.0;45.511913;4.860718;186.0;2026-09-30T18:15:00+02:00;2026-09-30T18:55:00+02:00;769f9343f247
2026-10-01;st_cyr_sur_le_rhone;ICONCH1;2026-10-01T04:00;13.3;24.9;192.0;19.7;0.0;100.0;32.0;77.0;100.0;100.0;45.511913;4.860718;186.0;2026-09-30T18:15:00+02:00;2026-09-30T18:55:00+02:00;769f9343f247
2026-10-01;st_cyr_sur_le_rhone;ICONCH1;2026-10-01T05:00;15.4;25.5;196.0;19.8;0.0;100.0;0.0;97.0;100.0;100.0;45.511913;4.860718;186.0;2026-09-30T18:15:00+02:00;2026-09-30T18:55:00+02:00;769f9343f247
2026-10-01;st_cyr_sur_le_rhone;ICONCH1;2026-10-01T06:00;11.3;24.5;192.0;19.6;0.0;100.0;35.0;80.0;100.0;100.0;45.511913;4.860718;186.0;2026-09-30T18:15:00+02:00;2026-09-30T18:55:00+02:00;769f9343f247
2026-10-01;st_cyr_sur_le_rhone;ICONCH1;2026-10-01T07:00;11.6;18.9;195.0;19.5;0.0;100.0;59.0;93.0;100.0;100.0;45.511913;4.860718;186.0;2026-09-30T18:15:00+02:00;2026-09-30T18:55:00+02:00;769f9343f247
2026-10-01;st_cyr_sur_le_rhone;ICONCH1;2026-10-01T08:00;6.7;18.5;221.0;19.1;0.0;100.0;51.0;59.0;100.0;100.0;45.511913;4.860718;186.0;2026-09-30T18:15:00+02:00;2026-09-30T18:55:00+02:00;769f9343f247
2026-10-01;st_cyr_sur_le_rhone;ICONCH1;2026-10-01T09:00;5.3;11.5;231.0;19.6;0.0;100.0;37.0;77.0;100.0;100.0;45.511913;4.860718;186.0;2026-09-30T18:15:00+02:00;2026-09-30T18:55:00+02:00;769f9343f247
2026-10-01;st_cyr_sur_le_rhone;ICONCH1;2026-10-01T10:00;6.9;11.3;218.0;20.7;0.0;100.0;85.0;78.0;100.0;100.0;45.511913;4.860718;186.0;2026-09-30T18:15:00+02:00;2026-09-30T18:55:00+02:00;769f9343f247
2026-10-01;st_cyr_sur_le_rhone;ICONCH1;2026-10-01T11:00;9.2;15.0;197.0;21.3;0.0;100.0;72.0;95.0;100.0;100.0;45.511913;4.860718;186.0;2026-09-30T18:15:00+02:00;2026-09-30T18:55:00+02:00;769f9343f247
2026-10-01;st_cyr_sur_le_rhone;ICONCH1;2026-10-01T12:00;9.8;16.5;198.0;21.7;0.0;100.0;88.0;97.0;100.0;100.0;45.511913;4.860718;186.0;2026-09-30T18:15:00+02:00;2026-09-30T18:55:00+02:00;769f9343f247
2026-10-01;st_cyr_sur_le_rhone;ICONCH1;2026-10-01T13:00;8.2;15.9;199.0;21.5;0.0;100.0;85.0;100.0;100.0;100.0;45.511913;4.860718;186.0;2026-09-30T18:15:00+02:00;2026-09-30T18:55:00+02:00;769f9343f247
2026-10-01;st_cyr_sur_le_rhone;ICONCH1;2026-10-01T14:00;6.5;13.4;213.0;21.0;0.0;100.0;85.0;100.0;100.0;100.0;45.511913;4.860718;186.0;2026-09-30T18:15:00+02:00;2026-09-30T18:55:00+02:00;769f9343f247
2026-10-01;st_cyr_sur_le_rhone;ICONCH1;2026-10-01T15:00;2.7;10.5;291.0;20.0;0.7;100.0;85.0;100.0;100.0;100.0;45.511913;4.860718;186.0;2026-09-30T18:15:00+02:00;2026-09-30T18:55:00+02:00;769f9343f247
2026-10-01;st_cyr_sur_le_rhone;ICONCH1;2026-10-01T16:00;5.5;13.6;343.0;18.3;0.3;100.0;100.0;100.0;100.0;100.0;45.511913;4.860718;186.0;2026-09-30T18:15:00+02:00;2026-09-30T18:55:00+02:00;769f9343f247
2026-10-01;st_cyr_sur_le_rhone;ICONCH1;2026-10-01T17:00;4.1;8.7;8.0;17.6;4.4;100.0;91.0;100.0;100.0;100.0;45.511913;4.860718;186.0;2026-09-30T18:15:00+02:00;2026-09-30T18:55:00+02:00;769f9343f247
2026-10-01;st_cyr_sur_le_rhone;ICONCH1;2026-10-01T18:00;6.4;10.3;358.0;17.7;4.4;100.0;96.0;99.0;99.0;100.0;45.511913;4.860718;186.0;2026-09-30T18:15:00+02:00;2026-09-30T18:55:00+02:00;769f9343f247
2026-10-01;st_cyr_sur_le_rhone;ICONCH1;2026-10-01T19:00;5.2;10.9;13.0;17.6;0.7;100.0;100.0;100.0;100.0;100.0;45.511913;4.860718;186.0;2026-09-30T18:15:00+02:00;2026-09-30T18:55:00+02:00;769f9343f247
2026-10-01;st_cyr_sur_le_rhone;ICONCH1;2026-10-01T20:00;5.4;9.1;38.0;17.4;0.4;100.0;97.0;100.0;100.0;100.0;45.511913;4.860718;186.0;2026-09-30T18:15:00+02:00;2026-09-30T18:55:00+02:00;769f9343f247
2026-10-01;st_cyr_sur_le_rhone;ICONCH1;2026-10-01T21:00;3.9;8.7;354.0;17.4;0.0;100.0;99.0;100.0;100.0;100.0;45.511913;4.860718;186.0;2026-09-30T18:15:00+02:00;2026-09-30T18:55:00+02:00;769f9343f247
2026-10-01;st_cyr_sur_le_rhone;ICONCH1;2026-10-01T22:00;3.3;7.8;360.0;17.3;0.0;100.0;91.0;100.0;100.0;100.0;45.511913;4.860718;186.0;2026-09-30T18:15:00+02:00;2026-09-30T18:55:00+02:00;769f9343f247
2026-10-01;st_cyr_sur_le_rhone;ICONCH1;2026-10-01T23:00;3.7;8.2;342.0;17.6;0.0;100.0;100.0;97.0;56.0;100.0;45.511913;4.860718;186.0;2026-09-30T18:15:00+02:00;2026-09-30T18:55:00+02:00;769f9343f247
2026-10-01;st_romain_des_iles;AROMEHD;2026-10-01T01:00;3.2;6.2;191.0;18.8;0.0;;0.0;100.0;100.0;100.0;46.18;4.779999;169.0;2026-09-30T18:15:00+02:00;2026-09-30T18:55:00+02:00;769f9343f247
2026-10-01;st_romain_des_iles;AROMEHD;2026-10-01T02:00;2.7;4.5;184.0;18.5;0.0;;0.0;100.0;100.0;100.0;46.18;4.779999;169.0;2026-09-30T18:15:00+02:00;2026-09-30T18:55:00+02:00;769f9343f247
2026-10-01;st_romain_des_iles;AROMEHD;2026-10-01T03:00;2.1;3.3;185.0;18.0;0.0;;0.0;100.0;100.0;100.0;46.18;4.779999;169.0;2026-09-30T18:15:00+02:00;2026-09-30T18:55:00+02:00;769f9343f247
2026-10-01;st_romain_des_iles;AROMEHD;2026-10-01T04:00;0.8;2.5;180.0;18.0;0.0;;67.0;100.0;100.0;100.0;46.18;4.779999;169.0;2026-09-30T18:15:00+02:00;2026-09-30T18:55:00+02:00;769f9343f247
2026-10-01;st_romain_des_iles;AROMEHD;2026-10-01T05:00;0.6;1.0;90.0;18.0;0.0;;73.0;57.0;100.0;100.0;46.18;4.779999;169.0;2026-09-30T18:15:00+02:00;2026-09-30T18:55:00+02:00;769f9343f247
2026-10-01;st_romain_des_iles;AROMEHD;2026-10-01T06:00;2.1;2.5;146.0;17.8;0.2;;91.0;100.0;100.0;100.0;46.18;4.779999;169.0;2026-09-30T18:15:00+02:00;2026-09-30T18:55:00+02:00;769f9343f247
2026-10-01;st_romain_des_iles;AROMEHD;2026-10-01T07:00;2.0;2.9;151.0;18.0;0.0;;100.0;100.0;100.0;100.0;46.18;4.779999;169.0;2026-09-30T18:15:00+02:00;2026-09-30T18:55:00+02:00;769f9343f247
2026-10-01;st_romain_des_iles;AROMEHD;2026-10-01T08:00;5.7;9.9;196.0;17.9;2.6;;100.0;100.0;100.0;100.0;46.18;4.779999;169.0;2026-09-30T18:15:00+02:00;2026-09-30T18:55:00+02:00;769f9343f247
2026-10-01;st_romain_des_iles;AROMEHD;2026-10-01T09:00;1.7;8.4;63.0;17.9;2.9;;5.0;100.0;100.0;100.0;46.18;4.779999;169.0;2026-09-30T18:15:00+02:00;2026-09-30T18:55:00+02:00;769f9343f247
2026-10-01;st_romain_des_iles;AROMEHD;2026-10-01T10:00;2.1;4.7;180.0;18.2;0.0;;71.0;100.0;100.0;100.0;46.18;4.779999;169.0;2026-09-30T18:15:00+02:00;2026-09-30T18:55:00+02:00;769f9343f247
2026-10-01;st_romain_des_iles;AROMEHD;2026-10-01T11:00;2.5;5.2;212.0;19.2;0.0;;100.0;79.0;100.0;100.0;46.18;4.779999;169.0;2026-09-30T18:15:00+02:00;2026-09-30T18:55:00+02:00;769f9343f247
2026-10-01;st_romain_des_iles;AROMEHD;2026-10-01T12:00;6.6;12.2;308.0;18.8;0.0;;100.0;100.0;100.0;100.0;46.18;4.779999;169.0;2026-09-30T18:15:00+02:00;2026-09-30T18:55:00+02:00;769f9343f247
2026-10-01;st_romain_des_iles;AROMEHD;2026-10-01T13:00;7.4;13.6;313.0;18.4;0.0;;100.0;100.0;100.0;100.0;46.18;4.779999;169.0;2026-09-30T18:15:00+02:00;2026-09-30T18:55:00+02:00;769f9343f247
2026-10-01;st_romain_des_iles;AROMEHD;2026-10-01T14:00;7.1;15.0;343.0;19.0;0.0;;100.0;82.0;100.0;100.0;46.18;4.779999;169.0;2026-09-30T18:15:00+02:00;2026-09-30T18:55:00+02:00;769f9343f247
2026-10-01;st_romain_des_iles;AROMEHD;2026-10-01T15:00;7.2;12.6;327.0;19.4;0.0;;100.0;75.0;100.0;100.0;46.18;4.779999;169.0;2026-09-30T18:15:00+02:00;2026-09-30T18:55:00+02:00;769f9343f247
2026-10-01;st_romain_des_iles;AROMEHD;2026-10-01T16:00;6.4;14.8;335.0;18.7;0.0;;100.0;100.0;100.0;100.0;46.18;4.779999;169.0;2026-09-30T18:15:00+02:00;2026-09-30T18:55:00+02:00;769f9343f247
2026-10-01;st_romain_des_iles;AROMEHD;2026-10-01T17:00;5.9;11.3;343.0;18.5;0.0;;100.0;100.0;100.0;100.0;46.18;4.779999;169.0;2026-09-30T18:15:00+02:00;2026-09-30T18:55:00+02:00;769f9343f247
2026-10-01;st_romain_des_iles;AROMEHD;2026-10-01T18:00;4.9;10.5;360.0;18.4;0.0;;99.0;51.0;100.0;100.0;46.18;4.779999;169.0;2026-09-30T18:15:00+02:00;2026-09-30T18:55:00+02:00;769f9343f247
2026-10-01;st_romain_des_iles;AROMEHD;2026-10-01T19:00;3.8;8.0;35.0;18.3;0.0;;6.0;100.0;19.0;100.0;46.18;4.779999;169.0;2026-09-30T18:15:00+02:00;2026-09-30T18:55:00+02:00;769f9343f247
2026-10-01;st_romain_des_iles;AROMEHD;2026-10-01T20:00;2.6;6.0;36.0;17.2;0.0;;1.0;100.0;9.0;100.0;46.18;4.779999;169.0;2026-09-30T18:15:00+02:00;2026-09-30T18:55:00+02:00;769f9343f247
2026-10-01;st_romain_des_iles;AROMEHD;2026-10-01T21:00;1.7;3.7;27.0;16.3;0.0;;4.0;100.0;100.0;100.0;46.18;4.779999;169.0;2026-09-30T18:15:00+02:00;2026-09-30T18:55:00+02:00;769f9343f247
2026-10-01;st_romain_des_iles;AROMEHD;2026-10-01T22:00;1.0;1.4;270.0;15.8;0.0;;19.0;100.0;95.0;100.0;46.18;4.779999;169.0;2026-09-30T18:15:00+02:00;2026-09-30T18:55:00+02:00;769f9343f247
2026-10-01;st_romain_des_iles;AROMEHD;2026-10-01T23:00;0.9;0.6;153.0;15.6;0.0;;36.0;100.0;74.0;100.0;46.18;4.779999;169.0;2026-09-30T18:15:00+02:00;2026-09-30T18:55:00+02:00;769f9343f247
2026-10-01;st_romain_des_iles;AROMEHD;2026-10-02T00:00;2.3;0.8;301.0;15.4;0.0;;19.0;100.0;42.0;100.0;46.18;4.779999;169.0;2026-09-30T18:15:00+02:00;2026-09-30T18:55:00+02:00;769f9343f247
2026-10-01;st_romain_des_iles;ICONCH1;2026-10-01T01:00;6.2;10.9;184.0;20.1;0.0;100.0;0.0;98.0;100.0;100.0;46.179794;4.782837;176.0;2026-09-30T18:15:00+02:00;2026-09-30T18:55:00+02:00;769f9343f247
2026-10-01;st_romain_des_iles;ICONCH1;2026-10-01T02:00;4.9;9.9;180.0;19.7;0.0;100.0;0.0;65.0;100.0;100.0;46.179794;4.782837;176.0;2026-09-30T18:15:00+02:00;2026-09-30T18:55:00+02:00;769f9343f247
2026-10-01;st_romain_des_iles;ICONCH1;2026-10-01T03:00;4.3;7.6;188.0;19.2;0.0;97.0;0.0;90.0;80.0;97.0;46.179794;4.782837;176.0;2026-09-30T18:15:00+02:00;2026-09-30T18:55:00+02:00;769f9343f247
2026-10-01;st_romain_des_iles;ICONCH1;2026-10-01T04:00;3.1;6.8;215.0;18.9;0.0;100.0;0.0;78.0;100.0;100.0;46.179794;4.782837;176.0;2026-09-30T18:15:00+02:00;2026-09-30T18:55:00+02:00;769f9343f247
2026-10-01;st_romain_des_iles;ICONCH1;2026-10-01T05:00;1.4;4.9;225.0;18.6;0.0;71.0;0.0;51.0;44.0;71.0;46.179794;4.782837;176.0;2026-09-30T18:15:00+02:00;2026-09-30T18:55:00+02:00;769f9343f247
2026-10-01;st_romain_des_iles;ICONCH1;2026-10-01T06:00;0.4;2.5;27.0;18.4;0.0;100.0;2.0;0.0;100.0;100.0;46.179794;4.782837;176.0;2026-09-30T18:15:00+02:00;2026-09-30T18:55:00+02:00;769f9343f247
2026-10-01;st_romain_des_iles;ICONCH1;2026-10-01T07:00;1.2;4.3;18.0;17.3;0.0;100.0;34.0;35.0;100.0;100.0;46.179794;4.782837;176.0;2026-09-30T18:15:00+02:00;2026-09-30T18:55:00+02:00;769f9343f247
2026-10-01;st_romain_des_iles;ICONCH1;2026-10-01T08:00;1.6;3.1;166.0;17.5;0.0;100.0;64.0;82.0;100.0;100.0;46.179794;4.782837;176.0;2026-09-30T18:15:00+02:00;2026-09-30T18:55:00+02:00;769f9343f247
2026-10-01;st_romain_des_iles;ICONCH1;2026-10-01T09:00;1.6;2.9;194.0;18.1;0.0;99.0;72.0;84.0;86.0;99.0;46.179794;4.782837;176.0;2026-09-30T18:15:00+02:00;2026-09-30T18:55:00+02:00;769f9343f247
2026-10-01;st_romain_des_iles;ICONCH1;2026-10-01T10:00;2.1;3.5;236.0;19.0;0.0;100.0;89.0;100.0;100.0;100.0;46.179794;4.782837;176.0;2026-09-30T18:15:00+02:00;2026-09-30T18:55:00+02:00;769f9343f247
2026-10-01;st_romain_des_iles;ICONCH1;2026-10-01T11:00;0.8;3.7;14.0;19.3;0.2;100.0;84.0;100.0;100.0;100.0;46.179794;4.782837;176.0;2026-09-30T18:15:00+02:00;2026-09-30T18:55:00+02:00;769f9343f247
2026-10-01;st_romain_des_iles;ICONCH1;2026-10-01T12:00;1.8;3.9;58.0;19.5;0.3;100.0;95.0;100.0;100.0;100.0;46.179794;4.782837;176.0;2026-09-30T18:15:00+02:00;2026-09-30T18:55:00+02:00;769f9343f247
2026-10-01;st_romain_des_iles;ICONCH1;2026-10-01T13:00;2.3;4.5;360.0;19.2;2.0;100.0;98.0;100.0;100.0;100.0;46.179794;4.782837;176.0;2026-09-30T18:15:00+02:00;2026-09-30T18:55:00+02:00;769f9343f247
2026-10-01;st_romain_des_iles;ICONCH1;2026-10-01T14:00;3.7;9.7;332.0;18.7;7.5;100.0;92.0;100.0;100.0;100.0;46.179794;4.782837;176.0;2026-09-30T18:15:00+02:00;2026-09-30T18:55:00+02:00;769f9343f247
2026-10-01;st_romain_des_iles;ICONCH1;2026-10-01T15:00;8.9;14.2;314.0;18.7;5.3;100.0;88.0;100.0;100.0;100.0;46.179794;4.782837;176.0;2026-09-30T18:15:00+02:00;2026-09-30T18:55:00+02:00;769f9343f247
2026-10-01;st_romain_des_iles;ICONCH1;2026-10-01T16:00;8.9;16.5;334.0;18.2;1.6;100.0;100.0;100.0;100.0;100.0;46.179794;4.782837;176.0;2026-09-30T18:15:00+02:00;2026-09-30T18:55:00+02:00;769f9343f247
2026-10-01;st_romain_des_iles;ICONCH1;2026-10-01T17:00;8.3;15.0;351.0;17.7;8.3;100.0;81.0;100.0;100.0;100.0;46.179794;4.782837;176.0;2026-09-30T18:15:00+02:00;2026-09-30T18:55:00+02:00;769f9343f247
2026-10-01;st_romain_des_iles;ICONCH1;2026-10-01T18:00;5.8;13.2;345.0;17.9;2.2;100.0;87.0;100.0;100.0;100.0;46.179794;4.782837;176.0;2026-09-30T18:15:00+02:00;2026-09-30T18:55:00+02:00;769f9343f247
2026-10-01;st_romain_des_iles;ICONCH1;2026-10-01T19:00;5.0;9.5;349.0;18.1;0.1;100.0;75.0;100.0;15.0;100.0;46.179794;4.782837;176.0;2026-09-30T18:15:00+02:00;2026-09-30T18:55:00+02:00;769f9343f247
2026-10-01;st_romain_des_iles;ICONCH1;2026-10-01T20:00;4.1;8.4;3.0;18.1;0.0;100.0;71.0;85.0;100.0;100.0;46.179794;4.782837;176.0;2026-09-30T18:15:00+02:00;2026-09-30T18:55:00+02:00;769f9343f247
2026-10-01;st_romain_des_iles;ICONCH1;2026-10-01T21:00;3.8;8.2;35.0;17.8;0.0;100.0;71.0;94.0;100.0;100.0;46.179794;4.782837;176.0;2026-09-30T18:15:00+02:00;2026-09-30T18:55:00+02:00;769f9343f247
2026-10-01;st_romain_des_iles;ICONCH1;2026-10-01T22:00;2.2;6.2;10.0;17.7;0.0;100.0;67.0;89.0;100.0;100.0;46.179794;4.782837;176.0;2026-09-30T18:15:00+02:00;2026-09-30T18:55:00+02:00;769f9343f247
2026-10-01;st_romain_des_iles;ICONCH1;2026-10-01T23:00;1.2;3.5;360.0;17.6;0.0;100.0;45.0;100.0;8.0;100.0;46.179794;4.782837;176.0;2026-09-30T18:15:00+02:00;2026-09-30T18:55:00+02:00;769f9343f247
2026-10-01;treffort;AROMEHD;2026-10-01T01:00;3.7;8.2;212.0;18.1;0.0;;0.0;86.0;100.0;100.0;44.91;5.6800003;0.0;2026-09-30T18:15:00+02:00;2026-09-30T18:55:00+02:00;769f9343f247
2026-10-01;treffort;AROMEHD;2026-10-01T02:00;2.9;7.2;233.0;17.9;0.0;;1.0;100.0;100.0;100.0;44.91;5.6800003;0.0;2026-09-30T18:15:00+02:00;2026-09-30T18:55:00+02:00;769f9343f247
2026-10-01;treffort;AROMEHD;2026-10-01T03:00;3.9;8.2;200.0;18.2;0.0;;10.0;100.0;100.0;100.0;44.91;5.6800003;0.0;2026-09-30T18:15:00+02:00;2026-09-30T18:55:00+02:00;769f9343f247
2026-10-01;treffort;AROMEHD;2026-10-01T04:00;4.4;10.3;212.0;18.2;0.0;;29.0;100.0;100.0;100.0;44.91;5.6800003;0.0;2026-09-30T18:15:00+02:00;2026-09-30T18:55:00+02:00;769f9343f247
2026-10-01;treffort;AROMEHD;2026-10-01T05:00;4.0;9.1;223.0;17.9;0.1;;4.0;100.0;100.0;100.0;44.91;5.6800003;0.0;2026-09-30T18:15:00+02:00;2026-09-30T18:55:00+02:00;769f9343f247
2026-10-01;treffort;AROMEHD;2026-10-01T06:00;2.9;8.0;250.0;17.7;0.0;;0.0;92.0;100.0;100.0;44.91;5.6800003;0.0;2026-09-30T18:15:00+02:00;2026-09-30T18:55:00+02:00;769f9343f247
2026-10-01;treffort;AROMEHD;2026-10-01T07:00;2.2;6.4;260.0;17.4;0.0;;1.0;37.0;100.0;100.0;44.91;5.6800003;0.0;2026-09-30T18:15:00+02:00;2026-09-30T18:55:00+02:00;769f9343f247
2026-10-01;treffort;AROMEHD;2026-10-01T08:00;2.8;6.8;231.0;17.5;0.0;;83.0;100.0;100.0;100.0;44.91;5.6800003;0.0;2026-09-30T18:15:00+02:00;2026-09-30T18:55:00+02:00;769f9343f247
2026-10-01;treffort;AROMEHD;2026-10-01T09:00;1.7;6.8;201.0;17.8;0.0;;15.0;58.0;100.0;100.0;44.91;5.6800003;0.0;2026-09-30T18:15:00+02:00;2026-09-30T18:55:00+02:00;769f9343f247
2026-10-01;treffort;AROMEHD;2026-10-01T10:00;2.8;6.6;168.0;18.4;0.0;;11.0;100.0;100.0;100.0;44.91;5.6800003;0.0;2026-09-30T18:15:00+02:00;2026-09-30T18:55:00+02:00;769f9343f247
2026-10-01;treffort;AROMEHD;2026-10-01T11:00;1.4;6.8;172.0;18.2;0.1;;100.0;100.0;100.0;100.0;44.91;5.6800003;0.0;2026-09-30T18:15:00+02:00;2026-09-30T18:55:00+02:00;769f9343f247
2026-10-01;treffort;AROMEHD;2026-10-01T12:00;2.1;3.9;326.0;17.5;1.0;;100.0;100.0;100.0;100.0;44.91;5.6800003;0.0;2026-09-30T18:15:00+02:00;2026-09-30T18:55:00+02:00;769f9343f247
2026-10-01;treffort;AROMEHD;2026-10-01T13:00;2.7;6.0;330.0;17.5;0.8;;46.0;100.0;100.0;100.0;44.91;5.6800003;0.0;2026-09-30T18:15:00+02:00;2026-09-30T18:55:00+02:00;769f9343f247
2026-10-01;treffort;AROMEHD;2026-10-01T14:00;2.6;5.8;324.0;17.4;0.6;;3.0;100.0;100.0;100.0;44.91;5.6800003;0.0;2026-09-30T18:15:00+02:00;2026-09-30T18:55:00+02:00;769f9343f247
2026-10-01;treffort;AROMEHD;2026-10-01T15:00;2.3;5.2;336.0;17.6;0.6;;3.0;100.0;100.0;100.0;44.91;5.6800003;0.0;2026-09-30T18:15:00+02:00;2026-09-30T18:55:00+02:00;769f9343f247
2026-10-01;treffort;AROMEHD;2026-10-01T16:00;3.9;7.8;327.0;17.6;0.7;;3.0;100.0;100.0;100.0;44.91;5.6800003;0.0;2026-09-30T18:15:00+02:00;2026-09-30T18:55:00+02:00;769f9343f247
2026-10-01;treffort;AROMEHD;2026-10-01T17:00;4.9;9.9;326.0;17.2;0.1;;3.0;100.0;100.0;100.0;44.91;5.6800003;0.0;2026-09-30T18:15:00+02:00;2026-09-30T18:55:00+02:00;769f9343f247
2026-10-01;treffort;AROMEHD;2026-10-01T18:00;5.2;10.1;338.0;17.1;0.1;;3.0;100.0;100.0;100.0;44.91;5.6800003;0.0;2026-09-30T18:15:00+02:00;2026-09-30T18:55:00+02:00;769f9343f247
2026-10-01;treffort;AROMEHD;2026-10-01T19:00;6.6;12.1;320.0;16.7;0.0;;6.0;1.0;100.0;100.0;44.91;5.6800003;0.0;2026-09-30T18:15:00+02:00;2026-09-30T18:55:00+02:00;769f9343f247
2026-10-01;treffort;AROMEHD;2026-10-01T20:00;6.0;12.4;327.0;16.0;0.0;;100.0;3.0;100.0;100.0;44.91;5.6800003;0.0;2026-09-30T18:15:00+02:00;2026-09-30T18:55:00+02:00;769f9343f247
2026-10-01;treffort;AROMEHD;2026-10-01T21:00;6.6;14.0;328.0;15.5;0.0;;100.0;2.0;100.0;100.0;44.91;5.6800003;0.0;2026-09-30T18:15:00+02:00;2026-09-30T18:55:00+02:00;769f9343f247
2026-10-01;treffort;AROMEHD;2026-10-01T22:00;5.8;13.8;327.0;15.2;0.0;;100.0;0.0;100.0;100.0;44.91;5.6800003;0.0;2026-09-30T18:15:00+02:00;2026-09-30T18:55:00+02:00;769f9343f247
2026-10-01;treffort;AROMEHD;2026-10-01T23:00;5.2;11.5;329.0;14.8;0.0;;100.0;0.0;100.0;100.0;44.91;5.6800003;0.0;2026-09-30T18:15:00+02:00;2026-09-30T18:55:00+02:00;769f9343f247
2026-10-01;treffort;AROMEHD;2026-10-02T00:00;5.0;10.3;321.0;14.5;0.0;;100.0;0.0;100.0;100.0;44.91;5.6800003;0.0;2026-09-30T18:15:00+02:00;2026-09-30T18:55:00+02:00;769f9343f247
2026-10-01;treffort;ICONCH1;2026-10-01T01:00;4.8;8.0;194.0;18.0;0.0;99.0;16.0;96.0;81.0;99.0;44.905636;5.680298;502.0;2026-09-30T18:15:00+02:00;2026-09-30T18:55:00+02:00;769f9343f247
2026-10-01;treffort;ICONCH1;2026-10-01T02:00;5.1;8.6;187.0;17.8;0.0;96.0;21.0;88.0;47.0;96.0;44.905636;5.680298;502.0;2026-09-30T18:15:00+02:00;2026-09-30T18:55:00+02:00;769f9343f247
2026-10-01;treffort;ICONCH1;2026-10-01T03:00;5.5;9.1;176.0;17.8;0.0;100.0;22.0;94.0;100.0;100.0;44.905636;5.680298;502.0;2026-09-30T18:15:00+02:00;2026-09-30T18:55:00+02:00;769f9343f247
2026-10-01;treffort;ICONCH1;2026-10-01T04:00;5.3;9.5;178.0;17.9;0.0;100.0;38.0;100.0;100.0;100.0;44.905636;5.680298;502.0;2026-09-30T18:15:00+02:00;2026-09-30T18:55:00+02:00;769f9343f247
2026-10-01;treffort;ICONCH1;2026-10-01T05:00;5.5;9.9;172.0;17.7;0.1;100.0;27.0;93.0;100.0;100.0;44.905636;5.680298;502.0;2026-09-30T18:15:00+02:00;2026-09-30T18:55:00+02:00;769f9343f247
2026-10-01;treffort;ICONCH1;2026-10-01T06:00;5.5;9.5;197.0;17.9;0.0;100.0;42.0;100.0;100.0;100.0;44.905636;5.680298;502.0;2026-09-30T18:15:00+02:00;2026-09-30T18:55:00+02:00;769f9343f247
2026-10-01;treffort;ICONCH1;2026-10-01T07:00;5.2;9.3;195.0;17.9;0.0;100.0;42.0;97.0;100.0;100.0;44.905636;5.680298;502.0;2026-09-30T18:15:00+02:00;2026-09-30T18:55:00+02:00;769f9343f247
2026-10-01;treffort;ICONCH1;2026-10-01T08:00;5.8;9.7;201.0;18.2;0.0;100.0;37.0;100.0;100.0;100.0;44.905636;5.680298;502.0;2026-09-30T18:15:00+02:00;2026-09-30T18:55:00+02:00;769f9343f247
2026-10-01;treffort;ICONCH1;2026-10-01T09:00;5.1;9.7;184.0;18.1;0.1;100.0;35.0;99.0;100.0;100.0;44.905636;5.680298;502.0;2026-09-30T18:15:00+02:00;2026-09-30T18:55:00+02:00;769f9343f247
2026-10-01;treffort;ICONCH1;2026-10-01T10:00;5.3;9.5;190.0;18.2;0.6;100.0;38.0;95.0;100.0;100.0;44.905636;5.680298;502.0;2026-09-30T18:15:00+02:00;2026-09-30T18:55:00+02:00;769f9343f247
2026-10-01;treffort;ICONCH1;2026-10-01T11:00;4.9;8.9;189.0;18.6;0.4;100.0;25.0;99.0;100.0;100.0;44.905636;5.680298;502.0;2026-09-30T18:15:00+02:00;2026-09-30T18:55:00+02:00;769f9343f247
2026-10-01;treffort;ICONCH1;2026-10-01T12:00;2.9;8.4;184.0;19.2;0.2;100.0;40.0;100.0;100.0;100.0;44.905636;5.680298;502.0;2026-09-30T18:15:00+02:00;2026-09-30T18:55:00+02:00;769f9343f247
2026-10-01;treffort;ICONCH1;2026-10-01T13:00;1.8;5.1;139.0;19.7;0.2;100.0;43.0;100.0;100.0;100.0;44.905636;5.680298;502.0;2026-09-30T18:15:00+02:00;2026-09-30T18:55:00+02:00;769f9343f247
2026-10-01;treffort;ICONCH1;2026-10-01T14:00;1.8;4.3;148.0;19.9;0.1;100.0;28.0;98.0;100.0;100.0;44.905636;5.680298;502.0;2026-09-30T18:15:00+02:00;2026-09-30T18:55:00+02:00;769f9343f247
2026-10-01;treffort;ICONCH1;2026-10-01T15:00;1.4;3.5;352.0;19.9;0.0;100.0;13.0;100.0;100.0;100.0;44.905636;5.680298;502.0;2026-09-30T18:15:00+02:00;2026-09-30T18:55:00+02:00;769f9343f247
2026-10-01;treffort;ICONCH1;2026-10-01T16:00;2.6;4.9;343.0;18.7;0.1;100.0;11.0;100.0;100.0;100.0;44.905636;5.680298;502.0;2026-09-30T18:15:00+02:00;2026-09-30T18:55:00+02:00;769f9343f247
2026-10-01;treffort;ICONCH1;2026-10-01T17:00;3.2;5.8;349.0;18.0;0.6;100.0;37.0;100.0;100.0;100.0;44.905636;5.680298;502.0;2026-09-30T18:15:00+02:00;2026-09-30T18:55:00+02:00;769f9343f247
2026-10-01;treffort;ICONCH1;2026-10-01T18:00;4.4;7.4;339.0;17.6;0.7;100.0;78.0;100.0;100.0;100.0;44.905636;5.680298;502.0;2026-09-30T18:15:00+02:00;2026-09-30T18:55:00+02:00;769f9343f247
2026-10-01;treffort;ICONCH1;2026-10-01T19:00;5.3;8.9;324.0;17.3;0.4;100.0;82.0;100.0;100.0;100.0;44.905636;5.680298;502.0;2026-09-30T18:15:00+02:00;2026-09-30T18:55:00+02:00;769f9343f247
2026-10-01;treffort;ICONCH1;2026-10-01T20:00;5.0;9.3;324.0;17.2;0.3;100.0;80.0;100.0;100.0;100.0;44.905636;5.680298;502.0;2026-09-30T18:15:00+02:00;2026-09-30T18:55:00+02:00;769f9343f247
2026-10-01;treffort;ICONCH1;2026-10-01T21:00;6.2;10.5;340.0;16.9;0.1;100.0;99.0;100.0;100.0;100.0;44.905636;5.680298;502.0;2026-09-30T18:15:00+02:00;2026-09-30T18:55:00+02:00;769f9343f247
2026-10-01;treffort;ICONCH1;2026-10-01T22:00;6.6;12.8;326.0;16.5;0.1;100.0;91.0;100.0;100.0;100.0;44.905636;5.680298;502.0;2026-09-30T18:15:00+02:00;2026-09-30T18:55:00+02:00;769f9343f247
2026-10-01;treffort;ICONCH1;2026-10-01T23:00;5.4;11.1;322.0;16.4;0.0;100.0;96.0;100.0;100.0;100.0;44.905636;5.680298;502.0;2026-09-30T18:15:00+02:00;2026-09-30T18:55:00+02:00;769f9343f247
2026-10-01;vengeron;AROMEHD;2026-10-01T01:00;1.5;1.9;220.0;19.7;0.2;;2.0;100.0;100.0;100.0;46.25;6.17;0.0;2026-09-30T18:15:00+02:00;2026-09-30T18:55:00+02:00;769f9343f247
2026-10-01;vengeron;AROMEHD;2026-10-01T02:00;1.2;1.7;270.0;19.6;0.0;;24.0;100.0;100.0;100.0;46.25;6.17;0.0;2026-09-30T18:15:00+02:00;2026-09-30T18:55:00+02:00;769f9343f247
2026-10-01;vengeron;AROMEHD;2026-10-01T03:00;3.9;5.4;229.0;19.6;0.1;;15.0;100.0;100.0;100.0;46.25;6.17;0.0;2026-09-30T18:15:00+02:00;2026-09-30T18:55:00+02:00;769f9343f247
2026-10-01;vengeron;AROMEHD;2026-10-01T04:00;1.7;5.4;207.0;18.6;0.9;;1.0;100.0;100.0;100.0;46.25;6.17;0.0;2026-09-30T18:15:00+02:00;2026-09-30T18:55:00+02:00;769f9343f247
2026-10-01;vengeron;AROMEHD;2026-10-01T05:00;1.7;2.9;63.0;18.5;0.8;;1.0;100.0;100.0;100.0;46.25;6.17;0.0;2026-09-30T18:15:00+02:00;2026-09-30T18:55:00+02:00;769f9343f247
2026-10-01;vengeron;AROMEHD;2026-10-01T06:00;4.5;5.6;56.0;18.4;0.0;;0.0;98.0;100.0;100.0;46.25;6.17;0.0;2026-09-30T18:15:00+02:00;2026-09-30T18:55:00+02:00;769f9343f247
2026-10-01;vengeron;AROMEHD;2026-10-01T07:00;5.1;6.2;79.0;18.3;0.0;;0.0;91.0;100.0;100.0;46.25;6.17;0.0;2026-09-30T18:15:00+02:00;2026-09-30T18:55:00+02:00;769f9343f247
2026-10-01;vengeron;AROMEHD;2026-10-01T08:00;5.1;6.6;65.0;18.3;0.0;;2.0;47.0;100.0;100.0;46.25;6.17;0.0;2026-09-30T18:15:00+02:00;2026-09-30T18:55:00+02:00;769f9343f247
2026-10-01;vengeron;AROMEHD;2026-10-01T09:00;4.0;6.4;67.0;18.4;0.0;;0.0;42.0;100.0;100.0;46.25;6.17;0.0;2026-09-30T18:15:00+02:00;2026-09-30T18:55:00+02:00;769f9343f247
2026-10-01;vengeron;AROMEHD;2026-10-01T10:00;1.8;5.1;32.0;18.5;0.0;;12.0;100.0;100.0;100.0;46.25;6.17;0.0;2026-09-30T18:15:00+02:00;2026-09-30T18:55:00+02:00;769f9343f247
2026-10-01;vengeron;AROMEHD;2026-10-01T11:00;0.2;2.7;180.0;18.6;0.0;;1.0;100.0;100.0;100.0;46.25;6.17;0.0;2026-09-30T18:15:00+02:00;2026-09-30T18:55:00+02:00;769f9343f247
2026-10-01;vengeron;AROMEHD;2026-10-01T12:00;2.3;3.7;180.0;18.6;0.4;;37.0;100.0;100.0;100.0;46.25;6.17;0.0;2026-09-30T18:15:00+02:00;2026-09-30T18:55:00+02:00;769f9343f247
2026-10-01;vengeron;AROMEHD;2026-10-01T13:00;3.4;6.0;254.0;18.7;0.7;;53.0;100.0;100.0;100.0;46.25;6.17;0.0;2026-09-30T18:15:00+02:00;2026-09-30T18:55:00+02:00;769f9343f247
2026-10-01;vengeron;AROMEHD;2026-10-01T14:00;2.6;5.2;193.0;18.4;1.1;;23.0;100.0;100.0;100.0;46.25;6.17;0.0;2026-09-30T18:15:00+02:00;2026-09-30T18:55:00+02:00;769f9343f247
2026-10-01;vengeron;AROMEHD;2026-10-01T15:00;3.4;4.5;149.0;18.7;0.5;;100.0;100.0;100.0;100.0;46.25;6.17;0.0;2026-09-30T18:15:00+02:00;2026-09-30T18:55:00+02:00;769f9343f247
2026-10-01;vengeron;AROMEHD;2026-10-01T16:00;5.8;7.2;192.0;19.6;0.0;;100.0;100.0;100.0;100.0;46.25;6.17;0.0;2026-09-30T18:15:00+02:00;2026-09-30T18:55:00+02:00;769f9343f247
2026-10-01;vengeron;AROMEHD;2026-10-01T17:00;6.4;8.4;194.0;18.9;0.7;;100.0;100.0;100.0;100.0;46.25;6.17;0.0;2026-09-30T18:15:00+02:00;2026-09-30T18:55:00+02:00;769f9343f247
2026-10-01;vengeron;AROMEHD;2026-10-01T18:00;4.6;8.2;195.0;18.8;1.3;;100.0;100.0;100.0;100.0;46.25;6.17;0.0;2026-09-30T18:15:00+02:00;2026-09-30T18:55:00+02:00;769f9343f247
2026-10-01;vengeron;AROMEHD;2026-10-01T19:00;1.2;6.2;279.0;18.8;0.4;;100.0;100.0;100.0;100.0;46.25;6.17;0.0;2026-09-30T18:15:00+02:00;2026-09-30T18:55:00+02:00;769f9343f247
2026-10-01;vengeron;AROMEHD;2026-10-01T20:00;9.4;15.0;320.0;17.7;0.1;;96.0;100.0;100.0;100.0;46.25;6.17;0.0;2026-09-30T18:15:00+02:00;2026-09-30T18:55:00+02:00;769f9343f247
2026-10-01;vengeron;AROMEHD;2026-10-01T21:00;3.7;12.6;309.0;17.6;0.0;;100.0;100.0;100.0;100.0;46.25;6.17;0.0;2026-09-30T18:15:00+02:00;2026-09-30T18:55:00+02:00;769f9343f247
2026-10-01;vengeron;AROMEHD;2026-10-01T22:00;14.1;18.7;23.0;18.1;0.0;;100.0;100.0;100.0;100.0;46.25;6.17;0.0;2026-09-30T18:15:00+02:00;2026-09-30T18:55:00+02:00;769f9343f247
2026-10-01;vengeron;AROMEHD;2026-10-01T23:00;9.8;17.5;76.0;16.9;0.1;;74.0;100.0;100.0;100.0;46.25;6.17;0.0;2026-09-30T18:15:00+02:00;2026-09-30T18:55:00+02:00;769f9343f247
2026-10-01;vengeron;AROMEHD;2026-10-02T00:00;8.8;13.8;76.0;16.8;0.0;;0.0;100.0;100.0;100.0;46.25;6.17;0.0;2026-09-30T18:15:00+02:00;2026-09-30T18:55:00+02:00;769f9343f247
2026-10-01;vengeron;ICONCH1;2026-10-01T01:00;2.6;4.7;261.0;19.2;0.0;100.0;0.0;98.0;100.0;100.0;46.24517;6.166931;0.0;2026-09-30T18:15:00+02:00;2026-09-30T18:55:00+02:00;769f9343f247
2026-10-01;vengeron;ICONCH1;2026-10-01T02:00;2.7;3.7;262.0;18.9;0.0;100.0;3.0;95.0;96.0;100.0;46.24517;6.166931;0.0;2026-09-30T18:15:00+02:00;2026-09-30T18:55:00+02:00;769f9343f247
2026-10-01;vengeron;ICONCH1;2026-10-01T03:00;1.8;3.7;264.0;19.0;0.1;100.0;0.0;100.0;100.0;100.0;46.24517;6.166931;0.0;2026-09-30T18:15:00+02:00;2026-09-30T18:55:00+02:00;769f9343f247
2026-10-01;vengeron;ICONCH1;2026-10-01T04:00;2.1;3.7;275.0;18.2;0.1;97.0;0.0;91.0;71.0;97.0;46.24517;6.166931;0.0;2026-09-30T18:15:00+02:00;2026-09-30T18:55:00+02:00;769f9343f247
2026-10-01;vengeron;ICONCH1;2026-10-01T05:00;1.9;3.3;246.0;18.7;0.0;92.0;0.0;91.0;32.0;92.0;46.24517;6.166931;0.0;2026-09-30T18:15:00+02:00;2026-09-30T18:55:00+02:00;769f9343f247
2026-10-01;vengeron;ICONCH1;2026-10-01T06:00;2.2;3.7;260.0;18.3;0.0;99.0;7.0;92.0;81.0;99.0;46.24517;6.166931;0.0;2026-09-30T18:15:00+02:00;2026-09-30T18:55:00+02:00;769f9343f247
2026-10-01;vengeron;ICONCH1;2026-10-01T07:00;2.6;3.7;283.0;18.0;0.0;99.0;16.0;95.0;62.0;99.0;46.24517;6.166931;0.0;2026-09-30T18:15:00+02:00;2026-09-30T18:55:00+02:00;769f9343f247
2026-10-01;vengeron;ICONCH1;2026-10-01T08:00;2.9;4.5;266.0;17.6;0.0;100.0;30.0;100.0;100.0;100.0;46.24517;6.166931;0.0;2026-09-30T18:15:00+02:00;2026-09-30T18:55:00+02:00;769f9343f247
2026-10-01;vengeron;ICONCH1;2026-10-01T09:00;2.5;4.1;252.0;18.0;0.0;100.0;50.0;89.0;100.0;100.0;46.24517;6.166931;0.0;2026-09-30T18:15:00+02:00;2026-09-30T18:55:00+02:00;769f9343f247
2026-10-01;vengeron;ICONCH1;2026-10-01T10:00;2.8;3.7;245.0;18.3;0.1;100.0;55.0;100.0;100.0;100.0;46.24517;6.166931;0.0;2026-09-30T18:15:00+02:00;2026-09-30T18:55:00+02:00;769f9343f247
2026-10-01;vengeron;ICONCH1;2026-10-01T11:00;3.0;4.3;230.0;18.5;0.2;100.0;65.0;100.0;100.0;100.0;46.24517;6.166931;0.0;2026-09-30T18:15:00+02:00;2026-09-30T18:55:00+02:00;769f9343f247
2026-10-01;vengeron;ICONCH1;2026-10-01T12:00;2.4;4.9;241.0;18.0;1.7;100.0;69.0;100.0;100.0;100.0;46.24517;6.166931;0.0;2026-09-30T18:15:00+02:00;2026-09-30T18:55:00+02:00;769f9343f247
2026-10-01;vengeron;ICONCH1;2026-10-01T13:00;1.5;3.3;220.0;18.3;1.0;100.0;77.0;100.0;100.0;100.0;46.24517;6.166931;0.0;2026-09-30T18:15:00+02:00;2026-09-30T18:55:00+02:00;769f9343f247
2026-10-01;vengeron;ICONCH1;2026-10-01T14:00;1.1;2.3;211.0;18.4;0.7;100.0;65.0;100.0;100.0;100.0;46.24517;6.166931;0.0;2026-09-30T18:15:00+02:00;2026-09-30T18:55:00+02:00;769f9343f247
2026-10-01;vengeron;ICONCH1;2026-10-01T15:00;3.1;4.1;198.0;18.7;0.2;100.0;50.0;97.0;100.0;100.0;46.24517;6.166931;0.0;2026-09-30T18:15:00+02:00;2026-09-30T18:55:00+02:00;769f9343f247
2026-10-01;vengeron;ICONCH1;2026-10-01T16:00;3.4;4.9;211.0;18.8;0.1;100.0;90.0;100.0;100.0;100.0;46.24517;6.166931;0.0;2026-09-30T18:15:00+02:00;2026-09-30T18:55:00+02:00;769f9343f247
2026-10-01;vengeron;ICONCH1;2026-10-01T17:00;3.8;5.1;195.0;19.0;0.4;100.0;46.0;100.0;100.0;100.0;46.24517;6.166931;0.0;2026-09-30T18:15:00+02:00;2026-09-30T18:55:00+02:00;769f9343f247
2026-10-01;vengeron;ICONCH1;2026-10-01T18:00;4.5;6.0;187.0;19.3;0.2;100.0;70.0;100.0;100.0;100.0;46.24517;6.166931;0.0;2026-09-30T18:15:00+02:00;2026-09-30T18:55:00+02:00;769f9343f247
2026-10-01;vengeron;ICONCH1;2026-10-01T19:00;6.8;8.7;204.0;19.1;1.0;100.0;83.0;100.0;100.0;100.0;46.24517;6.166931;0.0;2026-09-30T18:15:00+02:00;2026-09-30T18:55:00+02:00;769f9343f247
2026-10-01;vengeron;ICONCH1;2026-10-01T20:00;4.3;8.7;198.0;19.1;0.4;100.0;90.0;100.0;100.0;100.0;46.24517;6.166931;0.0;2026-09-30T18:15:00+02:00;2026-09-30T18:55:00+02:00;769f9343f247
2026-10-01;vengeron;ICONCH1;2026-10-01T21:00;4.2;6.0;208.0;18.7;0.4;100.0;95.0;100.0;100.0;100.0;46.24517;6.166931;0.0;2026-09-30T18:15:00+02:00;2026-09-30T18:55:00+02:00;769f9343f247
2026-10-01;vengeron;ICONCH1;2026-10-01T22:00;4.3;6.2;188.0;18.0;4.4;100.0;69.0;100.0;100.0;100.0;46.24517;6.166931;0.0;2026-09-30T18:15:00+02:00;2026-09-30T18:55:00+02:00;769f9343f247
2026-10-01;vengeron;ICONCH1;2026-10-01T23:00;1.3;6.4;207.0;18.2;1.3;100.0;76.0;100.0;100.0;100.0;46.24517;6.166931;0.0;2026-09-30T18:15:00+02:00;2026-09-30T18:55:00+02:00;769f9343f247
2026-10-01;wwmeyzieu;AROMEHD;2026-10-01T01:00;4.2;12.4;146.0;20.1;0.0;;0.0;100.0;100.0;100.0;45.78;4.9799995;0.0;2026-09-30T18:15:00+02:00;2026-09-30T18:55:00+02:00;769f9343f247
2026-10-01;wwmeyzieu;AROMEHD;2026-10-01T02:00;7.4;12.1;150.0;20.5;0.0;;0.0;100.0;100.0;100.0;45.78;4.9799995;0.0;2026-09-30T18:15:00+02:00;2026-09-30T18:55:00+02:00;769f9343f247
2026-10-01;wwmeyzieu;AROMEHD;2026-10-01T03:00;4.6;12.1;152.0;20.6;0.0;;0.0;100.0;100.0;100.0;45.78;4.9799995;0.0;2026-09-30T18:15:00+02:00;2026-09-30T18:55:00+02:00;769f9343f247
2026-10-01;wwmeyzieu;AROMEHD;2026-10-01T04:00;4.3;7.8;129.0;20.3;0.0;;0.0;100.0;100.0;100.0;45.78;4.9799995;0.0;2026-09-30T18:15:00+02:00;2026-09-30T18:55:00+02:00;769f9343f247
2026-10-01;wwmeyzieu;AROMEHD;2026-10-01T05:00;4.9;7.4;127.0;19.7;0.0;;21.0;100.0;100.0;100.0;45.78;4.9799995;0.0;2026-09-30T18:15:00+02:00;2026-09-30T18:55:00+02:00;769f9343f247
2026-10-01;wwmeyzieu;AROMEHD;2026-10-01T06:00;3.3;8.4;130.0;19.5;0.0;;43.0;92.0;100.0;100.0;45.78;4.9799995;0.0;2026-09-30T18:15:00+02:00;2026-09-30T18:55:00+02:00;769f9343f247
2026-10-01;wwmeyzieu;AROMEHD;2026-10-01T07:00;1.6;5.6;210.0;19.5;0.0;;100.0;100.0;100.0;100.0;45.78;4.9799995;0.0;2026-09-30T18:15:00+02:00;2026-09-30T18:55:00+02:00;769f9343f247
2026-10-01;wwmeyzieu;AROMEHD;2026-10-01T08:00;5.6;9.7;282.0;18.9;0.5;;100.0;100.0;100.0;100.0;45.78;4.9799995;0.0;2026-09-30T18:15:00+02:00;2026-09-30T18:55:00+02:00;769f9343f247
2026-10-01;wwmeyzieu;AROMEHD;2026-10-01T09:00;2.9;8.4;53.0;18.5;0.6;;23.0;100.0;100.0;100.0;45.78;4.9799995;0.0;2026-09-30T18:15:00+02:00;2026-09-30T18:55:00+02:00;769f9343f247
2026-10-01;wwmeyzieu;AROMEHD;2026-10-01T10:00;2.5;6.8;270.0;18.9;0.6;;0.0;82.0;100.0;100.0;45.78;4.9799995;0.0;2026-09-30T18:15:00+02:00;2026-09-30T18:55:00+02:00;769f9343f247
2026-10-01;wwmeyzieu;AROMEHD;2026-10-01T11:00;4.2;7.0;281.0;19.8;0.0;;32.0;14.0;100.0;100.0;45.78;4.9799995;0.0;2026-09-30T18:15:00+02:00;2026-09-30T18:55:00+02:00;769f9343f247
2026-10-01;wwmeyzieu;AROMEHD;2026-10-01T12:00;3.7;7.0;270.0;20.3;0.0;;97.0;100.0;100.0;100.0;45.78;4.9799995;0.0;2026-09-30T18:15:00+02:00;2026-09-30T18:55:00+02:00;769f9343f247
2026-10-01;wwmeyzieu;AROMEHD;2026-10-01T13:00;4.7;8.2;268.0;20.0;0.0;;100.0;100.0;100.0;100.0;45.78;4.9799995;0.0;2026-09-30T18:15:00+02:00;2026-09-30T18:55:00+02:00;769f9343f247
2026-10-01;wwmeyzieu;AROMEHD;2026-10-01T14:00;7.7;12.4;306.0;19.7;0.0;;100.0;100.0;100.0;100.0;45.78;4.9799995;0.0;2026-09-30T18:15:00+02:00;2026-09-30T18:55:00+02:00;769f9343f247
2026-10-01;wwmeyzieu;AROMEHD;2026-10-01T15:00;7.5;15.7;329.0;19.2;0.0;;78.0;100.0;100.0;100.0;45.78;4.9799995;0.0;2026-09-30T18:15:00+02:00;2026-09-30T18:55:00+02:00;769f9343f247
2026-10-01;wwmeyzieu;AROMEHD;2026-10-01T16:00;6.6;12.6;345.0;19.4;0.0;;100.0;100.0;100.0;100.0;45.78;4.9799995;0.0;2026-09-30T18:15:00+02:00;2026-09-30T18:55:00+02:00;769f9343f247
2026-10-01;wwmeyzieu;AROMEHD;2026-10-01T17:00;8.4;14.6;342.0;19.2;0.0;;100.0;100.0;100.0;100.0;45.78;4.9799995;0.0;2026-09-30T18:15:00+02:00;2026-09-30T18:55:00+02:00;769f9343f247
2026-10-01;wwmeyzieu;AROMEHD;2026-10-01T18:00;6.6;13.6;358.0;18.6;0.0;;100.0;97.0;100.0;100.0;45.78;4.9799995;0.0;2026-09-30T18:15:00+02:00;2026-09-30T18:55:00+02:00;769f9343f247
2026-10-01;wwmeyzieu;AROMEHD;2026-10-01T19:00;7.5;12.2;350.0;18.4;0.0;;100.0;100.0;82.0;100.0;45.78;4.9799995;0.0;2026-09-30T18:15:00+02:00;2026-09-30T18:55:00+02:00;769f9343f247
2026-10-01;wwmeyzieu;AROMEHD;2026-10-01T20:00;5.5;12.2;343.0;17.9;0.0;;0.0;99.0;100.0;100.0;45.78;4.9799995;0.0;2026-09-30T18:15:00+02:00;2026-09-30T18:55:00+02:00;769f9343f247
2026-10-01;wwmeyzieu;AROMEHD;2026-10-01T21:00;4.9;8.7;344.0;17.6;0.0;;0.0;100.0;100.0;100.0;45.78;4.9799995;0.0;2026-09-30T18:15:00+02:00;2026-09-30T18:55:00+02:00;769f9343f247
2026-10-01;wwmeyzieu;AROMEHD;2026-10-01T22:00;4.6;7.8;338.0;17.5;0.0;;0.0;100.0;100.0;100.0;45.78;4.9799995;0.0;2026-09-30T18:15:00+02:00;2026-09-30T18:55:00+02:00;769f9343f247
2026-10-01;wwmeyzieu;AROMEHD;2026-10-01T23:00;5.1;7.8;320.0;17.6;0.0;;0.0;100.0;99.0;100.0;45.78;4.9799995;0.0;2026-09-30T18:15:00+02:00;2026-09-30T18:55:00+02:00;769f9343f247
2026-10-01;wwmeyzieu;AROMEHD;2026-10-02T00:00;4.8;7.8;313.0;17.2;0.2;;0.0;100.0;51.0;100.0;45.78;4.9799995;0.0;2026-09-30T18:15:00+02:00;2026-09-30T18:55:00+02:00;769f9343f247
2026-10-01;wwmeyzieu;ICONCH1;2026-10-01T01:00;6.4;11.5;155.0;20.4;0.0;95.0;0.0;94.0;34.0;95.0;45.787823;4.9783936;0.0;2026-09-30T18:15:00+02:00;2026-09-30T18:55:00+02:00;769f9343f247
2026-10-01;wwmeyzieu;ICONCH1;2026-10-01T02:00;4.4;10.3;157.0;20.5;0.0;100.0;0.0;89.0;100.0;100.0;45.787823;4.9783936;0.0;2026-09-30T18:15:00+02:00;2026-09-30T18:55:00+02:00;769f9343f247
2026-10-01;wwmeyzieu;ICONCH1;2026-10-01T03:00;5.5;9.3;163.0;20.4;0.0;89.0;0.0;88.0;6.0;89.0;45.787823;4.9783936;0.0;2026-09-30T18:15:00+02:00;2026-09-30T18:55:00+02:00;769f9343f247
2026-10-01;wwmeyzieu;ICONCH1;2026-10-01T04:00;7.2;11.3;161.0;20.3;0.0;98.0;0.0;93.0;72.0;98.0;45.787823;4.9783936;0.0;2026-09-30T18:15:00+02:00;2026-09-30T18:55:00+02:00;769f9343f247
2026-10-01;wwmeyzieu;ICONCH1;2026-10-01T05:00;5.9;11.5;174.0;20.3;0.0;100.0;3.0;100.0;100.0;100.0;45.787823;4.9783936;0.0;2026-09-30T18:15:00+02:00;2026-09-30T18:55:00+02:00;769f9343f247
2026-10-01;wwmeyzieu;ICONCH1;2026-10-01T06:00;5.7;9.3;164.0;20.2;0.0;100.0;22.0;87.0;100.0;100.0;45.787823;4.9783936;0.0;2026-09-30T18:15:00+02:00;2026-09-30T18:55:00+02:00;769f9343f247
2026-10-01;wwmeyzieu;ICONCH1;2026-10-01T07:00;5.1;8.9;148.0;19.8;0.0;100.0;45.0;67.0;100.0;100.0;45.787823;4.9783936;0.0;2026-09-30T18:15:00+02:00;2026-09-30T18:55:00+02:00;769f9343f247
2026-10-01;wwmeyzieu;ICONCH1;2026-10-01T08:00;3.5;8.2;128.0;19.3;0.0;100.0;61.0;66.0;100.0;100.0;45.787823;4.9783936;0.0;2026-09-30T18:15:00+02:00;2026-09-30T18:55:00+02:00;769f9343f247
2026-10-01;wwmeyzieu;ICONCH1;2026-10-01T09:00;4.6;7.4;123.0;19.5;0.0;100.0;64.0;73.0;100.0;100.0;45.787823;4.9783936;0.0;2026-09-30T18:15:00+02:00;2026-09-30T18:55:00+02:00;769f9343f247
2026-10-01;wwmeyzieu;ICONCH1;2026-10-01T10:00;4.5;7.8;155.0;20.4;0.0;100.0;85.0;100.0;100.0;100.0;45.787823;4.9783936;0.0;2026-09-30T18:15:00+02:00;2026-09-30T18:55:00+02:00;769f9343f247
2026-10-01;wwmeyzieu;ICONCH1;2026-10-01T11:00;4.9;7.8;178.0;21.4;0.0;100.0;83.0;96.0;100.0;100.0;45.787823;4.9783936;0.0;2026-09-30T18:15:00+02:00;2026-09-30T18:55:00+02:00;769f9343f247
2026-10-01;wwmeyzieu;ICONCH1;2026-10-01T12:00;5.0;8.9;193.0;21.7;0.0;100.0;89.0;100.0;100.0;100.0;45.787823;4.9783936;0.0;2026-09-30T18:15:00+02:00;2026-09-30T18:55:00+02:00;769f9343f247
2026-10-01;wwmeyzieu;ICONCH1;2026-10-01T13:00;4.0;10.7;227.0;21.6;0.0;100.0;88.0;100.0;100.0;100.0;45.787823;4.9783936;0.0;2026-09-30T18:15:00+02:00;2026-09-30T18:55:00+02:00;769f9343f247
2026-10-01;wwmeyzieu;ICONCH1;2026-10-01T14:00;5.6;10.5;272.0;19.3;1.1;100.0;97.0;100.0;100.0;100.0;45.787823;4.9783936;0.0;2026-09-30T18:15:00+02:00;2026-09-30T18:55:00+02:00;769f9343f247
2026-10-01;wwmeyzieu;ICONCH1;2026-10-01T15:00;2.4;9.3;261.0;19.0;5.6;100.0;92.0;100.0;100.0;100.0;45.787823;4.9783936;0.0;2026-09-30T18:15:00+02:00;2026-09-30T18:55:00+02:00;769f9343f247
2026-10-01;wwmeyzieu;ICONCH1;2026-10-01T16:00;6.2;11.3;336.0;18.9;6.1;100.0;91.0;100.0;100.0;100.0;45.787823;4.9783936;0.0;2026-09-30T18:15:00+02:00;2026-09-30T18:55:00+02:00;769f9343f247
2026-10-01;wwmeyzieu;ICONCH1;2026-10-01T17:00;4.9;11.5;293.0;17.7;10.2;100.0;91.0;100.0;100.0;100.0;45.787823;4.9783936;0.0;2026-09-30T18:15:00+02:00;2026-09-30T18:55:00+02:00;769f9343f247
2026-10-01;wwmeyzieu;ICONCH1;2026-10-01T18:00;5.7;10.7;332.0;17.4;11.8;100.0;91.0;100.0;100.0;100.0;45.787823;4.9783936;0.0;2026-09-30T18:15:00+02:00;2026-09-30T18:55:00+02:00;769f9343f247
2026-10-01;wwmeyzieu;ICONCH1;2026-10-01T19:00;3.7;9.1;360.0;17.6;2.1;100.0;100.0;100.0;100.0;100.0;45.787823;4.9783936;0.0;2026-09-30T18:15:00+02:00;2026-09-30T18:55:00+02:00;769f9343f247
2026-10-01;wwmeyzieu;ICONCH1;2026-10-01T20:00;4.3;7.2;352.0;17.7;0.6;100.0;100.0;100.0;100.0;100.0;45.787823;4.9783936;0.0;2026-09-30T18:15:00+02:00;2026-09-30T18:55:00+02:00;769f9343f247
2026-10-01;wwmeyzieu;ICONCH1;2026-10-01T21:00;4.4;7.8;337.0;17.7;0.4;100.0;90.0;96.0;100.0;100.0;45.787823;4.9783936;0.0;2026-09-30T18:15:00+02:00;2026-09-30T18:55:00+02:00;769f9343f247
2026-10-01;wwmeyzieu;ICONCH1;2026-10-01T22:00;3.9;8.2;340.0;17.9;0.0;100.0;81.0;100.0;100.0;100.0;45.787823;4.9783936;0.0;2026-09-30T18:15:00+02:00;2026-09-30T18:55:00+02:00;769f9343f247
2026-10-01;wwmeyzieu;ICONCH1;2026-10-01T23:00;4.8;8.2;333.0;17.9;0.0;100.0;72.0;100.0;85.0;100.0;45.787823;4.9783936;0.0;2026-09-30T18:15:00+02:00;2026-09-30T18:55:00+02:00;769f9343f247
