target_day;spot_key;model_key;valid_at;wind_speed_10m_kn;wind_gusts_10m_kn;wind_direction_10m_deg;temperature_2m_c;precipitation_mm;cloud_cover_pct;cloud_cover_low_pct;cloud_cover_mid_pct;cloud_cover_high_pct;cloud_cover_max_pct;grid_latitude;grid_longitude;grid_elevation_m;collecte_run_id;collecte_fetched_at;collecte_commit
2026-10-08;cap_des_seselets;AROMEHD;2026-10-08T01:00;5.8;11.1;176.0;17.5;0.1;;0.0;100.0;100.0;100.0;45.66;5.879999;0.0;2026-10-07T13:15:00+02:00;2026-10-07T13:55:30+02:00;131d53e57a7b
2026-10-08;cap_des_seselets;AROMEHD;2026-10-08T02:00;9.9;13.4;222.0;16.6;0.6;;1.0;100.0;100.0;100.0;45.66;5.879999;0.0;2026-10-07T13:15:00+02:00;2026-10-07T13:55:30+02:00;131d53e57a7b
2026-10-08;cap_des_seselets;AROMEHD;2026-10-08T03:00;12.4;17.1;219.0;16.4;0.0;;0.0;100.0;100.0;100.0;45.66;5.879999;0.0;2026-10-07T13:15:00+02:00;2026-10-07T13:55:30+02:00;131d53e57a7b
2026-10-08;cap_des_seselets;AROMEHD;2026-10-08T04:00;12.9;18.5;216.0;16.0;0.2;;100.0;100.0;100.0;100.0;45.66;5.879999;0.0;2026-10-07T13:15:00+02:00;2026-10-07T13:55:30+02:00;131d53e57a7b
2026-10-08;cap_des_seselets;AROMEHD;2026-10-08T05:00;12.1;19.2;212.0;15.7;0.9;;100.0;100.0;100.0;100.0;45.66;5.879999;0.0;2026-10-07T13:15:00+02:00;2026-10-07T13:55:30+02:00;131d53e57a7b
2026-10-08;cap_des_seselets;AROMEHD;2026-10-08T06:00;10.9;17.3;219.0;15.3;1.9;;13.0;100.0;100.0;100.0;45.66;5.879999;0.0;2026-10-07T13:15:00+02:00;2026-10-07T13:55:30+02:00;131d53e57a7b
2026-10-08;cap_des_seselets;AROMEHD;2026-10-08T07:00;9.6;15.7;218.0;15.2;3.4;;47.0;100.0;100.0;100.0;45.66;5.879999;0.0;2026-10-07T13:15:00+02:00;2026-10-07T13:55:30+02:00;131d53e57a7b
2026-10-08;cap_des_seselets;AROMEHD;2026-10-08T08:00;8.1;13.8;188.0;15.2;3.6;;3.0;100.0;100.0;100.0;45.66;5.879999;0.0;2026-10-07T13:15:00+02:00;2026-10-07T13:55:30+02:00;131d53e57a7b
2026-10-08;cap_des_seselets;AROMEHD;2026-10-08T09:00;2.1;10.7;95.0;15.1;4.0;;100.0;100.0;100.0;100.0;45.66;5.879999;0.0;2026-10-07T13:15:00+02:00;2026-10-07T13:55:30+02:00;131d53e57a7b
2026-10-08;cap_des_seselets;AROMEHD;2026-10-08T10:00;5.7;8.7;84.0;15.6;3.4;;100.0;100.0;100.0;100.0;45.66;5.879999;0.0;2026-10-07T13:15:00+02:00;2026-10-07T13:55:30+02:00;131d53e57a7b
2026-10-08;cap_des_seselets;AROMEHD;2026-10-08T11:00;3.1;8.9;338.0;15.3;2.0;;99.0;100.0;53.0;100.0;45.66;5.879999;0.0;2026-10-07T13:15:00+02:00;2026-10-07T13:55:30+02:00;131d53e57a7b
2026-10-08;cap_des_seselets;AROMEHD;2026-10-08T12:00;8.2;13.6;304.0;15.4;1.2;;100.0;100.0;99.0;100.0;45.66;5.879999;0.0;2026-10-07T13:15:00+02:00;2026-10-07T13:55:30+02:00;131d53e57a7b
2026-10-08;cap_des_seselets;AROMEHD;2026-10-08T13:00;12.3;19.6;318.0;15.1;1.4;;49.0;100.0;100.0;100.0;45.66;5.879999;0.0;2026-10-07T13:15:00+02:00;2026-10-07T13:55:30+02:00;131d53e57a7b
2026-10-08;cap_des_seselets;AROMEHD;2026-10-08T14:00;14.8;21.2;310.0;14.4;1.1;;7.0;100.0;9.0;100.0;45.66;5.879999;0.0;2026-10-07T13:15:00+02:00;2026-10-07T13:55:30+02:00;131d53e57a7b
2026-10-08;cap_des_seselets;AROMEHD;2026-10-08T15:00;13.2;20.8;316.0;14.0;1.6;;74.0;100.0;100.0;100.0;45.66;5.879999;0.0;2026-10-07T13:15:00+02:00;2026-10-07T13:55:30+02:00;131d53e57a7b
2026-10-08;cap_des_seselets;AROMEHD;2026-10-08T16:00;10.8;19.6;327.0;13.6;2.7;;57.0;100.0;100.0;100.0;45.66;5.879999;0.0;2026-10-07T13:15:00+02:00;2026-10-07T13:55:30+02:00;131d53e57a7b
2026-10-08;cap_des_seselets;AROMEHD;2026-10-08T17:00;11.8;20.6;333.0;13.6;1.6;;56.0;100.0;100.0;100.0;45.66;5.879999;0.0;2026-10-07T13:15:00+02:00;2026-10-07T13:55:30+02:00;131d53e57a7b
2026-10-08;cap_des_seselets;AROMEHD;2026-10-08T18:00;9.4;16.9;342.0;13.9;0.1;;9.0;100.0;95.0;100.0;45.66;5.879999;0.0;2026-10-07T13:15:00+02:00;2026-10-07T13:55:30+02:00;131d53e57a7b
2026-10-08;cap_des_seselets;AROMEHD;2026-10-08T19:00;10.6;15.6;332.0;13.8;0.0;;54.0;75.0;0.0;75.0;45.66;5.879999;0.0;2026-10-07T13:15:00+02:00;2026-10-07T13:55:30+02:00;131d53e57a7b
2026-10-08;cap_des_seselets;AROMEHD;2026-10-08T20:00;12.3;18.1;329.0;13.3;0.0;;100.0;100.0;0.0;100.0;45.66;5.879999;0.0;2026-10-07T13:15:00+02:00;2026-10-07T13:55:30+02:00;131d53e57a7b
2026-10-08;cap_des_seselets;AROMEHD;2026-10-08T21:00;9.9;19.4;4.0;13.1;0.3;;100.0;100.0;0.0;100.0;45.66;5.879999;0.0;2026-10-07T13:15:00+02:00;2026-10-07T13:55:30+02:00;131d53e57a7b
2026-10-08;cap_des_seselets;AROMEHD;2026-10-08T22:00;15.6;23.1;339.0;13.4;0.0;;100.0;78.0;0.0;100.0;45.66;5.879999;0.0;2026-10-07T13:15:00+02:00;2026-10-07T13:55:30+02:00;131d53e57a7b
2026-10-08;cap_des_seselets;AROMEHD;2026-10-08T23:00;9.9;22.9;15.0;12.6;0.0;;55.0;0.0;0.0;55.0;45.66;5.879999;0.0;2026-10-07T13:15:00+02:00;2026-10-07T13:55:30+02:00;131d53e57a7b
2026-10-08;cap_des_seselets;AROMEHD;2026-10-09T00:00;9.4;18.5;30.0;12.2;0.0;;100.0;100.0;0.0;100.0;45.66;5.879999;0.0;2026-10-07T13:15:00+02:00;2026-10-07T13:55:30+02:00;131d53e57a7b
2026-10-08;cap_des_seselets;ICONCH1;2026-10-08T01:00;6.4;10.7;200.0;17.2;1.4;100.0;27.0;100.0;100.0;100.0;45.66424;5.878174;0.0;2026-10-07T13:15:00+02:00;2026-10-07T13:55:30+02:00;131d53e57a7b
2026-10-08;cap_des_seselets;ICONCH1;2026-10-08T02:00;6.3;8.6;202.0;17.1;1.1;100.0;44.0;100.0;100.0;100.0;45.66424;5.878174;0.0;2026-10-07T13:15:00+02:00;2026-10-07T13:55:30+02:00;131d53e57a7b
2026-10-08;cap_des_seselets;ICONCH1;2026-10-08T03:00;12.5;16.5;214.0;17.6;1.2;100.0;43.0;100.0;100.0;100.0;45.66424;5.878174;0.0;2026-10-07T13:15:00+02:00;2026-10-07T13:55:30+02:00;131d53e57a7b
2026-10-08;cap_des_seselets;ICONCH1;2026-10-08T04:00;9.9;16.7;202.0;17.2;0.1;100.0;19.0;93.0;100.0;100.0;45.66424;5.878174;0.0;2026-10-07T13:15:00+02:00;2026-10-07T13:55:30+02:00;131d53e57a7b
2026-10-08;cap_des_seselets;ICONCH1;2026-10-08T05:00;10.1;14.6;200.0;16.9;0.7;98.0;60.0;96.0;0.0;98.0;45.66424;5.878174;0.0;2026-10-07T13:15:00+02:00;2026-10-07T13:55:30+02:00;131d53e57a7b
2026-10-08;cap_des_seselets;ICONCH1;2026-10-08T06:00;7.0;14.0;216.0;16.5;3.1;100.0;62.0;100.0;100.0;100.0;45.66424;5.878174;0.0;2026-10-07T13:15:00+02:00;2026-10-07T13:55:30+02:00;131d53e57a7b
2026-10-08;cap_des_seselets;ICONCH1;2026-10-08T07:00;5.9;9.5;221.0;16.7;1.3;100.0;92.0;100.0;100.0;100.0;45.66424;5.878174;0.0;2026-10-07T13:15:00+02:00;2026-10-07T13:55:30+02:00;131d53e57a7b
2026-10-08;cap_des_seselets;ICONCH1;2026-10-08T08:00;15.0;20.4;311.0;17.0;4.7;100.0;51.0;100.0;77.0;100.0;45.66424;5.878174;0.0;2026-10-07T13:15:00+02:00;2026-10-07T13:55:30+02:00;131d53e57a7b
2026-10-08;cap_des_seselets;ICONCH1;2026-10-08T09:00;6.2;19.8;294.0;17.0;3.8;100.0;55.0;100.0;100.0;100.0;45.66424;5.878174;0.0;2026-10-07T13:15:00+02:00;2026-10-07T13:55:30+02:00;131d53e57a7b
2026-10-08;cap_des_seselets;ICONCH1;2026-10-08T10:00;3.5;8.6;270.0;16.3;4.8;100.0;77.0;100.0;100.0;100.0;45.66424;5.878174;0.0;2026-10-07T13:15:00+02:00;2026-10-07T13:55:30+02:00;131d53e57a7b
2026-10-08;cap_des_seselets;ICONCH1;2026-10-08T11:00;2.3;4.9;270.0;16.1;2.3;100.0;85.0;100.0;100.0;100.0;45.66424;5.878174;0.0;2026-10-07T13:15:00+02:00;2026-10-07T13:55:30+02:00;131d53e57a7b
2026-10-08;cap_des_seselets;ICONCH1;2026-10-08T12:00;5.7;7.6;280.0;16.1;1.8;100.0;94.0;100.0;100.0;100.0;45.66424;5.878174;0.0;2026-10-07T13:15:00+02:00;2026-10-07T13:55:30+02:00;131d53e57a7b
2026-10-08;cap_des_seselets;ICONCH1;2026-10-08T13:00;7.3;11.9;310.0;15.7;1.0;100.0;89.0;100.0;100.0;100.0;45.66424;5.878174;0.0;2026-10-07T13:15:00+02:00;2026-10-07T13:55:30+02:00;131d53e57a7b
2026-10-08;cap_des_seselets;ICONCH1;2026-10-08T14:00;11.7;15.2;302.0;15.1;0.9;100.0;83.0;100.0;100.0;100.0;45.66424;5.878174;0.0;2026-10-07T13:15:00+02:00;2026-10-07T13:55:30+02:00;131d53e57a7b
2026-10-08;cap_des_seselets;ICONCH1;2026-10-08T15:00;16.9;22.7;304.0;14.8;0.6;100.0;68.0;100.0;100.0;100.0;45.66424;5.878174;0.0;2026-10-07T13:15:00+02:00;2026-10-07T13:55:30+02:00;131d53e57a7b
2026-10-08;cap_des_seselets;ICONCH1;2026-10-08T16:00;17.7;24.5;305.0;14.6;0.6;100.0;92.0;100.0;0.0;100.0;45.66424;5.878174;0.0;2026-10-07T13:15:00+02:00;2026-10-07T13:55:30+02:00;131d53e57a7b
2026-10-08;cap_des_seselets;ICONCH1;2026-10-08T17:00;16.8;23.9;310.0;14.4;0.9;100.0;98.0;100.0;0.0;100.0;45.66424;5.878174;0.0;2026-10-07T13:15:00+02:00;2026-10-07T13:55:30+02:00;131d53e57a7b
2026-10-08;cap_des_seselets;ICONCH1;2026-10-08T18:00;15.6;22.9;311.0;14.1;1.4;100.0;88.0;100.0;0.0;100.0;45.66424;5.878174;0.0;2026-10-07T13:15:00+02:00;2026-10-07T13:55:30+02:00;131d53e57a7b
2026-10-08;cap_des_seselets;ICONCH1;2026-10-08T19:00;12.4;21.2;341.0;14.3;2.3;100.0;100.0;100.0;0.0;100.0;45.66424;5.878174;0.0;2026-10-07T13:15:00+02:00;2026-10-07T13:55:30+02:00;131d53e57a7b
2026-10-08;cap_des_seselets;ICONCH1;2026-10-08T20:00;15.0;21.8;4.0;14.6;3.4;100.0;100.0;100.0;0.0;100.0;45.66424;5.878174;0.0;2026-10-07T13:15:00+02:00;2026-10-07T13:55:30+02:00;131d53e57a7b
2026-10-08;excenevex;AROMEHD;2026-10-08T01:00;4.7;7.4;235.0;15.1;0.0;;100.0;100.0;100.0;100.0;46.35;6.369999;0.0;2026-10-07T13:15:00+02:00;2026-10-07T13:55:30+02:00;131d53e57a7b
2026-10-08;excenevex;AROMEHD;2026-10-08T02:00;5.9;8.7;238.0;15.2;0.1;;63.0;100.0;100.0;100.0;46.35;6.369999;0.0;2026-10-07T13:15:00+02:00;2026-10-07T13:55:30+02:00;131d53e57a7b
2026-10-08;excenevex;AROMEHD;2026-10-08T03:00;8.0;12.2;231.0;16.0;0.1;;0.0;100.0;77.0;100.0;46.35;6.369999;0.0;2026-10-07T13:15:00+02:00;2026-10-07T13:55:30+02:00;131d53e57a7b
2026-10-08;excenevex;AROMEHD;2026-10-08T04:00;7.7;12.1;242.0;15.6;0.3;;86.0;100.0;100.0;100.0;46.35;6.369999;0.0;2026-10-07T13:15:00+02:00;2026-10-07T13:55:30+02:00;131d53e57a7b
2026-10-08;excenevex;AROMEHD;2026-10-08T05:00;9.0;14.0;246.0;15.5;0.1;;23.0;100.0;100.0;100.0;46.35;6.369999;0.0;2026-10-07T13:15:00+02:00;2026-10-07T13:55:30+02:00;131d53e57a7b
2026-10-08;excenevex;AROMEHD;2026-10-08T06:00;10.3;15.9;226.0;14.9;2.1;;33.0;100.0;100.0;100.0;46.35;6.369999;0.0;2026-10-07T13:15:00+02:00;2026-10-07T13:55:30+02:00;131d53e57a7b
2026-10-08;excenevex;AROMEHD;2026-10-08T07:00;10.3;17.3;212.0;15.7;1.1;;62.0;100.0;100.0;100.0;46.35;6.369999;0.0;2026-10-07T13:15:00+02:00;2026-10-07T13:55:30+02:00;131d53e57a7b
2026-10-08;excenevex;AROMEHD;2026-10-08T08:00;9.0;15.7;205.0;15.9;1.2;;65.0;100.0;100.0;100.0;46.35;6.369999;0.0;2026-10-07T13:15:00+02:00;2026-10-07T13:55:30+02:00;131d53e57a7b
2026-10-08;excenevex;AROMEHD;2026-10-08T09:00;12.8;22.7;224.0;15.1;2.2;;49.0;100.0;100.0;100.0;46.35;6.369999;0.0;2026-10-07T13:15:00+02:00;2026-10-07T13:55:30+02:00;131d53e57a7b
2026-10-08;excenevex;AROMEHD;2026-10-08T10:00;12.4;20.0;217.0;15.1;2.1;;78.0;100.0;100.0;100.0;46.35;6.369999;0.0;2026-10-07T13:15:00+02:00;2026-10-07T13:55:30+02:00;131d53e57a7b
2026-10-08;excenevex;AROMEHD;2026-10-08T11:00;10.4;18.5;223.0;14.8;1.8;;73.0;100.0;100.0;100.0;46.35;6.369999;0.0;2026-10-07T13:15:00+02:00;2026-10-07T13:55:30+02:00;131d53e57a7b
2026-10-08;excenevex;AROMEHD;2026-10-08T12:00;4.3;15.9;262.0;15.3;1.0;;77.0;100.0;97.0;100.0;46.35;6.369999;0.0;2026-10-07T13:15:00+02:00;2026-10-07T13:55:30+02:00;131d53e57a7b
2026-10-08;excenevex;AROMEHD;2026-10-08T13:00;7.0;10.9;289.0;15.0;0.7;;61.0;100.0;100.0;100.0;46.35;6.369999;0.0;2026-10-07T13:15:00+02:00;2026-10-07T13:55:30+02:00;131d53e57a7b
2026-10-08;excenevex;AROMEHD;2026-10-08T14:00;8.2;15.0;298.0;14.3;0.7;;100.0;100.0;100.0;100.0;46.35;6.369999;0.0;2026-10-07T13:15:00+02:00;2026-10-07T13:55:30+02:00;131d53e57a7b
2026-10-08;excenevex;AROMEHD;2026-10-08T15:00;4.8;12.4;230.0;13.5;1.3;;98.0;100.0;100.0;100.0;46.35;6.369999;0.0;2026-10-07T13:15:00+02:00;2026-10-07T13:55:30+02:00;131d53e57a7b
2026-10-08;excenevex;AROMEHD;2026-10-08T16:00;6.9;10.7;313.0;14.5;0.5;;59.0;100.0;100.0;100.0;46.35;6.369999;0.0;2026-10-07T13:15:00+02:00;2026-10-07T13:55:30+02:00;131d53e57a7b
2026-10-08;excenevex;AROMEHD;2026-10-08T17:00;10.7;15.2;315.0;14.3;0.0;;5.0;100.0;57.0;100.0;46.35;6.369999;0.0;2026-10-07T13:15:00+02:00;2026-10-07T13:55:30+02:00;131d53e57a7b
2026-10-08;excenevex;AROMEHD;2026-10-08T18:00;9.3;17.7;91.0;13.0;0.0;;79.0;100.0;0.0;100.0;46.35;6.369999;0.0;2026-10-07T13:15:00+02:00;2026-10-07T13:55:30+02:00;131d53e57a7b
2026-10-08;excenevex;AROMEHD;2026-10-08T19:00;7.9;13.8;121.0;12.4;0.1;;100.0;100.0;6.0;100.0;46.35;6.369999;0.0;2026-10-07T13:15:00+02:00;2026-10-07T13:55:30+02:00;131d53e57a7b
2026-10-08;excenevex;AROMEHD;2026-10-08T20:00;6.6;11.1;161.0;12.3;0.1;;100.0;100.0;0.0;100.0;46.35;6.369999;0.0;2026-10-07T13:15:00+02:00;2026-10-07T13:55:30+02:00;131d53e57a7b
2026-10-08;excenevex;AROMEHD;2026-10-08T21:00;4.6;12.8;258.0;11.8;0.0;;23.0;10.0;0.0;23.0;46.35;6.369999;0.0;2026-10-07T13:15:00+02:00;2026-10-07T13:55:30+02:00;131d53e57a7b
2026-10-08;excenevex;AROMEHD;2026-10-08T22:00;19.9;25.5;31.0;13.0;0.0;;100.0;100.0;0.0;100.0;46.35;6.369999;0.0;2026-10-07T13:15:00+02:00;2026-10-07T13:55:30+02:00;131d53e57a7b
2026-10-08;excenevex;AROMEHD;2026-10-08T23:00;17.7;26.4;29.0;12.9;0.0;;100.0;98.0;0.0;100.0;46.35;6.369999;0.0;2026-10-07T13:15:00+02:00;2026-10-07T13:55:30+02:00;131d53e57a7b
2026-10-08;excenevex;AROMEHD;2026-10-09T00:00;16.4;23.9;30.0;12.8;0.0;;100.0;26.0;0.0;100.0;46.35;6.369999;0.0;2026-10-07T13:15:00+02:00;2026-10-07T13:55:30+02:00;131d53e57a7b
2026-10-08;excenevex;ICONCH1;2026-10-08T01:00;7.9;11.3;234.0;16.1;0.1;100.0;10.0;97.0;94.0;100.0;46.351723;6.3624268;0.0;2026-10-07T13:15:00+02:00;2026-10-07T13:55:30+02:00;131d53e57a7b
2026-10-08;excenevex;ICONCH1;2026-10-08T02:00;8.7;12.6;231.0;16.0;0.7;100.0;48.0;100.0;100.0;100.0;46.351723;6.3624268;0.0;2026-10-07T13:15:00+02:00;2026-10-07T13:55:30+02:00;131d53e57a7b
2026-10-08;excenevex;ICONCH1;2026-10-08T03:00;7.6;12.2;222.0;16.7;1.1;100.0;81.0;100.0;99.0;100.0;46.351723;6.3624268;0.0;2026-10-07T13:15:00+02:00;2026-10-07T13:55:30+02:00;131d53e57a7b
2026-10-08;excenevex;ICONCH1;2026-10-08T04:00;8.6;13.2;219.0;16.7;0.2;100.0;20.0;100.0;100.0;100.0;46.351723;6.3624268;0.0;2026-10-07T13:15:00+02:00;2026-10-07T13:55:30+02:00;131d53e57a7b
2026-10-08;excenevex;ICONCH1;2026-10-08T05:00;9.0;13.0;243.0;16.1;0.3;100.0;50.0;96.0;100.0;100.0;46.351723;6.3624268;0.0;2026-10-07T13:15:00+02:00;2026-10-07T13:55:30+02:00;131d53e57a7b
2026-10-08;excenevex;ICONCH1;2026-10-08T06:00;8.3;13.8;227.0;15.7;1.6;100.0;69.0;100.0;39.0;100.0;46.351723;6.3624268;0.0;2026-10-07T13:15:00+02:00;2026-10-07T13:55:30+02:00;131d53e57a7b
2026-10-08;excenevex;ICONCH1;2026-10-08T07:00;11.3;17.7;202.0;16.7;1.3;100.0;66.0;100.0;100.0;100.0;46.351723;6.3624268;0.0;2026-10-07T13:15:00+02:00;2026-10-07T13:55:30+02:00;131d53e57a7b
2026-10-08;excenevex;ICONCH1;2026-10-08T08:00;12.7;18.5;211.0;16.0;2.0;100.0;41.0;100.0;100.0;100.0;46.351723;6.3624268;0.0;2026-10-07T13:15:00+02:00;2026-10-07T13:55:30+02:00;131d53e57a7b
2026-10-08;excenevex;ICONCH1;2026-10-08T09:00;10.2;18.1;209.0;15.6;1.5;100.0;56.0;100.0;100.0;100.0;46.351723;6.3624268;0.0;2026-10-07T13:15:00+02:00;2026-10-07T13:55:30+02:00;131d53e57a7b
2026-10-08;excenevex;ICONCH1;2026-10-08T10:00;10.9;15.9;215.0;15.1;1.3;100.0;66.0;100.0;100.0;100.0;46.351723;6.3624268;0.0;2026-10-07T13:15:00+02:00;2026-10-07T13:55:30+02:00;131d53e57a7b
2026-10-08;excenevex;ICONCH1;2026-10-08T11:00;10.8;16.3;216.0;14.9;2.3;100.0;66.0;100.0;45.0;100.0;46.351723;6.3624268;0.0;2026-10-07T13:15:00+02:00;2026-10-07T13:55:30+02:00;131d53e57a7b
2026-10-08;excenevex;ICONCH1;2026-10-08T12:00;7.5;16.1;235.0;15.3;1.2;100.0;84.0;100.0;96.0;100.0;46.351723;6.3624268;0.0;2026-10-07T13:15:00+02:00;2026-10-07T13:55:30+02:00;131d53e57a7b
2026-10-08;excenevex;ICONCH1;2026-10-08T13:00;6.2;10.9;311.0;15.3;0.4;100.0;80.0;100.0;100.0;100.0;46.351723;6.3624268;0.0;2026-10-07T13:15:00+02:00;2026-10-07T13:55:30+02:00;131d53e57a7b
2026-10-08;excenevex;ICONCH1;2026-10-08T14:00;10.4;17.3;308.0;15.3;0.4;100.0;80.0;100.0;100.0;100.0;46.351723;6.3624268;0.0;2026-10-07T13:15:00+02:00;2026-10-07T13:55:30+02:00;131d53e57a7b
2026-10-08;excenevex;ICONCH1;2026-10-08T15:00;6.5;14.6;286.0;14.8;0.7;100.0;86.0;100.0;100.0;100.0;46.351723;6.3624268;0.0;2026-10-07T13:15:00+02:00;2026-10-07T13:55:30+02:00;131d53e57a7b
2026-10-08;excenevex;ICONCH1;2026-10-08T16:00;4.3;9.3;321.0;14.4;0.8;100.0;86.0;100.0;8.0;100.0;46.351723;6.3624268;0.0;2026-10-07T13:15:00+02:00;2026-10-07T13:55:30+02:00;131d53e57a7b
2026-10-08;excenevex;ICONCH1;2026-10-08T17:00;4.6;6.8;118.0;13.8;0.7;100.0;78.0;100.0;99.0;100.0;46.351723;6.3624268;0.0;2026-10-07T13:15:00+02:00;2026-10-07T13:55:30+02:00;131d53e57a7b
2026-10-08;excenevex;ICONCH1;2026-10-08T18:00;8.7;12.1;326.0;14.4;0.8;100.0;80.0;100.0;0.0;100.0;46.351723;6.3624268;0.0;2026-10-07T13:15:00+02:00;2026-10-07T13:55:30+02:00;131d53e57a7b
2026-10-08;excenevex;ICONCH1;2026-10-08T19:00;11.6;21.0;35.0;13.6;1.7;100.0;70.0;100.0;0.0;100.0;46.351723;6.3624268;0.0;2026-10-07T13:15:00+02:00;2026-10-07T13:55:30+02:00;131d53e57a7b
2026-10-08;excenevex;ICONCH1;2026-10-08T20:00;10.6;17.7;28.0;13.8;0.1;100.0;95.0;100.0;0.0;100.0;46.351723;6.3624268;0.0;2026-10-07T13:15:00+02:00;2026-10-07T13:55:30+02:00;131d53e57a7b
2026-10-08;hermance;AROMEHD;2026-10-08T01:00;8.8;11.3;227.0;16.3;0.9;;100.0;100.0;59.0;100.0;46.309998;6.24;0.0;2026-10-07T13:15:00+02:00;2026-10-07T13:55:30+02:00;131d53e57a7b
2026-10-08;hermance;AROMEHD;2026-10-08T02:00;8.9;11.7;216.0;16.2;0.0;;100.0;100.0;100.0;100.0;46.309998;6.24;0.0;2026-10-07T13:15:00+02:00;2026-10-07T13:55:30+02:00;131d53e57a7b
2026-10-08;hermance;AROMEHD;2026-10-08T03:00;13.2;17.3;221.0;17.1;0.0;;0.0;100.0;100.0;100.0;46.309998;6.24;0.0;2026-10-07T13:15:00+02:00;2026-10-07T13:55:30+02:00;131d53e57a7b
2026-10-08;hermance;AROMEHD;2026-10-08T04:00;9.7;17.3;232.0;16.3;0.0;;98.0;100.0;100.0;100.0;46.309998;6.24;0.0;2026-10-07T13:15:00+02:00;2026-10-07T13:55:30+02:00;131d53e57a7b
2026-10-08;hermance;AROMEHD;2026-10-08T05:00;11.0;14.0;234.0;15.8;0.8;;100.0;100.0;100.0;100.0;46.309998;6.24;0.0;2026-10-07T13:15:00+02:00;2026-10-07T13:55:30+02:00;131d53e57a7b
2026-10-08;hermance;AROMEHD;2026-10-08T06:00;10.7;15.6;202.0;15.5;2.9;;71.0;100.0;100.0;100.0;46.309998;6.24;0.0;2026-10-07T13:15:00+02:00;2026-10-07T13:55:30+02:00;131d53e57a7b
2026-10-08;hermance;AROMEHD;2026-10-08T07:00;10.8;14.6;188.0;15.4;1.5;;100.0;100.0;100.0;100.0;46.309998;6.24;0.0;2026-10-07T13:15:00+02:00;2026-10-07T13:55:30+02:00;131d53e57a7b
2026-10-08;hermance;AROMEHD;2026-10-08T08:00;12.2;17.7;197.0;15.2;3.8;;100.0;100.0;100.0;100.0;46.309998;6.24;0.0;2026-10-07T13:15:00+02:00;2026-10-07T13:55:30+02:00;131d53e57a7b
2026-10-08;hermance;AROMEHD;2026-10-08T09:00;12.0;16.7;190.0;15.2;2.9;;100.0;100.0;100.0;100.0;46.309998;6.24;0.0;2026-10-07T13:15:00+02:00;2026-10-07T13:55:30+02:00;131d53e57a7b
2026-10-08;hermance;AROMEHD;2026-10-08T10:00;13.0;18.7;200.0;15.6;1.8;;89.0;100.0;100.0;100.0;46.309998;6.24;0.0;2026-10-07T13:15:00+02:00;2026-10-07T13:55:30+02:00;131d53e57a7b
2026-10-08;hermance;AROMEHD;2026-10-08T11:00;10.5;17.1;222.0;15.6;2.1;;98.0;100.0;100.0;100.0;46.309998;6.24;0.0;2026-10-07T13:15:00+02:00;2026-10-07T13:55:30+02:00;131d53e57a7b
2026-10-08;hermance;AROMEHD;2026-10-08T12:00;2.0;14.6;209.0;15.1;1.1;;9.0;100.0;100.0;100.0;46.309998;6.24;0.0;2026-10-07T13:15:00+02:00;2026-10-07T13:55:30+02:00;131d53e57a7b
2026-10-08;hermance;AROMEHD;2026-10-08T13:00;3.0;3.9;337.0;14.8;0.7;;51.0;100.0;100.0;100.0;46.309998;6.24;0.0;2026-10-07T13:15:00+02:00;2026-10-07T13:55:30+02:00;131d53e57a7b
2026-10-08;hermance;AROMEHD;2026-10-08T14:00;7.4;15.7;340.0;14.1;0.7;;97.0;100.0;100.0;100.0;46.309998;6.24;0.0;2026-10-07T13:15:00+02:00;2026-10-07T13:55:30+02:00;131d53e57a7b
2026-10-08;hermance;AROMEHD;2026-10-08T15:00;2.9;11.1;318.0;13.6;1.0;;93.0;100.0;100.0;100.0;46.309998;6.24;0.0;2026-10-07T13:15:00+02:00;2026-10-07T13:55:30+02:00;131d53e57a7b
2026-10-08;hermance;AROMEHD;2026-10-08T16:00;9.2;14.2;347.0;14.0;0.3;;0.0;100.0;100.0;100.0;46.309998;6.24;0.0;2026-10-07T13:15:00+02:00;2026-10-07T13:55:30+02:00;131d53e57a7b
2026-10-08;hermance;AROMEHD;2026-10-08T17:00;9.8;13.8;322.0;14.1;0.0;;37.0;100.0;0.0;100.0;46.309998;6.24;0.0;2026-10-07T13:15:00+02:00;2026-10-07T13:55:30+02:00;131d53e57a7b
2026-10-08;hermance;AROMEHD;2026-10-08T18:00;8.1;15.6;345.0;13.8;0.0;;99.0;100.0;0.0;100.0;46.309998;6.24;0.0;2026-10-07T13:15:00+02:00;2026-10-07T13:55:30+02:00;131d53e57a7b
2026-10-08;hermance;AROMEHD;2026-10-08T19:00;10.7;16.3;348.0;13.5;0.0;;35.0;100.0;0.0;100.0;46.309998;6.24;0.0;2026-10-07T13:15:00+02:00;2026-10-07T13:55:30+02:00;131d53e57a7b
2026-10-08;hermance;AROMEHD;2026-10-08T20:00;11.7;16.1;6.0;13.3;0.0;;1.0;0.0;0.0;1.0;46.309998;6.24;0.0;2026-10-07T13:15:00+02:00;2026-10-07T13:55:30+02:00;131d53e57a7b
2026-10-08;hermance;AROMEHD;2026-10-08T21:00;14.1;21.2;12.0;13.3;0.0;;1.0;1.0;0.0;1.0;46.309998;6.24;0.0;2026-10-07T13:15:00+02:00;2026-10-07T13:55:30+02:00;131d53e57a7b
2026-10-08;hermance;AROMEHD;2026-10-08T22:00;13.8;20.8;14.0;13.2;0.0;;100.0;100.0;0.0;100.0;46.309998;6.24;0.0;2026-10-07T13:15:00+02:00;2026-10-07T13:55:30+02:00;131d53e57a7b
2026-10-08;hermance;AROMEHD;2026-10-08T23:00;14.8;21.6;13.0;12.9;0.0;;100.0;93.0;0.0;100.0;46.309998;6.24;0.0;2026-10-07T13:15:00+02:00;2026-10-07T13:55:30+02:00;131d53e57a7b
2026-10-08;hermance;AROMEHD;2026-10-09T00:00;14.2;20.0;16.0;12.6;0.0;;100.0;12.0;0.0;100.0;46.309998;6.24;0.0;2026-10-07T13:15:00+02:00;2026-10-07T13:55:30+02:00;131d53e57a7b
2026-10-08;hermance;ICONCH1;2026-10-08T01:00;10.9;14.0;220.0;17.1;0.4;100.0;48.0;99.0;100.0;100.0;46.30753;6.2349854;0.0;2026-10-07T13:15:00+02:00;2026-10-07T13:55:30+02:00;131d53e57a7b
2026-10-08;hermance;ICONCH1;2026-10-08T02:00;9.0;14.4;198.0;16.7;0.4;100.0;27.0;100.0;81.0;100.0;46.30753;6.2349854;0.0;2026-10-07T13:15:00+02:00;2026-10-07T13:55:30+02:00;131d53e57a7b
2026-10-08;hermance;ICONCH1;2026-10-08T03:00;6.8;11.5;198.0;16.8;0.4;99.0;60.0;97.0;25.0;99.0;46.30753;6.2349854;0.0;2026-10-07T13:15:00+02:00;2026-10-07T13:55:30+02:00;131d53e57a7b
2026-10-08;hermance;ICONCH1;2026-10-08T04:00;9.1;12.8;196.0;16.7;0.3;100.0;43.0;100.0;100.0;100.0;46.30753;6.2349854;0.0;2026-10-07T13:15:00+02:00;2026-10-07T13:55:30+02:00;131d53e57a7b
2026-10-08;hermance;ICONCH1;2026-10-08T05:00;8.5;11.9;221.0;16.5;0.4;100.0;98.0;100.0;100.0;100.0;46.30753;6.2349854;0.0;2026-10-07T13:15:00+02:00;2026-10-07T13:55:30+02:00;131d53e57a7b
2026-10-08;hermance;ICONCH1;2026-10-08T06:00;9.5;12.2;192.0;16.3;1.3;100.0;83.0;100.0;47.0;100.0;46.30753;6.2349854;0.0;2026-10-07T13:15:00+02:00;2026-10-07T13:55:30+02:00;131d53e57a7b
2026-10-08;hermance;ICONCH1;2026-10-08T07:00;12.2;16.1;181.0;16.4;1.1;100.0;70.0;100.0;100.0;100.0;46.30753;6.2349854;0.0;2026-10-07T13:15:00+02:00;2026-10-07T13:55:30+02:00;131d53e57a7b
2026-10-08;hermance;ICONCH1;2026-10-08T08:00;11.5;17.5;219.0;16.3;4.2;100.0;79.0;100.0;100.0;100.0;46.30753;6.2349854;0.0;2026-10-07T13:15:00+02:00;2026-10-07T13:55:30+02:00;131d53e57a7b
2026-10-08;hermance;ICONCH1;2026-10-08T09:00;11.9;15.6;196.0;15.7;1.8;100.0;62.0;100.0;100.0;100.0;46.30753;6.2349854;0.0;2026-10-07T13:15:00+02:00;2026-10-07T13:55:30+02:00;131d53e57a7b
2026-10-08;hermance;ICONCH1;2026-10-08T10:00;12.3;16.5;205.0;15.5;3.6;100.0;70.0;100.0;100.0;100.0;46.30753;6.2349854;0.0;2026-10-07T13:15:00+02:00;2026-10-07T13:55:30+02:00;131d53e57a7b
2026-10-08;hermance;ICONCH1;2026-10-08T11:00;11.3;17.3;219.0;15.4;3.1;100.0;76.0;100.0;100.0;100.0;46.30753;6.2349854;0.0;2026-10-07T13:15:00+02:00;2026-10-07T13:55:30+02:00;131d53e57a7b
2026-10-08;hermance;ICONCH1;2026-10-08T12:00;12.4;16.1;250.0;15.7;1.4;100.0;63.0;100.0;100.0;100.0;46.30753;6.2349854;0.0;2026-10-07T13:15:00+02:00;2026-10-07T13:55:30+02:00;131d53e57a7b
2026-10-08;hermance;ICONCH1;2026-10-08T13:00;6.2;19.0;298.0;15.2;0.7;100.0;81.0;100.0;100.0;100.0;46.30753;6.2349854;0.0;2026-10-07T13:15:00+02:00;2026-10-07T13:55:30+02:00;131d53e57a7b
2026-10-08;hermance;ICONCH1;2026-10-08T14:00;4.0;7.8;23.0;15.3;0.3;100.0;67.0;100.0;100.0;100.0;46.30753;6.2349854;0.0;2026-10-07T13:15:00+02:00;2026-10-07T13:55:30+02:00;131d53e57a7b
2026-10-08;hermance;ICONCH1;2026-10-08T15:00;3.4;8.6;43.0;14.9;0.5;100.0;80.0;100.0;100.0;100.0;46.30753;6.2349854;0.0;2026-10-07T13:15:00+02:00;2026-10-07T13:55:30+02:00;131d53e57a7b
2026-10-08;hermance;ICONCH1;2026-10-08T16:00;0.8;7.8;76.0;14.3;0.6;100.0;100.0;100.0;77.0;100.0;46.30753;6.2349854;0.0;2026-10-07T13:15:00+02:00;2026-10-07T13:55:30+02:00;131d53e57a7b
2026-10-08;hermance;ICONCH1;2026-10-08T17:00;9.7;15.2;2.0;14.1;1.0;100.0;100.0;100.0;0.0;100.0;46.30753;6.2349854;0.0;2026-10-07T13:15:00+02:00;2026-10-07T13:55:30+02:00;131d53e57a7b
2026-10-08;hermance;ICONCH1;2026-10-08T18:00;11.1;17.5;354.0;14.2;0.6;100.0;84.0;99.0;0.0;100.0;46.30753;6.2349854;0.0;2026-10-07T13:15:00+02:00;2026-10-07T13:55:30+02:00;131d53e57a7b
2026-10-08;hermance;ICONCH1;2026-10-08T19:00;14.1;22.2;6.0;13.8;0.4;100.0;100.0;100.0;0.0;100.0;46.30753;6.2349854;0.0;2026-10-07T13:15:00+02:00;2026-10-07T13:55:30+02:00;131d53e57a7b
2026-10-08;hermance;ICONCH1;2026-10-08T20:00;12.3;18.5;29.0;13.8;0.1;100.0;75.0;100.0;0.0;100.0;46.30753;6.2349854;0.0;2026-10-07T13:15:00+02:00;2026-10-07T13:55:30+02:00;131d53e57a7b
2026-10-08;loire_sur_rhone;AROMEHD;2026-10-08T01:00;9.6;21.0;172.0;17.2;0.1;;69.0;100.0;100.0;100.0;45.559998;4.8199997;170.0;2026-10-07T13:15:00+02:00;2026-10-07T13:55:30+02:00;131d53e57a7b
2026-10-08;loire_sur_rhone;AROMEHD;2026-10-08T02:00;7.0;21.4;174.0;17.0;0.0;;6.0;100.0;100.0;100.0;45.559998;4.8199997;170.0;2026-10-07T13:15:00+02:00;2026-10-07T13:55:30+02:00;131d53e57a7b
2026-10-08;loire_sur_rhone;AROMEHD;2026-10-08T03:00;8.8;19.6;175.0;16.5;0.0;;9.0;100.0;100.0;100.0;45.559998;4.8199997;170.0;2026-10-07T13:15:00+02:00;2026-10-07T13:55:30+02:00;131d53e57a7b
2026-10-08;loire_sur_rhone;AROMEHD;2026-10-08T04:00;6.7;19.2;172.0;16.4;0.0;;25.0;100.0;100.0;100.0;45.559998;4.8199997;170.0;2026-10-07T13:15:00+02:00;2026-10-07T13:55:30+02:00;131d53e57a7b
2026-10-08;loire_sur_rhone;AROMEHD;2026-10-08T05:00;5.8;15.2;182.0;16.3;0.2;;96.0;100.0;100.0;100.0;45.559998;4.8199997;170.0;2026-10-07T13:15:00+02:00;2026-10-07T13:55:30+02:00;131d53e57a7b
2026-10-08;loire_sur_rhone;AROMEHD;2026-10-08T06:00;4.1;13.8;205.0;16.4;2.7;;100.0;100.0;100.0;100.0;45.559998;4.8199997;170.0;2026-10-07T13:15:00+02:00;2026-10-07T13:55:30+02:00;131d53e57a7b
2026-10-08;loire_sur_rhone;AROMEHD;2026-10-08T07:00;6.8;13.8;297.0;16.1;2.2;;19.0;100.0;100.0;100.0;45.559998;4.8199997;170.0;2026-10-07T13:15:00+02:00;2026-10-07T13:55:30+02:00;131d53e57a7b
2026-10-08;loire_sur_rhone;AROMEHD;2026-10-08T08:00;4.2;13.8;307.0;15.0;3.1;;72.0;100.0;100.0;100.0;45.559998;4.8199997;170.0;2026-10-07T13:15:00+02:00;2026-10-07T13:55:30+02:00;131d53e57a7b
2026-10-08;loire_sur_rhone;AROMEHD;2026-10-08T09:00;7.7;18.9;315.0;14.6;2.9;;100.0;100.0;100.0;100.0;45.559998;4.8199997;170.0;2026-10-07T13:15:00+02:00;2026-10-07T13:55:30+02:00;131d53e57a7b
2026-10-08;loire_sur_rhone;AROMEHD;2026-10-08T10:00;7.2;15.6;297.0;14.2;0.6;;100.0;100.0;100.0;100.0;45.559998;4.8199997;170.0;2026-10-07T13:15:00+02:00;2026-10-07T13:55:30+02:00;131d53e57a7b
2026-10-08;loire_sur_rhone;AROMEHD;2026-10-08T11:00;6.1;14.4;320.0;13.8;2.4;;100.0;100.0;0.0;100.0;45.559998;4.8199997;170.0;2026-10-07T13:15:00+02:00;2026-10-07T13:55:30+02:00;131d53e57a7b
2026-10-08;loire_sur_rhone;AROMEHD;2026-10-08T12:00;8.5;17.3;311.0;13.1;2.4;;100.0;100.0;0.0;100.0;45.559998;4.8199997;170.0;2026-10-07T13:15:00+02:00;2026-10-07T13:55:30+02:00;131d53e57a7b
2026-10-08;loire_sur_rhone;AROMEHD;2026-10-08T13:00;9.2;19.2;318.0;12.6;1.9;;100.0;100.0;0.0;100.0;45.559998;4.8199997;170.0;2026-10-07T13:15:00+02:00;2026-10-07T13:55:30+02:00;131d53e57a7b
2026-10-08;loire_sur_rhone;AROMEHD;2026-10-08T14:00;9.1;18.9;317.0;12.5;1.2;;100.0;100.0;0.0;100.0;45.559998;4.8199997;170.0;2026-10-07T13:15:00+02:00;2026-10-07T13:55:30+02:00;131d53e57a7b
2026-10-08;loire_sur_rhone;AROMEHD;2026-10-08T15:00;8.9;18.7;322.0;12.4;0.2;;100.0;100.0;0.0;100.0;45.559998;4.8199997;170.0;2026-10-07T13:15:00+02:00;2026-10-07T13:55:30+02:00;131d53e57a7b
2026-10-08;loire_sur_rhone;AROMEHD;2026-10-08T16:00;10.4;21.2;326.0;12.7;0.3;;100.0;100.0;0.0;100.0;45.559998;4.8199997;170.0;2026-10-07T13:15:00+02:00;2026-10-07T13:55:30+02:00;131d53e57a7b
2026-10-08;loire_sur_rhone;AROMEHD;2026-10-08T17:00;10.2;21.2;325.0;13.1;0.0;;14.0;100.0;0.0;100.0;45.559998;4.8199997;170.0;2026-10-07T13:15:00+02:00;2026-10-07T13:55:30+02:00;131d53e57a7b
2026-10-08;loire_sur_rhone;AROMEHD;2026-10-08T18:00;8.5;21.4;330.0;13.3;0.0;;99.0;0.0;0.0;99.0;45.559998;4.8199997;170.0;2026-10-07T13:15:00+02:00;2026-10-07T13:55:30+02:00;131d53e57a7b
2026-10-08;loire_sur_rhone;AROMEHD;2026-10-08T19:00;7.2;17.3;346.0;12.8;0.0;;5.0;0.0;0.0;5.0;45.559998;4.8199997;170.0;2026-10-07T13:15:00+02:00;2026-10-07T13:55:30+02:00;131d53e57a7b
2026-10-08;loire_sur_rhone;AROMEHD;2026-10-08T20:00;6.7;14.0;327.0;12.2;0.0;;0.0;100.0;0.0;100.0;45.559998;4.8199997;170.0;2026-10-07T13:15:00+02:00;2026-10-07T13:55:30+02:00;131d53e57a7b
2026-10-08;loire_sur_rhone;AROMEHD;2026-10-08T21:00;7.7;15.0;324.0;11.5;0.0;;0.0;0.0;0.0;0.0;45.559998;4.8199997;170.0;2026-10-07T13:15:00+02:00;2026-10-07T13:55:30+02:00;131d53e57a7b
2026-10-08;loire_sur_rhone;AROMEHD;2026-10-08T22:00;9.4;19.0;330.0;11.4;0.0;;6.0;0.0;0.0;6.0;45.559998;4.8199997;170.0;2026-10-07T13:15:00+02:00;2026-10-07T13:55:30+02:00;131d53e57a7b
2026-10-08;loire_sur_rhone;AROMEHD;2026-10-08T23:00;7.7;18.9;326.0;10.9;0.0;;1.0;29.0;0.0;29.0;45.559998;4.8199997;170.0;2026-10-07T13:15:00+02:00;2026-10-07T13:55:30+02:00;131d53e57a7b
2026-10-08;loire_sur_rhone;AROMEHD;2026-10-09T00:00;7.6;16.5;331.0;10.7;0.0;;0.0;0.0;0.0;0.0;45.559998;4.8199997;170.0;2026-10-07T13:15:00+02:00;2026-10-07T13:55:30+02:00;131d53e57a7b
2026-10-08;loire_sur_rhone;ICONCH1;2026-10-08T01:00;13.1;23.7;184.0;16.9;0.0;100.0;18.0;100.0;100.0;100.0;45.550514;4.828491;200.0;2026-10-07T13:15:00+02:00;2026-10-07T13:55:30+02:00;131d53e57a7b
2026-10-08;loire_sur_rhone;ICONCH1;2026-10-08T02:00;11.6;22.7;189.0;16.9;0.0;100.0;62.0;100.0;100.0;100.0;45.550514;4.828491;200.0;2026-10-07T13:15:00+02:00;2026-10-07T13:55:30+02:00;131d53e57a7b
2026-10-08;loire_sur_rhone;ICONCH1;2026-10-08T03:00;8.7;19.4;189.0;16.9;0.2;100.0;43.0;100.0;100.0;100.0;45.550514;4.828491;200.0;2026-10-07T13:15:00+02:00;2026-10-07T13:55:30+02:00;131d53e57a7b
2026-10-08;loire_sur_rhone;ICONCH1;2026-10-08T04:00;6.0;14.4;180.0;16.8;0.7;100.0;55.0;100.0;100.0;100.0;45.550514;4.828491;200.0;2026-10-07T13:15:00+02:00;2026-10-07T13:55:30+02:00;131d53e57a7b
2026-10-08;loire_sur_rhone;ICONCH1;2026-10-08T05:00;4.5;10.5;175.0;16.7;1.4;100.0;77.0;97.0;100.0;100.0;45.550514;4.828491;200.0;2026-10-07T13:15:00+02:00;2026-10-07T13:55:30+02:00;131d53e57a7b
2026-10-08;loire_sur_rhone;ICONCH1;2026-10-08T06:00;2.3;8.0;204.0;16.7;1.9;100.0;77.0;100.0;100.0;100.0;45.550514;4.828491;200.0;2026-10-07T13:15:00+02:00;2026-10-07T13:55:30+02:00;131d53e57a7b
2026-10-08;loire_sur_rhone;ICONCH1;2026-10-08T07:00;13.0;20.6;322.0;15.6;5.9;100.0;46.0;100.0;100.0;100.0;45.550514;4.828491;200.0;2026-10-07T13:15:00+02:00;2026-10-07T13:55:30+02:00;131d53e57a7b
2026-10-08;loire_sur_rhone;ICONCH1;2026-10-08T08:00;9.9;20.6;305.0;14.8;1.3;100.0;61.0;100.0;100.0;100.0;45.550514;4.828491;200.0;2026-10-07T13:15:00+02:00;2026-10-07T13:55:30+02:00;131d53e57a7b
2026-10-08;loire_sur_rhone;ICONCH1;2026-10-08T09:00;14.6;23.1;314.0;14.5;4.4;100.0;96.0;100.0;100.0;100.0;45.550514;4.828491;200.0;2026-10-07T13:15:00+02:00;2026-10-07T13:55:30+02:00;131d53e57a7b
2026-10-08;loire_sur_rhone;ICONCH1;2026-10-08T10:00;13.9;25.7;318.0;14.2;1.5;100.0;100.0;100.0;100.0;100.0;45.550514;4.828491;200.0;2026-10-07T13:15:00+02:00;2026-10-07T13:55:30+02:00;131d53e57a7b
2026-10-08;loire_sur_rhone;ICONCH1;2026-10-08T11:00;14.4;25.5;310.0;13.9;0.1;100.0;100.0;100.0;100.0;100.0;45.550514;4.828491;200.0;2026-10-07T13:15:00+02:00;2026-10-07T13:55:30+02:00;131d53e57a7b
2026-10-08;loire_sur_rhone;ICONCH1;2026-10-08T12:00;13.6;24.5;307.0;13.4;0.1;100.0;100.0;96.0;5.0;100.0;45.550514;4.828491;200.0;2026-10-07T13:15:00+02:00;2026-10-07T13:55:30+02:00;131d53e57a7b
2026-10-08;loire_sur_rhone;ICONCH1;2026-10-08T13:00;12.1;22.2;307.0;13.0;0.2;100.0;100.0;100.0;0.0;100.0;45.550514;4.828491;200.0;2026-10-07T13:15:00+02:00;2026-10-07T13:55:30+02:00;131d53e57a7b
2026-10-08;loire_sur_rhone;ICONCH1;2026-10-08T14:00;13.4;21.4;318.0;12.6;0.5;100.0;100.0;100.0;0.0;100.0;45.550514;4.828491;200.0;2026-10-07T13:15:00+02:00;2026-10-07T13:55:30+02:00;131d53e57a7b
2026-10-08;loire_sur_rhone;ICONCH1;2026-10-08T15:00;13.7;22.0;328.0;12.4;2.9;100.0;100.0;90.0;0.0;100.0;45.550514;4.828491;200.0;2026-10-07T13:15:00+02:00;2026-10-07T13:55:30+02:00;131d53e57a7b
2026-10-08;loire_sur_rhone;ICONCH1;2026-10-08T16:00;11.5;21.8;330.0;12.5;1.4;100.0;100.0;100.0;0.0;100.0;45.550514;4.828491;200.0;2026-10-07T13:15:00+02:00;2026-10-07T13:55:30+02:00;131d53e57a7b
2026-10-08;loire_sur_rhone;ICONCH1;2026-10-08T17:00;11.4;18.5;328.0;12.9;0.4;92.0;81.0;88.0;0.0;92.0;45.550514;4.828491;200.0;2026-10-07T13:15:00+02:00;2026-10-07T13:55:30+02:00;131d53e57a7b
2026-10-08;loire_sur_rhone;ICONCH1;2026-10-08T18:00;11.1;18.7;326.0;13.5;0.0;56.0;6.0;51.0;0.0;56.0;45.550514;4.828491;200.0;2026-10-07T13:15:00+02:00;2026-10-07T13:55:30+02:00;131d53e57a7b
2026-10-08;loire_sur_rhone;ICONCH1;2026-10-08T19:00;12.0;19.4;321.0;13.1;0.0;39.0;0.0;39.0;0.0;39.0;45.550514;4.828491;200.0;2026-10-07T13:15:00+02:00;2026-10-07T13:55:30+02:00;131d53e57a7b
2026-10-08;loire_sur_rhone;ICONCH1;2026-10-08T20:00;9.9;18.9;312.0;11.6;0.0;61.0;11.0;54.0;0.0;61.0;45.550514;4.828491;200.0;2026-10-07T13:15:00+02:00;2026-10-07T13:55:30+02:00;131d53e57a7b
2026-10-08;messery;AROMEHD;2026-10-08T01:00;9.5;12.2;235.0;16.2;1.3;;100.0;100.0;100.0;100.0;46.35;6.2700005;0.0;2026-10-07T13:15:00+02:00;2026-10-07T13:55:30+02:00;131d53e57a7b
2026-10-08;messery;AROMEHD;2026-10-08T02:00;10.7;13.6;225.0;16.2;0.1;;100.0;100.0;100.0;100.0;46.35;6.2700005;0.0;2026-10-07T13:15:00+02:00;2026-10-07T13:55:30+02:00;131d53e57a7b
2026-10-08;messery;AROMEHD;2026-10-08T03:00;12.8;16.5;228.0;16.8;0.0;;0.0;100.0;100.0;100.0;46.35;6.2700005;0.0;2026-10-07T13:15:00+02:00;2026-10-07T13:55:30+02:00;131d53e57a7b
2026-10-08;messery;AROMEHD;2026-10-08T04:00;11.1;18.3;234.0;16.4;0.0;;100.0;100.0;100.0;100.0;46.35;6.2700005;0.0;2026-10-07T13:15:00+02:00;2026-10-07T13:55:30+02:00;131d53e57a7b
2026-10-08;messery;AROMEHD;2026-10-08T05:00;12.8;16.1;235.0;16.0;0.7;;100.0;100.0;100.0;100.0;46.35;6.2700005;0.0;2026-10-07T13:15:00+02:00;2026-10-07T13:55:30+02:00;131d53e57a7b
2026-10-08;messery;AROMEHD;2026-10-08T06:00;13.2;18.7;210.0;15.6;2.9;;76.0;100.0;100.0;100.0;46.35;6.2700005;0.0;2026-10-07T13:15:00+02:00;2026-10-07T13:55:30+02:00;131d53e57a7b
2026-10-08;messery;AROMEHD;2026-10-08T07:00;12.0;16.9;200.0;15.4;1.6;;98.0;100.0;100.0;100.0;46.35;6.2700005;0.0;2026-10-07T13:15:00+02:00;2026-10-07T13:55:30+02:00;131d53e57a7b
2026-10-08;messery;AROMEHD;2026-10-08T08:00;13.7;17.7;205.0;15.2;3.3;;100.0;100.0;100.0;100.0;46.35;6.2700005;0.0;2026-10-07T13:15:00+02:00;2026-10-07T13:55:30+02:00;131d53e57a7b
2026-10-08;messery;AROMEHD;2026-10-08T09:00;13.7;21.0;203.0;15.4;1.9;;100.0;100.0;100.0;100.0;46.35;6.2700005;0.0;2026-10-07T13:15:00+02:00;2026-10-07T13:55:30+02:00;131d53e57a7b
2026-10-08;messery;AROMEHD;2026-10-08T10:00;14.4;20.2;208.0;15.9;1.3;;100.0;100.0;100.0;100.0;46.35;6.2700005;0.0;2026-10-07T13:15:00+02:00;2026-10-07T13:55:30+02:00;131d53e57a7b
2026-10-08;messery;AROMEHD;2026-10-08T11:00;12.3;18.9;222.0;15.7;2.0;;89.0;100.0;100.0;100.0;46.35;6.2700005;0.0;2026-10-07T13:15:00+02:00;2026-10-07T13:55:30+02:00;131d53e57a7b
2026-10-08;messery;AROMEHD;2026-10-08T12:00;4.4;17.5;311.0;15.3;1.3;;53.0;100.0;100.0;100.0;46.35;6.2700005;0.0;2026-10-07T13:15:00+02:00;2026-10-07T13:55:30+02:00;131d53e57a7b
2026-10-08;messery;AROMEHD;2026-10-08T13:00;10.6;16.3;320.0;15.1;0.9;;71.0;100.0;100.0;100.0;46.35;6.2700005;0.0;2026-10-07T13:15:00+02:00;2026-10-07T13:55:30+02:00;131d53e57a7b
2026-10-08;messery;AROMEHD;2026-10-08T14:00;9.9;17.9;318.0;14.2;0.9;;95.0;100.0;100.0;100.0;46.35;6.2700005;0.0;2026-10-07T13:15:00+02:00;2026-10-07T13:55:30+02:00;131d53e57a7b
2026-10-08;messery;AROMEHD;2026-10-08T15:00;7.7;14.8;306.0;14.0;0.8;;97.0;100.0;100.0;100.0;46.35;6.2700005;0.0;2026-10-07T13:15:00+02:00;2026-10-07T13:55:30+02:00;131d53e57a7b
2026-10-08;messery;AROMEHD;2026-10-08T16:00;7.3;15.2;316.0;13.9;0.2;;0.0;100.0;100.0;100.0;46.35;6.2700005;0.0;2026-10-07T13:15:00+02:00;2026-10-07T13:55:30+02:00;131d53e57a7b
2026-10-08;messery;AROMEHD;2026-10-08T17:00;8.6;12.8;337.0;14.3;0.0;;71.0;100.0;0.0;100.0;46.35;6.2700005;0.0;2026-10-07T13:15:00+02:00;2026-10-07T13:55:30+02:00;131d53e57a7b
2026-10-08;messery;AROMEHD;2026-10-08T18:00;6.4;15.0;5.0;13.8;0.0;;100.0;100.0;0.0;100.0;46.35;6.2700005;0.0;2026-10-07T13:15:00+02:00;2026-10-07T13:55:30+02:00;131d53e57a7b
2026-10-08;messery;AROMEHD;2026-10-08T19:00;9.5;14.2;337.0;13.4;0.0;;51.0;100.0;0.0;100.0;46.35;6.2700005;0.0;2026-10-07T13:15:00+02:00;2026-10-07T13:55:30+02:00;131d53e57a7b
2026-10-08;messery;AROMEHD;2026-10-08T20:00;12.4;18.7;359.0;13.5;0.0;;2.0;0.0;0.0;2.0;46.35;6.2700005;0.0;2026-10-07T13:15:00+02:00;2026-10-07T13:55:30+02:00;131d53e57a7b
2026-10-08;messery;AROMEHD;2026-10-08T21:00;13.0;21.2;358.0;12.8;0.0;;1.0;75.0;0.0;75.0;46.35;6.2700005;0.0;2026-10-07T13:15:00+02:00;2026-10-07T13:55:30+02:00;131d53e57a7b
2026-10-08;messery;AROMEHD;2026-10-08T22:00;12.5;17.9;4.0;12.9;0.0;;100.0;100.0;0.0;100.0;46.35;6.2700005;0.0;2026-10-07T13:15:00+02:00;2026-10-07T13:55:30+02:00;131d53e57a7b
2026-10-08;messery;AROMEHD;2026-10-08T23:00;11.3;17.7;12.0;12.5;0.0;;100.0;95.0;0.0;100.0;46.35;6.2700005;0.0;2026-10-07T13:15:00+02:00;2026-10-07T13:55:30+02:00;131d53e57a7b
2026-10-08;messery;AROMEHD;2026-10-09T00:00;10.3;16.1;15.0;12.4;0.0;;91.0;1.0;0.0;91.0;46.35;6.2700005;0.0;2026-10-07T13:15:00+02:00;2026-10-07T13:55:30+02:00;131d53e57a7b
2026-10-08;messery;ICONCH1;2026-10-08T01:00;9.5;13.4;224.0;17.0;0.4;100.0;39.0;100.0;100.0;100.0;46.3589;6.2749023;0.0;2026-10-07T13:15:00+02:00;2026-10-07T13:55:30+02:00;131d53e57a7b
2026-10-08;messery;ICONCH1;2026-10-08T02:00;13.2;17.3;208.0;17.3;0.3;100.0;44.0;100.0;100.0;100.0;46.3589;6.2749023;0.0;2026-10-07T13:15:00+02:00;2026-10-07T13:55:30+02:00;131d53e57a7b
2026-10-08;messery;ICONCH1;2026-10-08T03:00;10.4;17.3;217.0;17.2;0.8;100.0;58.0;99.0;88.0;100.0;46.3589;6.2749023;0.0;2026-10-07T13:15:00+02:00;2026-10-07T13:55:30+02:00;131d53e57a7b
2026-10-08;messery;ICONCH1;2026-10-08T04:00;11.4;15.0;217.0;17.1;0.2;100.0;59.0;100.0;100.0;100.0;46.3589;6.2749023;0.0;2026-10-07T13:15:00+02:00;2026-10-07T13:55:30+02:00;131d53e57a7b
2026-10-08;messery;ICONCH1;2026-10-08T05:00;10.5;15.0;235.0;16.6;1.0;100.0;66.0;100.0;100.0;100.0;46.3589;6.2749023;0.0;2026-10-07T13:15:00+02:00;2026-10-07T13:55:30+02:00;131d53e57a7b
2026-10-08;messery;ICONCH1;2026-10-08T06:00;11.7;16.1;206.0;16.6;1.3;99.0;92.0;96.0;8.0;99.0;46.3589;6.2749023;0.0;2026-10-07T13:15:00+02:00;2026-10-07T13:55:30+02:00;131d53e57a7b
2026-10-08;messery;ICONCH1;2026-10-08T07:00;12.9;17.1;196.0;16.7;1.4;100.0;92.0;100.0;100.0;100.0;46.3589;6.2749023;0.0;2026-10-07T13:15:00+02:00;2026-10-07T13:55:30+02:00;131d53e57a7b
2026-10-08;messery;ICONCH1;2026-10-08T08:00;14.7;19.4;212.0;16.6;3.1;100.0;71.0;100.0;100.0;100.0;46.3589;6.2749023;0.0;2026-10-07T13:15:00+02:00;2026-10-07T13:55:30+02:00;131d53e57a7b
2026-10-08;messery;ICONCH1;2026-10-08T09:00;14.4;20.4;199.0;16.1;1.7;100.0;75.0;100.0;100.0;100.0;46.3589;6.2749023;0.0;2026-10-07T13:15:00+02:00;2026-10-07T13:55:30+02:00;131d53e57a7b
2026-10-08;messery;ICONCH1;2026-10-08T10:00;15.2;20.4;199.0;15.7;4.7;100.0;69.0;100.0;100.0;100.0;46.3589;6.2749023;0.0;2026-10-07T13:15:00+02:00;2026-10-07T13:55:30+02:00;131d53e57a7b
2026-10-08;messery;ICONCH1;2026-10-08T11:00;14.3;20.2;216.0;15.7;4.5;100.0;68.0;100.0;100.0;100.0;46.3589;6.2749023;0.0;2026-10-07T13:15:00+02:00;2026-10-07T13:55:30+02:00;131d53e57a7b
2026-10-08;messery;ICONCH1;2026-10-08T12:00;6.2;19.4;238.0;15.7;1.6;100.0;72.0;100.0;100.0;100.0;46.3589;6.2749023;0.0;2026-10-07T13:15:00+02:00;2026-10-07T13:55:30+02:00;131d53e57a7b
2026-10-08;messery;ICONCH1;2026-10-08T13:00;9.4;12.2;283.0;15.4;0.9;100.0;69.0;100.0;100.0;100.0;46.3589;6.2749023;0.0;2026-10-07T13:15:00+02:00;2026-10-07T13:55:30+02:00;131d53e57a7b
2026-10-08;messery;ICONCH1;2026-10-08T14:00;6.1;13.4;329.0;15.3;0.3;100.0;81.0;100.0;100.0;100.0;46.3589;6.2749023;0.0;2026-10-07T13:15:00+02:00;2026-10-07T13:55:30+02:00;131d53e57a7b
2026-10-08;messery;ICONCH1;2026-10-08T15:00;5.5;8.4;288.0;14.7;0.3;100.0;93.0;100.0;100.0;100.0;46.3589;6.2749023;0.0;2026-10-07T13:15:00+02:00;2026-10-07T13:55:30+02:00;131d53e57a7b
2026-10-08;messery;ICONCH1;2026-10-08T16:00;12.9;20.2;326.0;14.4;1.3;100.0;100.0;100.0;100.0;100.0;46.3589;6.2749023;0.0;2026-10-07T13:15:00+02:00;2026-10-07T13:55:30+02:00;131d53e57a7b
2026-10-08;messery;ICONCH1;2026-10-08T17:00;8.8;16.9;22.0;14.5;0.8;100.0;100.0;100.0;0.0;100.0;46.3589;6.2749023;0.0;2026-10-07T13:15:00+02:00;2026-10-07T13:55:30+02:00;131d53e57a7b
2026-10-08;messery;ICONCH1;2026-10-08T18:00;10.5;15.9;2.0;14.0;1.0;100.0;99.0;100.0;0.0;100.0;46.3589;6.2749023;0.0;2026-10-07T13:15:00+02:00;2026-10-07T13:55:30+02:00;131d53e57a7b
2026-10-08;messery;ICONCH1;2026-10-08T19:00;9.7;18.1;19.0;13.4;0.3;100.0;88.0;100.0;0.0;100.0;46.3589;6.2749023;0.0;2026-10-07T13:15:00+02:00;2026-10-07T13:55:30+02:00;131d53e57a7b
2026-10-08;messery;ICONCH1;2026-10-08T20:00;7.2;12.4;43.0;13.7;0.0;99.0;74.0;98.0;0.0;99.0;46.3589;6.2749023;0.0;2026-10-07T13:15:00+02:00;2026-10-07T13:55:30+02:00;131d53e57a7b
2026-10-08;parking_pre_rencontre;AROMEHD;2026-10-08T01:00;10.3;22.9;191.0;12.1;1.4;;15.0;100.0;100.0;100.0;45.01;5.779999;0.0;2026-10-07T13:15:00+02:00;2026-10-07T13:55:30+02:00;131d53e57a7b
2026-10-08;parking_pre_rencontre;AROMEHD;2026-10-08T02:00;8.3;22.5;201.0;11.6;3.1;;5.0;100.0;100.0;100.0;45.01;5.779999;0.0;2026-10-07T13:15:00+02:00;2026-10-07T13:55:30+02:00;131d53e57a7b
2026-10-08;parking_pre_rencontre;AROMEHD;2026-10-08T03:00;7.5;19.6;192.0;11.4;1.9;;0.0;100.0;100.0;100.0;45.01;5.779999;0.0;2026-10-07T13:15:00+02:00;2026-10-07T13:55:30+02:00;131d53e57a7b
2026-10-08;parking_pre_rencontre;AROMEHD;2026-10-08T04:00;6.0;16.7;193.0;11.1;1.5;;39.0;100.0;100.0;100.0;45.01;5.779999;0.0;2026-10-07T13:15:00+02:00;2026-10-07T13:55:30+02:00;131d53e57a7b
2026-10-08;parking_pre_rencontre;AROMEHD;2026-10-08T05:00;5.3;13.6;188.0;11.1;0.9;;100.0;100.0;100.0;100.0;45.01;5.779999;0.0;2026-10-07T13:15:00+02:00;2026-10-07T13:55:30+02:00;131d53e57a7b
2026-10-08;parking_pre_rencontre;AROMEHD;2026-10-08T06:00;4.4;12.1;218.0;11.2;0.3;;100.0;100.0;100.0;100.0;45.01;5.779999;0.0;2026-10-07T13:15:00+02:00;2026-10-07T13:55:30+02:00;131d53e57a7b
2026-10-08;parking_pre_rencontre;AROMEHD;2026-10-08T07:00;4.6;11.3;195.0;11.2;3.1;;100.0;100.0;100.0;100.0;45.01;5.779999;0.0;2026-10-07T13:15:00+02:00;2026-10-07T13:55:30+02:00;131d53e57a7b
2026-10-08;parking_pre_rencontre;AROMEHD;2026-10-08T08:00;3.2;10.5;194.0;11.3;2.0;;100.0;100.0;100.0;100.0;45.01;5.779999;0.0;2026-10-07T13:15:00+02:00;2026-10-07T13:55:30+02:00;131d53e57a7b
2026-10-08;parking_pre_rencontre;AROMEHD;2026-10-08T09:00;1.0;7.2;281.0;11.1;3.3;;100.0;100.0;100.0;100.0;45.01;5.779999;0.0;2026-10-07T13:15:00+02:00;2026-10-07T13:55:30+02:00;131d53e57a7b
2026-10-08;parking_pre_rencontre;AROMEHD;2026-10-08T10:00;6.6;17.5;21.0;10.4;4.1;;100.0;100.0;100.0;100.0;45.01;5.779999;0.0;2026-10-07T13:15:00+02:00;2026-10-07T13:55:30+02:00;131d53e57a7b
2026-10-08;parking_pre_rencontre;AROMEHD;2026-10-08T11:00;6.6;18.3;15.0;10.2;3.3;;100.0;100.0;47.0;100.0;45.01;5.779999;0.0;2026-10-07T13:15:00+02:00;2026-10-07T13:55:30+02:00;131d53e57a7b
2026-10-08;parking_pre_rencontre;AROMEHD;2026-10-08T12:00;7.5;19.8;17.0;9.6;3.9;;100.0;100.0;100.0;100.0;45.01;5.779999;0.0;2026-10-07T13:15:00+02:00;2026-10-07T13:55:30+02:00;131d53e57a7b
2026-10-08;parking_pre_rencontre;AROMEHD;2026-10-08T13:00;7.8;21.8;7.0;8.9;2.2;;100.0;99.0;86.0;100.0;45.01;5.779999;0.0;2026-10-07T13:15:00+02:00;2026-10-07T13:55:30+02:00;131d53e57a7b
2026-10-08;parking_pre_rencontre;AROMEHD;2026-10-08T14:00;9.0;24.7;4.0;8.5;5.2;;100.0;65.0;0.0;100.0;45.01;5.779999;0.0;2026-10-07T13:15:00+02:00;2026-10-07T13:55:30+02:00;131d53e57a7b
2026-10-08;parking_pre_rencontre;AROMEHD;2026-10-08T15:00;9.3;25.9;2.0;8.2;3.5;;100.0;100.0;0.0;100.0;45.01;5.779999;0.0;2026-10-07T13:15:00+02:00;2026-10-07T13:55:30+02:00;131d53e57a7b
2026-10-08;parking_pre_rencontre;AROMEHD;2026-10-08T16:00;9.5;26.8;356.0;7.5;4.9;;100.0;100.0;1.0;100.0;45.01;5.779999;0.0;2026-10-07T13:15:00+02:00;2026-10-07T13:55:30+02:00;131d53e57a7b
2026-10-08;parking_pre_rencontre;AROMEHD;2026-10-08T17:00;10.2;29.0;351.0;7.2;3.7;;100.0;98.0;0.0;100.0;45.01;5.779999;0.0;2026-10-07T13:15:00+02:00;2026-10-07T13:55:30+02:00;131d53e57a7b
2026-10-08;parking_pre_rencontre;AROMEHD;2026-10-08T18:00;9.5;29.7;351.0;7.0;4.2;;100.0;100.0;0.0;100.0;45.01;5.779999;0.0;2026-10-07T13:15:00+02:00;2026-10-07T13:55:30+02:00;131d53e57a7b
2026-10-08;parking_pre_rencontre;AROMEHD;2026-10-08T19:00;10.8;29.2;346.0;6.7;3.4;;100.0;100.0;0.0;100.0;45.01;5.779999;0.0;2026-10-07T13:15:00+02:00;2026-10-07T13:55:30+02:00;131d53e57a7b
2026-10-08;parking_pre_rencontre;AROMEHD;2026-10-08T20:00;10.6;30.5;351.0;6.2;3.0;;100.0;36.0;0.0;100.0;45.01;5.779999;0.0;2026-10-07T13:15:00+02:00;2026-10-07T13:55:30+02:00;131d53e57a7b
2026-10-08;parking_pre_rencontre;AROMEHD;2026-10-08T21:00;10.8;34.2;353.0;5.3;2.9;;100.0;0.0;0.0;100.0;45.01;5.779999;0.0;2026-10-07T13:15:00+02:00;2026-10-07T13:55:30+02:00;131d53e57a7b
2026-10-08;parking_pre_rencontre;AROMEHD;2026-10-08T22:00;11.1;31.9;357.0;5.1;3.1;;100.0;0.0;0.0;100.0;45.01;5.779999;0.0;2026-10-07T13:15:00+02:00;2026-10-07T13:55:30+02:00;131d53e57a7b
2026-10-08;parking_pre_rencontre;AROMEHD;2026-10-08T23:00;10.8;32.3;353.0;5.0;2.9;;100.0;0.0;0.0;100.0;45.01;5.779999;0.0;2026-10-07T13:15:00+02:00;2026-10-07T13:55:30+02:00;131d53e57a7b
2026-10-08;parking_pre_rencontre;AROMEHD;2026-10-09T00:00;10.1;29.5;356.0;4.8;0.2;;100.0;0.0;0.0;100.0;45.01;5.779999;0.0;2026-10-07T13:15:00+02:00;2026-10-07T13:55:30+02:00;131d53e57a7b
2026-10-08;parking_pre_rencontre;ICONCH1;2026-10-08T01:00;6.6;16.1;225.0;12.7;3.9;100.0;63.0;100.0;100.0;100.0;45.0093;5.77124;1002.0;2026-10-07T13:15:00+02:00;2026-10-07T13:55:30+02:00;131d53e57a7b
2026-10-08;parking_pre_rencontre;ICONCH1;2026-10-08T02:00;5.8;12.6;201.0;12.3;6.8;100.0;75.0;88.0;100.0;100.0;45.0093;5.77124;1002.0;2026-10-07T13:15:00+02:00;2026-10-07T13:55:30+02:00;131d53e57a7b
2026-10-08;parking_pre_rencontre;ICONCH1;2026-10-08T03:00;6.9;13.0;205.0;12.4;0.1;100.0;72.0;100.0;100.0;100.0;45.0093;5.77124;1002.0;2026-10-07T13:15:00+02:00;2026-10-07T13:55:30+02:00;131d53e57a7b
2026-10-08;parking_pre_rencontre;ICONCH1;2026-10-08T04:00;7.7;16.1;204.0;12.4;0.1;99.0;62.0;95.0;0.0;99.0;45.0093;5.77124;1002.0;2026-10-07T13:15:00+02:00;2026-10-07T13:55:30+02:00;131d53e57a7b
2026-10-08;parking_pre_rencontre;ICONCH1;2026-10-08T05:00;7.0;14.6;204.0;12.6;0.5;100.0;79.0;100.0;0.0;100.0;45.0093;5.77124;1002.0;2026-10-07T13:15:00+02:00;2026-10-07T13:55:30+02:00;131d53e57a7b
2026-10-08;parking_pre_rencontre;ICONCH1;2026-10-08T06:00;6.4;13.0;209.0;12.5;3.2;100.0;87.0;100.0;100.0;100.0;45.0093;5.77124;1002.0;2026-10-07T13:15:00+02:00;2026-10-07T13:55:30+02:00;131d53e57a7b
2026-10-08;parking_pre_rencontre;ICONCH1;2026-10-08T07:00;5.5;12.4;207.0;12.5;1.0;100.0;100.0;100.0;1.0;100.0;45.0093;5.77124;1002.0;2026-10-07T13:15:00+02:00;2026-10-07T13:55:30+02:00;131d53e57a7b
2026-10-08;parking_pre_rencontre;ICONCH1;2026-10-08T08:00;2.0;12.1;107.0;12.3;4.7;100.0;100.0;100.0;100.0;100.0;45.0093;5.77124;1002.0;2026-10-07T13:15:00+02:00;2026-10-07T13:55:30+02:00;131d53e57a7b
2026-10-08;parking_pre_rencontre;ICONCH1;2026-10-08T09:00;12.6;32.7;13.0;9.9;6.1;100.0;100.0;100.0;100.0;100.0;45.0093;5.77124;1002.0;2026-10-07T13:15:00+02:00;2026-10-07T13:55:30+02:00;131d53e57a7b
2026-10-08;parking_pre_rencontre;ICONCH1;2026-10-08T10:00;12.4;25.1;360.0;9.3;8.7;100.0;97.0;100.0;100.0;100.0;45.0093;5.77124;1002.0;2026-10-07T13:15:00+02:00;2026-10-07T13:55:30+02:00;131d53e57a7b
2026-10-08;parking_pre_rencontre;ICONCH1;2026-10-08T11:00;10.7;23.3;2.0;9.1;6.0;100.0;99.0;100.0;100.0;100.0;45.0093;5.77124;1002.0;2026-10-07T13:15:00+02:00;2026-10-07T13:55:30+02:00;131d53e57a7b
2026-10-08;parking_pre_rencontre;ICONCH1;2026-10-08T12:00;11.5;21.6;6.0;8.9;5.0;100.0;100.0;100.0;100.0;100.0;45.0093;5.77124;1002.0;2026-10-07T13:15:00+02:00;2026-10-07T13:55:30+02:00;131d53e57a7b
2026-10-08;parking_pre_rencontre;ICONCH1;2026-10-08T13:00;11.9;23.1;7.0;8.5;4.1;100.0;100.0;100.0;100.0;100.0;45.0093;5.77124;1002.0;2026-10-07T13:15:00+02:00;2026-10-07T13:55:30+02:00;131d53e57a7b
2026-10-08;parking_pre_rencontre;ICONCH1;2026-10-08T14:00;13.1;25.1;5.0;8.2;3.0;100.0;100.0;100.0;0.0;100.0;45.0093;5.77124;1002.0;2026-10-07T13:15:00+02:00;2026-10-07T13:55:30+02:00;131d53e57a7b
2026-10-08;parking_pre_rencontre;ICONCH1;2026-10-08T15:00;14.6;27.4;357.0;7.6;4.2;100.0;100.0;96.0;0.0;100.0;45.0093;5.77124;1002.0;2026-10-07T13:15:00+02:00;2026-10-07T13:55:30+02:00;131d53e57a7b
2026-10-08;parking_pre_rencontre;ICONCH1;2026-10-08T16:00;14.6;28.4;350.0;7.0;2.7;100.0;100.0;95.0;0.0;100.0;45.0093;5.77124;1002.0;2026-10-07T13:15:00+02:00;2026-10-07T13:55:30+02:00;131d53e57a7b
2026-10-08;parking_pre_rencontre;ICONCH1;2026-10-08T17:00;16.2;30.1;350.0;6.8;4.6;100.0;100.0;87.0;0.0;100.0;45.0093;5.77124;1002.0;2026-10-07T13:15:00+02:00;2026-10-07T13:55:30+02:00;131d53e57a7b
2026-10-08;parking_pre_rencontre;ICONCH1;2026-10-08T18:00;19.1;35.6;348.0;6.5;2.7;100.0;100.0;48.0;0.0;100.0;45.0093;5.77124;1002.0;2026-10-07T13:15:00+02:00;2026-10-07T13:55:30+02:00;131d53e57a7b
2026-10-08;parking_pre_rencontre;ICONCH1;2026-10-08T19:00;19.1;37.3;347.0;6.1;1.4;100.0;100.0;79.0;0.0;100.0;45.0093;5.77124;1002.0;2026-10-07T13:15:00+02:00;2026-10-07T13:55:30+02:00;131d53e57a7b
2026-10-08;parking_pre_rencontre;ICONCH1;2026-10-08T20:00;19.8;37.1;346.0;5.9;1.8;100.0;100.0;74.0;0.0;100.0;45.0093;5.77124;1002.0;2026-10-07T13:15:00+02:00;2026-10-07T13:55:30+02:00;131d53e57a7b
2026-10-08;plage_de_sevrier;AROMEHD;2026-10-08T01:00;1.6;1.9;256.0;16.5;0.0;;27.0;100.0;100.0;100.0;45.86;6.16;0.0;2026-10-07T13:15:00+02:00;2026-10-07T13:55:30+02:00;131d53e57a7b
2026-10-08;plage_de_sevrier;AROMEHD;2026-10-08T02:00;2.9;3.5;184.0;15.9;0.0;;1.0;100.0;100.0;100.0;45.86;6.16;0.0;2026-10-07T13:15:00+02:00;2026-10-07T13:55:30+02:00;131d53e57a7b
2026-10-08;plage_de_sevrier;AROMEHD;2026-10-08T03:00;7.6;9.9;183.0;16.8;0.1;;3.0;100.0;100.0;100.0;45.86;6.16;0.0;2026-10-07T13:15:00+02:00;2026-10-07T13:55:30+02:00;131d53e57a7b
2026-10-08;plage_de_sevrier;AROMEHD;2026-10-08T04:00;6.2;8.4;110.0;15.7;0.1;;100.0;100.0;100.0;100.0;45.86;6.16;0.0;2026-10-07T13:15:00+02:00;2026-10-07T13:55:30+02:00;131d53e57a7b
2026-10-08;plage_de_sevrier;AROMEHD;2026-10-08T05:00;5.2;8.0;117.0;15.7;0.2;;100.0;100.0;100.0;100.0;45.86;6.16;0.0;2026-10-07T13:15:00+02:00;2026-10-07T13:55:30+02:00;131d53e57a7b
2026-10-08;plage_de_sevrier;AROMEHD;2026-10-08T06:00;2.7;7.8;98.0;15.0;1.6;;100.0;100.0;100.0;100.0;45.86;6.16;0.0;2026-10-07T13:15:00+02:00;2026-10-07T13:55:30+02:00;131d53e57a7b
2026-10-08;plage_de_sevrier;AROMEHD;2026-10-08T07:00;2.5;7.2;129.0;14.3;2.7;;100.0;100.0;100.0;100.0;45.86;6.16;0.0;2026-10-07T13:15:00+02:00;2026-10-07T13:55:30+02:00;131d53e57a7b
2026-10-08;plage_de_sevrier;AROMEHD;2026-10-08T08:00;4.1;8.7;172.0;14.3;2.2;;100.0;100.0;100.0;100.0;45.86;6.16;0.0;2026-10-07T13:15:00+02:00;2026-10-07T13:55:30+02:00;131d53e57a7b
2026-10-08;plage_de_sevrier;AROMEHD;2026-10-08T09:00;2.7;7.8;94.0;14.7;5.2;;85.0;100.0;100.0;100.0;45.86;6.16;0.0;2026-10-07T13:15:00+02:00;2026-10-07T13:55:30+02:00;131d53e57a7b
2026-10-08;plage_de_sevrier;AROMEHD;2026-10-08T10:00;1.5;6.4;113.0;14.7;3.2;;100.0;100.0;100.0;100.0;45.86;6.16;0.0;2026-10-07T13:15:00+02:00;2026-10-07T13:55:30+02:00;131d53e57a7b
2026-10-08;plage_de_sevrier;AROMEHD;2026-10-08T11:00;3.8;8.4;285.0;14.8;2.4;;100.0;100.0;100.0;100.0;45.86;6.16;0.0;2026-10-07T13:15:00+02:00;2026-10-07T13:55:30+02:00;131d53e57a7b
2026-10-08;plage_de_sevrier;AROMEHD;2026-10-08T12:00;8.2;18.9;329.0;14.2;2.0;;100.0;100.0;100.0;100.0;45.86;6.16;0.0;2026-10-07T13:15:00+02:00;2026-10-07T13:55:30+02:00;131d53e57a7b
2026-10-08;plage_de_sevrier;AROMEHD;2026-10-08T13:00;9.6;15.9;317.0;13.6;1.4;;100.0;100.0;100.0;100.0;45.86;6.16;0.0;2026-10-07T13:15:00+02:00;2026-10-07T13:55:30+02:00;131d53e57a7b
2026-10-08;plage_de_sevrier;AROMEHD;2026-10-08T14:00;9.9;16.1;305.0;13.2;1.4;;79.0;100.0;100.0;100.0;45.86;6.16;0.0;2026-10-07T13:15:00+02:00;2026-10-07T13:55:30+02:00;131d53e57a7b
2026-10-08;plage_de_sevrier;AROMEHD;2026-10-08T15:00;10.3;15.9;323.0;12.9;2.0;;100.0;100.0;99.0;100.0;45.86;6.16;0.0;2026-10-07T13:15:00+02:00;2026-10-07T13:55:30+02:00;131d53e57a7b
2026-10-08;plage_de_sevrier;AROMEHD;2026-10-08T16:00;9.4;16.5;313.0;12.6;3.2;;100.0;100.0;1.0;100.0;45.86;6.16;0.0;2026-10-07T13:15:00+02:00;2026-10-07T13:55:30+02:00;131d53e57a7b
2026-10-08;plage_de_sevrier;AROMEHD;2026-10-08T17:00;7.1;13.8;331.0;12.1;4.3;;100.0;100.0;0.0;100.0;45.86;6.16;0.0;2026-10-07T13:15:00+02:00;2026-10-07T13:55:30+02:00;131d53e57a7b
2026-10-08;plage_de_sevrier;AROMEHD;2026-10-08T18:00;9.1;13.4;293.0;12.5;2.1;;97.0;100.0;0.0;100.0;45.86;6.16;0.0;2026-10-07T13:15:00+02:00;2026-10-07T13:55:30+02:00;131d53e57a7b
2026-10-08;plage_de_sevrier;AROMEHD;2026-10-08T19:00;10.8;16.1;311.0;12.1;0.1;;80.0;57.0;0.0;80.0;45.86;6.16;0.0;2026-10-07T13:15:00+02:00;2026-10-07T13:55:30+02:00;131d53e57a7b
2026-10-08;plage_de_sevrier;AROMEHD;2026-10-08T20:00;10.0;15.2;306.0;11.6;0.1;;97.0;61.0;0.0;97.0;45.86;6.16;0.0;2026-10-07T13:15:00+02:00;2026-10-07T13:55:30+02:00;131d53e57a7b
2026-10-08;plage_de_sevrier;AROMEHD;2026-10-08T21:00;8.8;14.4;310.0;11.6;0.0;;14.0;59.0;0.0;59.0;45.86;6.16;0.0;2026-10-07T13:15:00+02:00;2026-10-07T13:55:30+02:00;131d53e57a7b
2026-10-08;plage_de_sevrier;AROMEHD;2026-10-08T22:00;10.5;15.6;312.0;11.2;0.0;;40.0;23.0;0.0;40.0;45.86;6.16;0.0;2026-10-07T13:15:00+02:00;2026-10-07T13:55:30+02:00;131d53e57a7b
2026-10-08;plage_de_sevrier;AROMEHD;2026-10-08T23:00;12.3;17.5;322.0;11.1;0.0;;0.0;0.0;0.0;0.0;45.86;6.16;0.0;2026-10-07T13:15:00+02:00;2026-10-07T13:55:30+02:00;131d53e57a7b
2026-10-08;plage_de_sevrier;AROMEHD;2026-10-09T00:00;11.8;17.9;327.0;10.8;0.0;;0.0;0.0;0.0;0.0;45.86;6.16;0.0;2026-10-07T13:15:00+02:00;2026-10-07T13:55:30+02:00;131d53e57a7b
2026-10-08;plage_de_sevrier;ICONCH1;2026-10-08T01:00;2.2;3.1;27.0;17.5;0.9;100.0;65.0;100.0;98.0;100.0;45.86465;6.164917;0.0;2026-10-07T13:15:00+02:00;2026-10-07T13:55:30+02:00;131d53e57a7b
2026-10-08;plage_de_sevrier;ICONCH1;2026-10-08T02:00;0.5;3.5;135.0;17.4;0.6;100.0;71.0;100.0;100.0;100.0;45.86465;6.164917;0.0;2026-10-07T13:15:00+02:00;2026-10-07T13:55:30+02:00;131d53e57a7b
2026-10-08;plage_de_sevrier;ICONCH1;2026-10-08T03:00;4.9;6.4;182.0;16.6;1.0;100.0;40.0;100.0;100.0;100.0;45.86465;6.164917;0.0;2026-10-07T13:15:00+02:00;2026-10-07T13:55:30+02:00;131d53e57a7b
2026-10-08;plage_de_sevrier;ICONCH1;2026-10-08T04:00;5.2;7.0;153.0;16.7;0.6;100.0;0.0;100.0;100.0;100.0;45.86465;6.164917;0.0;2026-10-07T13:15:00+02:00;2026-10-07T13:55:30+02:00;131d53e57a7b
2026-10-08;plage_de_sevrier;ICONCH1;2026-10-08T05:00;5.8;8.7;132.0;16.7;0.1;100.0;97.0;100.0;40.0;100.0;45.86465;6.164917;0.0;2026-10-07T13:15:00+02:00;2026-10-07T13:55:30+02:00;131d53e57a7b
2026-10-08;plage_de_sevrier;ICONCH1;2026-10-08T06:00;1.4;7.6;45.0;16.6;2.5;100.0;100.0;100.0;20.0;100.0;45.86465;6.164917;0.0;2026-10-07T13:15:00+02:00;2026-10-07T13:55:30+02:00;131d53e57a7b
2026-10-08;plage_de_sevrier;ICONCH1;2026-10-08T07:00;3.7;4.9;122.0;16.5;4.7;100.0;73.0;100.0;100.0;100.0;45.86465;6.164917;0.0;2026-10-07T13:15:00+02:00;2026-10-07T13:55:30+02:00;131d53e57a7b
2026-10-08;plage_de_sevrier;ICONCH1;2026-10-08T08:00;4.0;5.6;166.0;16.3;3.1;100.0;90.0;100.0;51.0;100.0;45.86465;6.164917;0.0;2026-10-07T13:15:00+02:00;2026-10-07T13:55:30+02:00;131d53e57a7b
2026-10-08;plage_de_sevrier;ICONCH1;2026-10-08T09:00;6.9;13.8;350.0;15.4;7.7;100.0;94.0;100.0;100.0;100.0;45.86465;6.164917;0.0;2026-10-07T13:15:00+02:00;2026-10-07T13:55:30+02:00;131d53e57a7b
2026-10-08;plage_de_sevrier;ICONCH1;2026-10-08T10:00;5.5;8.7;293.0;15.1;3.2;100.0;86.0;100.0;99.0;100.0;45.86465;6.164917;0.0;2026-10-07T13:15:00+02:00;2026-10-07T13:55:30+02:00;131d53e57a7b
2026-10-08;plage_de_sevrier;ICONCH1;2026-10-08T11:00;5.7;7.4;305.0;15.0;3.9;100.0;84.0;100.0;100.0;100.0;45.86465;6.164917;0.0;2026-10-07T13:15:00+02:00;2026-10-07T13:55:30+02:00;131d53e57a7b
2026-10-08;plage_de_sevrier;ICONCH1;2026-10-08T12:00;6.5;9.1;297.0;14.8;1.8;100.0;94.0;100.0;100.0;100.0;45.86465;6.164917;0.0;2026-10-07T13:15:00+02:00;2026-10-07T13:55:30+02:00;131d53e57a7b
2026-10-08;plage_de_sevrier;ICONCH1;2026-10-08T13:00;9.4;15.0;297.0;14.6;1.2;100.0;100.0;100.0;100.0;100.0;45.86465;6.164917;0.0;2026-10-07T13:15:00+02:00;2026-10-07T13:55:30+02:00;131d53e57a7b
2026-10-08;plage_de_sevrier;ICONCH1;2026-10-08T14:00;11.7;16.9;323.0;13.9;1.0;100.0;88.0;100.0;100.0;100.0;45.86465;6.164917;0.0;2026-10-07T13:15:00+02:00;2026-10-07T13:55:30+02:00;131d53e57a7b
2026-10-08;plage_de_sevrier;ICONCH1;2026-10-08T15:00;9.2;16.3;318.0;13.4;0.6;100.0;88.0;100.0;100.0;100.0;45.86465;6.164917;0.0;2026-10-07T13:15:00+02:00;2026-10-07T13:55:30+02:00;131d53e57a7b
2026-10-08;plage_de_sevrier;ICONCH1;2026-10-08T16:00;10.5;13.8;293.0;13.1;0.8;100.0;100.0;100.0;0.0;100.0;45.86465;6.164917;0.0;2026-10-07T13:15:00+02:00;2026-10-07T13:55:30+02:00;131d53e57a7b
2026-10-08;plage_de_sevrier;ICONCH1;2026-10-08T17:00;9.9;15.7;298.0;13.0;2.8;100.0;100.0;100.0;0.0;100.0;45.86465;6.164917;0.0;2026-10-07T13:15:00+02:00;2026-10-07T13:55:30+02:00;131d53e57a7b
2026-10-08;plage_de_sevrier;ICONCH1;2026-10-08T18:00;11.5;16.7;296.0;12.6;5.7;100.0;100.0;100.0;0.0;100.0;45.86465;6.164917;0.0;2026-10-07T13:15:00+02:00;2026-10-07T13:55:30+02:00;131d53e57a7b
2026-10-08;plage_de_sevrier;ICONCH1;2026-10-08T19:00;11.3;15.0;318.0;12.7;1.8;100.0;100.0;100.0;0.0;100.0;45.86465;6.164917;0.0;2026-10-07T13:15:00+02:00;2026-10-07T13:55:30+02:00;131d53e57a7b
2026-10-08;plage_de_sevrier;ICONCH1;2026-10-08T20:00;14.4;19.2;355.0;12.7;0.7;100.0;80.0;100.0;0.0;100.0;45.86465;6.164917;0.0;2026-10-07T13:15:00+02:00;2026-10-07T13:55:30+02:00;131d53e57a7b
2026-10-08;pont_darciat;AROMEHD;2026-10-08T01:00;7.2;11.3;194.0;16.8;2.9;;73.0;100.0;100.0;100.0;46.25;4.8099995;169.0;2026-10-07T13:15:00+02:00;2026-10-07T13:55:30+02:00;131d53e57a7b
2026-10-08;pont_darciat;AROMEHD;2026-10-08T02:00;5.7;11.1;190.0;16.4;0.1;;7.0;100.0;100.0;100.0;46.25;4.8099995;169.0;2026-10-07T13:15:00+02:00;2026-10-07T13:55:30+02:00;131d53e57a7b
2026-10-08;pont_darciat;AROMEHD;2026-10-08T03:00;7.3;11.5;200.0;16.6;0.0;;3.0;100.0;100.0;100.0;46.25;4.8099995;169.0;2026-10-07T13:15:00+02:00;2026-10-07T13:55:30+02:00;131d53e57a7b
2026-10-08;pont_darciat;AROMEHD;2026-10-08T04:00;5.9;10.9;191.0;16.2;0.0;;12.0;100.0;100.0;100.0;46.25;4.8099995;169.0;2026-10-07T13:15:00+02:00;2026-10-07T13:55:30+02:00;131d53e57a7b
2026-10-08;pont_darciat;AROMEHD;2026-10-08T05:00;6.2;9.9;242.0;16.2;1.4;;100.0;100.0;100.0;100.0;46.25;4.8099995;169.0;2026-10-07T13:15:00+02:00;2026-10-07T13:55:30+02:00;131d53e57a7b
2026-10-08;pont_darciat;AROMEHD;2026-10-08T06:00;8.7;14.6;287.0;15.7;1.0;;87.0;100.0;100.0;100.0;46.25;4.8099995;169.0;2026-10-07T13:15:00+02:00;2026-10-07T13:55:30+02:00;131d53e57a7b
2026-10-08;pont_darciat;AROMEHD;2026-10-08T07:00;11.1;18.5;304.0;15.1;0.7;;100.0;100.0;100.0;100.0;46.25;4.8099995;169.0;2026-10-07T13:15:00+02:00;2026-10-07T13:55:30+02:00;131d53e57a7b
2026-10-08;pont_darciat;AROMEHD;2026-10-08T08:00;14.8;24.3;305.0;14.1;0.2;;100.0;100.0;100.0;100.0;46.25;4.8099995;169.0;2026-10-07T13:15:00+02:00;2026-10-07T13:55:30+02:00;131d53e57a7b
2026-10-08;pont_darciat;AROMEHD;2026-10-08T09:00;13.2;23.9;311.0;13.8;0.4;;100.0;100.0;100.0;100.0;46.25;4.8099995;169.0;2026-10-07T13:15:00+02:00;2026-10-07T13:55:30+02:00;131d53e57a7b
2026-10-08;pont_darciat;AROMEHD;2026-10-08T10:00;11.7;23.3;321.0;13.2;0.0;;100.0;100.0;100.0;100.0;46.25;4.8099995;169.0;2026-10-07T13:15:00+02:00;2026-10-07T13:55:30+02:00;131d53e57a7b
2026-10-08;pont_darciat;AROMEHD;2026-10-08T11:00;11.5;19.4;314.0;13.0;0.0;;100.0;100.0;100.0;100.0;46.25;4.8099995;169.0;2026-10-07T13:15:00+02:00;2026-10-07T13:55:30+02:00;131d53e57a7b
2026-10-08;pont_darciat;AROMEHD;2026-10-08T12:00;11.8;20.4;312.0;12.5;0.0;;100.0;100.0;0.0;100.0;46.25;4.8099995;169.0;2026-10-07T13:15:00+02:00;2026-10-07T13:55:30+02:00;131d53e57a7b
2026-10-08;pont_darciat;AROMEHD;2026-10-08T13:00;13.4;21.6;318.0;12.8;0.0;;100.0;99.0;0.0;100.0;46.25;4.8099995;169.0;2026-10-07T13:15:00+02:00;2026-10-07T13:55:30+02:00;131d53e57a7b
2026-10-08;pont_darciat;AROMEHD;2026-10-08T14:00;13.7;22.2;320.0;13.3;0.0;;87.0;100.0;0.0;100.0;46.25;4.8099995;169.0;2026-10-07T13:15:00+02:00;2026-10-07T13:55:30+02:00;131d53e57a7b
2026-10-08;pont_darciat;AROMEHD;2026-10-08T15:00;13.6;22.2;314.0;13.4;0.0;;79.0;18.0;0.0;79.0;46.25;4.8099995;169.0;2026-10-07T13:15:00+02:00;2026-10-07T13:55:30+02:00;131d53e57a7b
2026-10-08;pont_darciat;AROMEHD;2026-10-08T16:00;12.1;22.7;316.0;12.8;0.0;;99.0;83.0;0.0;99.0;46.25;4.8099995;169.0;2026-10-07T13:15:00+02:00;2026-10-07T13:55:30+02:00;131d53e57a7b
2026-10-08;pont_darciat;AROMEHD;2026-10-08T17:00;9.6;19.8;328.0;13.1;0.2;;0.0;0.0;0.0;0.0;46.25;4.8099995;169.0;2026-10-07T13:15:00+02:00;2026-10-07T13:55:30+02:00;131d53e57a7b
2026-10-08;pont_darciat;AROMEHD;2026-10-08T18:00;6.0;15.4;339.0;12.8;0.3;;36.0;100.0;0.0;100.0;46.25;4.8099995;169.0;2026-10-07T13:15:00+02:00;2026-10-07T13:55:30+02:00;131d53e57a7b
2026-10-08;pont_darciat;AROMEHD;2026-10-08T19:00;6.1;9.5;329.0;12.0;0.0;;0.0;0.0;0.0;0.0;46.25;4.8099995;169.0;2026-10-07T13:15:00+02:00;2026-10-07T13:55:30+02:00;131d53e57a7b
2026-10-08;pont_darciat;AROMEHD;2026-10-08T20:00;7.7;12.8;332.0;11.3;0.0;;0.0;0.0;0.0;0.0;46.25;4.8099995;169.0;2026-10-07T13:15:00+02:00;2026-10-07T13:55:30+02:00;131d53e57a7b
2026-10-08;pont_darciat;AROMEHD;2026-10-08T21:00;8.4;14.8;342.0;10.6;0.0;;23.0;28.0;0.0;28.0;46.25;4.8099995;169.0;2026-10-07T13:15:00+02:00;2026-10-07T13:55:30+02:00;131d53e57a7b
2026-10-08;pont_darciat;AROMEHD;2026-10-08T22:00;8.2;12.1;332.0;10.1;0.0;;92.0;100.0;0.0;100.0;46.25;4.8099995;169.0;2026-10-07T13:15:00+02:00;2026-10-07T13:55:30+02:00;131d53e57a7b
2026-10-08;pont_darciat;AROMEHD;2026-10-08T23:00;8.7;12.8;328.0;10.0;0.0;;0.0;0.0;0.0;0.0;46.25;4.8099995;169.0;2026-10-07T13:15:00+02:00;2026-10-07T13:55:30+02:00;131d53e57a7b
2026-10-08;pont_darciat;AROMEHD;2026-10-09T00:00;9.0;13.4;327.0;9.8;0.0;;0.0;0.0;0.0;0.0;46.25;4.8099995;169.0;2026-10-07T13:15:00+02:00;2026-10-07T13:55:30+02:00;131d53e57a7b
2026-10-08;pont_darciat;ICONCH1;2026-10-08T01:00;6.5;11.9;189.0;16.9;0.7;100.0;75.0;100.0;100.0;100.0;46.25097;4.8050537;172.0;2026-10-07T13:15:00+02:00;2026-10-07T13:55:30+02:00;131d53e57a7b
2026-10-08;pont_darciat;ICONCH1;2026-10-08T02:00;6.4;9.9;203.0;16.8;0.1;100.0;78.0;100.0;100.0;100.0;46.25097;4.8050537;172.0;2026-10-07T13:15:00+02:00;2026-10-07T13:55:30+02:00;131d53e57a7b
2026-10-08;pont_darciat;ICONCH1;2026-10-08T03:00;5.8;9.9;192.0;16.5;1.3;100.0;89.0;100.0;100.0;100.0;46.25097;4.8050537;172.0;2026-10-07T13:15:00+02:00;2026-10-07T13:55:30+02:00;131d53e57a7b
2026-10-08;pont_darciat;ICONCH1;2026-10-08T04:00;5.1;8.9;212.0;16.4;0.7;100.0;91.0;100.0;100.0;100.0;46.25097;4.8050537;172.0;2026-10-07T13:15:00+02:00;2026-10-07T13:55:30+02:00;131d53e57a7b
2026-10-08;pont_darciat;ICONCH1;2026-10-08T05:00;10.3;15.9;281.0;16.9;1.2;100.0;91.0;100.0;100.0;100.0;46.25097;4.8050537;172.0;2026-10-07T13:15:00+02:00;2026-10-07T13:55:30+02:00;131d53e57a7b
2026-10-08;pont_darciat;ICONCH1;2026-10-08T06:00;7.4;16.5;293.0;15.5;1.8;100.0;74.0;100.0;100.0;100.0;46.25097;4.8050537;172.0;2026-10-07T13:15:00+02:00;2026-10-07T13:55:30+02:00;131d53e57a7b
2026-10-08;pont_darciat;ICONCH1;2026-10-08T07:00;8.9;14.2;302.0;15.0;0.8;100.0;64.0;100.0;100.0;100.0;46.25097;4.8050537;172.0;2026-10-07T13:15:00+02:00;2026-10-07T13:55:30+02:00;131d53e57a7b
2026-10-08;pont_darciat;ICONCH1;2026-10-08T08:00;12.4;19.8;309.0;14.5;0.4;100.0;81.0;100.0;100.0;100.0;46.25097;4.8050537;172.0;2026-10-07T13:15:00+02:00;2026-10-07T13:55:30+02:00;131d53e57a7b
2026-10-08;pont_darciat;ICONCH1;2026-10-08T09:00;13.5;21.0;315.0;14.1;0.0;100.0;100.0;100.0;100.0;100.0;46.25097;4.8050537;172.0;2026-10-07T13:15:00+02:00;2026-10-07T13:55:30+02:00;131d53e57a7b
2026-10-08;pont_darciat;ICONCH1;2026-10-08T10:00;13.2;22.7;310.0;13.7;0.0;100.0;100.0;100.0;100.0;100.0;46.25097;4.8050537;172.0;2026-10-07T13:15:00+02:00;2026-10-07T13:55:30+02:00;131d53e57a7b
2026-10-08;pont_darciat;ICONCH1;2026-10-08T11:00;14.2;22.5;306.0;13.0;0.0;100.0;99.0;100.0;100.0;100.0;46.25097;4.8050537;172.0;2026-10-07T13:15:00+02:00;2026-10-07T13:55:30+02:00;131d53e57a7b
2026-10-08;pont_darciat;ICONCH1;2026-10-08T12:00;13.6;22.4;312.0;12.6;0.1;100.0;81.0;100.0;81.0;100.0;46.25097;4.8050537;172.0;2026-10-07T13:15:00+02:00;2026-10-07T13:55:30+02:00;131d53e57a7b
2026-10-08;pont_darciat;ICONCH1;2026-10-08T13:00;12.6;21.2;315.0;12.6;0.1;100.0;87.0;100.0;0.0;100.0;46.25097;4.8050537;172.0;2026-10-07T13:15:00+02:00;2026-10-07T13:55:30+02:00;131d53e57a7b
2026-10-08;pont_darciat;ICONCH1;2026-10-08T14:00;12.1;19.8;325.0;12.5;0.4;100.0;85.0;100.0;0.0;100.0;46.25097;4.8050537;172.0;2026-10-07T13:15:00+02:00;2026-10-07T13:55:30+02:00;131d53e57a7b
2026-10-08;pont_darciat;ICONCH1;2026-10-08T15:00;11.9;20.2;325.0;12.8;0.2;98.0;92.0;94.0;0.0;98.0;46.25097;4.8050537;172.0;2026-10-07T13:15:00+02:00;2026-10-07T13:55:30+02:00;131d53e57a7b
2026-10-08;pont_darciat;ICONCH1;2026-10-08T16:00;10.5;18.5;330.0;13.6;0.0;97.0;67.0;93.0;0.0;97.0;46.25097;4.8050537;172.0;2026-10-07T13:15:00+02:00;2026-10-07T13:55:30+02:00;131d53e57a7b
2026-10-08;pont_darciat;ICONCH1;2026-10-08T17:00;11.8;18.3;324.0;14.3;0.0;97.0;61.0;91.0;0.0;97.0;46.25097;4.8050537;172.0;2026-10-07T13:15:00+02:00;2026-10-07T13:55:30+02:00;131d53e57a7b
2026-10-08;pont_darciat;ICONCH1;2026-10-08T18:00;11.1;18.5;331.0;14.6;0.0;99.0;5.0;99.0;0.0;99.0;46.25097;4.8050537;172.0;2026-10-07T13:15:00+02:00;2026-10-07T13:55:30+02:00;131d53e57a7b
2026-10-08;pont_darciat;ICONCH1;2026-10-08T19:00;7.9;17.3;338.0;13.6;0.0;81.0;30.0;66.0;0.0;81.0;46.25097;4.8050537;172.0;2026-10-07T13:15:00+02:00;2026-10-07T13:55:30+02:00;131d53e57a7b
2026-10-08;pont_darciat;ICONCH1;2026-10-08T20:00;7.5;12.1;332.0;11.8;0.0;58.0;22.0;47.0;0.0;58.0;46.25097;4.8050537;172.0;2026-10-07T13:15:00+02:00;2026-10-07T13:55:30+02:00;131d53e57a7b
2026-10-08;pont_de_chavanay;AROMEHD;2026-10-08T01:00;5.3;14.8;172.0;17.2;0.0;;85.0;100.0;100.0;100.0;45.42;4.75;141.0;2026-10-07T13:15:00+02:00;2026-10-07T13:55:30+02:00;131d53e57a7b
2026-10-08;pont_de_chavanay;AROMEHD;2026-10-08T02:00;4.7;9.3;161.0;17.0;0.0;;98.0;100.0;100.0;100.0;45.42;4.75;141.0;2026-10-07T13:15:00+02:00;2026-10-07T13:55:30+02:00;131d53e57a7b
2026-10-08;pont_de_chavanay;AROMEHD;2026-10-08T03:00;5.2;10.1;167.0;16.6;0.0;;20.0;100.0;100.0;100.0;45.42;4.75;141.0;2026-10-07T13:15:00+02:00;2026-10-07T13:55:30+02:00;131d53e57a7b
2026-10-08;pont_de_chavanay;AROMEHD;2026-10-08T04:00;4.1;9.5;163.0;16.4;0.0;;13.0;100.0;100.0;100.0;45.42;4.75;141.0;2026-10-07T13:15:00+02:00;2026-10-07T13:55:30+02:00;131d53e57a7b
2026-10-08;pont_de_chavanay;AROMEHD;2026-10-08T05:00;3.3;8.4;173.0;16.1;0.9;;75.0;100.0;100.0;100.0;45.42;4.75;141.0;2026-10-07T13:15:00+02:00;2026-10-07T13:55:30+02:00;131d53e57a7b
2026-10-08;pont_de_chavanay;AROMEHD;2026-10-08T06:00;3.3;7.4;183.0;16.2;2.8;;100.0;100.0;100.0;100.0;45.42;4.75;141.0;2026-10-07T13:15:00+02:00;2026-10-07T13:55:30+02:00;131d53e57a7b
2026-10-08;pont_de_chavanay;AROMEHD;2026-10-08T07:00;1.5;5.2;23.0;16.0;2.4;;100.0;100.0;100.0;100.0;45.42;4.75;141.0;2026-10-07T13:15:00+02:00;2026-10-07T13:55:30+02:00;131d53e57a7b
2026-10-08;pont_de_chavanay;AROMEHD;2026-10-08T08:00;6.2;12.8;336.0;15.9;0.6;;1.0;100.0;100.0;100.0;45.42;4.75;141.0;2026-10-07T13:15:00+02:00;2026-10-07T13:55:30+02:00;131d53e57a7b
2026-10-08;pont_de_chavanay;AROMEHD;2026-10-08T09:00;12.3;23.1;319.0;15.3;0.9;;45.0;100.0;100.0;100.0;45.42;4.75;141.0;2026-10-07T13:15:00+02:00;2026-10-07T13:55:30+02:00;131d53e57a7b
2026-10-08;pont_de_chavanay;AROMEHD;2026-10-08T10:00;12.9;25.5;323.0;14.6;0.4;;90.0;100.0;100.0;100.0;45.42;4.75;141.0;2026-10-07T13:15:00+02:00;2026-10-07T13:55:30+02:00;131d53e57a7b
2026-10-08;pont_de_chavanay;AROMEHD;2026-10-08T11:00;11.3;24.5;319.0;14.5;0.8;;98.0;100.0;0.0;100.0;45.42;4.75;141.0;2026-10-07T13:15:00+02:00;2026-10-07T13:55:30+02:00;131d53e57a7b
2026-10-08;pont_de_chavanay;AROMEHD;2026-10-08T12:00;13.4;26.6;319.0;13.6;0.5;;90.0;100.0;0.0;100.0;45.42;4.75;141.0;2026-10-07T13:15:00+02:00;2026-10-07T13:55:30+02:00;131d53e57a7b
2026-10-08;pont_de_chavanay;AROMEHD;2026-10-08T13:00;13.4;26.6;321.0;13.3;0.5;;100.0;100.0;0.0;100.0;45.42;4.75;141.0;2026-10-07T13:15:00+02:00;2026-10-07T13:55:30+02:00;131d53e57a7b
2026-10-08;pont_de_chavanay;AROMEHD;2026-10-08T14:00;13.1;25.5;316.0;13.1;0.4;;26.0;100.0;0.0;100.0;45.42;4.75;141.0;2026-10-07T13:15:00+02:00;2026-10-07T13:55:30+02:00;131d53e57a7b
2026-10-08;pont_de_chavanay;AROMEHD;2026-10-08T15:00;13.3;25.3;321.0;13.1;0.1;;100.0;100.0;0.0;100.0;45.42;4.75;141.0;2026-10-07T13:15:00+02:00;2026-10-07T13:55:30+02:00;131d53e57a7b
2026-10-08;pont_de_chavanay;AROMEHD;2026-10-08T16:00;11.4;24.7;333.0;13.3;0.3;;41.0;100.0;0.0;100.0;45.42;4.75;141.0;2026-10-07T13:15:00+02:00;2026-10-07T13:55:30+02:00;131d53e57a7b
2026-10-08;pont_de_chavanay;AROMEHD;2026-10-08T17:00;11.2;22.5;329.0;13.6;0.1;;1.0;100.0;0.0;100.0;45.42;4.75;141.0;2026-10-07T13:15:00+02:00;2026-10-07T13:55:30+02:00;131d53e57a7b
2026-10-08;pont_de_chavanay;AROMEHD;2026-10-08T18:00;9.5;21.2;334.0;13.7;0.1;;0.0;0.0;0.0;0.0;45.42;4.75;141.0;2026-10-07T13:15:00+02:00;2026-10-07T13:55:30+02:00;131d53e57a7b
2026-10-08;pont_de_chavanay;AROMEHD;2026-10-08T19:00;8.3;20.6;345.0;13.1;0.0;;0.0;0.0;0.0;0.0;45.42;4.75;141.0;2026-10-07T13:15:00+02:00;2026-10-07T13:55:30+02:00;131d53e57a7b
2026-10-08;pont_de_chavanay;AROMEHD;2026-10-08T20:00;9.3;16.7;334.0;12.5;0.0;;0.0;0.0;0.0;0.0;45.42;4.75;141.0;2026-10-07T13:15:00+02:00;2026-10-07T13:55:30+02:00;131d53e57a7b
2026-10-08;pont_de_chavanay;AROMEHD;2026-10-08T21:00;11.4;21.2;325.0;12.1;0.0;;0.0;0.0;0.0;0.0;45.42;4.75;141.0;2026-10-07T13:15:00+02:00;2026-10-07T13:55:30+02:00;131d53e57a7b
2026-10-08;pont_de_chavanay;AROMEHD;2026-10-08T22:00;12.0;23.7;324.0;12.2;0.0;;0.0;0.0;0.0;0.0;45.42;4.75;141.0;2026-10-07T13:15:00+02:00;2026-10-07T13:55:30+02:00;131d53e57a7b
2026-10-08;pont_de_chavanay;AROMEHD;2026-10-08T23:00;12.0;22.9;324.0;11.7;0.0;;0.0;0.0;0.0;0.0;45.42;4.75;141.0;2026-10-07T13:15:00+02:00;2026-10-07T13:55:30+02:00;131d53e57a7b
2026-10-08;pont_de_chavanay;AROMEHD;2026-10-09T00:00;11.1;22.2;329.0;11.7;0.0;;0.0;0.0;0.0;0.0;45.42;4.75;141.0;2026-10-07T13:15:00+02:00;2026-10-07T13:55:30+02:00;131d53e57a7b
2026-10-08;pont_de_chavanay;ICONCH1;2026-10-08T01:00;2.2;5.4;142.0;17.1;0.0;100.0;53.0;100.0;100.0;100.0;45.416153;4.741211;147.0;2026-10-07T13:15:00+02:00;2026-10-07T13:55:30+02:00;131d53e57a7b
2026-10-08;pont_de_chavanay;ICONCH1;2026-10-08T02:00;1.5;3.3;50.0;17.0;0.0;100.0;62.0;100.0;0.0;100.0;45.416153;4.741211;147.0;2026-10-07T13:15:00+02:00;2026-10-07T13:55:30+02:00;131d53e57a7b
2026-10-08;pont_de_chavanay;ICONCH1;2026-10-08T03:00;1.9;2.9;323.0;16.7;0.4;100.0;52.0;100.0;100.0;100.0;45.416153;4.741211;147.0;2026-10-07T13:15:00+02:00;2026-10-07T13:55:30+02:00;131d53e57a7b
2026-10-08;pont_de_chavanay;ICONCH1;2026-10-08T04:00;1.0;2.9;338.0;16.6;1.8;100.0;67.0;100.0;100.0;100.0;45.416153;4.741211;147.0;2026-10-07T13:15:00+02:00;2026-10-07T13:55:30+02:00;131d53e57a7b
2026-10-08;pont_de_chavanay;ICONCH1;2026-10-08T05:00;0.9;2.1;297.0;16.4;2.6;100.0;79.0;100.0;100.0;100.0;45.416153;4.741211;147.0;2026-10-07T13:15:00+02:00;2026-10-07T13:55:30+02:00;131d53e57a7b
2026-10-08;pont_de_chavanay;ICONCH1;2026-10-08T06:00;1.4;2.1;352.0;16.5;4.1;100.0;56.0;100.0;100.0;100.0;45.416153;4.741211;147.0;2026-10-07T13:15:00+02:00;2026-10-07T13:55:30+02:00;131d53e57a7b
2026-10-08;pont_de_chavanay;ICONCH1;2026-10-08T07:00;5.8;8.9;340.0;16.5;3.6;100.0;44.0;100.0;100.0;100.0;45.416153;4.741211;147.0;2026-10-07T13:15:00+02:00;2026-10-07T13:55:30+02:00;131d53e57a7b
2026-10-08;pont_de_chavanay;ICONCH1;2026-10-08T08:00;20.5;32.3;298.0;15.5;1.2;100.0;0.0;100.0;100.0;100.0;45.416153;4.741211;147.0;2026-10-07T13:15:00+02:00;2026-10-07T13:55:30+02:00;131d53e57a7b
2026-10-08;pont_de_chavanay;ICONCH1;2026-10-08T09:00;12.6;31.7;315.0;15.3;0.6;100.0;69.0;100.0;100.0;100.0;45.416153;4.741211;147.0;2026-10-07T13:15:00+02:00;2026-10-07T13:55:30+02:00;131d53e57a7b
2026-10-08;pont_de_chavanay;ICONCH1;2026-10-08T10:00;8.5;19.6;328.0;15.1;0.2;100.0;89.0;100.0;100.0;100.0;45.416153;4.741211;147.0;2026-10-07T13:15:00+02:00;2026-10-07T13:55:30+02:00;131d53e57a7b
2026-10-08;pont_de_chavanay;ICONCH1;2026-10-08T11:00;12.6;19.6;316.0;14.8;0.0;100.0;93.0;100.0;100.0;100.0;45.416153;4.741211;147.0;2026-10-07T13:15:00+02:00;2026-10-07T13:55:30+02:00;131d53e57a7b
2026-10-08;pont_de_chavanay;ICONCH1;2026-10-08T12:00;12.1;19.4;316.0;14.9;0.0;92.0;86.0;73.0;0.0;92.0;45.416153;4.741211;147.0;2026-10-07T13:15:00+02:00;2026-10-07T13:55:30+02:00;131d53e57a7b
2026-10-08;pont_de_chavanay;ICONCH1;2026-10-08T13:00;16.8;25.9;315.0;14.7;0.0;100.0;57.0;100.0;0.0;100.0;45.416153;4.741211;147.0;2026-10-07T13:15:00+02:00;2026-10-07T13:55:30+02:00;131d53e57a7b
2026-10-08;pont_de_chavanay;ICONCH1;2026-10-08T14:00;13.8;27.0;318.0;13.8;0.0;100.0;77.0;100.0;0.0;100.0;45.416153;4.741211;147.0;2026-10-07T13:15:00+02:00;2026-10-07T13:55:30+02:00;131d53e57a7b
2026-10-08;pont_de_chavanay;ICONCH1;2026-10-08T15:00;14.9;22.5;327.0;13.6;0.1;100.0;60.0;99.0;0.0;100.0;45.416153;4.741211;147.0;2026-10-07T13:15:00+02:00;2026-10-07T13:55:30+02:00;131d53e57a7b
2026-10-08;pont_de_chavanay;ICONCH1;2026-10-08T16:00;13.7;23.1;327.0;13.6;0.4;100.0;56.0;100.0;0.0;100.0;45.416153;4.741211;147.0;2026-10-07T13:15:00+02:00;2026-10-07T13:55:30+02:00;131d53e57a7b
2026-10-08;pont_de_chavanay;ICONCH1;2026-10-08T17:00;13.4;20.8;321.0;13.9;0.4;86.0;44.0;76.0;0.0;86.0;45.416153;4.741211;147.0;2026-10-07T13:15:00+02:00;2026-10-07T13:55:30+02:00;131d53e57a7b
2026-10-08;pont_de_chavanay;ICONCH1;2026-10-08T18:00;10.7;20.6;331.0;13.9;0.5;88.0;42.0;79.0;0.0;88.0;45.416153;4.741211;147.0;2026-10-07T13:15:00+02:00;2026-10-07T13:55:30+02:00;131d53e57a7b
2026-10-08;pont_de_chavanay;ICONCH1;2026-10-08T19:00;11.4;17.3;320.0;13.0;0.0;13.0;0.0;13.0;0.0;13.0;45.416153;4.741211;147.0;2026-10-07T13:15:00+02:00;2026-10-07T13:55:30+02:00;131d53e57a7b
2026-10-08;pont_de_chavanay;ICONCH1;2026-10-08T20:00;13.7;20.6;315.0;12.5;0.0;0.0;0.0;0.0;0.0;0.0;45.416153;4.741211;147.0;2026-10-07T13:15:00+02:00;2026-10-07T13:55:30+02:00;131d53e57a7b
2026-10-08;portes_les_valence;AROMEHD;2026-10-08T01:00;5.6;8.7;205.0;16.4;0.7;;86.0;100.0;100.0;100.0;44.87;4.8599987;101.0;2026-10-07T13:15:00+02:00;2026-10-07T13:55:30+02:00;131d53e57a7b
2026-10-08;portes_les_valence;AROMEHD;2026-10-08T02:00;4.9;10.1;182.0;16.4;0.8;;100.0;100.0;100.0;100.0;44.87;4.8599987;101.0;2026-10-07T13:15:00+02:00;2026-10-07T13:55:30+02:00;131d53e57a7b
2026-10-08;portes_les_valence;AROMEHD;2026-10-08T03:00;4.5;8.4;198.0;16.4;0.4;;99.0;100.0;100.0;100.0;44.87;4.8599987;101.0;2026-10-07T13:15:00+02:00;2026-10-07T13:55:30+02:00;131d53e57a7b
2026-10-08;portes_les_valence;AROMEHD;2026-10-08T04:00;7.5;12.4;192.0;16.3;0.0;;73.0;100.0;100.0;100.0;44.87;4.8599987;101.0;2026-10-07T13:15:00+02:00;2026-10-07T13:55:30+02:00;131d53e57a7b
2026-10-08;portes_les_valence;AROMEHD;2026-10-08T05:00;7.5;13.0;190.0;16.1;0.2;;49.0;100.0;98.0;100.0;44.87;4.8599987;101.0;2026-10-07T13:15:00+02:00;2026-10-07T13:55:30+02:00;131d53e57a7b
2026-10-08;portes_les_valence;AROMEHD;2026-10-08T06:00;5.1;12.4;189.0;15.7;1.1;;77.0;100.0;100.0;100.0;44.87;4.8599987;101.0;2026-10-07T13:15:00+02:00;2026-10-07T13:55:30+02:00;131d53e57a7b
2026-10-08;portes_les_valence;AROMEHD;2026-10-08T07:00;4.4;8.2;195.0;15.5;2.5;;100.0;100.0;100.0;100.0;44.87;4.8599987;101.0;2026-10-07T13:15:00+02:00;2026-10-07T13:55:30+02:00;131d53e57a7b
2026-10-08;portes_les_valence;AROMEHD;2026-10-08T08:00;2.0;7.2;349.0;15.6;3.2;;100.0;100.0;100.0;100.0;44.87;4.8599987;101.0;2026-10-07T13:15:00+02:00;2026-10-07T13:55:30+02:00;131d53e57a7b
2026-10-08;portes_les_valence;AROMEHD;2026-10-08T09:00;0.3;2.3;45.0;15.8;2.7;;65.0;100.0;100.0;100.0;44.87;4.8599987;101.0;2026-10-07T13:15:00+02:00;2026-10-07T13:55:30+02:00;131d53e57a7b
2026-10-08;portes_les_valence;AROMEHD;2026-10-08T10:00;10.3;17.9;25.0;16.1;0.8;;32.0;100.0;100.0;100.0;44.87;4.8599987;101.0;2026-10-07T13:15:00+02:00;2026-10-07T13:55:30+02:00;131d53e57a7b
2026-10-08;portes_les_valence;AROMEHD;2026-10-08T11:00;10.5;20.2;22.0;15.6;0.1;;8.0;100.0;0.0;100.0;44.87;4.8599987;101.0;2026-10-07T13:15:00+02:00;2026-10-07T13:55:30+02:00;131d53e57a7b
2026-10-08;portes_les_valence;AROMEHD;2026-10-08T12:00;10.1;18.3;10.0;16.0;0.1;;99.0;100.0;0.0;100.0;44.87;4.8599987;101.0;2026-10-07T13:15:00+02:00;2026-10-07T13:55:30+02:00;131d53e57a7b
2026-10-08;portes_les_valence;AROMEHD;2026-10-08T13:00;10.2;19.2;9.0;15.0;0.3;;98.0;100.0;0.0;100.0;44.87;4.8599987;101.0;2026-10-07T13:15:00+02:00;2026-10-07T13:55:30+02:00;131d53e57a7b
2026-10-08;portes_les_valence;AROMEHD;2026-10-08T14:00;11.9;21.2;2.0;15.0;0.2;;100.0;100.0;0.0;100.0;44.87;4.8599987;101.0;2026-10-07T13:15:00+02:00;2026-10-07T13:55:30+02:00;131d53e57a7b
2026-10-08;portes_les_valence;AROMEHD;2026-10-08T15:00;10.1;20.8;10.0;14.3;0.5;;41.0;100.0;0.0;100.0;44.87;4.8599987;101.0;2026-10-07T13:15:00+02:00;2026-10-07T13:55:30+02:00;131d53e57a7b
2026-10-08;portes_les_valence;AROMEHD;2026-10-08T16:00;12.9;22.7;3.0;14.6;0.0;;1.0;100.0;0.0;100.0;44.87;4.8599987;101.0;2026-10-07T13:15:00+02:00;2026-10-07T13:55:30+02:00;131d53e57a7b
2026-10-08;portes_les_valence;AROMEHD;2026-10-08T17:00;13.4;23.7;9.0;13.9;0.0;;53.0;84.0;0.0;84.0;44.87;4.8599987;101.0;2026-10-07T13:15:00+02:00;2026-10-07T13:55:30+02:00;131d53e57a7b
2026-10-08;portes_les_valence;AROMEHD;2026-10-08T18:00;14.5;26.4;12.0;14.0;0.0;;0.0;100.0;0.0;100.0;44.87;4.8599987;101.0;2026-10-07T13:15:00+02:00;2026-10-07T13:55:30+02:00;131d53e57a7b
2026-10-08;portes_les_valence;AROMEHD;2026-10-08T19:00;13.3;25.9;7.0;13.4;0.0;;0.0;12.0;0.0;12.0;44.87;4.8599987;101.0;2026-10-07T13:15:00+02:00;2026-10-07T13:55:30+02:00;131d53e57a7b
2026-10-08;portes_les_valence;AROMEHD;2026-10-08T20:00;13.0;23.7;3.0;12.9;0.0;;0.0;0.0;0.0;0.0;44.87;4.8599987;101.0;2026-10-07T13:15:00+02:00;2026-10-07T13:55:30+02:00;131d53e57a7b
2026-10-08;portes_les_valence;AROMEHD;2026-10-08T21:00;14.0;26.0;358.0;12.8;0.0;;0.0;0.0;0.0;0.0;44.87;4.8599987;101.0;2026-10-07T13:15:00+02:00;2026-10-07T13:55:30+02:00;131d53e57a7b
2026-10-08;portes_les_valence;AROMEHD;2026-10-08T22:00;13.8;25.3;2.0;12.6;0.0;;0.0;0.0;0.0;0.0;44.87;4.8599987;101.0;2026-10-07T13:15:00+02:00;2026-10-07T13:55:30+02:00;131d53e57a7b
2026-10-08;portes_les_valence;AROMEHD;2026-10-08T23:00;13.8;26.4;360.0;12.5;0.0;;0.0;0.0;0.0;0.0;44.87;4.8599987;101.0;2026-10-07T13:15:00+02:00;2026-10-07T13:55:30+02:00;131d53e57a7b
2026-10-08;portes_les_valence;AROMEHD;2026-10-09T00:00;16.8;30.3;355.0;12.5;0.0;;0.0;4.0;0.0;4.0;44.87;4.8599987;101.0;2026-10-07T13:15:00+02:00;2026-10-07T13:55:30+02:00;131d53e57a7b
2026-10-08;portes_les_valence;ICONCH1;2026-10-08T01:00;4.9;8.4;185.0;17.4;0.6;96.0;93.0;80.0;0.0;96.0;44.870667;4.8635864;103.0;2026-10-07T13:15:00+02:00;2026-10-07T13:55:30+02:00;131d53e57a7b
2026-10-08;portes_les_valence;ICONCH1;2026-10-08T02:00;5.8;10.3;206.0;17.5;0.0;99.0;69.0;96.0;0.0;99.0;44.870667;4.8635864;103.0;2026-10-07T13:15:00+02:00;2026-10-07T13:55:30+02:00;131d53e57a7b
2026-10-08;portes_les_valence;ICONCH1;2026-10-08T03:00;6.4;9.9;192.0;17.4;0.0;100.0;58.0;99.0;0.0;100.0;44.870667;4.8635864;103.0;2026-10-07T13:15:00+02:00;2026-10-07T13:55:30+02:00;131d53e57a7b
2026-10-08;portes_les_valence;ICONCH1;2026-10-08T04:00;5.3;9.9;188.0;17.3;0.1;100.0;61.0;100.0;100.0;100.0;44.870667;4.8635864;103.0;2026-10-07T13:15:00+02:00;2026-10-07T13:55:30+02:00;131d53e57a7b
2026-10-08;portes_les_valence;ICONCH1;2026-10-08T05:00;5.7;9.1;196.0;17.3;0.4;100.0;69.0;92.0;100.0;100.0;44.870667;4.8635864;103.0;2026-10-07T13:15:00+02:00;2026-10-07T13:55:30+02:00;131d53e57a7b
2026-10-08;portes_les_valence;ICONCH1;2026-10-08T06:00;6.3;10.1;196.0;17.3;0.9;100.0;77.0;100.0;100.0;100.0;44.870667;4.8635864;103.0;2026-10-07T13:15:00+02:00;2026-10-07T13:55:30+02:00;131d53e57a7b
2026-10-08;portes_les_valence;ICONCH1;2026-10-08T07:00;4.9;9.7;198.0;17.3;2.5;100.0;68.0;100.0;100.0;100.0;44.870667;4.8635864;103.0;2026-10-07T13:15:00+02:00;2026-10-07T13:55:30+02:00;131d53e57a7b
2026-10-08;portes_les_valence;ICONCH1;2026-10-08T08:00;6.1;9.5;297.0;17.8;1.9;100.0;57.0;100.0;51.0;100.0;44.870667;4.8635864;103.0;2026-10-07T13:15:00+02:00;2026-10-07T13:55:30+02:00;131d53e57a7b
2026-10-08;portes_les_valence;ICONCH1;2026-10-08T09:00;8.2;15.9;28.0;16.2;1.4;100.0;0.0;100.0;4.0;100.0;44.870667;4.8635864;103.0;2026-10-07T13:15:00+02:00;2026-10-07T13:55:30+02:00;131d53e57a7b
2026-10-08;portes_les_valence;ICONCH1;2026-10-08T10:00;8.0;13.8;23.0;15.5;2.2;100.0;83.0;100.0;100.0;100.0;44.870667;4.8635864;103.0;2026-10-07T13:15:00+02:00;2026-10-07T13:55:30+02:00;131d53e57a7b
2026-10-08;portes_les_valence;ICONCH1;2026-10-08T11:00;11.1;17.7;19.0;15.2;1.3;100.0;59.0;100.0;100.0;100.0;44.870667;4.8635864;103.0;2026-10-07T13:15:00+02:00;2026-10-07T13:55:30+02:00;131d53e57a7b
2026-10-08;portes_les_valence;ICONCH1;2026-10-08T12:00;14.3;22.5;22.0;15.4;0.2;99.0;70.0;97.0;0.0;99.0;44.870667;4.8635864;103.0;2026-10-07T13:15:00+02:00;2026-10-07T13:55:30+02:00;131d53e57a7b
2026-10-08;portes_les_valence;ICONCH1;2026-10-08T13:00;16.5;25.9;17.0;15.2;0.0;98.0;88.0;96.0;0.0;98.0;44.870667;4.8635864;103.0;2026-10-07T13:15:00+02:00;2026-10-07T13:55:30+02:00;131d53e57a7b
2026-10-08;portes_les_valence;ICONCH1;2026-10-08T14:00;15.4;25.9;14.0;15.1;0.0;98.0;98.0;91.0;0.0;98.0;44.870667;4.8635864;103.0;2026-10-07T13:15:00+02:00;2026-10-07T13:55:30+02:00;131d53e57a7b
2026-10-08;portes_les_valence;ICONCH1;2026-10-08T15:00;15.6;26.0;13.0;14.0;0.1;100.0;86.0;100.0;0.0;100.0;44.870667;4.8635864;103.0;2026-10-07T13:15:00+02:00;2026-10-07T13:55:30+02:00;131d53e57a7b
2026-10-08;portes_les_valence;ICONCH1;2026-10-08T16:00;15.4;25.1;16.0;13.8;0.1;94.0;54.0;87.0;0.0;94.0;44.870667;4.8635864;103.0;2026-10-07T13:15:00+02:00;2026-10-07T13:55:30+02:00;131d53e57a7b
2026-10-08;portes_les_valence;ICONCH1;2026-10-08T17:00;15.0;25.5;17.0;13.7;0.0;96.0;46.0;91.0;0.0;96.0;44.870667;4.8635864;103.0;2026-10-07T13:15:00+02:00;2026-10-07T13:55:30+02:00;131d53e57a7b
2026-10-08;portes_les_valence;ICONCH1;2026-10-08T18:00;12.8;23.7;13.0;13.6;0.2;81.0;22.0;71.0;0.0;81.0;44.870667;4.8635864;103.0;2026-10-07T13:15:00+02:00;2026-10-07T13:55:30+02:00;131d53e57a7b
2026-10-08;portes_les_valence;ICONCH1;2026-10-08T19:00;11.8;20.2;13.0;13.5;0.1;80.0;0.0;80.0;0.0;80.0;44.870667;4.8635864;103.0;2026-10-07T13:15:00+02:00;2026-10-07T13:55:30+02:00;131d53e57a7b
2026-10-08;portes_les_valence;ICONCH1;2026-10-08T20:00;11.9;18.7;4.0;12.5;0.0;70.0;0.0;70.0;0.0;70.0;44.870667;4.8635864;103.0;2026-10-07T13:15:00+02:00;2026-10-07T13:55:30+02:00;131d53e57a7b
2026-10-08;roche_de_glun;AROMEHD;2026-10-08T01:00;6.0;20.2;180.0;16.7;0.1;;53.0;100.0;100.0;100.0;45.03;4.84;116.0;2026-10-07T13:15:00+02:00;2026-10-07T13:55:30+02:00;131d53e57a7b
2026-10-08;roche_de_glun;AROMEHD;2026-10-08T02:00;6.5;15.4;173.0;16.6;0.0;;49.0;100.0;100.0;100.0;45.03;4.84;116.0;2026-10-07T13:15:00+02:00;2026-10-07T13:55:30+02:00;131d53e57a7b
2026-10-08;roche_de_glun;AROMEHD;2026-10-08T03:00;4.8;14.8;166.0;16.5;0.0;;35.0;100.0;100.0;100.0;45.03;4.84;116.0;2026-10-07T13:15:00+02:00;2026-10-07T13:55:30+02:00;131d53e57a7b
2026-10-08;roche_de_glun;AROMEHD;2026-10-08T04:00;4.9;11.5;151.0;16.6;0.0;;100.0;100.0;100.0;100.0;45.03;4.84;116.0;2026-10-07T13:15:00+02:00;2026-10-07T13:55:30+02:00;131d53e57a7b
2026-10-08;roche_de_glun;AROMEHD;2026-10-08T05:00;6.1;12.4;153.0;16.3;0.4;;100.0;100.0;100.0;100.0;45.03;4.84;116.0;2026-10-07T13:15:00+02:00;2026-10-07T13:55:30+02:00;131d53e57a7b
2026-10-08;roche_de_glun;AROMEHD;2026-10-08T06:00;5.7;12.4;158.0;15.8;1.9;;20.0;100.0;100.0;100.0;45.03;4.84;116.0;2026-10-07T13:15:00+02:00;2026-10-07T13:55:30+02:00;131d53e57a7b
2026-10-08;roche_de_glun;AROMEHD;2026-10-08T07:00;5.0;12.1;159.0;15.6;3.0;;100.0;100.0;100.0;100.0;45.03;4.84;116.0;2026-10-07T13:15:00+02:00;2026-10-07T13:55:30+02:00;131d53e57a7b
2026-10-08;roche_de_glun;AROMEHD;2026-10-08T08:00;1.0;9.9;68.0;15.5;4.0;;31.0;100.0;100.0;100.0;45.03;4.84;116.0;2026-10-07T13:15:00+02:00;2026-10-07T13:55:30+02:00;131d53e57a7b
2026-10-08;roche_de_glun;AROMEHD;2026-10-08T09:00;3.9;8.0;357.0;15.9;1.4;;79.0;100.0;100.0;100.0;45.03;4.84;116.0;2026-10-07T13:15:00+02:00;2026-10-07T13:55:30+02:00;131d53e57a7b
2026-10-08;roche_de_glun;AROMEHD;2026-10-08T10:00;5.5;12.4;350.0;15.2;0.4;;90.0;100.0;100.0;100.0;45.03;4.84;116.0;2026-10-07T13:15:00+02:00;2026-10-07T13:55:30+02:00;131d53e57a7b
2026-10-08;roche_de_glun;AROMEHD;2026-10-08T11:00;6.1;12.6;351.0;15.2;0.1;;92.0;100.0;0.0;100.0;45.03;4.84;116.0;2026-10-07T13:15:00+02:00;2026-10-07T13:55:30+02:00;131d53e57a7b
2026-10-08;roche_de_glun;AROMEHD;2026-10-08T12:00;8.7;19.0;339.0;15.3;0.0;;100.0;100.0;0.0;100.0;45.03;4.84;116.0;2026-10-07T13:15:00+02:00;2026-10-07T13:55:30+02:00;131d53e57a7b
2026-10-08;roche_de_glun;AROMEHD;2026-10-08T13:00;10.4;22.4;337.0;15.2;0.1;;28.0;100.0;0.0;100.0;45.03;4.84;116.0;2026-10-07T13:15:00+02:00;2026-10-07T13:55:30+02:00;131d53e57a7b
2026-10-08;roche_de_glun;AROMEHD;2026-10-08T14:00;9.0;22.4;342.0;14.7;0.2;;83.0;100.0;0.0;100.0;45.03;4.84;116.0;2026-10-07T13:15:00+02:00;2026-10-07T13:55:30+02:00;131d53e57a7b
2026-10-08;roche_de_glun;AROMEHD;2026-10-08T15:00;8.4;19.4;345.0;14.8;0.2;;23.0;100.0;0.0;100.0;45.03;4.84;116.0;2026-10-07T13:15:00+02:00;2026-10-07T13:55:30+02:00;131d53e57a7b
2026-10-08;roche_de_glun;AROMEHD;2026-10-08T16:00;8.4;19.4;352.0;14.5;0.0;;100.0;100.0;0.0;100.0;45.03;4.84;116.0;2026-10-07T13:15:00+02:00;2026-10-07T13:55:30+02:00;131d53e57a7b
2026-10-08;roche_de_glun;AROMEHD;2026-10-08T17:00;11.2;23.7;353.0;13.9;0.0;;17.0;100.0;0.0;100.0;45.03;4.84;116.0;2026-10-07T13:15:00+02:00;2026-10-07T13:55:30+02:00;131d53e57a7b
2026-10-08;roche_de_glun;AROMEHD;2026-10-08T18:00;11.2;24.5;347.0;13.8;0.0;;0.0;4.0;0.0;4.0;45.03;4.84;116.0;2026-10-07T13:15:00+02:00;2026-10-07T13:55:30+02:00;131d53e57a7b
2026-10-08;roche_de_glun;AROMEHD;2026-10-08T19:00;9.0;24.3;346.0;13.1;0.0;;0.0;0.0;0.0;0.0;45.03;4.84;116.0;2026-10-07T13:15:00+02:00;2026-10-07T13:55:30+02:00;131d53e57a7b
2026-10-08;roche_de_glun;AROMEHD;2026-10-08T20:00;9.5;22.0;343.0;12.6;0.0;;0.0;0.0;0.0;0.0;45.03;4.84;116.0;2026-10-07T13:15:00+02:00;2026-10-07T13:55:30+02:00;131d53e57a7b
2026-10-08;roche_de_glun;AROMEHD;2026-10-08T21:00;10.8;23.5;340.0;12.5;0.0;;0.0;0.0;0.0;0.0;45.03;4.84;116.0;2026-10-07T13:15:00+02:00;2026-10-07T13:55:30+02:00;131d53e57a7b
2026-10-08;roche_de_glun;AROMEHD;2026-10-08T22:00;13.7;29.5;336.0;12.4;0.0;;0.0;0.0;0.0;0.0;45.03;4.84;116.0;2026-10-07T13:15:00+02:00;2026-10-07T13:55:30+02:00;131d53e57a7b
2026-10-08;roche_de_glun;AROMEHD;2026-10-08T23:00;11.9;29.5;336.0;12.1;0.0;;0.0;0.0;0.0;0.0;45.03;4.84;116.0;2026-10-07T13:15:00+02:00;2026-10-07T13:55:30+02:00;131d53e57a7b
2026-10-08;roche_de_glun;AROMEHD;2026-10-09T00:00;13.2;28.0;340.0;12.0;0.0;;0.0;0.0;0.0;0.0;45.03;4.84;116.0;2026-10-07T13:15:00+02:00;2026-10-07T13:55:30+02:00;131d53e57a7b
2026-10-08;roche_de_glun;ICONCH1;2026-10-08T01:00;5.3;11.1;161.0;17.6;0.3;100.0;90.0;100.0;100.0;100.0;45.020344;4.8496704;118.0;2026-10-07T13:15:00+02:00;2026-10-07T13:55:30+02:00;131d53e57a7b
2026-10-08;roche_de_glun;ICONCH1;2026-10-08T02:00;5.4;10.7;145.0;17.6;0.0;99.0;60.0;97.0;0.0;99.0;45.020344;4.8496704;118.0;2026-10-07T13:15:00+02:00;2026-10-07T13:55:30+02:00;131d53e57a7b
2026-10-08;roche_de_glun;ICONCH1;2026-10-08T03:00;4.2;8.6;146.0;17.4;0.1;99.0;64.0;97.0;16.0;99.0;45.020344;4.8496704;118.0;2026-10-07T13:15:00+02:00;2026-10-07T13:55:30+02:00;131d53e57a7b
2026-10-08;roche_de_glun;ICONCH1;2026-10-08T04:00;5.2;9.1;153.0;17.2;0.3;100.0;65.0;98.0;100.0;100.0;45.020344;4.8496704;118.0;2026-10-07T13:15:00+02:00;2026-10-07T13:55:30+02:00;131d53e57a7b
2026-10-08;roche_de_glun;ICONCH1;2026-10-08T05:00;5.8;9.1;159.0;17.1;0.4;100.0;83.0;100.0;100.0;100.0;45.020344;4.8496704;118.0;2026-10-07T13:15:00+02:00;2026-10-07T13:55:30+02:00;131d53e57a7b
2026-10-08;roche_de_glun;ICONCH1;2026-10-08T06:00;4.2;8.9;158.0;17.1;1.4;100.0;74.0;100.0;100.0;100.0;45.020344;4.8496704;118.0;2026-10-07T13:15:00+02:00;2026-10-07T13:55:30+02:00;131d53e57a7b
2026-10-08;roche_de_glun;ICONCH1;2026-10-08T07:00;1.7;6.6;159.0;17.0;2.0;100.0;60.0;100.0;100.0;100.0;45.020344;4.8496704;118.0;2026-10-07T13:15:00+02:00;2026-10-07T13:55:30+02:00;131d53e57a7b
2026-10-08;roche_de_glun;ICONCH1;2026-10-08T08:00;8.9;14.2;344.0;16.8;3.1;100.0;69.0;100.0;88.0;100.0;45.020344;4.8496704;118.0;2026-10-07T13:15:00+02:00;2026-10-07T13:55:30+02:00;131d53e57a7b
2026-10-08;roche_de_glun;ICONCH1;2026-10-08T09:00;8.2;17.5;356.0;15.6;0.9;100.0;44.0;100.0;100.0;100.0;45.020344;4.8496704;118.0;2026-10-07T13:15:00+02:00;2026-10-07T13:55:30+02:00;131d53e57a7b
2026-10-08;roche_de_glun;ICONCH1;2026-10-08T10:00;6.3;12.8;349.0;15.3;0.8;100.0;66.0;100.0;100.0;100.0;45.020344;4.8496704;118.0;2026-10-07T13:15:00+02:00;2026-10-07T13:55:30+02:00;131d53e57a7b
2026-10-08;roche_de_glun;ICONCH1;2026-10-08T11:00;10.5;16.7;355.0;15.0;0.9;100.0;93.0;100.0;100.0;100.0;45.020344;4.8496704;118.0;2026-10-07T13:15:00+02:00;2026-10-07T13:55:30+02:00;131d53e57a7b
2026-10-08;roche_de_glun;ICONCH1;2026-10-08T12:00;9.5;16.9;356.0;14.9;0.1;100.0;93.0;100.0;0.0;100.0;45.020344;4.8496704;118.0;2026-10-07T13:15:00+02:00;2026-10-07T13:55:30+02:00;131d53e57a7b
2026-10-08;roche_de_glun;ICONCH1;2026-10-08T13:00;13.2;21.0;360.0;14.9;0.0;95.0;93.0;90.0;0.0;95.0;45.020344;4.8496704;118.0;2026-10-07T13:15:00+02:00;2026-10-07T13:55:30+02:00;131d53e57a7b
2026-10-08;roche_de_glun;ICONCH1;2026-10-08T14:00;12.8;21.8;360.0;14.6;0.0;100.0;100.0;100.0;0.0;100.0;45.020344;4.8496704;118.0;2026-10-07T13:15:00+02:00;2026-10-07T13:55:30+02:00;131d53e57a7b
2026-10-08;roche_de_glun;ICONCH1;2026-10-08T15:00;12.4;21.4;360.0;14.0;0.0;100.0;86.0;100.0;0.0;100.0;45.020344;4.8496704;118.0;2026-10-07T13:15:00+02:00;2026-10-07T13:55:30+02:00;131d53e57a7b
2026-10-08;roche_de_glun;ICONCH1;2026-10-08T16:00;14.5;23.3;353.0;13.6;0.0;96.0;63.0;92.0;0.0;96.0;45.020344;4.8496704;118.0;2026-10-07T13:15:00+02:00;2026-10-07T13:55:30+02:00;131d53e57a7b
2026-10-08;roche_de_glun;ICONCH1;2026-10-08T17:00;13.1;22.9;354.0;13.5;0.3;96.0;53.0;91.0;0.0;96.0;45.020344;4.8496704;118.0;2026-10-07T13:15:00+02:00;2026-10-07T13:55:30+02:00;131d53e57a7b
2026-10-08;roche_de_glun;ICONCH1;2026-10-08T18:00;11.5;20.8;349.0;13.6;0.4;100.0;60.0;100.0;0.0;100.0;45.020344;4.8496704;118.0;2026-10-07T13:15:00+02:00;2026-10-07T13:55:30+02:00;131d53e57a7b
2026-10-08;roche_de_glun;ICONCH1;2026-10-08T19:00;8.9;18.9;345.0;13.2;0.0;100.0;38.0;100.0;0.0;100.0;45.020344;4.8496704;118.0;2026-10-07T13:15:00+02:00;2026-10-07T13:55:30+02:00;131d53e57a7b
2026-10-08;roche_de_glun;ICONCH1;2026-10-08T20:00;10.3;16.1;338.0;12.5;0.0;81.0;12.0;73.0;0.0;81.0;45.020344;4.8496704;118.0;2026-10-07T13:15:00+02:00;2026-10-07T13:55:30+02:00;131d53e57a7b
2026-10-08;st_alban_du_rhone;AROMEHD;2026-10-08T01:00;5.8;15.4;160.0;17.0;0.0;;42.0;100.0;100.0;100.0;45.39;4.76;140.0;2026-10-07T13:15:00+02:00;2026-10-07T13:55:30+02:00;131d53e57a7b
2026-10-08;st_alban_du_rhone;AROMEHD;2026-10-08T02:00;6.3;9.9;158.0;16.6;0.0;;51.0;100.0;100.0;100.0;45.39;4.76;140.0;2026-10-07T13:15:00+02:00;2026-10-07T13:55:30+02:00;131d53e57a7b
2026-10-08;st_alban_du_rhone;AROMEHD;2026-10-08T03:00;6.9;11.7;162.0;16.4;0.0;;75.0;100.0;100.0;100.0;45.39;4.76;140.0;2026-10-07T13:15:00+02:00;2026-10-07T13:55:30+02:00;131d53e57a7b
2026-10-08;st_alban_du_rhone;AROMEHD;2026-10-08T04:00;5.8;11.1;159.0;16.2;0.0;;27.0;100.0;100.0;100.0;45.39;4.76;140.0;2026-10-07T13:15:00+02:00;2026-10-07T13:55:30+02:00;131d53e57a7b
2026-10-08;st_alban_du_rhone;AROMEHD;2026-10-08T05:00;6.7;10.9;158.0;16.1;1.3;;95.0;100.0;100.0;100.0;45.39;4.76;140.0;2026-10-07T13:15:00+02:00;2026-10-07T13:55:30+02:00;131d53e57a7b
2026-10-08;st_alban_du_rhone;AROMEHD;2026-10-08T06:00;3.8;11.1;168.0;16.1;4.4;;99.0;100.0;100.0;100.0;45.39;4.76;140.0;2026-10-07T13:15:00+02:00;2026-10-07T13:55:30+02:00;131d53e57a7b
2026-10-08;st_alban_du_rhone;AROMEHD;2026-10-08T07:00;1.8;6.0;342.0;15.9;3.1;;100.0;100.0;100.0;100.0;45.39;4.76;140.0;2026-10-07T13:15:00+02:00;2026-10-07T13:55:30+02:00;131d53e57a7b
2026-10-08;st_alban_du_rhone;AROMEHD;2026-10-08T08:00;6.6;11.9;355.0;15.9;1.3;;44.0;100.0;100.0;100.0;45.39;4.76;140.0;2026-10-07T13:15:00+02:00;2026-10-07T13:55:30+02:00;131d53e57a7b
2026-10-08;st_alban_du_rhone;AROMEHD;2026-10-08T09:00;12.0;22.2;324.0;15.2;0.4;;94.0;100.0;100.0;100.0;45.39;4.76;140.0;2026-10-07T13:15:00+02:00;2026-10-07T13:55:30+02:00;131d53e57a7b
2026-10-08;st_alban_du_rhone;AROMEHD;2026-10-08T10:00;12.7;24.1;329.0;14.7;0.1;;100.0;100.0;100.0;100.0;45.39;4.76;140.0;2026-10-07T13:15:00+02:00;2026-10-07T13:55:30+02:00;131d53e57a7b
2026-10-08;st_alban_du_rhone;AROMEHD;2026-10-08T11:00;9.2;23.7;330.0;14.6;0.3;;100.0;100.0;0.0;100.0;45.39;4.76;140.0;2026-10-07T13:15:00+02:00;2026-10-07T13:55:30+02:00;131d53e57a7b
2026-10-08;st_alban_du_rhone;AROMEHD;2026-10-08T12:00;12.9;24.9;329.0;13.8;0.1;;100.0;100.0;0.0;100.0;45.39;4.76;140.0;2026-10-07T13:15:00+02:00;2026-10-07T13:55:30+02:00;131d53e57a7b
2026-10-08;st_alban_du_rhone;AROMEHD;2026-10-08T13:00;13.2;24.3;329.0;13.4;0.1;;100.0;100.0;0.0;100.0;45.39;4.76;140.0;2026-10-07T13:15:00+02:00;2026-10-07T13:55:30+02:00;131d53e57a7b
2026-10-08;st_alban_du_rhone;AROMEHD;2026-10-08T14:00;13.8;25.3;321.0;13.1;0.1;;88.0;100.0;0.0;100.0;45.39;4.76;140.0;2026-10-07T13:15:00+02:00;2026-10-07T13:55:30+02:00;131d53e57a7b
2026-10-08;st_alban_du_rhone;AROMEHD;2026-10-08T15:00;13.5;25.9;325.0;13.4;0.0;;100.0;100.0;0.0;100.0;45.39;4.76;140.0;2026-10-07T13:15:00+02:00;2026-10-07T13:55:30+02:00;131d53e57a7b
2026-10-08;st_alban_du_rhone;AROMEHD;2026-10-08T16:00;11.6;24.9;337.0;13.3;0.1;;100.0;100.0;0.0;100.0;45.39;4.76;140.0;2026-10-07T13:15:00+02:00;2026-10-07T13:55:30+02:00;131d53e57a7b
2026-10-08;st_alban_du_rhone;AROMEHD;2026-10-08T17:00;12.1;21.8;332.0;13.7;0.0;;43.0;100.0;0.0;100.0;45.39;4.76;140.0;2026-10-07T13:15:00+02:00;2026-10-07T13:55:30+02:00;131d53e57a7b
2026-10-08;st_alban_du_rhone;AROMEHD;2026-10-08T18:00;10.8;22.2;337.0;13.7;0.1;;0.0;0.0;0.0;0.0;45.39;4.76;140.0;2026-10-07T13:15:00+02:00;2026-10-07T13:55:30+02:00;131d53e57a7b
2026-10-08;st_alban_du_rhone;AROMEHD;2026-10-08T19:00;10.3;22.5;344.0;13.1;0.0;;0.0;0.0;0.0;0.0;45.39;4.76;140.0;2026-10-07T13:15:00+02:00;2026-10-07T13:55:30+02:00;131d53e57a7b
2026-10-08;st_alban_du_rhone;AROMEHD;2026-10-08T20:00;10.8;18.3;337.0;12.5;0.0;;0.0;0.0;0.0;0.0;45.39;4.76;140.0;2026-10-07T13:15:00+02:00;2026-10-07T13:55:30+02:00;131d53e57a7b
2026-10-08;st_alban_du_rhone;AROMEHD;2026-10-08T21:00;12.2;21.6;326.0;12.1;0.0;;0.0;0.0;0.0;0.0;45.39;4.76;140.0;2026-10-07T13:15:00+02:00;2026-10-07T13:55:30+02:00;131d53e57a7b
2026-10-08;st_alban_du_rhone;AROMEHD;2026-10-08T22:00;12.7;23.9;328.0;12.1;0.0;;0.0;0.0;0.0;0.0;45.39;4.76;140.0;2026-10-07T13:15:00+02:00;2026-10-07T13:55:30+02:00;131d53e57a7b
2026-10-08;st_alban_du_rhone;AROMEHD;2026-10-08T23:00;12.4;23.7;330.0;11.6;0.0;;0.0;0.0;0.0;0.0;45.39;4.76;140.0;2026-10-07T13:15:00+02:00;2026-10-07T13:55:30+02:00;131d53e57a7b
2026-10-08;st_alban_du_rhone;AROMEHD;2026-10-09T00:00;11.9;22.4;332.0;11.6;0.0;;0.0;0.0;0.0;0.0;45.39;4.76;140.0;2026-10-07T13:15:00+02:00;2026-10-07T13:55:30+02:00;131d53e57a7b
2026-10-08;st_alban_du_rhone;ICONCH1;2026-10-08T01:00;5.0;10.9;152.0;17.0;0.0;100.0;44.0;88.0;100.0;100.0;45.386887;4.758301;141.0;2026-10-07T13:15:00+02:00;2026-10-07T13:55:30+02:00;131d53e57a7b
2026-10-08;st_alban_du_rhone;ICONCH1;2026-10-08T02:00;1.6;8.6;194.0;16.9;0.0;100.0;77.0;100.0;0.0;100.0;45.386887;4.758301;141.0;2026-10-07T13:15:00+02:00;2026-10-07T13:55:30+02:00;131d53e57a7b
2026-10-08;st_alban_du_rhone;ICONCH1;2026-10-08T03:00;2.6;4.3;306.0;16.6;0.1;100.0;59.0;100.0;100.0;100.0;45.386887;4.758301;141.0;2026-10-07T13:15:00+02:00;2026-10-07T13:55:30+02:00;131d53e57a7b
2026-10-08;st_alban_du_rhone;ICONCH1;2026-10-08T04:00;1.1;4.5;315.0;16.4;1.9;100.0;74.0;100.0;100.0;100.0;45.386887;4.758301;141.0;2026-10-07T13:15:00+02:00;2026-10-07T13:55:30+02:00;131d53e57a7b
2026-10-08;st_alban_du_rhone;ICONCH1;2026-10-08T05:00;1.0;2.5;307.0;16.4;1.5;100.0;84.0;99.0;100.0;100.0;45.386887;4.758301;141.0;2026-10-07T13:15:00+02:00;2026-10-07T13:55:30+02:00;131d53e57a7b
2026-10-08;st_alban_du_rhone;ICONCH1;2026-10-08T06:00;1.7;2.5;324.0;16.4;3.3;100.0;57.0;100.0;100.0;100.0;45.386887;4.758301;141.0;2026-10-07T13:15:00+02:00;2026-10-07T13:55:30+02:00;131d53e57a7b
2026-10-08;st_alban_du_rhone;ICONCH1;2026-10-08T07:00;6.5;11.3;344.0;16.6;3.9;100.0;68.0;100.0;100.0;100.0;45.386887;4.758301;141.0;2026-10-07T13:15:00+02:00;2026-10-07T13:55:30+02:00;131d53e57a7b
2026-10-08;st_alban_du_rhone;ICONCH1;2026-10-08T08:00;18.0;29.2;317.0;15.9;1.5;100.0;0.0;100.0;100.0;100.0;45.386887;4.758301;141.0;2026-10-07T13:15:00+02:00;2026-10-07T13:55:30+02:00;131d53e57a7b
2026-10-08;st_alban_du_rhone;ICONCH1;2026-10-08T09:00;15.2;33.2;329.0;15.4;0.2;100.0;70.0;100.0;100.0;100.0;45.386887;4.758301;141.0;2026-10-07T13:15:00+02:00;2026-10-07T13:55:30+02:00;131d53e57a7b
2026-10-08;st_alban_du_rhone;ICONCH1;2026-10-08T10:00;13.0;24.7;335.0;15.2;0.1;100.0;100.0;100.0;100.0;100.0;45.386887;4.758301;141.0;2026-10-07T13:15:00+02:00;2026-10-07T13:55:30+02:00;131d53e57a7b
2026-10-08;st_alban_du_rhone;ICONCH1;2026-10-08T11:00;14.9;24.1;324.0;14.8;0.0;100.0;87.0;100.0;100.0;100.0;45.386887;4.758301;141.0;2026-10-07T13:15:00+02:00;2026-10-07T13:55:30+02:00;131d53e57a7b
2026-10-08;st_alban_du_rhone;ICONCH1;2026-10-08T12:00;13.2;23.9;329.0;15.0;0.0;100.0;100.0;73.0;0.0;100.0;45.386887;4.758301;141.0;2026-10-07T13:15:00+02:00;2026-10-07T13:55:30+02:00;131d53e57a7b
2026-10-08;st_alban_du_rhone;ICONCH1;2026-10-08T13:00;15.3;25.3;330.0;14.8;0.0;97.0;72.0;93.0;0.0;97.0;45.386887;4.758301;141.0;2026-10-07T13:15:00+02:00;2026-10-07T13:55:30+02:00;131d53e57a7b
2026-10-08;st_alban_du_rhone;ICONCH1;2026-10-08T14:00;15.0;27.2;333.0;14.1;0.0;98.0;71.0;94.0;0.0;98.0;45.386887;4.758301;141.0;2026-10-07T13:15:00+02:00;2026-10-07T13:55:30+02:00;131d53e57a7b
2026-10-08;st_alban_du_rhone;ICONCH1;2026-10-08T15:00;15.8;25.3;335.0;13.8;0.0;100.0;81.0;100.0;0.0;100.0;45.386887;4.758301;141.0;2026-10-07T13:15:00+02:00;2026-10-07T13:55:30+02:00;131d53e57a7b
2026-10-08;st_alban_du_rhone;ICONCH1;2026-10-08T16:00;14.8;25.9;337.0;13.8;0.1;100.0;69.0;100.0;0.0;100.0;45.386887;4.758301;141.0;2026-10-07T13:15:00+02:00;2026-10-07T13:55:30+02:00;131d53e57a7b
2026-10-08;st_alban_du_rhone;ICONCH1;2026-10-08T17:00;15.1;24.1;330.0;14.1;0.2;88.0;42.0;79.0;0.0;88.0;45.386887;4.758301;141.0;2026-10-07T13:15:00+02:00;2026-10-07T13:55:30+02:00;131d53e57a7b
2026-10-08;st_alban_du_rhone;ICONCH1;2026-10-08T18:00;12.6;24.7;338.0;14.1;0.4;79.0;46.0;65.0;0.0;79.0;45.386887;4.758301;141.0;2026-10-07T13:15:00+02:00;2026-10-07T13:55:30+02:00;131d53e57a7b
2026-10-08;st_alban_du_rhone;ICONCH1;2026-10-08T19:00;12.3;20.0;327.0;13.1;0.0;40.0;0.0;40.0;0.0;40.0;45.386887;4.758301;141.0;2026-10-07T13:15:00+02:00;2026-10-07T13:55:30+02:00;131d53e57a7b
2026-10-08;st_alban_du_rhone;ICONCH1;2026-10-08T20:00;13.7;21.8;320.0;12.5;0.0;13.0;0.0;13.0;0.0;13.0;45.386887;4.758301;141.0;2026-10-07T13:15:00+02:00;2026-10-07T13:55:30+02:00;131d53e57a7b
2026-10-08;st_cyr_sur_le_rhone;AROMEHD;2026-10-08T01:00;8.7;19.6;197.0;16.9;0.0;;92.0;100.0;100.0;100.0;45.510002;4.8500004;190.0;2026-10-07T13:15:00+02:00;2026-10-07T13:55:30+02:00;131d53e57a7b
2026-10-08;st_cyr_sur_le_rhone;AROMEHD;2026-10-08T02:00;6.5;19.6;207.0;16.4;0.1;;1.0;100.0;100.0;100.0;45.510002;4.8500004;190.0;2026-10-07T13:15:00+02:00;2026-10-07T13:55:30+02:00;131d53e57a7b
2026-10-08;st_cyr_sur_le_rhone;AROMEHD;2026-10-08T03:00;7.1;16.5;206.0;16.1;0.0;;34.0;100.0;100.0;100.0;45.510002;4.8500004;190.0;2026-10-07T13:15:00+02:00;2026-10-07T13:55:30+02:00;131d53e57a7b
2026-10-08;st_cyr_sur_le_rhone;AROMEHD;2026-10-08T04:00;6.4;15.9;211.0;15.9;0.0;;45.0;100.0;100.0;100.0;45.510002;4.8500004;190.0;2026-10-07T13:15:00+02:00;2026-10-07T13:55:30+02:00;131d53e57a7b
2026-10-08;st_cyr_sur_le_rhone;AROMEHD;2026-10-08T05:00;6.3;14.8;216.0;15.8;0.8;;99.0;100.0;100.0;100.0;45.510002;4.8500004;190.0;2026-10-07T13:15:00+02:00;2026-10-07T13:55:30+02:00;131d53e57a7b
2026-10-08;st_cyr_sur_le_rhone;AROMEHD;2026-10-08T06:00;5.9;14.0;214.0;15.8;3.5;;98.0;100.0;100.0;100.0;45.510002;4.8500004;190.0;2026-10-07T13:15:00+02:00;2026-10-07T13:55:30+02:00;131d53e57a7b
2026-10-08;st_cyr_sur_le_rhone;AROMEHD;2026-10-08T07:00;2.2;14.0;225.0;15.9;3.2;;99.0;100.0;100.0;100.0;45.510002;4.8500004;190.0;2026-10-07T13:15:00+02:00;2026-10-07T13:55:30+02:00;131d53e57a7b
2026-10-08;st_cyr_sur_le_rhone;AROMEHD;2026-10-08T08:00;2.6;9.1;343.0;15.1;1.4;;56.0;100.0;100.0;100.0;45.510002;4.8500004;190.0;2026-10-07T13:15:00+02:00;2026-10-07T13:55:30+02:00;131d53e57a7b
2026-10-08;st_cyr_sur_le_rhone;AROMEHD;2026-10-08T09:00;5.9;16.5;328.0;14.3;1.9;;100.0;100.0;100.0;100.0;45.510002;4.8500004;190.0;2026-10-07T13:15:00+02:00;2026-10-07T13:55:30+02:00;131d53e57a7b
2026-10-08;st_cyr_sur_le_rhone;AROMEHD;2026-10-08T10:00;5.1;15.2;317.0;14.0;1.2;;100.0;100.0;100.0;100.0;45.510002;4.8500004;190.0;2026-10-07T13:15:00+02:00;2026-10-07T13:55:30+02:00;131d53e57a7b
2026-10-08;st_cyr_sur_le_rhone;AROMEHD;2026-10-08T11:00;3.5;13.4;351.0;13.4;2.5;;100.0;100.0;0.0;100.0;45.510002;4.8500004;190.0;2026-10-07T13:15:00+02:00;2026-10-07T13:55:30+02:00;131d53e57a7b
2026-10-08;st_cyr_sur_le_rhone;AROMEHD;2026-10-08T12:00;6.1;15.6;329.0;13.1;1.6;;100.0;100.0;0.0;100.0;45.510002;4.8500004;190.0;2026-10-07T13:15:00+02:00;2026-10-07T13:55:30+02:00;131d53e57a7b
2026-10-08;st_cyr_sur_le_rhone;AROMEHD;2026-10-08T13:00;6.3;16.5;333.0;12.5;1.7;;100.0;100.0;0.0;100.0;45.510002;4.8500004;190.0;2026-10-07T13:15:00+02:00;2026-10-07T13:55:30+02:00;131d53e57a7b
2026-10-08;st_cyr_sur_le_rhone;AROMEHD;2026-10-08T14:00;6.2;16.1;332.0;12.4;1.3;;100.0;100.0;0.0;100.0;45.510002;4.8500004;190.0;2026-10-07T13:15:00+02:00;2026-10-07T13:55:30+02:00;131d53e57a7b
2026-10-08;st_cyr_sur_le_rhone;AROMEHD;2026-10-08T15:00;6.1;17.1;338.0;12.4;0.5;;100.0;100.0;0.0;100.0;45.510002;4.8500004;190.0;2026-10-07T13:15:00+02:00;2026-10-07T13:55:30+02:00;131d53e57a7b
2026-10-08;st_cyr_sur_le_rhone;AROMEHD;2026-10-08T16:00;7.8;19.4;346.0;12.6;0.5;;82.0;100.0;0.0;100.0;45.510002;4.8500004;190.0;2026-10-07T13:15:00+02:00;2026-10-07T13:55:30+02:00;131d53e57a7b
2026-10-08;st_cyr_sur_le_rhone;AROMEHD;2026-10-08T17:00;7.9;20.4;340.0;13.1;0.0;;1.0;100.0;0.0;100.0;45.510002;4.8500004;190.0;2026-10-07T13:15:00+02:00;2026-10-07T13:55:30+02:00;131d53e57a7b
2026-10-08;st_cyr_sur_le_rhone;AROMEHD;2026-10-08T18:00;6.9;20.4;352.0;13.1;0.0;;11.0;0.0;0.0;11.0;45.510002;4.8500004;190.0;2026-10-07T13:15:00+02:00;2026-10-07T13:55:30+02:00;131d53e57a7b
2026-10-08;st_cyr_sur_le_rhone;AROMEHD;2026-10-08T19:00;6.1;16.9;7.0;12.6;0.0;;0.0;34.0;0.0;34.0;45.510002;4.8500004;190.0;2026-10-07T13:15:00+02:00;2026-10-07T13:55:30+02:00;131d53e57a7b
2026-10-08;st_cyr_sur_le_rhone;AROMEHD;2026-10-08T20:00;5.5;14.4;356.0;11.9;0.0;;21.0;99.0;0.0;99.0;45.510002;4.8500004;190.0;2026-10-07T13:15:00+02:00;2026-10-07T13:55:30+02:00;131d53e57a7b
2026-10-08;st_cyr_sur_le_rhone;AROMEHD;2026-10-08T21:00;5.4;13.8;345.0;11.3;0.0;;0.0;0.0;0.0;0.0;45.510002;4.8500004;190.0;2026-10-07T13:15:00+02:00;2026-10-07T13:55:30+02:00;131d53e57a7b
2026-10-08;st_cyr_sur_le_rhone;AROMEHD;2026-10-08T22:00;7.5;18.3;351.0;11.1;0.0;;0.0;0.0;0.0;0.0;45.510002;4.8500004;190.0;2026-10-07T13:15:00+02:00;2026-10-07T13:55:30+02:00;131d53e57a7b
2026-10-08;st_cyr_sur_le_rhone;AROMEHD;2026-10-08T23:00;6.4;18.7;346.0;10.7;0.0;;5.0;24.0;0.0;24.0;45.510002;4.8500004;190.0;2026-10-07T13:15:00+02:00;2026-10-07T13:55:30+02:00;131d53e57a7b
2026-10-08;st_cyr_sur_le_rhone;AROMEHD;2026-10-09T00:00;6.9;16.7;350.0;10.4;0.0;;0.0;0.0;0.0;0.0;45.510002;4.8500004;190.0;2026-10-07T13:15:00+02:00;2026-10-07T13:55:30+02:00;131d53e57a7b
2026-10-08;st_cyr_sur_le_rhone;ICONCH1;2026-10-08T01:00;7.7;13.8;216.0;16.7;0.0;100.0;42.0;93.0;100.0;100.0;45.511913;4.860718;186.0;2026-10-07T13:15:00+02:00;2026-10-07T13:55:30+02:00;131d53e57a7b
2026-10-08;st_cyr_sur_le_rhone;ICONCH1;2026-10-08T02:00;7.3;12.6;224.0;16.6;0.0;100.0;76.0;100.0;97.0;100.0;45.511913;4.860718;186.0;2026-10-07T13:15:00+02:00;2026-10-07T13:55:30+02:00;131d53e57a7b
2026-10-08;st_cyr_sur_le_rhone;ICONCH1;2026-10-08T03:00;6.1;11.5;228.0;16.7;0.1;100.0;66.0;100.0;100.0;100.0;45.511913;4.860718;186.0;2026-10-07T13:15:00+02:00;2026-10-07T13:55:30+02:00;131d53e57a7b
2026-10-08;st_cyr_sur_le_rhone;ICONCH1;2026-10-08T04:00;5.7;9.9;202.0;16.7;0.8;100.0;57.0;100.0;100.0;100.0;45.511913;4.860718;186.0;2026-10-07T13:15:00+02:00;2026-10-07T13:55:30+02:00;131d53e57a7b
2026-10-08;st_cyr_sur_le_rhone;ICONCH1;2026-10-08T05:00;5.1;10.3;209.0;16.6;1.6;100.0;82.0;100.0;100.0;100.0;45.511913;4.860718;186.0;2026-10-07T13:15:00+02:00;2026-10-07T13:55:30+02:00;131d53e57a7b
2026-10-08;st_cyr_sur_le_rhone;ICONCH1;2026-10-08T06:00;5.6;9.5;216.0;16.4;1.5;100.0;87.0;100.0;100.0;100.0;45.511913;4.860718;186.0;2026-10-07T13:15:00+02:00;2026-10-07T13:55:30+02:00;131d53e57a7b
2026-10-08;st_cyr_sur_le_rhone;ICONCH1;2026-10-08T07:00;6.1;12.6;342.0;15.9;7.8;100.0;53.0;100.0;100.0;100.0;45.511913;4.860718;186.0;2026-10-07T13:15:00+02:00;2026-10-07T13:55:30+02:00;131d53e57a7b
2026-10-08;st_cyr_sur_le_rhone;ICONCH1;2026-10-08T08:00;6.9;11.1;320.0;15.0;2.1;100.0;44.0;100.0;100.0;100.0;45.511913;4.860718;186.0;2026-10-07T13:15:00+02:00;2026-10-07T13:55:30+02:00;131d53e57a7b
2026-10-08;st_cyr_sur_le_rhone;ICONCH1;2026-10-08T09:00;9.1;14.8;333.0;14.6;1.9;100.0;76.0;100.0;100.0;100.0;45.511913;4.860718;186.0;2026-10-07T13:15:00+02:00;2026-10-07T13:55:30+02:00;131d53e57a7b
2026-10-08;st_cyr_sur_le_rhone;ICONCH1;2026-10-08T10:00;9.7;20.2;332.0;14.3;1.5;100.0;100.0;100.0;100.0;100.0;45.511913;4.860718;186.0;2026-10-07T13:15:00+02:00;2026-10-07T13:55:30+02:00;131d53e57a7b
2026-10-08;st_cyr_sur_le_rhone;ICONCH1;2026-10-08T11:00;9.2;18.7;316.0;14.1;0.4;100.0;100.0;100.0;100.0;100.0;45.511913;4.860718;186.0;2026-10-07T13:15:00+02:00;2026-10-07T13:55:30+02:00;131d53e57a7b
2026-10-08;st_cyr_sur_le_rhone;ICONCH1;2026-10-08T12:00;10.1;18.5;311.0;13.6;0.3;100.0;100.0;94.0;13.0;100.0;45.511913;4.860718;186.0;2026-10-07T13:15:00+02:00;2026-10-07T13:55:30+02:00;131d53e57a7b
2026-10-08;st_cyr_sur_le_rhone;ICONCH1;2026-10-08T13:00;9.4;17.5;320.0;13.0;0.4;100.0;100.0;100.0;0.0;100.0;45.511913;4.860718;186.0;2026-10-07T13:15:00+02:00;2026-10-07T13:55:30+02:00;131d53e57a7b
2026-10-08;st_cyr_sur_le_rhone;ICONCH1;2026-10-08T14:00;9.9;15.9;325.0;12.7;0.6;100.0;100.0;100.0;0.0;100.0;45.511913;4.860718;186.0;2026-10-07T13:15:00+02:00;2026-10-07T13:55:30+02:00;131d53e57a7b
2026-10-08;st_cyr_sur_le_rhone;ICONCH1;2026-10-08T15:00;10.5;16.9;341.0;12.4;1.2;100.0;83.0;100.0;0.0;100.0;45.511913;4.860718;186.0;2026-10-07T13:15:00+02:00;2026-10-07T13:55:30+02:00;131d53e57a7b
2026-10-08;st_cyr_sur_le_rhone;ICONCH1;2026-10-08T16:00;9.5;17.3;348.0;12.5;2.2;100.0;75.0;100.0;0.0;100.0;45.511913;4.860718;186.0;2026-10-07T13:15:00+02:00;2026-10-07T13:55:30+02:00;131d53e57a7b
2026-10-08;st_cyr_sur_le_rhone;ICONCH1;2026-10-08T17:00;8.7;15.6;348.0;12.9;1.0;96.0;93.0;89.0;0.0;96.0;45.511913;4.860718;186.0;2026-10-07T13:15:00+02:00;2026-10-07T13:55:30+02:00;131d53e57a7b
2026-10-08;st_cyr_sur_le_rhone;ICONCH1;2026-10-08T18:00;7.6;14.6;353.0;13.5;0.1;83.0;19.0;72.0;0.0;83.0;45.511913;4.860718;186.0;2026-10-07T13:15:00+02:00;2026-10-07T13:55:30+02:00;131d53e57a7b
2026-10-08;st_cyr_sur_le_rhone;ICONCH1;2026-10-08T19:00;8.4;15.7;342.0;13.3;0.0;80.0;0.0;80.0;0.0;80.0;45.511913;4.860718;186.0;2026-10-07T13:15:00+02:00;2026-10-07T13:55:30+02:00;131d53e57a7b
2026-10-08;st_cyr_sur_le_rhone;ICONCH1;2026-10-08T20:00;7.9;13.4;335.0;11.6;0.0;61.0;11.0;54.0;0.0;61.0;45.511913;4.860718;186.0;2026-10-07T13:15:00+02:00;2026-10-07T13:55:30+02:00;131d53e57a7b
2026-10-08;st_romain_des_iles;AROMEHD;2026-10-08T01:00;4.7;7.6;204.0;16.4;1.5;;27.0;100.0;100.0;100.0;46.18;4.779999;169.0;2026-10-07T13:15:00+02:00;2026-10-07T13:55:30+02:00;131d53e57a7b
2026-10-08;st_romain_des_iles;AROMEHD;2026-10-08T02:00;7.0;10.9;194.0;16.6;0.0;;0.0;100.0;100.0;100.0;46.18;4.779999;169.0;2026-10-07T13:15:00+02:00;2026-10-07T13:55:30+02:00;131d53e57a7b
2026-10-08;st_romain_des_iles;AROMEHD;2026-10-08T03:00;7.2;12.2;194.0;16.6;0.0;;10.0;100.0;100.0;100.0;46.18;4.779999;169.0;2026-10-07T13:15:00+02:00;2026-10-07T13:55:30+02:00;131d53e57a7b
2026-10-08;st_romain_des_iles;AROMEHD;2026-10-08T04:00;5.5;11.3;198.0;16.1;0.0;;51.0;100.0;100.0;100.0;46.18;4.779999;169.0;2026-10-07T13:15:00+02:00;2026-10-07T13:55:30+02:00;131d53e57a7b
2026-10-08;st_romain_des_iles;AROMEHD;2026-10-08T05:00;5.3;9.3;231.0;15.9;2.5;;100.0;100.0;100.0;100.0;46.18;4.779999;169.0;2026-10-07T13:15:00+02:00;2026-10-07T13:55:30+02:00;131d53e57a7b
2026-10-08;st_romain_des_iles;AROMEHD;2026-10-08T06:00;7.6;14.2;289.0;15.4;1.0;;99.0;100.0;100.0;100.0;46.18;4.779999;169.0;2026-10-07T13:15:00+02:00;2026-10-07T13:55:30+02:00;131d53e57a7b
2026-10-08;st_romain_des_iles;AROMEHD;2026-10-08T07:00;9.1;16.3;299.0;14.9;0.8;;100.0;100.0;100.0;100.0;46.18;4.779999;169.0;2026-10-07T13:15:00+02:00;2026-10-07T13:55:30+02:00;131d53e57a7b
2026-10-08;st_romain_des_iles;AROMEHD;2026-10-08T08:00;14.2;25.3;307.0;13.9;0.1;;100.0;100.0;100.0;100.0;46.18;4.779999;169.0;2026-10-07T13:15:00+02:00;2026-10-07T13:55:30+02:00;131d53e57a7b
2026-10-08;st_romain_des_iles;AROMEHD;2026-10-08T09:00;13.8;23.9;312.0;13.6;0.2;;100.0;100.0;100.0;100.0;46.18;4.779999;169.0;2026-10-07T13:15:00+02:00;2026-10-07T13:55:30+02:00;131d53e57a7b
2026-10-08;st_romain_des_iles;AROMEHD;2026-10-08T10:00;12.1;24.1;322.0;13.0;0.0;;100.0;100.0;100.0;100.0;46.18;4.779999;169.0;2026-10-07T13:15:00+02:00;2026-10-07T13:55:30+02:00;131d53e57a7b
2026-10-08;st_romain_des_iles;AROMEHD;2026-10-08T11:00;10.7;20.8;314.0;12.7;0.0;;100.0;100.0;100.0;100.0;46.18;4.779999;169.0;2026-10-07T13:15:00+02:00;2026-10-07T13:55:30+02:00;131d53e57a7b
2026-10-08;st_romain_des_iles;AROMEHD;2026-10-08T12:00;12.5;21.4;312.0;12.3;0.0;;100.0;100.0;0.0;100.0;46.18;4.779999;169.0;2026-10-07T13:15:00+02:00;2026-10-07T13:55:30+02:00;131d53e57a7b
2026-10-08;st_romain_des_iles;AROMEHD;2026-10-08T13:00;14.0;24.1;314.0;12.8;0.0;;100.0;100.0;0.0;100.0;46.18;4.779999;169.0;2026-10-07T13:15:00+02:00;2026-10-07T13:55:30+02:00;131d53e57a7b
2026-10-08;st_romain_des_iles;AROMEHD;2026-10-08T14:00;11.7;24.1;320.0;13.0;0.0;;99.0;100.0;0.0;100.0;46.18;4.779999;169.0;2026-10-07T13:15:00+02:00;2026-10-07T13:55:30+02:00;131d53e57a7b
2026-10-08;st_romain_des_iles;AROMEHD;2026-10-08T15:00;13.2;22.5;310.0;13.2;0.0;;100.0;86.0;0.0;100.0;46.18;4.779999;169.0;2026-10-07T13:15:00+02:00;2026-10-07T13:55:30+02:00;131d53e57a7b
2026-10-08;st_romain_des_iles;AROMEHD;2026-10-08T16:00;12.4;22.9;320.0;13.0;0.0;;49.0;0.0;0.0;49.0;46.18;4.779999;169.0;2026-10-07T13:15:00+02:00;2026-10-07T13:55:30+02:00;131d53e57a7b
2026-10-08;st_romain_des_iles;AROMEHD;2026-10-08T17:00;9.8;21.8;329.0;13.1;0.0;;19.0;31.0;0.0;31.0;46.18;4.779999;169.0;2026-10-07T13:15:00+02:00;2026-10-07T13:55:30+02:00;131d53e57a7b
2026-10-08;st_romain_des_iles;AROMEHD;2026-10-08T18:00;5.6;16.5;20.0;13.2;0.0;;92.0;100.0;0.0;100.0;46.18;4.779999;169.0;2026-10-07T13:15:00+02:00;2026-10-07T13:55:30+02:00;131d53e57a7b
2026-10-08;st_romain_des_iles;AROMEHD;2026-10-08T19:00;5.0;9.5;349.0;12.2;0.0;;0.0;0.0;0.0;0.0;46.18;4.779999;169.0;2026-10-07T13:15:00+02:00;2026-10-07T13:55:30+02:00;131d53e57a7b
2026-10-08;st_romain_des_iles;AROMEHD;2026-10-08T20:00;11.5;18.9;321.0;11.5;0.0;;20.0;2.0;0.0;20.0;46.18;4.779999;169.0;2026-10-07T13:15:00+02:00;2026-10-07T13:55:30+02:00;131d53e57a7b
2026-10-08;st_romain_des_iles;AROMEHD;2026-10-08T21:00;8.1;18.7;333.0;10.7;0.0;;0.0;0.0;0.0;0.0;46.18;4.779999;169.0;2026-10-07T13:15:00+02:00;2026-10-07T13:55:30+02:00;131d53e57a7b
2026-10-08;st_romain_des_iles;AROMEHD;2026-10-08T22:00;7.1;12.4;344.0;9.9;0.0;;7.0;100.0;0.0;100.0;46.18;4.779999;169.0;2026-10-07T13:15:00+02:00;2026-10-07T13:55:30+02:00;131d53e57a7b
2026-10-08;st_romain_des_iles;AROMEHD;2026-10-08T23:00;8.2;13.0;329.0;9.8;0.0;;0.0;0.0;0.0;0.0;46.18;4.779999;169.0;2026-10-07T13:15:00+02:00;2026-10-07T13:55:30+02:00;131d53e57a7b
2026-10-08;st_romain_des_iles;AROMEHD;2026-10-09T00:00;8.8;14.6;329.0;10.0;0.0;;0.0;0.0;0.0;0.0;46.18;4.779999;169.0;2026-10-07T13:15:00+02:00;2026-10-07T13:55:30+02:00;131d53e57a7b
2026-10-08;st_romain_des_iles;ICONCH1;2026-10-08T01:00;5.3;9.3;186.0;16.9;1.2;100.0;83.0;100.0;100.0;100.0;46.179794;4.782837;176.0;2026-10-07T13:15:00+02:00;2026-10-07T13:55:30+02:00;131d53e57a7b
2026-10-08;st_romain_des_iles;ICONCH1;2026-10-08T02:00;6.4;10.3;209.0;16.7;0.2;100.0;85.0;100.0;100.0;100.0;46.179794;4.782837;176.0;2026-10-07T13:15:00+02:00;2026-10-07T13:55:30+02:00;131d53e57a7b
2026-10-08;st_romain_des_iles;ICONCH1;2026-10-08T03:00;6.5;10.9;190.0;16.6;1.7;100.0;78.0;100.0;100.0;100.0;46.179794;4.782837;176.0;2026-10-07T13:15:00+02:00;2026-10-07T13:55:30+02:00;131d53e57a7b
2026-10-08;st_romain_des_iles;ICONCH1;2026-10-08T04:00;5.9;11.3;203.0;16.6;0.5;100.0;90.0;100.0;100.0;100.0;46.179794;4.782837;176.0;2026-10-07T13:15:00+02:00;2026-10-07T13:55:30+02:00;131d53e57a7b
2026-10-08;st_romain_des_iles;ICONCH1;2026-10-08T05:00;3.9;10.3;267.0;16.3;1.4;100.0;94.0;98.0;100.0;100.0;46.179794;4.782837;176.0;2026-10-07T13:15:00+02:00;2026-10-07T13:55:30+02:00;131d53e57a7b
2026-10-08;st_romain_des_iles;ICONCH1;2026-10-08T06:00;5.6;14.2;299.0;15.6;2.6;100.0;78.0;100.0;100.0;100.0;46.179794;4.782837;176.0;2026-10-07T13:15:00+02:00;2026-10-07T13:55:30+02:00;131d53e57a7b
2026-10-08;st_romain_des_iles;ICONCH1;2026-10-08T07:00;6.6;13.4;298.0;15.1;1.3;100.0;78.0;100.0;100.0;100.0;46.179794;4.782837;176.0;2026-10-07T13:15:00+02:00;2026-10-07T13:55:30+02:00;131d53e57a7b
2026-10-08;st_romain_des_iles;ICONCH1;2026-10-08T08:00;10.3;16.7;306.0;14.7;0.3;100.0;100.0;100.0;100.0;100.0;46.179794;4.782837;176.0;2026-10-07T13:15:00+02:00;2026-10-07T13:55:30+02:00;131d53e57a7b
2026-10-08;st_romain_des_iles;ICONCH1;2026-10-08T09:00;12.4;21.0;312.0;14.2;0.0;100.0;93.0;100.0;100.0;100.0;46.179794;4.782837;176.0;2026-10-07T13:15:00+02:00;2026-10-07T13:55:30+02:00;131d53e57a7b
2026-10-08;st_romain_des_iles;ICONCH1;2026-10-08T10:00;12.8;22.5;316.0;13.8;0.0;100.0;100.0;100.0;100.0;100.0;46.179794;4.782837;176.0;2026-10-07T13:15:00+02:00;2026-10-07T13:55:30+02:00;131d53e57a7b
2026-10-08;st_romain_des_iles;ICONCH1;2026-10-08T11:00;13.3;21.8;313.0;13.1;0.0;100.0;100.0;100.0;100.0;100.0;46.179794;4.782837;176.0;2026-10-07T13:15:00+02:00;2026-10-07T13:55:30+02:00;131d53e57a7b
2026-10-08;st_romain_des_iles;ICONCH1;2026-10-08T12:00;14.0;22.7;309.0;12.7;0.2;100.0;92.0;100.0;100.0;100.0;46.179794;4.782837;176.0;2026-10-07T13:15:00+02:00;2026-10-07T13:55:30+02:00;131d53e57a7b
2026-10-08;st_romain_des_iles;ICONCH1;2026-10-08T13:00;11.3;22.4;319.0;12.6;0.7;99.0;95.0;98.0;0.0;99.0;46.179794;4.782837;176.0;2026-10-07T13:15:00+02:00;2026-10-07T13:55:30+02:00;131d53e57a7b
2026-10-08;st_romain_des_iles;ICONCH1;2026-10-08T14:00;11.4;18.5;323.0;12.7;0.8;98.0;98.0;96.0;0.0;98.0;46.179794;4.782837;176.0;2026-10-07T13:15:00+02:00;2026-10-07T13:55:30+02:00;131d53e57a7b
2026-10-08;st_romain_des_iles;ICONCH1;2026-10-08T15:00;10.2;19.2;329.0;13.0;0.5;100.0;91.0;100.0;0.0;100.0;46.179794;4.782837;176.0;2026-10-07T13:15:00+02:00;2026-10-07T13:55:30+02:00;131d53e57a7b
2026-10-08;st_romain_des_iles;ICONCH1;2026-10-08T16:00;9.4;17.7;338.0;13.7;0.0;99.0;80.0;97.0;0.0;99.0;46.179794;4.782837;176.0;2026-10-07T13:15:00+02:00;2026-10-07T13:55:30+02:00;131d53e57a7b
2026-10-08;st_romain_des_iles;ICONCH1;2026-10-08T17:00;10.6;17.5;336.0;14.3;0.0;100.0;59.0;100.0;0.0;100.0;46.179794;4.782837;176.0;2026-10-07T13:15:00+02:00;2026-10-07T13:55:30+02:00;131d53e57a7b
2026-10-08;st_romain_des_iles;ICONCH1;2026-10-08T18:00;9.8;17.7;335.0;14.6;0.0;64.0;31.0;52.0;0.0;64.0;46.179794;4.782837;176.0;2026-10-07T13:15:00+02:00;2026-10-07T13:55:30+02:00;131d53e57a7b
2026-10-08;st_romain_des_iles;ICONCH1;2026-10-08T19:00;8.0;15.7;334.0;13.9;0.0;66.0;56.0;38.0;0.0;66.0;46.179794;4.782837;176.0;2026-10-07T13:15:00+02:00;2026-10-07T13:55:30+02:00;131d53e57a7b
2026-10-08;st_romain_des_iles;ICONCH1;2026-10-08T20:00;7.6;12.6;337.0;12.4;0.0;87.0;21.0;77.0;0.0;87.0;46.179794;4.782837;176.0;2026-10-07T13:15:00+02:00;2026-10-07T13:55:30+02:00;131d53e57a7b
2026-10-08;treffort;AROMEHD;2026-10-08T01:00;6.5;14.6;171.0;15.0;2.2;;1.0;100.0;100.0;100.0;44.91;5.6800003;0.0;2026-10-07T13:15:00+02:00;2026-10-07T13:55:30+02:00;131d53e57a7b
2026-10-08;treffort;AROMEHD;2026-10-08T02:00;4.7;14.2;199.0;14.4;2.0;;6.0;100.0;100.0;100.0;44.91;5.6800003;0.0;2026-10-07T13:15:00+02:00;2026-10-07T13:55:30+02:00;131d53e57a7b
2026-10-08;treffort;AROMEHD;2026-10-08T03:00;5.2;10.5;211.0;13.8;2.1;;100.0;100.0;100.0;100.0;44.91;5.6800003;0.0;2026-10-07T13:15:00+02:00;2026-10-07T13:55:30+02:00;131d53e57a7b
2026-10-08;treffort;AROMEHD;2026-10-08T04:00;4.7;11.3;215.0;13.9;0.1;;31.0;100.0;100.0;100.0;44.91;5.6800003;0.0;2026-10-07T13:15:00+02:00;2026-10-07T13:55:30+02:00;131d53e57a7b
2026-10-08;treffort;AROMEHD;2026-10-08T05:00;5.7;13.2;204.0;13.9;0.0;;7.0;83.0;0.0;83.0;44.91;5.6800003;0.0;2026-10-07T13:15:00+02:00;2026-10-07T13:55:30+02:00;131d53e57a7b
2026-10-08;treffort;AROMEHD;2026-10-08T06:00;4.0;11.5;223.0;13.8;0.0;;100.0;100.0;0.0;100.0;44.91;5.6800003;0.0;2026-10-07T13:15:00+02:00;2026-10-07T13:55:30+02:00;131d53e57a7b
2026-10-08;treffort;AROMEHD;2026-10-08T07:00;4.7;9.3;204.0;13.5;1.1;;99.0;100.0;100.0;100.0;44.91;5.6800003;0.0;2026-10-07T13:15:00+02:00;2026-10-07T13:55:30+02:00;131d53e57a7b
2026-10-08;treffort;AROMEHD;2026-10-08T08:00;3.9;8.9;198.0;13.4;2.4;;9.0;100.0;100.0;100.0;44.91;5.6800003;0.0;2026-10-07T13:15:00+02:00;2026-10-07T13:55:30+02:00;131d53e57a7b
2026-10-08;treffort;AROMEHD;2026-10-08T09:00;3.2;7.6;335.0;13.1;1.1;;100.0;100.0;100.0;100.0;44.91;5.6800003;0.0;2026-10-07T13:15:00+02:00;2026-10-07T13:55:30+02:00;131d53e57a7b
2026-10-08;treffort;AROMEHD;2026-10-08T10:00;4.9;10.7;353.0;13.5;3.4;;48.0;100.0;100.0;100.0;44.91;5.6800003;0.0;2026-10-07T13:15:00+02:00;2026-10-07T13:55:30+02:00;131d53e57a7b
2026-10-08;treffort;AROMEHD;2026-10-08T11:00;6.6;14.4;339.0;13.5;1.7;;4.0;100.0;100.0;100.0;44.91;5.6800003;0.0;2026-10-07T13:15:00+02:00;2026-10-07T13:55:30+02:00;131d53e57a7b
2026-10-08;treffort;AROMEHD;2026-10-08T12:00;9.3;18.9;343.0;13.2;0.7;;99.0;57.0;100.0;100.0;44.91;5.6800003;0.0;2026-10-07T13:15:00+02:00;2026-10-07T13:55:30+02:00;131d53e57a7b
2026-10-08;treffort;AROMEHD;2026-10-08T13:00;8.5;19.0;349.0;12.3;0.9;;100.0;81.0;100.0;100.0;44.91;5.6800003;0.0;2026-10-07T13:15:00+02:00;2026-10-07T13:55:30+02:00;131d53e57a7b
2026-10-08;treffort;AROMEHD;2026-10-08T14:00;11.4;22.7;353.0;12.2;0.4;;89.0;100.0;0.0;100.0;44.91;5.6800003;0.0;2026-10-07T13:15:00+02:00;2026-10-07T13:55:30+02:00;131d53e57a7b
2026-10-08;treffort;AROMEHD;2026-10-08T15:00;12.4;24.5;350.0;12.1;0.3;;12.0;100.0;0.0;100.0;44.91;5.6800003;0.0;2026-10-07T13:15:00+02:00;2026-10-07T13:55:30+02:00;131d53e57a7b
2026-10-08;treffort;AROMEHD;2026-10-08T16:00;12.6;25.3;350.0;11.5;0.5;;12.0;99.0;0.0;99.0;44.91;5.6800003;0.0;2026-10-07T13:15:00+02:00;2026-10-07T13:55:30+02:00;131d53e57a7b
2026-10-08;treffort;AROMEHD;2026-10-08T17:00;13.6;27.2;352.0;10.7;1.1;;19.0;100.0;0.0;100.0;44.91;5.6800003;0.0;2026-10-07T13:15:00+02:00;2026-10-07T13:55:30+02:00;131d53e57a7b
2026-10-08;treffort;AROMEHD;2026-10-08T18:00;13.2;27.6;350.0;10.2;1.5;;47.0;35.0;71.0;71.0;44.91;5.6800003;0.0;2026-10-07T13:15:00+02:00;2026-10-07T13:55:30+02:00;131d53e57a7b
2026-10-08;treffort;AROMEHD;2026-10-08T19:00;13.1;27.0;348.0;9.7;1.2;;100.0;97.0;0.0;100.0;44.91;5.6800003;0.0;2026-10-07T13:15:00+02:00;2026-10-07T13:55:30+02:00;131d53e57a7b
2026-10-08;treffort;AROMEHD;2026-10-08T20:00;13.5;27.2;349.0;9.3;1.7;;93.0;3.0;0.0;93.0;44.91;5.6800003;0.0;2026-10-07T13:15:00+02:00;2026-10-07T13:55:30+02:00;131d53e57a7b
2026-10-08;treffort;AROMEHD;2026-10-08T21:00;14.3;30.7;354.0;8.9;1.0;;100.0;0.0;0.0;100.0;44.91;5.6800003;0.0;2026-10-07T13:15:00+02:00;2026-10-07T13:55:30+02:00;131d53e57a7b
2026-10-08;treffort;AROMEHD;2026-10-08T22:00;16.0;33.6;354.0;9.0;0.0;;100.0;1.0;0.0;100.0;44.91;5.6800003;0.0;2026-10-07T13:15:00+02:00;2026-10-07T13:55:30+02:00;131d53e57a7b
2026-10-08;treffort;AROMEHD;2026-10-08T23:00;16.4;33.2;355.0;8.7;0.1;;3.0;0.0;0.0;3.0;44.91;5.6800003;0.0;2026-10-07T13:15:00+02:00;2026-10-07T13:55:30+02:00;131d53e57a7b
2026-10-08;treffort;AROMEHD;2026-10-09T00:00;16.1;32.7;353.0;8.6;0.0;;1.0;0.0;0.0;1.0;44.91;5.6800003;0.0;2026-10-07T13:15:00+02:00;2026-10-07T13:55:30+02:00;131d53e57a7b
2026-10-08;treffort;ICONCH1;2026-10-08T01:00;3.9;10.9;200.0;15.5;5.0;100.0;81.0;100.0;100.0;100.0;44.905636;5.680298;502.0;2026-10-07T13:15:00+02:00;2026-10-07T13:55:30+02:00;131d53e57a7b
2026-10-08;treffort;ICONCH1;2026-10-08T02:00;3.4;6.6;190.0;15.5;4.0;100.0;50.0;94.0;100.0;100.0;44.905636;5.680298;502.0;2026-10-07T13:15:00+02:00;2026-10-07T13:55:30+02:00;131d53e57a7b
2026-10-08;treffort;ICONCH1;2026-10-08T03:00;5.0;9.1;193.0;15.7;0.1;99.0;87.0;98.0;48.0;99.0;44.905636;5.680298;502.0;2026-10-07T13:15:00+02:00;2026-10-07T13:55:30+02:00;131d53e57a7b
2026-10-08;treffort;ICONCH1;2026-10-08T04:00;5.2;9.1;202.0;15.9;0.0;100.0;10.0;100.0;0.0;100.0;44.905636;5.680298;502.0;2026-10-07T13:15:00+02:00;2026-10-07T13:55:30+02:00;131d53e57a7b
2026-10-08;treffort;ICONCH1;2026-10-08T05:00;4.5;8.7;182.0;15.6;0.6;100.0;82.0;100.0;0.0;100.0;44.905636;5.680298;502.0;2026-10-07T13:15:00+02:00;2026-10-07T13:55:30+02:00;131d53e57a7b
2026-10-08;treffort;ICONCH1;2026-10-08T06:00;4.1;8.0;199.0;15.7;0.1;86.0;42.0;68.0;26.0;86.0;44.905636;5.680298;502.0;2026-10-07T13:15:00+02:00;2026-10-07T13:55:30+02:00;131d53e57a7b
2026-10-08;treffort;ICONCH1;2026-10-08T07:00;3.8;7.2;204.0;15.6;0.0;100.0;75.0;91.0;100.0;100.0;44.905636;5.680298;502.0;2026-10-07T13:15:00+02:00;2026-10-07T13:55:30+02:00;131d53e57a7b
2026-10-08;treffort;ICONCH1;2026-10-08T08:00;3.2;6.4;79.0;15.2;1.6;100.0;39.0;100.0;100.0;100.0;44.905636;5.680298;502.0;2026-10-07T13:15:00+02:00;2026-10-07T13:55:30+02:00;131d53e57a7b
2026-10-08;treffort;ICONCH1;2026-10-08T09:00;4.5;7.6;358.0;15.3;4.6;100.0;83.0;100.0;100.0;100.0;44.905636;5.680298;502.0;2026-10-07T13:15:00+02:00;2026-10-07T13:55:30+02:00;131d53e57a7b
2026-10-08;treffort;ICONCH1;2026-10-08T10:00;13.4;22.9;3.0;13.0;7.6;100.0;64.0;100.0;99.0;100.0;44.905636;5.680298;502.0;2026-10-07T13:15:00+02:00;2026-10-07T13:55:30+02:00;131d53e57a7b
2026-10-08;treffort;ICONCH1;2026-10-08T11:00;9.8;22.9;354.0;12.8;2.1;100.0;91.0;100.0;100.0;100.0;44.905636;5.680298;502.0;2026-10-07T13:15:00+02:00;2026-10-07T13:55:30+02:00;131d53e57a7b
2026-10-08;treffort;ICONCH1;2026-10-08T12:00;9.9;17.1;3.0;12.7;1.8;100.0;87.0;100.0;100.0;100.0;44.905636;5.680298;502.0;2026-10-07T13:15:00+02:00;2026-10-07T13:55:30+02:00;131d53e57a7b
2026-10-08;treffort;ICONCH1;2026-10-08T13:00;12.5;21.4;3.0;12.5;1.3;100.0;89.0;100.0;11.0;100.0;44.905636;5.680298;502.0;2026-10-07T13:15:00+02:00;2026-10-07T13:55:30+02:00;131d53e57a7b
2026-10-08;treffort;ICONCH1;2026-10-08T14:00;13.2;23.3;2.0;12.4;0.8;98.0;64.0;95.0;0.0;98.0;44.905636;5.680298;502.0;2026-10-07T13:15:00+02:00;2026-10-07T13:55:30+02:00;131d53e57a7b
2026-10-08;treffort;ICONCH1;2026-10-08T15:00;13.0;24.1;360.0;12.1;0.1;93.0;85.0;80.0;0.0;93.0;44.905636;5.680298;502.0;2026-10-07T13:15:00+02:00;2026-10-07T13:55:30+02:00;131d53e57a7b
2026-10-08;treffort;ICONCH1;2026-10-08T16:00;14.8;25.7;3.0;11.5;0.1;91.0;83.0;80.0;0.0;91.0;44.905636;5.680298;502.0;2026-10-07T13:15:00+02:00;2026-10-07T13:55:30+02:00;131d53e57a7b
2026-10-08;treffort;ICONCH1;2026-10-08T17:00;15.0;26.8;6.0;10.9;0.5;94.0;78.0;87.0;0.0;94.0;44.905636;5.680298;502.0;2026-10-07T13:15:00+02:00;2026-10-07T13:55:30+02:00;131d53e57a7b
2026-10-08;treffort;ICONCH1;2026-10-08T18:00;16.5;28.6;3.0;10.5;1.1;100.0;67.0;100.0;0.0;100.0;44.905636;5.680298;502.0;2026-10-07T13:15:00+02:00;2026-10-07T13:55:30+02:00;131d53e57a7b
2026-10-08;treffort;ICONCH1;2026-10-08T19:00;16.5;29.4;1.0;9.9;2.4;100.0;83.0;98.0;0.0;100.0;44.905636;5.680298;502.0;2026-10-07T13:15:00+02:00;2026-10-07T13:55:30+02:00;131d53e57a7b
2026-10-08;treffort;ICONCH1;2026-10-08T20:00;17.5;30.3;4.0;9.6;1.8;91.0;87.0;73.0;0.0;91.0;44.905636;5.680298;502.0;2026-10-07T13:15:00+02:00;2026-10-07T13:55:30+02:00;131d53e57a7b
2026-10-08;vengeron;AROMEHD;2026-10-08T01:00;5.5;8.9;225.0;15.6;1.1;;85.0;92.0;100.0;100.0;46.25;6.17;0.0;2026-10-07T13:15:00+02:00;2026-10-07T13:55:30+02:00;131d53e57a7b
2026-10-08;vengeron;AROMEHD;2026-10-08T02:00;7.0;9.3;207.0;16.1;0.0;;100.0;100.0;100.0;100.0;46.25;6.17;0.0;2026-10-07T13:15:00+02:00;2026-10-07T13:55:30+02:00;131d53e57a7b
2026-10-08;vengeron;AROMEHD;2026-10-08T03:00;9.6;13.8;218.0;16.6;0.0;;8.0;100.0;100.0;100.0;46.25;6.17;0.0;2026-10-07T13:15:00+02:00;2026-10-07T13:55:30+02:00;131d53e57a7b
2026-10-08;vengeron;AROMEHD;2026-10-08T04:00;6.5;13.2;240.0;16.2;0.0;;99.0;100.0;99.0;100.0;46.25;6.17;0.0;2026-10-07T13:15:00+02:00;2026-10-07T13:55:30+02:00;131d53e57a7b
2026-10-08;vengeron;AROMEHD;2026-10-08T05:00;8.0;11.9;244.0;15.6;1.2;;100.0;100.0;100.0;100.0;46.25;6.17;0.0;2026-10-07T13:15:00+02:00;2026-10-07T13:55:30+02:00;131d53e57a7b
2026-10-08;vengeron;AROMEHD;2026-10-08T06:00;9.8;14.4;214.0;15.5;2.3;;81.0;100.0;100.0;100.0;46.25;6.17;0.0;2026-10-07T13:15:00+02:00;2026-10-07T13:55:30+02:00;131d53e57a7b
2026-10-08;vengeron;AROMEHD;2026-10-08T07:00;9.4;14.2;217.0;16.0;0.9;;100.0;100.0;100.0;100.0;46.25;6.17;0.0;2026-10-07T13:15:00+02:00;2026-10-07T13:55:30+02:00;131d53e57a7b
2026-10-08;vengeron;AROMEHD;2026-10-08T08:00;9.4;14.2;172.0;15.5;2.8;;100.0;100.0;100.0;100.0;46.25;6.17;0.0;2026-10-07T13:15:00+02:00;2026-10-07T13:55:30+02:00;131d53e57a7b
2026-10-08;vengeron;AROMEHD;2026-10-08T09:00;15.1;20.8;217.0;15.7;1.7;;100.0;100.0;100.0;100.0;46.25;6.17;0.0;2026-10-07T13:15:00+02:00;2026-10-07T13:55:30+02:00;131d53e57a7b
2026-10-08;vengeron;AROMEHD;2026-10-08T10:00;12.0;20.8;203.0;15.4;1.5;;85.0;100.0;100.0;100.0;46.25;6.17;0.0;2026-10-07T13:15:00+02:00;2026-10-07T13:55:30+02:00;131d53e57a7b
2026-10-08;vengeron;AROMEHD;2026-10-08T11:00;8.9;15.7;216.0;15.3;1.4;;100.0;100.0;100.0;100.0;46.25;6.17;0.0;2026-10-07T13:15:00+02:00;2026-10-07T13:55:30+02:00;131d53e57a7b
2026-10-08;vengeron;AROMEHD;2026-10-08T12:00;9.0;14.4;292.0;15.1;1.4;;66.0;100.0;100.0;100.0;46.25;6.17;0.0;2026-10-07T13:15:00+02:00;2026-10-07T13:55:30+02:00;131d53e57a7b
2026-10-08;vengeron;AROMEHD;2026-10-08T13:00;13.4;19.8;311.0;14.6;0.9;;22.0;100.0;100.0;100.0;46.25;6.17;0.0;2026-10-07T13:15:00+02:00;2026-10-07T13:55:30+02:00;131d53e57a7b
2026-10-08;vengeron;AROMEHD;2026-10-08T14:00;7.1;20.0;338.0;14.1;0.8;;99.0;100.0;100.0;100.0;46.25;6.17;0.0;2026-10-07T13:15:00+02:00;2026-10-07T13:55:30+02:00;131d53e57a7b
2026-10-08;vengeron;AROMEHD;2026-10-08T15:00;5.7;13.2;322.0;13.6;0.9;;91.0;100.0;100.0;100.0;46.25;6.17;0.0;2026-10-07T13:15:00+02:00;2026-10-07T13:55:30+02:00;131d53e57a7b
2026-10-08;vengeron;AROMEHD;2026-10-08T16:00;1.9;8.7;90.0;13.5;0.2;;36.0;100.0;100.0;100.0;46.25;6.17;0.0;2026-10-07T13:15:00+02:00;2026-10-07T13:55:30+02:00;131d53e57a7b
2026-10-08;vengeron;AROMEHD;2026-10-08T17:00;3.2;5.8;14.0;14.0;0.0;;99.0;100.0;0.0;100.0;46.25;6.17;0.0;2026-10-07T13:15:00+02:00;2026-10-07T13:55:30+02:00;131d53e57a7b
2026-10-08;vengeron;AROMEHD;2026-10-08T18:00;7.4;14.6;330.0;13.7;0.0;;83.0;99.0;0.0;99.0;46.25;6.17;0.0;2026-10-07T13:15:00+02:00;2026-10-07T13:55:30+02:00;131d53e57a7b
2026-10-08;vengeron;AROMEHD;2026-10-08T19:00;13.4;18.7;17.0;13.7;0.0;;99.0;97.0;0.0;99.0;46.25;6.17;0.0;2026-10-07T13:15:00+02:00;2026-10-07T13:55:30+02:00;131d53e57a7b
2026-10-08;vengeron;AROMEHD;2026-10-08T20:00;11.6;19.0;14.0;13.3;0.0;;2.0;100.0;0.0;100.0;46.25;6.17;0.0;2026-10-07T13:15:00+02:00;2026-10-07T13:55:30+02:00;131d53e57a7b
2026-10-08;vengeron;AROMEHD;2026-10-08T21:00;8.5;18.9;11.0;13.1;0.0;;0.0;0.0;0.0;0.0;46.25;6.17;0.0;2026-10-07T13:15:00+02:00;2026-10-07T13:55:30+02:00;131d53e57a7b
2026-10-08;vengeron;AROMEHD;2026-10-08T22:00;9.2;19.4;339.0;12.2;0.0;;100.0;87.0;0.0;100.0;46.25;6.17;0.0;2026-10-07T13:15:00+02:00;2026-10-07T13:55:30+02:00;131d53e57a7b
2026-10-08;vengeron;AROMEHD;2026-10-08T23:00;12.7;20.2;31.0;13.2;0.0;;100.0;100.0;0.0;100.0;46.25;6.17;0.0;2026-10-07T13:15:00+02:00;2026-10-07T13:55:30+02:00;131d53e57a7b
2026-10-08;vengeron;AROMEHD;2026-10-09T00:00;15.7;22.2;22.0;12.9;0.0;;100.0;67.0;0.0;100.0;46.25;6.17;0.0;2026-10-07T13:15:00+02:00;2026-10-07T13:55:30+02:00;131d53e57a7b
2026-10-08;vengeron;ICONCH1;2026-10-08T01:00;8.2;10.5;234.0;16.8;0.4;94.0;31.0;80.0;59.0;94.0;46.24517;6.166931;0.0;2026-10-07T13:15:00+02:00;2026-10-07T13:55:30+02:00;131d53e57a7b
2026-10-08;vengeron;ICONCH1;2026-10-08T02:00;9.0;12.6;221.0;16.9;0.4;100.0;83.0;100.0;100.0;100.0;46.24517;6.166931;0.0;2026-10-07T13:15:00+02:00;2026-10-07T13:55:30+02:00;131d53e57a7b
2026-10-08;vengeron;ICONCH1;2026-10-08T03:00;6.4;11.5;203.0;17.0;0.2;100.0;86.0;100.0;100.0;100.0;46.24517;6.166931;0.0;2026-10-07T13:15:00+02:00;2026-10-07T13:55:30+02:00;131d53e57a7b
2026-10-08;vengeron;ICONCH1;2026-10-08T04:00;5.0;9.3;211.0;16.7;0.3;100.0;75.0;100.0;100.0;100.0;46.24517;6.166931;0.0;2026-10-07T13:15:00+02:00;2026-10-07T13:55:30+02:00;131d53e57a7b
2026-10-08;vengeron;ICONCH1;2026-10-08T05:00;5.7;7.2;232.0;16.4;0.5;100.0;75.0;100.0;100.0;100.0;46.24517;6.166931;0.0;2026-10-07T13:15:00+02:00;2026-10-07T13:55:30+02:00;131d53e57a7b
2026-10-08;vengeron;ICONCH1;2026-10-08T06:00;7.8;11.5;186.0;16.6;1.6;100.0;81.0;100.0;6.0;100.0;46.24517;6.166931;0.0;2026-10-07T13:15:00+02:00;2026-10-07T13:55:30+02:00;131d53e57a7b
2026-10-08;vengeron;ICONCH1;2026-10-08T07:00;11.2;14.6;203.0;17.0;1.0;100.0;88.0;100.0;100.0;100.0;46.24517;6.166931;0.0;2026-10-07T13:15:00+02:00;2026-10-07T13:55:30+02:00;131d53e57a7b
2026-10-08;vengeron;ICONCH1;2026-10-08T08:00;8.5;15.7;233.0;16.2;4.7;100.0;44.0;100.0;100.0;100.0;46.24517;6.166931;0.0;2026-10-07T13:15:00+02:00;2026-10-07T13:55:30+02:00;131d53e57a7b
2026-10-08;vengeron;ICONCH1;2026-10-08T09:00;7.7;12.6;201.0;15.6;1.6;100.0;41.0;100.0;100.0;100.0;46.24517;6.166931;0.0;2026-10-07T13:15:00+02:00;2026-10-07T13:55:30+02:00;131d53e57a7b
2026-10-08;vengeron;ICONCH1;2026-10-08T10:00;10.3;13.6;207.0;15.2;1.7;100.0;69.0;100.0;100.0;100.0;46.24517;6.166931;0.0;2026-10-07T13:15:00+02:00;2026-10-07T13:55:30+02:00;131d53e57a7b
2026-10-08;vengeron;ICONCH1;2026-10-08T11:00;7.0;13.4;231.0;15.3;2.1;100.0;69.0;100.0;93.0;100.0;46.24517;6.166931;0.0;2026-10-07T13:15:00+02:00;2026-10-07T13:55:30+02:00;131d53e57a7b
2026-10-08;vengeron;ICONCH1;2026-10-08T12:00;3.1;9.1;274.0;15.5;1.0;100.0;82.0;100.0;100.0;100.0;46.24517;6.166931;0.0;2026-10-07T13:15:00+02:00;2026-10-07T13:55:30+02:00;131d53e57a7b
2026-10-08;vengeron;ICONCH1;2026-10-08T13:00;2.7;5.2;291.0;15.3;0.4;100.0;92.0;100.0;100.0;100.0;46.24517;6.166931;0.0;2026-10-07T13:15:00+02:00;2026-10-07T13:55:30+02:00;131d53e57a7b
2026-10-08;vengeron;ICONCH1;2026-10-08T14:00;8.0;10.3;296.0;15.1;0.3;100.0;100.0;100.0;100.0;100.0;46.24517;6.166931;0.0;2026-10-07T13:15:00+02:00;2026-10-07T13:55:30+02:00;131d53e57a7b
2026-10-08;vengeron;ICONCH1;2026-10-08T15:00;7.8;15.0;337.0;14.7;0.4;100.0;86.0;100.0;100.0;100.0;46.24517;6.166931;0.0;2026-10-07T13:15:00+02:00;2026-10-07T13:55:30+02:00;131d53e57a7b
2026-10-08;vengeron;ICONCH1;2026-10-08T16:00;4.8;15.4;346.0;14.1;0.4;100.0;94.0;100.0;22.0;100.0;46.24517;6.166931;0.0;2026-10-07T13:15:00+02:00;2026-10-07T13:55:30+02:00;131d53e57a7b
2026-10-08;vengeron;ICONCH1;2026-10-08T17:00;4.5;8.4;31.0;14.2;0.5;100.0;80.0;100.0;0.0;100.0;46.24517;6.166931;0.0;2026-10-07T13:15:00+02:00;2026-10-07T13:55:30+02:00;131d53e57a7b
2026-10-08;vengeron;ICONCH1;2026-10-08T18:00;9.7;12.4;22.0;13.7;0.3;99.0;64.0;98.0;0.0;99.0;46.24517;6.166931;0.0;2026-10-07T13:15:00+02:00;2026-10-07T13:55:30+02:00;131d53e57a7b
2026-10-08;vengeron;ICONCH1;2026-10-08T19:00;6.6;17.7;2.0;13.2;0.5;100.0;77.0;100.0;0.0;100.0;46.24517;6.166931;0.0;2026-10-07T13:15:00+02:00;2026-10-07T13:55:30+02:00;131d53e57a7b
2026-10-08;vengeron;ICONCH1;2026-10-08T20:00;15.7;21.0;27.0;13.9;0.1;100.0;57.0;100.0;0.0;100.0;46.24517;6.166931;0.0;2026-10-07T13:15:00+02:00;2026-10-07T13:55:30+02:00;131d53e57a7b
2026-10-08;wwmeyzieu;AROMEHD;2026-10-08T01:00;13.4;22.4;188.0;17.8;0.0;;69.0;100.0;100.0;100.0;45.78;4.9799995;0.0;2026-10-07T13:15:00+02:00;2026-10-07T13:55:30+02:00;131d53e57a7b
2026-10-08;wwmeyzieu;AROMEHD;2026-10-08T02:00;13.0;22.5;197.0;17.7;0.0;;14.0;100.0;100.0;100.0;45.78;4.9799995;0.0;2026-10-07T13:15:00+02:00;2026-10-07T13:55:30+02:00;131d53e57a7b
2026-10-08;wwmeyzieu;AROMEHD;2026-10-08T03:00;10.6;20.4;188.0;17.2;0.1;;14.0;100.0;100.0;100.0;45.78;4.9799995;0.0;2026-10-07T13:15:00+02:00;2026-10-07T13:55:30+02:00;131d53e57a7b
2026-10-08;wwmeyzieu;AROMEHD;2026-10-08T04:00;9.2;18.1;195.0;16.9;0.0;;0.0;100.0;100.0;100.0;45.78;4.9799995;0.0;2026-10-07T13:15:00+02:00;2026-10-07T13:55:30+02:00;131d53e57a7b
2026-10-08;wwmeyzieu;AROMEHD;2026-10-08T05:00;8.6;14.8;193.0;16.6;1.1;;100.0;100.0;100.0;100.0;45.78;4.9799995;0.0;2026-10-07T13:15:00+02:00;2026-10-07T13:55:30+02:00;131d53e57a7b
2026-10-08;wwmeyzieu;AROMEHD;2026-10-08T06:00;9.4;15.4;227.0;16.4;1.1;;100.0;100.0;100.0;100.0;45.78;4.9799995;0.0;2026-10-07T13:15:00+02:00;2026-10-07T13:55:30+02:00;131d53e57a7b
2026-10-08;wwmeyzieu;AROMEHD;2026-10-08T07:00;8.1;14.8;291.0;15.6;1.6;;44.0;100.0;100.0;100.0;45.78;4.9799995;0.0;2026-10-07T13:15:00+02:00;2026-10-07T13:55:30+02:00;131d53e57a7b
2026-10-08;wwmeyzieu;AROMEHD;2026-10-08T08:00;5.9;12.6;293.0;15.1;2.4;;100.0;100.0;100.0;100.0;45.78;4.9799995;0.0;2026-10-07T13:15:00+02:00;2026-10-07T13:55:30+02:00;131d53e57a7b
2026-10-08;wwmeyzieu;AROMEHD;2026-10-08T09:00;10.1;18.5;306.0;14.5;1.0;;100.0;100.0;100.0;100.0;45.78;4.9799995;0.0;2026-10-07T13:15:00+02:00;2026-10-07T13:55:30+02:00;131d53e57a7b
2026-10-08;wwmeyzieu;AROMEHD;2026-10-08T10:00;11.2;19.2;311.0;14.2;0.8;;100.0;100.0;100.0;100.0;45.78;4.9799995;0.0;2026-10-07T13:15:00+02:00;2026-10-07T13:55:30+02:00;131d53e57a7b
2026-10-08;wwmeyzieu;AROMEHD;2026-10-08T11:00;10.6;20.6;313.0;13.4;0.9;;100.0;100.0;100.0;100.0;45.78;4.9799995;0.0;2026-10-07T13:15:00+02:00;2026-10-07T13:55:30+02:00;131d53e57a7b
2026-10-08;wwmeyzieu;AROMEHD;2026-10-08T12:00;12.1;20.2;311.0;13.1;0.7;;100.0;100.0;0.0;100.0;45.78;4.9799995;0.0;2026-10-07T13:15:00+02:00;2026-10-07T13:55:30+02:00;131d53e57a7b
2026-10-08;wwmeyzieu;AROMEHD;2026-10-08T13:00;12.9;22.5;314.0;12.7;0.2;;100.0;100.0;0.0;100.0;45.78;4.9799995;0.0;2026-10-07T13:15:00+02:00;2026-10-07T13:55:30+02:00;131d53e57a7b
2026-10-08;wwmeyzieu;AROMEHD;2026-10-08T14:00;11.5;21.4;314.0;12.4;0.1;;100.0;100.0;0.0;100.0;45.78;4.9799995;0.0;2026-10-07T13:15:00+02:00;2026-10-07T13:55:30+02:00;131d53e57a7b
2026-10-08;wwmeyzieu;AROMEHD;2026-10-08T15:00;10.7;19.6;316.0;12.7;0.2;;100.0;100.0;0.0;100.0;45.78;4.9799995;0.0;2026-10-07T13:15:00+02:00;2026-10-07T13:55:30+02:00;131d53e57a7b
2026-10-08;wwmeyzieu;AROMEHD;2026-10-08T16:00;12.1;20.8;314.0;13.0;0.1;;99.0;100.0;55.0;100.0;45.78;4.9799995;0.0;2026-10-07T13:15:00+02:00;2026-10-07T13:55:30+02:00;131d53e57a7b
2026-10-08;wwmeyzieu;AROMEHD;2026-10-08T17:00;12.3;20.6;321.0;13.3;0.0;;100.0;0.0;0.0;100.0;45.78;4.9799995;0.0;2026-10-07T13:15:00+02:00;2026-10-07T13:55:30+02:00;131d53e57a7b
2026-10-08;wwmeyzieu;AROMEHD;2026-10-08T18:00;10.8;20.4;332.0;13.2;0.0;;100.0;100.0;0.0;100.0;45.78;4.9799995;0.0;2026-10-07T13:15:00+02:00;2026-10-07T13:55:30+02:00;131d53e57a7b
2026-10-08;wwmeyzieu;AROMEHD;2026-10-08T19:00;6.5;17.9;343.0;12.9;0.0;;100.0;100.0;0.0;100.0;45.78;4.9799995;0.0;2026-10-07T13:15:00+02:00;2026-10-07T13:55:30+02:00;131d53e57a7b
2026-10-08;wwmeyzieu;AROMEHD;2026-10-08T20:00;6.1;10.3;333.0;12.2;0.0;;0.0;99.0;0.0;99.0;45.78;4.9799995;0.0;2026-10-07T13:15:00+02:00;2026-10-07T13:55:30+02:00;131d53e57a7b
2026-10-08;wwmeyzieu;AROMEHD;2026-10-08T21:00;6.2;10.1;328.0;11.3;0.0;;18.0;1.0;0.0;18.0;45.78;4.9799995;0.0;2026-10-07T13:15:00+02:00;2026-10-07T13:55:30+02:00;131d53e57a7b
2026-10-08;wwmeyzieu;AROMEHD;2026-10-08T22:00;9.8;16.3;333.0;11.1;0.0;;0.0;0.0;0.0;0.0;45.78;4.9799995;0.0;2026-10-07T13:15:00+02:00;2026-10-07T13:55:30+02:00;131d53e57a7b
2026-10-08;wwmeyzieu;AROMEHD;2026-10-08T23:00;9.3;16.5;334.0;10.8;0.0;;0.0;0.0;0.0;0.0;45.78;4.9799995;0.0;2026-10-07T13:15:00+02:00;2026-10-07T13:55:30+02:00;131d53e57a7b
2026-10-08;wwmeyzieu;AROMEHD;2026-10-09T00:00;8.4;15.6;334.0;10.4;0.0;;11.0;7.0;0.0;11.0;45.78;4.9799995;0.0;2026-10-07T13:15:00+02:00;2026-10-07T13:55:30+02:00;131d53e57a7b
2026-10-08;wwmeyzieu;ICONCH1;2026-10-08T01:00;7.1;14.6;189.0;17.6;0.3;100.0;78.0;100.0;100.0;100.0;45.787823;4.9783936;0.0;2026-10-07T13:15:00+02:00;2026-10-07T13:55:30+02:00;131d53e57a7b
2026-10-08;wwmeyzieu;ICONCH1;2026-10-08T02:00;7.2;12.1;199.0;17.4;0.0;100.0;72.0;100.0;100.0;100.0;45.787823;4.9783936;0.0;2026-10-07T13:15:00+02:00;2026-10-07T13:55:30+02:00;131d53e57a7b
2026-10-08;wwmeyzieu;ICONCH1;2026-10-08T03:00;7.3;11.3;214.0;17.4;0.1;97.0;64.0;90.0;8.0;97.0;45.787823;4.9783936;0.0;2026-10-07T13:15:00+02:00;2026-10-07T13:55:30+02:00;131d53e57a7b
2026-10-08;wwmeyzieu;ICONCH1;2026-10-08T04:00;7.2;11.7;207.0;17.2;0.4;100.0;73.0;100.0;100.0;100.0;45.787823;4.9783936;0.0;2026-10-07T13:15:00+02:00;2026-10-07T13:55:30+02:00;131d53e57a7b
2026-10-08;wwmeyzieu;ICONCH1;2026-10-08T05:00;6.4;11.3;215.0;17.0;1.5;100.0;86.0;100.0;100.0;100.0;45.787823;4.9783936;0.0;2026-10-07T13:15:00+02:00;2026-10-07T13:55:30+02:00;131d53e57a7b
2026-10-08;wwmeyzieu;ICONCH1;2026-10-08T06:00;11.2;17.7;280.0;16.6;2.9;100.0;97.0;100.0;100.0;100.0;45.787823;4.9783936;0.0;2026-10-07T13:15:00+02:00;2026-10-07T13:55:30+02:00;131d53e57a7b
2026-10-08;wwmeyzieu;ICONCH1;2026-10-08T07:00;8.0;17.5;284.0;15.8;2.0;100.0;72.0;100.0;100.0;100.0;45.787823;4.9783936;0.0;2026-10-07T13:15:00+02:00;2026-10-07T13:55:30+02:00;131d53e57a7b
2026-10-08;wwmeyzieu;ICONCH1;2026-10-08T08:00;10.0;15.6;288.0;15.1;2.0;100.0;68.0;100.0;100.0;100.0;45.787823;4.9783936;0.0;2026-10-07T13:15:00+02:00;2026-10-07T13:55:30+02:00;131d53e57a7b
2026-10-08;wwmeyzieu;ICONCH1;2026-10-08T09:00;11.0;17.7;306.0;14.8;1.3;100.0;87.0;100.0;100.0;100.0;45.787823;4.9783936;0.0;2026-10-07T13:15:00+02:00;2026-10-07T13:55:30+02:00;131d53e57a7b
2026-10-08;wwmeyzieu;ICONCH1;2026-10-08T10:00;13.5;21.4;307.0;14.5;0.4;100.0;100.0;100.0;100.0;100.0;45.787823;4.9783936;0.0;2026-10-07T13:15:00+02:00;2026-10-07T13:55:30+02:00;131d53e57a7b
2026-10-08;wwmeyzieu;ICONCH1;2026-10-08T11:00;13.1;21.8;310.0;14.2;0.3;100.0;100.0;100.0;100.0;100.0;45.787823;4.9783936;0.0;2026-10-07T13:15:00+02:00;2026-10-07T13:55:30+02:00;131d53e57a7b
2026-10-08;wwmeyzieu;ICONCH1;2026-10-08T12:00;15.1;23.9;315.0;13.8;0.0;100.0;100.0;100.0;46.0;100.0;45.787823;4.9783936;0.0;2026-10-07T13:15:00+02:00;2026-10-07T13:55:30+02:00;131d53e57a7b
2026-10-08;wwmeyzieu;ICONCH1;2026-10-08T13:00;12.6;24.1;316.0;13.4;0.1;100.0;100.0;100.0;0.0;100.0;45.787823;4.9783936;0.0;2026-10-07T13:15:00+02:00;2026-10-07T13:55:30+02:00;131d53e57a7b
2026-10-08;wwmeyzieu;ICONCH1;2026-10-08T14:00;12.8;23.3;317.0;12.9;0.4;100.0;100.0;100.0;0.0;100.0;45.787823;4.9783936;0.0;2026-10-07T13:15:00+02:00;2026-10-07T13:55:30+02:00;131d53e57a7b
2026-10-08;wwmeyzieu;ICONCH1;2026-10-08T15:00;11.7;20.4;321.0;12.8;0.6;100.0;91.0;100.0;0.0;100.0;45.787823;4.9783936;0.0;2026-10-07T13:15:00+02:00;2026-10-07T13:55:30+02:00;131d53e57a7b
2026-10-08;wwmeyzieu;ICONCH1;2026-10-08T16:00;9.7;19.0;326.0;13.0;1.1;100.0;92.0;100.0;0.0;100.0;45.787823;4.9783936;0.0;2026-10-07T13:15:00+02:00;2026-10-07T13:55:30+02:00;131d53e57a7b
2026-10-08;wwmeyzieu;ICONCH1;2026-10-08T17:00;9.3;16.9;337.0;13.5;0.6;100.0;85.0;100.0;0.0;100.0;45.787823;4.9783936;0.0;2026-10-07T13:15:00+02:00;2026-10-07T13:55:30+02:00;131d53e57a7b
2026-10-08;wwmeyzieu;ICONCH1;2026-10-08T18:00;8.7;14.6;344.0;14.2;0.0;97.0;56.0;94.0;0.0;97.0;45.787823;4.9783936;0.0;2026-10-07T13:15:00+02:00;2026-10-07T13:55:30+02:00;131d53e57a7b
2026-10-08;wwmeyzieu;ICONCH1;2026-10-08T19:00;11.1;19.2;336.0;14.2;0.0;78.0;0.0;78.0;0.0;78.0;45.787823;4.9783936;0.0;2026-10-07T13:15:00+02:00;2026-10-07T13:55:30+02:00;131d53e57a7b
2026-10-08;wwmeyzieu;ICONCH1;2026-10-08T20:00;8.5;17.1;330.0;13.2;0.0;66.0;20.0;58.0;0.0;66.0;45.787823;4.9783936;0.0;2026-10-07T13:15:00+02:00;2026-10-07T13:55:30+02:00;131d53e57a7b
